ISO-10303-21;
HEADER;
/* Generated by software containing ST-Developer
 * from STEP Tools, Inc. (www.steptools.com) 
 */
/* OPTION: using custom renumber hook */

FILE_DESCRIPTION(
/* description */ ('STEP AP242 Edition 2',
'CAx-IF Rec.Pracs.---Representation and Presentation of Product Manufa
cturing Information (PMI)---4.0---2014-10-13',
'CAx-IF Rec.Pracs.---3D Tessellated Geometry---0.4---2014-09-14','2;1',
'CAx-IF Rec.Pracs.---User Defined Attributes---1.5---2016-08-15'),
/* implementation_level */ '2;1');

FILE_NAME(
/* name */ 'Assembly 1 - Transmission Support Plate',
/* time_stamp */ '2026-06-22T01:32:13Z',
/* author */ (''),
/* organization */ (''),
/* preprocessor_version */ 'ST-DEVELOPER v20',
/* originating_system */ 'ONSHAPE BY PTC INC, 1.216',
/* authorisation */ '  ');

FILE_SCHEMA (('AP242_MANAGED_MODEL_BASED_3D_ENGINEERING_MIM_LF { 1 0 10303 442 3 1 4 }'));
ENDSEC;

DATA;
#10=SHAPE_REPRESENTATION_RELATIONSHIP('','',#2799,#11);
#11=ADVANCED_BREP_SHAPE_REPRESENTATION('',(#2797),#4756);
#12=CIRCLE('',#2813,0.0018);
#13=CIRCLE('',#2814,0.0018);
#14=CIRCLE('',#2815,0.0018);
#15=CIRCLE('',#2816,0.00215);
#16=CIRCLE('',#2817,0.00215);
#17=CIRCLE('',#2818,0.00215);
#18=CIRCLE('',#2819,0.005);
#19=CIRCLE('',#2820,0.02);
#20=CIRCLE('',#2821,0.005);
#21=CIRCLE('',#2822,0.0604969026157085);
#22=CIRCLE('',#2823,0.0125);
#23=CIRCLE('',#2824,0.0604969026157085);
#24=CIRCLE('',#2825,0.005);
#25=CIRCLE('',#2826,0.02);
#26=CIRCLE('',#2827,0.005);
#27=CIRCLE('',#2828,0.005);
#28=CIRCLE('',#2829,0.005);
#29=CIRCLE('',#2830,0.005);
#30=CIRCLE('',#2831,0.005);
#31=CIRCLE('',#2832,0.007);
#32=CIRCLE('',#2833,0.0015);
#33=CIRCLE('',#2834,0.0015);
#34=CIRCLE('',#2835,0.009999);
#35=CIRCLE('',#2836,0.0015);
#36=CIRCLE('',#2837,0.0015);
#37=CIRCLE('',#2838,0.0015);
#38=CIRCLE('',#2839,0.0015);
#39=CIRCLE('',#2840,0.009999);
#40=CIRCLE('',#2841,0.0015);
#41=CIRCLE('',#2842,0.0015);
#42=CIRCLE('',#2843,0.0015);
#43=CIRCLE('',#2844,0.0015);
#44=CIRCLE('',#2845,0.0015);
#45=CIRCLE('',#2846,0.0015);
#46=CIRCLE('',#2847,0.0015);
#47=CIRCLE('',#2848,0.0015);
#48=CIRCLE('',#2849,0.0015);
#49=CIRCLE('',#2850,0.0015);
#50=CIRCLE('',#2851,0.0015);
#51=CIRCLE('',#2852,0.0015);
#52=CIRCLE('',#2853,1.00000000000608E-6);
#53=CIRCLE('',#2854,0.0554979026157084);
#54=CIRCLE('',#2855,0.0015);
#55=CIRCLE('',#2856,0.0125);
#56=CIRCLE('',#2857,0.0015);
#57=CIRCLE('',#2858,0.0015);
#58=CIRCLE('',#2859,0.0015);
#59=CIRCLE('',#2860,0.0015);
#60=CIRCLE('',#2861,0.0015);
#61=CIRCLE('',#2862,0.0015);
#62=CIRCLE('',#2863,0.0015);
#63=CIRCLE('',#2864,0.009999);
#64=CIRCLE('',#2865,0.0015);
#65=CIRCLE('',#2866,0.0015);
#66=CIRCLE('',#2867,0.0015);
#67=CIRCLE('',#2868,0.0015);
#68=CIRCLE('',#2869,0.0015);
#69=CIRCLE('',#2870,0.0015);
#70=CIRCLE('',#2871,0.0015);
#71=CIRCLE('',#2872,0.0015);
#72=CIRCLE('',#2873,0.0015);
#73=CIRCLE('',#2874,0.0015);
#74=CIRCLE('',#2875,0.0125);
#75=CIRCLE('',#2876,0.0015);
#76=CIRCLE('',#2877,0.0554979026157084);
#77=CIRCLE('',#2878,1.00000000000608E-6);
#78=CIRCLE('',#2879,0.0015);
#79=CIRCLE('',#2880,0.0015);
#80=CIRCLE('',#2881,0.0015);
#81=CIRCLE('',#2882,0.0015);
#82=CIRCLE('',#2883,0.0015);
#83=CIRCLE('',#2884,0.0015);
#84=CIRCLE('',#2885,0.009999);
#85=CIRCLE('',#2886,0.0015);
#86=CIRCLE('',#2887,0.0015);
#87=CIRCLE('',#2889,0.0018);
#88=CIRCLE('',#2890,0.0018);
#89=CIRCLE('',#2891,0.0018);
#90=CIRCLE('',#2892,0.00215);
#91=CIRCLE('',#2893,0.00215);
#92=CIRCLE('',#2894,0.00215);
#93=CIRCLE('',#2895,0.005);
#94=CIRCLE('',#2896,0.005);
#95=CIRCLE('',#2897,0.02);
#96=CIRCLE('',#2898,0.005);
#97=CIRCLE('',#2899,0.0604969026157085);
#98=CIRCLE('',#2900,0.0125);
#99=CIRCLE('',#2901,0.0604969026157085);
#100=CIRCLE('',#2902,0.005);
#101=CIRCLE('',#2903,0.02);
#102=CIRCLE('',#2904,0.007);
#103=CIRCLE('',#2905,0.0015);
#104=CIRCLE('',#2906,0.0015);
#105=CIRCLE('',#2907,0.0015);
#106=CIRCLE('',#2908,0.0015);
#107=CIRCLE('',#2909,0.0015);
#108=CIRCLE('',#2910,0.0015);
#109=CIRCLE('',#2911,0.009999);
#110=CIRCLE('',#2912,0.0015);
#111=CIRCLE('',#2913,0.0015);
#112=CIRCLE('',#2914,0.0015);
#113=CIRCLE('',#2915,0.0015);
#114=CIRCLE('',#2916,0.009999);
#115=CIRCLE('',#2917,0.0015);
#116=CIRCLE('',#2918,0.0015);
#117=CIRCLE('',#2919,0.0015);
#118=CIRCLE('',#2920,0.0015);
#119=CIRCLE('',#2921,0.0015);
#120=CIRCLE('',#2922,0.0015);
#121=CIRCLE('',#2923,0.0015);
#122=CIRCLE('',#2924,1.00000000000608E-6);
#123=CIRCLE('',#2925,0.0015);
#124=CIRCLE('',#2926,0.0015);
#125=CIRCLE('',#2927,0.0015);
#126=CIRCLE('',#2928,0.0125);
#127=CIRCLE('',#2929,0.0015);
#128=CIRCLE('',#2930,0.0554979026157084);
#129=CIRCLE('',#2931,0.0015);
#130=CIRCLE('',#2932,0.0015);
#131=CIRCLE('',#2933,0.0015);
#132=CIRCLE('',#2934,0.009999);
#133=CIRCLE('',#2935,0.0015);
#134=CIRCLE('',#2936,0.0015);
#135=CIRCLE('',#2937,0.0015);
#136=CIRCLE('',#2938,0.0015);
#137=CIRCLE('',#2939,0.0015);
#138=CIRCLE('',#2940,0.0015);
#139=CIRCLE('',#2941,0.0015);
#140=CIRCLE('',#2942,0.0015);
#141=CIRCLE('',#2943,0.0015);
#142=CIRCLE('',#2944,0.0015);
#143=CIRCLE('',#2945,1.00000000000608E-6);
#144=CIRCLE('',#2946,0.0554979026157084);
#145=CIRCLE('',#2947,0.0015);
#146=CIRCLE('',#2948,0.0125);
#147=CIRCLE('',#2949,0.0015);
#148=CIRCLE('',#2950,0.0015);
#149=CIRCLE('',#2951,0.0015);
#150=CIRCLE('',#2952,0.0015);
#151=CIRCLE('',#2953,0.0015);
#152=CIRCLE('',#2954,0.0015);
#153=CIRCLE('',#2955,0.009999);
#154=CIRCLE('',#2956,0.0015);
#155=CIRCLE('',#2957,0.0015);
#156=CIRCLE('',#2958,0.0015);
#157=CIRCLE('',#2959,0.0015);
#158=CIRCLE('',#2970,0.002);
#159=CIRCLE('',#2971,0.002);
#160=CIRCLE('',#2977,0.005);
#161=CIRCLE('',#2978,0.005);
#162=CIRCLE('',#3039,0.005);
#163=CIRCLE('',#3040,0.005);
#164=CIRCLE('',#3087,0.002);
#165=CYLINDRICAL_SURFACE('',#2806,0.002);
#166=CYLINDRICAL_SURFACE('',#2960,0.0015);
#167=CYLINDRICAL_SURFACE('',#2961,0.02);
#168=CYLINDRICAL_SURFACE('',#2962,0.0125);
#169=CYLINDRICAL_SURFACE('',#2963,0.007);
#170=CYLINDRICAL_SURFACE('',#2964,0.005);
#171=CYLINDRICAL_SURFACE('',#2967,0.0604969026157085);
#172=CYLINDRICAL_SURFACE('',#2979,0.005);
#173=CYLINDRICAL_SURFACE('',#2980,0.005);
#174=CYLINDRICAL_SURFACE('',#2981,0.005);
#175=CYLINDRICAL_SURFACE('',#2982,0.002);
#176=CYLINDRICAL_SURFACE('',#2985,0.0125);
#177=CYLINDRICAL_SURFACE('',#2987,0.0554979026157084);
#178=CYLINDRICAL_SURFACE('',#2988,1.00000000000608E-6);
#179=CYLINDRICAL_SURFACE('',#2997,0.009999);
#180=CYLINDRICAL_SURFACE('',#3001,0.009999);
#181=CYLINDRICAL_SURFACE('',#3004,0.0015);
#182=CYLINDRICAL_SURFACE('',#3005,0.0015);
#183=CYLINDRICAL_SURFACE('',#3006,0.0015);
#184=CYLINDRICAL_SURFACE('',#3007,0.0015);
#185=CYLINDRICAL_SURFACE('',#3008,0.0015);
#186=CYLINDRICAL_SURFACE('',#3009,0.0015);
#187=CYLINDRICAL_SURFACE('',#3010,0.0015);
#188=CYLINDRICAL_SURFACE('',#3011,0.0015);
#189=CYLINDRICAL_SURFACE('',#3012,0.0015);
#190=CYLINDRICAL_SURFACE('',#3013,0.0015);
#191=CYLINDRICAL_SURFACE('',#3014,0.0015);
#192=CYLINDRICAL_SURFACE('',#3015,0.0015);
#193=CYLINDRICAL_SURFACE('',#3016,0.0015);
#194=CYLINDRICAL_SURFACE('',#3017,0.0015);
#195=CYLINDRICAL_SURFACE('',#3018,0.0015);
#196=CYLINDRICAL_SURFACE('',#3019,0.0015);
#197=CYLINDRICAL_SURFACE('',#3020,0.0015);
#198=CYLINDRICAL_SURFACE('',#3021,0.0015);
#199=CYLINDRICAL_SURFACE('',#3024,0.0015);
#200=CYLINDRICAL_SURFACE('',#3025,0.0015);
#201=CYLINDRICAL_SURFACE('',#3026,0.0015);
#202=CYLINDRICAL_SURFACE('',#3027,0.0015);
#203=CYLINDRICAL_SURFACE('',#3028,0.0015);
#204=CYLINDRICAL_SURFACE('',#3031,0.0015);
#205=CYLINDRICAL_SURFACE('',#3032,0.02);
#206=CYLINDRICAL_SURFACE('',#3033,0.005);
#207=CYLINDRICAL_SURFACE('',#3036,0.0604969026157085);
#208=CYLINDRICAL_SURFACE('',#3041,0.005);
#209=CYLINDRICAL_SURFACE('',#3042,0.005);
#210=CYLINDRICAL_SURFACE('',#3045,0.0125);
#211=CYLINDRICAL_SURFACE('',#3047,0.0554979026157084);
#212=CYLINDRICAL_SURFACE('',#3048,1.00000000000608E-6);
#213=CYLINDRICAL_SURFACE('',#3057,0.009999);
#214=CYLINDRICAL_SURFACE('',#3061,0.009999);
#215=CYLINDRICAL_SURFACE('',#3064,0.0015);
#216=CYLINDRICAL_SURFACE('',#3065,0.0015);
#217=CYLINDRICAL_SURFACE('',#3066,0.0015);
#218=CYLINDRICAL_SURFACE('',#3067,0.0015);
#219=CYLINDRICAL_SURFACE('',#3068,0.0015);
#220=CYLINDRICAL_SURFACE('',#3069,0.0015);
#221=CYLINDRICAL_SURFACE('',#3070,0.0015);
#222=CYLINDRICAL_SURFACE('',#3071,0.0015);
#223=CYLINDRICAL_SURFACE('',#3072,0.0015);
#224=CYLINDRICAL_SURFACE('',#3073,0.0015);
#225=CYLINDRICAL_SURFACE('',#3074,0.0015);
#226=CYLINDRICAL_SURFACE('',#3075,0.0015);
#227=CYLINDRICAL_SURFACE('',#3076,0.0015);
#228=CYLINDRICAL_SURFACE('',#3077,0.0015);
#229=CYLINDRICAL_SURFACE('',#3078,0.0015);
#230=CYLINDRICAL_SURFACE('',#3079,0.0015);
#231=CYLINDRICAL_SURFACE('',#3080,0.0015);
#232=CYLINDRICAL_SURFACE('',#3081,0.0015);
#233=CYLINDRICAL_SURFACE('',#3084,0.0015);
#234=CYLINDRICAL_SURFACE('',#3085,0.0015);
#235=CYLINDRICAL_SURFACE('',#3086,0.002);
#236=CYLINDRICAL_SURFACE('',#3092,0.005);
#237=CYLINDRICAL_SURFACE('',#3093,0.00199998989838902);
#238=CYLINDRICAL_SURFACE('',#3094,0.00215);
#239=CYLINDRICAL_SURFACE('',#3095,0.00215);
#240=CYLINDRICAL_SURFACE('',#3096,0.00215);
#241=CYLINDRICAL_SURFACE('',#3097,0.0018);
#242=CYLINDRICAL_SURFACE('',#3098,0.0018);
#243=CYLINDRICAL_SURFACE('',#3099,0.0018);
#244=ELLIPSE('',#2802,0.00200001743446717,0.002);
#245=ELLIPSE('',#2803,0.00200000733276813,0.00199998989838902);
#246=ELLIPSE('',#2807,0.478992259791603,0.002);
#247=ELLIPSE('',#2808,0.0020000697393885,0.002);
#248=ELLIPSE('',#2809,0.478992259791603,0.002);
#249=ELLIPSE('',#2973,0.00200001743446717,0.002);
#250=ELLIPSE('',#3088,0.0020000697393885,0.002);
#251=ORIENTED_EDGE('',*,*,#1053,.T.);
#252=ORIENTED_EDGE('',*,*,#1054,.T.);
#253=ORIENTED_EDGE('',*,*,#1055,.F.);
#254=ORIENTED_EDGE('',*,*,#1056,.T.);
#255=ORIENTED_EDGE('',*,*,#1057,.F.);
#256=ORIENTED_EDGE('',*,*,#1058,.T.);
#257=ORIENTED_EDGE('',*,*,#1059,.T.);
#258=ORIENTED_EDGE('',*,*,#1060,.T.);
#259=ORIENTED_EDGE('',*,*,#1061,.F.);
#260=ORIENTED_EDGE('',*,*,#1062,.T.);
#261=ORIENTED_EDGE('',*,*,#1063,.F.);
#262=ORIENTED_EDGE('',*,*,#1064,.F.);
#263=ORIENTED_EDGE('',*,*,#1065,.T.);
#264=ORIENTED_EDGE('',*,*,#1066,.T.);
#265=ORIENTED_EDGE('',*,*,#1057,.T.);
#266=ORIENTED_EDGE('',*,*,#1067,.T.);
#267=ORIENTED_EDGE('',*,*,#1068,.F.);
#268=ORIENTED_EDGE('',*,*,#1069,.F.);
#269=ORIENTED_EDGE('',*,*,#1070,.F.);
#270=ORIENTED_EDGE('',*,*,#1071,.F.);
#271=ORIENTED_EDGE('',*,*,#1072,.T.);
#272=ORIENTED_EDGE('',*,*,#1073,.T.);
#273=ORIENTED_EDGE('',*,*,#1074,.F.);
#274=ORIENTED_EDGE('',*,*,#1075,.T.);
#275=ORIENTED_EDGE('',*,*,#1076,.T.);
#276=ORIENTED_EDGE('',*,*,#1077,.T.);
#277=ORIENTED_EDGE('',*,*,#1078,.F.);
#278=ORIENTED_EDGE('',*,*,#1079,.T.);
#279=ORIENTED_EDGE('',*,*,#1080,.F.);
#280=ORIENTED_EDGE('',*,*,#1081,.F.);
#281=ORIENTED_EDGE('',*,*,#1082,.F.);
#282=ORIENTED_EDGE('',*,*,#1083,.F.);
#283=ORIENTED_EDGE('',*,*,#1084,.F.);
#284=ORIENTED_EDGE('',*,*,#1085,.F.);
#285=ORIENTED_EDGE('',*,*,#1086,.F.);
#286=ORIENTED_EDGE('',*,*,#1087,.T.);
#287=ORIENTED_EDGE('',*,*,#1088,.F.);
#288=ORIENTED_EDGE('',*,*,#1089,.T.);
#289=ORIENTED_EDGE('',*,*,#1090,.F.);
#290=ORIENTED_EDGE('',*,*,#1091,.T.);
#291=ORIENTED_EDGE('',*,*,#1092,.F.);
#292=ORIENTED_EDGE('',*,*,#1093,.T.);
#293=ORIENTED_EDGE('',*,*,#1094,.T.);
#294=ORIENTED_EDGE('',*,*,#1095,.F.);
#295=ORIENTED_EDGE('',*,*,#1096,.T.);
#296=ORIENTED_EDGE('',*,*,#1097,.F.);
#297=ORIENTED_EDGE('',*,*,#1098,.T.);
#298=ORIENTED_EDGE('',*,*,#1099,.F.);
#299=ORIENTED_EDGE('',*,*,#1100,.T.);
#300=ORIENTED_EDGE('',*,*,#1101,.F.);
#301=ORIENTED_EDGE('',*,*,#1102,.F.);
#302=ORIENTED_EDGE('',*,*,#1103,.F.);
#303=ORIENTED_EDGE('',*,*,#1104,.F.);
#304=ORIENTED_EDGE('',*,*,#1105,.F.);
#305=ORIENTED_EDGE('',*,*,#1106,.F.);
#306=ORIENTED_EDGE('',*,*,#1107,.T.);
#307=ORIENTED_EDGE('',*,*,#1108,.F.);
#308=ORIENTED_EDGE('',*,*,#1109,.F.);
#309=ORIENTED_EDGE('',*,*,#1110,.T.);
#310=ORIENTED_EDGE('',*,*,#1066,.F.);
#311=ORIENTED_EDGE('',*,*,#1111,.T.);
#312=ORIENTED_EDGE('',*,*,#1055,.T.);
#313=ORIENTED_EDGE('',*,*,#1112,.T.);
#314=ORIENTED_EDGE('',*,*,#1061,.T.);
#315=ORIENTED_EDGE('',*,*,#1113,.F.);
#316=ORIENTED_EDGE('',*,*,#1114,.T.);
#317=ORIENTED_EDGE('',*,*,#1115,.T.);
#318=ORIENTED_EDGE('',*,*,#1116,.F.);
#319=ORIENTED_EDGE('',*,*,#1117,.F.);
#320=ORIENTED_EDGE('',*,*,#1118,.F.);
#321=ORIENTED_EDGE('',*,*,#1119,.F.);
#322=ORIENTED_EDGE('',*,*,#1120,.F.);
#323=ORIENTED_EDGE('',*,*,#1121,.T.);
#324=ORIENTED_EDGE('',*,*,#1122,.F.);
#325=ORIENTED_EDGE('',*,*,#1123,.T.);
#326=ORIENTED_EDGE('',*,*,#1124,.T.);
#327=ORIENTED_EDGE('',*,*,#1125,.T.);
#328=ORIENTED_EDGE('',*,*,#1126,.T.);
#329=ORIENTED_EDGE('',*,*,#1127,.T.);
#330=ORIENTED_EDGE('',*,*,#1128,.F.);
#331=ORIENTED_EDGE('',*,*,#1129,.T.);
#332=ORIENTED_EDGE('',*,*,#1130,.T.);
#333=ORIENTED_EDGE('',*,*,#1131,.F.);
#334=ORIENTED_EDGE('',*,*,#1132,.T.);
#335=ORIENTED_EDGE('',*,*,#1133,.T.);
#336=ORIENTED_EDGE('',*,*,#1134,.T.);
#337=ORIENTED_EDGE('',*,*,#1135,.F.);
#338=ORIENTED_EDGE('',*,*,#1136,.F.);
#339=ORIENTED_EDGE('',*,*,#1137,.F.);
#340=ORIENTED_EDGE('',*,*,#1138,.T.);
#341=ORIENTED_EDGE('',*,*,#1076,.F.);
#342=ORIENTED_EDGE('',*,*,#1139,.T.);
#343=ORIENTED_EDGE('',*,*,#1074,.T.);
#344=ORIENTED_EDGE('',*,*,#1140,.T.);
#345=ORIENTED_EDGE('',*,*,#1141,.F.);
#346=ORIENTED_EDGE('',*,*,#1142,.T.);
#347=ORIENTED_EDGE('',*,*,#1143,.F.);
#348=ORIENTED_EDGE('',*,*,#1144,.T.);
#349=ORIENTED_EDGE('',*,*,#1145,.F.);
#350=ORIENTED_EDGE('',*,*,#1146,.T.);
#351=ORIENTED_EDGE('',*,*,#1147,.F.);
#352=ORIENTED_EDGE('',*,*,#1148,.T.);
#353=ORIENTED_EDGE('',*,*,#1149,.F.);
#354=ORIENTED_EDGE('',*,*,#1150,.F.);
#355=ORIENTED_EDGE('',*,*,#1151,.F.);
#356=ORIENTED_EDGE('',*,*,#1152,.T.);
#357=ORIENTED_EDGE('',*,*,#1153,.T.);
#358=ORIENTED_EDGE('',*,*,#1154,.T.);
#359=ORIENTED_EDGE('',*,*,#1155,.F.);
#360=ORIENTED_EDGE('',*,*,#1156,.T.);
#361=ORIENTED_EDGE('',*,*,#1157,.F.);
#362=ORIENTED_EDGE('',*,*,#1158,.T.);
#363=ORIENTED_EDGE('',*,*,#1159,.T.);
#364=ORIENTED_EDGE('',*,*,#1160,.T.);
#365=ORIENTED_EDGE('',*,*,#1161,.T.);
#366=ORIENTED_EDGE('',*,*,#1162,.T.);
#367=ORIENTED_EDGE('',*,*,#1163,.F.);
#368=ORIENTED_EDGE('',*,*,#1164,.T.);
#369=ORIENTED_EDGE('',*,*,#1165,.T.);
#370=ORIENTED_EDGE('',*,*,#1166,.T.);
#371=ORIENTED_EDGE('',*,*,#1167,.T.);
#372=ORIENTED_EDGE('',*,*,#1168,.T.);
#373=ORIENTED_EDGE('',*,*,#1169,.T.);
#374=ORIENTED_EDGE('',*,*,#1170,.T.);
#375=ORIENTED_EDGE('',*,*,#1171,.T.);
#376=ORIENTED_EDGE('',*,*,#1172,.F.);
#377=ORIENTED_EDGE('',*,*,#1173,.F.);
#378=ORIENTED_EDGE('',*,*,#1174,.F.);
#379=ORIENTED_EDGE('',*,*,#1175,.T.);
#380=ORIENTED_EDGE('',*,*,#1176,.F.);
#381=ORIENTED_EDGE('',*,*,#1177,.T.);
#382=ORIENTED_EDGE('',*,*,#1178,.F.);
#383=ORIENTED_EDGE('',*,*,#1179,.T.);
#384=ORIENTED_EDGE('',*,*,#1180,.F.);
#385=ORIENTED_EDGE('',*,*,#1181,.T.);
#386=ORIENTED_EDGE('',*,*,#1182,.F.);
#387=ORIENTED_EDGE('',*,*,#1183,.T.);
#388=ORIENTED_EDGE('',*,*,#1184,.F.);
#389=ORIENTED_EDGE('',*,*,#1185,.T.);
#390=ORIENTED_EDGE('',*,*,#1186,.F.);
#391=ORIENTED_EDGE('',*,*,#1187,.F.);
#392=ORIENTED_EDGE('',*,*,#1188,.F.);
#393=ORIENTED_EDGE('',*,*,#1189,.T.);
#394=ORIENTED_EDGE('',*,*,#1190,.T.);
#395=ORIENTED_EDGE('',*,*,#1191,.T.);
#396=ORIENTED_EDGE('',*,*,#1192,.F.);
#397=ORIENTED_EDGE('',*,*,#1193,.T.);
#398=ORIENTED_EDGE('',*,*,#1194,.F.);
#399=ORIENTED_EDGE('',*,*,#1195,.F.);
#400=ORIENTED_EDGE('',*,*,#1196,.F.);
#401=ORIENTED_EDGE('',*,*,#1197,.F.);
#402=ORIENTED_EDGE('',*,*,#1198,.F.);
#403=ORIENTED_EDGE('',*,*,#1199,.T.);
#404=ORIENTED_EDGE('',*,*,#1200,.F.);
#405=ORIENTED_EDGE('',*,*,#1201,.F.);
#406=ORIENTED_EDGE('',*,*,#1202,.F.);
#407=ORIENTED_EDGE('',*,*,#1203,.F.);
#408=ORIENTED_EDGE('',*,*,#1204,.F.);
#409=ORIENTED_EDGE('',*,*,#1205,.F.);
#410=ORIENTED_EDGE('',*,*,#1206,.F.);
#411=ORIENTED_EDGE('',*,*,#1207,.T.);
#412=ORIENTED_EDGE('',*,*,#1208,.T.);
#413=ORIENTED_EDGE('',*,*,#1209,.T.);
#414=ORIENTED_EDGE('',*,*,#1210,.F.);
#415=ORIENTED_EDGE('',*,*,#1211,.F.);
#416=ORIENTED_EDGE('',*,*,#1212,.F.);
#417=ORIENTED_EDGE('',*,*,#1213,.T.);
#418=ORIENTED_EDGE('',*,*,#1214,.T.);
#419=ORIENTED_EDGE('',*,*,#1215,.T.);
#420=ORIENTED_EDGE('',*,*,#1216,.F.);
#421=ORIENTED_EDGE('',*,*,#1217,.F.);
#422=ORIENTED_EDGE('',*,*,#1218,.T.);
#423=ORIENTED_EDGE('',*,*,#1219,.F.);
#424=ORIENTED_EDGE('',*,*,#1220,.T.);
#425=ORIENTED_EDGE('',*,*,#1221,.F.);
#426=ORIENTED_EDGE('',*,*,#1222,.T.);
#427=ORIENTED_EDGE('',*,*,#1223,.F.);
#428=ORIENTED_EDGE('',*,*,#1224,.F.);
#429=ORIENTED_EDGE('',*,*,#1225,.T.);
#430=ORIENTED_EDGE('',*,*,#1226,.F.);
#431=ORIENTED_EDGE('',*,*,#1227,.T.);
#432=ORIENTED_EDGE('',*,*,#1228,.F.);
#433=ORIENTED_EDGE('',*,*,#1229,.T.);
#434=ORIENTED_EDGE('',*,*,#1230,.T.);
#435=ORIENTED_EDGE('',*,*,#1231,.T.);
#436=ORIENTED_EDGE('',*,*,#1232,.F.);
#437=ORIENTED_EDGE('',*,*,#1233,.T.);
#438=ORIENTED_EDGE('',*,*,#1234,.T.);
#439=ORIENTED_EDGE('',*,*,#1235,.T.);
#440=ORIENTED_EDGE('',*,*,#1236,.F.);
#441=ORIENTED_EDGE('',*,*,#1237,.F.);
#442=ORIENTED_EDGE('',*,*,#1238,.F.);
#443=ORIENTED_EDGE('',*,*,#1239,.T.);
#444=ORIENTED_EDGE('',*,*,#1240,.T.);
#445=ORIENTED_EDGE('',*,*,#1241,.T.);
#446=ORIENTED_EDGE('',*,*,#1242,.F.);
#447=ORIENTED_EDGE('',*,*,#1243,.T.);
#448=ORIENTED_EDGE('',*,*,#1244,.F.);
#449=ORIENTED_EDGE('',*,*,#1245,.T.);
#450=ORIENTED_EDGE('',*,*,#1246,.T.);
#451=ORIENTED_EDGE('',*,*,#1247,.F.);
#452=ORIENTED_EDGE('',*,*,#1248,.F.);
#453=ORIENTED_EDGE('',*,*,#1249,.T.);
#454=ORIENTED_EDGE('',*,*,#1250,.F.);
#455=ORIENTED_EDGE('',*,*,#1251,.T.);
#456=ORIENTED_EDGE('',*,*,#1252,.F.);
#457=ORIENTED_EDGE('',*,*,#1078,.T.);
#458=ORIENTED_EDGE('',*,*,#1253,.T.);
#459=ORIENTED_EDGE('',*,*,#1254,.T.);
#460=ORIENTED_EDGE('',*,*,#1255,.T.);
#461=ORIENTED_EDGE('',*,*,#1072,.F.);
#462=ORIENTED_EDGE('',*,*,#1256,.T.);
#463=ORIENTED_EDGE('',*,*,#1257,.F.);
#464=ORIENTED_EDGE('',*,*,#1258,.T.);
#465=ORIENTED_EDGE('',*,*,#1259,.T.);
#466=ORIENTED_EDGE('',*,*,#1260,.T.);
#467=ORIENTED_EDGE('',*,*,#1261,.F.);
#468=ORIENTED_EDGE('',*,*,#1262,.T.);
#469=ORIENTED_EDGE('',*,*,#1263,.T.);
#470=ORIENTED_EDGE('',*,*,#1264,.T.);
#471=ORIENTED_EDGE('',*,*,#1265,.T.);
#472=ORIENTED_EDGE('',*,*,#1266,.T.);
#473=ORIENTED_EDGE('',*,*,#1267,.T.);
#474=ORIENTED_EDGE('',*,*,#1268,.T.);
#475=ORIENTED_EDGE('',*,*,#1269,.F.);
#476=ORIENTED_EDGE('',*,*,#1270,.T.);
#477=ORIENTED_EDGE('',*,*,#1271,.T.);
#478=ORIENTED_EDGE('',*,*,#1272,.T.);
#479=ORIENTED_EDGE('',*,*,#1273,.T.);
#480=ORIENTED_EDGE('',*,*,#1274,.T.);
#481=ORIENTED_EDGE('',*,*,#1275,.T.);
#482=ORIENTED_EDGE('',*,*,#1276,.T.);
#483=ORIENTED_EDGE('',*,*,#1277,.T.);
#484=ORIENTED_EDGE('',*,*,#1278,.T.);
#485=ORIENTED_EDGE('',*,*,#1279,.F.);
#486=ORIENTED_EDGE('',*,*,#1280,.T.);
#487=ORIENTED_EDGE('',*,*,#1281,.F.);
#488=ORIENTED_EDGE('',*,*,#1282,.T.);
#489=ORIENTED_EDGE('',*,*,#1283,.T.);
#490=ORIENTED_EDGE('',*,*,#1284,.T.);
#491=ORIENTED_EDGE('',*,*,#1285,.F.);
#492=ORIENTED_EDGE('',*,*,#1286,.T.);
#493=ORIENTED_EDGE('',*,*,#1287,.F.);
#494=ORIENTED_EDGE('',*,*,#1288,.F.);
#495=ORIENTED_EDGE('',*,*,#1289,.T.);
#496=ORIENTED_EDGE('',*,*,#1290,.F.);
#497=ORIENTED_EDGE('',*,*,#1291,.F.);
#498=ORIENTED_EDGE('',*,*,#1292,.F.);
#499=ORIENTED_EDGE('',*,*,#1293,.T.);
#500=ORIENTED_EDGE('',*,*,#1294,.F.);
#501=ORIENTED_EDGE('',*,*,#1295,.T.);
#502=ORIENTED_EDGE('',*,*,#1296,.F.);
#503=ORIENTED_EDGE('',*,*,#1297,.F.);
#504=ORIENTED_EDGE('',*,*,#1298,.F.);
#505=ORIENTED_EDGE('',*,*,#1299,.F.);
#506=ORIENTED_EDGE('',*,*,#1300,.F.);
#507=ORIENTED_EDGE('',*,*,#1301,.F.);
#508=ORIENTED_EDGE('',*,*,#1302,.F.);
#509=ORIENTED_EDGE('',*,*,#1303,.T.);
#510=ORIENTED_EDGE('',*,*,#1304,.F.);
#511=ORIENTED_EDGE('',*,*,#1305,.F.);
#512=ORIENTED_EDGE('',*,*,#1306,.F.);
#513=ORIENTED_EDGE('',*,*,#1307,.F.);
#514=ORIENTED_EDGE('',*,*,#1308,.F.);
#515=ORIENTED_EDGE('',*,*,#1309,.F.);
#516=ORIENTED_EDGE('',*,*,#1310,.F.);
#517=ORIENTED_EDGE('',*,*,#1311,.F.);
#518=ORIENTED_EDGE('',*,*,#1312,.F.);
#519=ORIENTED_EDGE('',*,*,#1313,.F.);
#520=ORIENTED_EDGE('',*,*,#1314,.F.);
#521=ORIENTED_EDGE('',*,*,#1315,.T.);
#522=ORIENTED_EDGE('',*,*,#1316,.F.);
#523=ORIENTED_EDGE('',*,*,#1317,.T.);
#524=ORIENTED_EDGE('',*,*,#1318,.F.);
#525=ORIENTED_EDGE('',*,*,#1319,.F.);
#526=ORIENTED_EDGE('',*,*,#1320,.F.);
#527=ORIENTED_EDGE('',*,*,#1321,.T.);
#528=ORIENTED_EDGE('',*,*,#1322,.F.);
#529=ORIENTED_EDGE('',*,*,#1323,.F.);
#530=ORIENTED_EDGE('',*,*,#1245,.F.);
#531=ORIENTED_EDGE('',*,*,#1324,.F.);
#532=ORIENTED_EDGE('',*,*,#1123,.F.);
#533=ORIENTED_EDGE('',*,*,#1099,.T.);
#534=ORIENTED_EDGE('',*,*,#1325,.F.);
#535=ORIENTED_EDGE('',*,*,#1218,.F.);
#536=ORIENTED_EDGE('',*,*,#1326,.F.);
#537=ORIENTED_EDGE('',*,*,#1094,.F.);
#538=ORIENTED_EDGE('',*,*,#1327,.F.);
#539=ORIENTED_EDGE('',*,*,#1223,.T.);
#540=ORIENTED_EDGE('',*,*,#1328,.T.);
#541=ORIENTED_EDGE('',*,*,#1229,.F.);
#542=ORIENTED_EDGE('',*,*,#1113,.T.);
#543=ORIENTED_EDGE('',*,*,#1329,.T.);
#544=ORIENTED_EDGE('',*,*,#1097,.T.);
#545=ORIENTED_EDGE('',*,*,#1330,.F.);
#546=ORIENTED_EDGE('',*,*,#1220,.F.);
#547=ORIENTED_EDGE('',*,*,#1098,.F.);
#548=ORIENTED_EDGE('',*,*,#1329,.F.);
#549=ORIENTED_EDGE('',*,*,#1219,.T.);
#550=ORIENTED_EDGE('',*,*,#1325,.T.);
#551=ORIENTED_EDGE('',*,*,#1095,.T.);
#552=ORIENTED_EDGE('',*,*,#1328,.F.);
#553=ORIENTED_EDGE('',*,*,#1222,.F.);
#554=ORIENTED_EDGE('',*,*,#1331,.T.);
#555=ORIENTED_EDGE('',*,*,#1096,.F.);
#556=ORIENTED_EDGE('',*,*,#1331,.F.);
#557=ORIENTED_EDGE('',*,*,#1221,.T.);
#558=ORIENTED_EDGE('',*,*,#1330,.T.);
#559=ORIENTED_EDGE('',*,*,#1100,.F.);
#560=ORIENTED_EDGE('',*,*,#1326,.T.);
#561=ORIENTED_EDGE('',*,*,#1217,.T.);
#562=ORIENTED_EDGE('',*,*,#1332,.F.);
#563=ORIENTED_EDGE('',*,*,#1215,.F.);
#564=ORIENTED_EDGE('',*,*,#1333,.T.);
#565=ORIENTED_EDGE('',*,*,#1086,.T.);
#566=ORIENTED_EDGE('',*,*,#1060,.F.);
#567=ORIENTED_EDGE('',*,*,#1334,.T.);
#568=ORIENTED_EDGE('',*,*,#1335,.T.);
#569=ORIENTED_EDGE('',*,*,#1108,.T.);
#570=ORIENTED_EDGE('',*,*,#1336,.F.);
#571=ORIENTED_EDGE('',*,*,#1337,.T.);
#572=ORIENTED_EDGE('',*,*,#1338,.T.);
#573=ORIENTED_EDGE('',*,*,#1102,.T.);
#574=ORIENTED_EDGE('',*,*,#1339,.F.);
#575=ORIENTED_EDGE('',*,*,#1340,.T.);
#576=ORIENTED_EDGE('',*,*,#1341,.T.);
#577=ORIENTED_EDGE('',*,*,#1342,.T.);
#578=ORIENTED_EDGE('',*,*,#1343,.F.);
#579=ORIENTED_EDGE('',*,*,#1344,.F.);
#580=ORIENTED_EDGE('',*,*,#1105,.T.);
#581=ORIENTED_EDGE('',*,*,#1345,.F.);
#582=ORIENTED_EDGE('',*,*,#1336,.T.);
#583=ORIENTED_EDGE('',*,*,#1107,.F.);
#584=ORIENTED_EDGE('',*,*,#1346,.F.);
#585=ORIENTED_EDGE('',*,*,#1347,.T.);
#586=ORIENTED_EDGE('',*,*,#1338,.F.);
#587=ORIENTED_EDGE('',*,*,#1348,.F.);
#588=ORIENTED_EDGE('',*,*,#1349,.F.);
#589=ORIENTED_EDGE('',*,*,#1103,.T.);
#590=ORIENTED_EDGE('',*,*,#1348,.T.);
#591=ORIENTED_EDGE('',*,*,#1337,.F.);
#592=ORIENTED_EDGE('',*,*,#1347,.F.);
#593=ORIENTED_EDGE('',*,*,#1350,.F.);
#594=ORIENTED_EDGE('',*,*,#1343,.T.);
#595=ORIENTED_EDGE('',*,*,#1351,.F.);
#596=ORIENTED_EDGE('',*,*,#1216,.T.);
#597=ORIENTED_EDGE('',*,*,#1339,.T.);
#598=ORIENTED_EDGE('',*,*,#1101,.T.);
#599=ORIENTED_EDGE('',*,*,#1332,.T.);
#600=ORIENTED_EDGE('',*,*,#1351,.T.);
#601=ORIENTED_EDGE('',*,*,#1345,.T.);
#602=ORIENTED_EDGE('',*,*,#1104,.T.);
#603=ORIENTED_EDGE('',*,*,#1349,.T.);
#604=ORIENTED_EDGE('',*,*,#1350,.T.);
#605=ORIENTED_EDGE('',*,*,#1346,.T.);
#606=ORIENTED_EDGE('',*,*,#1106,.T.);
#607=ORIENTED_EDGE('',*,*,#1344,.T.);
#608=ORIENTED_EDGE('',*,*,#1340,.F.);
#609=ORIENTED_EDGE('',*,*,#1342,.F.);
#610=ORIENTED_EDGE('',*,*,#1147,.T.);
#611=ORIENTED_EDGE('',*,*,#1352,.T.);
#612=ORIENTED_EDGE('',*,*,#1265,.F.);
#613=ORIENTED_EDGE('',*,*,#1353,.T.);
#614=ORIENTED_EDGE('',*,*,#1155,.T.);
#615=ORIENTED_EDGE('',*,*,#1354,.T.);
#616=ORIENTED_EDGE('',*,*,#1267,.F.);
#617=ORIENTED_EDGE('',*,*,#1355,.T.);
#618=ORIENTED_EDGE('',*,*,#1153,.F.);
#619=ORIENTED_EDGE('',*,*,#1356,.T.);
#620=ORIENTED_EDGE('',*,*,#1269,.T.);
#621=ORIENTED_EDGE('',*,*,#1357,.T.);
#622=ORIENTED_EDGE('',*,*,#1271,.F.);
#623=ORIENTED_EDGE('',*,*,#1358,.T.);
#624=ORIENTED_EDGE('',*,*,#1151,.T.);
#625=ORIENTED_EDGE('',*,*,#1359,.F.);
#626=ORIENTED_EDGE('',*,*,#1359,.T.);
#627=ORIENTED_EDGE('',*,*,#1150,.T.);
#628=ORIENTED_EDGE('',*,*,#1360,.F.);
#629=ORIENTED_EDGE('',*,*,#1272,.F.);
#630=ORIENTED_EDGE('',*,*,#1149,.T.);
#631=ORIENTED_EDGE('',*,*,#1361,.T.);
#632=ORIENTED_EDGE('',*,*,#1263,.F.);
#633=ORIENTED_EDGE('',*,*,#1360,.T.);
#634=ORIENTED_EDGE('',*,*,#1277,.F.);
#635=ORIENTED_EDGE('',*,*,#1362,.T.);
#636=ORIENTED_EDGE('',*,*,#1141,.T.);
#637=ORIENTED_EDGE('',*,*,#1363,.T.);
#638=ORIENTED_EDGE('',*,*,#1145,.T.);
#639=ORIENTED_EDGE('',*,*,#1364,.T.);
#640=ORIENTED_EDGE('',*,*,#1273,.F.);
#641=ORIENTED_EDGE('',*,*,#1365,.T.);
#642=ORIENTED_EDGE('',*,*,#1143,.T.);
#643=ORIENTED_EDGE('',*,*,#1366,.T.);
#644=ORIENTED_EDGE('',*,*,#1275,.F.);
#645=ORIENTED_EDGE('',*,*,#1367,.T.);
#646=ORIENTED_EDGE('',*,*,#1257,.T.);
#647=ORIENTED_EDGE('',*,*,#1368,.T.);
#648=ORIENTED_EDGE('',*,*,#1159,.F.);
#649=ORIENTED_EDGE('',*,*,#1369,.T.);
#650=ORIENTED_EDGE('',*,*,#1157,.T.);
#651=ORIENTED_EDGE('',*,*,#1370,.T.);
#652=ORIENTED_EDGE('',*,*,#1259,.F.);
#653=ORIENTED_EDGE('',*,*,#1371,.T.);
#654=ORIENTED_EDGE('',*,*,#1161,.F.);
#655=ORIENTED_EDGE('',*,*,#1372,.T.);
#656=ORIENTED_EDGE('',*,*,#1261,.T.);
#657=ORIENTED_EDGE('',*,*,#1373,.T.);
#658=ORIENTED_EDGE('',*,*,#1232,.T.);
#659=ORIENTED_EDGE('',*,*,#1374,.T.);
#660=ORIENTED_EDGE('',*,*,#1133,.F.);
#661=ORIENTED_EDGE('',*,*,#1375,.T.);
#662=ORIENTED_EDGE('',*,*,#1131,.T.);
#663=ORIENTED_EDGE('',*,*,#1376,.T.);
#664=ORIENTED_EDGE('',*,*,#1234,.F.);
#665=ORIENTED_EDGE('',*,*,#1377,.T.);
#666=ORIENTED_EDGE('',*,*,#1279,.T.);
#667=ORIENTED_EDGE('',*,*,#1378,.T.);
#668=ORIENTED_EDGE('',*,*,#1167,.F.);
#669=ORIENTED_EDGE('',*,*,#1379,.T.);
#670=ORIENTED_EDGE('',*,*,#1281,.T.);
#671=ORIENTED_EDGE('',*,*,#1380,.T.);
#672=ORIENTED_EDGE('',*,*,#1165,.F.);
#673=ORIENTED_EDGE('',*,*,#1381,.T.);
#674=ORIENTED_EDGE('',*,*,#1163,.T.);
#675=ORIENTED_EDGE('',*,*,#1382,.T.);
#676=ORIENTED_EDGE('',*,*,#1283,.F.);
#677=ORIENTED_EDGE('',*,*,#1383,.T.);
#678=ORIENTED_EDGE('',*,*,#1169,.F.);
#679=ORIENTED_EDGE('',*,*,#1384,.T.);
#680=ORIENTED_EDGE('',*,*,#1285,.T.);
#681=ORIENTED_EDGE('',*,*,#1385,.T.);
#682=ORIENTED_EDGE('',*,*,#1126,.F.);
#683=ORIENTED_EDGE('',*,*,#1386,.T.);
#684=ORIENTED_EDGE('',*,*,#1242,.T.);
#685=ORIENTED_EDGE('',*,*,#1387,.T.);
#686=ORIENTED_EDGE('',*,*,#1244,.T.);
#687=ORIENTED_EDGE('',*,*,#1388,.T.);
#688=ORIENTED_EDGE('',*,*,#1124,.F.);
#689=ORIENTED_EDGE('',*,*,#1324,.T.);
#690=ORIENTED_EDGE('',*,*,#1240,.F.);
#691=ORIENTED_EDGE('',*,*,#1389,.T.);
#692=ORIENTED_EDGE('',*,*,#1128,.T.);
#693=ORIENTED_EDGE('',*,*,#1390,.T.);
#694=ORIENTED_EDGE('',*,*,#1284,.F.);
#695=ORIENTED_EDGE('',*,*,#1382,.F.);
#696=ORIENTED_EDGE('',*,*,#1170,.F.);
#697=ORIENTED_EDGE('',*,*,#1385,.F.);
#698=ORIENTED_EDGE('',*,*,#1241,.F.);
#699=ORIENTED_EDGE('',*,*,#1390,.F.);
#700=ORIENTED_EDGE('',*,*,#1127,.F.);
#701=ORIENTED_EDGE('',*,*,#1387,.F.);
#702=ORIENTED_EDGE('',*,*,#1280,.F.);
#703=ORIENTED_EDGE('',*,*,#1379,.F.);
#704=ORIENTED_EDGE('',*,*,#1166,.F.);
#705=ORIENTED_EDGE('',*,*,#1380,.F.);
#706=ORIENTED_EDGE('',*,*,#1282,.F.);
#707=ORIENTED_EDGE('',*,*,#1381,.F.);
#708=ORIENTED_EDGE('',*,*,#1164,.F.);
#709=ORIENTED_EDGE('',*,*,#1383,.F.);
#710=ORIENTED_EDGE('',*,*,#1262,.F.);
#711=ORIENTED_EDGE('',*,*,#1372,.F.);
#712=ORIENTED_EDGE('',*,*,#1160,.F.);
#713=ORIENTED_EDGE('',*,*,#1368,.F.);
#714=ORIENTED_EDGE('',*,*,#1233,.F.);
#715=ORIENTED_EDGE('',*,*,#1375,.F.);
#716=ORIENTED_EDGE('',*,*,#1132,.F.);
#717=ORIENTED_EDGE('',*,*,#1377,.F.);
#718=ORIENTED_EDGE('',*,*,#1270,.F.);
#719=ORIENTED_EDGE('',*,*,#1356,.F.);
#720=ORIENTED_EDGE('',*,*,#1152,.F.);
#721=ORIENTED_EDGE('',*,*,#1358,.F.);
#722=ORIENTED_EDGE('',*,*,#1268,.F.);
#723=ORIENTED_EDGE('',*,*,#1354,.F.);
#724=ORIENTED_EDGE('',*,*,#1154,.F.);
#725=ORIENTED_EDGE('',*,*,#1357,.F.);
#726=ORIENTED_EDGE('',*,*,#1256,.F.);
#727=ORIENTED_EDGE('',*,*,#1075,.F.);
#728=ORIENTED_EDGE('',*,*,#1139,.F.);
#729=ORIENTED_EDGE('',*,*,#1079,.F.);
#730=ORIENTED_EDGE('',*,*,#1260,.F.);
#731=ORIENTED_EDGE('',*,*,#1370,.F.);
#732=ORIENTED_EDGE('',*,*,#1162,.F.);
#733=ORIENTED_EDGE('',*,*,#1373,.F.);
#734=ORIENTED_EDGE('',*,*,#1258,.F.);
#735=ORIENTED_EDGE('',*,*,#1369,.F.);
#736=ORIENTED_EDGE('',*,*,#1158,.F.);
#737=ORIENTED_EDGE('',*,*,#1371,.F.);
#738=ORIENTED_EDGE('',*,*,#1274,.F.);
#739=ORIENTED_EDGE('',*,*,#1364,.F.);
#740=ORIENTED_EDGE('',*,*,#1144,.F.);
#741=ORIENTED_EDGE('',*,*,#1367,.F.);
#742=ORIENTED_EDGE('',*,*,#1278,.F.);
#743=ORIENTED_EDGE('',*,*,#1363,.F.);
#744=ORIENTED_EDGE('',*,*,#1146,.F.);
#745=ORIENTED_EDGE('',*,*,#1365,.F.);
#746=ORIENTED_EDGE('',*,*,#1266,.F.);
#747=ORIENTED_EDGE('',*,*,#1352,.F.);
#748=ORIENTED_EDGE('',*,*,#1156,.F.);
#749=ORIENTED_EDGE('',*,*,#1355,.F.);
#750=ORIENTED_EDGE('',*,*,#1264,.F.);
#751=ORIENTED_EDGE('',*,*,#1361,.F.);
#752=ORIENTED_EDGE('',*,*,#1148,.F.);
#753=ORIENTED_EDGE('',*,*,#1353,.F.);
#754=ORIENTED_EDGE('',*,*,#1276,.F.);
#755=ORIENTED_EDGE('',*,*,#1366,.F.);
#756=ORIENTED_EDGE('',*,*,#1142,.F.);
#757=ORIENTED_EDGE('',*,*,#1362,.F.);
#758=ORIENTED_EDGE('',*,*,#1286,.F.);
#759=ORIENTED_EDGE('',*,*,#1384,.F.);
#760=ORIENTED_EDGE('',*,*,#1168,.F.);
#761=ORIENTED_EDGE('',*,*,#1378,.F.);
#762=ORIENTED_EDGE('',*,*,#1243,.F.);
#763=ORIENTED_EDGE('',*,*,#1386,.F.);
#764=ORIENTED_EDGE('',*,*,#1125,.F.);
#765=ORIENTED_EDGE('',*,*,#1388,.F.);
#766=ORIENTED_EDGE('',*,*,#1122,.T.);
#767=ORIENTED_EDGE('',*,*,#1391,.T.);
#768=ORIENTED_EDGE('',*,*,#1246,.F.);
#769=ORIENTED_EDGE('',*,*,#1323,.T.);
#770=ORIENTED_EDGE('',*,*,#1254,.F.);
#771=ORIENTED_EDGE('',*,*,#1392,.T.);
#772=ORIENTED_EDGE('',*,*,#1137,.T.);
#773=ORIENTED_EDGE('',*,*,#1393,.T.);
#774=ORIENTED_EDGE('',*,*,#1130,.F.);
#775=ORIENTED_EDGE('',*,*,#1394,.T.);
#776=ORIENTED_EDGE('',*,*,#1235,.F.);
#777=ORIENTED_EDGE('',*,*,#1376,.F.);
#778=ORIENTED_EDGE('',*,*,#1231,.F.);
#779=ORIENTED_EDGE('',*,*,#1395,.T.);
#780=ORIENTED_EDGE('',*,*,#1134,.F.);
#781=ORIENTED_EDGE('',*,*,#1374,.F.);
#782=ORIENTED_EDGE('',*,*,#1239,.F.);
#783=ORIENTED_EDGE('',*,*,#1396,.T.);
#784=ORIENTED_EDGE('',*,*,#1114,.F.);
#785=ORIENTED_EDGE('',*,*,#1389,.F.);
#786=ORIENTED_EDGE('',*,*,#1253,.F.);
#787=ORIENTED_EDGE('',*,*,#1077,.F.);
#788=ORIENTED_EDGE('',*,*,#1138,.F.);
#789=ORIENTED_EDGE('',*,*,#1392,.F.);
#790=ORIENTED_EDGE('',*,*,#1255,.F.);
#791=ORIENTED_EDGE('',*,*,#1393,.F.);
#792=ORIENTED_EDGE('',*,*,#1140,.F.);
#793=ORIENTED_EDGE('',*,*,#1073,.F.);
#794=ORIENTED_EDGE('',*,*,#1289,.F.);
#795=ORIENTED_EDGE('',*,*,#1397,.F.);
#796=ORIENTED_EDGE('',*,*,#1173,.T.);
#797=ORIENTED_EDGE('',*,*,#1398,.F.);
#798=ORIENTED_EDGE('',*,*,#1175,.F.);
#799=ORIENTED_EDGE('',*,*,#1399,.F.);
#800=ORIENTED_EDGE('',*,*,#1287,.T.);
#801=ORIENTED_EDGE('',*,*,#1400,.F.);
#802=ORIENTED_EDGE('',*,*,#1401,.T.);
#803=ORIENTED_EDGE('',*,*,#1120,.T.);
#804=ORIENTED_EDGE('',*,*,#1402,.T.);
#805=ORIENTED_EDGE('',*,*,#1248,.T.);
#806=ORIENTED_EDGE('',*,*,#1089,.F.);
#807=ORIENTED_EDGE('',*,*,#1403,.T.);
#808=ORIENTED_EDGE('',*,*,#1228,.T.);
#809=ORIENTED_EDGE('',*,*,#1404,.T.);
#810=ORIENTED_EDGE('',*,*,#1405,.F.);
#811=ORIENTED_EDGE('',*,*,#1226,.T.);
#812=ORIENTED_EDGE('',*,*,#1406,.T.);
#813=ORIENTED_EDGE('',*,*,#1091,.F.);
#814=ORIENTED_EDGE('',*,*,#1090,.T.);
#815=ORIENTED_EDGE('',*,*,#1404,.F.);
#816=ORIENTED_EDGE('',*,*,#1227,.F.);
#817=ORIENTED_EDGE('',*,*,#1405,.T.);
#818=ORIENTED_EDGE('',*,*,#1093,.F.);
#819=ORIENTED_EDGE('',*,*,#1407,.F.);
#820=ORIENTED_EDGE('',*,*,#1224,.T.);
#821=ORIENTED_EDGE('',*,*,#1327,.T.);
#822=ORIENTED_EDGE('',*,*,#1092,.T.);
#823=ORIENTED_EDGE('',*,*,#1406,.F.);
#824=ORIENTED_EDGE('',*,*,#1225,.F.);
#825=ORIENTED_EDGE('',*,*,#1407,.T.);
#826=ORIENTED_EDGE('',*,*,#1088,.T.);
#827=ORIENTED_EDGE('',*,*,#1408,.T.);
#828=ORIENTED_EDGE('',*,*,#1213,.F.);
#829=ORIENTED_EDGE('',*,*,#1403,.F.);
#830=ORIENTED_EDGE('',*,*,#1334,.F.);
#831=ORIENTED_EDGE('',*,*,#1059,.F.);
#832=ORIENTED_EDGE('',*,*,#1409,.T.);
#833=ORIENTED_EDGE('',*,*,#1053,.F.);
#834=ORIENTED_EDGE('',*,*,#1410,.T.);
#835=ORIENTED_EDGE('',*,*,#1064,.T.);
#836=ORIENTED_EDGE('',*,*,#1411,.T.);
#837=ORIENTED_EDGE('',*,*,#1412,.T.);
#838=ORIENTED_EDGE('',*,*,#1409,.F.);
#839=ORIENTED_EDGE('',*,*,#1062,.F.);
#840=ORIENTED_EDGE('',*,*,#1112,.F.);
#841=ORIENTED_EDGE('',*,*,#1054,.F.);
#842=ORIENTED_EDGE('',*,*,#1410,.F.);
#843=ORIENTED_EDGE('',*,*,#1056,.F.);
#844=ORIENTED_EDGE('',*,*,#1111,.F.);
#845=ORIENTED_EDGE('',*,*,#1065,.F.);
#846=ORIENTED_EDGE('',*,*,#1183,.F.);
#847=ORIENTED_EDGE('',*,*,#1413,.F.);
#848=ORIENTED_EDGE('',*,*,#1307,.T.);
#849=ORIENTED_EDGE('',*,*,#1414,.F.);
#850=ORIENTED_EDGE('',*,*,#1185,.F.);
#851=ORIENTED_EDGE('',*,*,#1415,.F.);
#852=ORIENTED_EDGE('',*,*,#1305,.T.);
#853=ORIENTED_EDGE('',*,*,#1416,.F.);
#854=ORIENTED_EDGE('',*,*,#1187,.T.);
#855=ORIENTED_EDGE('',*,*,#1417,.F.);
#856=ORIENTED_EDGE('',*,*,#1303,.F.);
#857=ORIENTED_EDGE('',*,*,#1418,.F.);
#858=ORIENTED_EDGE('',*,*,#1301,.T.);
#859=ORIENTED_EDGE('',*,*,#1419,.T.);
#860=ORIENTED_EDGE('',*,*,#1189,.F.);
#861=ORIENTED_EDGE('',*,*,#1420,.F.);
#862=ORIENTED_EDGE('',*,*,#1419,.F.);
#863=ORIENTED_EDGE('',*,*,#1300,.T.);
#864=ORIENTED_EDGE('',*,*,#1421,.T.);
#865=ORIENTED_EDGE('',*,*,#1190,.F.);
#866=ORIENTED_EDGE('',*,*,#1191,.F.);
#867=ORIENTED_EDGE('',*,*,#1421,.F.);
#868=ORIENTED_EDGE('',*,*,#1299,.T.);
#869=ORIENTED_EDGE('',*,*,#1422,.F.);
#870=ORIENTED_EDGE('',*,*,#1311,.T.);
#871=ORIENTED_EDGE('',*,*,#1423,.F.);
#872=ORIENTED_EDGE('',*,*,#1177,.F.);
#873=ORIENTED_EDGE('',*,*,#1424,.F.);
#874=ORIENTED_EDGE('',*,*,#1179,.F.);
#875=ORIENTED_EDGE('',*,*,#1425,.F.);
#876=ORIENTED_EDGE('',*,*,#1309,.T.);
#877=ORIENTED_EDGE('',*,*,#1426,.F.);
#878=ORIENTED_EDGE('',*,*,#1181,.F.);
#879=ORIENTED_EDGE('',*,*,#1427,.F.);
#880=ORIENTED_EDGE('',*,*,#1313,.T.);
#881=ORIENTED_EDGE('',*,*,#1428,.F.);
#882=ORIENTED_EDGE('',*,*,#1293,.F.);
#883=ORIENTED_EDGE('',*,*,#1429,.F.);
#884=ORIENTED_EDGE('',*,*,#1197,.T.);
#885=ORIENTED_EDGE('',*,*,#1430,.F.);
#886=ORIENTED_EDGE('',*,*,#1193,.F.);
#887=ORIENTED_EDGE('',*,*,#1431,.F.);
#888=ORIENTED_EDGE('',*,*,#1297,.T.);
#889=ORIENTED_EDGE('',*,*,#1432,.F.);
#890=ORIENTED_EDGE('',*,*,#1195,.T.);
#891=ORIENTED_EDGE('',*,*,#1433,.F.);
#892=ORIENTED_EDGE('',*,*,#1295,.F.);
#893=ORIENTED_EDGE('',*,*,#1434,.F.);
#894=ORIENTED_EDGE('',*,*,#1230,.F.);
#895=ORIENTED_EDGE('',*,*,#1435,.F.);
#896=ORIENTED_EDGE('',*,*,#1135,.T.);
#897=ORIENTED_EDGE('',*,*,#1395,.F.);
#898=ORIENTED_EDGE('',*,*,#1129,.F.);
#899=ORIENTED_EDGE('',*,*,#1436,.F.);
#900=ORIENTED_EDGE('',*,*,#1236,.T.);
#901=ORIENTED_EDGE('',*,*,#1394,.F.);
#902=ORIENTED_EDGE('',*,*,#1315,.F.);
#903=ORIENTED_EDGE('',*,*,#1437,.F.);
#904=ORIENTED_EDGE('',*,*,#1203,.T.);
#905=ORIENTED_EDGE('',*,*,#1438,.F.);
#906=ORIENTED_EDGE('',*,*,#1321,.F.);
#907=ORIENTED_EDGE('',*,*,#1439,.F.);
#908=ORIENTED_EDGE('',*,*,#1205,.T.);
#909=ORIENTED_EDGE('',*,*,#1440,.F.);
#910=ORIENTED_EDGE('',*,*,#1199,.F.);
#911=ORIENTED_EDGE('',*,*,#1441,.F.);
#912=ORIENTED_EDGE('',*,*,#1319,.T.);
#913=ORIENTED_EDGE('',*,*,#1442,.F.);
#914=ORIENTED_EDGE('',*,*,#1201,.T.);
#915=ORIENTED_EDGE('',*,*,#1443,.F.);
#916=ORIENTED_EDGE('',*,*,#1317,.F.);
#917=ORIENTED_EDGE('',*,*,#1444,.F.);
#918=ORIENTED_EDGE('',*,*,#1117,.T.);
#919=ORIENTED_EDGE('',*,*,#1445,.F.);
#920=ORIENTED_EDGE('',*,*,#1251,.F.);
#921=ORIENTED_EDGE('',*,*,#1446,.F.);
#922=ORIENTED_EDGE('',*,*,#1249,.F.);
#923=ORIENTED_EDGE('',*,*,#1402,.F.);
#924=ORIENTED_EDGE('',*,*,#1119,.T.);
#925=ORIENTED_EDGE('',*,*,#1447,.F.);
#926=ORIENTED_EDGE('',*,*,#1238,.T.);
#927=ORIENTED_EDGE('',*,*,#1448,.F.);
#928=ORIENTED_EDGE('',*,*,#1115,.F.);
#929=ORIENTED_EDGE('',*,*,#1396,.F.);
#930=ORIENTED_EDGE('',*,*,#1318,.T.);
#931=ORIENTED_EDGE('',*,*,#1443,.T.);
#932=ORIENTED_EDGE('',*,*,#1200,.T.);
#933=ORIENTED_EDGE('',*,*,#1442,.T.);
#934=ORIENTED_EDGE('',*,*,#1252,.T.);
#935=ORIENTED_EDGE('',*,*,#1445,.T.);
#936=ORIENTED_EDGE('',*,*,#1116,.T.);
#937=ORIENTED_EDGE('',*,*,#1448,.T.);
#938=ORIENTED_EDGE('',*,*,#1322,.T.);
#939=ORIENTED_EDGE('',*,*,#1440,.T.);
#940=ORIENTED_EDGE('',*,*,#1204,.T.);
#941=ORIENTED_EDGE('',*,*,#1437,.T.);
#942=ORIENTED_EDGE('',*,*,#1320,.T.);
#943=ORIENTED_EDGE('',*,*,#1441,.T.);
#944=ORIENTED_EDGE('',*,*,#1206,.T.);
#945=ORIENTED_EDGE('',*,*,#1439,.T.);
#946=ORIENTED_EDGE('',*,*,#1294,.T.);
#947=ORIENTED_EDGE('',*,*,#1430,.T.);
#948=ORIENTED_EDGE('',*,*,#1196,.T.);
#949=ORIENTED_EDGE('',*,*,#1434,.T.);
#950=ORIENTED_EDGE('',*,*,#1237,.T.);
#951=ORIENTED_EDGE('',*,*,#1436,.T.);
#952=ORIENTED_EDGE('',*,*,#1136,.T.);
#953=ORIENTED_EDGE('',*,*,#1435,.T.);
#954=ORIENTED_EDGE('',*,*,#1302,.T.);
#955=ORIENTED_EDGE('',*,*,#1420,.T.);
#956=ORIENTED_EDGE('',*,*,#1188,.T.);
#957=ORIENTED_EDGE('',*,*,#1418,.T.);
#958=ORIENTED_EDGE('',*,*,#1304,.T.);
#959=ORIENTED_EDGE('',*,*,#1417,.T.);
#960=ORIENTED_EDGE('',*,*,#1186,.T.);
#961=ORIENTED_EDGE('',*,*,#1416,.T.);
#962=ORIENTED_EDGE('',*,*,#1288,.T.);
#963=ORIENTED_EDGE('',*,*,#1399,.T.);
#964=ORIENTED_EDGE('',*,*,#1174,.T.);
#965=ORIENTED_EDGE('',*,*,#1397,.T.);
#966=ORIENTED_EDGE('',*,*,#1296,.T.);
#967=ORIENTED_EDGE('',*,*,#1433,.T.);
#968=ORIENTED_EDGE('',*,*,#1194,.T.);
#969=ORIENTED_EDGE('',*,*,#1432,.T.);
#970=ORIENTED_EDGE('',*,*,#1298,.T.);
#971=ORIENTED_EDGE('',*,*,#1431,.T.);
#972=ORIENTED_EDGE('',*,*,#1198,.T.);
#973=ORIENTED_EDGE('',*,*,#1429,.T.);
#974=ORIENTED_EDGE('',*,*,#1314,.T.);
#975=ORIENTED_EDGE('',*,*,#1427,.T.);
#976=ORIENTED_EDGE('',*,*,#1180,.T.);
#977=ORIENTED_EDGE('',*,*,#1426,.T.);
#978=ORIENTED_EDGE('',*,*,#1310,.T.);
#979=ORIENTED_EDGE('',*,*,#1425,.T.);
#980=ORIENTED_EDGE('',*,*,#1178,.T.);
#981=ORIENTED_EDGE('',*,*,#1423,.T.);
#982=ORIENTED_EDGE('',*,*,#1306,.T.);
#983=ORIENTED_EDGE('',*,*,#1415,.T.);
#984=ORIENTED_EDGE('',*,*,#1184,.T.);
#985=ORIENTED_EDGE('',*,*,#1414,.T.);
#986=ORIENTED_EDGE('',*,*,#1308,.T.);
#987=ORIENTED_EDGE('',*,*,#1413,.T.);
#988=ORIENTED_EDGE('',*,*,#1192,.T.);
#989=ORIENTED_EDGE('',*,*,#1422,.T.);
#990=ORIENTED_EDGE('',*,*,#1312,.T.);
#991=ORIENTED_EDGE('',*,*,#1424,.T.);
#992=ORIENTED_EDGE('',*,*,#1182,.T.);
#993=ORIENTED_EDGE('',*,*,#1428,.T.);
#994=ORIENTED_EDGE('',*,*,#1316,.T.);
#995=ORIENTED_EDGE('',*,*,#1438,.T.);
#996=ORIENTED_EDGE('',*,*,#1202,.T.);
#997=ORIENTED_EDGE('',*,*,#1444,.T.);
#998=ORIENTED_EDGE('',*,*,#1250,.T.);
#999=ORIENTED_EDGE('',*,*,#1447,.T.);
#1000=ORIENTED_EDGE('',*,*,#1118,.T.);
#1001=ORIENTED_EDGE('',*,*,#1446,.T.);
#1002=ORIENTED_EDGE('',*,*,#1121,.F.);
#1003=ORIENTED_EDGE('',*,*,#1401,.F.);
#1004=ORIENTED_EDGE('',*,*,#1247,.T.);
#1005=ORIENTED_EDGE('',*,*,#1391,.F.);
#1006=ORIENTED_EDGE('',*,*,#1291,.T.);
#1007=ORIENTED_EDGE('',*,*,#1449,.F.);
#1008=ORIENTED_EDGE('',*,*,#1171,.F.);
#1009=ORIENTED_EDGE('',*,*,#1450,.F.);
#1010=ORIENTED_EDGE('',*,*,#1292,.T.);
#1011=ORIENTED_EDGE('',*,*,#1450,.T.);
#1012=ORIENTED_EDGE('',*,*,#1176,.T.);
#1013=ORIENTED_EDGE('',*,*,#1400,.T.);
#1014=ORIENTED_EDGE('',*,*,#1290,.T.);
#1015=ORIENTED_EDGE('',*,*,#1398,.T.);
#1016=ORIENTED_EDGE('',*,*,#1172,.T.);
#1017=ORIENTED_EDGE('',*,*,#1449,.T.);
#1018=ORIENTED_EDGE('',*,*,#1341,.F.);
#1019=ORIENTED_EDGE('',*,*,#1451,.F.);
#1020=ORIENTED_EDGE('',*,*,#1068,.T.);
#1021=ORIENTED_EDGE('',*,*,#1452,.T.);
#1022=ORIENTED_EDGE('',*,*,#1070,.T.);
#1023=ORIENTED_EDGE('',*,*,#1110,.F.);
#1024=ORIENTED_EDGE('',*,*,#1453,.F.);
#1025=ORIENTED_EDGE('',*,*,#1411,.F.);
#1026=ORIENTED_EDGE('',*,*,#1063,.T.);
#1027=ORIENTED_EDGE('',*,*,#1451,.T.);
#1028=ORIENTED_EDGE('',*,*,#1069,.T.);
#1029=ORIENTED_EDGE('',*,*,#1453,.T.);
#1030=ORIENTED_EDGE('',*,*,#1109,.T.);
#1031=ORIENTED_EDGE('',*,*,#1335,.F.);
#1032=ORIENTED_EDGE('',*,*,#1412,.F.);
#1033=ORIENTED_EDGE('',*,*,#1087,.F.);
#1034=ORIENTED_EDGE('',*,*,#1333,.F.);
#1035=ORIENTED_EDGE('',*,*,#1214,.F.);
#1036=ORIENTED_EDGE('',*,*,#1408,.F.);
#1037=ORIENTED_EDGE('',*,*,#1071,.T.);
#1038=ORIENTED_EDGE('',*,*,#1452,.F.);
#1039=ORIENTED_EDGE('',*,*,#1067,.F.);
#1040=ORIENTED_EDGE('',*,*,#1058,.F.);
#1041=ORIENTED_EDGE('',*,*,#1085,.T.);
#1042=ORIENTED_EDGE('',*,*,#1212,.T.);
#1043=ORIENTED_EDGE('',*,*,#1084,.T.);
#1044=ORIENTED_EDGE('',*,*,#1211,.T.);
#1045=ORIENTED_EDGE('',*,*,#1083,.T.);
#1046=ORIENTED_EDGE('',*,*,#1210,.T.);
#1047=ORIENTED_EDGE('',*,*,#1082,.T.);
#1048=ORIENTED_EDGE('',*,*,#1209,.F.);
#1049=ORIENTED_EDGE('',*,*,#1081,.T.);
#1050=ORIENTED_EDGE('',*,*,#1208,.F.);
#1051=ORIENTED_EDGE('',*,*,#1080,.T.);
#1052=ORIENTED_EDGE('',*,*,#1207,.F.);
#1053=EDGE_CURVE('',#1454,#1455,#1727,.T.);
#1054=EDGE_CURVE('',#1455,#1456,#1728,.T.);
#1055=EDGE_CURVE('',#1457,#1456,#1729,.T.);
#1056=EDGE_CURVE('',#1457,#1454,#1730,.F.);
#1057=EDGE_CURVE('',#1458,#1459,#244,.T.);
#1058=EDGE_CURVE('',#1458,#1459,#245,.F.);
#1059=EDGE_CURVE('',#1460,#1461,#1731,.T.);
#1060=EDGE_CURVE('',#1461,#1462,#1732,.T.);
#1061=EDGE_CURVE('',#1463,#1462,#1733,.T.);
#1062=EDGE_CURVE('',#1463,#1460,#1734,.F.);
#1063=EDGE_CURVE('',#1464,#1465,#1735,.T.);
#1064=EDGE_CURVE('',#1466,#1464,#1736,.T.);
#1065=EDGE_CURVE('',#1466,#1467,#1737,.T.);
#1066=EDGE_CURVE('',#1467,#1465,#1738,.T.);
#1067=EDGE_CURVE('',#1459,#1468,#1739,.T.);
#1068=EDGE_CURVE('',#1469,#1468,#246,.F.);
#1069=EDGE_CURVE('',#1470,#1469,#247,.F.);
#1070=EDGE_CURVE('',#1471,#1470,#248,.F.);
#1071=EDGE_CURVE('',#1458,#1471,#1740,.T.);
#1072=EDGE_CURVE('',#1472,#1473,#1741,.T.);
#1073=EDGE_CURVE('',#1473,#1474,#1742,.T.);
#1074=EDGE_CURVE('',#1475,#1474,#1743,.T.);
#1075=EDGE_CURVE('',#1475,#1472,#1744,.F.);
#1076=EDGE_CURVE('',#1476,#1477,#1745,.T.);
#1077=EDGE_CURVE('',#1477,#1478,#1746,.F.);
#1078=EDGE_CURVE('',#1479,#1478,#1747,.T.);
#1079=EDGE_CURVE('',#1479,#1476,#1748,.T.);
#1080=EDGE_CURVE('',#1480,#1480,#12,.T.);
#1081=EDGE_CURVE('',#1481,#1481,#13,.T.);
#1082=EDGE_CURVE('',#1482,#1482,#14,.T.);
#1083=EDGE_CURVE('',#1483,#1483,#15,.T.);
#1084=EDGE_CURVE('',#1484,#1484,#16,.T.);
#1085=EDGE_CURVE('',#1485,#1485,#17,.T.);
#1086=EDGE_CURVE('',#1486,#1462,#1749,.T.);
#1087=EDGE_CURVE('',#1486,#1487,#18,.T.);
#1088=EDGE_CURVE('',#1488,#1487,#1750,.T.);
#1089=EDGE_CURVE('',#1488,#1489,#19,.T.);
#1090=EDGE_CURVE('',#1490,#1489,#1751,.T.);
#1091=EDGE_CURVE('',#1490,#1491,#20,.T.);
#1092=EDGE_CURVE('',#1492,#1491,#21,.T.);
#1093=EDGE_CURVE('',#1492,#1493,#1752,.T.);
#1094=EDGE_CURVE('',#1493,#1494,#22,.T.);
#1095=EDGE_CURVE('',#1495,#1494,#1753,.T.);
#1096=EDGE_CURVE('',#1495,#1496,#23,.T.);
#1097=EDGE_CURVE('',#1497,#1496,#24,.T.);
#1098=EDGE_CURVE('',#1497,#1498,#1754,.T.);
#1099=EDGE_CURVE('',#1499,#1498,#25,.T.);
#1100=EDGE_CURVE('',#1499,#1500,#1755,.T.);
#1101=EDGE_CURVE('',#1501,#1500,#26,.T.);
#1102=EDGE_CURVE('',#1502,#1501,#1756,.T.);
#1103=EDGE_CURVE('',#1503,#1502,#1757,.T.);
#1104=EDGE_CURVE('',#1504,#1503,#27,.F.);
#1105=EDGE_CURVE('',#1505,#1504,#1758,.T.);
#1106=EDGE_CURVE('',#1506,#1505,#28,.F.);
#1107=EDGE_CURVE('',#1506,#1507,#1759,.T.);
#1108=EDGE_CURVE('',#1508,#1507,#1760,.T.);
#1109=EDGE_CURVE('',#1509,#1508,#1761,.T.);
#1110=EDGE_CURVE('',#1509,#1465,#1762,.T.);
#1111=EDGE_CURVE('',#1467,#1457,#29,.F.);
#1112=EDGE_CURVE('',#1456,#1463,#30,.F.);
#1113=EDGE_CURVE('',#1510,#1510,#31,.T.);
#1114=EDGE_CURVE('',#1511,#1512,#32,.F.);
#1115=EDGE_CURVE('',#1512,#1513,#1763,.T.);
#1116=EDGE_CURVE('',#1514,#1513,#33,.F.);
#1117=EDGE_CURVE('',#1515,#1514,#34,.T.);
#1118=EDGE_CURVE('',#1516,#1515,#35,.F.);
#1119=EDGE_CURVE('',#1517,#1516,#1764,.T.);
#1120=EDGE_CURVE('',#1518,#1517,#36,.F.);
#1121=EDGE_CURVE('',#1518,#1519,#1765,.T.);
#1122=EDGE_CURVE('',#1520,#1519,#1766,.T.);
#1123=EDGE_CURVE('',#1520,#1521,#37,.F.);
#1124=EDGE_CURVE('',#1521,#1522,#1767,.T.);
#1125=EDGE_CURVE('',#1522,#1523,#38,.F.);
#1126=EDGE_CURVE('',#1523,#1524,#39,.T.);
#1127=EDGE_CURVE('',#1524,#1525,#40,.F.);
#1128=EDGE_CURVE('',#1511,#1525,#1768,.T.);
#1129=EDGE_CURVE('',#1526,#1527,#1769,.T.);
#1130=EDGE_CURVE('',#1527,#1528,#41,.F.);
#1131=EDGE_CURVE('',#1529,#1528,#1770,.T.);
#1132=EDGE_CURVE('',#1529,#1530,#42,.F.);
#1133=EDGE_CURVE('',#1530,#1531,#1771,.T.);
#1134=EDGE_CURVE('',#1531,#1532,#43,.F.);
#1135=EDGE_CURVE('',#1533,#1532,#1772,.T.);
#1136=EDGE_CURVE('',#1526,#1533,#44,.F.);
#1137=EDGE_CURVE('',#1534,#1535,#1773,.T.);
#1138=EDGE_CURVE('',#1534,#1477,#45,.F.);
#1139=EDGE_CURVE('',#1476,#1475,#46,.F.);
#1140=EDGE_CURVE('',#1474,#1535,#47,.F.);
#1141=EDGE_CURVE('',#1536,#1537,#1774,.T.);
#1142=EDGE_CURVE('',#1536,#1538,#48,.F.);
#1143=EDGE_CURVE('',#1539,#1538,#1775,.T.);
#1144=EDGE_CURVE('',#1539,#1540,#49,.F.);
#1145=EDGE_CURVE('',#1541,#1540,#1776,.T.);
#1146=EDGE_CURVE('',#1541,#1537,#50,.F.);
#1147=EDGE_CURVE('',#1542,#1543,#1777,.T.);
#1148=EDGE_CURVE('',#1542,#1544,#51,.T.);
#1149=EDGE_CURVE('',#1545,#1544,#52,.T.);
#1150=EDGE_CURVE('',#1546,#1545,#53,.T.);
#1151=EDGE_CURVE('',#1547,#1546,#1778,.T.);
#1152=EDGE_CURVE('',#1547,#1548,#54,.F.);
#1153=EDGE_CURVE('',#1548,#1549,#55,.T.);
#1154=EDGE_CURVE('',#1549,#1550,#56,.F.);
#1155=EDGE_CURVE('',#1551,#1550,#1779,.T.);
#1156=EDGE_CURVE('',#1551,#1543,#57,.F.);
#1157=EDGE_CURVE('',#1552,#1553,#1780,.T.);
#1158=EDGE_CURVE('',#1552,#1554,#58,.F.);
#1159=EDGE_CURVE('',#1554,#1555,#1781,.T.);
#1160=EDGE_CURVE('',#1555,#1556,#59,.F.);
#1161=EDGE_CURVE('',#1556,#1557,#1782,.T.);
#1162=EDGE_CURVE('',#1557,#1553,#60,.F.);
#1163=EDGE_CURVE('',#1558,#1559,#1783,.T.);
#1164=EDGE_CURVE('',#1558,#1560,#61,.F.);
#1165=EDGE_CURVE('',#1560,#1561,#1784,.T.);
#1166=EDGE_CURVE('',#1561,#1562,#62,.F.);
#1167=EDGE_CURVE('',#1562,#1563,#63,.T.);
#1168=EDGE_CURVE('',#1563,#1564,#64,.F.);
#1169=EDGE_CURVE('',#1564,#1565,#1785,.T.);
#1170=EDGE_CURVE('',#1565,#1559,#65,.F.);
#1171=EDGE_CURVE('',#1566,#1567,#1786,.T.);
#1172=EDGE_CURVE('',#1568,#1567,#66,.F.);
#1173=EDGE_CURVE('',#1569,#1568,#1787,.T.);
#1174=EDGE_CURVE('',#1570,#1569,#67,.F.);
#1175=EDGE_CURVE('',#1570,#1571,#1788,.T.);
#1176=EDGE_CURVE('',#1566,#1571,#68,.F.);
#1177=EDGE_CURVE('',#1572,#1573,#1789,.T.);
#1178=EDGE_CURVE('',#1574,#1573,#69,.F.);
#1179=EDGE_CURVE('',#1574,#1575,#1790,.T.);
#1180=EDGE_CURVE('',#1576,#1575,#70,.F.);
#1181=EDGE_CURVE('',#1576,#1577,#1791,.T.);
#1182=EDGE_CURVE('',#1572,#1577,#71,.F.);
#1183=EDGE_CURVE('',#1578,#1579,#1792,.T.);
#1184=EDGE_CURVE('',#1580,#1579,#72,.F.);
#1185=EDGE_CURVE('',#1580,#1581,#1793,.T.);
#1186=EDGE_CURVE('',#1582,#1581,#73,.F.);
#1187=EDGE_CURVE('',#1583,#1582,#74,.T.);
#1188=EDGE_CURVE('',#1584,#1583,#75,.F.);
#1189=EDGE_CURVE('',#1584,#1585,#1794,.T.);
#1190=EDGE_CURVE('',#1585,#1586,#76,.T.);
#1191=EDGE_CURVE('',#1586,#1587,#77,.T.);
#1192=EDGE_CURVE('',#1578,#1587,#78,.T.);
#1193=EDGE_CURVE('',#1588,#1589,#1795,.T.);
#1194=EDGE_CURVE('',#1590,#1589,#79,.F.);
#1195=EDGE_CURVE('',#1591,#1590,#1796,.T.);
#1196=EDGE_CURVE('',#1592,#1591,#80,.F.);
#1197=EDGE_CURVE('',#1593,#1592,#1797,.T.);
#1198=EDGE_CURVE('',#1588,#1593,#81,.F.);
#1199=EDGE_CURVE('',#1594,#1595,#1798,.T.);
#1200=EDGE_CURVE('',#1596,#1595,#82,.F.);
#1201=EDGE_CURVE('',#1597,#1596,#1799,.T.);
#1202=EDGE_CURVE('',#1598,#1597,#83,.F.);
#1203=EDGE_CURVE('',#1599,#1598,#84,.T.);
#1204=EDGE_CURVE('',#1600,#1599,#85,.F.);
#1205=EDGE_CURVE('',#1601,#1600,#1800,.T.);
#1206=EDGE_CURVE('',#1594,#1601,#86,.F.);
#1207=EDGE_CURVE('',#1602,#1602,#87,.T.);
#1208=EDGE_CURVE('',#1603,#1603,#88,.T.);
#1209=EDGE_CURVE('',#1604,#1604,#89,.T.);
#1210=EDGE_CURVE('',#1605,#1605,#90,.T.);
#1211=EDGE_CURVE('',#1606,#1606,#91,.T.);
#1212=EDGE_CURVE('',#1607,#1607,#92,.T.);
#1213=EDGE_CURVE('',#1608,#1609,#1801,.T.);
#1214=EDGE_CURVE('',#1609,#1610,#93,.F.);
#1215=EDGE_CURVE('',#1610,#1611,#1802,.T.);
#1216=EDGE_CURVE('',#1612,#1611,#94,.F.);
#1217=EDGE_CURVE('',#1613,#1612,#1803,.T.);
#1218=EDGE_CURVE('',#1613,#1614,#95,.T.);
#1219=EDGE_CURVE('',#1615,#1614,#1804,.T.);
#1220=EDGE_CURVE('',#1615,#1616,#96,.T.);
#1221=EDGE_CURVE('',#1617,#1616,#97,.T.);
#1222=EDGE_CURVE('',#1617,#1618,#1805,.T.);
#1223=EDGE_CURVE('',#1619,#1618,#98,.T.);
#1224=EDGE_CURVE('',#1620,#1619,#1806,.T.);
#1225=EDGE_CURVE('',#1620,#1621,#99,.T.);
#1226=EDGE_CURVE('',#1622,#1621,#100,.T.);
#1227=EDGE_CURVE('',#1622,#1623,#1807,.T.);
#1228=EDGE_CURVE('',#1608,#1623,#101,.T.);
#1229=EDGE_CURVE('',#1624,#1624,#102,.T.);
#1230=EDGE_CURVE('',#1625,#1626,#1808,.T.);
#1231=EDGE_CURVE('',#1626,#1627,#103,.T.);
#1232=EDGE_CURVE('',#1628,#1627,#1809,.T.);
#1233=EDGE_CURVE('',#1628,#1629,#104,.T.);
#1234=EDGE_CURVE('',#1629,#1630,#1810,.T.);
#1235=EDGE_CURVE('',#1630,#1631,#105,.T.);
#1236=EDGE_CURVE('',#1632,#1631,#1811,.T.);
#1237=EDGE_CURVE('',#1625,#1632,#106,.T.);
#1238=EDGE_CURVE('',#1633,#1634,#1812,.T.);
#1239=EDGE_CURVE('',#1633,#1635,#107,.T.);
#1240=EDGE_CURVE('',#1635,#1636,#1813,.T.);
#1241=EDGE_CURVE('',#1636,#1637,#108,.T.);
#1242=EDGE_CURVE('',#1638,#1637,#109,.T.);
#1243=EDGE_CURVE('',#1638,#1639,#110,.T.);
#1244=EDGE_CURVE('',#1640,#1639,#1814,.T.);
#1245=EDGE_CURVE('',#1640,#1641,#111,.T.);
#1246=EDGE_CURVE('',#1641,#1642,#1815,.T.);
#1247=EDGE_CURVE('',#1643,#1642,#1816,.T.);
#1248=EDGE_CURVE('',#1644,#1643,#112,.T.);
#1249=EDGE_CURVE('',#1644,#1645,#1817,.T.);
#1250=EDGE_CURVE('',#1646,#1645,#113,.T.);
#1251=EDGE_CURVE('',#1646,#1647,#114,.T.);
#1252=EDGE_CURVE('',#1634,#1647,#115,.T.);
#1253=EDGE_CURVE('',#1478,#1648,#116,.T.);
#1254=EDGE_CURVE('',#1648,#1649,#1818,.T.);
#1255=EDGE_CURVE('',#1649,#1473,#117,.T.);
#1256=EDGE_CURVE('',#1472,#1479,#118,.T.);
#1257=EDGE_CURVE('',#1650,#1651,#1819,.T.);
#1258=EDGE_CURVE('',#1650,#1652,#119,.T.);
#1259=EDGE_CURVE('',#1652,#1653,#1820,.T.);
#1260=EDGE_CURVE('',#1653,#1654,#120,.T.);
#1261=EDGE_CURVE('',#1655,#1654,#1821,.T.);
#1262=EDGE_CURVE('',#1655,#1651,#121,.T.);
#1263=EDGE_CURVE('',#1656,#1657,#122,.T.);
#1264=EDGE_CURVE('',#1657,#1658,#123,.F.);
#1265=EDGE_CURVE('',#1658,#1659,#1822,.T.);
#1266=EDGE_CURVE('',#1659,#1660,#124,.T.);
#1267=EDGE_CURVE('',#1660,#1661,#1823,.T.);
#1268=EDGE_CURVE('',#1661,#1662,#125,.T.);
#1269=EDGE_CURVE('',#1663,#1662,#126,.T.);
#1270=EDGE_CURVE('',#1663,#1664,#127,.T.);
#1271=EDGE_CURVE('',#1664,#1665,#1824,.T.);
#1272=EDGE_CURVE('',#1665,#1656,#128,.T.);
#1273=EDGE_CURVE('',#1666,#1667,#1825,.T.);
#1274=EDGE_CURVE('',#1667,#1668,#129,.T.);
#1275=EDGE_CURVE('',#1668,#1669,#1826,.T.);
#1276=EDGE_CURVE('',#1669,#1670,#130,.T.);
#1277=EDGE_CURVE('',#1670,#1671,#1827,.T.);
#1278=EDGE_CURVE('',#1671,#1666,#131,.T.);
#1279=EDGE_CURVE('',#1672,#1673,#132,.T.);
#1280=EDGE_CURVE('',#1672,#1674,#133,.T.);
#1281=EDGE_CURVE('',#1675,#1674,#1828,.T.);
#1282=EDGE_CURVE('',#1675,#1676,#134,.T.);
#1283=EDGE_CURVE('',#1676,#1677,#1829,.T.);
#1284=EDGE_CURVE('',#1677,#1678,#135,.T.);
#1285=EDGE_CURVE('',#1679,#1678,#1830,.T.);
#1286=EDGE_CURVE('',#1679,#1673,#136,.T.);
#1287=EDGE_CURVE('',#1680,#1681,#1831,.T.);
#1288=EDGE_CURVE('',#1682,#1680,#137,.T.);
#1289=EDGE_CURVE('',#1682,#1683,#1832,.T.);
#1290=EDGE_CURVE('',#1684,#1683,#138,.T.);
#1291=EDGE_CURVE('',#1685,#1684,#1833,.T.);
#1292=EDGE_CURVE('',#1681,#1685,#139,.T.);
#1293=EDGE_CURVE('',#1686,#1687,#1834,.T.);
#1294=EDGE_CURVE('',#1688,#1687,#140,.T.);
#1295=EDGE_CURVE('',#1688,#1689,#1835,.T.);
#1296=EDGE_CURVE('',#1690,#1689,#141,.T.);
#1297=EDGE_CURVE('',#1691,#1690,#1836,.T.);
#1298=EDGE_CURVE('',#1686,#1691,#142,.T.);
#1299=EDGE_CURVE('',#1692,#1693,#143,.T.);
#1300=EDGE_CURVE('',#1694,#1692,#144,.T.);
#1301=EDGE_CURVE('',#1695,#1694,#1837,.T.);
#1302=EDGE_CURVE('',#1696,#1695,#145,.T.);
#1303=EDGE_CURVE('',#1696,#1697,#146,.T.);
#1304=EDGE_CURVE('',#1698,#1697,#147,.T.);
#1305=EDGE_CURVE('',#1699,#1698,#1838,.T.);
#1306=EDGE_CURVE('',#1700,#1699,#148,.T.);
#1307=EDGE_CURVE('',#1701,#1700,#1839,.T.);
#1308=EDGE_CURVE('',#1693,#1701,#149,.F.);
#1309=EDGE_CURVE('',#1702,#1703,#1840,.T.);
#1310=EDGE_CURVE('',#1704,#1702,#150,.T.);
#1311=EDGE_CURVE('',#1705,#1704,#1841,.T.);
#1312=EDGE_CURVE('',#1706,#1705,#151,.T.);
#1313=EDGE_CURVE('',#1707,#1706,#1842,.T.);
#1314=EDGE_CURVE('',#1703,#1707,#152,.T.);
#1315=EDGE_CURVE('',#1708,#1709,#153,.T.);
#1316=EDGE_CURVE('',#1710,#1709,#154,.T.);
#1317=EDGE_CURVE('',#1710,#1711,#1843,.T.);
#1318=EDGE_CURVE('',#1712,#1711,#155,.T.);
#1319=EDGE_CURVE('',#1713,#1712,#1844,.T.);
#1320=EDGE_CURVE('',#1714,#1713,#156,.T.);
#1321=EDGE_CURVE('',#1714,#1715,#1845,.T.);
#1322=EDGE_CURVE('',#1708,#1715,#157,.T.);
#1323=EDGE_CURVE('',#1641,#1520,#1846,.T.);
#1324=EDGE_CURVE('',#1521,#1640,#1847,.F.);
#1325=EDGE_CURVE('',#1614,#1498,#1848,.T.);
#1326=EDGE_CURVE('',#1499,#1613,#1849,.T.);
#1327=EDGE_CURVE('',#1619,#1493,#1850,.T.);
#1328=EDGE_CURVE('',#1618,#1494,#1851,.T.);
#1329=EDGE_CURVE('',#1615,#1497,#1852,.T.);
#1330=EDGE_CURVE('',#1616,#1496,#1853,.T.);
#1331=EDGE_CURVE('',#1617,#1495,#1854,.T.);
#1332=EDGE_CURVE('',#1500,#1612,#1855,.T.);
#1333=EDGE_CURVE('',#1610,#1486,#1856,.F.);
#1334=EDGE_CURVE('',#1461,#1716,#1857,.T.);
#1335=EDGE_CURVE('',#1716,#1508,#1858,.T.);
#1336=EDGE_CURVE('',#1717,#1507,#1859,.T.);
#1337=EDGE_CURVE('',#1717,#1718,#1860,.T.);
#1338=EDGE_CURVE('',#1718,#1502,#1861,.T.);
#1339=EDGE_CURVE('',#1611,#1501,#1862,.F.);
#1340=EDGE_CURVE('',#1719,#1719,#158,.T.);
#1341=EDGE_CURVE('',#1720,#1720,#159,.T.);
#1342=EDGE_CURVE('',#1721,#1721,#249,.T.);
#1343=EDGE_CURVE('',#1722,#1723,#1863,.T.);
#1344=EDGE_CURVE('',#1505,#1722,#1864,.F.);
#1345=EDGE_CURVE('',#1723,#1504,#1865,.T.);
#1346=EDGE_CURVE('',#1724,#1506,#1866,.T.);
#1347=EDGE_CURVE('',#1724,#1717,#1867,.T.);
#1348=EDGE_CURVE('',#1725,#1718,#1868,.T.);
#1349=EDGE_CURVE('',#1503,#1725,#1869,.F.);
#1350=EDGE_CURVE('',#1722,#1724,#160,.T.);
#1351=EDGE_CURVE('',#1725,#1723,#161,.T.);
#1352=EDGE_CURVE('',#1543,#1659,#1870,.F.);
#1353=EDGE_CURVE('',#1658,#1542,#1871,.T.);
#1354=EDGE_CURVE('',#1550,#1661,#1872,.F.);
#1355=EDGE_CURVE('',#1660,#1551,#1873,.T.);
#1356=EDGE_CURVE('',#1548,#1663,#1874,.F.);
#1357=EDGE_CURVE('',#1662,#1549,#1875,.T.);
#1358=EDGE_CURVE('',#1664,#1547,#1876,.T.);
#1359=EDGE_CURVE('',#1665,#1546,#1877,.T.);
#1360=EDGE_CURVE('',#1656,#1545,#1878,.T.);
#1361=EDGE_CURVE('',#1544,#1657,#1879,.F.);
#1362=EDGE_CURVE('',#1670,#1536,#1880,.T.);
#1363=EDGE_CURVE('',#1537,#1671,#1881,.F.);
#1364=EDGE_CURVE('',#1540,#1667,#1882,.F.);
#1365=EDGE_CURVE('',#1666,#1541,#1883,.T.);
#1366=EDGE_CURVE('',#1538,#1669,#1884,.F.);
#1367=EDGE_CURVE('',#1668,#1539,#1885,.T.);
#1368=EDGE_CURVE('',#1651,#1555,#1886,.T.);
#1369=EDGE_CURVE('',#1554,#1650,#1887,.F.);
#1370=EDGE_CURVE('',#1553,#1653,#1888,.F.);
#1371=EDGE_CURVE('',#1652,#1552,#1889,.T.);
#1372=EDGE_CURVE('',#1556,#1655,#1890,.F.);
#1373=EDGE_CURVE('',#1654,#1557,#1891,.T.);
#1374=EDGE_CURVE('',#1627,#1531,#1892,.T.);
#1375=EDGE_CURVE('',#1530,#1628,#1893,.F.);
#1376=EDGE_CURVE('',#1528,#1630,#1894,.F.);
#1377=EDGE_CURVE('',#1629,#1529,#1895,.T.);
#1378=EDGE_CURVE('',#1673,#1563,#1896,.T.);
#1379=EDGE_CURVE('',#1562,#1672,#1897,.F.);
#1380=EDGE_CURVE('',#1674,#1561,#1898,.F.);
#1381=EDGE_CURVE('',#1560,#1675,#1899,.F.);
#1382=EDGE_CURVE('',#1559,#1677,#1900,.F.);
#1383=EDGE_CURVE('',#1676,#1558,#1901,.T.);
#1384=EDGE_CURVE('',#1564,#1679,#1902,.T.);
#1385=EDGE_CURVE('',#1678,#1565,#1903,.T.);
#1386=EDGE_CURVE('',#1523,#1638,#1904,.F.);
#1387=EDGE_CURVE('',#1637,#1524,#1905,.T.);
#1388=EDGE_CURVE('',#1639,#1522,#1906,.F.);
#1389=EDGE_CURVE('',#1635,#1511,#1907,.T.);
#1390=EDGE_CURVE('',#1525,#1636,#1908,.F.);
#1391=EDGE_CURVE('',#1519,#1642,#1909,.T.);
#1392=EDGE_CURVE('',#1648,#1534,#1910,.T.);
#1393=EDGE_CURVE('',#1535,#1649,#1911,.F.);
#1394=EDGE_CURVE('',#1527,#1631,#1912,.F.);
#1395=EDGE_CURVE('',#1626,#1532,#1913,.T.);
#1396=EDGE_CURVE('',#1633,#1512,#1914,.T.);
#1397=EDGE_CURVE('',#1569,#1682,#1915,.F.);
#1398=EDGE_CURVE('',#1683,#1568,#1916,.T.);
#1399=EDGE_CURVE('',#1680,#1570,#1917,.T.);
#1400=EDGE_CURVE('',#1571,#1681,#1918,.F.);
#1401=EDGE_CURVE('',#1643,#1518,#1919,.T.);
#1402=EDGE_CURVE('',#1517,#1644,#1920,.F.);
#1403=EDGE_CURVE('',#1488,#1608,#1921,.T.);
#1404=EDGE_CURVE('',#1623,#1489,#1922,.T.);
#1405=EDGE_CURVE('',#1622,#1490,#1923,.T.);
#1406=EDGE_CURVE('',#1621,#1491,#1924,.T.);
#1407=EDGE_CURVE('',#1620,#1492,#1925,.T.);
#1408=EDGE_CURVE('',#1487,#1609,#1926,.T.);
#1409=EDGE_CURVE('',#1460,#1455,#162,.T.);
#1410=EDGE_CURVE('',#1454,#1466,#163,.T.);
#1411=EDGE_CURVE('',#1464,#1726,#1927,.T.);
#1412=EDGE_CURVE('',#1726,#1716,#1928,.T.);
#1413=EDGE_CURVE('',#1701,#1578,#1929,.T.);
#1414=EDGE_CURVE('',#1579,#1700,#1930,.F.);
#1415=EDGE_CURVE('',#1699,#1580,#1931,.T.);
#1416=EDGE_CURVE('',#1581,#1698,#1932,.F.);
#1417=EDGE_CURVE('',#1697,#1582,#1933,.T.);
#1418=EDGE_CURVE('',#1583,#1696,#1934,.F.);
#1419=EDGE_CURVE('',#1694,#1585,#1935,.T.);
#1420=EDGE_CURVE('',#1695,#1584,#1936,.T.);
#1421=EDGE_CURVE('',#1692,#1586,#1937,.T.);
#1422=EDGE_CURVE('',#1587,#1693,#1938,.F.);
#1423=EDGE_CURVE('',#1573,#1704,#1939,.F.);
#1424=EDGE_CURVE('',#1705,#1572,#1940,.T.);
#1425=EDGE_CURVE('',#1702,#1574,#1941,.T.);
#1426=EDGE_CURVE('',#1575,#1703,#1942,.F.);
#1427=EDGE_CURVE('',#1707,#1576,#1943,.T.);
#1428=EDGE_CURVE('',#1577,#1706,#1944,.F.);
#1429=EDGE_CURVE('',#1593,#1686,#1945,.F.);
#1430=EDGE_CURVE('',#1687,#1592,#1946,.T.);
#1431=EDGE_CURVE('',#1691,#1588,#1947,.T.);
#1432=EDGE_CURVE('',#1589,#1690,#1948,.F.);
#1433=EDGE_CURVE('',#1689,#1590,#1949,.T.);
#1434=EDGE_CURVE('',#1591,#1688,#1950,.F.);
#1435=EDGE_CURVE('',#1533,#1625,#1951,.F.);
#1436=EDGE_CURVE('',#1632,#1526,#1952,.T.);
#1437=EDGE_CURVE('',#1599,#1708,#1953,.F.);
#1438=EDGE_CURVE('',#1709,#1598,#1954,.T.);
#1439=EDGE_CURVE('',#1601,#1714,#1955,.F.);
#1440=EDGE_CURVE('',#1715,#1600,#1956,.F.);
#1441=EDGE_CURVE('',#1713,#1594,#1957,.T.);
#1442=EDGE_CURVE('',#1595,#1712,#1958,.F.);
#1443=EDGE_CURVE('',#1711,#1596,#1959,.T.);
#1444=EDGE_CURVE('',#1597,#1710,#1960,.T.);
#1445=EDGE_CURVE('',#1647,#1514,#1961,.T.);
#1446=EDGE_CURVE('',#1515,#1646,#1962,.F.);
#1447=EDGE_CURVE('',#1645,#1516,#1963,.F.);
#1448=EDGE_CURVE('',#1513,#1634,#1964,.F.);
#1449=EDGE_CURVE('',#1567,#1684,#1965,.F.);
#1450=EDGE_CURVE('',#1685,#1566,#1966,.T.);
#1451=EDGE_CURVE('',#1469,#1470,#164,.F.);
#1452=EDGE_CURVE('',#1468,#1471,#250,.T.);
#1453=EDGE_CURVE('',#1726,#1509,#1967,.T.);
#1454=VERTEX_POINT('',#3944);
#1455=VERTEX_POINT('',#3945);
#1456=VERTEX_POINT('',#3947);
#1457=VERTEX_POINT('',#3949);
#1458=VERTEX_POINT('',#3952);
#1459=VERTEX_POINT('',#3953);
#1460=VERTEX_POINT('',#3957);
#1461=VERTEX_POINT('',#3958);
#1462=VERTEX_POINT('',#3960);
#1463=VERTEX_POINT('',#3962);
#1464=VERTEX_POINT('',#3966);
#1465=VERTEX_POINT('',#3967);
#1466=VERTEX_POINT('',#3969);
#1467=VERTEX_POINT('',#3971);
#1468=VERTEX_POINT('',#3975);
#1469=VERTEX_POINT('',#3977);
#1470=VERTEX_POINT('',#3979);
#1471=VERTEX_POINT('',#3981);
#1472=VERTEX_POINT('',#3985);
#1473=VERTEX_POINT('',#3986);
#1474=VERTEX_POINT('',#3988);
#1475=VERTEX_POINT('',#3990);
#1476=VERTEX_POINT('',#3994);
#1477=VERTEX_POINT('',#3995);
#1478=VERTEX_POINT('',#3997);
#1479=VERTEX_POINT('',#3999);
#1480=VERTEX_POINT('',#4003);
#1481=VERTEX_POINT('',#4005);
#1482=VERTEX_POINT('',#4007);
#1483=VERTEX_POINT('',#4009);
#1484=VERTEX_POINT('',#4011);
#1485=VERTEX_POINT('',#4013);
#1486=VERTEX_POINT('',#4015);
#1487=VERTEX_POINT('',#4017);
#1488=VERTEX_POINT('',#4019);
#1489=VERTEX_POINT('',#4021);
#1490=VERTEX_POINT('',#4023);
#1491=VERTEX_POINT('',#4025);
#1492=VERTEX_POINT('',#4027);
#1493=VERTEX_POINT('',#4029);
#1494=VERTEX_POINT('',#4031);
#1495=VERTEX_POINT('',#4033);
#1496=VERTEX_POINT('',#4035);
#1497=VERTEX_POINT('',#4037);
#1498=VERTEX_POINT('',#4039);
#1499=VERTEX_POINT('',#4041);
#1500=VERTEX_POINT('',#4043);
#1501=VERTEX_POINT('',#4045);
#1502=VERTEX_POINT('',#4047);
#1503=VERTEX_POINT('',#4049);
#1504=VERTEX_POINT('',#4051);
#1505=VERTEX_POINT('',#4053);
#1506=VERTEX_POINT('',#4055);
#1507=VERTEX_POINT('',#4057);
#1508=VERTEX_POINT('',#4059);
#1509=VERTEX_POINT('',#4061);
#1510=VERTEX_POINT('',#4066);
#1511=VERTEX_POINT('',#4068);
#1512=VERTEX_POINT('',#4069);
#1513=VERTEX_POINT('',#4071);
#1514=VERTEX_POINT('',#4073);
#1515=VERTEX_POINT('',#4075);
#1516=VERTEX_POINT('',#4077);
#1517=VERTEX_POINT('',#4079);
#1518=VERTEX_POINT('',#4081);
#1519=VERTEX_POINT('',#4083);
#1520=VERTEX_POINT('',#4085);
#1521=VERTEX_POINT('',#4087);
#1522=VERTEX_POINT('',#4089);
#1523=VERTEX_POINT('',#4091);
#1524=VERTEX_POINT('',#4093);
#1525=VERTEX_POINT('',#4095);
#1526=VERTEX_POINT('',#4098);
#1527=VERTEX_POINT('',#4099);
#1528=VERTEX_POINT('',#4101);
#1529=VERTEX_POINT('',#4103);
#1530=VERTEX_POINT('',#4105);
#1531=VERTEX_POINT('',#4107);
#1532=VERTEX_POINT('',#4109);
#1533=VERTEX_POINT('',#4111);
#1534=VERTEX_POINT('',#4114);
#1535=VERTEX_POINT('',#4115);
#1536=VERTEX_POINT('',#4120);
#1537=VERTEX_POINT('',#4121);
#1538=VERTEX_POINT('',#4123);
#1539=VERTEX_POINT('',#4125);
#1540=VERTEX_POINT('',#4127);
#1541=VERTEX_POINT('',#4129);
#1542=VERTEX_POINT('',#4132);
#1543=VERTEX_POINT('',#4133);
#1544=VERTEX_POINT('',#4135);
#1545=VERTEX_POINT('',#4137);
#1546=VERTEX_POINT('',#4139);
#1547=VERTEX_POINT('',#4141);
#1548=VERTEX_POINT('',#4143);
#1549=VERTEX_POINT('',#4145);
#1550=VERTEX_POINT('',#4147);
#1551=VERTEX_POINT('',#4149);
#1552=VERTEX_POINT('',#4152);
#1553=VERTEX_POINT('',#4153);
#1554=VERTEX_POINT('',#4155);
#1555=VERTEX_POINT('',#4157);
#1556=VERTEX_POINT('',#4159);
#1557=VERTEX_POINT('',#4161);
#1558=VERTEX_POINT('',#4164);
#1559=VERTEX_POINT('',#4165);
#1560=VERTEX_POINT('',#4167);
#1561=VERTEX_POINT('',#4169);
#1562=VERTEX_POINT('',#4171);
#1563=VERTEX_POINT('',#4173);
#1564=VERTEX_POINT('',#4175);
#1565=VERTEX_POINT('',#4177);
#1566=VERTEX_POINT('',#4180);
#1567=VERTEX_POINT('',#4181);
#1568=VERTEX_POINT('',#4183);
#1569=VERTEX_POINT('',#4185);
#1570=VERTEX_POINT('',#4187);
#1571=VERTEX_POINT('',#4189);
#1572=VERTEX_POINT('',#4192);
#1573=VERTEX_POINT('',#4193);
#1574=VERTEX_POINT('',#4195);
#1575=VERTEX_POINT('',#4197);
#1576=VERTEX_POINT('',#4199);
#1577=VERTEX_POINT('',#4201);
#1578=VERTEX_POINT('',#4204);
#1579=VERTEX_POINT('',#4205);
#1580=VERTEX_POINT('',#4207);
#1581=VERTEX_POINT('',#4209);
#1582=VERTEX_POINT('',#4211);
#1583=VERTEX_POINT('',#4213);
#1584=VERTEX_POINT('',#4215);
#1585=VERTEX_POINT('',#4217);
#1586=VERTEX_POINT('',#4219);
#1587=VERTEX_POINT('',#4221);
#1588=VERTEX_POINT('',#4224);
#1589=VERTEX_POINT('',#4225);
#1590=VERTEX_POINT('',#4227);
#1591=VERTEX_POINT('',#4229);
#1592=VERTEX_POINT('',#4231);
#1593=VERTEX_POINT('',#4233);
#1594=VERTEX_POINT('',#4236);
#1595=VERTEX_POINT('',#4237);
#1596=VERTEX_POINT('',#4239);
#1597=VERTEX_POINT('',#4241);
#1598=VERTEX_POINT('',#4243);
#1599=VERTEX_POINT('',#4245);
#1600=VERTEX_POINT('',#4247);
#1601=VERTEX_POINT('',#4249);
#1602=VERTEX_POINT('',#4253);
#1603=VERTEX_POINT('',#4255);
#1604=VERTEX_POINT('',#4257);
#1605=VERTEX_POINT('',#4259);
#1606=VERTEX_POINT('',#4261);
#1607=VERTEX_POINT('',#4263);
#1608=VERTEX_POINT('',#4265);
#1609=VERTEX_POINT('',#4266);
#1610=VERTEX_POINT('',#4268);
#1611=VERTEX_POINT('',#4270);
#1612=VERTEX_POINT('',#4272);
#1613=VERTEX_POINT('',#4274);
#1614=VERTEX_POINT('',#4276);
#1615=VERTEX_POINT('',#4278);
#1616=VERTEX_POINT('',#4280);
#1617=VERTEX_POINT('',#4282);
#1618=VERTEX_POINT('',#4284);
#1619=VERTEX_POINT('',#4286);
#1620=VERTEX_POINT('',#4288);
#1621=VERTEX_POINT('',#4290);
#1622=VERTEX_POINT('',#4292);
#1623=VERTEX_POINT('',#4294);
#1624=VERTEX_POINT('',#4297);
#1625=VERTEX_POINT('',#4299);
#1626=VERTEX_POINT('',#4300);
#1627=VERTEX_POINT('',#4302);
#1628=VERTEX_POINT('',#4304);
#1629=VERTEX_POINT('',#4306);
#1630=VERTEX_POINT('',#4308);
#1631=VERTEX_POINT('',#4310);
#1632=VERTEX_POINT('',#4312);
#1633=VERTEX_POINT('',#4315);
#1634=VERTEX_POINT('',#4316);
#1635=VERTEX_POINT('',#4318);
#1636=VERTEX_POINT('',#4320);
#1637=VERTEX_POINT('',#4322);
#1638=VERTEX_POINT('',#4324);
#1639=VERTEX_POINT('',#4326);
#1640=VERTEX_POINT('',#4328);
#1641=VERTEX_POINT('',#4330);
#1642=VERTEX_POINT('',#4332);
#1643=VERTEX_POINT('',#4334);
#1644=VERTEX_POINT('',#4336);
#1645=VERTEX_POINT('',#4338);
#1646=VERTEX_POINT('',#4340);
#1647=VERTEX_POINT('',#4342);
#1648=VERTEX_POINT('',#4345);
#1649=VERTEX_POINT('',#4347);
#1650=VERTEX_POINT('',#4351);
#1651=VERTEX_POINT('',#4352);
#1652=VERTEX_POINT('',#4354);
#1653=VERTEX_POINT('',#4356);
#1654=VERTEX_POINT('',#4358);
#1655=VERTEX_POINT('',#4360);
#1656=VERTEX_POINT('',#4363);
#1657=VERTEX_POINT('',#4364);
#1658=VERTEX_POINT('',#4366);
#1659=VERTEX_POINT('',#4368);
#1660=VERTEX_POINT('',#4370);
#1661=VERTEX_POINT('',#4372);
#1662=VERTEX_POINT('',#4374);
#1663=VERTEX_POINT('',#4376);
#1664=VERTEX_POINT('',#4378);
#1665=VERTEX_POINT('',#4380);
#1666=VERTEX_POINT('',#4383);
#1667=VERTEX_POINT('',#4384);
#1668=VERTEX_POINT('',#4386);
#1669=VERTEX_POINT('',#4388);
#1670=VERTEX_POINT('',#4390);
#1671=VERTEX_POINT('',#4392);
#1672=VERTEX_POINT('',#4395);
#1673=VERTEX_POINT('',#4396);
#1674=VERTEX_POINT('',#4398);
#1675=VERTEX_POINT('',#4400);
#1676=VERTEX_POINT('',#4402);
#1677=VERTEX_POINT('',#4404);
#1678=VERTEX_POINT('',#4406);
#1679=VERTEX_POINT('',#4408);
#1680=VERTEX_POINT('',#4411);
#1681=VERTEX_POINT('',#4412);
#1682=VERTEX_POINT('',#4414);
#1683=VERTEX_POINT('',#4416);
#1684=VERTEX_POINT('',#4418);
#1685=VERTEX_POINT('',#4420);
#1686=VERTEX_POINT('',#4423);
#1687=VERTEX_POINT('',#4424);
#1688=VERTEX_POINT('',#4426);
#1689=VERTEX_POINT('',#4428);
#1690=VERTEX_POINT('',#4430);
#1691=VERTEX_POINT('',#4432);
#1692=VERTEX_POINT('',#4435);
#1693=VERTEX_POINT('',#4436);
#1694=VERTEX_POINT('',#4438);
#1695=VERTEX_POINT('',#4440);
#1696=VERTEX_POINT('',#4442);
#1697=VERTEX_POINT('',#4444);
#1698=VERTEX_POINT('',#4446);
#1699=VERTEX_POINT('',#4448);
#1700=VERTEX_POINT('',#4450);
#1701=VERTEX_POINT('',#4452);
#1702=VERTEX_POINT('',#4455);
#1703=VERTEX_POINT('',#4456);
#1704=VERTEX_POINT('',#4458);
#1705=VERTEX_POINT('',#4460);
#1706=VERTEX_POINT('',#4462);
#1707=VERTEX_POINT('',#4464);
#1708=VERTEX_POINT('',#4467);
#1709=VERTEX_POINT('',#4468);
#1710=VERTEX_POINT('',#4470);
#1711=VERTEX_POINT('',#4472);
#1712=VERTEX_POINT('',#4474);
#1713=VERTEX_POINT('',#4476);
#1714=VERTEX_POINT('',#4478);
#1715=VERTEX_POINT('',#4480);
#1716=VERTEX_POINT('',#4504);
#1717=VERTEX_POINT('',#4507);
#1718=VERTEX_POINT('',#4509);
#1719=VERTEX_POINT('',#4513);
#1720=VERTEX_POINT('',#4515);
#1721=VERTEX_POINT('',#4518);
#1722=VERTEX_POINT('',#4520);
#1723=VERTEX_POINT('',#4521);
#1724=VERTEX_POINT('',#4526);
#1725=VERTEX_POINT('',#4530);
#1726=VERTEX_POINT('',#4655);
#1727=LINE('',#3943,#1968);
#1728=LINE('',#3946,#1969);
#1729=LINE('',#3948,#1970);
#1730=LINE('',#3950,#1971);
#1731=LINE('',#3956,#1972);
#1732=LINE('',#3959,#1973);
#1733=LINE('',#3961,#1974);
#1734=LINE('',#3963,#1975);
#1735=LINE('',#3965,#1976);
#1736=LINE('',#3968,#1977);
#1737=LINE('',#3970,#1978);
#1738=LINE('',#3972,#1979);
#1739=LINE('',#3974,#1980);
#1740=LINE('',#3982,#1981);
#1741=LINE('',#3984,#1982);
#1742=LINE('',#3987,#1983);
#1743=LINE('',#3989,#1984);
#1744=LINE('',#3991,#1985);
#1745=LINE('',#3993,#1986);
#1746=LINE('',#3996,#1987);
#1747=LINE('',#3998,#1988);
#1748=LINE('',#4000,#1989);
#1749=LINE('',#4014,#1990);
#1750=LINE('',#4018,#1991);
#1751=LINE('',#4022,#1992);
#1752=LINE('',#4028,#1993);
#1753=LINE('',#4032,#1994);
#1754=LINE('',#4038,#1995);
#1755=LINE('',#4042,#1996);
#1756=LINE('',#4046,#1997);
#1757=LINE('',#4048,#1998);
#1758=LINE('',#4052,#1999);
#1759=LINE('',#4056,#2000);
#1760=LINE('',#4058,#2001);
#1761=LINE('',#4060,#2002);
#1762=LINE('',#4062,#2003);
#1763=LINE('',#4070,#2004);
#1764=LINE('',#4078,#2005);
#1765=LINE('',#4082,#2006);
#1766=LINE('',#4084,#2007);
#1767=LINE('',#4088,#2008);
#1768=LINE('',#4096,#2009);
#1769=LINE('',#4097,#2010);
#1770=LINE('',#4102,#2011);
#1771=LINE('',#4106,#2012);
#1772=LINE('',#4110,#2013);
#1773=LINE('',#4113,#2014);
#1774=LINE('',#4119,#2015);
#1775=LINE('',#4124,#2016);
#1776=LINE('',#4128,#2017);
#1777=LINE('',#4131,#2018);
#1778=LINE('',#4140,#2019);
#1779=LINE('',#4148,#2020);
#1780=LINE('',#4151,#2021);
#1781=LINE('',#4156,#2022);
#1782=LINE('',#4160,#2023);
#1783=LINE('',#4163,#2024);
#1784=LINE('',#4168,#2025);
#1785=LINE('',#4176,#2026);
#1786=LINE('',#4179,#2027);
#1787=LINE('',#4184,#2028);
#1788=LINE('',#4188,#2029);
#1789=LINE('',#4191,#2030);
#1790=LINE('',#4196,#2031);
#1791=LINE('',#4200,#2032);
#1792=LINE('',#4203,#2033);
#1793=LINE('',#4208,#2034);
#1794=LINE('',#4216,#2035);
#1795=LINE('',#4223,#2036);
#1796=LINE('',#4228,#2037);
#1797=LINE('',#4232,#2038);
#1798=LINE('',#4235,#2039);
#1799=LINE('',#4240,#2040);
#1800=LINE('',#4248,#2041);
#1801=LINE('',#4264,#2042);
#1802=LINE('',#4269,#2043);
#1803=LINE('',#4273,#2044);
#1804=LINE('',#4277,#2045);
#1805=LINE('',#4283,#2046);
#1806=LINE('',#4287,#2047);
#1807=LINE('',#4293,#2048);
#1808=LINE('',#4298,#2049);
#1809=LINE('',#4303,#2050);
#1810=LINE('',#4307,#2051);
#1811=LINE('',#4311,#2052);
#1812=LINE('',#4314,#2053);
#1813=LINE('',#4319,#2054);
#1814=LINE('',#4327,#2055);
#1815=LINE('',#4331,#2056);
#1816=LINE('',#4333,#2057);
#1817=LINE('',#4337,#2058);
#1818=LINE('',#4346,#2059);
#1819=LINE('',#4350,#2060);
#1820=LINE('',#4355,#2061);
#1821=LINE('',#4359,#2062);
#1822=LINE('',#4367,#2063);
#1823=LINE('',#4371,#2064);
#1824=LINE('',#4379,#2065);
#1825=LINE('',#4382,#2066);
#1826=LINE('',#4387,#2067);
#1827=LINE('',#4391,#2068);
#1828=LINE('',#4399,#2069);
#1829=LINE('',#4403,#2070);
#1830=LINE('',#4407,#2071);
#1831=LINE('',#4410,#2072);
#1832=LINE('',#4415,#2073);
#1833=LINE('',#4419,#2074);
#1834=LINE('',#4422,#2075);
#1835=LINE('',#4427,#2076);
#1836=LINE('',#4431,#2077);
#1837=LINE('',#4439,#2078);
#1838=LINE('',#4447,#2079);
#1839=LINE('',#4451,#2080);
#1840=LINE('',#4454,#2081);
#1841=LINE('',#4459,#2082);
#1842=LINE('',#4463,#2083);
#1843=LINE('',#4471,#2084);
#1844=LINE('',#4475,#2085);
#1845=LINE('',#4479,#2086);
#1846=LINE('',#4483,#2087);
#1847=LINE('',#4484,#2088);
#1848=LINE('',#4486,#2089);
#1849=LINE('',#4487,#2090);
#1850=LINE('',#4489,#2091);
#1851=LINE('',#4490,#2092);
#1852=LINE('',#4493,#2093);
#1853=LINE('',#4494,#2094);
#1854=LINE('',#4497,#2095);
#1855=LINE('',#4500,#2096);
#1856=LINE('',#4502,#2097);
#1857=LINE('',#4503,#2098);
#1858=LINE('',#4505,#2099);
#1859=LINE('',#4506,#2100);
#1860=LINE('',#4508,#2101);
#1861=LINE('',#4510,#2102);
#1862=LINE('',#4511,#2103);
#1863=LINE('',#4519,#2104);
#1864=LINE('',#4522,#2105);
#1865=LINE('',#4523,#2106);
#1866=LINE('',#4525,#2107);
#1867=LINE('',#4527,#2108);
#1868=LINE('',#4529,#2109);
#1869=LINE('',#4531,#2110);
#1870=LINE('',#4540,#2111);
#1871=LINE('',#4541,#2112);
#1872=LINE('',#4543,#2113);
#1873=LINE('',#4544,#2114);
#1874=LINE('',#4546,#2115);
#1875=LINE('',#4547,#2116);
#1876=LINE('',#4549,#2117);
#1877=LINE('',#4550,#2118);
#1878=LINE('',#4552,#2119);
#1879=LINE('',#4554,#2120);
#1880=LINE('',#4556,#2121);
#1881=LINE('',#4557,#2122);
#1882=LINE('',#4559,#2123);
#1883=LINE('',#4560,#2124);
#1884=LINE('',#4562,#2125);
#1885=LINE('',#4563,#2126);
#1886=LINE('',#4565,#2127);
#1887=LINE('',#4566,#2128);
#1888=LINE('',#4568,#2129);
#1889=LINE('',#4569,#2130);
#1890=LINE('',#4571,#2131);
#1891=LINE('',#4572,#2132);
#1892=LINE('',#4574,#2133);
#1893=LINE('',#4575,#2134);
#1894=LINE('',#4577,#2135);
#1895=LINE('',#4578,#2136);
#1896=LINE('',#4580,#2137);
#1897=LINE('',#4581,#2138);
#1898=LINE('',#4583,#2139);
#1899=LINE('',#4584,#2140);
#1900=LINE('',#4586,#2141);
#1901=LINE('',#4587,#2142);
#1902=LINE('',#4589,#2143);
#1903=LINE('',#4590,#2144);
#1904=LINE('',#4592,#2145);
#1905=LINE('',#4593,#2146);
#1906=LINE('',#4595,#2147);
#1907=LINE('',#4597,#2148);
#1908=LINE('',#4598,#2149);
#1909=LINE('',#4618,#2150);
#1910=LINE('',#4620,#2151);
#1911=LINE('',#4621,#2152);
#1912=LINE('',#4623,#2153);
#1913=LINE('',#4625,#2154);
#1914=LINE('',#4627,#2155);
#1915=LINE('',#4631,#2156);
#1916=LINE('',#4632,#2157);
#1917=LINE('',#4634,#2158);
#1918=LINE('',#4635,#2159);
#1919=LINE('',#4637,#2160);
#1920=LINE('',#4638,#2161);
#1921=LINE('',#4640,#2162);
#1922=LINE('',#4641,#2163);
#1923=LINE('',#4643,#2164);
#1924=LINE('',#4644,#2165);
#1925=LINE('',#4647,#2166);
#1926=LINE('',#4650,#2167);
#1927=LINE('',#4654,#2168);
#1928=LINE('',#4656,#2169);
#1929=LINE('',#4660,#2170);
#1930=LINE('',#4661,#2171);
#1931=LINE('',#4663,#2172);
#1932=LINE('',#4664,#2173);
#1933=LINE('',#4666,#2174);
#1934=LINE('',#4667,#2175);
#1935=LINE('',#4669,#2176);
#1936=LINE('',#4670,#2177);
#1937=LINE('',#4672,#2178);
#1938=LINE('',#4674,#2179);
#1939=LINE('',#4676,#2180);
#1940=LINE('',#4677,#2181);
#1941=LINE('',#4679,#2182);
#1942=LINE('',#4680,#2183);
#1943=LINE('',#4682,#2184);
#1944=LINE('',#4683,#2185);
#1945=LINE('',#4685,#2186);
#1946=LINE('',#4686,#2187);
#1947=LINE('',#4688,#2188);
#1948=LINE('',#4689,#2189);
#1949=LINE('',#4691,#2190);
#1950=LINE('',#4692,#2191);
#1951=LINE('',#4694,#2192);
#1952=LINE('',#4696,#2193);
#1953=LINE('',#4698,#2194);
#1954=LINE('',#4699,#2195);
#1955=LINE('',#4701,#2196);
#1956=LINE('',#4702,#2197);
#1957=LINE('',#4704,#2198);
#1958=LINE('',#4705,#2199);
#1959=LINE('',#4707,#2200);
#1960=LINE('',#4708,#2201);
#1961=LINE('',#4710,#2202);
#1962=LINE('',#4711,#2203);
#1963=LINE('',#4713,#2204);
#1964=LINE('',#4715,#2205);
#1965=LINE('',#4736,#2206);
#1966=LINE('',#4737,#2207);
#1967=LINE('',#4744,#2208);
#1968=VECTOR('',#3104,1.);
#1969=VECTOR('',#3105,1.);
#1970=VECTOR('',#3106,1.);
#1971=VECTOR('',#3107,1.);
#1972=VECTOR('',#3114,1.);
#1973=VECTOR('',#3115,1.);
#1974=VECTOR('',#3116,1.);
#1975=VECTOR('',#3117,1.);
#1976=VECTOR('',#3120,1.);
#1977=VECTOR('',#3121,1.);
#1978=VECTOR('',#3122,1.);
#1979=VECTOR('',#3123,1.);
#1980=VECTOR('',#3126,1.);
#1981=VECTOR('',#3133,1.);
#1982=VECTOR('',#3136,1.);
#1983=VECTOR('',#3137,1.);
#1984=VECTOR('',#3138,1.);
#1985=VECTOR('',#3139,1.);
#1986=VECTOR('',#3142,1.);
#1987=VECTOR('',#3143,1.);
#1988=VECTOR('',#3144,1.);
#1989=VECTOR('',#3145,1.);
#1990=VECTOR('',#3160,1.);
#1991=VECTOR('',#3163,1.);
#1992=VECTOR('',#3166,1.);
#1993=VECTOR('',#3171,1.);
#1994=VECTOR('',#3174,1.);
#1995=VECTOR('',#3179,1.);
#1996=VECTOR('',#3182,1.);
#1997=VECTOR('',#3185,1.);
#1998=VECTOR('',#3186,1.);
#1999=VECTOR('',#3189,1.);
#2000=VECTOR('',#3192,1.);
#2001=VECTOR('',#3193,1.);
#2002=VECTOR('',#3194,1.);
#2003=VECTOR('',#3195,1.);
#2004=VECTOR('',#3204,1.);
#2005=VECTOR('',#3211,1.);
#2006=VECTOR('',#3214,1.);
#2007=VECTOR('',#3215,1.);
#2008=VECTOR('',#3218,1.);
#2009=VECTOR('',#3225,1.);
#2010=VECTOR('',#3226,1.);
#2011=VECTOR('',#3229,1.);
#2012=VECTOR('',#3232,1.);
#2013=VECTOR('',#3235,1.);
#2014=VECTOR('',#3238,1.);
#2015=VECTOR('',#3245,1.);
#2016=VECTOR('',#3248,1.);
#2017=VECTOR('',#3251,1.);
#2018=VECTOR('',#3254,1.);
#2019=VECTOR('',#3261,1.);
#2020=VECTOR('',#3268,1.);
#2021=VECTOR('',#3271,1.);
#2022=VECTOR('',#3274,1.);
#2023=VECTOR('',#3277,1.);
#2024=VECTOR('',#3280,1.);
#2025=VECTOR('',#3283,1.);
#2026=VECTOR('',#3290,1.);
#2027=VECTOR('',#3293,1.);
#2028=VECTOR('',#3296,1.);
#2029=VECTOR('',#3299,1.);
#2030=VECTOR('',#3302,1.);
#2031=VECTOR('',#3305,1.);
#2032=VECTOR('',#3308,1.);
#2033=VECTOR('',#3311,1.);
#2034=VECTOR('',#3314,1.);
#2035=VECTOR('',#3321,1.);
#2036=VECTOR('',#3328,1.);
#2037=VECTOR('',#3331,1.);
#2038=VECTOR('',#3334,1.);
#2039=VECTOR('',#3337,1.);
#2040=VECTOR('',#3340,1.);
#2041=VECTOR('',#3347,1.);
#2042=VECTOR('',#3364,1.);
#2043=VECTOR('',#3367,1.);
#2044=VECTOR('',#3370,1.);
#2045=VECTOR('',#3373,1.);
#2046=VECTOR('',#3378,1.);
#2047=VECTOR('',#3381,1.);
#2048=VECTOR('',#3386,1.);
#2049=VECTOR('',#3391,1.);
#2050=VECTOR('',#3394,1.);
#2051=VECTOR('',#3397,1.);
#2052=VECTOR('',#3400,1.);
#2053=VECTOR('',#3403,1.);
#2054=VECTOR('',#3406,1.);
#2055=VECTOR('',#3413,1.);
#2056=VECTOR('',#3416,1.);
#2057=VECTOR('',#3417,1.);
#2058=VECTOR('',#3420,1.);
#2059=VECTOR('',#3429,1.);
#2060=VECTOR('',#3434,1.);
#2061=VECTOR('',#3437,1.);
#2062=VECTOR('',#3440,1.);
#2063=VECTOR('',#3447,1.);
#2064=VECTOR('',#3450,1.);
#2065=VECTOR('',#3457,1.);
#2066=VECTOR('',#3460,1.);
#2067=VECTOR('',#3463,1.);
#2068=VECTOR('',#3466,1.);
#2069=VECTOR('',#3473,1.);
#2070=VECTOR('',#3476,1.);
#2071=VECTOR('',#3479,1.);
#2072=VECTOR('',#3482,1.);
#2073=VECTOR('',#3485,1.);
#2074=VECTOR('',#3488,1.);
#2075=VECTOR('',#3491,1.);
#2076=VECTOR('',#3494,1.);
#2077=VECTOR('',#3497,1.);
#2078=VECTOR('',#3504,1.);
#2079=VECTOR('',#3511,1.);
#2080=VECTOR('',#3514,1.);
#2081=VECTOR('',#3517,1.);
#2082=VECTOR('',#3520,1.);
#2083=VECTOR('',#3523,1.);
#2084=VECTOR('',#3530,1.);
#2085=VECTOR('',#3533,1.);
#2086=VECTOR('',#3536,1.);
#2087=VECTOR('',#3541,1.);
#2088=VECTOR('',#3542,1.);
#2089=VECTOR('',#3545,1.);
#2090=VECTOR('',#3546,1.);
#2091=VECTOR('',#3549,1.);
#2092=VECTOR('',#3550,1.);
#2093=VECTOR('',#3555,1.);
#2094=VECTOR('',#3556,1.);
#2095=VECTOR('',#3561,1.);
#2096=VECTOR('',#3566,1.);
#2097=VECTOR('',#3569,1.);
#2098=VECTOR('',#3570,1.);
#2099=VECTOR('',#3571,1.);
#2100=VECTOR('',#3572,1.);
#2101=VECTOR('',#3573,1.);
#2102=VECTOR('',#3574,1.);
#2103=VECTOR('',#3575,1.);
#2104=VECTOR('',#3584,1.);
#2105=VECTOR('',#3585,1.);
#2106=VECTOR('',#3586,1.);
#2107=VECTOR('',#3589,1.);
#2108=VECTOR('',#3590,1.);
#2109=VECTOR('',#3593,1.);
#2110=VECTOR('',#3594,1.);
#2111=VECTOR('',#3611,1.);
#2112=VECTOR('',#3612,1.);
#2113=VECTOR('',#3615,1.);
#2114=VECTOR('',#3616,1.);
#2115=VECTOR('',#3619,1.);
#2116=VECTOR('',#3620,1.);
#2117=VECTOR('',#3623,1.);
#2118=VECTOR('',#3624,1.);
#2119=VECTOR('',#3627,1.);
#2120=VECTOR('',#3630,1.);
#2121=VECTOR('',#3633,1.);
#2122=VECTOR('',#3634,1.);
#2123=VECTOR('',#3637,1.);
#2124=VECTOR('',#3638,1.);
#2125=VECTOR('',#3641,1.);
#2126=VECTOR('',#3642,1.);
#2127=VECTOR('',#3645,1.);
#2128=VECTOR('',#3646,1.);
#2129=VECTOR('',#3649,1.);
#2130=VECTOR('',#3650,1.);
#2131=VECTOR('',#3653,1.);
#2132=VECTOR('',#3654,1.);
#2133=VECTOR('',#3657,1.);
#2134=VECTOR('',#3658,1.);
#2135=VECTOR('',#3661,1.);
#2136=VECTOR('',#3662,1.);
#2137=VECTOR('',#3665,1.);
#2138=VECTOR('',#3666,1.);
#2139=VECTOR('',#3669,1.);
#2140=VECTOR('',#3670,1.);
#2141=VECTOR('',#3673,1.);
#2142=VECTOR('',#3674,1.);
#2143=VECTOR('',#3677,1.);
#2144=VECTOR('',#3678,1.);
#2145=VECTOR('',#3681,1.);
#2146=VECTOR('',#3682,1.);
#2147=VECTOR('',#3685,1.);
#2148=VECTOR('',#3688,1.);
#2149=VECTOR('',#3689,1.);
#2150=VECTOR('',#3728,1.);
#2151=VECTOR('',#3731,1.);
#2152=VECTOR('',#3732,1.);
#2153=VECTOR('',#3735,1.);
#2154=VECTOR('',#3738,1.);
#2155=VECTOR('',#3741,1.);
#2156=VECTOR('',#3748,1.);
#2157=VECTOR('',#3749,1.);
#2158=VECTOR('',#3752,1.);
#2159=VECTOR('',#3753,1.);
#2160=VECTOR('',#3756,1.);
#2161=VECTOR('',#3757,1.);
#2162=VECTOR('',#3760,1.);
#2163=VECTOR('',#3761,1.);
#2164=VECTOR('',#3764,1.);
#2165=VECTOR('',#3765,1.);
#2166=VECTOR('',#3770,1.);
#2167=VECTOR('',#3775,1.);
#2168=VECTOR('',#3782,1.);
#2169=VECTOR('',#3783,1.);
#2170=VECTOR('',#3790,1.);
#2171=VECTOR('',#3791,1.);
#2172=VECTOR('',#3794,1.);
#2173=VECTOR('',#3795,1.);
#2174=VECTOR('',#3798,1.);
#2175=VECTOR('',#3799,1.);
#2176=VECTOR('',#3802,1.);
#2177=VECTOR('',#3803,1.);
#2178=VECTOR('',#3806,1.);
#2179=VECTOR('',#3809,1.);
#2180=VECTOR('',#3812,1.);
#2181=VECTOR('',#3813,1.);
#2182=VECTOR('',#3816,1.);
#2183=VECTOR('',#3817,1.);
#2184=VECTOR('',#3820,1.);
#2185=VECTOR('',#3821,1.);
#2186=VECTOR('',#3824,1.);
#2187=VECTOR('',#3825,1.);
#2188=VECTOR('',#3828,1.);
#2189=VECTOR('',#3829,1.);
#2190=VECTOR('',#3832,1.);
#2191=VECTOR('',#3833,1.);
#2192=VECTOR('',#3836,1.);
#2193=VECTOR('',#3839,1.);
#2194=VECTOR('',#3842,1.);
#2195=VECTOR('',#3843,1.);
#2196=VECTOR('',#3846,1.);
#2197=VECTOR('',#3847,1.);
#2198=VECTOR('',#3850,1.);
#2199=VECTOR('',#3851,1.);
#2200=VECTOR('',#3854,1.);
#2201=VECTOR('',#3855,1.);
#2202=VECTOR('',#3858,1.);
#2203=VECTOR('',#3859,1.);
#2204=VECTOR('',#3862,1.);
#2205=VECTOR('',#3865,1.);
#2206=VECTOR('',#3906,1.);
#2207=VECTOR('',#3907,1.);
#2208=VECTOR('',#3920,1.);
#2209=EDGE_LOOP('',(#251,#252,#253,#254));
#2210=EDGE_LOOP('',(#255,#256));
#2211=EDGE_LOOP('',(#257,#258,#259,#260));
#2212=EDGE_LOOP('',(#261,#262,#263,#264));
#2213=EDGE_LOOP('',(#265,#266,#267,#268,#269,#270));
#2214=EDGE_LOOP('',(#271,#272,#273,#274));
#2215=EDGE_LOOP('',(#275,#276,#277,#278));
#2216=EDGE_LOOP('',(#279));
#2217=EDGE_LOOP('',(#280));
#2218=EDGE_LOOP('',(#281));
#2219=EDGE_LOOP('',(#282));
#2220=EDGE_LOOP('',(#283));
#2221=EDGE_LOOP('',(#284));
#2222=EDGE_LOOP('',(#285,#286,#287,#288,#289,#290,#291,#292,#293,#294,#295,
#296,#297,#298,#299,#300,#301,#302,#303,#304,#305,#306,#307,#308,#309,#310,
#311,#312,#313,#314));
#2223=EDGE_LOOP('',(#315));
#2224=EDGE_LOOP('',(#316,#317,#318,#319,#320,#321,#322,#323,#324,#325,#326,
#327,#328,#329,#330));
#2225=EDGE_LOOP('',(#331,#332,#333,#334,#335,#336,#337,#338));
#2226=EDGE_LOOP('',(#339,#340,#341,#342,#343,#344));
#2227=EDGE_LOOP('',(#345,#346,#347,#348,#349,#350));
#2228=EDGE_LOOP('',(#351,#352,#353,#354,#355,#356,#357,#358,#359,#360));
#2229=EDGE_LOOP('',(#361,#362,#363,#364,#365,#366));
#2230=EDGE_LOOP('',(#367,#368,#369,#370,#371,#372,#373,#374));
#2231=EDGE_LOOP('',(#375,#376,#377,#378,#379,#380));
#2232=EDGE_LOOP('',(#381,#382,#383,#384,#385,#386));
#2233=EDGE_LOOP('',(#387,#388,#389,#390,#391,#392,#393,#394,#395,#396));
#2234=EDGE_LOOP('',(#397,#398,#399,#400,#401,#402));
#2235=EDGE_LOOP('',(#403,#404,#405,#406,#407,#408,#409,#410));
#2236=EDGE_LOOP('',(#411));
#2237=EDGE_LOOP('',(#412));
#2238=EDGE_LOOP('',(#413));
#2239=EDGE_LOOP('',(#414));
#2240=EDGE_LOOP('',(#415));
#2241=EDGE_LOOP('',(#416));
#2242=EDGE_LOOP('',(#417,#418,#419,#420,#421,#422,#423,#424,#425,#426,#427,
#428,#429,#430,#431,#432));
#2243=EDGE_LOOP('',(#433));
#2244=EDGE_LOOP('',(#434,#435,#436,#437,#438,#439,#440,#441));
#2245=EDGE_LOOP('',(#442,#443,#444,#445,#446,#447,#448,#449,#450,#451,#452,
#453,#454,#455,#456));
#2246=EDGE_LOOP('',(#457,#458,#459,#460,#461,#462));
#2247=EDGE_LOOP('',(#463,#464,#465,#466,#467,#468));
#2248=EDGE_LOOP('',(#469,#470,#471,#472,#473,#474,#475,#476,#477,#478));
#2249=EDGE_LOOP('',(#479,#480,#481,#482,#483,#484));
#2250=EDGE_LOOP('',(#485,#486,#487,#488,#489,#490,#491,#492));
#2251=EDGE_LOOP('',(#493,#494,#495,#496,#497,#498));
#2252=EDGE_LOOP('',(#499,#500,#501,#502,#503,#504));
#2253=EDGE_LOOP('',(#505,#506,#507,#508,#509,#510,#511,#512,#513,#514));
#2254=EDGE_LOOP('',(#515,#516,#517,#518,#519,#520));
#2255=EDGE_LOOP('',(#521,#522,#523,#524,#525,#526,#527,#528));
#2256=EDGE_LOOP('',(#529,#530,#531,#532));
#2257=EDGE_LOOP('',(#533,#534,#535,#536));
#2258=EDGE_LOOP('',(#537,#538,#539,#540));
#2259=EDGE_LOOP('',(#541));
#2260=EDGE_LOOP('',(#542));
#2261=EDGE_LOOP('',(#543,#544,#545,#546));
#2262=EDGE_LOOP('',(#547,#548,#549,#550));
#2263=EDGE_LOOP('',(#551,#552,#553,#554));
#2264=EDGE_LOOP('',(#555,#556,#557,#558));
#2265=EDGE_LOOP('',(#559,#560,#561,#562));
#2266=EDGE_LOOP('',(#563,#564,#565,#566,#567,#568,#569,#570,#571,#572,#573,
#574));
#2267=EDGE_LOOP('',(#575));
#2268=EDGE_LOOP('',(#576));
#2269=EDGE_LOOP('',(#577));
#2270=EDGE_LOOP('',(#578,#579,#580,#581));
#2271=EDGE_LOOP('',(#582,#583,#584,#585));
#2272=EDGE_LOOP('',(#586,#587,#588,#589));
#2273=EDGE_LOOP('',(#590,#591,#592,#593,#594,#595));
#2274=EDGE_LOOP('',(#596,#597,#598,#599));
#2275=EDGE_LOOP('',(#600,#601,#602,#603));
#2276=EDGE_LOOP('',(#604,#605,#606,#607));
#2277=EDGE_LOOP('',(#608));
#2278=EDGE_LOOP('',(#609));
#2279=EDGE_LOOP('',(#610,#611,#612,#613));
#2280=EDGE_LOOP('',(#614,#615,#616,#617));
#2281=EDGE_LOOP('',(#618,#619,#620,#621));
#2282=EDGE_LOOP('',(#622,#623,#624,#625));
#2283=EDGE_LOOP('',(#626,#627,#628,#629));
#2284=EDGE_LOOP('',(#630,#631,#632,#633));
#2285=EDGE_LOOP('',(#634,#635,#636,#637));
#2286=EDGE_LOOP('',(#638,#639,#640,#641));
#2287=EDGE_LOOP('',(#642,#643,#644,#645));
#2288=EDGE_LOOP('',(#646,#647,#648,#649));
#2289=EDGE_LOOP('',(#650,#651,#652,#653));
#2290=EDGE_LOOP('',(#654,#655,#656,#657));
#2291=EDGE_LOOP('',(#658,#659,#660,#661));
#2292=EDGE_LOOP('',(#662,#663,#664,#665));
#2293=EDGE_LOOP('',(#666,#667,#668,#669));
#2294=EDGE_LOOP('',(#670,#671,#672,#673));
#2295=EDGE_LOOP('',(#674,#675,#676,#677));
#2296=EDGE_LOOP('',(#678,#679,#680,#681));
#2297=EDGE_LOOP('',(#682,#683,#684,#685));
#2298=EDGE_LOOP('',(#686,#687,#688,#689));
#2299=EDGE_LOOP('',(#690,#691,#692,#693));
#2300=EDGE_LOOP('',(#694,#695,#696,#697));
#2301=EDGE_LOOP('',(#698,#699,#700,#701));
#2302=EDGE_LOOP('',(#702,#703,#704,#705));
#2303=EDGE_LOOP('',(#706,#707,#708,#709));
#2304=EDGE_LOOP('',(#710,#711,#712,#713));
#2305=EDGE_LOOP('',(#714,#715,#716,#717));
#2306=EDGE_LOOP('',(#718,#719,#720,#721));
#2307=EDGE_LOOP('',(#722,#723,#724,#725));
#2308=EDGE_LOOP('',(#726,#727,#728,#729));
#2309=EDGE_LOOP('',(#730,#731,#732,#733));
#2310=EDGE_LOOP('',(#734,#735,#736,#737));
#2311=EDGE_LOOP('',(#738,#739,#740,#741));
#2312=EDGE_LOOP('',(#742,#743,#744,#745));
#2313=EDGE_LOOP('',(#746,#747,#748,#749));
#2314=EDGE_LOOP('',(#750,#751,#752,#753));
#2315=EDGE_LOOP('',(#754,#755,#756,#757));
#2316=EDGE_LOOP('',(#758,#759,#760,#761));
#2317=EDGE_LOOP('',(#762,#763,#764,#765));
#2318=EDGE_LOOP('',(#766,#767,#768,#769));
#2319=EDGE_LOOP('',(#770,#771,#772,#773));
#2320=EDGE_LOOP('',(#774,#775,#776,#777));
#2321=EDGE_LOOP('',(#778,#779,#780,#781));
#2322=EDGE_LOOP('',(#782,#783,#784,#785));
#2323=EDGE_LOOP('',(#786,#787,#788,#789));
#2324=EDGE_LOOP('',(#790,#791,#792,#793));
#2325=EDGE_LOOP('',(#794,#795,#796,#797));
#2326=EDGE_LOOP('',(#798,#799,#800,#801));
#2327=EDGE_LOOP('',(#802,#803,#804,#805));
#2328=EDGE_LOOP('',(#806,#807,#808,#809));
#2329=EDGE_LOOP('',(#810,#811,#812,#813));
#2330=EDGE_LOOP('',(#814,#815,#816,#817));
#2331=EDGE_LOOP('',(#818,#819,#820,#821));
#2332=EDGE_LOOP('',(#822,#823,#824,#825));
#2333=EDGE_LOOP('',(#826,#827,#828,#829));
#2334=EDGE_LOOP('',(#830,#831,#832,#833,#834,#835,#836,#837));
#2335=EDGE_LOOP('',(#838,#839,#840,#841));
#2336=EDGE_LOOP('',(#842,#843,#844,#845));
#2337=EDGE_LOOP('',(#846,#847,#848,#849));
#2338=EDGE_LOOP('',(#850,#851,#852,#853));
#2339=EDGE_LOOP('',(#854,#855,#856,#857));
#2340=EDGE_LOOP('',(#858,#859,#860,#861));
#2341=EDGE_LOOP('',(#862,#863,#864,#865));
#2342=EDGE_LOOP('',(#866,#867,#868,#869));
#2343=EDGE_LOOP('',(#870,#871,#872,#873));
#2344=EDGE_LOOP('',(#874,#875,#876,#877));
#2345=EDGE_LOOP('',(#878,#879,#880,#881));
#2346=EDGE_LOOP('',(#882,#883,#884,#885));
#2347=EDGE_LOOP('',(#886,#887,#888,#889));
#2348=EDGE_LOOP('',(#890,#891,#892,#893));
#2349=EDGE_LOOP('',(#894,#895,#896,#897));
#2350=EDGE_LOOP('',(#898,#899,#900,#901));
#2351=EDGE_LOOP('',(#902,#903,#904,#905));
#2352=EDGE_LOOP('',(#906,#907,#908,#909));
#2353=EDGE_LOOP('',(#910,#911,#912,#913));
#2354=EDGE_LOOP('',(#914,#915,#916,#917));
#2355=EDGE_LOOP('',(#918,#919,#920,#921));
#2356=EDGE_LOOP('',(#922,#923,#924,#925));
#2357=EDGE_LOOP('',(#926,#927,#928,#929));
#2358=EDGE_LOOP('',(#930,#931,#932,#933));
#2359=EDGE_LOOP('',(#934,#935,#936,#937));
#2360=EDGE_LOOP('',(#938,#939,#940,#941));
#2361=EDGE_LOOP('',(#942,#943,#944,#945));
#2362=EDGE_LOOP('',(#946,#947,#948,#949));
#2363=EDGE_LOOP('',(#950,#951,#952,#953));
#2364=EDGE_LOOP('',(#954,#955,#956,#957));
#2365=EDGE_LOOP('',(#958,#959,#960,#961));
#2366=EDGE_LOOP('',(#962,#963,#964,#965));
#2367=EDGE_LOOP('',(#966,#967,#968,#969));
#2368=EDGE_LOOP('',(#970,#971,#972,#973));
#2369=EDGE_LOOP('',(#974,#975,#976,#977));
#2370=EDGE_LOOP('',(#978,#979,#980,#981));
#2371=EDGE_LOOP('',(#982,#983,#984,#985));
#2372=EDGE_LOOP('',(#986,#987,#988,#989));
#2373=EDGE_LOOP('',(#990,#991,#992,#993));
#2374=EDGE_LOOP('',(#994,#995,#996,#997));
#2375=EDGE_LOOP('',(#998,#999,#1000,#1001));
#2376=EDGE_LOOP('',(#1002,#1003,#1004,#1005));
#2377=EDGE_LOOP('',(#1006,#1007,#1008,#1009));
#2378=EDGE_LOOP('',(#1010,#1011,#1012,#1013));
#2379=EDGE_LOOP('',(#1014,#1015,#1016,#1017));
#2380=EDGE_LOOP('',(#1018));
#2381=EDGE_LOOP('',(#1019,#1020,#1021,#1022));
#2382=EDGE_LOOP('',(#1023,#1024,#1025,#1026));
#2383=EDGE_LOOP('',(#1027,#1028));
#2384=EDGE_LOOP('',(#1029,#1030,#1031,#1032));
#2385=EDGE_LOOP('',(#1033,#1034,#1035,#1036));
#2386=EDGE_LOOP('',(#1037,#1038,#1039,#1040));
#2387=EDGE_LOOP('',(#1041));
#2388=EDGE_LOOP('',(#1042));
#2389=EDGE_LOOP('',(#1043));
#2390=EDGE_LOOP('',(#1044));
#2391=EDGE_LOOP('',(#1045));
#2392=EDGE_LOOP('',(#1046));
#2393=EDGE_LOOP('',(#1047));
#2394=EDGE_LOOP('',(#1048));
#2395=EDGE_LOOP('',(#1049));
#2396=EDGE_LOOP('',(#1050));
#2397=EDGE_LOOP('',(#1051));
#2398=EDGE_LOOP('',(#1052));
#2399=FACE_BOUND('',#2209,.T.);
#2400=FACE_BOUND('',#2210,.T.);
#2401=FACE_BOUND('',#2211,.T.);
#2402=FACE_BOUND('',#2212,.T.);
#2403=FACE_BOUND('',#2213,.T.);
#2404=FACE_BOUND('',#2214,.T.);
#2405=FACE_BOUND('',#2215,.T.);
#2406=FACE_BOUND('',#2216,.T.);
#2407=FACE_BOUND('',#2217,.T.);
#2408=FACE_BOUND('',#2218,.T.);
#2409=FACE_BOUND('',#2219,.T.);
#2410=FACE_BOUND('',#2220,.T.);
#2411=FACE_BOUND('',#2221,.T.);
#2412=FACE_BOUND('',#2222,.T.);
#2413=FACE_BOUND('',#2223,.T.);
#2414=FACE_BOUND('',#2224,.T.);
#2415=FACE_BOUND('',#2225,.T.);
#2416=FACE_BOUND('',#2226,.T.);
#2417=FACE_BOUND('',#2227,.T.);
#2418=FACE_BOUND('',#2228,.T.);
#2419=FACE_BOUND('',#2229,.T.);
#2420=FACE_BOUND('',#2230,.T.);
#2421=FACE_BOUND('',#2231,.T.);
#2422=FACE_BOUND('',#2232,.T.);
#2423=FACE_BOUND('',#2233,.T.);
#2424=FACE_BOUND('',#2234,.T.);
#2425=FACE_BOUND('',#2235,.T.);
#2426=FACE_BOUND('',#2236,.T.);
#2427=FACE_BOUND('',#2237,.T.);
#2428=FACE_BOUND('',#2238,.T.);
#2429=FACE_BOUND('',#2239,.T.);
#2430=FACE_BOUND('',#2240,.T.);
#2431=FACE_BOUND('',#2241,.T.);
#2432=FACE_BOUND('',#2242,.T.);
#2433=FACE_BOUND('',#2243,.T.);
#2434=FACE_BOUND('',#2244,.T.);
#2435=FACE_BOUND('',#2245,.T.);
#2436=FACE_BOUND('',#2246,.T.);
#2437=FACE_BOUND('',#2247,.T.);
#2438=FACE_BOUND('',#2248,.T.);
#2439=FACE_BOUND('',#2249,.T.);
#2440=FACE_BOUND('',#2250,.T.);
#2441=FACE_BOUND('',#2251,.T.);
#2442=FACE_BOUND('',#2252,.T.);
#2443=FACE_BOUND('',#2253,.T.);
#2444=FACE_BOUND('',#2254,.T.);
#2445=FACE_BOUND('',#2255,.T.);
#2446=FACE_BOUND('',#2256,.T.);
#2447=FACE_BOUND('',#2257,.T.);
#2448=FACE_BOUND('',#2258,.T.);
#2449=FACE_BOUND('',#2259,.T.);
#2450=FACE_BOUND('',#2260,.T.);
#2451=FACE_BOUND('',#2261,.T.);
#2452=FACE_BOUND('',#2262,.T.);
#2453=FACE_BOUND('',#2263,.T.);
#2454=FACE_BOUND('',#2264,.T.);
#2455=FACE_BOUND('',#2265,.T.);
#2456=FACE_BOUND('',#2266,.T.);
#2457=FACE_BOUND('',#2267,.T.);
#2458=FACE_BOUND('',#2268,.T.);
#2459=FACE_BOUND('',#2269,.T.);
#2460=FACE_BOUND('',#2270,.T.);
#2461=FACE_BOUND('',#2271,.T.);
#2462=FACE_BOUND('',#2272,.T.);
#2463=FACE_BOUND('',#2273,.T.);
#2464=FACE_BOUND('',#2274,.T.);
#2465=FACE_BOUND('',#2275,.T.);
#2466=FACE_BOUND('',#2276,.T.);
#2467=FACE_BOUND('',#2277,.T.);
#2468=FACE_BOUND('',#2278,.T.);
#2469=FACE_BOUND('',#2279,.T.);
#2470=FACE_BOUND('',#2280,.T.);
#2471=FACE_BOUND('',#2281,.T.);
#2472=FACE_BOUND('',#2282,.T.);
#2473=FACE_BOUND('',#2283,.T.);
#2474=FACE_BOUND('',#2284,.T.);
#2475=FACE_BOUND('',#2285,.T.);
#2476=FACE_BOUND('',#2286,.T.);
#2477=FACE_BOUND('',#2287,.T.);
#2478=FACE_BOUND('',#2288,.T.);
#2479=FACE_BOUND('',#2289,.T.);
#2480=FACE_BOUND('',#2290,.T.);
#2481=FACE_BOUND('',#2291,.T.);
#2482=FACE_BOUND('',#2292,.T.);
#2483=FACE_BOUND('',#2293,.T.);
#2484=FACE_BOUND('',#2294,.T.);
#2485=FACE_BOUND('',#2295,.T.);
#2486=FACE_BOUND('',#2296,.T.);
#2487=FACE_BOUND('',#2297,.T.);
#2488=FACE_BOUND('',#2298,.T.);
#2489=FACE_BOUND('',#2299,.T.);
#2490=FACE_BOUND('',#2300,.T.);
#2491=FACE_BOUND('',#2301,.T.);
#2492=FACE_BOUND('',#2302,.T.);
#2493=FACE_BOUND('',#2303,.T.);
#2494=FACE_BOUND('',#2304,.T.);
#2495=FACE_BOUND('',#2305,.T.);
#2496=FACE_BOUND('',#2306,.T.);
#2497=FACE_BOUND('',#2307,.T.);
#2498=FACE_BOUND('',#2308,.T.);
#2499=FACE_BOUND('',#2309,.T.);
#2500=FACE_BOUND('',#2310,.T.);
#2501=FACE_BOUND('',#2311,.T.);
#2502=FACE_BOUND('',#2312,.T.);
#2503=FACE_BOUND('',#2313,.T.);
#2504=FACE_BOUND('',#2314,.T.);
#2505=FACE_BOUND('',#2315,.T.);
#2506=FACE_BOUND('',#2316,.T.);
#2507=FACE_BOUND('',#2317,.T.);
#2508=FACE_BOUND('',#2318,.T.);
#2509=FACE_BOUND('',#2319,.T.);
#2510=FACE_BOUND('',#2320,.T.);
#2511=FACE_BOUND('',#2321,.T.);
#2512=FACE_BOUND('',#2322,.T.);
#2513=FACE_BOUND('',#2323,.T.);
#2514=FACE_BOUND('',#2324,.T.);
#2515=FACE_BOUND('',#2325,.T.);
#2516=FACE_BOUND('',#2326,.T.);
#2517=FACE_BOUND('',#2327,.T.);
#2518=FACE_BOUND('',#2328,.T.);
#2519=FACE_BOUND('',#2329,.T.);
#2520=FACE_BOUND('',#2330,.T.);
#2521=FACE_BOUND('',#2331,.T.);
#2522=FACE_BOUND('',#2332,.T.);
#2523=FACE_BOUND('',#2333,.T.);
#2524=FACE_BOUND('',#2334,.T.);
#2525=FACE_BOUND('',#2335,.T.);
#2526=FACE_BOUND('',#2336,.T.);
#2527=FACE_BOUND('',#2337,.T.);
#2528=FACE_BOUND('',#2338,.T.);
#2529=FACE_BOUND('',#2339,.T.);
#2530=FACE_BOUND('',#2340,.T.);
#2531=FACE_BOUND('',#2341,.T.);
#2532=FACE_BOUND('',#2342,.T.);
#2533=FACE_BOUND('',#2343,.T.);
#2534=FACE_BOUND('',#2344,.T.);
#2535=FACE_BOUND('',#2345,.T.);
#2536=FACE_BOUND('',#2346,.T.);
#2537=FACE_BOUND('',#2347,.T.);
#2538=FACE_BOUND('',#2348,.T.);
#2539=FACE_BOUND('',#2349,.T.);
#2540=FACE_BOUND('',#2350,.T.);
#2541=FACE_BOUND('',#2351,.T.);
#2542=FACE_BOUND('',#2352,.T.);
#2543=FACE_BOUND('',#2353,.T.);
#2544=FACE_BOUND('',#2354,.T.);
#2545=FACE_BOUND('',#2355,.T.);
#2546=FACE_BOUND('',#2356,.T.);
#2547=FACE_BOUND('',#2357,.T.);
#2548=FACE_BOUND('',#2358,.T.);
#2549=FACE_BOUND('',#2359,.T.);
#2550=FACE_BOUND('',#2360,.T.);
#2551=FACE_BOUND('',#2361,.T.);
#2552=FACE_BOUND('',#2362,.T.);
#2553=FACE_BOUND('',#2363,.T.);
#2554=FACE_BOUND('',#2364,.T.);
#2555=FACE_BOUND('',#2365,.T.);
#2556=FACE_BOUND('',#2366,.T.);
#2557=FACE_BOUND('',#2367,.T.);
#2558=FACE_BOUND('',#2368,.T.);
#2559=FACE_BOUND('',#2369,.T.);
#2560=FACE_BOUND('',#2370,.T.);
#2561=FACE_BOUND('',#2371,.T.);
#2562=FACE_BOUND('',#2372,.T.);
#2563=FACE_BOUND('',#2373,.T.);
#2564=FACE_BOUND('',#2374,.T.);
#2565=FACE_BOUND('',#2375,.T.);
#2566=FACE_BOUND('',#2376,.T.);
#2567=FACE_BOUND('',#2377,.T.);
#2568=FACE_BOUND('',#2378,.T.);
#2569=FACE_BOUND('',#2379,.T.);
#2570=FACE_BOUND('',#2380,.T.);
#2571=FACE_BOUND('',#2381,.T.);
#2572=FACE_BOUND('',#2382,.T.);
#2573=FACE_BOUND('',#2383,.T.);
#2574=FACE_BOUND('',#2384,.T.);
#2575=FACE_BOUND('',#2385,.T.);
#2576=FACE_BOUND('',#2386,.T.);
#2577=FACE_BOUND('',#2387,.T.);
#2578=FACE_BOUND('',#2388,.T.);
#2579=FACE_BOUND('',#2389,.T.);
#2580=FACE_BOUND('',#2390,.T.);
#2581=FACE_BOUND('',#2391,.T.);
#2582=FACE_BOUND('',#2392,.T.);
#2583=FACE_BOUND('',#2393,.T.);
#2584=FACE_BOUND('',#2394,.T.);
#2585=FACE_BOUND('',#2395,.T.);
#2586=FACE_BOUND('',#2396,.T.);
#2587=FACE_BOUND('',#2397,.T.);
#2588=FACE_BOUND('',#2398,.T.);
#2589=PLANE('',#2801);
#2590=PLANE('',#2804);
#2591=PLANE('',#2805);
#2592=PLANE('',#2810);
#2593=PLANE('',#2811);
#2594=PLANE('',#2812);
#2595=PLANE('',#2888);
#2596=PLANE('',#2965);
#2597=PLANE('',#2966);
#2598=PLANE('',#2968);
#2599=PLANE('',#2969);
#2600=PLANE('',#2972);
#2601=PLANE('',#2974);
#2602=PLANE('',#2975);
#2603=PLANE('',#2976);
#2604=PLANE('',#2983);
#2605=PLANE('',#2984);
#2606=PLANE('',#2986);
#2607=PLANE('',#2989);
#2608=PLANE('',#2990);
#2609=PLANE('',#2991);
#2610=PLANE('',#2992);
#2611=PLANE('',#2993);
#2612=PLANE('',#2994);
#2613=PLANE('',#2995);
#2614=PLANE('',#2996);
#2615=PLANE('',#2998);
#2616=PLANE('',#2999);
#2617=PLANE('',#3000);
#2618=PLANE('',#3002);
#2619=PLANE('',#3003);
#2620=PLANE('',#3022);
#2621=PLANE('',#3023);
#2622=PLANE('',#3029);
#2623=PLANE('',#3030);
#2624=PLANE('',#3034);
#2625=PLANE('',#3035);
#2626=PLANE('',#3037);
#2627=PLANE('',#3038);
#2628=PLANE('',#3043);
#2629=PLANE('',#3044);
#2630=PLANE('',#3046);
#2631=PLANE('',#3049);
#2632=PLANE('',#3050);
#2633=PLANE('',#3051);
#2634=PLANE('',#3052);
#2635=PLANE('',#3053);
#2636=PLANE('',#3054);
#2637=PLANE('',#3055);
#2638=PLANE('',#3056);
#2639=PLANE('',#3058);
#2640=PLANE('',#3059);
#2641=PLANE('',#3060);
#2642=PLANE('',#3062);
#2643=PLANE('',#3063);
#2644=PLANE('',#3082);
#2645=PLANE('',#3083);
#2646=PLANE('',#3089);
#2647=PLANE('',#3090);
#2648=PLANE('',#3091);
#2649=ADVANCED_FACE('',(#2399,#2400),#2589,.T.);
#2650=ADVANCED_FACE('',(#2401),#2590,.T.);
#2651=ADVANCED_FACE('',(#2402),#2591,.F.);
#2652=ADVANCED_FACE('',(#2403),#165,.F.);
#2653=ADVANCED_FACE('',(#2404),#2592,.T.);
#2654=ADVANCED_FACE('',(#2405),#2593,.F.);
#2655=ADVANCED_FACE('',(#2406,#2407,#2408,#2409,#2410,#2411,#2412,#2413,
#2414,#2415,#2416,#2417,#2418,#2419,#2420,#2421,#2422,#2423,#2424,#2425),
#2594,.T.);
#2656=ADVANCED_FACE('',(#2426,#2427,#2428,#2429,#2430,#2431,#2432,#2433,
#2434,#2435,#2436,#2437,#2438,#2439,#2440,#2441,#2442,#2443,#2444,#2445),
#2595,.F.);
#2657=ADVANCED_FACE('',(#2446),#166,.F.);
#2658=ADVANCED_FACE('',(#2447),#167,.T.);
#2659=ADVANCED_FACE('',(#2448),#168,.T.);
#2660=ADVANCED_FACE('',(#2449,#2450),#169,.F.);
#2661=ADVANCED_FACE('',(#2451),#170,.T.);
#2662=ADVANCED_FACE('',(#2452),#2596,.T.);
#2663=ADVANCED_FACE('',(#2453),#2597,.F.);
#2664=ADVANCED_FACE('',(#2454),#171,.T.);
#2665=ADVANCED_FACE('',(#2455),#2598,.T.);
#2666=ADVANCED_FACE('',(#2456,#2457,#2458),#2599,.F.);
#2667=ADVANCED_FACE('',(#2459,#2460),#2600,.T.);
#2668=ADVANCED_FACE('',(#2461),#2601,.F.);
#2669=ADVANCED_FACE('',(#2462),#2602,.T.);
#2670=ADVANCED_FACE('',(#2463),#2603,.T.);
#2671=ADVANCED_FACE('',(#2464),#172,.T.);
#2672=ADVANCED_FACE('',(#2465),#173,.T.);
#2673=ADVANCED_FACE('',(#2466),#174,.T.);
#2674=ADVANCED_FACE('',(#2467,#2468),#175,.F.);
#2675=ADVANCED_FACE('',(#2469),#2604,.F.);
#2676=ADVANCED_FACE('',(#2470),#2605,.F.);
#2677=ADVANCED_FACE('',(#2471),#176,.T.);
#2678=ADVANCED_FACE('',(#2472),#2606,.F.);
#2679=ADVANCED_FACE('',(#2473),#177,.F.);
#2680=ADVANCED_FACE('',(#2474),#178,.F.);
#2681=ADVANCED_FACE('',(#2475),#2607,.F.);
#2682=ADVANCED_FACE('',(#2476),#2608,.F.);
#2683=ADVANCED_FACE('',(#2477),#2609,.F.);
#2684=ADVANCED_FACE('',(#2478),#2610,.T.);
#2685=ADVANCED_FACE('',(#2479),#2611,.F.);
#2686=ADVANCED_FACE('',(#2480),#2612,.T.);
#2687=ADVANCED_FACE('',(#2481),#2613,.T.);
#2688=ADVANCED_FACE('',(#2482),#2614,.F.);
#2689=ADVANCED_FACE('',(#2483),#179,.T.);
#2690=ADVANCED_FACE('',(#2484),#2615,.T.);
#2691=ADVANCED_FACE('',(#2485),#2616,.F.);
#2692=ADVANCED_FACE('',(#2486),#2617,.T.);
#2693=ADVANCED_FACE('',(#2487),#180,.T.);
#2694=ADVANCED_FACE('',(#2488),#2618,.T.);
#2695=ADVANCED_FACE('',(#2489),#2619,.F.);
#2696=ADVANCED_FACE('',(#2490),#181,.F.);
#2697=ADVANCED_FACE('',(#2491),#182,.F.);
#2698=ADVANCED_FACE('',(#2492),#183,.F.);
#2699=ADVANCED_FACE('',(#2493),#184,.F.);
#2700=ADVANCED_FACE('',(#2494),#185,.F.);
#2701=ADVANCED_FACE('',(#2495),#186,.F.);
#2702=ADVANCED_FACE('',(#2496),#187,.F.);
#2703=ADVANCED_FACE('',(#2497),#188,.F.);
#2704=ADVANCED_FACE('',(#2498),#189,.F.);
#2705=ADVANCED_FACE('',(#2499),#190,.F.);
#2706=ADVANCED_FACE('',(#2500),#191,.F.);
#2707=ADVANCED_FACE('',(#2501),#192,.F.);
#2708=ADVANCED_FACE('',(#2502),#193,.F.);
#2709=ADVANCED_FACE('',(#2503),#194,.F.);
#2710=ADVANCED_FACE('',(#2504),#195,.T.);
#2711=ADVANCED_FACE('',(#2505),#196,.F.);
#2712=ADVANCED_FACE('',(#2506),#197,.F.);
#2713=ADVANCED_FACE('',(#2507),#198,.F.);
#2714=ADVANCED_FACE('',(#2508),#2620,.F.);
#2715=ADVANCED_FACE('',(#2509),#2621,.F.);
#2716=ADVANCED_FACE('',(#2510),#199,.F.);
#2717=ADVANCED_FACE('',(#2511),#200,.F.);
#2718=ADVANCED_FACE('',(#2512),#201,.F.);
#2719=ADVANCED_FACE('',(#2513),#202,.F.);
#2720=ADVANCED_FACE('',(#2514),#203,.F.);
#2721=ADVANCED_FACE('',(#2515),#2622,.T.);
#2722=ADVANCED_FACE('',(#2516),#2623,.F.);
#2723=ADVANCED_FACE('',(#2517),#204,.F.);
#2724=ADVANCED_FACE('',(#2518),#205,.T.);
#2725=ADVANCED_FACE('',(#2519),#206,.T.);
#2726=ADVANCED_FACE('',(#2520),#2624,.T.);
#2727=ADVANCED_FACE('',(#2521),#2625,.F.);
#2728=ADVANCED_FACE('',(#2522),#207,.T.);
#2729=ADVANCED_FACE('',(#2523),#2626,.T.);
#2730=ADVANCED_FACE('',(#2524),#2627,.T.);
#2731=ADVANCED_FACE('',(#2525),#208,.T.);
#2732=ADVANCED_FACE('',(#2526),#209,.T.);
#2733=ADVANCED_FACE('',(#2527),#2628,.F.);
#2734=ADVANCED_FACE('',(#2528),#2629,.F.);
#2735=ADVANCED_FACE('',(#2529),#210,.T.);
#2736=ADVANCED_FACE('',(#2530),#2630,.F.);
#2737=ADVANCED_FACE('',(#2531),#211,.F.);
#2738=ADVANCED_FACE('',(#2532),#212,.F.);
#2739=ADVANCED_FACE('',(#2533),#2631,.F.);
#2740=ADVANCED_FACE('',(#2534),#2632,.F.);
#2741=ADVANCED_FACE('',(#2535),#2633,.F.);
#2742=ADVANCED_FACE('',(#2536),#2634,.T.);
#2743=ADVANCED_FACE('',(#2537),#2635,.F.);
#2744=ADVANCED_FACE('',(#2538),#2636,.T.);
#2745=ADVANCED_FACE('',(#2539),#2637,.T.);
#2746=ADVANCED_FACE('',(#2540),#2638,.F.);
#2747=ADVANCED_FACE('',(#2541),#213,.T.);
#2748=ADVANCED_FACE('',(#2542),#2639,.T.);
#2749=ADVANCED_FACE('',(#2543),#2640,.F.);
#2750=ADVANCED_FACE('',(#2544),#2641,.T.);
#2751=ADVANCED_FACE('',(#2545),#214,.T.);
#2752=ADVANCED_FACE('',(#2546),#2642,.T.);
#2753=ADVANCED_FACE('',(#2547),#2643,.F.);
#2754=ADVANCED_FACE('',(#2548),#215,.F.);
#2755=ADVANCED_FACE('',(#2549),#216,.F.);
#2756=ADVANCED_FACE('',(#2550),#217,.F.);
#2757=ADVANCED_FACE('',(#2551),#218,.F.);
#2758=ADVANCED_FACE('',(#2552),#219,.F.);
#2759=ADVANCED_FACE('',(#2553),#220,.F.);
#2760=ADVANCED_FACE('',(#2554),#221,.F.);
#2761=ADVANCED_FACE('',(#2555),#222,.F.);
#2762=ADVANCED_FACE('',(#2556),#223,.F.);
#2763=ADVANCED_FACE('',(#2557),#224,.F.);
#2764=ADVANCED_FACE('',(#2558),#225,.F.);
#2765=ADVANCED_FACE('',(#2559),#226,.F.);
#2766=ADVANCED_FACE('',(#2560),#227,.F.);
#2767=ADVANCED_FACE('',(#2561),#228,.F.);
#2768=ADVANCED_FACE('',(#2562),#229,.T.);
#2769=ADVANCED_FACE('',(#2563),#230,.F.);
#2770=ADVANCED_FACE('',(#2564),#231,.F.);
#2771=ADVANCED_FACE('',(#2565),#232,.F.);
#2772=ADVANCED_FACE('',(#2566),#2644,.F.);
#2773=ADVANCED_FACE('',(#2567),#2645,.F.);
#2774=ADVANCED_FACE('',(#2568),#233,.F.);
#2775=ADVANCED_FACE('',(#2569),#234,.F.);
#2776=ADVANCED_FACE('',(#2570,#2571),#235,.F.);
#2777=ADVANCED_FACE('',(#2572),#2646,.F.);
#2778=ADVANCED_FACE('',(#2573),#2647,.F.);
#2779=ADVANCED_FACE('',(#2574),#2648,.T.);
#2780=ADVANCED_FACE('',(#2575),#236,.T.);
#2781=ADVANCED_FACE('',(#2576),#237,.F.);
#2782=ADVANCED_FACE('',(#2577,#2578),#238,.F.);
#2783=ADVANCED_FACE('',(#2579,#2580),#239,.F.);
#2784=ADVANCED_FACE('',(#2581,#2582),#240,.F.);
#2785=ADVANCED_FACE('',(#2583,#2584),#241,.F.);
#2786=ADVANCED_FACE('',(#2585,#2586),#242,.F.);
#2787=ADVANCED_FACE('',(#2587,#2588),#243,.F.);
#2788=CLOSED_SHELL('',(#2649,#2650,#2651,#2652,#2653,#2654,#2655,#2656,
#2657,#2658,#2659,#2660,#2661,#2662,#2663,#2664,#2665,#2666,#2667,#2668,
#2669,#2670,#2671,#2672,#2673,#2674,#2675,#2676,#2677,#2678,#2679,#2680,
#2681,#2682,#2683,#2684,#2685,#2686,#2687,#2688,#2689,#2690,#2691,#2692,
#2693,#2694,#2695,#2696,#2697,#2698,#2699,#2700,#2701,#2702,#2703,#2704,
#2705,#2706,#2707,#2708,#2709,#2710,#2711,#2712,#2713,#2714,#2715,#2716,
#2717,#2718,#2719,#2720,#2721,#2722,#2723,#2724,#2725,#2726,#2727,#2728,
#2729,#2730,#2731,#2732,#2733,#2734,#2735,#2736,#2737,#2738,#2739,#2740,
#2741,#2742,#2743,#2744,#2745,#2746,#2747,#2748,#2749,#2750,#2751,#2752,
#2753,#2754,#2755,#2756,#2757,#2758,#2759,#2760,#2761,#2762,#2763,#2764,
#2765,#2766,#2767,#2768,#2769,#2770,#2771,#2772,#2773,#2774,#2775,#2776,
#2777,#2778,#2779,#2780,#2781,#2782,#2783,#2784,#2785,#2786,#2787));
#2789=STYLED_ITEM('',(#2790),#2797);
#2790=PRESENTATION_STYLE_ASSIGNMENT((#2791));
#2791=SURFACE_STYLE_USAGE(.BOTH.,#2792);
#2792=SURFACE_SIDE_STYLE('',(#2793));
#2793=SURFACE_STYLE_FILL_AREA(#2794);
#2794=FILL_AREA_STYLE('',(#2795));
#2795=FILL_AREA_STYLE_COLOUR('',#2796);
#2796=COLOUR_RGB('',0.901960784313726,0.87843137254902,0.811764705882353);
#2797=MANIFOLD_SOLID_BREP('Transmission Support Plate',#2788);
#2798=SHAPE_DEFINITION_REPRESENTATION(#4761,#2799);
#2799=SHAPE_REPRESENTATION('Transmission Support Plate',(#2800),#4756);
#2800=AXIS2_PLACEMENT_3D('',#3941,#3100,#3101);
#2801=AXIS2_PLACEMENT_3D('',#3942,#3102,#3103);
#2802=AXIS2_PLACEMENT_3D('',#3951,#3108,#3109);
#2803=AXIS2_PLACEMENT_3D('',#3954,#3110,#3111);
#2804=AXIS2_PLACEMENT_3D('',#3955,#3112,#3113);
#2805=AXIS2_PLACEMENT_3D('',#3964,#3118,#3119);
#2806=AXIS2_PLACEMENT_3D('',#3973,#3124,#3125);
#2807=AXIS2_PLACEMENT_3D('',#3976,#3127,#3128);
#2808=AXIS2_PLACEMENT_3D('',#3978,#3129,#3130);
#2809=AXIS2_PLACEMENT_3D('',#3980,#3131,#3132);
#2810=AXIS2_PLACEMENT_3D('',#3983,#3134,#3135);
#2811=AXIS2_PLACEMENT_3D('',#3992,#3140,#3141);
#2812=AXIS2_PLACEMENT_3D('',#4001,#3146,#3147);
#2813=AXIS2_PLACEMENT_3D('',#4002,#3148,#3149);
#2814=AXIS2_PLACEMENT_3D('',#4004,#3150,#3151);
#2815=AXIS2_PLACEMENT_3D('',#4006,#3152,#3153);
#2816=AXIS2_PLACEMENT_3D('',#4008,#3154,#3155);
#2817=AXIS2_PLACEMENT_3D('',#4010,#3156,#3157);
#2818=AXIS2_PLACEMENT_3D('',#4012,#3158,#3159);
#2819=AXIS2_PLACEMENT_3D('',#4016,#3161,#3162);
#2820=AXIS2_PLACEMENT_3D('',#4020,#3164,#3165);
#2821=AXIS2_PLACEMENT_3D('',#4024,#3167,#3168);
#2822=AXIS2_PLACEMENT_3D('',#4026,#3169,#3170);
#2823=AXIS2_PLACEMENT_3D('',#4030,#3172,#3173);
#2824=AXIS2_PLACEMENT_3D('',#4034,#3175,#3176);
#2825=AXIS2_PLACEMENT_3D('',#4036,#3177,#3178);
#2826=AXIS2_PLACEMENT_3D('',#4040,#3180,#3181);
#2827=AXIS2_PLACEMENT_3D('',#4044,#3183,#3184);
#2828=AXIS2_PLACEMENT_3D('',#4050,#3187,#3188);
#2829=AXIS2_PLACEMENT_3D('',#4054,#3190,#3191);
#2830=AXIS2_PLACEMENT_3D('',#4063,#3196,#3197);
#2831=AXIS2_PLACEMENT_3D('',#4064,#3198,#3199);
#2832=AXIS2_PLACEMENT_3D('',#4065,#3200,#3201);
#2833=AXIS2_PLACEMENT_3D('',#4067,#3202,#3203);
#2834=AXIS2_PLACEMENT_3D('',#4072,#3205,#3206);
#2835=AXIS2_PLACEMENT_3D('',#4074,#3207,#3208);
#2836=AXIS2_PLACEMENT_3D('',#4076,#3209,#3210);
#2837=AXIS2_PLACEMENT_3D('',#4080,#3212,#3213);
#2838=AXIS2_PLACEMENT_3D('',#4086,#3216,#3217);
#2839=AXIS2_PLACEMENT_3D('',#4090,#3219,#3220);
#2840=AXIS2_PLACEMENT_3D('',#4092,#3221,#3222);
#2841=AXIS2_PLACEMENT_3D('',#4094,#3223,#3224);
#2842=AXIS2_PLACEMENT_3D('',#4100,#3227,#3228);
#2843=AXIS2_PLACEMENT_3D('',#4104,#3230,#3231);
#2844=AXIS2_PLACEMENT_3D('',#4108,#3233,#3234);
#2845=AXIS2_PLACEMENT_3D('',#4112,#3236,#3237);
#2846=AXIS2_PLACEMENT_3D('',#4116,#3239,#3240);
#2847=AXIS2_PLACEMENT_3D('',#4117,#3241,#3242);
#2848=AXIS2_PLACEMENT_3D('',#4118,#3243,#3244);
#2849=AXIS2_PLACEMENT_3D('',#4122,#3246,#3247);
#2850=AXIS2_PLACEMENT_3D('',#4126,#3249,#3250);
#2851=AXIS2_PLACEMENT_3D('',#4130,#3252,#3253);
#2852=AXIS2_PLACEMENT_3D('',#4134,#3255,#3256);
#2853=AXIS2_PLACEMENT_3D('',#4136,#3257,#3258);
#2854=AXIS2_PLACEMENT_3D('',#4138,#3259,#3260);
#2855=AXIS2_PLACEMENT_3D('',#4142,#3262,#3263);
#2856=AXIS2_PLACEMENT_3D('',#4144,#3264,#3265);
#2857=AXIS2_PLACEMENT_3D('',#4146,#3266,#3267);
#2858=AXIS2_PLACEMENT_3D('',#4150,#3269,#3270);
#2859=AXIS2_PLACEMENT_3D('',#4154,#3272,#3273);
#2860=AXIS2_PLACEMENT_3D('',#4158,#3275,#3276);
#2861=AXIS2_PLACEMENT_3D('',#4162,#3278,#3279);
#2862=AXIS2_PLACEMENT_3D('',#4166,#3281,#3282);
#2863=AXIS2_PLACEMENT_3D('',#4170,#3284,#3285);
#2864=AXIS2_PLACEMENT_3D('',#4172,#3286,#3287);
#2865=AXIS2_PLACEMENT_3D('',#4174,#3288,#3289);
#2866=AXIS2_PLACEMENT_3D('',#4178,#3291,#3292);
#2867=AXIS2_PLACEMENT_3D('',#4182,#3294,#3295);
#2868=AXIS2_PLACEMENT_3D('',#4186,#3297,#3298);
#2869=AXIS2_PLACEMENT_3D('',#4190,#3300,#3301);
#2870=AXIS2_PLACEMENT_3D('',#4194,#3303,#3304);
#2871=AXIS2_PLACEMENT_3D('',#4198,#3306,#3307);
#2872=AXIS2_PLACEMENT_3D('',#4202,#3309,#3310);
#2873=AXIS2_PLACEMENT_3D('',#4206,#3312,#3313);
#2874=AXIS2_PLACEMENT_3D('',#4210,#3315,#3316);
#2875=AXIS2_PLACEMENT_3D('',#4212,#3317,#3318);
#2876=AXIS2_PLACEMENT_3D('',#4214,#3319,#3320);
#2877=AXIS2_PLACEMENT_3D('',#4218,#3322,#3323);
#2878=AXIS2_PLACEMENT_3D('',#4220,#3324,#3325);
#2879=AXIS2_PLACEMENT_3D('',#4222,#3326,#3327);
#2880=AXIS2_PLACEMENT_3D('',#4226,#3329,#3330);
#2881=AXIS2_PLACEMENT_3D('',#4230,#3332,#3333);
#2882=AXIS2_PLACEMENT_3D('',#4234,#3335,#3336);
#2883=AXIS2_PLACEMENT_3D('',#4238,#3338,#3339);
#2884=AXIS2_PLACEMENT_3D('',#4242,#3341,#3342);
#2885=AXIS2_PLACEMENT_3D('',#4244,#3343,#3344);
#2886=AXIS2_PLACEMENT_3D('',#4246,#3345,#3346);
#2887=AXIS2_PLACEMENT_3D('',#4250,#3348,#3349);
#2888=AXIS2_PLACEMENT_3D('',#4251,#3350,#3351);
#2889=AXIS2_PLACEMENT_3D('',#4252,#3352,#3353);
#2890=AXIS2_PLACEMENT_3D('',#4254,#3354,#3355);
#2891=AXIS2_PLACEMENT_3D('',#4256,#3356,#3357);
#2892=AXIS2_PLACEMENT_3D('',#4258,#3358,#3359);
#2893=AXIS2_PLACEMENT_3D('',#4260,#3360,#3361);
#2894=AXIS2_PLACEMENT_3D('',#4262,#3362,#3363);
#2895=AXIS2_PLACEMENT_3D('',#4267,#3365,#3366);
#2896=AXIS2_PLACEMENT_3D('',#4271,#3368,#3369);
#2897=AXIS2_PLACEMENT_3D('',#4275,#3371,#3372);
#2898=AXIS2_PLACEMENT_3D('',#4279,#3374,#3375);
#2899=AXIS2_PLACEMENT_3D('',#4281,#3376,#3377);
#2900=AXIS2_PLACEMENT_3D('',#4285,#3379,#3380);
#2901=AXIS2_PLACEMENT_3D('',#4289,#3382,#3383);
#2902=AXIS2_PLACEMENT_3D('',#4291,#3384,#3385);
#2903=AXIS2_PLACEMENT_3D('',#4295,#3387,#3388);
#2904=AXIS2_PLACEMENT_3D('',#4296,#3389,#3390);
#2905=AXIS2_PLACEMENT_3D('',#4301,#3392,#3393);
#2906=AXIS2_PLACEMENT_3D('',#4305,#3395,#3396);
#2907=AXIS2_PLACEMENT_3D('',#4309,#3398,#3399);
#2908=AXIS2_PLACEMENT_3D('',#4313,#3401,#3402);
#2909=AXIS2_PLACEMENT_3D('',#4317,#3404,#3405);
#2910=AXIS2_PLACEMENT_3D('',#4321,#3407,#3408);
#2911=AXIS2_PLACEMENT_3D('',#4323,#3409,#3410);
#2912=AXIS2_PLACEMENT_3D('',#4325,#3411,#3412);
#2913=AXIS2_PLACEMENT_3D('',#4329,#3414,#3415);
#2914=AXIS2_PLACEMENT_3D('',#4335,#3418,#3419);
#2915=AXIS2_PLACEMENT_3D('',#4339,#3421,#3422);
#2916=AXIS2_PLACEMENT_3D('',#4341,#3423,#3424);
#2917=AXIS2_PLACEMENT_3D('',#4343,#3425,#3426);
#2918=AXIS2_PLACEMENT_3D('',#4344,#3427,#3428);
#2919=AXIS2_PLACEMENT_3D('',#4348,#3430,#3431);
#2920=AXIS2_PLACEMENT_3D('',#4349,#3432,#3433);
#2921=AXIS2_PLACEMENT_3D('',#4353,#3435,#3436);
#2922=AXIS2_PLACEMENT_3D('',#4357,#3438,#3439);
#2923=AXIS2_PLACEMENT_3D('',#4361,#3441,#3442);
#2924=AXIS2_PLACEMENT_3D('',#4362,#3443,#3444);
#2925=AXIS2_PLACEMENT_3D('',#4365,#3445,#3446);
#2926=AXIS2_PLACEMENT_3D('',#4369,#3448,#3449);
#2927=AXIS2_PLACEMENT_3D('',#4373,#3451,#3452);
#2928=AXIS2_PLACEMENT_3D('',#4375,#3453,#3454);
#2929=AXIS2_PLACEMENT_3D('',#4377,#3455,#3456);
#2930=AXIS2_PLACEMENT_3D('',#4381,#3458,#3459);
#2931=AXIS2_PLACEMENT_3D('',#4385,#3461,#3462);
#2932=AXIS2_PLACEMENT_3D('',#4389,#3464,#3465);
#2933=AXIS2_PLACEMENT_3D('',#4393,#3467,#3468);
#2934=AXIS2_PLACEMENT_3D('',#4394,#3469,#3470);
#2935=AXIS2_PLACEMENT_3D('',#4397,#3471,#3472);
#2936=AXIS2_PLACEMENT_3D('',#4401,#3474,#3475);
#2937=AXIS2_PLACEMENT_3D('',#4405,#3477,#3478);
#2938=AXIS2_PLACEMENT_3D('',#4409,#3480,#3481);
#2939=AXIS2_PLACEMENT_3D('',#4413,#3483,#3484);
#2940=AXIS2_PLACEMENT_3D('',#4417,#3486,#3487);
#2941=AXIS2_PLACEMENT_3D('',#4421,#3489,#3490);
#2942=AXIS2_PLACEMENT_3D('',#4425,#3492,#3493);
#2943=AXIS2_PLACEMENT_3D('',#4429,#3495,#3496);
#2944=AXIS2_PLACEMENT_3D('',#4433,#3498,#3499);
#2945=AXIS2_PLACEMENT_3D('',#4434,#3500,#3501);
#2946=AXIS2_PLACEMENT_3D('',#4437,#3502,#3503);
#2947=AXIS2_PLACEMENT_3D('',#4441,#3505,#3506);
#2948=AXIS2_PLACEMENT_3D('',#4443,#3507,#3508);
#2949=AXIS2_PLACEMENT_3D('',#4445,#3509,#3510);
#2950=AXIS2_PLACEMENT_3D('',#4449,#3512,#3513);
#2951=AXIS2_PLACEMENT_3D('',#4453,#3515,#3516);
#2952=AXIS2_PLACEMENT_3D('',#4457,#3518,#3519);
#2953=AXIS2_PLACEMENT_3D('',#4461,#3521,#3522);
#2954=AXIS2_PLACEMENT_3D('',#4465,#3524,#3525);
#2955=AXIS2_PLACEMENT_3D('',#4466,#3526,#3527);
#2956=AXIS2_PLACEMENT_3D('',#4469,#3528,#3529);
#2957=AXIS2_PLACEMENT_3D('',#4473,#3531,#3532);
#2958=AXIS2_PLACEMENT_3D('',#4477,#3534,#3535);
#2959=AXIS2_PLACEMENT_3D('',#4481,#3537,#3538);
#2960=AXIS2_PLACEMENT_3D('',#4482,#3539,#3540);
#2961=AXIS2_PLACEMENT_3D('',#4485,#3543,#3544);
#2962=AXIS2_PLACEMENT_3D('',#4488,#3547,#3548);
#2963=AXIS2_PLACEMENT_3D('',#4491,#3551,#3552);
#2964=AXIS2_PLACEMENT_3D('',#4492,#3553,#3554);
#2965=AXIS2_PLACEMENT_3D('',#4495,#3557,#3558);
#2966=AXIS2_PLACEMENT_3D('',#4496,#3559,#3560);
#2967=AXIS2_PLACEMENT_3D('',#4498,#3562,#3563);
#2968=AXIS2_PLACEMENT_3D('',#4499,#3564,#3565);
#2969=AXIS2_PLACEMENT_3D('',#4501,#3567,#3568);
#2970=AXIS2_PLACEMENT_3D('',#4512,#3576,#3577);
#2971=AXIS2_PLACEMENT_3D('',#4514,#3578,#3579);
#2972=AXIS2_PLACEMENT_3D('',#4516,#3580,#3581);
#2973=AXIS2_PLACEMENT_3D('',#4517,#3582,#3583);
#2974=AXIS2_PLACEMENT_3D('',#4524,#3587,#3588);
#2975=AXIS2_PLACEMENT_3D('',#4528,#3591,#3592);
#2976=AXIS2_PLACEMENT_3D('',#4532,#3595,#3596);
#2977=AXIS2_PLACEMENT_3D('',#4533,#3597,#3598);
#2978=AXIS2_PLACEMENT_3D('',#4534,#3599,#3600);
#2979=AXIS2_PLACEMENT_3D('',#4535,#3601,#3602);
#2980=AXIS2_PLACEMENT_3D('',#4536,#3603,#3604);
#2981=AXIS2_PLACEMENT_3D('',#4537,#3605,#3606);
#2982=AXIS2_PLACEMENT_3D('',#4538,#3607,#3608);
#2983=AXIS2_PLACEMENT_3D('',#4539,#3609,#3610);
#2984=AXIS2_PLACEMENT_3D('',#4542,#3613,#3614);
#2985=AXIS2_PLACEMENT_3D('',#4545,#3617,#3618);
#2986=AXIS2_PLACEMENT_3D('',#4548,#3621,#3622);
#2987=AXIS2_PLACEMENT_3D('',#4551,#3625,#3626);
#2988=AXIS2_PLACEMENT_3D('',#4553,#3628,#3629);
#2989=AXIS2_PLACEMENT_3D('',#4555,#3631,#3632);
#2990=AXIS2_PLACEMENT_3D('',#4558,#3635,#3636);
#2991=AXIS2_PLACEMENT_3D('',#4561,#3639,#3640);
#2992=AXIS2_PLACEMENT_3D('',#4564,#3643,#3644);
#2993=AXIS2_PLACEMENT_3D('',#4567,#3647,#3648);
#2994=AXIS2_PLACEMENT_3D('',#4570,#3651,#3652);
#2995=AXIS2_PLACEMENT_3D('',#4573,#3655,#3656);
#2996=AXIS2_PLACEMENT_3D('',#4576,#3659,#3660);
#2997=AXIS2_PLACEMENT_3D('',#4579,#3663,#3664);
#2998=AXIS2_PLACEMENT_3D('',#4582,#3667,#3668);
#2999=AXIS2_PLACEMENT_3D('',#4585,#3671,#3672);
#3000=AXIS2_PLACEMENT_3D('',#4588,#3675,#3676);
#3001=AXIS2_PLACEMENT_3D('',#4591,#3679,#3680);
#3002=AXIS2_PLACEMENT_3D('',#4594,#3683,#3684);
#3003=AXIS2_PLACEMENT_3D('',#4596,#3686,#3687);
#3004=AXIS2_PLACEMENT_3D('',#4599,#3690,#3691);
#3005=AXIS2_PLACEMENT_3D('',#4600,#3692,#3693);
#3006=AXIS2_PLACEMENT_3D('',#4601,#3694,#3695);
#3007=AXIS2_PLACEMENT_3D('',#4602,#3696,#3697);
#3008=AXIS2_PLACEMENT_3D('',#4603,#3698,#3699);
#3009=AXIS2_PLACEMENT_3D('',#4604,#3700,#3701);
#3010=AXIS2_PLACEMENT_3D('',#4605,#3702,#3703);
#3011=AXIS2_PLACEMENT_3D('',#4606,#3704,#3705);
#3012=AXIS2_PLACEMENT_3D('',#4607,#3706,#3707);
#3013=AXIS2_PLACEMENT_3D('',#4608,#3708,#3709);
#3014=AXIS2_PLACEMENT_3D('',#4609,#3710,#3711);
#3015=AXIS2_PLACEMENT_3D('',#4610,#3712,#3713);
#3016=AXIS2_PLACEMENT_3D('',#4611,#3714,#3715);
#3017=AXIS2_PLACEMENT_3D('',#4612,#3716,#3717);
#3018=AXIS2_PLACEMENT_3D('',#4613,#3718,#3719);
#3019=AXIS2_PLACEMENT_3D('',#4614,#3720,#3721);
#3020=AXIS2_PLACEMENT_3D('',#4615,#3722,#3723);
#3021=AXIS2_PLACEMENT_3D('',#4616,#3724,#3725);
#3022=AXIS2_PLACEMENT_3D('',#4617,#3726,#3727);
#3023=AXIS2_PLACEMENT_3D('',#4619,#3729,#3730);
#3024=AXIS2_PLACEMENT_3D('',#4622,#3733,#3734);
#3025=AXIS2_PLACEMENT_3D('',#4624,#3736,#3737);
#3026=AXIS2_PLACEMENT_3D('',#4626,#3739,#3740);
#3027=AXIS2_PLACEMENT_3D('',#4628,#3742,#3743);
#3028=AXIS2_PLACEMENT_3D('',#4629,#3744,#3745);
#3029=AXIS2_PLACEMENT_3D('',#4630,#3746,#3747);
#3030=AXIS2_PLACEMENT_3D('',#4633,#3750,#3751);
#3031=AXIS2_PLACEMENT_3D('',#4636,#3754,#3755);
#3032=AXIS2_PLACEMENT_3D('',#4639,#3758,#3759);
#3033=AXIS2_PLACEMENT_3D('',#4642,#3762,#3763);
#3034=AXIS2_PLACEMENT_3D('',#4645,#3766,#3767);
#3035=AXIS2_PLACEMENT_3D('',#4646,#3768,#3769);
#3036=AXIS2_PLACEMENT_3D('',#4648,#3771,#3772);
#3037=AXIS2_PLACEMENT_3D('',#4649,#3773,#3774);
#3038=AXIS2_PLACEMENT_3D('',#4651,#3776,#3777);
#3039=AXIS2_PLACEMENT_3D('',#4652,#3778,#3779);
#3040=AXIS2_PLACEMENT_3D('',#4653,#3780,#3781);
#3041=AXIS2_PLACEMENT_3D('',#4657,#3784,#3785);
#3042=AXIS2_PLACEMENT_3D('',#4658,#3786,#3787);
#3043=AXIS2_PLACEMENT_3D('',#4659,#3788,#3789);
#3044=AXIS2_PLACEMENT_3D('',#4662,#3792,#3793);
#3045=AXIS2_PLACEMENT_3D('',#4665,#3796,#3797);
#3046=AXIS2_PLACEMENT_3D('',#4668,#3800,#3801);
#3047=AXIS2_PLACEMENT_3D('',#4671,#3804,#3805);
#3048=AXIS2_PLACEMENT_3D('',#4673,#3807,#3808);
#3049=AXIS2_PLACEMENT_3D('',#4675,#3810,#3811);
#3050=AXIS2_PLACEMENT_3D('',#4678,#3814,#3815);
#3051=AXIS2_PLACEMENT_3D('',#4681,#3818,#3819);
#3052=AXIS2_PLACEMENT_3D('',#4684,#3822,#3823);
#3053=AXIS2_PLACEMENT_3D('',#4687,#3826,#3827);
#3054=AXIS2_PLACEMENT_3D('',#4690,#3830,#3831);
#3055=AXIS2_PLACEMENT_3D('',#4693,#3834,#3835);
#3056=AXIS2_PLACEMENT_3D('',#4695,#3837,#3838);
#3057=AXIS2_PLACEMENT_3D('',#4697,#3840,#3841);
#3058=AXIS2_PLACEMENT_3D('',#4700,#3844,#3845);
#3059=AXIS2_PLACEMENT_3D('',#4703,#3848,#3849);
#3060=AXIS2_PLACEMENT_3D('',#4706,#3852,#3853);
#3061=AXIS2_PLACEMENT_3D('',#4709,#3856,#3857);
#3062=AXIS2_PLACEMENT_3D('',#4712,#3860,#3861);
#3063=AXIS2_PLACEMENT_3D('',#4714,#3863,#3864);
#3064=AXIS2_PLACEMENT_3D('',#4716,#3866,#3867);
#3065=AXIS2_PLACEMENT_3D('',#4717,#3868,#3869);
#3066=AXIS2_PLACEMENT_3D('',#4718,#3870,#3871);
#3067=AXIS2_PLACEMENT_3D('',#4719,#3872,#3873);
#3068=AXIS2_PLACEMENT_3D('',#4720,#3874,#3875);
#3069=AXIS2_PLACEMENT_3D('',#4721,#3876,#3877);
#3070=AXIS2_PLACEMENT_3D('',#4722,#3878,#3879);
#3071=AXIS2_PLACEMENT_3D('',#4723,#3880,#3881);
#3072=AXIS2_PLACEMENT_3D('',#4724,#3882,#3883);
#3073=AXIS2_PLACEMENT_3D('',#4725,#3884,#3885);
#3074=AXIS2_PLACEMENT_3D('',#4726,#3886,#3887);
#3075=AXIS2_PLACEMENT_3D('',#4727,#3888,#3889);
#3076=AXIS2_PLACEMENT_3D('',#4728,#3890,#3891);
#3077=AXIS2_PLACEMENT_3D('',#4729,#3892,#3893);
#3078=AXIS2_PLACEMENT_3D('',#4730,#3894,#3895);
#3079=AXIS2_PLACEMENT_3D('',#4731,#3896,#3897);
#3080=AXIS2_PLACEMENT_3D('',#4732,#3898,#3899);
#3081=AXIS2_PLACEMENT_3D('',#4733,#3900,#3901);
#3082=AXIS2_PLACEMENT_3D('',#4734,#3902,#3903);
#3083=AXIS2_PLACEMENT_3D('',#4735,#3904,#3905);
#3084=AXIS2_PLACEMENT_3D('',#4738,#3908,#3909);
#3085=AXIS2_PLACEMENT_3D('',#4739,#3910,#3911);
#3086=AXIS2_PLACEMENT_3D('',#4740,#3912,#3913);
#3087=AXIS2_PLACEMENT_3D('',#4741,#3914,#3915);
#3088=AXIS2_PLACEMENT_3D('',#4742,#3916,#3917);
#3089=AXIS2_PLACEMENT_3D('',#4743,#3918,#3919);
#3090=AXIS2_PLACEMENT_3D('',#4745,#3921,#3922);
#3091=AXIS2_PLACEMENT_3D('',#4746,#3923,#3924);
#3092=AXIS2_PLACEMENT_3D('',#4747,#3925,#3926);
#3093=AXIS2_PLACEMENT_3D('',#4748,#3927,#3928);
#3094=AXIS2_PLACEMENT_3D('',#4749,#3929,#3930);
#3095=AXIS2_PLACEMENT_3D('',#4750,#3931,#3932);
#3096=AXIS2_PLACEMENT_3D('',#4751,#3933,#3934);
#3097=AXIS2_PLACEMENT_3D('',#4752,#3935,#3936);
#3098=AXIS2_PLACEMENT_3D('',#4753,#3937,#3938);
#3099=AXIS2_PLACEMENT_3D('',#4754,#3939,#3940);
#3100=DIRECTION('',(0.,0.,1.));
#3101=DIRECTION('',(1.,0.,0.));
#3102=DIRECTION('',(0.,0.,1.));
#3103=DIRECTION('',(-1.,0.,0.));
#3104=DIRECTION('',(-1.,0.,0.));
#3105=DIRECTION('',(0.,-1.,0.));
#3106=DIRECTION('',(-1.,0.,0.));
#3107=DIRECTION('',(0.,-1.,0.));
#3108=DIRECTION('',(0.,0.,1.));
#3109=DIRECTION('',(-1.,0.,0.));
#3110=DIRECTION('',(0.,0.,1.));
#3111=DIRECTION('',(-1.,0.,0.));
#3112=DIRECTION('',(-0.999991282842406,0.,0.00417543281570382));
#3113=DIRECTION('',(-0.00417543281570382,0.,-0.999991282842406));
#3114=DIRECTION('',(-0.00417543281570382,0.,-0.999991282842406));
#3115=DIRECTION('',(0.,-1.,0.));
#3116=DIRECTION('',(-0.00417543281570382,0.,-0.999991282842406));
#3117=DIRECTION('',(0.,-1.,0.));
#3118=DIRECTION('',(-0.999991282842406,0.,0.0041754328157037));
#3119=DIRECTION('',(-0.0041754328157037,0.,-0.999991282842406));
#3120=DIRECTION('',(0.,-1.,0.));
#3121=DIRECTION('',(-0.0041754328157037,0.,-0.999991282842406));
#3122=DIRECTION('',(0.,-1.,0.));
#3123=DIRECTION('',(-0.0041754328157037,0.,-0.999991282842406));
#3124=DIRECTION('',(-0.00417543281570359,0.,-0.999991282842406));
#3125=DIRECTION('',(0.999991282842406,0.,-0.00417543281570359));
#3126=DIRECTION('',(-0.00417543281570359,0.,-0.999991282842406));
#3127=DIRECTION('',(-1.,0.,0.));
#3128=DIRECTION('',(0.,0.,-1.));
#3129=DIRECTION('',(0.00417543281570359,0.,-0.999991282842406));
#3130=DIRECTION('',(-0.999991282842406,0.,-0.00417543281570359));
#3131=DIRECTION('',(-1.,0.,0.));
#3132=DIRECTION('',(0.,0.,-1.));
#3133=DIRECTION('',(-0.00417543281570359,0.,-0.999991282842406));
#3134=DIRECTION('',(-0.565724738500415,0.,-0.824594154871739));
#3135=DIRECTION('',(-0.824594154871739,0.,0.565724738500415));
#3136=DIRECTION('',(-0.824594154871739,0.,0.565724738500415));
#3137=DIRECTION('',(0.,1.,0.));
#3138=DIRECTION('',(-0.824594154871739,0.,0.565724738500415));
#3139=DIRECTION('',(0.,1.,0.));
#3140=DIRECTION('',(0.415774848759595,0.,-0.909467577838229));
#3141=DIRECTION('',(-0.909467577838229,0.,-0.415774848759595));
#3142=DIRECTION('',(-0.909467577838229,0.,-0.415774848759595));
#3143=DIRECTION('',(0.,1.,0.));
#3144=DIRECTION('',(-0.909467577838229,0.,-0.415774848759595));
#3145=DIRECTION('',(0.,1.,0.));
#3146=DIRECTION('',(0.,1.,0.));
#3147=DIRECTION('',(-1.,0.,0.));
#3148=DIRECTION('',(0.,1.,0.));
#3149=DIRECTION('',(0.,0.,1.));
#3150=DIRECTION('',(0.,1.,0.));
#3151=DIRECTION('',(0.,0.,1.));
#3152=DIRECTION('',(0.,1.,0.));
#3153=DIRECTION('',(0.,0.,1.));
#3154=DIRECTION('',(0.,1.,0.));
#3155=DIRECTION('',(0.,0.,1.));
#3156=DIRECTION('',(0.,1.,0.));
#3157=DIRECTION('',(0.,0.,1.));
#3158=DIRECTION('',(0.,1.,0.));
#3159=DIRECTION('',(0.,0.,1.));
#3160=DIRECTION('',(0.999991282842406,0.,0.00417543281570359));
#3161=DIRECTION('',(0.,1.,0.));
#3162=DIRECTION('',(0.,0.,1.));
#3163=DIRECTION('',(0.,0.,-1.));
#3164=DIRECTION('',(0.,1.,0.));
#3165=DIRECTION('',(0.,0.,1.));
#3166=DIRECTION('',(-0.264748064295756,0.,-0.964317614923449));
#3167=DIRECTION('',(0.,1.,0.));
#3168=DIRECTION('',(0.,0.,1.));
#3169=DIRECTION('',(0.,-1.,0.));
#3170=DIRECTION('',(0.,0.,1.));
#3171=DIRECTION('',(0.539197633141579,0.,0.842179263823635));
#3172=DIRECTION('',(0.,1.,0.));
#3173=DIRECTION('',(0.,0.,1.));
#3174=DIRECTION('',(-0.539197633141579,0.,0.842179263823635));
#3175=DIRECTION('',(0.,1.,0.));
#3176=DIRECTION('',(0.,0.,1.));
#3177=DIRECTION('',(0.,-1.,0.));
#3178=DIRECTION('',(0.,0.,1.));
#3179=DIRECTION('',(0.264748064295756,0.,-0.964317614923449));
#3180=DIRECTION('',(0.,-1.,0.));
#3181=DIRECTION('',(0.,0.,1.));
#3182=DIRECTION('',(0.,0.,-1.));
#3183=DIRECTION('',(0.,-1.,0.));
#3184=DIRECTION('',(0.,0.,-1.));
#3185=DIRECTION('',(0.999991282842406,0.,0.00417543281570359));
#3186=DIRECTION('',(0.00417543281570382,0.,-0.999991282842406));
#3187=DIRECTION('',(0.,-1.,0.));
#3188=DIRECTION('',(0.,0.,-1.));
#3189=DIRECTION('',(1.,0.,0.));
#3190=DIRECTION('',(0.,-1.,0.));
#3191=DIRECTION('',(0.,0.,-1.));
#3192=DIRECTION('',(0.0041754328157037,0.,-0.999991282842406));
#3193=DIRECTION('',(0.999991282842406,0.,0.00417543281570359));
#3194=DIRECTION('',(0.00417543281570342,0.,-0.999991282842406));
#3195=DIRECTION('',(-0.999991282842406,0.,-0.00417543281570359));
#3196=DIRECTION('',(0.,1.,0.));
#3197=DIRECTION('',(0.,0.,-1.));
#3198=DIRECTION('',(0.,1.,0.));
#3199=DIRECTION('',(0.,0.,-1.));
#3200=DIRECTION('',(0.,1.,0.));
#3201=DIRECTION('',(0.,0.,1.));
#3202=DIRECTION('',(0.,1.,0.));
#3203=DIRECTION('',(0.,0.,1.));
#3204=DIRECTION('',(-0.883830077832323,0.,-0.467808073379361));
#3205=DIRECTION('',(0.,-1.,0.));
#3206=DIRECTION('',(0.,0.,1.));
#3207=DIRECTION('',(0.,-1.,0.));
#3208=DIRECTION('',(0.,0.,1.));
#3209=DIRECTION('',(0.,-1.,0.));
#3210=DIRECTION('',(0.,0.,1.));
#3211=DIRECTION('',(-0.99999128284241,0.,0.00417543281474851));
#3212=DIRECTION('',(0.,-1.,0.));
#3213=DIRECTION('',(0.,0.,1.));
#3214=DIRECTION('',(0.99999128284241,0.,0.00417543281474855));
#3215=DIRECTION('',(-0.99999128284241,0.,0.00417543281474855));
#3216=DIRECTION('',(0.,1.,0.));
#3217=DIRECTION('',(0.,0.,1.));
#3218=DIRECTION('',(0.99999128284241,0.,0.00417543281474851));
#3219=DIRECTION('',(0.,1.,0.));
#3220=DIRECTION('',(0.,0.,1.));
#3221=DIRECTION('',(0.,1.,0.));
#3222=DIRECTION('',(0.,0.,1.));
#3223=DIRECTION('',(0.,1.,0.));
#3224=DIRECTION('',(0.,0.,1.));
#3225=DIRECTION('',(0.883830077832323,0.,-0.467808073379361));
#3226=DIRECTION('',(0.982508330324044,0.,-0.186218637208685));
#3227=DIRECTION('',(0.,1.,0.));
#3228=DIRECTION('',(0.,0.,1.));
#3229=DIRECTION('',(-0.982508330324044,0.,-0.186218637208685));
#3230=DIRECTION('',(0.,1.,0.));
#3231=DIRECTION('',(0.,0.,1.));
#3232=DIRECTION('',(-0.69405479887332,0.,0.71992217368332));
#3233=DIRECTION('',(0.,1.,0.));
#3234=DIRECTION('',(0.,0.,1.));
#3235=DIRECTION('',(0.69405479887332,0.,0.71992217368332));
#3236=DIRECTION('',(0.,-1.,0.));
#3237=DIRECTION('',(0.,0.,1.));
#3238=DIRECTION('',(1.96284655931896E-16,0.,1.));
#3239=DIRECTION('',(0.,1.,0.));
#3240=DIRECTION('',(0.,0.,1.));
#3241=DIRECTION('',(0.,1.,0.));
#3242=DIRECTION('',(0.,0.,1.));
#3243=DIRECTION('',(0.,1.,0.));
#3244=DIRECTION('',(0.,0.,1.));
#3245=DIRECTION('',(0.982508330324045,0.,0.18621863720868));
#3246=DIRECTION('',(0.,1.,0.));
#3247=DIRECTION('',(0.,0.,1.));
#3248=DIRECTION('',(-0.824594154871739,0.,0.565724738500415));
#3249=DIRECTION('',(0.,1.,0.));
#3250=DIRECTION('',(0.,0.,1.));
#3251=DIRECTION('',(0.264748064295756,0.,-0.964317614923449));
#3252=DIRECTION('',(0.,1.,0.));
#3253=DIRECTION('',(0.,0.,1.));
#3254=DIRECTION('',(0.264748064295757,0.,-0.964317614923449));
#3255=DIRECTION('',(0.,1.,0.));
#3256=DIRECTION('',(0.,0.,1.));
#3257=DIRECTION('',(0.,1.,0.));
#3258=DIRECTION('',(0.,0.,1.));
#3259=DIRECTION('',(0.,1.,0.));
#3260=DIRECTION('',(0.,0.,1.));
#3261=DIRECTION('',(0.539197633141579,0.,-0.842179263823635));
#3262=DIRECTION('',(0.,1.,0.));
#3263=DIRECTION('',(0.,0.,1.));
#3264=DIRECTION('',(0.,1.,0.));
#3265=DIRECTION('',(0.,0.,1.));
#3266=DIRECTION('',(0.,1.,0.));
#3267=DIRECTION('',(0.,0.,1.));
#3268=DIRECTION('',(-0.69405479887332,0.,0.71992217368332));
#3269=DIRECTION('',(0.,1.,0.));
#3270=DIRECTION('',(0.,0.,1.));
#3271=DIRECTION('',(0.264748064295756,0.,-0.964317614923449));
#3272=DIRECTION('',(0.,1.,0.));
#3273=DIRECTION('',(0.,0.,1.));
#3274=DIRECTION('',(-0.909467577838229,0.,-0.415774848759595));
#3275=DIRECTION('',(0.,1.,0.));
#3276=DIRECTION('',(0.,0.,1.));
#3277=DIRECTION('',(0.941816226360713,0.,-0.336128243031831));
#3278=DIRECTION('',(0.,1.,0.));
#3279=DIRECTION('',(0.,0.,1.));
#3280=DIRECTION('',(0.,0.,-1.));
#3281=DIRECTION('',(0.,1.,0.));
#3282=DIRECTION('',(0.,0.,1.));
#3283=DIRECTION('',(-0.566382130219698,0.,-0.824142756182324));
#3284=DIRECTION('',(0.,1.,0.));
#3285=DIRECTION('',(0.,0.,1.));
#3286=DIRECTION('',(0.,1.,0.));
#3287=DIRECTION('',(0.,0.,1.));
#3288=DIRECTION('',(0.,1.,0.));
#3289=DIRECTION('',(0.,0.,1.));
#3290=DIRECTION('',(0.999991282842363,0.,0.0041754328261771));
#3291=DIRECTION('',(0.,1.,0.));
#3292=DIRECTION('',(0.,0.,1.));
#3293=DIRECTION('',(-1.96284655931896E-16,0.,1.));
#3294=DIRECTION('',(0.,-1.,0.));
#3295=DIRECTION('',(0.,0.,1.));
#3296=DIRECTION('',(0.824594154871739,0.,0.565724738500415));
#3297=DIRECTION('',(0.,-1.,0.));
#3298=DIRECTION('',(0.,0.,1.));
#3299=DIRECTION('',(0.909467577838229,0.,-0.415774848759595));
#3300=DIRECTION('',(0.,-1.,0.));
#3301=DIRECTION('',(0.,0.,1.));
#3302=DIRECTION('',(-0.982508330324045,0.,0.18621863720868));
#3303=DIRECTION('',(0.,-1.,0.));
#3304=DIRECTION('',(0.,0.,1.));
#3305=DIRECTION('',(-0.264748064295756,0.,-0.964317614923449));
#3306=DIRECTION('',(0.,-1.,0.));
#3307=DIRECTION('',(0.,0.,1.));
#3308=DIRECTION('',(0.824594154871739,0.,0.565724738500415));
#3309=DIRECTION('',(0.,-1.,0.));
#3310=DIRECTION('',(0.,0.,1.));
#3311=DIRECTION('',(-0.264748064295757,0.,-0.964317614923449));
#3312=DIRECTION('',(0.,-1.,0.));
#3313=DIRECTION('',(0.,0.,1.));
#3314=DIRECTION('',(0.69405479887332,0.,0.71992217368332));
#3315=DIRECTION('',(0.,-1.,0.));
#3316=DIRECTION('',(0.,0.,1.));
#3317=DIRECTION('',(0.,-1.,0.));
#3318=DIRECTION('',(0.,0.,1.));
#3319=DIRECTION('',(0.,-1.,0.));
#3320=DIRECTION('',(0.,0.,1.));
#3321=DIRECTION('',(-0.539197633141579,0.,-0.842179263823635));
#3322=DIRECTION('',(0.,-1.,0.));
#3323=DIRECTION('',(0.,0.,1.));
#3324=DIRECTION('',(0.,-1.,0.));
#3325=DIRECTION('',(0.,0.,1.));
#3326=DIRECTION('',(0.,-1.,0.));
#3327=DIRECTION('',(0.,0.,1.));
#3328=DIRECTION('',(-0.264748064295756,0.,-0.964317614923449));
#3329=DIRECTION('',(0.,-1.,0.));
#3330=DIRECTION('',(0.,0.,1.));
#3331=DIRECTION('',(-0.941816226360713,0.,-0.336128243031831));
#3332=DIRECTION('',(0.,-1.,0.));
#3333=DIRECTION('',(0.,0.,1.));
#3334=DIRECTION('',(0.909467577838229,0.,-0.415774848759595));
#3335=DIRECTION('',(0.,-1.,0.));
#3336=DIRECTION('',(0.,0.,1.));
#3337=DIRECTION('',(0.,0.,-1.));
#3338=DIRECTION('',(0.,-1.,0.));
#3339=DIRECTION('',(0.,0.,1.));
#3340=DIRECTION('',(-0.999991282842363,0.,0.0041754328261771));
#3341=DIRECTION('',(0.,-1.,0.));
#3342=DIRECTION('',(0.,0.,1.));
#3343=DIRECTION('',(0.,-1.,0.));
#3344=DIRECTION('',(0.,0.,1.));
#3345=DIRECTION('',(0.,-1.,0.));
#3346=DIRECTION('',(0.,0.,1.));
#3347=DIRECTION('',(0.566382130219698,0.,-0.824142756182324));
#3348=DIRECTION('',(0.,-1.,0.));
#3349=DIRECTION('',(0.,0.,1.));
#3350=DIRECTION('',(0.,1.,0.));
#3351=DIRECTION('',(-1.,0.,0.));
#3352=DIRECTION('',(0.,1.,0.));
#3353=DIRECTION('',(0.,0.,1.));
#3354=DIRECTION('',(0.,1.,0.));
#3355=DIRECTION('',(0.,0.,1.));
#3356=DIRECTION('',(0.,1.,0.));
#3357=DIRECTION('',(0.,0.,1.));
#3358=DIRECTION('',(0.,-1.,0.));
#3359=DIRECTION('',(0.,0.,-1.));
#3360=DIRECTION('',(0.,-1.,0.));
#3361=DIRECTION('',(0.,0.,-1.));
#3362=DIRECTION('',(0.,-1.,0.));
#3363=DIRECTION('',(0.,0.,-1.));
#3364=DIRECTION('',(0.,0.,-1.));
#3365=DIRECTION('',(0.,1.,0.));
#3366=DIRECTION('',(0.,0.,1.));
#3367=DIRECTION('',(0.999991282842406,0.,0.00417543281570359));
#3368=DIRECTION('',(0.,-1.,0.));
#3369=DIRECTION('',(0.,0.,-1.));
#3370=DIRECTION('',(0.,0.,-1.));
#3371=DIRECTION('',(0.,-1.,0.));
#3372=DIRECTION('',(0.,0.,1.));
#3373=DIRECTION('',(0.264748064295756,0.,-0.964317614923449));
#3374=DIRECTION('',(0.,-1.,0.));
#3375=DIRECTION('',(0.,0.,1.));
#3376=DIRECTION('',(0.,1.,0.));
#3377=DIRECTION('',(0.,0.,1.));
#3378=DIRECTION('',(-0.539197633141579,0.,0.842179263823635));
#3379=DIRECTION('',(0.,1.,0.));
#3380=DIRECTION('',(0.,0.,1.));
#3381=DIRECTION('',(0.539197633141579,0.,0.842179263823635));
#3382=DIRECTION('',(0.,-1.,0.));
#3383=DIRECTION('',(0.,0.,1.));
#3384=DIRECTION('',(0.,1.,0.));
#3385=DIRECTION('',(0.,0.,1.));
#3386=DIRECTION('',(-0.264748064295756,0.,-0.964317614923449));
#3387=DIRECTION('',(0.,1.,0.));
#3388=DIRECTION('',(0.,0.,1.));
#3389=DIRECTION('',(0.,1.,0.));
#3390=DIRECTION('',(0.,0.,1.));
#3391=DIRECTION('',(0.69405479887332,0.,0.71992217368332));
#3392=DIRECTION('',(0.,1.,0.));
#3393=DIRECTION('',(0.,0.,1.));
#3394=DIRECTION('',(-0.69405479887332,0.,0.71992217368332));
#3395=DIRECTION('',(0.,1.,0.));
#3396=DIRECTION('',(0.,0.,1.));
#3397=DIRECTION('',(-0.982508330324044,0.,-0.186218637208685));
#3398=DIRECTION('',(0.,1.,0.));
#3399=DIRECTION('',(0.,0.,1.));
#3400=DIRECTION('',(0.982508330324044,0.,-0.186218637208685));
#3401=DIRECTION('',(0.,-1.,0.));
#3402=DIRECTION('',(0.,0.,1.));
#3403=DIRECTION('',(-0.883830077832323,0.,-0.467808073379361));
#3404=DIRECTION('',(0.,1.,0.));
#3405=DIRECTION('',(0.,0.,1.));
#3406=DIRECTION('',(0.883830077832323,0.,-0.467808073379361));
#3407=DIRECTION('',(0.,1.,0.));
#3408=DIRECTION('',(0.,0.,1.));
#3409=DIRECTION('',(0.,1.,0.));
#3410=DIRECTION('',(0.,0.,1.));
#3411=DIRECTION('',(0.,1.,0.));
#3412=DIRECTION('',(0.,0.,1.));
#3413=DIRECTION('',(0.99999128284241,0.,0.00417543281474851));
#3414=DIRECTION('',(0.,1.,0.));
#3415=DIRECTION('',(0.,0.,1.));
#3416=DIRECTION('',(-0.99999128284241,0.,0.00417543281474855));
#3417=DIRECTION('',(0.99999128284241,0.,0.00417543281474855));
#3418=DIRECTION('',(0.,-1.,0.));
#3419=DIRECTION('',(0.,0.,1.));
#3420=DIRECTION('',(-0.99999128284241,0.,0.00417543281474851));
#3421=DIRECTION('',(0.,-1.,0.));
#3422=DIRECTION('',(0.,0.,1.));
#3423=DIRECTION('',(0.,-1.,0.));
#3424=DIRECTION('',(0.,0.,1.));
#3425=DIRECTION('',(0.,-1.,0.));
#3426=DIRECTION('',(0.,0.,1.));
#3427=DIRECTION('',(0.,1.,0.));
#3428=DIRECTION('',(0.,0.,1.));
#3429=DIRECTION('',(1.96284655931896E-16,0.,1.));
#3430=DIRECTION('',(0.,1.,0.));
#3431=DIRECTION('',(0.,0.,1.));
#3432=DIRECTION('',(0.,1.,0.));
#3433=DIRECTION('',(0.,0.,1.));
#3434=DIRECTION('',(-0.909467577838229,0.,-0.415774848759595));
#3435=DIRECTION('',(0.,1.,0.));
#3436=DIRECTION('',(0.,0.,1.));
#3437=DIRECTION('',(0.264748064295756,0.,-0.964317614923449));
#3438=DIRECTION('',(0.,1.,0.));
#3439=DIRECTION('',(0.,0.,1.));
#3440=DIRECTION('',(0.941816226360713,0.,-0.336128243031831));
#3441=DIRECTION('',(0.,1.,0.));
#3442=DIRECTION('',(0.,0.,1.));
#3443=DIRECTION('',(0.,1.,0.));
#3444=DIRECTION('',(0.,0.,1.));
#3445=DIRECTION('',(0.,1.,0.));
#3446=DIRECTION('',(0.,0.,1.));
#3447=DIRECTION('',(0.264748064295757,0.,-0.964317614923449));
#3448=DIRECTION('',(0.,1.,0.));
#3449=DIRECTION('',(0.,0.,1.));
#3450=DIRECTION('',(-0.69405479887332,0.,0.71992217368332));
#3451=DIRECTION('',(0.,1.,0.));
#3452=DIRECTION('',(0.,0.,1.));
#3453=DIRECTION('',(0.,1.,0.));
#3454=DIRECTION('',(0.,0.,1.));
#3455=DIRECTION('',(0.,1.,0.));
#3456=DIRECTION('',(0.,0.,1.));
#3457=DIRECTION('',(0.539197633141579,0.,-0.842179263823634));
#3458=DIRECTION('',(0.,1.,0.));
#3459=DIRECTION('',(0.,0.,1.));
#3460=DIRECTION('',(0.264748064295756,0.,-0.964317614923449));
#3461=DIRECTION('',(0.,1.,0.));
#3462=DIRECTION('',(0.,0.,1.));
#3463=DIRECTION('',(-0.824594154871739,0.,0.565724738500415));
#3464=DIRECTION('',(0.,1.,0.));
#3465=DIRECTION('',(0.,0.,1.));
#3466=DIRECTION('',(0.982508330324045,0.,0.18621863720868));
#3467=DIRECTION('',(0.,1.,0.));
#3468=DIRECTION('',(0.,0.,1.));
#3469=DIRECTION('',(0.,1.,0.));
#3470=DIRECTION('',(0.,0.,1.));
#3471=DIRECTION('',(0.,1.,0.));
#3472=DIRECTION('',(0.,0.,1.));
#3473=DIRECTION('',(-0.566382130219698,0.,-0.824142756182324));
#3474=DIRECTION('',(0.,1.,0.));
#3475=DIRECTION('',(0.,0.,1.));
#3476=DIRECTION('',(0.,0.,-1.));
#3477=DIRECTION('',(0.,1.,0.));
#3478=DIRECTION('',(0.,0.,1.));
#3479=DIRECTION('',(0.999991282842363,0.,0.0041754328261771));
#3480=DIRECTION('',(0.,1.,0.));
#3481=DIRECTION('',(0.,0.,1.));
#3482=DIRECTION('',(0.909467577838229,0.,-0.415774848759595));
#3483=DIRECTION('',(0.,-1.,0.));
#3484=DIRECTION('',(0.,0.,1.));
#3485=DIRECTION('',(0.824594154871739,0.,0.565724738500415));
#3486=DIRECTION('',(0.,-1.,0.));
#3487=DIRECTION('',(0.,0.,1.));
#3488=DIRECTION('',(-1.96284655931896E-16,0.,1.));
#3489=DIRECTION('',(0.,-1.,0.));
#3490=DIRECTION('',(0.,0.,1.));
#3491=DIRECTION('',(0.909467577838229,0.,-0.415774848759595));
#3492=DIRECTION('',(0.,-1.,0.));
#3493=DIRECTION('',(0.,0.,1.));
#3494=DIRECTION('',(-0.941816226360713,0.,-0.336128243031831));
#3495=DIRECTION('',(0.,-1.,0.));
#3496=DIRECTION('',(0.,0.,1.));
#3497=DIRECTION('',(-0.264748064295756,0.,-0.964317614923449));
#3498=DIRECTION('',(0.,-1.,0.));
#3499=DIRECTION('',(0.,0.,1.));
#3500=DIRECTION('',(0.,-1.,0.));
#3501=DIRECTION('',(0.,0.,1.));
#3502=DIRECTION('',(0.,-1.,0.));
#3503=DIRECTION('',(0.,0.,1.));
#3504=DIRECTION('',(-0.539197633141579,0.,-0.842179263823634));
#3505=DIRECTION('',(0.,-1.,0.));
#3506=DIRECTION('',(0.,0.,1.));
#3507=DIRECTION('',(0.,-1.,0.));
#3508=DIRECTION('',(0.,0.,1.));
#3509=DIRECTION('',(0.,-1.,0.));
#3510=DIRECTION('',(0.,0.,1.));
#3511=DIRECTION('',(0.69405479887332,0.,0.71992217368332));
#3512=DIRECTION('',(0.,-1.,0.));
#3513=DIRECTION('',(0.,0.,1.));
#3514=DIRECTION('',(-0.264748064295757,0.,-0.964317614923449));
#3515=DIRECTION('',(0.,-1.,0.));
#3516=DIRECTION('',(0.,0.,1.));
#3517=DIRECTION('',(-0.264748064295756,0.,-0.964317614923449));
#3518=DIRECTION('',(0.,-1.,0.));
#3519=DIRECTION('',(0.,0.,1.));
#3520=DIRECTION('',(-0.982508330324045,0.,0.18621863720868));
#3521=DIRECTION('',(0.,-1.,0.));
#3522=DIRECTION('',(0.,0.,1.));
#3523=DIRECTION('',(0.824594154871739,0.,0.565724738500415));
#3524=DIRECTION('',(0.,-1.,0.));
#3525=DIRECTION('',(0.,0.,1.));
#3526=DIRECTION('',(0.,-1.,0.));
#3527=DIRECTION('',(0.,0.,1.));
#3528=DIRECTION('',(0.,-1.,0.));
#3529=DIRECTION('',(0.,0.,1.));
#3530=DIRECTION('',(-0.999991282842363,0.,0.0041754328261771));
#3531=DIRECTION('',(0.,-1.,0.));
#3532=DIRECTION('',(0.,0.,1.));
#3533=DIRECTION('',(0.,0.,-1.));
#3534=DIRECTION('',(0.,-1.,0.));
#3535=DIRECTION('',(0.,0.,1.));
#3536=DIRECTION('',(0.566382130219698,0.,-0.824142756182324));
#3537=DIRECTION('',(0.,-1.,0.));
#3538=DIRECTION('',(0.,0.,1.));
#3539=DIRECTION('',(0.,-1.,0.));
#3540=DIRECTION('',(0.,0.,-1.));
#3541=DIRECTION('',(0.,1.,0.));
#3542=DIRECTION('',(0.,1.,0.));
#3543=DIRECTION('',(0.,-1.,0.));
#3544=DIRECTION('',(0.,0.,-1.));
#3545=DIRECTION('',(0.,1.,0.));
#3546=DIRECTION('',(0.,-1.,0.));
#3547=DIRECTION('',(0.,-1.,0.));
#3548=DIRECTION('',(0.,0.,-1.));
#3549=DIRECTION('',(0.,1.,0.));
#3550=DIRECTION('',(0.,1.,0.));
#3551=DIRECTION('',(0.,-1.,0.));
#3552=DIRECTION('',(0.,0.,-1.));
#3553=DIRECTION('',(0.,1.,0.));
#3554=DIRECTION('',(0.,0.,1.));
#3555=DIRECTION('',(0.,1.,0.));
#3556=DIRECTION('',(0.,1.,0.));
#3557=DIRECTION('',(0.964317614923449,0.,0.264748064295756));
#3558=DIRECTION('',(0.264748064295756,0.,-0.964317614923449));
#3559=DIRECTION('',(-0.842179263823634,0.,-0.539197633141579));
#3560=DIRECTION('',(-0.539197633141579,0.,0.842179263823635));
#3561=DIRECTION('',(0.,1.,0.));
#3562=DIRECTION('',(0.,1.,0.));
#3563=DIRECTION('',(0.,0.,1.));
#3564=DIRECTION('',(1.,0.,0.));
#3565=DIRECTION('',(0.,0.,-1.));
#3566=DIRECTION('',(0.,-1.,0.));
#3567=DIRECTION('',(-0.00417543281570359,0.,0.999991282842406));
#3568=DIRECTION('',(0.999991282842406,0.,0.00417543281570359));
#3569=DIRECTION('',(0.,-1.,0.));
#3570=DIRECTION('',(0.999991282842406,0.,0.00417543281570359));
#3571=DIRECTION('',(0.,-1.,0.));
#3572=DIRECTION('',(0.,-1.,0.));
#3573=DIRECTION('',(0.999991282842406,0.,0.00417543281570359));
#3574=DIRECTION('',(0.,-1.,0.));
#3575=DIRECTION('',(0.,-1.,0.));
#3576=DIRECTION('',(-0.00417543281570359,0.,0.999991282842406));
#3577=DIRECTION('',(-0.999991282842406,0.,-0.00417543281570359));
#3578=DIRECTION('',(-0.00417543281570359,0.,0.999991282842406));
#3579=DIRECTION('',(-0.999991282842406,0.,-0.00417543281570359));
#3580=DIRECTION('',(0.,0.,1.));
#3581=DIRECTION('',(1.,0.,0.));
#3582=DIRECTION('',(0.,0.,-1.));
#3583=DIRECTION('',(1.,0.,0.));
#3584=DIRECTION('',(1.,0.,0.));
#3585=DIRECTION('',(0.,-1.,0.));
#3586=DIRECTION('',(0.,-1.,0.));
#3587=DIRECTION('',(0.999991282842406,0.,0.0041754328157037));
#3588=DIRECTION('',(0.0041754328157037,0.,-0.999991282842406));
#3589=DIRECTION('',(0.,-1.,0.));
#3590=DIRECTION('',(0.0041754328157037,0.,-0.999991282842406));
#3591=DIRECTION('',(0.999991282842406,0.,0.00417543281570382));
#3592=DIRECTION('',(0.00417543281570382,0.,-0.999991282842406));
#3593=DIRECTION('',(0.00417543281570382,0.,-0.999991282842406));
#3594=DIRECTION('',(0.,-1.,0.));
#3595=DIRECTION('',(0.,1.,0.));
#3596=DIRECTION('',(1.,0.,0.));
#3597=DIRECTION('',(0.,-1.,0.));
#3598=DIRECTION('',(0.,0.,-1.));
#3599=DIRECTION('',(0.,-1.,0.));
#3600=DIRECTION('',(0.,0.,-1.));
#3601=DIRECTION('',(0.,1.,0.));
#3602=DIRECTION('',(0.,0.,-1.));
#3603=DIRECTION('',(0.,-1.,0.));
#3604=DIRECTION('',(0.,0.,1.));
#3605=DIRECTION('',(0.,1.,0.));
#3606=DIRECTION('',(0.,0.,-1.));
#3607=DIRECTION('',(0.00417543281570359,0.,-0.999991282842406));
#3608=DIRECTION('',(-0.999991282842406,0.,-0.00417543281570359));
#3609=DIRECTION('',(0.964317614923449,0.,0.264748064295756));
#3610=DIRECTION('',(0.264748064295757,0.,-0.964317614923449));
#3611=DIRECTION('',(0.,1.,0.));
#3612=DIRECTION('',(0.,1.,0.));
#3613=DIRECTION('',(-0.71992217368332,0.,-0.69405479887332));
#3614=DIRECTION('',(-0.69405479887332,0.,0.71992217368332));
#3615=DIRECTION('',(0.,1.,0.));
#3616=DIRECTION('',(0.,1.,0.));
#3617=DIRECTION('',(0.,1.,0.));
#3618=DIRECTION('',(0.,0.,1.));
#3619=DIRECTION('',(0.,1.,0.));
#3620=DIRECTION('',(0.,1.,0.));
#3621=DIRECTION('',(0.842179263823635,0.,0.539197633141579));
#3622=DIRECTION('',(0.539197633141579,0.,-0.842179263823634));
#3623=DIRECTION('',(0.,1.,0.));
#3624=DIRECTION('',(0.,1.,0.));
#3625=DIRECTION('',(0.,1.,0.));
#3626=DIRECTION('',(0.,0.,1.));
#3627=DIRECTION('',(0.,1.,0.));
#3628=DIRECTION('',(0.,1.,0.));
#3629=DIRECTION('',(0.,0.,1.));
#3630=DIRECTION('',(0.,1.,0.));
#3631=DIRECTION('',(-0.18621863720868,0.,0.982508330324045));
#3632=DIRECTION('',(0.982508330324045,0.,0.18621863720868));
#3633=DIRECTION('',(0.,1.,0.));
#3634=DIRECTION('',(0.,1.,0.));
#3635=DIRECTION('',(0.964317614923449,0.,0.264748064295756));
#3636=DIRECTION('',(0.264748064295756,0.,-0.964317614923449));
#3637=DIRECTION('',(0.,1.,0.));
#3638=DIRECTION('',(0.,1.,0.));
#3639=DIRECTION('',(-0.565724738500415,0.,-0.824594154871739));
#3640=DIRECTION('',(-0.824594154871739,0.,0.565724738500415));
#3641=DIRECTION('',(0.,1.,0.));
#3642=DIRECTION('',(0.,1.,0.));
#3643=DIRECTION('',(0.415774848759595,0.,-0.909467577838229));
#3644=DIRECTION('',(-0.909467577838229,0.,-0.415774848759595));
#3645=DIRECTION('',(0.,1.,0.));
#3646=DIRECTION('',(0.,1.,0.));
#3647=DIRECTION('',(0.964317614923449,0.,0.264748064295756));
#3648=DIRECTION('',(0.264748064295756,0.,-0.964317614923449));
#3649=DIRECTION('',(0.,1.,0.));
#3650=DIRECTION('',(0.,1.,0.));
#3651=DIRECTION('',(0.336128243031831,0.,0.941816226360713));
#3652=DIRECTION('',(0.941816226360713,0.,-0.336128243031831));
#3653=DIRECTION('',(0.,1.,0.));
#3654=DIRECTION('',(0.,1.,0.));
#3655=DIRECTION('',(-0.71992217368332,0.,-0.69405479887332));
#3656=DIRECTION('',(-0.69405479887332,0.,0.71992217368332));
#3657=DIRECTION('',(0.,1.,0.));
#3658=DIRECTION('',(0.,1.,0.));
#3659=DIRECTION('',(0.186218637208685,0.,-0.982508330324044));
#3660=DIRECTION('',(-0.982508330324044,0.,-0.186218637208685));
#3661=DIRECTION('',(0.,1.,0.));
#3662=DIRECTION('',(0.,1.,0.));
#3663=DIRECTION('',(0.,1.,0.));
#3664=DIRECTION('',(0.,0.,1.));
#3665=DIRECTION('',(0.,1.,0.));
#3666=DIRECTION('',(0.,1.,0.));
#3667=DIRECTION('',(0.824142756182324,0.,-0.566382130219698));
#3668=DIRECTION('',(-0.566382130219698,0.,-0.824142756182324));
#3669=DIRECTION('',(0.,-1.,0.));
#3670=DIRECTION('',(0.,1.,0.));
#3671=DIRECTION('',(1.,0.,0.));
#3672=DIRECTION('',(0.,0.,-1.));
#3673=DIRECTION('',(0.,1.,0.));
#3674=DIRECTION('',(0.,1.,0.));
#3675=DIRECTION('',(-0.0041754328261771,0.,0.999991282842363));
#3676=DIRECTION('',(0.999991282842363,0.,0.0041754328261771));
#3677=DIRECTION('',(0.,-1.,0.));
#3678=DIRECTION('',(0.,1.,0.));
#3679=DIRECTION('',(0.,1.,0.));
#3680=DIRECTION('',(0.,0.,1.));
#3681=DIRECTION('',(0.,1.,0.));
#3682=DIRECTION('',(0.,1.,0.));
#3683=DIRECTION('',(-0.00417543281474851,0.,0.99999128284241));
#3684=DIRECTION('',(0.99999128284241,0.,0.00417543281474851));
#3685=DIRECTION('',(0.,-1.,0.));
#3686=DIRECTION('',(0.467808073379361,0.,0.883830077832323));
#3687=DIRECTION('',(0.883830077832323,0.,-0.467808073379361));
#3688=DIRECTION('',(0.,1.,0.));
#3689=DIRECTION('',(0.,1.,0.));
#3690=DIRECTION('',(0.,1.,0.));
#3691=DIRECTION('',(0.,0.,1.));
#3692=DIRECTION('',(0.,1.,0.));
#3693=DIRECTION('',(0.,0.,1.));
#3694=DIRECTION('',(0.,1.,0.));
#3695=DIRECTION('',(0.,0.,1.));
#3696=DIRECTION('',(0.,1.,0.));
#3697=DIRECTION('',(0.,0.,1.));
#3698=DIRECTION('',(0.,-1.,0.));
#3699=DIRECTION('',(0.,0.,-1.));
#3700=DIRECTION('',(0.,1.,0.));
#3701=DIRECTION('',(0.,0.,1.));
#3702=DIRECTION('',(0.,1.,0.));
#3703=DIRECTION('',(0.,0.,1.));
#3704=DIRECTION('',(0.,1.,0.));
#3705=DIRECTION('',(0.,0.,1.));
#3706=DIRECTION('',(0.,1.,0.));
#3707=DIRECTION('',(0.,0.,1.));
#3708=DIRECTION('',(0.,1.,0.));
#3709=DIRECTION('',(0.,0.,1.));
#3710=DIRECTION('',(0.,1.,0.));
#3711=DIRECTION('',(0.,0.,1.));
#3712=DIRECTION('',(0.,-1.,0.));
#3713=DIRECTION('',(0.,0.,-1.));
#3714=DIRECTION('',(0.,-1.,0.));
#3715=DIRECTION('',(0.,0.,-1.));
#3716=DIRECTION('',(0.,-1.,0.));
#3717=DIRECTION('',(0.,0.,-1.));
#3718=DIRECTION('',(0.,1.,0.));
#3719=DIRECTION('',(0.,0.,1.));
#3720=DIRECTION('',(0.,-1.,0.));
#3721=DIRECTION('',(0.,0.,-1.));
#3722=DIRECTION('',(0.,1.,0.));
#3723=DIRECTION('',(0.,0.,1.));
#3724=DIRECTION('',(0.,1.,0.));
#3725=DIRECTION('',(0.,0.,1.));
#3726=DIRECTION('',(-0.00417543281474855,0.,-0.99999128284241));
#3727=DIRECTION('',(-0.99999128284241,0.,0.00417543281474855));
#3728=DIRECTION('',(0.,-1.,0.));
#3729=DIRECTION('',(-1.,0.,1.96284655931896E-16));
#3730=DIRECTION('',(1.96284655931896E-16,0.,1.));
#3731=DIRECTION('',(0.,1.,0.));
#3732=DIRECTION('',(0.,1.,0.));
#3733=DIRECTION('',(0.,-1.,0.));
#3734=DIRECTION('',(0.,0.,-1.));
#3735=DIRECTION('',(0.,1.,0.));
#3736=DIRECTION('',(0.,-1.,0.));
#3737=DIRECTION('',(0.,0.,-1.));
#3738=DIRECTION('',(0.,1.,0.));
#3739=DIRECTION('',(0.,-1.,0.));
#3740=DIRECTION('',(0.,0.,-1.));
#3741=DIRECTION('',(0.,1.,0.));
#3742=DIRECTION('',(0.,-1.,0.));
#3743=DIRECTION('',(0.,0.,-1.));
#3744=DIRECTION('',(0.,1.,0.));
#3745=DIRECTION('',(0.,0.,1.));
#3746=DIRECTION('',(0.565724738500415,0.,-0.824594154871739));
#3747=DIRECTION('',(0.824594154871739,0.,0.565724738500415));
#3748=DIRECTION('',(0.,1.,0.));
#3749=DIRECTION('',(0.,1.,0.));
#3750=DIRECTION('',(-0.415774848759595,0.,-0.909467577838229));
#3751=DIRECTION('',(0.909467577838229,0.,-0.415774848759595));
#3752=DIRECTION('',(0.,1.,0.));
#3753=DIRECTION('',(0.,1.,0.));
#3754=DIRECTION('',(0.,-1.,0.));
#3755=DIRECTION('',(0.,0.,-1.));
#3756=DIRECTION('',(0.,1.,0.));
#3757=DIRECTION('',(0.,1.,0.));
#3758=DIRECTION('',(0.,-1.,0.));
#3759=DIRECTION('',(0.,0.,-1.));
#3760=DIRECTION('',(0.,-1.,0.));
#3761=DIRECTION('',(0.,1.,0.));
#3762=DIRECTION('',(0.,1.,0.));
#3763=DIRECTION('',(0.,0.,1.));
#3764=DIRECTION('',(0.,1.,0.));
#3765=DIRECTION('',(0.,1.,0.));
#3766=DIRECTION('',(-0.964317614923449,0.,0.264748064295756));
#3767=DIRECTION('',(-0.264748064295756,0.,-0.964317614923449));
#3768=DIRECTION('',(0.842179263823634,0.,-0.539197633141579));
#3769=DIRECTION('',(0.539197633141579,0.,0.842179263823635));
#3770=DIRECTION('',(0.,1.,0.));
#3771=DIRECTION('',(0.,1.,0.));
#3772=DIRECTION('',(0.,0.,1.));
#3773=DIRECTION('',(-1.,0.,0.));
#3774=DIRECTION('',(0.,0.,-1.));
#3775=DIRECTION('',(0.,-1.,0.));
#3776=DIRECTION('',(0.,1.,0.));
#3777=DIRECTION('',(-1.,0.,0.));
#3778=DIRECTION('',(0.,1.,0.));
#3779=DIRECTION('',(0.,0.,-1.));
#3780=DIRECTION('',(0.,1.,0.));
#3781=DIRECTION('',(0.,0.,-1.));
#3782=DIRECTION('',(0.999991282842406,0.,0.00417543281570359));
#3783=DIRECTION('',(0.00417543281570342,0.,-0.999991282842406));
#3784=DIRECTION('',(0.,-1.,0.));
#3785=DIRECTION('',(0.,0.,1.));
#3786=DIRECTION('',(0.,1.,0.));
#3787=DIRECTION('',(0.,0.,-1.));
#3788=DIRECTION('',(-0.964317614923449,0.,0.264748064295756));
#3789=DIRECTION('',(-0.264748064295757,0.,-0.964317614923449));
#3790=DIRECTION('',(0.,1.,0.));
#3791=DIRECTION('',(0.,1.,0.));
#3792=DIRECTION('',(0.71992217368332,0.,-0.69405479887332));
#3793=DIRECTION('',(0.69405479887332,0.,0.71992217368332));
#3794=DIRECTION('',(0.,1.,0.));
#3795=DIRECTION('',(0.,1.,0.));
#3796=DIRECTION('',(0.,1.,0.));
#3797=DIRECTION('',(0.,0.,1.));
#3798=DIRECTION('',(0.,1.,0.));
#3799=DIRECTION('',(0.,1.,0.));
#3800=DIRECTION('',(-0.842179263823635,0.,0.539197633141579));
#3801=DIRECTION('',(-0.539197633141579,0.,-0.842179263823634));
#3802=DIRECTION('',(0.,1.,0.));
#3803=DIRECTION('',(0.,1.,0.));
#3804=DIRECTION('',(0.,1.,0.));
#3805=DIRECTION('',(0.,0.,1.));
#3806=DIRECTION('',(0.,1.,0.));
#3807=DIRECTION('',(0.,1.,0.));
#3808=DIRECTION('',(0.,0.,1.));
#3809=DIRECTION('',(0.,1.,0.));
#3810=DIRECTION('',(0.18621863720868,0.,0.982508330324045));
#3811=DIRECTION('',(-0.982508330324045,0.,0.18621863720868));
#3812=DIRECTION('',(0.,1.,0.));
#3813=DIRECTION('',(0.,1.,0.));
#3814=DIRECTION('',(-0.964317614923449,0.,0.264748064295756));
#3815=DIRECTION('',(-0.264748064295756,0.,-0.964317614923449));
#3816=DIRECTION('',(0.,1.,0.));
#3817=DIRECTION('',(0.,1.,0.));
#3818=DIRECTION('',(0.565724738500415,0.,-0.824594154871739));
#3819=DIRECTION('',(0.824594154871739,0.,0.565724738500415));
#3820=DIRECTION('',(0.,1.,0.));
#3821=DIRECTION('',(0.,1.,0.));
#3822=DIRECTION('',(-0.415774848759595,0.,-0.909467577838229));
#3823=DIRECTION('',(0.909467577838229,0.,-0.415774848759595));
#3824=DIRECTION('',(0.,1.,0.));
#3825=DIRECTION('',(0.,1.,0.));
#3826=DIRECTION('',(-0.964317614923449,0.,0.264748064295756));
#3827=DIRECTION('',(-0.264748064295756,0.,-0.964317614923449));
#3828=DIRECTION('',(0.,1.,0.));
#3829=DIRECTION('',(0.,1.,0.));
#3830=DIRECTION('',(-0.336128243031831,0.,0.941816226360713));
#3831=DIRECTION('',(-0.941816226360713,0.,-0.336128243031831));
#3832=DIRECTION('',(0.,1.,0.));
#3833=DIRECTION('',(0.,1.,0.));
#3834=DIRECTION('',(0.71992217368332,0.,-0.69405479887332));
#3835=DIRECTION('',(0.69405479887332,0.,0.71992217368332));
#3836=DIRECTION('',(0.,1.,0.));
#3837=DIRECTION('',(-0.186218637208685,0.,-0.982508330324044));
#3838=DIRECTION('',(0.982508330324044,0.,-0.186218637208685));
#3839=DIRECTION('',(0.,1.,0.));
#3840=DIRECTION('',(0.,1.,0.));
#3841=DIRECTION('',(0.,0.,1.));
#3842=DIRECTION('',(0.,1.,0.));
#3843=DIRECTION('',(0.,1.,0.));
#3844=DIRECTION('',(-0.824142756182324,0.,-0.566382130219698));
#3845=DIRECTION('',(0.566382130219698,0.,-0.824142756182324));
#3846=DIRECTION('',(0.,1.,0.));
#3847=DIRECTION('',(0.,-1.,0.));
#3848=DIRECTION('',(-1.,0.,0.));
#3849=DIRECTION('',(0.,0.,-1.));
#3850=DIRECTION('',(0.,1.,0.));
#3851=DIRECTION('',(0.,1.,0.));
#3852=DIRECTION('',(0.0041754328261771,0.,0.999991282842363));
#3853=DIRECTION('',(-0.999991282842363,0.,0.0041754328261771));
#3854=DIRECTION('',(0.,1.,0.));
#3855=DIRECTION('',(0.,-1.,0.));
#3856=DIRECTION('',(0.,1.,0.));
#3857=DIRECTION('',(0.,0.,1.));
#3858=DIRECTION('',(0.,1.,0.));
#3859=DIRECTION('',(0.,1.,0.));
#3860=DIRECTION('',(0.00417543281474851,0.,0.99999128284241));
#3861=DIRECTION('',(-0.99999128284241,0.,0.00417543281474851));
#3862=DIRECTION('',(0.,-1.,0.));
#3863=DIRECTION('',(-0.467808073379361,0.,0.883830077832323));
#3864=DIRECTION('',(-0.883830077832323,0.,-0.467808073379361));
#3865=DIRECTION('',(0.,1.,0.));
#3866=DIRECTION('',(0.,1.,0.));
#3867=DIRECTION('',(0.,0.,1.));
#3868=DIRECTION('',(0.,1.,0.));
#3869=DIRECTION('',(0.,0.,1.));
#3870=DIRECTION('',(0.,1.,0.));
#3871=DIRECTION('',(0.,0.,1.));
#3872=DIRECTION('',(0.,1.,0.));
#3873=DIRECTION('',(0.,0.,1.));
#3874=DIRECTION('',(0.,-1.,0.));
#3875=DIRECTION('',(0.,0.,-1.));
#3876=DIRECTION('',(0.,1.,0.));
#3877=DIRECTION('',(0.,0.,1.));
#3878=DIRECTION('',(0.,1.,0.));
#3879=DIRECTION('',(0.,0.,1.));
#3880=DIRECTION('',(0.,1.,0.));
#3881=DIRECTION('',(0.,0.,1.));
#3882=DIRECTION('',(0.,1.,0.));
#3883=DIRECTION('',(0.,0.,1.));
#3884=DIRECTION('',(0.,1.,0.));
#3885=DIRECTION('',(0.,0.,1.));
#3886=DIRECTION('',(0.,1.,0.));
#3887=DIRECTION('',(0.,0.,1.));
#3888=DIRECTION('',(0.,-1.,0.));
#3889=DIRECTION('',(0.,0.,-1.));
#3890=DIRECTION('',(0.,-1.,0.));
#3891=DIRECTION('',(0.,0.,-1.));
#3892=DIRECTION('',(0.,-1.,0.));
#3893=DIRECTION('',(0.,0.,-1.));
#3894=DIRECTION('',(0.,1.,0.));
#3895=DIRECTION('',(0.,0.,1.));
#3896=DIRECTION('',(0.,-1.,0.));
#3897=DIRECTION('',(0.,0.,-1.));
#3898=DIRECTION('',(0.,1.,0.));
#3899=DIRECTION('',(0.,0.,1.));
#3900=DIRECTION('',(0.,1.,0.));
#3901=DIRECTION('',(0.,0.,1.));
#3902=DIRECTION('',(0.00417543281474855,0.,-0.99999128284241));
#3903=DIRECTION('',(0.99999128284241,0.,0.00417543281474855));
#3904=DIRECTION('',(1.,0.,1.96284655931896E-16));
#3905=DIRECTION('',(-1.96284655931896E-16,0.,1.));
#3906=DIRECTION('',(0.,1.,0.));
#3907=DIRECTION('',(0.,1.,0.));
#3908=DIRECTION('',(0.,-1.,0.));
#3909=DIRECTION('',(0.,0.,-1.));
#3910=DIRECTION('',(0.,1.,0.));
#3911=DIRECTION('',(0.,0.,1.));
#3912=DIRECTION('',(0.00417543281570359,0.,-0.999991282842406));
#3913=DIRECTION('',(-0.999991282842406,0.,-0.00417543281570359));
#3914=DIRECTION('',(-0.00417543281570359,0.,0.999991282842406));
#3915=DIRECTION('',(-0.999991282842406,0.,-0.00417543281570359));
#3916=DIRECTION('',(0.00417543281570359,0.,0.999991282842406));
#3917=DIRECTION('',(0.999991282842406,0.,-0.00417543281570359));
#3918=DIRECTION('',(0.00417543281570359,0.,-0.999991282842406));
#3919=DIRECTION('',(0.999991282842406,0.,0.00417543281570359));
#3920=DIRECTION('',(0.,-1.,0.));
#3921=DIRECTION('',(0.00417543281570359,0.,-0.999991282842406));
#3922=DIRECTION('',(0.999991282842406,0.,0.00417543281570359));
#3923=DIRECTION('',(0.999991282842406,0.,0.00417543281570342));
#3924=DIRECTION('',(0.00417543281570342,0.,-0.999991282842406));
#3925=DIRECTION('',(0.,1.,0.));
#3926=DIRECTION('',(0.,0.,1.));
#3927=DIRECTION('',(-0.00417543281570359,0.,-0.999991282842406));
#3928=DIRECTION('',(-0.999991282842406,0.,0.0041754328157064));
#3929=DIRECTION('',(0.,-1.,0.));
#3930=DIRECTION('',(0.,0.,-1.));
#3931=DIRECTION('',(0.,-1.,0.));
#3932=DIRECTION('',(0.,0.,-1.));
#3933=DIRECTION('',(0.,-1.,0.));
#3934=DIRECTION('',(0.,0.,-1.));
#3935=DIRECTION('',(0.,-1.,0.));
#3936=DIRECTION('',(0.,0.,-1.));
#3937=DIRECTION('',(0.,-1.,0.));
#3938=DIRECTION('',(0.,0.,-1.));
#3939=DIRECTION('',(0.,-1.,0.));
#3940=DIRECTION('',(0.,0.,-1.));
#3941=CARTESIAN_POINT('',(0.,0.,0.));
#3942=CARTESIAN_POINT('',(-0.0174984601897693,-0.011,-0.115614460949796));
#3943=CARTESIAN_POINT('',(-0.0174984601897693,-0.011,-0.115614460949796));
#3944=CARTESIAN_POINT('',(-0.0150193811220069,-0.011,-0.115614460949796));
#3945=CARTESIAN_POINT('',(-0.0200192939496711,-0.011,-0.115614460949796));
#3946=CARTESIAN_POINT('',(-0.0200192939496711,-0.011,-0.115614460949796));
#3947=CARTESIAN_POINT('',(-0.0200192939496711,-0.021,-0.115614460949796));
#3948=CARTESIAN_POINT('',(-0.0174984601897693,-0.021,-0.115614460949796));
#3949=CARTESIAN_POINT('',(-0.0150193811220069,-0.021,-0.115614460949796));
#3950=CARTESIAN_POINT('',(-0.0150193811220069,-0.011,-0.115614460949796));
#3951=CARTESIAN_POINT('',(-0.0174984601897694,-0.016,-0.115614460949796));
#3952=CARTESIAN_POINT('',(-0.0174589888696729,-0.0140003895274199,-0.115614460949796));
#3953=CARTESIAN_POINT('',(-0.0174589888696729,-0.0179996104725801,-0.115614460949796));
#3954=CARTESIAN_POINT('',(-0.0174200327653528,-0.016,-0.115614460949796));
#3955=CARTESIAN_POINT('',(-0.0250187528909985,-0.011,-0.120474441993724));
#3956=CARTESIAN_POINT('',(-0.0250187528909985,-0.011,-0.120474441993724));
#3957=CARTESIAN_POINT('',(-0.0250192503638831,-0.011,-0.120593583785718));
#3958=CARTESIAN_POINT('',(-0.0250399186960918,-0.011,-0.125543526211303));
#3959=CARTESIAN_POINT('',(-0.0250399186960918,0.00400000000000007,-0.125543526211303));
#3960=CARTESIAN_POINT('',(-0.0250399186960918,-0.021,-0.125543526211303));
#3961=CARTESIAN_POINT('',(-0.0250187528909985,-0.021,-0.120474441993724));
#3962=CARTESIAN_POINT('',(-0.0250192503638831,-0.021,-0.120593583785718));
#3963=CARTESIAN_POINT('',(-0.0250192503638831,-0.011,-0.120593583785718));
#3964=CARTESIAN_POINT('',(-0.0100188836477925,-0.011,-0.120505757466858));
#3965=CARTESIAN_POINT('',(-0.0100271304381497,-0.011,-0.122480814624416));
#3966=CARTESIAN_POINT('',(-0.0100271304381497,-0.011,-0.122480814624416));
#3967=CARTESIAN_POINT('',(-0.0100271304381497,-0.021,-0.122480814624416));
#3968=CARTESIAN_POINT('',(-0.0100188836477925,-0.011,-0.120505757466858));
#3969=CARTESIAN_POINT('',(-0.0100194247077949,-0.011,-0.120635338113875));
#3970=CARTESIAN_POINT('',(-0.0100194247077949,-0.021,-0.120635338113875));
#3971=CARTESIAN_POINT('',(-0.0100194247077949,-0.021,-0.120635338113875));
#3972=CARTESIAN_POINT('',(-0.0100188836477925,-0.021,-0.120505757466858));
#3973=CARTESIAN_POINT('',(-0.0174347905286291,-0.016,-0.100365956439725));
#3974=CARTESIAN_POINT('',(-0.0174589888748036,-0.0179996104725801,-0.115614462178566));
#3975=CARTESIAN_POINT('',(-0.0174999998857213,-0.0179996104910514,-0.1253659018409));
#3976=CARTESIAN_POINT('',(-0.0175,-0.016,-0.115983236326106));
#3977=CARTESIAN_POINT('',(-0.0174999999999682,-0.0179998142078381,-0.122512017361211));
#3978=CARTESIAN_POINT('',(-0.0175272611995031,-0.016,-0.122512131189511));
#3979=CARTESIAN_POINT('',(-0.0174999999999662,-0.0140001857921617,-0.122512017361211));
#3980=CARTESIAN_POINT('',(-0.0175,-0.016,-0.115983236326106));
#3981=CARTESIAN_POINT('',(-0.0174998528598933,-0.0140003866337506,-0.125365903012348));
#3982=CARTESIAN_POINT('',(-0.0174589888748036,-0.0140003895274199,-0.115614462178566));
#3983=CARTESIAN_POINT('',(0.012095482488785,-0.046,-0.0515121104754796));
#3984=CARTESIAN_POINT('',(-0.00377565511713175,-0.025,-0.0406234871220823));
#3985=CARTESIAN_POINT('',(0.0220056907489207,-0.025,-0.0583111520928944));
#3986=CARTESIAN_POINT('',(0.00484858710775062,-0.025,-0.0465402731538662));
#3987=CARTESIAN_POINT('',(0.00484858710775062,-0.046,-0.0465402731538662));
#3988=CARTESIAN_POINT('',(0.00484858710775062,-0.021,-0.0465402731538662));
#3989=CARTESIAN_POINT('',(0.012095482488785,-0.021,-0.0515121104754796));
#3990=CARTESIAN_POINT('',(0.0220056907489207,-0.021,-0.0583111520928944));
#3991=CARTESIAN_POINT('',(0.0220056907489207,-0.046,-0.0583111520928944));
#3992=CARTESIAN_POINT('',(0.012095482488785,-0.046,-0.0653399970929994));
#3993=CARTESIAN_POINT('',(0.012095482488785,-0.021,-0.0653399970929994));
#3994=CARTESIAN_POINT('',(0.0217807659143095,-0.021,-0.0609122446919594));
#3995=CARTESIAN_POINT('',(0.00462366227313939,-0.021,-0.0687558362013085));
#3996=CARTESIAN_POINT('',(0.00462366227313939,-0.025,-0.0687558362013085));
#3997=CARTESIAN_POINT('',(0.00462366227313939,-0.025,-0.0687558362013085));
#3998=CARTESIAN_POINT('',(0.0135180807178228,-0.025,-0.0646896379400873));
#3999=CARTESIAN_POINT('',(0.0217807659143095,-0.025,-0.0609122446919594));
#4000=CARTESIAN_POINT('',(0.0217807659143095,-0.046,-0.0609122446919594));
#4001=CARTESIAN_POINT('',(0.,-0.021,-0.0351201337621935));
#4002=CARTESIAN_POINT('',(-0.0218197902545666,-0.021,-0.0331933302013541));
#4003=CARTESIAN_POINT('',(-0.0218197902545666,-0.021,-0.0313933302013541));
#4004=CARTESIAN_POINT('',(-4.98732999343332E-18,-0.021,-0.0118816168453077));
#4005=CARTESIAN_POINT('',(-4.98732999343332E-18,-0.021,-0.0100816168453077));
#4006=CARTESIAN_POINT('',(0.0218197902545666,-0.021,-0.0331933302013541));
#4007=CARTESIAN_POINT('',(0.0218197902545666,-0.021,-0.0313933302013541));
#4008=CARTESIAN_POINT('',(0.0158913054566184,-0.021,-0.0869798706951085));
#4009=CARTESIAN_POINT('',(0.0158913054566184,-0.021,-0.0848298706951085));
#4010=CARTESIAN_POINT('',(-4.46691295064028E-17,-0.021,-0.0798232428384427));
#4011=CARTESIAN_POINT('',(-4.46691295064028E-17,-0.021,-0.0776732428384427));
#4012=CARTESIAN_POINT('',(-0.0158913054566185,-0.021,-0.0869798706951085));
#4013=CARTESIAN_POINT('',(-0.0158913054566185,-0.021,-0.0848298706951085));
#4014=CARTESIAN_POINT('',(-1.53981023063437E-6,-0.021,-0.125438979231099));
#4015=CARTESIAN_POINT('',(-0.0370044091635649,-0.021,-0.125593483572911));
#4016=CARTESIAN_POINT('',(-0.0370252863276434,-0.021,-0.120593527158698));
#4017=CARTESIAN_POINT('',(-0.0420252863276434,-0.021,-0.120593527158698));
#4018=CARTESIAN_POINT('',(-0.0420252863276434,-0.021,-0.107763497512401));
#4019=CARTESIAN_POINT('',(-0.0420252863276434,-0.021,-0.0909654243871922));
#4020=CARTESIAN_POINT('',(-0.0220283659481046,-0.021,-0.0906144609497965));
#4021=CARTESIAN_POINT('',(-0.0413147182465737,-0.021,-0.0853194996638813));
#4022=CARTESIAN_POINT('',(-0.0318370963144789,-0.021,-0.0507982358313575));
#4023=CARTESIAN_POINT('',(-0.0223955701454387,-0.021,-0.0164084471060465));
#4024=CARTESIAN_POINT('',(-0.017556382343173,-0.021,-0.0176663268357515));
#4025=CARTESIAN_POINT('',(-0.0223594743823776,-0.021,-0.0162769719988111));
#4026=CARTESIAN_POINT('',(0.0359787544582524,-0.021,-0.0322934098622315));
#4027=CARTESIAN_POINT('',(-0.0178874448249764,-0.021,-0.00475602071812348));
#4028=CARTESIAN_POINT('',(-0.0147314622825585,-0.021,0.000173346346653427));
#4029=CARTESIAN_POINT('',(-0.0105272407977954,-0.021,0.00673997041426975));
#4030=CARTESIAN_POINT('',(-3.82702124733575E-19,-0.021,3.90312782094781E-18));
#4031=CARTESIAN_POINT('',(0.0105272407977954,-0.021,0.00673997041426975));
#4032=CARTESIAN_POINT('',(0.0147314622825585,-0.021,0.000173346346653427));
#4033=CARTESIAN_POINT('',(0.0178874448249764,-0.021,-0.00475602071812348));
#4034=CARTESIAN_POINT('',(-0.0359787544582524,-0.021,-0.0322934098622315));
#4035=CARTESIAN_POINT('',(0.0223594743823776,-0.021,-0.0162769719988111));
#4036=CARTESIAN_POINT('',(0.017556382343173,-0.021,-0.0176663268357515));
#4037=CARTESIAN_POINT('',(0.0223955701454387,-0.021,-0.0164084471060465));
#4038=CARTESIAN_POINT('',(0.0318370963144789,-0.021,-0.0507982358313575));
#4039=CARTESIAN_POINT('',(0.0413147182465737,-0.021,-0.0853194996638813));
#4040=CARTESIAN_POINT('',(0.0220283659481046,-0.021,-0.0906144609497965));
#4041=CARTESIAN_POINT('',(0.0420252863276434,-0.021,-0.0909654243871922));
#4042=CARTESIAN_POINT('',(0.0420252863276434,-0.021,-0.107763497512401));
#4043=CARTESIAN_POINT('',(0.0420252863276434,-0.021,-0.120284331272303));
#4044=CARTESIAN_POINT('',(0.0370252863276434,-0.021,-0.120284331272303));
#4045=CARTESIAN_POINT('',(0.0370461634917219,-0.021,-0.125284287686515));
#4046=CARTESIAN_POINT('',(-1.53981023063437E-6,-0.021,-0.125438979231099));
#4047=CARTESIAN_POINT('',(0.0250390455922277,-0.021,-0.125334423037652));
#4048=CARTESIAN_POINT('',(0.0250187528909985,-0.021,-0.120474441993724));
#4049=CARTESIAN_POINT('',(0.0250192503638831,-0.021,-0.120593583785718));
#4050=CARTESIAN_POINT('',(0.0200192939496711,-0.021,-0.120614460949796));
#4051=CARTESIAN_POINT('',(0.0200192939496711,-0.021,-0.115614460949796));
#4052=CARTESIAN_POINT('',(0.0174984601897693,-0.021,-0.115614460949796));
#4053=CARTESIAN_POINT('',(0.0150193811220069,-0.021,-0.115614460949796));
#4054=CARTESIAN_POINT('',(0.0150193811220069,-0.021,-0.120614460949796));
#4055=CARTESIAN_POINT('',(0.0100194247077949,-0.021,-0.120635338113875));
#4056=CARTESIAN_POINT('',(0.0100188836477925,-0.021,-0.120505757466858));
#4057=CARTESIAN_POINT('',(0.0100393071058157,-0.021,-0.125397053983919));
#4058=CARTESIAN_POINT('',(-1.53981023063437E-6,-0.021,-0.125438979231099));
#4059=CARTESIAN_POINT('',(-0.00996034420940032,-0.021,-0.125480561912275));
#4060=CARTESIAN_POINT('',(-0.00998094200981547,-0.021,-0.120547511431036));
#4061=CARTESIAN_POINT('',(-0.00997287050784743,-0.021,-0.122480588063748));
#4062=CARTESIAN_POINT('',(0.000364590658537961,-0.021,-0.122437424312897));
#4063=CARTESIAN_POINT('',(-0.0150193811220069,-0.021,-0.120614460949796));
#4064=CARTESIAN_POINT('',(-0.0200192939496711,-0.021,-0.120614460949796));
#4065=CARTESIAN_POINT('',(0.,-0.021,4.28626379701574E-19));
#4066=CARTESIAN_POINT('',(0.,-0.021,0.007));
#4067=CARTESIAN_POINT('',(0.,-0.021,-0.104545077662808));
#4068=CARTESIAN_POINT('',(0.000701712110069037,-0.021,-0.10321933254606));
#4069=CARTESIAN_POINT('',(-0.000701712110069037,-0.021,-0.10321933254606));
#4070=CARTESIAN_POINT('',(-0.00734287070240667,-0.021,-0.106734473843025));
#4071=CARTESIAN_POINT('',(-0.0111372710818985,-0.021,-0.108742836282458));
#4072=CARTESIAN_POINT('',(-0.0104355589718295,-0.021,-0.110068581399207));
#4073=CARTESIAN_POINT('',(-0.0110335008124475,-0.021,-0.111444250529208));
#4074=CARTESIAN_POINT('',(-0.0150193811220069,-0.021,-0.120614460949796));
#4075=CARTESIAN_POINT('',(-0.00512892940060292,-0.021,-0.119145119006416));
#4076=CARTESIAN_POINT('',(-0.00364521327077933,-0.021,-0.118924695672576));
#4077=CARTESIAN_POINT('',(-0.00365147642000145,-0.021,-0.120424682596839));
#4078=CARTESIAN_POINT('',(-0.0050208851223349,-0.021,-0.120418964672963));
#4079=CARTESIAN_POINT('',(-0.00150626314922212,-0.021,-0.120433639868807));
#4080=CARTESIAN_POINT('',(-0.0015,-0.021,-0.118933652944543));
#4081=CARTESIAN_POINT('',(-0.00132961951516951,-0.021,-0.120423945026784));
#4082=CARTESIAN_POINT('',(0.,-0.021,-0.120418393241433));
#4083=CARTESIAN_POINT('',(0.,-0.021,-0.120418393241433));
#4084=CARTESIAN_POINT('',(0.,-0.021,-0.120418393241433));
#4085=CARTESIAN_POINT('',(0.00132961951516951,-0.021,-0.120423945026784));
#4086=CARTESIAN_POINT('',(0.0015,-0.021,-0.118933652944543));
#4087=CARTESIAN_POINT('',(0.00150626314922212,-0.021,-0.120433639868807));
#4088=CARTESIAN_POINT('',(0.0050208851223349,-0.021,-0.120418964672963));
#4089=CARTESIAN_POINT('',(0.00365147642000145,-0.021,-0.120424682596839));
#4090=CARTESIAN_POINT('',(0.00364521327077933,-0.021,-0.118924695672576));
#4091=CARTESIAN_POINT('',(0.00512892940060292,-0.021,-0.119145119006416));
#4092=CARTESIAN_POINT('',(0.0150193811220069,-0.021,-0.120614460949796));
#4093=CARTESIAN_POINT('',(0.0110335008124475,-0.021,-0.111444250529208));
#4094=CARTESIAN_POINT('',(0.0104355589718295,-0.021,-0.110068581399207));
#4095=CARTESIAN_POINT('',(0.0111372710818985,-0.021,-0.108742836282458));
#4096=CARTESIAN_POINT('',(0.00734287070240667,-0.021,-0.106734473843025));
#4097=CARTESIAN_POINT('',(-0.00877707832768892,-0.021,-0.0359739738282329));
#4098=CARTESIAN_POINT('',(-0.014827366479474,-0.021,-0.0348272391089723));
#4099=CARTESIAN_POINT('',(-0.000279327955813025,-0.021,-0.0375845856111054));
#4100=CARTESIAN_POINT('',(0.,-0.021,-0.0361108231156194));
#4101=CARTESIAN_POINT('',(0.000279327955813025,-0.021,-0.0375845856111054));
#4102=CARTESIAN_POINT('',(0.00877707832768892,-0.021,-0.0359739738282329));
#4103=CARTESIAN_POINT('',(0.014827366479474,-0.021,-0.0348272391089723));
#4104=CARTESIAN_POINT('',(0.014548038523661,-0.021,-0.0333534766134863));
#4105=CARTESIAN_POINT('',(0.015627921784186,-0.021,-0.0323123944151763));
#4106=CARTESIAN_POINT('',(0.00877707832768892,-0.021,-0.0252062204923507));
#4107=CARTESIAN_POINT('',(0.00107988326052498,-0.021,-0.0172221514923054));
#4108=CARTESIAN_POINT('',(0.,-0.021,-0.0182632336906154));
#4109=CARTESIAN_POINT('',(-0.00107988326052498,-0.021,-0.0172221514923054));
#4110=CARTESIAN_POINT('',(-0.00877707832768892,-0.021,-0.0252062204923507));
#4111=CARTESIAN_POINT('',(-0.015627921784186,-0.021,-0.0323123944151763));
#4112=CARTESIAN_POINT('',(-0.014548038523661,-0.021,-0.0333534766134863));
#4113=CARTESIAN_POINT('',(0.0025,-0.021,-0.055921008810401));
#4114=CARTESIAN_POINT('',(0.0025,-0.021,-0.0673916348345511));
#4115=CARTESIAN_POINT('',(0.0025,-0.021,-0.0477771643861739));
#4116=CARTESIAN_POINT('',(0.004,-0.021,-0.0673916348345511));
#4117=CARTESIAN_POINT('',(0.0211571036411702,-0.021,-0.059548043325202));
#4118=CARTESIAN_POINT('',(0.004,-0.021,-0.0477771643861739));
#4119=CARTESIAN_POINT('',(0.0231291405934684,-0.021,-0.0383427868468103));
#4120=CARTESIAN_POINT('',(0.00991037077957588,-0.021,-0.0408481918640954));
#4121=CARTESIAN_POINT('',(0.0218689034137401,-0.021,-0.0385816445164357));
#4122=CARTESIAN_POINT('',(0.0101896987353889,-0.021,-0.0423219543595815));
#4123=CARTESIAN_POINT('',(0.00934111162763828,-0.021,-0.0435588455918891));
#4124=CARTESIAN_POINT('',(0.0172952184031161,-0.021,-0.0490158755125796));
#4125=CARTESIAN_POINT('',(0.0248414889443018,-0.021,-0.054193103489935));
#4126=CARTESIAN_POINT('',(0.0256900760520524,-0.021,-0.0529562122576274));
#4127=CARTESIAN_POINT('',(0.0271365524744376,-0.021,-0.0525590901611837));
#4128=CARTESIAN_POINT('',(0.0257251280744783,-0.021,-0.0474181218423633));
#4129=CARTESIAN_POINT('',(0.0235947077919382,-0.021,-0.0396582849154781));
#4130=CARTESIAN_POINT('',(0.0221482313695531,-0.021,-0.0400554070119217));
#4131=CARTESIAN_POINT('',(0.0193694048153915,-0.021,-0.0242680530755931));
#4132=CARTESIAN_POINT('',(0.0175667864975871,-0.021,-0.0177022011156689));
#4133=CARTESIAN_POINT('',(0.0196237132498626,-0.021,-0.0251943454118049));
#4134=CARTESIAN_POINT('',(0.0190132629199723,-0.021,-0.0173050790192252));
#4135=CARTESIAN_POINT('',(0.0175573529498198,-0.021,-0.0176660861643214));
#4136=CARTESIAN_POINT('',(0.017556382343173,-0.021,-0.0176663268357515));
#4137=CARTESIAN_POINT('',(0.0175566290363467,-0.021,-0.0176653577421141));
#4138=CARTESIAN_POINT('',(-0.0359787544582523,-0.021,-0.0322934098622314));
#4139=CARTESIAN_POINT('',(0.0135438664193889,-0.021,-0.00724291653072066));
#4140=CARTESIAN_POINT('',(0.0126263124841965,-0.021,-0.00580977801125698));
#4141=CARTESIAN_POINT('',(0.0131373013867335,-0.021,-0.0066078977197085));
#4142=CARTESIAN_POINT('',(0.0118740324909981,-0.021,-0.00741669416942087));
#4143=CARTESIAN_POINT('',(0.0106018147241054,-0.021,-0.00662204836555435));
#4144=CARTESIAN_POINT('',(4.33680868994202E-19,-0.021,-4.33680868994202E-19));
#4145=CARTESIAN_POINT('',(0.00517206364951309,-0.021,-0.0113797960265281));
#4146=CARTESIAN_POINT('',(0.00579271128745466,-0.021,-0.0127453715497115));
#4147=CARTESIAN_POINT('',(0.00471282802692968,-0.021,-0.0137864537480215));
#4148=CARTESIAN_POINT('',(0.0121392911865655,-0.021,-0.0214897006808908));
#4149=CARTESIAN_POINT('',(0.0170973535669524,-0.021,-0.0266325497065585));
#4150=CARTESIAN_POINT('',(0.0181772368274775,-0.021,-0.0255914675082486));
#4151=CARTESIAN_POINT('',(0.0328020471476957,-0.021,-0.0731950722417721));
#4152=CARTESIAN_POINT('',(0.0303846764408742,-0.021,-0.0643900478855461));
#4153=CARTESIAN_POINT('',(0.0349234148867994,-0.021,-0.0809219362095585));
#4154=CARTESIAN_POINT('',(0.0289382000184891,-0.021,-0.0647871699819897));
#4155=CARTESIAN_POINT('',(0.0283145377453497,-0.021,-0.0634229686152324));
#4156=CARTESIAN_POINT('',(0.018277716989389,-0.021,-0.0680114308468997));
#4157=CARTESIAN_POINT('',(0.00999634987130417,-0.021,-0.0717973647767587));
#4158=CARTESIAN_POINT('',(0.0106200121444436,-0.021,-0.073161566143516));
#4159=CARTESIAN_POINT('',(0.0101158197798958,-0.021,-0.0745742904830571));
#4160=CARTESIAN_POINT('',(0.0273867678796279,-0.021,-0.0807381824162945));
#4161=CARTESIAN_POINT('',(0.0329727460998665,-0.021,-0.0827317826455432));
#4162=CARTESIAN_POINT('',(0.0334769384644143,-0.021,-0.0813190583060021));
#4163=CARTESIAN_POINT('',(0.0370262863276434,-0.021,-0.105601370853208));
#4164=CARTESIAN_POINT('',(0.0370262863276434,-0.021,-0.0951136028048818));
#4165=CARTESIAN_POINT('',(0.0370262863276434,-0.021,-0.118791577233537));
#4166=CARTESIAN_POINT('',(0.0355262863276434,-0.021,-0.0951136028048818));
#4167=CARTESIAN_POINT('',(0.0342900721933699,-0.021,-0.0942640296095523));
#4168=CARTESIAN_POINT('',(0.0299052118828295,-0.021,-0.100644440764829));
#4169=CARTESIAN_POINT('',(0.0238566585125059,-0.021,-0.109445692039478));
#4170=CARTESIAN_POINT('',(0.0250928726467794,-0.021,-0.110295265234807));
#4171=CARTESIAN_POINT('',(0.0244310439620536,-0.021,-0.111641364336684));
#4172=CARTESIAN_POINT('',(0.020019293949671,-0.021,-0.120614460949796));
#4173=CARTESIAN_POINT('',(0.0298942633619515,-0.021,-0.119044435438371));
#4174=CARTESIAN_POINT('',(0.0313756569131486,-0.021,-0.118808908058919));
#4175=CARTESIAN_POINT('',(0.0313819200623879,-0.021,-0.120308894983183));
#4176=CARTESIAN_POINT('',(0.0370257884153598,-0.021,-0.120285329184568));
#4177=CARTESIAN_POINT('',(0.0355325494768827,-0.021,-0.1202915641578));
#4178=CARTESIAN_POINT('',(0.0355262863276434,-0.021,-0.118791577233537));
#4179=CARTESIAN_POINT('',(-0.0025,-0.021,-0.055921008810401));
#4180=CARTESIAN_POINT('',(-0.0025,-0.021,-0.0673916348345511));
#4181=CARTESIAN_POINT('',(-0.0025,-0.021,-0.0477771643861739));
#4182=CARTESIAN_POINT('',(-0.004,-0.021,-0.0477771643861739));
#4183=CARTESIAN_POINT('',(-0.00484858710775062,-0.021,-0.0465402731538662));
#4184=CARTESIAN_POINT('',(-0.012095482488785,-0.021,-0.0515121104754796));
#4185=CARTESIAN_POINT('',(-0.0220056907489207,-0.021,-0.0583111520928944));
#4186=CARTESIAN_POINT('',(-0.0211571036411702,-0.021,-0.059548043325202));
#4187=CARTESIAN_POINT('',(-0.0217807659143095,-0.021,-0.0609122446919594));
#4188=CARTESIAN_POINT('',(-0.012095482488785,-0.021,-0.0653399970929994));
#4189=CARTESIAN_POINT('',(-0.00462366227313939,-0.021,-0.0687558362013085));
#4190=CARTESIAN_POINT('',(-0.004,-0.021,-0.0673916348345511));
#4191=CARTESIAN_POINT('',(-0.0231291405934684,-0.021,-0.0383427868468103));
#4192=CARTESIAN_POINT('',(-0.00991037077957588,-0.021,-0.0408481918640954));
#4193=CARTESIAN_POINT('',(-0.0218689034137401,-0.021,-0.0385816445164357));
#4194=CARTESIAN_POINT('',(-0.0221482313695531,-0.021,-0.0400554070119217));
#4195=CARTESIAN_POINT('',(-0.0235947077919382,-0.021,-0.0396582849154781));
#4196=CARTESIAN_POINT('',(-0.0257251280744783,-0.021,-0.0474181218423633));
#4197=CARTESIAN_POINT('',(-0.0271365524744376,-0.021,-0.0525590901611837));
#4198=CARTESIAN_POINT('',(-0.0256900760520524,-0.021,-0.0529562122576274));
#4199=CARTESIAN_POINT('',(-0.0248414889443018,-0.021,-0.054193103489935));
#4200=CARTESIAN_POINT('',(-0.0172952184031161,-0.021,-0.0490158755125796));
#4201=CARTESIAN_POINT('',(-0.00934111162763828,-0.021,-0.0435588455918891));
#4202=CARTESIAN_POINT('',(-0.0101896987353889,-0.021,-0.0423219543595815));
#4203=CARTESIAN_POINT('',(-0.0193694048153915,-0.021,-0.0242680530755931));
#4204=CARTESIAN_POINT('',(-0.0175667864975871,-0.021,-0.0177022011156689));
#4205=CARTESIAN_POINT('',(-0.0196237132498626,-0.021,-0.0251943454118049));
#4206=CARTESIAN_POINT('',(-0.0181772368274775,-0.021,-0.0255914675082486));
#4207=CARTESIAN_POINT('',(-0.0170973535669524,-0.021,-0.0266325497065585));
#4208=CARTESIAN_POINT('',(-0.0121392911865655,-0.021,-0.0214897006808908));
#4209=CARTESIAN_POINT('',(-0.00471282802692968,-0.021,-0.0137864537480215));
#4210=CARTESIAN_POINT('',(-0.00579271128745466,-0.021,-0.0127453715497115));
#4211=CARTESIAN_POINT('',(-0.00517206364951309,-0.021,-0.0113797960265281));
#4212=CARTESIAN_POINT('',(-4.33680868994202E-19,-0.021,-4.33680868994202E-19));
#4213=CARTESIAN_POINT('',(-0.0106018147241054,-0.021,-0.00662204836555435));
#4214=CARTESIAN_POINT('',(-0.0118740324909981,-0.021,-0.00741669416942087));
#4215=CARTESIAN_POINT('',(-0.0131373013867335,-0.021,-0.0066078977197085));
#4216=CARTESIAN_POINT('',(-0.0126263124841965,-0.021,-0.00580977801125698));
#4217=CARTESIAN_POINT('',(-0.0135438664193889,-0.021,-0.00724291653072066));
#4218=CARTESIAN_POINT('',(0.0359787544582523,-0.021,-0.0322934098622314));
#4219=CARTESIAN_POINT('',(-0.0175566290363467,-0.021,-0.0176653577421141));
#4220=CARTESIAN_POINT('',(-0.017556382343173,-0.021,-0.0176663268357515));
#4221=CARTESIAN_POINT('',(-0.0175573529498198,-0.021,-0.0176660861643214));
#4222=CARTESIAN_POINT('',(-0.0190132629199723,-0.021,-0.0173050790192252));
#4223=CARTESIAN_POINT('',(-0.0328020471476957,-0.021,-0.0731950722417721));
#4224=CARTESIAN_POINT('',(-0.0303846764408742,-0.021,-0.0643900478855461));
#4225=CARTESIAN_POINT('',(-0.0349234148867994,-0.021,-0.0809219362095585));
#4226=CARTESIAN_POINT('',(-0.0334769384644143,-0.021,-0.0813190583060021));
#4227=CARTESIAN_POINT('',(-0.0329727460998665,-0.021,-0.0827317826455432));
#4228=CARTESIAN_POINT('',(-0.0273867678796279,-0.021,-0.0807381824162945));
#4229=CARTESIAN_POINT('',(-0.0101158197798958,-0.021,-0.0745742904830571));
#4230=CARTESIAN_POINT('',(-0.0106200121444436,-0.021,-0.073161566143516));
#4231=CARTESIAN_POINT('',(-0.00999634987130417,-0.021,-0.0717973647767587));
#4232=CARTESIAN_POINT('',(-0.018277716989389,-0.021,-0.0680114308468997));
#4233=CARTESIAN_POINT('',(-0.0283145377453497,-0.021,-0.0634229686152324));
#4234=CARTESIAN_POINT('',(-0.0289382000184891,-0.021,-0.0647871699819897));
#4235=CARTESIAN_POINT('',(-0.0370262863276434,-0.021,-0.105601370853208));
#4236=CARTESIAN_POINT('',(-0.0370262863276434,-0.021,-0.0951136028048818));
#4237=CARTESIAN_POINT('',(-0.0370262863276434,-0.021,-0.118791577233537));
#4238=CARTESIAN_POINT('',(-0.0355262863276434,-0.021,-0.118791577233537));
#4239=CARTESIAN_POINT('',(-0.0355325494768827,-0.021,-0.1202915641578));
#4240=CARTESIAN_POINT('',(-0.0370257884153598,-0.021,-0.120285329184568));
#4241=CARTESIAN_POINT('',(-0.0313819200623879,-0.021,-0.120308894983183));
#4242=CARTESIAN_POINT('',(-0.0313756569131486,-0.021,-0.118808908058919));
#4243=CARTESIAN_POINT('',(-0.0298942633619515,-0.021,-0.119044435438371));
#4244=CARTESIAN_POINT('',(-0.020019293949671,-0.021,-0.120614460949796));
#4245=CARTESIAN_POINT('',(-0.0244310439620536,-0.021,-0.111641364336684));
#4246=CARTESIAN_POINT('',(-0.0250928726467794,-0.021,-0.110295265234807));
#4247=CARTESIAN_POINT('',(-0.0238566585125059,-0.021,-0.109445692039478));
#4248=CARTESIAN_POINT('',(-0.0299052118828295,-0.021,-0.100644440764829));
#4249=CARTESIAN_POINT('',(-0.0342900721933699,-0.021,-0.0942640296095523));
#4250=CARTESIAN_POINT('',(-0.0355262863276434,-0.021,-0.0951136028048818));
#4251=CARTESIAN_POINT('',(0.,-0.025,-0.0351201337621935));
#4252=CARTESIAN_POINT('',(-0.0218197902545666,-0.025,-0.0331933302013541));
#4253=CARTESIAN_POINT('',(-0.0218197902545666,-0.025,-0.0313933302013541));
#4254=CARTESIAN_POINT('',(-4.98732999343332E-18,-0.025,-0.0118816168453077));
#4255=CARTESIAN_POINT('',(-4.98732999343332E-18,-0.025,-0.0100816168453077));
#4256=CARTESIAN_POINT('',(0.0218197902545666,-0.025,-0.0331933302013541));
#4257=CARTESIAN_POINT('',(0.0218197902545666,-0.025,-0.0313933302013541));
#4258=CARTESIAN_POINT('',(0.0158913054566184,-0.025,-0.0869798706951085));
#4259=CARTESIAN_POINT('',(0.0158913054566184,-0.025,-0.0891298706951085));
#4260=CARTESIAN_POINT('',(-4.46691295064028E-17,-0.025,-0.0798232428384427));
#4261=CARTESIAN_POINT('',(-4.46691295064028E-17,-0.025,-0.0819732428384427));
#4262=CARTESIAN_POINT('',(-0.0158913054566185,-0.025,-0.0869798706951085));
#4263=CARTESIAN_POINT('',(-0.0158913054566185,-0.025,-0.0891298706951085));
#4264=CARTESIAN_POINT('',(-0.0420252863276434,-0.025,-0.107763497512401));
#4265=CARTESIAN_POINT('',(-0.0420252863276434,-0.025,-0.0909654243871922));
#4266=CARTESIAN_POINT('',(-0.0420252863276434,-0.025,-0.120593527158698));
#4267=CARTESIAN_POINT('',(-0.0370252863276434,-0.025,-0.120593527158698));
#4268=CARTESIAN_POINT('',(-0.0370044091635649,-0.025,-0.125593483572911));
#4269=CARTESIAN_POINT('',(-1.53981023063437E-6,-0.025,-0.125438979231099));
#4270=CARTESIAN_POINT('',(0.0370461634917219,-0.025,-0.125284287686515));
#4271=CARTESIAN_POINT('',(0.0370252863276434,-0.025,-0.120284331272303));
#4272=CARTESIAN_POINT('',(0.0420252863276434,-0.025,-0.120284331272303));
#4273=CARTESIAN_POINT('',(0.0420252863276434,-0.025,-0.107763497512401));
#4274=CARTESIAN_POINT('',(0.0420252863276434,-0.025,-0.0909654243871922));
#4275=CARTESIAN_POINT('',(0.0220283659481046,-0.025,-0.0906144609497965));
#4276=CARTESIAN_POINT('',(0.0413147182465737,-0.025,-0.0853194996638813));
#4277=CARTESIAN_POINT('',(0.0318370963144789,-0.025,-0.0507982358313575));
#4278=CARTESIAN_POINT('',(0.0223955701454387,-0.025,-0.0164084471060463));
#4279=CARTESIAN_POINT('',(0.017556382343173,-0.025,-0.0176663268357515));
#4280=CARTESIAN_POINT('',(0.0223594743823777,-0.025,-0.0162769719988115));
#4281=CARTESIAN_POINT('',(-0.0359787544582524,-0.025,-0.0322934098622315));
#4282=CARTESIAN_POINT('',(0.0178874448249764,-0.025,-0.00475602071812348));
#4283=CARTESIAN_POINT('',(0.0147314622825585,-0.025,0.000173346346653427));
#4284=CARTESIAN_POINT('',(0.0105272407977954,-0.025,0.00673997041426975));
#4285=CARTESIAN_POINT('',(-3.82702124733575E-19,-0.025,3.90312782094781E-18));
#4286=CARTESIAN_POINT('',(-0.0105272407977954,-0.025,0.00673997041426975));
#4287=CARTESIAN_POINT('',(-0.0147314622825585,-0.025,0.000173346346653427));
#4288=CARTESIAN_POINT('',(-0.0178874448249764,-0.025,-0.00475602071812348));
#4289=CARTESIAN_POINT('',(0.0359787544582524,-0.025,-0.0322934098622315));
#4290=CARTESIAN_POINT('',(-0.0223594743823777,-0.025,-0.0162769719988115));
#4291=CARTESIAN_POINT('',(-0.017556382343173,-0.025,-0.0176663268357515));
#4292=CARTESIAN_POINT('',(-0.0223955701454387,-0.025,-0.0164084471060463));
#4293=CARTESIAN_POINT('',(-0.0318370963144789,-0.025,-0.0507982358313575));
#4294=CARTESIAN_POINT('',(-0.0413147182465737,-0.025,-0.0853194996638813));
#4295=CARTESIAN_POINT('',(-0.0220283659481046,-0.025,-0.0906144609497965));
#4296=CARTESIAN_POINT('',(0.,-0.025,4.28626379701574E-19));
#4297=CARTESIAN_POINT('',(0.,-0.025,0.007));
#4298=CARTESIAN_POINT('',(-0.00950269364272709,-0.025,-0.0259588794404744));
#4299=CARTESIAN_POINT('',(-0.015627921784186,-0.025,-0.0323123944151763));
#4300=CARTESIAN_POINT('',(-0.00107988326052498,-0.025,-0.0172221514923054));
#4301=CARTESIAN_POINT('',(0.,-0.025,-0.0182632336906154));
#4302=CARTESIAN_POINT('',(0.00107988326052498,-0.025,-0.0172221514923054));
#4303=CARTESIAN_POINT('',(0.00950269364272709,-0.025,-0.0259588794404744));
#4304=CARTESIAN_POINT('',(0.015627921784186,-0.025,-0.0323123944151763));
#4305=CARTESIAN_POINT('',(0.014548038523661,-0.025,-0.0333534766134863));
#4306=CARTESIAN_POINT('',(0.014827366479474,-0.025,-0.0348272391089723));
#4307=CARTESIAN_POINT('',(0.000460585829550859,-0.025,-0.0375502310990987));
#4308=CARTESIAN_POINT('',(0.000279327955813025,-0.025,-0.0375845856111054));
#4309=CARTESIAN_POINT('',(0.,-0.025,-0.0361108231156194));
#4310=CARTESIAN_POINT('',(-0.000279327955813025,-0.025,-0.0375845856111054));
#4311=CARTESIAN_POINT('',(-0.000460585829550859,-0.025,-0.0375502310990987));
#4312=CARTESIAN_POINT('',(-0.014827366479474,-0.025,-0.0348272391089723));
#4313=CARTESIAN_POINT('',(-0.014548038523661,-0.025,-0.0333534766134863));
#4314=CARTESIAN_POINT('',(0.0280029227719067,-0.025,-0.0880260728030456));
#4315=CARTESIAN_POINT('',(-0.000701712110069048,-0.025,-0.10321933254606));
#4316=CARTESIAN_POINT('',(-0.0111372710818985,-0.025,-0.108742836282458));
#4317=CARTESIAN_POINT('',(0.,-0.025,-0.104545077662808));
#4318=CARTESIAN_POINT('',(0.000701712110069048,-0.025,-0.10321933254606));
#4319=CARTESIAN_POINT('',(-0.0280029227719067,-0.025,-0.0880260728030456));
#4320=CARTESIAN_POINT('',(0.0111372710818985,-0.025,-0.108742836282458));
#4321=CARTESIAN_POINT('',(0.0104355589718295,-0.025,-0.110068581399207));
#4322=CARTESIAN_POINT('',(0.0110335008124475,-0.025,-0.111444250529208));
#4323=CARTESIAN_POINT('',(0.0150193811220069,-0.025,-0.120614460949796));
#4324=CARTESIAN_POINT('',(0.00512892940060292,-0.025,-0.119145119006416));
#4325=CARTESIAN_POINT('',(0.00364521327077933,-0.025,-0.118924695672576));
#4326=CARTESIAN_POINT('',(0.00365147642000145,-0.025,-0.120424682596839));
#4327=CARTESIAN_POINT('',(0.000356243968257864,-0.025,-0.120438441738491));
#4328=CARTESIAN_POINT('',(0.00150626314922212,-0.025,-0.120433639868807));
#4329=CARTESIAN_POINT('',(0.0015,-0.025,-0.118933652944543));
#4330=CARTESIAN_POINT('',(0.00132961951516951,-0.025,-0.120423945026784));
#4331=CARTESIAN_POINT('',(-0.000356154046992537,-0.025,-0.120416906131175));
#4332=CARTESIAN_POINT('',(-5.42101086242752E-20,-0.025,-0.120418393241433));
#4333=CARTESIAN_POINT('',(0.000356154046992537,-0.025,-0.120416906131175));
#4334=CARTESIAN_POINT('',(-0.00132961951516951,-0.025,-0.120423945026784));
#4335=CARTESIAN_POINT('',(-0.0015,-0.025,-0.118933652944543));
#4336=CARTESIAN_POINT('',(-0.00150626314922212,-0.025,-0.120433639868807));
#4337=CARTESIAN_POINT('',(-0.000356243968257864,-0.025,-0.120438441738491));
#4338=CARTESIAN_POINT('',(-0.00365147642000145,-0.025,-0.120424682596839));
#4339=CARTESIAN_POINT('',(-0.00364521327077933,-0.025,-0.118924695672576));
#4340=CARTESIAN_POINT('',(-0.00512892940060292,-0.025,-0.119145119006416));
#4341=CARTESIAN_POINT('',(-0.0150193811220069,-0.025,-0.120614460949796));
#4342=CARTESIAN_POINT('',(-0.0110335008124475,-0.025,-0.111444250529208));
#4343=CARTESIAN_POINT('',(-0.0104355589718295,-0.025,-0.110068581399207));
#4344=CARTESIAN_POINT('',(0.004,-0.025,-0.0673916348345511));
#4345=CARTESIAN_POINT('',(0.0025,-0.025,-0.0673916348345511));
#4346=CARTESIAN_POINT('',(0.0025,-0.025,-0.055921008810401));
#4347=CARTESIAN_POINT('',(0.0025,-0.025,-0.0477771643861739));
#4348=CARTESIAN_POINT('',(0.004,-0.025,-0.0477771643861739));
#4349=CARTESIAN_POINT('',(0.0211571036411702,-0.025,-0.059548043325202));
#4350=CARTESIAN_POINT('',(0.0155969549616208,-0.025,-0.0692369758292785));
#4351=CARTESIAN_POINT('',(0.0283145377453497,-0.025,-0.0634229686152324));
#4352=CARTESIAN_POINT('',(0.00999634987130417,-0.025,-0.0717973647767587));
#4353=CARTESIAN_POINT('',(0.0289382000184891,-0.025,-0.0647871699819897));
#4354=CARTESIAN_POINT('',(0.0303846764408742,-0.025,-0.0643900478855461));
#4355=CARTESIAN_POINT('',(0.0207823229101184,-0.025,-0.029414462024091));
#4356=CARTESIAN_POINT('',(0.0349234148867994,-0.025,-0.0809219362095585));
#4357=CARTESIAN_POINT('',(0.0334769384644143,-0.025,-0.0813190583060021));
#4358=CARTESIAN_POINT('',(0.0329727460998665,-0.025,-0.0827317826455432));
#4359=CARTESIAN_POINT('',(-0.0113471356353731,-0.025,-0.0669142977030625));
#4360=CARTESIAN_POINT('',(0.0101158197798958,-0.025,-0.0745742904830571));
#4361=CARTESIAN_POINT('',(0.0106200121444436,-0.025,-0.073161566143516));
#4362=CARTESIAN_POINT('',(0.017556382343173,-0.025,-0.0176663268357515));
#4363=CARTESIAN_POINT('',(0.0175566290363467,-0.025,-0.0176653577421141));
#4364=CARTESIAN_POINT('',(0.0175573529498198,-0.025,-0.0176660861643214));
#4365=CARTESIAN_POINT('',(0.0190132629199723,-0.025,-0.0173050790192252));
#4366=CARTESIAN_POINT('',(0.0175667864975871,-0.025,-0.0177022011156689));
#4367=CARTESIAN_POINT('',(0.0207823229101184,-0.025,-0.029414462024091));
#4368=CARTESIAN_POINT('',(0.0196237132498626,-0.025,-0.0251943454118049));
#4369=CARTESIAN_POINT('',(0.0181772368274775,-0.025,-0.0255914675082486));
#4370=CARTESIAN_POINT('',(0.0170973535669524,-0.025,-0.0266325497065585));
#4371=CARTESIAN_POINT('',(0.0131023045111437,-0.025,-0.0224886054461079));
#4372=CARTESIAN_POINT('',(0.00471282802692968,-0.025,-0.0137864537480215));
#4373=CARTESIAN_POINT('',(0.00579271128745466,-0.025,-0.0127453715497115));
#4374=CARTESIAN_POINT('',(0.00517206364951309,-0.025,-0.0113797960265281));
#4375=CARTESIAN_POINT('',(4.33680868994202E-19,-0.025,-4.33680868994202E-19));
#4376=CARTESIAN_POINT('',(0.0106018147241054,-0.025,-0.00662204836555435));
#4377=CARTESIAN_POINT('',(0.0118740324909981,-0.025,-0.00741669416942087));
#4378=CARTESIAN_POINT('',(0.0131373013867336,-0.025,-0.0066078977197085));
#4379=CARTESIAN_POINT('',(0.0222652768280957,-0.025,-0.0208649922707672));
#4380=CARTESIAN_POINT('',(0.0135438664193889,-0.025,-0.00724291653072066));
#4381=CARTESIAN_POINT('',(-0.0359787544582523,-0.025,-0.0322934098622314));
#4382=CARTESIAN_POINT('',(0.0207823229101184,-0.025,-0.029414462024091));
#4383=CARTESIAN_POINT('',(0.0235947077919382,-0.025,-0.0396582849154781));
#4384=CARTESIAN_POINT('',(0.0271365524744376,-0.025,-0.0525590901611837));
#4385=CARTESIAN_POINT('',(0.0256900760520524,-0.025,-0.0529562122576274));
#4386=CARTESIAN_POINT('',(0.0248414889443018,-0.025,-0.054193103489935));
#4387=CARTESIAN_POINT('',(-0.000947031424629678,-0.025,-0.0365005163477236));
#4388=CARTESIAN_POINT('',(0.00934111162763827,-0.025,-0.0435588455918891));
#4389=CARTESIAN_POINT('',(0.0101896987353889,-0.025,-0.0423219543595815));
#4390=CARTESIAN_POINT('',(0.00991037077957588,-0.025,-0.0408481918640955));
#4391=CARTESIAN_POINT('',(0.00139167901559422,-0.025,-0.0424627727507188));
#4392=CARTESIAN_POINT('',(0.0218689034137401,-0.025,-0.0385816445164357));
#4393=CARTESIAN_POINT('',(0.0221482313695531,-0.025,-0.0400554070119217));
#4394=CARTESIAN_POINT('',(0.020019293949671,-0.025,-0.120614460949796));
#4395=CARTESIAN_POINT('',(0.0244310439620536,-0.025,-0.111641364336684));
#4396=CARTESIAN_POINT('',(0.0298942633619515,-0.025,-0.119044435438371));
#4397=CARTESIAN_POINT('',(0.0250928726467794,-0.025,-0.110295265234807));
#4398=CARTESIAN_POINT('',(0.0238566585125059,-0.025,-0.109445692039478));
#4399=CARTESIAN_POINT('',(0.050897375639807,-0.025,-0.0700987388900273));
#4400=CARTESIAN_POINT('',(0.0342900721933699,-0.025,-0.0942640296095523));
#4401=CARTESIAN_POINT('',(0.0355262863276434,-0.025,-0.0951136028048818));
#4402=CARTESIAN_POINT('',(0.0370262863276434,-0.025,-0.0951136028048818));
#4403=CARTESIAN_POINT('',(0.0370262863276434,-0.025,-0.0351201337621935));
#4404=CARTESIAN_POINT('',(0.0370262863276434,-0.025,-0.118791577233537));
#4405=CARTESIAN_POINT('',(0.0355262863276434,-0.025,-0.118791577233537));
#4406=CARTESIAN_POINT('',(0.0355325494768827,-0.025,-0.1202915641578));
#4407=CARTESIAN_POINT('',(0.000356243969234563,-0.025,-0.120438441738876));
#4408=CARTESIAN_POINT('',(0.0313819200623879,-0.025,-0.120308894983183));
#4409=CARTESIAN_POINT('',(0.0313756569131486,-0.025,-0.118808908058919));
#4410=CARTESIAN_POINT('',(-0.0135180807178228,-0.025,-0.0646896379400873));
#4411=CARTESIAN_POINT('',(-0.0217807659143095,-0.025,-0.0609122446919594));
#4412=CARTESIAN_POINT('',(-0.00462366227313939,-0.025,-0.0687558362013085));
#4413=CARTESIAN_POINT('',(-0.0211571036411702,-0.025,-0.059548043325202));
#4414=CARTESIAN_POINT('',(-0.0220056907489207,-0.025,-0.0583111520928944));
#4415=CARTESIAN_POINT('',(0.00377565511713175,-0.025,-0.0406234871220823));
#4416=CARTESIAN_POINT('',(-0.00484858710775062,-0.025,-0.0465402731538662));
#4417=CARTESIAN_POINT('',(-0.004,-0.025,-0.0477771643861739));
#4418=CARTESIAN_POINT('',(-0.0025,-0.025,-0.0477771643861739));
#4419=CARTESIAN_POINT('',(-0.0025,-0.025,-0.055921008810401));
#4420=CARTESIAN_POINT('',(-0.0025,-0.025,-0.0673916348345511));
#4421=CARTESIAN_POINT('',(-0.004,-0.025,-0.0673916348345511));
#4422=CARTESIAN_POINT('',(-0.0155969549616208,-0.025,-0.0692369758292785));
#4423=CARTESIAN_POINT('',(-0.0283145377453497,-0.025,-0.0634229686152324));
#4424=CARTESIAN_POINT('',(-0.00999634987130417,-0.025,-0.0717973647767587));
#4425=CARTESIAN_POINT('',(-0.0106200121444436,-0.025,-0.073161566143516));
#4426=CARTESIAN_POINT('',(-0.0101158197798958,-0.025,-0.0745742904830571));
#4427=CARTESIAN_POINT('',(0.0113471356353731,-0.025,-0.0669142977030625));
#4428=CARTESIAN_POINT('',(-0.0329727460998665,-0.025,-0.0827317826455432));
#4429=CARTESIAN_POINT('',(-0.0334769384644143,-0.025,-0.0813190583060021));
#4430=CARTESIAN_POINT('',(-0.0349234148867994,-0.025,-0.0809219362095585));
#4431=CARTESIAN_POINT('',(-0.0207823229101184,-0.025,-0.029414462024091));
#4432=CARTESIAN_POINT('',(-0.0303846764408742,-0.025,-0.0643900478855461));
#4433=CARTESIAN_POINT('',(-0.0289382000184891,-0.025,-0.0647871699819897));
#4434=CARTESIAN_POINT('',(-0.017556382343173,-0.025,-0.0176663268357515));
#4435=CARTESIAN_POINT('',(-0.0175566290363467,-0.025,-0.0176653577421141));
#4436=CARTESIAN_POINT('',(-0.0175573529498198,-0.025,-0.0176660861643214));
#4437=CARTESIAN_POINT('',(0.0359787544582523,-0.025,-0.0322934098622314));
#4438=CARTESIAN_POINT('',(-0.0135438664193889,-0.025,-0.00724291653072066));
#4439=CARTESIAN_POINT('',(-0.0222652768280957,-0.025,-0.0208649922707672));
#4440=CARTESIAN_POINT('',(-0.0131373013867336,-0.025,-0.0066078977197085));
#4441=CARTESIAN_POINT('',(-0.0118740324909981,-0.025,-0.00741669416942087));
#4442=CARTESIAN_POINT('',(-0.0106018147241054,-0.025,-0.00662204836555435));
#4443=CARTESIAN_POINT('',(-4.33680868994202E-19,-0.025,-4.33680868994202E-19));
#4444=CARTESIAN_POINT('',(-0.00517206364951309,-0.025,-0.0113797960265281));
#4445=CARTESIAN_POINT('',(-0.00579271128745466,-0.025,-0.0127453715497115));
#4446=CARTESIAN_POINT('',(-0.00471282802692968,-0.025,-0.0137864537480215));
#4447=CARTESIAN_POINT('',(-0.0131023045111437,-0.025,-0.0224886054461079));
#4448=CARTESIAN_POINT('',(-0.0170973535669524,-0.025,-0.0266325497065585));
#4449=CARTESIAN_POINT('',(-0.0181772368274775,-0.025,-0.0255914675082486));
#4450=CARTESIAN_POINT('',(-0.0196237132498626,-0.025,-0.0251943454118049));
#4451=CARTESIAN_POINT('',(-0.0207823229101184,-0.025,-0.029414462024091));
#4452=CARTESIAN_POINT('',(-0.0175667864975871,-0.025,-0.0177022011156689));
#4453=CARTESIAN_POINT('',(-0.0190132629199723,-0.025,-0.0173050790192252));
#4454=CARTESIAN_POINT('',(-0.0207823229101184,-0.025,-0.029414462024091));
#4455=CARTESIAN_POINT('',(-0.0235947077919382,-0.025,-0.0396582849154781));
#4456=CARTESIAN_POINT('',(-0.0271365524744376,-0.025,-0.0525590901611837));
#4457=CARTESIAN_POINT('',(-0.0221482313695531,-0.025,-0.0400554070119217));
#4458=CARTESIAN_POINT('',(-0.0218689034137401,-0.025,-0.0385816445164357));
#4459=CARTESIAN_POINT('',(-0.00139167901559422,-0.025,-0.0424627727507188));
#4460=CARTESIAN_POINT('',(-0.00991037077957588,-0.025,-0.0408481918640955));
#4461=CARTESIAN_POINT('',(-0.0101896987353889,-0.025,-0.0423219543595815));
#4462=CARTESIAN_POINT('',(-0.00934111162763827,-0.025,-0.0435588455918891));
#4463=CARTESIAN_POINT('',(0.000947031424629678,-0.025,-0.0365005163477236));
#4464=CARTESIAN_POINT('',(-0.0248414889443018,-0.025,-0.054193103489935));
#4465=CARTESIAN_POINT('',(-0.0256900760520524,-0.025,-0.0529562122576274));
#4466=CARTESIAN_POINT('',(-0.020019293949671,-0.025,-0.120614460949796));
#4467=CARTESIAN_POINT('',(-0.0244310439620536,-0.025,-0.111641364336684));
#4468=CARTESIAN_POINT('',(-0.0298942633619515,-0.025,-0.119044435438371));
#4469=CARTESIAN_POINT('',(-0.0313756569131486,-0.025,-0.118808908058919));
#4470=CARTESIAN_POINT('',(-0.0313819200623879,-0.025,-0.120308894983183));
#4471=CARTESIAN_POINT('',(-0.000356243969234563,-0.025,-0.120438441738876));
#4472=CARTESIAN_POINT('',(-0.0355325494768827,-0.025,-0.1202915641578));
#4473=CARTESIAN_POINT('',(-0.0355262863276434,-0.025,-0.118791577233537));
#4474=CARTESIAN_POINT('',(-0.0370262863276434,-0.025,-0.118791577233537));
#4475=CARTESIAN_POINT('',(-0.0370262863276434,-0.025,-0.0351201337621935));
#4476=CARTESIAN_POINT('',(-0.0370262863276434,-0.025,-0.0951136028048818));
#4477=CARTESIAN_POINT('',(-0.0355262863276434,-0.025,-0.0951136028048818));
#4478=CARTESIAN_POINT('',(-0.0342900721933699,-0.025,-0.0942640296095523));
#4479=CARTESIAN_POINT('',(-0.050897375639807,-0.025,-0.0700987388900273));
#4480=CARTESIAN_POINT('',(-0.0238566585125059,-0.025,-0.109445692039478));
#4481=CARTESIAN_POINT('',(-0.0250928726467794,-0.025,-0.110295265234807));
#4482=CARTESIAN_POINT('',(0.0015,-0.046,-0.118933652944543));
#4483=CARTESIAN_POINT('',(0.00132961951516951,-0.046,-0.120423945026784));
#4484=CARTESIAN_POINT('',(0.00150626314922212,-0.025,-0.120433639868807));
#4485=CARTESIAN_POINT('',(0.0220283659481046,-0.021,-0.0906144609497965));
#4486=CARTESIAN_POINT('',(0.0413147182465737,-0.025,-0.0853194996638813));
#4487=CARTESIAN_POINT('',(0.0420252863276434,-0.021,-0.0909654243871922));
#4488=CARTESIAN_POINT('',(-3.82702124733575E-19,-0.021,3.90312782094781E-18));
#4489=CARTESIAN_POINT('',(-0.0105272407977954,-0.025,0.00673997041426975));
#4490=CARTESIAN_POINT('',(0.0105272407977954,-0.025,0.00673997041426975));
#4491=CARTESIAN_POINT('',(0.,-0.021,4.28626379701574E-19));
#4492=CARTESIAN_POINT('',(0.017556382343173,-0.025,-0.0176663268357515));
#4493=CARTESIAN_POINT('',(0.0223955701454387,-0.025,-0.0164084471060463));
#4494=CARTESIAN_POINT('',(0.0223594743823777,-0.025,-0.0162769719988115));
#4495=CARTESIAN_POINT('',(0.0318370963144789,-0.025,-0.0507982358313575));
#4496=CARTESIAN_POINT('',(0.0147314622825585,-0.025,0.000173346346653427));
#4497=CARTESIAN_POINT('',(0.0178874448249764,-0.025,-0.00475602071812348));
#4498=CARTESIAN_POINT('',(-0.0359787544582524,-0.025,-0.0322934098622315));
#4499=CARTESIAN_POINT('',(0.0420252863276434,-0.021,-0.107763497512401));
#4500=CARTESIAN_POINT('',(0.0420252863276434,-0.025,-0.120284331272303));
#4501=CARTESIAN_POINT('',(-1.53981023063437E-6,-0.021,-0.125438979231099));
#4502=CARTESIAN_POINT('',(-0.0370044091635649,-0.021,-0.125593483572911));
#4503=CARTESIAN_POINT('',(-1.53981023063437E-6,-0.011,-0.125438979231099));
#4504=CARTESIAN_POINT('',(-0.00996034420940031,-0.011,-0.125480561912275));
#4505=CARTESIAN_POINT('',(-0.00996034420940031,-0.011,-0.125480561912275));
#4506=CARTESIAN_POINT('',(0.0100393071058157,-0.011,-0.125397053983919));
#4507=CARTESIAN_POINT('',(0.0100393071058157,-0.011,-0.125397053983919));
#4508=CARTESIAN_POINT('',(-1.53981023063437E-6,-0.011,-0.125438979231099));
#4509=CARTESIAN_POINT('',(0.0250390455922277,-0.011,-0.125334423037652));
#4510=CARTESIAN_POINT('',(0.0250390455922277,-0.011,-0.125334423037652));
#4511=CARTESIAN_POINT('',(0.0370461634917219,-0.021,-0.125284287686515));
#4512=CARTESIAN_POINT('',(0.0175391763490217,-0.016,-0.125365738510786));
#4513=CARTESIAN_POINT('',(0.0155391937833369,-0.016,-0.125374089376417));
#4514=CARTESIAN_POINT('',(-0.0174602134526064,-0.016,-0.125511877385408));
#4515=CARTESIAN_POINT('',(-0.0194601960182912,-0.016,-0.12552022825104));
#4516=CARTESIAN_POINT('',(0.0174984601897693,-0.011,-0.115614460949796));
#4517=CARTESIAN_POINT('',(0.0174984601897694,-0.016,-0.115614460949796));
#4518=CARTESIAN_POINT('',(0.0194984776242366,-0.016,-0.115614460949796));
#4519=CARTESIAN_POINT('',(0.0174984601897693,-0.011,-0.115614460949796));
#4520=CARTESIAN_POINT('',(0.0150193811220069,-0.011,-0.115614460949796));
#4521=CARTESIAN_POINT('',(0.0200192939496711,-0.011,-0.115614460949796));
#4522=CARTESIAN_POINT('',(0.0150193811220069,-0.011,-0.115614460949796));
#4523=CARTESIAN_POINT('',(0.0200192939496711,-0.011,-0.115614460949796));
#4524=CARTESIAN_POINT('',(0.0100188836477925,-0.011,-0.120505757466858));
#4525=CARTESIAN_POINT('',(0.0100194247077949,-0.021,-0.120635338113875));
#4526=CARTESIAN_POINT('',(0.0100194247077949,-0.011,-0.120635338113875));
#4527=CARTESIAN_POINT('',(0.0100188836477925,-0.011,-0.120505757466858));
#4528=CARTESIAN_POINT('',(0.0250187528909985,-0.011,-0.120474441993724));
#4529=CARTESIAN_POINT('',(0.0250187528909985,-0.011,-0.120474441993724));
#4530=CARTESIAN_POINT('',(0.0250192503638831,-0.011,-0.120593583785718));
#4531=CARTESIAN_POINT('',(0.0250192503638831,-0.011,-0.120593583785718));
#4532=CARTESIAN_POINT('',(0.,-0.011,-0.0565572304748983));
#4533=CARTESIAN_POINT('',(0.0150193811220069,-0.011,-0.120614460949796));
#4534=CARTESIAN_POINT('',(0.0200192939496711,-0.011,-0.120614460949796));
#4535=CARTESIAN_POINT('',(0.0370252863276434,-0.021,-0.120284331272303));
#4536=CARTESIAN_POINT('',(0.0200192939496711,-0.011,-0.120614460949796));
#4537=CARTESIAN_POINT('',(0.0150193811220069,-0.011,-0.120614460949796));
#4538=CARTESIAN_POINT('',(0.0174347905286291,-0.016,-0.100365956439725));
#4539=CARTESIAN_POINT('',(0.0193694048153915,-0.046,-0.0242680530755931));
#4540=CARTESIAN_POINT('',(0.0196237132498626,-0.025,-0.0251943454118049));
#4541=CARTESIAN_POINT('',(0.0175667864975871,-0.046,-0.0177022011156689));
#4542=CARTESIAN_POINT('',(0.0121392911865655,-0.046,-0.0214897006808908));
#4543=CARTESIAN_POINT('',(0.00471282802692968,-0.046,-0.0137864537480215));
#4544=CARTESIAN_POINT('',(0.0170973535669524,-0.021,-0.0266325497065585));
#4545=CARTESIAN_POINT('',(4.33680868994202E-19,-0.046,-4.33680868994202E-19));
#4546=CARTESIAN_POINT('',(0.0106018147241054,-0.046,-0.00662204836555435));
#4547=CARTESIAN_POINT('',(0.00517206364951309,-0.046,-0.0113797960265281));
#4548=CARTESIAN_POINT('',(0.0126263124841965,-0.046,-0.00580977801125698));
#4549=CARTESIAN_POINT('',(0.0131373013867335,-0.046,-0.0066078977197085));
#4550=CARTESIAN_POINT('',(0.0135438664193889,-0.046,-0.00724291653072066));
#4551=CARTESIAN_POINT('',(-0.0359787544582523,-0.046,-0.0322934098622314));
#4552=CARTESIAN_POINT('',(0.0175566290363467,-0.046,-0.0176653577421141));
#4553=CARTESIAN_POINT('',(0.017556382343173,-0.046,-0.0176663268357515));
#4554=CARTESIAN_POINT('',(0.0175573529498198,-0.046,-0.0176660861643214));
#4555=CARTESIAN_POINT('',(0.0231291405934684,-0.046,-0.0383427868468103));
#4556=CARTESIAN_POINT('',(0.00991037077957588,-0.021,-0.0408481918640954));
#4557=CARTESIAN_POINT('',(0.0218689034137401,-0.025,-0.0385816445164357));
#4558=CARTESIAN_POINT('',(0.0257251280744783,-0.046,-0.0474181218423633));
#4559=CARTESIAN_POINT('',(0.0271365524744376,-0.025,-0.0525590901611837));
#4560=CARTESIAN_POINT('',(0.0235947077919382,-0.021,-0.0396582849154781));
#4561=CARTESIAN_POINT('',(0.0172952184031161,-0.046,-0.0490158755125796));
#4562=CARTESIAN_POINT('',(0.00934111162763827,-0.025,-0.0435588455918891));
#4563=CARTESIAN_POINT('',(0.0248414889443018,-0.021,-0.054193103489935));
#4564=CARTESIAN_POINT('',(0.018277716989389,-0.046,-0.0680114308468997));
#4565=CARTESIAN_POINT('',(0.00999634987130417,-0.021,-0.0717973647767587));
#4566=CARTESIAN_POINT('',(0.0283145377453497,-0.046,-0.0634229686152324));
#4567=CARTESIAN_POINT('',(0.0328020471476957,-0.046,-0.0731950722417721));
#4568=CARTESIAN_POINT('',(0.0349234148867994,-0.046,-0.0809219362095585));
#4569=CARTESIAN_POINT('',(0.0303846764408742,-0.046,-0.0643900478855461));
#4570=CARTESIAN_POINT('',(0.0273867678796279,-0.046,-0.0807381824162945));
#4571=CARTESIAN_POINT('',(0.0101158197798958,-0.025,-0.0745742904830571));
#4572=CARTESIAN_POINT('',(0.0329727460998665,-0.046,-0.0827317826455432));
#4573=CARTESIAN_POINT('',(0.00877707832768892,-0.046,-0.0252062204923507));
#4574=CARTESIAN_POINT('',(0.00107988326052498,-0.021,-0.0172221514923054));
#4575=CARTESIAN_POINT('',(0.015627921784186,-0.046,-0.0323123944151763));
#4576=CARTESIAN_POINT('',(0.00877707832768892,-0.046,-0.0359739738282329));
#4577=CARTESIAN_POINT('',(0.000279327955813026,-0.025,-0.0375845856111054));
#4578=CARTESIAN_POINT('',(0.014827366479474,-0.046,-0.0348272391089723));
#4579=CARTESIAN_POINT('',(0.020019293949671,-0.046,-0.120614460949796));
#4580=CARTESIAN_POINT('',(0.0298942633619515,-0.046,-0.119044435438371));
#4581=CARTESIAN_POINT('',(0.0244310439620536,-0.046,-0.111641364336684));
#4582=CARTESIAN_POINT('',(0.0299052118828295,-0.046,-0.100644440764829));
#4583=CARTESIAN_POINT('',(0.0238566585125059,-0.021,-0.109445692039478));
#4584=CARTESIAN_POINT('',(0.0342900721933699,-0.046,-0.0942640296095523));
#4585=CARTESIAN_POINT('',(0.0370262863276434,-0.046,-0.105601370853208));
#4586=CARTESIAN_POINT('',(0.0370262863276434,-0.046,-0.118791577233537));
#4587=CARTESIAN_POINT('',(0.0370262863276434,-0.046,-0.0951136028048818));
#4588=CARTESIAN_POINT('',(0.0370257884153598,-0.046,-0.120285329184568));
#4589=CARTESIAN_POINT('',(0.0313819200623879,-0.025,-0.120308894983183));
#4590=CARTESIAN_POINT('',(0.0355325494768827,-0.046,-0.1202915641578));
#4591=CARTESIAN_POINT('',(0.0150193811220069,-0.046,-0.120614460949796));
#4592=CARTESIAN_POINT('',(0.00512892940060291,-0.046,-0.119145119006416));
#4593=CARTESIAN_POINT('',(0.0110335008124475,-0.046,-0.111444250529208));
#4594=CARTESIAN_POINT('',(0.0050208851223349,-0.046,-0.120418964672963));
#4595=CARTESIAN_POINT('',(0.00365147642000145,-0.021,-0.120424682596839));
#4596=CARTESIAN_POINT('',(0.00734287070240667,-0.046,-0.106734473843025));
#4597=CARTESIAN_POINT('',(0.000701712110069041,-0.021,-0.10321933254606));
#4598=CARTESIAN_POINT('',(0.0111372710818985,-0.046,-0.108742836282458));
#4599=CARTESIAN_POINT('',(0.0355262863276434,-0.046,-0.118791577233537));
#4600=CARTESIAN_POINT('',(0.0104355589718295,-0.046,-0.110068581399207));
#4601=CARTESIAN_POINT('',(0.0250928726467794,-0.046,-0.110295265234807));
#4602=CARTESIAN_POINT('',(0.0355262863276434,-0.046,-0.0951136028048818));
#4603=CARTESIAN_POINT('',(0.0106200121444436,-0.046,-0.073161566143516));
#4604=CARTESIAN_POINT('',(0.014548038523661,-0.046,-0.0333534766134863));
#4605=CARTESIAN_POINT('',(0.0118740324909981,-0.046,-0.00741669416942087));
#4606=CARTESIAN_POINT('',(0.00579271128745466,-0.046,-0.0127453715497115));
#4607=CARTESIAN_POINT('',(0.0211571036411702,-0.046,-0.059548043325202));
#4608=CARTESIAN_POINT('',(0.0334769384644143,-0.046,-0.0813190583060021));
#4609=CARTESIAN_POINT('',(0.0289382000184891,-0.046,-0.0647871699819897));
#4610=CARTESIAN_POINT('',(0.0256900760520524,-0.046,-0.0529562122576274));
#4611=CARTESIAN_POINT('',(0.0221482313695531,-0.046,-0.0400554070119217));
#4612=CARTESIAN_POINT('',(0.0181772368274775,-0.046,-0.0255914675082486));
#4613=CARTESIAN_POINT('',(0.0190132629199723,-0.046,-0.0173050790192252));
#4614=CARTESIAN_POINT('',(0.0101896987353889,-0.046,-0.0423219543595815));
#4615=CARTESIAN_POINT('',(0.0313756569131486,-0.046,-0.118808908058919));
#4616=CARTESIAN_POINT('',(0.00364521327077933,-0.046,-0.118924695672576));
#4617=CARTESIAN_POINT('',(0.,-0.046,-0.120418393241433));
#4618=CARTESIAN_POINT('',(0.,-0.046,-0.120418393241433));
#4619=CARTESIAN_POINT('',(0.0025,-0.025,-0.055921008810401));
#4620=CARTESIAN_POINT('',(0.0025,-0.021,-0.0673916348345511));
#4621=CARTESIAN_POINT('',(0.0025,-0.025,-0.0477771643861739));
#4622=CARTESIAN_POINT('',(0.,-0.046,-0.0361108231156194));
#4623=CARTESIAN_POINT('',(-0.000279327955813026,-0.025,-0.0375845856111054));
#4624=CARTESIAN_POINT('',(0.,-0.046,-0.0182632336906154));
#4625=CARTESIAN_POINT('',(-0.00107988326052498,-0.021,-0.0172221514923054));
#4626=CARTESIAN_POINT('',(0.,-0.046,-0.104545077662808));
#4627=CARTESIAN_POINT('',(-0.000701712110069041,-0.021,-0.10321933254606));
#4628=CARTESIAN_POINT('',(0.004,-0.025,-0.0673916348345511));
#4629=CARTESIAN_POINT('',(0.004,-0.046,-0.0477771643861739));
#4630=CARTESIAN_POINT('',(-0.012095482488785,-0.046,-0.0515121104754796));
#4631=CARTESIAN_POINT('',(-0.0220056907489207,-0.046,-0.0583111520928944));
#4632=CARTESIAN_POINT('',(-0.00484858710775062,-0.046,-0.0465402731538662));
#4633=CARTESIAN_POINT('',(-0.012095482488785,-0.046,-0.0653399970929994));
#4634=CARTESIAN_POINT('',(-0.0217807659143095,-0.046,-0.0609122446919594));
#4635=CARTESIAN_POINT('',(-0.00462366227313939,-0.025,-0.0687558362013085));
#4636=CARTESIAN_POINT('',(-0.0015,-0.046,-0.118933652944543));
#4637=CARTESIAN_POINT('',(-0.00132961951516951,-0.046,-0.120423945026784));
#4638=CARTESIAN_POINT('',(-0.00150626314922212,-0.025,-0.120433639868807));
#4639=CARTESIAN_POINT('',(-0.0220283659481046,-0.021,-0.0906144609497965));
#4640=CARTESIAN_POINT('',(-0.0420252863276434,-0.021,-0.0909654243871922));
#4641=CARTESIAN_POINT('',(-0.0413147182465737,-0.025,-0.0853194996638813));
#4642=CARTESIAN_POINT('',(-0.017556382343173,-0.025,-0.0176663268357515));
#4643=CARTESIAN_POINT('',(-0.0223955701454387,-0.025,-0.0164084471060463));
#4644=CARTESIAN_POINT('',(-0.0223594743823777,-0.025,-0.0162769719988115));
#4645=CARTESIAN_POINT('',(-0.0318370963144789,-0.025,-0.0507982358313575));
#4646=CARTESIAN_POINT('',(-0.0147314622825585,-0.025,0.000173346346653427));
#4647=CARTESIAN_POINT('',(-0.0178874448249764,-0.025,-0.00475602071812348));
#4648=CARTESIAN_POINT('',(0.0359787544582524,-0.025,-0.0322934098622315));
#4649=CARTESIAN_POINT('',(-0.0420252863276434,-0.021,-0.107763497512401));
#4650=CARTESIAN_POINT('',(-0.0420252863276434,-0.025,-0.120593527158698));
#4651=CARTESIAN_POINT('',(0.,-0.011,-0.0565572304748983));
#4652=CARTESIAN_POINT('',(-0.0200192939496711,-0.011,-0.120614460949796));
#4653=CARTESIAN_POINT('',(-0.0150193811220069,-0.011,-0.120614460949796));
#4654=CARTESIAN_POINT('',(0.000275082281715751,-0.011,-0.122437798052369));
#4655=CARTESIAN_POINT('',(-0.00997287050784742,-0.011,-0.122480588063748));
#4656=CARTESIAN_POINT('',(-0.00998094200981547,-0.011,-0.120547511431036));
#4657=CARTESIAN_POINT('',(-0.0200192939496711,-0.011,-0.120614460949796));
#4658=CARTESIAN_POINT('',(-0.0150193811220069,-0.011,-0.120614460949796));
#4659=CARTESIAN_POINT('',(-0.0193694048153915,-0.046,-0.0242680530755931));
#4660=CARTESIAN_POINT('',(-0.0175667864975871,-0.046,-0.0177022011156689));
#4661=CARTESIAN_POINT('',(-0.0196237132498626,-0.025,-0.0251943454118049));
#4662=CARTESIAN_POINT('',(-0.0121392911865655,-0.046,-0.0214897006808908));
#4663=CARTESIAN_POINT('',(-0.0170973535669524,-0.021,-0.0266325497065585));
#4664=CARTESIAN_POINT('',(-0.00471282802692968,-0.046,-0.0137864537480215));
#4665=CARTESIAN_POINT('',(-4.33680868994202E-19,-0.046,-4.33680868994202E-19));
#4666=CARTESIAN_POINT('',(-0.00517206364951309,-0.046,-0.0113797960265281));
#4667=CARTESIAN_POINT('',(-0.0106018147241054,-0.046,-0.00662204836555435));
#4668=CARTESIAN_POINT('',(-0.0126263124841965,-0.046,-0.00580977801125698));
#4669=CARTESIAN_POINT('',(-0.0135438664193889,-0.046,-0.00724291653072066));
#4670=CARTESIAN_POINT('',(-0.0131373013867335,-0.046,-0.0066078977197085));
#4671=CARTESIAN_POINT('',(0.0359787544582523,-0.046,-0.0322934098622314));
#4672=CARTESIAN_POINT('',(-0.0175566290363467,-0.046,-0.0176653577421141));
#4673=CARTESIAN_POINT('',(-0.017556382343173,-0.046,-0.0176663268357515));
#4674=CARTESIAN_POINT('',(-0.0175573529498198,-0.046,-0.0176660861643214));
#4675=CARTESIAN_POINT('',(-0.0231291405934684,-0.046,-0.0383427868468103));
#4676=CARTESIAN_POINT('',(-0.0218689034137401,-0.025,-0.0385816445164357));
#4677=CARTESIAN_POINT('',(-0.00991037077957588,-0.021,-0.0408481918640954));
#4678=CARTESIAN_POINT('',(-0.0257251280744783,-0.046,-0.0474181218423633));
#4679=CARTESIAN_POINT('',(-0.0235947077919382,-0.021,-0.0396582849154781));
#4680=CARTESIAN_POINT('',(-0.0271365524744376,-0.025,-0.0525590901611837));
#4681=CARTESIAN_POINT('',(-0.0172952184031161,-0.046,-0.0490158755125796));
#4682=CARTESIAN_POINT('',(-0.0248414889443018,-0.021,-0.054193103489935));
#4683=CARTESIAN_POINT('',(-0.00934111162763827,-0.025,-0.0435588455918891));
#4684=CARTESIAN_POINT('',(-0.018277716989389,-0.046,-0.0680114308468997));
#4685=CARTESIAN_POINT('',(-0.0283145377453497,-0.046,-0.0634229686152324));
#4686=CARTESIAN_POINT('',(-0.00999634987130417,-0.021,-0.0717973647767587));
#4687=CARTESIAN_POINT('',(-0.0328020471476957,-0.046,-0.0731950722417721));
#4688=CARTESIAN_POINT('',(-0.0303846764408742,-0.046,-0.0643900478855461));
#4689=CARTESIAN_POINT('',(-0.0349234148867994,-0.046,-0.0809219362095585));
#4690=CARTESIAN_POINT('',(-0.0273867678796279,-0.046,-0.0807381824162945));
#4691=CARTESIAN_POINT('',(-0.0329727460998665,-0.046,-0.0827317826455432));
#4692=CARTESIAN_POINT('',(-0.0101158197798958,-0.025,-0.0745742904830571));
#4693=CARTESIAN_POINT('',(-0.00877707832768892,-0.046,-0.0252062204923507));
#4694=CARTESIAN_POINT('',(-0.015627921784186,-0.046,-0.0323123944151763));
#4695=CARTESIAN_POINT('',(-0.00877707832768892,-0.046,-0.0359739738282329));
#4696=CARTESIAN_POINT('',(-0.014827366479474,-0.046,-0.0348272391089723));
#4697=CARTESIAN_POINT('',(-0.020019293949671,-0.046,-0.120614460949796));
#4698=CARTESIAN_POINT('',(-0.0244310439620536,-0.046,-0.111641364336684));
#4699=CARTESIAN_POINT('',(-0.0298942633619515,-0.046,-0.119044435438371));
#4700=CARTESIAN_POINT('',(-0.0299052118828295,-0.046,-0.100644440764829));
#4701=CARTESIAN_POINT('',(-0.0342900721933699,-0.046,-0.0942640296095523));
#4702=CARTESIAN_POINT('',(-0.0238566585125059,-0.021,-0.109445692039478));
#4703=CARTESIAN_POINT('',(-0.0370262863276434,-0.046,-0.105601370853208));
#4704=CARTESIAN_POINT('',(-0.0370262863276434,-0.046,-0.0951136028048818));
#4705=CARTESIAN_POINT('',(-0.0370262863276434,-0.046,-0.118791577233537));
#4706=CARTESIAN_POINT('',(-0.0370257884153598,-0.046,-0.120285329184568));
#4707=CARTESIAN_POINT('',(-0.0355325494768827,-0.046,-0.1202915641578));
#4708=CARTESIAN_POINT('',(-0.0313819200623879,-0.025,-0.120308894983183));
#4709=CARTESIAN_POINT('',(-0.0150193811220069,-0.046,-0.120614460949796));
#4710=CARTESIAN_POINT('',(-0.0110335008124475,-0.046,-0.111444250529208));
#4711=CARTESIAN_POINT('',(-0.00512892940060291,-0.046,-0.119145119006416));
#4712=CARTESIAN_POINT('',(-0.0050208851223349,-0.046,-0.120418964672963));
#4713=CARTESIAN_POINT('',(-0.00365147642000145,-0.021,-0.120424682596839));
#4714=CARTESIAN_POINT('',(-0.00734287070240667,-0.046,-0.106734473843025));
#4715=CARTESIAN_POINT('',(-0.0111372710818985,-0.046,-0.108742836282458));
#4716=CARTESIAN_POINT('',(-0.0355262863276434,-0.046,-0.118791577233537));
#4717=CARTESIAN_POINT('',(-0.0104355589718295,-0.046,-0.110068581399207));
#4718=CARTESIAN_POINT('',(-0.0250928726467794,-0.046,-0.110295265234807));
#4719=CARTESIAN_POINT('',(-0.0355262863276434,-0.046,-0.0951136028048818));
#4720=CARTESIAN_POINT('',(-0.0106200121444436,-0.046,-0.073161566143516));
#4721=CARTESIAN_POINT('',(-0.014548038523661,-0.046,-0.0333534766134863));
#4722=CARTESIAN_POINT('',(-0.0118740324909981,-0.046,-0.00741669416942087));
#4723=CARTESIAN_POINT('',(-0.00579271128745466,-0.046,-0.0127453715497115));
#4724=CARTESIAN_POINT('',(-0.0211571036411702,-0.046,-0.059548043325202));
#4725=CARTESIAN_POINT('',(-0.0334769384644143,-0.046,-0.0813190583060021));
#4726=CARTESIAN_POINT('',(-0.0289382000184891,-0.046,-0.0647871699819897));
#4727=CARTESIAN_POINT('',(-0.0256900760520524,-0.046,-0.0529562122576274));
#4728=CARTESIAN_POINT('',(-0.0221482313695531,-0.046,-0.0400554070119217));
#4729=CARTESIAN_POINT('',(-0.0181772368274775,-0.046,-0.0255914675082486));
#4730=CARTESIAN_POINT('',(-0.0190132629199723,-0.046,-0.0173050790192252));
#4731=CARTESIAN_POINT('',(-0.0101896987353889,-0.046,-0.0423219543595815));
#4732=CARTESIAN_POINT('',(-0.0313756569131486,-0.046,-0.118808908058919));
#4733=CARTESIAN_POINT('',(-0.00364521327077933,-0.046,-0.118924695672576));
#4734=CARTESIAN_POINT('',(0.,-0.046,-0.120418393241433));
#4735=CARTESIAN_POINT('',(-0.0025,-0.025,-0.055921008810401));
#4736=CARTESIAN_POINT('',(-0.0025,-0.025,-0.0477771643861739));
#4737=CARTESIAN_POINT('',(-0.0025,-0.021,-0.0673916348345511));
#4738=CARTESIAN_POINT('',(-0.004,-0.025,-0.0673916348345511));
#4739=CARTESIAN_POINT('',(-0.004,-0.046,-0.0477771643861739));
#4740=CARTESIAN_POINT('',(-0.017564599272999,-0.016,-0.100512095314348));
#4741=CARTESIAN_POINT('',(-0.0174727397510534,-0.016,-0.122511903536881));
#4742=CARTESIAN_POINT('',(-0.017460822284911,-0.016,-0.125366065675768));
#4743=CARTESIAN_POINT('',(6.81105540076932E-6,-0.018,-0.122438918210616));
#4744=CARTESIAN_POINT('',(-0.00997287050784742,-0.011,-0.122480588063748));
#4745=CARTESIAN_POINT('',(6.81105540076932E-6,-0.018,-0.122438918210616));
#4746=CARTESIAN_POINT('',(-0.00998094200981547,-0.011,-0.120547511431036));
#4747=CARTESIAN_POINT('',(-0.0370252863276434,-0.021,-0.120593527158698));
#4748=CARTESIAN_POINT('',(-0.017356364471535,-0.016,-0.100366283905312));
#4749=CARTESIAN_POINT('',(-0.0158913054566185,9.0205620750794E-17,-0.0869798706951085));
#4750=CARTESIAN_POINT('',(-4.46691295064028E-17,9.0205620750794E-17,-0.0798232428384427));
#4751=CARTESIAN_POINT('',(0.0158913054566184,9.0205620750794E-17,-0.0869798706951085));
#4752=CARTESIAN_POINT('',(0.0218197902545666,-0.00399999999999991,-0.0331933302013541));
#4753=CARTESIAN_POINT('',(-4.98732999343332E-18,-0.00399999999999991,-0.0118816168453077));
#4754=CARTESIAN_POINT('',(-0.0218197902545666,-0.00399999999999991,-0.0331933302013541));
#4755=MECHANICAL_DESIGN_GEOMETRIC_PRESENTATION_REPRESENTATION('',(#2789),
#4756);
#4756=(
GEOMETRIC_REPRESENTATION_CONTEXT(3)
GLOBAL_UNCERTAINTY_ASSIGNED_CONTEXT((#4757))
GLOBAL_UNIT_ASSIGNED_CONTEXT((#4760,#4759,#4758))
REPRESENTATION_CONTEXT('Transmission Support Plate',
'TOP_LEVEL_ASSEMBLY_PART')
);
#4757=UNCERTAINTY_MEASURE_WITH_UNIT(LENGTH_MEASURE(1.2E-6),#4760,
'DISTANCE_ACCURACY_VALUE','Maximum Tolerance applied to model');
#4758=(
NAMED_UNIT(*)
SI_UNIT($,.STERADIAN.)
SOLID_ANGLE_UNIT()
);
#4759=(
NAMED_UNIT(*)
PLANE_ANGLE_UNIT()
SI_UNIT($,.RADIAN.)
);
#4760=(
LENGTH_UNIT()
NAMED_UNIT(*)
SI_UNIT($,.METRE.)
);
#4761=PRODUCT_DEFINITION_SHAPE('','',#4762);
#4762=PRODUCT_DEFINITION('','',#4764,#4763);
#4763=PRODUCT_DEFINITION_CONTEXT('',#4770,'design');
#4764=PRODUCT_DEFINITION_FORMATION_WITH_SPECIFIED_SOURCE('','',#4766,
 .NOT_KNOWN.);
#4765=PRODUCT_RELATED_PRODUCT_CATEGORY('','',(#4766));
#4766=PRODUCT('Transmission Support Plate','Transmission Support Plate',
'Transmission Support Plate',(#4768));
#4767=PRODUCT_CATEGORY('','');
#4768=PRODUCT_CONTEXT('',#4770,'mechanical');
#4769=APPLICATION_PROTOCOL_DEFINITION('international standard',
'ap242_managed_model_based_3d_engineering',2020,#4770);
#4770=APPLICATION_CONTEXT('managed model based 3d engineering');
ENDSEC;
END-ISO-10303-21;
