ISO-10303-21;
HEADER;
/* Generated by software containing ST-Developer
 * from STEP Tools, Inc. (www.steptools.com) 
 */
/* OPTION: using custom renumber hook */

FILE_DESCRIPTION(
/* description */ ('STEP AP242 Edition 2',
'CAx-IF Rec.Pracs.---Representation and Presentation of Product Manufa
cturing Information (PMI)---4.0---2014-10-13',
'CAx-IF Rec.Pracs.---3D Tessellated Geometry---0.4---2014-09-14','2;1',
'CAx-IF Rec.Pracs.---User Defined Attributes---1.5---2016-08-15'),
/* implementation_level */ '2;1');

FILE_NAME(
/* name */ 'Assembly 1 - Gearbox Female',
/* time_stamp */ '2026-06-22T01:32:04Z',
/* author */ (''),
/* organization */ (''),
/* preprocessor_version */ 'ST-DEVELOPER v20',
/* originating_system */ 'ONSHAPE BY PTC INC, 1.216',
/* authorisation */ '  ');

FILE_SCHEMA (('AP242_MANAGED_MODEL_BASED_3D_ENGINEERING_MIM_LF { 1 0 10303 442 3 1 4 }'));
ENDSEC;

DATA;
#10=SHAPE_REPRESENTATION_RELATIONSHIP('','',#2278,#11);
#11=ADVANCED_BREP_SHAPE_REPRESENTATION('',(#2276),#3782);
#12=CYLINDRICAL_SURFACE('',#2325,0.005);
#13=CYLINDRICAL_SURFACE('',#2329,0.00215);
#14=CYLINDRICAL_SURFACE('',#2332,0.00215);
#15=CYLINDRICAL_SURFACE('',#2335,0.00215);
#16=CYLINDRICAL_SURFACE('',#2338,0.00215);
#17=CYLINDRICAL_SURFACE('',#2341,0.00215);
#18=CYLINDRICAL_SURFACE('',#2391,0.007);
#19=CYLINDRICAL_SURFACE('',#2392,0.007);
#20=CYLINDRICAL_SURFACE('',#2393,0.007);
#21=CYLINDRICAL_SURFACE('',#2399,0.02);
#22=CYLINDRICAL_SURFACE('',#2400,0.002);
#23=CYLINDRICAL_SURFACE('',#2401,0.002);
#24=CYLINDRICAL_SURFACE('',#2402,0.002);
#25=CYLINDRICAL_SURFACE('',#2403,0.002);
#26=CYLINDRICAL_SURFACE('',#2404,0.002);
#27=CYLINDRICAL_SURFACE('',#2405,0.002);
#28=CYLINDRICAL_SURFACE('',#2406,0.013);
#29=CYLINDRICAL_SURFACE('',#2409,0.0604969026157085);
#30=CYLINDRICAL_SURFACE('',#2414,0.0015);
#31=CYLINDRICAL_SURFACE('',#2415,0.0015);
#32=CYLINDRICAL_SURFACE('',#2416,0.0015);
#33=CYLINDRICAL_SURFACE('',#2417,0.0015);
#34=CYLINDRICAL_SURFACE('',#2418,0.0015);
#35=CYLINDRICAL_SURFACE('',#2419,0.0015);
#36=CYLINDRICAL_SURFACE('',#2420,0.0015);
#37=CYLINDRICAL_SURFACE('',#2421,0.0015);
#38=CYLINDRICAL_SURFACE('',#2422,0.0015);
#39=CYLINDRICAL_SURFACE('',#2427,0.005);
#40=CYLINDRICAL_SURFACE('',#2429,0.02);
#41=CYLINDRICAL_SURFACE('',#2430,0.002);
#42=CYLINDRICAL_SURFACE('',#2431,0.002);
#43=CYLINDRICAL_SURFACE('',#2432,0.002);
#44=CYLINDRICAL_SURFACE('',#2433,0.002);
#45=CYLINDRICAL_SURFACE('',#2434,0.002);
#46=CYLINDRICAL_SURFACE('',#2435,0.002);
#47=CYLINDRICAL_SURFACE('',#2436,0.013);
#48=CYLINDRICAL_SURFACE('',#2440,0.0604969026157085);
#49=CYLINDRICAL_SURFACE('',#2445,0.0015);
#50=CYLINDRICAL_SURFACE('',#2446,0.0015);
#51=CYLINDRICAL_SURFACE('',#2447,0.0015);
#52=CYLINDRICAL_SURFACE('',#2448,0.0015);
#53=CYLINDRICAL_SURFACE('',#2449,0.0015);
#54=CYLINDRICAL_SURFACE('',#2450,0.0015);
#55=CYLINDRICAL_SURFACE('',#2451,0.0015);
#56=CYLINDRICAL_SURFACE('',#2452,0.0015);
#57=CYLINDRICAL_SURFACE('',#2453,0.0015);
#58=CYLINDRICAL_SURFACE('',#2456,0.00480723047489824);
#59=CYLINDRICAL_SURFACE('',#2459,0.00507522470152461);
#60=CYLINDRICAL_SURFACE('',#2462,0.00507522470152461);
#61=CYLINDRICAL_SURFACE('',#2500,0.0157);
#62=CYLINDRICAL_SURFACE('',#2501,0.001);
#63=CYLINDRICAL_SURFACE('',#2502,0.001);
#64=CIRCLE('',#2281,0.0015);
#65=CIRCLE('',#2282,0.0015);
#66=CIRCLE('',#2283,0.0015);
#67=CIRCLE('',#2284,0.0015);
#68=CIRCLE('',#2285,0.0015);
#69=CIRCLE('',#2286,0.0015);
#70=CIRCLE('',#2287,0.0015);
#71=CIRCLE('',#2288,0.0015);
#72=CIRCLE('',#2289,0.0015);
#73=CIRCLE('',#2290,0.013);
#74=CIRCLE('',#2291,0.002);
#75=CIRCLE('',#2292,0.002);
#76=CIRCLE('',#2293,0.002);
#77=CIRCLE('',#2294,0.002);
#78=CIRCLE('',#2295,0.002);
#79=CIRCLE('',#2296,0.002);
#80=CIRCLE('',#2297,0.007);
#81=CIRCLE('',#2298,0.0015);
#82=CIRCLE('',#2299,0.0015);
#83=CIRCLE('',#2300,0.0015);
#84=CIRCLE('',#2301,0.0015);
#85=CIRCLE('',#2302,0.0015);
#86=CIRCLE('',#2303,0.0015);
#87=CIRCLE('',#2304,0.0015);
#88=CIRCLE('',#2305,0.0015);
#89=CIRCLE('',#2306,0.0015);
#90=CIRCLE('',#2307,0.013);
#91=CIRCLE('',#2308,0.002);
#92=CIRCLE('',#2309,0.002);
#93=CIRCLE('',#2310,0.002);
#94=CIRCLE('',#2311,0.002);
#95=CIRCLE('',#2312,0.002);
#96=CIRCLE('',#2313,0.002);
#97=CIRCLE('',#2314,0.007);
#98=CIRCLE('',#2315,0.007);
#99=CIRCLE('',#2316,0.001);
#100=CIRCLE('',#2317,0.0157);
#101=CIRCLE('',#2318,0.001);
#102=CIRCLE('',#2319,0.0604969026157085);
#103=CIRCLE('',#2320,0.005);
#104=CIRCLE('',#2321,0.02);
#105=CIRCLE('',#2322,0.02);
#106=CIRCLE('',#2323,0.005);
#107=CIRCLE('',#2324,0.0604969026157085);
#108=CIRCLE('',#2326,0.005);
#109=CIRCLE('',#2327,0.005);
#110=CIRCLE('',#2330,0.00215);
#111=CIRCLE('',#2331,0.00215);
#112=CIRCLE('',#2333,0.00215);
#113=CIRCLE('',#2334,0.00215);
#114=CIRCLE('',#2336,0.00215);
#115=CIRCLE('',#2337,0.00215);
#116=CIRCLE('',#2339,0.00215);
#117=CIRCLE('',#2340,0.00215);
#118=CIRCLE('',#2342,0.00215);
#119=CIRCLE('',#2343,0.00215);
#120=CIRCLE('',#2345,0.0157);
#121=CIRCLE('',#2346,0.001);
#122=CIRCLE('',#2347,0.0604969026157085);
#123=CIRCLE('',#2348,0.02);
#124=CIRCLE('',#2349,0.00480723047489824);
#125=CIRCLE('',#2350,0.02);
#126=CIRCLE('',#2351,0.005);
#127=CIRCLE('',#2352,0.0604969026157085);
#128=CIRCLE('',#2353,0.001);
#129=CIRCLE('',#2354,0.00507522470152461);
#130=CIRCLE('',#2355,0.0015);
#131=CIRCLE('',#2356,0.0015);
#132=CIRCLE('',#2357,0.0015);
#133=CIRCLE('',#2358,0.00507522470152461);
#134=CIRCLE('',#2359,0.0015);
#135=CIRCLE('',#2360,0.0015);
#136=CIRCLE('',#2361,0.0015);
#137=CIRCLE('',#2362,0.007);
#138=CIRCLE('',#2363,0.007);
#139=CIRCLE('',#2364,0.007);
#140=CIRCLE('',#2365,0.002);
#141=CIRCLE('',#2366,0.002);
#142=CIRCLE('',#2367,0.002);
#143=CIRCLE('',#2368,0.002);
#144=CIRCLE('',#2369,0.002);
#145=CIRCLE('',#2370,0.002);
#146=CIRCLE('',#2371,0.013);
#147=CIRCLE('',#2372,0.0015);
#148=CIRCLE('',#2373,0.0015);
#149=CIRCLE('',#2374,0.0015);
#150=CIRCLE('',#2375,0.0015);
#151=CIRCLE('',#2376,0.0015);
#152=CIRCLE('',#2377,0.0015);
#153=CIRCLE('',#2378,0.002);
#154=CIRCLE('',#2379,0.002);
#155=CIRCLE('',#2380,0.002);
#156=CIRCLE('',#2381,0.002);
#157=CIRCLE('',#2382,0.002);
#158=CIRCLE('',#2383,0.002);
#159=CIRCLE('',#2384,0.013);
#160=CIRCLE('',#2385,0.0015);
#161=CIRCLE('',#2386,0.0015);
#162=CIRCLE('',#2387,0.0015);
#163=CIRCLE('',#2388,0.0015);
#164=CIRCLE('',#2389,0.0015);
#165=CIRCLE('',#2390,0.0015);
#166=CIRCLE('',#2428,0.005);
#167=CIRCLE('',#2457,0.00480723047489824);
#168=CIRCLE('',#2460,0.00507522470152461);
#169=CIRCLE('',#2463,0.00507522470152461);
#170=ORIENTED_EDGE('',*,*,#772,.T.);
#171=ORIENTED_EDGE('',*,*,#773,.T.);
#172=ORIENTED_EDGE('',*,*,#774,.T.);
#173=ORIENTED_EDGE('',*,*,#775,.T.);
#174=ORIENTED_EDGE('',*,*,#776,.T.);
#175=ORIENTED_EDGE('',*,*,#777,.T.);
#176=ORIENTED_EDGE('',*,*,#778,.F.);
#177=ORIENTED_EDGE('',*,*,#779,.F.);
#178=ORIENTED_EDGE('',*,*,#780,.F.);
#179=ORIENTED_EDGE('',*,*,#781,.F.);
#180=ORIENTED_EDGE('',*,*,#782,.F.);
#181=ORIENTED_EDGE('',*,*,#783,.F.);
#182=ORIENTED_EDGE('',*,*,#784,.T.);
#183=ORIENTED_EDGE('',*,*,#785,.F.);
#184=ORIENTED_EDGE('',*,*,#786,.F.);
#185=ORIENTED_EDGE('',*,*,#787,.F.);
#186=ORIENTED_EDGE('',*,*,#788,.F.);
#187=ORIENTED_EDGE('',*,*,#789,.F.);
#188=ORIENTED_EDGE('',*,*,#790,.T.);
#189=ORIENTED_EDGE('',*,*,#791,.F.);
#190=ORIENTED_EDGE('',*,*,#792,.T.);
#191=ORIENTED_EDGE('',*,*,#793,.F.);
#192=ORIENTED_EDGE('',*,*,#794,.T.);
#193=ORIENTED_EDGE('',*,*,#795,.F.);
#194=ORIENTED_EDGE('',*,*,#796,.T.);
#195=ORIENTED_EDGE('',*,*,#797,.F.);
#196=ORIENTED_EDGE('',*,*,#798,.F.);
#197=ORIENTED_EDGE('',*,*,#799,.F.);
#198=ORIENTED_EDGE('',*,*,#800,.F.);
#199=ORIENTED_EDGE('',*,*,#801,.F.);
#200=ORIENTED_EDGE('',*,*,#802,.F.);
#201=ORIENTED_EDGE('',*,*,#803,.F.);
#202=ORIENTED_EDGE('',*,*,#804,.F.);
#203=ORIENTED_EDGE('',*,*,#805,.F.);
#204=ORIENTED_EDGE('',*,*,#806,.F.);
#205=ORIENTED_EDGE('',*,*,#807,.F.);
#206=ORIENTED_EDGE('',*,*,#808,.F.);
#207=ORIENTED_EDGE('',*,*,#809,.T.);
#208=ORIENTED_EDGE('',*,*,#810,.F.);
#209=ORIENTED_EDGE('',*,*,#811,.T.);
#210=ORIENTED_EDGE('',*,*,#812,.T.);
#211=ORIENTED_EDGE('',*,*,#813,.T.);
#212=ORIENTED_EDGE('',*,*,#814,.T.);
#213=ORIENTED_EDGE('',*,*,#815,.T.);
#214=ORIENTED_EDGE('',*,*,#816,.F.);
#215=ORIENTED_EDGE('',*,*,#817,.T.);
#216=ORIENTED_EDGE('',*,*,#818,.F.);
#217=ORIENTED_EDGE('',*,*,#819,.T.);
#218=ORIENTED_EDGE('',*,*,#820,.F.);
#219=ORIENTED_EDGE('',*,*,#821,.T.);
#220=ORIENTED_EDGE('',*,*,#822,.F.);
#221=ORIENTED_EDGE('',*,*,#823,.T.);
#222=ORIENTED_EDGE('',*,*,#824,.T.);
#223=ORIENTED_EDGE('',*,*,#825,.T.);
#224=ORIENTED_EDGE('',*,*,#826,.T.);
#225=ORIENTED_EDGE('',*,*,#827,.T.);
#226=ORIENTED_EDGE('',*,*,#828,.T.);
#227=ORIENTED_EDGE('',*,*,#829,.T.);
#228=ORIENTED_EDGE('',*,*,#830,.T.);
#229=ORIENTED_EDGE('',*,*,#831,.T.);
#230=ORIENTED_EDGE('',*,*,#832,.T.);
#231=ORIENTED_EDGE('',*,*,#833,.T.);
#232=ORIENTED_EDGE('',*,*,#834,.T.);
#233=ORIENTED_EDGE('',*,*,#835,.T.);
#234=ORIENTED_EDGE('',*,*,#836,.T.);
#235=ORIENTED_EDGE('',*,*,#837,.F.);
#236=ORIENTED_EDGE('',*,*,#838,.F.);
#237=ORIENTED_EDGE('',*,*,#839,.F.);
#238=ORIENTED_EDGE('',*,*,#840,.F.);
#239=ORIENTED_EDGE('',*,*,#841,.F.);
#240=ORIENTED_EDGE('',*,*,#842,.F.);
#241=ORIENTED_EDGE('',*,*,#843,.F.);
#242=ORIENTED_EDGE('',*,*,#844,.F.);
#243=ORIENTED_EDGE('',*,*,#845,.F.);
#244=ORIENTED_EDGE('',*,*,#846,.F.);
#245=ORIENTED_EDGE('',*,*,#847,.F.);
#246=ORIENTED_EDGE('',*,*,#848,.F.);
#247=ORIENTED_EDGE('',*,*,#849,.T.);
#248=ORIENTED_EDGE('',*,*,#850,.T.);
#249=ORIENTED_EDGE('',*,*,#851,.T.);
#250=ORIENTED_EDGE('',*,*,#852,.T.);
#251=ORIENTED_EDGE('',*,*,#853,.T.);
#252=ORIENTED_EDGE('',*,*,#854,.T.);
#253=ORIENTED_EDGE('',*,*,#855,.T.);
#254=ORIENTED_EDGE('',*,*,#856,.T.);
#255=ORIENTED_EDGE('',*,*,#857,.F.);
#256=ORIENTED_EDGE('',*,*,#858,.T.);
#257=ORIENTED_EDGE('',*,*,#859,.F.);
#258=ORIENTED_EDGE('',*,*,#860,.T.);
#259=ORIENTED_EDGE('',*,*,#861,.F.);
#260=ORIENTED_EDGE('',*,*,#862,.T.);
#261=ORIENTED_EDGE('',*,*,#863,.F.);
#262=ORIENTED_EDGE('',*,*,#864,.F.);
#263=ORIENTED_EDGE('',*,*,#865,.T.);
#264=ORIENTED_EDGE('',*,*,#866,.F.);
#265=ORIENTED_EDGE('',*,*,#867,.T.);
#266=ORIENTED_EDGE('',*,*,#868,.F.);
#267=ORIENTED_EDGE('',*,*,#869,.T.);
#268=ORIENTED_EDGE('',*,*,#870,.F.);
#269=ORIENTED_EDGE('',*,*,#871,.F.);
#270=ORIENTED_EDGE('',*,*,#867,.F.);
#271=ORIENTED_EDGE('',*,*,#872,.T.);
#272=ORIENTED_EDGE('',*,*,#873,.T.);
#273=ORIENTED_EDGE('',*,*,#874,.T.);
#274=ORIENTED_EDGE('',*,*,#855,.F.);
#275=ORIENTED_EDGE('',*,*,#875,.T.);
#276=ORIENTED_EDGE('',*,*,#876,.F.);
#277=ORIENTED_EDGE('',*,*,#877,.T.);
#278=ORIENTED_EDGE('',*,*,#878,.T.);
#279=ORIENTED_EDGE('',*,*,#879,.F.);
#280=ORIENTED_EDGE('',*,*,#880,.T.);
#281=ORIENTED_EDGE('',*,*,#881,.T.);
#282=ORIENTED_EDGE('',*,*,#882,.F.);
#283=ORIENTED_EDGE('',*,*,#883,.T.);
#284=ORIENTED_EDGE('',*,*,#884,.T.);
#285=ORIENTED_EDGE('',*,*,#885,.T.);
#286=ORIENTED_EDGE('',*,*,#886,.T.);
#287=ORIENTED_EDGE('',*,*,#887,.T.);
#288=ORIENTED_EDGE('',*,*,#873,.F.);
#289=ORIENTED_EDGE('',*,*,#888,.T.);
#290=ORIENTED_EDGE('',*,*,#870,.T.);
#291=ORIENTED_EDGE('',*,*,#889,.T.);
#292=ORIENTED_EDGE('',*,*,#890,.F.);
#293=ORIENTED_EDGE('',*,*,#891,.T.);
#294=ORIENTED_EDGE('',*,*,#892,.F.);
#295=ORIENTED_EDGE('',*,*,#893,.T.);
#296=ORIENTED_EDGE('',*,*,#894,.T.);
#297=ORIENTED_EDGE('',*,*,#895,.F.);
#298=ORIENTED_EDGE('',*,*,#896,.F.);
#299=ORIENTED_EDGE('',*,*,#897,.F.);
#300=ORIENTED_EDGE('',*,*,#898,.T.);
#301=ORIENTED_EDGE('',*,*,#899,.T.);
#302=ORIENTED_EDGE('',*,*,#900,.T.);
#303=ORIENTED_EDGE('',*,*,#901,.F.);
#304=ORIENTED_EDGE('',*,*,#902,.T.);
#305=ORIENTED_EDGE('',*,*,#903,.T.);
#306=ORIENTED_EDGE('',*,*,#904,.F.);
#307=ORIENTED_EDGE('',*,*,#905,.T.);
#308=ORIENTED_EDGE('',*,*,#906,.F.);
#309=ORIENTED_EDGE('',*,*,#907,.T.);
#310=ORIENTED_EDGE('',*,*,#908,.F.);
#311=ORIENTED_EDGE('',*,*,#909,.F.);
#312=ORIENTED_EDGE('',*,*,#910,.F.);
#313=ORIENTED_EDGE('',*,*,#911,.F.);
#314=ORIENTED_EDGE('',*,*,#912,.T.);
#315=ORIENTED_EDGE('',*,*,#913,.F.);
#316=ORIENTED_EDGE('',*,*,#914,.T.);
#317=ORIENTED_EDGE('',*,*,#915,.F.);
#318=ORIENTED_EDGE('',*,*,#916,.F.);
#319=ORIENTED_EDGE('',*,*,#917,.F.);
#320=ORIENTED_EDGE('',*,*,#918,.F.);
#321=ORIENTED_EDGE('',*,*,#919,.F.);
#322=ORIENTED_EDGE('',*,*,#920,.F.);
#323=ORIENTED_EDGE('',*,*,#921,.F.);
#324=ORIENTED_EDGE('',*,*,#922,.F.);
#325=ORIENTED_EDGE('',*,*,#923,.F.);
#326=ORIENTED_EDGE('',*,*,#924,.F.);
#327=ORIENTED_EDGE('',*,*,#925,.F.);
#328=ORIENTED_EDGE('',*,*,#926,.T.);
#329=ORIENTED_EDGE('',*,*,#927,.T.);
#330=ORIENTED_EDGE('',*,*,#928,.T.);
#331=ORIENTED_EDGE('',*,*,#929,.T.);
#332=ORIENTED_EDGE('',*,*,#930,.T.);
#333=ORIENTED_EDGE('',*,*,#931,.T.);
#334=ORIENTED_EDGE('',*,*,#932,.F.);
#335=ORIENTED_EDGE('',*,*,#933,.T.);
#336=ORIENTED_EDGE('',*,*,#934,.T.);
#337=ORIENTED_EDGE('',*,*,#935,.T.);
#338=ORIENTED_EDGE('',*,*,#936,.F.);
#339=ORIENTED_EDGE('',*,*,#937,.T.);
#340=ORIENTED_EDGE('',*,*,#938,.T.);
#341=ORIENTED_EDGE('',*,*,#939,.T.);
#342=ORIENTED_EDGE('',*,*,#940,.T.);
#343=ORIENTED_EDGE('',*,*,#941,.T.);
#344=ORIENTED_EDGE('',*,*,#942,.T.);
#345=ORIENTED_EDGE('',*,*,#943,.T.);
#346=ORIENTED_EDGE('',*,*,#944,.T.);
#347=ORIENTED_EDGE('',*,*,#945,.F.);
#348=ORIENTED_EDGE('',*,*,#946,.F.);
#349=ORIENTED_EDGE('',*,*,#947,.F.);
#350=ORIENTED_EDGE('',*,*,#948,.F.);
#351=ORIENTED_EDGE('',*,*,#949,.F.);
#352=ORIENTED_EDGE('',*,*,#950,.F.);
#353=ORIENTED_EDGE('',*,*,#951,.T.);
#354=ORIENTED_EDGE('',*,*,#952,.F.);
#355=ORIENTED_EDGE('',*,*,#953,.T.);
#356=ORIENTED_EDGE('',*,*,#954,.F.);
#357=ORIENTED_EDGE('',*,*,#955,.F.);
#358=ORIENTED_EDGE('',*,*,#956,.F.);
#359=ORIENTED_EDGE('',*,*,#918,.T.);
#360=ORIENTED_EDGE('',*,*,#836,.F.);
#361=ORIENTED_EDGE('',*,*,#916,.T.);
#362=ORIENTED_EDGE('',*,*,#809,.F.);
#363=ORIENTED_EDGE('',*,*,#917,.T.);
#364=ORIENTED_EDGE('',*,*,#835,.F.);
#365=ORIENTED_EDGE('',*,*,#864,.T.);
#366=ORIENTED_EDGE('',*,*,#957,.T.);
#367=ORIENTED_EDGE('',*,*,#893,.F.);
#368=ORIENTED_EDGE('',*,*,#891,.F.);
#369=ORIENTED_EDGE('',*,*,#958,.F.);
#370=ORIENTED_EDGE('',*,*,#822,.T.);
#371=ORIENTED_EDGE('',*,*,#959,.T.);
#372=ORIENTED_EDGE('',*,*,#902,.F.);
#373=ORIENTED_EDGE('',*,*,#960,.F.);
#374=ORIENTED_EDGE('',*,*,#961,.F.);
#375=ORIENTED_EDGE('',*,*,#962,.T.);
#376=ORIENTED_EDGE('',*,*,#900,.F.);
#377=ORIENTED_EDGE('',*,*,#963,.T.);
#378=ORIENTED_EDGE('',*,*,#816,.T.);
#379=ORIENTED_EDGE('',*,*,#964,.T.);
#380=ORIENTED_EDGE('',*,*,#930,.F.);
#381=ORIENTED_EDGE('',*,*,#965,.T.);
#382=ORIENTED_EDGE('',*,*,#936,.T.);
#383=ORIENTED_EDGE('',*,*,#966,.T.);
#384=ORIENTED_EDGE('',*,*,#814,.F.);
#385=ORIENTED_EDGE('',*,*,#967,.T.);
#386=ORIENTED_EDGE('',*,*,#812,.F.);
#387=ORIENTED_EDGE('',*,*,#968,.T.);
#388=ORIENTED_EDGE('',*,*,#932,.T.);
#389=ORIENTED_EDGE('',*,*,#969,.T.);
#390=ORIENTED_EDGE('',*,*,#970,.F.);
#391=ORIENTED_EDGE('',*,*,#865,.F.);
#392=ORIENTED_EDGE('',*,*,#958,.T.);
#393=ORIENTED_EDGE('',*,*,#890,.T.);
#394=ORIENTED_EDGE('',*,*,#919,.T.);
#395=ORIENTED_EDGE('',*,*,#834,.F.);
#396=ORIENTED_EDGE('',*,*,#920,.T.);
#397=ORIENTED_EDGE('',*,*,#833,.F.);
#398=ORIENTED_EDGE('',*,*,#921,.T.);
#399=ORIENTED_EDGE('',*,*,#832,.F.);
#400=ORIENTED_EDGE('',*,*,#922,.T.);
#401=ORIENTED_EDGE('',*,*,#831,.F.);
#402=ORIENTED_EDGE('',*,*,#923,.T.);
#403=ORIENTED_EDGE('',*,*,#830,.F.);
#404=ORIENTED_EDGE('',*,*,#924,.T.);
#405=ORIENTED_EDGE('',*,*,#829,.F.);
#406=ORIENTED_EDGE('',*,*,#925,.T.);
#407=ORIENTED_EDGE('',*,*,#828,.F.);
#408=ORIENTED_EDGE('',*,*,#904,.T.);
#409=ORIENTED_EDGE('',*,*,#971,.T.);
#410=ORIENTED_EDGE('',*,*,#826,.F.);
#411=ORIENTED_EDGE('',*,*,#972,.T.);
#412=ORIENTED_EDGE('',*,*,#889,.F.);
#413=ORIENTED_EDGE('',*,*,#872,.F.);
#414=ORIENTED_EDGE('',*,*,#866,.T.);
#415=ORIENTED_EDGE('',*,*,#970,.T.);
#416=ORIENTED_EDGE('',*,*,#888,.F.);
#417=ORIENTED_EDGE('',*,*,#875,.F.);
#418=ORIENTED_EDGE('',*,*,#868,.T.);
#419=ORIENTED_EDGE('',*,*,#871,.T.);
#420=ORIENTED_EDGE('',*,*,#824,.F.);
#421=ORIENTED_EDGE('',*,*,#973,.T.);
#422=ORIENTED_EDGE('',*,*,#906,.T.);
#423=ORIENTED_EDGE('',*,*,#974,.T.);
#424=ORIENTED_EDGE('',*,*,#926,.F.);
#425=ORIENTED_EDGE('',*,*,#975,.T.);
#426=ORIENTED_EDGE('',*,*,#820,.T.);
#427=ORIENTED_EDGE('',*,*,#976,.T.);
#428=ORIENTED_EDGE('',*,*,#818,.T.);
#429=ORIENTED_EDGE('',*,*,#977,.T.);
#430=ORIENTED_EDGE('',*,*,#928,.F.);
#431=ORIENTED_EDGE('',*,*,#978,.T.);
#432=ORIENTED_EDGE('',*,*,#934,.F.);
#433=ORIENTED_EDGE('',*,*,#979,.T.);
#434=ORIENTED_EDGE('',*,*,#810,.T.);
#435=ORIENTED_EDGE('',*,*,#980,.T.);
#436=ORIENTED_EDGE('',*,*,#827,.F.);
#437=ORIENTED_EDGE('',*,*,#971,.F.);
#438=ORIENTED_EDGE('',*,*,#903,.F.);
#439=ORIENTED_EDGE('',*,*,#959,.F.);
#440=ORIENTED_EDGE('',*,*,#823,.F.);
#441=ORIENTED_EDGE('',*,*,#963,.F.);
#442=ORIENTED_EDGE('',*,*,#907,.F.);
#443=ORIENTED_EDGE('',*,*,#973,.F.);
#444=ORIENTED_EDGE('',*,*,#825,.F.);
#445=ORIENTED_EDGE('',*,*,#974,.F.);
#446=ORIENTED_EDGE('',*,*,#905,.F.);
#447=ORIENTED_EDGE('',*,*,#972,.F.);
#448=ORIENTED_EDGE('',*,*,#821,.F.);
#449=ORIENTED_EDGE('',*,*,#975,.F.);
#450=ORIENTED_EDGE('',*,*,#931,.F.);
#451=ORIENTED_EDGE('',*,*,#964,.F.);
#452=ORIENTED_EDGE('',*,*,#817,.F.);
#453=ORIENTED_EDGE('',*,*,#965,.F.);
#454=ORIENTED_EDGE('',*,*,#929,.F.);
#455=ORIENTED_EDGE('',*,*,#977,.F.);
#456=ORIENTED_EDGE('',*,*,#819,.F.);
#457=ORIENTED_EDGE('',*,*,#978,.F.);
#458=ORIENTED_EDGE('',*,*,#927,.F.);
#459=ORIENTED_EDGE('',*,*,#976,.F.);
#460=ORIENTED_EDGE('',*,*,#811,.F.);
#461=ORIENTED_EDGE('',*,*,#979,.F.);
#462=ORIENTED_EDGE('',*,*,#933,.F.);
#463=ORIENTED_EDGE('',*,*,#968,.F.);
#464=ORIENTED_EDGE('',*,*,#815,.F.);
#465=ORIENTED_EDGE('',*,*,#966,.F.);
#466=ORIENTED_EDGE('',*,*,#935,.F.);
#467=ORIENTED_EDGE('',*,*,#980,.F.);
#468=ORIENTED_EDGE('',*,*,#813,.F.);
#469=ORIENTED_EDGE('',*,*,#969,.F.);
#470=ORIENTED_EDGE('',*,*,#937,.F.);
#471=ORIENTED_EDGE('',*,*,#967,.F.);
#472=ORIENTED_EDGE('',*,*,#796,.F.);
#473=ORIENTED_EDGE('',*,*,#981,.F.);
#474=ORIENTED_EDGE('',*,*,#910,.T.);
#475=ORIENTED_EDGE('',*,*,#982,.F.);
#476=ORIENTED_EDGE('',*,*,#983,.T.);
#477=ORIENTED_EDGE('',*,*,#984,.T.);
#478=ORIENTED_EDGE('',*,*,#908,.T.);
#479=ORIENTED_EDGE('',*,*,#985,.F.);
#480=ORIENTED_EDGE('',*,*,#790,.F.);
#481=ORIENTED_EDGE('',*,*,#986,.F.);
#482=ORIENTED_EDGE('',*,*,#947,.T.);
#483=ORIENTED_EDGE('',*,*,#987,.F.);
#484=ORIENTED_EDGE('',*,*,#953,.F.);
#485=ORIENTED_EDGE('',*,*,#988,.F.);
#486=ORIENTED_EDGE('',*,*,#786,.T.);
#487=ORIENTED_EDGE('',*,*,#989,.F.);
#488=ORIENTED_EDGE('',*,*,#788,.T.);
#489=ORIENTED_EDGE('',*,*,#990,.F.);
#490=ORIENTED_EDGE('',*,*,#951,.F.);
#491=ORIENTED_EDGE('',*,*,#991,.F.);
#492=ORIENTED_EDGE('',*,*,#992,.T.);
#493=ORIENTED_EDGE('',*,*,#896,.T.);
#494=ORIENTED_EDGE('',*,*,#993,.F.);
#495=ORIENTED_EDGE('',*,*,#861,.T.);
#496=ORIENTED_EDGE('',*,*,#994,.F.);
#497=ORIENTED_EDGE('',*,*,#995,.T.);
#498=ORIENTED_EDGE('',*,*,#894,.F.);
#499=ORIENTED_EDGE('',*,*,#957,.F.);
#500=ORIENTED_EDGE('',*,*,#863,.T.);
#501=ORIENTED_EDGE('',*,*,#938,.F.);
#502=ORIENTED_EDGE('',*,*,#808,.T.);
#503=ORIENTED_EDGE('',*,*,#939,.F.);
#504=ORIENTED_EDGE('',*,*,#807,.T.);
#505=ORIENTED_EDGE('',*,*,#940,.F.);
#506=ORIENTED_EDGE('',*,*,#806,.T.);
#507=ORIENTED_EDGE('',*,*,#941,.F.);
#508=ORIENTED_EDGE('',*,*,#805,.T.);
#509=ORIENTED_EDGE('',*,*,#942,.F.);
#510=ORIENTED_EDGE('',*,*,#804,.T.);
#511=ORIENTED_EDGE('',*,*,#943,.F.);
#512=ORIENTED_EDGE('',*,*,#803,.T.);
#513=ORIENTED_EDGE('',*,*,#944,.F.);
#514=ORIENTED_EDGE('',*,*,#802,.T.);
#515=ORIENTED_EDGE('',*,*,#914,.F.);
#516=ORIENTED_EDGE('',*,*,#996,.F.);
#517=ORIENTED_EDGE('',*,*,#798,.T.);
#518=ORIENTED_EDGE('',*,*,#997,.F.);
#519=ORIENTED_EDGE('',*,*,#895,.T.);
#520=ORIENTED_EDGE('',*,*,#995,.F.);
#521=ORIENTED_EDGE('',*,*,#862,.F.);
#522=ORIENTED_EDGE('',*,*,#993,.T.);
#523=ORIENTED_EDGE('',*,*,#859,.T.);
#524=ORIENTED_EDGE('',*,*,#998,.T.);
#525=ORIENTED_EDGE('',*,*,#898,.F.);
#526=ORIENTED_EDGE('',*,*,#999,.F.);
#527=ORIENTED_EDGE('',*,*,#897,.T.);
#528=ORIENTED_EDGE('',*,*,#992,.F.);
#529=ORIENTED_EDGE('',*,*,#860,.F.);
#530=ORIENTED_EDGE('',*,*,#999,.T.);
#531=ORIENTED_EDGE('',*,*,#800,.T.);
#532=ORIENTED_EDGE('',*,*,#1000,.F.);
#533=ORIENTED_EDGE('',*,*,#912,.F.);
#534=ORIENTED_EDGE('',*,*,#1001,.F.);
#535=ORIENTED_EDGE('',*,*,#945,.T.);
#536=ORIENTED_EDGE('',*,*,#1002,.F.);
#537=ORIENTED_EDGE('',*,*,#792,.F.);
#538=ORIENTED_EDGE('',*,*,#1003,.F.);
#539=ORIENTED_EDGE('',*,*,#794,.F.);
#540=ORIENTED_EDGE('',*,*,#1004,.F.);
#541=ORIENTED_EDGE('',*,*,#949,.T.);
#542=ORIENTED_EDGE('',*,*,#1005,.F.);
#543=ORIENTED_EDGE('',*,*,#955,.T.);
#544=ORIENTED_EDGE('',*,*,#1006,.F.);
#545=ORIENTED_EDGE('',*,*,#784,.F.);
#546=ORIENTED_EDGE('',*,*,#1007,.F.);
#547=ORIENTED_EDGE('',*,*,#797,.T.);
#548=ORIENTED_EDGE('',*,*,#985,.T.);
#549=ORIENTED_EDGE('',*,*,#915,.T.);
#550=ORIENTED_EDGE('',*,*,#997,.T.);
#551=ORIENTED_EDGE('',*,*,#801,.T.);
#552=ORIENTED_EDGE('',*,*,#1001,.T.);
#553=ORIENTED_EDGE('',*,*,#911,.T.);
#554=ORIENTED_EDGE('',*,*,#981,.T.);
#555=ORIENTED_EDGE('',*,*,#799,.T.);
#556=ORIENTED_EDGE('',*,*,#996,.T.);
#557=ORIENTED_EDGE('',*,*,#913,.T.);
#558=ORIENTED_EDGE('',*,*,#1000,.T.);
#559=ORIENTED_EDGE('',*,*,#791,.T.);
#560=ORIENTED_EDGE('',*,*,#987,.T.);
#561=ORIENTED_EDGE('',*,*,#946,.T.);
#562=ORIENTED_EDGE('',*,*,#1003,.T.);
#563=ORIENTED_EDGE('',*,*,#795,.T.);
#564=ORIENTED_EDGE('',*,*,#1005,.T.);
#565=ORIENTED_EDGE('',*,*,#948,.T.);
#566=ORIENTED_EDGE('',*,*,#986,.T.);
#567=ORIENTED_EDGE('',*,*,#793,.T.);
#568=ORIENTED_EDGE('',*,*,#1002,.T.);
#569=ORIENTED_EDGE('',*,*,#950,.T.);
#570=ORIENTED_EDGE('',*,*,#1004,.T.);
#571=ORIENTED_EDGE('',*,*,#789,.T.);
#572=ORIENTED_EDGE('',*,*,#991,.T.);
#573=ORIENTED_EDGE('',*,*,#956,.T.);
#574=ORIENTED_EDGE('',*,*,#1007,.T.);
#575=ORIENTED_EDGE('',*,*,#785,.T.);
#576=ORIENTED_EDGE('',*,*,#1006,.T.);
#577=ORIENTED_EDGE('',*,*,#954,.T.);
#578=ORIENTED_EDGE('',*,*,#989,.T.);
#579=ORIENTED_EDGE('',*,*,#787,.T.);
#580=ORIENTED_EDGE('',*,*,#988,.T.);
#581=ORIENTED_EDGE('',*,*,#952,.T.);
#582=ORIENTED_EDGE('',*,*,#990,.T.);
#583=ORIENTED_EDGE('',*,*,#994,.T.);
#584=ORIENTED_EDGE('',*,*,#878,.F.);
#585=ORIENTED_EDGE('',*,*,#869,.F.);
#586=ORIENTED_EDGE('',*,*,#876,.T.);
#587=ORIENTED_EDGE('',*,*,#1008,.F.);
#588=ORIENTED_EDGE('',*,*,#892,.T.);
#589=ORIENTED_EDGE('',*,*,#880,.F.);
#590=ORIENTED_EDGE('',*,*,#1008,.T.);
#591=ORIENTED_EDGE('',*,*,#909,.T.);
#592=ORIENTED_EDGE('',*,*,#984,.F.);
#593=ORIENTED_EDGE('',*,*,#1009,.F.);
#594=ORIENTED_EDGE('',*,*,#982,.T.);
#595=ORIENTED_EDGE('',*,*,#882,.T.);
#596=ORIENTED_EDGE('',*,*,#1009,.T.);
#597=ORIENTED_EDGE('',*,*,#983,.F.);
#598=ORIENTED_EDGE('',*,*,#901,.T.);
#599=ORIENTED_EDGE('',*,*,#962,.F.);
#600=ORIENTED_EDGE('',*,*,#1010,.F.);
#601=ORIENTED_EDGE('',*,*,#960,.T.);
#602=ORIENTED_EDGE('',*,*,#961,.T.);
#603=ORIENTED_EDGE('',*,*,#1010,.T.);
#604=ORIENTED_EDGE('',*,*,#884,.F.);
#605=ORIENTED_EDGE('',*,*,#849,.F.);
#606=ORIENTED_EDGE('',*,*,#1011,.F.);
#607=ORIENTED_EDGE('',*,*,#1012,.T.);
#608=ORIENTED_EDGE('',*,*,#1013,.T.);
#609=ORIENTED_EDGE('',*,*,#854,.F.);
#610=ORIENTED_EDGE('',*,*,#1014,.F.);
#611=ORIENTED_EDGE('',*,*,#1015,.T.);
#612=ORIENTED_EDGE('',*,*,#1011,.T.);
#613=ORIENTED_EDGE('',*,*,#853,.F.);
#614=ORIENTED_EDGE('',*,*,#1016,.F.);
#615=ORIENTED_EDGE('',*,*,#1017,.T.);
#616=ORIENTED_EDGE('',*,*,#1014,.T.);
#617=ORIENTED_EDGE('',*,*,#852,.F.);
#618=ORIENTED_EDGE('',*,*,#1018,.F.);
#619=ORIENTED_EDGE('',*,*,#1019,.T.);
#620=ORIENTED_EDGE('',*,*,#1016,.T.);
#621=ORIENTED_EDGE('',*,*,#851,.F.);
#622=ORIENTED_EDGE('',*,*,#1020,.F.);
#623=ORIENTED_EDGE('',*,*,#1021,.T.);
#624=ORIENTED_EDGE('',*,*,#1018,.T.);
#625=ORIENTED_EDGE('',*,*,#850,.F.);
#626=ORIENTED_EDGE('',*,*,#1013,.F.);
#627=ORIENTED_EDGE('',*,*,#1022,.T.);
#628=ORIENTED_EDGE('',*,*,#1020,.T.);
#629=ORIENTED_EDGE('',*,*,#1012,.F.);
#630=ORIENTED_EDGE('',*,*,#1015,.F.);
#631=ORIENTED_EDGE('',*,*,#1017,.F.);
#632=ORIENTED_EDGE('',*,*,#1019,.F.);
#633=ORIENTED_EDGE('',*,*,#1021,.F.);
#634=ORIENTED_EDGE('',*,*,#1022,.F.);
#635=ORIENTED_EDGE('',*,*,#885,.F.);
#636=ORIENTED_EDGE('',*,*,#779,.T.);
#637=ORIENTED_EDGE('',*,*,#1023,.F.);
#638=ORIENTED_EDGE('',*,*,#1024,.F.);
#639=ORIENTED_EDGE('',*,*,#1025,.T.);
#640=ORIENTED_EDGE('',*,*,#778,.T.);
#641=ORIENTED_EDGE('',*,*,#1026,.F.);
#642=ORIENTED_EDGE('',*,*,#1027,.F.);
#643=ORIENTED_EDGE('',*,*,#1023,.T.);
#644=ORIENTED_EDGE('',*,*,#783,.T.);
#645=ORIENTED_EDGE('',*,*,#1028,.F.);
#646=ORIENTED_EDGE('',*,*,#1029,.F.);
#647=ORIENTED_EDGE('',*,*,#1026,.T.);
#648=ORIENTED_EDGE('',*,*,#782,.T.);
#649=ORIENTED_EDGE('',*,*,#1030,.F.);
#650=ORIENTED_EDGE('',*,*,#1031,.F.);
#651=ORIENTED_EDGE('',*,*,#1028,.T.);
#652=ORIENTED_EDGE('',*,*,#781,.T.);
#653=ORIENTED_EDGE('',*,*,#1032,.F.);
#654=ORIENTED_EDGE('',*,*,#1033,.F.);
#655=ORIENTED_EDGE('',*,*,#1030,.T.);
#656=ORIENTED_EDGE('',*,*,#780,.T.);
#657=ORIENTED_EDGE('',*,*,#1025,.F.);
#658=ORIENTED_EDGE('',*,*,#1034,.F.);
#659=ORIENTED_EDGE('',*,*,#1032,.T.);
#660=ORIENTED_EDGE('',*,*,#883,.F.);
#661=ORIENTED_EDGE('',*,*,#1024,.T.);
#662=ORIENTED_EDGE('',*,*,#1027,.T.);
#663=ORIENTED_EDGE('',*,*,#1029,.T.);
#664=ORIENTED_EDGE('',*,*,#1031,.T.);
#665=ORIENTED_EDGE('',*,*,#1033,.T.);
#666=ORIENTED_EDGE('',*,*,#1034,.T.);
#667=ORIENTED_EDGE('',*,*,#844,.T.);
#668=ORIENTED_EDGE('',*,*,#1035,.F.);
#669=ORIENTED_EDGE('',*,*,#1036,.F.);
#670=ORIENTED_EDGE('',*,*,#1037,.T.);
#671=ORIENTED_EDGE('',*,*,#843,.T.);
#672=ORIENTED_EDGE('',*,*,#1038,.F.);
#673=ORIENTED_EDGE('',*,*,#1039,.F.);
#674=ORIENTED_EDGE('',*,*,#1035,.T.);
#675=ORIENTED_EDGE('',*,*,#848,.T.);
#676=ORIENTED_EDGE('',*,*,#1040,.F.);
#677=ORIENTED_EDGE('',*,*,#1041,.F.);
#678=ORIENTED_EDGE('',*,*,#1038,.T.);
#679=ORIENTED_EDGE('',*,*,#847,.T.);
#680=ORIENTED_EDGE('',*,*,#1042,.F.);
#681=ORIENTED_EDGE('',*,*,#1043,.F.);
#682=ORIENTED_EDGE('',*,*,#1040,.T.);
#683=ORIENTED_EDGE('',*,*,#846,.T.);
#684=ORIENTED_EDGE('',*,*,#1044,.F.);
#685=ORIENTED_EDGE('',*,*,#1045,.F.);
#686=ORIENTED_EDGE('',*,*,#1042,.T.);
#687=ORIENTED_EDGE('',*,*,#845,.T.);
#688=ORIENTED_EDGE('',*,*,#1037,.F.);
#689=ORIENTED_EDGE('',*,*,#1046,.F.);
#690=ORIENTED_EDGE('',*,*,#1044,.T.);
#691=ORIENTED_EDGE('',*,*,#881,.F.);
#692=ORIENTED_EDGE('',*,*,#1036,.T.);
#693=ORIENTED_EDGE('',*,*,#1039,.T.);
#694=ORIENTED_EDGE('',*,*,#1041,.T.);
#695=ORIENTED_EDGE('',*,*,#1043,.T.);
#696=ORIENTED_EDGE('',*,*,#1045,.T.);
#697=ORIENTED_EDGE('',*,*,#1046,.T.);
#698=ORIENTED_EDGE('',*,*,#838,.T.);
#699=ORIENTED_EDGE('',*,*,#1047,.F.);
#700=ORIENTED_EDGE('',*,*,#1048,.F.);
#701=ORIENTED_EDGE('',*,*,#1049,.T.);
#702=ORIENTED_EDGE('',*,*,#837,.T.);
#703=ORIENTED_EDGE('',*,*,#1050,.F.);
#704=ORIENTED_EDGE('',*,*,#1051,.F.);
#705=ORIENTED_EDGE('',*,*,#1047,.T.);
#706=ORIENTED_EDGE('',*,*,#842,.T.);
#707=ORIENTED_EDGE('',*,*,#1052,.F.);
#708=ORIENTED_EDGE('',*,*,#1053,.F.);
#709=ORIENTED_EDGE('',*,*,#1050,.T.);
#710=ORIENTED_EDGE('',*,*,#841,.T.);
#711=ORIENTED_EDGE('',*,*,#1054,.F.);
#712=ORIENTED_EDGE('',*,*,#1055,.F.);
#713=ORIENTED_EDGE('',*,*,#1052,.T.);
#714=ORIENTED_EDGE('',*,*,#840,.T.);
#715=ORIENTED_EDGE('',*,*,#1056,.F.);
#716=ORIENTED_EDGE('',*,*,#1057,.F.);
#717=ORIENTED_EDGE('',*,*,#1054,.T.);
#718=ORIENTED_EDGE('',*,*,#839,.T.);
#719=ORIENTED_EDGE('',*,*,#1049,.F.);
#720=ORIENTED_EDGE('',*,*,#1058,.F.);
#721=ORIENTED_EDGE('',*,*,#1056,.T.);
#722=ORIENTED_EDGE('',*,*,#879,.T.);
#723=ORIENTED_EDGE('',*,*,#1048,.T.);
#724=ORIENTED_EDGE('',*,*,#1051,.T.);
#725=ORIENTED_EDGE('',*,*,#1053,.T.);
#726=ORIENTED_EDGE('',*,*,#1055,.T.);
#727=ORIENTED_EDGE('',*,*,#1057,.T.);
#728=ORIENTED_EDGE('',*,*,#1058,.T.);
#729=ORIENTED_EDGE('',*,*,#772,.F.);
#730=ORIENTED_EDGE('',*,*,#1059,.F.);
#731=ORIENTED_EDGE('',*,*,#1060,.T.);
#732=ORIENTED_EDGE('',*,*,#1061,.T.);
#733=ORIENTED_EDGE('',*,*,#777,.F.);
#734=ORIENTED_EDGE('',*,*,#1062,.F.);
#735=ORIENTED_EDGE('',*,*,#1063,.T.);
#736=ORIENTED_EDGE('',*,*,#1059,.T.);
#737=ORIENTED_EDGE('',*,*,#776,.F.);
#738=ORIENTED_EDGE('',*,*,#1064,.F.);
#739=ORIENTED_EDGE('',*,*,#1065,.T.);
#740=ORIENTED_EDGE('',*,*,#1062,.T.);
#741=ORIENTED_EDGE('',*,*,#775,.F.);
#742=ORIENTED_EDGE('',*,*,#1066,.F.);
#743=ORIENTED_EDGE('',*,*,#1067,.T.);
#744=ORIENTED_EDGE('',*,*,#1064,.T.);
#745=ORIENTED_EDGE('',*,*,#774,.F.);
#746=ORIENTED_EDGE('',*,*,#1068,.F.);
#747=ORIENTED_EDGE('',*,*,#1069,.T.);
#748=ORIENTED_EDGE('',*,*,#1066,.T.);
#749=ORIENTED_EDGE('',*,*,#773,.F.);
#750=ORIENTED_EDGE('',*,*,#1061,.F.);
#751=ORIENTED_EDGE('',*,*,#1070,.T.);
#752=ORIENTED_EDGE('',*,*,#1068,.T.);
#753=ORIENTED_EDGE('',*,*,#1060,.F.);
#754=ORIENTED_EDGE('',*,*,#1063,.F.);
#755=ORIENTED_EDGE('',*,*,#1065,.F.);
#756=ORIENTED_EDGE('',*,*,#1067,.F.);
#757=ORIENTED_EDGE('',*,*,#1069,.F.);
#758=ORIENTED_EDGE('',*,*,#1070,.F.);
#759=ORIENTED_EDGE('',*,*,#877,.F.);
#760=ORIENTED_EDGE('',*,*,#857,.T.);
#761=ORIENTED_EDGE('',*,*,#1071,.T.);
#762=ORIENTED_EDGE('',*,*,#886,.F.);
#763=ORIENTED_EDGE('',*,*,#1072,.T.);
#764=ORIENTED_EDGE('',*,*,#887,.F.);
#765=ORIENTED_EDGE('',*,*,#1071,.F.);
#766=ORIENTED_EDGE('',*,*,#856,.F.);
#767=ORIENTED_EDGE('',*,*,#874,.F.);
#768=ORIENTED_EDGE('',*,*,#899,.F.);
#769=ORIENTED_EDGE('',*,*,#998,.F.);
#770=ORIENTED_EDGE('',*,*,#858,.F.);
#771=ORIENTED_EDGE('',*,*,#1072,.F.);
#772=EDGE_CURVE('',#1073,#1074,#1289,.T.);
#773=EDGE_CURVE('',#1074,#1075,#1290,.T.);
#774=EDGE_CURVE('',#1075,#1076,#1291,.T.);
#775=EDGE_CURVE('',#1076,#1077,#1292,.T.);
#776=EDGE_CURVE('',#1077,#1078,#1293,.T.);
#777=EDGE_CURVE('',#1078,#1073,#1294,.T.);
#778=EDGE_CURVE('',#1079,#1080,#1295,.T.);
#779=EDGE_CURVE('',#1081,#1079,#1296,.T.);
#780=EDGE_CURVE('',#1082,#1081,#1297,.T.);
#781=EDGE_CURVE('',#1083,#1082,#1298,.T.);
#782=EDGE_CURVE('',#1084,#1083,#1299,.T.);
#783=EDGE_CURVE('',#1080,#1084,#1300,.T.);
#784=EDGE_CURVE('',#1085,#1086,#1301,.T.);
#785=EDGE_CURVE('',#1087,#1086,#64,.T.);
#786=EDGE_CURVE('',#1088,#1087,#1302,.T.);
#787=EDGE_CURVE('',#1089,#1088,#65,.T.);
#788=EDGE_CURVE('',#1090,#1089,#1303,.T.);
#789=EDGE_CURVE('',#1085,#1090,#66,.T.);
#790=EDGE_CURVE('',#1091,#1092,#1304,.T.);
#791=EDGE_CURVE('',#1093,#1092,#67,.T.);
#792=EDGE_CURVE('',#1093,#1094,#1305,.T.);
#793=EDGE_CURVE('',#1095,#1094,#68,.T.);
#794=EDGE_CURVE('',#1095,#1096,#1306,.T.);
#795=EDGE_CURVE('',#1091,#1096,#69,.T.);
#796=EDGE_CURVE('',#1097,#1098,#1307,.T.);
#797=EDGE_CURVE('',#1099,#1098,#70,.T.);
#798=EDGE_CURVE('',#1100,#1099,#1308,.T.);
#799=EDGE_CURVE('',#1101,#1100,#71,.T.);
#800=EDGE_CURVE('',#1102,#1101,#1309,.T.);
#801=EDGE_CURVE('',#1097,#1102,#72,.T.);
#802=EDGE_CURVE('',#1103,#1103,#73,.T.);
#803=EDGE_CURVE('',#1104,#1104,#74,.T.);
#804=EDGE_CURVE('',#1105,#1105,#75,.T.);
#805=EDGE_CURVE('',#1106,#1106,#76,.T.);
#806=EDGE_CURVE('',#1107,#1107,#77,.T.);
#807=EDGE_CURVE('',#1108,#1108,#78,.T.);
#808=EDGE_CURVE('',#1109,#1109,#79,.T.);
#809=EDGE_CURVE('',#1110,#1110,#80,.T.);
#810=EDGE_CURVE('',#1111,#1112,#1310,.T.);
#811=EDGE_CURVE('',#1111,#1113,#81,.T.);
#812=EDGE_CURVE('',#1113,#1114,#1311,.T.);
#813=EDGE_CURVE('',#1114,#1115,#82,.T.);
#814=EDGE_CURVE('',#1115,#1116,#1312,.T.);
#815=EDGE_CURVE('',#1116,#1112,#83,.T.);
#816=EDGE_CURVE('',#1117,#1118,#1313,.T.);
#817=EDGE_CURVE('',#1117,#1119,#84,.T.);
#818=EDGE_CURVE('',#1120,#1119,#1314,.T.);
#819=EDGE_CURVE('',#1120,#1121,#85,.T.);
#820=EDGE_CURVE('',#1122,#1121,#1315,.T.);
#821=EDGE_CURVE('',#1122,#1118,#86,.T.);
#822=EDGE_CURVE('',#1123,#1124,#1316,.T.);
#823=EDGE_CURVE('',#1123,#1125,#87,.T.);
#824=EDGE_CURVE('',#1125,#1126,#1317,.T.);
#825=EDGE_CURVE('',#1126,#1127,#88,.T.);
#826=EDGE_CURVE('',#1127,#1128,#1318,.T.);
#827=EDGE_CURVE('',#1128,#1124,#89,.T.);
#828=EDGE_CURVE('',#1129,#1129,#90,.T.);
#829=EDGE_CURVE('',#1130,#1130,#91,.T.);
#830=EDGE_CURVE('',#1131,#1131,#92,.T.);
#831=EDGE_CURVE('',#1132,#1132,#93,.T.);
#832=EDGE_CURVE('',#1133,#1133,#94,.T.);
#833=EDGE_CURVE('',#1134,#1134,#95,.T.);
#834=EDGE_CURVE('',#1135,#1135,#96,.T.);
#835=EDGE_CURVE('',#1136,#1136,#97,.T.);
#836=EDGE_CURVE('',#1137,#1137,#98,.T.);
#837=EDGE_CURVE('',#1138,#1139,#1319,.T.);
#838=EDGE_CURVE('',#1140,#1138,#1320,.T.);
#839=EDGE_CURVE('',#1141,#1140,#1321,.T.);
#840=EDGE_CURVE('',#1142,#1141,#1322,.T.);
#841=EDGE_CURVE('',#1143,#1142,#1323,.T.);
#842=EDGE_CURVE('',#1139,#1143,#1324,.T.);
#843=EDGE_CURVE('',#1144,#1145,#1325,.T.);
#844=EDGE_CURVE('',#1146,#1144,#1326,.T.);
#845=EDGE_CURVE('',#1147,#1146,#1327,.T.);
#846=EDGE_CURVE('',#1148,#1147,#1328,.T.);
#847=EDGE_CURVE('',#1149,#1148,#1329,.T.);
#848=EDGE_CURVE('',#1145,#1149,#1330,.T.);
#849=EDGE_CURVE('',#1150,#1151,#1331,.T.);
#850=EDGE_CURVE('',#1151,#1152,#1332,.T.);
#851=EDGE_CURVE('',#1152,#1153,#1333,.T.);
#852=EDGE_CURVE('',#1153,#1154,#1334,.T.);
#853=EDGE_CURVE('',#1154,#1155,#1335,.T.);
#854=EDGE_CURVE('',#1155,#1150,#1336,.T.);
#855=EDGE_CURVE('',#1156,#1157,#1337,.T.);
#856=EDGE_CURVE('',#1157,#1158,#99,.F.);
#857=EDGE_CURVE('',#1159,#1158,#100,.T.);
#858=EDGE_CURVE('',#1159,#1160,#101,.F.);
#859=EDGE_CURVE('',#1161,#1160,#1338,.T.);
#860=EDGE_CURVE('',#1161,#1162,#102,.T.);
#861=EDGE_CURVE('',#1163,#1162,#103,.T.);
#862=EDGE_CURVE('',#1163,#1164,#1339,.T.);
#863=EDGE_CURVE('',#1165,#1164,#104,.T.);
#864=EDGE_CURVE('',#1166,#1165,#1340,.T.);
#865=EDGE_CURVE('',#1166,#1167,#105,.T.);
#866=EDGE_CURVE('',#1168,#1167,#1341,.T.);
#867=EDGE_CURVE('',#1168,#1169,#106,.T.);
#868=EDGE_CURVE('',#1156,#1169,#107,.T.);
#869=EDGE_CURVE('',#1170,#1170,#108,.T.);
#870=EDGE_CURVE('',#1171,#1172,#109,.T.);
#871=EDGE_CURVE('',#1169,#1171,#1342,.T.);
#872=EDGE_CURVE('',#1168,#1172,#1343,.T.);
#873=EDGE_CURVE('',#1173,#1174,#1344,.T.);
#874=EDGE_CURVE('',#1174,#1157,#1345,.T.);
#875=EDGE_CURVE('',#1156,#1173,#1346,.T.);
#876=EDGE_CURVE('',#1175,#1175,#110,.T.);
#877=EDGE_CURVE('',#1176,#1176,#111,.T.);
#878=EDGE_CURVE('',#1177,#1177,#112,.T.);
#879=EDGE_CURVE('',#1178,#1178,#113,.T.);
#880=EDGE_CURVE('',#1179,#1179,#114,.T.);
#881=EDGE_CURVE('',#1180,#1180,#115,.F.);
#882=EDGE_CURVE('',#1181,#1181,#116,.T.);
#883=EDGE_CURVE('',#1182,#1182,#117,.F.);
#884=EDGE_CURVE('',#1183,#1183,#118,.T.);
#885=EDGE_CURVE('',#1184,#1184,#119,.F.);
#886=EDGE_CURVE('',#1185,#1186,#120,.T.);
#887=EDGE_CURVE('',#1186,#1174,#121,.T.);
#888=EDGE_CURVE('',#1173,#1171,#122,.T.);
#889=EDGE_CURVE('',#1172,#1187,#1347,.T.);
#890=EDGE_CURVE('',#1188,#1187,#123,.T.);
#891=EDGE_CURVE('',#1188,#1189,#1348,.T.);
#892=EDGE_CURVE('',#1189,#1189,#124,.T.);
#893=EDGE_CURVE('',#1189,#1190,#1349,.T.);
#894=EDGE_CURVE('',#1190,#1191,#125,.T.);
#895=EDGE_CURVE('',#1192,#1191,#1350,.T.);
#896=EDGE_CURVE('',#1193,#1192,#126,.T.);
#897=EDGE_CURVE('',#1194,#1193,#127,.T.);
#898=EDGE_CURVE('',#1194,#1195,#1351,.T.);
#899=EDGE_CURVE('',#1195,#1185,#128,.T.);
#900=EDGE_CURVE('',#1196,#1197,#1352,.T.);
#901=EDGE_CURVE('',#1198,#1197,#129,.T.);
#902=EDGE_CURVE('',#1198,#1199,#1353,.T.);
#903=EDGE_CURVE('',#1199,#1200,#130,.F.);
#904=EDGE_CURVE('',#1201,#1200,#1354,.T.);
#905=EDGE_CURVE('',#1201,#1202,#131,.F.);
#906=EDGE_CURVE('',#1203,#1202,#1355,.T.);
#907=EDGE_CURVE('',#1203,#1196,#132,.F.);
#908=EDGE_CURVE('',#1204,#1205,#1356,.T.);
#909=EDGE_CURVE('',#1206,#1204,#133,.T.);
#910=EDGE_CURVE('',#1207,#1206,#1357,.T.);
#911=EDGE_CURVE('',#1208,#1207,#134,.F.);
#912=EDGE_CURVE('',#1208,#1209,#1358,.T.);
#913=EDGE_CURVE('',#1210,#1209,#135,.F.);
#914=EDGE_CURVE('',#1210,#1211,#1359,.T.);
#915=EDGE_CURVE('',#1205,#1211,#136,.F.);
#916=EDGE_CURVE('',#1212,#1212,#137,.T.);
#917=EDGE_CURVE('',#1213,#1213,#138,.T.);
#918=EDGE_CURVE('',#1214,#1214,#139,.T.);
#919=EDGE_CURVE('',#1215,#1215,#140,.T.);
#920=EDGE_CURVE('',#1216,#1216,#141,.T.);
#921=EDGE_CURVE('',#1217,#1217,#142,.T.);
#922=EDGE_CURVE('',#1218,#1218,#143,.T.);
#923=EDGE_CURVE('',#1219,#1219,#144,.T.);
#924=EDGE_CURVE('',#1220,#1220,#145,.T.);
#925=EDGE_CURVE('',#1221,#1221,#146,.T.);
#926=EDGE_CURVE('',#1222,#1223,#1360,.T.);
#927=EDGE_CURVE('',#1223,#1224,#147,.F.);
#928=EDGE_CURVE('',#1224,#1225,#1361,.T.);
#929=EDGE_CURVE('',#1225,#1226,#148,.F.);
#930=EDGE_CURVE('',#1226,#1227,#1362,.T.);
#931=EDGE_CURVE('',#1227,#1222,#149,.F.);
#932=EDGE_CURVE('',#1228,#1229,#1363,.T.);
#933=EDGE_CURVE('',#1228,#1230,#150,.F.);
#934=EDGE_CURVE('',#1230,#1231,#1364,.T.);
#935=EDGE_CURVE('',#1231,#1232,#151,.F.);
#936=EDGE_CURVE('',#1233,#1232,#1365,.T.);
#937=EDGE_CURVE('',#1233,#1229,#152,.F.);
#938=EDGE_CURVE('',#1234,#1234,#153,.T.);
#939=EDGE_CURVE('',#1235,#1235,#154,.T.);
#940=EDGE_CURVE('',#1236,#1236,#155,.T.);
#941=EDGE_CURVE('',#1237,#1237,#156,.T.);
#942=EDGE_CURVE('',#1238,#1238,#157,.T.);
#943=EDGE_CURVE('',#1239,#1239,#158,.T.);
#944=EDGE_CURVE('',#1240,#1240,#159,.T.);
#945=EDGE_CURVE('',#1241,#1242,#1366,.T.);
#946=EDGE_CURVE('',#1243,#1241,#160,.F.);
#947=EDGE_CURVE('',#1244,#1243,#1367,.T.);
#948=EDGE_CURVE('',#1245,#1244,#161,.F.);
#949=EDGE_CURVE('',#1246,#1245,#1368,.T.);
#950=EDGE_CURVE('',#1242,#1246,#162,.F.);
#951=EDGE_CURVE('',#1247,#1248,#1369,.T.);
#952=EDGE_CURVE('',#1249,#1248,#163,.F.);
#953=EDGE_CURVE('',#1249,#1250,#1370,.T.);
#954=EDGE_CURVE('',#1251,#1250,#164,.F.);
#955=EDGE_CURVE('',#1252,#1251,#1371,.T.);
#956=EDGE_CURVE('',#1247,#1252,#165,.F.);
#957=EDGE_CURVE('',#1165,#1190,#1372,.T.);
#958=EDGE_CURVE('',#1166,#1188,#1373,.T.);
#959=EDGE_CURVE('',#1124,#1199,#1374,.T.);
#960=EDGE_CURVE('',#1253,#1198,#1375,.T.);
#961=EDGE_CURVE('',#1254,#1253,#1376,.T.);
#962=EDGE_CURVE('',#1254,#1197,#1377,.T.);
#963=EDGE_CURVE('',#1196,#1123,#1378,.F.);
#964=EDGE_CURVE('',#1118,#1227,#1379,.T.);
#965=EDGE_CURVE('',#1226,#1117,#1380,.F.);
#966=EDGE_CURVE('',#1232,#1116,#1381,.F.);
#967=EDGE_CURVE('',#1115,#1233,#1382,.T.);
#968=EDGE_CURVE('',#1113,#1228,#1383,.T.);
#969=EDGE_CURVE('',#1229,#1114,#1384,.F.);
#970=EDGE_CURVE('',#1167,#1187,#1385,.T.);
#971=EDGE_CURVE('',#1200,#1128,#1386,.F.);
#972=EDGE_CURVE('',#1127,#1201,#1387,.T.);
#973=EDGE_CURVE('',#1125,#1203,#1388,.T.);
#974=EDGE_CURVE('',#1202,#1126,#1389,.F.);
#975=EDGE_CURVE('',#1222,#1122,#1390,.F.);
#976=EDGE_CURVE('',#1121,#1223,#1391,.T.);
#977=EDGE_CURVE('',#1119,#1225,#1392,.T.);
#978=EDGE_CURVE('',#1224,#1120,#1393,.F.);
#979=EDGE_CURVE('',#1230,#1111,#1394,.F.);
#980=EDGE_CURVE('',#1112,#1231,#1395,.T.);
#981=EDGE_CURVE('',#1207,#1097,#1396,.F.);
#982=EDGE_CURVE('',#1255,#1206,#1397,.T.);
#983=EDGE_CURVE('',#1255,#1256,#1398,.T.);
#984=EDGE_CURVE('',#1256,#1204,#1399,.T.);
#985=EDGE_CURVE('',#1098,#1205,#1400,.T.);
#986=EDGE_CURVE('',#1244,#1091,#1401,.F.);
#987=EDGE_CURVE('',#1092,#1243,#1402,.T.);
#988=EDGE_CURVE('',#1088,#1249,#1403,.T.);
#989=EDGE_CURVE('',#1250,#1087,#1404,.F.);
#990=EDGE_CURVE('',#1248,#1089,#1405,.F.);
#991=EDGE_CURVE('',#1090,#1247,#1406,.T.);
#992=EDGE_CURVE('',#1162,#1193,#1407,.T.);
#993=EDGE_CURVE('',#1163,#1192,#1408,.T.);
#994=EDGE_CURVE('',#1257,#1257,#166,.T.);
#995=EDGE_CURVE('',#1164,#1191,#1409,.T.);
#996=EDGE_CURVE('',#1100,#1210,#1410,.T.);
#997=EDGE_CURVE('',#1211,#1099,#1411,.F.);
#998=EDGE_CURVE('',#1160,#1195,#1412,.F.);
#999=EDGE_CURVE('',#1161,#1194,#1413,.T.);
#1000=EDGE_CURVE('',#1209,#1101,#1414,.F.);
#1001=EDGE_CURVE('',#1102,#1208,#1415,.T.);
#1002=EDGE_CURVE('',#1094,#1242,#1416,.T.);
#1003=EDGE_CURVE('',#1241,#1093,#1417,.F.);
#1004=EDGE_CURVE('',#1246,#1095,#1418,.F.);
#1005=EDGE_CURVE('',#1096,#1245,#1419,.T.);
#1006=EDGE_CURVE('',#1086,#1251,#1420,.T.);
#1007=EDGE_CURVE('',#1252,#1085,#1421,.F.);
#1008=EDGE_CURVE('',#1258,#1258,#167,.T.);
#1009=EDGE_CURVE('',#1255,#1256,#168,.T.);
#1010=EDGE_CURVE('',#1253,#1254,#169,.T.);
#1011=EDGE_CURVE('',#1259,#1150,#1422,.T.);
#1012=EDGE_CURVE('',#1259,#1260,#1423,.T.);
#1013=EDGE_CURVE('',#1260,#1151,#1424,.T.);
#1014=EDGE_CURVE('',#1261,#1155,#1425,.T.);
#1015=EDGE_CURVE('',#1261,#1259,#1426,.T.);
#1016=EDGE_CURVE('',#1262,#1154,#1427,.T.);
#1017=EDGE_CURVE('',#1262,#1261,#1428,.T.);
#1018=EDGE_CURVE('',#1263,#1153,#1429,.T.);
#1019=EDGE_CURVE('',#1263,#1262,#1430,.T.);
#1020=EDGE_CURVE('',#1264,#1152,#1431,.T.);
#1021=EDGE_CURVE('',#1264,#1263,#1432,.T.);
#1022=EDGE_CURVE('',#1260,#1264,#1433,.T.);
#1023=EDGE_CURVE('',#1265,#1079,#1434,.T.);
#1024=EDGE_CURVE('',#1266,#1265,#1435,.T.);
#1025=EDGE_CURVE('',#1266,#1081,#1436,.T.);
#1026=EDGE_CURVE('',#1267,#1080,#1437,.T.);
#1027=EDGE_CURVE('',#1265,#1267,#1438,.T.);
#1028=EDGE_CURVE('',#1268,#1084,#1439,.T.);
#1029=EDGE_CURVE('',#1267,#1268,#1440,.T.);
#1030=EDGE_CURVE('',#1269,#1083,#1441,.T.);
#1031=EDGE_CURVE('',#1268,#1269,#1442,.T.);
#1032=EDGE_CURVE('',#1270,#1082,#1443,.T.);
#1033=EDGE_CURVE('',#1269,#1270,#1444,.T.);
#1034=EDGE_CURVE('',#1270,#1266,#1445,.T.);
#1035=EDGE_CURVE('',#1271,#1144,#1446,.T.);
#1036=EDGE_CURVE('',#1272,#1271,#1447,.T.);
#1037=EDGE_CURVE('',#1272,#1146,#1448,.T.);
#1038=EDGE_CURVE('',#1273,#1145,#1449,.T.);
#1039=EDGE_CURVE('',#1271,#1273,#1450,.T.);
#1040=EDGE_CURVE('',#1274,#1149,#1451,.T.);
#1041=EDGE_CURVE('',#1273,#1274,#1452,.T.);
#1042=EDGE_CURVE('',#1275,#1148,#1453,.T.);
#1043=EDGE_CURVE('',#1274,#1275,#1454,.T.);
#1044=EDGE_CURVE('',#1276,#1147,#1455,.T.);
#1045=EDGE_CURVE('',#1275,#1276,#1456,.T.);
#1046=EDGE_CURVE('',#1276,#1272,#1457,.T.);
#1047=EDGE_CURVE('',#1277,#1138,#1458,.T.);
#1048=EDGE_CURVE('',#1278,#1277,#1459,.T.);
#1049=EDGE_CURVE('',#1278,#1140,#1460,.T.);
#1050=EDGE_CURVE('',#1279,#1139,#1461,.T.);
#1051=EDGE_CURVE('',#1277,#1279,#1462,.T.);
#1052=EDGE_CURVE('',#1280,#1143,#1463,.T.);
#1053=EDGE_CURVE('',#1279,#1280,#1464,.T.);
#1054=EDGE_CURVE('',#1281,#1142,#1465,.T.);
#1055=EDGE_CURVE('',#1280,#1281,#1466,.T.);
#1056=EDGE_CURVE('',#1282,#1141,#1467,.T.);
#1057=EDGE_CURVE('',#1281,#1282,#1468,.T.);
#1058=EDGE_CURVE('',#1282,#1278,#1469,.T.);
#1059=EDGE_CURVE('',#1283,#1073,#1470,.T.);
#1060=EDGE_CURVE('',#1283,#1284,#1471,.T.);
#1061=EDGE_CURVE('',#1284,#1074,#1472,.T.);
#1062=EDGE_CURVE('',#1285,#1078,#1473,.T.);
#1063=EDGE_CURVE('',#1285,#1283,#1474,.T.);
#1064=EDGE_CURVE('',#1286,#1077,#1475,.T.);
#1065=EDGE_CURVE('',#1286,#1285,#1476,.T.);
#1066=EDGE_CURVE('',#1287,#1076,#1477,.T.);
#1067=EDGE_CURVE('',#1287,#1286,#1478,.T.);
#1068=EDGE_CURVE('',#1288,#1075,#1479,.T.);
#1069=EDGE_CURVE('',#1288,#1287,#1480,.T.);
#1070=EDGE_CURVE('',#1284,#1288,#1481,.T.);
#1071=EDGE_CURVE('',#1158,#1186,#1482,.F.);
#1072=EDGE_CURVE('',#1185,#1159,#1483,.T.);
#1073=VERTEX_POINT('',#3149);
#1074=VERTEX_POINT('',#3150);
#1075=VERTEX_POINT('',#3152);
#1076=VERTEX_POINT('',#3154);
#1077=VERTEX_POINT('',#3156);
#1078=VERTEX_POINT('',#3158);
#1079=VERTEX_POINT('',#3161);
#1080=VERTEX_POINT('',#3162);
#1081=VERTEX_POINT('',#3164);
#1082=VERTEX_POINT('',#3166);
#1083=VERTEX_POINT('',#3168);
#1084=VERTEX_POINT('',#3170);
#1085=VERTEX_POINT('',#3173);
#1086=VERTEX_POINT('',#3174);
#1087=VERTEX_POINT('',#3176);
#1088=VERTEX_POINT('',#3178);
#1089=VERTEX_POINT('',#3180);
#1090=VERTEX_POINT('',#3182);
#1091=VERTEX_POINT('',#3185);
#1092=VERTEX_POINT('',#3186);
#1093=VERTEX_POINT('',#3188);
#1094=VERTEX_POINT('',#3190);
#1095=VERTEX_POINT('',#3192);
#1096=VERTEX_POINT('',#3194);
#1097=VERTEX_POINT('',#3197);
#1098=VERTEX_POINT('',#3198);
#1099=VERTEX_POINT('',#3200);
#1100=VERTEX_POINT('',#3202);
#1101=VERTEX_POINT('',#3204);
#1102=VERTEX_POINT('',#3206);
#1103=VERTEX_POINT('',#3209);
#1104=VERTEX_POINT('',#3211);
#1105=VERTEX_POINT('',#3213);
#1106=VERTEX_POINT('',#3215);
#1107=VERTEX_POINT('',#3217);
#1108=VERTEX_POINT('',#3219);
#1109=VERTEX_POINT('',#3221);
#1110=VERTEX_POINT('',#3223);
#1111=VERTEX_POINT('',#3225);
#1112=VERTEX_POINT('',#3226);
#1113=VERTEX_POINT('',#3228);
#1114=VERTEX_POINT('',#3230);
#1115=VERTEX_POINT('',#3232);
#1116=VERTEX_POINT('',#3234);
#1117=VERTEX_POINT('',#3237);
#1118=VERTEX_POINT('',#3238);
#1119=VERTEX_POINT('',#3240);
#1120=VERTEX_POINT('',#3242);
#1121=VERTEX_POINT('',#3244);
#1122=VERTEX_POINT('',#3246);
#1123=VERTEX_POINT('',#3249);
#1124=VERTEX_POINT('',#3250);
#1125=VERTEX_POINT('',#3252);
#1126=VERTEX_POINT('',#3254);
#1127=VERTEX_POINT('',#3256);
#1128=VERTEX_POINT('',#3258);
#1129=VERTEX_POINT('',#3261);
#1130=VERTEX_POINT('',#3263);
#1131=VERTEX_POINT('',#3265);
#1132=VERTEX_POINT('',#3267);
#1133=VERTEX_POINT('',#3269);
#1134=VERTEX_POINT('',#3271);
#1135=VERTEX_POINT('',#3273);
#1136=VERTEX_POINT('',#3275);
#1137=VERTEX_POINT('',#3277);
#1138=VERTEX_POINT('',#3279);
#1139=VERTEX_POINT('',#3280);
#1140=VERTEX_POINT('',#3282);
#1141=VERTEX_POINT('',#3284);
#1142=VERTEX_POINT('',#3286);
#1143=VERTEX_POINT('',#3288);
#1144=VERTEX_POINT('',#3291);
#1145=VERTEX_POINT('',#3292);
#1146=VERTEX_POINT('',#3294);
#1147=VERTEX_POINT('',#3296);
#1148=VERTEX_POINT('',#3298);
#1149=VERTEX_POINT('',#3300);
#1150=VERTEX_POINT('',#3303);
#1151=VERTEX_POINT('',#3304);
#1152=VERTEX_POINT('',#3306);
#1153=VERTEX_POINT('',#3308);
#1154=VERTEX_POINT('',#3310);
#1155=VERTEX_POINT('',#3312);
#1156=VERTEX_POINT('',#3315);
#1157=VERTEX_POINT('',#3316);
#1158=VERTEX_POINT('',#3318);
#1159=VERTEX_POINT('',#3320);
#1160=VERTEX_POINT('',#3322);
#1161=VERTEX_POINT('',#3324);
#1162=VERTEX_POINT('',#3326);
#1163=VERTEX_POINT('',#3328);
#1164=VERTEX_POINT('',#3330);
#1165=VERTEX_POINT('',#3332);
#1166=VERTEX_POINT('',#3334);
#1167=VERTEX_POINT('',#3336);
#1168=VERTEX_POINT('',#3338);
#1169=VERTEX_POINT('',#3340);
#1170=VERTEX_POINT('',#3344);
#1171=VERTEX_POINT('',#3346);
#1172=VERTEX_POINT('',#3347);
#1173=VERTEX_POINT('',#3352);
#1174=VERTEX_POINT('',#3353);
#1175=VERTEX_POINT('',#3358);
#1176=VERTEX_POINT('',#3360);
#1177=VERTEX_POINT('',#3363);
#1178=VERTEX_POINT('',#3365);
#1179=VERTEX_POINT('',#3368);
#1180=VERTEX_POINT('',#3370);
#1181=VERTEX_POINT('',#3373);
#1182=VERTEX_POINT('',#3375);
#1183=VERTEX_POINT('',#3378);
#1184=VERTEX_POINT('',#3380);
#1185=VERTEX_POINT('',#3383);
#1186=VERTEX_POINT('',#3384);
#1187=VERTEX_POINT('',#3388);
#1188=VERTEX_POINT('',#3390);
#1189=VERTEX_POINT('',#3392);
#1190=VERTEX_POINT('',#3395);
#1191=VERTEX_POINT('',#3397);
#1192=VERTEX_POINT('',#3399);
#1193=VERTEX_POINT('',#3401);
#1194=VERTEX_POINT('',#3403);
#1195=VERTEX_POINT('',#3405);
#1196=VERTEX_POINT('',#3408);
#1197=VERTEX_POINT('',#3409);
#1198=VERTEX_POINT('',#3411);
#1199=VERTEX_POINT('',#3413);
#1200=VERTEX_POINT('',#3415);
#1201=VERTEX_POINT('',#3417);
#1202=VERTEX_POINT('',#3419);
#1203=VERTEX_POINT('',#3421);
#1204=VERTEX_POINT('',#3424);
#1205=VERTEX_POINT('',#3425);
#1206=VERTEX_POINT('',#3427);
#1207=VERTEX_POINT('',#3429);
#1208=VERTEX_POINT('',#3431);
#1209=VERTEX_POINT('',#3433);
#1210=VERTEX_POINT('',#3435);
#1211=VERTEX_POINT('',#3437);
#1212=VERTEX_POINT('',#3440);
#1213=VERTEX_POINT('',#3442);
#1214=VERTEX_POINT('',#3444);
#1215=VERTEX_POINT('',#3446);
#1216=VERTEX_POINT('',#3448);
#1217=VERTEX_POINT('',#3450);
#1218=VERTEX_POINT('',#3452);
#1219=VERTEX_POINT('',#3454);
#1220=VERTEX_POINT('',#3456);
#1221=VERTEX_POINT('',#3458);
#1222=VERTEX_POINT('',#3460);
#1223=VERTEX_POINT('',#3461);
#1224=VERTEX_POINT('',#3463);
#1225=VERTEX_POINT('',#3465);
#1226=VERTEX_POINT('',#3467);
#1227=VERTEX_POINT('',#3469);
#1228=VERTEX_POINT('',#3472);
#1229=VERTEX_POINT('',#3473);
#1230=VERTEX_POINT('',#3475);
#1231=VERTEX_POINT('',#3477);
#1232=VERTEX_POINT('',#3479);
#1233=VERTEX_POINT('',#3481);
#1234=VERTEX_POINT('',#3484);
#1235=VERTEX_POINT('',#3486);
#1236=VERTEX_POINT('',#3488);
#1237=VERTEX_POINT('',#3490);
#1238=VERTEX_POINT('',#3492);
#1239=VERTEX_POINT('',#3494);
#1240=VERTEX_POINT('',#3496);
#1241=VERTEX_POINT('',#3498);
#1242=VERTEX_POINT('',#3499);
#1243=VERTEX_POINT('',#3501);
#1244=VERTEX_POINT('',#3503);
#1245=VERTEX_POINT('',#3505);
#1246=VERTEX_POINT('',#3507);
#1247=VERTEX_POINT('',#3510);
#1248=VERTEX_POINT('',#3511);
#1249=VERTEX_POINT('',#3513);
#1250=VERTEX_POINT('',#3515);
#1251=VERTEX_POINT('',#3517);
#1252=VERTEX_POINT('',#3519);
#1253=VERTEX_POINT('',#3530);
#1254=VERTEX_POINT('',#3532);
#1255=VERTEX_POINT('',#3582);
#1256=VERTEX_POINT('',#3584);
#1257=VERTEX_POINT('',#3600);
#1258=VERTEX_POINT('',#3643);
#1259=VERTEX_POINT('',#3653);
#1260=VERTEX_POINT('',#3655);
#1261=VERTEX_POINT('',#3659);
#1262=VERTEX_POINT('',#3663);
#1263=VERTEX_POINT('',#3667);
#1264=VERTEX_POINT('',#3671);
#1265=VERTEX_POINT('',#3678);
#1266=VERTEX_POINT('',#3680);
#1267=VERTEX_POINT('',#3684);
#1268=VERTEX_POINT('',#3688);
#1269=VERTEX_POINT('',#3692);
#1270=VERTEX_POINT('',#3696);
#1271=VERTEX_POINT('',#3703);
#1272=VERTEX_POINT('',#3705);
#1273=VERTEX_POINT('',#3709);
#1274=VERTEX_POINT('',#3713);
#1275=VERTEX_POINT('',#3717);
#1276=VERTEX_POINT('',#3721);
#1277=VERTEX_POINT('',#3728);
#1278=VERTEX_POINT('',#3730);
#1279=VERTEX_POINT('',#3734);
#1280=VERTEX_POINT('',#3738);
#1281=VERTEX_POINT('',#3742);
#1282=VERTEX_POINT('',#3746);
#1283=VERTEX_POINT('',#3753);
#1284=VERTEX_POINT('',#3755);
#1285=VERTEX_POINT('',#3759);
#1286=VERTEX_POINT('',#3763);
#1287=VERTEX_POINT('',#3767);
#1288=VERTEX_POINT('',#3771);
#1289=LINE('',#3148,#1484);
#1290=LINE('',#3151,#1485);
#1291=LINE('',#3153,#1486);
#1292=LINE('',#3155,#1487);
#1293=LINE('',#3157,#1488);
#1294=LINE('',#3159,#1489);
#1295=LINE('',#3160,#1490);
#1296=LINE('',#3163,#1491);
#1297=LINE('',#3165,#1492);
#1298=LINE('',#3167,#1493);
#1299=LINE('',#3169,#1494);
#1300=LINE('',#3171,#1495);
#1301=LINE('',#3172,#1496);
#1302=LINE('',#3177,#1497);
#1303=LINE('',#3181,#1498);
#1304=LINE('',#3184,#1499);
#1305=LINE('',#3189,#1500);
#1306=LINE('',#3193,#1501);
#1307=LINE('',#3196,#1502);
#1308=LINE('',#3201,#1503);
#1309=LINE('',#3205,#1504);
#1310=LINE('',#3224,#1505);
#1311=LINE('',#3229,#1506);
#1312=LINE('',#3233,#1507);
#1313=LINE('',#3236,#1508);
#1314=LINE('',#3241,#1509);
#1315=LINE('',#3245,#1510);
#1316=LINE('',#3248,#1511);
#1317=LINE('',#3253,#1512);
#1318=LINE('',#3257,#1513);
#1319=LINE('',#3278,#1514);
#1320=LINE('',#3281,#1515);
#1321=LINE('',#3283,#1516);
#1322=LINE('',#3285,#1517);
#1323=LINE('',#3287,#1518);
#1324=LINE('',#3289,#1519);
#1325=LINE('',#3290,#1520);
#1326=LINE('',#3293,#1521);
#1327=LINE('',#3295,#1522);
#1328=LINE('',#3297,#1523);
#1329=LINE('',#3299,#1524);
#1330=LINE('',#3301,#1525);
#1331=LINE('',#3302,#1526);
#1332=LINE('',#3305,#1527);
#1333=LINE('',#3307,#1528);
#1334=LINE('',#3309,#1529);
#1335=LINE('',#3311,#1530);
#1336=LINE('',#3313,#1531);
#1337=LINE('',#3314,#1532);
#1338=LINE('',#3323,#1533);
#1339=LINE('',#3329,#1534);
#1340=LINE('',#3333,#1535);
#1341=LINE('',#3337,#1536);
#1342=LINE('',#3348,#1537);
#1343=LINE('',#3349,#1538);
#1344=LINE('',#3351,#1539);
#1345=LINE('',#3354,#1540);
#1346=LINE('',#3355,#1541);
#1347=LINE('',#3387,#1542);
#1348=LINE('',#3391,#1543);
#1349=LINE('',#3394,#1544);
#1350=LINE('',#3398,#1545);
#1351=LINE('',#3404,#1546);
#1352=LINE('',#3407,#1547);
#1353=LINE('',#3412,#1548);
#1354=LINE('',#3416,#1549);
#1355=LINE('',#3420,#1550);
#1356=LINE('',#3423,#1551);
#1357=LINE('',#3428,#1552);
#1358=LINE('',#3432,#1553);
#1359=LINE('',#3436,#1554);
#1360=LINE('',#3459,#1555);
#1361=LINE('',#3464,#1556);
#1362=LINE('',#3468,#1557);
#1363=LINE('',#3471,#1558);
#1364=LINE('',#3476,#1559);
#1365=LINE('',#3480,#1560);
#1366=LINE('',#3497,#1561);
#1367=LINE('',#3502,#1562);
#1368=LINE('',#3506,#1563);
#1369=LINE('',#3509,#1564);
#1370=LINE('',#3514,#1565);
#1371=LINE('',#3518,#1566);
#1372=LINE('',#3525,#1567);
#1373=LINE('',#3526,#1568);
#1374=LINE('',#3528,#1569);
#1375=LINE('',#3529,#1570);
#1376=LINE('',#3531,#1571);
#1377=LINE('',#3533,#1572);
#1378=LINE('',#3534,#1573);
#1379=LINE('',#3536,#1574);
#1380=LINE('',#3537,#1575);
#1381=LINE('',#3539,#1576);
#1382=LINE('',#3540,#1577);
#1383=LINE('',#3542,#1578);
#1384=LINE('',#3543,#1579);
#1385=LINE('',#3545,#1580);
#1386=LINE('',#3554,#1581);
#1387=LINE('',#3555,#1582);
#1388=LINE('',#3559,#1583);
#1389=LINE('',#3560,#1584);
#1390=LINE('',#3562,#1585);
#1391=LINE('',#3563,#1586);
#1392=LINE('',#3565,#1587);
#1393=LINE('',#3566,#1588);
#1394=LINE('',#3568,#1589);
#1395=LINE('',#3569,#1590);
#1396=LINE('',#3580,#1591);
#1397=LINE('',#3581,#1592);
#1398=LINE('',#3583,#1593);
#1399=LINE('',#3585,#1594);
#1400=LINE('',#3586,#1595);
#1401=LINE('',#3588,#1596);
#1402=LINE('',#3589,#1597);
#1403=LINE('',#3591,#1598);
#1404=LINE('',#3592,#1599);
#1405=LINE('',#3594,#1600);
#1406=LINE('',#3595,#1601);
#1407=LINE('',#3597,#1602);
#1408=LINE('',#3598,#1603);
#1409=LINE('',#3602,#1604);
#1410=LINE('',#3611,#1605);
#1411=LINE('',#3612,#1606);
#1412=LINE('',#3615,#1607);
#1413=LINE('',#3616,#1608);
#1414=LINE('',#3619,#1609);
#1415=LINE('',#3620,#1610);
#1416=LINE('',#3622,#1611);
#1417=LINE('',#3623,#1612);
#1418=LINE('',#3625,#1613);
#1419=LINE('',#3626,#1614);
#1420=LINE('',#3628,#1615);
#1421=LINE('',#3629,#1616);
#1422=LINE('',#3652,#1617);
#1423=LINE('',#3654,#1618);
#1424=LINE('',#3656,#1619);
#1425=LINE('',#3658,#1620);
#1426=LINE('',#3660,#1621);
#1427=LINE('',#3662,#1622);
#1428=LINE('',#3664,#1623);
#1429=LINE('',#3666,#1624);
#1430=LINE('',#3668,#1625);
#1431=LINE('',#3670,#1626);
#1432=LINE('',#3672,#1627);
#1433=LINE('',#3674,#1628);
#1434=LINE('',#3677,#1629);
#1435=LINE('',#3679,#1630);
#1436=LINE('',#3681,#1631);
#1437=LINE('',#3683,#1632);
#1438=LINE('',#3685,#1633);
#1439=LINE('',#3687,#1634);
#1440=LINE('',#3689,#1635);
#1441=LINE('',#3691,#1636);
#1442=LINE('',#3693,#1637);
#1443=LINE('',#3695,#1638);
#1444=LINE('',#3697,#1639);
#1445=LINE('',#3699,#1640);
#1446=LINE('',#3702,#1641);
#1447=LINE('',#3704,#1642);
#1448=LINE('',#3706,#1643);
#1449=LINE('',#3708,#1644);
#1450=LINE('',#3710,#1645);
#1451=LINE('',#3712,#1646);
#1452=LINE('',#3714,#1647);
#1453=LINE('',#3716,#1648);
#1454=LINE('',#3718,#1649);
#1455=LINE('',#3720,#1650);
#1456=LINE('',#3722,#1651);
#1457=LINE('',#3724,#1652);
#1458=LINE('',#3727,#1653);
#1459=LINE('',#3729,#1654);
#1460=LINE('',#3731,#1655);
#1461=LINE('',#3733,#1656);
#1462=LINE('',#3735,#1657);
#1463=LINE('',#3737,#1658);
#1464=LINE('',#3739,#1659);
#1465=LINE('',#3741,#1660);
#1466=LINE('',#3743,#1661);
#1467=LINE('',#3745,#1662);
#1468=LINE('',#3747,#1663);
#1469=LINE('',#3749,#1664);
#1470=LINE('',#3752,#1665);
#1471=LINE('',#3754,#1666);
#1472=LINE('',#3756,#1667);
#1473=LINE('',#3758,#1668);
#1474=LINE('',#3760,#1669);
#1475=LINE('',#3762,#1670);
#1476=LINE('',#3764,#1671);
#1477=LINE('',#3766,#1672);
#1478=LINE('',#3768,#1673);
#1479=LINE('',#3770,#1674);
#1480=LINE('',#3772,#1675);
#1481=LINE('',#3774,#1676);
#1482=LINE('',#3777,#1677);
#1483=LINE('',#3778,#1678);
#1484=VECTOR('',#2507,1.);
#1485=VECTOR('',#2508,1.);
#1486=VECTOR('',#2509,1.);
#1487=VECTOR('',#2510,1.);
#1488=VECTOR('',#2511,1.);
#1489=VECTOR('',#2512,1.);
#1490=VECTOR('',#2513,1.);
#1491=VECTOR('',#2514,1.);
#1492=VECTOR('',#2515,1.);
#1493=VECTOR('',#2516,1.);
#1494=VECTOR('',#2517,1.);
#1495=VECTOR('',#2518,1.);
#1496=VECTOR('',#2519,1.);
#1497=VECTOR('',#2522,1.);
#1498=VECTOR('',#2525,1.);
#1499=VECTOR('',#2528,1.);
#1500=VECTOR('',#2531,1.);
#1501=VECTOR('',#2534,1.);
#1502=VECTOR('',#2537,1.);
#1503=VECTOR('',#2540,1.);
#1504=VECTOR('',#2543,1.);
#1505=VECTOR('',#2562,1.);
#1506=VECTOR('',#2565,1.);
#1507=VECTOR('',#2568,1.);
#1508=VECTOR('',#2571,1.);
#1509=VECTOR('',#2574,1.);
#1510=VECTOR('',#2577,1.);
#1511=VECTOR('',#2580,1.);
#1512=VECTOR('',#2583,1.);
#1513=VECTOR('',#2586,1.);
#1514=VECTOR('',#2607,1.);
#1515=VECTOR('',#2608,1.);
#1516=VECTOR('',#2609,1.);
#1517=VECTOR('',#2610,1.);
#1518=VECTOR('',#2611,1.);
#1519=VECTOR('',#2612,1.);
#1520=VECTOR('',#2613,1.);
#1521=VECTOR('',#2614,1.);
#1522=VECTOR('',#2615,1.);
#1523=VECTOR('',#2616,1.);
#1524=VECTOR('',#2617,1.);
#1525=VECTOR('',#2618,1.);
#1526=VECTOR('',#2619,1.);
#1527=VECTOR('',#2620,1.);
#1528=VECTOR('',#2621,1.);
#1529=VECTOR('',#2622,1.);
#1530=VECTOR('',#2623,1.);
#1531=VECTOR('',#2624,1.);
#1532=VECTOR('',#2625,1.);
#1533=VECTOR('',#2632,1.);
#1534=VECTOR('',#2637,1.);
#1535=VECTOR('',#2640,1.);
#1536=VECTOR('',#2643,1.);
#1537=VECTOR('',#2654,1.);
#1538=VECTOR('',#2655,1.);
#1539=VECTOR('',#2658,1.);
#1540=VECTOR('',#2659,1.);
#1541=VECTOR('',#2660,1.);
#1542=VECTOR('',#2699,1.);
#1543=VECTOR('',#2702,1.);
#1544=VECTOR('',#2705,1.);
#1545=VECTOR('',#2708,1.);
#1546=VECTOR('',#2713,1.);
#1547=VECTOR('',#2716,1.);
#1548=VECTOR('',#2719,1.);
#1549=VECTOR('',#2722,1.);
#1550=VECTOR('',#2725,1.);
#1551=VECTOR('',#2728,1.);
#1552=VECTOR('',#2731,1.);
#1553=VECTOR('',#2734,1.);
#1554=VECTOR('',#2737,1.);
#1555=VECTOR('',#2760,1.);
#1556=VECTOR('',#2763,1.);
#1557=VECTOR('',#2766,1.);
#1558=VECTOR('',#2769,1.);
#1559=VECTOR('',#2772,1.);
#1560=VECTOR('',#2775,1.);
#1561=VECTOR('',#2792,1.);
#1562=VECTOR('',#2795,1.);
#1563=VECTOR('',#2798,1.);
#1564=VECTOR('',#2801,1.);
#1565=VECTOR('',#2804,1.);
#1566=VECTOR('',#2807,1.);
#1567=VECTOR('',#2818,1.);
#1568=VECTOR('',#2819,1.);
#1569=VECTOR('',#2822,1.);
#1570=VECTOR('',#2823,1.);
#1571=VECTOR('',#2824,1.);
#1572=VECTOR('',#2825,1.);
#1573=VECTOR('',#2826,1.);
#1574=VECTOR('',#2829,1.);
#1575=VECTOR('',#2830,1.);
#1576=VECTOR('',#2833,1.);
#1577=VECTOR('',#2834,1.);
#1578=VECTOR('',#2837,1.);
#1579=VECTOR('',#2838,1.);
#1580=VECTOR('',#2841,1.);
#1581=VECTOR('',#2858,1.);
#1582=VECTOR('',#2859,1.);
#1583=VECTOR('',#2866,1.);
#1584=VECTOR('',#2867,1.);
#1585=VECTOR('',#2870,1.);
#1586=VECTOR('',#2871,1.);
#1587=VECTOR('',#2874,1.);
#1588=VECTOR('',#2875,1.);
#1589=VECTOR('',#2878,1.);
#1590=VECTOR('',#2879,1.);
#1591=VECTOR('',#2900,1.);
#1592=VECTOR('',#2901,1.);
#1593=VECTOR('',#2902,1.);
#1594=VECTOR('',#2903,1.);
#1595=VECTOR('',#2904,1.);
#1596=VECTOR('',#2907,1.);
#1597=VECTOR('',#2908,1.);
#1598=VECTOR('',#2911,1.);
#1599=VECTOR('',#2912,1.);
#1600=VECTOR('',#2915,1.);
#1601=VECTOR('',#2916,1.);
#1602=VECTOR('',#2919,1.);
#1603=VECTOR('',#2920,1.);
#1604=VECTOR('',#2925,1.);
#1605=VECTOR('',#2942,1.);
#1606=VECTOR('',#2943,1.);
#1607=VECTOR('',#2948,1.);
#1608=VECTOR('',#2949,1.);
#1609=VECTOR('',#2954,1.);
#1610=VECTOR('',#2955,1.);
#1611=VECTOR('',#2958,1.);
#1612=VECTOR('',#2959,1.);
#1613=VECTOR('',#2962,1.);
#1614=VECTOR('',#2963,1.);
#1615=VECTOR('',#2966,1.);
#1616=VECTOR('',#2967,1.);
#1617=VECTOR('',#3010,1.);
#1618=VECTOR('',#3011,1.);
#1619=VECTOR('',#3012,1.);
#1620=VECTOR('',#3015,1.);
#1621=VECTOR('',#3016,1.);
#1622=VECTOR('',#3019,1.);
#1623=VECTOR('',#3020,1.);
#1624=VECTOR('',#3023,1.);
#1625=VECTOR('',#3024,1.);
#1626=VECTOR('',#3027,1.);
#1627=VECTOR('',#3028,1.);
#1628=VECTOR('',#3031,1.);
#1629=VECTOR('',#3036,1.);
#1630=VECTOR('',#3037,1.);
#1631=VECTOR('',#3038,1.);
#1632=VECTOR('',#3041,1.);
#1633=VECTOR('',#3042,1.);
#1634=VECTOR('',#3045,1.);
#1635=VECTOR('',#3046,1.);
#1636=VECTOR('',#3049,1.);
#1637=VECTOR('',#3050,1.);
#1638=VECTOR('',#3053,1.);
#1639=VECTOR('',#3054,1.);
#1640=VECTOR('',#3057,1.);
#1641=VECTOR('',#3062,1.);
#1642=VECTOR('',#3063,1.);
#1643=VECTOR('',#3064,1.);
#1644=VECTOR('',#3067,1.);
#1645=VECTOR('',#3068,1.);
#1646=VECTOR('',#3071,1.);
#1647=VECTOR('',#3072,1.);
#1648=VECTOR('',#3075,1.);
#1649=VECTOR('',#3076,1.);
#1650=VECTOR('',#3079,1.);
#1651=VECTOR('',#3080,1.);
#1652=VECTOR('',#3083,1.);
#1653=VECTOR('',#3088,1.);
#1654=VECTOR('',#3089,1.);
#1655=VECTOR('',#3090,1.);
#1656=VECTOR('',#3093,1.);
#1657=VECTOR('',#3094,1.);
#1658=VECTOR('',#3097,1.);
#1659=VECTOR('',#3098,1.);
#1660=VECTOR('',#3101,1.);
#1661=VECTOR('',#3102,1.);
#1662=VECTOR('',#3105,1.);
#1663=VECTOR('',#3106,1.);
#1664=VECTOR('',#3109,1.);
#1665=VECTOR('',#3114,1.);
#1666=VECTOR('',#3115,1.);
#1667=VECTOR('',#3116,1.);
#1668=VECTOR('',#3119,1.);
#1669=VECTOR('',#3120,1.);
#1670=VECTOR('',#3123,1.);
#1671=VECTOR('',#3124,1.);
#1672=VECTOR('',#3127,1.);
#1673=VECTOR('',#3128,1.);
#1674=VECTOR('',#3131,1.);
#1675=VECTOR('',#3132,1.);
#1676=VECTOR('',#3135,1.);
#1677=VECTOR('',#3140,1.);
#1678=VECTOR('',#3141,1.);
#1679=EDGE_LOOP('',(#170,#171,#172,#173,#174,#175));
#1680=EDGE_LOOP('',(#176,#177,#178,#179,#180,#181));
#1681=EDGE_LOOP('',(#182,#183,#184,#185,#186,#187));
#1682=EDGE_LOOP('',(#188,#189,#190,#191,#192,#193));
#1683=EDGE_LOOP('',(#194,#195,#196,#197,#198,#199));
#1684=EDGE_LOOP('',(#200));
#1685=EDGE_LOOP('',(#201));
#1686=EDGE_LOOP('',(#202));
#1687=EDGE_LOOP('',(#203));
#1688=EDGE_LOOP('',(#204));
#1689=EDGE_LOOP('',(#205));
#1690=EDGE_LOOP('',(#206));
#1691=EDGE_LOOP('',(#207));
#1692=EDGE_LOOP('',(#208,#209,#210,#211,#212,#213));
#1693=EDGE_LOOP('',(#214,#215,#216,#217,#218,#219));
#1694=EDGE_LOOP('',(#220,#221,#222,#223,#224,#225));
#1695=EDGE_LOOP('',(#226));
#1696=EDGE_LOOP('',(#227));
#1697=EDGE_LOOP('',(#228));
#1698=EDGE_LOOP('',(#229));
#1699=EDGE_LOOP('',(#230));
#1700=EDGE_LOOP('',(#231));
#1701=EDGE_LOOP('',(#232));
#1702=EDGE_LOOP('',(#233));
#1703=EDGE_LOOP('',(#234));
#1704=EDGE_LOOP('',(#235,#236,#237,#238,#239,#240));
#1705=EDGE_LOOP('',(#241,#242,#243,#244,#245,#246));
#1706=EDGE_LOOP('',(#247,#248,#249,#250,#251,#252));
#1707=EDGE_LOOP('',(#253,#254,#255,#256,#257,#258,#259,#260,#261,#262,#263,
#264,#265,#266));
#1708=EDGE_LOOP('',(#267));
#1709=EDGE_LOOP('',(#268,#269,#270,#271));
#1710=EDGE_LOOP('',(#272,#273,#274,#275));
#1711=EDGE_LOOP('',(#276));
#1712=EDGE_LOOP('',(#277));
#1713=EDGE_LOOP('',(#278));
#1714=EDGE_LOOP('',(#279));
#1715=EDGE_LOOP('',(#280));
#1716=EDGE_LOOP('',(#281));
#1717=EDGE_LOOP('',(#282));
#1718=EDGE_LOOP('',(#283));
#1719=EDGE_LOOP('',(#284));
#1720=EDGE_LOOP('',(#285));
#1721=EDGE_LOOP('',(#286,#287,#288,#289,#290,#291,#292,#293,#294,#295,#296,
#297,#298,#299,#300,#301));
#1722=EDGE_LOOP('',(#302,#303,#304,#305,#306,#307,#308,#309));
#1723=EDGE_LOOP('',(#310,#311,#312,#313,#314,#315,#316,#317));
#1724=EDGE_LOOP('',(#318));
#1725=EDGE_LOOP('',(#319));
#1726=EDGE_LOOP('',(#320));
#1727=EDGE_LOOP('',(#321));
#1728=EDGE_LOOP('',(#322));
#1729=EDGE_LOOP('',(#323));
#1730=EDGE_LOOP('',(#324));
#1731=EDGE_LOOP('',(#325));
#1732=EDGE_LOOP('',(#326));
#1733=EDGE_LOOP('',(#327));
#1734=EDGE_LOOP('',(#328,#329,#330,#331,#332,#333));
#1735=EDGE_LOOP('',(#334,#335,#336,#337,#338,#339));
#1736=EDGE_LOOP('',(#340));
#1737=EDGE_LOOP('',(#341));
#1738=EDGE_LOOP('',(#342));
#1739=EDGE_LOOP('',(#343));
#1740=EDGE_LOOP('',(#344));
#1741=EDGE_LOOP('',(#345));
#1742=EDGE_LOOP('',(#346));
#1743=EDGE_LOOP('',(#347,#348,#349,#350,#351,#352));
#1744=EDGE_LOOP('',(#353,#354,#355,#356,#357,#358));
#1745=EDGE_LOOP('',(#359));
#1746=EDGE_LOOP('',(#360));
#1747=EDGE_LOOP('',(#361));
#1748=EDGE_LOOP('',(#362));
#1749=EDGE_LOOP('',(#363));
#1750=EDGE_LOOP('',(#364));
#1751=EDGE_LOOP('',(#365,#366,#367,#368,#369));
#1752=EDGE_LOOP('',(#370,#371,#372,#373,#374,#375,#376,#377));
#1753=EDGE_LOOP('',(#378,#379,#380,#381));
#1754=EDGE_LOOP('',(#382,#383,#384,#385));
#1755=EDGE_LOOP('',(#386,#387,#388,#389));
#1756=EDGE_LOOP('',(#390,#391,#392,#393));
#1757=EDGE_LOOP('',(#394));
#1758=EDGE_LOOP('',(#395));
#1759=EDGE_LOOP('',(#396));
#1760=EDGE_LOOP('',(#397));
#1761=EDGE_LOOP('',(#398));
#1762=EDGE_LOOP('',(#399));
#1763=EDGE_LOOP('',(#400));
#1764=EDGE_LOOP('',(#401));
#1765=EDGE_LOOP('',(#402));
#1766=EDGE_LOOP('',(#403));
#1767=EDGE_LOOP('',(#404));
#1768=EDGE_LOOP('',(#405));
#1769=EDGE_LOOP('',(#406));
#1770=EDGE_LOOP('',(#407));
#1771=EDGE_LOOP('',(#408,#409,#410,#411));
#1772=EDGE_LOOP('',(#412,#413,#414,#415));
#1773=EDGE_LOOP('',(#416,#417,#418,#419));
#1774=EDGE_LOOP('',(#420,#421,#422,#423));
#1775=EDGE_LOOP('',(#424,#425,#426,#427));
#1776=EDGE_LOOP('',(#428,#429,#430,#431));
#1777=EDGE_LOOP('',(#432,#433,#434,#435));
#1778=EDGE_LOOP('',(#436,#437,#438,#439));
#1779=EDGE_LOOP('',(#440,#441,#442,#443));
#1780=EDGE_LOOP('',(#444,#445,#446,#447));
#1781=EDGE_LOOP('',(#448,#449,#450,#451));
#1782=EDGE_LOOP('',(#452,#453,#454,#455));
#1783=EDGE_LOOP('',(#456,#457,#458,#459));
#1784=EDGE_LOOP('',(#460,#461,#462,#463));
#1785=EDGE_LOOP('',(#464,#465,#466,#467));
#1786=EDGE_LOOP('',(#468,#469,#470,#471));
#1787=EDGE_LOOP('',(#472,#473,#474,#475,#476,#477,#478,#479));
#1788=EDGE_LOOP('',(#480,#481,#482,#483));
#1789=EDGE_LOOP('',(#484,#485,#486,#487));
#1790=EDGE_LOOP('',(#488,#489,#490,#491));
#1791=EDGE_LOOP('',(#492,#493,#494,#495));
#1792=EDGE_LOOP('',(#496));
#1793=EDGE_LOOP('',(#497,#498,#499,#500));
#1794=EDGE_LOOP('',(#501));
#1795=EDGE_LOOP('',(#502));
#1796=EDGE_LOOP('',(#503));
#1797=EDGE_LOOP('',(#504));
#1798=EDGE_LOOP('',(#505));
#1799=EDGE_LOOP('',(#506));
#1800=EDGE_LOOP('',(#507));
#1801=EDGE_LOOP('',(#508));
#1802=EDGE_LOOP('',(#509));
#1803=EDGE_LOOP('',(#510));
#1804=EDGE_LOOP('',(#511));
#1805=EDGE_LOOP('',(#512));
#1806=EDGE_LOOP('',(#513));
#1807=EDGE_LOOP('',(#514));
#1808=EDGE_LOOP('',(#515,#516,#517,#518));
#1809=EDGE_LOOP('',(#519,#520,#521,#522));
#1810=EDGE_LOOP('',(#523,#524,#525,#526));
#1811=EDGE_LOOP('',(#527,#528,#529,#530));
#1812=EDGE_LOOP('',(#531,#532,#533,#534));
#1813=EDGE_LOOP('',(#535,#536,#537,#538));
#1814=EDGE_LOOP('',(#539,#540,#541,#542));
#1815=EDGE_LOOP('',(#543,#544,#545,#546));
#1816=EDGE_LOOP('',(#547,#548,#549,#550));
#1817=EDGE_LOOP('',(#551,#552,#553,#554));
#1818=EDGE_LOOP('',(#555,#556,#557,#558));
#1819=EDGE_LOOP('',(#559,#560,#561,#562));
#1820=EDGE_LOOP('',(#563,#564,#565,#566));
#1821=EDGE_LOOP('',(#567,#568,#569,#570));
#1822=EDGE_LOOP('',(#571,#572,#573,#574));
#1823=EDGE_LOOP('',(#575,#576,#577,#578));
#1824=EDGE_LOOP('',(#579,#580,#581,#582));
#1825=EDGE_LOOP('',(#583));
#1826=EDGE_LOOP('',(#584));
#1827=EDGE_LOOP('',(#585));
#1828=EDGE_LOOP('',(#586));
#1829=EDGE_LOOP('',(#587));
#1830=EDGE_LOOP('',(#588));
#1831=EDGE_LOOP('',(#589));
#1832=EDGE_LOOP('',(#590));
#1833=EDGE_LOOP('',(#591,#592,#593,#594));
#1834=EDGE_LOOP('',(#595));
#1835=EDGE_LOOP('',(#596,#597));
#1836=EDGE_LOOP('',(#598,#599,#600,#601));
#1837=EDGE_LOOP('',(#602,#603));
#1838=EDGE_LOOP('',(#604));
#1839=EDGE_LOOP('',(#605,#606,#607,#608));
#1840=EDGE_LOOP('',(#609,#610,#611,#612));
#1841=EDGE_LOOP('',(#613,#614,#615,#616));
#1842=EDGE_LOOP('',(#617,#618,#619,#620));
#1843=EDGE_LOOP('',(#621,#622,#623,#624));
#1844=EDGE_LOOP('',(#625,#626,#627,#628));
#1845=EDGE_LOOP('',(#629,#630,#631,#632,#633,#634));
#1846=EDGE_LOOP('',(#635));
#1847=EDGE_LOOP('',(#636,#637,#638,#639));
#1848=EDGE_LOOP('',(#640,#641,#642,#643));
#1849=EDGE_LOOP('',(#644,#645,#646,#647));
#1850=EDGE_LOOP('',(#648,#649,#650,#651));
#1851=EDGE_LOOP('',(#652,#653,#654,#655));
#1852=EDGE_LOOP('',(#656,#657,#658,#659));
#1853=EDGE_LOOP('',(#660));
#1854=EDGE_LOOP('',(#661,#662,#663,#664,#665,#666));
#1855=EDGE_LOOP('',(#667,#668,#669,#670));
#1856=EDGE_LOOP('',(#671,#672,#673,#674));
#1857=EDGE_LOOP('',(#675,#676,#677,#678));
#1858=EDGE_LOOP('',(#679,#680,#681,#682));
#1859=EDGE_LOOP('',(#683,#684,#685,#686));
#1860=EDGE_LOOP('',(#687,#688,#689,#690));
#1861=EDGE_LOOP('',(#691));
#1862=EDGE_LOOP('',(#692,#693,#694,#695,#696,#697));
#1863=EDGE_LOOP('',(#698,#699,#700,#701));
#1864=EDGE_LOOP('',(#702,#703,#704,#705));
#1865=EDGE_LOOP('',(#706,#707,#708,#709));
#1866=EDGE_LOOP('',(#710,#711,#712,#713));
#1867=EDGE_LOOP('',(#714,#715,#716,#717));
#1868=EDGE_LOOP('',(#718,#719,#720,#721));
#1869=EDGE_LOOP('',(#722));
#1870=EDGE_LOOP('',(#723,#724,#725,#726,#727,#728));
#1871=EDGE_LOOP('',(#729,#730,#731,#732));
#1872=EDGE_LOOP('',(#733,#734,#735,#736));
#1873=EDGE_LOOP('',(#737,#738,#739,#740));
#1874=EDGE_LOOP('',(#741,#742,#743,#744));
#1875=EDGE_LOOP('',(#745,#746,#747,#748));
#1876=EDGE_LOOP('',(#749,#750,#751,#752));
#1877=EDGE_LOOP('',(#753,#754,#755,#756,#757,#758));
#1878=EDGE_LOOP('',(#759));
#1879=EDGE_LOOP('',(#760,#761,#762,#763));
#1880=EDGE_LOOP('',(#764,#765,#766,#767));
#1881=EDGE_LOOP('',(#768,#769,#770,#771));
#1882=FACE_BOUND('',#1679,.T.);
#1883=FACE_BOUND('',#1680,.T.);
#1884=FACE_BOUND('',#1681,.T.);
#1885=FACE_BOUND('',#1682,.T.);
#1886=FACE_BOUND('',#1683,.T.);
#1887=FACE_BOUND('',#1684,.T.);
#1888=FACE_BOUND('',#1685,.T.);
#1889=FACE_BOUND('',#1686,.T.);
#1890=FACE_BOUND('',#1687,.T.);
#1891=FACE_BOUND('',#1688,.T.);
#1892=FACE_BOUND('',#1689,.T.);
#1893=FACE_BOUND('',#1690,.T.);
#1894=FACE_BOUND('',#1691,.T.);
#1895=FACE_BOUND('',#1692,.T.);
#1896=FACE_BOUND('',#1693,.T.);
#1897=FACE_BOUND('',#1694,.T.);
#1898=FACE_BOUND('',#1695,.T.);
#1899=FACE_BOUND('',#1696,.T.);
#1900=FACE_BOUND('',#1697,.T.);
#1901=FACE_BOUND('',#1698,.T.);
#1902=FACE_BOUND('',#1699,.T.);
#1903=FACE_BOUND('',#1700,.T.);
#1904=FACE_BOUND('',#1701,.T.);
#1905=FACE_BOUND('',#1702,.T.);
#1906=FACE_BOUND('',#1703,.T.);
#1907=FACE_BOUND('',#1704,.T.);
#1908=FACE_BOUND('',#1705,.T.);
#1909=FACE_BOUND('',#1706,.T.);
#1910=FACE_BOUND('',#1707,.T.);
#1911=FACE_BOUND('',#1708,.T.);
#1912=FACE_BOUND('',#1709,.T.);
#1913=FACE_BOUND('',#1710,.T.);
#1914=FACE_BOUND('',#1711,.T.);
#1915=FACE_BOUND('',#1712,.T.);
#1916=FACE_BOUND('',#1713,.T.);
#1917=FACE_BOUND('',#1714,.T.);
#1918=FACE_BOUND('',#1715,.T.);
#1919=FACE_BOUND('',#1716,.T.);
#1920=FACE_BOUND('',#1717,.T.);
#1921=FACE_BOUND('',#1718,.T.);
#1922=FACE_BOUND('',#1719,.T.);
#1923=FACE_BOUND('',#1720,.T.);
#1924=FACE_BOUND('',#1721,.T.);
#1925=FACE_BOUND('',#1722,.T.);
#1926=FACE_BOUND('',#1723,.T.);
#1927=FACE_BOUND('',#1724,.T.);
#1928=FACE_BOUND('',#1725,.T.);
#1929=FACE_BOUND('',#1726,.T.);
#1930=FACE_BOUND('',#1727,.T.);
#1931=FACE_BOUND('',#1728,.T.);
#1932=FACE_BOUND('',#1729,.T.);
#1933=FACE_BOUND('',#1730,.T.);
#1934=FACE_BOUND('',#1731,.T.);
#1935=FACE_BOUND('',#1732,.T.);
#1936=FACE_BOUND('',#1733,.T.);
#1937=FACE_BOUND('',#1734,.T.);
#1938=FACE_BOUND('',#1735,.T.);
#1939=FACE_BOUND('',#1736,.T.);
#1940=FACE_BOUND('',#1737,.T.);
#1941=FACE_BOUND('',#1738,.T.);
#1942=FACE_BOUND('',#1739,.T.);
#1943=FACE_BOUND('',#1740,.T.);
#1944=FACE_BOUND('',#1741,.T.);
#1945=FACE_BOUND('',#1742,.T.);
#1946=FACE_BOUND('',#1743,.T.);
#1947=FACE_BOUND('',#1744,.T.);
#1948=FACE_BOUND('',#1745,.T.);
#1949=FACE_BOUND('',#1746,.T.);
#1950=FACE_BOUND('',#1747,.T.);
#1951=FACE_BOUND('',#1748,.T.);
#1952=FACE_BOUND('',#1749,.T.);
#1953=FACE_BOUND('',#1750,.T.);
#1954=FACE_BOUND('',#1751,.T.);
#1955=FACE_BOUND('',#1752,.T.);
#1956=FACE_BOUND('',#1753,.T.);
#1957=FACE_BOUND('',#1754,.T.);
#1958=FACE_BOUND('',#1755,.T.);
#1959=FACE_BOUND('',#1756,.T.);
#1960=FACE_BOUND('',#1757,.T.);
#1961=FACE_BOUND('',#1758,.T.);
#1962=FACE_BOUND('',#1759,.T.);
#1963=FACE_BOUND('',#1760,.T.);
#1964=FACE_BOUND('',#1761,.T.);
#1965=FACE_BOUND('',#1762,.T.);
#1966=FACE_BOUND('',#1763,.T.);
#1967=FACE_BOUND('',#1764,.T.);
#1968=FACE_BOUND('',#1765,.T.);
#1969=FACE_BOUND('',#1766,.T.);
#1970=FACE_BOUND('',#1767,.T.);
#1971=FACE_BOUND('',#1768,.T.);
#1972=FACE_BOUND('',#1769,.T.);
#1973=FACE_BOUND('',#1770,.T.);
#1974=FACE_BOUND('',#1771,.T.);
#1975=FACE_BOUND('',#1772,.T.);
#1976=FACE_BOUND('',#1773,.T.);
#1977=FACE_BOUND('',#1774,.T.);
#1978=FACE_BOUND('',#1775,.T.);
#1979=FACE_BOUND('',#1776,.T.);
#1980=FACE_BOUND('',#1777,.T.);
#1981=FACE_BOUND('',#1778,.T.);
#1982=FACE_BOUND('',#1779,.T.);
#1983=FACE_BOUND('',#1780,.T.);
#1984=FACE_BOUND('',#1781,.T.);
#1985=FACE_BOUND('',#1782,.T.);
#1986=FACE_BOUND('',#1783,.T.);
#1987=FACE_BOUND('',#1784,.T.);
#1988=FACE_BOUND('',#1785,.T.);
#1989=FACE_BOUND('',#1786,.T.);
#1990=FACE_BOUND('',#1787,.T.);
#1991=FACE_BOUND('',#1788,.T.);
#1992=FACE_BOUND('',#1789,.T.);
#1993=FACE_BOUND('',#1790,.T.);
#1994=FACE_BOUND('',#1791,.T.);
#1995=FACE_BOUND('',#1792,.T.);
#1996=FACE_BOUND('',#1793,.T.);
#1997=FACE_BOUND('',#1794,.T.);
#1998=FACE_BOUND('',#1795,.T.);
#1999=FACE_BOUND('',#1796,.T.);
#2000=FACE_BOUND('',#1797,.T.);
#2001=FACE_BOUND('',#1798,.T.);
#2002=FACE_BOUND('',#1799,.T.);
#2003=FACE_BOUND('',#1800,.T.);
#2004=FACE_BOUND('',#1801,.T.);
#2005=FACE_BOUND('',#1802,.T.);
#2006=FACE_BOUND('',#1803,.T.);
#2007=FACE_BOUND('',#1804,.T.);
#2008=FACE_BOUND('',#1805,.T.);
#2009=FACE_BOUND('',#1806,.T.);
#2010=FACE_BOUND('',#1807,.T.);
#2011=FACE_BOUND('',#1808,.T.);
#2012=FACE_BOUND('',#1809,.T.);
#2013=FACE_BOUND('',#1810,.T.);
#2014=FACE_BOUND('',#1811,.T.);
#2015=FACE_BOUND('',#1812,.T.);
#2016=FACE_BOUND('',#1813,.T.);
#2017=FACE_BOUND('',#1814,.T.);
#2018=FACE_BOUND('',#1815,.T.);
#2019=FACE_BOUND('',#1816,.T.);
#2020=FACE_BOUND('',#1817,.T.);
#2021=FACE_BOUND('',#1818,.T.);
#2022=FACE_BOUND('',#1819,.T.);
#2023=FACE_BOUND('',#1820,.T.);
#2024=FACE_BOUND('',#1821,.T.);
#2025=FACE_BOUND('',#1822,.T.);
#2026=FACE_BOUND('',#1823,.T.);
#2027=FACE_BOUND('',#1824,.T.);
#2028=FACE_BOUND('',#1825,.T.);
#2029=FACE_BOUND('',#1826,.T.);
#2030=FACE_BOUND('',#1827,.T.);
#2031=FACE_BOUND('',#1828,.T.);
#2032=FACE_BOUND('',#1829,.T.);
#2033=FACE_BOUND('',#1830,.T.);
#2034=FACE_BOUND('',#1831,.T.);
#2035=FACE_BOUND('',#1832,.T.);
#2036=FACE_BOUND('',#1833,.T.);
#2037=FACE_BOUND('',#1834,.T.);
#2038=FACE_BOUND('',#1835,.T.);
#2039=FACE_BOUND('',#1836,.T.);
#2040=FACE_BOUND('',#1837,.T.);
#2041=FACE_BOUND('',#1838,.T.);
#2042=FACE_BOUND('',#1839,.T.);
#2043=FACE_BOUND('',#1840,.T.);
#2044=FACE_BOUND('',#1841,.T.);
#2045=FACE_BOUND('',#1842,.T.);
#2046=FACE_BOUND('',#1843,.T.);
#2047=FACE_BOUND('',#1844,.T.);
#2048=FACE_BOUND('',#1845,.T.);
#2049=FACE_BOUND('',#1846,.T.);
#2050=FACE_BOUND('',#1847,.T.);
#2051=FACE_BOUND('',#1848,.T.);
#2052=FACE_BOUND('',#1849,.T.);
#2053=FACE_BOUND('',#1850,.T.);
#2054=FACE_BOUND('',#1851,.T.);
#2055=FACE_BOUND('',#1852,.T.);
#2056=FACE_BOUND('',#1853,.T.);
#2057=FACE_BOUND('',#1854,.T.);
#2058=FACE_BOUND('',#1855,.T.);
#2059=FACE_BOUND('',#1856,.T.);
#2060=FACE_BOUND('',#1857,.T.);
#2061=FACE_BOUND('',#1858,.T.);
#2062=FACE_BOUND('',#1859,.T.);
#2063=FACE_BOUND('',#1860,.T.);
#2064=FACE_BOUND('',#1861,.T.);
#2065=FACE_BOUND('',#1862,.T.);
#2066=FACE_BOUND('',#1863,.T.);
#2067=FACE_BOUND('',#1864,.T.);
#2068=FACE_BOUND('',#1865,.T.);
#2069=FACE_BOUND('',#1866,.T.);
#2070=FACE_BOUND('',#1867,.T.);
#2071=FACE_BOUND('',#1868,.T.);
#2072=FACE_BOUND('',#1869,.T.);
#2073=FACE_BOUND('',#1870,.T.);
#2074=FACE_BOUND('',#1871,.T.);
#2075=FACE_BOUND('',#1872,.T.);
#2076=FACE_BOUND('',#1873,.T.);
#2077=FACE_BOUND('',#1874,.T.);
#2078=FACE_BOUND('',#1875,.T.);
#2079=FACE_BOUND('',#1876,.T.);
#2080=FACE_BOUND('',#1877,.T.);
#2081=FACE_BOUND('',#1878,.T.);
#2082=FACE_BOUND('',#1879,.T.);
#2083=FACE_BOUND('',#1880,.T.);
#2084=FACE_BOUND('',#1881,.T.);
#2085=PLANE('',#2280);
#2086=PLANE('',#2328);
#2087=PLANE('',#2344);
#2088=PLANE('',#2394);
#2089=PLANE('',#2395);
#2090=PLANE('',#2396);
#2091=PLANE('',#2397);
#2092=PLANE('',#2398);
#2093=PLANE('',#2407);
#2094=PLANE('',#2408);
#2095=PLANE('',#2410);
#2096=PLANE('',#2411);
#2097=PLANE('',#2412);
#2098=PLANE('',#2413);
#2099=PLANE('',#2423);
#2100=PLANE('',#2424);
#2101=PLANE('',#2425);
#2102=PLANE('',#2426);
#2103=PLANE('',#2437);
#2104=PLANE('',#2438);
#2105=PLANE('',#2439);
#2106=PLANE('',#2441);
#2107=PLANE('',#2442);
#2108=PLANE('',#2443);
#2109=PLANE('',#2444);
#2110=PLANE('',#2454);
#2111=PLANE('',#2455);
#2112=PLANE('',#2458);
#2113=PLANE('',#2461);
#2114=PLANE('',#2464);
#2115=PLANE('',#2465);
#2116=PLANE('',#2466);
#2117=PLANE('',#2467);
#2118=PLANE('',#2468);
#2119=PLANE('',#2469);
#2120=PLANE('',#2470);
#2121=PLANE('',#2471);
#2122=PLANE('',#2472);
#2123=PLANE('',#2473);
#2124=PLANE('',#2474);
#2125=PLANE('',#2475);
#2126=PLANE('',#2476);
#2127=PLANE('',#2477);
#2128=PLANE('',#2478);
#2129=PLANE('',#2479);
#2130=PLANE('',#2480);
#2131=PLANE('',#2481);
#2132=PLANE('',#2482);
#2133=PLANE('',#2483);
#2134=PLANE('',#2484);
#2135=PLANE('',#2485);
#2136=PLANE('',#2486);
#2137=PLANE('',#2487);
#2138=PLANE('',#2488);
#2139=PLANE('',#2489);
#2140=PLANE('',#2490);
#2141=PLANE('',#2491);
#2142=PLANE('',#2492);
#2143=PLANE('',#2493);
#2144=PLANE('',#2494);
#2145=PLANE('',#2495);
#2146=PLANE('',#2496);
#2147=PLANE('',#2497);
#2148=PLANE('',#2498);
#2149=PLANE('',#2499);
#2150=ADVANCED_FACE('',(#1882,#1883,#1884,#1885,#1886,#1887,#1888,#1889,
#1890,#1891,#1892,#1893,#1894,#1895,#1896,#1897,#1898,#1899,#1900,#1901,
#1902,#1903,#1904,#1905,#1906,#1907,#1908,#1909,#1910),#2085,.F.);
#2151=ADVANCED_FACE('',(#1911,#1912),#12,.T.);
#2152=ADVANCED_FACE('',(#1913),#2086,.F.);
#2153=ADVANCED_FACE('',(#1914,#1915),#13,.F.);
#2154=ADVANCED_FACE('',(#1916,#1917),#14,.F.);
#2155=ADVANCED_FACE('',(#1918,#1919),#15,.F.);
#2156=ADVANCED_FACE('',(#1920,#1921),#16,.F.);
#2157=ADVANCED_FACE('',(#1922,#1923),#17,.F.);
#2158=ADVANCED_FACE('',(#1924,#1925,#1926,#1927,#1928,#1929,#1930,#1931,
#1932,#1933,#1934,#1935,#1936,#1937,#1938,#1939,#1940,#1941,#1942,#1943,
#1944,#1945,#1946,#1947),#2087,.T.);
#2159=ADVANCED_FACE('',(#1948,#1949),#18,.F.);
#2160=ADVANCED_FACE('',(#1950,#1951),#19,.F.);
#2161=ADVANCED_FACE('',(#1952,#1953),#20,.F.);
#2162=ADVANCED_FACE('',(#1954),#2088,.T.);
#2163=ADVANCED_FACE('',(#1955),#2089,.F.);
#2164=ADVANCED_FACE('',(#1956),#2090,.F.);
#2165=ADVANCED_FACE('',(#1957),#2091,.F.);
#2166=ADVANCED_FACE('',(#1958),#2092,.F.);
#2167=ADVANCED_FACE('',(#1959),#21,.T.);
#2168=ADVANCED_FACE('',(#1960,#1961),#22,.F.);
#2169=ADVANCED_FACE('',(#1962,#1963),#23,.F.);
#2170=ADVANCED_FACE('',(#1964,#1965),#24,.F.);
#2171=ADVANCED_FACE('',(#1966,#1967),#25,.F.);
#2172=ADVANCED_FACE('',(#1968,#1969),#26,.F.);
#2173=ADVANCED_FACE('',(#1970,#1971),#27,.F.);
#2174=ADVANCED_FACE('',(#1972,#1973),#28,.F.);
#2175=ADVANCED_FACE('',(#1974),#2093,.F.);
#2176=ADVANCED_FACE('',(#1975),#2094,.T.);
#2177=ADVANCED_FACE('',(#1976),#29,.T.);
#2178=ADVANCED_FACE('',(#1977),#2095,.F.);
#2179=ADVANCED_FACE('',(#1978),#2096,.T.);
#2180=ADVANCED_FACE('',(#1979),#2097,.T.);
#2181=ADVANCED_FACE('',(#1980),#2098,.T.);
#2182=ADVANCED_FACE('',(#1981),#30,.F.);
#2183=ADVANCED_FACE('',(#1982),#31,.F.);
#2184=ADVANCED_FACE('',(#1983),#32,.F.);
#2185=ADVANCED_FACE('',(#1984),#33,.F.);
#2186=ADVANCED_FACE('',(#1985),#34,.F.);
#2187=ADVANCED_FACE('',(#1986),#35,.F.);
#2188=ADVANCED_FACE('',(#1987),#36,.F.);
#2189=ADVANCED_FACE('',(#1988),#37,.F.);
#2190=ADVANCED_FACE('',(#1989),#38,.F.);
#2191=ADVANCED_FACE('',(#1990),#2099,.F.);
#2192=ADVANCED_FACE('',(#1991),#2100,.F.);
#2193=ADVANCED_FACE('',(#1992),#2101,.F.);
#2194=ADVANCED_FACE('',(#1993),#2102,.F.);
#2195=ADVANCED_FACE('',(#1994,#1995),#39,.T.);
#2196=ADVANCED_FACE('',(#1996),#40,.T.);
#2197=ADVANCED_FACE('',(#1997,#1998),#41,.F.);
#2198=ADVANCED_FACE('',(#1999,#2000),#42,.F.);
#2199=ADVANCED_FACE('',(#2001,#2002),#43,.F.);
#2200=ADVANCED_FACE('',(#2003,#2004),#44,.F.);
#2201=ADVANCED_FACE('',(#2005,#2006),#45,.F.);
#2202=ADVANCED_FACE('',(#2007,#2008),#46,.F.);
#2203=ADVANCED_FACE('',(#2009,#2010),#47,.F.);
#2204=ADVANCED_FACE('',(#2011),#2103,.F.);
#2205=ADVANCED_FACE('',(#2012),#2104,.T.);
#2206=ADVANCED_FACE('',(#2013),#2105,.F.);
#2207=ADVANCED_FACE('',(#2014),#48,.T.);
#2208=ADVANCED_FACE('',(#2015),#2106,.F.);
#2209=ADVANCED_FACE('',(#2016),#2107,.T.);
#2210=ADVANCED_FACE('',(#2017),#2108,.T.);
#2211=ADVANCED_FACE('',(#2018),#2109,.T.);
#2212=ADVANCED_FACE('',(#2019),#49,.F.);
#2213=ADVANCED_FACE('',(#2020),#50,.F.);
#2214=ADVANCED_FACE('',(#2021),#51,.F.);
#2215=ADVANCED_FACE('',(#2022),#52,.F.);
#2216=ADVANCED_FACE('',(#2023),#53,.F.);
#2217=ADVANCED_FACE('',(#2024),#54,.F.);
#2218=ADVANCED_FACE('',(#2025),#55,.F.);
#2219=ADVANCED_FACE('',(#2026),#56,.F.);
#2220=ADVANCED_FACE('',(#2027),#57,.F.);
#2221=ADVANCED_FACE('',(#2028,#2029),#2110,.T.);
#2222=ADVANCED_FACE('',(#2030,#2031),#2111,.T.);
#2223=ADVANCED_FACE('',(#2032,#2033),#58,.T.);
#2224=ADVANCED_FACE('',(#2034,#2035),#2112,.T.);
#2225=ADVANCED_FACE('',(#2036),#59,.T.);
#2226=ADVANCED_FACE('',(#2037,#2038),#2113,.T.);
#2227=ADVANCED_FACE('',(#2039),#60,.T.);
#2228=ADVANCED_FACE('',(#2040,#2041),#2114,.T.);
#2229=ADVANCED_FACE('',(#2042),#2115,.T.);
#2230=ADVANCED_FACE('',(#2043),#2116,.T.);
#2231=ADVANCED_FACE('',(#2044),#2117,.T.);
#2232=ADVANCED_FACE('',(#2045),#2118,.T.);
#2233=ADVANCED_FACE('',(#2046),#2119,.T.);
#2234=ADVANCED_FACE('',(#2047),#2120,.T.);
#2235=ADVANCED_FACE('',(#2048,#2049),#2121,.T.);
#2236=ADVANCED_FACE('',(#2050),#2122,.F.);
#2237=ADVANCED_FACE('',(#2051),#2123,.F.);
#2238=ADVANCED_FACE('',(#2052),#2124,.F.);
#2239=ADVANCED_FACE('',(#2053),#2125,.F.);
#2240=ADVANCED_FACE('',(#2054),#2126,.F.);
#2241=ADVANCED_FACE('',(#2055),#2127,.F.);
#2242=ADVANCED_FACE('',(#2056,#2057),#2128,.T.);
#2243=ADVANCED_FACE('',(#2058),#2129,.F.);
#2244=ADVANCED_FACE('',(#2059),#2130,.F.);
#2245=ADVANCED_FACE('',(#2060),#2131,.F.);
#2246=ADVANCED_FACE('',(#2061),#2132,.F.);
#2247=ADVANCED_FACE('',(#2062),#2133,.F.);
#2248=ADVANCED_FACE('',(#2063),#2134,.F.);
#2249=ADVANCED_FACE('',(#2064,#2065),#2135,.T.);
#2250=ADVANCED_FACE('',(#2066),#2136,.F.);
#2251=ADVANCED_FACE('',(#2067),#2137,.F.);
#2252=ADVANCED_FACE('',(#2068),#2138,.F.);
#2253=ADVANCED_FACE('',(#2069),#2139,.F.);
#2254=ADVANCED_FACE('',(#2070),#2140,.F.);
#2255=ADVANCED_FACE('',(#2071),#2141,.F.);
#2256=ADVANCED_FACE('',(#2072,#2073),#2142,.T.);
#2257=ADVANCED_FACE('',(#2074),#2143,.T.);
#2258=ADVANCED_FACE('',(#2075),#2144,.T.);
#2259=ADVANCED_FACE('',(#2076),#2145,.T.);
#2260=ADVANCED_FACE('',(#2077),#2146,.T.);
#2261=ADVANCED_FACE('',(#2078),#2147,.T.);
#2262=ADVANCED_FACE('',(#2079),#2148,.T.);
#2263=ADVANCED_FACE('',(#2080,#2081),#2149,.T.);
#2264=ADVANCED_FACE('',(#2082),#61,.F.);
#2265=ADVANCED_FACE('',(#2083),#62,.T.);
#2266=ADVANCED_FACE('',(#2084),#63,.T.);
#2267=CLOSED_SHELL('',(#2150,#2151,#2152,#2153,#2154,#2155,#2156,#2157,
#2158,#2159,#2160,#2161,#2162,#2163,#2164,#2165,#2166,#2167,#2168,#2169,
#2170,#2171,#2172,#2173,#2174,#2175,#2176,#2177,#2178,#2179,#2180,#2181,
#2182,#2183,#2184,#2185,#2186,#2187,#2188,#2189,#2190,#2191,#2192,#2193,
#2194,#2195,#2196,#2197,#2198,#2199,#2200,#2201,#2202,#2203,#2204,#2205,
#2206,#2207,#2208,#2209,#2210,#2211,#2212,#2213,#2214,#2215,#2216,#2217,
#2218,#2219,#2220,#2221,#2222,#2223,#2224,#2225,#2226,#2227,#2228,#2229,
#2230,#2231,#2232,#2233,#2234,#2235,#2236,#2237,#2238,#2239,#2240,#2241,
#2242,#2243,#2244,#2245,#2246,#2247,#2248,#2249,#2250,#2251,#2252,#2253,
#2254,#2255,#2256,#2257,#2258,#2259,#2260,#2261,#2262,#2263,#2264,#2265,
#2266));
#2268=STYLED_ITEM('',(#2269),#2276);
#2269=PRESENTATION_STYLE_ASSIGNMENT((#2270));
#2270=SURFACE_STYLE_USAGE(.BOTH.,#2271);
#2271=SURFACE_SIDE_STYLE('',(#2272));
#2272=SURFACE_STYLE_FILL_AREA(#2273);
#2273=FILL_AREA_STYLE('',(#2274));
#2274=FILL_AREA_STYLE_COLOUR('',#2275);
#2275=COLOUR_RGB('',0.901960784313726,0.87843137254902,0.811764705882353);
#2276=MANIFOLD_SOLID_BREP('Gearbox Female',#2267);
#2277=SHAPE_DEFINITION_REPRESENTATION(#3787,#2278);
#2278=SHAPE_REPRESENTATION('Gearbox Female',(#2279),#3782);
#2279=AXIS2_PLACEMENT_3D('',#3146,#2503,#2504);
#2280=AXIS2_PLACEMENT_3D('',#3147,#2505,#2506);
#2281=AXIS2_PLACEMENT_3D('',#3175,#2520,#2521);
#2282=AXIS2_PLACEMENT_3D('',#3179,#2523,#2524);
#2283=AXIS2_PLACEMENT_3D('',#3183,#2526,#2527);
#2284=AXIS2_PLACEMENT_3D('',#3187,#2529,#2530);
#2285=AXIS2_PLACEMENT_3D('',#3191,#2532,#2533);
#2286=AXIS2_PLACEMENT_3D('',#3195,#2535,#2536);
#2287=AXIS2_PLACEMENT_3D('',#3199,#2538,#2539);
#2288=AXIS2_PLACEMENT_3D('',#3203,#2541,#2542);
#2289=AXIS2_PLACEMENT_3D('',#3207,#2544,#2545);
#2290=AXIS2_PLACEMENT_3D('',#3208,#2546,#2547);
#2291=AXIS2_PLACEMENT_3D('',#3210,#2548,#2549);
#2292=AXIS2_PLACEMENT_3D('',#3212,#2550,#2551);
#2293=AXIS2_PLACEMENT_3D('',#3214,#2552,#2553);
#2294=AXIS2_PLACEMENT_3D('',#3216,#2554,#2555);
#2295=AXIS2_PLACEMENT_3D('',#3218,#2556,#2557);
#2296=AXIS2_PLACEMENT_3D('',#3220,#2558,#2559);
#2297=AXIS2_PLACEMENT_3D('',#3222,#2560,#2561);
#2298=AXIS2_PLACEMENT_3D('',#3227,#2563,#2564);
#2299=AXIS2_PLACEMENT_3D('',#3231,#2566,#2567);
#2300=AXIS2_PLACEMENT_3D('',#3235,#2569,#2570);
#2301=AXIS2_PLACEMENT_3D('',#3239,#2572,#2573);
#2302=AXIS2_PLACEMENT_3D('',#3243,#2575,#2576);
#2303=AXIS2_PLACEMENT_3D('',#3247,#2578,#2579);
#2304=AXIS2_PLACEMENT_3D('',#3251,#2581,#2582);
#2305=AXIS2_PLACEMENT_3D('',#3255,#2584,#2585);
#2306=AXIS2_PLACEMENT_3D('',#3259,#2587,#2588);
#2307=AXIS2_PLACEMENT_3D('',#3260,#2589,#2590);
#2308=AXIS2_PLACEMENT_3D('',#3262,#2591,#2592);
#2309=AXIS2_PLACEMENT_3D('',#3264,#2593,#2594);
#2310=AXIS2_PLACEMENT_3D('',#3266,#2595,#2596);
#2311=AXIS2_PLACEMENT_3D('',#3268,#2597,#2598);
#2312=AXIS2_PLACEMENT_3D('',#3270,#2599,#2600);
#2313=AXIS2_PLACEMENT_3D('',#3272,#2601,#2602);
#2314=AXIS2_PLACEMENT_3D('',#3274,#2603,#2604);
#2315=AXIS2_PLACEMENT_3D('',#3276,#2605,#2606);
#2316=AXIS2_PLACEMENT_3D('',#3317,#2626,#2627);
#2317=AXIS2_PLACEMENT_3D('',#3319,#2628,#2629);
#2318=AXIS2_PLACEMENT_3D('',#3321,#2630,#2631);
#2319=AXIS2_PLACEMENT_3D('',#3325,#2633,#2634);
#2320=AXIS2_PLACEMENT_3D('',#3327,#2635,#2636);
#2321=AXIS2_PLACEMENT_3D('',#3331,#2638,#2639);
#2322=AXIS2_PLACEMENT_3D('',#3335,#2641,#2642);
#2323=AXIS2_PLACEMENT_3D('',#3339,#2644,#2645);
#2324=AXIS2_PLACEMENT_3D('',#3341,#2646,#2647);
#2325=AXIS2_PLACEMENT_3D('',#3342,#2648,#2649);
#2326=AXIS2_PLACEMENT_3D('',#3343,#2650,#2651);
#2327=AXIS2_PLACEMENT_3D('',#3345,#2652,#2653);
#2328=AXIS2_PLACEMENT_3D('',#3350,#2656,#2657);
#2329=AXIS2_PLACEMENT_3D('',#3356,#2661,#2662);
#2330=AXIS2_PLACEMENT_3D('',#3357,#2663,#2664);
#2331=AXIS2_PLACEMENT_3D('',#3359,#2665,#2666);
#2332=AXIS2_PLACEMENT_3D('',#3361,#2667,#2668);
#2333=AXIS2_PLACEMENT_3D('',#3362,#2669,#2670);
#2334=AXIS2_PLACEMENT_3D('',#3364,#2671,#2672);
#2335=AXIS2_PLACEMENT_3D('',#3366,#2673,#2674);
#2336=AXIS2_PLACEMENT_3D('',#3367,#2675,#2676);
#2337=AXIS2_PLACEMENT_3D('',#3369,#2677,#2678);
#2338=AXIS2_PLACEMENT_3D('',#3371,#2679,#2680);
#2339=AXIS2_PLACEMENT_3D('',#3372,#2681,#2682);
#2340=AXIS2_PLACEMENT_3D('',#3374,#2683,#2684);
#2341=AXIS2_PLACEMENT_3D('',#3376,#2685,#2686);
#2342=AXIS2_PLACEMENT_3D('',#3377,#2687,#2688);
#2343=AXIS2_PLACEMENT_3D('',#3379,#2689,#2690);
#2344=AXIS2_PLACEMENT_3D('',#3381,#2691,#2692);
#2345=AXIS2_PLACEMENT_3D('',#3382,#2693,#2694);
#2346=AXIS2_PLACEMENT_3D('',#3385,#2695,#2696);
#2347=AXIS2_PLACEMENT_3D('',#3386,#2697,#2698);
#2348=AXIS2_PLACEMENT_3D('',#3389,#2700,#2701);
#2349=AXIS2_PLACEMENT_3D('',#3393,#2703,#2704);
#2350=AXIS2_PLACEMENT_3D('',#3396,#2706,#2707);
#2351=AXIS2_PLACEMENT_3D('',#3400,#2709,#2710);
#2352=AXIS2_PLACEMENT_3D('',#3402,#2711,#2712);
#2353=AXIS2_PLACEMENT_3D('',#3406,#2714,#2715);
#2354=AXIS2_PLACEMENT_3D('',#3410,#2717,#2718);
#2355=AXIS2_PLACEMENT_3D('',#3414,#2720,#2721);
#2356=AXIS2_PLACEMENT_3D('',#3418,#2723,#2724);
#2357=AXIS2_PLACEMENT_3D('',#3422,#2726,#2727);
#2358=AXIS2_PLACEMENT_3D('',#3426,#2729,#2730);
#2359=AXIS2_PLACEMENT_3D('',#3430,#2732,#2733);
#2360=AXIS2_PLACEMENT_3D('',#3434,#2735,#2736);
#2361=AXIS2_PLACEMENT_3D('',#3438,#2738,#2739);
#2362=AXIS2_PLACEMENT_3D('',#3439,#2740,#2741);
#2363=AXIS2_PLACEMENT_3D('',#3441,#2742,#2743);
#2364=AXIS2_PLACEMENT_3D('',#3443,#2744,#2745);
#2365=AXIS2_PLACEMENT_3D('',#3445,#2746,#2747);
#2366=AXIS2_PLACEMENT_3D('',#3447,#2748,#2749);
#2367=AXIS2_PLACEMENT_3D('',#3449,#2750,#2751);
#2368=AXIS2_PLACEMENT_3D('',#3451,#2752,#2753);
#2369=AXIS2_PLACEMENT_3D('',#3453,#2754,#2755);
#2370=AXIS2_PLACEMENT_3D('',#3455,#2756,#2757);
#2371=AXIS2_PLACEMENT_3D('',#3457,#2758,#2759);
#2372=AXIS2_PLACEMENT_3D('',#3462,#2761,#2762);
#2373=AXIS2_PLACEMENT_3D('',#3466,#2764,#2765);
#2374=AXIS2_PLACEMENT_3D('',#3470,#2767,#2768);
#2375=AXIS2_PLACEMENT_3D('',#3474,#2770,#2771);
#2376=AXIS2_PLACEMENT_3D('',#3478,#2773,#2774);
#2377=AXIS2_PLACEMENT_3D('',#3482,#2776,#2777);
#2378=AXIS2_PLACEMENT_3D('',#3483,#2778,#2779);
#2379=AXIS2_PLACEMENT_3D('',#3485,#2780,#2781);
#2380=AXIS2_PLACEMENT_3D('',#3487,#2782,#2783);
#2381=AXIS2_PLACEMENT_3D('',#3489,#2784,#2785);
#2382=AXIS2_PLACEMENT_3D('',#3491,#2786,#2787);
#2383=AXIS2_PLACEMENT_3D('',#3493,#2788,#2789);
#2384=AXIS2_PLACEMENT_3D('',#3495,#2790,#2791);
#2385=AXIS2_PLACEMENT_3D('',#3500,#2793,#2794);
#2386=AXIS2_PLACEMENT_3D('',#3504,#2796,#2797);
#2387=AXIS2_PLACEMENT_3D('',#3508,#2799,#2800);
#2388=AXIS2_PLACEMENT_3D('',#3512,#2802,#2803);
#2389=AXIS2_PLACEMENT_3D('',#3516,#2805,#2806);
#2390=AXIS2_PLACEMENT_3D('',#3520,#2808,#2809);
#2391=AXIS2_PLACEMENT_3D('',#3521,#2810,#2811);
#2392=AXIS2_PLACEMENT_3D('',#3522,#2812,#2813);
#2393=AXIS2_PLACEMENT_3D('',#3523,#2814,#2815);
#2394=AXIS2_PLACEMENT_3D('',#3524,#2816,#2817);
#2395=AXIS2_PLACEMENT_3D('',#3527,#2820,#2821);
#2396=AXIS2_PLACEMENT_3D('',#3535,#2827,#2828);
#2397=AXIS2_PLACEMENT_3D('',#3538,#2831,#2832);
#2398=AXIS2_PLACEMENT_3D('',#3541,#2835,#2836);
#2399=AXIS2_PLACEMENT_3D('',#3544,#2839,#2840);
#2400=AXIS2_PLACEMENT_3D('',#3546,#2842,#2843);
#2401=AXIS2_PLACEMENT_3D('',#3547,#2844,#2845);
#2402=AXIS2_PLACEMENT_3D('',#3548,#2846,#2847);
#2403=AXIS2_PLACEMENT_3D('',#3549,#2848,#2849);
#2404=AXIS2_PLACEMENT_3D('',#3550,#2850,#2851);
#2405=AXIS2_PLACEMENT_3D('',#3551,#2852,#2853);
#2406=AXIS2_PLACEMENT_3D('',#3552,#2854,#2855);
#2407=AXIS2_PLACEMENT_3D('',#3553,#2856,#2857);
#2408=AXIS2_PLACEMENT_3D('',#3556,#2860,#2861);
#2409=AXIS2_PLACEMENT_3D('',#3557,#2862,#2863);
#2410=AXIS2_PLACEMENT_3D('',#3558,#2864,#2865);
#2411=AXIS2_PLACEMENT_3D('',#3561,#2868,#2869);
#2412=AXIS2_PLACEMENT_3D('',#3564,#2872,#2873);
#2413=AXIS2_PLACEMENT_3D('',#3567,#2876,#2877);
#2414=AXIS2_PLACEMENT_3D('',#3570,#2880,#2881);
#2415=AXIS2_PLACEMENT_3D('',#3571,#2882,#2883);
#2416=AXIS2_PLACEMENT_3D('',#3572,#2884,#2885);
#2417=AXIS2_PLACEMENT_3D('',#3573,#2886,#2887);
#2418=AXIS2_PLACEMENT_3D('',#3574,#2888,#2889);
#2419=AXIS2_PLACEMENT_3D('',#3575,#2890,#2891);
#2420=AXIS2_PLACEMENT_3D('',#3576,#2892,#2893);
#2421=AXIS2_PLACEMENT_3D('',#3577,#2894,#2895);
#2422=AXIS2_PLACEMENT_3D('',#3578,#2896,#2897);
#2423=AXIS2_PLACEMENT_3D('',#3579,#2898,#2899);
#2424=AXIS2_PLACEMENT_3D('',#3587,#2905,#2906);
#2425=AXIS2_PLACEMENT_3D('',#3590,#2909,#2910);
#2426=AXIS2_PLACEMENT_3D('',#3593,#2913,#2914);
#2427=AXIS2_PLACEMENT_3D('',#3596,#2917,#2918);
#2428=AXIS2_PLACEMENT_3D('',#3599,#2921,#2922);
#2429=AXIS2_PLACEMENT_3D('',#3601,#2923,#2924);
#2430=AXIS2_PLACEMENT_3D('',#3603,#2926,#2927);
#2431=AXIS2_PLACEMENT_3D('',#3604,#2928,#2929);
#2432=AXIS2_PLACEMENT_3D('',#3605,#2930,#2931);
#2433=AXIS2_PLACEMENT_3D('',#3606,#2932,#2933);
#2434=AXIS2_PLACEMENT_3D('',#3607,#2934,#2935);
#2435=AXIS2_PLACEMENT_3D('',#3608,#2936,#2937);
#2436=AXIS2_PLACEMENT_3D('',#3609,#2938,#2939);
#2437=AXIS2_PLACEMENT_3D('',#3610,#2940,#2941);
#2438=AXIS2_PLACEMENT_3D('',#3613,#2944,#2945);
#2439=AXIS2_PLACEMENT_3D('',#3614,#2946,#2947);
#2440=AXIS2_PLACEMENT_3D('',#3617,#2950,#2951);
#2441=AXIS2_PLACEMENT_3D('',#3618,#2952,#2953);
#2442=AXIS2_PLACEMENT_3D('',#3621,#2956,#2957);
#2443=AXIS2_PLACEMENT_3D('',#3624,#2960,#2961);
#2444=AXIS2_PLACEMENT_3D('',#3627,#2964,#2965);
#2445=AXIS2_PLACEMENT_3D('',#3630,#2968,#2969);
#2446=AXIS2_PLACEMENT_3D('',#3631,#2970,#2971);
#2447=AXIS2_PLACEMENT_3D('',#3632,#2972,#2973);
#2448=AXIS2_PLACEMENT_3D('',#3633,#2974,#2975);
#2449=AXIS2_PLACEMENT_3D('',#3634,#2976,#2977);
#2450=AXIS2_PLACEMENT_3D('',#3635,#2978,#2979);
#2451=AXIS2_PLACEMENT_3D('',#3636,#2980,#2981);
#2452=AXIS2_PLACEMENT_3D('',#3637,#2982,#2983);
#2453=AXIS2_PLACEMENT_3D('',#3638,#2984,#2985);
#2454=AXIS2_PLACEMENT_3D('',#3639,#2986,#2987);
#2455=AXIS2_PLACEMENT_3D('',#3640,#2988,#2989);
#2456=AXIS2_PLACEMENT_3D('',#3641,#2990,#2991);
#2457=AXIS2_PLACEMENT_3D('',#3642,#2992,#2993);
#2458=AXIS2_PLACEMENT_3D('',#3644,#2994,#2995);
#2459=AXIS2_PLACEMENT_3D('',#3645,#2996,#2997);
#2460=AXIS2_PLACEMENT_3D('',#3646,#2998,#2999);
#2461=AXIS2_PLACEMENT_3D('',#3647,#3000,#3001);
#2462=AXIS2_PLACEMENT_3D('',#3648,#3002,#3003);
#2463=AXIS2_PLACEMENT_3D('',#3649,#3004,#3005);
#2464=AXIS2_PLACEMENT_3D('',#3650,#3006,#3007);
#2465=AXIS2_PLACEMENT_3D('',#3651,#3008,#3009);
#2466=AXIS2_PLACEMENT_3D('',#3657,#3013,#3014);
#2467=AXIS2_PLACEMENT_3D('',#3661,#3017,#3018);
#2468=AXIS2_PLACEMENT_3D('',#3665,#3021,#3022);
#2469=AXIS2_PLACEMENT_3D('',#3669,#3025,#3026);
#2470=AXIS2_PLACEMENT_3D('',#3673,#3029,#3030);
#2471=AXIS2_PLACEMENT_3D('',#3675,#3032,#3033);
#2472=AXIS2_PLACEMENT_3D('',#3676,#3034,#3035);
#2473=AXIS2_PLACEMENT_3D('',#3682,#3039,#3040);
#2474=AXIS2_PLACEMENT_3D('',#3686,#3043,#3044);
#2475=AXIS2_PLACEMENT_3D('',#3690,#3047,#3048);
#2476=AXIS2_PLACEMENT_3D('',#3694,#3051,#3052);
#2477=AXIS2_PLACEMENT_3D('',#3698,#3055,#3056);
#2478=AXIS2_PLACEMENT_3D('',#3700,#3058,#3059);
#2479=AXIS2_PLACEMENT_3D('',#3701,#3060,#3061);
#2480=AXIS2_PLACEMENT_3D('',#3707,#3065,#3066);
#2481=AXIS2_PLACEMENT_3D('',#3711,#3069,#3070);
#2482=AXIS2_PLACEMENT_3D('',#3715,#3073,#3074);
#2483=AXIS2_PLACEMENT_3D('',#3719,#3077,#3078);
#2484=AXIS2_PLACEMENT_3D('',#3723,#3081,#3082);
#2485=AXIS2_PLACEMENT_3D('',#3725,#3084,#3085);
#2486=AXIS2_PLACEMENT_3D('',#3726,#3086,#3087);
#2487=AXIS2_PLACEMENT_3D('',#3732,#3091,#3092);
#2488=AXIS2_PLACEMENT_3D('',#3736,#3095,#3096);
#2489=AXIS2_PLACEMENT_3D('',#3740,#3099,#3100);
#2490=AXIS2_PLACEMENT_3D('',#3744,#3103,#3104);
#2491=AXIS2_PLACEMENT_3D('',#3748,#3107,#3108);
#2492=AXIS2_PLACEMENT_3D('',#3750,#3110,#3111);
#2493=AXIS2_PLACEMENT_3D('',#3751,#3112,#3113);
#2494=AXIS2_PLACEMENT_3D('',#3757,#3117,#3118);
#2495=AXIS2_PLACEMENT_3D('',#3761,#3121,#3122);
#2496=AXIS2_PLACEMENT_3D('',#3765,#3125,#3126);
#2497=AXIS2_PLACEMENT_3D('',#3769,#3129,#3130);
#2498=AXIS2_PLACEMENT_3D('',#3773,#3133,#3134);
#2499=AXIS2_PLACEMENT_3D('',#3775,#3136,#3137);
#2500=AXIS2_PLACEMENT_3D('',#3776,#3138,#3139);
#2501=AXIS2_PLACEMENT_3D('',#3779,#3142,#3143);
#2502=AXIS2_PLACEMENT_3D('',#3780,#3144,#3145);
#2503=DIRECTION('',(0.,0.,1.));
#2504=DIRECTION('',(1.,0.,0.));
#2505=DIRECTION('',(0.,1.,0.));
#2506=DIRECTION('',(-1.,0.,0.));
#2507=DIRECTION('',(-0.967497583988405,0.,0.252880258178844));
#2508=DIRECTION('',(-0.264748064295756,0.,0.964317614923449));
#2509=DIRECTION('',(0.702749519692648,0.,0.711437356744606));
#2510=DIRECTION('',(0.967497583988405,0.,-0.252880258178844));
#2511=DIRECTION('',(0.264748064295756,0.,-0.964317614923449));
#2512=DIRECTION('',(-0.702749519692649,0.,-0.711437356744605));
#2513=DIRECTION('',(-0.831841842828493,0.,-0.555012746267775));
#2514=DIRECTION('',(-0.896576059106306,0.,0.44288979468645));
#2515=DIRECTION('',(-0.0647342162778131,0.,0.997902540954224));
#2516=DIRECTION('',(0.831841842828493,0.,0.555012746267775));
#2517=DIRECTION('',(0.896576059106307,0.,-0.442889794686449));
#2518=DIRECTION('',(0.0647342162778133,0.,-0.997902540954224));
#2519=DIRECTION('',(-0.71171290050631,0.,-0.702470460057144));
#2520=DIRECTION('',(0.,-1.,0.));
#2521=DIRECTION('',(0.,0.,1.));
#2522=DIRECTION('',(-0.277870967383569,0.,-0.960618407842219));
#2523=DIRECTION('',(0.,-1.,0.));
#2524=DIRECTION('',(0.,0.,1.));
#2525=DIRECTION('',(-0.526362080930464,0.,0.850260524638508));
#2526=DIRECTION('',(0.,-1.,0.));
#2527=DIRECTION('',(0.,0.,1.));
#2528=DIRECTION('',(-0.0261404480018406,0.,-0.999658280102888));
#2529=DIRECTION('',(0.,-1.,0.));
#2530=DIRECTION('',(0.,0.,1.));
#2531=DIRECTION('',(-0.769003336910599,0.,0.639244763623734));
#2532=DIRECTION('',(0.,-1.,0.));
#2533=DIRECTION('',(0.,0.,1.));
#2534=DIRECTION('',(0.71171290050631,0.,0.702470460057144));
#2535=DIRECTION('',(0.,-1.,0.));
#2536=DIRECTION('',(0.,0.,1.));
#2537=DIRECTION('',(-0.831841842828494,0.,-0.555012746267773));
#2538=DIRECTION('',(0.,-1.,0.));
#2539=DIRECTION('',(0.,0.,1.));
#2540=DIRECTION('',(-0.277870967383569,0.,-0.960618407842219));
#2541=DIRECTION('',(0.,-1.,0.));
#2542=DIRECTION('',(0.,0.,1.));
#2543=DIRECTION('',(-0.769003336910599,0.,0.639244763623735));
#2544=DIRECTION('',(0.,-1.,0.));
#2545=DIRECTION('',(0.,0.,1.));
#2546=DIRECTION('',(0.,-1.,0.));
#2547=DIRECTION('',(0.,0.,1.));
#2548=DIRECTION('',(0.,-1.,0.));
#2549=DIRECTION('',(0.,0.,1.));
#2550=DIRECTION('',(0.,-1.,0.));
#2551=DIRECTION('',(0.,0.,1.));
#2552=DIRECTION('',(0.,-1.,0.));
#2553=DIRECTION('',(0.,0.,1.));
#2554=DIRECTION('',(0.,-1.,0.));
#2555=DIRECTION('',(0.,0.,1.));
#2556=DIRECTION('',(0.,-1.,0.));
#2557=DIRECTION('',(0.,0.,1.));
#2558=DIRECTION('',(0.,-1.,0.));
#2559=DIRECTION('',(0.,0.,1.));
#2560=DIRECTION('',(0.,1.,0.));
#2561=DIRECTION('',(0.,0.,1.));
#2562=DIRECTION('',(0.71171290050631,0.,-0.702470460057144));
#2563=DIRECTION('',(0.,1.,0.));
#2564=DIRECTION('',(0.,0.,1.));
#2565=DIRECTION('',(0.526362080930464,0.,0.850260524638508));
#2566=DIRECTION('',(0.,1.,0.));
#2567=DIRECTION('',(0.,0.,1.));
#2568=DIRECTION('',(0.277870967383569,0.,-0.960618407842219));
#2569=DIRECTION('',(0.,1.,0.));
#2570=DIRECTION('',(0.,0.,1.));
#2571=DIRECTION('',(0.0261404480018406,0.,-0.999658280102888));
#2572=DIRECTION('',(0.,1.,0.));
#2573=DIRECTION('',(0.,0.,1.));
#2574=DIRECTION('',(-0.71171290050631,0.,0.702470460057144));
#2575=DIRECTION('',(0.,1.,0.));
#2576=DIRECTION('',(0.,0.,1.));
#2577=DIRECTION('',(0.769003336910599,0.,0.639244763623734));
#2578=DIRECTION('',(0.,1.,0.));
#2579=DIRECTION('',(0.,0.,1.));
#2580=DIRECTION('',(0.831841842828494,0.,-0.555012746267773));
#2581=DIRECTION('',(0.,1.,0.));
#2582=DIRECTION('',(0.,0.,1.));
#2583=DIRECTION('',(0.769003336910599,0.,0.639244763623735));
#2584=DIRECTION('',(0.,1.,0.));
#2585=DIRECTION('',(0.,0.,1.));
#2586=DIRECTION('',(0.277870967383569,0.,-0.960618407842219));
#2587=DIRECTION('',(0.,1.,0.));
#2588=DIRECTION('',(0.,0.,1.));
#2589=DIRECTION('',(0.,1.,0.));
#2590=DIRECTION('',(0.,0.,1.));
#2591=DIRECTION('',(0.,1.,0.));
#2592=DIRECTION('',(0.,0.,1.));
#2593=DIRECTION('',(0.,1.,0.));
#2594=DIRECTION('',(0.,0.,1.));
#2595=DIRECTION('',(0.,1.,0.));
#2596=DIRECTION('',(0.,0.,1.));
#2597=DIRECTION('',(0.,1.,0.));
#2598=DIRECTION('',(0.,0.,1.));
#2599=DIRECTION('',(0.,1.,0.));
#2600=DIRECTION('',(0.,0.,1.));
#2601=DIRECTION('',(0.,1.,0.));
#2602=DIRECTION('',(0.,0.,1.));
#2603=DIRECTION('',(0.,1.,0.));
#2604=DIRECTION('',(0.,0.,1.));
#2605=DIRECTION('',(0.,1.,0.));
#2606=DIRECTION('',(0.,0.,1.));
#2607=DIRECTION('',(-0.264748064295756,0.,-0.964317614923449));
#2608=DIRECTION('',(-0.967497583988405,0.,-0.252880258178844));
#2609=DIRECTION('',(-0.702749519692648,0.,0.711437356744606));
#2610=DIRECTION('',(0.264748064295756,0.,0.964317614923449));
#2611=DIRECTION('',(0.967497583988405,0.,0.252880258178844));
#2612=DIRECTION('',(0.702749519692649,0.,-0.711437356744605));
#2613=DIRECTION('',(1.,0.,0.));
#2614=DIRECTION('',(0.5,0.,-0.86602540378444));
#2615=DIRECTION('',(-0.5,0.,-0.866025403784437));
#2616=DIRECTION('',(-1.,0.,0.));
#2617=DIRECTION('',(-0.5,0.,0.86602540378444));
#2618=DIRECTION('',(0.5,0.,0.866025403784438));
#2619=DIRECTION('',(0.896576059106306,0.,0.442889794686449));
#2620=DIRECTION('',(0.831841842828493,0.,-0.555012746267775));
#2621=DIRECTION('',(-0.0647342162778133,0.,-0.997902540954224));
#2622=DIRECTION('',(-0.896576059106307,0.,-0.442889794686449));
#2623=DIRECTION('',(-0.831841842828493,0.,0.555012746267775));
#2624=DIRECTION('',(0.0647342162778131,0.,0.997902540954224));
#2625=DIRECTION('',(-0.539197633141579,0.,0.842179263823635));
#2626=DIRECTION('',(0.,1.,0.));
#2627=DIRECTION('',(0.,0.,1.));
#2628=DIRECTION('',(0.,-1.,0.));
#2629=DIRECTION('',(0.,0.,-1.));
#2630=DIRECTION('',(0.,1.,0.));
#2631=DIRECTION('',(0.,0.,1.));
#2632=DIRECTION('',(0.539197633141579,0.,0.842179263823635));
#2633=DIRECTION('',(0.,-1.,0.));
#2634=DIRECTION('',(0.,0.,1.));
#2635=DIRECTION('',(0.,1.,0.));
#2636=DIRECTION('',(0.,0.,1.));
#2637=DIRECTION('',(-0.264748064295756,0.,-0.964317614923449));
#2638=DIRECTION('',(0.,1.,0.));
#2639=DIRECTION('',(0.,0.,1.));
#2640=DIRECTION('',(-1.,0.,0.));
#2641=DIRECTION('',(0.,-1.,0.));
#2642=DIRECTION('',(0.,0.,1.));
#2643=DIRECTION('',(0.264748064295756,0.,-0.964317614923449));
#2644=DIRECTION('',(0.,-1.,0.));
#2645=DIRECTION('',(0.,0.,1.));
#2646=DIRECTION('',(0.,1.,0.));
#2647=DIRECTION('',(0.,0.,1.));
#2648=DIRECTION('',(0.,1.,0.));
#2649=DIRECTION('',(0.,0.,1.));
#2650=DIRECTION('',(0.,-1.,0.));
#2651=DIRECTION('',(0.,0.,1.));
#2652=DIRECTION('',(0.,-1.,0.));
#2653=DIRECTION('',(0.,0.,1.));
#2654=DIRECTION('',(0.,1.,0.));
#2655=DIRECTION('',(0.,1.,0.));
#2656=DIRECTION('',(-0.842179263823634,0.,-0.539197633141579));
#2657=DIRECTION('',(-0.539197633141579,0.,0.842179263823635));
#2658=DIRECTION('',(-0.539197633141579,0.,0.842179263823635));
#2659=DIRECTION('',(0.,-1.,0.));
#2660=DIRECTION('',(0.,1.,0.));
#2661=DIRECTION('',(0.,1.,0.));
#2662=DIRECTION('',(0.,0.,1.));
#2663=DIRECTION('',(0.,-1.,0.));
#2664=DIRECTION('',(0.,0.,1.));
#2665=DIRECTION('',(0.,-1.,0.));
#2666=DIRECTION('',(0.,0.,1.));
#2667=DIRECTION('',(0.,1.,0.));
#2668=DIRECTION('',(0.,0.,1.));
#2669=DIRECTION('',(0.,1.,0.));
#2670=DIRECTION('',(0.,0.,1.));
#2671=DIRECTION('',(0.,1.,0.));
#2672=DIRECTION('',(0.,0.,1.));
#2673=DIRECTION('',(0.,-1.,0.));
#2674=DIRECTION('',(0.,0.,-1.));
#2675=DIRECTION('',(0.,1.,0.));
#2676=DIRECTION('',(0.,0.,1.));
#2677=DIRECTION('',(0.,1.,0.));
#2678=DIRECTION('',(0.,0.,1.));
#2679=DIRECTION('',(0.,-1.,0.));
#2680=DIRECTION('',(0.,0.,-1.));
#2681=DIRECTION('',(0.,-1.,0.));
#2682=DIRECTION('',(0.,0.,1.));
#2683=DIRECTION('',(0.,1.,0.));
#2684=DIRECTION('',(0.,0.,1.));
#2685=DIRECTION('',(0.,-1.,0.));
#2686=DIRECTION('',(0.,0.,-1.));
#2687=DIRECTION('',(0.,1.,0.));
#2688=DIRECTION('',(0.,0.,1.));
#2689=DIRECTION('',(0.,1.,0.));
#2690=DIRECTION('',(0.,0.,1.));
#2691=DIRECTION('',(0.,1.,0.));
#2692=DIRECTION('',(-1.,0.,0.));
#2693=DIRECTION('',(0.,-1.,0.));
#2694=DIRECTION('',(0.,0.,-1.));
#2695=DIRECTION('',(0.,1.,0.));
#2696=DIRECTION('',(0.,0.,1.));
#2697=DIRECTION('',(0.,1.,0.));
#2698=DIRECTION('',(0.,0.,1.));
#2699=DIRECTION('',(0.264748064295756,0.,-0.964317614923449));
#2700=DIRECTION('',(0.,-1.,0.));
#2701=DIRECTION('',(0.,0.,1.));
#2702=DIRECTION('',(-1.,0.,0.));
#2703=DIRECTION('',(0.,1.,0.));
#2704=DIRECTION('',(0.,0.,1.));
#2705=DIRECTION('',(-1.,0.,0.));
#2706=DIRECTION('',(0.,1.,0.));
#2707=DIRECTION('',(0.,0.,1.));
#2708=DIRECTION('',(-0.264748064295756,0.,-0.964317614923449));
#2709=DIRECTION('',(0.,1.,0.));
#2710=DIRECTION('',(0.,0.,1.));
#2711=DIRECTION('',(0.,-1.,0.));
#2712=DIRECTION('',(0.,0.,1.));
#2713=DIRECTION('',(0.539197633141579,0.,0.842179263823635));
#2714=DIRECTION('',(0.,1.,0.));
#2715=DIRECTION('',(0.,0.,1.));
#2716=DIRECTION('',(0.831841842828494,0.,-0.555012746267773));
#2717=DIRECTION('',(0.,1.,0.));
#2718=DIRECTION('',(0.,0.,1.));
#2719=DIRECTION('',(0.831841842828494,0.,-0.555012746267773));
#2720=DIRECTION('',(0.,1.,0.));
#2721=DIRECTION('',(0.,0.,1.));
#2722=DIRECTION('',(0.277870967383569,0.,-0.960618407842219));
#2723=DIRECTION('',(0.,1.,0.));
#2724=DIRECTION('',(0.,0.,1.));
#2725=DIRECTION('',(0.769003336910599,0.,0.639244763623735));
#2726=DIRECTION('',(0.,1.,0.));
#2727=DIRECTION('',(0.,0.,1.));
#2728=DIRECTION('',(-0.831841842828494,0.,-0.555012746267773));
#2729=DIRECTION('',(0.,1.,0.));
#2730=DIRECTION('',(0.,0.,1.));
#2731=DIRECTION('',(-0.831841842828494,0.,-0.555012746267773));
#2732=DIRECTION('',(0.,-1.,0.));
#2733=DIRECTION('',(0.,0.,1.));
#2734=DIRECTION('',(-0.769003336910599,0.,0.639244763623735));
#2735=DIRECTION('',(0.,-1.,0.));
#2736=DIRECTION('',(0.,0.,1.));
#2737=DIRECTION('',(-0.277870967383569,0.,-0.960618407842219));
#2738=DIRECTION('',(0.,-1.,0.));
#2739=DIRECTION('',(0.,0.,1.));
#2740=DIRECTION('',(0.,1.,0.));
#2741=DIRECTION('',(0.,0.,1.));
#2742=DIRECTION('',(0.,1.,0.));
#2743=DIRECTION('',(0.,0.,1.));
#2744=DIRECTION('',(0.,1.,0.));
#2745=DIRECTION('',(0.,0.,1.));
#2746=DIRECTION('',(0.,1.,0.));
#2747=DIRECTION('',(0.,0.,1.));
#2748=DIRECTION('',(0.,1.,0.));
#2749=DIRECTION('',(0.,0.,1.));
#2750=DIRECTION('',(0.,1.,0.));
#2751=DIRECTION('',(0.,0.,1.));
#2752=DIRECTION('',(0.,1.,0.));
#2753=DIRECTION('',(0.,0.,1.));
#2754=DIRECTION('',(0.,1.,0.));
#2755=DIRECTION('',(0.,0.,1.));
#2756=DIRECTION('',(0.,1.,0.));
#2757=DIRECTION('',(0.,0.,1.));
#2758=DIRECTION('',(0.,1.,0.));
#2759=DIRECTION('',(0.,0.,1.));
#2760=DIRECTION('',(0.769003336910599,0.,0.639244763623734));
#2761=DIRECTION('',(0.,1.,0.));
#2762=DIRECTION('',(0.,0.,1.));
#2763=DIRECTION('',(-0.71171290050631,0.,0.702470460057144));
#2764=DIRECTION('',(0.,1.,0.));
#2765=DIRECTION('',(0.,0.,1.));
#2766=DIRECTION('',(0.0261404480018406,0.,-0.999658280102888));
#2767=DIRECTION('',(0.,1.,0.));
#2768=DIRECTION('',(0.,0.,1.));
#2769=DIRECTION('',(0.526362080930464,0.,0.850260524638508));
#2770=DIRECTION('',(0.,1.,0.));
#2771=DIRECTION('',(0.,0.,1.));
#2772=DIRECTION('',(0.71171290050631,0.,-0.702470460057144));
#2773=DIRECTION('',(0.,1.,0.));
#2774=DIRECTION('',(0.,0.,1.));
#2775=DIRECTION('',(0.277870967383569,0.,-0.960618407842219));
#2776=DIRECTION('',(0.,1.,0.));
#2777=DIRECTION('',(0.,0.,1.));
#2778=DIRECTION('',(0.,-1.,0.));
#2779=DIRECTION('',(0.,0.,1.));
#2780=DIRECTION('',(0.,-1.,0.));
#2781=DIRECTION('',(0.,0.,1.));
#2782=DIRECTION('',(0.,-1.,0.));
#2783=DIRECTION('',(0.,0.,1.));
#2784=DIRECTION('',(0.,-1.,0.));
#2785=DIRECTION('',(0.,0.,1.));
#2786=DIRECTION('',(0.,-1.,0.));
#2787=DIRECTION('',(0.,0.,1.));
#2788=DIRECTION('',(0.,-1.,0.));
#2789=DIRECTION('',(0.,0.,1.));
#2790=DIRECTION('',(0.,-1.,0.));
#2791=DIRECTION('',(0.,0.,1.));
#2792=DIRECTION('',(-0.769003336910599,0.,0.639244763623734));
#2793=DIRECTION('',(0.,-1.,0.));
#2794=DIRECTION('',(0.,0.,1.));
#2795=DIRECTION('',(-0.0261404480018406,0.,-0.999658280102888));
#2796=DIRECTION('',(0.,-1.,0.));
#2797=DIRECTION('',(0.,0.,1.));
#2798=DIRECTION('',(0.71171290050631,0.,0.702470460057144));
#2799=DIRECTION('',(0.,-1.,0.));
#2800=DIRECTION('',(0.,0.,1.));
#2801=DIRECTION('',(-0.526362080930464,0.,0.850260524638508));
#2802=DIRECTION('',(0.,-1.,0.));
#2803=DIRECTION('',(0.,0.,1.));
#2804=DIRECTION('',(-0.277870967383569,0.,-0.960618407842219));
#2805=DIRECTION('',(0.,-1.,0.));
#2806=DIRECTION('',(0.,0.,1.));
#2807=DIRECTION('',(-0.71171290050631,0.,-0.702470460057144));
#2808=DIRECTION('',(0.,-1.,0.));
#2809=DIRECTION('',(0.,0.,1.));
#2810=DIRECTION('',(0.,-1.,0.));
#2811=DIRECTION('',(0.,0.,-1.));
#2812=DIRECTION('',(0.,-1.,0.));
#2813=DIRECTION('',(0.,0.,-1.));
#2814=DIRECTION('',(0.,-1.,0.));
#2815=DIRECTION('',(0.,0.,-1.));
#2816=DIRECTION('',(0.,0.,-1.));
#2817=DIRECTION('',(-1.,0.,0.));
#2818=DIRECTION('',(0.,1.,0.));
#2819=DIRECTION('',(0.,1.,0.));
#2820=DIRECTION('',(-0.555012746267773,0.,-0.831841842828494));
#2821=DIRECTION('',(-0.831841842828494,0.,0.555012746267773));
#2822=DIRECTION('',(0.,1.,0.));
#2823=DIRECTION('',(0.,-1.,0.));
#2824=DIRECTION('',(0.831841842828494,0.,-0.555012746267773));
#2825=DIRECTION('',(0.,-1.,0.));
#2826=DIRECTION('',(0.,1.,0.));
#2827=DIRECTION('',(-0.999658280102888,0.,-0.0261404480018406));
#2828=DIRECTION('',(-0.0261404480018406,0.,0.999658280102888));
#2829=DIRECTION('',(0.,1.,0.));
#2830=DIRECTION('',(0.,1.,0.));
#2831=DIRECTION('',(0.960618407842219,0.,0.277870967383569));
#2832=DIRECTION('',(0.277870967383569,0.,-0.960618407842219));
#2833=DIRECTION('',(0.,1.,0.));
#2834=DIRECTION('',(0.,1.,0.));
#2835=DIRECTION('',(-0.850260524638508,0.,0.526362080930464));
#2836=DIRECTION('',(0.526362080930464,0.,0.850260524638508));
#2837=DIRECTION('',(0.,1.,0.));
#2838=DIRECTION('',(0.,1.,0.));
#2839=DIRECTION('',(0.,-1.,0.));
#2840=DIRECTION('',(0.,0.,-1.));
#2841=DIRECTION('',(0.,1.,0.));
#2842=DIRECTION('',(0.,-1.,0.));
#2843=DIRECTION('',(0.,0.,-1.));
#2844=DIRECTION('',(0.,-1.,0.));
#2845=DIRECTION('',(0.,0.,-1.));
#2846=DIRECTION('',(0.,-1.,0.));
#2847=DIRECTION('',(0.,0.,-1.));
#2848=DIRECTION('',(0.,-1.,0.));
#2849=DIRECTION('',(0.,0.,-1.));
#2850=DIRECTION('',(0.,-1.,0.));
#2851=DIRECTION('',(0.,0.,-1.));
#2852=DIRECTION('',(0.,-1.,0.));
#2853=DIRECTION('',(0.,0.,-1.));
#2854=DIRECTION('',(0.,-1.,0.));
#2855=DIRECTION('',(0.,0.,-1.));
#2856=DIRECTION('',(0.960618407842219,0.,0.277870967383569));
#2857=DIRECTION('',(0.277870967383569,0.,-0.960618407842219));
#2858=DIRECTION('',(0.,1.,0.));
#2859=DIRECTION('',(0.,1.,0.));
#2860=DIRECTION('',(0.964317614923449,0.,0.264748064295756));
#2861=DIRECTION('',(0.264748064295756,0.,-0.964317614923449));
#2862=DIRECTION('',(0.,1.,0.));
#2863=DIRECTION('',(0.,0.,1.));
#2864=DIRECTION('',(-0.639244763623735,0.,0.769003336910599));
#2865=DIRECTION('',(0.769003336910599,0.,0.639244763623735));
#2866=DIRECTION('',(0.,1.,0.));
#2867=DIRECTION('',(0.,1.,0.));
#2868=DIRECTION('',(-0.639244763623734,0.,0.769003336910599));
#2869=DIRECTION('',(0.769003336910599,0.,0.639244763623734));
#2870=DIRECTION('',(0.,1.,0.));
#2871=DIRECTION('',(0.,1.,0.));
#2872=DIRECTION('',(-0.702470460057144,0.,-0.71171290050631));
#2873=DIRECTION('',(-0.71171290050631,0.,0.702470460057144));
#2874=DIRECTION('',(0.,1.,0.));
#2875=DIRECTION('',(0.,1.,0.));
#2876=DIRECTION('',(0.702470460057144,0.,0.71171290050631));
#2877=DIRECTION('',(0.71171290050631,0.,-0.702470460057144));
#2878=DIRECTION('',(0.,1.,0.));
#2879=DIRECTION('',(0.,1.,0.));
#2880=DIRECTION('',(0.,-1.,0.));
#2881=DIRECTION('',(0.,0.,-1.));
#2882=DIRECTION('',(0.,-1.,0.));
#2883=DIRECTION('',(0.,0.,-1.));
#2884=DIRECTION('',(0.,-1.,0.));
#2885=DIRECTION('',(0.,0.,-1.));
#2886=DIRECTION('',(0.,1.,0.));
#2887=DIRECTION('',(0.,0.,1.));
#2888=DIRECTION('',(0.,1.,0.));
#2889=DIRECTION('',(0.,0.,1.));
#2890=DIRECTION('',(0.,-1.,0.));
#2891=DIRECTION('',(0.,0.,-1.));
#2892=DIRECTION('',(0.,1.,0.));
#2893=DIRECTION('',(0.,0.,1.));
#2894=DIRECTION('',(0.,1.,0.));
#2895=DIRECTION('',(0.,0.,1.));
#2896=DIRECTION('',(0.,-1.,0.));
#2897=DIRECTION('',(0.,0.,-1.));
#2898=DIRECTION('',(0.555012746267773,0.,-0.831841842828494));
#2899=DIRECTION('',(0.831841842828494,0.,0.555012746267773));
#2900=DIRECTION('',(0.,1.,0.));
#2901=DIRECTION('',(0.,-1.,0.));
#2902=DIRECTION('',(-0.831841842828494,0.,-0.555012746267773));
#2903=DIRECTION('',(0.,-1.,0.));
#2904=DIRECTION('',(0.,1.,0.));
#2905=DIRECTION('',(0.999658280102888,0.,-0.0261404480018406));
#2906=DIRECTION('',(0.0261404480018406,0.,0.999658280102888));
#2907=DIRECTION('',(0.,1.,0.));
#2908=DIRECTION('',(0.,1.,0.));
#2909=DIRECTION('',(-0.960618407842219,0.,0.277870967383569));
#2910=DIRECTION('',(-0.277870967383569,0.,-0.960618407842219));
#2911=DIRECTION('',(0.,1.,0.));
#2912=DIRECTION('',(0.,1.,0.));
#2913=DIRECTION('',(0.850260524638508,0.,0.526362080930464));
#2914=DIRECTION('',(-0.526362080930464,0.,0.850260524638508));
#2915=DIRECTION('',(0.,1.,0.));
#2916=DIRECTION('',(0.,1.,0.));
#2917=DIRECTION('',(0.,1.,0.));
#2918=DIRECTION('',(0.,0.,1.));
#2919=DIRECTION('',(0.,1.,0.));
#2920=DIRECTION('',(0.,1.,0.));
#2921=DIRECTION('',(0.,1.,0.));
#2922=DIRECTION('',(0.,0.,1.));
#2923=DIRECTION('',(0.,-1.,0.));
#2924=DIRECTION('',(0.,0.,-1.));
#2925=DIRECTION('',(0.,1.,0.));
#2926=DIRECTION('',(0.,-1.,0.));
#2927=DIRECTION('',(0.,0.,-1.));
#2928=DIRECTION('',(0.,-1.,0.));
#2929=DIRECTION('',(0.,0.,-1.));
#2930=DIRECTION('',(0.,-1.,0.));
#2931=DIRECTION('',(0.,0.,-1.));
#2932=DIRECTION('',(0.,-1.,0.));
#2933=DIRECTION('',(0.,0.,-1.));
#2934=DIRECTION('',(0.,-1.,0.));
#2935=DIRECTION('',(0.,0.,-1.));
#2936=DIRECTION('',(0.,-1.,0.));
#2937=DIRECTION('',(0.,0.,-1.));
#2938=DIRECTION('',(0.,-1.,0.));
#2939=DIRECTION('',(0.,0.,-1.));
#2940=DIRECTION('',(-0.960618407842219,0.,0.277870967383569));
#2941=DIRECTION('',(-0.277870967383569,0.,-0.960618407842219));
#2942=DIRECTION('',(0.,1.,0.));
#2943=DIRECTION('',(0.,1.,0.));
#2944=DIRECTION('',(-0.964317614923449,0.,0.264748064295756));
#2945=DIRECTION('',(-0.264748064295756,0.,-0.964317614923449));
#2946=DIRECTION('',(0.842179263823634,0.,-0.539197633141579));
#2947=DIRECTION('',(0.539197633141579,0.,0.842179263823635));
#2948=DIRECTION('',(0.,-1.,0.));
#2949=DIRECTION('',(0.,1.,0.));
#2950=DIRECTION('',(0.,1.,0.));
#2951=DIRECTION('',(0.,0.,1.));
#2952=DIRECTION('',(0.639244763623735,0.,0.769003336910599));
#2953=DIRECTION('',(-0.769003336910599,0.,0.639244763623735));
#2954=DIRECTION('',(0.,1.,0.));
#2955=DIRECTION('',(0.,1.,0.));
#2956=DIRECTION('',(0.639244763623734,0.,0.769003336910599));
#2957=DIRECTION('',(-0.769003336910599,0.,0.639244763623734));
#2958=DIRECTION('',(0.,1.,0.));
#2959=DIRECTION('',(0.,1.,0.));
#2960=DIRECTION('',(0.702470460057144,0.,-0.71171290050631));
#2961=DIRECTION('',(0.71171290050631,0.,0.702470460057144));
#2962=DIRECTION('',(0.,1.,0.));
#2963=DIRECTION('',(0.,1.,0.));
#2964=DIRECTION('',(-0.702470460057144,0.,0.71171290050631));
#2965=DIRECTION('',(-0.71171290050631,0.,-0.702470460057144));
#2966=DIRECTION('',(0.,1.,0.));
#2967=DIRECTION('',(0.,1.,0.));
#2968=DIRECTION('',(0.,-1.,0.));
#2969=DIRECTION('',(0.,0.,-1.));
#2970=DIRECTION('',(0.,-1.,0.));
#2971=DIRECTION('',(0.,0.,-1.));
#2972=DIRECTION('',(0.,-1.,0.));
#2973=DIRECTION('',(0.,0.,-1.));
#2974=DIRECTION('',(0.,1.,0.));
#2975=DIRECTION('',(0.,0.,1.));
#2976=DIRECTION('',(0.,1.,0.));
#2977=DIRECTION('',(0.,0.,1.));
#2978=DIRECTION('',(0.,-1.,0.));
#2979=DIRECTION('',(0.,0.,-1.));
#2980=DIRECTION('',(0.,1.,0.));
#2981=DIRECTION('',(0.,0.,1.));
#2982=DIRECTION('',(0.,1.,0.));
#2983=DIRECTION('',(0.,0.,1.));
#2984=DIRECTION('',(0.,-1.,0.));
#2985=DIRECTION('',(0.,0.,-1.));
#2986=DIRECTION('',(0.,1.,0.));
#2987=DIRECTION('',(-1.,0.,0.));
#2988=DIRECTION('',(0.,1.,0.));
#2989=DIRECTION('',(-1.,0.,0.));
#2990=DIRECTION('',(0.,-1.,0.));
#2991=DIRECTION('',(0.,0.,-1.));
#2992=DIRECTION('',(0.,1.,0.));
#2993=DIRECTION('',(0.,0.,1.));
#2994=DIRECTION('',(0.,1.,0.));
#2995=DIRECTION('',(-1.,0.,0.));
#2996=DIRECTION('',(0.,-1.,0.));
#2997=DIRECTION('',(0.,0.,-1.));
#2998=DIRECTION('',(0.,1.,0.));
#2999=DIRECTION('',(0.,0.,1.));
#3000=DIRECTION('',(0.,1.,0.));
#3001=DIRECTION('',(-1.,0.,0.));
#3002=DIRECTION('',(0.,-1.,0.));
#3003=DIRECTION('',(0.,0.,-1.));
#3004=DIRECTION('',(0.,1.,0.));
#3005=DIRECTION('',(0.,0.,1.));
#3006=DIRECTION('',(0.,1.,0.));
#3007=DIRECTION('',(-1.,0.,0.));
#3008=DIRECTION('',(0.442889794686449,0.,-0.896576059106306));
#3009=DIRECTION('',(-0.896576059106306,0.,-0.442889794686449));
#3010=DIRECTION('',(0.,-1.,0.));
#3011=DIRECTION('',(0.896576059106306,0.,0.442889794686449));
#3012=DIRECTION('',(0.,-1.,0.));
#3013=DIRECTION('',(0.997902540954224,0.,-0.0647342162778131));
#3014=DIRECTION('',(-0.0647342162778131,0.,-0.997902540954224));
#3015=DIRECTION('',(0.,-1.,0.));
#3016=DIRECTION('',(0.0647342162778131,0.,0.997902540954224));
#3017=DIRECTION('',(0.555012746267775,0.,0.831841842828493));
#3018=DIRECTION('',(0.831841842828493,0.,-0.555012746267775));
#3019=DIRECTION('',(0.,-1.,0.));
#3020=DIRECTION('',(-0.831841842828493,0.,0.555012746267775));
#3021=DIRECTION('',(-0.442889794686449,0.,0.896576059106307));
#3022=DIRECTION('',(0.896576059106307,0.,0.442889794686449));
#3023=DIRECTION('',(0.,-1.,0.));
#3024=DIRECTION('',(-0.896576059106307,0.,-0.442889794686449));
#3025=DIRECTION('',(-0.997902540954224,0.,0.0647342162778133));
#3026=DIRECTION('',(0.0647342162778133,0.,0.997902540954224));
#3027=DIRECTION('',(0.,-1.,0.));
#3028=DIRECTION('',(-0.0647342162778133,0.,-0.997902540954224));
#3029=DIRECTION('',(-0.555012746267775,0.,-0.831841842828493));
#3030=DIRECTION('',(-0.831841842828493,0.,0.555012746267775));
#3031=DIRECTION('',(0.831841842828493,0.,-0.555012746267775));
#3032=DIRECTION('',(0.,-1.,0.));
#3033=DIRECTION('',(1.,0.,0.));
#3034=DIRECTION('',(0.44288979468645,0.,0.896576059106306));
#3035=DIRECTION('',(0.896576059106306,0.,-0.44288979468645));
#3036=DIRECTION('',(0.,-1.,0.));
#3037=DIRECTION('',(-0.896576059106306,0.,0.44288979468645));
#3038=DIRECTION('',(0.,-1.,0.));
#3039=DIRECTION('',(-0.555012746267775,0.,0.831841842828493));
#3040=DIRECTION('',(0.831841842828493,0.,0.555012746267775));
#3041=DIRECTION('',(0.,-1.,0.));
#3042=DIRECTION('',(-0.831841842828493,0.,-0.555012746267775));
#3043=DIRECTION('',(-0.997902540954224,0.,-0.0647342162778133));
#3044=DIRECTION('',(-0.0647342162778133,0.,0.997902540954224));
#3045=DIRECTION('',(0.,-1.,0.));
#3046=DIRECTION('',(0.0647342162778133,0.,-0.997902540954224));
#3047=DIRECTION('',(-0.442889794686449,0.,-0.896576059106307));
#3048=DIRECTION('',(-0.896576059106307,0.,0.442889794686449));
#3049=DIRECTION('',(0.,-1.,0.));
#3050=DIRECTION('',(0.896576059106307,0.,-0.442889794686449));
#3051=DIRECTION('',(0.555012746267775,0.,-0.831841842828493));
#3052=DIRECTION('',(-0.831841842828493,0.,-0.555012746267775));
#3053=DIRECTION('',(0.,-1.,0.));
#3054=DIRECTION('',(0.831841842828493,0.,0.555012746267775));
#3055=DIRECTION('',(0.997902540954224,0.,0.0647342162778131));
#3056=DIRECTION('',(0.0647342162778131,0.,-0.997902540954224));
#3057=DIRECTION('',(-0.0647342162778131,0.,0.997902540954224));
#3058=DIRECTION('',(0.,-1.,0.));
#3059=DIRECTION('',(1.,0.,0.));
#3060=DIRECTION('',(-0.86602540378444,0.,-0.5));
#3061=DIRECTION('',(-0.5,0.,0.86602540378444));
#3062=DIRECTION('',(0.,-1.,0.));
#3063=DIRECTION('',(0.5,0.,-0.86602540378444));
#3064=DIRECTION('',(0.,-1.,0.));
#3065=DIRECTION('',(0.,0.,-1.));
#3066=DIRECTION('',(-1.,0.,0.));
#3067=DIRECTION('',(0.,-1.,0.));
#3068=DIRECTION('',(1.,0.,0.));
#3069=DIRECTION('',(0.866025403784438,0.,-0.5));
#3070=DIRECTION('',(-0.5,0.,-0.866025403784438));
#3071=DIRECTION('',(0.,-1.,0.));
#3072=DIRECTION('',(0.5,0.,0.866025403784438));
#3073=DIRECTION('',(0.86602540378444,0.,0.5));
#3074=DIRECTION('',(0.5,0.,-0.86602540378444));
#3075=DIRECTION('',(0.,-1.,0.));
#3076=DIRECTION('',(-0.5,0.,0.86602540378444));
#3077=DIRECTION('',(0.,0.,1.));
#3078=DIRECTION('',(1.,0.,0.));
#3079=DIRECTION('',(0.,-1.,0.));
#3080=DIRECTION('',(-1.,0.,0.));
#3081=DIRECTION('',(-0.866025403784437,0.,0.5));
#3082=DIRECTION('',(0.5,0.,0.866025403784437));
#3083=DIRECTION('',(-0.5,0.,-0.866025403784437));
#3084=DIRECTION('',(0.,-1.,0.));
#3085=DIRECTION('',(1.,0.,0.));
#3086=DIRECTION('',(-0.252880258178844,0.,0.967497583988405));
#3087=DIRECTION('',(0.967497583988405,0.,0.252880258178844));
#3088=DIRECTION('',(0.,-1.,0.));
#3089=DIRECTION('',(-0.967497583988405,0.,-0.252880258178844));
#3090=DIRECTION('',(0.,-1.,0.));
#3091=DIRECTION('',(-0.964317614923449,0.,0.264748064295756));
#3092=DIRECTION('',(0.264748064295756,0.,0.964317614923449));
#3093=DIRECTION('',(0.,-1.,0.));
#3094=DIRECTION('',(-0.264748064295756,0.,-0.964317614923449));
#3095=DIRECTION('',(-0.711437356744605,0.,-0.702749519692649));
#3096=DIRECTION('',(-0.702749519692649,0.,0.711437356744605));
#3097=DIRECTION('',(0.,-1.,0.));
#3098=DIRECTION('',(0.702749519692649,0.,-0.711437356744605));
#3099=DIRECTION('',(0.252880258178844,0.,-0.967497583988405));
#3100=DIRECTION('',(-0.967497583988405,0.,-0.252880258178844));
#3101=DIRECTION('',(0.,-1.,0.));
#3102=DIRECTION('',(0.967497583988405,0.,0.252880258178844));
#3103=DIRECTION('',(0.964317614923449,0.,-0.264748064295756));
#3104=DIRECTION('',(-0.264748064295756,0.,-0.964317614923449));
#3105=DIRECTION('',(0.,-1.,0.));
#3106=DIRECTION('',(0.264748064295756,0.,0.964317614923449));
#3107=DIRECTION('',(0.711437356744606,0.,0.702749519692648));
#3108=DIRECTION('',(0.702749519692648,0.,-0.711437356744606));
#3109=DIRECTION('',(-0.702749519692648,0.,0.711437356744606));
#3110=DIRECTION('',(0.,-1.,0.));
#3111=DIRECTION('',(1.,0.,0.));
#3112=DIRECTION('',(0.252880258178844,0.,0.967497583988405));
#3113=DIRECTION('',(0.967497583988405,0.,-0.252880258178844));
#3114=DIRECTION('',(0.,-1.,0.));
#3115=DIRECTION('',(-0.967497583988405,0.,0.252880258178844));
#3116=DIRECTION('',(0.,-1.,0.));
#3117=DIRECTION('',(-0.711437356744605,0.,0.702749519692649));
#3118=DIRECTION('',(0.702749519692649,0.,0.711437356744605));
#3119=DIRECTION('',(0.,-1.,0.));
#3120=DIRECTION('',(-0.702749519692649,0.,-0.711437356744605));
#3121=DIRECTION('',(-0.964317614923449,0.,-0.264748064295756));
#3122=DIRECTION('',(-0.264748064295756,0.,0.964317614923449));
#3123=DIRECTION('',(0.,-1.,0.));
#3124=DIRECTION('',(0.264748064295756,0.,-0.964317614923449));
#3125=DIRECTION('',(-0.252880258178844,0.,-0.967497583988405));
#3126=DIRECTION('',(-0.967497583988405,0.,0.252880258178844));
#3127=DIRECTION('',(0.,-1.,0.));
#3128=DIRECTION('',(0.967497583988405,0.,-0.252880258178844));
#3129=DIRECTION('',(0.711437356744606,0.,-0.702749519692648));
#3130=DIRECTION('',(-0.702749519692648,0.,-0.711437356744606));
#3131=DIRECTION('',(0.,-1.,0.));
#3132=DIRECTION('',(0.702749519692648,0.,0.711437356744606));
#3133=DIRECTION('',(0.964317614923449,0.,0.264748064295756));
#3134=DIRECTION('',(0.264748064295756,0.,-0.964317614923449));
#3135=DIRECTION('',(-0.264748064295756,0.,0.964317614923449));
#3136=DIRECTION('',(0.,-1.,0.));
#3137=DIRECTION('',(1.,0.,0.));
#3138=DIRECTION('',(0.,-1.,0.));
#3139=DIRECTION('',(0.,0.,-1.));
#3140=DIRECTION('',(0.,-1.,0.));
#3141=DIRECTION('',(0.,-1.,0.));
#3142=DIRECTION('',(0.,-1.,0.));
#3143=DIRECTION('',(0.,0.,-1.));
#3144=DIRECTION('',(0.,-1.,0.));
#3145=DIRECTION('',(0.,0.,-1.));
#3146=CARTESIAN_POINT('',(0.,0.,0.));
#3147=CARTESIAN_POINT('',(0.,0.1893,-0.0351201337621935));
#3148=CARTESIAN_POINT('',(0.0166207253879113,0.1893,-0.0212460678965087));
#3149=CARTESIAN_POINT('',(0.0186874898529686,0.1893,-0.0217862696914982));
#3150=CARTESIAN_POINT('',(0.014553960922854,0.1893,-0.0207058661015192));
#3151=CARTESIAN_POINT('',(0.0139884071679563,0.1893,-0.0186458946736459));
#3152=CARTESIAN_POINT('',(0.0134228534130585,0.1893,-0.0165859232457726));
#3153=CARTESIAN_POINT('',(0.014924064123218,0.1893,-0.0150661536128888));
#3154=CARTESIAN_POINT('',(0.0164252748333775,0.1893,-0.0135463839800049));
#3155=CARTESIAN_POINT('',(0.0184920392984348,0.1893,-0.0140865857749944));
#3156=CARTESIAN_POINT('',(0.020558803763492,0.1893,-0.0146267875699839));
#3157=CARTESIAN_POINT('',(0.0211243575183898,0.1893,-0.0166867589978573));
#3158=CARTESIAN_POINT('',(0.0216899112732875,0.1893,-0.0187467304257306));
#3159=CARTESIAN_POINT('',(0.0201887005631281,0.1893,-0.0202665000586143));
#3160=CARTESIAN_POINT('',(-0.0173555313609429,0.1893,-0.0650110310696125));
#3161=CARTESIAN_POINT('',(-0.0155785541469862,0.1893,-0.0638254150633054));
#3162=CARTESIAN_POINT('',(-0.0191325085748998,0.1893,-0.0661966470759196));
#3163=CARTESIAN_POINT('',(-0.0136632919594124,0.1893,-0.0647715144693846));
#3164=CARTESIAN_POINT('',(-0.0117480297718386,0.1893,-0.0657176138754637));
#3165=CARTESIAN_POINT('',(-0.0116097447982216,0.1893,-0.06784932928785));
#3166=CARTESIAN_POINT('',(-0.0114714598246046,0.1893,-0.0699810447002362));
#3167=CARTESIAN_POINT('',(-0.0132484370385614,0.1893,-0.0711666607065433));
#3168=CARTESIAN_POINT('',(-0.0150254142525183,0.1893,-0.0723522767128504));
#3169=CARTESIAN_POINT('',(-0.0169406764400921,0.1893,-0.0714061773067712));
#3170=CARTESIAN_POINT('',(-0.0188559386276658,0.1893,-0.070460077900692));
#3171=CARTESIAN_POINT('',(-0.0189942236012828,0.1893,-0.0683283624883058));
#3172=CARTESIAN_POINT('',(-0.0241220656130645,0.1893,-0.0432918202091428));
#3173=CARTESIAN_POINT('',(-0.0147010212622983,0.1893,-0.0339931193501398));
#3174=CARTESIAN_POINT('',(-0.021214840498322,0.1893,-0.0404223488782311));
#3175=CARTESIAN_POINT('',(-0.0222685461884078,0.1893,-0.0393547795274716));
#3176=CARTESIAN_POINT('',(-0.023709473800171,0.1893,-0.0389379730763963));
#3177=CARTESIAN_POINT('',(-0.0275909245809342,0.1893,-0.0523564064746136));
#3178=CARTESIAN_POINT('',(-0.0203676076989772,0.1893,-0.0273849197884673));
#3179=CARTESIAN_POINT('',(-0.0189266800872139,0.1893,-0.0278017262395427));
#3180=CARTESIAN_POINT('',(-0.0176512893002561,0.1893,-0.0270121831181469));
#3181=CARTESIAN_POINT('',(-0.0171538424831828,0.1893,-0.0278157352868686));
#3182=CARTESIAN_POINT('',(-0.0144793361654263,0.1893,-0.0321360068779847));
#3183=CARTESIAN_POINT('',(-0.0157547269523841,0.1893,-0.0329255499993804));
#3184=CARTESIAN_POINT('',(-0.0126589594697981,0.1893,-0.0414122325998341));
#3185=CARTESIAN_POINT('',(-0.0126916388827585,0.1893,-0.0426619527940924));
#3186=CARTESIAN_POINT('',(-0.0129981465863116,0.1893,-0.0543833649041909));
#3187=CARTESIAN_POINT('',(-0.014497634006466,0.1893,-0.0543441542321881));
#3188=CARTESIAN_POINT('',(-0.0154565011519016,0.1893,-0.055497659237554));
#3189=CARTESIAN_POINT('',(-0.0172868096631343,0.1893,-0.0539761897257026));
#3190=CARTESIAN_POINT('',(-0.0217365563442857,0.1893,-0.0502772756523183));
#3191=CARTESIAN_POINT('',(-0.0207776891988501,0.1893,-0.0491237706469524));
#3192=CARTESIAN_POINT('',(-0.0218313948889358,0.1893,-0.0480562012961929));
#3193=CARTESIAN_POINT('',(-0.0204340326194876,0.1893,-0.0466769854416153));
#3194=CARTESIAN_POINT('',(-0.0152448319929986,0.1893,-0.0415551727713302));
#3195=CARTESIAN_POINT('',(-0.0141911263029129,0.1893,-0.0426227421220896));
#3196=CARTESIAN_POINT('',(-0.0231453941140741,0.1893,-0.0673167207639345));
#3197=CARTESIAN_POINT('',(-0.0170042491823297,0.1893,-0.0632192907738702));
#3198=CARTESIAN_POINT('',(-0.0306026877247832,0.1893,-0.0722922976025934));
#3199=CARTESIAN_POINT('',(-0.0314352068441849,0.1893,-0.0710445348383507));
#3200=CARTESIAN_POINT('',(-0.0328761344559482,0.1893,-0.0706277283872754));
#3201=CARTESIAN_POINT('',(-0.0275909245809342,0.1893,-0.0523564064746136));
#3202=CARTESIAN_POINT('',(-0.0281244253640336,0.1893,-0.0542007541503321));
#3203=CARTESIAN_POINT('',(-0.0266834977522703,0.1893,-0.0546175606014075));
#3204=CARTESIAN_POINT('',(-0.0257246306068347,0.1893,-0.0534640555960416));
#3205=CARTESIAN_POINT('',(-0.0221131522744259,0.1893,-0.0564661473973692));
#3206=CARTESIAN_POINT('',(-0.0168779011562957,0.1893,-0.0608180230042615));
#3207=CARTESIAN_POINT('',(-0.0178367683017314,0.1893,-0.0619715280096274));
#3208=CARTESIAN_POINT('',(-0.0220283659481047,0.1893,-0.0906144609497965));
#3209=CARTESIAN_POINT('',(-0.0220283659481047,0.1893,-0.0776144609497965));
#3210=CARTESIAN_POINT('',(-0.0111398586644919,0.1893,-0.0788909627886369));
#3211=CARTESIAN_POINT('',(-0.0111398586644919,0.1893,-0.0768909627886369));
#3212=CARTESIAN_POINT('',(-0.00643126507751395,0.1893,-0.0941824357861173));
#3213=CARTESIAN_POINT('',(-0.00643126507751395,0.1893,-0.0921824357861173));
#3214=CARTESIAN_POINT('',(-0.0267369595350826,0.1893,-0.0753229879523162));
#3215=CARTESIAN_POINT('',(-0.0267369595350826,0.1893,-0.0733229879523162));
#3216=CARTESIAN_POINT('',(-0.0376254668186954,0.1893,-0.0870464861134757));
#3217=CARTESIAN_POINT('',(-0.0376254668186954,0.1893,-0.0850464861134757));
#3218=CARTESIAN_POINT('',(-0.0329168732317175,0.1893,-0.102337959110956));
#3219=CARTESIAN_POINT('',(-0.0329168732317175,0.1893,-0.100337959110956));
#3220=CARTESIAN_POINT('',(-0.0173197723611268,0.1893,-0.105905933947277));
#3221=CARTESIAN_POINT('',(-0.0173197723611268,0.1893,-0.103905933947277));
#3222=CARTESIAN_POINT('',(-4.55364912443912E-18,0.1893,-0.084));
#3223=CARTESIAN_POINT('',(-4.55364912443912E-18,0.1893,-0.077));
#3224=CARTESIAN_POINT('',(0.0241220656130645,0.1893,-0.0432918202091428));
#3225=CARTESIAN_POINT('',(0.0147010212622983,0.1893,-0.0339931193501398));
#3226=CARTESIAN_POINT('',(0.021214840498322,0.1893,-0.0404223488782311));
#3227=CARTESIAN_POINT('',(0.0157547269523841,0.1893,-0.0329255499993804));
#3228=CARTESIAN_POINT('',(0.0144793361654263,0.1893,-0.0321360068779847));
#3229=CARTESIAN_POINT('',(0.0171538424831828,0.1893,-0.0278157352868686));
#3230=CARTESIAN_POINT('',(0.0176512893002561,0.1893,-0.0270121831181469));
#3231=CARTESIAN_POINT('',(0.0189266800872139,0.1893,-0.0278017262395427));
#3232=CARTESIAN_POINT('',(0.0203676076989772,0.1893,-0.0273849197884673));
#3233=CARTESIAN_POINT('',(0.0275909245809342,0.1893,-0.0523564064746136));
#3234=CARTESIAN_POINT('',(0.023709473800171,0.1893,-0.0389379730763963));
#3235=CARTESIAN_POINT('',(0.0222685461884078,0.1893,-0.0393547795274716));
#3236=CARTESIAN_POINT('',(0.0126589594697981,0.1893,-0.0414122325998341));
#3237=CARTESIAN_POINT('',(0.0126916388827585,0.1893,-0.0426619527940924));
#3238=CARTESIAN_POINT('',(0.0129981465863116,0.1893,-0.0543833649041909));
#3239=CARTESIAN_POINT('',(0.0141911263029129,0.1893,-0.0426227421220896));
#3240=CARTESIAN_POINT('',(0.0152448319929986,0.1893,-0.0415551727713302));
#3241=CARTESIAN_POINT('',(0.0204340326194876,0.1893,-0.0466769854416153));
#3242=CARTESIAN_POINT('',(0.0218313948889358,0.1893,-0.0480562012961929));
#3243=CARTESIAN_POINT('',(0.0207776891988501,0.1893,-0.0491237706469524));
#3244=CARTESIAN_POINT('',(0.0217365563442857,0.1893,-0.0502772756523183));
#3245=CARTESIAN_POINT('',(0.0172868096631343,0.1893,-0.0539761897257026));
#3246=CARTESIAN_POINT('',(0.0154565011519016,0.1893,-0.055497659237554));
#3247=CARTESIAN_POINT('',(0.014497634006466,0.1893,-0.0543441542321881));
#3248=CARTESIAN_POINT('',(0.0231453941140741,0.1893,-0.0673167207639345));
#3249=CARTESIAN_POINT('',(0.0170042491823297,0.1893,-0.0632192907738702));
#3250=CARTESIAN_POINT('',(0.0306026877247832,0.1893,-0.0722922976025934));
#3251=CARTESIAN_POINT('',(0.0178367683017314,0.1893,-0.0619715280096274));
#3252=CARTESIAN_POINT('',(0.0168779011562957,0.1893,-0.0608180230042615));
#3253=CARTESIAN_POINT('',(0.0221131522744259,0.1893,-0.0564661473973692));
#3254=CARTESIAN_POINT('',(0.0257246306068347,0.1893,-0.0534640555960416));
#3255=CARTESIAN_POINT('',(0.0266834977522703,0.1893,-0.0546175606014075));
#3256=CARTESIAN_POINT('',(0.0281244253640336,0.1893,-0.0542007541503321));
#3257=CARTESIAN_POINT('',(0.0275909245809342,0.1893,-0.0523564064746136));
#3258=CARTESIAN_POINT('',(0.0328761344559482,0.1893,-0.0706277283872754));
#3259=CARTESIAN_POINT('',(0.0314352068441849,0.1893,-0.0710445348383507));
#3260=CARTESIAN_POINT('',(0.0220283659481047,0.1893,-0.0906144609497965));
#3261=CARTESIAN_POINT('',(0.0220283659481047,0.1893,-0.0776144609497965));
#3262=CARTESIAN_POINT('',(0.0111398586644919,0.1893,-0.0788909627886369));
#3263=CARTESIAN_POINT('',(0.0111398586644919,0.1893,-0.0768909627886369));
#3264=CARTESIAN_POINT('',(0.00643126507751395,0.1893,-0.0941824357861173));
#3265=CARTESIAN_POINT('',(0.00643126507751395,0.1893,-0.0921824357861173));
#3266=CARTESIAN_POINT('',(0.0267369595350826,0.1893,-0.0753229879523162));
#3267=CARTESIAN_POINT('',(0.0267369595350826,0.1893,-0.0733229879523162));
#3268=CARTESIAN_POINT('',(0.0376254668186954,0.1893,-0.0870464861134757));
#3269=CARTESIAN_POINT('',(0.0376254668186954,0.1893,-0.0850464861134757));
#3270=CARTESIAN_POINT('',(0.0329168732317175,0.1893,-0.102337959110956));
#3271=CARTESIAN_POINT('',(0.0329168732317175,0.1893,-0.100337959110956));
#3272=CARTESIAN_POINT('',(0.0173197723611268,0.1893,-0.105905933947277));
#3273=CARTESIAN_POINT('',(0.0173197723611268,0.1893,-0.103905933947277));
#3274=CARTESIAN_POINT('',(1.20578249693918E-18,0.1893,-0.061));
#3275=CARTESIAN_POINT('',(1.20578249693918E-18,0.1893,-0.054));
#3276=CARTESIAN_POINT('',(1.20578249693918E-18,0.1893,-0.0353333333333333));
#3277=CARTESIAN_POINT('',(1.20578249693918E-18,0.1893,-0.0283333333333333));
#3278=CARTESIAN_POINT('',(-0.0211243575183898,0.1893,-0.0166867589978573));
#3279=CARTESIAN_POINT('',(-0.020558803763492,0.1893,-0.0146267875699839));
#3280=CARTESIAN_POINT('',(-0.0216899112732875,0.1893,-0.0187467304257306));
#3281=CARTESIAN_POINT('',(-0.0184920392984348,0.1893,-0.0140865857749944));
#3282=CARTESIAN_POINT('',(-0.0164252748333775,0.1893,-0.0135463839800049));
#3283=CARTESIAN_POINT('',(-0.014924064123218,0.1893,-0.0150661536128888));
#3284=CARTESIAN_POINT('',(-0.0134228534130585,0.1893,-0.0165859232457726));
#3285=CARTESIAN_POINT('',(-0.0139884071679563,0.1893,-0.0186458946736459));
#3286=CARTESIAN_POINT('',(-0.014553960922854,0.1893,-0.0207058661015192));
#3287=CARTESIAN_POINT('',(-0.0166207253879113,0.1893,-0.0212460678965087));
#3288=CARTESIAN_POINT('',(-0.0186874898529685,0.1893,-0.0217862696914982));
#3289=CARTESIAN_POINT('',(-0.0201887005631281,0.1893,-0.0202665000586143));
#3290=CARTESIAN_POINT('',(-1.34441069388203E-17,0.1893,-0.109507230474898));
#3291=CARTESIAN_POINT('',(-0.00213619599600162,0.1893,-0.109507230474898));
#3292=CARTESIAN_POINT('',(0.0021361959960016,0.1893,-0.109507230474898));
#3293=CARTESIAN_POINT('',(-0.00320429399400243,0.1893,-0.107657230474898));
#3294=CARTESIAN_POINT('',(-0.00427239199200322,0.1893,-0.105807230474898));
#3295=CARTESIAN_POINT('',(-0.0032042939940024,0.1893,-0.103957230474898));
#3296=CARTESIAN_POINT('',(-0.00213619599600158,0.1893,-0.102107230474898));
#3297=CARTESIAN_POINT('',(1.7347234759768E-17,0.1893,-0.102107230474898));
#3298=CARTESIAN_POINT('',(0.00213619599600164,0.1893,-0.102107230474898));
#3299=CARTESIAN_POINT('',(0.00320429399400243,0.1893,-0.103957230474898));
#3300=CARTESIAN_POINT('',(0.00427239199200324,0.1893,-0.105807230474898));
#3301=CARTESIAN_POINT('',(0.00320429399400242,0.1893,-0.107657230474898));
#3302=CARTESIAN_POINT('',(0.0136632919594124,0.1893,-0.0647715144693846));
#3303=CARTESIAN_POINT('',(0.0117480297718385,0.1893,-0.0657176138754637));
#3304=CARTESIAN_POINT('',(0.0155785541469862,0.1893,-0.0638254150633054));
#3305=CARTESIAN_POINT('',(0.0173555313609429,0.1893,-0.0650110310696125));
#3306=CARTESIAN_POINT('',(0.0191325085748998,0.1893,-0.0661966470759196));
#3307=CARTESIAN_POINT('',(0.0189942236012828,0.1893,-0.0683283624883058));
#3308=CARTESIAN_POINT('',(0.0188559386276658,0.1893,-0.070460077900692));
#3309=CARTESIAN_POINT('',(0.0169406764400921,0.1893,-0.0714061773067712));
#3310=CARTESIAN_POINT('',(0.0150254142525183,0.1893,-0.0723522767128504));
#3311=CARTESIAN_POINT('',(0.0132484370385614,0.1893,-0.0711666607065433));
#3312=CARTESIAN_POINT('',(0.0114714598246046,0.1893,-0.0699810447002362));
#3313=CARTESIAN_POINT('',(0.0116097447982216,0.1893,-0.06784932928785));
#3314=CARTESIAN_POINT('',(0.0147314622825585,0.1893,0.000173346346653427));
#3315=CARTESIAN_POINT('',(0.0178874448249764,0.1893,-0.00475602071812348));
#3316=CARTESIAN_POINT('',(0.0170566547533917,0.1893,-0.00345839972004412));
#3317=CARTESIAN_POINT('',(0.0162144754895681,0.1893,-0.00399759735318569));
#3318=CARTESIAN_POINT('',(0.0152435488135471,0.1893,-0.00375822026616415));
#3319=CARTESIAN_POINT('',(0.,0.1893,9.61347737330672E-19));
#3320=CARTESIAN_POINT('',(-0.015243548813546,0.1893,-0.00375822026616859));
#3321=CARTESIAN_POINT('',(-0.0162144754895681,0.1893,-0.00399759735318569));
#3322=CARTESIAN_POINT('',(-0.0170566547533917,0.1893,-0.00345839972004412));
#3323=CARTESIAN_POINT('',(-0.0147314622825585,0.1893,0.000173346346653427));
#3324=CARTESIAN_POINT('',(-0.0178874448249764,0.1893,-0.00475602071812348));
#3325=CARTESIAN_POINT('',(0.0359787544582524,0.1893,-0.0322934098622315));
#3326=CARTESIAN_POINT('',(-0.0223594743823777,0.1893,-0.0162769719988115));
#3327=CARTESIAN_POINT('',(-0.017556382343173,0.1893,-0.0176663268357515));
#3328=CARTESIAN_POINT('',(-0.0223955701454387,0.1893,-0.0164084471060463));
#3329=CARTESIAN_POINT('',(-0.0318370963144789,0.1893,-0.0507982358313575));
#3330=CARTESIAN_POINT('',(-0.0413147182465737,0.1893,-0.0853194996638813));
#3331=CARTESIAN_POINT('',(-0.0220283659481046,0.1893,-0.0906144609497965));
#3332=CARTESIAN_POINT('',(-0.0220283659481046,0.1893,-0.110614460949796));
#3333=CARTESIAN_POINT('',(2.08166817117217E-17,0.1893,-0.110614460949796));
#3334=CARTESIAN_POINT('',(0.0220283659481046,0.1893,-0.110614460949796));
#3335=CARTESIAN_POINT('',(0.0220283659481046,0.1893,-0.0906144609497965));
#3336=CARTESIAN_POINT('',(0.0413147182465737,0.1893,-0.0853194996638813));
#3337=CARTESIAN_POINT('',(0.0318370963144789,0.1893,-0.0507982358313575));
#3338=CARTESIAN_POINT('',(0.0223955701454387,0.1893,-0.0164084471060463));
#3339=CARTESIAN_POINT('',(0.017556382343173,0.1893,-0.0176663268357515));
#3340=CARTESIAN_POINT('',(0.0223594743823777,0.1893,-0.0162769719988115));
#3341=CARTESIAN_POINT('',(-0.0359787544582524,0.1893,-0.0322934098622315));
#3342=CARTESIAN_POINT('',(0.017556382343173,0.1893,-0.0176663268357515));
#3343=CARTESIAN_POINT('',(0.017556382343173,0.2003,-0.0176663268357515));
#3344=CARTESIAN_POINT('',(0.017556382343173,0.2003,-0.0126663268357515));
#3345=CARTESIAN_POINT('',(0.017556382343173,0.1933,-0.0176663268357515));
#3346=CARTESIAN_POINT('',(0.0223594743823776,0.1933,-0.0162769719988111));
#3347=CARTESIAN_POINT('',(0.0223955701454387,0.1933,-0.0164084471060465));
#3348=CARTESIAN_POINT('',(0.0223594743823777,0.1893,-0.0162769719988115));
#3349=CARTESIAN_POINT('',(0.0223955701454387,0.1893,-0.0164084471060463));
#3350=CARTESIAN_POINT('',(0.0147314622825585,0.1893,0.000173346346653427));
#3351=CARTESIAN_POINT('',(0.0147314622825585,0.1933,0.000173346346653427));
#3352=CARTESIAN_POINT('',(0.0178874448249764,0.1933,-0.00475602071812348));
#3353=CARTESIAN_POINT('',(0.0170566547533917,0.1933,-0.00345839972004412));
#3354=CARTESIAN_POINT('',(0.0170566547533917,0.1893,-0.00345839972004412));
#3355=CARTESIAN_POINT('',(0.0178874448249764,0.1893,-0.00475602071812348));
#3356=CARTESIAN_POINT('',(0.017556382343173,0.1893,-0.0176663268357515));
#3357=CARTESIAN_POINT('',(0.017556382343173,0.2003,-0.0176663268357515));
#3358=CARTESIAN_POINT('',(0.017556382343173,0.2003,-0.0155163268357515));
#3359=CARTESIAN_POINT('',(0.017556382343173,0.1943,-0.0176663268357515));
#3360=CARTESIAN_POINT('',(0.017556382343173,0.1943,-0.0155163268357515));
#3361=CARTESIAN_POINT('',(-0.017556382343173,0.1893,-0.0176663268357515));
#3362=CARTESIAN_POINT('',(-0.017556382343173,0.2003,-0.0176663268357515));
#3363=CARTESIAN_POINT('',(-0.017556382343173,0.2003,-0.0155163268357515));
#3364=CARTESIAN_POINT('',(-0.017556382343173,0.1943,-0.0176663268357515));
#3365=CARTESIAN_POINT('',(-0.017556382343173,0.1943,-0.0155163268357515));
#3366=CARTESIAN_POINT('',(1.62767505659074E-18,0.2003,-0.105807230474898));
#3367=CARTESIAN_POINT('',(1.62767505659074E-18,0.2003,-0.105807230474898));
#3368=CARTESIAN_POINT('',(1.62767505659074E-18,0.2003,-0.103657230474898));
#3369=CARTESIAN_POINT('',(1.62767505659074E-18,0.1943,-0.105807230474898));
#3370=CARTESIAN_POINT('',(1.62767505659074E-18,0.1943,-0.103657230474898));
#3371=CARTESIAN_POINT('',(-0.0153019841997522,0.2003,-0.0680888458880779));
#3372=CARTESIAN_POINT('',(-0.0153019841997522,0.2003,-0.0680888458880779));
#3373=CARTESIAN_POINT('',(-0.0153019841997522,0.2003,-0.0659388458880779));
#3374=CARTESIAN_POINT('',(-0.0153019841997522,0.1943,-0.0680888458880779));
#3375=CARTESIAN_POINT('',(-0.0153019841997522,0.1943,-0.0659388458880779));
#3376=CARTESIAN_POINT('',(0.0153019841997522,0.2003,-0.0680888458880779));
#3377=CARTESIAN_POINT('',(0.0153019841997522,0.2003,-0.0680888458880779));
#3378=CARTESIAN_POINT('',(0.0153019841997522,0.2003,-0.0659388458880779));
#3379=CARTESIAN_POINT('',(0.0153019841997522,0.1943,-0.0680888458880779));
#3380=CARTESIAN_POINT('',(0.0153019841997522,0.1943,-0.0659388458880779));
#3381=CARTESIAN_POINT('',(0.,0.1933,-0.0351201337621935));
#3382=CARTESIAN_POINT('',(0.,0.1933,9.61347737330672E-19));
#3383=CARTESIAN_POINT('',(-0.015243548813546,0.1933,-0.00375822026616859));
#3384=CARTESIAN_POINT('',(0.0152435488135471,0.1933,-0.00375822026616415));
#3385=CARTESIAN_POINT('',(0.0162144754895681,0.1933,-0.00399759735318569));
#3386=CARTESIAN_POINT('',(-0.0359787544582524,0.1933,-0.0322934098622315));
#3387=CARTESIAN_POINT('',(0.0318370963144789,0.1933,-0.0507982358313575));
#3388=CARTESIAN_POINT('',(0.0413147182465737,0.1933,-0.0853194996638813));
#3389=CARTESIAN_POINT('',(0.0220283659481046,0.1933,-0.0906144609497965));
#3390=CARTESIAN_POINT('',(0.0220283659481046,0.1933,-0.110614460949796));
#3391=CARTESIAN_POINT('',(2.08166817117217E-17,0.1933,-0.110614460949796));
#3392=CARTESIAN_POINT('',(2.56279124246037E-18,0.1933,-0.110614460949796));
#3393=CARTESIAN_POINT('',(2.56279124246037E-18,0.1933,-0.105807230474898));
#3394=CARTESIAN_POINT('',(2.08166817117217E-17,0.1933,-0.110614460949796));
#3395=CARTESIAN_POINT('',(-0.0220283659481046,0.1933,-0.110614460949796));
#3396=CARTESIAN_POINT('',(-0.0220283659481046,0.1933,-0.0906144609497965));
#3397=CARTESIAN_POINT('',(-0.0413147182465737,0.1933,-0.0853194996638813));
#3398=CARTESIAN_POINT('',(-0.0318370963144789,0.1933,-0.0507982358313575));
#3399=CARTESIAN_POINT('',(-0.0223955701454387,0.1933,-0.0164084471060463));
#3400=CARTESIAN_POINT('',(-0.017556382343173,0.1933,-0.0176663268357515));
#3401=CARTESIAN_POINT('',(-0.0223594743823777,0.1933,-0.0162769719988115));
#3402=CARTESIAN_POINT('',(0.0359787544582524,0.1933,-0.0322934098622315));
#3403=CARTESIAN_POINT('',(-0.0178874448249764,0.1933,-0.00475602071812348));
#3404=CARTESIAN_POINT('',(-0.0147314622825585,0.1933,0.000173346346653427));
#3405=CARTESIAN_POINT('',(-0.0170566547533917,0.1933,-0.00345839972004412));
#3406=CARTESIAN_POINT('',(-0.0162144754895681,0.1933,-0.00399759735318569));
#3407=CARTESIAN_POINT('',(0.0231453941140741,0.1933,-0.0673167207639345));
#3408=CARTESIAN_POINT('',(0.0170042491823297,0.1933,-0.0632192907738702));
#3409=CARTESIAN_POINT('',(0.0173290759845241,0.1933,-0.063436018288964));
#3410=CARTESIAN_POINT('',(0.0153019841997522,0.1933,-0.0680888458880779));
#3411=CARTESIAN_POINT('',(0.0188200008561153,0.1933,-0.0644307774665585));
#3412=CARTESIAN_POINT('',(0.0231453941140741,0.1933,-0.0673167207639345));
#3413=CARTESIAN_POINT('',(0.0306026877247832,0.1933,-0.0722922976025934));
#3414=CARTESIAN_POINT('',(0.0314352068441849,0.1933,-0.0710445348383507));
#3415=CARTESIAN_POINT('',(0.0328761344559482,0.1933,-0.0706277283872754));
#3416=CARTESIAN_POINT('',(0.0275909245809342,0.1933,-0.0523564064746136));
#3417=CARTESIAN_POINT('',(0.0281244253640336,0.1933,-0.0542007541503321));
#3418=CARTESIAN_POINT('',(0.0266834977522703,0.1933,-0.0546175606014075));
#3419=CARTESIAN_POINT('',(0.0257246306068347,0.1933,-0.0534640555960416));
#3420=CARTESIAN_POINT('',(0.0221131522744259,0.1933,-0.0564661473973692));
#3421=CARTESIAN_POINT('',(0.0168779011562957,0.1933,-0.0608180230042615));
#3422=CARTESIAN_POINT('',(0.0178367683017314,0.1933,-0.0619715280096274));
#3423=CARTESIAN_POINT('',(-0.0231453941140741,0.1933,-0.0673167207639345));
#3424=CARTESIAN_POINT('',(-0.0188200008561153,0.1933,-0.0644307774665585));
#3425=CARTESIAN_POINT('',(-0.0306026877247832,0.1933,-0.0722922976025934));
#3426=CARTESIAN_POINT('',(-0.0153019841997522,0.1933,-0.0680888458880779));
#3427=CARTESIAN_POINT('',(-0.0173290759845241,0.1933,-0.063436018288964));
#3428=CARTESIAN_POINT('',(-0.0231453941140741,0.1933,-0.0673167207639345));
#3429=CARTESIAN_POINT('',(-0.0170042491823297,0.1933,-0.0632192907738702));
#3430=CARTESIAN_POINT('',(-0.0178367683017314,0.1933,-0.0619715280096274));
#3431=CARTESIAN_POINT('',(-0.0168779011562957,0.1933,-0.0608180230042615));
#3432=CARTESIAN_POINT('',(-0.0221131522744259,0.1933,-0.0564661473973692));
#3433=CARTESIAN_POINT('',(-0.0257246306068347,0.1933,-0.0534640555960416));
#3434=CARTESIAN_POINT('',(-0.0266834977522703,0.1933,-0.0546175606014075));
#3435=CARTESIAN_POINT('',(-0.0281244253640336,0.1933,-0.0542007541503321));
#3436=CARTESIAN_POINT('',(-0.0275909245809342,0.1933,-0.0523564064746136));
#3437=CARTESIAN_POINT('',(-0.0328761344559482,0.1933,-0.0706277283872754));
#3438=CARTESIAN_POINT('',(-0.0314352068441849,0.1933,-0.0710445348383507));
#3439=CARTESIAN_POINT('',(-4.55364912443912E-18,0.1933,-0.084));
#3440=CARTESIAN_POINT('',(-4.55364912443912E-18,0.1933,-0.077));
#3441=CARTESIAN_POINT('',(1.20578249693918E-18,0.1933,-0.061));
#3442=CARTESIAN_POINT('',(1.20578249693918E-18,0.1933,-0.054));
#3443=CARTESIAN_POINT('',(1.20578249693918E-18,0.1933,-0.0353333333333333));
#3444=CARTESIAN_POINT('',(1.20578249693918E-18,0.1933,-0.0283333333333333));
#3445=CARTESIAN_POINT('',(0.0173197723611268,0.1933,-0.105905933947277));
#3446=CARTESIAN_POINT('',(0.0173197723611268,0.1933,-0.103905933947277));
#3447=CARTESIAN_POINT('',(0.0329168732317175,0.1933,-0.102337959110956));
#3448=CARTESIAN_POINT('',(0.0329168732317175,0.1933,-0.100337959110956));
#3449=CARTESIAN_POINT('',(0.0376254668186954,0.1933,-0.0870464861134757));
#3450=CARTESIAN_POINT('',(0.0376254668186954,0.1933,-0.0850464861134757));
#3451=CARTESIAN_POINT('',(0.0267369595350826,0.1933,-0.0753229879523162));
#3452=CARTESIAN_POINT('',(0.0267369595350826,0.1933,-0.0733229879523162));
#3453=CARTESIAN_POINT('',(0.00643126507751395,0.1933,-0.0941824357861173));
#3454=CARTESIAN_POINT('',(0.00643126507751395,0.1933,-0.0921824357861173));
#3455=CARTESIAN_POINT('',(0.0111398586644919,0.1933,-0.0788909627886369));
#3456=CARTESIAN_POINT('',(0.0111398586644919,0.1933,-0.0768909627886369));
#3457=CARTESIAN_POINT('',(0.0220283659481047,0.1933,-0.0906144609497965));
#3458=CARTESIAN_POINT('',(0.0220283659481047,0.1933,-0.0776144609497965));
#3459=CARTESIAN_POINT('',(0.0172868096631343,0.1933,-0.0539761897257026));
#3460=CARTESIAN_POINT('',(0.0154565011519016,0.1933,-0.055497659237554));
#3461=CARTESIAN_POINT('',(0.0217365563442857,0.1933,-0.0502772756523183));
#3462=CARTESIAN_POINT('',(0.0207776891988501,0.1933,-0.0491237706469524));
#3463=CARTESIAN_POINT('',(0.0218313948889358,0.1933,-0.0480562012961929));
#3464=CARTESIAN_POINT('',(0.0204340326194876,0.1933,-0.0466769854416153));
#3465=CARTESIAN_POINT('',(0.0152448319929986,0.1933,-0.0415551727713302));
#3466=CARTESIAN_POINT('',(0.0141911263029129,0.1933,-0.0426227421220896));
#3467=CARTESIAN_POINT('',(0.0126916388827585,0.1933,-0.0426619527940924));
#3468=CARTESIAN_POINT('',(0.0126589594697981,0.1933,-0.0414122325998341));
#3469=CARTESIAN_POINT('',(0.0129981465863116,0.1933,-0.0543833649041909));
#3470=CARTESIAN_POINT('',(0.014497634006466,0.1933,-0.0543441542321881));
#3471=CARTESIAN_POINT('',(0.0171538424831828,0.1933,-0.0278157352868686));
#3472=CARTESIAN_POINT('',(0.0144793361654263,0.1933,-0.0321360068779847));
#3473=CARTESIAN_POINT('',(0.0176512893002561,0.1933,-0.0270121831181469));
#3474=CARTESIAN_POINT('',(0.0157547269523841,0.1933,-0.0329255499993804));
#3475=CARTESIAN_POINT('',(0.0147010212622983,0.1933,-0.0339931193501398));
#3476=CARTESIAN_POINT('',(0.0241220656130645,0.1933,-0.0432918202091428));
#3477=CARTESIAN_POINT('',(0.021214840498322,0.1933,-0.0404223488782311));
#3478=CARTESIAN_POINT('',(0.0222685461884078,0.1933,-0.0393547795274716));
#3479=CARTESIAN_POINT('',(0.023709473800171,0.1933,-0.0389379730763963));
#3480=CARTESIAN_POINT('',(0.0275909245809342,0.1933,-0.0523564064746136));
#3481=CARTESIAN_POINT('',(0.0203676076989772,0.1933,-0.0273849197884673));
#3482=CARTESIAN_POINT('',(0.0189266800872139,0.1933,-0.0278017262395427));
#3483=CARTESIAN_POINT('',(-0.0173197723611268,0.1933,-0.105905933947277));
#3484=CARTESIAN_POINT('',(-0.0173197723611268,0.1933,-0.103905933947277));
#3485=CARTESIAN_POINT('',(-0.0329168732317175,0.1933,-0.102337959110956));
#3486=CARTESIAN_POINT('',(-0.0329168732317175,0.1933,-0.100337959110956));
#3487=CARTESIAN_POINT('',(-0.0376254668186954,0.1933,-0.0870464861134757));
#3488=CARTESIAN_POINT('',(-0.0376254668186954,0.1933,-0.0850464861134757));
#3489=CARTESIAN_POINT('',(-0.0267369595350826,0.1933,-0.0753229879523162));
#3490=CARTESIAN_POINT('',(-0.0267369595350826,0.1933,-0.0733229879523162));
#3491=CARTESIAN_POINT('',(-0.00643126507751395,0.1933,-0.0941824357861173));
#3492=CARTESIAN_POINT('',(-0.00643126507751395,0.1933,-0.0921824357861173));
#3493=CARTESIAN_POINT('',(-0.0111398586644919,0.1933,-0.0788909627886369));
#3494=CARTESIAN_POINT('',(-0.0111398586644919,0.1933,-0.0768909627886369));
#3495=CARTESIAN_POINT('',(-0.0220283659481047,0.1933,-0.0906144609497965));
#3496=CARTESIAN_POINT('',(-0.0220283659481047,0.1933,-0.0776144609497965));
#3497=CARTESIAN_POINT('',(-0.0172868096631343,0.1933,-0.0539761897257026));
#3498=CARTESIAN_POINT('',(-0.0154565011519016,0.1933,-0.055497659237554));
#3499=CARTESIAN_POINT('',(-0.0217365563442857,0.1933,-0.0502772756523183));
#3500=CARTESIAN_POINT('',(-0.014497634006466,0.1933,-0.0543441542321881));
#3501=CARTESIAN_POINT('',(-0.0129981465863116,0.1933,-0.0543833649041909));
#3502=CARTESIAN_POINT('',(-0.0126589594697981,0.1933,-0.0414122325998341));
#3503=CARTESIAN_POINT('',(-0.0126916388827585,0.1933,-0.0426619527940924));
#3504=CARTESIAN_POINT('',(-0.0141911263029129,0.1933,-0.0426227421220896));
#3505=CARTESIAN_POINT('',(-0.0152448319929986,0.1933,-0.0415551727713302));
#3506=CARTESIAN_POINT('',(-0.0204340326194876,0.1933,-0.0466769854416153));
#3507=CARTESIAN_POINT('',(-0.0218313948889358,0.1933,-0.0480562012961929));
#3508=CARTESIAN_POINT('',(-0.0207776891988501,0.1933,-0.0491237706469524));
#3509=CARTESIAN_POINT('',(-0.0171538424831828,0.1933,-0.0278157352868686));
#3510=CARTESIAN_POINT('',(-0.0144793361654263,0.1933,-0.0321360068779847));
#3511=CARTESIAN_POINT('',(-0.0176512893002561,0.1933,-0.0270121831181469));
#3512=CARTESIAN_POINT('',(-0.0189266800872139,0.1933,-0.0278017262395427));
#3513=CARTESIAN_POINT('',(-0.0203676076989772,0.1933,-0.0273849197884673));
#3514=CARTESIAN_POINT('',(-0.0275909245809342,0.1933,-0.0523564064746136));
#3515=CARTESIAN_POINT('',(-0.023709473800171,0.1933,-0.0389379730763963));
#3516=CARTESIAN_POINT('',(-0.0222685461884078,0.1933,-0.0393547795274716));
#3517=CARTESIAN_POINT('',(-0.021214840498322,0.1933,-0.0404223488782311));
#3518=CARTESIAN_POINT('',(-0.0241220656130645,0.1933,-0.0432918202091428));
#3519=CARTESIAN_POINT('',(-0.0147010212622983,0.1933,-0.0339931193501398));
#3520=CARTESIAN_POINT('',(-0.0157547269523841,0.1933,-0.0329255499993804));
#3521=CARTESIAN_POINT('',(1.20578249693918E-18,0.1933,-0.0353333333333333));
#3522=CARTESIAN_POINT('',(-4.55364912443912E-18,0.1933,-0.084));
#3523=CARTESIAN_POINT('',(1.20578249693918E-18,0.1933,-0.061));
#3524=CARTESIAN_POINT('',(2.08166817117217E-17,0.1893,-0.110614460949796));
#3525=CARTESIAN_POINT('',(-0.0220283659481046,0.1893,-0.110614460949796));
#3526=CARTESIAN_POINT('',(0.0220283659481046,0.1893,-0.110614460949796));
#3527=CARTESIAN_POINT('',(0.0231453941140741,0.1933,-0.0673167207639345));
#3528=CARTESIAN_POINT('',(0.0306026877247832,0.1933,-0.0722922976025934));
#3529=CARTESIAN_POINT('',(0.0188200008561153,0.2003,-0.0644307774665585));
#3530=CARTESIAN_POINT('',(0.0188200008561153,0.2003,-0.0644307774665585));
#3531=CARTESIAN_POINT('',(0.0231453941140741,0.2003,-0.0673167207639345));
#3532=CARTESIAN_POINT('',(0.0173290759845241,0.2003,-0.063436018288964));
#3533=CARTESIAN_POINT('',(0.0173290759845241,0.2003,-0.063436018288964));
#3534=CARTESIAN_POINT('',(0.0170042491823297,0.1893,-0.0632192907738702));
#3535=CARTESIAN_POINT('',(0.0126589594697981,0.1933,-0.0414122325998341));
#3536=CARTESIAN_POINT('',(0.0129981465863116,0.1933,-0.0543833649041909));
#3537=CARTESIAN_POINT('',(0.0126916388827585,0.1933,-0.0426619527940924));
#3538=CARTESIAN_POINT('',(0.0275909245809342,0.1893,-0.0523564064746136));
#3539=CARTESIAN_POINT('',(0.023709473800171,0.1893,-0.0389379730763963));
#3540=CARTESIAN_POINT('',(0.0203676076989772,0.1933,-0.0273849197884673));
#3541=CARTESIAN_POINT('',(0.0171538424831828,0.1893,-0.0278157352868686));
#3542=CARTESIAN_POINT('',(0.0144793361654263,0.1893,-0.0321360068779847));
#3543=CARTESIAN_POINT('',(0.0176512893002561,0.1893,-0.0270121831181469));
#3544=CARTESIAN_POINT('',(0.0220283659481046,0.1933,-0.0906144609497965));
#3545=CARTESIAN_POINT('',(0.0413147182465737,0.1893,-0.0853194996638813));
#3546=CARTESIAN_POINT('',(0.0173197723611268,0.1933,-0.105905933947277));
#3547=CARTESIAN_POINT('',(0.0329168732317175,0.1933,-0.102337959110956));
#3548=CARTESIAN_POINT('',(0.0376254668186954,0.1933,-0.0870464861134757));
#3549=CARTESIAN_POINT('',(0.0267369595350826,0.1933,-0.0753229879523162));
#3550=CARTESIAN_POINT('',(0.00643126507751395,0.1933,-0.0941824357861173));
#3551=CARTESIAN_POINT('',(0.0111398586644919,0.1933,-0.0788909627886369));
#3552=CARTESIAN_POINT('',(0.0220283659481047,0.1933,-0.0906144609497965));
#3553=CARTESIAN_POINT('',(0.0275909245809342,0.1893,-0.0523564064746136));
#3554=CARTESIAN_POINT('',(0.0328761344559482,0.1893,-0.0706277283872754));
#3555=CARTESIAN_POINT('',(0.0281244253640336,0.1933,-0.0542007541503321));
#3556=CARTESIAN_POINT('',(0.0318370963144789,0.1893,-0.0507982358313575));
#3557=CARTESIAN_POINT('',(-0.0359787544582524,0.1893,-0.0322934098622315));
#3558=CARTESIAN_POINT('',(0.0221131522744259,0.1893,-0.0564661473973692));
#3559=CARTESIAN_POINT('',(0.0168779011562957,0.1933,-0.0608180230042615));
#3560=CARTESIAN_POINT('',(0.0257246306068347,0.1893,-0.0534640555960416));
#3561=CARTESIAN_POINT('',(0.0172868096631343,0.1893,-0.0539761897257026));
#3562=CARTESIAN_POINT('',(0.0154565011519016,0.1893,-0.055497659237554));
#3563=CARTESIAN_POINT('',(0.0217365563442857,0.1933,-0.0502772756523183));
#3564=CARTESIAN_POINT('',(0.0204340326194876,0.1893,-0.0466769854416153));
#3565=CARTESIAN_POINT('',(0.0152448319929986,0.1893,-0.0415551727713302));
#3566=CARTESIAN_POINT('',(0.0218313948889358,0.1893,-0.0480562012961929));
#3567=CARTESIAN_POINT('',(0.0241220656130645,0.1893,-0.0432918202091428));
#3568=CARTESIAN_POINT('',(0.0147010212622983,0.1893,-0.0339931193501398));
#3569=CARTESIAN_POINT('',(0.021214840498322,0.1893,-0.0404223488782311));
#3570=CARTESIAN_POINT('',(0.0314352068441849,0.1933,-0.0710445348383507));
#3571=CARTESIAN_POINT('',(0.0178367683017314,0.1893,-0.0619715280096274));
#3572=CARTESIAN_POINT('',(0.0266834977522703,0.1893,-0.0546175606014075));
#3573=CARTESIAN_POINT('',(0.014497634006466,0.1933,-0.0543441542321881));
#3574=CARTESIAN_POINT('',(0.0141911263029129,0.1893,-0.0426227421220896));
#3575=CARTESIAN_POINT('',(0.0207776891988501,0.1893,-0.0491237706469524));
#3576=CARTESIAN_POINT('',(0.0157547269523841,0.1893,-0.0329255499993804));
#3577=CARTESIAN_POINT('',(0.0222685461884078,0.1893,-0.0393547795274716));
#3578=CARTESIAN_POINT('',(0.0189266800872139,0.1893,-0.0278017262395427));
#3579=CARTESIAN_POINT('',(-0.0231453941140741,0.1933,-0.0673167207639345));
#3580=CARTESIAN_POINT('',(-0.0170042491823297,0.1893,-0.0632192907738702));
#3581=CARTESIAN_POINT('',(-0.0173290759845241,0.2003,-0.063436018288964));
#3582=CARTESIAN_POINT('',(-0.0173290759845241,0.2003,-0.063436018288964));
#3583=CARTESIAN_POINT('',(-0.0231453941140741,0.2003,-0.0673167207639345));
#3584=CARTESIAN_POINT('',(-0.0188200008561153,0.2003,-0.0644307774665585));
#3585=CARTESIAN_POINT('',(-0.0188200008561153,0.2003,-0.0644307774665585));
#3586=CARTESIAN_POINT('',(-0.0306026877247832,0.1933,-0.0722922976025934));
#3587=CARTESIAN_POINT('',(-0.0126589594697981,0.1933,-0.0414122325998341));
#3588=CARTESIAN_POINT('',(-0.0126916388827585,0.1933,-0.0426619527940924));
#3589=CARTESIAN_POINT('',(-0.0129981465863116,0.1933,-0.0543833649041909));
#3590=CARTESIAN_POINT('',(-0.0275909245809342,0.1893,-0.0523564064746136));
#3591=CARTESIAN_POINT('',(-0.0203676076989772,0.1933,-0.0273849197884673));
#3592=CARTESIAN_POINT('',(-0.023709473800171,0.1893,-0.0389379730763963));
#3593=CARTESIAN_POINT('',(-0.0171538424831828,0.1893,-0.0278157352868686));
#3594=CARTESIAN_POINT('',(-0.0176512893002561,0.1893,-0.0270121831181469));
#3595=CARTESIAN_POINT('',(-0.0144793361654263,0.1893,-0.0321360068779847));
#3596=CARTESIAN_POINT('',(-0.017556382343173,0.1893,-0.0176663268357515));
#3597=CARTESIAN_POINT('',(-0.0223594743823777,0.1893,-0.0162769719988115));
#3598=CARTESIAN_POINT('',(-0.0223955701454387,0.1893,-0.0164084471060463));
#3599=CARTESIAN_POINT('',(-0.017556382343173,0.2003,-0.0176663268357515));
#3600=CARTESIAN_POINT('',(-0.017556382343173,0.2003,-0.0126663268357515));
#3601=CARTESIAN_POINT('',(-0.0220283659481046,0.1933,-0.0906144609497965));
#3602=CARTESIAN_POINT('',(-0.0413147182465737,0.1893,-0.0853194996638813));
#3603=CARTESIAN_POINT('',(-0.0173197723611268,0.1933,-0.105905933947277));
#3604=CARTESIAN_POINT('',(-0.0329168732317175,0.1933,-0.102337959110956));
#3605=CARTESIAN_POINT('',(-0.0376254668186954,0.1933,-0.0870464861134757));
#3606=CARTESIAN_POINT('',(-0.0267369595350826,0.1933,-0.0753229879523162));
#3607=CARTESIAN_POINT('',(-0.00643126507751395,0.1933,-0.0941824357861173));
#3608=CARTESIAN_POINT('',(-0.0111398586644919,0.1933,-0.0788909627886369));
#3609=CARTESIAN_POINT('',(-0.0220283659481047,0.1933,-0.0906144609497965));
#3610=CARTESIAN_POINT('',(-0.0275909245809342,0.1893,-0.0523564064746136));
#3611=CARTESIAN_POINT('',(-0.0281244253640336,0.1933,-0.0542007541503321));
#3612=CARTESIAN_POINT('',(-0.0328761344559482,0.1893,-0.0706277283872754));
#3613=CARTESIAN_POINT('',(-0.0318370963144789,0.1893,-0.0507982358313575));
#3614=CARTESIAN_POINT('',(-0.0147314622825585,0.1893,0.000173346346653427));
#3615=CARTESIAN_POINT('',(-0.0170566547533917,0.1893,-0.00345839972004412));
#3616=CARTESIAN_POINT('',(-0.0178874448249764,0.1893,-0.00475602071812348));
#3617=CARTESIAN_POINT('',(0.0359787544582524,0.1893,-0.0322934098622315));
#3618=CARTESIAN_POINT('',(-0.0221131522744259,0.1893,-0.0564661473973692));
#3619=CARTESIAN_POINT('',(-0.0257246306068347,0.1893,-0.0534640555960416));
#3620=CARTESIAN_POINT('',(-0.0168779011562957,0.1933,-0.0608180230042615));
#3621=CARTESIAN_POINT('',(-0.0172868096631343,0.1893,-0.0539761897257026));
#3622=CARTESIAN_POINT('',(-0.0217365563442857,0.1933,-0.0502772756523183));
#3623=CARTESIAN_POINT('',(-0.0154565011519016,0.1893,-0.055497659237554));
#3624=CARTESIAN_POINT('',(-0.0204340326194876,0.1893,-0.0466769854416153));
#3625=CARTESIAN_POINT('',(-0.0218313948889358,0.1893,-0.0480562012961929));
#3626=CARTESIAN_POINT('',(-0.0152448319929986,0.1893,-0.0415551727713302));
#3627=CARTESIAN_POINT('',(-0.0241220656130645,0.1893,-0.0432918202091428));
#3628=CARTESIAN_POINT('',(-0.021214840498322,0.1893,-0.0404223488782311));
#3629=CARTESIAN_POINT('',(-0.0147010212622983,0.1893,-0.0339931193501398));
#3630=CARTESIAN_POINT('',(-0.0314352068441849,0.1933,-0.0710445348383507));
#3631=CARTESIAN_POINT('',(-0.0178367683017314,0.1893,-0.0619715280096274));
#3632=CARTESIAN_POINT('',(-0.0266834977522703,0.1893,-0.0546175606014075));
#3633=CARTESIAN_POINT('',(-0.014497634006466,0.1933,-0.0543441542321881));
#3634=CARTESIAN_POINT('',(-0.0141911263029129,0.1893,-0.0426227421220896));
#3635=CARTESIAN_POINT('',(-0.0207776891988501,0.1893,-0.0491237706469524));
#3636=CARTESIAN_POINT('',(-0.0157547269523841,0.1893,-0.0329255499993804));
#3637=CARTESIAN_POINT('',(-0.0222685461884078,0.1893,-0.0393547795274716));
#3638=CARTESIAN_POINT('',(-0.0189266800872139,0.1893,-0.0278017262395427));
#3639=CARTESIAN_POINT('',(6.93889390390723E-18,0.2003,-0.0490572304748982));
#3640=CARTESIAN_POINT('',(6.93889390390723E-18,0.2003,-0.0490572304748982));
#3641=CARTESIAN_POINT('',(2.56279124246037E-18,0.2003,-0.105807230474898));
#3642=CARTESIAN_POINT('',(2.56279124246037E-18,0.2003,-0.105807230474898));
#3643=CARTESIAN_POINT('',(2.56279124246037E-18,0.2003,-0.101));
#3644=CARTESIAN_POINT('',(6.93889390390723E-18,0.2003,-0.0490572304748982));
#3645=CARTESIAN_POINT('',(-0.0153019841997522,0.2003,-0.0680888458880779));
#3646=CARTESIAN_POINT('',(-0.0153019841997522,0.2003,-0.0680888458880779));
#3647=CARTESIAN_POINT('',(6.93889390390723E-18,0.2003,-0.0490572304748982));
#3648=CARTESIAN_POINT('',(0.0153019841997522,0.2003,-0.0680888458880779));
#3649=CARTESIAN_POINT('',(0.0153019841997522,0.2003,-0.0680888458880779));
#3650=CARTESIAN_POINT('',(6.93889390390723E-18,0.2003,-0.0490572304748982));
#3651=CARTESIAN_POINT('',(0.0136632919594124,0.1943,-0.0647715144693846));
#3652=CARTESIAN_POINT('',(0.0117480297718385,0.1943,-0.0657176138754637));
#3653=CARTESIAN_POINT('',(0.0117480297718385,0.1943,-0.0657176138754637));
#3654=CARTESIAN_POINT('',(0.0136632919594124,0.1943,-0.0647715144693846));
#3655=CARTESIAN_POINT('',(0.0155785541469862,0.1943,-0.0638254150633054));
#3656=CARTESIAN_POINT('',(0.0155785541469862,0.1943,-0.0638254150633054));
#3657=CARTESIAN_POINT('',(0.0116097447982216,0.1943,-0.06784932928785));
#3658=CARTESIAN_POINT('',(0.0114714598246046,0.1943,-0.0699810447002362));
#3659=CARTESIAN_POINT('',(0.0114714598246046,0.1943,-0.0699810447002362));
#3660=CARTESIAN_POINT('',(0.0116097447982216,0.1943,-0.06784932928785));
#3661=CARTESIAN_POINT('',(0.0132484370385614,0.1943,-0.0711666607065433));
#3662=CARTESIAN_POINT('',(0.0150254142525183,0.1943,-0.0723522767128504));
#3663=CARTESIAN_POINT('',(0.0150254142525183,0.1943,-0.0723522767128504));
#3664=CARTESIAN_POINT('',(0.0132484370385614,0.1943,-0.0711666607065433));
#3665=CARTESIAN_POINT('',(0.0169406764400921,0.1943,-0.0714061773067712));
#3666=CARTESIAN_POINT('',(0.0188559386276658,0.1943,-0.070460077900692));
#3667=CARTESIAN_POINT('',(0.0188559386276658,0.1943,-0.070460077900692));
#3668=CARTESIAN_POINT('',(0.0169406764400921,0.1943,-0.0714061773067712));
#3669=CARTESIAN_POINT('',(0.0189942236012828,0.1943,-0.0683283624883058));
#3670=CARTESIAN_POINT('',(0.0191325085748998,0.1943,-0.0661966470759196));
#3671=CARTESIAN_POINT('',(0.0191325085748998,0.1943,-0.0661966470759196));
#3672=CARTESIAN_POINT('',(0.0189942236012828,0.1943,-0.0683283624883058));
#3673=CARTESIAN_POINT('',(0.0173555313609429,0.1943,-0.0650110310696125));
#3674=CARTESIAN_POINT('',(0.0173555313609429,0.1943,-0.0650110310696125));
#3675=CARTESIAN_POINT('',(0.,0.1943,-0.0490572304748982));
#3676=CARTESIAN_POINT('',(-0.0136632919594124,0.1943,-0.0647715144693846));
#3677=CARTESIAN_POINT('',(-0.0155785541469862,0.1943,-0.0638254150633054));
#3678=CARTESIAN_POINT('',(-0.0155785541469862,0.1943,-0.0638254150633054));
#3679=CARTESIAN_POINT('',(-0.0136632919594124,0.1943,-0.0647715144693846));
#3680=CARTESIAN_POINT('',(-0.0117480297718386,0.1943,-0.0657176138754637));
#3681=CARTESIAN_POINT('',(-0.0117480297718386,0.1943,-0.0657176138754637));
#3682=CARTESIAN_POINT('',(-0.0173555313609429,0.1943,-0.0650110310696125));
#3683=CARTESIAN_POINT('',(-0.0191325085748998,0.1943,-0.0661966470759196));
#3684=CARTESIAN_POINT('',(-0.0191325085748998,0.1943,-0.0661966470759196));
#3685=CARTESIAN_POINT('',(-0.0173555313609429,0.1943,-0.0650110310696125));
#3686=CARTESIAN_POINT('',(-0.0189942236012828,0.1943,-0.0683283624883058));
#3687=CARTESIAN_POINT('',(-0.0188559386276658,0.1943,-0.070460077900692));
#3688=CARTESIAN_POINT('',(-0.0188559386276658,0.1943,-0.070460077900692));
#3689=CARTESIAN_POINT('',(-0.0189942236012828,0.1943,-0.0683283624883058));
#3690=CARTESIAN_POINT('',(-0.0169406764400921,0.1943,-0.0714061773067712));
#3691=CARTESIAN_POINT('',(-0.0150254142525183,0.1943,-0.0723522767128504));
#3692=CARTESIAN_POINT('',(-0.0150254142525183,0.1943,-0.0723522767128504));
#3693=CARTESIAN_POINT('',(-0.0169406764400921,0.1943,-0.0714061773067712));
#3694=CARTESIAN_POINT('',(-0.0132484370385614,0.1943,-0.0711666607065433));
#3695=CARTESIAN_POINT('',(-0.0114714598246046,0.1943,-0.0699810447002362));
#3696=CARTESIAN_POINT('',(-0.0114714598246046,0.1943,-0.0699810447002362));
#3697=CARTESIAN_POINT('',(-0.0132484370385614,0.1943,-0.0711666607065433));
#3698=CARTESIAN_POINT('',(-0.0116097447982216,0.1943,-0.06784932928785));
#3699=CARTESIAN_POINT('',(-0.0116097447982216,0.1943,-0.06784932928785));
#3700=CARTESIAN_POINT('',(0.,0.1943,-0.0490572304748982));
#3701=CARTESIAN_POINT('',(-0.00320429399400243,0.1943,-0.107657230474898));
#3702=CARTESIAN_POINT('',(-0.00213619599600162,0.1943,-0.109507230474898));
#3703=CARTESIAN_POINT('',(-0.00213619599600162,0.1943,-0.109507230474898));
#3704=CARTESIAN_POINT('',(-0.00320429399400243,0.1943,-0.107657230474898));
#3705=CARTESIAN_POINT('',(-0.00427239199200322,0.1943,-0.105807230474898));
#3706=CARTESIAN_POINT('',(-0.00427239199200322,0.1943,-0.105807230474898));
#3707=CARTESIAN_POINT('',(-1.34441069388203E-17,0.1943,-0.109507230474898));
#3708=CARTESIAN_POINT('',(0.0021361959960016,0.1943,-0.109507230474898));
#3709=CARTESIAN_POINT('',(0.0021361959960016,0.1943,-0.109507230474898));
#3710=CARTESIAN_POINT('',(-1.34441069388203E-17,0.1943,-0.109507230474898));
#3711=CARTESIAN_POINT('',(0.00320429399400242,0.1943,-0.107657230474898));
#3712=CARTESIAN_POINT('',(0.00427239199200324,0.1943,-0.105807230474898));
#3713=CARTESIAN_POINT('',(0.00427239199200324,0.1943,-0.105807230474898));
#3714=CARTESIAN_POINT('',(0.00320429399400242,0.1943,-0.107657230474898));
#3715=CARTESIAN_POINT('',(0.00320429399400243,0.1943,-0.103957230474898));
#3716=CARTESIAN_POINT('',(0.00213619599600164,0.1943,-0.102107230474898));
#3717=CARTESIAN_POINT('',(0.00213619599600164,0.1943,-0.102107230474898));
#3718=CARTESIAN_POINT('',(0.00320429399400243,0.1943,-0.103957230474898));
#3719=CARTESIAN_POINT('',(1.7347234759768E-17,0.1943,-0.102107230474898));
#3720=CARTESIAN_POINT('',(-0.00213619599600157,0.1943,-0.102107230474898));
#3721=CARTESIAN_POINT('',(-0.00213619599600157,0.1943,-0.102107230474898));
#3722=CARTESIAN_POINT('',(1.7347234759768E-17,0.1943,-0.102107230474898));
#3723=CARTESIAN_POINT('',(-0.0032042939940024,0.1943,-0.103957230474898));
#3724=CARTESIAN_POINT('',(-0.0032042939940024,0.1943,-0.103957230474898));
#3725=CARTESIAN_POINT('',(0.,0.1943,-0.0490572304748982));
#3726=CARTESIAN_POINT('',(-0.0184920392984348,0.1943,-0.0140865857749944));
#3727=CARTESIAN_POINT('',(-0.020558803763492,0.1943,-0.0146267875699839));
#3728=CARTESIAN_POINT('',(-0.020558803763492,0.1943,-0.0146267875699839));
#3729=CARTESIAN_POINT('',(-0.0184920392984348,0.1943,-0.0140865857749944));
#3730=CARTESIAN_POINT('',(-0.0164252748333775,0.1943,-0.0135463839800049));
#3731=CARTESIAN_POINT('',(-0.0164252748333775,0.1943,-0.0135463839800049));
#3732=CARTESIAN_POINT('',(-0.0211243575183898,0.1943,-0.0166867589978573));
#3733=CARTESIAN_POINT('',(-0.0216899112732875,0.1943,-0.0187467304257306));
#3734=CARTESIAN_POINT('',(-0.0216899112732875,0.1943,-0.0187467304257306));
#3735=CARTESIAN_POINT('',(-0.0211243575183898,0.1943,-0.0166867589978573));
#3736=CARTESIAN_POINT('',(-0.0201887005631281,0.1943,-0.0202665000586143));
#3737=CARTESIAN_POINT('',(-0.0186874898529685,0.1943,-0.0217862696914982));
#3738=CARTESIAN_POINT('',(-0.0186874898529685,0.1943,-0.0217862696914982));
#3739=CARTESIAN_POINT('',(-0.0201887005631281,0.1943,-0.0202665000586143));
#3740=CARTESIAN_POINT('',(-0.0166207253879113,0.1943,-0.0212460678965087));
#3741=CARTESIAN_POINT('',(-0.014553960922854,0.1943,-0.0207058661015192));
#3742=CARTESIAN_POINT('',(-0.014553960922854,0.1943,-0.0207058661015192));
#3743=CARTESIAN_POINT('',(-0.0166207253879113,0.1943,-0.0212460678965087));
#3744=CARTESIAN_POINT('',(-0.0139884071679563,0.1943,-0.0186458946736459));
#3745=CARTESIAN_POINT('',(-0.0134228534130585,0.1943,-0.0165859232457726));
#3746=CARTESIAN_POINT('',(-0.0134228534130585,0.1943,-0.0165859232457726));
#3747=CARTESIAN_POINT('',(-0.0139884071679563,0.1943,-0.0186458946736459));
#3748=CARTESIAN_POINT('',(-0.014924064123218,0.1943,-0.0150661536128888));
#3749=CARTESIAN_POINT('',(-0.014924064123218,0.1943,-0.0150661536128888));
#3750=CARTESIAN_POINT('',(0.,0.1943,-0.0490572304748982));
#3751=CARTESIAN_POINT('',(0.0166207253879113,0.1943,-0.0212460678965087));
#3752=CARTESIAN_POINT('',(0.0186874898529686,0.1943,-0.0217862696914982));
#3753=CARTESIAN_POINT('',(0.0186874898529686,0.1943,-0.0217862696914982));
#3754=CARTESIAN_POINT('',(0.0166207253879113,0.1943,-0.0212460678965087));
#3755=CARTESIAN_POINT('',(0.014553960922854,0.1943,-0.0207058661015192));
#3756=CARTESIAN_POINT('',(0.014553960922854,0.1943,-0.0207058661015192));
#3757=CARTESIAN_POINT('',(0.0201887005631281,0.1943,-0.0202665000586143));
#3758=CARTESIAN_POINT('',(0.0216899112732875,0.1943,-0.0187467304257306));
#3759=CARTESIAN_POINT('',(0.0216899112732875,0.1943,-0.0187467304257306));
#3760=CARTESIAN_POINT('',(0.0201887005631281,0.1943,-0.0202665000586143));
#3761=CARTESIAN_POINT('',(0.0211243575183898,0.1943,-0.0166867589978573));
#3762=CARTESIAN_POINT('',(0.020558803763492,0.1943,-0.0146267875699839));
#3763=CARTESIAN_POINT('',(0.020558803763492,0.1943,-0.0146267875699839));
#3764=CARTESIAN_POINT('',(0.0211243575183898,0.1943,-0.0166867589978573));
#3765=CARTESIAN_POINT('',(0.0184920392984348,0.1943,-0.0140865857749944));
#3766=CARTESIAN_POINT('',(0.0164252748333775,0.1943,-0.0135463839800049));
#3767=CARTESIAN_POINT('',(0.0164252748333775,0.1943,-0.0135463839800049));
#3768=CARTESIAN_POINT('',(0.0184920392984348,0.1943,-0.0140865857749944));
#3769=CARTESIAN_POINT('',(0.014924064123218,0.1943,-0.0150661536128888));
#3770=CARTESIAN_POINT('',(0.0134228534130585,0.1943,-0.0165859232457726));
#3771=CARTESIAN_POINT('',(0.0134228534130585,0.1943,-0.0165859232457726));
#3772=CARTESIAN_POINT('',(0.014924064123218,0.1943,-0.0150661536128888));
#3773=CARTESIAN_POINT('',(0.0139884071679563,0.1943,-0.0186458946736459));
#3774=CARTESIAN_POINT('',(0.0139884071679563,0.1943,-0.0186458946736459));
#3775=CARTESIAN_POINT('',(0.,0.1943,-0.0490572304748982));
#3776=CARTESIAN_POINT('',(0.,0.1933,9.61347737330672E-19));
#3777=CARTESIAN_POINT('',(0.015243548813546,0.1933,-0.00375822026616859));
#3778=CARTESIAN_POINT('',(-0.015243548813546,0.1933,-0.00375822026616859));
#3779=CARTESIAN_POINT('',(0.0162144754895681,0.1933,-0.00399759735318569));
#3780=CARTESIAN_POINT('',(-0.0162144754895681,0.1933,-0.00399759735318569));
#3781=MECHANICAL_DESIGN_GEOMETRIC_PRESENTATION_REPRESENTATION('',(#2268),
#3782);
#3782=(
GEOMETRIC_REPRESENTATION_CONTEXT(3)
GLOBAL_UNCERTAINTY_ASSIGNED_CONTEXT((#3783))
GLOBAL_UNIT_ASSIGNED_CONTEXT((#3786,#3785,#3784))
REPRESENTATION_CONTEXT('Gearbox Female','TOP_LEVEL_ASSEMBLY_PART')
);
#3783=UNCERTAINTY_MEASURE_WITH_UNIT(LENGTH_MEASURE(1.E-8),#3786,
'DISTANCE_ACCURACY_VALUE','Maximum Tolerance applied to model');
#3784=(
NAMED_UNIT(*)
SI_UNIT($,.STERADIAN.)
SOLID_ANGLE_UNIT()
);
#3785=(
NAMED_UNIT(*)
PLANE_ANGLE_UNIT()
SI_UNIT($,.RADIAN.)
);
#3786=(
LENGTH_UNIT()
NAMED_UNIT(*)
SI_UNIT($,.METRE.)
);
#3787=PRODUCT_DEFINITION_SHAPE('','',#3788);
#3788=PRODUCT_DEFINITION('','',#3790,#3789);
#3789=PRODUCT_DEFINITION_CONTEXT('',#3796,'design');
#3790=PRODUCT_DEFINITION_FORMATION_WITH_SPECIFIED_SOURCE('','',#3792,
 .NOT_KNOWN.);
#3791=PRODUCT_RELATED_PRODUCT_CATEGORY('','',(#3792));
#3792=PRODUCT('Gearbox Female','Gearbox Female','Gearbox Female',(#3794));
#3793=PRODUCT_CATEGORY('','');
#3794=PRODUCT_CONTEXT('',#3796,'mechanical');
#3795=APPLICATION_PROTOCOL_DEFINITION('international standard',
'ap242_managed_model_based_3d_engineering',2020,#3796);
#3796=APPLICATION_CONTEXT('managed model based 3d engineering');
ENDSEC;
END-ISO-10303-21;
