ISO-10303-21;
HEADER;
/* Generated by software containing ST-Developer
 * from STEP Tools, Inc. (www.steptools.com) 
 */
/* OPTION: using custom renumber hook */

FILE_DESCRIPTION(
/* description */ ('STEP AP242 Edition 2',
'CAx-IF Rec.Pracs.---Representation and Presentation of Product Manufa
cturing Information (PMI)---4.0---2014-10-13',
'CAx-IF Rec.Pracs.---3D Tessellated Geometry---0.4---2014-09-14','2;1',
'CAx-IF Rec.Pracs.---User Defined Attributes---1.5---2016-08-15'),
/* implementation_level */ '2;1');

FILE_NAME(
/* name */ 'Assembly 1 - Gearbox Male',
/* time_stamp */ '2026-06-22T01:32:13Z',
/* author */ (''),
/* organization */ (''),
/* preprocessor_version */ 'ST-DEVELOPER v20',
/* originating_system */ 'ONSHAPE BY PTC INC, 1.216',
/* authorisation */ '  ');

FILE_SCHEMA (('AP242_MANAGED_MODEL_BASED_3D_ENGINEERING_MIM_LF { 1 0 10303 442 3 1 4 }'));
ENDSEC;

DATA;
#10=SHAPE_REPRESENTATION_RELATIONSHIP('','',#2179,#11);
#11=ADVANCED_BREP_SHAPE_REPRESENTATION('',(#2177),#3693);
#12=ELLIPSE('',#2299,0.00200001743446717,0.002);
#13=ELLIPSE('',#2303,0.00200001743446717,0.002);
#14=PLANE('',#2187);
#15=PLANE('',#2236);
#16=PLANE('',#2239);
#17=PLANE('',#2240);
#18=PLANE('',#2241);
#19=PLANE('',#2292);
#20=PLANE('',#2295);
#21=PLANE('',#2296);
#22=PLANE('',#2300);
#23=PLANE('',#2323);
#24=PLANE('',#2324);
#25=PLANE('',#2325);
#26=PLANE('',#2326);
#27=PLANE('',#2327);
#28=PLANE('',#2328);
#29=PLANE('',#2329);
#30=PLANE('',#2332);
#31=PLANE('',#2333);
#32=PLANE('',#2334);
#33=PLANE('',#2335);
#34=PLANE('',#2337);
#35=PLANE('',#2338);
#36=PLANE('',#2339);
#37=PLANE('',#2340);
#38=PLANE('',#2355);
#39=PLANE('',#2356);
#40=PLANE('',#2357);
#41=PLANE('',#2358);
#42=PLANE('',#2362);
#43=PLANE('',#2363);
#44=PLANE('',#2364);
#45=PLANE('',#2365);
#46=PLANE('',#2366);
#47=PLANE('',#2367);
#48=PLANE('',#2368);
#49=PLANE('',#2370);
#50=PLANE('',#2371);
#51=PLANE('',#2372);
#52=PLANE('',#2373);
#53=PLANE('',#2388);
#54=PLANE('',#2389);
#55=PLANE('',#2392);
#56=PLANE('',#2395);
#57=PLANE('',#2398);
#58=PLANE('',#2403);
#59=PLANE('',#2406);
#60=PLANE('',#2409);
#61=PLANE('',#2410);
#62=PLANE('',#2411);
#63=PLANE('',#2412);
#64=PLANE('',#2413);
#65=LINE('',#3073,#239);
#66=LINE('',#3077,#240);
#67=LINE('',#3082,#241);
#68=LINE('',#3086,#242);
#69=LINE('',#3088,#243);
#70=LINE('',#3092,#244);
#71=LINE('',#3098,#245);
#72=LINE('',#3102,#246);
#73=LINE('',#3108,#247);
#74=LINE('',#3112,#248);
#75=LINE('',#3113,#249);
#76=LINE('',#3118,#250);
#77=LINE('',#3123,#251);
#78=LINE('',#3127,#252);
#79=LINE('',#3130,#253);
#80=LINE('',#3135,#254);
#81=LINE('',#3139,#255);
#82=LINE('',#3142,#256);
#83=LINE('',#3147,#257);
#84=LINE('',#3151,#258);
#85=LINE('',#3154,#259);
#86=LINE('',#3159,#260);
#87=LINE('',#3163,#261);
#88=LINE('',#3171,#262);
#89=LINE('',#3176,#263);
#90=LINE('',#3181,#264);
#91=LINE('',#3185,#265);
#92=LINE('',#3188,#266);
#93=LINE('',#3193,#267);
#94=LINE('',#3197,#268);
#95=LINE('',#3200,#269);
#96=LINE('',#3205,#270);
#97=LINE('',#3209,#271);
#98=LINE('',#3212,#272);
#99=LINE('',#3217,#273);
#100=LINE('',#3225,#274);
#101=LINE('',#3229,#275);
#102=LINE('',#3249,#276);
#103=LINE('',#3254,#277);
#104=LINE('',#3258,#278);
#105=LINE('',#3260,#279);
#106=LINE('',#3262,#280);
#107=LINE('',#3265,#281);
#108=LINE('',#3266,#282);
#109=LINE('',#3268,#283);
#110=LINE('',#3270,#284);
#111=LINE('',#3272,#285);
#112=LINE('',#3274,#286);
#113=LINE('',#3278,#287);
#114=LINE('',#3284,#288);
#115=LINE('',#3288,#289);
#116=LINE('',#3292,#290);
#117=LINE('',#3296,#291);
#118=LINE('',#3304,#292);
#119=LINE('',#3308,#293);
#120=LINE('',#3316,#294);
#121=LINE('',#3320,#295);
#122=LINE('',#3324,#296);
#123=LINE('',#3328,#297);
#124=LINE('',#3334,#298);
#125=LINE('',#3338,#299);
#126=LINE('',#3339,#300);
#127=LINE('',#3341,#301);
#128=LINE('',#3345,#302);
#129=LINE('',#3349,#303);
#130=LINE('',#3351,#304);
#131=LINE('',#3354,#305);
#132=LINE('',#3357,#306);
#133=LINE('',#3360,#307);
#134=LINE('',#3365,#308);
#135=LINE('',#3369,#309);
#136=LINE('',#3373,#310);
#137=LINE('',#3376,#311);
#138=LINE('',#3381,#312);
#139=LINE('',#3385,#313);
#140=LINE('',#3389,#314);
#141=LINE('',#3398,#315);
#142=LINE('',#3403,#316);
#143=LINE('',#3407,#317);
#144=LINE('',#3410,#318);
#145=LINE('',#3415,#319);
#146=LINE('',#3419,#320);
#147=LINE('',#3424,#321);
#148=LINE('',#3429,#322);
#149=LINE('',#3433,#323);
#150=LINE('',#3436,#324);
#151=LINE('',#3441,#325);
#152=LINE('',#3445,#326);
#153=LINE('',#3453,#327);
#154=LINE('',#3458,#328);
#155=LINE('',#3462,#329);
#156=LINE('',#3464,#330);
#157=LINE('',#3466,#331);
#158=LINE('',#3467,#332);
#159=LINE('',#3469,#333);
#160=LINE('',#3470,#334);
#161=LINE('',#3483,#335);
#162=LINE('',#3484,#336);
#163=LINE('',#3507,#337);
#164=LINE('',#3508,#338);
#165=LINE('',#3514,#339);
#166=LINE('',#3515,#340);
#167=LINE('',#3517,#341);
#168=LINE('',#3519,#342);
#169=LINE('',#3520,#343);
#170=LINE('',#3522,#344);
#171=LINE('',#3523,#345);
#172=LINE('',#3525,#346);
#173=LINE('',#3526,#347);
#174=LINE('',#3528,#348);
#175=LINE('',#3529,#349);
#176=LINE('',#3531,#350);
#177=LINE('',#3532,#351);
#178=LINE('',#3534,#352);
#179=LINE('',#3535,#353);
#180=LINE('',#3537,#354);
#181=LINE('',#3538,#355);
#182=LINE('',#3540,#356);
#183=LINE('',#3541,#357);
#184=LINE('',#3542,#358);
#185=LINE('',#3543,#359);
#186=LINE('',#3547,#360);
#187=LINE('',#3548,#361);
#188=LINE('',#3550,#362);
#189=LINE('',#3551,#363);
#190=LINE('',#3554,#364);
#191=LINE('',#3557,#365);
#192=LINE('',#3558,#366);
#193=LINE('',#3560,#367);
#194=LINE('',#3561,#368);
#195=LINE('',#3563,#369);
#196=LINE('',#3564,#370);
#197=LINE('',#3566,#371);
#198=LINE('',#3567,#372);
#199=LINE('',#3583,#373);
#200=LINE('',#3584,#374);
#201=LINE('',#3586,#375);
#202=LINE('',#3588,#376);
#203=LINE('',#3589,#377);
#204=LINE('',#3591,#378);
#205=LINE('',#3592,#379);
#206=LINE('',#3594,#380);
#207=LINE('',#3595,#381);
#208=LINE('',#3597,#382);
#209=LINE('',#3598,#383);
#210=LINE('',#3600,#384);
#211=LINE('',#3601,#385);
#212=LINE('',#3602,#386);
#213=LINE('',#3603,#387);
#214=LINE('',#3607,#388);
#215=LINE('',#3608,#389);
#216=LINE('',#3610,#390);
#217=LINE('',#3611,#391);
#218=LINE('',#3613,#392);
#219=LINE('',#3614,#393);
#220=LINE('',#3616,#394);
#221=LINE('',#3617,#395);
#222=LINE('',#3619,#396);
#223=LINE('',#3620,#397);
#224=LINE('',#3622,#398);
#225=LINE('',#3623,#399);
#226=LINE('',#3626,#400);
#227=LINE('',#3629,#401);
#228=LINE('',#3630,#402);
#229=LINE('',#3632,#403);
#230=LINE('',#3633,#404);
#231=LINE('',#3635,#405);
#232=LINE('',#3636,#406);
#233=LINE('',#3638,#407);
#234=LINE('',#3639,#408);
#235=LINE('',#3683,#409);
#236=LINE('',#3684,#410);
#237=LINE('',#3686,#411);
#238=LINE('',#3687,#412);
#239=VECTOR('',#2424,1.);
#240=VECTOR('',#2427,1.);
#241=VECTOR('',#2432,1.);
#242=VECTOR('',#2435,1.);
#243=VECTOR('',#2438,1.);
#244=VECTOR('',#2441,1.);
#245=VECTOR('',#2446,1.);
#246=VECTOR('',#2449,1.);
#247=VECTOR('',#2454,1.);
#248=VECTOR('',#2457,1.);
#249=VECTOR('',#2458,1.);
#250=VECTOR('',#2463,1.);
#251=VECTOR('',#2466,1.);
#252=VECTOR('',#2469,1.);
#253=VECTOR('',#2472,1.);
#254=VECTOR('',#2475,1.);
#255=VECTOR('',#2478,1.);
#256=VECTOR('',#2481,1.);
#257=VECTOR('',#2484,1.);
#258=VECTOR('',#2487,1.);
#259=VECTOR('',#2490,1.);
#260=VECTOR('',#2493,1.);
#261=VECTOR('',#2496,1.);
#262=VECTOR('',#2503,1.);
#263=VECTOR('',#2508,1.);
#264=VECTOR('',#2511,1.);
#265=VECTOR('',#2514,1.);
#266=VECTOR('',#2517,1.);
#267=VECTOR('',#2520,1.);
#268=VECTOR('',#2523,1.);
#269=VECTOR('',#2526,1.);
#270=VECTOR('',#2529,1.);
#271=VECTOR('',#2532,1.);
#272=VECTOR('',#2535,1.);
#273=VECTOR('',#2538,1.);
#274=VECTOR('',#2545,1.);
#275=VECTOR('',#2548,1.);
#276=VECTOR('',#2569,1.);
#277=VECTOR('',#2572,1.);
#278=VECTOR('',#2575,1.);
#279=VECTOR('',#2576,1.);
#280=VECTOR('',#2579,1.);
#281=VECTOR('',#2580,1.);
#282=VECTOR('',#2581,1.);
#283=VECTOR('',#2584,1.);
#284=VECTOR('',#2585,1.);
#285=VECTOR('',#2586,1.);
#286=VECTOR('',#2589,1.);
#287=VECTOR('',#2592,1.);
#288=VECTOR('',#2597,1.);
#289=VECTOR('',#2600,1.);
#290=VECTOR('',#2603,1.);
#291=VECTOR('',#2606,1.);
#292=VECTOR('',#2613,1.);
#293=VECTOR('',#2616,1.);
#294=VECTOR('',#2623,1.);
#295=VECTOR('',#2626,1.);
#296=VECTOR('',#2629,1.);
#297=VECTOR('',#2632,1.);
#298=VECTOR('',#2637,1.);
#299=VECTOR('',#2640,1.);
#300=VECTOR('',#2641,1.);
#301=VECTOR('',#2642,1.);
#302=VECTOR('',#2645,1.);
#303=VECTOR('',#2648,1.);
#304=VECTOR('',#2649,1.);
#305=VECTOR('',#2652,1.);
#306=VECTOR('',#2655,1.);
#307=VECTOR('',#2658,1.);
#308=VECTOR('',#2661,1.);
#309=VECTOR('',#2664,1.);
#310=VECTOR('',#2667,1.);
#311=VECTOR('',#2670,1.);
#312=VECTOR('',#2673,1.);
#313=VECTOR('',#2676,1.);
#314=VECTOR('',#2679,1.);
#315=VECTOR('',#2688,1.);
#316=VECTOR('',#2691,1.);
#317=VECTOR('',#2694,1.);
#318=VECTOR('',#2697,1.);
#319=VECTOR('',#2700,1.);
#320=VECTOR('',#2703,1.);
#321=VECTOR('',#2708,1.);
#322=VECTOR('',#2711,1.);
#323=VECTOR('',#2714,1.);
#324=VECTOR('',#2717,1.);
#325=VECTOR('',#2720,1.);
#326=VECTOR('',#2723,1.);
#327=VECTOR('',#2732,1.);
#328=VECTOR('',#2735,1.);
#329=VECTOR('',#2738,1.);
#330=VECTOR('',#2739,1.);
#331=VECTOR('',#2742,1.);
#332=VECTOR('',#2743,1.);
#333=VECTOR('',#2746,1.);
#334=VECTOR('',#2747,1.);
#335=VECTOR('',#2764,1.);
#336=VECTOR('',#2765,1.);
#337=VECTOR('',#2794,1.);
#338=VECTOR('',#2795,1.);
#339=VECTOR('',#2806,1.);
#340=VECTOR('',#2807,1.);
#341=VECTOR('',#2808,1.);
#342=VECTOR('',#2809,1.);
#343=VECTOR('',#2810,1.);
#344=VECTOR('',#2813,1.);
#345=VECTOR('',#2814,1.);
#346=VECTOR('',#2817,1.);
#347=VECTOR('',#2818,1.);
#348=VECTOR('',#2821,1.);
#349=VECTOR('',#2822,1.);
#350=VECTOR('',#2825,1.);
#351=VECTOR('',#2826,1.);
#352=VECTOR('',#2829,1.);
#353=VECTOR('',#2830,1.);
#354=VECTOR('',#2833,1.);
#355=VECTOR('',#2834,1.);
#356=VECTOR('',#2837,1.);
#357=VECTOR('',#2838,1.);
#358=VECTOR('',#2839,1.);
#359=VECTOR('',#2840,1.);
#360=VECTOR('',#2845,1.);
#361=VECTOR('',#2846,1.);
#362=VECTOR('',#2849,1.);
#363=VECTOR('',#2850,1.);
#364=VECTOR('',#2855,1.);
#365=VECTOR('',#2860,1.);
#366=VECTOR('',#2861,1.);
#367=VECTOR('',#2864,1.);
#368=VECTOR('',#2865,1.);
#369=VECTOR('',#2868,1.);
#370=VECTOR('',#2869,1.);
#371=VECTOR('',#2872,1.);
#372=VECTOR('',#2873,1.);
#373=VECTOR('',#2904,1.);
#374=VECTOR('',#2905,1.);
#375=VECTOR('',#2906,1.);
#376=VECTOR('',#2907,1.);
#377=VECTOR('',#2908,1.);
#378=VECTOR('',#2911,1.);
#379=VECTOR('',#2912,1.);
#380=VECTOR('',#2915,1.);
#381=VECTOR('',#2916,1.);
#382=VECTOR('',#2919,1.);
#383=VECTOR('',#2920,1.);
#384=VECTOR('',#2923,1.);
#385=VECTOR('',#2924,1.);
#386=VECTOR('',#2925,1.);
#387=VECTOR('',#2926,1.);
#388=VECTOR('',#2931,1.);
#389=VECTOR('',#2932,1.);
#390=VECTOR('',#2935,1.);
#391=VECTOR('',#2936,1.);
#392=VECTOR('',#2939,1.);
#393=VECTOR('',#2940,1.);
#394=VECTOR('',#2943,1.);
#395=VECTOR('',#2944,1.);
#396=VECTOR('',#2947,1.);
#397=VECTOR('',#2948,1.);
#398=VECTOR('',#2951,1.);
#399=VECTOR('',#2952,1.);
#400=VECTOR('',#2957,1.);
#401=VECTOR('',#2962,1.);
#402=VECTOR('',#2963,1.);
#403=VECTOR('',#2966,1.);
#404=VECTOR('',#2967,1.);
#405=VECTOR('',#2970,1.);
#406=VECTOR('',#2971,1.);
#407=VECTOR('',#2974,1.);
#408=VECTOR('',#2975,1.);
#409=VECTOR('',#3054,1.);
#410=VECTOR('',#3055,1.);
#411=VECTOR('',#3058,1.);
#412=VECTOR('',#3059,1.);
#413=ORIENTED_EDGE('',*,*,#1013,.F.);
#414=ORIENTED_EDGE('',*,*,#1014,.F.);
#415=ORIENTED_EDGE('',*,*,#1015,.F.);
#416=ORIENTED_EDGE('',*,*,#1016,.F.);
#417=ORIENTED_EDGE('',*,*,#1017,.F.);
#418=ORIENTED_EDGE('',*,*,#1018,.F.);
#419=ORIENTED_EDGE('',*,*,#1019,.F.);
#420=ORIENTED_EDGE('',*,*,#1020,.F.);
#421=ORIENTED_EDGE('',*,*,#1019,.T.);
#422=ORIENTED_EDGE('',*,*,#1021,.F.);
#423=ORIENTED_EDGE('',*,*,#1022,.T.);
#424=ORIENTED_EDGE('',*,*,#1023,.F.);
#425=ORIENTED_EDGE('',*,*,#1024,.T.);
#426=ORIENTED_EDGE('',*,*,#1025,.F.);
#427=ORIENTED_EDGE('',*,*,#1026,.T.);
#428=ORIENTED_EDGE('',*,*,#1027,.T.);
#429=ORIENTED_EDGE('',*,*,#1028,.F.);
#430=ORIENTED_EDGE('',*,*,#1029,.T.);
#431=ORIENTED_EDGE('',*,*,#1030,.F.);
#432=ORIENTED_EDGE('',*,*,#1031,.T.);
#433=ORIENTED_EDGE('',*,*,#1032,.F.);
#434=ORIENTED_EDGE('',*,*,#1033,.T.);
#435=ORIENTED_EDGE('',*,*,#1013,.T.);
#436=ORIENTED_EDGE('',*,*,#1034,.F.);
#437=ORIENTED_EDGE('',*,*,#1035,.F.);
#438=ORIENTED_EDGE('',*,*,#1036,.F.);
#439=ORIENTED_EDGE('',*,*,#1037,.F.);
#440=ORIENTED_EDGE('',*,*,#1038,.T.);
#441=ORIENTED_EDGE('',*,*,#1039,.T.);
#442=ORIENTED_EDGE('',*,*,#1040,.T.);
#443=ORIENTED_EDGE('',*,*,#1041,.T.);
#444=ORIENTED_EDGE('',*,*,#1042,.T.);
#445=ORIENTED_EDGE('',*,*,#1043,.F.);
#446=ORIENTED_EDGE('',*,*,#1044,.T.);
#447=ORIENTED_EDGE('',*,*,#1045,.F.);
#448=ORIENTED_EDGE('',*,*,#1046,.T.);
#449=ORIENTED_EDGE('',*,*,#1047,.F.);
#450=ORIENTED_EDGE('',*,*,#1048,.T.);
#451=ORIENTED_EDGE('',*,*,#1049,.F.);
#452=ORIENTED_EDGE('',*,*,#1050,.T.);
#453=ORIENTED_EDGE('',*,*,#1051,.T.);
#454=ORIENTED_EDGE('',*,*,#1052,.T.);
#455=ORIENTED_EDGE('',*,*,#1053,.T.);
#456=ORIENTED_EDGE('',*,*,#1054,.T.);
#457=ORIENTED_EDGE('',*,*,#1055,.F.);
#458=ORIENTED_EDGE('',*,*,#1056,.T.);
#459=ORIENTED_EDGE('',*,*,#1057,.T.);
#460=ORIENTED_EDGE('',*,*,#1058,.T.);
#461=ORIENTED_EDGE('',*,*,#1059,.T.);
#462=ORIENTED_EDGE('',*,*,#1060,.T.);
#463=ORIENTED_EDGE('',*,*,#1061,.T.);
#464=ORIENTED_EDGE('',*,*,#1062,.T.);
#465=ORIENTED_EDGE('',*,*,#1063,.T.);
#466=ORIENTED_EDGE('',*,*,#1064,.T.);
#467=ORIENTED_EDGE('',*,*,#1065,.F.);
#468=ORIENTED_EDGE('',*,*,#1066,.T.);
#469=ORIENTED_EDGE('',*,*,#1067,.F.);
#470=ORIENTED_EDGE('',*,*,#1068,.F.);
#471=ORIENTED_EDGE('',*,*,#1069,.F.);
#472=ORIENTED_EDGE('',*,*,#1070,.F.);
#473=ORIENTED_EDGE('',*,*,#1071,.F.);
#474=ORIENTED_EDGE('',*,*,#1072,.T.);
#475=ORIENTED_EDGE('',*,*,#1073,.F.);
#476=ORIENTED_EDGE('',*,*,#1074,.T.);
#477=ORIENTED_EDGE('',*,*,#1075,.F.);
#478=ORIENTED_EDGE('',*,*,#1076,.T.);
#479=ORIENTED_EDGE('',*,*,#1077,.F.);
#480=ORIENTED_EDGE('',*,*,#1078,.T.);
#481=ORIENTED_EDGE('',*,*,#1079,.F.);
#482=ORIENTED_EDGE('',*,*,#1080,.F.);
#483=ORIENTED_EDGE('',*,*,#1081,.F.);
#484=ORIENTED_EDGE('',*,*,#1082,.F.);
#485=ORIENTED_EDGE('',*,*,#1083,.F.);
#486=ORIENTED_EDGE('',*,*,#1084,.T.);
#487=ORIENTED_EDGE('',*,*,#1085,.F.);
#488=ORIENTED_EDGE('',*,*,#1086,.F.);
#489=ORIENTED_EDGE('',*,*,#1087,.F.);
#490=ORIENTED_EDGE('',*,*,#1088,.F.);
#491=ORIENTED_EDGE('',*,*,#1089,.F.);
#492=ORIENTED_EDGE('',*,*,#1090,.F.);
#493=ORIENTED_EDGE('',*,*,#1091,.F.);
#494=ORIENTED_EDGE('',*,*,#1092,.F.);
#495=ORIENTED_EDGE('',*,*,#1093,.F.);
#496=ORIENTED_EDGE('',*,*,#1094,.F.);
#497=ORIENTED_EDGE('',*,*,#1095,.F.);
#498=ORIENTED_EDGE('',*,*,#1096,.F.);
#499=ORIENTED_EDGE('',*,*,#1097,.F.);
#500=ORIENTED_EDGE('',*,*,#1098,.F.);
#501=ORIENTED_EDGE('',*,*,#1099,.F.);
#502=ORIENTED_EDGE('',*,*,#1100,.F.);
#503=ORIENTED_EDGE('',*,*,#1101,.T.);
#504=ORIENTED_EDGE('',*,*,#1102,.F.);
#505=ORIENTED_EDGE('',*,*,#1103,.T.);
#506=ORIENTED_EDGE('',*,*,#1104,.F.);
#507=ORIENTED_EDGE('',*,*,#1105,.T.);
#508=ORIENTED_EDGE('',*,*,#1106,.T.);
#509=ORIENTED_EDGE('',*,*,#1107,.T.);
#510=ORIENTED_EDGE('',*,*,#1108,.F.);
#511=ORIENTED_EDGE('',*,*,#1109,.T.);
#512=ORIENTED_EDGE('',*,*,#1102,.T.);
#513=ORIENTED_EDGE('',*,*,#1110,.T.);
#514=ORIENTED_EDGE('',*,*,#1106,.F.);
#515=ORIENTED_EDGE('',*,*,#1111,.T.);
#516=ORIENTED_EDGE('',*,*,#1112,.T.);
#517=ORIENTED_EDGE('',*,*,#1113,.F.);
#518=ORIENTED_EDGE('',*,*,#1015,.T.);
#519=ORIENTED_EDGE('',*,*,#1114,.F.);
#520=ORIENTED_EDGE('',*,*,#1115,.T.);
#521=ORIENTED_EDGE('',*,*,#1116,.F.);
#522=ORIENTED_EDGE('',*,*,#1117,.F.);
#523=ORIENTED_EDGE('',*,*,#1118,.F.);
#524=ORIENTED_EDGE('',*,*,#1119,.T.);
#525=ORIENTED_EDGE('',*,*,#1120,.F.);
#526=ORIENTED_EDGE('',*,*,#1121,.F.);
#527=ORIENTED_EDGE('',*,*,#1122,.F.);
#528=ORIENTED_EDGE('',*,*,#1123,.T.);
#529=ORIENTED_EDGE('',*,*,#1124,.F.);
#530=ORIENTED_EDGE('',*,*,#1125,.T.);
#531=ORIENTED_EDGE('',*,*,#1126,.F.);
#532=ORIENTED_EDGE('',*,*,#1127,.F.);
#533=ORIENTED_EDGE('',*,*,#1128,.F.);
#534=ORIENTED_EDGE('',*,*,#1129,.T.);
#535=ORIENTED_EDGE('',*,*,#1130,.F.);
#536=ORIENTED_EDGE('',*,*,#1131,.F.);
#537=ORIENTED_EDGE('',*,*,#1132,.T.);
#538=ORIENTED_EDGE('',*,*,#1133,.T.);
#539=ORIENTED_EDGE('',*,*,#1134,.T.);
#540=ORIENTED_EDGE('',*,*,#1135,.F.);
#541=ORIENTED_EDGE('',*,*,#1136,.T.);
#542=ORIENTED_EDGE('',*,*,#1137,.F.);
#543=ORIENTED_EDGE('',*,*,#1138,.T.);
#544=ORIENTED_EDGE('',*,*,#1139,.T.);
#545=ORIENTED_EDGE('',*,*,#1140,.T.);
#546=ORIENTED_EDGE('',*,*,#1141,.F.);
#547=ORIENTED_EDGE('',*,*,#1142,.T.);
#548=ORIENTED_EDGE('',*,*,#1143,.T.);
#549=ORIENTED_EDGE('',*,*,#1144,.T.);
#550=ORIENTED_EDGE('',*,*,#1145,.F.);
#551=ORIENTED_EDGE('',*,*,#1146,.T.);
#552=ORIENTED_EDGE('',*,*,#1017,.T.);
#553=ORIENTED_EDGE('',*,*,#1147,.T.);
#554=ORIENTED_EDGE('',*,*,#1148,.F.);
#555=ORIENTED_EDGE('',*,*,#1149,.T.);
#556=ORIENTED_EDGE('',*,*,#1150,.T.);
#557=ORIENTED_EDGE('',*,*,#1151,.T.);
#558=ORIENTED_EDGE('',*,*,#1152,.T.);
#559=ORIENTED_EDGE('',*,*,#1153,.T.);
#560=ORIENTED_EDGE('',*,*,#1112,.F.);
#561=ORIENTED_EDGE('',*,*,#1154,.T.);
#562=ORIENTED_EDGE('',*,*,#1155,.T.);
#563=ORIENTED_EDGE('',*,*,#1156,.T.);
#564=ORIENTED_EDGE('',*,*,#1108,.T.);
#565=ORIENTED_EDGE('',*,*,#1157,.T.);
#566=ORIENTED_EDGE('',*,*,#1158,.T.);
#567=ORIENTED_EDGE('',*,*,#1159,.F.);
#568=ORIENTED_EDGE('',*,*,#1160,.F.);
#569=ORIENTED_EDGE('',*,*,#1161,.T.);
#570=ORIENTED_EDGE('',*,*,#1162,.F.);
#571=ORIENTED_EDGE('',*,*,#1163,.T.);
#572=ORIENTED_EDGE('',*,*,#1164,.F.);
#573=ORIENTED_EDGE('',*,*,#1165,.F.);
#574=ORIENTED_EDGE('',*,*,#1166,.T.);
#575=ORIENTED_EDGE('',*,*,#1167,.T.);
#576=ORIENTED_EDGE('',*,*,#1168,.T.);
#577=ORIENTED_EDGE('',*,*,#1169,.F.);
#578=ORIENTED_EDGE('',*,*,#1170,.T.);
#579=ORIENTED_EDGE('',*,*,#1171,.F.);
#580=ORIENTED_EDGE('',*,*,#1172,.T.);
#581=ORIENTED_EDGE('',*,*,#1173,.T.);
#582=ORIENTED_EDGE('',*,*,#1174,.T.);
#583=ORIENTED_EDGE('',*,*,#1175,.T.);
#584=ORIENTED_EDGE('',*,*,#1176,.T.);
#585=ORIENTED_EDGE('',*,*,#1177,.T.);
#586=ORIENTED_EDGE('',*,*,#1178,.F.);
#587=ORIENTED_EDGE('',*,*,#1179,.F.);
#588=ORIENTED_EDGE('',*,*,#1180,.F.);
#589=ORIENTED_EDGE('',*,*,#1181,.F.);
#590=ORIENTED_EDGE('',*,*,#1182,.F.);
#591=ORIENTED_EDGE('',*,*,#1183,.F.);
#592=ORIENTED_EDGE('',*,*,#1184,.T.);
#593=ORIENTED_EDGE('',*,*,#1185,.F.);
#594=ORIENTED_EDGE('',*,*,#1186,.T.);
#595=ORIENTED_EDGE('',*,*,#1187,.F.);
#596=ORIENTED_EDGE('',*,*,#1188,.F.);
#597=ORIENTED_EDGE('',*,*,#1189,.F.);
#598=ORIENTED_EDGE('',*,*,#1190,.T.);
#599=ORIENTED_EDGE('',*,*,#1191,.T.);
#600=ORIENTED_EDGE('',*,*,#1192,.T.);
#601=ORIENTED_EDGE('',*,*,#1193,.T.);
#602=ORIENTED_EDGE('',*,*,#1194,.T.);
#603=ORIENTED_EDGE('',*,*,#1195,.T.);
#604=ORIENTED_EDGE('',*,*,#1196,.T.);
#605=ORIENTED_EDGE('',*,*,#1197,.F.);
#606=ORIENTED_EDGE('',*,*,#1198,.T.);
#607=ORIENTED_EDGE('',*,*,#1199,.T.);
#608=ORIENTED_EDGE('',*,*,#1200,.T.);
#609=ORIENTED_EDGE('',*,*,#1201,.F.);
#610=ORIENTED_EDGE('',*,*,#1202,.T.);
#611=ORIENTED_EDGE('',*,*,#1203,.T.);
#612=ORIENTED_EDGE('',*,*,#1204,.T.);
#613=ORIENTED_EDGE('',*,*,#1205,.F.);
#614=ORIENTED_EDGE('',*,*,#1206,.T.);
#615=ORIENTED_EDGE('',*,*,#1207,.F.);
#616=ORIENTED_EDGE('',*,*,#1208,.T.);
#617=ORIENTED_EDGE('',*,*,#1209,.T.);
#618=ORIENTED_EDGE('',*,*,#1210,.T.);
#619=ORIENTED_EDGE('',*,*,#1152,.F.);
#620=ORIENTED_EDGE('',*,*,#1211,.T.);
#621=ORIENTED_EDGE('',*,*,#1205,.T.);
#622=ORIENTED_EDGE('',*,*,#1212,.T.);
#623=ORIENTED_EDGE('',*,*,#1209,.F.);
#624=ORIENTED_EDGE('',*,*,#1213,.T.);
#625=ORIENTED_EDGE('',*,*,#1148,.T.);
#626=ORIENTED_EDGE('',*,*,#1214,.F.);
#627=ORIENTED_EDGE('',*,*,#1215,.T.);
#628=ORIENTED_EDGE('',*,*,#1216,.T.);
#629=ORIENTED_EDGE('',*,*,#1215,.F.);
#630=ORIENTED_EDGE('',*,*,#1217,.F.);
#631=ORIENTED_EDGE('',*,*,#1147,.F.);
#632=ORIENTED_EDGE('',*,*,#1020,.T.);
#633=ORIENTED_EDGE('',*,*,#1034,.T.);
#634=ORIENTED_EDGE('',*,*,#1016,.T.);
#635=ORIENTED_EDGE('',*,*,#1157,.F.);
#636=ORIENTED_EDGE('',*,*,#1110,.F.);
#637=ORIENTED_EDGE('',*,*,#1107,.F.);
#638=ORIENTED_EDGE('',*,*,#1113,.T.);
#639=ORIENTED_EDGE('',*,*,#1153,.F.);
#640=ORIENTED_EDGE('',*,*,#1212,.F.);
#641=ORIENTED_EDGE('',*,*,#1210,.F.);
#642=ORIENTED_EDGE('',*,*,#1214,.T.);
#643=ORIENTED_EDGE('',*,*,#1217,.T.);
#644=ORIENTED_EDGE('',*,*,#1218,.T.);
#645=ORIENTED_EDGE('',*,*,#1115,.F.);
#646=ORIENTED_EDGE('',*,*,#1219,.T.);
#647=ORIENTED_EDGE('',*,*,#1032,.T.);
#648=ORIENTED_EDGE('',*,*,#1220,.T.);
#649=ORIENTED_EDGE('',*,*,#1221,.T.);
#650=ORIENTED_EDGE('',*,*,#1101,.F.);
#651=ORIENTED_EDGE('',*,*,#1222,.F.);
#652=ORIENTED_EDGE('',*,*,#1100,.T.);
#653=ORIENTED_EDGE('',*,*,#1223,.F.);
#654=ORIENTED_EDGE('',*,*,#1224,.F.);
#655=ORIENTED_EDGE('',*,*,#1225,.T.);
#656=ORIENTED_EDGE('',*,*,#1226,.F.);
#657=ORIENTED_EDGE('',*,*,#1227,.F.);
#658=ORIENTED_EDGE('',*,*,#1228,.F.);
#659=ORIENTED_EDGE('',*,*,#1130,.T.);
#660=ORIENTED_EDGE('',*,*,#1229,.F.);
#661=ORIENTED_EDGE('',*,*,#1027,.F.);
#662=ORIENTED_EDGE('',*,*,#1230,.T.);
#663=ORIENTED_EDGE('',*,*,#1190,.F.);
#664=ORIENTED_EDGE('',*,*,#1096,.T.);
#665=ORIENTED_EDGE('',*,*,#1177,.F.);
#666=ORIENTED_EDGE('',*,*,#1095,.T.);
#667=ORIENTED_EDGE('',*,*,#1175,.F.);
#668=ORIENTED_EDGE('',*,*,#1065,.T.);
#669=ORIENTED_EDGE('',*,*,#1176,.F.);
#670=ORIENTED_EDGE('',*,*,#1094,.T.);
#671=ORIENTED_EDGE('',*,*,#1078,.F.);
#672=ORIENTED_EDGE('',*,*,#1231,.F.);
#673=ORIENTED_EDGE('',*,*,#1159,.T.);
#674=ORIENTED_EDGE('',*,*,#1232,.F.);
#675=ORIENTED_EDGE('',*,*,#1233,.T.);
#676=ORIENTED_EDGE('',*,*,#1234,.T.);
#677=ORIENTED_EDGE('',*,*,#1165,.T.);
#678=ORIENTED_EDGE('',*,*,#1235,.F.);
#679=ORIENTED_EDGE('',*,*,#1072,.F.);
#680=ORIENTED_EDGE('',*,*,#1236,.F.);
#681=ORIENTED_EDGE('',*,*,#1180,.T.);
#682=ORIENTED_EDGE('',*,*,#1237,.F.);
#683=ORIENTED_EDGE('',*,*,#1186,.F.);
#684=ORIENTED_EDGE('',*,*,#1238,.F.);
#685=ORIENTED_EDGE('',*,*,#1068,.T.);
#686=ORIENTED_EDGE('',*,*,#1239,.F.);
#687=ORIENTED_EDGE('',*,*,#1070,.T.);
#688=ORIENTED_EDGE('',*,*,#1240,.F.);
#689=ORIENTED_EDGE('',*,*,#1184,.F.);
#690=ORIENTED_EDGE('',*,*,#1241,.F.);
#691=ORIENTED_EDGE('',*,*,#1092,.T.);
#692=ORIENTED_EDGE('',*,*,#1242,.F.);
#693=ORIENTED_EDGE('',*,*,#1123,.F.);
#694=ORIENTED_EDGE('',*,*,#1243,.F.);
#695=ORIENTED_EDGE('',*,*,#1084,.F.);
#696=ORIENTED_EDGE('',*,*,#1244,.F.);
#697=ORIENTED_EDGE('',*,*,#1121,.T.);
#698=ORIENTED_EDGE('',*,*,#1245,.F.);
#699=ORIENTED_EDGE('',*,*,#1119,.F.);
#700=ORIENTED_EDGE('',*,*,#1246,.F.);
#701=ORIENTED_EDGE('',*,*,#1086,.T.);
#702=ORIENTED_EDGE('',*,*,#1247,.F.);
#703=ORIENTED_EDGE('',*,*,#1248,.F.);
#704=ORIENTED_EDGE('',*,*,#1088,.T.);
#705=ORIENTED_EDGE('',*,*,#1249,.F.);
#706=ORIENTED_EDGE('',*,*,#1117,.T.);
#707=ORIENTED_EDGE('',*,*,#1250,.F.);
#708=ORIENTED_EDGE('',*,*,#1030,.T.);
#709=ORIENTED_EDGE('',*,*,#1251,.T.);
#710=ORIENTED_EDGE('',*,*,#1127,.T.);
#711=ORIENTED_EDGE('',*,*,#1252,.F.);
#712=ORIENTED_EDGE('',*,*,#1090,.T.);
#713=ORIENTED_EDGE('',*,*,#1253,.F.);
#714=ORIENTED_EDGE('',*,*,#1125,.F.);
#715=ORIENTED_EDGE('',*,*,#1254,.F.);
#716=ORIENTED_EDGE('',*,*,#1163,.F.);
#717=ORIENTED_EDGE('',*,*,#1255,.F.);
#718=ORIENTED_EDGE('',*,*,#1080,.T.);
#719=ORIENTED_EDGE('',*,*,#1256,.F.);
#720=ORIENTED_EDGE('',*,*,#1116,.T.);
#721=ORIENTED_EDGE('',*,*,#1220,.F.);
#722=ORIENTED_EDGE('',*,*,#1031,.F.);
#723=ORIENTED_EDGE('',*,*,#1250,.T.);
#724=ORIENTED_EDGE('',*,*,#1129,.F.);
#725=ORIENTED_EDGE('',*,*,#1257,.F.);
#726=ORIENTED_EDGE('',*,*,#1028,.T.);
#727=ORIENTED_EDGE('',*,*,#1229,.T.);
#728=ORIENTED_EDGE('',*,*,#1128,.T.);
#729=ORIENTED_EDGE('',*,*,#1251,.F.);
#730=ORIENTED_EDGE('',*,*,#1029,.F.);
#731=ORIENTED_EDGE('',*,*,#1257,.T.);
#732=ORIENTED_EDGE('',*,*,#1082,.T.);
#733=ORIENTED_EDGE('',*,*,#1258,.F.);
#734=ORIENTED_EDGE('',*,*,#1161,.F.);
#735=ORIENTED_EDGE('',*,*,#1259,.F.);
#736=ORIENTED_EDGE('',*,*,#1178,.T.);
#737=ORIENTED_EDGE('',*,*,#1260,.F.);
#738=ORIENTED_EDGE('',*,*,#1074,.F.);
#739=ORIENTED_EDGE('',*,*,#1261,.F.);
#740=ORIENTED_EDGE('',*,*,#1076,.F.);
#741=ORIENTED_EDGE('',*,*,#1262,.F.);
#742=ORIENTED_EDGE('',*,*,#1182,.T.);
#743=ORIENTED_EDGE('',*,*,#1263,.F.);
#744=ORIENTED_EDGE('',*,*,#1188,.T.);
#745=ORIENTED_EDGE('',*,*,#1264,.F.);
#746=ORIENTED_EDGE('',*,*,#1066,.F.);
#747=ORIENTED_EDGE('',*,*,#1265,.F.);
#748=ORIENTED_EDGE('',*,*,#1079,.T.);
#749=ORIENTED_EDGE('',*,*,#1235,.T.);
#750=ORIENTED_EDGE('',*,*,#1164,.T.);
#751=ORIENTED_EDGE('',*,*,#1256,.T.);
#752=ORIENTED_EDGE('',*,*,#1083,.T.);
#753=ORIENTED_EDGE('',*,*,#1259,.T.);
#754=ORIENTED_EDGE('',*,*,#1160,.T.);
#755=ORIENTED_EDGE('',*,*,#1231,.T.);
#756=ORIENTED_EDGE('',*,*,#1081,.T.);
#757=ORIENTED_EDGE('',*,*,#1255,.T.);
#758=ORIENTED_EDGE('',*,*,#1162,.T.);
#759=ORIENTED_EDGE('',*,*,#1258,.T.);
#760=ORIENTED_EDGE('',*,*,#1073,.T.);
#761=ORIENTED_EDGE('',*,*,#1237,.T.);
#762=ORIENTED_EDGE('',*,*,#1179,.T.);
#763=ORIENTED_EDGE('',*,*,#1261,.T.);
#764=ORIENTED_EDGE('',*,*,#1077,.T.);
#765=ORIENTED_EDGE('',*,*,#1263,.T.);
#766=ORIENTED_EDGE('',*,*,#1181,.T.);
#767=ORIENTED_EDGE('',*,*,#1236,.T.);
#768=ORIENTED_EDGE('',*,*,#1075,.T.);
#769=ORIENTED_EDGE('',*,*,#1260,.T.);
#770=ORIENTED_EDGE('',*,*,#1183,.T.);
#771=ORIENTED_EDGE('',*,*,#1262,.T.);
#772=ORIENTED_EDGE('',*,*,#1071,.T.);
#773=ORIENTED_EDGE('',*,*,#1241,.T.);
#774=ORIENTED_EDGE('',*,*,#1189,.T.);
#775=ORIENTED_EDGE('',*,*,#1265,.T.);
#776=ORIENTED_EDGE('',*,*,#1067,.T.);
#777=ORIENTED_EDGE('',*,*,#1264,.T.);
#778=ORIENTED_EDGE('',*,*,#1187,.T.);
#779=ORIENTED_EDGE('',*,*,#1239,.T.);
#780=ORIENTED_EDGE('',*,*,#1069,.T.);
#781=ORIENTED_EDGE('',*,*,#1238,.T.);
#782=ORIENTED_EDGE('',*,*,#1185,.T.);
#783=ORIENTED_EDGE('',*,*,#1240,.T.);
#784=ORIENTED_EDGE('',*,*,#1085,.T.);
#785=ORIENTED_EDGE('',*,*,#1245,.T.);
#786=ORIENTED_EDGE('',*,*,#1120,.T.);
#787=ORIENTED_EDGE('',*,*,#1247,.T.);
#788=ORIENTED_EDGE('',*,*,#1122,.T.);
#789=ORIENTED_EDGE('',*,*,#1244,.T.);
#790=ORIENTED_EDGE('',*,*,#1093,.T.);
#791=ORIENTED_EDGE('',*,*,#1243,.T.);
#792=ORIENTED_EDGE('',*,*,#1091,.T.);
#793=ORIENTED_EDGE('',*,*,#1254,.T.);
#794=ORIENTED_EDGE('',*,*,#1124,.T.);
#795=ORIENTED_EDGE('',*,*,#1242,.T.);
#796=ORIENTED_EDGE('',*,*,#1087,.T.);
#797=ORIENTED_EDGE('',*,*,#1246,.T.);
#798=ORIENTED_EDGE('',*,*,#1118,.T.);
#799=ORIENTED_EDGE('',*,*,#1249,.T.);
#800=ORIENTED_EDGE('',*,*,#1089,.T.);
#801=ORIENTED_EDGE('',*,*,#1248,.T.);
#802=ORIENTED_EDGE('',*,*,#1126,.T.);
#803=ORIENTED_EDGE('',*,*,#1253,.T.);
#804=ORIENTED_EDGE('',*,*,#1049,.T.);
#805=ORIENTED_EDGE('',*,*,#1266,.T.);
#806=ORIENTED_EDGE('',*,*,#1167,.F.);
#807=ORIENTED_EDGE('',*,*,#1267,.F.);
#808=ORIENTED_EDGE('',*,*,#1268,.F.);
#809=ORIENTED_EDGE('',*,*,#1269,.T.);
#810=ORIENTED_EDGE('',*,*,#1173,.F.);
#811=ORIENTED_EDGE('',*,*,#1270,.T.);
#812=ORIENTED_EDGE('',*,*,#1043,.T.);
#813=ORIENTED_EDGE('',*,*,#1271,.T.);
#814=ORIENTED_EDGE('',*,*,#1195,.F.);
#815=ORIENTED_EDGE('',*,*,#1272,.T.);
#816=ORIENTED_EDGE('',*,*,#1201,.T.);
#817=ORIENTED_EDGE('',*,*,#1273,.T.);
#818=ORIENTED_EDGE('',*,*,#1041,.F.);
#819=ORIENTED_EDGE('',*,*,#1274,.T.);
#820=ORIENTED_EDGE('',*,*,#1039,.F.);
#821=ORIENTED_EDGE('',*,*,#1275,.T.);
#822=ORIENTED_EDGE('',*,*,#1197,.T.);
#823=ORIENTED_EDGE('',*,*,#1276,.T.);
#824=ORIENTED_EDGE('',*,*,#1024,.F.);
#825=ORIENTED_EDGE('',*,*,#1277,.T.);
#826=ORIENTED_EDGE('',*,*,#1143,.F.);
#827=ORIENTED_EDGE('',*,*,#1278,.T.);
#828=ORIENTED_EDGE('',*,*,#1061,.F.);
#829=ORIENTED_EDGE('',*,*,#1279,.T.);
#830=ORIENTED_EDGE('',*,*,#1133,.F.);
#831=ORIENTED_EDGE('',*,*,#1280,.F.);
#832=ORIENTED_EDGE('',*,*,#1281,.T.);
#833=ORIENTED_EDGE('',*,*,#1282,.F.);
#834=ORIENTED_EDGE('',*,*,#1145,.T.);
#835=ORIENTED_EDGE('',*,*,#1283,.F.);
#836=ORIENTED_EDGE('',*,*,#1022,.F.);
#837=ORIENTED_EDGE('',*,*,#1057,.F.);
#838=ORIENTED_EDGE('',*,*,#1284,.T.);
#839=ORIENTED_EDGE('',*,*,#1137,.T.);
#840=ORIENTED_EDGE('',*,*,#1285,.T.);
#841=ORIENTED_EDGE('',*,*,#1055,.T.);
#842=ORIENTED_EDGE('',*,*,#1286,.T.);
#843=ORIENTED_EDGE('',*,*,#1139,.F.);
#844=ORIENTED_EDGE('',*,*,#1287,.T.);
#845=ORIENTED_EDGE('',*,*,#1141,.T.);
#846=ORIENTED_EDGE('',*,*,#1288,.T.);
#847=ORIENTED_EDGE('',*,*,#1063,.F.);
#848=ORIENTED_EDGE('',*,*,#1289,.T.);
#849=ORIENTED_EDGE('',*,*,#1059,.F.);
#850=ORIENTED_EDGE('',*,*,#1290,.T.);
#851=ORIENTED_EDGE('',*,*,#1135,.T.);
#852=ORIENTED_EDGE('',*,*,#1291,.T.);
#853=ORIENTED_EDGE('',*,*,#1169,.T.);
#854=ORIENTED_EDGE('',*,*,#1292,.T.);
#855=ORIENTED_EDGE('',*,*,#1053,.F.);
#856=ORIENTED_EDGE('',*,*,#1293,.T.);
#857=ORIENTED_EDGE('',*,*,#1144,.F.);
#858=ORIENTED_EDGE('',*,*,#1277,.F.);
#859=ORIENTED_EDGE('',*,*,#1023,.T.);
#860=ORIENTED_EDGE('',*,*,#1283,.T.);
#861=ORIENTED_EDGE('',*,*,#1131,.T.);
#862=ORIENTED_EDGE('',*,*,#1230,.F.);
#863=ORIENTED_EDGE('',*,*,#1026,.F.);
#864=ORIENTED_EDGE('',*,*,#1294,.T.);
#865=ORIENTED_EDGE('',*,*,#1132,.F.);
#866=ORIENTED_EDGE('',*,*,#1294,.F.);
#867=ORIENTED_EDGE('',*,*,#1025,.T.);
#868=ORIENTED_EDGE('',*,*,#1280,.T.);
#869=ORIENTED_EDGE('',*,*,#1051,.F.);
#870=ORIENTED_EDGE('',*,*,#1295,.T.);
#871=ORIENTED_EDGE('',*,*,#1171,.T.);
#872=ORIENTED_EDGE('',*,*,#1296,.T.);
#873=ORIENTED_EDGE('',*,*,#1191,.F.);
#874=ORIENTED_EDGE('',*,*,#1297,.T.);
#875=ORIENTED_EDGE('',*,*,#1047,.T.);
#876=ORIENTED_EDGE('',*,*,#1298,.T.);
#877=ORIENTED_EDGE('',*,*,#1045,.T.);
#878=ORIENTED_EDGE('',*,*,#1299,.T.);
#879=ORIENTED_EDGE('',*,*,#1193,.F.);
#880=ORIENTED_EDGE('',*,*,#1300,.T.);
#881=ORIENTED_EDGE('',*,*,#1199,.F.);
#882=ORIENTED_EDGE('',*,*,#1301,.T.);
#883=ORIENTED_EDGE('',*,*,#1037,.T.);
#884=ORIENTED_EDGE('',*,*,#1302,.T.);
#885=ORIENTED_EDGE('',*,*,#1054,.F.);
#886=ORIENTED_EDGE('',*,*,#1292,.F.);
#887=ORIENTED_EDGE('',*,*,#1168,.F.);
#888=ORIENTED_EDGE('',*,*,#1266,.F.);
#889=ORIENTED_EDGE('',*,*,#1050,.F.);
#890=ORIENTED_EDGE('',*,*,#1270,.F.);
#891=ORIENTED_EDGE('',*,*,#1172,.F.);
#892=ORIENTED_EDGE('',*,*,#1295,.F.);
#893=ORIENTED_EDGE('',*,*,#1052,.F.);
#894=ORIENTED_EDGE('',*,*,#1296,.F.);
#895=ORIENTED_EDGE('',*,*,#1170,.F.);
#896=ORIENTED_EDGE('',*,*,#1293,.F.);
#897=ORIENTED_EDGE('',*,*,#1048,.F.);
#898=ORIENTED_EDGE('',*,*,#1297,.F.);
#899=ORIENTED_EDGE('',*,*,#1196,.F.);
#900=ORIENTED_EDGE('',*,*,#1271,.F.);
#901=ORIENTED_EDGE('',*,*,#1044,.F.);
#902=ORIENTED_EDGE('',*,*,#1272,.F.);
#903=ORIENTED_EDGE('',*,*,#1194,.F.);
#904=ORIENTED_EDGE('',*,*,#1299,.F.);
#905=ORIENTED_EDGE('',*,*,#1046,.F.);
#906=ORIENTED_EDGE('',*,*,#1300,.F.);
#907=ORIENTED_EDGE('',*,*,#1192,.F.);
#908=ORIENTED_EDGE('',*,*,#1298,.F.);
#909=ORIENTED_EDGE('',*,*,#1038,.F.);
#910=ORIENTED_EDGE('',*,*,#1301,.F.);
#911=ORIENTED_EDGE('',*,*,#1198,.F.);
#912=ORIENTED_EDGE('',*,*,#1275,.F.);
#913=ORIENTED_EDGE('',*,*,#1042,.F.);
#914=ORIENTED_EDGE('',*,*,#1273,.F.);
#915=ORIENTED_EDGE('',*,*,#1200,.F.);
#916=ORIENTED_EDGE('',*,*,#1302,.F.);
#917=ORIENTED_EDGE('',*,*,#1040,.F.);
#918=ORIENTED_EDGE('',*,*,#1276,.F.);
#919=ORIENTED_EDGE('',*,*,#1202,.F.);
#920=ORIENTED_EDGE('',*,*,#1274,.F.);
#921=ORIENTED_EDGE('',*,*,#1064,.F.);
#922=ORIENTED_EDGE('',*,*,#1288,.F.);
#923=ORIENTED_EDGE('',*,*,#1140,.F.);
#924=ORIENTED_EDGE('',*,*,#1286,.F.);
#925=ORIENTED_EDGE('',*,*,#1138,.F.);
#926=ORIENTED_EDGE('',*,*,#1284,.F.);
#927=ORIENTED_EDGE('',*,*,#1056,.F.);
#928=ORIENTED_EDGE('',*,*,#1287,.F.);
#929=ORIENTED_EDGE('',*,*,#1058,.F.);
#930=ORIENTED_EDGE('',*,*,#1285,.F.);
#931=ORIENTED_EDGE('',*,*,#1136,.F.);
#932=ORIENTED_EDGE('',*,*,#1290,.F.);
#933=ORIENTED_EDGE('',*,*,#1062,.F.);
#934=ORIENTED_EDGE('',*,*,#1278,.F.);
#935=ORIENTED_EDGE('',*,*,#1142,.F.);
#936=ORIENTED_EDGE('',*,*,#1289,.F.);
#937=ORIENTED_EDGE('',*,*,#1060,.F.);
#938=ORIENTED_EDGE('',*,*,#1291,.F.);
#939=ORIENTED_EDGE('',*,*,#1134,.F.);
#940=ORIENTED_EDGE('',*,*,#1279,.F.);
#941=ORIENTED_EDGE('',*,*,#1281,.F.);
#942=ORIENTED_EDGE('',*,*,#1222,.T.);
#943=ORIENTED_EDGE('',*,*,#1252,.T.);
#944=ORIENTED_EDGE('',*,*,#1221,.F.);
#945=ORIENTED_EDGE('',*,*,#1303,.T.);
#946=ORIENTED_EDGE('',*,*,#1158,.F.);
#947=ORIENTED_EDGE('',*,*,#1223,.T.);
#948=ORIENTED_EDGE('',*,*,#1303,.F.);
#949=ORIENTED_EDGE('',*,*,#1174,.F.);
#950=ORIENTED_EDGE('',*,*,#1269,.F.);
#951=ORIENTED_EDGE('',*,*,#1304,.T.);
#952=ORIENTED_EDGE('',*,*,#1267,.T.);
#953=ORIENTED_EDGE('',*,*,#1225,.F.);
#954=ORIENTED_EDGE('',*,*,#1304,.F.);
#955=ORIENTED_EDGE('',*,*,#1268,.T.);
#956=ORIENTED_EDGE('',*,*,#1166,.F.);
#957=ORIENTED_EDGE('',*,*,#1234,.F.);
#958=ORIENTED_EDGE('',*,*,#1305,.T.);
#959=ORIENTED_EDGE('',*,*,#1232,.T.);
#960=ORIENTED_EDGE('',*,*,#1233,.F.);
#961=ORIENTED_EDGE('',*,*,#1305,.F.);
#962=ORIENTED_EDGE('',*,*,#1227,.T.);
#963=ORIENTED_EDGE('',*,*,#1203,.F.);
#964=ORIENTED_EDGE('',*,*,#1036,.T.);
#965=ORIENTED_EDGE('',*,*,#1204,.F.);
#966=ORIENTED_EDGE('',*,*,#1035,.T.);
#967=ORIENTED_EDGE('',*,*,#1306,.F.);
#968=ORIENTED_EDGE('',*,*,#1097,.T.);
#969=ORIENTED_EDGE('',*,*,#1228,.T.);
#970=ORIENTED_EDGE('',*,*,#1306,.T.);
#971=ORIENTED_EDGE('',*,*,#1307,.F.);
#972=ORIENTED_EDGE('',*,*,#1098,.T.);
#973=ORIENTED_EDGE('',*,*,#1226,.T.);
#974=ORIENTED_EDGE('',*,*,#1307,.T.);
#975=ORIENTED_EDGE('',*,*,#1308,.F.);
#976=ORIENTED_EDGE('',*,*,#1099,.T.);
#977=ORIENTED_EDGE('',*,*,#1224,.T.);
#978=ORIENTED_EDGE('',*,*,#1308,.T.);
#979=ORIENTED_EDGE('',*,*,#1114,.T.);
#980=ORIENTED_EDGE('',*,*,#1014,.T.);
#981=ORIENTED_EDGE('',*,*,#1033,.F.);
#982=ORIENTED_EDGE('',*,*,#1219,.F.);
#983=ORIENTED_EDGE('',*,*,#1021,.T.);
#984=ORIENTED_EDGE('',*,*,#1018,.T.);
#985=ORIENTED_EDGE('',*,*,#1146,.F.);
#986=ORIENTED_EDGE('',*,*,#1282,.T.);
#987=ORIENTED_EDGE('',*,*,#1218,.F.);
#988=ORIENTED_EDGE('',*,*,#1104,.T.);
#989=ORIENTED_EDGE('',*,*,#1309,.T.);
#990=ORIENTED_EDGE('',*,*,#1155,.F.);
#991=ORIENTED_EDGE('',*,*,#1310,.T.);
#992=ORIENTED_EDGE('',*,*,#1216,.F.);
#993=ORIENTED_EDGE('',*,*,#1150,.F.);
#994=ORIENTED_EDGE('',*,*,#1311,.T.);
#995=ORIENTED_EDGE('',*,*,#1207,.T.);
#996=ORIENTED_EDGE('',*,*,#1312,.T.);
#997=ORIENTED_EDGE('',*,*,#1103,.F.);
#998=ORIENTED_EDGE('',*,*,#1109,.F.);
#999=ORIENTED_EDGE('',*,*,#1156,.F.);
#1000=ORIENTED_EDGE('',*,*,#1309,.F.);
#1001=ORIENTED_EDGE('',*,*,#1105,.F.);
#1002=ORIENTED_EDGE('',*,*,#1310,.F.);
#1003=ORIENTED_EDGE('',*,*,#1154,.F.);
#1004=ORIENTED_EDGE('',*,*,#1111,.F.);
#1005=ORIENTED_EDGE('',*,*,#1208,.F.);
#1006=ORIENTED_EDGE('',*,*,#1311,.F.);
#1007=ORIENTED_EDGE('',*,*,#1149,.F.);
#1008=ORIENTED_EDGE('',*,*,#1213,.F.);
#1009=ORIENTED_EDGE('',*,*,#1206,.F.);
#1010=ORIENTED_EDGE('',*,*,#1211,.F.);
#1011=ORIENTED_EDGE('',*,*,#1151,.F.);
#1012=ORIENTED_EDGE('',*,*,#1312,.F.);
#1013=EDGE_CURVE('',#1313,#1314,#1525,.F.);
#1014=EDGE_CURVE('',#1315,#1313,#65,.T.);
#1015=EDGE_CURVE('',#1316,#1315,#1526,.T.);
#1016=EDGE_CURVE('',#1314,#1316,#66,.F.);
#1017=EDGE_CURVE('',#1317,#1318,#1527,.T.);
#1018=EDGE_CURVE('',#1319,#1317,#67,.F.);
#1019=EDGE_CURVE('',#1320,#1319,#1528,.F.);
#1020=EDGE_CURVE('',#1318,#1320,#68,.T.);
#1021=EDGE_CURVE('',#1321,#1319,#69,.T.);
#1022=EDGE_CURVE('',#1321,#1322,#1529,.T.);
#1023=EDGE_CURVE('',#1323,#1322,#70,.T.);
#1024=EDGE_CURVE('',#1323,#1324,#1530,.T.);
#1025=EDGE_CURVE('',#1325,#1324,#1531,.T.);
#1026=EDGE_CURVE('',#1325,#1326,#71,.T.);
#1027=EDGE_CURVE('',#1326,#1327,#1532,.T.);
#1028=EDGE_CURVE('',#1328,#1327,#72,.T.);
#1029=EDGE_CURVE('',#1328,#1329,#1533,.T.);
#1030=EDGE_CURVE('',#1330,#1329,#1534,.T.);
#1031=EDGE_CURVE('',#1330,#1331,#73,.T.);
#1032=EDGE_CURVE('',#1332,#1331,#1535,.T.);
#1033=EDGE_CURVE('',#1332,#1313,#74,.T.);
#1034=EDGE_CURVE('',#1320,#1314,#75,.T.);
#1035=EDGE_CURVE('',#1333,#1333,#1536,.T.);
#1036=EDGE_CURVE('',#1334,#1334,#1537,.T.);
#1037=EDGE_CURVE('',#1335,#1336,#76,.T.);
#1038=EDGE_CURVE('',#1335,#1337,#1538,.T.);
#1039=EDGE_CURVE('',#1337,#1338,#77,.T.);
#1040=EDGE_CURVE('',#1338,#1339,#1539,.T.);
#1041=EDGE_CURVE('',#1339,#1340,#78,.T.);
#1042=EDGE_CURVE('',#1340,#1336,#1540,.T.);
#1043=EDGE_CURVE('',#1341,#1342,#79,.T.);
#1044=EDGE_CURVE('',#1341,#1343,#1541,.T.);
#1045=EDGE_CURVE('',#1344,#1343,#80,.T.);
#1046=EDGE_CURVE('',#1344,#1345,#1542,.T.);
#1047=EDGE_CURVE('',#1346,#1345,#81,.T.);
#1048=EDGE_CURVE('',#1346,#1342,#1543,.T.);
#1049=EDGE_CURVE('',#1347,#1348,#82,.T.);
#1050=EDGE_CURVE('',#1347,#1349,#1544,.T.);
#1051=EDGE_CURVE('',#1349,#1350,#83,.T.);
#1052=EDGE_CURVE('',#1350,#1351,#1545,.T.);
#1053=EDGE_CURVE('',#1351,#1352,#84,.T.);
#1054=EDGE_CURVE('',#1352,#1348,#1546,.T.);
#1055=EDGE_CURVE('',#1353,#1354,#85,.T.);
#1056=EDGE_CURVE('',#1353,#1355,#1547,.T.);
#1057=EDGE_CURVE('',#1355,#1356,#86,.T.);
#1058=EDGE_CURVE('',#1356,#1357,#1548,.T.);
#1059=EDGE_CURVE('',#1357,#1358,#87,.T.);
#1060=EDGE_CURVE('',#1358,#1359,#1549,.T.);
#1061=EDGE_CURVE('',#1359,#1360,#1550,.T.);
#1062=EDGE_CURVE('',#1360,#1361,#1551,.T.);
#1063=EDGE_CURVE('',#1361,#1362,#88,.T.);
#1064=EDGE_CURVE('',#1362,#1354,#1552,.T.);
#1065=EDGE_CURVE('',#1363,#1363,#1553,.T.);
#1066=EDGE_CURVE('',#1364,#1365,#89,.T.);
#1067=EDGE_CURVE('',#1366,#1365,#1554,.T.);
#1068=EDGE_CURVE('',#1367,#1366,#90,.T.);
#1069=EDGE_CURVE('',#1368,#1367,#1555,.T.);
#1070=EDGE_CURVE('',#1369,#1368,#91,.T.);
#1071=EDGE_CURVE('',#1364,#1369,#1556,.T.);
#1072=EDGE_CURVE('',#1370,#1371,#92,.T.);
#1073=EDGE_CURVE('',#1372,#1371,#1557,.T.);
#1074=EDGE_CURVE('',#1372,#1373,#93,.T.);
#1075=EDGE_CURVE('',#1374,#1373,#1558,.T.);
#1076=EDGE_CURVE('',#1374,#1375,#94,.T.);
#1077=EDGE_CURVE('',#1370,#1375,#1559,.T.);
#1078=EDGE_CURVE('',#1376,#1377,#95,.T.);
#1079=EDGE_CURVE('',#1378,#1377,#1560,.T.);
#1080=EDGE_CURVE('',#1379,#1378,#96,.T.);
#1081=EDGE_CURVE('',#1380,#1379,#1561,.T.);
#1082=EDGE_CURVE('',#1381,#1380,#97,.T.);
#1083=EDGE_CURVE('',#1376,#1381,#1562,.T.);
#1084=EDGE_CURVE('',#1382,#1383,#98,.T.);
#1085=EDGE_CURVE('',#1384,#1383,#1563,.T.);
#1086=EDGE_CURVE('',#1385,#1384,#99,.T.);
#1087=EDGE_CURVE('',#1386,#1385,#1564,.T.);
#1088=EDGE_CURVE('',#1387,#1386,#1565,.T.);
#1089=EDGE_CURVE('',#1388,#1387,#1566,.T.);
#1090=EDGE_CURVE('',#1389,#1388,#100,.T.);
#1091=EDGE_CURVE('',#1390,#1389,#1567,.T.);
#1092=EDGE_CURVE('',#1391,#1390,#101,.T.);
#1093=EDGE_CURVE('',#1382,#1391,#1568,.T.);
#1094=EDGE_CURVE('',#1392,#1392,#1569,.T.);
#1095=EDGE_CURVE('',#1393,#1393,#1570,.T.);
#1096=EDGE_CURVE('',#1394,#1394,#1571,.T.);
#1097=EDGE_CURVE('',#1395,#1395,#1572,.T.);
#1098=EDGE_CURVE('',#1396,#1396,#1573,.T.);
#1099=EDGE_CURVE('',#1397,#1397,#1574,.T.);
#1100=EDGE_CURVE('',#1398,#1398,#1575,.T.);
#1101=EDGE_CURVE('',#1399,#1399,#1576,.T.);
#1102=EDGE_CURVE('',#1400,#1401,#102,.T.);
#1103=EDGE_CURVE('',#1400,#1402,#1577,.T.);
#1104=EDGE_CURVE('',#1403,#1402,#103,.T.);
#1105=EDGE_CURVE('',#1403,#1404,#1578,.T.);
#1106=EDGE_CURVE('',#1404,#1405,#104,.T.);
#1107=EDGE_CURVE('',#1405,#1401,#105,.T.);
#1108=EDGE_CURVE('',#1406,#1407,#106,.T.);
#1109=EDGE_CURVE('',#1406,#1400,#107,.F.);
#1110=EDGE_CURVE('',#1401,#1407,#108,.T.);
#1111=EDGE_CURVE('',#1404,#1408,#109,.T.);
#1112=EDGE_CURVE('',#1408,#1409,#110,.T.);
#1113=EDGE_CURVE('',#1405,#1409,#111,.T.);
#1114=EDGE_CURVE('',#1410,#1315,#112,.T.);
#1115=EDGE_CURVE('',#1410,#1411,#1579,.T.);
#1116=EDGE_CURVE('',#1412,#1411,#113,.T.);
#1117=EDGE_CURVE('',#1413,#1412,#1580,.T.);
#1118=EDGE_CURVE('',#1414,#1413,#1581,.F.);
#1119=EDGE_CURVE('',#1414,#1415,#114,.T.);
#1120=EDGE_CURVE('',#1416,#1415,#1582,.F.);
#1121=EDGE_CURVE('',#1417,#1416,#115,.T.);
#1122=EDGE_CURVE('',#1418,#1417,#1583,.F.);
#1123=EDGE_CURVE('',#1418,#1419,#116,.T.);
#1124=EDGE_CURVE('',#1420,#1419,#1584,.F.);
#1125=EDGE_CURVE('',#1420,#1421,#117,.T.);
#1126=EDGE_CURVE('',#1422,#1421,#1585,.F.);
#1127=EDGE_CURVE('',#1423,#1422,#1586,.T.);
#1128=EDGE_CURVE('',#1424,#1423,#1587,.T.);
#1129=EDGE_CURVE('',#1424,#1425,#118,.T.);
#1130=EDGE_CURVE('',#1426,#1425,#1588,.T.);
#1131=EDGE_CURVE('',#1427,#1426,#119,.T.);
#1132=EDGE_CURVE('',#1427,#1428,#1589,.T.);
#1133=EDGE_CURVE('',#1428,#1429,#1590,.T.);
#1134=EDGE_CURVE('',#1429,#1430,#1591,.F.);
#1135=EDGE_CURVE('',#1431,#1430,#120,.T.);
#1136=EDGE_CURVE('',#1431,#1432,#1592,.F.);
#1137=EDGE_CURVE('',#1433,#1432,#121,.T.);
#1138=EDGE_CURVE('',#1433,#1434,#1593,.F.);
#1139=EDGE_CURVE('',#1434,#1435,#122,.T.);
#1140=EDGE_CURVE('',#1435,#1436,#1594,.F.);
#1141=EDGE_CURVE('',#1437,#1436,#123,.T.);
#1142=EDGE_CURVE('',#1437,#1438,#1595,.F.);
#1143=EDGE_CURVE('',#1438,#1439,#1596,.T.);
#1144=EDGE_CURVE('',#1439,#1440,#124,.T.);
#1145=EDGE_CURVE('',#1441,#1440,#1597,.T.);
#1146=EDGE_CURVE('',#1441,#1317,#125,.T.);
#1147=EDGE_CURVE('',#1318,#1442,#126,.T.);
#1148=EDGE_CURVE('',#1443,#1442,#127,.T.);
#1149=EDGE_CURVE('',#1443,#1444,#1598,.F.);
#1150=EDGE_CURVE('',#1444,#1445,#128,.T.);
#1151=EDGE_CURVE('',#1445,#1446,#1599,.F.);
#1152=EDGE_CURVE('',#1446,#1447,#129,.T.);
#1153=EDGE_CURVE('',#1447,#1409,#130,.T.);
#1154=EDGE_CURVE('',#1408,#1448,#1600,.F.);
#1155=EDGE_CURVE('',#1448,#1449,#131,.T.);
#1156=EDGE_CURVE('',#1449,#1406,#1601,.F.);
#1157=EDGE_CURVE('',#1407,#1316,#132,.T.);
#1158=EDGE_CURVE('',#1450,#1450,#1602,.T.);
#1159=EDGE_CURVE('',#1451,#1452,#133,.T.);
#1160=EDGE_CURVE('',#1453,#1451,#1603,.F.);
#1161=EDGE_CURVE('',#1453,#1454,#134,.T.);
#1162=EDGE_CURVE('',#1455,#1454,#1604,.F.);
#1163=EDGE_CURVE('',#1455,#1456,#135,.T.);
#1164=EDGE_CURVE('',#1457,#1456,#1605,.F.);
#1165=EDGE_CURVE('',#1458,#1457,#136,.T.);
#1166=EDGE_CURVE('',#1458,#1452,#1606,.T.);
#1167=EDGE_CURVE('',#1459,#1460,#137,.T.);
#1168=EDGE_CURVE('',#1460,#1461,#1607,.F.);
#1169=EDGE_CURVE('',#1462,#1461,#138,.T.);
#1170=EDGE_CURVE('',#1462,#1463,#1608,.F.);
#1171=EDGE_CURVE('',#1464,#1463,#139,.T.);
#1172=EDGE_CURVE('',#1464,#1465,#1609,.F.);
#1173=EDGE_CURVE('',#1465,#1466,#140,.T.);
#1174=EDGE_CURVE('',#1466,#1459,#1610,.T.);
#1175=EDGE_CURVE('',#1467,#1467,#1611,.T.);
#1176=EDGE_CURVE('',#1468,#1468,#1612,.T.);
#1177=EDGE_CURVE('',#1469,#1469,#1613,.T.);
#1178=EDGE_CURVE('',#1470,#1471,#141,.T.);
#1179=EDGE_CURVE('',#1472,#1470,#1614,.F.);
#1180=EDGE_CURVE('',#1473,#1472,#142,.T.);
#1181=EDGE_CURVE('',#1474,#1473,#1615,.F.);
#1182=EDGE_CURVE('',#1475,#1474,#143,.T.);
#1183=EDGE_CURVE('',#1471,#1475,#1616,.F.);
#1184=EDGE_CURVE('',#1476,#1477,#144,.T.);
#1185=EDGE_CURVE('',#1478,#1477,#1617,.F.);
#1186=EDGE_CURVE('',#1478,#1479,#145,.T.);
#1187=EDGE_CURVE('',#1480,#1479,#1618,.F.);
#1188=EDGE_CURVE('',#1481,#1480,#146,.T.);
#1189=EDGE_CURVE('',#1476,#1481,#1619,.F.);
#1190=EDGE_CURVE('',#1482,#1482,#1620,.T.);
#1191=EDGE_CURVE('',#1483,#1484,#147,.T.);
#1192=EDGE_CURVE('',#1484,#1485,#1621,.F.);
#1193=EDGE_CURVE('',#1485,#1486,#148,.T.);
#1194=EDGE_CURVE('',#1486,#1487,#1622,.F.);
#1195=EDGE_CURVE('',#1487,#1488,#149,.T.);
#1196=EDGE_CURVE('',#1488,#1483,#1623,.F.);
#1197=EDGE_CURVE('',#1489,#1490,#150,.T.);
#1198=EDGE_CURVE('',#1489,#1491,#1624,.F.);
#1199=EDGE_CURVE('',#1491,#1492,#151,.T.);
#1200=EDGE_CURVE('',#1492,#1493,#1625,.F.);
#1201=EDGE_CURVE('',#1494,#1493,#152,.T.);
#1202=EDGE_CURVE('',#1494,#1490,#1626,.F.);
#1203=EDGE_CURVE('',#1495,#1495,#1627,.T.);
#1204=EDGE_CURVE('',#1496,#1496,#1628,.T.);
#1205=EDGE_CURVE('',#1497,#1498,#153,.T.);
#1206=EDGE_CURVE('',#1497,#1499,#1629,.T.);
#1207=EDGE_CURVE('',#1500,#1499,#154,.T.);
#1208=EDGE_CURVE('',#1500,#1501,#1630,.T.);
#1209=EDGE_CURVE('',#1501,#1502,#155,.T.);
#1210=EDGE_CURVE('',#1502,#1498,#156,.T.);
#1211=EDGE_CURVE('',#1446,#1497,#157,.F.);
#1212=EDGE_CURVE('',#1498,#1447,#158,.T.);
#1213=EDGE_CURVE('',#1501,#1443,#159,.T.);
#1214=EDGE_CURVE('',#1502,#1442,#160,.T.);
#1215=EDGE_CURVE('',#1503,#1503,#1631,.T.);
#1216=EDGE_CURVE('',#1504,#1504,#12,.T.);
#1217=EDGE_CURVE('',#1505,#1505,#1632,.T.);
#1218=EDGE_CURVE('',#1506,#1506,#13,.T.);
#1219=EDGE_CURVE('',#1410,#1332,#161,.T.);
#1220=EDGE_CURVE('',#1331,#1411,#162,.T.);
#1221=EDGE_CURVE('',#1507,#1507,#1633,.T.);
#1222=EDGE_CURVE('',#1508,#1508,#1634,.T.);
#1223=EDGE_CURVE('',#1509,#1509,#1635,.T.);
#1224=EDGE_CURVE('',#1510,#1510,#1636,.T.);
#1225=EDGE_CURVE('',#1511,#1511,#1637,.T.);
#1226=EDGE_CURVE('',#1512,#1512,#1638,.T.);
#1227=EDGE_CURVE('',#1513,#1513,#1639,.T.);
#1228=EDGE_CURVE('',#1514,#1514,#1640,.T.);
#1229=EDGE_CURVE('',#1327,#1425,#163,.T.);
#1230=EDGE_CURVE('',#1326,#1426,#164,.T.);
#1231=EDGE_CURVE('',#1451,#1376,#165,.F.);
#1232=EDGE_CURVE('',#1515,#1452,#166,.T.);
#1233=EDGE_CURVE('',#1515,#1516,#167,.T.);
#1234=EDGE_CURVE('',#1516,#1458,#168,.T.);
#1235=EDGE_CURVE('',#1377,#1457,#169,.T.);
#1236=EDGE_CURVE('',#1473,#1370,#170,.F.);
#1237=EDGE_CURVE('',#1371,#1472,#171,.T.);
#1238=EDGE_CURVE('',#1367,#1478,#172,.T.);
#1239=EDGE_CURVE('',#1479,#1366,#173,.F.);
#1240=EDGE_CURVE('',#1477,#1368,#174,.F.);
#1241=EDGE_CURVE('',#1369,#1476,#175,.T.);
#1242=EDGE_CURVE('',#1419,#1390,#176,.F.);
#1243=EDGE_CURVE('',#1391,#1418,#177,.F.);
#1244=EDGE_CURVE('',#1417,#1382,#178,.T.);
#1245=EDGE_CURVE('',#1383,#1416,#179,.T.);
#1246=EDGE_CURVE('',#1385,#1414,#180,.F.);
#1247=EDGE_CURVE('',#1415,#1384,#181,.F.);
#1248=EDGE_CURVE('',#1387,#1422,#182,.T.);
#1249=EDGE_CURVE('',#1413,#1386,#183,.F.);
#1250=EDGE_CURVE('',#1330,#1412,#184,.T.);
#1251=EDGE_CURVE('',#1329,#1423,#185,.T.);
#1252=EDGE_CURVE('',#1517,#1517,#1641,.T.);
#1253=EDGE_CURVE('',#1421,#1388,#186,.T.);
#1254=EDGE_CURVE('',#1389,#1420,#187,.T.);
#1255=EDGE_CURVE('',#1379,#1455,#188,.T.);
#1256=EDGE_CURVE('',#1456,#1378,#189,.F.);
#1257=EDGE_CURVE('',#1328,#1424,#190,.T.);
#1258=EDGE_CURVE('',#1454,#1380,#191,.F.);
#1259=EDGE_CURVE('',#1381,#1453,#192,.T.);
#1260=EDGE_CURVE('',#1373,#1471,#193,.T.);
#1261=EDGE_CURVE('',#1470,#1372,#194,.F.);
#1262=EDGE_CURVE('',#1475,#1374,#195,.F.);
#1263=EDGE_CURVE('',#1375,#1474,#196,.T.);
#1264=EDGE_CURVE('',#1365,#1480,#197,.T.);
#1265=EDGE_CURVE('',#1481,#1364,#198,.F.);
#1266=EDGE_CURVE('',#1348,#1460,#199,.T.);
#1267=EDGE_CURVE('',#1518,#1459,#200,.T.);
#1268=EDGE_CURVE('',#1519,#1518,#201,.T.);
#1269=EDGE_CURVE('',#1519,#1466,#202,.T.);
#1270=EDGE_CURVE('',#1465,#1347,#203,.F.);
#1271=EDGE_CURVE('',#1342,#1488,#204,.T.);
#1272=EDGE_CURVE('',#1487,#1341,#205,.F.);
#1273=EDGE_CURVE('',#1493,#1340,#206,.F.);
#1274=EDGE_CURVE('',#1339,#1494,#207,.T.);
#1275=EDGE_CURVE('',#1337,#1489,#208,.T.);
#1276=EDGE_CURVE('',#1490,#1338,#209,.F.);
#1277=EDGE_CURVE('',#1323,#1439,#210,.T.);
#1278=EDGE_CURVE('',#1438,#1360,#211,.F.);
#1279=EDGE_CURVE('',#1359,#1429,#212,.T.);
#1280=EDGE_CURVE('',#1324,#1428,#213,.T.);
#1281=EDGE_CURVE('',#1520,#1520,#1642,.T.);
#1282=EDGE_CURVE('',#1441,#1321,#214,.T.);
#1283=EDGE_CURVE('',#1322,#1440,#215,.T.);
#1284=EDGE_CURVE('',#1355,#1433,#216,.F.);
#1285=EDGE_CURVE('',#1432,#1356,#217,.F.);
#1286=EDGE_CURVE('',#1354,#1435,#218,.T.);
#1287=EDGE_CURVE('',#1434,#1353,#219,.T.);
#1288=EDGE_CURVE('',#1436,#1362,#220,.F.);
#1289=EDGE_CURVE('',#1361,#1437,#221,.F.);
#1290=EDGE_CURVE('',#1357,#1431,#222,.T.);
#1291=EDGE_CURVE('',#1430,#1358,#223,.T.);
#1292=EDGE_CURVE('',#1461,#1352,#224,.F.);
#1293=EDGE_CURVE('',#1351,#1462,#225,.T.);
#1294=EDGE_CURVE('',#1325,#1427,#226,.T.);
#1295=EDGE_CURVE('',#1349,#1464,#227,.T.);
#1296=EDGE_CURVE('',#1463,#1350,#228,.F.);
#1297=EDGE_CURVE('',#1483,#1346,#229,.F.);
#1298=EDGE_CURVE('',#1345,#1484,#230,.T.);
#1299=EDGE_CURVE('',#1343,#1486,#231,.T.);
#1300=EDGE_CURVE('',#1485,#1344,#232,.F.);
#1301=EDGE_CURVE('',#1491,#1335,#233,.F.);
#1302=EDGE_CURVE('',#1336,#1492,#234,.T.);
#1303=EDGE_CURVE('',#1521,#1521,#1643,.T.);
#1304=EDGE_CURVE('',#1519,#1518,#1644,.T.);
#1305=EDGE_CURVE('',#1516,#1515,#1645,.T.);
#1306=EDGE_CURVE('',#1522,#1522,#1646,.T.);
#1307=EDGE_CURVE('',#1523,#1523,#1647,.T.);
#1308=EDGE_CURVE('',#1524,#1524,#1648,.T.);
#1309=EDGE_CURVE('',#1402,#1449,#235,.T.);
#1310=EDGE_CURVE('',#1448,#1403,#236,.F.);
#1311=EDGE_CURVE('',#1444,#1500,#237,.F.);
#1312=EDGE_CURVE('',#1499,#1445,#238,.T.);
#1313=VERTEX_POINT('',#3071);
#1314=VERTEX_POINT('',#3072);
#1315=VERTEX_POINT('',#3074);
#1316=VERTEX_POINT('',#3076);
#1317=VERTEX_POINT('',#3080);
#1318=VERTEX_POINT('',#3081);
#1319=VERTEX_POINT('',#3083);
#1320=VERTEX_POINT('',#3085);
#1321=VERTEX_POINT('',#3089);
#1322=VERTEX_POINT('',#3091);
#1323=VERTEX_POINT('',#3093);
#1324=VERTEX_POINT('',#3095);
#1325=VERTEX_POINT('',#3097);
#1326=VERTEX_POINT('',#3099);
#1327=VERTEX_POINT('',#3101);
#1328=VERTEX_POINT('',#3103);
#1329=VERTEX_POINT('',#3105);
#1330=VERTEX_POINT('',#3107);
#1331=VERTEX_POINT('',#3109);
#1332=VERTEX_POINT('',#3111);
#1333=VERTEX_POINT('',#3115);
#1334=VERTEX_POINT('',#3117);
#1335=VERTEX_POINT('',#3119);
#1336=VERTEX_POINT('',#3120);
#1337=VERTEX_POINT('',#3122);
#1338=VERTEX_POINT('',#3124);
#1339=VERTEX_POINT('',#3126);
#1340=VERTEX_POINT('',#3128);
#1341=VERTEX_POINT('',#3131);
#1342=VERTEX_POINT('',#3132);
#1343=VERTEX_POINT('',#3134);
#1344=VERTEX_POINT('',#3136);
#1345=VERTEX_POINT('',#3138);
#1346=VERTEX_POINT('',#3140);
#1347=VERTEX_POINT('',#3143);
#1348=VERTEX_POINT('',#3144);
#1349=VERTEX_POINT('',#3146);
#1350=VERTEX_POINT('',#3148);
#1351=VERTEX_POINT('',#3150);
#1352=VERTEX_POINT('',#3152);
#1353=VERTEX_POINT('',#3155);
#1354=VERTEX_POINT('',#3156);
#1355=VERTEX_POINT('',#3158);
#1356=VERTEX_POINT('',#3160);
#1357=VERTEX_POINT('',#3162);
#1358=VERTEX_POINT('',#3164);
#1359=VERTEX_POINT('',#3166);
#1360=VERTEX_POINT('',#3168);
#1361=VERTEX_POINT('',#3170);
#1362=VERTEX_POINT('',#3172);
#1363=VERTEX_POINT('',#3175);
#1364=VERTEX_POINT('',#3177);
#1365=VERTEX_POINT('',#3178);
#1366=VERTEX_POINT('',#3180);
#1367=VERTEX_POINT('',#3182);
#1368=VERTEX_POINT('',#3184);
#1369=VERTEX_POINT('',#3186);
#1370=VERTEX_POINT('',#3189);
#1371=VERTEX_POINT('',#3190);
#1372=VERTEX_POINT('',#3192);
#1373=VERTEX_POINT('',#3194);
#1374=VERTEX_POINT('',#3196);
#1375=VERTEX_POINT('',#3198);
#1376=VERTEX_POINT('',#3201);
#1377=VERTEX_POINT('',#3202);
#1378=VERTEX_POINT('',#3204);
#1379=VERTEX_POINT('',#3206);
#1380=VERTEX_POINT('',#3208);
#1381=VERTEX_POINT('',#3210);
#1382=VERTEX_POINT('',#3213);
#1383=VERTEX_POINT('',#3214);
#1384=VERTEX_POINT('',#3216);
#1385=VERTEX_POINT('',#3218);
#1386=VERTEX_POINT('',#3220);
#1387=VERTEX_POINT('',#3222);
#1388=VERTEX_POINT('',#3224);
#1389=VERTEX_POINT('',#3226);
#1390=VERTEX_POINT('',#3228);
#1391=VERTEX_POINT('',#3230);
#1392=VERTEX_POINT('',#3233);
#1393=VERTEX_POINT('',#3235);
#1394=VERTEX_POINT('',#3237);
#1395=VERTEX_POINT('',#3239);
#1396=VERTEX_POINT('',#3241);
#1397=VERTEX_POINT('',#3243);
#1398=VERTEX_POINT('',#3245);
#1399=VERTEX_POINT('',#3247);
#1400=VERTEX_POINT('',#3250);
#1401=VERTEX_POINT('',#3251);
#1402=VERTEX_POINT('',#3253);
#1403=VERTEX_POINT('',#3255);
#1404=VERTEX_POINT('',#3257);
#1405=VERTEX_POINT('',#3259);
#1406=VERTEX_POINT('',#3263);
#1407=VERTEX_POINT('',#3264);
#1408=VERTEX_POINT('',#3269);
#1409=VERTEX_POINT('',#3271);
#1410=VERTEX_POINT('',#3275);
#1411=VERTEX_POINT('',#3277);
#1412=VERTEX_POINT('',#3279);
#1413=VERTEX_POINT('',#3281);
#1414=VERTEX_POINT('',#3283);
#1415=VERTEX_POINT('',#3285);
#1416=VERTEX_POINT('',#3287);
#1417=VERTEX_POINT('',#3289);
#1418=VERTEX_POINT('',#3291);
#1419=VERTEX_POINT('',#3293);
#1420=VERTEX_POINT('',#3295);
#1421=VERTEX_POINT('',#3297);
#1422=VERTEX_POINT('',#3299);
#1423=VERTEX_POINT('',#3301);
#1424=VERTEX_POINT('',#3303);
#1425=VERTEX_POINT('',#3305);
#1426=VERTEX_POINT('',#3307);
#1427=VERTEX_POINT('',#3309);
#1428=VERTEX_POINT('',#3311);
#1429=VERTEX_POINT('',#3313);
#1430=VERTEX_POINT('',#3315);
#1431=VERTEX_POINT('',#3317);
#1432=VERTEX_POINT('',#3319);
#1433=VERTEX_POINT('',#3321);
#1434=VERTEX_POINT('',#3323);
#1435=VERTEX_POINT('',#3325);
#1436=VERTEX_POINT('',#3327);
#1437=VERTEX_POINT('',#3329);
#1438=VERTEX_POINT('',#3331);
#1439=VERTEX_POINT('',#3333);
#1440=VERTEX_POINT('',#3335);
#1441=VERTEX_POINT('',#3337);
#1442=VERTEX_POINT('',#3340);
#1443=VERTEX_POINT('',#3342);
#1444=VERTEX_POINT('',#3344);
#1445=VERTEX_POINT('',#3346);
#1446=VERTEX_POINT('',#3348);
#1447=VERTEX_POINT('',#3350);
#1448=VERTEX_POINT('',#3353);
#1449=VERTEX_POINT('',#3355);
#1450=VERTEX_POINT('',#3359);
#1451=VERTEX_POINT('',#3361);
#1452=VERTEX_POINT('',#3362);
#1453=VERTEX_POINT('',#3364);
#1454=VERTEX_POINT('',#3366);
#1455=VERTEX_POINT('',#3368);
#1456=VERTEX_POINT('',#3370);
#1457=VERTEX_POINT('',#3372);
#1458=VERTEX_POINT('',#3374);
#1459=VERTEX_POINT('',#3377);
#1460=VERTEX_POINT('',#3378);
#1461=VERTEX_POINT('',#3380);
#1462=VERTEX_POINT('',#3382);
#1463=VERTEX_POINT('',#3384);
#1464=VERTEX_POINT('',#3386);
#1465=VERTEX_POINT('',#3388);
#1466=VERTEX_POINT('',#3390);
#1467=VERTEX_POINT('',#3393);
#1468=VERTEX_POINT('',#3395);
#1469=VERTEX_POINT('',#3397);
#1470=VERTEX_POINT('',#3399);
#1471=VERTEX_POINT('',#3400);
#1472=VERTEX_POINT('',#3402);
#1473=VERTEX_POINT('',#3404);
#1474=VERTEX_POINT('',#3406);
#1475=VERTEX_POINT('',#3408);
#1476=VERTEX_POINT('',#3411);
#1477=VERTEX_POINT('',#3412);
#1478=VERTEX_POINT('',#3414);
#1479=VERTEX_POINT('',#3416);
#1480=VERTEX_POINT('',#3418);
#1481=VERTEX_POINT('',#3420);
#1482=VERTEX_POINT('',#3423);
#1483=VERTEX_POINT('',#3425);
#1484=VERTEX_POINT('',#3426);
#1485=VERTEX_POINT('',#3428);
#1486=VERTEX_POINT('',#3430);
#1487=VERTEX_POINT('',#3432);
#1488=VERTEX_POINT('',#3434);
#1489=VERTEX_POINT('',#3437);
#1490=VERTEX_POINT('',#3438);
#1491=VERTEX_POINT('',#3440);
#1492=VERTEX_POINT('',#3442);
#1493=VERTEX_POINT('',#3444);
#1494=VERTEX_POINT('',#3446);
#1495=VERTEX_POINT('',#3449);
#1496=VERTEX_POINT('',#3451);
#1497=VERTEX_POINT('',#3454);
#1498=VERTEX_POINT('',#3455);
#1499=VERTEX_POINT('',#3457);
#1500=VERTEX_POINT('',#3459);
#1501=VERTEX_POINT('',#3461);
#1502=VERTEX_POINT('',#3463);
#1503=VERTEX_POINT('',#3473);
#1504=VERTEX_POINT('',#3475);
#1505=VERTEX_POINT('',#3478);
#1506=VERTEX_POINT('',#3481);
#1507=VERTEX_POINT('',#3487);
#1508=VERTEX_POINT('',#3490);
#1509=VERTEX_POINT('',#3493);
#1510=VERTEX_POINT('',#3495);
#1511=VERTEX_POINT('',#3498);
#1512=VERTEX_POINT('',#3500);
#1513=VERTEX_POINT('',#3503);
#1514=VERTEX_POINT('',#3505);
#1515=VERTEX_POINT('',#3516);
#1516=VERTEX_POINT('',#3518);
#1517=VERTEX_POINT('',#3545);
#1518=VERTEX_POINT('',#3585);
#1519=VERTEX_POINT('',#3587);
#1520=VERTEX_POINT('',#3605);
#1521=VERTEX_POINT('',#3658);
#1522=VERTEX_POINT('',#3670);
#1523=VERTEX_POINT('',#3674);
#1524=VERTEX_POINT('',#3678);
#1525=CIRCLE('',#2182,0.005);
#1526=CIRCLE('',#2183,0.005);
#1527=CIRCLE('',#2185,0.005);
#1528=CIRCLE('',#2186,0.005);
#1529=CIRCLE('',#2188,0.02);
#1530=CIRCLE('',#2189,0.005);
#1531=CIRCLE('',#2190,0.0604969026157085);
#1532=CIRCLE('',#2191,0.0125);
#1533=CIRCLE('',#2192,0.0604969026157085);
#1534=CIRCLE('',#2193,0.005);
#1535=CIRCLE('',#2194,0.02);
#1536=CIRCLE('',#2195,0.007);
#1537=CIRCLE('',#2196,0.007);
#1538=CIRCLE('',#2197,0.0015);
#1539=CIRCLE('',#2198,0.0015);
#1540=CIRCLE('',#2199,0.0015);
#1541=CIRCLE('',#2200,0.0015);
#1542=CIRCLE('',#2201,0.0015);
#1543=CIRCLE('',#2202,0.0015);
#1544=CIRCLE('',#2203,0.0015);
#1545=CIRCLE('',#2204,0.0015);
#1546=CIRCLE('',#2205,0.0015);
#1547=CIRCLE('',#2206,0.0015);
#1548=CIRCLE('',#2207,0.0015);
#1549=CIRCLE('',#2208,0.0015);
#1550=CIRCLE('',#2209,0.005);
#1551=CIRCLE('',#2210,0.0015);
#1552=CIRCLE('',#2211,0.0015);
#1553=CIRCLE('',#2212,0.007);
#1554=CIRCLE('',#2213,0.0015);
#1555=CIRCLE('',#2214,0.0015);
#1556=CIRCLE('',#2215,0.0015);
#1557=CIRCLE('',#2216,0.0015);
#1558=CIRCLE('',#2217,0.0015);
#1559=CIRCLE('',#2218,0.0015);
#1560=CIRCLE('',#2219,0.0015);
#1561=CIRCLE('',#2220,0.0015);
#1562=CIRCLE('',#2221,0.0015);
#1563=CIRCLE('',#2222,0.0015);
#1564=CIRCLE('',#2223,0.0015);
#1565=CIRCLE('',#2224,0.005);
#1566=CIRCLE('',#2225,0.0015);
#1567=CIRCLE('',#2226,0.0015);
#1568=CIRCLE('',#2227,0.0015);
#1569=CIRCLE('',#2228,0.007);
#1570=CIRCLE('',#2229,0.007);
#1571=CIRCLE('',#2230,0.007);
#1572=CIRCLE('',#2231,0.00375);
#1573=CIRCLE('',#2232,0.00375);
#1574=CIRCLE('',#2233,0.00375);
#1575=CIRCLE('',#2234,0.00215);
#1576=CIRCLE('',#2235,0.00215);
#1577=CIRCLE('',#2237,0.005);
#1578=CIRCLE('',#2238,0.005);
#1579=CIRCLE('',#2242,0.02);
#1580=CIRCLE('',#2243,0.005);
#1581=CIRCLE('',#2244,0.0015);
#1582=CIRCLE('',#2245,0.0015);
#1583=CIRCLE('',#2246,0.0015);
#1584=CIRCLE('',#2247,0.0015);
#1585=CIRCLE('',#2248,0.0015);
#1586=CIRCLE('',#2249,0.005);
#1587=CIRCLE('',#2250,0.0604969026157085);
#1588=CIRCLE('',#2251,0.0125);
#1589=CIRCLE('',#2252,0.0604969026157085);
#1590=CIRCLE('',#2253,0.005);
#1591=CIRCLE('',#2254,0.0015);
#1592=CIRCLE('',#2255,0.0015);
#1593=CIRCLE('',#2256,0.0015);
#1594=CIRCLE('',#2257,0.0015);
#1595=CIRCLE('',#2258,0.0015);
#1596=CIRCLE('',#2259,0.005);
#1597=CIRCLE('',#2260,0.02);
#1598=CIRCLE('',#2261,0.005);
#1599=CIRCLE('',#2262,0.005);
#1600=CIRCLE('',#2263,0.005);
#1601=CIRCLE('',#2264,0.005);
#1602=CIRCLE('',#2265,0.00480723047489824);
#1603=CIRCLE('',#2266,0.0015);
#1604=CIRCLE('',#2267,0.0015);
#1605=CIRCLE('',#2268,0.0015);
#1606=CIRCLE('',#2269,0.00507522470152461);
#1607=CIRCLE('',#2270,0.0015);
#1608=CIRCLE('',#2271,0.0015);
#1609=CIRCLE('',#2272,0.0015);
#1610=CIRCLE('',#2273,0.00507522470152461);
#1611=CIRCLE('',#2274,0.007);
#1612=CIRCLE('',#2275,0.007);
#1613=CIRCLE('',#2276,0.007);
#1614=CIRCLE('',#2277,0.0015);
#1615=CIRCLE('',#2278,0.0015);
#1616=CIRCLE('',#2279,0.0015);
#1617=CIRCLE('',#2280,0.0015);
#1618=CIRCLE('',#2281,0.0015);
#1619=CIRCLE('',#2282,0.0015);
#1620=CIRCLE('',#2283,0.007);
#1621=CIRCLE('',#2284,0.0015);
#1622=CIRCLE('',#2285,0.0015);
#1623=CIRCLE('',#2286,0.0015);
#1624=CIRCLE('',#2287,0.0015);
#1625=CIRCLE('',#2288,0.0015);
#1626=CIRCLE('',#2289,0.0015);
#1627=CIRCLE('',#2290,0.007);
#1628=CIRCLE('',#2291,0.007);
#1629=CIRCLE('',#2293,0.005);
#1630=CIRCLE('',#2294,0.005);
#1631=CIRCLE('',#2298,0.002);
#1632=CIRCLE('',#2301,0.002);
#1633=CIRCLE('',#2306,0.00215);
#1634=CIRCLE('',#2308,0.00215);
#1635=CIRCLE('',#2310,0.00215);
#1636=CIRCLE('',#2311,0.00215);
#1637=CIRCLE('',#2313,0.00215);
#1638=CIRCLE('',#2314,0.00215);
#1639=CIRCLE('',#2316,0.00215);
#1640=CIRCLE('',#2317,0.00215);
#1641=CIRCLE('',#2331,0.005);
#1642=CIRCLE('',#2360,0.005);
#1643=CIRCLE('',#2391,0.00480723047489824);
#1644=CIRCLE('',#2394,0.00507522470152461);
#1645=CIRCLE('',#2397,0.00507522470152461);
#1646=CIRCLE('',#2402,0.00375);
#1647=CIRCLE('',#2405,0.00375);
#1648=CIRCLE('',#2408,0.00375);
#1649=EDGE_LOOP('',(#413,#414,#415,#416));
#1650=EDGE_LOOP('',(#417,#418,#419,#420));
#1651=EDGE_LOOP('',(#421,#422,#423,#424,#425,#426,#427,#428,#429,#430,#431,
#432,#433,#434,#435,#436));
#1652=EDGE_LOOP('',(#437));
#1653=EDGE_LOOP('',(#438));
#1654=EDGE_LOOP('',(#439,#440,#441,#442,#443,#444));
#1655=EDGE_LOOP('',(#445,#446,#447,#448,#449,#450));
#1656=EDGE_LOOP('',(#451,#452,#453,#454,#455,#456));
#1657=EDGE_LOOP('',(#457,#458,#459,#460,#461,#462,#463,#464,#465,#466));
#1658=EDGE_LOOP('',(#467));
#1659=EDGE_LOOP('',(#468,#469,#470,#471,#472,#473));
#1660=EDGE_LOOP('',(#474,#475,#476,#477,#478,#479));
#1661=EDGE_LOOP('',(#480,#481,#482,#483,#484,#485));
#1662=EDGE_LOOP('',(#486,#487,#488,#489,#490,#491,#492,#493,#494,#495));
#1663=EDGE_LOOP('',(#496));
#1664=EDGE_LOOP('',(#497));
#1665=EDGE_LOOP('',(#498));
#1666=EDGE_LOOP('',(#499));
#1667=EDGE_LOOP('',(#500));
#1668=EDGE_LOOP('',(#501));
#1669=EDGE_LOOP('',(#502));
#1670=EDGE_LOOP('',(#503));
#1671=EDGE_LOOP('',(#504,#505,#506,#507,#508,#509));
#1672=EDGE_LOOP('',(#510,#511,#512,#513));
#1673=EDGE_LOOP('',(#514,#515,#516,#517));
#1674=EDGE_LOOP('',(#518,#519,#520,#521,#522,#523,#524,#525,#526,#527,#528,
#529,#530,#531,#532,#533,#534,#535,#536,#537,#538,#539,#540,#541,#542,#543,
#544,#545,#546,#547,#548,#549,#550,#551,#552,#553,#554,#555,#556,#557,#558,
#559,#560,#561,#562,#563,#564,#565));
#1675=EDGE_LOOP('',(#566));
#1676=EDGE_LOOP('',(#567,#568,#569,#570,#571,#572,#573,#574));
#1677=EDGE_LOOP('',(#575,#576,#577,#578,#579,#580,#581,#582));
#1678=EDGE_LOOP('',(#583));
#1679=EDGE_LOOP('',(#584));
#1680=EDGE_LOOP('',(#585));
#1681=EDGE_LOOP('',(#586,#587,#588,#589,#590,#591));
#1682=EDGE_LOOP('',(#592,#593,#594,#595,#596,#597));
#1683=EDGE_LOOP('',(#598));
#1684=EDGE_LOOP('',(#599,#600,#601,#602,#603,#604));
#1685=EDGE_LOOP('',(#605,#606,#607,#608,#609,#610));
#1686=EDGE_LOOP('',(#611));
#1687=EDGE_LOOP('',(#612));
#1688=EDGE_LOOP('',(#613,#614,#615,#616,#617,#618));
#1689=EDGE_LOOP('',(#619,#620,#621,#622));
#1690=EDGE_LOOP('',(#623,#624,#625,#626));
#1691=EDGE_LOOP('',(#627));
#1692=EDGE_LOOP('',(#628));
#1693=EDGE_LOOP('',(#629));
#1694=EDGE_LOOP('',(#630));
#1695=EDGE_LOOP('',(#631,#632,#633,#634,#635,#636,#637,#638,#639,#640,#641,
#642));
#1696=EDGE_LOOP('',(#643));
#1697=EDGE_LOOP('',(#644));
#1698=EDGE_LOOP('',(#645,#646,#647,#648));
#1699=EDGE_LOOP('',(#649));
#1700=EDGE_LOOP('',(#650));
#1701=EDGE_LOOP('',(#651));
#1702=EDGE_LOOP('',(#652));
#1703=EDGE_LOOP('',(#653));
#1704=EDGE_LOOP('',(#654));
#1705=EDGE_LOOP('',(#655));
#1706=EDGE_LOOP('',(#656));
#1707=EDGE_LOOP('',(#657));
#1708=EDGE_LOOP('',(#658));
#1709=EDGE_LOOP('',(#659,#660,#661,#662));
#1710=EDGE_LOOP('',(#663));
#1711=EDGE_LOOP('',(#664));
#1712=EDGE_LOOP('',(#665));
#1713=EDGE_LOOP('',(#666));
#1714=EDGE_LOOP('',(#667));
#1715=EDGE_LOOP('',(#668));
#1716=EDGE_LOOP('',(#669));
#1717=EDGE_LOOP('',(#670));
#1718=EDGE_LOOP('',(#671,#672,#673,#674,#675,#676,#677,#678));
#1719=EDGE_LOOP('',(#679,#680,#681,#682));
#1720=EDGE_LOOP('',(#683,#684,#685,#686));
#1721=EDGE_LOOP('',(#687,#688,#689,#690));
#1722=EDGE_LOOP('',(#691,#692,#693,#694));
#1723=EDGE_LOOP('',(#695,#696,#697,#698));
#1724=EDGE_LOOP('',(#699,#700,#701,#702));
#1725=EDGE_LOOP('',(#703,#704,#705,#706,#707,#708,#709,#710));
#1726=EDGE_LOOP('',(#711));
#1727=EDGE_LOOP('',(#712,#713,#714,#715));
#1728=EDGE_LOOP('',(#716,#717,#718,#719));
#1729=EDGE_LOOP('',(#720,#721,#722,#723));
#1730=EDGE_LOOP('',(#724,#725,#726,#727));
#1731=EDGE_LOOP('',(#728,#729,#730,#731));
#1732=EDGE_LOOP('',(#732,#733,#734,#735));
#1733=EDGE_LOOP('',(#736,#737,#738,#739));
#1734=EDGE_LOOP('',(#740,#741,#742,#743));
#1735=EDGE_LOOP('',(#744,#745,#746,#747));
#1736=EDGE_LOOP('',(#748,#749,#750,#751));
#1737=EDGE_LOOP('',(#752,#753,#754,#755));
#1738=EDGE_LOOP('',(#756,#757,#758,#759));
#1739=EDGE_LOOP('',(#760,#761,#762,#763));
#1740=EDGE_LOOP('',(#764,#765,#766,#767));
#1741=EDGE_LOOP('',(#768,#769,#770,#771));
#1742=EDGE_LOOP('',(#772,#773,#774,#775));
#1743=EDGE_LOOP('',(#776,#777,#778,#779));
#1744=EDGE_LOOP('',(#780,#781,#782,#783));
#1745=EDGE_LOOP('',(#784,#785,#786,#787));
#1746=EDGE_LOOP('',(#788,#789,#790,#791));
#1747=EDGE_LOOP('',(#792,#793,#794,#795));
#1748=EDGE_LOOP('',(#796,#797,#798,#799));
#1749=EDGE_LOOP('',(#800,#801,#802,#803));
#1750=EDGE_LOOP('',(#804,#805,#806,#807,#808,#809,#810,#811));
#1751=EDGE_LOOP('',(#812,#813,#814,#815));
#1752=EDGE_LOOP('',(#816,#817,#818,#819));
#1753=EDGE_LOOP('',(#820,#821,#822,#823));
#1754=EDGE_LOOP('',(#824,#825,#826,#827,#828,#829,#830,#831));
#1755=EDGE_LOOP('',(#832));
#1756=EDGE_LOOP('',(#833,#834,#835,#836));
#1757=EDGE_LOOP('',(#837,#838,#839,#840));
#1758=EDGE_LOOP('',(#841,#842,#843,#844));
#1759=EDGE_LOOP('',(#845,#846,#847,#848));
#1760=EDGE_LOOP('',(#849,#850,#851,#852));
#1761=EDGE_LOOP('',(#853,#854,#855,#856));
#1762=EDGE_LOOP('',(#857,#858,#859,#860));
#1763=EDGE_LOOP('',(#861,#862,#863,#864));
#1764=EDGE_LOOP('',(#865,#866,#867,#868));
#1765=EDGE_LOOP('',(#869,#870,#871,#872));
#1766=EDGE_LOOP('',(#873,#874,#875,#876));
#1767=EDGE_LOOP('',(#877,#878,#879,#880));
#1768=EDGE_LOOP('',(#881,#882,#883,#884));
#1769=EDGE_LOOP('',(#885,#886,#887,#888));
#1770=EDGE_LOOP('',(#889,#890,#891,#892));
#1771=EDGE_LOOP('',(#893,#894,#895,#896));
#1772=EDGE_LOOP('',(#897,#898,#899,#900));
#1773=EDGE_LOOP('',(#901,#902,#903,#904));
#1774=EDGE_LOOP('',(#905,#906,#907,#908));
#1775=EDGE_LOOP('',(#909,#910,#911,#912));
#1776=EDGE_LOOP('',(#913,#914,#915,#916));
#1777=EDGE_LOOP('',(#917,#918,#919,#920));
#1778=EDGE_LOOP('',(#921,#922,#923,#924));
#1779=EDGE_LOOP('',(#925,#926,#927,#928));
#1780=EDGE_LOOP('',(#929,#930,#931,#932));
#1781=EDGE_LOOP('',(#933,#934,#935,#936));
#1782=EDGE_LOOP('',(#937,#938,#939,#940));
#1783=EDGE_LOOP('',(#941));
#1784=EDGE_LOOP('',(#942));
#1785=EDGE_LOOP('',(#943));
#1786=EDGE_LOOP('',(#944));
#1787=EDGE_LOOP('',(#945));
#1788=EDGE_LOOP('',(#946));
#1789=EDGE_LOOP('',(#947));
#1790=EDGE_LOOP('',(#948));
#1791=EDGE_LOOP('',(#949,#950,#951,#952));
#1792=EDGE_LOOP('',(#953));
#1793=EDGE_LOOP('',(#954,#955));
#1794=EDGE_LOOP('',(#956,#957,#958,#959));
#1795=EDGE_LOOP('',(#960,#961));
#1796=EDGE_LOOP('',(#962));
#1797=EDGE_LOOP('',(#963));
#1798=EDGE_LOOP('',(#964));
#1799=EDGE_LOOP('',(#965));
#1800=EDGE_LOOP('',(#966));
#1801=EDGE_LOOP('',(#967));
#1802=EDGE_LOOP('',(#968));
#1803=EDGE_LOOP('',(#969));
#1804=EDGE_LOOP('',(#970));
#1805=EDGE_LOOP('',(#971));
#1806=EDGE_LOOP('',(#972));
#1807=EDGE_LOOP('',(#973));
#1808=EDGE_LOOP('',(#974));
#1809=EDGE_LOOP('',(#975));
#1810=EDGE_LOOP('',(#976));
#1811=EDGE_LOOP('',(#977));
#1812=EDGE_LOOP('',(#978));
#1813=EDGE_LOOP('',(#979,#980,#981,#982));
#1814=EDGE_LOOP('',(#983,#984,#985,#986));
#1815=EDGE_LOOP('',(#987));
#1816=EDGE_LOOP('',(#988,#989,#990,#991));
#1817=EDGE_LOOP('',(#992));
#1818=EDGE_LOOP('',(#993,#994,#995,#996));
#1819=EDGE_LOOP('',(#997,#998,#999,#1000));
#1820=EDGE_LOOP('',(#1001,#1002,#1003,#1004));
#1821=EDGE_LOOP('',(#1005,#1006,#1007,#1008));
#1822=EDGE_LOOP('',(#1009,#1010,#1011,#1012));
#1823=FACE_BOUND('',#1649,.T.);
#1824=FACE_BOUND('',#1650,.T.);
#1825=FACE_BOUND('',#1651,.T.);
#1826=FACE_BOUND('',#1652,.T.);
#1827=FACE_BOUND('',#1653,.T.);
#1828=FACE_BOUND('',#1654,.T.);
#1829=FACE_BOUND('',#1655,.T.);
#1830=FACE_BOUND('',#1656,.T.);
#1831=FACE_BOUND('',#1657,.T.);
#1832=FACE_BOUND('',#1658,.T.);
#1833=FACE_BOUND('',#1659,.T.);
#1834=FACE_BOUND('',#1660,.T.);
#1835=FACE_BOUND('',#1661,.T.);
#1836=FACE_BOUND('',#1662,.T.);
#1837=FACE_BOUND('',#1663,.T.);
#1838=FACE_BOUND('',#1664,.T.);
#1839=FACE_BOUND('',#1665,.T.);
#1840=FACE_BOUND('',#1666,.T.);
#1841=FACE_BOUND('',#1667,.T.);
#1842=FACE_BOUND('',#1668,.T.);
#1843=FACE_BOUND('',#1669,.T.);
#1844=FACE_BOUND('',#1670,.T.);
#1845=FACE_BOUND('',#1671,.T.);
#1846=FACE_BOUND('',#1672,.T.);
#1847=FACE_BOUND('',#1673,.T.);
#1848=FACE_BOUND('',#1674,.T.);
#1849=FACE_BOUND('',#1675,.T.);
#1850=FACE_BOUND('',#1676,.T.);
#1851=FACE_BOUND('',#1677,.T.);
#1852=FACE_BOUND('',#1678,.T.);
#1853=FACE_BOUND('',#1679,.T.);
#1854=FACE_BOUND('',#1680,.T.);
#1855=FACE_BOUND('',#1681,.T.);
#1856=FACE_BOUND('',#1682,.T.);
#1857=FACE_BOUND('',#1683,.T.);
#1858=FACE_BOUND('',#1684,.T.);
#1859=FACE_BOUND('',#1685,.T.);
#1860=FACE_BOUND('',#1686,.T.);
#1861=FACE_BOUND('',#1687,.T.);
#1862=FACE_BOUND('',#1688,.T.);
#1863=FACE_BOUND('',#1689,.T.);
#1864=FACE_BOUND('',#1690,.T.);
#1865=FACE_BOUND('',#1691,.T.);
#1866=FACE_BOUND('',#1692,.T.);
#1867=FACE_BOUND('',#1693,.T.);
#1868=FACE_BOUND('',#1694,.T.);
#1869=FACE_BOUND('',#1695,.T.);
#1870=FACE_BOUND('',#1696,.T.);
#1871=FACE_BOUND('',#1697,.T.);
#1872=FACE_BOUND('',#1698,.T.);
#1873=FACE_BOUND('',#1699,.T.);
#1874=FACE_BOUND('',#1700,.T.);
#1875=FACE_BOUND('',#1701,.T.);
#1876=FACE_BOUND('',#1702,.T.);
#1877=FACE_BOUND('',#1703,.T.);
#1878=FACE_BOUND('',#1704,.T.);
#1879=FACE_BOUND('',#1705,.T.);
#1880=FACE_BOUND('',#1706,.T.);
#1881=FACE_BOUND('',#1707,.T.);
#1882=FACE_BOUND('',#1708,.T.);
#1883=FACE_BOUND('',#1709,.T.);
#1884=FACE_BOUND('',#1710,.T.);
#1885=FACE_BOUND('',#1711,.T.);
#1886=FACE_BOUND('',#1712,.T.);
#1887=FACE_BOUND('',#1713,.T.);
#1888=FACE_BOUND('',#1714,.T.);
#1889=FACE_BOUND('',#1715,.T.);
#1890=FACE_BOUND('',#1716,.T.);
#1891=FACE_BOUND('',#1717,.T.);
#1892=FACE_BOUND('',#1718,.T.);
#1893=FACE_BOUND('',#1719,.T.);
#1894=FACE_BOUND('',#1720,.T.);
#1895=FACE_BOUND('',#1721,.T.);
#1896=FACE_BOUND('',#1722,.T.);
#1897=FACE_BOUND('',#1723,.T.);
#1898=FACE_BOUND('',#1724,.T.);
#1899=FACE_BOUND('',#1725,.T.);
#1900=FACE_BOUND('',#1726,.T.);
#1901=FACE_BOUND('',#1727,.T.);
#1902=FACE_BOUND('',#1728,.T.);
#1903=FACE_BOUND('',#1729,.T.);
#1904=FACE_BOUND('',#1730,.T.);
#1905=FACE_BOUND('',#1731,.T.);
#1906=FACE_BOUND('',#1732,.T.);
#1907=FACE_BOUND('',#1733,.T.);
#1908=FACE_BOUND('',#1734,.T.);
#1909=FACE_BOUND('',#1735,.T.);
#1910=FACE_BOUND('',#1736,.T.);
#1911=FACE_BOUND('',#1737,.T.);
#1912=FACE_BOUND('',#1738,.T.);
#1913=FACE_BOUND('',#1739,.T.);
#1914=FACE_BOUND('',#1740,.T.);
#1915=FACE_BOUND('',#1741,.T.);
#1916=FACE_BOUND('',#1742,.T.);
#1917=FACE_BOUND('',#1743,.T.);
#1918=FACE_BOUND('',#1744,.T.);
#1919=FACE_BOUND('',#1745,.T.);
#1920=FACE_BOUND('',#1746,.T.);
#1921=FACE_BOUND('',#1747,.T.);
#1922=FACE_BOUND('',#1748,.T.);
#1923=FACE_BOUND('',#1749,.T.);
#1924=FACE_BOUND('',#1750,.T.);
#1925=FACE_BOUND('',#1751,.T.);
#1926=FACE_BOUND('',#1752,.T.);
#1927=FACE_BOUND('',#1753,.T.);
#1928=FACE_BOUND('',#1754,.T.);
#1929=FACE_BOUND('',#1755,.T.);
#1930=FACE_BOUND('',#1756,.T.);
#1931=FACE_BOUND('',#1757,.T.);
#1932=FACE_BOUND('',#1758,.T.);
#1933=FACE_BOUND('',#1759,.T.);
#1934=FACE_BOUND('',#1760,.T.);
#1935=FACE_BOUND('',#1761,.T.);
#1936=FACE_BOUND('',#1762,.T.);
#1937=FACE_BOUND('',#1763,.T.);
#1938=FACE_BOUND('',#1764,.T.);
#1939=FACE_BOUND('',#1765,.T.);
#1940=FACE_BOUND('',#1766,.T.);
#1941=FACE_BOUND('',#1767,.T.);
#1942=FACE_BOUND('',#1768,.T.);
#1943=FACE_BOUND('',#1769,.T.);
#1944=FACE_BOUND('',#1770,.T.);
#1945=FACE_BOUND('',#1771,.T.);
#1946=FACE_BOUND('',#1772,.T.);
#1947=FACE_BOUND('',#1773,.T.);
#1948=FACE_BOUND('',#1774,.T.);
#1949=FACE_BOUND('',#1775,.T.);
#1950=FACE_BOUND('',#1776,.T.);
#1951=FACE_BOUND('',#1777,.T.);
#1952=FACE_BOUND('',#1778,.T.);
#1953=FACE_BOUND('',#1779,.T.);
#1954=FACE_BOUND('',#1780,.T.);
#1955=FACE_BOUND('',#1781,.T.);
#1956=FACE_BOUND('',#1782,.T.);
#1957=FACE_BOUND('',#1783,.T.);
#1958=FACE_BOUND('',#1784,.T.);
#1959=FACE_BOUND('',#1785,.T.);
#1960=FACE_BOUND('',#1786,.T.);
#1961=FACE_BOUND('',#1787,.T.);
#1962=FACE_BOUND('',#1788,.T.);
#1963=FACE_BOUND('',#1789,.T.);
#1964=FACE_BOUND('',#1790,.T.);
#1965=FACE_BOUND('',#1791,.T.);
#1966=FACE_BOUND('',#1792,.T.);
#1967=FACE_BOUND('',#1793,.T.);
#1968=FACE_BOUND('',#1794,.T.);
#1969=FACE_BOUND('',#1795,.T.);
#1970=FACE_BOUND('',#1796,.T.);
#1971=FACE_BOUND('',#1797,.T.);
#1972=FACE_BOUND('',#1798,.T.);
#1973=FACE_BOUND('',#1799,.T.);
#1974=FACE_BOUND('',#1800,.T.);
#1975=FACE_BOUND('',#1801,.T.);
#1976=FACE_BOUND('',#1802,.T.);
#1977=FACE_BOUND('',#1803,.T.);
#1978=FACE_BOUND('',#1804,.T.);
#1979=FACE_BOUND('',#1805,.T.);
#1980=FACE_BOUND('',#1806,.T.);
#1981=FACE_BOUND('',#1807,.T.);
#1982=FACE_BOUND('',#1808,.T.);
#1983=FACE_BOUND('',#1809,.T.);
#1984=FACE_BOUND('',#1810,.T.);
#1985=FACE_BOUND('',#1811,.T.);
#1986=FACE_BOUND('',#1812,.T.);
#1987=FACE_BOUND('',#1813,.T.);
#1988=FACE_BOUND('',#1814,.T.);
#1989=FACE_BOUND('',#1815,.T.);
#1990=FACE_BOUND('',#1816,.T.);
#1991=FACE_BOUND('',#1817,.T.);
#1992=FACE_BOUND('',#1818,.T.);
#1993=FACE_BOUND('',#1819,.T.);
#1994=FACE_BOUND('',#1820,.T.);
#1995=FACE_BOUND('',#1821,.T.);
#1996=FACE_BOUND('',#1822,.T.);
#1997=CYLINDRICAL_SURFACE('',#2181,0.005);
#1998=CYLINDRICAL_SURFACE('',#2184,0.005);
#1999=CYLINDRICAL_SURFACE('',#2297,0.002);
#2000=CYLINDRICAL_SURFACE('',#2302,0.002);
#2001=CYLINDRICAL_SURFACE('',#2304,0.02);
#2002=CYLINDRICAL_SURFACE('',#2305,0.00215);
#2003=CYLINDRICAL_SURFACE('',#2307,0.00215);
#2004=CYLINDRICAL_SURFACE('',#2309,0.00215);
#2005=CYLINDRICAL_SURFACE('',#2312,0.00215);
#2006=CYLINDRICAL_SURFACE('',#2315,0.00215);
#2007=CYLINDRICAL_SURFACE('',#2318,0.0125);
#2008=CYLINDRICAL_SURFACE('',#2319,0.007);
#2009=CYLINDRICAL_SURFACE('',#2320,0.007);
#2010=CYLINDRICAL_SURFACE('',#2321,0.007);
#2011=CYLINDRICAL_SURFACE('',#2322,0.007);
#2012=CYLINDRICAL_SURFACE('',#2330,0.005);
#2013=CYLINDRICAL_SURFACE('',#2336,0.0604969026157085);
#2014=CYLINDRICAL_SURFACE('',#2341,0.0015);
#2015=CYLINDRICAL_SURFACE('',#2342,0.0015);
#2016=CYLINDRICAL_SURFACE('',#2343,0.0015);
#2017=CYLINDRICAL_SURFACE('',#2344,0.0015);
#2018=CYLINDRICAL_SURFACE('',#2345,0.0015);
#2019=CYLINDRICAL_SURFACE('',#2346,0.0015);
#2020=CYLINDRICAL_SURFACE('',#2347,0.0015);
#2021=CYLINDRICAL_SURFACE('',#2348,0.0015);
#2022=CYLINDRICAL_SURFACE('',#2349,0.0015);
#2023=CYLINDRICAL_SURFACE('',#2350,0.0015);
#2024=CYLINDRICAL_SURFACE('',#2351,0.0015);
#2025=CYLINDRICAL_SURFACE('',#2352,0.0015);
#2026=CYLINDRICAL_SURFACE('',#2353,0.0015);
#2027=CYLINDRICAL_SURFACE('',#2354,0.0015);
#2028=CYLINDRICAL_SURFACE('',#2359,0.005);
#2029=CYLINDRICAL_SURFACE('',#2361,0.02);
#2030=CYLINDRICAL_SURFACE('',#2369,0.0604969026157085);
#2031=CYLINDRICAL_SURFACE('',#2374,0.0015);
#2032=CYLINDRICAL_SURFACE('',#2375,0.0015);
#2033=CYLINDRICAL_SURFACE('',#2376,0.0015);
#2034=CYLINDRICAL_SURFACE('',#2377,0.0015);
#2035=CYLINDRICAL_SURFACE('',#2378,0.0015);
#2036=CYLINDRICAL_SURFACE('',#2379,0.0015);
#2037=CYLINDRICAL_SURFACE('',#2380,0.0015);
#2038=CYLINDRICAL_SURFACE('',#2381,0.0015);
#2039=CYLINDRICAL_SURFACE('',#2382,0.0015);
#2040=CYLINDRICAL_SURFACE('',#2383,0.0015);
#2041=CYLINDRICAL_SURFACE('',#2384,0.0015);
#2042=CYLINDRICAL_SURFACE('',#2385,0.0015);
#2043=CYLINDRICAL_SURFACE('',#2386,0.0015);
#2044=CYLINDRICAL_SURFACE('',#2387,0.0015);
#2045=CYLINDRICAL_SURFACE('',#2390,0.00480723047489824);
#2046=CYLINDRICAL_SURFACE('',#2393,0.00507522470152461);
#2047=CYLINDRICAL_SURFACE('',#2396,0.00507522470152461);
#2048=CYLINDRICAL_SURFACE('',#2399,0.007);
#2049=CYLINDRICAL_SURFACE('',#2400,0.007);
#2050=CYLINDRICAL_SURFACE('',#2401,0.00375);
#2051=CYLINDRICAL_SURFACE('',#2404,0.00375);
#2052=CYLINDRICAL_SURFACE('',#2407,0.00375);
#2053=CYLINDRICAL_SURFACE('',#2414,0.005);
#2054=CYLINDRICAL_SURFACE('',#2415,0.005);
#2055=CYLINDRICAL_SURFACE('',#2416,0.005);
#2056=CYLINDRICAL_SURFACE('',#2417,0.005);
#2057=ADVANCED_FACE('',(#1823),#1997,.T.);
#2058=ADVANCED_FACE('',(#1824),#1998,.T.);
#2059=ADVANCED_FACE('',(#1825,#1826,#1827,#1828,#1829,#1830,#1831,#1832,
#1833,#1834,#1835,#1836,#1837,#1838,#1839,#1840,#1841,#1842,#1843,#1844),
#14,.F.);
#2060=ADVANCED_FACE('',(#1845),#15,.T.);
#2061=ADVANCED_FACE('',(#1846),#16,.T.);
#2062=ADVANCED_FACE('',(#1847),#17,.F.);
#2063=ADVANCED_FACE('',(#1848,#1849,#1850,#1851,#1852,#1853,#1854,#1855,
#1856,#1857,#1858,#1859,#1860,#1861),#18,.T.);
#2064=ADVANCED_FACE('',(#1862),#19,.T.);
#2065=ADVANCED_FACE('',(#1863),#20,.T.);
#2066=ADVANCED_FACE('',(#1864),#21,.F.);
#2067=ADVANCED_FACE('',(#1865,#1866),#1999,.F.);
#2068=ADVANCED_FACE('',(#1867,#1868,#1869),#22,.F.);
#2069=ADVANCED_FACE('',(#1870,#1871),#2000,.F.);
#2070=ADVANCED_FACE('',(#1872),#2001,.T.);
#2071=ADVANCED_FACE('',(#1873,#1874),#2002,.F.);
#2072=ADVANCED_FACE('',(#1875,#1876),#2003,.F.);
#2073=ADVANCED_FACE('',(#1877,#1878),#2004,.F.);
#2074=ADVANCED_FACE('',(#1879,#1880),#2005,.F.);
#2075=ADVANCED_FACE('',(#1881,#1882),#2006,.F.);
#2076=ADVANCED_FACE('',(#1883),#2007,.T.);
#2077=ADVANCED_FACE('',(#1884,#1885),#2008,.F.);
#2078=ADVANCED_FACE('',(#1886,#1887),#2009,.F.);
#2079=ADVANCED_FACE('',(#1888,#1889),#2010,.F.);
#2080=ADVANCED_FACE('',(#1890,#1891),#2011,.F.);
#2081=ADVANCED_FACE('',(#1892),#23,.F.);
#2082=ADVANCED_FACE('',(#1893),#24,.F.);
#2083=ADVANCED_FACE('',(#1894),#25,.F.);
#2084=ADVANCED_FACE('',(#1895),#26,.F.);
#2085=ADVANCED_FACE('',(#1896),#27,.T.);
#2086=ADVANCED_FACE('',(#1897),#28,.F.);
#2087=ADVANCED_FACE('',(#1898),#29,.F.);
#2088=ADVANCED_FACE('',(#1899,#1900),#2012,.T.);
#2089=ADVANCED_FACE('',(#1901),#30,.F.);
#2090=ADVANCED_FACE('',(#1902),#31,.F.);
#2091=ADVANCED_FACE('',(#1903),#32,.T.);
#2092=ADVANCED_FACE('',(#1904),#33,.F.);
#2093=ADVANCED_FACE('',(#1905),#2013,.T.);
#2094=ADVANCED_FACE('',(#1906),#34,.F.);
#2095=ADVANCED_FACE('',(#1907),#35,.T.);
#2096=ADVANCED_FACE('',(#1908),#36,.T.);
#2097=ADVANCED_FACE('',(#1909),#37,.T.);
#2098=ADVANCED_FACE('',(#1910),#2014,.F.);
#2099=ADVANCED_FACE('',(#1911),#2015,.F.);
#2100=ADVANCED_FACE('',(#1912),#2016,.F.);
#2101=ADVANCED_FACE('',(#1913),#2017,.F.);
#2102=ADVANCED_FACE('',(#1914),#2018,.F.);
#2103=ADVANCED_FACE('',(#1915),#2019,.F.);
#2104=ADVANCED_FACE('',(#1916),#2020,.F.);
#2105=ADVANCED_FACE('',(#1917),#2021,.F.);
#2106=ADVANCED_FACE('',(#1918),#2022,.F.);
#2107=ADVANCED_FACE('',(#1919),#2023,.F.);
#2108=ADVANCED_FACE('',(#1920),#2024,.F.);
#2109=ADVANCED_FACE('',(#1921),#2025,.F.);
#2110=ADVANCED_FACE('',(#1922),#2026,.F.);
#2111=ADVANCED_FACE('',(#1923),#2027,.F.);
#2112=ADVANCED_FACE('',(#1924),#38,.F.);
#2113=ADVANCED_FACE('',(#1925),#39,.F.);
#2114=ADVANCED_FACE('',(#1926),#40,.F.);
#2115=ADVANCED_FACE('',(#1927),#41,.F.);
#2116=ADVANCED_FACE('',(#1928,#1929),#2028,.T.);
#2117=ADVANCED_FACE('',(#1930),#2029,.T.);
#2118=ADVANCED_FACE('',(#1931),#42,.T.);
#2119=ADVANCED_FACE('',(#1932),#43,.F.);
#2120=ADVANCED_FACE('',(#1933),#44,.F.);
#2121=ADVANCED_FACE('',(#1934),#45,.F.);
#2122=ADVANCED_FACE('',(#1935),#46,.F.);
#2123=ADVANCED_FACE('',(#1936),#47,.T.);
#2124=ADVANCED_FACE('',(#1937),#48,.F.);
#2125=ADVANCED_FACE('',(#1938),#2030,.T.);
#2126=ADVANCED_FACE('',(#1939),#49,.F.);
#2127=ADVANCED_FACE('',(#1940),#50,.T.);
#2128=ADVANCED_FACE('',(#1941),#51,.T.);
#2129=ADVANCED_FACE('',(#1942),#52,.T.);
#2130=ADVANCED_FACE('',(#1943),#2031,.F.);
#2131=ADVANCED_FACE('',(#1944),#2032,.F.);
#2132=ADVANCED_FACE('',(#1945),#2033,.F.);
#2133=ADVANCED_FACE('',(#1946),#2034,.F.);
#2134=ADVANCED_FACE('',(#1947),#2035,.F.);
#2135=ADVANCED_FACE('',(#1948),#2036,.F.);
#2136=ADVANCED_FACE('',(#1949),#2037,.F.);
#2137=ADVANCED_FACE('',(#1950),#2038,.F.);
#2138=ADVANCED_FACE('',(#1951),#2039,.F.);
#2139=ADVANCED_FACE('',(#1952),#2040,.F.);
#2140=ADVANCED_FACE('',(#1953),#2041,.F.);
#2141=ADVANCED_FACE('',(#1954),#2042,.F.);
#2142=ADVANCED_FACE('',(#1955),#2043,.F.);
#2143=ADVANCED_FACE('',(#1956),#2044,.F.);
#2144=ADVANCED_FACE('',(#1957,#1958),#53,.T.);
#2145=ADVANCED_FACE('',(#1959,#1960),#54,.T.);
#2146=ADVANCED_FACE('',(#1961,#1962),#2045,.T.);
#2147=ADVANCED_FACE('',(#1963,#1964),#55,.T.);
#2148=ADVANCED_FACE('',(#1965),#2046,.T.);
#2149=ADVANCED_FACE('',(#1966,#1967),#56,.T.);
#2150=ADVANCED_FACE('',(#1968),#2047,.T.);
#2151=ADVANCED_FACE('',(#1969,#1970),#57,.T.);
#2152=ADVANCED_FACE('',(#1971,#1972),#2048,.F.);
#2153=ADVANCED_FACE('',(#1973,#1974),#2049,.F.);
#2154=ADVANCED_FACE('',(#1975,#1976),#2050,.F.);
#2155=ADVANCED_FACE('',(#1977,#1978),#58,.T.);
#2156=ADVANCED_FACE('',(#1979,#1980),#2051,.F.);
#2157=ADVANCED_FACE('',(#1981,#1982),#59,.T.);
#2158=ADVANCED_FACE('',(#1983,#1984),#2052,.F.);
#2159=ADVANCED_FACE('',(#1985,#1986),#60,.T.);
#2160=ADVANCED_FACE('',(#1987),#61,.T.);
#2161=ADVANCED_FACE('',(#1988),#62,.F.);
#2162=ADVANCED_FACE('',(#1989,#1990),#63,.T.);
#2163=ADVANCED_FACE('',(#1991,#1992),#64,.T.);
#2164=ADVANCED_FACE('',(#1993),#2053,.T.);
#2165=ADVANCED_FACE('',(#1994),#2054,.T.);
#2166=ADVANCED_FACE('',(#1995),#2055,.T.);
#2167=ADVANCED_FACE('',(#1996),#2056,.T.);
#2168=CLOSED_SHELL('',(#2057,#2058,#2059,#2060,#2061,#2062,#2063,#2064,
#2065,#2066,#2067,#2068,#2069,#2070,#2071,#2072,#2073,#2074,#2075,#2076,
#2077,#2078,#2079,#2080,#2081,#2082,#2083,#2084,#2085,#2086,#2087,#2088,
#2089,#2090,#2091,#2092,#2093,#2094,#2095,#2096,#2097,#2098,#2099,#2100,
#2101,#2102,#2103,#2104,#2105,#2106,#2107,#2108,#2109,#2110,#2111,#2112,
#2113,#2114,#2115,#2116,#2117,#2118,#2119,#2120,#2121,#2122,#2123,#2124,
#2125,#2126,#2127,#2128,#2129,#2130,#2131,#2132,#2133,#2134,#2135,#2136,
#2137,#2138,#2139,#2140,#2141,#2142,#2143,#2144,#2145,#2146,#2147,#2148,
#2149,#2150,#2151,#2152,#2153,#2154,#2155,#2156,#2157,#2158,#2159,#2160,
#2161,#2162,#2163,#2164,#2165,#2166,#2167));
#2169=STYLED_ITEM('',(#2170),#2177);
#2170=PRESENTATION_STYLE_ASSIGNMENT((#2171));
#2171=SURFACE_STYLE_USAGE(.BOTH.,#2172);
#2172=SURFACE_SIDE_STYLE('',(#2173));
#2173=SURFACE_STYLE_FILL_AREA(#2174);
#2174=FILL_AREA_STYLE('',(#2175));
#2175=FILL_AREA_STYLE_COLOUR('',#2176);
#2176=COLOUR_RGB('',0.901960784313726,0.87843137254902,0.811764705882353);
#2177=MANIFOLD_SOLID_BREP('Gearbox Male',#2168);
#2178=SHAPE_DEFINITION_REPRESENTATION(#3698,#2179);
#2179=SHAPE_REPRESENTATION('Gearbox Male',(#2180),#3693);
#2180=AXIS2_PLACEMENT_3D('',#3068,#2418,#2419);
#2181=AXIS2_PLACEMENT_3D('',#3069,#2420,#2421);
#2182=AXIS2_PLACEMENT_3D('',#3070,#2422,#2423);
#2183=AXIS2_PLACEMENT_3D('',#3075,#2425,#2426);
#2184=AXIS2_PLACEMENT_3D('',#3078,#2428,#2429);
#2185=AXIS2_PLACEMENT_3D('',#3079,#2430,#2431);
#2186=AXIS2_PLACEMENT_3D('',#3084,#2433,#2434);
#2187=AXIS2_PLACEMENT_3D('',#3087,#2436,#2437);
#2188=AXIS2_PLACEMENT_3D('',#3090,#2439,#2440);
#2189=AXIS2_PLACEMENT_3D('',#3094,#2442,#2443);
#2190=AXIS2_PLACEMENT_3D('',#3096,#2444,#2445);
#2191=AXIS2_PLACEMENT_3D('',#3100,#2447,#2448);
#2192=AXIS2_PLACEMENT_3D('',#3104,#2450,#2451);
#2193=AXIS2_PLACEMENT_3D('',#3106,#2452,#2453);
#2194=AXIS2_PLACEMENT_3D('',#3110,#2455,#2456);
#2195=AXIS2_PLACEMENT_3D('',#3114,#2459,#2460);
#2196=AXIS2_PLACEMENT_3D('',#3116,#2461,#2462);
#2197=AXIS2_PLACEMENT_3D('',#3121,#2464,#2465);
#2198=AXIS2_PLACEMENT_3D('',#3125,#2467,#2468);
#2199=AXIS2_PLACEMENT_3D('',#3129,#2470,#2471);
#2200=AXIS2_PLACEMENT_3D('',#3133,#2473,#2474);
#2201=AXIS2_PLACEMENT_3D('',#3137,#2476,#2477);
#2202=AXIS2_PLACEMENT_3D('',#3141,#2479,#2480);
#2203=AXIS2_PLACEMENT_3D('',#3145,#2482,#2483);
#2204=AXIS2_PLACEMENT_3D('',#3149,#2485,#2486);
#2205=AXIS2_PLACEMENT_3D('',#3153,#2488,#2489);
#2206=AXIS2_PLACEMENT_3D('',#3157,#2491,#2492);
#2207=AXIS2_PLACEMENT_3D('',#3161,#2494,#2495);
#2208=AXIS2_PLACEMENT_3D('',#3165,#2497,#2498);
#2209=AXIS2_PLACEMENT_3D('',#3167,#2499,#2500);
#2210=AXIS2_PLACEMENT_3D('',#3169,#2501,#2502);
#2211=AXIS2_PLACEMENT_3D('',#3173,#2504,#2505);
#2212=AXIS2_PLACEMENT_3D('',#3174,#2506,#2507);
#2213=AXIS2_PLACEMENT_3D('',#3179,#2509,#2510);
#2214=AXIS2_PLACEMENT_3D('',#3183,#2512,#2513);
#2215=AXIS2_PLACEMENT_3D('',#3187,#2515,#2516);
#2216=AXIS2_PLACEMENT_3D('',#3191,#2518,#2519);
#2217=AXIS2_PLACEMENT_3D('',#3195,#2521,#2522);
#2218=AXIS2_PLACEMENT_3D('',#3199,#2524,#2525);
#2219=AXIS2_PLACEMENT_3D('',#3203,#2527,#2528);
#2220=AXIS2_PLACEMENT_3D('',#3207,#2530,#2531);
#2221=AXIS2_PLACEMENT_3D('',#3211,#2533,#2534);
#2222=AXIS2_PLACEMENT_3D('',#3215,#2536,#2537);
#2223=AXIS2_PLACEMENT_3D('',#3219,#2539,#2540);
#2224=AXIS2_PLACEMENT_3D('',#3221,#2541,#2542);
#2225=AXIS2_PLACEMENT_3D('',#3223,#2543,#2544);
#2226=AXIS2_PLACEMENT_3D('',#3227,#2546,#2547);
#2227=AXIS2_PLACEMENT_3D('',#3231,#2549,#2550);
#2228=AXIS2_PLACEMENT_3D('',#3232,#2551,#2552);
#2229=AXIS2_PLACEMENT_3D('',#3234,#2553,#2554);
#2230=AXIS2_PLACEMENT_3D('',#3236,#2555,#2556);
#2231=AXIS2_PLACEMENT_3D('',#3238,#2557,#2558);
#2232=AXIS2_PLACEMENT_3D('',#3240,#2559,#2560);
#2233=AXIS2_PLACEMENT_3D('',#3242,#2561,#2562);
#2234=AXIS2_PLACEMENT_3D('',#3244,#2563,#2564);
#2235=AXIS2_PLACEMENT_3D('',#3246,#2565,#2566);
#2236=AXIS2_PLACEMENT_3D('',#3248,#2567,#2568);
#2237=AXIS2_PLACEMENT_3D('',#3252,#2570,#2571);
#2238=AXIS2_PLACEMENT_3D('',#3256,#2573,#2574);
#2239=AXIS2_PLACEMENT_3D('',#3261,#2577,#2578);
#2240=AXIS2_PLACEMENT_3D('',#3267,#2582,#2583);
#2241=AXIS2_PLACEMENT_3D('',#3273,#2587,#2588);
#2242=AXIS2_PLACEMENT_3D('',#3276,#2590,#2591);
#2243=AXIS2_PLACEMENT_3D('',#3280,#2593,#2594);
#2244=AXIS2_PLACEMENT_3D('',#3282,#2595,#2596);
#2245=AXIS2_PLACEMENT_3D('',#3286,#2598,#2599);
#2246=AXIS2_PLACEMENT_3D('',#3290,#2601,#2602);
#2247=AXIS2_PLACEMENT_3D('',#3294,#2604,#2605);
#2248=AXIS2_PLACEMENT_3D('',#3298,#2607,#2608);
#2249=AXIS2_PLACEMENT_3D('',#3300,#2609,#2610);
#2250=AXIS2_PLACEMENT_3D('',#3302,#2611,#2612);
#2251=AXIS2_PLACEMENT_3D('',#3306,#2614,#2615);
#2252=AXIS2_PLACEMENT_3D('',#3310,#2617,#2618);
#2253=AXIS2_PLACEMENT_3D('',#3312,#2619,#2620);
#2254=AXIS2_PLACEMENT_3D('',#3314,#2621,#2622);
#2255=AXIS2_PLACEMENT_3D('',#3318,#2624,#2625);
#2256=AXIS2_PLACEMENT_3D('',#3322,#2627,#2628);
#2257=AXIS2_PLACEMENT_3D('',#3326,#2630,#2631);
#2258=AXIS2_PLACEMENT_3D('',#3330,#2633,#2634);
#2259=AXIS2_PLACEMENT_3D('',#3332,#2635,#2636);
#2260=AXIS2_PLACEMENT_3D('',#3336,#2638,#2639);
#2261=AXIS2_PLACEMENT_3D('',#3343,#2643,#2644);
#2262=AXIS2_PLACEMENT_3D('',#3347,#2646,#2647);
#2263=AXIS2_PLACEMENT_3D('',#3352,#2650,#2651);
#2264=AXIS2_PLACEMENT_3D('',#3356,#2653,#2654);
#2265=AXIS2_PLACEMENT_3D('',#3358,#2656,#2657);
#2266=AXIS2_PLACEMENT_3D('',#3363,#2659,#2660);
#2267=AXIS2_PLACEMENT_3D('',#3367,#2662,#2663);
#2268=AXIS2_PLACEMENT_3D('',#3371,#2665,#2666);
#2269=AXIS2_PLACEMENT_3D('',#3375,#2668,#2669);
#2270=AXIS2_PLACEMENT_3D('',#3379,#2671,#2672);
#2271=AXIS2_PLACEMENT_3D('',#3383,#2674,#2675);
#2272=AXIS2_PLACEMENT_3D('',#3387,#2677,#2678);
#2273=AXIS2_PLACEMENT_3D('',#3391,#2680,#2681);
#2274=AXIS2_PLACEMENT_3D('',#3392,#2682,#2683);
#2275=AXIS2_PLACEMENT_3D('',#3394,#2684,#2685);
#2276=AXIS2_PLACEMENT_3D('',#3396,#2686,#2687);
#2277=AXIS2_PLACEMENT_3D('',#3401,#2689,#2690);
#2278=AXIS2_PLACEMENT_3D('',#3405,#2692,#2693);
#2279=AXIS2_PLACEMENT_3D('',#3409,#2695,#2696);
#2280=AXIS2_PLACEMENT_3D('',#3413,#2698,#2699);
#2281=AXIS2_PLACEMENT_3D('',#3417,#2701,#2702);
#2282=AXIS2_PLACEMENT_3D('',#3421,#2704,#2705);
#2283=AXIS2_PLACEMENT_3D('',#3422,#2706,#2707);
#2284=AXIS2_PLACEMENT_3D('',#3427,#2709,#2710);
#2285=AXIS2_PLACEMENT_3D('',#3431,#2712,#2713);
#2286=AXIS2_PLACEMENT_3D('',#3435,#2715,#2716);
#2287=AXIS2_PLACEMENT_3D('',#3439,#2718,#2719);
#2288=AXIS2_PLACEMENT_3D('',#3443,#2721,#2722);
#2289=AXIS2_PLACEMENT_3D('',#3447,#2724,#2725);
#2290=AXIS2_PLACEMENT_3D('',#3448,#2726,#2727);
#2291=AXIS2_PLACEMENT_3D('',#3450,#2728,#2729);
#2292=AXIS2_PLACEMENT_3D('',#3452,#2730,#2731);
#2293=AXIS2_PLACEMENT_3D('',#3456,#2733,#2734);
#2294=AXIS2_PLACEMENT_3D('',#3460,#2736,#2737);
#2295=AXIS2_PLACEMENT_3D('',#3465,#2740,#2741);
#2296=AXIS2_PLACEMENT_3D('',#3468,#2744,#2745);
#2297=AXIS2_PLACEMENT_3D('',#3471,#2748,#2749);
#2298=AXIS2_PLACEMENT_3D('',#3472,#2750,#2751);
#2299=AXIS2_PLACEMENT_3D('',#3474,#2752,#2753);
#2300=AXIS2_PLACEMENT_3D('',#3476,#2754,#2755);
#2301=AXIS2_PLACEMENT_3D('',#3477,#2756,#2757);
#2302=AXIS2_PLACEMENT_3D('',#3479,#2758,#2759);
#2303=AXIS2_PLACEMENT_3D('',#3480,#2760,#2761);
#2304=AXIS2_PLACEMENT_3D('',#3482,#2762,#2763);
#2305=AXIS2_PLACEMENT_3D('',#3485,#2766,#2767);
#2306=AXIS2_PLACEMENT_3D('',#3486,#2768,#2769);
#2307=AXIS2_PLACEMENT_3D('',#3488,#2770,#2771);
#2308=AXIS2_PLACEMENT_3D('',#3489,#2772,#2773);
#2309=AXIS2_PLACEMENT_3D('',#3491,#2774,#2775);
#2310=AXIS2_PLACEMENT_3D('',#3492,#2776,#2777);
#2311=AXIS2_PLACEMENT_3D('',#3494,#2778,#2779);
#2312=AXIS2_PLACEMENT_3D('',#3496,#2780,#2781);
#2313=AXIS2_PLACEMENT_3D('',#3497,#2782,#2783);
#2314=AXIS2_PLACEMENT_3D('',#3499,#2784,#2785);
#2315=AXIS2_PLACEMENT_3D('',#3501,#2786,#2787);
#2316=AXIS2_PLACEMENT_3D('',#3502,#2788,#2789);
#2317=AXIS2_PLACEMENT_3D('',#3504,#2790,#2791);
#2318=AXIS2_PLACEMENT_3D('',#3506,#2792,#2793);
#2319=AXIS2_PLACEMENT_3D('',#3509,#2796,#2797);
#2320=AXIS2_PLACEMENT_3D('',#3510,#2798,#2799);
#2321=AXIS2_PLACEMENT_3D('',#3511,#2800,#2801);
#2322=AXIS2_PLACEMENT_3D('',#3512,#2802,#2803);
#2323=AXIS2_PLACEMENT_3D('',#3513,#2804,#2805);
#2324=AXIS2_PLACEMENT_3D('',#3521,#2811,#2812);
#2325=AXIS2_PLACEMENT_3D('',#3524,#2815,#2816);
#2326=AXIS2_PLACEMENT_3D('',#3527,#2819,#2820);
#2327=AXIS2_PLACEMENT_3D('',#3530,#2823,#2824);
#2328=AXIS2_PLACEMENT_3D('',#3533,#2827,#2828);
#2329=AXIS2_PLACEMENT_3D('',#3536,#2831,#2832);
#2330=AXIS2_PLACEMENT_3D('',#3539,#2835,#2836);
#2331=AXIS2_PLACEMENT_3D('',#3544,#2841,#2842);
#2332=AXIS2_PLACEMENT_3D('',#3546,#2843,#2844);
#2333=AXIS2_PLACEMENT_3D('',#3549,#2847,#2848);
#2334=AXIS2_PLACEMENT_3D('',#3552,#2851,#2852);
#2335=AXIS2_PLACEMENT_3D('',#3553,#2853,#2854);
#2336=AXIS2_PLACEMENT_3D('',#3555,#2856,#2857);
#2337=AXIS2_PLACEMENT_3D('',#3556,#2858,#2859);
#2338=AXIS2_PLACEMENT_3D('',#3559,#2862,#2863);
#2339=AXIS2_PLACEMENT_3D('',#3562,#2866,#2867);
#2340=AXIS2_PLACEMENT_3D('',#3565,#2870,#2871);
#2341=AXIS2_PLACEMENT_3D('',#3568,#2874,#2875);
#2342=AXIS2_PLACEMENT_3D('',#3569,#2876,#2877);
#2343=AXIS2_PLACEMENT_3D('',#3570,#2878,#2879);
#2344=AXIS2_PLACEMENT_3D('',#3571,#2880,#2881);
#2345=AXIS2_PLACEMENT_3D('',#3572,#2882,#2883);
#2346=AXIS2_PLACEMENT_3D('',#3573,#2884,#2885);
#2347=AXIS2_PLACEMENT_3D('',#3574,#2886,#2887);
#2348=AXIS2_PLACEMENT_3D('',#3575,#2888,#2889);
#2349=AXIS2_PLACEMENT_3D('',#3576,#2890,#2891);
#2350=AXIS2_PLACEMENT_3D('',#3577,#2892,#2893);
#2351=AXIS2_PLACEMENT_3D('',#3578,#2894,#2895);
#2352=AXIS2_PLACEMENT_3D('',#3579,#2896,#2897);
#2353=AXIS2_PLACEMENT_3D('',#3580,#2898,#2899);
#2354=AXIS2_PLACEMENT_3D('',#3581,#2900,#2901);
#2355=AXIS2_PLACEMENT_3D('',#3582,#2902,#2903);
#2356=AXIS2_PLACEMENT_3D('',#3590,#2909,#2910);
#2357=AXIS2_PLACEMENT_3D('',#3593,#2913,#2914);
#2358=AXIS2_PLACEMENT_3D('',#3596,#2917,#2918);
#2359=AXIS2_PLACEMENT_3D('',#3599,#2921,#2922);
#2360=AXIS2_PLACEMENT_3D('',#3604,#2927,#2928);
#2361=AXIS2_PLACEMENT_3D('',#3606,#2929,#2930);
#2362=AXIS2_PLACEMENT_3D('',#3609,#2933,#2934);
#2363=AXIS2_PLACEMENT_3D('',#3612,#2937,#2938);
#2364=AXIS2_PLACEMENT_3D('',#3615,#2941,#2942);
#2365=AXIS2_PLACEMENT_3D('',#3618,#2945,#2946);
#2366=AXIS2_PLACEMENT_3D('',#3621,#2949,#2950);
#2367=AXIS2_PLACEMENT_3D('',#3624,#2953,#2954);
#2368=AXIS2_PLACEMENT_3D('',#3625,#2955,#2956);
#2369=AXIS2_PLACEMENT_3D('',#3627,#2958,#2959);
#2370=AXIS2_PLACEMENT_3D('',#3628,#2960,#2961);
#2371=AXIS2_PLACEMENT_3D('',#3631,#2964,#2965);
#2372=AXIS2_PLACEMENT_3D('',#3634,#2968,#2969);
#2373=AXIS2_PLACEMENT_3D('',#3637,#2972,#2973);
#2374=AXIS2_PLACEMENT_3D('',#3640,#2976,#2977);
#2375=AXIS2_PLACEMENT_3D('',#3641,#2978,#2979);
#2376=AXIS2_PLACEMENT_3D('',#3642,#2980,#2981);
#2377=AXIS2_PLACEMENT_3D('',#3643,#2982,#2983);
#2378=AXIS2_PLACEMENT_3D('',#3644,#2984,#2985);
#2379=AXIS2_PLACEMENT_3D('',#3645,#2986,#2987);
#2380=AXIS2_PLACEMENT_3D('',#3646,#2988,#2989);
#2381=AXIS2_PLACEMENT_3D('',#3647,#2990,#2991);
#2382=AXIS2_PLACEMENT_3D('',#3648,#2992,#2993);
#2383=AXIS2_PLACEMENT_3D('',#3649,#2994,#2995);
#2384=AXIS2_PLACEMENT_3D('',#3650,#2996,#2997);
#2385=AXIS2_PLACEMENT_3D('',#3651,#2998,#2999);
#2386=AXIS2_PLACEMENT_3D('',#3652,#3000,#3001);
#2387=AXIS2_PLACEMENT_3D('',#3653,#3002,#3003);
#2388=AXIS2_PLACEMENT_3D('',#3654,#3004,#3005);
#2389=AXIS2_PLACEMENT_3D('',#3655,#3006,#3007);
#2390=AXIS2_PLACEMENT_3D('',#3656,#3008,#3009);
#2391=AXIS2_PLACEMENT_3D('',#3657,#3010,#3011);
#2392=AXIS2_PLACEMENT_3D('',#3659,#3012,#3013);
#2393=AXIS2_PLACEMENT_3D('',#3660,#3014,#3015);
#2394=AXIS2_PLACEMENT_3D('',#3661,#3016,#3017);
#2395=AXIS2_PLACEMENT_3D('',#3662,#3018,#3019);
#2396=AXIS2_PLACEMENT_3D('',#3663,#3020,#3021);
#2397=AXIS2_PLACEMENT_3D('',#3664,#3022,#3023);
#2398=AXIS2_PLACEMENT_3D('',#3665,#3024,#3025);
#2399=AXIS2_PLACEMENT_3D('',#3666,#3026,#3027);
#2400=AXIS2_PLACEMENT_3D('',#3667,#3028,#3029);
#2401=AXIS2_PLACEMENT_3D('',#3668,#3030,#3031);
#2402=AXIS2_PLACEMENT_3D('',#3669,#3032,#3033);
#2403=AXIS2_PLACEMENT_3D('',#3671,#3034,#3035);
#2404=AXIS2_PLACEMENT_3D('',#3672,#3036,#3037);
#2405=AXIS2_PLACEMENT_3D('',#3673,#3038,#3039);
#2406=AXIS2_PLACEMENT_3D('',#3675,#3040,#3041);
#2407=AXIS2_PLACEMENT_3D('',#3676,#3042,#3043);
#2408=AXIS2_PLACEMENT_3D('',#3677,#3044,#3045);
#2409=AXIS2_PLACEMENT_3D('',#3679,#3046,#3047);
#2410=AXIS2_PLACEMENT_3D('',#3680,#3048,#3049);
#2411=AXIS2_PLACEMENT_3D('',#3681,#3050,#3051);
#2412=AXIS2_PLACEMENT_3D('',#3682,#3052,#3053);
#2413=AXIS2_PLACEMENT_3D('',#3685,#3056,#3057);
#2414=AXIS2_PLACEMENT_3D('',#3688,#3060,#3061);
#2415=AXIS2_PLACEMENT_3D('',#3689,#3062,#3063);
#2416=AXIS2_PLACEMENT_3D('',#3690,#3064,#3065);
#2417=AXIS2_PLACEMENT_3D('',#3691,#3066,#3067);
#2418=DIRECTION('',(0.,0.,1.));
#2419=DIRECTION('',(1.,0.,0.));
#2420=DIRECTION('',(0.,-1.,0.));
#2421=DIRECTION('',(0.,0.,-1.));
#2422=DIRECTION('',(0.,-1.,0.));
#2423=DIRECTION('',(0.,0.,-1.));
#2424=DIRECTION('',(0.,1.,0.));
#2425=DIRECTION('',(0.,-1.,0.));
#2426=DIRECTION('',(0.,0.,-1.));
#2427=DIRECTION('',(0.,1.,0.));
#2428=DIRECTION('',(0.,1.,0.));
#2429=DIRECTION('',(0.,0.,1.));
#2430=DIRECTION('',(0.,-1.,0.));
#2431=DIRECTION('',(0.,0.,-1.));
#2432=DIRECTION('',(0.,1.,0.));
#2433=DIRECTION('',(0.,-1.,0.));
#2434=DIRECTION('',(0.,0.,-1.));
#2435=DIRECTION('',(0.,1.,0.));
#2436=DIRECTION('',(0.,-1.,0.));
#2437=DIRECTION('',(-1.,0.,0.));
#2438=DIRECTION('',(0.,0.,-1.));
#2439=DIRECTION('',(0.,1.,0.));
#2440=DIRECTION('',(0.,0.,1.));
#2441=DIRECTION('',(-0.264748064295756,0.,-0.964317614923449));
#2442=DIRECTION('',(0.,1.,0.));
#2443=DIRECTION('',(0.,0.,1.));
#2444=DIRECTION('',(0.,-1.,0.));
#2445=DIRECTION('',(0.,0.,1.));
#2446=DIRECTION('',(0.539197633141579,0.,0.842179263823635));
#2447=DIRECTION('',(0.,1.,0.));
#2448=DIRECTION('',(0.,0.,1.));
#2449=DIRECTION('',(-0.539197633141579,0.,0.842179263823635));
#2450=DIRECTION('',(0.,1.,0.));
#2451=DIRECTION('',(0.,0.,1.));
#2452=DIRECTION('',(0.,-1.,0.));
#2453=DIRECTION('',(0.,0.,1.));
#2454=DIRECTION('',(0.264748064295756,0.,-0.964317614923449));
#2455=DIRECTION('',(0.,-1.,0.));
#2456=DIRECTION('',(0.,0.,1.));
#2457=DIRECTION('',(0.,0.,-1.));
#2458=DIRECTION('',(0.999991282842406,0.,0.00417543281570359));
#2459=DIRECTION('',(0.,1.,0.));
#2460=DIRECTION('',(0.,0.,1.));
#2461=DIRECTION('',(0.,1.,0.));
#2462=DIRECTION('',(0.,0.,1.));
#2463=DIRECTION('',(-0.71171290050631,0.,-0.702470460057144));
#2464=DIRECTION('',(0.,-1.,0.));
#2465=DIRECTION('',(0.,0.,1.));
#2466=DIRECTION('',(-0.526362080930464,0.,0.850260524638508));
#2467=DIRECTION('',(0.,-1.,0.));
#2468=DIRECTION('',(0.,0.,1.));
#2469=DIRECTION('',(-0.277870967383569,0.,-0.960618407842219));
#2470=DIRECTION('',(0.,-1.,0.));
#2471=DIRECTION('',(0.,0.,1.));
#2472=DIRECTION('',(-0.0261404480018406,0.,-0.999658280102888));
#2473=DIRECTION('',(0.,-1.,0.));
#2474=DIRECTION('',(0.,0.,1.));
#2475=DIRECTION('',(0.71171290050631,0.,0.702470460057144));
#2476=DIRECTION('',(0.,-1.,0.));
#2477=DIRECTION('',(0.,0.,1.));
#2478=DIRECTION('',(-0.769003336910599,0.,0.639244763623734));
#2479=DIRECTION('',(0.,-1.,0.));
#2480=DIRECTION('',(0.,0.,1.));
#2481=DIRECTION('',(-0.831841842828494,0.,-0.555012746267773));
#2482=DIRECTION('',(0.,-1.,0.));
#2483=DIRECTION('',(0.,0.,1.));
#2484=DIRECTION('',(-0.769003336910599,0.,0.639244763623735));
#2485=DIRECTION('',(0.,-1.,0.));
#2486=DIRECTION('',(0.,0.,1.));
#2487=DIRECTION('',(-0.277870967383569,0.,-0.960618407842219));
#2488=DIRECTION('',(0.,-1.,0.));
#2489=DIRECTION('',(0.,0.,1.));
#2490=DIRECTION('',(-0.455609506222453,0.,-0.890179744680664));
#2491=DIRECTION('',(0.,-1.,0.));
#2492=DIRECTION('',(0.,0.,1.));
#2493=DIRECTION('',(-0.455609506222454,0.,0.890179744680664));
#2494=DIRECTION('',(0.,-1.,0.));
#2495=DIRECTION('',(0.,0.,1.));
#2496=DIRECTION('',(-0.704896177529604,0.,-0.709310495413787));
#2497=DIRECTION('',(0.,-1.,0.));
#2498=DIRECTION('',(0.,0.,1.));
#2499=DIRECTION('',(0.,1.,0.));
#2500=DIRECTION('',(0.,0.,1.));
#2501=DIRECTION('',(0.,-1.,0.));
#2502=DIRECTION('',(0.,0.,1.));
#2503=DIRECTION('',(0.704882533574178,0.,-0.709324054196704));
#2504=DIRECTION('',(0.,-1.,0.));
#2505=DIRECTION('',(0.,0.,1.));
#2506=DIRECTION('',(0.,1.,0.));
#2507=DIRECTION('',(0.,0.,1.));
#2508=DIRECTION('',(0.71171290050631,0.,-0.702470460057144));
#2509=DIRECTION('',(0.,1.,0.));
#2510=DIRECTION('',(0.,0.,1.));
#2511=DIRECTION('',(0.277870967383569,0.,-0.960618407842219));
#2512=DIRECTION('',(0.,1.,0.));
#2513=DIRECTION('',(0.,0.,1.));
#2514=DIRECTION('',(0.526362080930464,0.,0.850260524638508));
#2515=DIRECTION('',(0.,1.,0.));
#2516=DIRECTION('',(0.,0.,1.));
#2517=DIRECTION('',(0.0261404480018406,0.,-0.999658280102888));
#2518=DIRECTION('',(0.,1.,0.));
#2519=DIRECTION('',(0.,0.,1.));
#2520=DIRECTION('',(0.769003336910599,0.,0.639244763623734));
#2521=DIRECTION('',(0.,1.,0.));
#2522=DIRECTION('',(0.,0.,1.));
#2523=DIRECTION('',(-0.71171290050631,0.,0.702470460057144));
#2524=DIRECTION('',(0.,1.,0.));
#2525=DIRECTION('',(0.,0.,1.));
#2526=DIRECTION('',(0.831841842828494,0.,-0.555012746267773));
#2527=DIRECTION('',(0.,1.,0.));
#2528=DIRECTION('',(0.,0.,1.));
#2529=DIRECTION('',(0.277870967383569,0.,-0.960618407842219));
#2530=DIRECTION('',(0.,1.,0.));
#2531=DIRECTION('',(0.,0.,1.));
#2532=DIRECTION('',(0.769003336910599,0.,0.639244763623735));
#2533=DIRECTION('',(0.,1.,0.));
#2534=DIRECTION('',(0.,0.,1.));
#2535=DIRECTION('',(0.455609506222453,0.,-0.890179744680664));
#2536=DIRECTION('',(0.,1.,0.));
#2537=DIRECTION('',(0.,0.,1.));
#2538=DIRECTION('',(-0.704882533574178,0.,-0.709324054196704));
#2539=DIRECTION('',(0.,1.,0.));
#2540=DIRECTION('',(0.,0.,1.));
#2541=DIRECTION('',(0.,-1.,0.));
#2542=DIRECTION('',(0.,0.,1.));
#2543=DIRECTION('',(0.,1.,0.));
#2544=DIRECTION('',(0.,0.,1.));
#2545=DIRECTION('',(0.704896177529604,0.,-0.709310495413787));
#2546=DIRECTION('',(0.,1.,0.));
#2547=DIRECTION('',(0.,0.,1.));
#2548=DIRECTION('',(0.455609506222454,0.,0.890179744680664));
#2549=DIRECTION('',(0.,1.,0.));
#2550=DIRECTION('',(0.,0.,1.));
#2551=DIRECTION('',(0.,1.,0.));
#2552=DIRECTION('',(0.,0.,1.));
#2553=DIRECTION('',(0.,1.,0.));
#2554=DIRECTION('',(0.,0.,1.));
#2555=DIRECTION('',(0.,1.,0.));
#2556=DIRECTION('',(0.,0.,1.));
#2557=DIRECTION('',(0.,1.,0.));
#2558=DIRECTION('',(0.,0.,1.));
#2559=DIRECTION('',(0.,1.,0.));
#2560=DIRECTION('',(0.,0.,1.));
#2561=DIRECTION('',(0.,1.,0.));
#2562=DIRECTION('',(0.,0.,1.));
#2563=DIRECTION('',(0.,1.,0.));
#2564=DIRECTION('',(0.,0.,1.));
#2565=DIRECTION('',(0.,-1.,0.));
#2566=DIRECTION('',(0.,0.,1.));
#2567=DIRECTION('',(0.,-1.,0.));
#2568=DIRECTION('',(1.,0.,0.));
#2569=DIRECTION('',(0.00417543281570382,0.,-0.999991282842406));
#2570=DIRECTION('',(0.,-1.,0.));
#2571=DIRECTION('',(0.,0.,-1.));
#2572=DIRECTION('',(1.,0.,0.));
#2573=DIRECTION('',(0.,-1.,0.));
#2574=DIRECTION('',(0.,0.,-1.));
#2575=DIRECTION('',(0.0041754328157037,0.,-0.999991282842406));
#2576=DIRECTION('',(0.999991282842406,0.,0.00417543281570359));
#2577=DIRECTION('',(0.999991282842406,0.,0.00417543281570382));
#2578=DIRECTION('',(0.00417543281570382,0.,-0.999991282842406));
#2579=DIRECTION('',(0.00417543281570382,0.,-0.999991282842406));
#2580=DIRECTION('',(0.,1.,0.));
#2581=DIRECTION('',(0.,1.,0.));
#2582=DIRECTION('',(0.999991282842406,0.,0.0041754328157037));
#2583=DIRECTION('',(0.0041754328157037,0.,-0.999991282842406));
#2584=DIRECTION('',(0.,1.,0.));
#2585=DIRECTION('',(0.0041754328157037,0.,-0.999991282842406));
#2586=DIRECTION('',(0.,1.,0.));
#2587=DIRECTION('',(0.,-1.,0.));
#2588=DIRECTION('',(-1.,0.,0.));
#2589=DIRECTION('',(0.,0.,-1.));
#2590=DIRECTION('',(0.,-1.,0.));
#2591=DIRECTION('',(0.,0.,1.));
#2592=DIRECTION('',(0.264748064295756,0.,-0.964317614923449));
#2593=DIRECTION('',(0.,-1.,0.));
#2594=DIRECTION('',(0.,0.,1.));
#2595=DIRECTION('',(0.,1.,0.));
#2596=DIRECTION('',(0.,0.,1.));
#2597=DIRECTION('',(-0.704882533574178,0.,-0.709324054196704));
#2598=DIRECTION('',(0.,1.,0.));
#2599=DIRECTION('',(0.,0.,1.));
#2600=DIRECTION('',(0.455609506222453,0.,-0.890179744680664));
#2601=DIRECTION('',(0.,1.,0.));
#2602=DIRECTION('',(0.,0.,1.));
#2603=DIRECTION('',(0.455609506222454,0.,0.890179744680664));
#2604=DIRECTION('',(0.,1.,0.));
#2605=DIRECTION('',(0.,0.,1.));
#2606=DIRECTION('',(0.704896177529604,0.,-0.709310495413787));
#2607=DIRECTION('',(0.,1.,0.));
#2608=DIRECTION('',(0.,0.,1.));
#2609=DIRECTION('',(0.,-1.,0.));
#2610=DIRECTION('',(0.,0.,1.));
#2611=DIRECTION('',(0.,1.,0.));
#2612=DIRECTION('',(0.,0.,1.));
#2613=DIRECTION('',(-0.539197633141579,0.,0.842179263823635));
#2614=DIRECTION('',(0.,1.,0.));
#2615=DIRECTION('',(0.,0.,1.));
#2616=DIRECTION('',(0.539197633141579,0.,0.842179263823635));
#2617=DIRECTION('',(0.,-1.,0.));
#2618=DIRECTION('',(0.,0.,1.));
#2619=DIRECTION('',(0.,1.,0.));
#2620=DIRECTION('',(0.,0.,1.));
#2621=DIRECTION('',(0.,-1.,0.));
#2622=DIRECTION('',(0.,0.,1.));
#2623=DIRECTION('',(-0.704896177529604,0.,-0.709310495413787));
#2624=DIRECTION('',(0.,-1.,0.));
#2625=DIRECTION('',(0.,0.,1.));
#2626=DIRECTION('',(-0.455609506222454,0.,0.890179744680664));
#2627=DIRECTION('',(0.,-1.,0.));
#2628=DIRECTION('',(0.,0.,1.));
#2629=DIRECTION('',(-0.455609506222453,0.,-0.890179744680664));
#2630=DIRECTION('',(0.,-1.,0.));
#2631=DIRECTION('',(0.,0.,1.));
#2632=DIRECTION('',(0.704882533574178,0.,-0.709324054196704));
#2633=DIRECTION('',(0.,-1.,0.));
#2634=DIRECTION('',(0.,0.,1.));
#2635=DIRECTION('',(0.,1.,0.));
#2636=DIRECTION('',(0.,0.,1.));
#2637=DIRECTION('',(-0.264748064295756,0.,-0.964317614923449));
#2638=DIRECTION('',(0.,1.,0.));
#2639=DIRECTION('',(0.,0.,1.));
#2640=DIRECTION('',(0.,0.,-1.));
#2641=DIRECTION('',(0.999991282842406,0.,0.00417543281570359));
#2642=DIRECTION('',(0.00417543281570294,0.,-0.999991282842406));
#2643=DIRECTION('',(0.,-1.,0.));
#2644=DIRECTION('',(0.,0.,-1.));
#2645=DIRECTION('',(1.,0.,0.));
#2646=DIRECTION('',(0.,-1.,0.));
#2647=DIRECTION('',(0.,0.,-1.));
#2648=DIRECTION('',(0.00417543281570342,0.,-0.999991282842406));
#2649=DIRECTION('',(0.999991282842406,0.,0.00417543281570359));
#2650=DIRECTION('',(0.,-1.,0.));
#2651=DIRECTION('',(0.,0.,-1.));
#2652=DIRECTION('',(1.,0.,0.));
#2653=DIRECTION('',(0.,-1.,0.));
#2654=DIRECTION('',(0.,0.,-1.));
#2655=DIRECTION('',(0.999991282842406,0.,0.00417543281570359));
#2656=DIRECTION('',(0.,1.,0.));
#2657=DIRECTION('',(0.,0.,1.));
#2658=DIRECTION('',(0.831841842828494,0.,-0.555012746267773));
#2659=DIRECTION('',(0.,1.,0.));
#2660=DIRECTION('',(0.,0.,1.));
#2661=DIRECTION('',(0.769003336910599,0.,0.639244763623735));
#2662=DIRECTION('',(0.,1.,0.));
#2663=DIRECTION('',(0.,0.,1.));
#2664=DIRECTION('',(0.277870967383569,0.,-0.960618407842219));
#2665=DIRECTION('',(0.,1.,0.));
#2666=DIRECTION('',(0.,0.,1.));
#2667=DIRECTION('',(0.831841842828494,0.,-0.555012746267773));
#2668=DIRECTION('',(0.,1.,0.));
#2669=DIRECTION('',(0.,0.,1.));
#2670=DIRECTION('',(-0.831841842828494,0.,-0.555012746267773));
#2671=DIRECTION('',(0.,-1.,0.));
#2672=DIRECTION('',(0.,0.,1.));
#2673=DIRECTION('',(-0.277870967383569,0.,-0.960618407842219));
#2674=DIRECTION('',(0.,-1.,0.));
#2675=DIRECTION('',(0.,0.,1.));
#2676=DIRECTION('',(-0.769003336910599,0.,0.639244763623735));
#2677=DIRECTION('',(0.,-1.,0.));
#2678=DIRECTION('',(0.,0.,1.));
#2679=DIRECTION('',(-0.831841842828494,0.,-0.555012746267773));
#2680=DIRECTION('',(0.,1.,0.));
#2681=DIRECTION('',(0.,0.,1.));
#2682=DIRECTION('',(0.,1.,0.));
#2683=DIRECTION('',(0.,0.,1.));
#2684=DIRECTION('',(0.,1.,0.));
#2685=DIRECTION('',(0.,0.,1.));
#2686=DIRECTION('',(0.,1.,0.));
#2687=DIRECTION('',(0.,0.,1.));
#2688=DIRECTION('',(0.769003336910599,0.,0.639244763623734));
#2689=DIRECTION('',(0.,1.,0.));
#2690=DIRECTION('',(0.,0.,1.));
#2691=DIRECTION('',(0.0261404480018406,0.,-0.999658280102888));
#2692=DIRECTION('',(0.,1.,0.));
#2693=DIRECTION('',(0.,0.,1.));
#2694=DIRECTION('',(-0.71171290050631,0.,0.702470460057144));
#2695=DIRECTION('',(0.,1.,0.));
#2696=DIRECTION('',(0.,0.,1.));
#2697=DIRECTION('',(0.526362080930464,0.,0.850260524638508));
#2698=DIRECTION('',(0.,1.,0.));
#2699=DIRECTION('',(0.,0.,1.));
#2700=DIRECTION('',(0.277870967383569,0.,-0.960618407842219));
#2701=DIRECTION('',(0.,1.,0.));
#2702=DIRECTION('',(0.,0.,1.));
#2703=DIRECTION('',(0.71171290050631,0.,-0.702470460057144));
#2704=DIRECTION('',(0.,1.,0.));
#2705=DIRECTION('',(0.,0.,1.));
#2706=DIRECTION('',(0.,1.,0.));
#2707=DIRECTION('',(0.,0.,1.));
#2708=DIRECTION('',(-0.769003336910599,0.,0.639244763623734));
#2709=DIRECTION('',(0.,-1.,0.));
#2710=DIRECTION('',(0.,0.,1.));
#2711=DIRECTION('',(0.71171290050631,0.,0.702470460057144));
#2712=DIRECTION('',(0.,-1.,0.));
#2713=DIRECTION('',(0.,0.,1.));
#2714=DIRECTION('',(-0.0261404480018406,0.,-0.999658280102888));
#2715=DIRECTION('',(0.,-1.,0.));
#2716=DIRECTION('',(0.,0.,1.));
#2717=DIRECTION('',(-0.526362080930464,0.,0.850260524638508));
#2718=DIRECTION('',(0.,-1.,0.));
#2719=DIRECTION('',(0.,0.,1.));
#2720=DIRECTION('',(-0.71171290050631,0.,-0.702470460057144));
#2721=DIRECTION('',(0.,-1.,0.));
#2722=DIRECTION('',(0.,0.,1.));
#2723=DIRECTION('',(-0.277870967383569,0.,-0.960618407842219));
#2724=DIRECTION('',(0.,-1.,0.));
#2725=DIRECTION('',(0.,0.,1.));
#2726=DIRECTION('',(0.,1.,0.));
#2727=DIRECTION('',(0.,0.,1.));
#2728=DIRECTION('',(0.,1.,0.));
#2729=DIRECTION('',(0.,0.,1.));
#2730=DIRECTION('',(0.,-1.,0.));
#2731=DIRECTION('',(1.,0.,0.));
#2732=DIRECTION('',(0.00417543281570342,0.,-0.999991282842406));
#2733=DIRECTION('',(0.,-1.,0.));
#2734=DIRECTION('',(0.,0.,-1.));
#2735=DIRECTION('',(1.,0.,0.));
#2736=DIRECTION('',(0.,-1.,0.));
#2737=DIRECTION('',(0.,0.,-1.));
#2738=DIRECTION('',(0.00417543281570294,0.,-0.999991282842406));
#2739=DIRECTION('',(0.999991282842406,0.,0.00417543281570359));
#2740=DIRECTION('',(0.999991282842406,0.,0.00417543281570342));
#2741=DIRECTION('',(0.00417543281570342,0.,-0.999991282842406));
#2742=DIRECTION('',(0.,1.,0.));
#2743=DIRECTION('',(0.,1.,0.));
#2744=DIRECTION('',(0.999991282842406,0.,0.00417543281570294));
#2745=DIRECTION('',(0.00417543281570294,0.,-0.999991282842406));
#2746=DIRECTION('',(0.,1.,0.));
#2747=DIRECTION('',(0.,1.,0.));
#2748=DIRECTION('',(0.00417543281570359,0.,-0.999991282842406));
#2749=DIRECTION('',(-0.999991282842406,0.,-0.00417543281570359));
#2750=DIRECTION('',(0.00417543281570359,0.,-0.999991282842406));
#2751=DIRECTION('',(-0.999991282842406,0.,-0.00417543281570359));
#2752=DIRECTION('',(0.,0.,1.));
#2753=DIRECTION('',(1.,0.,0.));
#2754=DIRECTION('',(-0.00417543281570359,0.,0.999991282842406));
#2755=DIRECTION('',(0.999991282842406,0.,0.00417543281570359));
#2756=DIRECTION('',(0.00417543281570359,0.,-0.999991282842406));
#2757=DIRECTION('',(-0.999991282842406,0.,-0.00417543281570359));
#2758=DIRECTION('',(0.00417543281570359,0.,-0.999991282842406));
#2759=DIRECTION('',(-0.999991282842406,0.,-0.00417543281570359));
#2760=DIRECTION('',(0.,0.,1.));
#2761=DIRECTION('',(1.,0.,0.));
#2762=DIRECTION('',(0.,1.,0.));
#2763=DIRECTION('',(0.,0.,-1.));
#2764=DIRECTION('',(0.,1.,0.));
#2765=DIRECTION('',(0.,-1.,0.));
#2766=DIRECTION('',(0.,-1.,0.));
#2767=DIRECTION('',(0.,0.,1.));
#2768=DIRECTION('',(0.,-1.,0.));
#2769=DIRECTION('',(0.,0.,1.));
#2770=DIRECTION('',(0.,-1.,0.));
#2771=DIRECTION('',(0.,0.,1.));
#2772=DIRECTION('',(0.,1.,0.));
#2773=DIRECTION('',(0.,0.,1.));
#2774=DIRECTION('',(0.,1.,0.));
#2775=DIRECTION('',(0.,0.,-1.));
#2776=DIRECTION('',(0.,1.,0.));
#2777=DIRECTION('',(0.,0.,1.));
#2778=DIRECTION('',(0.,-1.,0.));
#2779=DIRECTION('',(0.,0.,-1.));
#2780=DIRECTION('',(0.,1.,0.));
#2781=DIRECTION('',(0.,0.,-1.));
#2782=DIRECTION('',(0.,-1.,0.));
#2783=DIRECTION('',(0.,0.,1.));
#2784=DIRECTION('',(0.,-1.,0.));
#2785=DIRECTION('',(0.,0.,-1.));
#2786=DIRECTION('',(0.,1.,0.));
#2787=DIRECTION('',(0.,0.,-1.));
#2788=DIRECTION('',(0.,1.,0.));
#2789=DIRECTION('',(0.,0.,1.));
#2790=DIRECTION('',(0.,-1.,0.));
#2791=DIRECTION('',(0.,0.,-1.));
#2792=DIRECTION('',(0.,1.,0.));
#2793=DIRECTION('',(0.,0.,-1.));
#2794=DIRECTION('',(0.,-1.,0.));
#2795=DIRECTION('',(0.,-1.,0.));
#2796=DIRECTION('',(0.,1.,0.));
#2797=DIRECTION('',(0.,0.,-1.));
#2798=DIRECTION('',(0.,1.,0.));
#2799=DIRECTION('',(0.,0.,-1.));
#2800=DIRECTION('',(0.,1.,0.));
#2801=DIRECTION('',(0.,0.,-1.));
#2802=DIRECTION('',(0.,1.,0.));
#2803=DIRECTION('',(0.,0.,-1.));
#2804=DIRECTION('',(-0.555012746267773,0.,-0.831841842828494));
#2805=DIRECTION('',(-0.831841842828494,0.,0.555012746267773));
#2806=DIRECTION('',(0.,-1.,0.));
#2807=DIRECTION('',(0.,1.,0.));
#2808=DIRECTION('',(0.831841842828494,0.,-0.555012746267773));
#2809=DIRECTION('',(0.,1.,0.));
#2810=DIRECTION('',(0.,-1.,0.));
#2811=DIRECTION('',(-0.999658280102888,0.,-0.0261404480018406));
#2812=DIRECTION('',(-0.0261404480018406,0.,0.999658280102888));
#2813=DIRECTION('',(0.,-1.,0.));
#2814=DIRECTION('',(0.,-1.,0.));
#2815=DIRECTION('',(0.960618407842219,0.,0.277870967383569));
#2816=DIRECTION('',(0.277870967383569,0.,-0.960618407842219));
#2817=DIRECTION('',(0.,-1.,0.));
#2818=DIRECTION('',(0.,-1.,0.));
#2819=DIRECTION('',(-0.850260524638508,0.,0.526362080930464));
#2820=DIRECTION('',(0.526362080930464,0.,0.850260524638508));
#2821=DIRECTION('',(0.,-1.,0.));
#2822=DIRECTION('',(0.,-1.,0.));
#2823=DIRECTION('',(0.890179744680664,0.,-0.455609506222454));
#2824=DIRECTION('',(-0.455609506222454,0.,-0.890179744680664));
#2825=DIRECTION('',(0.,-1.,0.));
#2826=DIRECTION('',(0.,1.,0.));
#2827=DIRECTION('',(-0.890179744680664,0.,-0.455609506222453));
#2828=DIRECTION('',(-0.455609506222453,0.,0.890179744680664));
#2829=DIRECTION('',(0.,1.,0.));
#2830=DIRECTION('',(0.,-1.,0.));
#2831=DIRECTION('',(0.709324054196704,0.,-0.704882533574178));
#2832=DIRECTION('',(-0.704882533574178,0.,-0.709324054196704));
#2833=DIRECTION('',(0.,1.,0.));
#2834=DIRECTION('',(0.,-1.,0.));
#2835=DIRECTION('',(0.,-1.,0.));
#2836=DIRECTION('',(0.,0.,1.));
#2837=DIRECTION('',(0.,-1.,0.));
#2838=DIRECTION('',(0.,-1.,0.));
#2839=DIRECTION('',(0.,-1.,0.));
#2840=DIRECTION('',(0.,-1.,0.));
#2841=DIRECTION('',(0.,-1.,0.));
#2842=DIRECTION('',(0.,0.,1.));
#2843=DIRECTION('',(0.709310495413787,0.,0.704896177529604));
#2844=DIRECTION('',(0.704896177529604,0.,-0.709310495413787));
#2845=DIRECTION('',(0.,1.,0.));
#2846=DIRECTION('',(0.,-1.,0.));
#2847=DIRECTION('',(0.960618407842219,0.,0.277870967383569));
#2848=DIRECTION('',(0.277870967383569,0.,-0.960618407842219));
#2849=DIRECTION('',(0.,-1.,0.));
#2850=DIRECTION('',(0.,-1.,0.));
#2851=DIRECTION('',(0.964317614923449,0.,0.264748064295756));
#2852=DIRECTION('',(0.264748064295756,0.,-0.964317614923449));
#2853=DIRECTION('',(-0.842179263823634,0.,-0.539197633141579));
#2854=DIRECTION('',(-0.539197633141579,0.,0.842179263823635));
#2855=DIRECTION('',(0.,-1.,0.));
#2856=DIRECTION('',(0.,-1.,0.));
#2857=DIRECTION('',(0.,0.,1.));
#2858=DIRECTION('',(-0.639244763623735,0.,0.769003336910599));
#2859=DIRECTION('',(0.769003336910599,0.,0.639244763623735));
#2860=DIRECTION('',(0.,-1.,0.));
#2861=DIRECTION('',(0.,-1.,0.));
#2862=DIRECTION('',(-0.639244763623734,0.,0.769003336910599));
#2863=DIRECTION('',(0.769003336910599,0.,0.639244763623734));
#2864=DIRECTION('',(0.,-1.,0.));
#2865=DIRECTION('',(0.,-1.,0.));
#2866=DIRECTION('',(-0.702470460057144,0.,-0.71171290050631));
#2867=DIRECTION('',(-0.71171290050631,0.,0.702470460057144));
#2868=DIRECTION('',(0.,-1.,0.));
#2869=DIRECTION('',(0.,-1.,0.));
#2870=DIRECTION('',(0.702470460057144,0.,0.71171290050631));
#2871=DIRECTION('',(0.71171290050631,0.,-0.702470460057144));
#2872=DIRECTION('',(0.,-1.,0.));
#2873=DIRECTION('',(0.,-1.,0.));
#2874=DIRECTION('',(0.,1.,0.));
#2875=DIRECTION('',(0.,0.,-1.));
#2876=DIRECTION('',(0.,1.,0.));
#2877=DIRECTION('',(0.,0.,-1.));
#2878=DIRECTION('',(0.,1.,0.));
#2879=DIRECTION('',(0.,0.,-1.));
#2880=DIRECTION('',(0.,-1.,0.));
#2881=DIRECTION('',(0.,0.,1.));
#2882=DIRECTION('',(0.,-1.,0.));
#2883=DIRECTION('',(0.,0.,1.));
#2884=DIRECTION('',(0.,1.,0.));
#2885=DIRECTION('',(0.,0.,-1.));
#2886=DIRECTION('',(0.,-1.,0.));
#2887=DIRECTION('',(0.,0.,1.));
#2888=DIRECTION('',(0.,-1.,0.));
#2889=DIRECTION('',(0.,0.,1.));
#2890=DIRECTION('',(0.,1.,0.));
#2891=DIRECTION('',(0.,0.,-1.));
#2892=DIRECTION('',(0.,1.,0.));
#2893=DIRECTION('',(0.,0.,-1.));
#2894=DIRECTION('',(0.,1.,0.));
#2895=DIRECTION('',(0.,0.,-1.));
#2896=DIRECTION('',(0.,-1.,0.));
#2897=DIRECTION('',(0.,0.,1.));
#2898=DIRECTION('',(0.,-1.,0.));
#2899=DIRECTION('',(0.,0.,1.));
#2900=DIRECTION('',(0.,-1.,0.));
#2901=DIRECTION('',(0.,0.,1.));
#2902=DIRECTION('',(0.555012746267773,0.,-0.831841842828494));
#2903=DIRECTION('',(0.831841842828494,0.,0.555012746267773));
#2904=DIRECTION('',(0.,-1.,0.));
#2905=DIRECTION('',(0.,1.,0.));
#2906=DIRECTION('',(-0.831841842828494,0.,-0.555012746267773));
#2907=DIRECTION('',(0.,1.,0.));
#2908=DIRECTION('',(0.,-1.,0.));
#2909=DIRECTION('',(0.999658280102888,0.,-0.0261404480018406));
#2910=DIRECTION('',(0.0261404480018406,0.,0.999658280102888));
#2911=DIRECTION('',(0.,-1.,0.));
#2912=DIRECTION('',(0.,-1.,0.));
#2913=DIRECTION('',(-0.960618407842219,0.,0.277870967383569));
#2914=DIRECTION('',(-0.277870967383569,0.,-0.960618407842219));
#2915=DIRECTION('',(0.,-1.,0.));
#2916=DIRECTION('',(0.,-1.,0.));
#2917=DIRECTION('',(0.850260524638508,0.,0.526362080930464));
#2918=DIRECTION('',(-0.526362080930464,0.,0.850260524638508));
#2919=DIRECTION('',(0.,-1.,0.));
#2920=DIRECTION('',(0.,-1.,0.));
#2921=DIRECTION('',(0.,-1.,0.));
#2922=DIRECTION('',(0.,0.,1.));
#2923=DIRECTION('',(0.,-1.,0.));
#2924=DIRECTION('',(0.,-1.,0.));
#2925=DIRECTION('',(0.,-1.,0.));
#2926=DIRECTION('',(0.,-1.,0.));
#2927=DIRECTION('',(0.,1.,0.));
#2928=DIRECTION('',(0.,0.,1.));
#2929=DIRECTION('',(0.,1.,0.));
#2930=DIRECTION('',(0.,0.,-1.));
#2931=DIRECTION('',(0.,1.,0.));
#2932=DIRECTION('',(0.,-1.,0.));
#2933=DIRECTION('',(-0.890179744680664,0.,-0.455609506222454));
#2934=DIRECTION('',(0.455609506222454,0.,-0.890179744680664));
#2935=DIRECTION('',(0.,1.,0.));
#2936=DIRECTION('',(0.,-1.,0.));
#2937=DIRECTION('',(0.890179744680664,0.,-0.455609506222453));
#2938=DIRECTION('',(0.455609506222453,0.,0.890179744680664));
#2939=DIRECTION('',(0.,-1.,0.));
#2940=DIRECTION('',(0.,1.,0.));
#2941=DIRECTION('',(-0.709324054196704,0.,-0.704882533574178));
#2942=DIRECTION('',(0.704882533574178,0.,-0.709324054196704));
#2943=DIRECTION('',(0.,-1.,0.));
#2944=DIRECTION('',(0.,1.,0.));
#2945=DIRECTION('',(-0.709310495413787,0.,0.704896177529604));
#2946=DIRECTION('',(-0.704896177529604,0.,-0.709310495413787));
#2947=DIRECTION('',(0.,-1.,0.));
#2948=DIRECTION('',(0.,1.,0.));
#2949=DIRECTION('',(-0.960618407842219,0.,0.277870967383569));
#2950=DIRECTION('',(-0.277870967383569,0.,-0.960618407842219));
#2951=DIRECTION('',(0.,-1.,0.));
#2952=DIRECTION('',(0.,-1.,0.));
#2953=DIRECTION('',(-0.964317614923449,0.,0.264748064295756));
#2954=DIRECTION('',(-0.264748064295756,0.,-0.964317614923449));
#2955=DIRECTION('',(0.842179263823634,0.,-0.539197633141579));
#2956=DIRECTION('',(0.539197633141579,0.,0.842179263823635));
#2957=DIRECTION('',(0.,-1.,0.));
#2958=DIRECTION('',(0.,-1.,0.));
#2959=DIRECTION('',(0.,0.,1.));
#2960=DIRECTION('',(0.639244763623735,0.,0.769003336910599));
#2961=DIRECTION('',(-0.769003336910599,0.,0.639244763623735));
#2962=DIRECTION('',(0.,-1.,0.));
#2963=DIRECTION('',(0.,-1.,0.));
#2964=DIRECTION('',(0.639244763623734,0.,0.769003336910599));
#2965=DIRECTION('',(-0.769003336910599,0.,0.639244763623734));
#2966=DIRECTION('',(0.,-1.,0.));
#2967=DIRECTION('',(0.,-1.,0.));
#2968=DIRECTION('',(0.702470460057144,0.,-0.71171290050631));
#2969=DIRECTION('',(0.71171290050631,0.,0.702470460057144));
#2970=DIRECTION('',(0.,-1.,0.));
#2971=DIRECTION('',(0.,-1.,0.));
#2972=DIRECTION('',(-0.702470460057144,0.,0.71171290050631));
#2973=DIRECTION('',(-0.71171290050631,0.,-0.702470460057144));
#2974=DIRECTION('',(0.,-1.,0.));
#2975=DIRECTION('',(0.,-1.,0.));
#2976=DIRECTION('',(0.,1.,0.));
#2977=DIRECTION('',(0.,0.,-1.));
#2978=DIRECTION('',(0.,1.,0.));
#2979=DIRECTION('',(0.,0.,-1.));
#2980=DIRECTION('',(0.,1.,0.));
#2981=DIRECTION('',(0.,0.,-1.));
#2982=DIRECTION('',(0.,-1.,0.));
#2983=DIRECTION('',(0.,0.,1.));
#2984=DIRECTION('',(0.,-1.,0.));
#2985=DIRECTION('',(0.,0.,1.));
#2986=DIRECTION('',(0.,1.,0.));
#2987=DIRECTION('',(0.,0.,-1.));
#2988=DIRECTION('',(0.,-1.,0.));
#2989=DIRECTION('',(0.,0.,1.));
#2990=DIRECTION('',(0.,-1.,0.));
#2991=DIRECTION('',(0.,0.,1.));
#2992=DIRECTION('',(0.,1.,0.));
#2993=DIRECTION('',(0.,0.,-1.));
#2994=DIRECTION('',(0.,1.,0.));
#2995=DIRECTION('',(0.,0.,-1.));
#2996=DIRECTION('',(0.,1.,0.));
#2997=DIRECTION('',(0.,0.,-1.));
#2998=DIRECTION('',(0.,-1.,0.));
#2999=DIRECTION('',(0.,0.,1.));
#3000=DIRECTION('',(0.,-1.,0.));
#3001=DIRECTION('',(0.,0.,1.));
#3002=DIRECTION('',(0.,-1.,0.));
#3003=DIRECTION('',(0.,0.,1.));
#3004=DIRECTION('',(0.,-1.,0.));
#3005=DIRECTION('',(-1.,0.,0.));
#3006=DIRECTION('',(0.,-1.,0.));
#3007=DIRECTION('',(-1.,0.,0.));
#3008=DIRECTION('',(0.,1.,0.));
#3009=DIRECTION('',(0.,0.,-1.));
#3010=DIRECTION('',(0.,1.,0.));
#3011=DIRECTION('',(0.,0.,1.));
#3012=DIRECTION('',(0.,-1.,0.));
#3013=DIRECTION('',(-1.,0.,0.));
#3014=DIRECTION('',(0.,1.,0.));
#3015=DIRECTION('',(0.,0.,-1.));
#3016=DIRECTION('',(0.,1.,0.));
#3017=DIRECTION('',(0.,0.,1.));
#3018=DIRECTION('',(0.,-1.,0.));
#3019=DIRECTION('',(-1.,0.,0.));
#3020=DIRECTION('',(0.,1.,0.));
#3021=DIRECTION('',(0.,0.,-1.));
#3022=DIRECTION('',(0.,1.,0.));
#3023=DIRECTION('',(0.,0.,1.));
#3024=DIRECTION('',(0.,-1.,0.));
#3025=DIRECTION('',(-1.,0.,0.));
#3026=DIRECTION('',(0.,1.,0.));
#3027=DIRECTION('',(0.,0.,1.));
#3028=DIRECTION('',(0.,1.,0.));
#3029=DIRECTION('',(0.,0.,1.));
#3030=DIRECTION('',(0.,1.,0.));
#3031=DIRECTION('',(0.,0.,1.));
#3032=DIRECTION('',(0.,1.,0.));
#3033=DIRECTION('',(0.,0.,1.));
#3034=DIRECTION('',(0.,1.,0.));
#3035=DIRECTION('',(-1.,0.,0.));
#3036=DIRECTION('',(0.,1.,0.));
#3037=DIRECTION('',(0.,0.,1.));
#3038=DIRECTION('',(0.,1.,0.));
#3039=DIRECTION('',(0.,0.,1.));
#3040=DIRECTION('',(0.,1.,0.));
#3041=DIRECTION('',(-1.,0.,0.));
#3042=DIRECTION('',(0.,1.,0.));
#3043=DIRECTION('',(0.,0.,1.));
#3044=DIRECTION('',(0.,1.,0.));
#3045=DIRECTION('',(0.,0.,1.));
#3046=DIRECTION('',(0.,1.,0.));
#3047=DIRECTION('',(-1.,0.,0.));
#3048=DIRECTION('',(1.,0.,0.));
#3049=DIRECTION('',(0.,0.,-1.));
#3050=DIRECTION('',(1.,0.,0.));
#3051=DIRECTION('',(0.,0.,-1.));
#3052=DIRECTION('',(0.,0.,1.));
#3053=DIRECTION('',(1.,0.,0.));
#3054=DIRECTION('',(0.,1.,0.));
#3055=DIRECTION('',(0.,1.,0.));
#3056=DIRECTION('',(0.,0.,1.));
#3057=DIRECTION('',(1.,0.,0.));
#3058=DIRECTION('',(0.,1.,0.));
#3059=DIRECTION('',(0.,1.,0.));
#3060=DIRECTION('',(0.,1.,0.));
#3061=DIRECTION('',(0.,0.,1.));
#3062=DIRECTION('',(0.,-1.,0.));
#3063=DIRECTION('',(0.,0.,-1.));
#3064=DIRECTION('',(0.,-1.,0.));
#3065=DIRECTION('',(0.,0.,-1.));
#3066=DIRECTION('',(0.,1.,0.));
#3067=DIRECTION('',(0.,0.,1.));
#3068=CARTESIAN_POINT('',(0.,0.,0.));
#3069=CARTESIAN_POINT('',(0.0370252863276434,0.2073,-0.120284331272303));
#3070=CARTESIAN_POINT('',(0.0370252863276434,0.2113,-0.120284331272303));
#3071=CARTESIAN_POINT('',(0.0420252863276434,0.2113,-0.120284331272303));
#3072=CARTESIAN_POINT('',(0.0370461634917219,0.2113,-0.125284287686515));
#3073=CARTESIAN_POINT('',(0.0420252863276434,0.2113,-0.120284331272303));
#3074=CARTESIAN_POINT('',(0.0420252863276434,0.2073,-0.120284331272303));
#3075=CARTESIAN_POINT('',(0.0370252863276434,0.2073,-0.120284331272303));
#3076=CARTESIAN_POINT('',(0.0370461634917219,0.2073,-0.125284287686515));
#3077=CARTESIAN_POINT('',(0.0370461634917219,0.2073,-0.125284287686515));
#3078=CARTESIAN_POINT('',(-0.0370283659481047,0.2073,-0.120593540017559));
#3079=CARTESIAN_POINT('',(-0.0370283659481047,0.2073,-0.120593540017559));
#3080=CARTESIAN_POINT('',(-0.0420283659481047,0.2073,-0.120593540017559));
#3081=CARTESIAN_POINT('',(-0.0370074887840261,0.2073,-0.125593496431771));
#3082=CARTESIAN_POINT('',(-0.0420283659481047,0.2073,-0.120593540017559));
#3083=CARTESIAN_POINT('',(-0.0420283659481047,0.2113,-0.120593540017559));
#3084=CARTESIAN_POINT('',(-0.0370283659481047,0.2113,-0.120593540017559));
#3085=CARTESIAN_POINT('',(-0.0370074887840261,0.2113,-0.125593496431771));
#3086=CARTESIAN_POINT('',(-0.0370074887840261,0.2073,-0.125593496431771));
#3087=CARTESIAN_POINT('',(0.,0.2113,-0.0351201337621935));
#3088=CARTESIAN_POINT('',(-0.0420283659481047,0.2113,-0.108114460949796));
#3089=CARTESIAN_POINT('',(-0.0420283659481047,0.2113,-0.0906144609497965));
#3090=CARTESIAN_POINT('',(-0.0220283659481046,0.2113,-0.0906144609497965));
#3091=CARTESIAN_POINT('',(-0.0413147182465737,0.2113,-0.0853194996638813));
#3092=CARTESIAN_POINT('',(-0.0318370963144789,0.2113,-0.0507982358313575));
#3093=CARTESIAN_POINT('',(-0.0223955701454387,0.2113,-0.0164084471060463));
#3094=CARTESIAN_POINT('',(-0.017556382343173,0.2113,-0.0176663268357515));
#3095=CARTESIAN_POINT('',(-0.0223594743823777,0.2113,-0.0162769719988115));
#3096=CARTESIAN_POINT('',(0.0359787544582524,0.2113,-0.0322934098622315));
#3097=CARTESIAN_POINT('',(-0.0178874448249764,0.2113,-0.00475602071812348));
#3098=CARTESIAN_POINT('',(-0.0147314622825585,0.2113,0.000173346346653427));
#3099=CARTESIAN_POINT('',(-0.0105272407977954,0.2113,0.00673997041426975));
#3100=CARTESIAN_POINT('',(-3.82702124733575E-19,0.2113,3.90312782094781E-18));
#3101=CARTESIAN_POINT('',(0.0105272407977954,0.2113,0.00673997041426975));
#3102=CARTESIAN_POINT('',(0.0147314622825585,0.2113,0.000173346346653427));
#3103=CARTESIAN_POINT('',(0.0178874448249764,0.2113,-0.00475602071812348));
#3104=CARTESIAN_POINT('',(-0.0359787544582524,0.2113,-0.0322934098622315));
#3105=CARTESIAN_POINT('',(0.0223594743823777,0.2113,-0.0162769719988115));
#3106=CARTESIAN_POINT('',(0.017556382343173,0.2113,-0.0176663268357515));
#3107=CARTESIAN_POINT('',(0.0223955701454387,0.2113,-0.0164084471060463));
#3108=CARTESIAN_POINT('',(0.0318370963144789,0.2113,-0.0507982358313575));
#3109=CARTESIAN_POINT('',(0.0413147182465737,0.2113,-0.0853194996638813));
#3110=CARTESIAN_POINT('',(0.0220283659481046,0.2113,-0.0906144609497965));
#3111=CARTESIAN_POINT('',(0.0420252863276434,0.2113,-0.0909654243871922));
#3112=CARTESIAN_POINT('',(0.0420252863276434,0.2113,-0.107763497512401));
#3113=CARTESIAN_POINT('',(-1.53981023063437E-6,0.2113,-0.125438979231099));
#3114=CARTESIAN_POINT('',(-0.0220283659481047,0.2113,-0.0906144609497965));
#3115=CARTESIAN_POINT('',(-0.0220283659481047,0.2113,-0.0836144609497965));
#3116=CARTESIAN_POINT('',(0.0220283659481047,0.2113,-0.0906144609497965));
#3117=CARTESIAN_POINT('',(0.0220283659481047,0.2113,-0.0836144609497965));
#3118=CARTESIAN_POINT('',(-0.0241220656130645,0.2113,-0.0432918202091428));
#3119=CARTESIAN_POINT('',(-0.0147010212622983,0.2113,-0.0339931193501398));
#3120=CARTESIAN_POINT('',(-0.021214840498322,0.2113,-0.0404223488782311));
#3121=CARTESIAN_POINT('',(-0.0157547269523841,0.2113,-0.0329255499993804));
#3122=CARTESIAN_POINT('',(-0.0144793361654263,0.2113,-0.0321360068779847));
#3123=CARTESIAN_POINT('',(-0.0171538424831828,0.2113,-0.0278157352868686));
#3124=CARTESIAN_POINT('',(-0.0176512893002561,0.2113,-0.0270121831181469));
#3125=CARTESIAN_POINT('',(-0.0189266800872139,0.2113,-0.0278017262395427));
#3126=CARTESIAN_POINT('',(-0.0203676076989772,0.2113,-0.0273849197884673));
#3127=CARTESIAN_POINT('',(-0.0275909245809342,0.2113,-0.0523564064746136));
#3128=CARTESIAN_POINT('',(-0.023709473800171,0.2113,-0.0389379730763963));
#3129=CARTESIAN_POINT('',(-0.0222685461884078,0.2113,-0.0393547795274716));
#3130=CARTESIAN_POINT('',(-0.0126589594697981,0.2113,-0.0414122325998341));
#3131=CARTESIAN_POINT('',(-0.0126916388827585,0.2113,-0.0426619527940924));
#3132=CARTESIAN_POINT('',(-0.0129981465863116,0.2113,-0.0543833649041909));
#3133=CARTESIAN_POINT('',(-0.0141911263029129,0.2113,-0.0426227421220896));
#3134=CARTESIAN_POINT('',(-0.0152448319929986,0.2113,-0.0415551727713302));
#3135=CARTESIAN_POINT('',(-0.0204340326194876,0.2113,-0.0466769854416153));
#3136=CARTESIAN_POINT('',(-0.0218313948889358,0.2113,-0.0480562012961929));
#3137=CARTESIAN_POINT('',(-0.0207776891988501,0.2113,-0.0491237706469524));
#3138=CARTESIAN_POINT('',(-0.0217365563442857,0.2113,-0.0502772756523183));
#3139=CARTESIAN_POINT('',(-0.0172868096631343,0.2113,-0.0539761897257026));
#3140=CARTESIAN_POINT('',(-0.0154565011519016,0.2113,-0.055497659237554));
#3141=CARTESIAN_POINT('',(-0.014497634006466,0.2113,-0.0543441542321881));
#3142=CARTESIAN_POINT('',(-0.0231453941140741,0.2113,-0.0673167207639345));
#3143=CARTESIAN_POINT('',(-0.0170042491823297,0.2113,-0.0632192907738702));
#3144=CARTESIAN_POINT('',(-0.0306026877247832,0.2113,-0.0722922976025934));
#3145=CARTESIAN_POINT('',(-0.0178367683017314,0.2113,-0.0619715280096274));
#3146=CARTESIAN_POINT('',(-0.0168779011562957,0.2113,-0.0608180230042615));
#3147=CARTESIAN_POINT('',(-0.0221131522744259,0.2113,-0.0564661473973692));
#3148=CARTESIAN_POINT('',(-0.0257246306068347,0.2113,-0.0534640555960416));
#3149=CARTESIAN_POINT('',(-0.0266834977522703,0.2113,-0.0546175606014075));
#3150=CARTESIAN_POINT('',(-0.0281244253640336,0.2113,-0.0542007541503321));
#3151=CARTESIAN_POINT('',(-0.0275909245809342,0.2113,-0.0523564064746136));
#3152=CARTESIAN_POINT('',(-0.0328761344559482,0.2113,-0.0706277283872754));
#3153=CARTESIAN_POINT('',(-0.0314352068441849,0.2113,-0.0710445348383507));
#3154=CARTESIAN_POINT('',(-0.008283233231784,0.2113,-0.0240815190349347));
#3155=CARTESIAN_POINT('',(-0.00534978332758189,0.2113,-0.0183500809260004));
#3156=CARTESIAN_POINT('',(-0.00832651002410391,0.2113,-0.0241660741713219));
#3157=CARTESIAN_POINT('',(-0.00668505294460288,0.2113,-0.0176666666666666));
#3158=CARTESIAN_POINT('',(-0.00534978332758189,0.2113,-0.016983252407333));
#3159=CARTESIAN_POINT('',(-0.008283233231784,0.2113,-0.0112518142983986));
#3160=CARTESIAN_POINT('',(-0.00832665029956296,0.2113,-0.0111669850887741));
#3161=CARTESIAN_POINT('',(-0.00966191991658395,0.2113,-0.0118503993481078));
#3162=CARTESIAN_POINT('',(-0.0107258856597046,0.2113,-0.0107930550818134));
#3163=CARTESIAN_POINT('',(-0.0070159507277625,0.2113,-0.0070598871793413));
#3164=CARTESIAN_POINT('',(-0.0130982274732931,0.2113,-0.0131802533682116));
#3165=CARTESIAN_POINT('',(-0.0120342617301724,0.2113,-0.014237597634506));
#3166=CARTESIAN_POINT('',(-0.0133085972562495,0.2113,-0.0150288428347934));
#3167=CARTESIAN_POINT('',(-0.017556382343173,0.2113,-0.0176663268357515));
#3168=CARTESIAN_POINT('',(-0.0133086479899237,0.2113,-0.0203038925437911));
#3169=CARTESIAN_POINT('',(-0.012034327683949,0.2113,-0.0210951622562029));
#3170=CARTESIAN_POINT('',(-0.013098313765244,0.2113,-0.0221524860565641));
#3171=CARTESIAN_POINT('',(-0.00701598483765107,0.2113,-0.0282731402200342));
#3172=CARTESIAN_POINT('',(-0.01072576572242,0.2113,-0.0245399837123495));
#3173=CARTESIAN_POINT('',(-0.00966177964112491,0.2113,-0.0234826599119883));
#3174=CARTESIAN_POINT('',(-4.55364912443912E-18,0.2113,-0.084));
#3175=CARTESIAN_POINT('',(-4.55364912443912E-18,0.2113,-0.077));
#3176=CARTESIAN_POINT('',(0.0241220656130645,0.2113,-0.0432918202091428));
#3177=CARTESIAN_POINT('',(0.0147010212622983,0.2113,-0.0339931193501398));
#3178=CARTESIAN_POINT('',(0.021214840498322,0.2113,-0.0404223488782311));
#3179=CARTESIAN_POINT('',(0.0222685461884078,0.2113,-0.0393547795274716));
#3180=CARTESIAN_POINT('',(0.023709473800171,0.2113,-0.0389379730763963));
#3181=CARTESIAN_POINT('',(0.0275909245809342,0.2113,-0.0523564064746136));
#3182=CARTESIAN_POINT('',(0.0203676076989772,0.2113,-0.0273849197884673));
#3183=CARTESIAN_POINT('',(0.0189266800872139,0.2113,-0.0278017262395427));
#3184=CARTESIAN_POINT('',(0.0176512893002561,0.2113,-0.0270121831181469));
#3185=CARTESIAN_POINT('',(0.0171538424831828,0.2113,-0.0278157352868686));
#3186=CARTESIAN_POINT('',(0.0144793361654263,0.2113,-0.0321360068779847));
#3187=CARTESIAN_POINT('',(0.0157547269523841,0.2113,-0.0329255499993804));
#3188=CARTESIAN_POINT('',(0.0126589594697981,0.2113,-0.0414122325998341));
#3189=CARTESIAN_POINT('',(0.0126916388827585,0.2113,-0.0426619527940924));
#3190=CARTESIAN_POINT('',(0.0129981465863116,0.2113,-0.0543833649041909));
#3191=CARTESIAN_POINT('',(0.014497634006466,0.2113,-0.0543441542321881));
#3192=CARTESIAN_POINT('',(0.0154565011519016,0.2113,-0.055497659237554));
#3193=CARTESIAN_POINT('',(0.0172868096631343,0.2113,-0.0539761897257026));
#3194=CARTESIAN_POINT('',(0.0217365563442857,0.2113,-0.0502772756523183));
#3195=CARTESIAN_POINT('',(0.0207776891988501,0.2113,-0.0491237706469524));
#3196=CARTESIAN_POINT('',(0.0218313948889358,0.2113,-0.0480562012961929));
#3197=CARTESIAN_POINT('',(0.0204340326194876,0.2113,-0.0466769854416153));
#3198=CARTESIAN_POINT('',(0.0152448319929986,0.2113,-0.0415551727713302));
#3199=CARTESIAN_POINT('',(0.0141911263029129,0.2113,-0.0426227421220896));
#3200=CARTESIAN_POINT('',(0.0231453941140741,0.2113,-0.0673167207639345));
#3201=CARTESIAN_POINT('',(0.0170042491823297,0.2113,-0.0632192907738702));
#3202=CARTESIAN_POINT('',(0.0306026877247832,0.2113,-0.0722922976025934));
#3203=CARTESIAN_POINT('',(0.0314352068441849,0.2113,-0.0710445348383507));
#3204=CARTESIAN_POINT('',(0.0328761344559482,0.2113,-0.0706277283872754));
#3205=CARTESIAN_POINT('',(0.0275909245809342,0.2113,-0.0523564064746136));
#3206=CARTESIAN_POINT('',(0.0281244253640336,0.2113,-0.0542007541503321));
#3207=CARTESIAN_POINT('',(0.0266834977522703,0.2113,-0.0546175606014075));
#3208=CARTESIAN_POINT('',(0.0257246306068347,0.2113,-0.0534640555960416));
#3209=CARTESIAN_POINT('',(0.0221131522744259,0.2113,-0.0564661473973692));
#3210=CARTESIAN_POINT('',(0.0168779011562957,0.2113,-0.0608180230042615));
#3211=CARTESIAN_POINT('',(0.0178367683017314,0.2113,-0.0619715280096274));
#3212=CARTESIAN_POINT('',(0.008283233231784,0.2113,-0.0240815190349347));
#3213=CARTESIAN_POINT('',(0.00534978332758189,0.2113,-0.0183500809260004));
#3214=CARTESIAN_POINT('',(0.00832651002410391,0.2113,-0.0241660741713219));
#3215=CARTESIAN_POINT('',(0.00966177964112491,0.2113,-0.0234826599119883));
#3216=CARTESIAN_POINT('',(0.01072576572242,0.2113,-0.0245399837123495));
#3217=CARTESIAN_POINT('',(0.00701598483765107,0.2113,-0.0282731402200342));
#3218=CARTESIAN_POINT('',(0.013098313765244,0.2113,-0.0221524860565641));
#3219=CARTESIAN_POINT('',(0.012034327683949,0.2113,-0.0210951622562029));
#3220=CARTESIAN_POINT('',(0.0133086479899237,0.2113,-0.0203038925437911));
#3221=CARTESIAN_POINT('',(0.017556382343173,0.2113,-0.0176663268357515));
#3222=CARTESIAN_POINT('',(0.0133085972562495,0.2113,-0.0150288428347934));
#3223=CARTESIAN_POINT('',(0.0120342617301724,0.2113,-0.014237597634506));
#3224=CARTESIAN_POINT('',(0.0130982274732931,0.2113,-0.0131802533682116));
#3225=CARTESIAN_POINT('',(0.0070159507277625,0.2113,-0.0070598871793413));
#3226=CARTESIAN_POINT('',(0.0107258856597046,0.2113,-0.0107930550818134));
#3227=CARTESIAN_POINT('',(0.00966191991658395,0.2113,-0.0118503993481078));
#3228=CARTESIAN_POINT('',(0.00832665029956296,0.2113,-0.0111669850887741));
#3229=CARTESIAN_POINT('',(0.008283233231784,0.2113,-0.0112518142983986));
#3230=CARTESIAN_POINT('',(0.00534978332758189,0.2113,-0.016983252407333));
#3231=CARTESIAN_POINT('',(0.00668505294460288,0.2113,-0.0176666666666666));
#3232=CARTESIAN_POINT('',(1.20578249693918E-18,0.2113,-0.061));
#3233=CARTESIAN_POINT('',(1.20578249693918E-18,0.2113,-0.054));
#3234=CARTESIAN_POINT('',(1.20578249693918E-18,0.2113,-0.0353333333333333));
#3235=CARTESIAN_POINT('',(1.20578249693918E-18,0.2113,-0.0283333333333333));
#3236=CARTESIAN_POINT('',(0.,0.2113,4.28626379701574E-19));
#3237=CARTESIAN_POINT('',(0.,0.2113,0.007));
#3238=CARTESIAN_POINT('',(0.0153019841997522,0.2113,-0.0680888458880779));
#3239=CARTESIAN_POINT('',(0.0153019841997522,0.2113,-0.0643388458880779));
#3240=CARTESIAN_POINT('',(-0.0153019841997522,0.2113,-0.0680888458880779));
#3241=CARTESIAN_POINT('',(-0.0153019841997522,0.2113,-0.0643388458880779));
#3242=CARTESIAN_POINT('',(1.7347234759768E-18,0.2113,-0.105807230474898));
#3243=CARTESIAN_POINT('',(1.7347234759768E-18,0.2113,-0.102057230474898));
#3244=CARTESIAN_POINT('',(-0.017556382343173,0.2113,-0.0176663268357515));
#3245=CARTESIAN_POINT('',(-0.017556382343173,0.2113,-0.0155163268357515));
#3246=CARTESIAN_POINT('',(0.017556382343173,0.2113,-0.0176663268357515));
#3247=CARTESIAN_POINT('',(0.017556382343173,0.2113,-0.0155163268357515));
#3248=CARTESIAN_POINT('',(0.,0.1973,-0.0565572304748983));
#3249=CARTESIAN_POINT('',(0.0250187528909985,0.1973,-0.120474441993724));
#3250=CARTESIAN_POINT('',(0.0250192503638831,0.1973,-0.120593583785718));
#3251=CARTESIAN_POINT('',(0.0250390455922277,0.1973,-0.125334423037652));
#3252=CARTESIAN_POINT('',(0.0200192939496711,0.1973,-0.120614460949796));
#3253=CARTESIAN_POINT('',(0.0200192939496711,0.1973,-0.115614460949796));
#3254=CARTESIAN_POINT('',(0.0174984601897693,0.1973,-0.115614460949796));
#3255=CARTESIAN_POINT('',(0.0150193811220069,0.1973,-0.115614460949796));
#3256=CARTESIAN_POINT('',(0.0150193811220069,0.1973,-0.120614460949796));
#3257=CARTESIAN_POINT('',(0.0100194247077949,0.1973,-0.120635338113875));
#3258=CARTESIAN_POINT('',(0.0100188836477925,0.1973,-0.120505757466858));
#3259=CARTESIAN_POINT('',(0.0100393071058157,0.1973,-0.125397053983919));
#3260=CARTESIAN_POINT('',(-1.53981023063437E-6,0.1973,-0.125438979231099));
#3261=CARTESIAN_POINT('',(0.0250187528909985,0.1973,-0.120474441993724));
#3262=CARTESIAN_POINT('',(0.0250187528909985,0.2073,-0.120474441993724));
#3263=CARTESIAN_POINT('',(0.0250192503638831,0.2073,-0.120593583785718));
#3264=CARTESIAN_POINT('',(0.0250390455922277,0.2073,-0.125334423037652));
#3265=CARTESIAN_POINT('',(0.0250192503638831,0.1973,-0.120593583785718));
#3266=CARTESIAN_POINT('',(0.0250390455922277,0.1973,-0.125334423037652));
#3267=CARTESIAN_POINT('',(0.0100188836477925,0.1973,-0.120505757466858));
#3268=CARTESIAN_POINT('',(0.0100194247077949,0.2073,-0.120635338113875));
#3269=CARTESIAN_POINT('',(0.0100194247077949,0.2073,-0.120635338113875));
#3270=CARTESIAN_POINT('',(0.0100188836477925,0.2073,-0.120505757466858));
#3271=CARTESIAN_POINT('',(0.0100393071058157,0.2073,-0.125397053983919));
#3272=CARTESIAN_POINT('',(0.0100393071058157,0.1973,-0.125397053983919));
#3273=CARTESIAN_POINT('',(0.,0.2073,-0.0351201337621935));
#3274=CARTESIAN_POINT('',(0.0420252863276434,0.2073,-0.107763497512401));
#3275=CARTESIAN_POINT('',(0.0420252863276434,0.2073,-0.0909654243871922));
#3276=CARTESIAN_POINT('',(0.0220283659481046,0.2073,-0.0906144609497965));
#3277=CARTESIAN_POINT('',(0.0413147182465737,0.2073,-0.0853194996638813));
#3278=CARTESIAN_POINT('',(0.0318370963144789,0.2073,-0.0507982358313575));
#3279=CARTESIAN_POINT('',(0.0223955701454387,0.2073,-0.0164084471060465));
#3280=CARTESIAN_POINT('',(0.017556382343173,0.2073,-0.0176663268357515));
#3281=CARTESIAN_POINT('',(0.0133086479899237,0.2073,-0.0203038925437911));
#3282=CARTESIAN_POINT('',(0.012034327683949,0.2073,-0.0210951622562029));
#3283=CARTESIAN_POINT('',(0.013098313765244,0.2073,-0.0221524860565641));
#3284=CARTESIAN_POINT('',(0.00701598483765107,0.2073,-0.0282731402200342));
#3285=CARTESIAN_POINT('',(0.01072576572242,0.2073,-0.0245399837123495));
#3286=CARTESIAN_POINT('',(0.00966177964112491,0.2073,-0.0234826599119883));
#3287=CARTESIAN_POINT('',(0.00832651002410391,0.2073,-0.0241660741713219));
#3288=CARTESIAN_POINT('',(0.008283233231784,0.2073,-0.0240815190349347));
#3289=CARTESIAN_POINT('',(0.00534978332758189,0.2073,-0.0183500809260004));
#3290=CARTESIAN_POINT('',(0.00668505294460288,0.2073,-0.0176666666666666));
#3291=CARTESIAN_POINT('',(0.00534978332758189,0.2073,-0.016983252407333));
#3292=CARTESIAN_POINT('',(0.008283233231784,0.2073,-0.0112518142983986));
#3293=CARTESIAN_POINT('',(0.00832665029956296,0.2073,-0.0111669850887741));
#3294=CARTESIAN_POINT('',(0.00966191991658395,0.2073,-0.0118503993481078));
#3295=CARTESIAN_POINT('',(0.0107258856597046,0.2073,-0.0107930550818134));
#3296=CARTESIAN_POINT('',(0.0070159507277625,0.2073,-0.0070598871793413));
#3297=CARTESIAN_POINT('',(0.0130982274732931,0.2073,-0.0131802533682116));
#3298=CARTESIAN_POINT('',(0.0120342617301724,0.2073,-0.014237597634506));
#3299=CARTESIAN_POINT('',(0.0133085972562495,0.2073,-0.0150288428347934));
#3300=CARTESIAN_POINT('',(0.017556382343173,0.2073,-0.0176663268357515));
#3301=CARTESIAN_POINT('',(0.0223594743823776,0.2073,-0.0162769719988111));
#3302=CARTESIAN_POINT('',(-0.0359787544582524,0.2073,-0.0322934098622315));
#3303=CARTESIAN_POINT('',(0.0178874448249764,0.2073,-0.00475602071812348));
#3304=CARTESIAN_POINT('',(0.0147314622825585,0.2073,0.000173346346653427));
#3305=CARTESIAN_POINT('',(0.0105272407977954,0.2073,0.00673997041426975));
#3306=CARTESIAN_POINT('',(-3.82702124733575E-19,0.2073,3.90312782094781E-18));
#3307=CARTESIAN_POINT('',(-0.0105272407977954,0.2073,0.00673997041426975));
#3308=CARTESIAN_POINT('',(-0.0147314622825585,0.2073,0.000173346346653427));
#3309=CARTESIAN_POINT('',(-0.0178874448249764,0.2073,-0.00475602071812348));
#3310=CARTESIAN_POINT('',(0.0359787544582524,0.2073,-0.0322934098622315));
#3311=CARTESIAN_POINT('',(-0.0223594743823777,0.2073,-0.0162769719988115));
#3312=CARTESIAN_POINT('',(-0.017556382343173,0.2073,-0.0176663268357515));
#3313=CARTESIAN_POINT('',(-0.0133085972562495,0.2073,-0.0150288428347934));
#3314=CARTESIAN_POINT('',(-0.0120342617301724,0.2073,-0.014237597634506));
#3315=CARTESIAN_POINT('',(-0.0130982274732931,0.2073,-0.0131802533682116));
#3316=CARTESIAN_POINT('',(-0.0070159507277625,0.2073,-0.0070598871793413));
#3317=CARTESIAN_POINT('',(-0.0107258856597046,0.2073,-0.0107930550818134));
#3318=CARTESIAN_POINT('',(-0.00966191991658395,0.2073,-0.0118503993481078));
#3319=CARTESIAN_POINT('',(-0.00832665029956296,0.2073,-0.0111669850887741));
#3320=CARTESIAN_POINT('',(-0.008283233231784,0.2073,-0.0112518142983986));
#3321=CARTESIAN_POINT('',(-0.00534978332758189,0.2073,-0.016983252407333));
#3322=CARTESIAN_POINT('',(-0.00668505294460288,0.2073,-0.0176666666666666));
#3323=CARTESIAN_POINT('',(-0.00534978332758189,0.2073,-0.0183500809260004));
#3324=CARTESIAN_POINT('',(-0.008283233231784,0.2073,-0.0240815190349347));
#3325=CARTESIAN_POINT('',(-0.00832651002410391,0.2073,-0.0241660741713219));
#3326=CARTESIAN_POINT('',(-0.00966177964112491,0.2073,-0.0234826599119883));
#3327=CARTESIAN_POINT('',(-0.01072576572242,0.2073,-0.0245399837123495));
#3328=CARTESIAN_POINT('',(-0.00701598483765107,0.2073,-0.0282731402200342));
#3329=CARTESIAN_POINT('',(-0.013098313765244,0.2073,-0.0221524860565641));
#3330=CARTESIAN_POINT('',(-0.012034327683949,0.2073,-0.0210951622562029));
#3331=CARTESIAN_POINT('',(-0.0133086479899237,0.2073,-0.0203038925437911));
#3332=CARTESIAN_POINT('',(-0.017556382343173,0.2073,-0.0176663268357515));
#3333=CARTESIAN_POINT('',(-0.0223955701454387,0.2073,-0.0164084471060463));
#3334=CARTESIAN_POINT('',(-0.0318370963144789,0.2073,-0.0507982358313575));
#3335=CARTESIAN_POINT('',(-0.0413147182465737,0.2073,-0.0853194996638813));
#3336=CARTESIAN_POINT('',(-0.0220283659481046,0.2073,-0.0906144609497965));
#3337=CARTESIAN_POINT('',(-0.0420283659481047,0.2073,-0.0906144609497965));
#3338=CARTESIAN_POINT('',(-0.0420283659481047,0.2073,-0.108114460949796));
#3339=CARTESIAN_POINT('',(-1.53981023063437E-6,0.2073,-0.125438979231099));
#3340=CARTESIAN_POINT('',(-0.0249600826958124,0.2073,-0.125543192858542));
#3341=CARTESIAN_POINT('',(-0.0249808112530215,0.2073,-0.120578826904169));
#3342=CARTESIAN_POINT('',(-0.0249805752922052,0.2073,-0.120635338113875));
#3343=CARTESIAN_POINT('',(-0.0199806188779931,0.2073,-0.120614460949796));
#3344=CARTESIAN_POINT('',(-0.0199806188779931,0.2073,-0.115614460949796));
#3345=CARTESIAN_POINT('',(-0.0175015398102306,0.2073,-0.115614460949796));
#3346=CARTESIAN_POINT('',(-0.0149807060503289,0.2073,-0.115614460949796));
#3347=CARTESIAN_POINT('',(-0.0149807060503289,0.2073,-0.120614460949796));
#3348=CARTESIAN_POINT('',(-0.00998074963611689,0.2073,-0.120593583785718));
#3349=CARTESIAN_POINT('',(-0.00998094200981547,0.2073,-0.120547511431036));
#3350=CARTESIAN_POINT('',(-0.00996034420940032,0.2073,-0.125480561912275));
#3351=CARTESIAN_POINT('',(-1.53981023063437E-6,0.2073,-0.125438979231099));
#3352=CARTESIAN_POINT('',(0.0150193811220069,0.2073,-0.120614460949796));
#3353=CARTESIAN_POINT('',(0.0150193811220069,0.2073,-0.115614460949796));
#3354=CARTESIAN_POINT('',(0.0174984601897693,0.2073,-0.115614460949796));
#3355=CARTESIAN_POINT('',(0.0200192939496711,0.2073,-0.115614460949796));
#3356=CARTESIAN_POINT('',(0.0200192939496711,0.2073,-0.120614460949796));
#3357=CARTESIAN_POINT('',(-1.53981023063437E-6,0.2073,-0.125438979231099));
#3358=CARTESIAN_POINT('',(2.56279124246037E-18,0.2073,-0.105807230474898));
#3359=CARTESIAN_POINT('',(2.56279124246037E-18,0.2073,-0.101));
#3360=CARTESIAN_POINT('',(0.0231453941140741,0.2073,-0.0673167207639345));
#3361=CARTESIAN_POINT('',(0.0170042491823297,0.2073,-0.0632192907738702));
#3362=CARTESIAN_POINT('',(0.0173290759845241,0.2073,-0.063436018288964));
#3363=CARTESIAN_POINT('',(0.0178367683017314,0.2073,-0.0619715280096274));
#3364=CARTESIAN_POINT('',(0.0168779011562957,0.2073,-0.0608180230042615));
#3365=CARTESIAN_POINT('',(0.0221131522744259,0.2073,-0.0564661473973692));
#3366=CARTESIAN_POINT('',(0.0257246306068347,0.2073,-0.0534640555960416));
#3367=CARTESIAN_POINT('',(0.0266834977522703,0.2073,-0.0546175606014075));
#3368=CARTESIAN_POINT('',(0.0281244253640336,0.2073,-0.0542007541503321));
#3369=CARTESIAN_POINT('',(0.0275909245809342,0.2073,-0.0523564064746136));
#3370=CARTESIAN_POINT('',(0.0328761344559482,0.2073,-0.0706277283872754));
#3371=CARTESIAN_POINT('',(0.0314352068441849,0.2073,-0.0710445348383507));
#3372=CARTESIAN_POINT('',(0.0306026877247832,0.2073,-0.0722922976025934));
#3373=CARTESIAN_POINT('',(0.0231453941140741,0.2073,-0.0673167207639345));
#3374=CARTESIAN_POINT('',(0.0188200008561153,0.2073,-0.0644307774665585));
#3375=CARTESIAN_POINT('',(0.0153019841997522,0.2073,-0.0680888458880779));
#3376=CARTESIAN_POINT('',(-0.0231453941140741,0.2073,-0.0673167207639345));
#3377=CARTESIAN_POINT('',(-0.0188200008561153,0.2073,-0.0644307774665585));
#3378=CARTESIAN_POINT('',(-0.0306026877247832,0.2073,-0.0722922976025934));
#3379=CARTESIAN_POINT('',(-0.0314352068441849,0.2073,-0.0710445348383507));
#3380=CARTESIAN_POINT('',(-0.0328761344559482,0.2073,-0.0706277283872754));
#3381=CARTESIAN_POINT('',(-0.0275909245809342,0.2073,-0.0523564064746136));
#3382=CARTESIAN_POINT('',(-0.0281244253640336,0.2073,-0.0542007541503321));
#3383=CARTESIAN_POINT('',(-0.0266834977522703,0.2073,-0.0546175606014075));
#3384=CARTESIAN_POINT('',(-0.0257246306068347,0.2073,-0.0534640555960416));
#3385=CARTESIAN_POINT('',(-0.0221131522744259,0.2073,-0.0564661473973692));
#3386=CARTESIAN_POINT('',(-0.0168779011562957,0.2073,-0.0608180230042615));
#3387=CARTESIAN_POINT('',(-0.0178367683017314,0.2073,-0.0619715280096274));
#3388=CARTESIAN_POINT('',(-0.0170042491823297,0.2073,-0.0632192907738702));
#3389=CARTESIAN_POINT('',(-0.0231453941140741,0.2073,-0.0673167207639345));
#3390=CARTESIAN_POINT('',(-0.0173290759845241,0.2073,-0.063436018288964));
#3391=CARTESIAN_POINT('',(-0.0153019841997522,0.2073,-0.0680888458880779));
#3392=CARTESIAN_POINT('',(-4.55364912443912E-18,0.2073,-0.084));
#3393=CARTESIAN_POINT('',(-4.55364912443912E-18,0.2073,-0.077));
#3394=CARTESIAN_POINT('',(1.20578249693918E-18,0.2073,-0.061));
#3395=CARTESIAN_POINT('',(1.20578249693918E-18,0.2073,-0.054));
#3396=CARTESIAN_POINT('',(1.20578249693918E-18,0.2073,-0.0353333333333333));
#3397=CARTESIAN_POINT('',(1.20578249693918E-18,0.2073,-0.0283333333333333));
#3398=CARTESIAN_POINT('',(0.0172868096631343,0.2073,-0.0539761897257026));
#3399=CARTESIAN_POINT('',(0.0154565011519016,0.2073,-0.055497659237554));
#3400=CARTESIAN_POINT('',(0.0217365563442857,0.2073,-0.0502772756523183));
#3401=CARTESIAN_POINT('',(0.014497634006466,0.2073,-0.0543441542321881));
#3402=CARTESIAN_POINT('',(0.0129981465863116,0.2073,-0.0543833649041909));
#3403=CARTESIAN_POINT('',(0.0126589594697981,0.2073,-0.0414122325998341));
#3404=CARTESIAN_POINT('',(0.0126916388827585,0.2073,-0.0426619527940924));
#3405=CARTESIAN_POINT('',(0.0141911263029129,0.2073,-0.0426227421220896));
#3406=CARTESIAN_POINT('',(0.0152448319929986,0.2073,-0.0415551727713302));
#3407=CARTESIAN_POINT('',(0.0204340326194876,0.2073,-0.0466769854416153));
#3408=CARTESIAN_POINT('',(0.0218313948889358,0.2073,-0.0480562012961929));
#3409=CARTESIAN_POINT('',(0.0207776891988501,0.2073,-0.0491237706469524));
#3410=CARTESIAN_POINT('',(0.0171538424831828,0.2073,-0.0278157352868686));
#3411=CARTESIAN_POINT('',(0.0144793361654263,0.2073,-0.0321360068779847));
#3412=CARTESIAN_POINT('',(0.0176512893002561,0.2073,-0.0270121831181469));
#3413=CARTESIAN_POINT('',(0.0189266800872139,0.2073,-0.0278017262395427));
#3414=CARTESIAN_POINT('',(0.0203676076989772,0.2073,-0.0273849197884673));
#3415=CARTESIAN_POINT('',(0.0275909245809342,0.2073,-0.0523564064746136));
#3416=CARTESIAN_POINT('',(0.023709473800171,0.2073,-0.0389379730763963));
#3417=CARTESIAN_POINT('',(0.0222685461884078,0.2073,-0.0393547795274716));
#3418=CARTESIAN_POINT('',(0.021214840498322,0.2073,-0.0404223488782311));
#3419=CARTESIAN_POINT('',(0.0241220656130645,0.2073,-0.0432918202091428));
#3420=CARTESIAN_POINT('',(0.0147010212622983,0.2073,-0.0339931193501398));
#3421=CARTESIAN_POINT('',(0.0157547269523841,0.2073,-0.0329255499993804));
#3422=CARTESIAN_POINT('',(0.,0.2073,4.28626379701574E-19));
#3423=CARTESIAN_POINT('',(0.,0.2073,0.007));
#3424=CARTESIAN_POINT('',(-0.0172868096631343,0.2073,-0.0539761897257026));
#3425=CARTESIAN_POINT('',(-0.0154565011519016,0.2073,-0.055497659237554));
#3426=CARTESIAN_POINT('',(-0.0217365563442857,0.2073,-0.0502772756523183));
#3427=CARTESIAN_POINT('',(-0.0207776891988501,0.2073,-0.0491237706469524));
#3428=CARTESIAN_POINT('',(-0.0218313948889358,0.2073,-0.0480562012961929));
#3429=CARTESIAN_POINT('',(-0.0204340326194876,0.2073,-0.0466769854416153));
#3430=CARTESIAN_POINT('',(-0.0152448319929986,0.2073,-0.0415551727713302));
#3431=CARTESIAN_POINT('',(-0.0141911263029129,0.2073,-0.0426227421220896));
#3432=CARTESIAN_POINT('',(-0.0126916388827585,0.2073,-0.0426619527940924));
#3433=CARTESIAN_POINT('',(-0.0126589594697981,0.2073,-0.0414122325998341));
#3434=CARTESIAN_POINT('',(-0.0129981465863116,0.2073,-0.0543833649041909));
#3435=CARTESIAN_POINT('',(-0.014497634006466,0.2073,-0.0543441542321881));
#3436=CARTESIAN_POINT('',(-0.0171538424831828,0.2073,-0.0278157352868686));
#3437=CARTESIAN_POINT('',(-0.0144793361654263,0.2073,-0.0321360068779847));
#3438=CARTESIAN_POINT('',(-0.0176512893002561,0.2073,-0.0270121831181469));
#3439=CARTESIAN_POINT('',(-0.0157547269523841,0.2073,-0.0329255499993804));
#3440=CARTESIAN_POINT('',(-0.0147010212622983,0.2073,-0.0339931193501398));
#3441=CARTESIAN_POINT('',(-0.0241220656130645,0.2073,-0.0432918202091428));
#3442=CARTESIAN_POINT('',(-0.021214840498322,0.2073,-0.0404223488782311));
#3443=CARTESIAN_POINT('',(-0.0222685461884078,0.2073,-0.0393547795274716));
#3444=CARTESIAN_POINT('',(-0.023709473800171,0.2073,-0.0389379730763963));
#3445=CARTESIAN_POINT('',(-0.0275909245809342,0.2073,-0.0523564064746136));
#3446=CARTESIAN_POINT('',(-0.0203676076989772,0.2073,-0.0273849197884673));
#3447=CARTESIAN_POINT('',(-0.0189266800872139,0.2073,-0.0278017262395427));
#3448=CARTESIAN_POINT('',(0.0220283659481047,0.2073,-0.0906144609497965));
#3449=CARTESIAN_POINT('',(0.0220283659481047,0.2073,-0.0836144609497965));
#3450=CARTESIAN_POINT('',(-0.0220283659481047,0.2073,-0.0906144609497965));
#3451=CARTESIAN_POINT('',(-0.0220283659481047,0.2073,-0.0836144609497965));
#3452=CARTESIAN_POINT('',(0.,0.1973,-0.0565572304748983));
#3453=CARTESIAN_POINT('',(-0.00998094200981547,0.1973,-0.120547511431036));
#3454=CARTESIAN_POINT('',(-0.00998074963611689,0.1973,-0.120593583785718));
#3455=CARTESIAN_POINT('',(-0.00996034420940031,0.1973,-0.125480561912275));
#3456=CARTESIAN_POINT('',(-0.0149807060503289,0.1973,-0.120614460949796));
#3457=CARTESIAN_POINT('',(-0.0149807060503289,0.1973,-0.115614460949796));
#3458=CARTESIAN_POINT('',(-0.0175015398102306,0.1973,-0.115614460949796));
#3459=CARTESIAN_POINT('',(-0.0199806188779931,0.1973,-0.115614460949796));
#3460=CARTESIAN_POINT('',(-0.0199806188779931,0.1973,-0.120614460949796));
#3461=CARTESIAN_POINT('',(-0.0249805752922052,0.1973,-0.120635338113875));
#3462=CARTESIAN_POINT('',(-0.0249808112530215,0.1973,-0.120578826904169));
#3463=CARTESIAN_POINT('',(-0.0249600826958124,0.1973,-0.125543192858542));
#3464=CARTESIAN_POINT('',(-1.53981023063437E-6,0.1973,-0.125438979231099));
#3465=CARTESIAN_POINT('',(-0.00998094200981547,0.1973,-0.120547511431036));
#3466=CARTESIAN_POINT('',(-0.00998074963611689,0.1973,-0.120593583785718));
#3467=CARTESIAN_POINT('',(-0.00996034420940031,0.1973,-0.125480561912275));
#3468=CARTESIAN_POINT('',(-0.0249808112530215,0.1973,-0.120578826904169));
#3469=CARTESIAN_POINT('',(-0.0249805752922052,0.2073,-0.120635338113875));
#3470=CARTESIAN_POINT('',(-0.0249600826958124,0.1973,-0.125543192858542));
#3471=CARTESIAN_POINT('',(-0.017564599272999,0.2023,-0.100512095314348));
#3472=CARTESIAN_POINT('',(-0.0174602134526064,0.2023,-0.125511877385408));
#3473=CARTESIAN_POINT('',(-0.0194601960182912,0.2023,-0.12552022825104));
#3474=CARTESIAN_POINT('',(-0.0175015398102306,0.2023,-0.115614460949796));
#3475=CARTESIAN_POINT('',(-0.0155015223757635,0.2023,-0.115614460949796));
#3476=CARTESIAN_POINT('',(-1.53981023063437E-6,0.2073,-0.125438979231099));
#3477=CARTESIAN_POINT('',(0.0175391763490217,0.2023,-0.125365738510786));
#3478=CARTESIAN_POINT('',(0.0155391937833369,0.2023,-0.125374089376417));
#3479=CARTESIAN_POINT('',(0.0174347905286291,0.2023,-0.100365956439725));
#3480=CARTESIAN_POINT('',(0.0174984601897694,0.2023,-0.115614460949796));
#3481=CARTESIAN_POINT('',(0.0194984776242366,0.2023,-0.115614460949796));
#3482=CARTESIAN_POINT('',(0.0220283659481046,0.2073,-0.0906144609497965));
#3483=CARTESIAN_POINT('',(0.0420252863276434,0.2073,-0.0909654243871922));
#3484=CARTESIAN_POINT('',(0.0413147182465737,0.2113,-0.0853194996638813));
#3485=CARTESIAN_POINT('',(0.017556382343173,0.2113,-0.0176663268357515));
#3486=CARTESIAN_POINT('',(0.017556382343173,0.2003,-0.0176663268357515));
#3487=CARTESIAN_POINT('',(0.017556382343173,0.2003,-0.0155163268357515));
#3488=CARTESIAN_POINT('',(-0.017556382343173,0.2113,-0.0176663268357515));
#3489=CARTESIAN_POINT('',(-0.017556382343173,0.2003,-0.0176663268357515));
#3490=CARTESIAN_POINT('',(-0.017556382343173,0.2003,-0.0155163268357515));
#3491=CARTESIAN_POINT('',(1.62767505659074E-18,0.2003,-0.105807230474898));
#3492=CARTESIAN_POINT('',(1.62767505659074E-18,0.2003,-0.105807230474898));
#3493=CARTESIAN_POINT('',(1.62767505659074E-18,0.2003,-0.103657230474898));
#3494=CARTESIAN_POINT('',(1.62767505659074E-18,0.2063,-0.105807230474898));
#3495=CARTESIAN_POINT('',(1.62767505659074E-18,0.2063,-0.107957230474898));
#3496=CARTESIAN_POINT('',(-0.0153019841997522,0.2003,-0.0680888458880779));
#3497=CARTESIAN_POINT('',(-0.0153019841997522,0.2003,-0.0680888458880779));
#3498=CARTESIAN_POINT('',(-0.0153019841997522,0.2003,-0.0659388458880779));
#3499=CARTESIAN_POINT('',(-0.0153019841997522,0.2063,-0.0680888458880779));
#3500=CARTESIAN_POINT('',(-0.0153019841997522,0.2063,-0.0702388458880779));
#3501=CARTESIAN_POINT('',(0.0153019841997522,0.2003,-0.0680888458880779));
#3502=CARTESIAN_POINT('',(0.0153019841997522,0.2003,-0.0680888458880779));
#3503=CARTESIAN_POINT('',(0.0153019841997522,0.2003,-0.0659388458880779));
#3504=CARTESIAN_POINT('',(0.0153019841997522,0.2063,-0.0680888458880779));
#3505=CARTESIAN_POINT('',(0.0153019841997522,0.2063,-0.0702388458880779));
#3506=CARTESIAN_POINT('',(-3.82702124733575E-19,0.2073,3.90312782094781E-18));
#3507=CARTESIAN_POINT('',(0.0105272407977954,0.2113,0.00673997041426975));
#3508=CARTESIAN_POINT('',(-0.0105272407977954,0.2113,0.00673997041426975));
#3509=CARTESIAN_POINT('',(0.,0.2073,4.28626379701574E-19));
#3510=CARTESIAN_POINT('',(1.20578249693918E-18,0.2073,-0.0353333333333333));
#3511=CARTESIAN_POINT('',(-4.55364912443912E-18,0.2073,-0.084));
#3512=CARTESIAN_POINT('',(1.20578249693918E-18,0.2073,-0.061));
#3513=CARTESIAN_POINT('',(0.0231453941140741,0.2073,-0.0673167207639345));
#3514=CARTESIAN_POINT('',(0.0170042491823297,0.2113,-0.0632192907738702));
#3515=CARTESIAN_POINT('',(0.0173290759845241,0.2003,-0.063436018288964));
#3516=CARTESIAN_POINT('',(0.0173290759845241,0.2003,-0.063436018288964));
#3517=CARTESIAN_POINT('',(0.0231453941140741,0.2003,-0.0673167207639345));
#3518=CARTESIAN_POINT('',(0.0188200008561153,0.2003,-0.0644307774665585));
#3519=CARTESIAN_POINT('',(0.0188200008561153,0.2003,-0.0644307774665585));
#3520=CARTESIAN_POINT('',(0.0306026877247832,0.2073,-0.0722922976025934));
#3521=CARTESIAN_POINT('',(0.0126589594697981,0.2073,-0.0414122325998341));
#3522=CARTESIAN_POINT('',(0.0126916388827585,0.2073,-0.0426619527940924));
#3523=CARTESIAN_POINT('',(0.0129981465863116,0.2073,-0.0543833649041909));
#3524=CARTESIAN_POINT('',(0.0275909245809342,0.2113,-0.0523564064746136));
#3525=CARTESIAN_POINT('',(0.0203676076989772,0.2073,-0.0273849197884673));
#3526=CARTESIAN_POINT('',(0.023709473800171,0.2113,-0.0389379730763963));
#3527=CARTESIAN_POINT('',(0.0171538424831828,0.2113,-0.0278157352868686));
#3528=CARTESIAN_POINT('',(0.0176512893002561,0.2113,-0.0270121831181469));
#3529=CARTESIAN_POINT('',(0.0144793361654263,0.2113,-0.0321360068779847));
#3530=CARTESIAN_POINT('',(0.008283233231784,0.2073,-0.0112518142983986));
#3531=CARTESIAN_POINT('',(0.00832665029956296,0.2073,-0.0111669850887741));
#3532=CARTESIAN_POINT('',(0.00534978332758189,0.2073,-0.016983252407333));
#3533=CARTESIAN_POINT('',(0.008283233231784,0.2073,-0.0240815190349347));
#3534=CARTESIAN_POINT('',(0.00534978332758189,0.2073,-0.0183500809260004));
#3535=CARTESIAN_POINT('',(0.00832651002410391,0.2073,-0.0241660741713219));
#3536=CARTESIAN_POINT('',(0.00701598483765107,0.2113,-0.0282731402200342));
#3537=CARTESIAN_POINT('',(0.013098313765244,0.2073,-0.0221524860565641));
#3538=CARTESIAN_POINT('',(0.01072576572242,0.2113,-0.0245399837123495));
#3539=CARTESIAN_POINT('',(0.017556382343173,0.2113,-0.0176663268357515));
#3540=CARTESIAN_POINT('',(0.0133085972562495,0.2113,-0.0150288428347934));
#3541=CARTESIAN_POINT('',(0.0133086479899237,0.2113,-0.0203038925437911));
#3542=CARTESIAN_POINT('',(0.0223955701454387,0.2113,-0.0164084471060463));
#3543=CARTESIAN_POINT('',(0.0223594743823777,0.2113,-0.0162769719988115));
#3544=CARTESIAN_POINT('',(0.017556382343173,0.2003,-0.0176663268357515));
#3545=CARTESIAN_POINT('',(0.017556382343173,0.2003,-0.0126663268357515));
#3546=CARTESIAN_POINT('',(0.0070159507277625,0.2113,-0.0070598871793413));
#3547=CARTESIAN_POINT('',(0.0130982274732931,0.2113,-0.0131802533682116));
#3548=CARTESIAN_POINT('',(0.0107258856597046,0.2113,-0.0107930550818134));
#3549=CARTESIAN_POINT('',(0.0275909245809342,0.2113,-0.0523564064746136));
#3550=CARTESIAN_POINT('',(0.0281244253640336,0.2073,-0.0542007541503321));
#3551=CARTESIAN_POINT('',(0.0328761344559482,0.2113,-0.0706277283872754));
#3552=CARTESIAN_POINT('',(0.0318370963144789,0.2113,-0.0507982358313575));
#3553=CARTESIAN_POINT('',(0.0147314622825585,0.2113,0.000173346346653427));
#3554=CARTESIAN_POINT('',(0.0178874448249764,0.2113,-0.00475602071812348));
#3555=CARTESIAN_POINT('',(-0.0359787544582524,0.2113,-0.0322934098622315));
#3556=CARTESIAN_POINT('',(0.0221131522744259,0.2113,-0.0564661473973692));
#3557=CARTESIAN_POINT('',(0.0257246306068347,0.2113,-0.0534640555960416));
#3558=CARTESIAN_POINT('',(0.0168779011562957,0.2073,-0.0608180230042615));
#3559=CARTESIAN_POINT('',(0.0172868096631343,0.2113,-0.0539761897257026));
#3560=CARTESIAN_POINT('',(0.0217365563442857,0.2073,-0.0502772756523183));
#3561=CARTESIAN_POINT('',(0.0154565011519016,0.2113,-0.055497659237554));
#3562=CARTESIAN_POINT('',(0.0204340326194876,0.2113,-0.0466769854416153));
#3563=CARTESIAN_POINT('',(0.0218313948889358,0.2113,-0.0480562012961929));
#3564=CARTESIAN_POINT('',(0.0152448319929986,0.2113,-0.0415551727713302));
#3565=CARTESIAN_POINT('',(0.0241220656130645,0.2113,-0.0432918202091428));
#3566=CARTESIAN_POINT('',(0.021214840498322,0.2113,-0.0404223488782311));
#3567=CARTESIAN_POINT('',(0.0147010212622983,0.2113,-0.0339931193501398));
#3568=CARTESIAN_POINT('',(0.0314352068441849,0.2073,-0.0710445348383507));
#3569=CARTESIAN_POINT('',(0.0178367683017314,0.2113,-0.0619715280096274));
#3570=CARTESIAN_POINT('',(0.0266834977522703,0.2113,-0.0546175606014075));
#3571=CARTESIAN_POINT('',(0.014497634006466,0.2073,-0.0543441542321881));
#3572=CARTESIAN_POINT('',(0.0141911263029129,0.2113,-0.0426227421220896));
#3573=CARTESIAN_POINT('',(0.0207776891988501,0.2113,-0.0491237706469524));
#3574=CARTESIAN_POINT('',(0.0157547269523841,0.2113,-0.0329255499993804));
#3575=CARTESIAN_POINT('',(0.0222685461884078,0.2113,-0.0393547795274716));
#3576=CARTESIAN_POINT('',(0.0189266800872139,0.2113,-0.0278017262395427));
#3577=CARTESIAN_POINT('',(0.00966177964112491,0.2073,-0.0234826599119883));
#3578=CARTESIAN_POINT('',(0.00668505294460288,0.2073,-0.0176666666666666));
#3579=CARTESIAN_POINT('',(0.00966191991658395,0.2113,-0.0118503993481078));
#3580=CARTESIAN_POINT('',(0.012034327683949,0.2113,-0.0210951622562029));
#3581=CARTESIAN_POINT('',(0.0120342617301724,0.2113,-0.014237597634506));
#3582=CARTESIAN_POINT('',(-0.0231453941140741,0.2073,-0.0673167207639345));
#3583=CARTESIAN_POINT('',(-0.0306026877247832,0.2073,-0.0722922976025934));
#3584=CARTESIAN_POINT('',(-0.0188200008561153,0.2003,-0.0644307774665585));
#3585=CARTESIAN_POINT('',(-0.0188200008561153,0.2003,-0.0644307774665585));
#3586=CARTESIAN_POINT('',(-0.0231453941140741,0.2003,-0.0673167207639345));
#3587=CARTESIAN_POINT('',(-0.0173290759845241,0.2003,-0.063436018288964));
#3588=CARTESIAN_POINT('',(-0.0173290759845241,0.2003,-0.063436018288964));
#3589=CARTESIAN_POINT('',(-0.0170042491823297,0.2113,-0.0632192907738702));
#3590=CARTESIAN_POINT('',(-0.0126589594697981,0.2073,-0.0414122325998341));
#3591=CARTESIAN_POINT('',(-0.0129981465863116,0.2073,-0.0543833649041909));
#3592=CARTESIAN_POINT('',(-0.0126916388827585,0.2073,-0.0426619527940924));
#3593=CARTESIAN_POINT('',(-0.0275909245809342,0.2113,-0.0523564064746136));
#3594=CARTESIAN_POINT('',(-0.023709473800171,0.2113,-0.0389379730763963));
#3595=CARTESIAN_POINT('',(-0.0203676076989772,0.2073,-0.0273849197884673));
#3596=CARTESIAN_POINT('',(-0.0171538424831828,0.2113,-0.0278157352868686));
#3597=CARTESIAN_POINT('',(-0.0144793361654263,0.2113,-0.0321360068779847));
#3598=CARTESIAN_POINT('',(-0.0176512893002561,0.2113,-0.0270121831181469));
#3599=CARTESIAN_POINT('',(-0.017556382343173,0.2113,-0.0176663268357515));
#3600=CARTESIAN_POINT('',(-0.0223955701454387,0.2113,-0.0164084471060463));
#3601=CARTESIAN_POINT('',(-0.0133086479899237,0.2113,-0.0203038925437911));
#3602=CARTESIAN_POINT('',(-0.0133085972562495,0.2113,-0.0150288428347934));
#3603=CARTESIAN_POINT('',(-0.0223594743823777,0.2113,-0.0162769719988115));
#3604=CARTESIAN_POINT('',(-0.017556382343173,0.2003,-0.0176663268357515));
#3605=CARTESIAN_POINT('',(-0.017556382343173,0.2003,-0.0126663268357515));
#3606=CARTESIAN_POINT('',(-0.0220283659481046,0.2073,-0.0906144609497965));
#3607=CARTESIAN_POINT('',(-0.0420283659481047,0.2073,-0.0906144609497965));
#3608=CARTESIAN_POINT('',(-0.0413147182465737,0.2113,-0.0853194996638813));
#3609=CARTESIAN_POINT('',(-0.008283233231784,0.2073,-0.0112518142983986));
#3610=CARTESIAN_POINT('',(-0.00534978332758189,0.2073,-0.016983252407333));
#3611=CARTESIAN_POINT('',(-0.00832665029956296,0.2073,-0.0111669850887741));
#3612=CARTESIAN_POINT('',(-0.008283233231784,0.2073,-0.0240815190349347));
#3613=CARTESIAN_POINT('',(-0.00832651002410391,0.2073,-0.0241660741713219));
#3614=CARTESIAN_POINT('',(-0.00534978332758189,0.2073,-0.0183500809260004));
#3615=CARTESIAN_POINT('',(-0.00701598483765107,0.2113,-0.0282731402200342));
#3616=CARTESIAN_POINT('',(-0.01072576572242,0.2113,-0.0245399837123495));
#3617=CARTESIAN_POINT('',(-0.013098313765244,0.2073,-0.0221524860565641));
#3618=CARTESIAN_POINT('',(-0.0070159507277625,0.2113,-0.0070598871793413));
#3619=CARTESIAN_POINT('',(-0.0107258856597046,0.2113,-0.0107930550818134));
#3620=CARTESIAN_POINT('',(-0.0130982274732931,0.2113,-0.0131802533682116));
#3621=CARTESIAN_POINT('',(-0.0275909245809342,0.2113,-0.0523564064746136));
#3622=CARTESIAN_POINT('',(-0.0328761344559482,0.2113,-0.0706277283872754));
#3623=CARTESIAN_POINT('',(-0.0281244253640336,0.2073,-0.0542007541503321));
#3624=CARTESIAN_POINT('',(-0.0318370963144789,0.2113,-0.0507982358313575));
#3625=CARTESIAN_POINT('',(-0.0147314622825585,0.2113,0.000173346346653427));
#3626=CARTESIAN_POINT('',(-0.0178874448249764,0.2113,-0.00475602071812348));
#3627=CARTESIAN_POINT('',(0.0359787544582524,0.2113,-0.0322934098622315));
#3628=CARTESIAN_POINT('',(-0.0221131522744259,0.2113,-0.0564661473973692));
#3629=CARTESIAN_POINT('',(-0.0168779011562957,0.2073,-0.0608180230042615));
#3630=CARTESIAN_POINT('',(-0.0257246306068347,0.2113,-0.0534640555960416));
#3631=CARTESIAN_POINT('',(-0.0172868096631343,0.2113,-0.0539761897257026));
#3632=CARTESIAN_POINT('',(-0.0154565011519016,0.2113,-0.055497659237554));
#3633=CARTESIAN_POINT('',(-0.0217365563442857,0.2073,-0.0502772756523183));
#3634=CARTESIAN_POINT('',(-0.0204340326194876,0.2113,-0.0466769854416153));
#3635=CARTESIAN_POINT('',(-0.0152448319929986,0.2113,-0.0415551727713302));
#3636=CARTESIAN_POINT('',(-0.0218313948889358,0.2113,-0.0480562012961929));
#3637=CARTESIAN_POINT('',(-0.0241220656130645,0.2113,-0.0432918202091428));
#3638=CARTESIAN_POINT('',(-0.0147010212622983,0.2113,-0.0339931193501398));
#3639=CARTESIAN_POINT('',(-0.021214840498322,0.2113,-0.0404223488782311));
#3640=CARTESIAN_POINT('',(-0.0314352068441849,0.2073,-0.0710445348383507));
#3641=CARTESIAN_POINT('',(-0.0178367683017314,0.2113,-0.0619715280096274));
#3642=CARTESIAN_POINT('',(-0.0266834977522703,0.2113,-0.0546175606014075));
#3643=CARTESIAN_POINT('',(-0.014497634006466,0.2073,-0.0543441542321881));
#3644=CARTESIAN_POINT('',(-0.0141911263029129,0.2113,-0.0426227421220896));
#3645=CARTESIAN_POINT('',(-0.0207776891988501,0.2113,-0.0491237706469524));
#3646=CARTESIAN_POINT('',(-0.0157547269523841,0.2113,-0.0329255499993804));
#3647=CARTESIAN_POINT('',(-0.0222685461884078,0.2113,-0.0393547795274716));
#3648=CARTESIAN_POINT('',(-0.0189266800872139,0.2113,-0.0278017262395427));
#3649=CARTESIAN_POINT('',(-0.00966177964112491,0.2073,-0.0234826599119883));
#3650=CARTESIAN_POINT('',(-0.00668505294460288,0.2073,-0.0176666666666666));
#3651=CARTESIAN_POINT('',(-0.00966191991658395,0.2113,-0.0118503993481078));
#3652=CARTESIAN_POINT('',(-0.012034327683949,0.2113,-0.0210951622562029));
#3653=CARTESIAN_POINT('',(-0.0120342617301724,0.2113,-0.014237597634506));
#3654=CARTESIAN_POINT('',(6.93889390390723E-18,0.2003,-0.0490572304748982));
#3655=CARTESIAN_POINT('',(6.93889390390723E-18,0.2003,-0.0490572304748982));
#3656=CARTESIAN_POINT('',(2.56279124246037E-18,0.2003,-0.105807230474898));
#3657=CARTESIAN_POINT('',(2.56279124246037E-18,0.2003,-0.105807230474898));
#3658=CARTESIAN_POINT('',(2.56279124246037E-18,0.2003,-0.101));
#3659=CARTESIAN_POINT('',(6.93889390390723E-18,0.2003,-0.0490572304748982));
#3660=CARTESIAN_POINT('',(-0.0153019841997522,0.2003,-0.0680888458880779));
#3661=CARTESIAN_POINT('',(-0.0153019841997522,0.2003,-0.0680888458880779));
#3662=CARTESIAN_POINT('',(6.93889390390723E-18,0.2003,-0.0490572304748982));
#3663=CARTESIAN_POINT('',(0.0153019841997522,0.2003,-0.0680888458880779));
#3664=CARTESIAN_POINT('',(0.0153019841997522,0.2003,-0.0680888458880779));
#3665=CARTESIAN_POINT('',(6.93889390390723E-18,0.2003,-0.0490572304748982));
#3666=CARTESIAN_POINT('',(0.0220283659481047,0.2073,-0.0906144609497965));
#3667=CARTESIAN_POINT('',(-0.0220283659481047,0.2073,-0.0906144609497965));
#3668=CARTESIAN_POINT('',(0.0153019841997522,0.2063,-0.0680888458880779));
#3669=CARTESIAN_POINT('',(0.0153019841997522,0.2063,-0.0680888458880779));
#3670=CARTESIAN_POINT('',(0.0153019841997522,0.2063,-0.0643388458880779));
#3671=CARTESIAN_POINT('',(0.,0.2063,-0.0490572304748982));
#3672=CARTESIAN_POINT('',(-0.0153019841997522,0.2063,-0.0680888458880779));
#3673=CARTESIAN_POINT('',(-0.0153019841997522,0.2063,-0.0680888458880779));
#3674=CARTESIAN_POINT('',(-0.0153019841997522,0.2063,-0.0643388458880779));
#3675=CARTESIAN_POINT('',(0.,0.2063,-0.0490572304748982));
#3676=CARTESIAN_POINT('',(1.7347234759768E-18,0.2063,-0.105807230474898));
#3677=CARTESIAN_POINT('',(1.7347234759768E-18,0.2063,-0.105807230474898));
#3678=CARTESIAN_POINT('',(1.7347234759768E-18,0.2063,-0.102057230474898));
#3679=CARTESIAN_POINT('',(0.,0.2063,-0.0490572304748982));
#3680=CARTESIAN_POINT('',(0.0420252863276434,0.2073,-0.107763497512401));
#3681=CARTESIAN_POINT('',(-0.0420283659481047,0.2073,-0.108114460949796));
#3682=CARTESIAN_POINT('',(0.0174984601897693,0.1973,-0.115614460949796));
#3683=CARTESIAN_POINT('',(0.0200192939496711,0.1973,-0.115614460949796));
#3684=CARTESIAN_POINT('',(0.0150193811220069,0.1973,-0.115614460949796));
#3685=CARTESIAN_POINT('',(-0.0175015398102306,0.1973,-0.115614460949796));
#3686=CARTESIAN_POINT('',(-0.0199806188779931,0.1973,-0.115614460949796));
#3687=CARTESIAN_POINT('',(-0.0149807060503289,0.1973,-0.115614460949796));
#3688=CARTESIAN_POINT('',(0.0200192939496711,0.1973,-0.120614460949796));
#3689=CARTESIAN_POINT('',(0.0150193811220069,0.1973,-0.120614460949796));
#3690=CARTESIAN_POINT('',(-0.0199806188779931,0.1973,-0.120614460949796));
#3691=CARTESIAN_POINT('',(-0.0149807060503289,0.1973,-0.120614460949796));
#3692=MECHANICAL_DESIGN_GEOMETRIC_PRESENTATION_REPRESENTATION('',(#2169),
#3693);
#3693=(
GEOMETRIC_REPRESENTATION_CONTEXT(3)
GLOBAL_UNCERTAINTY_ASSIGNED_CONTEXT((#3694))
GLOBAL_UNIT_ASSIGNED_CONTEXT((#3697,#3696,#3695))
REPRESENTATION_CONTEXT('Gearbox Male','TOP_LEVEL_ASSEMBLY_PART')
);
#3694=UNCERTAINTY_MEASURE_WITH_UNIT(LENGTH_MEASURE(1.E-8),#3697,
'DISTANCE_ACCURACY_VALUE','Maximum Tolerance applied to model');
#3695=(
NAMED_UNIT(*)
SI_UNIT($,.STERADIAN.)
SOLID_ANGLE_UNIT()
);
#3696=(
NAMED_UNIT(*)
PLANE_ANGLE_UNIT()
SI_UNIT($,.RADIAN.)
);
#3697=(
LENGTH_UNIT()
NAMED_UNIT(*)
SI_UNIT($,.METRE.)
);
#3698=PRODUCT_DEFINITION_SHAPE('','',#3699);
#3699=PRODUCT_DEFINITION('','',#3701,#3700);
#3700=PRODUCT_DEFINITION_CONTEXT('',#3707,'design');
#3701=PRODUCT_DEFINITION_FORMATION_WITH_SPECIFIED_SOURCE('','',#3703,
 .NOT_KNOWN.);
#3702=PRODUCT_RELATED_PRODUCT_CATEGORY('','',(#3703));
#3703=PRODUCT('Gearbox Male','Gearbox Male','Gearbox Male',(#3705));
#3704=PRODUCT_CATEGORY('','');
#3705=PRODUCT_CONTEXT('',#3707,'mechanical');
#3706=APPLICATION_PROTOCOL_DEFINITION('international standard',
'ap242_managed_model_based_3d_engineering',2020,#3707);
#3707=APPLICATION_CONTEXT('managed model based 3d engineering');
ENDSEC;
END-ISO-10303-21;
