ISO-10303-21;
HEADER;
/* Generated by software containing ST-Developer
 * from STEP Tools, Inc. (www.steptools.com) 
 */
/* OPTION: using custom renumber hook */

FILE_DESCRIPTION(
/* description */ ('STEP AP242 Edition 2',
'CAx-IF Rec.Pracs.---Representation and Presentation of Product Manufa
cturing Information (PMI)---4.0---2014-10-13',
'CAx-IF Rec.Pracs.---3D Tessellated Geometry---0.4---2014-09-14','2;1',
'CAx-IF Rec.Pracs.---User Defined Attributes---1.5---2016-08-15'),
/* implementation_level */ '2;1');

FILE_NAME(
/* name */ 'Assembly 1 - PG2 Carriage Female',
/* time_stamp */ '2026-06-22T21:32:41Z',
/* author */ (''),
/* organization */ (''),
/* preprocessor_version */ 'ST-DEVELOPER v20',
/* originating_system */ 'ONSHAPE BY PTC INC, 1.216',
/* authorisation */ '  ');

FILE_SCHEMA (('AP242_MANAGED_MODEL_BASED_3D_ENGINEERING_MIM_LF { 1 0 10303 442 3 1 4 }'));
ENDSEC;

DATA;
#10=SHAPE_REPRESENTATION_RELATIONSHIP('','',#2105,#11);
#11=ADVANCED_BREP_SHAPE_REPRESENTATION('',(#2103),#3715);
#12=B_SPLINE_CURVE_WITH_KNOTS('',3,(#3274,#3275,#3276,#3277,#3278,#3279,
#3280,#3281,#3282,#3283,#3284,#3285,#3286,#3287,#3288,#3289,#3290,#3291,
#3292),.UNSPECIFIED.,.T.,.F.,(1,1,1,1,1,1,1,1,1,1,1,1,1,1,1,1,1,1,1,1,1,
1,1),(-0.00446115388640977,-0.00297410259093984,-0.00148705129546992,0.,
0.00148705129546992,0.00297410259093984,0.00446115388640977,0.00594820518187969,
0.00743525647734961,0.00892230777281953,0.0104093590682895,0.0118964103637594,
0.0133834616592293,0.0148705129546992,0.0163575642501691,0.0178446155456391,
0.019331666841109,0.0208187181365789,0.0223057694320488,0.0237928207275188,
0.0252798720229887,0.0267669233184586,0.0282539746139285),.UNSPECIFIED.);
#13=B_SPLINE_CURVE_WITH_KNOTS('',3,(#3384,#3385,#3386,#3387,#3388,#3389,
#3390,#3391,#3392,#3393,#3394,#3395,#3396,#3397,#3398,#3399,#3400,#3401,
#3402),.UNSPECIFIED.,.T.,.F.,(1,1,1,1,1,1,1,1,1,1,1,1,1,1,1,1,1,1,1,1,1,
1,1),(-0.00446115388640977,-0.00297410259093984,-0.00148705129546992,0.,
0.00148705129546992,0.00297410259093984,0.00446115388640977,0.00594820518187969,
0.00743525647734961,0.00892230777281953,0.0104093590682895,0.0118964103637594,
0.0133834616592293,0.0148705129546992,0.0163575642501691,0.0178446155456391,
0.019331666841109,0.0208187181365789,0.0223057694320488,0.0237928207275188,
0.0252798720229887,0.0267669233184586,0.0282539746139285),.UNSPECIFIED.);
#14=B_SPLINE_CURVE_WITH_KNOTS('',3,(#3494,#3495,#3496,#3497,#3498,#3499,
#3500,#3501,#3502,#3503,#3504,#3505,#3506,#3507,#3508,#3509,#3510,#3511,
#3512),.UNSPECIFIED.,.T.,.F.,(1,1,1,1,1,1,1,1,1,1,1,1,1,1,1,1,1,1,1,1,1,
1,1),(-0.00446115388640977,-0.00297410259093984,-0.00148705129546992,0.,
0.00148705129546992,0.00297410259093984,0.00446115388640977,0.00594820518187969,
0.00743525647734961,0.00892230777281953,0.0104093590682895,0.0118964103637594,
0.0133834616592293,0.0148705129546992,0.0163575642501691,0.0178446155456391,
0.019331666841109,0.0208187181365789,0.0223057694320488,0.0237928207275188,
0.0252798720229887,0.0267669233184586,0.0282539746139285),.UNSPECIFIED.);
#15=B_SPLINE_CURVE_WITH_KNOTS('',3,(#3603,#3604,#3605,#3606,#3607,#3608,
#3609,#3610,#3611,#3612,#3613,#3614,#3615,#3616,#3617,#3618,#3619,#3620,
#3621),.UNSPECIFIED.,.T.,.F.,(1,1,1,1,1,1,1,1,1,1,1,1,1,1,1,1,1,1,1,1,1,
1,1),(-0.00446115388640977,-0.00297410259093984,-0.00148705129546992,0.,
0.00148705129546992,0.00297410259093984,0.00446115388640977,0.00594820518187969,
0.00743525647734961,0.00892230777281953,0.0104093590682895,0.0118964103637594,
0.0133834616592293,0.0148705129546992,0.0163575642501691,0.0178446155456391,
0.019331666841109,0.0208187181365789,0.0223057694320488,0.0237928207275188,
0.0252798720229887,0.0267669233184586,0.0282539746139285),.UNSPECIFIED.);
#16=PLANE('',#2119);
#17=PLANE('',#2125);
#18=PLANE('',#2165);
#19=PLANE('',#2195);
#20=PLANE('',#2196);
#21=PLANE('',#2197);
#22=PLANE('',#2200);
#23=PLANE('',#2204);
#24=PLANE('',#2208);
#25=PLANE('',#2209);
#26=PLANE('',#2210);
#27=PLANE('',#2211);
#28=PLANE('',#2212);
#29=PLANE('',#2242);
#30=PLANE('',#2243);
#31=PLANE('',#2244);
#32=PLANE('',#2247);
#33=PLANE('',#2251);
#34=PLANE('',#2255);
#35=PLANE('',#2256);
#36=PLANE('',#2257);
#37=PLANE('',#2258);
#38=PLANE('',#2260);
#39=PLANE('',#2289);
#40=PLANE('',#2290);
#41=PLANE('',#2291);
#42=PLANE('',#2294);
#43=PLANE('',#2298);
#44=PLANE('',#2302);
#45=PLANE('',#2303);
#46=PLANE('',#2304);
#47=PLANE('',#2305);
#48=PLANE('',#2306);
#49=PLANE('',#2335);
#50=PLANE('',#2336);
#51=PLANE('',#2337);
#52=PLANE('',#2340);
#53=PLANE('',#2344);
#54=PLANE('',#2348);
#55=PLANE('',#2349);
#56=PLANE('',#2350);
#57=PLANE('',#2351);
#58=PLANE('',#2352);
#59=PLANE('',#2354);
#60=PLANE('',#2357);
#61=PLANE('',#2359);
#62=PLANE('',#2361);
#63=PLANE('',#2362);
#64=PLANE('',#2364);
#65=PLANE('',#2365);
#66=PLANE('',#2367);
#67=PLANE('',#2368);
#68=PLANE('',#2370);
#69=PLANE('',#2373);
#70=LINE('',#3048,#198);
#71=LINE('',#3053,#199);
#72=LINE('',#3057,#200);
#73=LINE('',#3061,#201);
#74=LINE('',#3081,#202);
#75=LINE('',#3084,#203);
#76=LINE('',#3086,#204);
#77=LINE('',#3088,#205);
#78=LINE('',#3090,#206);
#79=LINE('',#3092,#207);
#80=LINE('',#3094,#208);
#81=LINE('',#3096,#209);
#82=LINE('',#3097,#210);
#83=LINE('',#3100,#211);
#84=LINE('',#3102,#212);
#85=LINE('',#3104,#213);
#86=LINE('',#3106,#214);
#87=LINE('',#3108,#215);
#88=LINE('',#3110,#216);
#89=LINE('',#3112,#217);
#90=LINE('',#3117,#218);
#91=LINE('',#3120,#219);
#92=LINE('',#3122,#220);
#93=LINE('',#3124,#221);
#94=LINE('',#3126,#222);
#95=LINE('',#3128,#223);
#96=LINE('',#3130,#224);
#97=LINE('',#3132,#225);
#98=LINE('',#3133,#226);
#99=LINE('',#3136,#227);
#100=LINE('',#3138,#228);
#101=LINE('',#3140,#229);
#102=LINE('',#3142,#230);
#103=LINE('',#3144,#231);
#104=LINE('',#3146,#232);
#105=LINE('',#3148,#233);
#106=LINE('',#3228,#234);
#107=LINE('',#3232,#235);
#108=LINE('',#3242,#236);
#109=LINE('',#3246,#237);
#110=LINE('',#3248,#238);
#111=LINE('',#3252,#239);
#112=LINE('',#3254,#240);
#113=LINE('',#3258,#241);
#114=LINE('',#3260,#242);
#115=LINE('',#3264,#243);
#116=LINE('',#3299,#244);
#117=LINE('',#3303,#245);
#118=LINE('',#3305,#246);
#119=LINE('',#3307,#247);
#120=LINE('',#3313,#248);
#121=LINE('',#3315,#249);
#122=LINE('',#3317,#250);
#123=LINE('',#3321,#251);
#124=LINE('',#3325,#252);
#125=LINE('',#3326,#253);
#126=LINE('',#3338,#254);
#127=LINE('',#3342,#255);
#128=LINE('',#3352,#256);
#129=LINE('',#3356,#257);
#130=LINE('',#3358,#258);
#131=LINE('',#3362,#259);
#132=LINE('',#3364,#260);
#133=LINE('',#3366,#261);
#134=LINE('',#3370,#262);
#135=LINE('',#3374,#263);
#136=LINE('',#3409,#264);
#137=LINE('',#3413,#265);
#138=LINE('',#3415,#266);
#139=LINE('',#3417,#267);
#140=LINE('',#3423,#268);
#141=LINE('',#3425,#269);
#142=LINE('',#3427,#270);
#143=LINE('',#3433,#271);
#144=LINE('',#3435,#272);
#145=LINE('',#3436,#273);
#146=LINE('',#3449,#274);
#147=LINE('',#3453,#275);
#148=LINE('',#3462,#276);
#149=LINE('',#3466,#277);
#150=LINE('',#3468,#278);
#151=LINE('',#3472,#279);
#152=LINE('',#3474,#280);
#153=LINE('',#3476,#281);
#154=LINE('',#3480,#282);
#155=LINE('',#3484,#283);
#156=LINE('',#3519,#284);
#157=LINE('',#3523,#285);
#158=LINE('',#3525,#286);
#159=LINE('',#3527,#287);
#160=LINE('',#3533,#288);
#161=LINE('',#3535,#289);
#162=LINE('',#3537,#290);
#163=LINE('',#3543,#291);
#164=LINE('',#3545,#292);
#165=LINE('',#3546,#293);
#166=LINE('',#3558,#294);
#167=LINE('',#3562,#295);
#168=LINE('',#3571,#296);
#169=LINE('',#3575,#297);
#170=LINE('',#3577,#298);
#171=LINE('',#3581,#299);
#172=LINE('',#3583,#300);
#173=LINE('',#3587,#301);
#174=LINE('',#3589,#302);
#175=LINE('',#3593,#303);
#176=LINE('',#3628,#304);
#177=LINE('',#3632,#305);
#178=LINE('',#3634,#306);
#179=LINE('',#3636,#307);
#180=LINE('',#3642,#308);
#181=LINE('',#3644,#309);
#182=LINE('',#3646,#310);
#183=LINE('',#3650,#311);
#184=LINE('',#3654,#312);
#185=LINE('',#3655,#313);
#186=LINE('',#3679,#314);
#187=LINE('',#3680,#315);
#188=LINE('',#3682,#316);
#189=LINE('',#3684,#317);
#190=LINE('',#3688,#318);
#191=LINE('',#3690,#319);
#192=LINE('',#3692,#320);
#193=LINE('',#3694,#321);
#194=LINE('',#3698,#322);
#195=LINE('',#3700,#323);
#196=LINE('',#3704,#324);
#197=LINE('',#3706,#325);
#198=VECTOR('',#2382,1.);
#199=VECTOR('',#2385,1.);
#200=VECTOR('',#2388,1.);
#201=VECTOR('',#2391,1.);
#202=VECTOR('',#2414,1.);
#203=VECTOR('',#2415,1.);
#204=VECTOR('',#2416,1.);
#205=VECTOR('',#2417,1.);
#206=VECTOR('',#2418,1.);
#207=VECTOR('',#2419,1.);
#208=VECTOR('',#2420,1.);
#209=VECTOR('',#2421,1.);
#210=VECTOR('',#2422,1.);
#211=VECTOR('',#2423,1.);
#212=VECTOR('',#2424,1.);
#213=VECTOR('',#2425,1.);
#214=VECTOR('',#2426,1.);
#215=VECTOR('',#2427,1.);
#216=VECTOR('',#2428,1.);
#217=VECTOR('',#2429,1.);
#218=VECTOR('',#2434,1.);
#219=VECTOR('',#2435,1.);
#220=VECTOR('',#2436,1.);
#221=VECTOR('',#2437,1.);
#222=VECTOR('',#2438,1.);
#223=VECTOR('',#2439,1.);
#224=VECTOR('',#2440,1.);
#225=VECTOR('',#2441,1.);
#226=VECTOR('',#2442,1.);
#227=VECTOR('',#2443,1.);
#228=VECTOR('',#2444,1.);
#229=VECTOR('',#2445,1.);
#230=VECTOR('',#2446,1.);
#231=VECTOR('',#2447,1.);
#232=VECTOR('',#2448,1.);
#233=VECTOR('',#2449,1.);
#234=VECTOR('',#2534,1.);
#235=VECTOR('',#2537,1.);
#236=VECTOR('',#2550,1.);
#237=VECTOR('',#2553,1.);
#238=VECTOR('',#2556,1.);
#239=VECTOR('',#2559,1.);
#240=VECTOR('',#2562,1.);
#241=VECTOR('',#2565,1.);
#242=VECTOR('',#2568,1.);
#243=VECTOR('',#2571,1.);
#244=VECTOR('',#2598,1.);
#245=VECTOR('',#2601,1.);
#246=VECTOR('',#2604,1.);
#247=VECTOR('',#2607,1.);
#248=VECTOR('',#2616,1.);
#249=VECTOR('',#2617,1.);
#250=VECTOR('',#2618,1.);
#251=VECTOR('',#2623,1.);
#252=VECTOR('',#2628,1.);
#253=VECTOR('',#2629,1.);
#254=VECTOR('',#2648,1.);
#255=VECTOR('',#2651,1.);
#256=VECTOR('',#2664,1.);
#257=VECTOR('',#2667,1.);
#258=VECTOR('',#2670,1.);
#259=VECTOR('',#2673,1.);
#260=VECTOR('',#2676,1.);
#261=VECTOR('',#2677,1.);
#262=VECTOR('',#2682,1.);
#263=VECTOR('',#2685,1.);
#264=VECTOR('',#2712,1.);
#265=VECTOR('',#2715,1.);
#266=VECTOR('',#2718,1.);
#267=VECTOR('',#2721,1.);
#268=VECTOR('',#2730,1.);
#269=VECTOR('',#2731,1.);
#270=VECTOR('',#2732,1.);
#271=VECTOR('',#2739,1.);
#272=VECTOR('',#2742,1.);
#273=VECTOR('',#2743,1.);
#274=VECTOR('',#2764,1.);
#275=VECTOR('',#2767,1.);
#276=VECTOR('',#2778,1.);
#277=VECTOR('',#2781,1.);
#278=VECTOR('',#2784,1.);
#279=VECTOR('',#2787,1.);
#280=VECTOR('',#2790,1.);
#281=VECTOR('',#2791,1.);
#282=VECTOR('',#2796,1.);
#283=VECTOR('',#2799,1.);
#284=VECTOR('',#2826,1.);
#285=VECTOR('',#2829,1.);
#286=VECTOR('',#2832,1.);
#287=VECTOR('',#2835,1.);
#288=VECTOR('',#2844,1.);
#289=VECTOR('',#2845,1.);
#290=VECTOR('',#2846,1.);
#291=VECTOR('',#2853,1.);
#292=VECTOR('',#2856,1.);
#293=VECTOR('',#2857,1.);
#294=VECTOR('',#2876,1.);
#295=VECTOR('',#2879,1.);
#296=VECTOR('',#2890,1.);
#297=VECTOR('',#2893,1.);
#298=VECTOR('',#2896,1.);
#299=VECTOR('',#2899,1.);
#300=VECTOR('',#2902,1.);
#301=VECTOR('',#2905,1.);
#302=VECTOR('',#2908,1.);
#303=VECTOR('',#2911,1.);
#304=VECTOR('',#2938,1.);
#305=VECTOR('',#2941,1.);
#306=VECTOR('',#2944,1.);
#307=VECTOR('',#2947,1.);
#308=VECTOR('',#2956,1.);
#309=VECTOR('',#2957,1.);
#310=VECTOR('',#2958,1.);
#311=VECTOR('',#2963,1.);
#312=VECTOR('',#2968,1.);
#313=VECTOR('',#2969,1.);
#314=VECTOR('',#3002,1.);
#315=VECTOR('',#3003,1.);
#316=VECTOR('',#3006,1.);
#317=VECTOR('',#3007,1.);
#318=VECTOR('',#3012,1.);
#319=VECTOR('',#3015,1.);
#320=VECTOR('',#3016,1.);
#321=VECTOR('',#3019,1.);
#322=VECTOR('',#3024,1.);
#323=VECTOR('',#3025,1.);
#324=VECTOR('',#3030,1.);
#325=VECTOR('',#3033,1.);
#326=ORIENTED_EDGE('',*,*,#878,.T.);
#327=ORIENTED_EDGE('',*,*,#879,.F.);
#328=ORIENTED_EDGE('',*,*,#880,.F.);
#329=ORIENTED_EDGE('',*,*,#881,.T.);
#330=ORIENTED_EDGE('',*,*,#882,.F.);
#331=ORIENTED_EDGE('',*,*,#883,.F.);
#332=ORIENTED_EDGE('',*,*,#884,.F.);
#333=ORIENTED_EDGE('',*,*,#885,.T.);
#334=ORIENTED_EDGE('',*,*,#886,.F.);
#335=ORIENTED_EDGE('',*,*,#887,.T.);
#336=ORIENTED_EDGE('',*,*,#888,.F.);
#337=ORIENTED_EDGE('',*,*,#889,.F.);
#338=ORIENTED_EDGE('',*,*,#890,.F.);
#339=ORIENTED_EDGE('',*,*,#889,.T.);
#340=ORIENTED_EDGE('',*,*,#891,.T.);
#341=ORIENTED_EDGE('',*,*,#892,.F.);
#342=ORIENTED_EDGE('',*,*,#893,.T.);
#343=ORIENTED_EDGE('',*,*,#894,.F.);
#344=ORIENTED_EDGE('',*,*,#895,.F.);
#345=ORIENTED_EDGE('',*,*,#896,.T.);
#346=ORIENTED_EDGE('',*,*,#897,.F.);
#347=ORIENTED_EDGE('',*,*,#898,.T.);
#348=ORIENTED_EDGE('',*,*,#899,.F.);
#349=ORIENTED_EDGE('',*,*,#900,.F.);
#350=ORIENTED_EDGE('',*,*,#901,.F.);
#351=ORIENTED_EDGE('',*,*,#902,.T.);
#352=ORIENTED_EDGE('',*,*,#903,.T.);
#353=ORIENTED_EDGE('',*,*,#904,.T.);
#354=ORIENTED_EDGE('',*,*,#905,.T.);
#355=ORIENTED_EDGE('',*,*,#906,.F.);
#356=ORIENTED_EDGE('',*,*,#907,.T.);
#357=ORIENTED_EDGE('',*,*,#908,.F.);
#358=ORIENTED_EDGE('',*,*,#909,.T.);
#359=ORIENTED_EDGE('',*,*,#910,.F.);
#360=ORIENTED_EDGE('',*,*,#911,.F.);
#361=ORIENTED_EDGE('',*,*,#912,.T.);
#362=ORIENTED_EDGE('',*,*,#913,.T.);
#363=ORIENTED_EDGE('',*,*,#914,.T.);
#364=ORIENTED_EDGE('',*,*,#915,.T.);
#365=ORIENTED_EDGE('',*,*,#916,.F.);
#366=ORIENTED_EDGE('',*,*,#917,.T.);
#367=ORIENTED_EDGE('',*,*,#918,.F.);
#368=ORIENTED_EDGE('',*,*,#919,.T.);
#369=ORIENTED_EDGE('',*,*,#920,.F.);
#370=ORIENTED_EDGE('',*,*,#921,.F.);
#371=ORIENTED_EDGE('',*,*,#922,.T.);
#372=ORIENTED_EDGE('',*,*,#923,.F.);
#373=ORIENTED_EDGE('',*,*,#924,.T.);
#374=ORIENTED_EDGE('',*,*,#925,.F.);
#375=ORIENTED_EDGE('',*,*,#926,.F.);
#376=ORIENTED_EDGE('',*,*,#927,.F.);
#377=ORIENTED_EDGE('',*,*,#928,.F.);
#378=ORIENTED_EDGE('',*,*,#929,.T.);
#379=ORIENTED_EDGE('',*,*,#878,.F.);
#380=ORIENTED_EDGE('',*,*,#930,.F.);
#381=ORIENTED_EDGE('',*,*,#931,.T.);
#382=ORIENTED_EDGE('',*,*,#932,.F.);
#383=ORIENTED_EDGE('',*,*,#933,.F.);
#384=ORIENTED_EDGE('',*,*,#934,.F.);
#385=ORIENTED_EDGE('',*,*,#935,.T.);
#386=ORIENTED_EDGE('',*,*,#936,.F.);
#387=ORIENTED_EDGE('',*,*,#937,.F.);
#388=ORIENTED_EDGE('',*,*,#938,.F.);
#389=ORIENTED_EDGE('',*,*,#939,.T.);
#390=ORIENTED_EDGE('',*,*,#940,.F.);
#391=ORIENTED_EDGE('',*,*,#941,.T.);
#392=ORIENTED_EDGE('',*,*,#942,.T.);
#393=ORIENTED_EDGE('',*,*,#943,.T.);
#394=ORIENTED_EDGE('',*,*,#944,.F.);
#395=ORIENTED_EDGE('',*,*,#945,.T.);
#396=ORIENTED_EDGE('',*,*,#946,.T.);
#397=ORIENTED_EDGE('',*,*,#947,.T.);
#398=ORIENTED_EDGE('',*,*,#948,.T.);
#399=ORIENTED_EDGE('',*,*,#949,.F.);
#400=ORIENTED_EDGE('',*,*,#950,.T.);
#401=ORIENTED_EDGE('',*,*,#951,.T.);
#402=ORIENTED_EDGE('',*,*,#952,.T.);
#403=ORIENTED_EDGE('',*,*,#953,.F.);
#404=ORIENTED_EDGE('',*,*,#954,.T.);
#405=ORIENTED_EDGE('',*,*,#955,.T.);
#406=ORIENTED_EDGE('',*,*,#956,.T.);
#407=ORIENTED_EDGE('',*,*,#957,.T.);
#408=ORIENTED_EDGE('',*,*,#958,.F.);
#409=ORIENTED_EDGE('',*,*,#959,.F.);
#410=ORIENTED_EDGE('',*,*,#960,.F.);
#411=ORIENTED_EDGE('',*,*,#961,.T.);
#412=ORIENTED_EDGE('',*,*,#962,.F.);
#413=ORIENTED_EDGE('',*,*,#963,.F.);
#414=ORIENTED_EDGE('',*,*,#964,.F.);
#415=ORIENTED_EDGE('',*,*,#910,.T.);
#416=ORIENTED_EDGE('',*,*,#939,.F.);
#417=ORIENTED_EDGE('',*,*,#930,.T.);
#418=ORIENTED_EDGE('',*,*,#893,.F.);
#419=ORIENTED_EDGE('',*,*,#965,.T.);
#420=ORIENTED_EDGE('',*,*,#966,.F.);
#421=ORIENTED_EDGE('',*,*,#967,.F.);
#422=ORIENTED_EDGE('',*,*,#968,.T.);
#423=ORIENTED_EDGE('',*,*,#969,.T.);
#424=ORIENTED_EDGE('',*,*,#970,.F.);
#425=ORIENTED_EDGE('',*,*,#971,.T.);
#426=ORIENTED_EDGE('',*,*,#929,.F.);
#427=ORIENTED_EDGE('',*,*,#892,.T.);
#428=ORIENTED_EDGE('',*,*,#931,.F.);
#429=ORIENTED_EDGE('',*,*,#972,.F.);
#430=ORIENTED_EDGE('',*,*,#973,.F.);
#431=ORIENTED_EDGE('',*,*,#974,.F.);
#432=ORIENTED_EDGE('',*,*,#933,.T.);
#433=ORIENTED_EDGE('',*,*,#975,.F.);
#434=ORIENTED_EDGE('',*,*,#976,.F.);
#435=ORIENTED_EDGE('',*,*,#977,.F.);
#436=ORIENTED_EDGE('',*,*,#978,.F.);
#437=ORIENTED_EDGE('',*,*,#979,.T.);
#438=ORIENTED_EDGE('',*,*,#980,.F.);
#439=ORIENTED_EDGE('',*,*,#935,.F.);
#440=ORIENTED_EDGE('',*,*,#937,.T.);
#441=ORIENTED_EDGE('',*,*,#981,.F.);
#442=ORIENTED_EDGE('',*,*,#982,.F.);
#443=ORIENTED_EDGE('',*,*,#983,.F.);
#444=ORIENTED_EDGE('',*,*,#977,.T.);
#445=ORIENTED_EDGE('',*,*,#984,.T.);
#446=ORIENTED_EDGE('',*,*,#978,.T.);
#447=ORIENTED_EDGE('',*,*,#934,.T.);
#448=ORIENTED_EDGE('',*,*,#932,.T.);
#449=ORIENTED_EDGE('',*,*,#974,.T.);
#450=ORIENTED_EDGE('',*,*,#985,.T.);
#451=ORIENTED_EDGE('',*,*,#975,.T.);
#452=ORIENTED_EDGE('',*,*,#983,.T.);
#453=ORIENTED_EDGE('',*,*,#986,.T.);
#454=ORIENTED_EDGE('',*,*,#972,.T.);
#455=ORIENTED_EDGE('',*,*,#938,.T.);
#456=ORIENTED_EDGE('',*,*,#980,.T.);
#457=ORIENTED_EDGE('',*,*,#987,.T.);
#458=ORIENTED_EDGE('',*,*,#981,.T.);
#459=ORIENTED_EDGE('',*,*,#936,.T.);
#460=ORIENTED_EDGE('',*,*,#988,.T.);
#461=ORIENTED_EDGE('',*,*,#897,.T.);
#462=ORIENTED_EDGE('',*,*,#989,.T.);
#463=ORIENTED_EDGE('',*,*,#901,.T.);
#464=ORIENTED_EDGE('',*,*,#965,.F.);
#465=ORIENTED_EDGE('',*,*,#990,.F.);
#466=ORIENTED_EDGE('',*,*,#969,.F.);
#467=ORIENTED_EDGE('',*,*,#967,.T.);
#468=ORIENTED_EDGE('',*,*,#991,.F.);
#469=ORIENTED_EDGE('',*,*,#992,.T.);
#470=ORIENTED_EDGE('',*,*,#993,.T.);
#471=ORIENTED_EDGE('',*,*,#993,.F.);
#472=ORIENTED_EDGE('',*,*,#994,.F.);
#473=ORIENTED_EDGE('',*,*,#898,.F.);
#474=ORIENTED_EDGE('',*,*,#968,.F.);
#475=ORIENTED_EDGE('',*,*,#966,.T.);
#476=ORIENTED_EDGE('',*,*,#900,.T.);
#477=ORIENTED_EDGE('',*,*,#995,.T.);
#478=ORIENTED_EDGE('',*,*,#991,.T.);
#479=ORIENTED_EDGE('',*,*,#990,.T.);
#480=ORIENTED_EDGE('',*,*,#995,.F.);
#481=ORIENTED_EDGE('',*,*,#899,.T.);
#482=ORIENTED_EDGE('',*,*,#994,.T.);
#483=ORIENTED_EDGE('',*,*,#992,.F.);
#484=ORIENTED_EDGE('',*,*,#988,.F.);
#485=ORIENTED_EDGE('',*,*,#996,.T.);
#486=ORIENTED_EDGE('',*,*,#997,.F.);
#487=ORIENTED_EDGE('',*,*,#998,.F.);
#488=ORIENTED_EDGE('',*,*,#999,.T.);
#489=ORIENTED_EDGE('',*,*,#894,.T.);
#490=ORIENTED_EDGE('',*,*,#1000,.F.);
#491=ORIENTED_EDGE('',*,*,#1001,.F.);
#492=ORIENTED_EDGE('',*,*,#1002,.T.);
#493=ORIENTED_EDGE('',*,*,#998,.T.);
#494=ORIENTED_EDGE('',*,*,#1003,.T.);
#495=ORIENTED_EDGE('',*,*,#896,.F.);
#496=ORIENTED_EDGE('',*,*,#1004,.F.);
#497=ORIENTED_EDGE('',*,*,#1001,.T.);
#498=ORIENTED_EDGE('',*,*,#1005,.F.);
#499=ORIENTED_EDGE('',*,*,#1006,.T.);
#500=ORIENTED_EDGE('',*,*,#1004,.T.);
#501=ORIENTED_EDGE('',*,*,#895,.T.);
#502=ORIENTED_EDGE('',*,*,#999,.F.);
#503=ORIENTED_EDGE('',*,*,#1002,.F.);
#504=ORIENTED_EDGE('',*,*,#1005,.T.);
#505=ORIENTED_EDGE('',*,*,#989,.F.);
#506=ORIENTED_EDGE('',*,*,#1003,.F.);
#507=ORIENTED_EDGE('',*,*,#1000,.T.);
#508=ORIENTED_EDGE('',*,*,#997,.T.);
#509=ORIENTED_EDGE('',*,*,#1006,.F.);
#510=ORIENTED_EDGE('',*,*,#971,.F.);
#511=ORIENTED_EDGE('',*,*,#976,.T.);
#512=ORIENTED_EDGE('',*,*,#985,.F.);
#513=ORIENTED_EDGE('',*,*,#973,.T.);
#514=ORIENTED_EDGE('',*,*,#986,.F.);
#515=ORIENTED_EDGE('',*,*,#982,.T.);
#516=ORIENTED_EDGE('',*,*,#987,.F.);
#517=ORIENTED_EDGE('',*,*,#979,.F.);
#518=ORIENTED_EDGE('',*,*,#984,.F.);
#519=ORIENTED_EDGE('',*,*,#970,.T.);
#520=ORIENTED_EDGE('',*,*,#996,.F.);
#521=ORIENTED_EDGE('',*,*,#1007,.F.);
#522=ORIENTED_EDGE('',*,*,#1008,.F.);
#523=ORIENTED_EDGE('',*,*,#1009,.T.);
#524=ORIENTED_EDGE('',*,*,#1010,.T.);
#525=ORIENTED_EDGE('',*,*,#1011,.F.);
#526=ORIENTED_EDGE('',*,*,#1012,.T.);
#527=ORIENTED_EDGE('',*,*,#1013,.F.);
#528=ORIENTED_EDGE('',*,*,#891,.F.);
#529=ORIENTED_EDGE('',*,*,#928,.T.);
#530=ORIENTED_EDGE('',*,*,#940,.T.);
#531=ORIENTED_EDGE('',*,*,#1014,.T.);
#532=ORIENTED_EDGE('',*,*,#1015,.T.);
#533=ORIENTED_EDGE('',*,*,#1016,.T.);
#534=ORIENTED_EDGE('',*,*,#946,.F.);
#535=ORIENTED_EDGE('',*,*,#1017,.T.);
#536=ORIENTED_EDGE('',*,*,#1018,.T.);
#537=ORIENTED_EDGE('',*,*,#1019,.T.);
#538=ORIENTED_EDGE('',*,*,#1020,.T.);
#539=ORIENTED_EDGE('',*,*,#944,.T.);
#540=ORIENTED_EDGE('',*,*,#1021,.T.);
#541=ORIENTED_EDGE('',*,*,#1022,.F.);
#542=ORIENTED_EDGE('',*,*,#942,.F.);
#543=ORIENTED_EDGE('',*,*,#1023,.T.);
#544=ORIENTED_EDGE('',*,*,#1024,.T.);
#545=ORIENTED_EDGE('',*,*,#1025,.T.);
#546=ORIENTED_EDGE('',*,*,#1017,.F.);
#547=ORIENTED_EDGE('',*,*,#945,.F.);
#548=ORIENTED_EDGE('',*,*,#1020,.F.);
#549=ORIENTED_EDGE('',*,*,#1026,.F.);
#550=ORIENTED_EDGE('',*,*,#947,.F.);
#551=ORIENTED_EDGE('',*,*,#1019,.F.);
#552=ORIENTED_EDGE('',*,*,#1027,.F.);
#553=ORIENTED_EDGE('',*,*,#1014,.F.);
#554=ORIENTED_EDGE('',*,*,#1023,.F.);
#555=ORIENTED_EDGE('',*,*,#941,.F.);
#556=ORIENTED_EDGE('',*,*,#1016,.F.);
#557=ORIENTED_EDGE('',*,*,#1028,.F.);
#558=ORIENTED_EDGE('',*,*,#1021,.F.);
#559=ORIENTED_EDGE('',*,*,#943,.F.);
#560=ORIENTED_EDGE('',*,*,#1025,.F.);
#561=ORIENTED_EDGE('',*,*,#1029,.F.);
#562=ORIENTED_EDGE('',*,*,#1030,.F.);
#563=ORIENTED_EDGE('',*,*,#907,.F.);
#564=ORIENTED_EDGE('',*,*,#1007,.T.);
#565=ORIENTED_EDGE('',*,*,#903,.F.);
#566=ORIENTED_EDGE('',*,*,#1031,.F.);
#567=ORIENTED_EDGE('',*,*,#1032,.T.);
#568=ORIENTED_EDGE('',*,*,#1011,.T.);
#569=ORIENTED_EDGE('',*,*,#1009,.F.);
#570=ORIENTED_EDGE('',*,*,#1033,.F.);
#571=ORIENTED_EDGE('',*,*,#1034,.F.);
#572=ORIENTED_EDGE('',*,*,#1035,.T.);
#573=ORIENTED_EDGE('',*,*,#1033,.T.);
#574=ORIENTED_EDGE('',*,*,#1008,.T.);
#575=ORIENTED_EDGE('',*,*,#906,.T.);
#576=ORIENTED_EDGE('',*,*,#1036,.T.);
#577=ORIENTED_EDGE('',*,*,#1010,.F.);
#578=ORIENTED_EDGE('',*,*,#1035,.F.);
#579=ORIENTED_EDGE('',*,*,#1037,.F.);
#580=ORIENTED_EDGE('',*,*,#904,.F.);
#581=ORIENTED_EDGE('',*,*,#1032,.F.);
#582=ORIENTED_EDGE('',*,*,#1037,.T.);
#583=ORIENTED_EDGE('',*,*,#1034,.T.);
#584=ORIENTED_EDGE('',*,*,#1036,.F.);
#585=ORIENTED_EDGE('',*,*,#905,.F.);
#586=ORIENTED_EDGE('',*,*,#1030,.T.);
#587=ORIENTED_EDGE('',*,*,#1038,.F.);
#588=ORIENTED_EDGE('',*,*,#1039,.T.);
#589=ORIENTED_EDGE('',*,*,#902,.F.);
#590=ORIENTED_EDGE('',*,*,#1040,.F.);
#591=ORIENTED_EDGE('',*,*,#1041,.T.);
#592=ORIENTED_EDGE('',*,*,#1042,.T.);
#593=ORIENTED_EDGE('',*,*,#1041,.F.);
#594=ORIENTED_EDGE('',*,*,#1043,.F.);
#595=ORIENTED_EDGE('',*,*,#1044,.T.);
#596=ORIENTED_EDGE('',*,*,#1045,.F.);
#597=ORIENTED_EDGE('',*,*,#1044,.F.);
#598=ORIENTED_EDGE('',*,*,#1046,.T.);
#599=ORIENTED_EDGE('',*,*,#908,.T.);
#600=ORIENTED_EDGE('',*,*,#1047,.T.);
#601=ORIENTED_EDGE('',*,*,#1048,.F.);
#602=ORIENTED_EDGE('',*,*,#1046,.F.);
#603=ORIENTED_EDGE('',*,*,#1043,.T.);
#604=ORIENTED_EDGE('',*,*,#1040,.T.);
#605=ORIENTED_EDGE('',*,*,#909,.F.);
#606=ORIENTED_EDGE('',*,*,#1047,.F.);
#607=ORIENTED_EDGE('',*,*,#1031,.T.);
#608=ORIENTED_EDGE('',*,*,#1039,.F.);
#609=ORIENTED_EDGE('',*,*,#1042,.F.);
#610=ORIENTED_EDGE('',*,*,#1045,.T.);
#611=ORIENTED_EDGE('',*,*,#1048,.T.);
#612=ORIENTED_EDGE('',*,*,#1013,.T.);
#613=ORIENTED_EDGE('',*,*,#1018,.F.);
#614=ORIENTED_EDGE('',*,*,#1026,.T.);
#615=ORIENTED_EDGE('',*,*,#1022,.T.);
#616=ORIENTED_EDGE('',*,*,#1029,.T.);
#617=ORIENTED_EDGE('',*,*,#1024,.F.);
#618=ORIENTED_EDGE('',*,*,#1028,.T.);
#619=ORIENTED_EDGE('',*,*,#1015,.F.);
#620=ORIENTED_EDGE('',*,*,#1027,.T.);
#621=ORIENTED_EDGE('',*,*,#1012,.F.);
#622=ORIENTED_EDGE('',*,*,#1038,.T.);
#623=ORIENTED_EDGE('',*,*,#948,.F.);
#624=ORIENTED_EDGE('',*,*,#911,.T.);
#625=ORIENTED_EDGE('',*,*,#1049,.F.);
#626=ORIENTED_EDGE('',*,*,#1050,.F.);
#627=ORIENTED_EDGE('',*,*,#1051,.T.);
#628=ORIENTED_EDGE('',*,*,#1052,.T.);
#629=ORIENTED_EDGE('',*,*,#1053,.F.);
#630=ORIENTED_EDGE('',*,*,#1054,.T.);
#631=ORIENTED_EDGE('',*,*,#1055,.F.);
#632=ORIENTED_EDGE('',*,*,#949,.T.);
#633=ORIENTED_EDGE('',*,*,#1056,.T.);
#634=ORIENTED_EDGE('',*,*,#1057,.T.);
#635=ORIENTED_EDGE('',*,*,#1058,.T.);
#636=ORIENTED_EDGE('',*,*,#955,.F.);
#637=ORIENTED_EDGE('',*,*,#1059,.T.);
#638=ORIENTED_EDGE('',*,*,#1060,.T.);
#639=ORIENTED_EDGE('',*,*,#1061,.T.);
#640=ORIENTED_EDGE('',*,*,#1062,.T.);
#641=ORIENTED_EDGE('',*,*,#953,.T.);
#642=ORIENTED_EDGE('',*,*,#1063,.T.);
#643=ORIENTED_EDGE('',*,*,#1064,.F.);
#644=ORIENTED_EDGE('',*,*,#951,.F.);
#645=ORIENTED_EDGE('',*,*,#1065,.T.);
#646=ORIENTED_EDGE('',*,*,#1066,.T.);
#647=ORIENTED_EDGE('',*,*,#1067,.T.);
#648=ORIENTED_EDGE('',*,*,#1059,.F.);
#649=ORIENTED_EDGE('',*,*,#954,.F.);
#650=ORIENTED_EDGE('',*,*,#1062,.F.);
#651=ORIENTED_EDGE('',*,*,#1068,.F.);
#652=ORIENTED_EDGE('',*,*,#956,.F.);
#653=ORIENTED_EDGE('',*,*,#1061,.F.);
#654=ORIENTED_EDGE('',*,*,#1069,.F.);
#655=ORIENTED_EDGE('',*,*,#1056,.F.);
#656=ORIENTED_EDGE('',*,*,#1065,.F.);
#657=ORIENTED_EDGE('',*,*,#950,.F.);
#658=ORIENTED_EDGE('',*,*,#1058,.F.);
#659=ORIENTED_EDGE('',*,*,#1070,.F.);
#660=ORIENTED_EDGE('',*,*,#1063,.F.);
#661=ORIENTED_EDGE('',*,*,#952,.F.);
#662=ORIENTED_EDGE('',*,*,#1067,.F.);
#663=ORIENTED_EDGE('',*,*,#1071,.F.);
#664=ORIENTED_EDGE('',*,*,#1072,.F.);
#665=ORIENTED_EDGE('',*,*,#917,.F.);
#666=ORIENTED_EDGE('',*,*,#1049,.T.);
#667=ORIENTED_EDGE('',*,*,#913,.F.);
#668=ORIENTED_EDGE('',*,*,#1073,.F.);
#669=ORIENTED_EDGE('',*,*,#1074,.T.);
#670=ORIENTED_EDGE('',*,*,#1053,.T.);
#671=ORIENTED_EDGE('',*,*,#1051,.F.);
#672=ORIENTED_EDGE('',*,*,#1075,.F.);
#673=ORIENTED_EDGE('',*,*,#1076,.F.);
#674=ORIENTED_EDGE('',*,*,#1077,.T.);
#675=ORIENTED_EDGE('',*,*,#1075,.T.);
#676=ORIENTED_EDGE('',*,*,#1050,.T.);
#677=ORIENTED_EDGE('',*,*,#916,.T.);
#678=ORIENTED_EDGE('',*,*,#1078,.T.);
#679=ORIENTED_EDGE('',*,*,#1052,.F.);
#680=ORIENTED_EDGE('',*,*,#1077,.F.);
#681=ORIENTED_EDGE('',*,*,#1079,.F.);
#682=ORIENTED_EDGE('',*,*,#914,.F.);
#683=ORIENTED_EDGE('',*,*,#1074,.F.);
#684=ORIENTED_EDGE('',*,*,#1079,.T.);
#685=ORIENTED_EDGE('',*,*,#1076,.T.);
#686=ORIENTED_EDGE('',*,*,#1078,.F.);
#687=ORIENTED_EDGE('',*,*,#915,.F.);
#688=ORIENTED_EDGE('',*,*,#1072,.T.);
#689=ORIENTED_EDGE('',*,*,#1080,.F.);
#690=ORIENTED_EDGE('',*,*,#1081,.T.);
#691=ORIENTED_EDGE('',*,*,#912,.F.);
#692=ORIENTED_EDGE('',*,*,#1082,.F.);
#693=ORIENTED_EDGE('',*,*,#1083,.T.);
#694=ORIENTED_EDGE('',*,*,#1084,.T.);
#695=ORIENTED_EDGE('',*,*,#1083,.F.);
#696=ORIENTED_EDGE('',*,*,#1085,.F.);
#697=ORIENTED_EDGE('',*,*,#1086,.T.);
#698=ORIENTED_EDGE('',*,*,#1087,.F.);
#699=ORIENTED_EDGE('',*,*,#1086,.F.);
#700=ORIENTED_EDGE('',*,*,#1088,.T.);
#701=ORIENTED_EDGE('',*,*,#918,.T.);
#702=ORIENTED_EDGE('',*,*,#1089,.T.);
#703=ORIENTED_EDGE('',*,*,#1090,.F.);
#704=ORIENTED_EDGE('',*,*,#1088,.F.);
#705=ORIENTED_EDGE('',*,*,#1085,.T.);
#706=ORIENTED_EDGE('',*,*,#1082,.T.);
#707=ORIENTED_EDGE('',*,*,#919,.F.);
#708=ORIENTED_EDGE('',*,*,#1089,.F.);
#709=ORIENTED_EDGE('',*,*,#1073,.T.);
#710=ORIENTED_EDGE('',*,*,#1081,.F.);
#711=ORIENTED_EDGE('',*,*,#1084,.F.);
#712=ORIENTED_EDGE('',*,*,#1087,.T.);
#713=ORIENTED_EDGE('',*,*,#1090,.T.);
#714=ORIENTED_EDGE('',*,*,#1055,.T.);
#715=ORIENTED_EDGE('',*,*,#1060,.F.);
#716=ORIENTED_EDGE('',*,*,#1068,.T.);
#717=ORIENTED_EDGE('',*,*,#1064,.T.);
#718=ORIENTED_EDGE('',*,*,#1071,.T.);
#719=ORIENTED_EDGE('',*,*,#1066,.F.);
#720=ORIENTED_EDGE('',*,*,#1070,.T.);
#721=ORIENTED_EDGE('',*,*,#1057,.F.);
#722=ORIENTED_EDGE('',*,*,#1069,.T.);
#723=ORIENTED_EDGE('',*,*,#1054,.F.);
#724=ORIENTED_EDGE('',*,*,#1080,.T.);
#725=ORIENTED_EDGE('',*,*,#1091,.T.);
#726=ORIENTED_EDGE('',*,*,#1092,.F.);
#727=ORIENTED_EDGE('',*,*,#1093,.F.);
#728=ORIENTED_EDGE('',*,*,#1094,.T.);
#729=ORIENTED_EDGE('',*,*,#1095,.T.);
#730=ORIENTED_EDGE('',*,*,#1096,.F.);
#731=ORIENTED_EDGE('',*,*,#1097,.T.);
#732=ORIENTED_EDGE('',*,*,#957,.F.);
#733=ORIENTED_EDGE('',*,*,#1098,.F.);
#734=ORIENTED_EDGE('',*,*,#1099,.F.);
#735=ORIENTED_EDGE('',*,*,#1100,.F.);
#736=ORIENTED_EDGE('',*,*,#959,.T.);
#737=ORIENTED_EDGE('',*,*,#1101,.F.);
#738=ORIENTED_EDGE('',*,*,#1102,.F.);
#739=ORIENTED_EDGE('',*,*,#1103,.F.);
#740=ORIENTED_EDGE('',*,*,#1104,.F.);
#741=ORIENTED_EDGE('',*,*,#1105,.T.);
#742=ORIENTED_EDGE('',*,*,#1106,.F.);
#743=ORIENTED_EDGE('',*,*,#961,.F.);
#744=ORIENTED_EDGE('',*,*,#963,.T.);
#745=ORIENTED_EDGE('',*,*,#1107,.F.);
#746=ORIENTED_EDGE('',*,*,#1108,.F.);
#747=ORIENTED_EDGE('',*,*,#1109,.F.);
#748=ORIENTED_EDGE('',*,*,#1103,.T.);
#749=ORIENTED_EDGE('',*,*,#1110,.T.);
#750=ORIENTED_EDGE('',*,*,#1104,.T.);
#751=ORIENTED_EDGE('',*,*,#960,.T.);
#752=ORIENTED_EDGE('',*,*,#958,.T.);
#753=ORIENTED_EDGE('',*,*,#1100,.T.);
#754=ORIENTED_EDGE('',*,*,#1111,.T.);
#755=ORIENTED_EDGE('',*,*,#1101,.T.);
#756=ORIENTED_EDGE('',*,*,#1109,.T.);
#757=ORIENTED_EDGE('',*,*,#1112,.T.);
#758=ORIENTED_EDGE('',*,*,#1098,.T.);
#759=ORIENTED_EDGE('',*,*,#964,.T.);
#760=ORIENTED_EDGE('',*,*,#1106,.T.);
#761=ORIENTED_EDGE('',*,*,#1113,.T.);
#762=ORIENTED_EDGE('',*,*,#1107,.T.);
#763=ORIENTED_EDGE('',*,*,#962,.T.);
#764=ORIENTED_EDGE('',*,*,#1114,.T.);
#765=ORIENTED_EDGE('',*,*,#923,.T.);
#766=ORIENTED_EDGE('',*,*,#1115,.T.);
#767=ORIENTED_EDGE('',*,*,#927,.T.);
#768=ORIENTED_EDGE('',*,*,#1091,.F.);
#769=ORIENTED_EDGE('',*,*,#1116,.F.);
#770=ORIENTED_EDGE('',*,*,#1095,.F.);
#771=ORIENTED_EDGE('',*,*,#1093,.T.);
#772=ORIENTED_EDGE('',*,*,#1117,.F.);
#773=ORIENTED_EDGE('',*,*,#1118,.T.);
#774=ORIENTED_EDGE('',*,*,#1119,.T.);
#775=ORIENTED_EDGE('',*,*,#1119,.F.);
#776=ORIENTED_EDGE('',*,*,#1120,.F.);
#777=ORIENTED_EDGE('',*,*,#924,.F.);
#778=ORIENTED_EDGE('',*,*,#1094,.F.);
#779=ORIENTED_EDGE('',*,*,#1092,.T.);
#780=ORIENTED_EDGE('',*,*,#926,.T.);
#781=ORIENTED_EDGE('',*,*,#1121,.T.);
#782=ORIENTED_EDGE('',*,*,#1117,.T.);
#783=ORIENTED_EDGE('',*,*,#1116,.T.);
#784=ORIENTED_EDGE('',*,*,#1121,.F.);
#785=ORIENTED_EDGE('',*,*,#925,.T.);
#786=ORIENTED_EDGE('',*,*,#1120,.T.);
#787=ORIENTED_EDGE('',*,*,#1118,.F.);
#788=ORIENTED_EDGE('',*,*,#1114,.F.);
#789=ORIENTED_EDGE('',*,*,#1122,.T.);
#790=ORIENTED_EDGE('',*,*,#1123,.F.);
#791=ORIENTED_EDGE('',*,*,#1124,.F.);
#792=ORIENTED_EDGE('',*,*,#1125,.T.);
#793=ORIENTED_EDGE('',*,*,#920,.T.);
#794=ORIENTED_EDGE('',*,*,#1126,.F.);
#795=ORIENTED_EDGE('',*,*,#1127,.F.);
#796=ORIENTED_EDGE('',*,*,#1128,.T.);
#797=ORIENTED_EDGE('',*,*,#1124,.T.);
#798=ORIENTED_EDGE('',*,*,#1129,.T.);
#799=ORIENTED_EDGE('',*,*,#922,.F.);
#800=ORIENTED_EDGE('',*,*,#1130,.F.);
#801=ORIENTED_EDGE('',*,*,#1127,.T.);
#802=ORIENTED_EDGE('',*,*,#1131,.F.);
#803=ORIENTED_EDGE('',*,*,#1132,.T.);
#804=ORIENTED_EDGE('',*,*,#1130,.T.);
#805=ORIENTED_EDGE('',*,*,#921,.T.);
#806=ORIENTED_EDGE('',*,*,#1125,.F.);
#807=ORIENTED_EDGE('',*,*,#1128,.F.);
#808=ORIENTED_EDGE('',*,*,#1131,.T.);
#809=ORIENTED_EDGE('',*,*,#1115,.F.);
#810=ORIENTED_EDGE('',*,*,#1129,.F.);
#811=ORIENTED_EDGE('',*,*,#1126,.T.);
#812=ORIENTED_EDGE('',*,*,#1123,.T.);
#813=ORIENTED_EDGE('',*,*,#1132,.F.);
#814=ORIENTED_EDGE('',*,*,#1097,.F.);
#815=ORIENTED_EDGE('',*,*,#1102,.T.);
#816=ORIENTED_EDGE('',*,*,#1111,.F.);
#817=ORIENTED_EDGE('',*,*,#1099,.T.);
#818=ORIENTED_EDGE('',*,*,#1112,.F.);
#819=ORIENTED_EDGE('',*,*,#1108,.T.);
#820=ORIENTED_EDGE('',*,*,#1113,.F.);
#821=ORIENTED_EDGE('',*,*,#1105,.F.);
#822=ORIENTED_EDGE('',*,*,#1110,.F.);
#823=ORIENTED_EDGE('',*,*,#1096,.T.);
#824=ORIENTED_EDGE('',*,*,#1122,.F.);
#825=ORIENTED_EDGE('',*,*,#1133,.T.);
#826=ORIENTED_EDGE('',*,*,#890,.T.);
#827=ORIENTED_EDGE('',*,*,#1134,.F.);
#828=ORIENTED_EDGE('',*,*,#887,.F.);
#829=ORIENTED_EDGE('',*,*,#1133,.F.);
#830=ORIENTED_EDGE('',*,*,#1134,.T.);
#831=ORIENTED_EDGE('',*,*,#1135,.F.);
#832=ORIENTED_EDGE('',*,*,#888,.T.);
#833=ORIENTED_EDGE('',*,*,#1136,.T.);
#834=ORIENTED_EDGE('',*,*,#1137,.T.);
#835=ORIENTED_EDGE('',*,*,#882,.T.);
#836=ORIENTED_EDGE('',*,*,#1138,.F.);
#837=ORIENTED_EDGE('',*,*,#1139,.F.);
#838=ORIENTED_EDGE('',*,*,#883,.T.);
#839=ORIENTED_EDGE('',*,*,#1137,.F.);
#840=ORIENTED_EDGE('',*,*,#1140,.F.);
#841=ORIENTED_EDGE('',*,*,#1141,.F.);
#842=ORIENTED_EDGE('',*,*,#1142,.F.);
#843=ORIENTED_EDGE('',*,*,#884,.T.);
#844=ORIENTED_EDGE('',*,*,#1139,.T.);
#845=ORIENTED_EDGE('',*,*,#885,.F.);
#846=ORIENTED_EDGE('',*,*,#1142,.T.);
#847=ORIENTED_EDGE('',*,*,#1143,.T.);
#848=ORIENTED_EDGE('',*,*,#1144,.T.);
#849=ORIENTED_EDGE('',*,*,#1145,.T.);
#850=ORIENTED_EDGE('',*,*,#886,.T.);
#851=ORIENTED_EDGE('',*,*,#1144,.F.);
#852=ORIENTED_EDGE('',*,*,#1146,.T.);
#853=ORIENTED_EDGE('',*,*,#1147,.F.);
#854=ORIENTED_EDGE('',*,*,#879,.T.);
#855=ORIENTED_EDGE('',*,*,#1145,.F.);
#856=ORIENTED_EDGE('',*,*,#1148,.F.);
#857=ORIENTED_EDGE('',*,*,#880,.T.);
#858=ORIENTED_EDGE('',*,*,#1147,.T.);
#859=ORIENTED_EDGE('',*,*,#1149,.F.);
#860=ORIENTED_EDGE('',*,*,#1150,.F.);
#861=ORIENTED_EDGE('',*,*,#881,.F.);
#862=ORIENTED_EDGE('',*,*,#1150,.T.);
#863=ORIENTED_EDGE('',*,*,#1151,.T.);
#864=ORIENTED_EDGE('',*,*,#1138,.T.);
#865=ORIENTED_EDGE('',*,*,#1152,.T.);
#866=ORIENTED_EDGE('',*,*,#1151,.F.);
#867=ORIENTED_EDGE('',*,*,#1149,.T.);
#868=ORIENTED_EDGE('',*,*,#1148,.T.);
#869=ORIENTED_EDGE('',*,*,#1146,.F.);
#870=ORIENTED_EDGE('',*,*,#1143,.F.);
#871=ORIENTED_EDGE('',*,*,#1141,.T.);
#872=ORIENTED_EDGE('',*,*,#1140,.T.);
#873=ORIENTED_EDGE('',*,*,#1136,.F.);
#874=ORIENTED_EDGE('',*,*,#1153,.F.);
#875=ORIENTED_EDGE('',*,*,#1152,.F.);
#876=ORIENTED_EDGE('',*,*,#1135,.T.);
#877=ORIENTED_EDGE('',*,*,#1153,.T.);
#878=EDGE_CURVE('',#1154,#1154,#1350,.T.);
#879=EDGE_CURVE('',#1155,#1156,#70,.T.);
#880=EDGE_CURVE('',#1157,#1155,#1351,.T.);
#881=EDGE_CURVE('',#1157,#1158,#71,.T.);
#882=EDGE_CURVE('',#1159,#1158,#1352,.T.);
#883=EDGE_CURVE('',#1160,#1159,#72,.T.);
#884=EDGE_CURVE('',#1161,#1160,#1353,.T.);
#885=EDGE_CURVE('',#1161,#1162,#73,.T.);
#886=EDGE_CURVE('',#1156,#1162,#1354,.T.);
#887=EDGE_CURVE('',#1163,#1163,#1355,.T.);
#888=EDGE_CURVE('',#1164,#1164,#1356,.T.);
#889=EDGE_CURVE('',#1165,#1165,#1357,.T.);
#890=EDGE_CURVE('',#1166,#1166,#1358,.T.);
#891=EDGE_CURVE('',#1167,#1167,#1359,.T.);
#892=EDGE_CURVE('',#1168,#1168,#1360,.T.);
#893=EDGE_CURVE('',#1169,#1169,#1361,.T.);
#894=EDGE_CURVE('',#1170,#1171,#74,.F.);
#895=EDGE_CURVE('',#1172,#1170,#75,.T.);
#896=EDGE_CURVE('',#1172,#1173,#76,.T.);
#897=EDGE_CURVE('',#1174,#1173,#77,.T.);
#898=EDGE_CURVE('',#1174,#1175,#78,.T.);
#899=EDGE_CURVE('',#1176,#1175,#79,.T.);
#900=EDGE_CURVE('',#1177,#1176,#80,.T.);
#901=EDGE_CURVE('',#1171,#1177,#81,.F.);
#902=EDGE_CURVE('',#1178,#1179,#82,.F.);
#903=EDGE_CURVE('',#1179,#1180,#83,.F.);
#904=EDGE_CURVE('',#1180,#1181,#84,.T.);
#905=EDGE_CURVE('',#1181,#1182,#85,.T.);
#906=EDGE_CURVE('',#1183,#1182,#86,.T.);
#907=EDGE_CURVE('',#1183,#1184,#87,.T.);
#908=EDGE_CURVE('',#1185,#1184,#88,.T.);
#909=EDGE_CURVE('',#1185,#1178,#89,.T.);
#910=EDGE_CURVE('',#1186,#1186,#1362,.T.);
#911=EDGE_CURVE('',#1187,#1187,#1363,.T.);
#912=EDGE_CURVE('',#1188,#1189,#90,.F.);
#913=EDGE_CURVE('',#1189,#1190,#91,.F.);
#914=EDGE_CURVE('',#1190,#1191,#92,.T.);
#915=EDGE_CURVE('',#1191,#1192,#93,.T.);
#916=EDGE_CURVE('',#1193,#1192,#94,.T.);
#917=EDGE_CURVE('',#1193,#1194,#95,.T.);
#918=EDGE_CURVE('',#1195,#1194,#96,.T.);
#919=EDGE_CURVE('',#1195,#1188,#97,.T.);
#920=EDGE_CURVE('',#1196,#1197,#98,.F.);
#921=EDGE_CURVE('',#1198,#1196,#99,.T.);
#922=EDGE_CURVE('',#1198,#1199,#100,.T.);
#923=EDGE_CURVE('',#1200,#1199,#101,.T.);
#924=EDGE_CURVE('',#1200,#1201,#102,.T.);
#925=EDGE_CURVE('',#1202,#1201,#103,.T.);
#926=EDGE_CURVE('',#1203,#1202,#104,.T.);
#927=EDGE_CURVE('',#1197,#1203,#105,.F.);
#928=EDGE_CURVE('',#1204,#1204,#1364,.T.);
#929=EDGE_CURVE('',#1205,#1205,#1365,.T.);
#930=EDGE_CURVE('',#1206,#1206,#1366,.T.);
#931=EDGE_CURVE('',#1207,#1208,#1367,.F.);
#932=EDGE_CURVE('',#1209,#1208,#1368,.T.);
#933=EDGE_CURVE('',#1210,#1209,#1369,.T.);
#934=EDGE_CURVE('',#1211,#1210,#1370,.T.);
#935=EDGE_CURVE('',#1211,#1212,#1371,.T.);
#936=EDGE_CURVE('',#1213,#1212,#1372,.T.);
#937=EDGE_CURVE('',#1214,#1213,#1373,.T.);
#938=EDGE_CURVE('',#1207,#1214,#1374,.T.);
#939=EDGE_CURVE('',#1215,#1215,#1375,.T.);
#940=EDGE_CURVE('',#1216,#1217,#1376,.F.);
#941=EDGE_CURVE('',#1216,#1218,#1377,.T.);
#942=EDGE_CURVE('',#1218,#1219,#1378,.T.);
#943=EDGE_CURVE('',#1219,#1220,#1379,.T.);
#944=EDGE_CURVE('',#1221,#1220,#1380,.T.);
#945=EDGE_CURVE('',#1221,#1222,#1381,.T.);
#946=EDGE_CURVE('',#1222,#1223,#1382,.T.);
#947=EDGE_CURVE('',#1223,#1217,#1383,.T.);
#948=EDGE_CURVE('',#1224,#1224,#1384,.T.);
#949=EDGE_CURVE('',#1225,#1226,#1385,.F.);
#950=EDGE_CURVE('',#1225,#1227,#1386,.T.);
#951=EDGE_CURVE('',#1227,#1228,#1387,.T.);
#952=EDGE_CURVE('',#1228,#1229,#1388,.T.);
#953=EDGE_CURVE('',#1230,#1229,#1389,.T.);
#954=EDGE_CURVE('',#1230,#1231,#1390,.T.);
#955=EDGE_CURVE('',#1231,#1232,#1391,.T.);
#956=EDGE_CURVE('',#1232,#1226,#1392,.T.);
#957=EDGE_CURVE('',#1233,#1234,#1393,.F.);
#958=EDGE_CURVE('',#1235,#1234,#1394,.T.);
#959=EDGE_CURVE('',#1236,#1235,#1395,.T.);
#960=EDGE_CURVE('',#1237,#1236,#1396,.T.);
#961=EDGE_CURVE('',#1237,#1238,#1397,.T.);
#962=EDGE_CURVE('',#1239,#1238,#1398,.T.);
#963=EDGE_CURVE('',#1240,#1239,#1399,.T.);
#964=EDGE_CURVE('',#1233,#1240,#1400,.T.);
#965=EDGE_CURVE('',#1174,#1177,#1401,.T.);
#966=EDGE_CURVE('',#1241,#1177,#106,.T.);
#967=EDGE_CURVE('',#1242,#1241,#1402,.T.);
#968=EDGE_CURVE('',#1242,#1174,#107,.T.);
#969=EDGE_CURVE('',#1243,#1243,#1403,.T.);
#970=EDGE_CURVE('',#1244,#1244,#1404,.T.);
#971=EDGE_CURVE('',#1245,#1245,#1405,.T.);
#972=EDGE_CURVE('',#1246,#1207,#108,.F.);
#973=EDGE_CURVE('',#1247,#1246,#1406,.T.);
#974=EDGE_CURVE('',#1208,#1247,#109,.T.);
#975=EDGE_CURVE('',#1248,#1209,#110,.T.);
#976=EDGE_CURVE('',#1249,#1248,#1407,.T.);
#977=EDGE_CURVE('',#1210,#1249,#111,.F.);
#978=EDGE_CURVE('',#1250,#1211,#112,.T.);
#979=EDGE_CURVE('',#1250,#1251,#1408,.T.);
#980=EDGE_CURVE('',#1212,#1251,#113,.F.);
#981=EDGE_CURVE('',#1252,#1213,#114,.T.);
#982=EDGE_CURVE('',#1253,#1252,#1409,.T.);
#983=EDGE_CURVE('',#1214,#1253,#115,.F.);
#984=EDGE_CURVE('',#1249,#1250,#1410,.T.);
#985=EDGE_CURVE('',#1247,#1248,#1411,.T.);
#986=EDGE_CURVE('',#1253,#1246,#1412,.T.);
#987=EDGE_CURVE('',#1251,#1252,#1413,.T.);
#988=EDGE_CURVE('',#1254,#1254,#12,.T.);
#989=EDGE_CURVE('',#1173,#1171,#1414,.T.);
#990=EDGE_CURVE('',#1255,#1255,#1415,.T.);
#991=EDGE_CURVE('',#1256,#1241,#116,.T.);
#992=EDGE_CURVE('',#1256,#1257,#1416,.T.);
#993=EDGE_CURVE('',#1257,#1242,#117,.T.);
#994=EDGE_CURVE('',#1175,#1257,#118,.T.);
#995=EDGE_CURVE('',#1176,#1256,#119,.T.);
#996=EDGE_CURVE('',#1258,#1258,#1417,.T.);
#997=EDGE_CURVE('',#1259,#1171,#120,.T.);
#998=EDGE_CURVE('',#1260,#1259,#121,.T.);
#999=EDGE_CURVE('',#1260,#1170,#122,.T.);
#1000=EDGE_CURVE('',#1261,#1259,#1418,.T.);
#1001=EDGE_CURVE('',#1262,#1261,#123,.T.);
#1002=EDGE_CURVE('',#1262,#1260,#1419,.T.);
#1003=EDGE_CURVE('',#1261,#1173,#124,.T.);
#1004=EDGE_CURVE('',#1262,#1172,#125,.T.);
#1005=EDGE_CURVE('',#1263,#1263,#1420,.T.);
#1006=EDGE_CURVE('',#1264,#1264,#1421,.T.);
#1007=EDGE_CURVE('',#1183,#1180,#1422,.T.);
#1008=EDGE_CURVE('',#1265,#1183,#126,.T.);
#1009=EDGE_CURVE('',#1265,#1266,#1423,.T.);
#1010=EDGE_CURVE('',#1266,#1180,#127,.T.);
#1011=EDGE_CURVE('',#1267,#1267,#1424,.T.);
#1012=EDGE_CURVE('',#1268,#1268,#1425,.T.);
#1013=EDGE_CURVE('',#1269,#1269,#1426,.T.);
#1014=EDGE_CURVE('',#1217,#1270,#128,.T.);
#1015=EDGE_CURVE('',#1270,#1271,#1427,.T.);
#1016=EDGE_CURVE('',#1271,#1216,#129,.F.);
#1017=EDGE_CURVE('',#1222,#1272,#130,.F.);
#1018=EDGE_CURVE('',#1272,#1273,#1428,.T.);
#1019=EDGE_CURVE('',#1273,#1223,#131,.T.);
#1020=EDGE_CURVE('',#1274,#1221,#132,.T.);
#1021=EDGE_CURVE('',#1220,#1275,#133,.F.);
#1022=EDGE_CURVE('',#1274,#1275,#1429,.T.);
#1023=EDGE_CURVE('',#1218,#1276,#134,.F.);
#1024=EDGE_CURVE('',#1276,#1277,#1430,.T.);
#1025=EDGE_CURVE('',#1277,#1219,#135,.T.);
#1026=EDGE_CURVE('',#1272,#1274,#1431,.T.);
#1027=EDGE_CURVE('',#1270,#1273,#1432,.T.);
#1028=EDGE_CURVE('',#1276,#1271,#1433,.T.);
#1029=EDGE_CURVE('',#1275,#1277,#1434,.T.);
#1030=EDGE_CURVE('',#1278,#1278,#13,.T.);
#1031=EDGE_CURVE('',#1184,#1179,#1435,.T.);
#1032=EDGE_CURVE('',#1279,#1279,#1436,.T.);
#1033=EDGE_CURVE('',#1280,#1265,#136,.T.);
#1034=EDGE_CURVE('',#1281,#1280,#1437,.T.);
#1035=EDGE_CURVE('',#1281,#1266,#137,.T.);
#1036=EDGE_CURVE('',#1182,#1280,#138,.T.);
#1037=EDGE_CURVE('',#1181,#1281,#139,.T.);
#1038=EDGE_CURVE('',#1282,#1282,#1438,.T.);
#1039=EDGE_CURVE('',#1283,#1179,#140,.T.);
#1040=EDGE_CURVE('',#1284,#1178,#141,.T.);
#1041=EDGE_CURVE('',#1284,#1283,#142,.T.);
#1042=EDGE_CURVE('',#1285,#1283,#1439,.T.);
#1043=EDGE_CURVE('',#1286,#1284,#1440,.T.);
#1044=EDGE_CURVE('',#1286,#1285,#143,.T.);
#1045=EDGE_CURVE('',#1285,#1184,#144,.T.);
#1046=EDGE_CURVE('',#1286,#1185,#145,.T.);
#1047=EDGE_CURVE('',#1287,#1287,#1441,.T.);
#1048=EDGE_CURVE('',#1288,#1288,#1442,.T.);
#1049=EDGE_CURVE('',#1193,#1190,#1443,.T.);
#1050=EDGE_CURVE('',#1289,#1193,#146,.T.);
#1051=EDGE_CURVE('',#1289,#1290,#1444,.T.);
#1052=EDGE_CURVE('',#1290,#1190,#147,.T.);
#1053=EDGE_CURVE('',#1291,#1291,#1445,.T.);
#1054=EDGE_CURVE('',#1292,#1292,#1446,.T.);
#1055=EDGE_CURVE('',#1293,#1293,#1447,.T.);
#1056=EDGE_CURVE('',#1226,#1294,#148,.T.);
#1057=EDGE_CURVE('',#1294,#1295,#1448,.T.);
#1058=EDGE_CURVE('',#1295,#1225,#149,.F.);
#1059=EDGE_CURVE('',#1231,#1296,#150,.F.);
#1060=EDGE_CURVE('',#1296,#1297,#1449,.T.);
#1061=EDGE_CURVE('',#1297,#1232,#151,.T.);
#1062=EDGE_CURVE('',#1298,#1230,#152,.T.);
#1063=EDGE_CURVE('',#1229,#1299,#153,.F.);
#1064=EDGE_CURVE('',#1298,#1299,#1450,.T.);
#1065=EDGE_CURVE('',#1227,#1300,#154,.F.);
#1066=EDGE_CURVE('',#1300,#1301,#1451,.T.);
#1067=EDGE_CURVE('',#1301,#1228,#155,.T.);
#1068=EDGE_CURVE('',#1296,#1298,#1452,.T.);
#1069=EDGE_CURVE('',#1294,#1297,#1453,.T.);
#1070=EDGE_CURVE('',#1300,#1295,#1454,.T.);
#1071=EDGE_CURVE('',#1299,#1301,#1455,.T.);
#1072=EDGE_CURVE('',#1302,#1302,#14,.T.);
#1073=EDGE_CURVE('',#1194,#1189,#1456,.T.);
#1074=EDGE_CURVE('',#1303,#1303,#1457,.T.);
#1075=EDGE_CURVE('',#1304,#1289,#156,.T.);
#1076=EDGE_CURVE('',#1305,#1304,#1458,.T.);
#1077=EDGE_CURVE('',#1305,#1290,#157,.T.);
#1078=EDGE_CURVE('',#1192,#1304,#158,.T.);
#1079=EDGE_CURVE('',#1191,#1305,#159,.T.);
#1080=EDGE_CURVE('',#1306,#1306,#1459,.T.);
#1081=EDGE_CURVE('',#1307,#1189,#160,.T.);
#1082=EDGE_CURVE('',#1308,#1188,#161,.T.);
#1083=EDGE_CURVE('',#1308,#1307,#162,.T.);
#1084=EDGE_CURVE('',#1309,#1307,#1460,.T.);
#1085=EDGE_CURVE('',#1310,#1308,#1461,.T.);
#1086=EDGE_CURVE('',#1310,#1309,#163,.T.);
#1087=EDGE_CURVE('',#1309,#1194,#164,.T.);
#1088=EDGE_CURVE('',#1310,#1195,#165,.T.);
#1089=EDGE_CURVE('',#1311,#1311,#1462,.T.);
#1090=EDGE_CURVE('',#1312,#1312,#1463,.T.);
#1091=EDGE_CURVE('',#1200,#1203,#1464,.T.);
#1092=EDGE_CURVE('',#1313,#1203,#166,.T.);
#1093=EDGE_CURVE('',#1314,#1313,#1465,.T.);
#1094=EDGE_CURVE('',#1314,#1200,#167,.T.);
#1095=EDGE_CURVE('',#1315,#1315,#1466,.T.);
#1096=EDGE_CURVE('',#1316,#1316,#1467,.T.);
#1097=EDGE_CURVE('',#1317,#1317,#1468,.T.);
#1098=EDGE_CURVE('',#1318,#1233,#168,.F.);
#1099=EDGE_CURVE('',#1319,#1318,#1469,.T.);
#1100=EDGE_CURVE('',#1234,#1319,#169,.T.);
#1101=EDGE_CURVE('',#1320,#1235,#170,.T.);
#1102=EDGE_CURVE('',#1321,#1320,#1470,.T.);
#1103=EDGE_CURVE('',#1236,#1321,#171,.F.);
#1104=EDGE_CURVE('',#1322,#1237,#172,.T.);
#1105=EDGE_CURVE('',#1322,#1323,#1471,.T.);
#1106=EDGE_CURVE('',#1238,#1323,#173,.F.);
#1107=EDGE_CURVE('',#1324,#1239,#174,.T.);
#1108=EDGE_CURVE('',#1325,#1324,#1472,.T.);
#1109=EDGE_CURVE('',#1240,#1325,#175,.F.);
#1110=EDGE_CURVE('',#1321,#1322,#1473,.T.);
#1111=EDGE_CURVE('',#1319,#1320,#1474,.T.);
#1112=EDGE_CURVE('',#1325,#1318,#1475,.T.);
#1113=EDGE_CURVE('',#1323,#1324,#1476,.T.);
#1114=EDGE_CURVE('',#1326,#1326,#15,.T.);
#1115=EDGE_CURVE('',#1199,#1197,#1477,.T.);
#1116=EDGE_CURVE('',#1327,#1327,#1478,.T.);
#1117=EDGE_CURVE('',#1328,#1313,#176,.T.);
#1118=EDGE_CURVE('',#1328,#1329,#1479,.T.);
#1119=EDGE_CURVE('',#1329,#1314,#177,.T.);
#1120=EDGE_CURVE('',#1201,#1329,#178,.T.);
#1121=EDGE_CURVE('',#1202,#1328,#179,.T.);
#1122=EDGE_CURVE('',#1330,#1330,#1480,.T.);
#1123=EDGE_CURVE('',#1331,#1197,#180,.T.);
#1124=EDGE_CURVE('',#1332,#1331,#181,.T.);
#1125=EDGE_CURVE('',#1332,#1196,#182,.T.);
#1126=EDGE_CURVE('',#1333,#1331,#1481,.T.);
#1127=EDGE_CURVE('',#1334,#1333,#183,.T.);
#1128=EDGE_CURVE('',#1334,#1332,#1482,.T.);
#1129=EDGE_CURVE('',#1333,#1199,#184,.T.);
#1130=EDGE_CURVE('',#1334,#1198,#185,.T.);
#1131=EDGE_CURVE('',#1335,#1335,#1483,.T.);
#1132=EDGE_CURVE('',#1336,#1336,#1484,.T.);
#1133=EDGE_CURVE('',#1337,#1337,#1485,.T.);
#1134=EDGE_CURVE('',#1338,#1338,#1486,.T.);
#1135=EDGE_CURVE('',#1339,#1339,#1487,.T.);
#1136=EDGE_CURVE('',#1340,#1341,#1488,.T.);
#1137=EDGE_CURVE('',#1341,#1159,#186,.T.);
#1138=EDGE_CURVE('',#1340,#1158,#187,.T.);
#1139=EDGE_CURVE('',#1160,#1342,#188,.T.);
#1140=EDGE_CURVE('',#1342,#1341,#189,.T.);
#1141=EDGE_CURVE('',#1343,#1342,#1489,.T.);
#1142=EDGE_CURVE('',#1161,#1343,#190,.T.);
#1143=EDGE_CURVE('',#1343,#1344,#191,.T.);
#1144=EDGE_CURVE('',#1344,#1162,#192,.T.);
#1145=EDGE_CURVE('',#1345,#1156,#193,.T.);
#1146=EDGE_CURVE('',#1344,#1345,#1490,.T.);
#1147=EDGE_CURVE('',#1155,#1346,#194,.T.);
#1148=EDGE_CURVE('',#1346,#1345,#195,.T.);
#1149=EDGE_CURVE('',#1347,#1346,#1491,.T.);
#1150=EDGE_CURVE('',#1157,#1347,#196,.T.);
#1151=EDGE_CURVE('',#1347,#1340,#197,.T.);
#1152=EDGE_CURVE('',#1348,#1348,#1492,.T.);
#1153=EDGE_CURVE('',#1349,#1349,#1493,.F.);
#1154=VERTEX_POINT('',#3047);
#1155=VERTEX_POINT('',#3049);
#1156=VERTEX_POINT('',#3050);
#1157=VERTEX_POINT('',#3052);
#1158=VERTEX_POINT('',#3054);
#1159=VERTEX_POINT('',#3056);
#1160=VERTEX_POINT('',#3058);
#1161=VERTEX_POINT('',#3060);
#1162=VERTEX_POINT('',#3062);
#1163=VERTEX_POINT('',#3066);
#1164=VERTEX_POINT('',#3068);
#1165=VERTEX_POINT('',#3071);
#1166=VERTEX_POINT('',#3073);
#1167=VERTEX_POINT('',#3076);
#1168=VERTEX_POINT('',#3078);
#1169=VERTEX_POINT('',#3080);
#1170=VERTEX_POINT('',#3082);
#1171=VERTEX_POINT('',#3083);
#1172=VERTEX_POINT('',#3085);
#1173=VERTEX_POINT('',#3087);
#1174=VERTEX_POINT('',#3089);
#1175=VERTEX_POINT('',#3091);
#1176=VERTEX_POINT('',#3093);
#1177=VERTEX_POINT('',#3095);
#1178=VERTEX_POINT('',#3098);
#1179=VERTEX_POINT('',#3099);
#1180=VERTEX_POINT('',#3101);
#1181=VERTEX_POINT('',#3103);
#1182=VERTEX_POINT('',#3105);
#1183=VERTEX_POINT('',#3107);
#1184=VERTEX_POINT('',#3109);
#1185=VERTEX_POINT('',#3111);
#1186=VERTEX_POINT('',#3114);
#1187=VERTEX_POINT('',#3116);
#1188=VERTEX_POINT('',#3118);
#1189=VERTEX_POINT('',#3119);
#1190=VERTEX_POINT('',#3121);
#1191=VERTEX_POINT('',#3123);
#1192=VERTEX_POINT('',#3125);
#1193=VERTEX_POINT('',#3127);
#1194=VERTEX_POINT('',#3129);
#1195=VERTEX_POINT('',#3131);
#1196=VERTEX_POINT('',#3134);
#1197=VERTEX_POINT('',#3135);
#1198=VERTEX_POINT('',#3137);
#1199=VERTEX_POINT('',#3139);
#1200=VERTEX_POINT('',#3141);
#1201=VERTEX_POINT('',#3143);
#1202=VERTEX_POINT('',#3145);
#1203=VERTEX_POINT('',#3147);
#1204=VERTEX_POINT('',#3151);
#1205=VERTEX_POINT('',#3153);
#1206=VERTEX_POINT('',#3155);
#1207=VERTEX_POINT('',#3157);
#1208=VERTEX_POINT('',#3158);
#1209=VERTEX_POINT('',#3160);
#1210=VERTEX_POINT('',#3162);
#1211=VERTEX_POINT('',#3164);
#1212=VERTEX_POINT('',#3166);
#1213=VERTEX_POINT('',#3168);
#1214=VERTEX_POINT('',#3170);
#1215=VERTEX_POINT('',#3173);
#1216=VERTEX_POINT('',#3175);
#1217=VERTEX_POINT('',#3176);
#1218=VERTEX_POINT('',#3178);
#1219=VERTEX_POINT('',#3180);
#1220=VERTEX_POINT('',#3182);
#1221=VERTEX_POINT('',#3184);
#1222=VERTEX_POINT('',#3186);
#1223=VERTEX_POINT('',#3188);
#1224=VERTEX_POINT('',#3191);
#1225=VERTEX_POINT('',#3193);
#1226=VERTEX_POINT('',#3194);
#1227=VERTEX_POINT('',#3196);
#1228=VERTEX_POINT('',#3198);
#1229=VERTEX_POINT('',#3200);
#1230=VERTEX_POINT('',#3202);
#1231=VERTEX_POINT('',#3204);
#1232=VERTEX_POINT('',#3206);
#1233=VERTEX_POINT('',#3209);
#1234=VERTEX_POINT('',#3210);
#1235=VERTEX_POINT('',#3212);
#1236=VERTEX_POINT('',#3214);
#1237=VERTEX_POINT('',#3216);
#1238=VERTEX_POINT('',#3218);
#1239=VERTEX_POINT('',#3220);
#1240=VERTEX_POINT('',#3222);
#1241=VERTEX_POINT('',#3229);
#1242=VERTEX_POINT('',#3231);
#1243=VERTEX_POINT('',#3234);
#1244=VERTEX_POINT('',#3237);
#1245=VERTEX_POINT('',#3239);
#1246=VERTEX_POINT('',#3243);
#1247=VERTEX_POINT('',#3245);
#1248=VERTEX_POINT('',#3249);
#1249=VERTEX_POINT('',#3251);
#1250=VERTEX_POINT('',#3255);
#1251=VERTEX_POINT('',#3257);
#1252=VERTEX_POINT('',#3261);
#1253=VERTEX_POINT('',#3263);
#1254=VERTEX_POINT('',#3293);
#1255=VERTEX_POINT('',#3297);
#1256=VERTEX_POINT('',#3300);
#1257=VERTEX_POINT('',#3302);
#1258=VERTEX_POINT('',#3311);
#1259=VERTEX_POINT('',#3314);
#1260=VERTEX_POINT('',#3316);
#1261=VERTEX_POINT('',#3320);
#1262=VERTEX_POINT('',#3322);
#1263=VERTEX_POINT('',#3329);
#1264=VERTEX_POINT('',#3331);
#1265=VERTEX_POINT('',#3339);
#1266=VERTEX_POINT('',#3341);
#1267=VERTEX_POINT('',#3344);
#1268=VERTEX_POINT('',#3347);
#1269=VERTEX_POINT('',#3349);
#1270=VERTEX_POINT('',#3353);
#1271=VERTEX_POINT('',#3355);
#1272=VERTEX_POINT('',#3359);
#1273=VERTEX_POINT('',#3361);
#1274=VERTEX_POINT('',#3365);
#1275=VERTEX_POINT('',#3367);
#1276=VERTEX_POINT('',#3371);
#1277=VERTEX_POINT('',#3373);
#1278=VERTEX_POINT('',#3403);
#1279=VERTEX_POINT('',#3407);
#1280=VERTEX_POINT('',#3410);
#1281=VERTEX_POINT('',#3412);
#1282=VERTEX_POINT('',#3421);
#1283=VERTEX_POINT('',#3424);
#1284=VERTEX_POINT('',#3426);
#1285=VERTEX_POINT('',#3430);
#1286=VERTEX_POINT('',#3432);
#1287=VERTEX_POINT('',#3439);
#1288=VERTEX_POINT('',#3441);
#1289=VERTEX_POINT('',#3450);
#1290=VERTEX_POINT('',#3452);
#1291=VERTEX_POINT('',#3455);
#1292=VERTEX_POINT('',#3458);
#1293=VERTEX_POINT('',#3460);
#1294=VERTEX_POINT('',#3463);
#1295=VERTEX_POINT('',#3465);
#1296=VERTEX_POINT('',#3469);
#1297=VERTEX_POINT('',#3471);
#1298=VERTEX_POINT('',#3475);
#1299=VERTEX_POINT('',#3477);
#1300=VERTEX_POINT('',#3481);
#1301=VERTEX_POINT('',#3483);
#1302=VERTEX_POINT('',#3513);
#1303=VERTEX_POINT('',#3517);
#1304=VERTEX_POINT('',#3520);
#1305=VERTEX_POINT('',#3522);
#1306=VERTEX_POINT('',#3531);
#1307=VERTEX_POINT('',#3534);
#1308=VERTEX_POINT('',#3536);
#1309=VERTEX_POINT('',#3540);
#1310=VERTEX_POINT('',#3542);
#1311=VERTEX_POINT('',#3549);
#1312=VERTEX_POINT('',#3551);
#1313=VERTEX_POINT('',#3559);
#1314=VERTEX_POINT('',#3561);
#1315=VERTEX_POINT('',#3564);
#1316=VERTEX_POINT('',#3567);
#1317=VERTEX_POINT('',#3569);
#1318=VERTEX_POINT('',#3572);
#1319=VERTEX_POINT('',#3574);
#1320=VERTEX_POINT('',#3578);
#1321=VERTEX_POINT('',#3580);
#1322=VERTEX_POINT('',#3584);
#1323=VERTEX_POINT('',#3586);
#1324=VERTEX_POINT('',#3590);
#1325=VERTEX_POINT('',#3592);
#1326=VERTEX_POINT('',#3622);
#1327=VERTEX_POINT('',#3626);
#1328=VERTEX_POINT('',#3629);
#1329=VERTEX_POINT('',#3631);
#1330=VERTEX_POINT('',#3640);
#1331=VERTEX_POINT('',#3643);
#1332=VERTEX_POINT('',#3645);
#1333=VERTEX_POINT('',#3649);
#1334=VERTEX_POINT('',#3651);
#1335=VERTEX_POINT('',#3658);
#1336=VERTEX_POINT('',#3660);
#1337=VERTEX_POINT('',#3667);
#1338=VERTEX_POINT('',#3670);
#1339=VERTEX_POINT('',#3674);
#1340=VERTEX_POINT('',#3677);
#1341=VERTEX_POINT('',#3678);
#1342=VERTEX_POINT('',#3683);
#1343=VERTEX_POINT('',#3687);
#1344=VERTEX_POINT('',#3691);
#1345=VERTEX_POINT('',#3695);
#1346=VERTEX_POINT('',#3699);
#1347=VERTEX_POINT('',#3703);
#1348=VERTEX_POINT('',#3709);
#1349=VERTEX_POINT('',#3712);
#1350=CIRCLE('',#2108,0.007);
#1351=CIRCLE('',#2109,0.007);
#1352=CIRCLE('',#2110,0.007);
#1353=CIRCLE('',#2111,0.007);
#1354=CIRCLE('',#2112,0.007);
#1355=CIRCLE('',#2114,0.009);
#1356=CIRCLE('',#2115,0.009);
#1357=CIRCLE('',#2117,0.009);
#1358=CIRCLE('',#2118,0.009);
#1359=CIRCLE('',#2120,0.007);
#1360=CIRCLE('',#2121,0.007);
#1361=CIRCLE('',#2122,0.007);
#1362=CIRCLE('',#2123,0.032);
#1363=CIRCLE('',#2124,0.007);
#1364=CIRCLE('',#2126,0.007);
#1365=CIRCLE('',#2127,0.007);
#1366=CIRCLE('',#2128,0.007);
#1367=CIRCLE('',#2129,0.016);
#1368=CIRCLE('',#2130,0.002);
#1369=CIRCLE('',#2131,0.013);
#1370=CIRCLE('',#2132,0.002);
#1371=CIRCLE('',#2133,0.031);
#1372=CIRCLE('',#2134,0.002);
#1373=CIRCLE('',#2135,0.013);
#1374=CIRCLE('',#2136,0.002);
#1375=CIRCLE('',#2137,0.032);
#1376=CIRCLE('',#2138,0.016);
#1377=CIRCLE('',#2139,0.002);
#1378=CIRCLE('',#2140,0.013);
#1379=CIRCLE('',#2141,0.002);
#1380=CIRCLE('',#2142,0.031);
#1381=CIRCLE('',#2143,0.002);
#1382=CIRCLE('',#2144,0.013);
#1383=CIRCLE('',#2145,0.002);
#1384=CIRCLE('',#2146,0.007);
#1385=CIRCLE('',#2147,0.016);
#1386=CIRCLE('',#2148,0.002);
#1387=CIRCLE('',#2149,0.013);
#1388=CIRCLE('',#2150,0.002);
#1389=CIRCLE('',#2151,0.031);
#1390=CIRCLE('',#2152,0.002);
#1391=CIRCLE('',#2153,0.013);
#1392=CIRCLE('',#2154,0.002);
#1393=CIRCLE('',#2155,0.016);
#1394=CIRCLE('',#2156,0.002);
#1395=CIRCLE('',#2157,0.013);
#1396=CIRCLE('',#2158,0.002);
#1397=CIRCLE('',#2159,0.031);
#1398=CIRCLE('',#2160,0.002);
#1399=CIRCLE('',#2161,0.013);
#1400=CIRCLE('',#2162,0.002);
#1401=CIRCLE('',#2166,0.008);
#1402=CIRCLE('',#2167,0.004);
#1403=CIRCLE('',#2168,0.00215);
#1404=CIRCLE('',#2170,0.00215);
#1405=CIRCLE('',#2171,0.00215);
#1406=CIRCLE('',#2174,0.016);
#1407=CIRCLE('',#2176,0.013);
#1408=CIRCLE('',#2178,0.031);
#1409=CIRCLE('',#2180,0.013);
#1410=CIRCLE('',#2182,0.002);
#1411=CIRCLE('',#2184,0.002);
#1412=CIRCLE('',#2186,0.002);
#1413=CIRCLE('',#2188,0.002);
#1414=CIRCLE('',#2190,0.008);
#1415=CIRCLE('',#2192,0.00215);
#1416=CIRCLE('',#2194,0.004);
#1417=CIRCLE('',#2199,0.00375);
#1418=CIRCLE('',#2202,0.004);
#1419=CIRCLE('',#2203,0.004);
#1420=CIRCLE('',#2206,0.00215);
#1421=CIRCLE('',#2207,0.00215);
#1422=CIRCLE('',#2213,0.008);
#1423=CIRCLE('',#2214,0.004);
#1424=CIRCLE('',#2215,0.00215);
#1425=CIRCLE('',#2217,0.00215);
#1426=CIRCLE('',#2218,0.00215);
#1427=CIRCLE('',#2221,0.016);
#1428=CIRCLE('',#2223,0.013);
#1429=CIRCLE('',#2225,0.031);
#1430=CIRCLE('',#2227,0.013);
#1431=CIRCLE('',#2229,0.002);
#1432=CIRCLE('',#2231,0.002);
#1433=CIRCLE('',#2233,0.002);
#1434=CIRCLE('',#2235,0.002);
#1435=CIRCLE('',#2237,0.008);
#1436=CIRCLE('',#2239,0.00215);
#1437=CIRCLE('',#2241,0.004);
#1438=CIRCLE('',#2246,0.00375);
#1439=CIRCLE('',#2249,0.004);
#1440=CIRCLE('',#2250,0.004);
#1441=CIRCLE('',#2253,0.00215);
#1442=CIRCLE('',#2254,0.00215);
#1443=CIRCLE('',#2261,0.008);
#1444=CIRCLE('',#2262,0.004);
#1445=CIRCLE('',#2263,0.00215);
#1446=CIRCLE('',#2265,0.00215);
#1447=CIRCLE('',#2266,0.00215);
#1448=CIRCLE('',#2268,0.016);
#1449=CIRCLE('',#2270,0.013);
#1450=CIRCLE('',#2272,0.031);
#1451=CIRCLE('',#2274,0.013);
#1452=CIRCLE('',#2276,0.002);
#1453=CIRCLE('',#2278,0.002);
#1454=CIRCLE('',#2280,0.002);
#1455=CIRCLE('',#2282,0.002);
#1456=CIRCLE('',#2284,0.008);
#1457=CIRCLE('',#2286,0.00215);
#1458=CIRCLE('',#2288,0.004);
#1459=CIRCLE('',#2293,0.00375);
#1460=CIRCLE('',#2296,0.004);
#1461=CIRCLE('',#2297,0.004);
#1462=CIRCLE('',#2300,0.00215);
#1463=CIRCLE('',#2301,0.00215);
#1464=CIRCLE('',#2307,0.008);
#1465=CIRCLE('',#2308,0.004);
#1466=CIRCLE('',#2309,0.00215);
#1467=CIRCLE('',#2311,0.00215);
#1468=CIRCLE('',#2312,0.00215);
#1469=CIRCLE('',#2314,0.016);
#1470=CIRCLE('',#2316,0.013);
#1471=CIRCLE('',#2318,0.031);
#1472=CIRCLE('',#2320,0.013);
#1473=CIRCLE('',#2322,0.002);
#1474=CIRCLE('',#2324,0.002);
#1475=CIRCLE('',#2326,0.002);
#1476=CIRCLE('',#2328,0.002);
#1477=CIRCLE('',#2330,0.008);
#1478=CIRCLE('',#2332,0.00215);
#1479=CIRCLE('',#2334,0.004);
#1480=CIRCLE('',#2339,0.00375);
#1481=CIRCLE('',#2342,0.004);
#1482=CIRCLE('',#2343,0.004);
#1483=CIRCLE('',#2346,0.00215);
#1484=CIRCLE('',#2347,0.00215);
#1485=CIRCLE('',#2353,0.00825);
#1486=CIRCLE('',#2355,0.00825);
#1487=CIRCLE('',#2358,0.00825);
#1488=CIRCLE('',#2360,0.009);
#1489=CIRCLE('',#2363,0.009);
#1490=CIRCLE('',#2366,0.009);
#1491=CIRCLE('',#2369,0.009);
#1492=CIRCLE('',#2372,0.009);
#1493=CIRCLE('',#2374,0.00825);
#1494=EDGE_LOOP('',(#326));
#1495=EDGE_LOOP('',(#327,#328,#329,#330,#331,#332,#333,#334));
#1496=EDGE_LOOP('',(#335));
#1497=EDGE_LOOP('',(#336));
#1498=EDGE_LOOP('',(#337));
#1499=EDGE_LOOP('',(#338));
#1500=EDGE_LOOP('',(#339));
#1501=EDGE_LOOP('',(#340));
#1502=EDGE_LOOP('',(#341));
#1503=EDGE_LOOP('',(#342));
#1504=EDGE_LOOP('',(#343,#344,#345,#346,#347,#348,#349,#350));
#1505=EDGE_LOOP('',(#351,#352,#353,#354,#355,#356,#357,#358));
#1506=EDGE_LOOP('',(#359));
#1507=EDGE_LOOP('',(#360));
#1508=EDGE_LOOP('',(#361,#362,#363,#364,#365,#366,#367,#368));
#1509=EDGE_LOOP('',(#369,#370,#371,#372,#373,#374,#375,#376));
#1510=EDGE_LOOP('',(#377));
#1511=EDGE_LOOP('',(#378));
#1512=EDGE_LOOP('',(#379));
#1513=EDGE_LOOP('',(#380));
#1514=EDGE_LOOP('',(#381,#382,#383,#384,#385,#386,#387,#388));
#1515=EDGE_LOOP('',(#389));
#1516=EDGE_LOOP('',(#390,#391,#392,#393,#394,#395,#396,#397));
#1517=EDGE_LOOP('',(#398));
#1518=EDGE_LOOP('',(#399,#400,#401,#402,#403,#404,#405,#406));
#1519=EDGE_LOOP('',(#407,#408,#409,#410,#411,#412,#413,#414));
#1520=EDGE_LOOP('',(#415));
#1521=EDGE_LOOP('',(#416));
#1522=EDGE_LOOP('',(#417));
#1523=EDGE_LOOP('',(#418));
#1524=EDGE_LOOP('',(#419,#420,#421,#422));
#1525=EDGE_LOOP('',(#423));
#1526=EDGE_LOOP('',(#424));
#1527=EDGE_LOOP('',(#425));
#1528=EDGE_LOOP('',(#426));
#1529=EDGE_LOOP('',(#427));
#1530=EDGE_LOOP('',(#428,#429,#430,#431));
#1531=EDGE_LOOP('',(#432,#433,#434,#435));
#1532=EDGE_LOOP('',(#436,#437,#438,#439));
#1533=EDGE_LOOP('',(#440,#441,#442,#443));
#1534=EDGE_LOOP('',(#444,#445,#446,#447));
#1535=EDGE_LOOP('',(#448,#449,#450,#451));
#1536=EDGE_LOOP('',(#452,#453,#454,#455));
#1537=EDGE_LOOP('',(#456,#457,#458,#459));
#1538=EDGE_LOOP('',(#460));
#1539=EDGE_LOOP('',(#461,#462,#463,#464));
#1540=EDGE_LOOP('',(#465));
#1541=EDGE_LOOP('',(#466));
#1542=EDGE_LOOP('',(#467,#468,#469,#470));
#1543=EDGE_LOOP('',(#471,#472,#473,#474));
#1544=EDGE_LOOP('',(#475,#476,#477,#478));
#1545=EDGE_LOOP('',(#479));
#1546=EDGE_LOOP('',(#480,#481,#482,#483));
#1547=EDGE_LOOP('',(#484));
#1548=EDGE_LOOP('',(#485));
#1549=EDGE_LOOP('',(#486,#487,#488,#489));
#1550=EDGE_LOOP('',(#490,#491,#492,#493));
#1551=EDGE_LOOP('',(#494,#495,#496,#497));
#1552=EDGE_LOOP('',(#498));
#1553=EDGE_LOOP('',(#499));
#1554=EDGE_LOOP('',(#500,#501,#502,#503));
#1555=EDGE_LOOP('',(#504));
#1556=EDGE_LOOP('',(#505,#506,#507,#508));
#1557=EDGE_LOOP('',(#509));
#1558=EDGE_LOOP('',(#510));
#1559=EDGE_LOOP('',(#511,#512,#513,#514,#515,#516,#517,#518));
#1560=EDGE_LOOP('',(#519));
#1561=EDGE_LOOP('',(#520));
#1562=EDGE_LOOP('',(#521,#522,#523,#524));
#1563=EDGE_LOOP('',(#525));
#1564=EDGE_LOOP('',(#526));
#1565=EDGE_LOOP('',(#527));
#1566=EDGE_LOOP('',(#528));
#1567=EDGE_LOOP('',(#529));
#1568=EDGE_LOOP('',(#530,#531,#532,#533));
#1569=EDGE_LOOP('',(#534,#535,#536,#537));
#1570=EDGE_LOOP('',(#538,#539,#540,#541));
#1571=EDGE_LOOP('',(#542,#543,#544,#545));
#1572=EDGE_LOOP('',(#546,#547,#548,#549));
#1573=EDGE_LOOP('',(#550,#551,#552,#553));
#1574=EDGE_LOOP('',(#554,#555,#556,#557));
#1575=EDGE_LOOP('',(#558,#559,#560,#561));
#1576=EDGE_LOOP('',(#562));
#1577=EDGE_LOOP('',(#563,#564,#565,#566));
#1578=EDGE_LOOP('',(#567));
#1579=EDGE_LOOP('',(#568));
#1580=EDGE_LOOP('',(#569,#570,#571,#572));
#1581=EDGE_LOOP('',(#573,#574,#575,#576));
#1582=EDGE_LOOP('',(#577,#578,#579,#580));
#1583=EDGE_LOOP('',(#581));
#1584=EDGE_LOOP('',(#582,#583,#584,#585));
#1585=EDGE_LOOP('',(#586));
#1586=EDGE_LOOP('',(#587));
#1587=EDGE_LOOP('',(#588,#589,#590,#591));
#1588=EDGE_LOOP('',(#592,#593,#594,#595));
#1589=EDGE_LOOP('',(#596,#597,#598,#599));
#1590=EDGE_LOOP('',(#600));
#1591=EDGE_LOOP('',(#601));
#1592=EDGE_LOOP('',(#602,#603,#604,#605));
#1593=EDGE_LOOP('',(#606));
#1594=EDGE_LOOP('',(#607,#608,#609,#610));
#1595=EDGE_LOOP('',(#611));
#1596=EDGE_LOOP('',(#612));
#1597=EDGE_LOOP('',(#613,#614,#615,#616,#617,#618,#619,#620));
#1598=EDGE_LOOP('',(#621));
#1599=EDGE_LOOP('',(#622));
#1600=EDGE_LOOP('',(#623));
#1601=EDGE_LOOP('',(#624));
#1602=EDGE_LOOP('',(#625,#626,#627,#628));
#1603=EDGE_LOOP('',(#629));
#1604=EDGE_LOOP('',(#630));
#1605=EDGE_LOOP('',(#631));
#1606=EDGE_LOOP('',(#632,#633,#634,#635));
#1607=EDGE_LOOP('',(#636,#637,#638,#639));
#1608=EDGE_LOOP('',(#640,#641,#642,#643));
#1609=EDGE_LOOP('',(#644,#645,#646,#647));
#1610=EDGE_LOOP('',(#648,#649,#650,#651));
#1611=EDGE_LOOP('',(#652,#653,#654,#655));
#1612=EDGE_LOOP('',(#656,#657,#658,#659));
#1613=EDGE_LOOP('',(#660,#661,#662,#663));
#1614=EDGE_LOOP('',(#664));
#1615=EDGE_LOOP('',(#665,#666,#667,#668));
#1616=EDGE_LOOP('',(#669));
#1617=EDGE_LOOP('',(#670));
#1618=EDGE_LOOP('',(#671,#672,#673,#674));
#1619=EDGE_LOOP('',(#675,#676,#677,#678));
#1620=EDGE_LOOP('',(#679,#680,#681,#682));
#1621=EDGE_LOOP('',(#683));
#1622=EDGE_LOOP('',(#684,#685,#686,#687));
#1623=EDGE_LOOP('',(#688));
#1624=EDGE_LOOP('',(#689));
#1625=EDGE_LOOP('',(#690,#691,#692,#693));
#1626=EDGE_LOOP('',(#694,#695,#696,#697));
#1627=EDGE_LOOP('',(#698,#699,#700,#701));
#1628=EDGE_LOOP('',(#702));
#1629=EDGE_LOOP('',(#703));
#1630=EDGE_LOOP('',(#704,#705,#706,#707));
#1631=EDGE_LOOP('',(#708));
#1632=EDGE_LOOP('',(#709,#710,#711,#712));
#1633=EDGE_LOOP('',(#713));
#1634=EDGE_LOOP('',(#714));
#1635=EDGE_LOOP('',(#715,#716,#717,#718,#719,#720,#721,#722));
#1636=EDGE_LOOP('',(#723));
#1637=EDGE_LOOP('',(#724));
#1638=EDGE_LOOP('',(#725,#726,#727,#728));
#1639=EDGE_LOOP('',(#729));
#1640=EDGE_LOOP('',(#730));
#1641=EDGE_LOOP('',(#731));
#1642=EDGE_LOOP('',(#732,#733,#734,#735));
#1643=EDGE_LOOP('',(#736,#737,#738,#739));
#1644=EDGE_LOOP('',(#740,#741,#742,#743));
#1645=EDGE_LOOP('',(#744,#745,#746,#747));
#1646=EDGE_LOOP('',(#748,#749,#750,#751));
#1647=EDGE_LOOP('',(#752,#753,#754,#755));
#1648=EDGE_LOOP('',(#756,#757,#758,#759));
#1649=EDGE_LOOP('',(#760,#761,#762,#763));
#1650=EDGE_LOOP('',(#764));
#1651=EDGE_LOOP('',(#765,#766,#767,#768));
#1652=EDGE_LOOP('',(#769));
#1653=EDGE_LOOP('',(#770));
#1654=EDGE_LOOP('',(#771,#772,#773,#774));
#1655=EDGE_LOOP('',(#775,#776,#777,#778));
#1656=EDGE_LOOP('',(#779,#780,#781,#782));
#1657=EDGE_LOOP('',(#783));
#1658=EDGE_LOOP('',(#784,#785,#786,#787));
#1659=EDGE_LOOP('',(#788));
#1660=EDGE_LOOP('',(#789));
#1661=EDGE_LOOP('',(#790,#791,#792,#793));
#1662=EDGE_LOOP('',(#794,#795,#796,#797));
#1663=EDGE_LOOP('',(#798,#799,#800,#801));
#1664=EDGE_LOOP('',(#802));
#1665=EDGE_LOOP('',(#803));
#1666=EDGE_LOOP('',(#804,#805,#806,#807));
#1667=EDGE_LOOP('',(#808));
#1668=EDGE_LOOP('',(#809,#810,#811,#812));
#1669=EDGE_LOOP('',(#813));
#1670=EDGE_LOOP('',(#814));
#1671=EDGE_LOOP('',(#815,#816,#817,#818,#819,#820,#821,#822));
#1672=EDGE_LOOP('',(#823));
#1673=EDGE_LOOP('',(#824));
#1674=EDGE_LOOP('',(#825));
#1675=EDGE_LOOP('',(#826));
#1676=EDGE_LOOP('',(#827));
#1677=EDGE_LOOP('',(#828));
#1678=EDGE_LOOP('',(#829));
#1679=EDGE_LOOP('',(#830));
#1680=EDGE_LOOP('',(#831));
#1681=EDGE_LOOP('',(#832));
#1682=EDGE_LOOP('',(#833,#834,#835,#836));
#1683=EDGE_LOOP('',(#837,#838,#839,#840));
#1684=EDGE_LOOP('',(#841,#842,#843,#844));
#1685=EDGE_LOOP('',(#845,#846,#847,#848));
#1686=EDGE_LOOP('',(#849,#850,#851,#852));
#1687=EDGE_LOOP('',(#853,#854,#855,#856));
#1688=EDGE_LOOP('',(#857,#858,#859,#860));
#1689=EDGE_LOOP('',(#861,#862,#863,#864));
#1690=EDGE_LOOP('',(#865));
#1691=EDGE_LOOP('',(#866,#867,#868,#869,#870,#871,#872,#873));
#1692=EDGE_LOOP('',(#874));
#1693=EDGE_LOOP('',(#875));
#1694=EDGE_LOOP('',(#876));
#1695=EDGE_LOOP('',(#877));
#1696=FACE_BOUND('',#1494,.T.);
#1697=FACE_BOUND('',#1495,.T.);
#1698=FACE_BOUND('',#1496,.T.);
#1699=FACE_BOUND('',#1497,.T.);
#1700=FACE_BOUND('',#1498,.T.);
#1701=FACE_BOUND('',#1499,.T.);
#1702=FACE_BOUND('',#1500,.T.);
#1703=FACE_BOUND('',#1501,.T.);
#1704=FACE_BOUND('',#1502,.T.);
#1705=FACE_BOUND('',#1503,.T.);
#1706=FACE_BOUND('',#1504,.T.);
#1707=FACE_BOUND('',#1505,.T.);
#1708=FACE_BOUND('',#1506,.T.);
#1709=FACE_BOUND('',#1507,.T.);
#1710=FACE_BOUND('',#1508,.T.);
#1711=FACE_BOUND('',#1509,.T.);
#1712=FACE_BOUND('',#1510,.T.);
#1713=FACE_BOUND('',#1511,.T.);
#1714=FACE_BOUND('',#1512,.T.);
#1715=FACE_BOUND('',#1513,.T.);
#1716=FACE_BOUND('',#1514,.T.);
#1717=FACE_BOUND('',#1515,.T.);
#1718=FACE_BOUND('',#1516,.T.);
#1719=FACE_BOUND('',#1517,.T.);
#1720=FACE_BOUND('',#1518,.T.);
#1721=FACE_BOUND('',#1519,.T.);
#1722=FACE_BOUND('',#1520,.T.);
#1723=FACE_BOUND('',#1521,.T.);
#1724=FACE_BOUND('',#1522,.T.);
#1725=FACE_BOUND('',#1523,.T.);
#1726=FACE_BOUND('',#1524,.T.);
#1727=FACE_BOUND('',#1525,.T.);
#1728=FACE_BOUND('',#1526,.T.);
#1729=FACE_BOUND('',#1527,.T.);
#1730=FACE_BOUND('',#1528,.T.);
#1731=FACE_BOUND('',#1529,.T.);
#1732=FACE_BOUND('',#1530,.T.);
#1733=FACE_BOUND('',#1531,.T.);
#1734=FACE_BOUND('',#1532,.T.);
#1735=FACE_BOUND('',#1533,.T.);
#1736=FACE_BOUND('',#1534,.T.);
#1737=FACE_BOUND('',#1535,.T.);
#1738=FACE_BOUND('',#1536,.T.);
#1739=FACE_BOUND('',#1537,.T.);
#1740=FACE_BOUND('',#1538,.T.);
#1741=FACE_BOUND('',#1539,.T.);
#1742=FACE_BOUND('',#1540,.T.);
#1743=FACE_BOUND('',#1541,.T.);
#1744=FACE_BOUND('',#1542,.T.);
#1745=FACE_BOUND('',#1543,.T.);
#1746=FACE_BOUND('',#1544,.T.);
#1747=FACE_BOUND('',#1545,.T.);
#1748=FACE_BOUND('',#1546,.T.);
#1749=FACE_BOUND('',#1547,.T.);
#1750=FACE_BOUND('',#1548,.T.);
#1751=FACE_BOUND('',#1549,.T.);
#1752=FACE_BOUND('',#1550,.T.);
#1753=FACE_BOUND('',#1551,.T.);
#1754=FACE_BOUND('',#1552,.T.);
#1755=FACE_BOUND('',#1553,.T.);
#1756=FACE_BOUND('',#1554,.T.);
#1757=FACE_BOUND('',#1555,.T.);
#1758=FACE_BOUND('',#1556,.T.);
#1759=FACE_BOUND('',#1557,.T.);
#1760=FACE_BOUND('',#1558,.T.);
#1761=FACE_BOUND('',#1559,.T.);
#1762=FACE_BOUND('',#1560,.T.);
#1763=FACE_BOUND('',#1561,.T.);
#1764=FACE_BOUND('',#1562,.T.);
#1765=FACE_BOUND('',#1563,.T.);
#1766=FACE_BOUND('',#1564,.T.);
#1767=FACE_BOUND('',#1565,.T.);
#1768=FACE_BOUND('',#1566,.T.);
#1769=FACE_BOUND('',#1567,.T.);
#1770=FACE_BOUND('',#1568,.T.);
#1771=FACE_BOUND('',#1569,.T.);
#1772=FACE_BOUND('',#1570,.T.);
#1773=FACE_BOUND('',#1571,.T.);
#1774=FACE_BOUND('',#1572,.T.);
#1775=FACE_BOUND('',#1573,.T.);
#1776=FACE_BOUND('',#1574,.T.);
#1777=FACE_BOUND('',#1575,.T.);
#1778=FACE_BOUND('',#1576,.T.);
#1779=FACE_BOUND('',#1577,.T.);
#1780=FACE_BOUND('',#1578,.T.);
#1781=FACE_BOUND('',#1579,.T.);
#1782=FACE_BOUND('',#1580,.T.);
#1783=FACE_BOUND('',#1581,.T.);
#1784=FACE_BOUND('',#1582,.T.);
#1785=FACE_BOUND('',#1583,.T.);
#1786=FACE_BOUND('',#1584,.T.);
#1787=FACE_BOUND('',#1585,.T.);
#1788=FACE_BOUND('',#1586,.T.);
#1789=FACE_BOUND('',#1587,.T.);
#1790=FACE_BOUND('',#1588,.T.);
#1791=FACE_BOUND('',#1589,.T.);
#1792=FACE_BOUND('',#1590,.T.);
#1793=FACE_BOUND('',#1591,.T.);
#1794=FACE_BOUND('',#1592,.T.);
#1795=FACE_BOUND('',#1593,.T.);
#1796=FACE_BOUND('',#1594,.T.);
#1797=FACE_BOUND('',#1595,.T.);
#1798=FACE_BOUND('',#1596,.T.);
#1799=FACE_BOUND('',#1597,.T.);
#1800=FACE_BOUND('',#1598,.T.);
#1801=FACE_BOUND('',#1599,.T.);
#1802=FACE_BOUND('',#1600,.T.);
#1803=FACE_BOUND('',#1601,.T.);
#1804=FACE_BOUND('',#1602,.T.);
#1805=FACE_BOUND('',#1603,.T.);
#1806=FACE_BOUND('',#1604,.T.);
#1807=FACE_BOUND('',#1605,.T.);
#1808=FACE_BOUND('',#1606,.T.);
#1809=FACE_BOUND('',#1607,.T.);
#1810=FACE_BOUND('',#1608,.T.);
#1811=FACE_BOUND('',#1609,.T.);
#1812=FACE_BOUND('',#1610,.T.);
#1813=FACE_BOUND('',#1611,.T.);
#1814=FACE_BOUND('',#1612,.T.);
#1815=FACE_BOUND('',#1613,.T.);
#1816=FACE_BOUND('',#1614,.T.);
#1817=FACE_BOUND('',#1615,.T.);
#1818=FACE_BOUND('',#1616,.T.);
#1819=FACE_BOUND('',#1617,.T.);
#1820=FACE_BOUND('',#1618,.T.);
#1821=FACE_BOUND('',#1619,.T.);
#1822=FACE_BOUND('',#1620,.T.);
#1823=FACE_BOUND('',#1621,.T.);
#1824=FACE_BOUND('',#1622,.T.);
#1825=FACE_BOUND('',#1623,.T.);
#1826=FACE_BOUND('',#1624,.T.);
#1827=FACE_BOUND('',#1625,.T.);
#1828=FACE_BOUND('',#1626,.T.);
#1829=FACE_BOUND('',#1627,.T.);
#1830=FACE_BOUND('',#1628,.T.);
#1831=FACE_BOUND('',#1629,.T.);
#1832=FACE_BOUND('',#1630,.T.);
#1833=FACE_BOUND('',#1631,.T.);
#1834=FACE_BOUND('',#1632,.T.);
#1835=FACE_BOUND('',#1633,.T.);
#1836=FACE_BOUND('',#1634,.T.);
#1837=FACE_BOUND('',#1635,.T.);
#1838=FACE_BOUND('',#1636,.T.);
#1839=FACE_BOUND('',#1637,.T.);
#1840=FACE_BOUND('',#1638,.T.);
#1841=FACE_BOUND('',#1639,.T.);
#1842=FACE_BOUND('',#1640,.T.);
#1843=FACE_BOUND('',#1641,.T.);
#1844=FACE_BOUND('',#1642,.T.);
#1845=FACE_BOUND('',#1643,.T.);
#1846=FACE_BOUND('',#1644,.T.);
#1847=FACE_BOUND('',#1645,.T.);
#1848=FACE_BOUND('',#1646,.T.);
#1849=FACE_BOUND('',#1647,.T.);
#1850=FACE_BOUND('',#1648,.T.);
#1851=FACE_BOUND('',#1649,.T.);
#1852=FACE_BOUND('',#1650,.T.);
#1853=FACE_BOUND('',#1651,.T.);
#1854=FACE_BOUND('',#1652,.T.);
#1855=FACE_BOUND('',#1653,.T.);
#1856=FACE_BOUND('',#1654,.T.);
#1857=FACE_BOUND('',#1655,.T.);
#1858=FACE_BOUND('',#1656,.T.);
#1859=FACE_BOUND('',#1657,.T.);
#1860=FACE_BOUND('',#1658,.T.);
#1861=FACE_BOUND('',#1659,.T.);
#1862=FACE_BOUND('',#1660,.T.);
#1863=FACE_BOUND('',#1661,.T.);
#1864=FACE_BOUND('',#1662,.T.);
#1865=FACE_BOUND('',#1663,.T.);
#1866=FACE_BOUND('',#1664,.T.);
#1867=FACE_BOUND('',#1665,.T.);
#1868=FACE_BOUND('',#1666,.T.);
#1869=FACE_BOUND('',#1667,.T.);
#1870=FACE_BOUND('',#1668,.T.);
#1871=FACE_BOUND('',#1669,.T.);
#1872=FACE_BOUND('',#1670,.T.);
#1873=FACE_BOUND('',#1671,.T.);
#1874=FACE_BOUND('',#1672,.T.);
#1875=FACE_BOUND('',#1673,.T.);
#1876=FACE_BOUND('',#1674,.T.);
#1877=FACE_BOUND('',#1675,.T.);
#1878=FACE_BOUND('',#1676,.T.);
#1879=FACE_BOUND('',#1677,.T.);
#1880=FACE_BOUND('',#1678,.T.);
#1881=FACE_BOUND('',#1679,.T.);
#1882=FACE_BOUND('',#1680,.T.);
#1883=FACE_BOUND('',#1681,.T.);
#1884=FACE_BOUND('',#1682,.T.);
#1885=FACE_BOUND('',#1683,.T.);
#1886=FACE_BOUND('',#1684,.T.);
#1887=FACE_BOUND('',#1685,.T.);
#1888=FACE_BOUND('',#1686,.T.);
#1889=FACE_BOUND('',#1687,.T.);
#1890=FACE_BOUND('',#1688,.T.);
#1891=FACE_BOUND('',#1689,.T.);
#1892=FACE_BOUND('',#1690,.T.);
#1893=FACE_BOUND('',#1691,.T.);
#1894=FACE_BOUND('',#1692,.T.);
#1895=FACE_BOUND('',#1693,.T.);
#1896=FACE_BOUND('',#1694,.T.);
#1897=FACE_BOUND('',#1695,.T.);
#1898=CYLINDRICAL_SURFACE('',#2107,0.007);
#1899=CYLINDRICAL_SURFACE('',#2113,0.009);
#1900=CYLINDRICAL_SURFACE('',#2116,0.009);
#1901=CYLINDRICAL_SURFACE('',#2163,0.032);
#1902=CYLINDRICAL_SURFACE('',#2164,0.007);
#1903=CYLINDRICAL_SURFACE('',#2169,0.00215);
#1904=CYLINDRICAL_SURFACE('',#2172,0.007);
#1905=CYLINDRICAL_SURFACE('',#2173,0.016);
#1906=CYLINDRICAL_SURFACE('',#2175,0.013);
#1907=CYLINDRICAL_SURFACE('',#2177,0.031);
#1908=CYLINDRICAL_SURFACE('',#2179,0.013);
#1909=CYLINDRICAL_SURFACE('',#2181,0.002);
#1910=CYLINDRICAL_SURFACE('',#2183,0.002);
#1911=CYLINDRICAL_SURFACE('',#2185,0.002);
#1912=CYLINDRICAL_SURFACE('',#2187,0.002);
#1913=CYLINDRICAL_SURFACE('',#2189,0.008);
#1914=CYLINDRICAL_SURFACE('',#2191,0.00215);
#1915=CYLINDRICAL_SURFACE('',#2193,0.004);
#1916=CYLINDRICAL_SURFACE('',#2198,0.00375);
#1917=CYLINDRICAL_SURFACE('',#2201,0.004);
#1918=CYLINDRICAL_SURFACE('',#2205,0.00215);
#1919=CYLINDRICAL_SURFACE('',#2216,0.00215);
#1920=CYLINDRICAL_SURFACE('',#2219,0.007);
#1921=CYLINDRICAL_SURFACE('',#2220,0.016);
#1922=CYLINDRICAL_SURFACE('',#2222,0.013);
#1923=CYLINDRICAL_SURFACE('',#2224,0.031);
#1924=CYLINDRICAL_SURFACE('',#2226,0.013);
#1925=CYLINDRICAL_SURFACE('',#2228,0.002);
#1926=CYLINDRICAL_SURFACE('',#2230,0.002);
#1927=CYLINDRICAL_SURFACE('',#2232,0.002);
#1928=CYLINDRICAL_SURFACE('',#2234,0.002);
#1929=CYLINDRICAL_SURFACE('',#2236,0.008);
#1930=CYLINDRICAL_SURFACE('',#2238,0.00215);
#1931=CYLINDRICAL_SURFACE('',#2240,0.004);
#1932=CYLINDRICAL_SURFACE('',#2245,0.00375);
#1933=CYLINDRICAL_SURFACE('',#2248,0.004);
#1934=CYLINDRICAL_SURFACE('',#2252,0.00215);
#1935=CYLINDRICAL_SURFACE('',#2259,0.007);
#1936=CYLINDRICAL_SURFACE('',#2264,0.00215);
#1937=CYLINDRICAL_SURFACE('',#2267,0.016);
#1938=CYLINDRICAL_SURFACE('',#2269,0.013);
#1939=CYLINDRICAL_SURFACE('',#2271,0.031);
#1940=CYLINDRICAL_SURFACE('',#2273,0.013);
#1941=CYLINDRICAL_SURFACE('',#2275,0.002);
#1942=CYLINDRICAL_SURFACE('',#2277,0.002);
#1943=CYLINDRICAL_SURFACE('',#2279,0.002);
#1944=CYLINDRICAL_SURFACE('',#2281,0.002);
#1945=CYLINDRICAL_SURFACE('',#2283,0.008);
#1946=CYLINDRICAL_SURFACE('',#2285,0.00215);
#1947=CYLINDRICAL_SURFACE('',#2287,0.004);
#1948=CYLINDRICAL_SURFACE('',#2292,0.00375);
#1949=CYLINDRICAL_SURFACE('',#2295,0.004);
#1950=CYLINDRICAL_SURFACE('',#2299,0.00215);
#1951=CYLINDRICAL_SURFACE('',#2310,0.00215);
#1952=CYLINDRICAL_SURFACE('',#2313,0.016);
#1953=CYLINDRICAL_SURFACE('',#2315,0.013);
#1954=CYLINDRICAL_SURFACE('',#2317,0.031);
#1955=CYLINDRICAL_SURFACE('',#2319,0.013);
#1956=CYLINDRICAL_SURFACE('',#2321,0.002);
#1957=CYLINDRICAL_SURFACE('',#2323,0.002);
#1958=CYLINDRICAL_SURFACE('',#2325,0.002);
#1959=CYLINDRICAL_SURFACE('',#2327,0.002);
#1960=CYLINDRICAL_SURFACE('',#2329,0.008);
#1961=CYLINDRICAL_SURFACE('',#2331,0.00215);
#1962=CYLINDRICAL_SURFACE('',#2333,0.004);
#1963=CYLINDRICAL_SURFACE('',#2338,0.00375);
#1964=CYLINDRICAL_SURFACE('',#2341,0.004);
#1965=CYLINDRICAL_SURFACE('',#2345,0.00215);
#1966=CYLINDRICAL_SURFACE('',#2356,0.00825);
#1967=CYLINDRICAL_SURFACE('',#2371,0.009);
#1968=CYLINDRICAL_SURFACE('',#2375,0.00825);
#1969=ADVANCED_FACE('',(#1696,#1697),#1898,.F.);
#1970=ADVANCED_FACE('',(#1698,#1699),#1899,.T.);
#1971=ADVANCED_FACE('',(#1700,#1701),#1900,.T.);
#1972=ADVANCED_FACE('',(#1702,#1703,#1704,#1705,#1706,#1707,#1708,#1709,
#1710,#1711),#16,.T.);
#1973=ADVANCED_FACE('',(#1712,#1713,#1714,#1715,#1716,#1717,#1718,#1719,
#1720,#1721),#17,.F.);
#1974=ADVANCED_FACE('',(#1722,#1723),#1901,.T.);
#1975=ADVANCED_FACE('',(#1724,#1725),#1902,.F.);
#1976=ADVANCED_FACE('',(#1726,#1727),#18,.T.);
#1977=ADVANCED_FACE('',(#1728,#1729),#1903,.F.);
#1978=ADVANCED_FACE('',(#1730,#1731),#1904,.F.);
#1979=ADVANCED_FACE('',(#1732),#1905,.F.);
#1980=ADVANCED_FACE('',(#1733),#1906,.F.);
#1981=ADVANCED_FACE('',(#1734),#1907,.T.);
#1982=ADVANCED_FACE('',(#1735),#1908,.F.);
#1983=ADVANCED_FACE('',(#1736),#1909,.T.);
#1984=ADVANCED_FACE('',(#1737),#1910,.T.);
#1985=ADVANCED_FACE('',(#1738),#1911,.T.);
#1986=ADVANCED_FACE('',(#1739),#1912,.T.);
#1987=ADVANCED_FACE('',(#1740,#1741),#1913,.F.);
#1988=ADVANCED_FACE('',(#1742,#1743),#1914,.F.);
#1989=ADVANCED_FACE('',(#1744),#1915,.T.);
#1990=ADVANCED_FACE('',(#1745),#19,.F.);
#1991=ADVANCED_FACE('',(#1746),#20,.T.);
#1992=ADVANCED_FACE('',(#1747,#1748),#21,.F.);
#1993=ADVANCED_FACE('',(#1749,#1750),#1916,.F.);
#1994=ADVANCED_FACE('',(#1751),#22,.T.);
#1995=ADVANCED_FACE('',(#1752),#1917,.T.);
#1996=ADVANCED_FACE('',(#1753),#23,.F.);
#1997=ADVANCED_FACE('',(#1754,#1755),#1918,.F.);
#1998=ADVANCED_FACE('',(#1756,#1757),#24,.T.);
#1999=ADVANCED_FACE('',(#1758,#1759),#25,.F.);
#2000=ADVANCED_FACE('',(#1760,#1761),#26,.T.);
#2001=ADVANCED_FACE('',(#1762,#1763),#27,.F.);
#2002=ADVANCED_FACE('',(#1764,#1765),#28,.T.);
#2003=ADVANCED_FACE('',(#1766,#1767),#1919,.F.);
#2004=ADVANCED_FACE('',(#1768,#1769),#1920,.F.);
#2005=ADVANCED_FACE('',(#1770),#1921,.F.);
#2006=ADVANCED_FACE('',(#1771),#1922,.F.);
#2007=ADVANCED_FACE('',(#1772),#1923,.T.);
#2008=ADVANCED_FACE('',(#1773),#1924,.F.);
#2009=ADVANCED_FACE('',(#1774),#1925,.T.);
#2010=ADVANCED_FACE('',(#1775),#1926,.T.);
#2011=ADVANCED_FACE('',(#1776),#1927,.T.);
#2012=ADVANCED_FACE('',(#1777),#1928,.T.);
#2013=ADVANCED_FACE('',(#1778,#1779),#1929,.F.);
#2014=ADVANCED_FACE('',(#1780,#1781),#1930,.F.);
#2015=ADVANCED_FACE('',(#1782),#1931,.T.);
#2016=ADVANCED_FACE('',(#1783),#29,.F.);
#2017=ADVANCED_FACE('',(#1784),#30,.T.);
#2018=ADVANCED_FACE('',(#1785,#1786),#31,.F.);
#2019=ADVANCED_FACE('',(#1787,#1788),#1932,.F.);
#2020=ADVANCED_FACE('',(#1789),#32,.T.);
#2021=ADVANCED_FACE('',(#1790),#1933,.T.);
#2022=ADVANCED_FACE('',(#1791),#33,.F.);
#2023=ADVANCED_FACE('',(#1792,#1793),#1934,.F.);
#2024=ADVANCED_FACE('',(#1794,#1795),#34,.T.);
#2025=ADVANCED_FACE('',(#1796,#1797),#35,.F.);
#2026=ADVANCED_FACE('',(#1798,#1799),#36,.T.);
#2027=ADVANCED_FACE('',(#1800,#1801),#37,.F.);
#2028=ADVANCED_FACE('',(#1802,#1803),#1935,.F.);
#2029=ADVANCED_FACE('',(#1804,#1805),#38,.T.);
#2030=ADVANCED_FACE('',(#1806,#1807),#1936,.F.);
#2031=ADVANCED_FACE('',(#1808),#1937,.F.);
#2032=ADVANCED_FACE('',(#1809),#1938,.F.);
#2033=ADVANCED_FACE('',(#1810),#1939,.T.);
#2034=ADVANCED_FACE('',(#1811),#1940,.F.);
#2035=ADVANCED_FACE('',(#1812),#1941,.T.);
#2036=ADVANCED_FACE('',(#1813),#1942,.T.);
#2037=ADVANCED_FACE('',(#1814),#1943,.T.);
#2038=ADVANCED_FACE('',(#1815),#1944,.T.);
#2039=ADVANCED_FACE('',(#1816,#1817),#1945,.F.);
#2040=ADVANCED_FACE('',(#1818,#1819),#1946,.F.);
#2041=ADVANCED_FACE('',(#1820),#1947,.T.);
#2042=ADVANCED_FACE('',(#1821),#39,.F.);
#2043=ADVANCED_FACE('',(#1822),#40,.T.);
#2044=ADVANCED_FACE('',(#1823,#1824),#41,.F.);
#2045=ADVANCED_FACE('',(#1825,#1826),#1948,.F.);
#2046=ADVANCED_FACE('',(#1827),#42,.T.);
#2047=ADVANCED_FACE('',(#1828),#1949,.T.);
#2048=ADVANCED_FACE('',(#1829),#43,.F.);
#2049=ADVANCED_FACE('',(#1830,#1831),#1950,.F.);
#2050=ADVANCED_FACE('',(#1832,#1833),#44,.T.);
#2051=ADVANCED_FACE('',(#1834,#1835),#45,.F.);
#2052=ADVANCED_FACE('',(#1836,#1837),#46,.T.);
#2053=ADVANCED_FACE('',(#1838,#1839),#47,.F.);
#2054=ADVANCED_FACE('',(#1840,#1841),#48,.T.);
#2055=ADVANCED_FACE('',(#1842,#1843),#1951,.F.);
#2056=ADVANCED_FACE('',(#1844),#1952,.F.);
#2057=ADVANCED_FACE('',(#1845),#1953,.F.);
#2058=ADVANCED_FACE('',(#1846),#1954,.T.);
#2059=ADVANCED_FACE('',(#1847),#1955,.F.);
#2060=ADVANCED_FACE('',(#1848),#1956,.T.);
#2061=ADVANCED_FACE('',(#1849),#1957,.T.);
#2062=ADVANCED_FACE('',(#1850),#1958,.T.);
#2063=ADVANCED_FACE('',(#1851),#1959,.T.);
#2064=ADVANCED_FACE('',(#1852,#1853),#1960,.F.);
#2065=ADVANCED_FACE('',(#1854,#1855),#1961,.F.);
#2066=ADVANCED_FACE('',(#1856),#1962,.T.);
#2067=ADVANCED_FACE('',(#1857),#49,.F.);
#2068=ADVANCED_FACE('',(#1858),#50,.T.);
#2069=ADVANCED_FACE('',(#1859,#1860),#51,.F.);
#2070=ADVANCED_FACE('',(#1861,#1862),#1963,.F.);
#2071=ADVANCED_FACE('',(#1863),#52,.T.);
#2072=ADVANCED_FACE('',(#1864),#1964,.T.);
#2073=ADVANCED_FACE('',(#1865),#53,.F.);
#2074=ADVANCED_FACE('',(#1866,#1867),#1965,.F.);
#2075=ADVANCED_FACE('',(#1868,#1869),#54,.T.);
#2076=ADVANCED_FACE('',(#1870,#1871),#55,.F.);
#2077=ADVANCED_FACE('',(#1872,#1873),#56,.T.);
#2078=ADVANCED_FACE('',(#1874,#1875),#57,.F.);
#2079=ADVANCED_FACE('',(#1876,#1877),#58,.T.);
#2080=ADVANCED_FACE('',(#1878,#1879),#59,.F.);
#2081=ADVANCED_FACE('',(#1880,#1881),#1966,.T.);
#2082=ADVANCED_FACE('',(#1882,#1883),#60,.T.);
#2083=ADVANCED_FACE('',(#1884),#61,.T.);
#2084=ADVANCED_FACE('',(#1885),#62,.F.);
#2085=ADVANCED_FACE('',(#1886),#63,.T.);
#2086=ADVANCED_FACE('',(#1887),#64,.T.);
#2087=ADVANCED_FACE('',(#1888),#65,.T.);
#2088=ADVANCED_FACE('',(#1889),#66,.F.);
#2089=ADVANCED_FACE('',(#1890),#67,.T.);
#2090=ADVANCED_FACE('',(#1891),#68,.T.);
#2091=ADVANCED_FACE('',(#1892,#1893),#1967,.T.);
#2092=ADVANCED_FACE('',(#1894,#1895),#69,.F.);
#2093=ADVANCED_FACE('',(#1896,#1897),#1968,.T.);
#2094=CLOSED_SHELL('',(#1969,#1970,#1971,#1972,#1973,#1974,#1975,#1976,
#1977,#1978,#1979,#1980,#1981,#1982,#1983,#1984,#1985,#1986,#1987,#1988,
#1989,#1990,#1991,#1992,#1993,#1994,#1995,#1996,#1997,#1998,#1999,#2000,
#2001,#2002,#2003,#2004,#2005,#2006,#2007,#2008,#2009,#2010,#2011,#2012,
#2013,#2014,#2015,#2016,#2017,#2018,#2019,#2020,#2021,#2022,#2023,#2024,
#2025,#2026,#2027,#2028,#2029,#2030,#2031,#2032,#2033,#2034,#2035,#2036,
#2037,#2038,#2039,#2040,#2041,#2042,#2043,#2044,#2045,#2046,#2047,#2048,
#2049,#2050,#2051,#2052,#2053,#2054,#2055,#2056,#2057,#2058,#2059,#2060,
#2061,#2062,#2063,#2064,#2065,#2066,#2067,#2068,#2069,#2070,#2071,#2072,
#2073,#2074,#2075,#2076,#2077,#2078,#2079,#2080,#2081,#2082,#2083,#2084,
#2085,#2086,#2087,#2088,#2089,#2090,#2091,#2092,#2093));
#2095=STYLED_ITEM('',(#2096),#2103);
#2096=PRESENTATION_STYLE_ASSIGNMENT((#2097));
#2097=SURFACE_STYLE_USAGE(.BOTH.,#2098);
#2098=SURFACE_SIDE_STYLE('',(#2099));
#2099=SURFACE_STYLE_FILL_AREA(#2100);
#2100=FILL_AREA_STYLE('',(#2101));
#2101=FILL_AREA_STYLE_COLOUR('',#2102);
#2102=COLOUR_RGB('',0.76078431372549,0.83921568627451,0.925490196078431);
#2103=MANIFOLD_SOLID_BREP('PG2 Carriage Female',#2094);
#2104=SHAPE_DEFINITION_REPRESENTATION(#3720,#2105);
#2105=SHAPE_REPRESENTATION('PG2 Carriage Female',(#2106),#3715);
#2106=AXIS2_PLACEMENT_3D('',#3044,#2376,#2377);
#2107=AXIS2_PLACEMENT_3D('',#3045,#2378,#2379);
#2108=AXIS2_PLACEMENT_3D('',#3046,#2380,#2381);
#2109=AXIS2_PLACEMENT_3D('',#3051,#2383,#2384);
#2110=AXIS2_PLACEMENT_3D('',#3055,#2386,#2387);
#2111=AXIS2_PLACEMENT_3D('',#3059,#2389,#2390);
#2112=AXIS2_PLACEMENT_3D('',#3063,#2392,#2393);
#2113=AXIS2_PLACEMENT_3D('',#3064,#2394,#2395);
#2114=AXIS2_PLACEMENT_3D('',#3065,#2396,#2397);
#2115=AXIS2_PLACEMENT_3D('',#3067,#2398,#2399);
#2116=AXIS2_PLACEMENT_3D('',#3069,#2400,#2401);
#2117=AXIS2_PLACEMENT_3D('',#3070,#2402,#2403);
#2118=AXIS2_PLACEMENT_3D('',#3072,#2404,#2405);
#2119=AXIS2_PLACEMENT_3D('',#3074,#2406,#2407);
#2120=AXIS2_PLACEMENT_3D('',#3075,#2408,#2409);
#2121=AXIS2_PLACEMENT_3D('',#3077,#2410,#2411);
#2122=AXIS2_PLACEMENT_3D('',#3079,#2412,#2413);
#2123=AXIS2_PLACEMENT_3D('',#3113,#2430,#2431);
#2124=AXIS2_PLACEMENT_3D('',#3115,#2432,#2433);
#2125=AXIS2_PLACEMENT_3D('',#3149,#2450,#2451);
#2126=AXIS2_PLACEMENT_3D('',#3150,#2452,#2453);
#2127=AXIS2_PLACEMENT_3D('',#3152,#2454,#2455);
#2128=AXIS2_PLACEMENT_3D('',#3154,#2456,#2457);
#2129=AXIS2_PLACEMENT_3D('',#3156,#2458,#2459);
#2130=AXIS2_PLACEMENT_3D('',#3159,#2460,#2461);
#2131=AXIS2_PLACEMENT_3D('',#3161,#2462,#2463);
#2132=AXIS2_PLACEMENT_3D('',#3163,#2464,#2465);
#2133=AXIS2_PLACEMENT_3D('',#3165,#2466,#2467);
#2134=AXIS2_PLACEMENT_3D('',#3167,#2468,#2469);
#2135=AXIS2_PLACEMENT_3D('',#3169,#2470,#2471);
#2136=AXIS2_PLACEMENT_3D('',#3171,#2472,#2473);
#2137=AXIS2_PLACEMENT_3D('',#3172,#2474,#2475);
#2138=AXIS2_PLACEMENT_3D('',#3174,#2476,#2477);
#2139=AXIS2_PLACEMENT_3D('',#3177,#2478,#2479);
#2140=AXIS2_PLACEMENT_3D('',#3179,#2480,#2481);
#2141=AXIS2_PLACEMENT_3D('',#3181,#2482,#2483);
#2142=AXIS2_PLACEMENT_3D('',#3183,#2484,#2485);
#2143=AXIS2_PLACEMENT_3D('',#3185,#2486,#2487);
#2144=AXIS2_PLACEMENT_3D('',#3187,#2488,#2489);
#2145=AXIS2_PLACEMENT_3D('',#3189,#2490,#2491);
#2146=AXIS2_PLACEMENT_3D('',#3190,#2492,#2493);
#2147=AXIS2_PLACEMENT_3D('',#3192,#2494,#2495);
#2148=AXIS2_PLACEMENT_3D('',#3195,#2496,#2497);
#2149=AXIS2_PLACEMENT_3D('',#3197,#2498,#2499);
#2150=AXIS2_PLACEMENT_3D('',#3199,#2500,#2501);
#2151=AXIS2_PLACEMENT_3D('',#3201,#2502,#2503);
#2152=AXIS2_PLACEMENT_3D('',#3203,#2504,#2505);
#2153=AXIS2_PLACEMENT_3D('',#3205,#2506,#2507);
#2154=AXIS2_PLACEMENT_3D('',#3207,#2508,#2509);
#2155=AXIS2_PLACEMENT_3D('',#3208,#2510,#2511);
#2156=AXIS2_PLACEMENT_3D('',#3211,#2512,#2513);
#2157=AXIS2_PLACEMENT_3D('',#3213,#2514,#2515);
#2158=AXIS2_PLACEMENT_3D('',#3215,#2516,#2517);
#2159=AXIS2_PLACEMENT_3D('',#3217,#2518,#2519);
#2160=AXIS2_PLACEMENT_3D('',#3219,#2520,#2521);
#2161=AXIS2_PLACEMENT_3D('',#3221,#2522,#2523);
#2162=AXIS2_PLACEMENT_3D('',#3223,#2524,#2525);
#2163=AXIS2_PLACEMENT_3D('',#3224,#2526,#2527);
#2164=AXIS2_PLACEMENT_3D('',#3225,#2528,#2529);
#2165=AXIS2_PLACEMENT_3D('',#3226,#2530,#2531);
#2166=AXIS2_PLACEMENT_3D('',#3227,#2532,#2533);
#2167=AXIS2_PLACEMENT_3D('',#3230,#2535,#2536);
#2168=AXIS2_PLACEMENT_3D('',#3233,#2538,#2539);
#2169=AXIS2_PLACEMENT_3D('',#3235,#2540,#2541);
#2170=AXIS2_PLACEMENT_3D('',#3236,#2542,#2543);
#2171=AXIS2_PLACEMENT_3D('',#3238,#2544,#2545);
#2172=AXIS2_PLACEMENT_3D('',#3240,#2546,#2547);
#2173=AXIS2_PLACEMENT_3D('',#3241,#2548,#2549);
#2174=AXIS2_PLACEMENT_3D('',#3244,#2551,#2552);
#2175=AXIS2_PLACEMENT_3D('',#3247,#2554,#2555);
#2176=AXIS2_PLACEMENT_3D('',#3250,#2557,#2558);
#2177=AXIS2_PLACEMENT_3D('',#3253,#2560,#2561);
#2178=AXIS2_PLACEMENT_3D('',#3256,#2563,#2564);
#2179=AXIS2_PLACEMENT_3D('',#3259,#2566,#2567);
#2180=AXIS2_PLACEMENT_3D('',#3262,#2569,#2570);
#2181=AXIS2_PLACEMENT_3D('',#3265,#2572,#2573);
#2182=AXIS2_PLACEMENT_3D('',#3266,#2574,#2575);
#2183=AXIS2_PLACEMENT_3D('',#3267,#2576,#2577);
#2184=AXIS2_PLACEMENT_3D('',#3268,#2578,#2579);
#2185=AXIS2_PLACEMENT_3D('',#3269,#2580,#2581);
#2186=AXIS2_PLACEMENT_3D('',#3270,#2582,#2583);
#2187=AXIS2_PLACEMENT_3D('',#3271,#2584,#2585);
#2188=AXIS2_PLACEMENT_3D('',#3272,#2586,#2587);
#2189=AXIS2_PLACEMENT_3D('',#3273,#2588,#2589);
#2190=AXIS2_PLACEMENT_3D('',#3294,#2590,#2591);
#2191=AXIS2_PLACEMENT_3D('',#3295,#2592,#2593);
#2192=AXIS2_PLACEMENT_3D('',#3296,#2594,#2595);
#2193=AXIS2_PLACEMENT_3D('',#3298,#2596,#2597);
#2194=AXIS2_PLACEMENT_3D('',#3301,#2599,#2600);
#2195=AXIS2_PLACEMENT_3D('',#3304,#2602,#2603);
#2196=AXIS2_PLACEMENT_3D('',#3306,#2605,#2606);
#2197=AXIS2_PLACEMENT_3D('',#3308,#2608,#2609);
#2198=AXIS2_PLACEMENT_3D('',#3309,#2610,#2611);
#2199=AXIS2_PLACEMENT_3D('',#3310,#2612,#2613);
#2200=AXIS2_PLACEMENT_3D('',#3312,#2614,#2615);
#2201=AXIS2_PLACEMENT_3D('',#3318,#2619,#2620);
#2202=AXIS2_PLACEMENT_3D('',#3319,#2621,#2622);
#2203=AXIS2_PLACEMENT_3D('',#3323,#2624,#2625);
#2204=AXIS2_PLACEMENT_3D('',#3324,#2626,#2627);
#2205=AXIS2_PLACEMENT_3D('',#3327,#2630,#2631);
#2206=AXIS2_PLACEMENT_3D('',#3328,#2632,#2633);
#2207=AXIS2_PLACEMENT_3D('',#3330,#2634,#2635);
#2208=AXIS2_PLACEMENT_3D('',#3332,#2636,#2637);
#2209=AXIS2_PLACEMENT_3D('',#3333,#2638,#2639);
#2210=AXIS2_PLACEMENT_3D('',#3334,#2640,#2641);
#2211=AXIS2_PLACEMENT_3D('',#3335,#2642,#2643);
#2212=AXIS2_PLACEMENT_3D('',#3336,#2644,#2645);
#2213=AXIS2_PLACEMENT_3D('',#3337,#2646,#2647);
#2214=AXIS2_PLACEMENT_3D('',#3340,#2649,#2650);
#2215=AXIS2_PLACEMENT_3D('',#3343,#2652,#2653);
#2216=AXIS2_PLACEMENT_3D('',#3345,#2654,#2655);
#2217=AXIS2_PLACEMENT_3D('',#3346,#2656,#2657);
#2218=AXIS2_PLACEMENT_3D('',#3348,#2658,#2659);
#2219=AXIS2_PLACEMENT_3D('',#3350,#2660,#2661);
#2220=AXIS2_PLACEMENT_3D('',#3351,#2662,#2663);
#2221=AXIS2_PLACEMENT_3D('',#3354,#2665,#2666);
#2222=AXIS2_PLACEMENT_3D('',#3357,#2668,#2669);
#2223=AXIS2_PLACEMENT_3D('',#3360,#2671,#2672);
#2224=AXIS2_PLACEMENT_3D('',#3363,#2674,#2675);
#2225=AXIS2_PLACEMENT_3D('',#3368,#2678,#2679);
#2226=AXIS2_PLACEMENT_3D('',#3369,#2680,#2681);
#2227=AXIS2_PLACEMENT_3D('',#3372,#2683,#2684);
#2228=AXIS2_PLACEMENT_3D('',#3375,#2686,#2687);
#2229=AXIS2_PLACEMENT_3D('',#3376,#2688,#2689);
#2230=AXIS2_PLACEMENT_3D('',#3377,#2690,#2691);
#2231=AXIS2_PLACEMENT_3D('',#3378,#2692,#2693);
#2232=AXIS2_PLACEMENT_3D('',#3379,#2694,#2695);
#2233=AXIS2_PLACEMENT_3D('',#3380,#2696,#2697);
#2234=AXIS2_PLACEMENT_3D('',#3381,#2698,#2699);
#2235=AXIS2_PLACEMENT_3D('',#3382,#2700,#2701);
#2236=AXIS2_PLACEMENT_3D('',#3383,#2702,#2703);
#2237=AXIS2_PLACEMENT_3D('',#3404,#2704,#2705);
#2238=AXIS2_PLACEMENT_3D('',#3405,#2706,#2707);
#2239=AXIS2_PLACEMENT_3D('',#3406,#2708,#2709);
#2240=AXIS2_PLACEMENT_3D('',#3408,#2710,#2711);
#2241=AXIS2_PLACEMENT_3D('',#3411,#2713,#2714);
#2242=AXIS2_PLACEMENT_3D('',#3414,#2716,#2717);
#2243=AXIS2_PLACEMENT_3D('',#3416,#2719,#2720);
#2244=AXIS2_PLACEMENT_3D('',#3418,#2722,#2723);
#2245=AXIS2_PLACEMENT_3D('',#3419,#2724,#2725);
#2246=AXIS2_PLACEMENT_3D('',#3420,#2726,#2727);
#2247=AXIS2_PLACEMENT_3D('',#3422,#2728,#2729);
#2248=AXIS2_PLACEMENT_3D('',#3428,#2733,#2734);
#2249=AXIS2_PLACEMENT_3D('',#3429,#2735,#2736);
#2250=AXIS2_PLACEMENT_3D('',#3431,#2737,#2738);
#2251=AXIS2_PLACEMENT_3D('',#3434,#2740,#2741);
#2252=AXIS2_PLACEMENT_3D('',#3437,#2744,#2745);
#2253=AXIS2_PLACEMENT_3D('',#3438,#2746,#2747);
#2254=AXIS2_PLACEMENT_3D('',#3440,#2748,#2749);
#2255=AXIS2_PLACEMENT_3D('',#3442,#2750,#2751);
#2256=AXIS2_PLACEMENT_3D('',#3443,#2752,#2753);
#2257=AXIS2_PLACEMENT_3D('',#3444,#2754,#2755);
#2258=AXIS2_PLACEMENT_3D('',#3445,#2756,#2757);
#2259=AXIS2_PLACEMENT_3D('',#3446,#2758,#2759);
#2260=AXIS2_PLACEMENT_3D('',#3447,#2760,#2761);
#2261=AXIS2_PLACEMENT_3D('',#3448,#2762,#2763);
#2262=AXIS2_PLACEMENT_3D('',#3451,#2765,#2766);
#2263=AXIS2_PLACEMENT_3D('',#3454,#2768,#2769);
#2264=AXIS2_PLACEMENT_3D('',#3456,#2770,#2771);
#2265=AXIS2_PLACEMENT_3D('',#3457,#2772,#2773);
#2266=AXIS2_PLACEMENT_3D('',#3459,#2774,#2775);
#2267=AXIS2_PLACEMENT_3D('',#3461,#2776,#2777);
#2268=AXIS2_PLACEMENT_3D('',#3464,#2779,#2780);
#2269=AXIS2_PLACEMENT_3D('',#3467,#2782,#2783);
#2270=AXIS2_PLACEMENT_3D('',#3470,#2785,#2786);
#2271=AXIS2_PLACEMENT_3D('',#3473,#2788,#2789);
#2272=AXIS2_PLACEMENT_3D('',#3478,#2792,#2793);
#2273=AXIS2_PLACEMENT_3D('',#3479,#2794,#2795);
#2274=AXIS2_PLACEMENT_3D('',#3482,#2797,#2798);
#2275=AXIS2_PLACEMENT_3D('',#3485,#2800,#2801);
#2276=AXIS2_PLACEMENT_3D('',#3486,#2802,#2803);
#2277=AXIS2_PLACEMENT_3D('',#3487,#2804,#2805);
#2278=AXIS2_PLACEMENT_3D('',#3488,#2806,#2807);
#2279=AXIS2_PLACEMENT_3D('',#3489,#2808,#2809);
#2280=AXIS2_PLACEMENT_3D('',#3490,#2810,#2811);
#2281=AXIS2_PLACEMENT_3D('',#3491,#2812,#2813);
#2282=AXIS2_PLACEMENT_3D('',#3492,#2814,#2815);
#2283=AXIS2_PLACEMENT_3D('',#3493,#2816,#2817);
#2284=AXIS2_PLACEMENT_3D('',#3514,#2818,#2819);
#2285=AXIS2_PLACEMENT_3D('',#3515,#2820,#2821);
#2286=AXIS2_PLACEMENT_3D('',#3516,#2822,#2823);
#2287=AXIS2_PLACEMENT_3D('',#3518,#2824,#2825);
#2288=AXIS2_PLACEMENT_3D('',#3521,#2827,#2828);
#2289=AXIS2_PLACEMENT_3D('',#3524,#2830,#2831);
#2290=AXIS2_PLACEMENT_3D('',#3526,#2833,#2834);
#2291=AXIS2_PLACEMENT_3D('',#3528,#2836,#2837);
#2292=AXIS2_PLACEMENT_3D('',#3529,#2838,#2839);
#2293=AXIS2_PLACEMENT_3D('',#3530,#2840,#2841);
#2294=AXIS2_PLACEMENT_3D('',#3532,#2842,#2843);
#2295=AXIS2_PLACEMENT_3D('',#3538,#2847,#2848);
#2296=AXIS2_PLACEMENT_3D('',#3539,#2849,#2850);
#2297=AXIS2_PLACEMENT_3D('',#3541,#2851,#2852);
#2298=AXIS2_PLACEMENT_3D('',#3544,#2854,#2855);
#2299=AXIS2_PLACEMENT_3D('',#3547,#2858,#2859);
#2300=AXIS2_PLACEMENT_3D('',#3548,#2860,#2861);
#2301=AXIS2_PLACEMENT_3D('',#3550,#2862,#2863);
#2302=AXIS2_PLACEMENT_3D('',#3552,#2864,#2865);
#2303=AXIS2_PLACEMENT_3D('',#3553,#2866,#2867);
#2304=AXIS2_PLACEMENT_3D('',#3554,#2868,#2869);
#2305=AXIS2_PLACEMENT_3D('',#3555,#2870,#2871);
#2306=AXIS2_PLACEMENT_3D('',#3556,#2872,#2873);
#2307=AXIS2_PLACEMENT_3D('',#3557,#2874,#2875);
#2308=AXIS2_PLACEMENT_3D('',#3560,#2877,#2878);
#2309=AXIS2_PLACEMENT_3D('',#3563,#2880,#2881);
#2310=AXIS2_PLACEMENT_3D('',#3565,#2882,#2883);
#2311=AXIS2_PLACEMENT_3D('',#3566,#2884,#2885);
#2312=AXIS2_PLACEMENT_3D('',#3568,#2886,#2887);
#2313=AXIS2_PLACEMENT_3D('',#3570,#2888,#2889);
#2314=AXIS2_PLACEMENT_3D('',#3573,#2891,#2892);
#2315=AXIS2_PLACEMENT_3D('',#3576,#2894,#2895);
#2316=AXIS2_PLACEMENT_3D('',#3579,#2897,#2898);
#2317=AXIS2_PLACEMENT_3D('',#3582,#2900,#2901);
#2318=AXIS2_PLACEMENT_3D('',#3585,#2903,#2904);
#2319=AXIS2_PLACEMENT_3D('',#3588,#2906,#2907);
#2320=AXIS2_PLACEMENT_3D('',#3591,#2909,#2910);
#2321=AXIS2_PLACEMENT_3D('',#3594,#2912,#2913);
#2322=AXIS2_PLACEMENT_3D('',#3595,#2914,#2915);
#2323=AXIS2_PLACEMENT_3D('',#3596,#2916,#2917);
#2324=AXIS2_PLACEMENT_3D('',#3597,#2918,#2919);
#2325=AXIS2_PLACEMENT_3D('',#3598,#2920,#2921);
#2326=AXIS2_PLACEMENT_3D('',#3599,#2922,#2923);
#2327=AXIS2_PLACEMENT_3D('',#3600,#2924,#2925);
#2328=AXIS2_PLACEMENT_3D('',#3601,#2926,#2927);
#2329=AXIS2_PLACEMENT_3D('',#3602,#2928,#2929);
#2330=AXIS2_PLACEMENT_3D('',#3623,#2930,#2931);
#2331=AXIS2_PLACEMENT_3D('',#3624,#2932,#2933);
#2332=AXIS2_PLACEMENT_3D('',#3625,#2934,#2935);
#2333=AXIS2_PLACEMENT_3D('',#3627,#2936,#2937);
#2334=AXIS2_PLACEMENT_3D('',#3630,#2939,#2940);
#2335=AXIS2_PLACEMENT_3D('',#3633,#2942,#2943);
#2336=AXIS2_PLACEMENT_3D('',#3635,#2945,#2946);
#2337=AXIS2_PLACEMENT_3D('',#3637,#2948,#2949);
#2338=AXIS2_PLACEMENT_3D('',#3638,#2950,#2951);
#2339=AXIS2_PLACEMENT_3D('',#3639,#2952,#2953);
#2340=AXIS2_PLACEMENT_3D('',#3641,#2954,#2955);
#2341=AXIS2_PLACEMENT_3D('',#3647,#2959,#2960);
#2342=AXIS2_PLACEMENT_3D('',#3648,#2961,#2962);
#2343=AXIS2_PLACEMENT_3D('',#3652,#2964,#2965);
#2344=AXIS2_PLACEMENT_3D('',#3653,#2966,#2967);
#2345=AXIS2_PLACEMENT_3D('',#3656,#2970,#2971);
#2346=AXIS2_PLACEMENT_3D('',#3657,#2972,#2973);
#2347=AXIS2_PLACEMENT_3D('',#3659,#2974,#2975);
#2348=AXIS2_PLACEMENT_3D('',#3661,#2976,#2977);
#2349=AXIS2_PLACEMENT_3D('',#3662,#2978,#2979);
#2350=AXIS2_PLACEMENT_3D('',#3663,#2980,#2981);
#2351=AXIS2_PLACEMENT_3D('',#3664,#2982,#2983);
#2352=AXIS2_PLACEMENT_3D('',#3665,#2984,#2985);
#2353=AXIS2_PLACEMENT_3D('',#3666,#2986,#2987);
#2354=AXIS2_PLACEMENT_3D('',#3668,#2988,#2989);
#2355=AXIS2_PLACEMENT_3D('',#3669,#2990,#2991);
#2356=AXIS2_PLACEMENT_3D('',#3671,#2992,#2993);
#2357=AXIS2_PLACEMENT_3D('',#3672,#2994,#2995);
#2358=AXIS2_PLACEMENT_3D('',#3673,#2996,#2997);
#2359=AXIS2_PLACEMENT_3D('',#3675,#2998,#2999);
#2360=AXIS2_PLACEMENT_3D('',#3676,#3000,#3001);
#2361=AXIS2_PLACEMENT_3D('',#3681,#3004,#3005);
#2362=AXIS2_PLACEMENT_3D('',#3685,#3008,#3009);
#2363=AXIS2_PLACEMENT_3D('',#3686,#3010,#3011);
#2364=AXIS2_PLACEMENT_3D('',#3689,#3013,#3014);
#2365=AXIS2_PLACEMENT_3D('',#3693,#3017,#3018);
#2366=AXIS2_PLACEMENT_3D('',#3696,#3020,#3021);
#2367=AXIS2_PLACEMENT_3D('',#3697,#3022,#3023);
#2368=AXIS2_PLACEMENT_3D('',#3701,#3026,#3027);
#2369=AXIS2_PLACEMENT_3D('',#3702,#3028,#3029);
#2370=AXIS2_PLACEMENT_3D('',#3705,#3031,#3032);
#2371=AXIS2_PLACEMENT_3D('',#3707,#3034,#3035);
#2372=AXIS2_PLACEMENT_3D('',#3708,#3036,#3037);
#2373=AXIS2_PLACEMENT_3D('',#3710,#3038,#3039);
#2374=AXIS2_PLACEMENT_3D('',#3711,#3040,#3041);
#2375=AXIS2_PLACEMENT_3D('',#3713,#3042,#3043);
#2376=DIRECTION('',(0.,0.,1.));
#2377=DIRECTION('',(1.,0.,0.));
#2378=DIRECTION('',(0.,1.,0.));
#2379=DIRECTION('',(0.,0.,1.));
#2380=DIRECTION('',(0.,-1.,0.));
#2381=DIRECTION('',(0.,0.,1.));
#2382=DIRECTION('',(0.,1.,0.));
#2383=DIRECTION('',(0.,-1.,0.));
#2384=DIRECTION('',(0.,0.,1.));
#2385=DIRECTION('',(0.,1.,0.));
#2386=DIRECTION('',(0.,-1.,0.));
#2387=DIRECTION('',(0.,0.,1.));
#2388=DIRECTION('',(0.,1.,0.));
#2389=DIRECTION('',(0.,-1.,0.));
#2390=DIRECTION('',(0.,0.,1.));
#2391=DIRECTION('',(0.,1.,0.));
#2392=DIRECTION('',(0.,-1.,0.));
#2393=DIRECTION('',(0.,0.,1.));
#2394=DIRECTION('',(0.,-1.,0.));
#2395=DIRECTION('',(0.,0.,-1.));
#2396=DIRECTION('',(0.,1.,0.));
#2397=DIRECTION('',(0.,0.,1.));
#2398=DIRECTION('',(0.,1.,0.));
#2399=DIRECTION('',(0.,0.,1.));
#2400=DIRECTION('',(0.,-1.,0.));
#2401=DIRECTION('',(0.,0.,-1.));
#2402=DIRECTION('',(0.,-1.,0.));
#2403=DIRECTION('',(0.,0.,1.));
#2404=DIRECTION('',(0.,1.,0.));
#2405=DIRECTION('',(0.,0.,1.));
#2406=DIRECTION('',(0.,1.,0.));
#2407=DIRECTION('',(0.99888987496197,0.,0.0471064507096433));
#2408=DIRECTION('',(0.,-1.,0.));
#2409=DIRECTION('',(0.,0.,1.));
#2410=DIRECTION('',(0.,1.,0.));
#2411=DIRECTION('',(0.,0.,-1.));
#2412=DIRECTION('',(0.,-1.,0.));
#2413=DIRECTION('',(0.,0.,-1.));
#2414=DIRECTION('',(0.707106781186549,0.,0.707106781186546));
#2415=DIRECTION('',(0.707106781186546,0.,-0.707106781186549));
#2416=DIRECTION('',(-0.707106781186549,0.,-0.707106781186546));
#2417=DIRECTION('',(0.707106781186549,0.,0.707106781186546));
#2418=DIRECTION('',(-0.707106781186549,0.,-0.707106781186547));
#2419=DIRECTION('',(-0.707106781186546,0.,0.707106781186549));
#2420=DIRECTION('',(-0.707106781186549,0.,-0.707106781186546));
#2421=DIRECTION('',(0.707106781186549,0.,0.707106781186546));
#2422=DIRECTION('',(0.707106781186549,0.,-0.707106781186546));
#2423=DIRECTION('',(0.707106781186549,0.,-0.707106781186546));
#2424=DIRECTION('',(-0.707106781186549,0.,0.707106781186546));
#2425=DIRECTION('',(-0.707106781186546,0.,-0.707106781186549));
#2426=DIRECTION('',(-0.707106781186549,0.,0.707106781186547));
#2427=DIRECTION('',(0.707106781186549,0.,-0.707106781186546));
#2428=DIRECTION('',(-0.707106781186549,0.,0.707106781186546));
#2429=DIRECTION('',(0.707106781186546,0.,0.707106781186549));
#2430=DIRECTION('',(0.,-1.,0.));
#2431=DIRECTION('',(0.,0.,1.));
#2432=DIRECTION('',(0.,1.,0.));
#2433=DIRECTION('',(0.,0.,-1.));
#2434=DIRECTION('',(-0.707106781186549,0.,0.707106781186546));
#2435=DIRECTION('',(-0.707106781186549,0.,0.707106781186546));
#2436=DIRECTION('',(0.707106781186549,0.,-0.707106781186546));
#2437=DIRECTION('',(0.707106781186546,0.,0.707106781186549));
#2438=DIRECTION('',(0.707106781186549,0.,-0.707106781186547));
#2439=DIRECTION('',(-0.707106781186549,0.,0.707106781186546));
#2440=DIRECTION('',(0.707106781186549,0.,-0.707106781186546));
#2441=DIRECTION('',(-0.707106781186546,0.,-0.707106781186549));
#2442=DIRECTION('',(-0.707106781186549,0.,-0.707106781186546));
#2443=DIRECTION('',(-0.707106781186546,0.,0.707106781186549));
#2444=DIRECTION('',(0.707106781186549,0.,0.707106781186546));
#2445=DIRECTION('',(-0.707106781186549,0.,-0.707106781186546));
#2446=DIRECTION('',(0.707106781186549,0.,0.707106781186547));
#2447=DIRECTION('',(0.707106781186546,0.,-0.707106781186549));
#2448=DIRECTION('',(0.707106781186549,0.,0.707106781186546));
#2449=DIRECTION('',(-0.707106781186549,0.,-0.707106781186546));
#2450=DIRECTION('',(0.,1.,0.));
#2451=DIRECTION('',(-1.,0.,0.));
#2452=DIRECTION('',(0.,-1.,0.));
#2453=DIRECTION('',(0.,0.,1.));
#2454=DIRECTION('',(0.,1.,0.));
#2455=DIRECTION('',(0.,0.,-1.));
#2456=DIRECTION('',(0.,-1.,0.));
#2457=DIRECTION('',(0.,0.,-1.));
#2458=DIRECTION('',(0.,1.,0.));
#2459=DIRECTION('',(0.,0.,1.));
#2460=DIRECTION('',(0.,-1.,0.));
#2461=DIRECTION('',(0.,0.,-1.));
#2462=DIRECTION('',(0.,1.,0.));
#2463=DIRECTION('',(0.,0.,1.));
#2464=DIRECTION('',(0.,-1.,0.));
#2465=DIRECTION('',(0.,0.,-1.));
#2466=DIRECTION('',(0.,1.,0.));
#2467=DIRECTION('',(0.,0.,1.));
#2468=DIRECTION('',(0.,-1.,0.));
#2469=DIRECTION('',(0.,0.,-1.));
#2470=DIRECTION('',(0.,1.,0.));
#2471=DIRECTION('',(0.,0.,1.));
#2472=DIRECTION('',(0.,-1.,0.));
#2473=DIRECTION('',(0.,0.,-1.));
#2474=DIRECTION('',(0.,-1.,0.));
#2475=DIRECTION('',(0.,0.,1.));
#2476=DIRECTION('',(0.,-1.,0.));
#2477=DIRECTION('',(0.,0.,-1.));
#2478=DIRECTION('',(0.,1.,0.));
#2479=DIRECTION('',(0.,0.,1.));
#2480=DIRECTION('',(0.,-1.,0.));
#2481=DIRECTION('',(0.,0.,-1.));
#2482=DIRECTION('',(0.,1.,0.));
#2483=DIRECTION('',(0.,0.,1.));
#2484=DIRECTION('',(0.,-1.,0.));
#2485=DIRECTION('',(0.,0.,-1.));
#2486=DIRECTION('',(0.,1.,0.));
#2487=DIRECTION('',(0.,0.,1.));
#2488=DIRECTION('',(0.,-1.,0.));
#2489=DIRECTION('',(0.,0.,-1.));
#2490=DIRECTION('',(0.,1.,0.));
#2491=DIRECTION('',(0.,0.,1.));
#2492=DIRECTION('',(0.,1.,0.));
#2493=DIRECTION('',(0.,0.,-1.));
#2494=DIRECTION('',(0.,-1.,0.));
#2495=DIRECTION('',(0.,0.,1.));
#2496=DIRECTION('',(0.,1.,0.));
#2497=DIRECTION('',(0.,0.,-1.));
#2498=DIRECTION('',(0.,-1.,0.));
#2499=DIRECTION('',(0.,0.,1.));
#2500=DIRECTION('',(0.,1.,0.));
#2501=DIRECTION('',(0.,0.,-1.));
#2502=DIRECTION('',(0.,-1.,0.));
#2503=DIRECTION('',(0.,0.,1.));
#2504=DIRECTION('',(0.,1.,0.));
#2505=DIRECTION('',(0.,0.,-1.));
#2506=DIRECTION('',(0.,-1.,0.));
#2507=DIRECTION('',(0.,0.,1.));
#2508=DIRECTION('',(0.,1.,0.));
#2509=DIRECTION('',(0.,0.,-1.));
#2510=DIRECTION('',(0.,1.,0.));
#2511=DIRECTION('',(0.,0.,-1.));
#2512=DIRECTION('',(0.,-1.,0.));
#2513=DIRECTION('',(0.,0.,1.));
#2514=DIRECTION('',(0.,1.,0.));
#2515=DIRECTION('',(0.,0.,-1.));
#2516=DIRECTION('',(0.,-1.,0.));
#2517=DIRECTION('',(0.,0.,1.));
#2518=DIRECTION('',(0.,1.,0.));
#2519=DIRECTION('',(0.,0.,-1.));
#2520=DIRECTION('',(0.,-1.,0.));
#2521=DIRECTION('',(0.,0.,1.));
#2522=DIRECTION('',(0.,1.,0.));
#2523=DIRECTION('',(0.,0.,-1.));
#2524=DIRECTION('',(0.,-1.,0.));
#2525=DIRECTION('',(0.,0.,1.));
#2526=DIRECTION('',(0.,1.,0.));
#2527=DIRECTION('',(0.,0.,1.));
#2528=DIRECTION('',(0.,1.,0.));
#2529=DIRECTION('',(0.,0.,-1.));
#2530=DIRECTION('',(0.707106781186549,0.,0.707106781186546));
#2531=DIRECTION('',(0.,1.,0.));
#2532=DIRECTION('',(0.707106781186549,0.,0.707106781186546));
#2533=DIRECTION('',(0.707106781186546,0.,-0.707106781186549));
#2534=DIRECTION('',(0.260580123298915,-0.929621427616126,-0.260580123298916));
#2535=DIRECTION('',(-0.707106781186549,0.,-0.707106781186546));
#2536=DIRECTION('',(-0.707106781186546,0.,0.707106781186549));
#2537=DIRECTION('',(-0.260580123298916,-0.929621427616125,0.260580123298917));
#2538=DIRECTION('',(-0.707106781186549,0.,-0.707106781186546));
#2539=DIRECTION('',(-0.707106781186546,0.,0.707106781186549));
#2540=DIRECTION('',(0.,-1.,0.));
#2541=DIRECTION('',(0.,0.,-1.));
#2542=DIRECTION('',(0.,-1.,0.));
#2543=DIRECTION('',(0.,0.,-1.));
#2544=DIRECTION('',(0.,-1.,0.));
#2545=DIRECTION('',(0.,0.,-1.));
#2546=DIRECTION('',(0.,1.,0.));
#2547=DIRECTION('',(0.,0.,-1.));
#2548=DIRECTION('',(0.,-1.,0.));
#2549=DIRECTION('',(0.,0.,1.));
#2550=DIRECTION('',(0.,-1.,0.));
#2551=DIRECTION('',(0.,1.,0.));
#2552=DIRECTION('',(0.,0.,1.));
#2553=DIRECTION('',(0.,-1.,0.));
#2554=DIRECTION('',(0.,1.,0.));
#2555=DIRECTION('',(0.,0.,-1.));
#2556=DIRECTION('',(0.,1.,0.));
#2557=DIRECTION('',(0.,1.,0.));
#2558=DIRECTION('',(0.,0.,1.));
#2559=DIRECTION('',(0.,1.,0.));
#2560=DIRECTION('',(0.,1.,0.));
#2561=DIRECTION('',(0.,0.,-1.));
#2562=DIRECTION('',(0.,1.,0.));
#2563=DIRECTION('',(0.,1.,0.));
#2564=DIRECTION('',(0.,0.,1.));
#2565=DIRECTION('',(0.,1.,0.));
#2566=DIRECTION('',(0.,1.,0.));
#2567=DIRECTION('',(0.,0.,-1.));
#2568=DIRECTION('',(0.,1.,0.));
#2569=DIRECTION('',(0.,1.,0.));
#2570=DIRECTION('',(0.,0.,1.));
#2571=DIRECTION('',(0.,1.,0.));
#2572=DIRECTION('',(0.,-1.,0.));
#2573=DIRECTION('',(0.,0.,1.));
#2574=DIRECTION('',(0.,1.,0.));
#2575=DIRECTION('',(0.,0.,1.));
#2576=DIRECTION('',(0.,-1.,0.));
#2577=DIRECTION('',(0.,0.,1.));
#2578=DIRECTION('',(0.,1.,0.));
#2579=DIRECTION('',(0.,0.,1.));
#2580=DIRECTION('',(0.,1.,0.));
#2581=DIRECTION('',(0.,0.,-1.));
#2582=DIRECTION('',(0.,1.,0.));
#2583=DIRECTION('',(0.,0.,1.));
#2584=DIRECTION('',(0.,-1.,0.));
#2585=DIRECTION('',(0.,0.,1.));
#2586=DIRECTION('',(0.,1.,0.));
#2587=DIRECTION('',(0.,0.,1.));
#2588=DIRECTION('',(0.707106781186549,0.,0.707106781186546));
#2589=DIRECTION('',(0.707106781186546,0.,-0.707106781186549));
#2590=DIRECTION('',(0.707106781186549,0.,0.707106781186546));
#2591=DIRECTION('',(0.707106781186546,0.,-0.707106781186549));
#2592=DIRECTION('',(0.707106781186549,0.,0.707106781186546));
#2593=DIRECTION('',(0.707106781186546,0.,-0.707106781186549));
#2594=DIRECTION('',(0.707106781186549,0.,0.707106781186546));
#2595=DIRECTION('',(0.707106781186546,0.,-0.707106781186549));
#2596=DIRECTION('',(0.707106781186549,0.,0.707106781186546));
#2597=DIRECTION('',(0.707106781186546,0.,-0.707106781186549));
#2598=DIRECTION('',(0.707106781186549,0.,0.707106781186546));
#2599=DIRECTION('',(0.707106781186549,0.,0.707106781186546));
#2600=DIRECTION('',(0.707106781186546,0.,-0.707106781186549));
#2601=DIRECTION('',(0.707106781186549,0.,0.707106781186546));
#2602=DIRECTION('',(0.65734161540368,-0.368515944454182,-0.657341615403683));
#2603=DIRECTION('',(-0.707106781186549,0.,-0.707106781186546));
#2604=DIRECTION('',(0.260580123298916,0.929621427616125,-0.260580123298917));
#2605=DIRECTION('',(0.657341615403681,0.36851594445418,-0.657341615403683));
#2606=DIRECTION('',(-0.707106781186549,0.,-0.707106781186546));
#2607=DIRECTION('',(-0.260580123298915,0.929621427616126,0.260580123298916));
#2608=DIRECTION('',(0.707106781186549,0.,0.707106781186546));
#2609=DIRECTION('',(0.707106781186546,0.,-0.707106781186549));
#2610=DIRECTION('',(0.,-1.,0.));
#2611=DIRECTION('',(0.,0.,-1.));
#2612=DIRECTION('',(0.,-1.,0.));
#2613=DIRECTION('',(0.,0.,-1.));
#2614=DIRECTION('',(0.657341615403681,0.36851594445418,-0.657341615403683));
#2615=DIRECTION('',(-0.707106781186549,0.,-0.707106781186546));
#2616=DIRECTION('',(0.260580123298915,-0.929621427616126,-0.260580123298916));
#2617=DIRECTION('',(-0.707106781186549,0.,-0.707106781186546));
#2618=DIRECTION('',(0.260580123298915,-0.929621427616126,-0.260580123298916));
#2619=DIRECTION('',(-0.707106781186549,0.,-0.707106781186546));
#2620=DIRECTION('',(-0.707106781186546,0.,0.707106781186549));
#2621=DIRECTION('',(-0.707106781186549,0.,-0.707106781186546));
#2622=DIRECTION('',(-0.707106781186546,0.,0.707106781186549));
#2623=DIRECTION('',(-0.707106781186549,0.,-0.707106781186546));
#2624=DIRECTION('',(-0.707106781186549,0.,-0.707106781186546));
#2625=DIRECTION('',(-0.707106781186546,0.,0.707106781186549));
#2626=DIRECTION('',(0.65734161540368,-0.368515944454182,-0.657341615403682));
#2627=DIRECTION('',(-0.707106781186549,0.,-0.707106781186546));
#2628=DIRECTION('',(-0.260580123298916,-0.929621427616125,0.260580123298917));
#2629=DIRECTION('',(-0.260580123298916,-0.929621427616125,0.260580123298917));
#2630=DIRECTION('',(-0.707106781186549,0.,-0.707106781186546));
#2631=DIRECTION('',(-0.707106781186546,0.,0.707106781186549));
#2632=DIRECTION('',(-0.707106781186549,0.,-0.707106781186546));
#2633=DIRECTION('',(-0.707106781186546,0.,0.707106781186549));
#2634=DIRECTION('',(-0.707106781186549,0.,-0.707106781186546));
#2635=DIRECTION('',(-0.707106781186546,0.,0.707106781186549));
#2636=DIRECTION('',(0.707106781186549,0.,0.707106781186546));
#2637=DIRECTION('',(0.,1.,0.));
#2638=DIRECTION('',(0.707106781186549,0.,0.707106781186546));
#2639=DIRECTION('',(0.,1.,0.));
#2640=DIRECTION('',(0.,-1.,0.));
#2641=DIRECTION('',(-1.,0.,0.));
#2642=DIRECTION('',(0.,-1.,0.));
#2643=DIRECTION('',(1.,0.,0.));
#2644=DIRECTION('',(0.707106781186549,0.,-0.707106781186546));
#2645=DIRECTION('',(0.,1.,0.));
#2646=DIRECTION('',(-0.707106781186549,0.,0.707106781186546));
#2647=DIRECTION('',(0.707106781186546,0.,0.707106781186549));
#2648=DIRECTION('',(-0.260580123298916,-0.929621427616125,-0.260580123298917));
#2649=DIRECTION('',(0.707106781186549,0.,-0.707106781186546));
#2650=DIRECTION('',(-0.707106781186546,0.,-0.707106781186549));
#2651=DIRECTION('',(0.260580123298915,-0.929621427616126,0.260580123298916));
#2652=DIRECTION('',(0.707106781186549,0.,-0.707106781186546));
#2653=DIRECTION('',(-0.707106781186546,0.,-0.707106781186549));
#2654=DIRECTION('',(0.,-1.,0.));
#2655=DIRECTION('',(0.,0.,1.));
#2656=DIRECTION('',(0.,1.,0.));
#2657=DIRECTION('',(0.,0.,1.));
#2658=DIRECTION('',(0.,1.,0.));
#2659=DIRECTION('',(0.,0.,1.));
#2660=DIRECTION('',(0.,1.,0.));
#2661=DIRECTION('',(0.,0.,1.));
#2662=DIRECTION('',(0.,-1.,0.));
#2663=DIRECTION('',(0.,0.,-1.));
#2664=DIRECTION('',(0.,-1.,0.));
#2665=DIRECTION('',(0.,-1.,0.));
#2666=DIRECTION('',(0.,0.,-1.));
#2667=DIRECTION('',(0.,-1.,0.));
#2668=DIRECTION('',(0.,1.,0.));
#2669=DIRECTION('',(0.,0.,1.));
#2670=DIRECTION('',(0.,1.,0.));
#2671=DIRECTION('',(0.,-1.,0.));
#2672=DIRECTION('',(0.,0.,-1.));
#2673=DIRECTION('',(0.,1.,0.));
#2674=DIRECTION('',(0.,1.,0.));
#2675=DIRECTION('',(0.,0.,1.));
#2676=DIRECTION('',(0.,1.,0.));
#2677=DIRECTION('',(0.,1.,0.));
#2678=DIRECTION('',(0.,-1.,0.));
#2679=DIRECTION('',(0.,0.,-1.));
#2680=DIRECTION('',(0.,1.,0.));
#2681=DIRECTION('',(0.,0.,1.));
#2682=DIRECTION('',(0.,1.,0.));
#2683=DIRECTION('',(0.,-1.,0.));
#2684=DIRECTION('',(0.,0.,-1.));
#2685=DIRECTION('',(0.,1.,0.));
#2686=DIRECTION('',(0.,-1.,0.));
#2687=DIRECTION('',(0.,0.,-1.));
#2688=DIRECTION('',(0.,-1.,0.));
#2689=DIRECTION('',(0.,0.,-1.));
#2690=DIRECTION('',(0.,-1.,0.));
#2691=DIRECTION('',(0.,0.,-1.));
#2692=DIRECTION('',(0.,-1.,0.));
#2693=DIRECTION('',(0.,0.,-1.));
#2694=DIRECTION('',(0.,1.,0.));
#2695=DIRECTION('',(0.,0.,1.));
#2696=DIRECTION('',(0.,-1.,0.));
#2697=DIRECTION('',(0.,0.,-1.));
#2698=DIRECTION('',(0.,-1.,0.));
#2699=DIRECTION('',(0.,0.,-1.));
#2700=DIRECTION('',(0.,-1.,0.));
#2701=DIRECTION('',(0.,0.,-1.));
#2702=DIRECTION('',(0.707106781186549,0.,-0.707106781186546));
#2703=DIRECTION('',(0.707106781186546,0.,0.707106781186549));
#2704=DIRECTION('',(-0.707106781186549,0.,0.707106781186546));
#2705=DIRECTION('',(0.707106781186546,0.,0.707106781186549));
#2706=DIRECTION('',(0.707106781186549,0.,-0.707106781186546));
#2707=DIRECTION('',(0.707106781186546,0.,0.707106781186549));
#2708=DIRECTION('',(-0.707106781186549,0.,0.707106781186546));
#2709=DIRECTION('',(0.707106781186546,0.,0.707106781186549));
#2710=DIRECTION('',(0.707106781186549,0.,-0.707106781186546));
#2711=DIRECTION('',(0.707106781186546,0.,0.707106781186549));
#2712=DIRECTION('',(0.707106781186549,0.,-0.707106781186546));
#2713=DIRECTION('',(-0.707106781186549,0.,0.707106781186546));
#2714=DIRECTION('',(0.707106781186546,0.,0.707106781186549));
#2715=DIRECTION('',(0.707106781186549,0.,-0.707106781186546));
#2716=DIRECTION('',(0.65734161540368,-0.368515944454182,0.657341615403683));
#2717=DIRECTION('',(-0.707106781186549,0.,0.707106781186546));
#2718=DIRECTION('',(0.260580123298916,0.929621427616125,0.260580123298917));
#2719=DIRECTION('',(0.657341615403681,0.36851594445418,0.657341615403683));
#2720=DIRECTION('',(-0.707106781186549,0.,0.707106781186546));
#2721=DIRECTION('',(-0.260580123298915,0.929621427616126,-0.260580123298916));
#2722=DIRECTION('',(0.707106781186549,0.,-0.707106781186546));
#2723=DIRECTION('',(0.707106781186546,0.,0.707106781186549));
#2724=DIRECTION('',(0.,-1.,0.));
#2725=DIRECTION('',(0.,0.,1.));
#2726=DIRECTION('',(0.,1.,0.));
#2727=DIRECTION('',(0.,0.,1.));
#2728=DIRECTION('',(0.657341615403681,0.36851594445418,0.657341615403683));
#2729=DIRECTION('',(-0.707106781186549,0.,0.707106781186546));
#2730=DIRECTION('',(0.260580123298915,-0.929621427616126,0.260580123298916));
#2731=DIRECTION('',(0.260580123298915,-0.929621427616126,0.260580123298916));
#2732=DIRECTION('',(-0.707106781186549,0.,0.707106781186546));
#2733=DIRECTION('',(-0.707106781186549,0.,0.707106781186546));
#2734=DIRECTION('',(-0.707106781186546,0.,-0.707106781186549));
#2735=DIRECTION('',(0.707106781186549,0.,-0.707106781186546));
#2736=DIRECTION('',(-0.707106781186546,0.,-0.707106781186549));
#2737=DIRECTION('',(0.707106781186549,0.,-0.707106781186546));
#2738=DIRECTION('',(-0.707106781186546,0.,-0.707106781186549));
#2739=DIRECTION('',(-0.707106781186549,0.,0.707106781186546));
#2740=DIRECTION('',(0.65734161540368,-0.368515944454182,0.657341615403682));
#2741=DIRECTION('',(-0.707106781186549,0.,0.707106781186546));
#2742=DIRECTION('',(-0.260580123298916,-0.929621427616125,-0.260580123298917));
#2743=DIRECTION('',(-0.260580123298916,-0.929621427616125,-0.260580123298917));
#2744=DIRECTION('',(-0.707106781186549,0.,0.707106781186546));
#2745=DIRECTION('',(-0.707106781186546,0.,-0.707106781186549));
#2746=DIRECTION('',(0.707106781186549,0.,-0.707106781186546));
#2747=DIRECTION('',(-0.707106781186546,0.,-0.707106781186549));
#2748=DIRECTION('',(0.707106781186549,0.,-0.707106781186546));
#2749=DIRECTION('',(-0.707106781186546,0.,-0.707106781186549));
#2750=DIRECTION('',(0.707106781186549,0.,-0.707106781186546));
#2751=DIRECTION('',(0.,1.,0.));
#2752=DIRECTION('',(0.707106781186549,0.,-0.707106781186546));
#2753=DIRECTION('',(0.,1.,0.));
#2754=DIRECTION('',(0.,-1.,0.));
#2755=DIRECTION('',(-1.,0.,0.));
#2756=DIRECTION('',(0.,-1.,0.));
#2757=DIRECTION('',(1.,0.,0.));
#2758=DIRECTION('',(0.,1.,0.));
#2759=DIRECTION('',(0.,0.,-1.));
#2760=DIRECTION('',(-0.707106781186549,0.,0.707106781186546));
#2761=DIRECTION('',(0.,1.,0.));
#2762=DIRECTION('',(0.707106781186549,0.,-0.707106781186546));
#2763=DIRECTION('',(-0.707106781186546,0.,-0.707106781186549));
#2764=DIRECTION('',(0.260580123298916,-0.929621427616125,0.260580123298917));
#2765=DIRECTION('',(-0.707106781186549,0.,0.707106781186546));
#2766=DIRECTION('',(0.707106781186546,0.,0.707106781186549));
#2767=DIRECTION('',(-0.260580123298915,-0.929621427616126,-0.260580123298916));
#2768=DIRECTION('',(-0.707106781186549,0.,0.707106781186546));
#2769=DIRECTION('',(0.707106781186546,0.,0.707106781186549));
#2770=DIRECTION('',(0.,-1.,0.));
#2771=DIRECTION('',(0.,0.,-1.));
#2772=DIRECTION('',(0.,1.,0.));
#2773=DIRECTION('',(0.,0.,-1.));
#2774=DIRECTION('',(0.,1.,0.));
#2775=DIRECTION('',(0.,0.,-1.));
#2776=DIRECTION('',(0.,-1.,0.));
#2777=DIRECTION('',(0.,0.,1.));
#2778=DIRECTION('',(0.,-1.,0.));
#2779=DIRECTION('',(0.,-1.,0.));
#2780=DIRECTION('',(0.,0.,1.));
#2781=DIRECTION('',(0.,-1.,0.));
#2782=DIRECTION('',(0.,1.,0.));
#2783=DIRECTION('',(0.,0.,-1.));
#2784=DIRECTION('',(0.,1.,0.));
#2785=DIRECTION('',(0.,-1.,0.));
#2786=DIRECTION('',(0.,0.,1.));
#2787=DIRECTION('',(0.,1.,0.));
#2788=DIRECTION('',(0.,1.,0.));
#2789=DIRECTION('',(0.,0.,-1.));
#2790=DIRECTION('',(0.,1.,0.));
#2791=DIRECTION('',(0.,1.,0.));
#2792=DIRECTION('',(0.,-1.,0.));
#2793=DIRECTION('',(0.,0.,1.));
#2794=DIRECTION('',(0.,1.,0.));
#2795=DIRECTION('',(0.,0.,-1.));
#2796=DIRECTION('',(0.,1.,0.));
#2797=DIRECTION('',(0.,-1.,0.));
#2798=DIRECTION('',(0.,0.,1.));
#2799=DIRECTION('',(0.,1.,0.));
#2800=DIRECTION('',(0.,-1.,0.));
#2801=DIRECTION('',(0.,0.,1.));
#2802=DIRECTION('',(0.,-1.,0.));
#2803=DIRECTION('',(0.,0.,1.));
#2804=DIRECTION('',(0.,-1.,0.));
#2805=DIRECTION('',(0.,0.,1.));
#2806=DIRECTION('',(0.,-1.,0.));
#2807=DIRECTION('',(0.,0.,1.));
#2808=DIRECTION('',(0.,1.,0.));
#2809=DIRECTION('',(0.,0.,-1.));
#2810=DIRECTION('',(0.,-1.,0.));
#2811=DIRECTION('',(0.,0.,1.));
#2812=DIRECTION('',(0.,-1.,0.));
#2813=DIRECTION('',(0.,0.,1.));
#2814=DIRECTION('',(0.,-1.,0.));
#2815=DIRECTION('',(0.,0.,1.));
#2816=DIRECTION('',(-0.707106781186549,0.,0.707106781186546));
#2817=DIRECTION('',(-0.707106781186546,0.,-0.707106781186549));
#2818=DIRECTION('',(0.707106781186549,0.,-0.707106781186546));
#2819=DIRECTION('',(-0.707106781186546,0.,-0.707106781186549));
#2820=DIRECTION('',(-0.707106781186549,0.,0.707106781186546));
#2821=DIRECTION('',(-0.707106781186546,0.,-0.707106781186549));
#2822=DIRECTION('',(0.707106781186549,0.,-0.707106781186546));
#2823=DIRECTION('',(-0.707106781186546,0.,-0.707106781186549));
#2824=DIRECTION('',(-0.707106781186549,0.,0.707106781186546));
#2825=DIRECTION('',(-0.707106781186546,0.,-0.707106781186549));
#2826=DIRECTION('',(-0.707106781186549,0.,0.707106781186546));
#2827=DIRECTION('',(0.707106781186549,0.,-0.707106781186546));
#2828=DIRECTION('',(-0.707106781186546,0.,-0.707106781186549));
#2829=DIRECTION('',(-0.707106781186549,0.,0.707106781186546));
#2830=DIRECTION('',(-0.65734161540368,-0.368515944454182,-0.657341615403683));
#2831=DIRECTION('',(0.707106781186549,0.,-0.707106781186546));
#2832=DIRECTION('',(-0.260580123298916,0.929621427616125,-0.260580123298917));
#2833=DIRECTION('',(-0.657341615403681,0.36851594445418,-0.657341615403683));
#2834=DIRECTION('',(0.707106781186549,0.,-0.707106781186546));
#2835=DIRECTION('',(0.260580123298915,0.929621427616126,0.260580123298916));
#2836=DIRECTION('',(-0.707106781186549,0.,0.707106781186546));
#2837=DIRECTION('',(-0.707106781186546,0.,-0.707106781186549));
#2838=DIRECTION('',(0.,-1.,0.));
#2839=DIRECTION('',(0.,0.,-1.));
#2840=DIRECTION('',(0.,1.,0.));
#2841=DIRECTION('',(0.,0.,-1.));
#2842=DIRECTION('',(-0.657341615403681,0.36851594445418,-0.657341615403683));
#2843=DIRECTION('',(0.707106781186549,0.,-0.707106781186546));
#2844=DIRECTION('',(-0.260580123298915,-0.929621427616126,-0.260580123298916));
#2845=DIRECTION('',(-0.260580123298915,-0.929621427616126,-0.260580123298916));
#2846=DIRECTION('',(0.707106781186549,0.,-0.707106781186546));
#2847=DIRECTION('',(0.707106781186549,0.,-0.707106781186546));
#2848=DIRECTION('',(0.707106781186546,0.,0.707106781186549));
#2849=DIRECTION('',(-0.707106781186549,0.,0.707106781186546));
#2850=DIRECTION('',(0.707106781186546,0.,0.707106781186549));
#2851=DIRECTION('',(-0.707106781186549,0.,0.707106781186546));
#2852=DIRECTION('',(0.707106781186546,0.,0.707106781186549));
#2853=DIRECTION('',(0.707106781186549,0.,-0.707106781186546));
#2854=DIRECTION('',(-0.65734161540368,-0.368515944454182,-0.657341615403682));
#2855=DIRECTION('',(0.707106781186549,0.,-0.707106781186546));
#2856=DIRECTION('',(0.260580123298916,-0.929621427616125,0.260580123298917));
#2857=DIRECTION('',(0.260580123298916,-0.929621427616125,0.260580123298917));
#2858=DIRECTION('',(0.707106781186549,0.,-0.707106781186546));
#2859=DIRECTION('',(0.707106781186546,0.,0.707106781186549));
#2860=DIRECTION('',(-0.707106781186549,0.,0.707106781186546));
#2861=DIRECTION('',(0.707106781186546,0.,0.707106781186549));
#2862=DIRECTION('',(-0.707106781186549,0.,0.707106781186546));
#2863=DIRECTION('',(0.707106781186546,0.,0.707106781186549));
#2864=DIRECTION('',(-0.707106781186549,0.,0.707106781186546));
#2865=DIRECTION('',(0.,1.,0.));
#2866=DIRECTION('',(-0.707106781186549,0.,0.707106781186546));
#2867=DIRECTION('',(0.,1.,0.));
#2868=DIRECTION('',(0.,-1.,0.));
#2869=DIRECTION('',(1.,0.,0.));
#2870=DIRECTION('',(0.,-1.,0.));
#2871=DIRECTION('',(-1.,0.,0.));
#2872=DIRECTION('',(-0.707106781186549,0.,-0.707106781186546));
#2873=DIRECTION('',(0.,1.,0.));
#2874=DIRECTION('',(-0.707106781186549,0.,-0.707106781186546));
#2875=DIRECTION('',(-0.707106781186546,0.,0.707106781186549));
#2876=DIRECTION('',(-0.260580123298915,-0.929621427616126,0.260580123298916));
#2877=DIRECTION('',(0.707106781186549,0.,0.707106781186546));
#2878=DIRECTION('',(0.707106781186546,0.,-0.707106781186549));
#2879=DIRECTION('',(0.260580123298916,-0.929621427616125,-0.260580123298917));
#2880=DIRECTION('',(0.707106781186549,0.,0.707106781186546));
#2881=DIRECTION('',(0.707106781186546,0.,-0.707106781186549));
#2882=DIRECTION('',(0.,-1.,0.));
#2883=DIRECTION('',(0.,0.,1.));
#2884=DIRECTION('',(0.,-1.,0.));
#2885=DIRECTION('',(0.,0.,1.));
#2886=DIRECTION('',(0.,-1.,0.));
#2887=DIRECTION('',(0.,0.,1.));
#2888=DIRECTION('',(0.,-1.,0.));
#2889=DIRECTION('',(0.,0.,-1.));
#2890=DIRECTION('',(0.,-1.,0.));
#2891=DIRECTION('',(0.,1.,0.));
#2892=DIRECTION('',(0.,0.,-1.));
#2893=DIRECTION('',(0.,-1.,0.));
#2894=DIRECTION('',(0.,1.,0.));
#2895=DIRECTION('',(0.,0.,1.));
#2896=DIRECTION('',(0.,1.,0.));
#2897=DIRECTION('',(0.,1.,0.));
#2898=DIRECTION('',(0.,0.,-1.));
#2899=DIRECTION('',(0.,1.,0.));
#2900=DIRECTION('',(0.,1.,0.));
#2901=DIRECTION('',(0.,0.,1.));
#2902=DIRECTION('',(0.,1.,0.));
#2903=DIRECTION('',(0.,1.,0.));
#2904=DIRECTION('',(0.,0.,-1.));
#2905=DIRECTION('',(0.,1.,0.));
#2906=DIRECTION('',(0.,1.,0.));
#2907=DIRECTION('',(0.,0.,1.));
#2908=DIRECTION('',(0.,1.,0.));
#2909=DIRECTION('',(0.,1.,0.));
#2910=DIRECTION('',(0.,0.,-1.));
#2911=DIRECTION('',(0.,1.,0.));
#2912=DIRECTION('',(0.,-1.,0.));
#2913=DIRECTION('',(0.,0.,-1.));
#2914=DIRECTION('',(0.,1.,0.));
#2915=DIRECTION('',(0.,0.,-1.));
#2916=DIRECTION('',(0.,-1.,0.));
#2917=DIRECTION('',(0.,0.,-1.));
#2918=DIRECTION('',(0.,1.,0.));
#2919=DIRECTION('',(0.,0.,-1.));
#2920=DIRECTION('',(0.,1.,0.));
#2921=DIRECTION('',(0.,0.,1.));
#2922=DIRECTION('',(0.,1.,0.));
#2923=DIRECTION('',(0.,0.,-1.));
#2924=DIRECTION('',(0.,-1.,0.));
#2925=DIRECTION('',(0.,0.,-1.));
#2926=DIRECTION('',(0.,1.,0.));
#2927=DIRECTION('',(0.,0.,-1.));
#2928=DIRECTION('',(-0.707106781186549,0.,-0.707106781186546));
#2929=DIRECTION('',(-0.707106781186546,0.,0.707106781186549));
#2930=DIRECTION('',(-0.707106781186549,0.,-0.707106781186546));
#2931=DIRECTION('',(-0.707106781186546,0.,0.707106781186549));
#2932=DIRECTION('',(-0.707106781186549,0.,-0.707106781186546));
#2933=DIRECTION('',(-0.707106781186546,0.,0.707106781186549));
#2934=DIRECTION('',(-0.707106781186549,0.,-0.707106781186546));
#2935=DIRECTION('',(-0.707106781186546,0.,0.707106781186549));
#2936=DIRECTION('',(-0.707106781186549,0.,-0.707106781186546));
#2937=DIRECTION('',(-0.707106781186546,0.,0.707106781186549));
#2938=DIRECTION('',(-0.707106781186549,0.,-0.707106781186546));
#2939=DIRECTION('',(-0.707106781186549,0.,-0.707106781186546));
#2940=DIRECTION('',(-0.707106781186546,0.,0.707106781186549));
#2941=DIRECTION('',(-0.707106781186549,0.,-0.707106781186546));
#2942=DIRECTION('',(-0.65734161540368,-0.368515944454182,0.657341615403683));
#2943=DIRECTION('',(0.707106781186549,0.,0.707106781186546));
#2944=DIRECTION('',(-0.260580123298916,0.929621427616125,0.260580123298917));
#2945=DIRECTION('',(-0.657341615403681,0.36851594445418,0.657341615403683));
#2946=DIRECTION('',(0.707106781186549,0.,0.707106781186546));
#2947=DIRECTION('',(0.260580123298915,0.929621427616126,-0.260580123298916));
#2948=DIRECTION('',(-0.707106781186549,0.,-0.707106781186546));
#2949=DIRECTION('',(-0.707106781186546,0.,0.707106781186549));
#2950=DIRECTION('',(0.,-1.,0.));
#2951=DIRECTION('',(0.,0.,1.));
#2952=DIRECTION('',(0.,-1.,0.));
#2953=DIRECTION('',(0.,0.,1.));
#2954=DIRECTION('',(-0.657341615403681,0.36851594445418,0.657341615403683));
#2955=DIRECTION('',(0.707106781186549,0.,0.707106781186546));
#2956=DIRECTION('',(-0.260580123298915,-0.929621427616126,0.260580123298916));
#2957=DIRECTION('',(0.707106781186549,0.,0.707106781186546));
#2958=DIRECTION('',(-0.260580123298915,-0.929621427616126,0.260580123298916));
#2959=DIRECTION('',(0.707106781186549,0.,0.707106781186546));
#2960=DIRECTION('',(0.707106781186546,0.,-0.707106781186549));
#2961=DIRECTION('',(0.707106781186549,0.,0.707106781186546));
#2962=DIRECTION('',(0.707106781186546,0.,-0.707106781186549));
#2963=DIRECTION('',(0.707106781186549,0.,0.707106781186546));
#2964=DIRECTION('',(0.707106781186549,0.,0.707106781186546));
#2965=DIRECTION('',(0.707106781186546,0.,-0.707106781186549));
#2966=DIRECTION('',(-0.65734161540368,-0.368515944454182,0.657341615403682));
#2967=DIRECTION('',(0.707106781186549,0.,0.707106781186546));
#2968=DIRECTION('',(0.260580123298916,-0.929621427616125,-0.260580123298917));
#2969=DIRECTION('',(0.260580123298916,-0.929621427616125,-0.260580123298917));
#2970=DIRECTION('',(0.707106781186549,0.,0.707106781186546));
#2971=DIRECTION('',(0.707106781186546,0.,-0.707106781186549));
#2972=DIRECTION('',(0.707106781186549,0.,0.707106781186546));
#2973=DIRECTION('',(0.707106781186546,0.,-0.707106781186549));
#2974=DIRECTION('',(0.707106781186549,0.,0.707106781186546));
#2975=DIRECTION('',(0.707106781186546,0.,-0.707106781186549));
#2976=DIRECTION('',(-0.707106781186549,0.,-0.707106781186546));
#2977=DIRECTION('',(0.,1.,0.));
#2978=DIRECTION('',(-0.707106781186549,0.,-0.707106781186546));
#2979=DIRECTION('',(0.,1.,0.));
#2980=DIRECTION('',(0.,-1.,0.));
#2981=DIRECTION('',(1.,0.,0.));
#2982=DIRECTION('',(0.,-1.,0.));
#2983=DIRECTION('',(-1.,0.,0.));
#2984=DIRECTION('',(0.,1.,0.));
#2985=DIRECTION('',(-1.,0.,0.));
#2986=DIRECTION('',(0.,-1.,0.));
#2987=DIRECTION('',(0.,0.,-1.));
#2988=DIRECTION('',(0.,1.,0.));
#2989=DIRECTION('',(-1.,0.,0.));
#2990=DIRECTION('',(0.,-1.,0.));
#2991=DIRECTION('',(0.,0.,-1.));
#2992=DIRECTION('',(0.,1.,0.));
#2993=DIRECTION('',(0.,0.,1.));
#2994=DIRECTION('',(0.,1.,0.));
#2995=DIRECTION('',(-1.,0.,0.));
#2996=DIRECTION('',(0.,1.,0.));
#2997=DIRECTION('',(0.,0.,1.));
#2998=DIRECTION('',(0.,1.,0.));
#2999=DIRECTION('',(1.,0.,0.));
#3000=DIRECTION('',(0.,1.,0.));
#3001=DIRECTION('',(0.,0.,1.));
#3002=DIRECTION('',(-0.428571428571428,0.,0.903507902905252));
#3003=DIRECTION('',(-0.428571428571428,0.,-0.903507902905252));
#3004=DIRECTION('',(0.903507902905252,0.,0.428571428571428));
#3005=DIRECTION('',(0.428571428571428,0.,-0.903507902905252));
#3006=DIRECTION('',(0.428571428571428,0.,-0.903507902905252));
#3007=DIRECTION('',(0.,1.,0.));
#3008=DIRECTION('',(0.,1.,0.));
#3009=DIRECTION('',(-1.,0.,0.));
#3010=DIRECTION('',(0.,-1.,0.));
#3011=DIRECTION('',(0.,0.,1.));
#3012=DIRECTION('',(-0.428571428571428,0.,-0.903507902905252));
#3013=DIRECTION('',(0.903507902905252,0.,-0.428571428571428));
#3014=DIRECTION('',(-0.428571428571428,0.,-0.903507902905252));
#3015=DIRECTION('',(0.,1.,0.));
#3016=DIRECTION('',(0.428571428571428,0.,0.903507902905252));
#3017=DIRECTION('',(0.,1.,0.));
#3018=DIRECTION('',(1.,0.,0.));
#3019=DIRECTION('',(0.428571428571428,0.,-0.903507902905252));
#3020=DIRECTION('',(0.,1.,0.));
#3021=DIRECTION('',(0.,0.,1.));
#3022=DIRECTION('',(-0.903507902905252,0.,-0.428571428571428));
#3023=DIRECTION('',(-0.428571428571428,0.,0.903507902905252));
#3024=DIRECTION('',(-0.428571428571428,0.,0.903507902905252));
#3025=DIRECTION('',(0.,1.,0.));
#3026=DIRECTION('',(0.,1.,0.));
#3027=DIRECTION('',(-1.,0.,0.));
#3028=DIRECTION('',(0.,-1.,0.));
#3029=DIRECTION('',(0.,0.,1.));
#3030=DIRECTION('',(0.428571428571428,0.,0.903507902905252));
#3031=DIRECTION('',(-0.903507902905252,0.,0.428571428571428));
#3032=DIRECTION('',(0.428571428571428,0.,0.903507902905252));
#3033=DIRECTION('',(0.,1.,0.));
#3034=DIRECTION('',(0.,-1.,0.));
#3035=DIRECTION('',(0.,0.,-1.));
#3036=DIRECTION('',(0.,1.,0.));
#3037=DIRECTION('',(0.,0.,1.));
#3038=DIRECTION('',(0.,1.,0.));
#3039=DIRECTION('',(-1.,0.,0.));
#3040=DIRECTION('',(0.,1.,0.));
#3041=DIRECTION('',(0.,0.,1.));
#3042=DIRECTION('',(0.,-1.,0.));
#3043=DIRECTION('',(0.,0.,-1.));
#3044=CARTESIAN_POINT('',(0.,0.,0.));
#3045=CARTESIAN_POINT('',(0.,0.018,4.28626379701574E-19));
#3046=CARTESIAN_POINT('',(0.,0.018,4.28626379701574E-19));
#3047=CARTESIAN_POINT('',(0.,0.018,0.007));
#3048=CARTESIAN_POINT('',(-0.003,0.0723,0.00632455532033676));
#3049=CARTESIAN_POINT('',(-0.003,0.0773,0.00632455532033676));
#3050=CARTESIAN_POINT('',(-0.003,0.0843,0.00632455532033676));
#3051=CARTESIAN_POINT('',(0.,0.0773,4.28626379701574E-19));
#3052=CARTESIAN_POINT('',(0.003,0.0773,0.00632455532033676));
#3053=CARTESIAN_POINT('',(0.003,0.0723,0.00632455532033676));
#3054=CARTESIAN_POINT('',(0.003,0.0843,0.00632455532033676));
#3055=CARTESIAN_POINT('',(0.,0.0843,4.28626379701574E-19));
#3056=CARTESIAN_POINT('',(0.003,0.0843,-0.00632455532033676));
#3057=CARTESIAN_POINT('',(0.003,0.0723,-0.00632455532033676));
#3058=CARTESIAN_POINT('',(0.003,0.0773,-0.00632455532033676));
#3059=CARTESIAN_POINT('',(0.,0.0773,4.28626379701574E-19));
#3060=CARTESIAN_POINT('',(-0.003,0.0773,-0.00632455532033676));
#3061=CARTESIAN_POINT('',(-0.003,0.0723,-0.00632455532033676));
#3062=CARTESIAN_POINT('',(-0.003,0.0843,-0.00632455532033676));
#3063=CARTESIAN_POINT('',(0.,0.0843,4.28626379701574E-19));
#3064=CARTESIAN_POINT('',(0.,0.122,5.51091059616309E-19));
#3065=CARTESIAN_POINT('',(0.,0.0528,5.51091059616309E-19));
#3066=CARTESIAN_POINT('',(0.,0.0528,0.009));
#3067=CARTESIAN_POINT('',(0.,0.06055,5.51091059616309E-19));
#3068=CARTESIAN_POINT('',(0.,0.06055,0.009));
#3069=CARTESIAN_POINT('',(0.,0.122,5.51091059616309E-19));
#3070=CARTESIAN_POINT('',(0.,0.022,5.51091059616309E-19));
#3071=CARTESIAN_POINT('',(0.,0.022,0.009));
#3072=CARTESIAN_POINT('',(0.,0.0513,5.51091059616309E-19));
#3073=CARTESIAN_POINT('',(0.,0.0513,0.009));
#3074=CARTESIAN_POINT('',(0.,0.022,0.));
#3075=CARTESIAN_POINT('',(-2.94902990916057E-17,0.022,-0.023));
#3076=CARTESIAN_POINT('',(-2.94902990916057E-17,0.022,-0.016));
#3077=CARTESIAN_POINT('',(-2.94902990916057E-17,0.022,0.023));
#3078=CARTESIAN_POINT('',(-2.94902990916057E-17,0.022,0.016));
#3079=CARTESIAN_POINT('',(0.023,0.022,-3.55618312575245E-17));
#3080=CARTESIAN_POINT('',(0.023,0.022,-0.00700000000000004));
#3081=CARTESIAN_POINT('',(0.0188665403481381,0.022,0.00941773089932383));
#3082=CARTESIAN_POINT('',(0.0245233945976304,0.022,0.0150745851488162));
#3083=CARTESIAN_POINT('',(0.0231091810352573,0.022,0.0136603715864431));
#3084=CARTESIAN_POINT('',(0.0197989898732233,0.022,0.0197989898732233));
#3085=CARTESIAN_POINT('',(0.0150745851488163,0.022,0.0245233945976304));
#3086=CARTESIAN_POINT('',(0.0150745851488163,0.022,0.0245233945976304));
#3087=CARTESIAN_POINT('',(0.0136603715864432,0.022,0.0231091810352573));
#3088=CARTESIAN_POINT('',(0.0094177308993239,0.022,0.018866540348138));
#3089=CARTESIAN_POINT('',(0.00729641055576425,0.022,0.0167452200045784));
#3090=CARTESIAN_POINT('',(0.0065893037745777,0.022,0.0160381132233918));
#3091=CARTESIAN_POINT('',(0.00588219699339115,0.022,0.0153310064422053));
#3092=CARTESIAN_POINT('',(0.00824439935559469,0.022,0.0129688040800017));
#3093=CARTESIAN_POINT('',(0.0153310064422053,0.022,0.00588219699339111));
#3094=CARTESIAN_POINT('',(0.0160381132233918,0.022,0.00658930377457765));
#3095=CARTESIAN_POINT('',(0.0167452200045784,0.022,0.0072964105557642));
#3096=CARTESIAN_POINT('',(0.0188665403481381,0.022,0.00941773089932383));
#3097=CARTESIAN_POINT('',(0.0188665403481381,0.022,-0.00941773089932383));
#3098=CARTESIAN_POINT('',(0.0245233945976304,0.022,-0.0150745851488162));
#3099=CARTESIAN_POINT('',(0.0231091810352573,0.022,-0.0136603715864431));
#3100=CARTESIAN_POINT('',(0.0188665403481381,0.022,-0.00941773089932383));
#3101=CARTESIAN_POINT('',(0.0167452200045784,0.022,-0.0072964105557642));
#3102=CARTESIAN_POINT('',(0.0160381132233918,0.022,-0.00658930377457765));
#3103=CARTESIAN_POINT('',(0.0153310064422053,0.022,-0.00588219699339111));
#3104=CARTESIAN_POINT('',(0.00824439935559469,0.022,-0.0129688040800017));
#3105=CARTESIAN_POINT('',(0.00588219699339115,0.022,-0.0153310064422053));
#3106=CARTESIAN_POINT('',(0.0065893037745777,0.022,-0.0160381132233918));
#3107=CARTESIAN_POINT('',(0.00729641055576425,0.022,-0.0167452200045784));
#3108=CARTESIAN_POINT('',(0.0094177308993239,0.022,-0.018866540348138));
#3109=CARTESIAN_POINT('',(0.0136603715864432,0.022,-0.0231091810352573));
#3110=CARTESIAN_POINT('',(0.0150745851488163,0.022,-0.0245233945976304));
#3111=CARTESIAN_POINT('',(0.0150745851488163,0.022,-0.0245233945976304));
#3112=CARTESIAN_POINT('',(0.0197989898732233,0.022,-0.0197989898732233));
#3113=CARTESIAN_POINT('',(0.,0.022,1.95943487863577E-18));
#3114=CARTESIAN_POINT('',(0.,0.022,0.032));
#3115=CARTESIAN_POINT('',(-0.023,0.022,-3.55618312575245E-17));
#3116=CARTESIAN_POINT('',(-0.023,0.022,-0.00700000000000004));
#3117=CARTESIAN_POINT('',(-0.0188665403481381,0.022,0.00941773089932383));
#3118=CARTESIAN_POINT('',(-0.0245233945976304,0.022,0.0150745851488162));
#3119=CARTESIAN_POINT('',(-0.0231091810352573,0.022,0.0136603715864431));
#3120=CARTESIAN_POINT('',(-0.0188665403481381,0.022,0.00941773089932383));
#3121=CARTESIAN_POINT('',(-0.0167452200045784,0.022,0.0072964105557642));
#3122=CARTESIAN_POINT('',(-0.0160381132233918,0.022,0.00658930377457765));
#3123=CARTESIAN_POINT('',(-0.0153310064422053,0.022,0.00588219699339111));
#3124=CARTESIAN_POINT('',(-0.00824439935559469,0.022,0.0129688040800017));
#3125=CARTESIAN_POINT('',(-0.00588219699339115,0.022,0.0153310064422053));
#3126=CARTESIAN_POINT('',(-0.0065893037745777,0.022,0.0160381132233918));
#3127=CARTESIAN_POINT('',(-0.00729641055576425,0.022,0.0167452200045784));
#3128=CARTESIAN_POINT('',(-0.0094177308993239,0.022,0.018866540348138));
#3129=CARTESIAN_POINT('',(-0.0136603715864432,0.022,0.0231091810352573));
#3130=CARTESIAN_POINT('',(-0.0150745851488163,0.022,0.0245233945976304));
#3131=CARTESIAN_POINT('',(-0.0150745851488163,0.022,0.0245233945976304));
#3132=CARTESIAN_POINT('',(-0.0197989898732233,0.022,0.0197989898732233));
#3133=CARTESIAN_POINT('',(-0.0188665403481381,0.022,-0.00941773089932383));
#3134=CARTESIAN_POINT('',(-0.0245233945976304,0.022,-0.0150745851488162));
#3135=CARTESIAN_POINT('',(-0.0231091810352573,0.022,-0.0136603715864431));
#3136=CARTESIAN_POINT('',(-0.0197989898732233,0.022,-0.0197989898732233));
#3137=CARTESIAN_POINT('',(-0.0150745851488163,0.022,-0.0245233945976304));
#3138=CARTESIAN_POINT('',(-0.0150745851488163,0.022,-0.0245233945976304));
#3139=CARTESIAN_POINT('',(-0.0136603715864432,0.022,-0.0231091810352573));
#3140=CARTESIAN_POINT('',(-0.0094177308993239,0.022,-0.018866540348138));
#3141=CARTESIAN_POINT('',(-0.00729641055576425,0.022,-0.0167452200045784));
#3142=CARTESIAN_POINT('',(-0.0065893037745777,0.022,-0.0160381132233918));
#3143=CARTESIAN_POINT('',(-0.00588219699339115,0.022,-0.0153310064422053));
#3144=CARTESIAN_POINT('',(-0.00824439935559469,0.022,-0.0129688040800017));
#3145=CARTESIAN_POINT('',(-0.0153310064422053,0.022,-0.00588219699339111));
#3146=CARTESIAN_POINT('',(-0.0160381132233918,0.022,-0.00658930377457765));
#3147=CARTESIAN_POINT('',(-0.0167452200045784,0.022,-0.0072964105557642));
#3148=CARTESIAN_POINT('',(-0.0188665403481381,0.022,-0.00941773089932383));
#3149=CARTESIAN_POINT('',(0.,0.018,0.));
#3150=CARTESIAN_POINT('',(-2.94902990916057E-17,0.018,-0.023));
#3151=CARTESIAN_POINT('',(-2.94902990916057E-17,0.018,-0.016));
#3152=CARTESIAN_POINT('',(-2.94902990916057E-17,0.018,0.023));
#3153=CARTESIAN_POINT('',(-2.94902990916057E-17,0.018,0.016));
#3154=CARTESIAN_POINT('',(0.023,0.018,-3.55618312575245E-17));
#3155=CARTESIAN_POINT('',(0.023,0.018,-0.00700000000000004));
#3156=CARTESIAN_POINT('',(0.,0.018,9.79717439317882E-19));
#3157=CARTESIAN_POINT('',(0.0121352657004831,0.018,0.0104276232372808));
#3158=CARTESIAN_POINT('',(0.0104276232372808,0.018,0.0121352657004831));
#3159=CARTESIAN_POINT('',(0.0117310761419409,0.018,0.0136521739130435));
#3160=CARTESIAN_POINT('',(0.0101669326563488,0.018,0.0148985507246377));
#3161=CARTESIAN_POINT('',(3.13943647185549E-17,0.018,0.023));
#3162=CARTESIAN_POINT('',(0.0128962495097517,0.018,0.0246391304347826));
#3163=CARTESIAN_POINT('',(0.0148802878958673,0.018,0.024891304347826));
#3164=CARTESIAN_POINT('',(0.0159065146473065,0.018,0.0266079460269865));
#3165=CARTESIAN_POINT('',(1.12757025938492E-17,0.018,7.80625564189563E-18));
#3166=CARTESIAN_POINT('',(0.0266079460269865,0.018,0.0159065146473064));
#3167=CARTESIAN_POINT('',(0.0248913043478261,0.018,0.0148802878958672));
#3168=CARTESIAN_POINT('',(0.0246391304347826,0.018,0.0128962495097516));
#3169=CARTESIAN_POINT('',(0.023,0.018,-3.54831678874206E-17));
#3170=CARTESIAN_POINT('',(0.0148985507246377,0.018,0.0101669326563488));
#3171=CARTESIAN_POINT('',(0.0136521739130435,0.018,0.0117310761419409));
#3172=CARTESIAN_POINT('',(0.,0.018,1.95943487863577E-18));
#3173=CARTESIAN_POINT('',(0.,0.018,0.032));
#3174=CARTESIAN_POINT('',(0.,0.018,-9.79717439317882E-19));
#3175=CARTESIAN_POINT('',(0.0121352657004831,0.018,-0.0104276232372808));
#3176=CARTESIAN_POINT('',(0.0104276232372808,0.018,-0.0121352657004831));
#3177=CARTESIAN_POINT('',(0.0136521739130435,0.018,-0.0117310761419409));
#3178=CARTESIAN_POINT('',(0.0148985507246377,0.018,-0.0101669326563488));
#3179=CARTESIAN_POINT('',(0.023,0.018,3.54831678874206E-17));
#3180=CARTESIAN_POINT('',(0.0246391304347826,0.018,-0.0128962495097516));
#3181=CARTESIAN_POINT('',(0.0248913043478261,0.018,-0.0148802878958672));
#3182=CARTESIAN_POINT('',(0.0266079460269865,0.018,-0.0159065146473064));
#3183=CARTESIAN_POINT('',(1.12757025938492E-17,0.018,-7.80625564189563E-18));
#3184=CARTESIAN_POINT('',(0.0159065146473065,0.018,-0.0266079460269865));
#3185=CARTESIAN_POINT('',(0.0148802878958673,0.018,-0.024891304347826));
#3186=CARTESIAN_POINT('',(0.0128962495097517,0.018,-0.0246391304347826));
#3187=CARTESIAN_POINT('',(3.13943647185549E-17,0.018,-0.023));
#3188=CARTESIAN_POINT('',(0.0101669326563488,0.018,-0.0148985507246377));
#3189=CARTESIAN_POINT('',(0.0117310761419409,0.018,-0.0136521739130435));
#3190=CARTESIAN_POINT('',(-0.023,0.018,-3.55618312575245E-17));
#3191=CARTESIAN_POINT('',(-0.023,0.018,-0.00700000000000004));
#3192=CARTESIAN_POINT('',(0.,0.018,9.79717439317882E-19));
#3193=CARTESIAN_POINT('',(-0.0121352657004831,0.018,0.0104276232372808));
#3194=CARTESIAN_POINT('',(-0.0104276232372808,0.018,0.0121352657004831));
#3195=CARTESIAN_POINT('',(-0.0136521739130435,0.018,0.0117310761419409));
#3196=CARTESIAN_POINT('',(-0.0148985507246377,0.018,0.0101669326563488));
#3197=CARTESIAN_POINT('',(-0.023,0.018,-3.54831678874206E-17));
#3198=CARTESIAN_POINT('',(-0.0246391304347826,0.018,0.0128962495097516));
#3199=CARTESIAN_POINT('',(-0.0248913043478261,0.018,0.0148802878958672));
#3200=CARTESIAN_POINT('',(-0.0266079460269865,0.018,0.0159065146473064));
#3201=CARTESIAN_POINT('',(-1.12757025938492E-17,0.018,7.80625564189563E-18));
#3202=CARTESIAN_POINT('',(-0.0159065146473065,0.018,0.0266079460269865));
#3203=CARTESIAN_POINT('',(-0.0148802878958673,0.018,0.024891304347826));
#3204=CARTESIAN_POINT('',(-0.0128962495097517,0.018,0.0246391304347826));
#3205=CARTESIAN_POINT('',(-3.13943647185549E-17,0.018,0.023));
#3206=CARTESIAN_POINT('',(-0.0101669326563488,0.018,0.0148985507246377));
#3207=CARTESIAN_POINT('',(-0.0117310761419409,0.018,0.0136521739130435));
#3208=CARTESIAN_POINT('',(0.,0.018,-9.79717439317882E-19));
#3209=CARTESIAN_POINT('',(-0.0121352657004831,0.018,-0.0104276232372808));
#3210=CARTESIAN_POINT('',(-0.0104276232372808,0.018,-0.0121352657004831));
#3211=CARTESIAN_POINT('',(-0.0117310761419409,0.018,-0.0136521739130435));
#3212=CARTESIAN_POINT('',(-0.0101669326563488,0.018,-0.0148985507246377));
#3213=CARTESIAN_POINT('',(-3.13943647185549E-17,0.018,-0.023));
#3214=CARTESIAN_POINT('',(-0.0128962495097517,0.018,-0.0246391304347826));
#3215=CARTESIAN_POINT('',(-0.0148802878958673,0.018,-0.024891304347826));
#3216=CARTESIAN_POINT('',(-0.0159065146473065,0.018,-0.0266079460269865));
#3217=CARTESIAN_POINT('',(-1.12757025938492E-17,0.018,-7.80625564189563E-18));
#3218=CARTESIAN_POINT('',(-0.0266079460269865,0.018,-0.0159065146473064));
#3219=CARTESIAN_POINT('',(-0.0248913043478261,0.018,-0.0148802878958672));
#3220=CARTESIAN_POINT('',(-0.0246391304347826,0.018,-0.0128962495097516));
#3221=CARTESIAN_POINT('',(-0.023,0.018,3.54831678874206E-17));
#3222=CARTESIAN_POINT('',(-0.0148985507246377,0.018,-0.0101669326563488));
#3223=CARTESIAN_POINT('',(-0.0136521739130435,0.018,-0.0117310761419409));
#3224=CARTESIAN_POINT('',(0.,0.004,1.95943487863577E-18));
#3225=CARTESIAN_POINT('',(0.023,0.018,-3.55618312575245E-17));
#3226=CARTESIAN_POINT('',(0.0120208152801713,0.0264,0.0120208152801713));
#3227=CARTESIAN_POINT('',(0.0120208152801713,0.0264,0.0120208152801713));
#3228=CARTESIAN_POINT('',(0.0138265627966057,0.032412330173339,0.0102150677637369));
#3229=CARTESIAN_POINT('',(0.0146501817417861,0.0294740637778167,0.00939144881855655));
#3230=CARTESIAN_POINT('',(0.0120208152801713,0.028,0.0120208152801713));
#3231=CARTESIAN_POINT('',(0.00939144881855661,0.0294740637778167,0.014650181741786));
#3232=CARTESIAN_POINT('',(0.010215067763737,0.032412330173339,0.0138265627966056));
#3233=CARTESIAN_POINT('',(0.0120208152801713,0.028,0.0120208152801713));
#3234=CARTESIAN_POINT('',(0.0105005357006202,0.028,0.0135410948597224));
#3235=CARTESIAN_POINT('',(0.015556349186104,0.036,0.015556349186104));
#3236=CARTESIAN_POINT('',(0.015556349186104,0.0144,0.015556349186104));
#3237=CARTESIAN_POINT('',(0.015556349186104,0.0144,0.013406349186104));
#3238=CARTESIAN_POINT('',(0.015556349186104,0.0125,0.015556349186104));
#3239=CARTESIAN_POINT('',(0.015556349186104,0.0125,0.0134063491861041));
#3240=CARTESIAN_POINT('',(-2.94902990916057E-17,0.018,0.023));
#3241=CARTESIAN_POINT('',(0.,0.0395,9.79717439317882E-19));
#3242=CARTESIAN_POINT('',(0.0121352657004831,0.0395,0.0104276232372808));
#3243=CARTESIAN_POINT('',(0.0121352657004831,0.0125,0.0104276232372808));
#3244=CARTESIAN_POINT('',(0.,0.0125,9.79717439317882E-19));
#3245=CARTESIAN_POINT('',(0.0104276232372808,0.0125,0.0121352657004831));
#3246=CARTESIAN_POINT('',(0.0104276232372808,0.0395,0.0121352657004831));
#3247=CARTESIAN_POINT('',(3.13943647185549E-17,0.0145,0.023));
#3248=CARTESIAN_POINT('',(0.0101669326563488,0.0145,0.0148985507246377));
#3249=CARTESIAN_POINT('',(0.0101669326563488,0.0125,0.0148985507246377));
#3250=CARTESIAN_POINT('',(3.13943647185549E-17,0.0125,0.023));
#3251=CARTESIAN_POINT('',(0.0128962495097517,0.0125,0.0246391304347826));
#3252=CARTESIAN_POINT('',(0.0128962495097517,0.0145,0.0246391304347826));
#3253=CARTESIAN_POINT('',(1.12757025938492E-17,0.0145,7.80625564189563E-18));
#3254=CARTESIAN_POINT('',(0.0159065146473065,0.0145,0.0266079460269865));
#3255=CARTESIAN_POINT('',(0.0159065146473065,0.0125,0.0266079460269865));
#3256=CARTESIAN_POINT('',(1.12757025938492E-17,0.0125,7.80625564189563E-18));
#3257=CARTESIAN_POINT('',(0.0266079460269865,0.0125,0.0159065146473064));
#3258=CARTESIAN_POINT('',(0.0266079460269865,0.0145,0.0159065146473064));
#3259=CARTESIAN_POINT('',(0.023,0.0145,-3.54831678874206E-17));
#3260=CARTESIAN_POINT('',(0.0246391304347826,0.0145,0.0128962495097516));
#3261=CARTESIAN_POINT('',(0.0246391304347826,0.0125,0.0128962495097516));
#3262=CARTESIAN_POINT('',(0.023,0.0125,-3.54831678874206E-17));
#3263=CARTESIAN_POINT('',(0.0148985507246377,0.0125,0.0101669326563488));
#3264=CARTESIAN_POINT('',(0.0148985507246377,0.0145,0.0101669326563488));
#3265=CARTESIAN_POINT('',(0.0148802878958673,0.0145,0.024891304347826));
#3266=CARTESIAN_POINT('',(0.0148802878958673,0.0125,0.024891304347826));
#3267=CARTESIAN_POINT('',(0.0117310761419409,0.0145,0.0136521739130435));
#3268=CARTESIAN_POINT('',(0.0117310761419409,0.0125,0.0136521739130435));
#3269=CARTESIAN_POINT('',(0.0136521739130435,0.0145,0.0117310761419409));
#3270=CARTESIAN_POINT('',(0.0136521739130435,0.0125,0.0117310761419409));
#3271=CARTESIAN_POINT('',(0.0248913043478261,0.0145,0.0148802878958672));
#3272=CARTESIAN_POINT('',(0.0248913043478261,0.0125,0.0148802878958672));
#3273=CARTESIAN_POINT('',(0.014142135623731,0.0264,0.0141421356237309));
#3274=CARTESIAN_POINT('',(0.0140966952200898,0.0184964966734023,0.0119948709037822));
#3275=CARTESIAN_POINT('',(0.0155586910934108,0.018849352208497,0.0117124516783862));
#3276=CARTESIAN_POINT('',(0.0170066355228915,0.019219507074258,0.011993417499297));
#3277=CARTESIAN_POINT('',(0.0182751135921071,0.0193896983426351,0.0128283996210784));
#3278=CARTESIAN_POINT('',(0.0191159707672137,0.0192218028363908,0.0140962785464875));
#3279=CARTESIAN_POINT('',(0.0193999265983307,0.0188512354838329,0.0155469622588817));
#3280=CARTESIAN_POINT('',(0.0191223563170982,0.0184997529446675,0.0170013011247313));
#3281=CARTESIAN_POINT('',(0.0182867060821323,0.018350950236594,0.0182729363712168));
#3282=CARTESIAN_POINT('',(0.0170174096470575,0.0184964772133942,0.019116264642507));
#3283=CARTESIAN_POINT('',(0.0155620544509071,0.0188472227547394,0.0193998209232129));
#3284=CARTESIAN_POINT('',(0.0141138586070709,0.0192177632820709,0.0191225087098996));
#3285=CARTESIAN_POINT('',(0.0128422124004081,0.0193900064786596,0.0182897085425308));
#3286=CARTESIAN_POINT('',(0.01199689445657,0.0192222665935422,0.0170178993498399));
#3287=CARTESIAN_POINT('',(0.0117129894144815,0.0188517353218865,0.0155677643391903));
#3288=CARTESIAN_POINT('',(0.0119893371346953,0.0185003756086583,0.0141142226373429));
#3289=CARTESIAN_POINT('',(0.0128235354984132,0.0183507939749708,0.0128418156387353));
#3290=CARTESIAN_POINT('',(0.0140966952200898,0.0184964966734023,0.0119948709037822));
#3291=CARTESIAN_POINT('',(0.0155586910934108,0.018849352208497,0.0117124516783862));
#3292=CARTESIAN_POINT('',(0.0170066355228915,0.019219507074258,0.011993417499297));
#3293=CARTESIAN_POINT('',(0.015556349186104,0.0188522354302747,0.011806349186104));
#3294=CARTESIAN_POINT('',(0.0183847763108503,0.0264,0.0183847763108502));
#3295=CARTESIAN_POINT('',(0.010253048327205,0.028,0.0102530483272049));
#3296=CARTESIAN_POINT('',(0.0106066017177982,0.028,0.0106066017177982));
#3297=CARTESIAN_POINT('',(0.0121268812973493,0.028,0.00908632213824712));
#3298=CARTESIAN_POINT('',(0.0106066017177982,0.028,0.0106066017177982));
#3299=CARTESIAN_POINT('',(0.013235968179413,0.0294740637778167,0.00797723525618346));
#3300=CARTESIAN_POINT('',(0.013235968179413,0.0294740637778167,0.00797723525618346));
#3301=CARTESIAN_POINT('',(0.0106066017177982,0.028,0.0106066017177982));
#3302=CARTESIAN_POINT('',(0.00797723525618352,0.0294740637778167,0.0132359681794129));
#3303=CARTESIAN_POINT('',(0.00797723525618352,0.0294740637778167,0.0132359681794129));
#3304=CARTESIAN_POINT('',(0.00692971612478733,0.0257370318889084,0.0142834873108091));
#3305=CARTESIAN_POINT('',(0.00692971612478733,0.0257370318889084,0.0142834873108091));
#3306=CARTESIAN_POINT('',(0.0142834873108091,0.0257370318889084,0.00692971612478728));
#3307=CARTESIAN_POINT('',(0.0142834873108091,0.0257370318889084,0.00692971612478728));
#3308=CARTESIAN_POINT('',(0.00824439935559469,0.0314,0.0129688040800017));
#3309=CARTESIAN_POINT('',(0.015556349186104,0.043,0.015556349186104));
#3310=CARTESIAN_POINT('',(0.015556349186104,0.0144,0.015556349186104));
#3311=CARTESIAN_POINT('',(0.015556349186104,0.0144,0.011806349186104));
#3312=CARTESIAN_POINT('',(0.0216047373896577,0.032412330173339,0.017993242356789));
#3313=CARTESIAN_POINT('',(0.0201905238272846,0.032412330173339,0.0165790287944158));
#3314=CARTESIAN_POINT('',(0.021014142772465,0.0294740637778167,0.0157554098492355));
#3315=CARTESIAN_POINT('',(0.0224283563348381,0.0294740637778167,0.0171696234116086));
#3316=CARTESIAN_POINT('',(0.0224283563348381,0.0294740637778167,0.0171696234116086));
#3317=CARTESIAN_POINT('',(0.0216047373896577,0.032412330173339,0.017993242356789));
#3318=CARTESIAN_POINT('',(0.0197989898732233,0.028,0.0197989898732233));
#3319=CARTESIAN_POINT('',(0.0183847763108503,0.028,0.0183847763108502));
#3320=CARTESIAN_POINT('',(0.0157554098492356,0.0294740637778167,0.0210141427724649));
#3321=CARTESIAN_POINT('',(0.0171696234116087,0.0294740637778167,0.022428356334838));
#3322=CARTESIAN_POINT('',(0.0171696234116087,0.0294740637778167,0.022428356334838));
#3323=CARTESIAN_POINT('',(0.0197989898732233,0.028,0.0197989898732233));
#3324=CARTESIAN_POINT('',(0.017993242356789,0.032412330173339,0.0216047373896576));
#3325=CARTESIAN_POINT('',(0.0165790287944159,0.032412330173339,0.0201905238272846));
#3326=CARTESIAN_POINT('',(0.017993242356789,0.032412330173339,0.0216047373896576));
#3327=CARTESIAN_POINT('',(0.0197989898732233,0.028,0.0197989898732233));
#3328=CARTESIAN_POINT('',(0.0197989898732233,0.028,0.0197989898732233));
#3329=CARTESIAN_POINT('',(0.0182787102936723,0.028,0.0213192694527744));
#3330=CARTESIAN_POINT('',(0.0183847763108503,0.028,0.0183847763108502));
#3331=CARTESIAN_POINT('',(0.0168644967312992,0.028,0.0199050558904013));
#3332=CARTESIAN_POINT('',(0.0197989898732233,0.0264,0.0197989898732233));
#3333=CARTESIAN_POINT('',(0.0183847763108503,0.0264,0.0183847763108502));
#3334=CARTESIAN_POINT('',(0.,0.0125,-6.93889390390723E-18));
#3335=CARTESIAN_POINT('',(0.016,0.0144,0.016));
#3336=CARTESIAN_POINT('',(0.0120208152801713,0.0264,-0.0120208152801713));
#3337=CARTESIAN_POINT('',(0.0120208152801713,0.0264,-0.0120208152801713));
#3338=CARTESIAN_POINT('',(0.010215067763737,0.032412330173339,-0.0138265627966056));
#3339=CARTESIAN_POINT('',(0.00939144881855661,0.0294740637778167,-0.014650181741786));
#3340=CARTESIAN_POINT('',(0.0120208152801713,0.028,-0.0120208152801713));
#3341=CARTESIAN_POINT('',(0.0146501817417861,0.0294740637778167,-0.00939144881855655));
#3342=CARTESIAN_POINT('',(0.0138265627966057,0.032412330173339,-0.0102150677637369));
#3343=CARTESIAN_POINT('',(0.0120208152801713,0.028,-0.0120208152801713));
#3344=CARTESIAN_POINT('',(0.0105005357006202,0.028,-0.0135410948597224));
#3345=CARTESIAN_POINT('',(0.015556349186104,0.036,-0.015556349186104));
#3346=CARTESIAN_POINT('',(0.015556349186104,0.0144,-0.015556349186104));
#3347=CARTESIAN_POINT('',(0.015556349186104,0.0144,-0.013406349186104));
#3348=CARTESIAN_POINT('',(0.015556349186104,0.0125,-0.015556349186104));
#3349=CARTESIAN_POINT('',(0.015556349186104,0.0125,-0.0134063491861041));
#3350=CARTESIAN_POINT('',(-2.94902990916057E-17,0.018,-0.023));
#3351=CARTESIAN_POINT('',(0.,0.0395,-9.79717439317882E-19));
#3352=CARTESIAN_POINT('',(0.0104276232372808,0.0395,-0.0121352657004831));
#3353=CARTESIAN_POINT('',(0.0104276232372808,0.0125,-0.0121352657004831));
#3354=CARTESIAN_POINT('',(0.,0.0125,-9.79717439317882E-19));
#3355=CARTESIAN_POINT('',(0.0121352657004831,0.0125,-0.0104276232372808));
#3356=CARTESIAN_POINT('',(0.0121352657004831,0.0395,-0.0104276232372808));
#3357=CARTESIAN_POINT('',(3.13943647185549E-17,0.0145,-0.023));
#3358=CARTESIAN_POINT('',(0.0128962495097517,0.0145,-0.0246391304347826));
#3359=CARTESIAN_POINT('',(0.0128962495097517,0.0125,-0.0246391304347826));
#3360=CARTESIAN_POINT('',(3.13943647185549E-17,0.0125,-0.023));
#3361=CARTESIAN_POINT('',(0.0101669326563488,0.0125,-0.0148985507246377));
#3362=CARTESIAN_POINT('',(0.0101669326563488,0.0145,-0.0148985507246377));
#3363=CARTESIAN_POINT('',(1.12757025938492E-17,0.0145,-7.80625564189563E-18));
#3364=CARTESIAN_POINT('',(0.0159065146473065,0.0145,-0.0266079460269865));
#3365=CARTESIAN_POINT('',(0.0159065146473065,0.0125,-0.0266079460269865));
#3366=CARTESIAN_POINT('',(0.0266079460269865,0.0145,-0.0159065146473064));
#3367=CARTESIAN_POINT('',(0.0266079460269865,0.0125,-0.0159065146473064));
#3368=CARTESIAN_POINT('',(1.12757025938492E-17,0.0125,-7.80625564189563E-18));
#3369=CARTESIAN_POINT('',(0.023,0.0145,3.54831678874206E-17));
#3370=CARTESIAN_POINT('',(0.0148985507246377,0.0145,-0.0101669326563488));
#3371=CARTESIAN_POINT('',(0.0148985507246377,0.0125,-0.0101669326563488));
#3372=CARTESIAN_POINT('',(0.023,0.0125,3.54831678874206E-17));
#3373=CARTESIAN_POINT('',(0.0246391304347826,0.0125,-0.0128962495097516));
#3374=CARTESIAN_POINT('',(0.0246391304347826,0.0145,-0.0128962495097516));
#3375=CARTESIAN_POINT('',(0.0148802878958673,0.0145,-0.024891304347826));
#3376=CARTESIAN_POINT('',(0.0148802878958673,0.0125,-0.024891304347826));
#3377=CARTESIAN_POINT('',(0.0117310761419409,0.0145,-0.0136521739130435));
#3378=CARTESIAN_POINT('',(0.0117310761419409,0.0125,-0.0136521739130435));
#3379=CARTESIAN_POINT('',(0.0136521739130435,0.0145,-0.0117310761419409));
#3380=CARTESIAN_POINT('',(0.0136521739130435,0.0125,-0.0117310761419409));
#3381=CARTESIAN_POINT('',(0.0248913043478261,0.0145,-0.0148802878958672));
#3382=CARTESIAN_POINT('',(0.0248913043478261,0.0125,-0.0148802878958672));
#3383=CARTESIAN_POINT('',(0.014142135623731,0.0264,-0.0141421356237309));
#3384=CARTESIAN_POINT('',(0.0140966952200898,0.0184964966734023,-0.0119948709037822));
#3385=CARTESIAN_POINT('',(0.0155586910934108,0.018849352208497,-0.0117124516783862));
#3386=CARTESIAN_POINT('',(0.0170066355228915,0.019219507074258,-0.011993417499297));
#3387=CARTESIAN_POINT('',(0.0182751135921071,0.0193896983426351,-0.0128283996210784));
#3388=CARTESIAN_POINT('',(0.0191159707672137,0.0192218028363908,-0.0140962785464875));
#3389=CARTESIAN_POINT('',(0.0193999265983307,0.0188512354838329,-0.0155469622588817));
#3390=CARTESIAN_POINT('',(0.0191223563170982,0.0184997529446675,-0.0170013011247313));
#3391=CARTESIAN_POINT('',(0.0182867060821323,0.018350950236594,-0.0182729363712168));
#3392=CARTESIAN_POINT('',(0.0170174096470575,0.0184964772133942,-0.019116264642507));
#3393=CARTESIAN_POINT('',(0.0155620544509071,0.0188472227547394,-0.0193998209232129));
#3394=CARTESIAN_POINT('',(0.0141138586070709,0.0192177632820709,-0.0191225087098996));
#3395=CARTESIAN_POINT('',(0.0128422124004081,0.0193900064786596,-0.0182897085425308));
#3396=CARTESIAN_POINT('',(0.01199689445657,0.0192222665935422,-0.0170178993498399));
#3397=CARTESIAN_POINT('',(0.0117129894144815,0.0188517353218865,-0.0155677643391903));
#3398=CARTESIAN_POINT('',(0.0119893371346953,0.0185003756086583,-0.0141142226373429));
#3399=CARTESIAN_POINT('',(0.0128235354984132,0.0183507939749708,-0.0128418156387353));
#3400=CARTESIAN_POINT('',(0.0140966952200898,0.0184964966734023,-0.0119948709037822));
#3401=CARTESIAN_POINT('',(0.0155586910934108,0.018849352208497,-0.0117124516783862));
#3402=CARTESIAN_POINT('',(0.0170066355228915,0.019219507074258,-0.011993417499297));
#3403=CARTESIAN_POINT('',(0.015556349186104,0.0188522354302747,-0.011806349186104));
#3404=CARTESIAN_POINT('',(0.0183847763108503,0.0264,-0.0183847763108502));
#3405=CARTESIAN_POINT('',(0.010253048327205,0.028,-0.0102530483272049));
#3406=CARTESIAN_POINT('',(0.0106066017177982,0.028,-0.0106066017177982));
#3407=CARTESIAN_POINT('',(0.0121268812973493,0.028,-0.00908632213824712));
#3408=CARTESIAN_POINT('',(0.0106066017177982,0.028,-0.0106066017177982));
#3409=CARTESIAN_POINT('',(0.00797723525618352,0.0294740637778167,-0.0132359681794129));
#3410=CARTESIAN_POINT('',(0.00797723525618352,0.0294740637778167,-0.0132359681794129));
#3411=CARTESIAN_POINT('',(0.0106066017177982,0.028,-0.0106066017177982));
#3412=CARTESIAN_POINT('',(0.013235968179413,0.0294740637778167,-0.00797723525618346));
#3413=CARTESIAN_POINT('',(0.013235968179413,0.0294740637778167,-0.00797723525618346));
#3414=CARTESIAN_POINT('',(0.00692971612478733,0.0257370318889084,-0.0142834873108091));
#3415=CARTESIAN_POINT('',(0.00692971612478733,0.0257370318889084,-0.0142834873108091));
#3416=CARTESIAN_POINT('',(0.0142834873108091,0.0257370318889084,-0.00692971612478728));
#3417=CARTESIAN_POINT('',(0.0142834873108091,0.0257370318889084,-0.00692971612478728));
#3418=CARTESIAN_POINT('',(0.00824439935559469,0.0314,-0.0129688040800017));
#3419=CARTESIAN_POINT('',(0.015556349186104,0.043,-0.015556349186104));
#3420=CARTESIAN_POINT('',(0.015556349186104,0.0144,-0.015556349186104));
#3421=CARTESIAN_POINT('',(0.015556349186104,0.0144,-0.011806349186104));
#3422=CARTESIAN_POINT('',(0.0216047373896577,0.032412330173339,-0.017993242356789));
#3423=CARTESIAN_POINT('',(0.0201905238272846,0.032412330173339,-0.0165790287944158));
#3424=CARTESIAN_POINT('',(0.021014142772465,0.0294740637778167,-0.0157554098492355));
#3425=CARTESIAN_POINT('',(0.0216047373896577,0.032412330173339,-0.017993242356789));
#3426=CARTESIAN_POINT('',(0.0224283563348381,0.0294740637778167,-0.0171696234116086));
#3427=CARTESIAN_POINT('',(0.0224283563348381,0.0294740637778167,-0.0171696234116086));
#3428=CARTESIAN_POINT('',(0.0197989898732233,0.028,-0.0197989898732233));
#3429=CARTESIAN_POINT('',(0.0183847763108503,0.028,-0.0183847763108502));
#3430=CARTESIAN_POINT('',(0.0157554098492356,0.0294740637778167,-0.0210141427724649));
#3431=CARTESIAN_POINT('',(0.0197989898732233,0.028,-0.0197989898732233));
#3432=CARTESIAN_POINT('',(0.0171696234116087,0.0294740637778167,-0.022428356334838));
#3433=CARTESIAN_POINT('',(0.0171696234116087,0.0294740637778167,-0.022428356334838));
#3434=CARTESIAN_POINT('',(0.017993242356789,0.032412330173339,-0.0216047373896576));
#3435=CARTESIAN_POINT('',(0.0165790287944159,0.032412330173339,-0.0201905238272846));
#3436=CARTESIAN_POINT('',(0.017993242356789,0.032412330173339,-0.0216047373896576));
#3437=CARTESIAN_POINT('',(0.0197989898732233,0.028,-0.0197989898732233));
#3438=CARTESIAN_POINT('',(0.0197989898732233,0.028,-0.0197989898732233));
#3439=CARTESIAN_POINT('',(0.0182787102936723,0.028,-0.0213192694527744));
#3440=CARTESIAN_POINT('',(0.0183847763108503,0.028,-0.0183847763108502));
#3441=CARTESIAN_POINT('',(0.0168644967312992,0.028,-0.0199050558904013));
#3442=CARTESIAN_POINT('',(0.0197989898732233,0.0264,-0.0197989898732233));
#3443=CARTESIAN_POINT('',(0.0183847763108503,0.0264,-0.0183847763108502));
#3444=CARTESIAN_POINT('',(0.,0.0125,6.93889390390723E-18));
#3445=CARTESIAN_POINT('',(0.016,0.0144,-0.016));
#3446=CARTESIAN_POINT('',(-0.023,0.018,-3.55618312575245E-17));
#3447=CARTESIAN_POINT('',(-0.0120208152801713,0.0264,0.0120208152801713));
#3448=CARTESIAN_POINT('',(-0.0120208152801713,0.0264,0.0120208152801713));
#3449=CARTESIAN_POINT('',(-0.010215067763737,0.032412330173339,0.0138265627966056));
#3450=CARTESIAN_POINT('',(-0.00939144881855661,0.0294740637778167,0.014650181741786));
#3451=CARTESIAN_POINT('',(-0.0120208152801713,0.028,0.0120208152801713));
#3452=CARTESIAN_POINT('',(-0.0146501817417861,0.0294740637778167,0.00939144881855655));
#3453=CARTESIAN_POINT('',(-0.0138265627966057,0.032412330173339,0.0102150677637369));
#3454=CARTESIAN_POINT('',(-0.0120208152801713,0.028,0.0120208152801713));
#3455=CARTESIAN_POINT('',(-0.0105005357006202,0.028,0.0135410948597224));
#3456=CARTESIAN_POINT('',(-0.015556349186104,0.036,0.015556349186104));
#3457=CARTESIAN_POINT('',(-0.015556349186104,0.0144,0.015556349186104));
#3458=CARTESIAN_POINT('',(-0.015556349186104,0.0144,0.013406349186104));
#3459=CARTESIAN_POINT('',(-0.015556349186104,0.0125,0.015556349186104));
#3460=CARTESIAN_POINT('',(-0.015556349186104,0.0125,0.0134063491861041));
#3461=CARTESIAN_POINT('',(0.,0.0395,9.79717439317882E-19));
#3462=CARTESIAN_POINT('',(-0.0104276232372808,0.0395,0.0121352657004831));
#3463=CARTESIAN_POINT('',(-0.0104276232372808,0.0125,0.0121352657004831));
#3464=CARTESIAN_POINT('',(0.,0.0125,9.79717439317882E-19));
#3465=CARTESIAN_POINT('',(-0.0121352657004831,0.0125,0.0104276232372808));
#3466=CARTESIAN_POINT('',(-0.0121352657004831,0.0395,0.0104276232372808));
#3467=CARTESIAN_POINT('',(-3.13943647185549E-17,0.0145,0.023));
#3468=CARTESIAN_POINT('',(-0.0128962495097517,0.0145,0.0246391304347826));
#3469=CARTESIAN_POINT('',(-0.0128962495097517,0.0125,0.0246391304347826));
#3470=CARTESIAN_POINT('',(-3.13943647185549E-17,0.0125,0.023));
#3471=CARTESIAN_POINT('',(-0.0101669326563488,0.0125,0.0148985507246377));
#3472=CARTESIAN_POINT('',(-0.0101669326563488,0.0145,0.0148985507246377));
#3473=CARTESIAN_POINT('',(-1.12757025938492E-17,0.0145,7.80625564189563E-18));
#3474=CARTESIAN_POINT('',(-0.0159065146473065,0.0145,0.0266079460269865));
#3475=CARTESIAN_POINT('',(-0.0159065146473065,0.0125,0.0266079460269865));
#3476=CARTESIAN_POINT('',(-0.0266079460269865,0.0145,0.0159065146473064));
#3477=CARTESIAN_POINT('',(-0.0266079460269865,0.0125,0.0159065146473064));
#3478=CARTESIAN_POINT('',(-1.12757025938492E-17,0.0125,7.80625564189563E-18));
#3479=CARTESIAN_POINT('',(-0.023,0.0145,-3.54831678874206E-17));
#3480=CARTESIAN_POINT('',(-0.0148985507246377,0.0145,0.0101669326563488));
#3481=CARTESIAN_POINT('',(-0.0148985507246377,0.0125,0.0101669326563488));
#3482=CARTESIAN_POINT('',(-0.023,0.0125,-3.54831678874206E-17));
#3483=CARTESIAN_POINT('',(-0.0246391304347826,0.0125,0.0128962495097516));
#3484=CARTESIAN_POINT('',(-0.0246391304347826,0.0145,0.0128962495097516));
#3485=CARTESIAN_POINT('',(-0.0148802878958673,0.0145,0.024891304347826));
#3486=CARTESIAN_POINT('',(-0.0148802878958673,0.0125,0.024891304347826));
#3487=CARTESIAN_POINT('',(-0.0117310761419409,0.0145,0.0136521739130435));
#3488=CARTESIAN_POINT('',(-0.0117310761419409,0.0125,0.0136521739130435));
#3489=CARTESIAN_POINT('',(-0.0136521739130435,0.0145,0.0117310761419409));
#3490=CARTESIAN_POINT('',(-0.0136521739130435,0.0125,0.0117310761419409));
#3491=CARTESIAN_POINT('',(-0.0248913043478261,0.0145,0.0148802878958672));
#3492=CARTESIAN_POINT('',(-0.0248913043478261,0.0125,0.0148802878958672));
#3493=CARTESIAN_POINT('',(-0.014142135623731,0.0264,0.0141421356237309));
#3494=CARTESIAN_POINT('',(-0.0140966952200898,0.0184964966734023,0.0119948709037822));
#3495=CARTESIAN_POINT('',(-0.0155586910934108,0.018849352208497,0.0117124516783862));
#3496=CARTESIAN_POINT('',(-0.0170066355228915,0.019219507074258,0.011993417499297));
#3497=CARTESIAN_POINT('',(-0.0182751135921071,0.0193896983426351,0.0128283996210784));
#3498=CARTESIAN_POINT('',(-0.0191159707672137,0.0192218028363908,0.0140962785464875));
#3499=CARTESIAN_POINT('',(-0.0193999265983307,0.0188512354838329,0.0155469622588817));
#3500=CARTESIAN_POINT('',(-0.0191223563170982,0.0184997529446675,0.0170013011247313));
#3501=CARTESIAN_POINT('',(-0.0182867060821323,0.018350950236594,0.0182729363712168));
#3502=CARTESIAN_POINT('',(-0.0170174096470575,0.0184964772133942,0.019116264642507));
#3503=CARTESIAN_POINT('',(-0.0155620544509071,0.0188472227547394,0.0193998209232129));
#3504=CARTESIAN_POINT('',(-0.0141138586070709,0.0192177632820709,0.0191225087098996));
#3505=CARTESIAN_POINT('',(-0.0128422124004081,0.0193900064786596,0.0182897085425308));
#3506=CARTESIAN_POINT('',(-0.01199689445657,0.0192222665935422,0.0170178993498399));
#3507=CARTESIAN_POINT('',(-0.0117129894144815,0.0188517353218865,0.0155677643391903));
#3508=CARTESIAN_POINT('',(-0.0119893371346953,0.0185003756086583,0.0141142226373429));
#3509=CARTESIAN_POINT('',(-0.0128235354984132,0.0183507939749708,0.0128418156387353));
#3510=CARTESIAN_POINT('',(-0.0140966952200898,0.0184964966734023,0.0119948709037822));
#3511=CARTESIAN_POINT('',(-0.0155586910934108,0.018849352208497,0.0117124516783862));
#3512=CARTESIAN_POINT('',(-0.0170066355228915,0.019219507074258,0.011993417499297));
#3513=CARTESIAN_POINT('',(-0.015556349186104,0.0188522354302747,0.011806349186104));
#3514=CARTESIAN_POINT('',(-0.0183847763108503,0.0264,0.0183847763108502));
#3515=CARTESIAN_POINT('',(-0.010253048327205,0.028,0.0102530483272049));
#3516=CARTESIAN_POINT('',(-0.0106066017177982,0.028,0.0106066017177982));
#3517=CARTESIAN_POINT('',(-0.0121268812973493,0.028,0.00908632213824712));
#3518=CARTESIAN_POINT('',(-0.0106066017177982,0.028,0.0106066017177982));
#3519=CARTESIAN_POINT('',(-0.00797723525618352,0.0294740637778167,0.0132359681794129));
#3520=CARTESIAN_POINT('',(-0.00797723525618352,0.0294740637778167,0.0132359681794129));
#3521=CARTESIAN_POINT('',(-0.0106066017177982,0.028,0.0106066017177982));
#3522=CARTESIAN_POINT('',(-0.013235968179413,0.0294740637778167,0.00797723525618346));
#3523=CARTESIAN_POINT('',(-0.013235968179413,0.0294740637778167,0.00797723525618346));
#3524=CARTESIAN_POINT('',(-0.00692971612478733,0.0257370318889084,0.0142834873108091));
#3525=CARTESIAN_POINT('',(-0.00692971612478733,0.0257370318889084,0.0142834873108091));
#3526=CARTESIAN_POINT('',(-0.0142834873108091,0.0257370318889084,0.00692971612478728));
#3527=CARTESIAN_POINT('',(-0.0142834873108091,0.0257370318889084,0.00692971612478728));
#3528=CARTESIAN_POINT('',(-0.00824439935559469,0.0314,0.0129688040800017));
#3529=CARTESIAN_POINT('',(-0.015556349186104,0.043,0.015556349186104));
#3530=CARTESIAN_POINT('',(-0.015556349186104,0.0144,0.015556349186104));
#3531=CARTESIAN_POINT('',(-0.015556349186104,0.0144,0.011806349186104));
#3532=CARTESIAN_POINT('',(-0.0216047373896577,0.032412330173339,0.017993242356789));
#3533=CARTESIAN_POINT('',(-0.0201905238272846,0.032412330173339,0.0165790287944158));
#3534=CARTESIAN_POINT('',(-0.021014142772465,0.0294740637778167,0.0157554098492355));
#3535=CARTESIAN_POINT('',(-0.0216047373896577,0.032412330173339,0.017993242356789));
#3536=CARTESIAN_POINT('',(-0.0224283563348381,0.0294740637778167,0.0171696234116086));
#3537=CARTESIAN_POINT('',(-0.0224283563348381,0.0294740637778167,0.0171696234116086));
#3538=CARTESIAN_POINT('',(-0.0197989898732233,0.028,0.0197989898732233));
#3539=CARTESIAN_POINT('',(-0.0183847763108503,0.028,0.0183847763108502));
#3540=CARTESIAN_POINT('',(-0.0157554098492356,0.0294740637778167,0.0210141427724649));
#3541=CARTESIAN_POINT('',(-0.0197989898732233,0.028,0.0197989898732233));
#3542=CARTESIAN_POINT('',(-0.0171696234116087,0.0294740637778167,0.022428356334838));
#3543=CARTESIAN_POINT('',(-0.0171696234116087,0.0294740637778167,0.022428356334838));
#3544=CARTESIAN_POINT('',(-0.017993242356789,0.032412330173339,0.0216047373896576));
#3545=CARTESIAN_POINT('',(-0.0165790287944159,0.032412330173339,0.0201905238272846));
#3546=CARTESIAN_POINT('',(-0.017993242356789,0.032412330173339,0.0216047373896576));
#3547=CARTESIAN_POINT('',(-0.0197989898732233,0.028,0.0197989898732233));
#3548=CARTESIAN_POINT('',(-0.0197989898732233,0.028,0.0197989898732233));
#3549=CARTESIAN_POINT('',(-0.0182787102936723,0.028,0.0213192694527744));
#3550=CARTESIAN_POINT('',(-0.0183847763108503,0.028,0.0183847763108502));
#3551=CARTESIAN_POINT('',(-0.0168644967312992,0.028,0.0199050558904013));
#3552=CARTESIAN_POINT('',(-0.0197989898732233,0.0264,0.0197989898732233));
#3553=CARTESIAN_POINT('',(-0.0183847763108503,0.0264,0.0183847763108502));
#3554=CARTESIAN_POINT('',(0.,0.0125,-6.93889390390723E-18));
#3555=CARTESIAN_POINT('',(-0.016,0.0144,0.016));
#3556=CARTESIAN_POINT('',(-0.0120208152801713,0.0264,-0.0120208152801713));
#3557=CARTESIAN_POINT('',(-0.0120208152801713,0.0264,-0.0120208152801713));
#3558=CARTESIAN_POINT('',(-0.0138265627966057,0.032412330173339,-0.0102150677637369));
#3559=CARTESIAN_POINT('',(-0.0146501817417861,0.0294740637778167,-0.00939144881855655));
#3560=CARTESIAN_POINT('',(-0.0120208152801713,0.028,-0.0120208152801713));
#3561=CARTESIAN_POINT('',(-0.00939144881855661,0.0294740637778167,-0.014650181741786));
#3562=CARTESIAN_POINT('',(-0.010215067763737,0.032412330173339,-0.0138265627966056));
#3563=CARTESIAN_POINT('',(-0.0120208152801713,0.028,-0.0120208152801713));
#3564=CARTESIAN_POINT('',(-0.0105005357006202,0.028,-0.0135410948597224));
#3565=CARTESIAN_POINT('',(-0.015556349186104,0.036,-0.015556349186104));
#3566=CARTESIAN_POINT('',(-0.015556349186104,0.0144,-0.015556349186104));
#3567=CARTESIAN_POINT('',(-0.015556349186104,0.0144,-0.013406349186104));
#3568=CARTESIAN_POINT('',(-0.015556349186104,0.0125,-0.015556349186104));
#3569=CARTESIAN_POINT('',(-0.015556349186104,0.0125,-0.0134063491861041));
#3570=CARTESIAN_POINT('',(0.,0.0395,-9.79717439317882E-19));
#3571=CARTESIAN_POINT('',(-0.0121352657004831,0.0395,-0.0104276232372808));
#3572=CARTESIAN_POINT('',(-0.0121352657004831,0.0125,-0.0104276232372808));
#3573=CARTESIAN_POINT('',(0.,0.0125,-9.79717439317882E-19));
#3574=CARTESIAN_POINT('',(-0.0104276232372808,0.0125,-0.0121352657004831));
#3575=CARTESIAN_POINT('',(-0.0104276232372808,0.0395,-0.0121352657004831));
#3576=CARTESIAN_POINT('',(-3.13943647185549E-17,0.0145,-0.023));
#3577=CARTESIAN_POINT('',(-0.0101669326563488,0.0145,-0.0148985507246377));
#3578=CARTESIAN_POINT('',(-0.0101669326563488,0.0125,-0.0148985507246377));
#3579=CARTESIAN_POINT('',(-3.13943647185549E-17,0.0125,-0.023));
#3580=CARTESIAN_POINT('',(-0.0128962495097517,0.0125,-0.0246391304347826));
#3581=CARTESIAN_POINT('',(-0.0128962495097517,0.0145,-0.0246391304347826));
#3582=CARTESIAN_POINT('',(-1.12757025938492E-17,0.0145,-7.80625564189563E-18));
#3583=CARTESIAN_POINT('',(-0.0159065146473065,0.0145,-0.0266079460269865));
#3584=CARTESIAN_POINT('',(-0.0159065146473065,0.0125,-0.0266079460269865));
#3585=CARTESIAN_POINT('',(-1.12757025938492E-17,0.0125,-7.80625564189563E-18));
#3586=CARTESIAN_POINT('',(-0.0266079460269865,0.0125,-0.0159065146473064));
#3587=CARTESIAN_POINT('',(-0.0266079460269865,0.0145,-0.0159065146473064));
#3588=CARTESIAN_POINT('',(-0.023,0.0145,3.54831678874206E-17));
#3589=CARTESIAN_POINT('',(-0.0246391304347826,0.0145,-0.0128962495097516));
#3590=CARTESIAN_POINT('',(-0.0246391304347826,0.0125,-0.0128962495097516));
#3591=CARTESIAN_POINT('',(-0.023,0.0125,3.54831678874206E-17));
#3592=CARTESIAN_POINT('',(-0.0148985507246377,0.0125,-0.0101669326563488));
#3593=CARTESIAN_POINT('',(-0.0148985507246377,0.0145,-0.0101669326563488));
#3594=CARTESIAN_POINT('',(-0.0148802878958673,0.0145,-0.024891304347826));
#3595=CARTESIAN_POINT('',(-0.0148802878958673,0.0125,-0.024891304347826));
#3596=CARTESIAN_POINT('',(-0.0117310761419409,0.0145,-0.0136521739130435));
#3597=CARTESIAN_POINT('',(-0.0117310761419409,0.0125,-0.0136521739130435));
#3598=CARTESIAN_POINT('',(-0.0136521739130435,0.0145,-0.0117310761419409));
#3599=CARTESIAN_POINT('',(-0.0136521739130435,0.0125,-0.0117310761419409));
#3600=CARTESIAN_POINT('',(-0.0248913043478261,0.0145,-0.0148802878958672));
#3601=CARTESIAN_POINT('',(-0.0248913043478261,0.0125,-0.0148802878958672));
#3602=CARTESIAN_POINT('',(-0.014142135623731,0.0264,-0.0141421356237309));
#3603=CARTESIAN_POINT('',(-0.0140966952200898,0.0184964966734023,-0.0119948709037822));
#3604=CARTESIAN_POINT('',(-0.0155586910934108,0.018849352208497,-0.0117124516783862));
#3605=CARTESIAN_POINT('',(-0.0170066355228915,0.019219507074258,-0.011993417499297));
#3606=CARTESIAN_POINT('',(-0.0182751135921071,0.0193896983426351,-0.0128283996210784));
#3607=CARTESIAN_POINT('',(-0.0191159707672137,0.0192218028363908,-0.0140962785464875));
#3608=CARTESIAN_POINT('',(-0.0193999265983307,0.0188512354838329,-0.0155469622588817));
#3609=CARTESIAN_POINT('',(-0.0191223563170982,0.0184997529446675,-0.0170013011247313));
#3610=CARTESIAN_POINT('',(-0.0182867060821323,0.018350950236594,-0.0182729363712168));
#3611=CARTESIAN_POINT('',(-0.0170174096470575,0.0184964772133942,-0.019116264642507));
#3612=CARTESIAN_POINT('',(-0.0155620544509071,0.0188472227547394,-0.0193998209232129));
#3613=CARTESIAN_POINT('',(-0.0141138586070709,0.0192177632820709,-0.0191225087098996));
#3614=CARTESIAN_POINT('',(-0.0128422124004081,0.0193900064786596,-0.0182897085425308));
#3615=CARTESIAN_POINT('',(-0.01199689445657,0.0192222665935422,-0.0170178993498399));
#3616=CARTESIAN_POINT('',(-0.0117129894144815,0.0188517353218865,-0.0155677643391903));
#3617=CARTESIAN_POINT('',(-0.0119893371346953,0.0185003756086583,-0.0141142226373429));
#3618=CARTESIAN_POINT('',(-0.0128235354984132,0.0183507939749708,-0.0128418156387353));
#3619=CARTESIAN_POINT('',(-0.0140966952200898,0.0184964966734023,-0.0119948709037822));
#3620=CARTESIAN_POINT('',(-0.0155586910934108,0.018849352208497,-0.0117124516783862));
#3621=CARTESIAN_POINT('',(-0.0170066355228915,0.019219507074258,-0.011993417499297));
#3622=CARTESIAN_POINT('',(-0.015556349186104,0.0188522354302747,-0.011806349186104));
#3623=CARTESIAN_POINT('',(-0.0183847763108503,0.0264,-0.0183847763108502));
#3624=CARTESIAN_POINT('',(-0.010253048327205,0.028,-0.0102530483272049));
#3625=CARTESIAN_POINT('',(-0.0106066017177982,0.028,-0.0106066017177982));
#3626=CARTESIAN_POINT('',(-0.0121268812973493,0.028,-0.00908632213824712));
#3627=CARTESIAN_POINT('',(-0.0106066017177982,0.028,-0.0106066017177982));
#3628=CARTESIAN_POINT('',(-0.013235968179413,0.0294740637778167,-0.00797723525618346));
#3629=CARTESIAN_POINT('',(-0.013235968179413,0.0294740637778167,-0.00797723525618346));
#3630=CARTESIAN_POINT('',(-0.0106066017177982,0.028,-0.0106066017177982));
#3631=CARTESIAN_POINT('',(-0.00797723525618352,0.0294740637778167,-0.0132359681794129));
#3632=CARTESIAN_POINT('',(-0.00797723525618352,0.0294740637778167,-0.0132359681794129));
#3633=CARTESIAN_POINT('',(-0.00692971612478733,0.0257370318889084,-0.0142834873108091));
#3634=CARTESIAN_POINT('',(-0.00692971612478733,0.0257370318889084,-0.0142834873108091));
#3635=CARTESIAN_POINT('',(-0.0142834873108091,0.0257370318889084,-0.00692971612478728));
#3636=CARTESIAN_POINT('',(-0.0142834873108091,0.0257370318889084,-0.00692971612478728));
#3637=CARTESIAN_POINT('',(-0.00824439935559469,0.0314,-0.0129688040800017));
#3638=CARTESIAN_POINT('',(-0.015556349186104,0.043,-0.015556349186104));
#3639=CARTESIAN_POINT('',(-0.015556349186104,0.0144,-0.015556349186104));
#3640=CARTESIAN_POINT('',(-0.015556349186104,0.0144,-0.011806349186104));
#3641=CARTESIAN_POINT('',(-0.0216047373896577,0.032412330173339,-0.017993242356789));
#3642=CARTESIAN_POINT('',(-0.0201905238272846,0.032412330173339,-0.0165790287944158));
#3643=CARTESIAN_POINT('',(-0.021014142772465,0.0294740637778167,-0.0157554098492355));
#3644=CARTESIAN_POINT('',(-0.0224283563348381,0.0294740637778167,-0.0171696234116086));
#3645=CARTESIAN_POINT('',(-0.0224283563348381,0.0294740637778167,-0.0171696234116086));
#3646=CARTESIAN_POINT('',(-0.0216047373896577,0.032412330173339,-0.017993242356789));
#3647=CARTESIAN_POINT('',(-0.0197989898732233,0.028,-0.0197989898732233));
#3648=CARTESIAN_POINT('',(-0.0183847763108503,0.028,-0.0183847763108502));
#3649=CARTESIAN_POINT('',(-0.0157554098492356,0.0294740637778167,-0.0210141427724649));
#3650=CARTESIAN_POINT('',(-0.0171696234116087,0.0294740637778167,-0.022428356334838));
#3651=CARTESIAN_POINT('',(-0.0171696234116087,0.0294740637778167,-0.022428356334838));
#3652=CARTESIAN_POINT('',(-0.0197989898732233,0.028,-0.0197989898732233));
#3653=CARTESIAN_POINT('',(-0.017993242356789,0.032412330173339,-0.0216047373896576));
#3654=CARTESIAN_POINT('',(-0.0165790287944159,0.032412330173339,-0.0201905238272846));
#3655=CARTESIAN_POINT('',(-0.017993242356789,0.032412330173339,-0.0216047373896576));
#3656=CARTESIAN_POINT('',(-0.0197989898732233,0.028,-0.0197989898732233));
#3657=CARTESIAN_POINT('',(-0.0197989898732233,0.028,-0.0197989898732233));
#3658=CARTESIAN_POINT('',(-0.0182787102936723,0.028,-0.0213192694527744));
#3659=CARTESIAN_POINT('',(-0.0183847763108503,0.028,-0.0183847763108502));
#3660=CARTESIAN_POINT('',(-0.0168644967312992,0.028,-0.0199050558904013));
#3661=CARTESIAN_POINT('',(-0.0197989898732233,0.0264,-0.0197989898732233));
#3662=CARTESIAN_POINT('',(-0.0183847763108503,0.0264,-0.0183847763108502));
#3663=CARTESIAN_POINT('',(0.,0.0125,6.93889390390723E-18));
#3664=CARTESIAN_POINT('',(-0.016,0.0144,-0.016));
#3665=CARTESIAN_POINT('',(0.,0.0513,0.));
#3666=CARTESIAN_POINT('',(0.,0.0513,9.33793184349857E-19));
#3667=CARTESIAN_POINT('',(0.,0.0513,-0.00825));
#3668=CARTESIAN_POINT('',(0.,0.0528,0.));
#3669=CARTESIAN_POINT('',(0.,0.0528,9.33793184349857E-19));
#3670=CARTESIAN_POINT('',(0.,0.0528,-0.00825));
#3671=CARTESIAN_POINT('',(0.,0.0513,9.33793184349857E-19));
#3672=CARTESIAN_POINT('',(8.67361737988404E-19,0.06055,-0.016));
#3673=CARTESIAN_POINT('',(0.,0.06055,1.05625786426459E-18));
#3674=CARTESIAN_POINT('',(0.,0.06055,0.00825));
#3675=CARTESIAN_POINT('',(0.,0.0843,0.));
#3676=CARTESIAN_POINT('',(0.,0.0843,5.51091059616309E-19));
#3677=CARTESIAN_POINT('',(0.00385714285714285,0.0843,0.00813157112614727));
#3678=CARTESIAN_POINT('',(0.00385714285714285,0.0843,-0.00813157112614726));
#3679=CARTESIAN_POINT('',(0.00342857142857142,0.0843,-0.00722806322324201));
#3680=CARTESIAN_POINT('',(0.00342857142857142,0.0843,0.00722806322324201));
#3681=CARTESIAN_POINT('',(0.00342857142857142,0.0723,-0.00722806322324201));
#3682=CARTESIAN_POINT('',(0.00342857142857142,0.0773,-0.00722806322324201));
#3683=CARTESIAN_POINT('',(0.00385714285714285,0.0773,-0.00813157112614726));
#3684=CARTESIAN_POINT('',(0.00385714285714285,0.0723,-0.00813157112614726));
#3685=CARTESIAN_POINT('',(0.,0.0773,-2.1936371922493E-5));
#3686=CARTESIAN_POINT('',(0.,0.0773,5.51091059616309E-19));
#3687=CARTESIAN_POINT('',(-0.00385714285714285,0.0773,-0.00813157112614727));
#3688=CARTESIAN_POINT('',(-0.00342857142857142,0.0773,-0.00722806322324201));
#3689=CARTESIAN_POINT('',(-0.00342857142857142,0.0723,-0.00722806322324201));
#3690=CARTESIAN_POINT('',(-0.00385714285714285,0.0723,-0.00813157112614727));
#3691=CARTESIAN_POINT('',(-0.00385714285714285,0.0843,-0.00813157112614727));
#3692=CARTESIAN_POINT('',(-0.00342857142857142,0.0843,-0.00722806322324201));
#3693=CARTESIAN_POINT('',(0.,0.0843,0.));
#3694=CARTESIAN_POINT('',(-0.00342857142857142,0.0843,0.00722806322324201));
#3695=CARTESIAN_POINT('',(-0.00385714285714285,0.0843,0.00813157112614727));
#3696=CARTESIAN_POINT('',(0.,0.0843,5.51091059616309E-19));
#3697=CARTESIAN_POINT('',(-0.00342857142857142,0.0723,0.00722806322324201));
#3698=CARTESIAN_POINT('',(-0.00342857142857142,0.0773,0.00722806322324201));
#3699=CARTESIAN_POINT('',(-0.00385714285714285,0.0773,0.00813157112614727));
#3700=CARTESIAN_POINT('',(-0.00385714285714285,0.0723,0.00813157112614727));
#3701=CARTESIAN_POINT('',(0.,0.0773,-2.1936371922493E-5));
#3702=CARTESIAN_POINT('',(0.,0.0773,5.51091059616309E-19));
#3703=CARTESIAN_POINT('',(0.00385714285714285,0.0773,0.00813157112614727));
#3704=CARTESIAN_POINT('',(0.00342857142857142,0.0773,0.00722806322324201));
#3705=CARTESIAN_POINT('',(0.00342857142857142,0.0723,0.00722806322324201));
#3706=CARTESIAN_POINT('',(0.00385714285714285,0.0723,0.00813157112614727));
#3707=CARTESIAN_POINT('',(0.,0.122,5.51091059616309E-19));
#3708=CARTESIAN_POINT('',(0.,0.062,5.51091059616309E-19));
#3709=CARTESIAN_POINT('',(0.,0.062,0.009));
#3710=CARTESIAN_POINT('',(8.67361737988404E-19,0.062,-0.016));
#3711=CARTESIAN_POINT('',(0.,0.062,1.05625786426459E-18));
#3712=CARTESIAN_POINT('',(0.,0.062,0.00825));
#3713=CARTESIAN_POINT('',(0.,0.06555,1.05625786426459E-18));
#3714=MECHANICAL_DESIGN_GEOMETRIC_PRESENTATION_REPRESENTATION('',(#2095),
#3715);
#3715=(
GEOMETRIC_REPRESENTATION_CONTEXT(3)
GLOBAL_UNCERTAINTY_ASSIGNED_CONTEXT((#3716))
GLOBAL_UNIT_ASSIGNED_CONTEXT((#3719,#3718,#3717))
REPRESENTATION_CONTEXT('PG2 Carriage Female','TOP_LEVEL_ASSEMBLY_PART')
);
#3716=UNCERTAINTY_MEASURE_WITH_UNIT(LENGTH_MEASURE(2.E-5),#3719,
'DISTANCE_ACCURACY_VALUE','Maximum Tolerance applied to model');
#3717=(
NAMED_UNIT(*)
SI_UNIT($,.STERADIAN.)
SOLID_ANGLE_UNIT()
);
#3718=(
NAMED_UNIT(*)
PLANE_ANGLE_UNIT()
SI_UNIT($,.RADIAN.)
);
#3719=(
LENGTH_UNIT()
NAMED_UNIT(*)
SI_UNIT($,.METRE.)
);
#3720=PRODUCT_DEFINITION_SHAPE('','',#3721);
#3721=PRODUCT_DEFINITION('','',#3723,#3722);
#3722=PRODUCT_DEFINITION_CONTEXT('',#3729,'design');
#3723=PRODUCT_DEFINITION_FORMATION_WITH_SPECIFIED_SOURCE('','',#3725,
 .NOT_KNOWN.);
#3724=PRODUCT_RELATED_PRODUCT_CATEGORY('','',(#3725));
#3725=PRODUCT('PG2 Carriage Female','PG2 Carriage Female',
'PG2 Carriage Female',(#3727));
#3726=PRODUCT_CATEGORY('','');
#3727=PRODUCT_CONTEXT('',#3729,'mechanical');
#3728=APPLICATION_PROTOCOL_DEFINITION('international standard',
'ap242_managed_model_based_3d_engineering',2020,#3729);
#3729=APPLICATION_CONTEXT('managed model based 3d engineering');
ENDSEC;
END-ISO-10303-21;
