ISO-10303-21;
HEADER;
/* Generated by software containing ST-Developer
 * from STEP Tools, Inc. (www.steptools.com) 
 */
/* OPTION: using custom renumber hook */

FILE_DESCRIPTION(
/* description */ ('STEP AP242 Edition 2',
'CAx-IF Rec.Pracs.---Representation and Presentation of Product Manufa
cturing Information (PMI)---4.0---2014-10-13',
'CAx-IF Rec.Pracs.---3D Tessellated Geometry---0.4---2014-09-14','2;1',
'CAx-IF Rec.Pracs.---User Defined Attributes---1.5---2016-08-15'),
/* implementation_level */ '2;1');

FILE_NAME(
/* name */ 'Assembly 1 - C2 Female',
/* time_stamp */ '2026-06-22T21:32:40Z',
/* author */ (''),
/* organization */ (''),
/* preprocessor_version */ 'ST-DEVELOPER v20',
/* originating_system */ 'ONSHAPE BY PTC INC, 1.216',
/* authorisation */ '  ');

FILE_SCHEMA (('AP242_MANAGED_MODEL_BASED_3D_ENGINEERING_MIM_LF { 1 0 10303 442 3 1 4 }'));
ENDSEC;

DATA;
#10=SHAPE_REPRESENTATION_RELATIONSHIP('','',#1035,#11);
#11=ADVANCED_BREP_SHAPE_REPRESENTATION('',(#1033),#2089);
#12=B_SPLINE_SURFACE_WITH_KNOTS('',1,3,((#1816,#1817,#1818,#1819,#1820,
#1821,#1822,#1823,#1824,#1825,#1826),(#1827,#1828,#1829,#1830,#1831,#1832,
#1833,#1834,#1835,#1836,#1837),(#1838,#1839,#1840,#1841,#1842,#1843,#1844,
#1845,#1846,#1847,#1848)),.RULED_SURF.,.F.,.F.,.F.,(2,1,2),(4,2,2,3,4),
(-0.00600003906965179,0.,1.),(0.0613189564877812,0.533786660396198,0.790203997178289,
1.04662133396038,1.10808867849836),.UNSPECIFIED.);
#13=B_SPLINE_SURFACE_WITH_KNOTS('',1,3,((#1849,#1850,#1851,#1852,#1853,
#1854,#1855,#1856,#1857,#1858,#1859),(#1860,#1861,#1862,#1863,#1864,#1865,
#1866,#1867,#1868,#1869,#1870),(#1871,#1872,#1873,#1874,#1875,#1876,#1877,
#1878,#1879,#1880,#1881)),.RULED_SURF.,.F.,.F.,.F.,(2,1,2),(4,2,2,3,4),
(0.,1.,1.006364707701),(0.0613201266597406,0.533786660396488,0.790203997178419,
1.04662133396035,1.10808867849962),.UNSPECIFIED.);
#14=B_SPLINE_SURFACE_WITH_KNOTS('',1,3,((#1882,#1883,#1884,#1885,#1886,
#1887,#1888,#1889,#1890,#1891,#1892),(#1893,#1894,#1895,#1896,#1897,#1898,
#1899,#1900,#1901,#1902,#1903),(#1904,#1905,#1906,#1907,#1908,#1909,#1910,
#1911,#1912,#1913,#1914)),.RULED_SURF.,.F.,.F.,.F.,(2,1,2),(4,2,2,3,4),
(0.,1.,1.00636470766059),(0.0613201266635913,0.533786660396494,0.790203997178422,
1.04662133396035,1.10808867850074),.UNSPECIFIED.);
#15=B_SPLINE_SURFACE_WITH_KNOTS('',1,3,((#1915,#1916,#1917,#1918,#1919,
#1920,#1921,#1922,#1923,#1924,#1925),(#1926,#1927,#1928,#1929,#1930,#1931,
#1932,#1933,#1934,#1935,#1936),(#1937,#1938,#1939,#1940,#1941,#1942,#1943,
#1944,#1945,#1946,#1947)),.RULED_SURF.,.F.,.F.,.F.,(2,1,2),(4,2,2,3,4),
(-0.00600003906965178,0.,1.),(0.0613189564877178,0.533786660396205,0.790203997178292,
1.04662133396038,1.10808867850248),.UNSPECIFIED.);
#16=B_SPLINE_SURFACE_WITH_KNOTS('',1,3,((#1948,#1949,#1950,#1951,#1952,
#1953,#1954,#1955,#1956,#1957,#1958),(#1959,#1960,#1961,#1962,#1963,#1964,
#1965,#1966,#1967,#1968,#1969),(#1970,#1971,#1972,#1973,#1974,#1975,#1976,
#1977,#1978,#1979,#1980)),.RULED_SURF.,.F.,.F.,.F.,(2,1,2),(4,2,2,3,4),
(0.,1.,1.00636470765641),(0.0613201266542642,0.533786660396798,0.790203997178559,
1.04662133396032,1.108088678501),.UNSPECIFIED.);
#17=B_SPLINE_SURFACE_WITH_KNOTS('',1,3,((#1981,#1982,#1983,#1984,#1985,
#1986,#1987,#1988,#1989,#1990,#1991),(#1992,#1993,#1994,#1995,#1996,#1997,
#1998,#1999,#2000,#2001,#2002),(#2003,#2004,#2005,#2006,#2007,#2008,#2009,
#2010,#2011,#2012,#2013)),.RULED_SURF.,.F.,.F.,.F.,(2,1,2),(4,2,2,3,4),
(-0.00600003906964997,0.,1.),(0.0613189564874386,0.533786660391502,0.790203997176176,
1.04662133396085,1.10808867850174),.UNSPECIFIED.);
#18=B_SPLINE_SURFACE_WITH_KNOTS('',1,3,((#2014,#2015,#2016,#2017,#2018,
#2019,#2020,#2021,#2022,#2023,#2024),(#2025,#2026,#2027,#2028,#2029,#2030,
#2031,#2032,#2033,#2034,#2035),(#2036,#2037,#2038,#2039,#2040,#2041,#2042,
#2043,#2044,#2045,#2046)),.RULED_SURF.,.F.,.F.,.F.,(2,1,2),(4,2,2,3,4),
(-0.00600003906965065,0.,1.),(0.0613189564874274,0.533786660391515,0.790203997176182,
1.04662133396085,1.1080886784967),.UNSPECIFIED.);
#19=B_SPLINE_SURFACE_WITH_KNOTS('',1,3,((#2047,#2048,#2049,#2050,#2051,
#2052,#2053,#2054,#2055,#2056,#2057),(#2058,#2059,#2060,#2061,#2062,#2063,
#2064,#2065,#2066,#2067,#2068),(#2069,#2070,#2071,#2072,#2073,#2074,#2075,
#2076,#2077,#2078,#2079)),.RULED_SURF.,.F.,.F.,.F.,(2,1,2),(4,2,2,3,4),
(0.,1.,1.0063647076561),(0.0613201266553741,0.533786660396812,0.790203997178565,
1.04662133396032,1.10808867850182),.UNSPECIFIED.);
#20=CONICAL_SURFACE('',#1101,0.021,0.785398163397448);
#21=CONICAL_SURFACE('',#1106,0.021,0.785398163397448);
#22=CONICAL_SURFACE('',#1111,0.021,0.785398163397448);
#23=CONICAL_SURFACE('',#1124,0.021,0.785398163397448);
#24=B_SPLINE_CURVE_WITH_KNOTS('',3,(#1538,#1539,#1540,#1541),
 .UNSPECIFIED.,.F.,.F.,(4,4),(0.,1.),.UNSPECIFIED.);
#25=B_SPLINE_CURVE_WITH_KNOTS('',3,(#1545,#1546,#1547,#1548),
 .UNSPECIFIED.,.F.,.F.,(4,4),(0.,1.),.UNSPECIFIED.);
#26=B_SPLINE_CURVE_WITH_KNOTS('',3,(#1553,#1554,#1555,#1556),
 .UNSPECIFIED.,.F.,.F.,(4,4),(0.,1.),.UNSPECIFIED.);
#27=B_SPLINE_CURVE_WITH_KNOTS('',3,(#1560,#1561,#1562,#1563),
 .UNSPECIFIED.,.F.,.F.,(4,4),(0.,1.),.UNSPECIFIED.);
#28=B_SPLINE_CURVE_WITH_KNOTS('',3,(#1568,#1569,#1570,#1571),
 .UNSPECIFIED.,.F.,.F.,(4,4),(0.,1.),.UNSPECIFIED.);
#29=B_SPLINE_CURVE_WITH_KNOTS('',3,(#1575,#1576,#1577,#1578),
 .UNSPECIFIED.,.F.,.F.,(4,4),(0.,1.),.UNSPECIFIED.);
#30=B_SPLINE_CURVE_WITH_KNOTS('',3,(#1583,#1584,#1585,#1586),
 .UNSPECIFIED.,.F.,.F.,(4,4),(0.,1.),.UNSPECIFIED.);
#31=B_SPLINE_CURVE_WITH_KNOTS('',3,(#1590,#1591,#1592,#1593),
 .UNSPECIFIED.,.F.,.F.,(4,4),(0.,1.),.UNSPECIFIED.);
#32=B_SPLINE_CURVE_WITH_KNOTS('',3,(#1603,#1604,#1605,#1606),
 .UNSPECIFIED.,.F.,.F.,(4,4),(0.,1.),.UNSPECIFIED.);
#33=B_SPLINE_CURVE_WITH_KNOTS('',3,(#1610,#1611,#1612,#1613),
 .UNSPECIFIED.,.F.,.F.,(4,4),(0.,1.),.UNSPECIFIED.);
#34=B_SPLINE_CURVE_WITH_KNOTS('',3,(#1617,#1618,#1619,#1620),
 .UNSPECIFIED.,.F.,.F.,(4,4),(0.,1.),.UNSPECIFIED.);
#35=B_SPLINE_CURVE_WITH_KNOTS('',3,(#1626,#1627,#1628,#1629),
 .UNSPECIFIED.,.F.,.F.,(4,4),(0.,1.),.UNSPECIFIED.);
#36=B_SPLINE_CURVE_WITH_KNOTS('',3,(#1635,#1636,#1637,#1638),
 .UNSPECIFIED.,.F.,.F.,(4,4),(0.,1.),.UNSPECIFIED.);
#37=B_SPLINE_CURVE_WITH_KNOTS('',3,(#1648,#1649,#1650,#1651),
 .UNSPECIFIED.,.F.,.F.,(4,4),(0.,1.),.UNSPECIFIED.);
#38=B_SPLINE_CURVE_WITH_KNOTS('',3,(#1656,#1657,#1658,#1659),
 .UNSPECIFIED.,.F.,.F.,(4,4),(0.,1.),.UNSPECIFIED.);
#39=B_SPLINE_CURVE_WITH_KNOTS('',3,(#1660,#1661,#1662,#1663),
 .UNSPECIFIED.,.F.,.F.,(4,4),(0.,1.),.UNSPECIFIED.);
#40=B_SPLINE_CURVE_WITH_KNOTS('',3,(#1665,#1666,#1667,#1668),
 .UNSPECIFIED.,.F.,.F.,(4,4),(0.,1.),.UNSPECIFIED.);
#41=B_SPLINE_CURVE_WITH_KNOTS('',3,(#1671,#1672,#1673,#1674),
 .UNSPECIFIED.,.F.,.F.,(4,4),(0.,1.),.UNSPECIFIED.);
#42=B_SPLINE_CURVE_WITH_KNOTS('',3,(#1675,#1676,#1677,#1678),
 .UNSPECIFIED.,.F.,.F.,(4,4),(0.,1.),.UNSPECIFIED.);
#43=B_SPLINE_CURVE_WITH_KNOTS('',3,(#1680,#1681,#1682,#1683),
 .UNSPECIFIED.,.F.,.F.,(4,4),(0.,1.),.UNSPECIFIED.);
#44=B_SPLINE_CURVE_WITH_KNOTS('',3,(#1686,#1687,#1688,#1689),
 .UNSPECIFIED.,.F.,.F.,(4,4),(0.,1.),.UNSPECIFIED.);
#45=B_SPLINE_CURVE_WITH_KNOTS('',3,(#1692,#1693,#1694,#1695),
 .UNSPECIFIED.,.F.,.F.,(4,4),(0.,1.),.UNSPECIFIED.);
#46=B_SPLINE_CURVE_WITH_KNOTS('',3,(#1696,#1697,#1698,#1699),
 .UNSPECIFIED.,.F.,.F.,(4,4),(0.,1.),.UNSPECIFIED.);
#47=B_SPLINE_CURVE_WITH_KNOTS('',3,(#1701,#1702,#1703,#1704),
 .UNSPECIFIED.,.F.,.F.,(4,4),(0.,1.),.UNSPECIFIED.);
#48=B_SPLINE_CURVE_WITH_KNOTS('',3,(#1710,#1711,#1712,#1713),
 .UNSPECIFIED.,.F.,.F.,(4,4),(0.,1.),.UNSPECIFIED.);
#49=B_SPLINE_CURVE_WITH_KNOTS('',3,(#1718,#1719,#1720,#1721),
 .UNSPECIFIED.,.F.,.F.,(4,4),(0.,1.),.UNSPECIFIED.);
#50=B_SPLINE_CURVE_WITH_KNOTS('',3,(#1723,#1724,#1725,#1726),
 .UNSPECIFIED.,.F.,.F.,(4,4),(0.,1.),.UNSPECIFIED.);
#51=B_SPLINE_CURVE_WITH_KNOTS('',3,(#1727,#1728,#1729,#1730),
 .UNSPECIFIED.,.F.,.F.,(4,4),(0.,1.),.UNSPECIFIED.);
#52=B_SPLINE_CURVE_WITH_KNOTS('',3,(#1736,#1737,#1738,#1739),
 .UNSPECIFIED.,.F.,.F.,(4,4),(0.,1.),.UNSPECIFIED.);
#53=B_SPLINE_CURVE_WITH_KNOTS('',3,(#1741,#1742,#1743,#1744),
 .UNSPECIFIED.,.F.,.F.,(4,4),(0.,1.),.UNSPECIFIED.);
#54=B_SPLINE_CURVE_WITH_KNOTS('',3,(#1751,#1752,#1753,#1754),
 .UNSPECIFIED.,.F.,.F.,(4,4),(0.,1.),.UNSPECIFIED.);
#55=B_SPLINE_CURVE_WITH_KNOTS('',3,(#1757,#1758,#1759,#1760),
 .UNSPECIFIED.,.F.,.F.,(4,4),(0.,1.),.UNSPECIFIED.);
#56=B_SPLINE_CURVE_WITH_KNOTS('',3,(#1768,#1769,#1770,#1771),
 .UNSPECIFIED.,.F.,.F.,(4,4),(0.,1.),.UNSPECIFIED.);
#57=B_SPLINE_CURVE_WITH_KNOTS('',3,(#1777,#1778,#1779,#1780),
 .UNSPECIFIED.,.F.,.F.,(4,4),(0.,1.),.UNSPECIFIED.);
#58=B_SPLINE_CURVE_WITH_KNOTS('',3,(#1784,#1785,#1786,#1787),
 .UNSPECIFIED.,.F.,.F.,(4,4),(0.,1.),.UNSPECIFIED.);
#59=B_SPLINE_CURVE_WITH_KNOTS('',3,(#1791,#1792,#1793,#1794),
 .UNSPECIFIED.,.F.,.F.,(4,4),(0.,1.),.UNSPECIFIED.);
#60=B_SPLINE_CURVE_WITH_KNOTS('',3,(#1796,#1797,#1798,#1799),
 .UNSPECIFIED.,.F.,.F.,(4,4),(0.,1.),.UNSPECIFIED.);
#61=B_SPLINE_CURVE_WITH_KNOTS('',3,(#1802,#1803,#1804,#1805),
 .UNSPECIFIED.,.F.,.F.,(4,4),(0.,1.),.UNSPECIFIED.);
#62=B_SPLINE_CURVE_WITH_KNOTS('',3,(#1806,#1807,#1808,#1809),
 .UNSPECIFIED.,.F.,.F.,(4,4),(0.,1.),.UNSPECIFIED.);
#63=B_SPLINE_CURVE_WITH_KNOTS('',3,(#1812,#1813,#1814,#1815),
 .UNSPECIFIED.,.F.,.F.,(4,4),(0.,1.),.UNSPECIFIED.);
#64=PLANE('',#1055);
#65=PLANE('',#1059);
#66=PLANE('',#1063);
#67=PLANE('',#1072);
#68=PLANE('',#1073);
#69=PLANE('',#1086);
#70=PLANE('',#1091);
#71=PLANE('',#1094);
#72=PLANE('',#1095);
#73=PLANE('',#1096);
#74=PLANE('',#1099);
#75=PLANE('',#1102);
#76=PLANE('',#1104);
#77=PLANE('',#1107);
#78=PLANE('',#1112);
#79=PLANE('',#1113);
#80=PLANE('',#1115);
#81=PLANE('',#1117);
#82=PLANE('',#1118);
#83=PLANE('',#1119);
#84=PLANE('',#1122);
#85=PLANE('',#1125);
#86=ELLIPSE('',#1039,0.0183847763108503,0.013);
#87=ELLIPSE('',#1041,0.0183847763108503,0.013);
#88=ELLIPSE('',#1044,0.0183847763108503,0.013);
#89=ELLIPSE('',#1046,0.0183847763108503,0.013);
#90=ELLIPSE('',#1048,0.0183847763108503,0.013);
#91=ELLIPSE('',#1050,0.0183847763108503,0.013);
#92=ELLIPSE('',#1068,0.0183847763108503,0.013);
#93=ELLIPSE('',#1070,0.0183847763108503,0.013);
#94=ELLIPSE('',#1100,0.00424264068711928,0.003);
#95=ELLIPSE('',#1103,0.00424264068711928,0.003);
#96=ELLIPSE('',#1105,0.00424264068711928,0.003);
#97=ELLIPSE('',#1108,0.00424264068711928,0.003);
#98=ELLIPSE('',#1114,0.00424264068711928,0.003);
#99=ELLIPSE('',#1116,0.00424264068711928,0.003);
#100=ELLIPSE('',#1123,0.00424264068711928,0.003);
#101=ELLIPSE('',#1126,0.00424264068711928,0.003);
#102=LINE('',#1402,#166);
#103=LINE('',#1410,#167);
#104=LINE('',#1415,#168);
#105=LINE('',#1423,#169);
#106=LINE('',#1428,#170);
#107=LINE('',#1432,#171);
#108=LINE('',#1438,#172);
#109=LINE('',#1443,#173);
#110=LINE('',#1447,#174);
#111=LINE('',#1449,#175);
#112=LINE('',#1451,#176);
#113=LINE('',#1457,#177);
#114=LINE('',#1459,#178);
#115=LINE('',#1462,#179);
#116=LINE('',#1463,#180);
#117=LINE('',#1469,#181);
#118=LINE('',#1471,#182);
#119=LINE('',#1473,#183);
#120=LINE('',#1475,#184);
#121=LINE('',#1481,#185);
#122=LINE('',#1486,#186);
#123=LINE('',#1490,#187);
#124=LINE('',#1496,#188);
#125=LINE('',#1497,#189);
#126=LINE('',#1499,#190);
#127=LINE('',#1505,#191);
#128=LINE('',#1509,#192);
#129=LINE('',#1514,#193);
#130=LINE('',#1518,#194);
#131=LINE('',#1523,#195);
#132=LINE('',#1527,#196);
#133=LINE('',#1532,#197);
#134=LINE('',#1536,#198);
#135=LINE('',#1550,#199);
#136=LINE('',#1551,#200);
#137=LINE('',#1565,#201);
#138=LINE('',#1566,#202);
#139=LINE('',#1580,#203);
#140=LINE('',#1581,#204);
#141=LINE('',#1595,#205);
#142=LINE('',#1597,#206);
#143=LINE('',#1600,#207);
#144=LINE('',#1601,#208);
#145=LINE('',#1608,#209);
#146=LINE('',#1622,#210);
#147=LINE('',#1624,#211);
#148=LINE('',#1631,#212);
#149=LINE('',#1633,#213);
#150=LINE('',#1640,#214);
#151=LINE('',#1642,#215);
#152=LINE('',#1645,#216);
#153=LINE('',#1646,#217);
#154=LINE('',#1715,#218);
#155=LINE('',#1716,#219);
#156=LINE('',#1732,#220);
#157=LINE('',#1734,#221);
#158=LINE('',#1749,#222);
#159=LINE('',#1756,#223);
#160=LINE('',#1762,#224);
#161=LINE('',#1765,#225);
#162=LINE('',#1766,#226);
#163=LINE('',#1773,#227);
#164=LINE('',#1775,#228);
#165=LINE('',#1782,#229);
#166=VECTOR('',#1141,1.);
#167=VECTOR('',#1148,1.);
#168=VECTOR('',#1153,1.);
#169=VECTOR('',#1160,1.);
#170=VECTOR('',#1165,1.);
#171=VECTOR('',#1168,1.);
#172=VECTOR('',#1175,1.);
#173=VECTOR('',#1178,1.);
#174=VECTOR('',#1183,1.);
#175=VECTOR('',#1184,1.);
#176=VECTOR('',#1185,1.);
#177=VECTOR('',#1192,1.);
#178=VECTOR('',#1195,1.);
#179=VECTOR('',#1196,1.);
#180=VECTOR('',#1197,1.);
#181=VECTOR('',#1204,1.);
#182=VECTOR('',#1207,1.);
#183=VECTOR('',#1208,1.);
#184=VECTOR('',#1209,1.);
#185=VECTOR('',#1216,1.);
#186=VECTOR('',#1221,1.);
#187=VECTOR('',#1224,1.);
#188=VECTOR('',#1231,1.);
#189=VECTOR('',#1232,1.);
#190=VECTOR('',#1235,1.);
#191=VECTOR('',#1240,1.);
#192=VECTOR('',#1243,1.);
#193=VECTOR('',#1248,1.);
#194=VECTOR('',#1251,1.);
#195=VECTOR('',#1256,1.);
#196=VECTOR('',#1259,1.);
#197=VECTOR('',#1264,1.);
#198=VECTOR('',#1269,1.);
#199=VECTOR('',#1272,1.);
#200=VECTOR('',#1273,1.);
#201=VECTOR('',#1276,1.);
#202=VECTOR('',#1277,1.);
#203=VECTOR('',#1280,1.);
#204=VECTOR('',#1281,1.);
#205=VECTOR('',#1284,1.);
#206=VECTOR('',#1287,1.);
#207=VECTOR('',#1288,1.);
#208=VECTOR('',#1289,1.);
#209=VECTOR('',#1292,1.);
#210=VECTOR('',#1297,1.);
#211=VECTOR('',#1298,1.);
#212=VECTOR('',#1301,1.);
#213=VECTOR('',#1302,1.);
#214=VECTOR('',#1303,1.);
#215=VECTOR('',#1306,1.);
#216=VECTOR('',#1307,1.);
#217=VECTOR('',#1308,1.);
#218=VECTOR('',#1337,1.);
#219=VECTOR('',#1338,1.);
#220=VECTOR('',#1343,1.);
#221=VECTOR('',#1344,1.);
#222=VECTOR('',#1353,1.);
#223=VECTOR('',#1356,1.);
#224=VECTOR('',#1359,1.);
#225=VECTOR('',#1360,1.);
#226=VECTOR('',#1361,1.);
#227=VECTOR('',#1364,1.);
#228=VECTOR('',#1365,1.);
#229=VECTOR('',#1366,1.);
#230=ORIENTED_EDGE('',*,*,#542,.T.);
#231=ORIENTED_EDGE('',*,*,#543,.T.);
#232=ORIENTED_EDGE('',*,*,#544,.F.);
#233=ORIENTED_EDGE('',*,*,#545,.F.);
#234=ORIENTED_EDGE('',*,*,#546,.T.);
#235=ORIENTED_EDGE('',*,*,#547,.T.);
#236=ORIENTED_EDGE('',*,*,#548,.T.);
#237=ORIENTED_EDGE('',*,*,#549,.T.);
#238=ORIENTED_EDGE('',*,*,#550,.F.);
#239=ORIENTED_EDGE('',*,*,#551,.F.);
#240=ORIENTED_EDGE('',*,*,#552,.T.);
#241=ORIENTED_EDGE('',*,*,#553,.T.);
#242=ORIENTED_EDGE('',*,*,#554,.F.);
#243=ORIENTED_EDGE('',*,*,#555,.T.);
#244=ORIENTED_EDGE('',*,*,#556,.T.);
#245=ORIENTED_EDGE('',*,*,#557,.T.);
#246=ORIENTED_EDGE('',*,*,#558,.T.);
#247=ORIENTED_EDGE('',*,*,#559,.F.);
#248=ORIENTED_EDGE('',*,*,#560,.T.);
#249=ORIENTED_EDGE('',*,*,#561,.T.);
#250=ORIENTED_EDGE('',*,*,#562,.F.);
#251=ORIENTED_EDGE('',*,*,#563,.T.);
#252=ORIENTED_EDGE('',*,*,#564,.F.);
#253=ORIENTED_EDGE('',*,*,#560,.F.);
#254=ORIENTED_EDGE('',*,*,#565,.F.);
#255=ORIENTED_EDGE('',*,*,#566,.T.);
#256=ORIENTED_EDGE('',*,*,#567,.F.);
#257=ORIENTED_EDGE('',*,*,#566,.F.);
#258=ORIENTED_EDGE('',*,*,#568,.F.);
#259=ORIENTED_EDGE('',*,*,#569,.T.);
#260=ORIENTED_EDGE('',*,*,#570,.T.);
#261=ORIENTED_EDGE('',*,*,#571,.T.);
#262=ORIENTED_EDGE('',*,*,#569,.F.);
#263=ORIENTED_EDGE('',*,*,#572,.T.);
#264=ORIENTED_EDGE('',*,*,#573,.F.);
#265=ORIENTED_EDGE('',*,*,#570,.F.);
#266=ORIENTED_EDGE('',*,*,#574,.F.);
#267=ORIENTED_EDGE('',*,*,#575,.T.);
#268=ORIENTED_EDGE('',*,*,#576,.F.);
#269=ORIENTED_EDGE('',*,*,#575,.F.);
#270=ORIENTED_EDGE('',*,*,#577,.F.);
#271=ORIENTED_EDGE('',*,*,#578,.T.);
#272=ORIENTED_EDGE('',*,*,#579,.F.);
#273=ORIENTED_EDGE('',*,*,#578,.F.);
#274=ORIENTED_EDGE('',*,*,#580,.F.);
#275=ORIENTED_EDGE('',*,*,#581,.T.);
#276=ORIENTED_EDGE('',*,*,#582,.F.);
#277=ORIENTED_EDGE('',*,*,#583,.T.);
#278=ORIENTED_EDGE('',*,*,#584,.T.);
#279=ORIENTED_EDGE('',*,*,#585,.T.);
#280=ORIENTED_EDGE('',*,*,#586,.T.);
#281=ORIENTED_EDGE('',*,*,#587,.F.);
#282=ORIENTED_EDGE('',*,*,#562,.T.);
#283=ORIENTED_EDGE('',*,*,#588,.T.);
#284=ORIENTED_EDGE('',*,*,#581,.F.);
#285=ORIENTED_EDGE('',*,*,#589,.T.);
#286=ORIENTED_EDGE('',*,*,#590,.F.);
#287=ORIENTED_EDGE('',*,*,#591,.T.);
#288=ORIENTED_EDGE('',*,*,#548,.F.);
#289=ORIENTED_EDGE('',*,*,#592,.T.);
#290=ORIENTED_EDGE('',*,*,#593,.T.);
#291=ORIENTED_EDGE('',*,*,#594,.F.);
#292=ORIENTED_EDGE('',*,*,#595,.F.);
#293=ORIENTED_EDGE('',*,*,#596,.T.);
#294=ORIENTED_EDGE('',*,*,#556,.F.);
#295=ORIENTED_EDGE('',*,*,#597,.T.);
#296=ORIENTED_EDGE('',*,*,#598,.T.);
#297=ORIENTED_EDGE('',*,*,#599,.T.);
#298=ORIENTED_EDGE('',*,*,#600,.F.);
#299=ORIENTED_EDGE('',*,*,#601,.T.);
#300=ORIENTED_EDGE('',*,*,#542,.F.);
#301=ORIENTED_EDGE('',*,*,#602,.T.);
#302=ORIENTED_EDGE('',*,*,#603,.T.);
#303=ORIENTED_EDGE('',*,*,#604,.F.);
#304=ORIENTED_EDGE('',*,*,#605,.F.);
#305=ORIENTED_EDGE('',*,*,#606,.T.);
#306=ORIENTED_EDGE('',*,*,#584,.F.);
#307=ORIENTED_EDGE('',*,*,#607,.T.);
#308=ORIENTED_EDGE('',*,*,#608,.T.);
#309=ORIENTED_EDGE('',*,*,#609,.T.);
#310=ORIENTED_EDGE('',*,*,#563,.F.);
#311=ORIENTED_EDGE('',*,*,#589,.F.);
#312=ORIENTED_EDGE('',*,*,#580,.T.);
#313=ORIENTED_EDGE('',*,*,#577,.T.);
#314=ORIENTED_EDGE('',*,*,#574,.T.);
#315=ORIENTED_EDGE('',*,*,#572,.F.);
#316=ORIENTED_EDGE('',*,*,#568,.T.);
#317=ORIENTED_EDGE('',*,*,#565,.T.);
#318=ORIENTED_EDGE('',*,*,#610,.F.);
#319=ORIENTED_EDGE('',*,*,#611,.T.);
#320=ORIENTED_EDGE('',*,*,#612,.F.);
#321=ORIENTED_EDGE('',*,*,#613,.T.);
#322=ORIENTED_EDGE('',*,*,#614,.F.);
#323=ORIENTED_EDGE('',*,*,#587,.T.);
#324=ORIENTED_EDGE('',*,*,#615,.T.);
#325=ORIENTED_EDGE('',*,*,#616,.T.);
#326=ORIENTED_EDGE('',*,*,#617,.T.);
#327=ORIENTED_EDGE('',*,*,#618,.T.);
#328=ORIENTED_EDGE('',*,*,#619,.T.);
#329=ORIENTED_EDGE('',*,*,#545,.T.);
#330=ORIENTED_EDGE('',*,*,#620,.F.);
#331=ORIENTED_EDGE('',*,*,#621,.T.);
#332=ORIENTED_EDGE('',*,*,#622,.F.);
#333=ORIENTED_EDGE('',*,*,#623,.T.);
#334=ORIENTED_EDGE('',*,*,#624,.F.);
#335=ORIENTED_EDGE('',*,*,#559,.T.);
#336=ORIENTED_EDGE('',*,*,#625,.T.);
#337=ORIENTED_EDGE('',*,*,#626,.T.);
#338=ORIENTED_EDGE('',*,*,#627,.T.);
#339=ORIENTED_EDGE('',*,*,#628,.T.);
#340=ORIENTED_EDGE('',*,*,#629,.T.);
#341=ORIENTED_EDGE('',*,*,#551,.T.);
#342=ORIENTED_EDGE('',*,*,#573,.T.);
#343=ORIENTED_EDGE('',*,*,#576,.T.);
#344=ORIENTED_EDGE('',*,*,#579,.T.);
#345=ORIENTED_EDGE('',*,*,#588,.F.);
#346=ORIENTED_EDGE('',*,*,#561,.F.);
#347=ORIENTED_EDGE('',*,*,#564,.T.);
#348=ORIENTED_EDGE('',*,*,#567,.T.);
#349=ORIENTED_EDGE('',*,*,#571,.F.);
#350=ORIENTED_EDGE('',*,*,#630,.T.);
#351=ORIENTED_EDGE('',*,*,#631,.T.);
#352=ORIENTED_EDGE('',*,*,#605,.T.);
#353=ORIENTED_EDGE('',*,*,#632,.T.);
#354=ORIENTED_EDGE('',*,*,#633,.T.);
#355=ORIENTED_EDGE('',*,*,#634,.T.);
#356=ORIENTED_EDGE('',*,*,#635,.T.);
#357=ORIENTED_EDGE('',*,*,#636,.T.);
#358=ORIENTED_EDGE('',*,*,#637,.T.);
#359=ORIENTED_EDGE('',*,*,#632,.F.);
#360=ORIENTED_EDGE('',*,*,#604,.T.);
#361=ORIENTED_EDGE('',*,*,#603,.F.);
#362=ORIENTED_EDGE('',*,*,#638,.T.);
#363=ORIENTED_EDGE('',*,*,#639,.T.);
#364=ORIENTED_EDGE('',*,*,#640,.T.);
#365=ORIENTED_EDGE('',*,*,#634,.F.);
#366=ORIENTED_EDGE('',*,*,#593,.F.);
#367=ORIENTED_EDGE('',*,*,#641,.T.);
#368=ORIENTED_EDGE('',*,*,#642,.T.);
#369=ORIENTED_EDGE('',*,*,#643,.T.);
#370=ORIENTED_EDGE('',*,*,#644,.F.);
#371=ORIENTED_EDGE('',*,*,#645,.T.);
#372=ORIENTED_EDGE('',*,*,#646,.T.);
#373=ORIENTED_EDGE('',*,*,#595,.T.);
#374=ORIENTED_EDGE('',*,*,#647,.T.);
#375=ORIENTED_EDGE('',*,*,#648,.T.);
#376=ORIENTED_EDGE('',*,*,#649,.T.);
#377=ORIENTED_EDGE('',*,*,#650,.T.);
#378=ORIENTED_EDGE('',*,*,#647,.F.);
#379=ORIENTED_EDGE('',*,*,#594,.T.);
#380=ORIENTED_EDGE('',*,*,#644,.T.);
#381=ORIENTED_EDGE('',*,*,#651,.T.);
#382=ORIENTED_EDGE('',*,*,#630,.F.);
#383=ORIENTED_EDGE('',*,*,#652,.T.);
#384=ORIENTED_EDGE('',*,*,#615,.F.);
#385=ORIENTED_EDGE('',*,*,#586,.F.);
#386=ORIENTED_EDGE('',*,*,#653,.T.);
#387=ORIENTED_EDGE('',*,*,#636,.F.);
#388=ORIENTED_EDGE('',*,*,#654,.T.);
#389=ORIENTED_EDGE('',*,*,#617,.F.);
#390=ORIENTED_EDGE('',*,*,#655,.T.);
#391=ORIENTED_EDGE('',*,*,#619,.F.);
#392=ORIENTED_EDGE('',*,*,#656,.T.);
#393=ORIENTED_EDGE('',*,*,#639,.F.);
#394=ORIENTED_EDGE('',*,*,#657,.T.);
#395=ORIENTED_EDGE('',*,*,#546,.F.);
#396=ORIENTED_EDGE('',*,*,#645,.F.);
#397=ORIENTED_EDGE('',*,*,#658,.T.);
#398=ORIENTED_EDGE('',*,*,#625,.F.);
#399=ORIENTED_EDGE('',*,*,#558,.F.);
#400=ORIENTED_EDGE('',*,*,#659,.T.);
#401=ORIENTED_EDGE('',*,*,#627,.F.);
#402=ORIENTED_EDGE('',*,*,#660,.T.);
#403=ORIENTED_EDGE('',*,*,#649,.F.);
#404=ORIENTED_EDGE('',*,*,#661,.T.);
#405=ORIENTED_EDGE('',*,*,#629,.F.);
#406=ORIENTED_EDGE('',*,*,#662,.T.);
#407=ORIENTED_EDGE('',*,*,#642,.F.);
#408=ORIENTED_EDGE('',*,*,#663,.T.);
#409=ORIENTED_EDGE('',*,*,#552,.F.);
#410=ORIENTED_EDGE('',*,*,#664,.F.);
#411=ORIENTED_EDGE('',*,*,#665,.T.);
#412=ORIENTED_EDGE('',*,*,#666,.F.);
#413=ORIENTED_EDGE('',*,*,#609,.F.);
#414=ORIENTED_EDGE('',*,*,#667,.T.);
#415=ORIENTED_EDGE('',*,*,#668,.T.);
#416=ORIENTED_EDGE('',*,*,#612,.T.);
#417=ORIENTED_EDGE('',*,*,#669,.T.);
#418=ORIENTED_EDGE('',*,*,#664,.T.);
#419=ORIENTED_EDGE('',*,*,#670,.T.);
#420=ORIENTED_EDGE('',*,*,#608,.F.);
#421=ORIENTED_EDGE('',*,*,#671,.T.);
#422=ORIENTED_EDGE('',*,*,#672,.F.);
#423=ORIENTED_EDGE('',*,*,#673,.T.);
#424=ORIENTED_EDGE('',*,*,#667,.F.);
#425=ORIENTED_EDGE('',*,*,#614,.T.);
#426=ORIENTED_EDGE('',*,*,#674,.T.);
#427=ORIENTED_EDGE('',*,*,#672,.T.);
#428=ORIENTED_EDGE('',*,*,#675,.T.);
#429=ORIENTED_EDGE('',*,*,#582,.T.);
#430=ORIENTED_EDGE('',*,*,#550,.T.);
#431=ORIENTED_EDGE('',*,*,#676,.T.);
#432=ORIENTED_EDGE('',*,*,#677,.T.);
#433=ORIENTED_EDGE('',*,*,#678,.T.);
#434=ORIENTED_EDGE('',*,*,#610,.T.);
#435=ORIENTED_EDGE('',*,*,#677,.F.);
#436=ORIENTED_EDGE('',*,*,#679,.T.);
#437=ORIENTED_EDGE('',*,*,#590,.T.);
#438=ORIENTED_EDGE('',*,*,#666,.T.);
#439=ORIENTED_EDGE('',*,*,#680,.T.);
#440=ORIENTED_EDGE('',*,*,#681,.F.);
#441=ORIENTED_EDGE('',*,*,#682,.T.);
#442=ORIENTED_EDGE('',*,*,#600,.T.);
#443=ORIENTED_EDGE('',*,*,#683,.T.);
#444=ORIENTED_EDGE('',*,*,#684,.T.);
#445=ORIENTED_EDGE('',*,*,#598,.F.);
#446=ORIENTED_EDGE('',*,*,#685,.T.);
#447=ORIENTED_EDGE('',*,*,#686,.F.);
#448=ORIENTED_EDGE('',*,*,#687,.T.);
#449=ORIENTED_EDGE('',*,*,#688,.F.);
#450=ORIENTED_EDGE('',*,*,#688,.T.);
#451=ORIENTED_EDGE('',*,*,#689,.T.);
#452=ORIENTED_EDGE('',*,*,#690,.F.);
#453=ORIENTED_EDGE('',*,*,#691,.T.);
#454=ORIENTED_EDGE('',*,*,#683,.F.);
#455=ORIENTED_EDGE('',*,*,#599,.F.);
#456=ORIENTED_EDGE('',*,*,#624,.T.);
#457=ORIENTED_EDGE('',*,*,#692,.T.);
#458=ORIENTED_EDGE('',*,*,#686,.T.);
#459=ORIENTED_EDGE('',*,*,#693,.T.);
#460=ORIENTED_EDGE('',*,*,#554,.T.);
#461=ORIENTED_EDGE('',*,*,#690,.T.);
#462=ORIENTED_EDGE('',*,*,#694,.T.);
#463=ORIENTED_EDGE('',*,*,#622,.T.);
#464=ORIENTED_EDGE('',*,*,#695,.T.);
#465=ORIENTED_EDGE('',*,*,#544,.T.);
#466=ORIENTED_EDGE('',*,*,#696,.T.);
#467=ORIENTED_EDGE('',*,*,#681,.T.);
#468=ORIENTED_EDGE('',*,*,#697,.T.);
#469=ORIENTED_EDGE('',*,*,#620,.T.);
#470=ORIENTED_EDGE('',*,*,#611,.F.);
#471=ORIENTED_EDGE('',*,*,#678,.F.);
#472=ORIENTED_EDGE('',*,*,#680,.F.);
#473=ORIENTED_EDGE('',*,*,#665,.F.);
#474=ORIENTED_EDGE('',*,*,#669,.F.);
#475=ORIENTED_EDGE('',*,*,#613,.F.);
#476=ORIENTED_EDGE('',*,*,#670,.F.);
#477=ORIENTED_EDGE('',*,*,#668,.F.);
#478=ORIENTED_EDGE('',*,*,#673,.F.);
#479=ORIENTED_EDGE('',*,*,#674,.F.);
#480=ORIENTED_EDGE('',*,*,#623,.F.);
#481=ORIENTED_EDGE('',*,*,#694,.F.);
#482=ORIENTED_EDGE('',*,*,#689,.F.);
#483=ORIENTED_EDGE('',*,*,#687,.F.);
#484=ORIENTED_EDGE('',*,*,#692,.F.);
#485=ORIENTED_EDGE('',*,*,#621,.F.);
#486=ORIENTED_EDGE('',*,*,#697,.F.);
#487=ORIENTED_EDGE('',*,*,#684,.F.);
#488=ORIENTED_EDGE('',*,*,#691,.F.);
#489=ORIENTED_EDGE('',*,*,#695,.F.);
#490=ORIENTED_EDGE('',*,*,#618,.F.);
#491=ORIENTED_EDGE('',*,*,#654,.F.);
#492=ORIENTED_EDGE('',*,*,#635,.F.);
#493=ORIENTED_EDGE('',*,*,#640,.F.);
#494=ORIENTED_EDGE('',*,*,#656,.F.);
#495=ORIENTED_EDGE('',*,*,#616,.F.);
#496=ORIENTED_EDGE('',*,*,#652,.F.);
#497=ORIENTED_EDGE('',*,*,#633,.F.);
#498=ORIENTED_EDGE('',*,*,#637,.F.);
#499=ORIENTED_EDGE('',*,*,#655,.F.);
#500=ORIENTED_EDGE('',*,*,#626,.F.);
#501=ORIENTED_EDGE('',*,*,#658,.F.);
#502=ORIENTED_EDGE('',*,*,#648,.F.);
#503=ORIENTED_EDGE('',*,*,#650,.F.);
#504=ORIENTED_EDGE('',*,*,#660,.F.);
#505=ORIENTED_EDGE('',*,*,#628,.F.);
#506=ORIENTED_EDGE('',*,*,#661,.F.);
#507=ORIENTED_EDGE('',*,*,#651,.F.);
#508=ORIENTED_EDGE('',*,*,#643,.F.);
#509=ORIENTED_EDGE('',*,*,#662,.F.);
#510=ORIENTED_EDGE('',*,*,#591,.F.);
#511=ORIENTED_EDGE('',*,*,#679,.F.);
#512=ORIENTED_EDGE('',*,*,#676,.F.);
#513=ORIENTED_EDGE('',*,*,#549,.F.);
#514=ORIENTED_EDGE('',*,*,#592,.F.);
#515=ORIENTED_EDGE('',*,*,#553,.F.);
#516=ORIENTED_EDGE('',*,*,#663,.F.);
#517=ORIENTED_EDGE('',*,*,#641,.F.);
#518=ORIENTED_EDGE('',*,*,#597,.F.);
#519=ORIENTED_EDGE('',*,*,#555,.F.);
#520=ORIENTED_EDGE('',*,*,#693,.F.);
#521=ORIENTED_EDGE('',*,*,#685,.F.);
#522=ORIENTED_EDGE('',*,*,#596,.F.);
#523=ORIENTED_EDGE('',*,*,#646,.F.);
#524=ORIENTED_EDGE('',*,*,#659,.F.);
#525=ORIENTED_EDGE('',*,*,#557,.F.);
#526=ORIENTED_EDGE('',*,*,#601,.F.);
#527=ORIENTED_EDGE('',*,*,#682,.F.);
#528=ORIENTED_EDGE('',*,*,#696,.F.);
#529=ORIENTED_EDGE('',*,*,#543,.F.);
#530=ORIENTED_EDGE('',*,*,#602,.F.);
#531=ORIENTED_EDGE('',*,*,#547,.F.);
#532=ORIENTED_EDGE('',*,*,#657,.F.);
#533=ORIENTED_EDGE('',*,*,#638,.F.);
#534=ORIENTED_EDGE('',*,*,#607,.F.);
#535=ORIENTED_EDGE('',*,*,#583,.F.);
#536=ORIENTED_EDGE('',*,*,#675,.F.);
#537=ORIENTED_EDGE('',*,*,#671,.F.);
#538=ORIENTED_EDGE('',*,*,#606,.F.);
#539=ORIENTED_EDGE('',*,*,#631,.F.);
#540=ORIENTED_EDGE('',*,*,#653,.F.);
#541=ORIENTED_EDGE('',*,*,#585,.F.);
#542=EDGE_CURVE('',#698,#699,#802,.T.);
#543=EDGE_CURVE('',#699,#700,#102,.T.);
#544=EDGE_CURVE('',#701,#700,#86,.T.);
#545=EDGE_CURVE('',#702,#701,#803,.T.);
#546=EDGE_CURVE('',#702,#703,#87,.T.);
#547=EDGE_CURVE('',#703,#698,#103,.F.);
#548=EDGE_CURVE('',#704,#705,#804,.T.);
#549=EDGE_CURVE('',#705,#706,#104,.T.);
#550=EDGE_CURVE('',#707,#706,#88,.T.);
#551=EDGE_CURVE('',#708,#707,#805,.T.);
#552=EDGE_CURVE('',#708,#709,#89,.T.);
#553=EDGE_CURVE('',#709,#704,#105,.F.);
#554=EDGE_CURVE('',#710,#711,#90,.F.);
#555=EDGE_CURVE('',#710,#712,#106,.F.);
#556=EDGE_CURVE('',#712,#713,#806,.T.);
#557=EDGE_CURVE('',#713,#714,#107,.T.);
#558=EDGE_CURVE('',#714,#715,#91,.F.);
#559=EDGE_CURVE('',#711,#715,#807,.T.);
#560=EDGE_CURVE('',#716,#717,#108,.T.);
#561=EDGE_CURVE('',#717,#718,#808,.T.);
#562=EDGE_CURVE('',#719,#718,#109,.T.);
#563=EDGE_CURVE('',#719,#716,#809,.T.);
#564=EDGE_CURVE('',#717,#720,#110,.T.);
#565=EDGE_CURVE('',#721,#716,#111,.T.);
#566=EDGE_CURVE('',#721,#720,#112,.T.);
#567=EDGE_CURVE('',#720,#722,#810,.T.);
#568=EDGE_CURVE('',#723,#721,#811,.T.);
#569=EDGE_CURVE('',#723,#722,#113,.T.);
#570=EDGE_CURVE('',#724,#725,#114,.T.);
#571=EDGE_CURVE('',#725,#722,#115,.T.);
#572=EDGE_CURVE('',#723,#724,#116,.T.);
#573=EDGE_CURVE('',#725,#726,#812,.F.);
#574=EDGE_CURVE('',#727,#724,#813,.T.);
#575=EDGE_CURVE('',#727,#726,#117,.T.);
#576=EDGE_CURVE('',#726,#728,#118,.T.);
#577=EDGE_CURVE('',#729,#727,#119,.T.);
#578=EDGE_CURVE('',#729,#728,#120,.T.);
#579=EDGE_CURVE('',#728,#730,#814,.T.);
#580=EDGE_CURVE('',#731,#729,#815,.T.);
#581=EDGE_CURVE('',#731,#730,#121,.T.);
#582=EDGE_CURVE('',#732,#733,#92,.F.);
#583=EDGE_CURVE('',#732,#734,#122,.F.);
#584=EDGE_CURVE('',#734,#735,#816,.T.);
#585=EDGE_CURVE('',#735,#736,#123,.T.);
#586=EDGE_CURVE('',#736,#737,#93,.F.);
#587=EDGE_CURVE('',#733,#737,#817,.T.);
#588=EDGE_CURVE('',#718,#730,#124,.T.);
#589=EDGE_CURVE('',#731,#719,#125,.T.);
#590=EDGE_CURVE('',#738,#739,#126,.T.);
#591=EDGE_CURVE('',#738,#705,#818,.T.);
#592=EDGE_CURVE('',#704,#740,#819,.T.);
#593=EDGE_CURVE('',#740,#741,#127,.T.);
#594=EDGE_CURVE('',#742,#741,#820,.T.);
#595=EDGE_CURVE('',#743,#742,#128,.T.);
#596=EDGE_CURVE('',#743,#713,#821,.T.);
#597=EDGE_CURVE('',#712,#744,#822,.T.);
#598=EDGE_CURVE('',#744,#745,#129,.T.);
#599=EDGE_CURVE('',#745,#746,#823,.T.);
#600=EDGE_CURVE('',#747,#746,#130,.T.);
#601=EDGE_CURVE('',#747,#699,#824,.T.);
#602=EDGE_CURVE('',#698,#748,#825,.T.);
#603=EDGE_CURVE('',#748,#749,#131,.T.);
#604=EDGE_CURVE('',#750,#749,#826,.T.);
#605=EDGE_CURVE('',#751,#750,#132,.T.);
#606=EDGE_CURVE('',#751,#735,#827,.T.);
#607=EDGE_CURVE('',#734,#752,#828,.T.);
#608=EDGE_CURVE('',#752,#753,#133,.T.);
#609=EDGE_CURVE('',#753,#739,#829,.T.);
#610=EDGE_CURVE('',#754,#707,#134,.T.);
#611=EDGE_CURVE('',#754,#755,#24,.T.);
#612=EDGE_CURVE('',#756,#755,#830,.T.);
#613=EDGE_CURVE('',#756,#757,#25,.T.);
#614=EDGE_CURVE('',#733,#757,#135,.T.);
#615=EDGE_CURVE('',#737,#758,#136,.T.);
#616=EDGE_CURVE('',#758,#759,#26,.T.);
#617=EDGE_CURVE('',#759,#760,#831,.T.);
#618=EDGE_CURVE('',#760,#761,#27,.T.);
#619=EDGE_CURVE('',#761,#702,#137,.T.);
#620=EDGE_CURVE('',#762,#701,#138,.T.);
#621=EDGE_CURVE('',#762,#763,#28,.T.);
#622=EDGE_CURVE('',#764,#763,#832,.T.);
#623=EDGE_CURVE('',#764,#765,#29,.T.);
#624=EDGE_CURVE('',#711,#765,#139,.T.);
#625=EDGE_CURVE('',#715,#766,#140,.T.);
#626=EDGE_CURVE('',#766,#767,#30,.T.);
#627=EDGE_CURVE('',#767,#768,#833,.T.);
#628=EDGE_CURVE('',#768,#769,#31,.T.);
#629=EDGE_CURVE('',#769,#708,#141,.T.);
#630=EDGE_CURVE('',#770,#771,#142,.T.);
#631=EDGE_CURVE('',#771,#751,#143,.T.);
#632=EDGE_CURVE('',#750,#772,#144,.T.);
#633=EDGE_CURVE('',#772,#770,#32,.T.);
#634=EDGE_CURVE('',#749,#773,#145,.T.);
#635=EDGE_CURVE('',#773,#774,#33,.T.);
#636=EDGE_CURVE('',#774,#775,#834,.F.);
#637=EDGE_CURVE('',#775,#772,#34,.T.);
#638=EDGE_CURVE('',#748,#776,#146,.T.);
#639=EDGE_CURVE('',#776,#777,#147,.T.);
#640=EDGE_CURVE('',#777,#773,#35,.T.);
#641=EDGE_CURVE('',#740,#778,#148,.T.);
#642=EDGE_CURVE('',#778,#779,#149,.T.);
#643=EDGE_CURVE('',#779,#780,#36,.T.);
#644=EDGE_CURVE('',#741,#780,#150,.T.);
#645=EDGE_CURVE('',#781,#782,#151,.T.);
#646=EDGE_CURVE('',#782,#743,#152,.T.);
#647=EDGE_CURVE('',#742,#783,#153,.T.);
#648=EDGE_CURVE('',#783,#781,#37,.T.);
#649=EDGE_CURVE('',#784,#785,#835,.F.);
#650=EDGE_CURVE('',#785,#783,#38,.T.);
#651=EDGE_CURVE('',#780,#784,#39,.T.);
#652=EDGE_CURVE('',#770,#758,#40,.T.);
#653=EDGE_CURVE('',#736,#771,#94,.T.);
#654=EDGE_CURVE('',#774,#760,#41,.T.);
#655=EDGE_CURVE('',#759,#775,#42,.T.);
#656=EDGE_CURVE('',#761,#777,#43,.T.);
#657=EDGE_CURVE('',#776,#703,#95,.F.);
#658=EDGE_CURVE('',#781,#766,#44,.T.);
#659=EDGE_CURVE('',#714,#782,#96,.T.);
#660=EDGE_CURVE('',#767,#785,#45,.T.);
#661=EDGE_CURVE('',#784,#768,#46,.T.);
#662=EDGE_CURVE('',#769,#779,#47,.T.);
#663=EDGE_CURVE('',#778,#709,#97,.F.);
#664=EDGE_CURVE('',#786,#787,#836,.F.);
#665=EDGE_CURVE('',#786,#788,#48,.T.);
#666=EDGE_CURVE('',#739,#788,#154,.T.);
#667=EDGE_CURVE('',#753,#789,#155,.T.);
#668=EDGE_CURVE('',#789,#787,#49,.T.);
#669=EDGE_CURVE('',#755,#786,#50,.T.);
#670=EDGE_CURVE('',#787,#756,#51,.T.);
#671=EDGE_CURVE('',#752,#790,#156,.F.);
#672=EDGE_CURVE('',#791,#790,#157,.T.);
#673=EDGE_CURVE('',#791,#789,#52,.T.);
#674=EDGE_CURVE('',#757,#791,#53,.T.);
#675=EDGE_CURVE('',#790,#732,#98,.T.);
#676=EDGE_CURVE('',#706,#792,#99,.F.);
#677=EDGE_CURVE('',#792,#793,#158,.T.);
#678=EDGE_CURVE('',#793,#754,#54,.T.);
#679=EDGE_CURVE('',#792,#738,#159,.F.);
#680=EDGE_CURVE('',#788,#793,#55,.T.);
#681=EDGE_CURVE('',#794,#795,#160,.T.);
#682=EDGE_CURVE('',#794,#747,#161,.F.);
#683=EDGE_CURVE('',#746,#796,#162,.T.);
#684=EDGE_CURVE('',#796,#795,#56,.T.);
#685=EDGE_CURVE('',#744,#797,#163,.F.);
#686=EDGE_CURVE('',#798,#797,#164,.T.);
#687=EDGE_CURVE('',#798,#799,#57,.T.);
#688=EDGE_CURVE('',#745,#799,#165,.T.);
#689=EDGE_CURVE('',#799,#800,#58,.T.);
#690=EDGE_CURVE('',#801,#800,#837,.F.);
#691=EDGE_CURVE('',#801,#796,#59,.T.);
#692=EDGE_CURVE('',#765,#798,#60,.T.);
#693=EDGE_CURVE('',#797,#710,#100,.T.);
#694=EDGE_CURVE('',#800,#764,#61,.T.);
#695=EDGE_CURVE('',#763,#801,#62,.T.);
#696=EDGE_CURVE('',#700,#794,#101,.F.);
#697=EDGE_CURVE('',#795,#762,#63,.T.);
#698=VERTEX_POINT('',#1400);
#699=VERTEX_POINT('',#1401);
#700=VERTEX_POINT('',#1403);
#701=VERTEX_POINT('',#1405);
#702=VERTEX_POINT('',#1407);
#703=VERTEX_POINT('',#1409);
#704=VERTEX_POINT('',#1413);
#705=VERTEX_POINT('',#1414);
#706=VERTEX_POINT('',#1416);
#707=VERTEX_POINT('',#1418);
#708=VERTEX_POINT('',#1420);
#709=VERTEX_POINT('',#1422);
#710=VERTEX_POINT('',#1426);
#711=VERTEX_POINT('',#1427);
#712=VERTEX_POINT('',#1429);
#713=VERTEX_POINT('',#1431);
#714=VERTEX_POINT('',#1433);
#715=VERTEX_POINT('',#1435);
#716=VERTEX_POINT('',#1439);
#717=VERTEX_POINT('',#1440);
#718=VERTEX_POINT('',#1442);
#719=VERTEX_POINT('',#1444);
#720=VERTEX_POINT('',#1448);
#721=VERTEX_POINT('',#1450);
#722=VERTEX_POINT('',#1454);
#723=VERTEX_POINT('',#1456);
#724=VERTEX_POINT('',#1460);
#725=VERTEX_POINT('',#1461);
#726=VERTEX_POINT('',#1466);
#727=VERTEX_POINT('',#1468);
#728=VERTEX_POINT('',#1472);
#729=VERTEX_POINT('',#1474);
#730=VERTEX_POINT('',#1478);
#731=VERTEX_POINT('',#1480);
#732=VERTEX_POINT('',#1484);
#733=VERTEX_POINT('',#1485);
#734=VERTEX_POINT('',#1487);
#735=VERTEX_POINT('',#1489);
#736=VERTEX_POINT('',#1491);
#737=VERTEX_POINT('',#1493);
#738=VERTEX_POINT('',#1500);
#739=VERTEX_POINT('',#1501);
#740=VERTEX_POINT('',#1504);
#741=VERTEX_POINT('',#1506);
#742=VERTEX_POINT('',#1508);
#743=VERTEX_POINT('',#1510);
#744=VERTEX_POINT('',#1513);
#745=VERTEX_POINT('',#1515);
#746=VERTEX_POINT('',#1517);
#747=VERTEX_POINT('',#1519);
#748=VERTEX_POINT('',#1522);
#749=VERTEX_POINT('',#1524);
#750=VERTEX_POINT('',#1526);
#751=VERTEX_POINT('',#1528);
#752=VERTEX_POINT('',#1531);
#753=VERTEX_POINT('',#1533);
#754=VERTEX_POINT('',#1537);
#755=VERTEX_POINT('',#1542);
#756=VERTEX_POINT('',#1544);
#757=VERTEX_POINT('',#1549);
#758=VERTEX_POINT('',#1552);
#759=VERTEX_POINT('',#1557);
#760=VERTEX_POINT('',#1559);
#761=VERTEX_POINT('',#1564);
#762=VERTEX_POINT('',#1567);
#763=VERTEX_POINT('',#1572);
#764=VERTEX_POINT('',#1574);
#765=VERTEX_POINT('',#1579);
#766=VERTEX_POINT('',#1582);
#767=VERTEX_POINT('',#1587);
#768=VERTEX_POINT('',#1589);
#769=VERTEX_POINT('',#1594);
#770=VERTEX_POINT('',#1598);
#771=VERTEX_POINT('',#1599);
#772=VERTEX_POINT('',#1602);
#773=VERTEX_POINT('',#1609);
#774=VERTEX_POINT('',#1614);
#775=VERTEX_POINT('',#1616);
#776=VERTEX_POINT('',#1623);
#777=VERTEX_POINT('',#1625);
#778=VERTEX_POINT('',#1632);
#779=VERTEX_POINT('',#1634);
#780=VERTEX_POINT('',#1639);
#781=VERTEX_POINT('',#1643);
#782=VERTEX_POINT('',#1644);
#783=VERTEX_POINT('',#1647);
#784=VERTEX_POINT('',#1654);
#785=VERTEX_POINT('',#1655);
#786=VERTEX_POINT('',#1708);
#787=VERTEX_POINT('',#1709);
#788=VERTEX_POINT('',#1714);
#789=VERTEX_POINT('',#1717);
#790=VERTEX_POINT('',#1733);
#791=VERTEX_POINT('',#1735);
#792=VERTEX_POINT('',#1748);
#793=VERTEX_POINT('',#1750);
#794=VERTEX_POINT('',#1763);
#795=VERTEX_POINT('',#1764);
#796=VERTEX_POINT('',#1767);
#797=VERTEX_POINT('',#1774);
#798=VERTEX_POINT('',#1776);
#799=VERTEX_POINT('',#1781);
#800=VERTEX_POINT('',#1788);
#801=VERTEX_POINT('',#1790);
#802=CIRCLE('',#1038,0.013);
#803=CIRCLE('',#1040,0.013);
#804=CIRCLE('',#1043,0.013);
#805=CIRCLE('',#1045,0.013);
#806=CIRCLE('',#1049,0.013);
#807=CIRCLE('',#1051,0.013);
#808=CIRCLE('',#1053,0.009);
#809=CIRCLE('',#1054,0.009);
#810=CIRCLE('',#1057,0.007);
#811=CIRCLE('',#1058,0.007);
#812=CIRCLE('',#1061,0.009);
#813=CIRCLE('',#1062,0.009);
#814=CIRCLE('',#1065,0.007);
#815=CIRCLE('',#1066,0.007);
#816=CIRCLE('',#1069,0.013);
#817=CIRCLE('',#1071,0.013);
#818=CIRCLE('',#1074,0.003);
#819=CIRCLE('',#1075,0.003);
#820=CIRCLE('',#1076,0.025);
#821=CIRCLE('',#1077,0.003);
#822=CIRCLE('',#1078,0.003);
#823=CIRCLE('',#1079,0.025);
#824=CIRCLE('',#1080,0.003);
#825=CIRCLE('',#1081,0.003);
#826=CIRCLE('',#1082,0.025);
#827=CIRCLE('',#1083,0.003);
#828=CIRCLE('',#1084,0.003);
#829=CIRCLE('',#1085,0.025);
#830=CIRCLE('',#1087,0.021);
#831=CIRCLE('',#1088,0.021);
#832=CIRCLE('',#1089,0.021);
#833=CIRCLE('',#1090,0.021);
#834=CIRCLE('',#1093,0.025);
#835=CIRCLE('',#1098,0.025);
#836=CIRCLE('',#1110,0.025);
#837=CIRCLE('',#1121,0.025);
#838=EDGE_LOOP('',(#230,#231,#232,#233,#234,#235));
#839=EDGE_LOOP('',(#236,#237,#238,#239,#240,#241));
#840=EDGE_LOOP('',(#242,#243,#244,#245,#246,#247));
#841=EDGE_LOOP('',(#248,#249,#250,#251));
#842=EDGE_LOOP('',(#252,#253,#254,#255));
#843=EDGE_LOOP('',(#256,#257,#258,#259));
#844=EDGE_LOOP('',(#260,#261,#262,#263));
#845=EDGE_LOOP('',(#264,#265,#266,#267));
#846=EDGE_LOOP('',(#268,#269,#270,#271));
#847=EDGE_LOOP('',(#272,#273,#274,#275));
#848=EDGE_LOOP('',(#276,#277,#278,#279,#280,#281));
#849=EDGE_LOOP('',(#282,#283,#284,#285));
#850=EDGE_LOOP('',(#286,#287,#288,#289,#290,#291,#292,#293,#294,#295,#296,
#297,#298,#299,#300,#301,#302,#303,#304,#305,#306,#307,#308,#309));
#851=EDGE_LOOP('',(#310,#311,#312,#313,#314,#315,#316,#317));
#852=EDGE_LOOP('',(#318,#319,#320,#321,#322,#323,#324,#325,#326,#327,#328,
#329,#330,#331,#332,#333,#334,#335,#336,#337,#338,#339,#340,#341));
#853=EDGE_LOOP('',(#342,#343,#344,#345,#346,#347,#348,#349));
#854=EDGE_LOOP('',(#350,#351,#352,#353,#354));
#855=EDGE_LOOP('',(#355,#356,#357,#358,#359,#360));
#856=EDGE_LOOP('',(#361,#362,#363,#364,#365));
#857=EDGE_LOOP('',(#366,#367,#368,#369,#370));
#858=EDGE_LOOP('',(#371,#372,#373,#374,#375));
#859=EDGE_LOOP('',(#376,#377,#378,#379,#380,#381));
#860=EDGE_LOOP('',(#382,#383,#384,#385,#386));
#861=EDGE_LOOP('',(#387,#388,#389,#390));
#862=EDGE_LOOP('',(#391,#392,#393,#394,#395));
#863=EDGE_LOOP('',(#396,#397,#398,#399,#400));
#864=EDGE_LOOP('',(#401,#402,#403,#404));
#865=EDGE_LOOP('',(#405,#406,#407,#408,#409));
#866=EDGE_LOOP('',(#410,#411,#412,#413,#414,#415));
#867=EDGE_LOOP('',(#416,#417,#418,#419));
#868=EDGE_LOOP('',(#420,#421,#422,#423,#424));
#869=EDGE_LOOP('',(#425,#426,#427,#428,#429));
#870=EDGE_LOOP('',(#430,#431,#432,#433,#434));
#871=EDGE_LOOP('',(#435,#436,#437,#438,#439));
#872=EDGE_LOOP('',(#440,#441,#442,#443,#444));
#873=EDGE_LOOP('',(#445,#446,#447,#448,#449));
#874=EDGE_LOOP('',(#450,#451,#452,#453,#454,#455));
#875=EDGE_LOOP('',(#456,#457,#458,#459,#460));
#876=EDGE_LOOP('',(#461,#462,#463,#464));
#877=EDGE_LOOP('',(#465,#466,#467,#468,#469));
#878=EDGE_LOOP('',(#470,#471,#472,#473,#474));
#879=EDGE_LOOP('',(#475,#476,#477,#478,#479));
#880=EDGE_LOOP('',(#480,#481,#482,#483,#484));
#881=EDGE_LOOP('',(#485,#486,#487,#488,#489));
#882=EDGE_LOOP('',(#490,#491,#492,#493,#494));
#883=EDGE_LOOP('',(#495,#496,#497,#498,#499));
#884=EDGE_LOOP('',(#500,#501,#502,#503,#504));
#885=EDGE_LOOP('',(#505,#506,#507,#508,#509));
#886=EDGE_LOOP('',(#510,#511,#512,#513));
#887=EDGE_LOOP('',(#514,#515,#516,#517));
#888=EDGE_LOOP('',(#518,#519,#520,#521));
#889=EDGE_LOOP('',(#522,#523,#524,#525));
#890=EDGE_LOOP('',(#526,#527,#528,#529));
#891=EDGE_LOOP('',(#530,#531,#532,#533));
#892=EDGE_LOOP('',(#534,#535,#536,#537));
#893=EDGE_LOOP('',(#538,#539,#540,#541));
#894=FACE_BOUND('',#838,.T.);
#895=FACE_BOUND('',#839,.T.);
#896=FACE_BOUND('',#840,.T.);
#897=FACE_BOUND('',#841,.T.);
#898=FACE_BOUND('',#842,.T.);
#899=FACE_BOUND('',#843,.T.);
#900=FACE_BOUND('',#844,.T.);
#901=FACE_BOUND('',#845,.T.);
#902=FACE_BOUND('',#846,.T.);
#903=FACE_BOUND('',#847,.T.);
#904=FACE_BOUND('',#848,.T.);
#905=FACE_BOUND('',#849,.T.);
#906=FACE_BOUND('',#850,.T.);
#907=FACE_BOUND('',#851,.T.);
#908=FACE_BOUND('',#852,.T.);
#909=FACE_BOUND('',#853,.T.);
#910=FACE_BOUND('',#854,.T.);
#911=FACE_BOUND('',#855,.T.);
#912=FACE_BOUND('',#856,.T.);
#913=FACE_BOUND('',#857,.T.);
#914=FACE_BOUND('',#858,.T.);
#915=FACE_BOUND('',#859,.T.);
#916=FACE_BOUND('',#860,.T.);
#917=FACE_BOUND('',#861,.T.);
#918=FACE_BOUND('',#862,.T.);
#919=FACE_BOUND('',#863,.T.);
#920=FACE_BOUND('',#864,.T.);
#921=FACE_BOUND('',#865,.T.);
#922=FACE_BOUND('',#866,.T.);
#923=FACE_BOUND('',#867,.T.);
#924=FACE_BOUND('',#868,.T.);
#925=FACE_BOUND('',#869,.T.);
#926=FACE_BOUND('',#870,.T.);
#927=FACE_BOUND('',#871,.T.);
#928=FACE_BOUND('',#872,.T.);
#929=FACE_BOUND('',#873,.T.);
#930=FACE_BOUND('',#874,.T.);
#931=FACE_BOUND('',#875,.T.);
#932=FACE_BOUND('',#876,.T.);
#933=FACE_BOUND('',#877,.T.);
#934=FACE_BOUND('',#878,.T.);
#935=FACE_BOUND('',#879,.T.);
#936=FACE_BOUND('',#880,.T.);
#937=FACE_BOUND('',#881,.T.);
#938=FACE_BOUND('',#882,.T.);
#939=FACE_BOUND('',#883,.T.);
#940=FACE_BOUND('',#884,.T.);
#941=FACE_BOUND('',#885,.T.);
#942=FACE_BOUND('',#886,.T.);
#943=FACE_BOUND('',#887,.T.);
#944=FACE_BOUND('',#888,.T.);
#945=FACE_BOUND('',#889,.T.);
#946=FACE_BOUND('',#890,.T.);
#947=FACE_BOUND('',#891,.T.);
#948=FACE_BOUND('',#892,.T.);
#949=FACE_BOUND('',#893,.T.);
#950=CYLINDRICAL_SURFACE('',#1037,0.013);
#951=CYLINDRICAL_SURFACE('',#1042,0.013);
#952=CYLINDRICAL_SURFACE('',#1047,0.013);
#953=CYLINDRICAL_SURFACE('',#1052,0.009);
#954=CYLINDRICAL_SURFACE('',#1056,0.007);
#955=CYLINDRICAL_SURFACE('',#1060,0.009);
#956=CYLINDRICAL_SURFACE('',#1064,0.007);
#957=CYLINDRICAL_SURFACE('',#1067,0.013);
#958=CYLINDRICAL_SURFACE('',#1092,0.025);
#959=CYLINDRICAL_SURFACE('',#1097,0.025);
#960=CYLINDRICAL_SURFACE('',#1109,0.025);
#961=CYLINDRICAL_SURFACE('',#1120,0.025);
#962=CYLINDRICAL_SURFACE('',#1127,0.003);
#963=CYLINDRICAL_SURFACE('',#1128,0.003);
#964=CYLINDRICAL_SURFACE('',#1129,0.003);
#965=CYLINDRICAL_SURFACE('',#1130,0.003);
#966=CYLINDRICAL_SURFACE('',#1131,0.003);
#967=CYLINDRICAL_SURFACE('',#1132,0.003);
#968=CYLINDRICAL_SURFACE('',#1133,0.003);
#969=CYLINDRICAL_SURFACE('',#1134,0.003);
#970=ADVANCED_FACE('',(#894),#950,.T.);
#971=ADVANCED_FACE('',(#895),#951,.T.);
#972=ADVANCED_FACE('',(#896),#952,.T.);
#973=ADVANCED_FACE('',(#897),#953,.F.);
#974=ADVANCED_FACE('',(#898),#64,.F.);
#975=ADVANCED_FACE('',(#899),#954,.F.);
#976=ADVANCED_FACE('',(#900),#65,.T.);
#977=ADVANCED_FACE('',(#901),#955,.F.);
#978=ADVANCED_FACE('',(#902),#66,.F.);
#979=ADVANCED_FACE('',(#903),#956,.F.);
#980=ADVANCED_FACE('',(#904),#957,.T.);
#981=ADVANCED_FACE('',(#905),#67,.T.);
#982=ADVANCED_FACE('',(#906,#907),#68,.F.);
#983=ADVANCED_FACE('',(#908,#909),#69,.T.);
#984=ADVANCED_FACE('',(#910),#70,.T.);
#985=ADVANCED_FACE('',(#911),#958,.T.);
#986=ADVANCED_FACE('',(#912),#71,.F.);
#987=ADVANCED_FACE('',(#913),#72,.F.);
#988=ADVANCED_FACE('',(#914),#73,.T.);
#989=ADVANCED_FACE('',(#915),#959,.T.);
#990=ADVANCED_FACE('',(#916),#74,.F.);
#991=ADVANCED_FACE('',(#917),#20,.T.);
#992=ADVANCED_FACE('',(#918),#75,.T.);
#993=ADVANCED_FACE('',(#919),#76,.F.);
#994=ADVANCED_FACE('',(#920),#21,.T.);
#995=ADVANCED_FACE('',(#921),#77,.T.);
#996=ADVANCED_FACE('',(#922),#960,.T.);
#997=ADVANCED_FACE('',(#923),#22,.T.);
#998=ADVANCED_FACE('',(#924),#78,.T.);
#999=ADVANCED_FACE('',(#925),#79,.F.);
#1000=ADVANCED_FACE('',(#926),#80,.T.);
#1001=ADVANCED_FACE('',(#927),#81,.F.);
#1002=ADVANCED_FACE('',(#928),#82,.F.);
#1003=ADVANCED_FACE('',(#929),#83,.T.);
#1004=ADVANCED_FACE('',(#930),#961,.T.);
#1005=ADVANCED_FACE('',(#931),#84,.F.);
#1006=ADVANCED_FACE('',(#932),#23,.T.);
#1007=ADVANCED_FACE('',(#933),#85,.T.);
#1008=ADVANCED_FACE('',(#934),#12,.T.);
#1009=ADVANCED_FACE('',(#935),#13,.T.);
#1010=ADVANCED_FACE('',(#936),#14,.T.);
#1011=ADVANCED_FACE('',(#937),#15,.T.);
#1012=ADVANCED_FACE('',(#938),#16,.T.);
#1013=ADVANCED_FACE('',(#939),#17,.T.);
#1014=ADVANCED_FACE('',(#940),#18,.T.);
#1015=ADVANCED_FACE('',(#941),#19,.T.);
#1016=ADVANCED_FACE('',(#942),#962,.F.);
#1017=ADVANCED_FACE('',(#943),#963,.F.);
#1018=ADVANCED_FACE('',(#944),#964,.F.);
#1019=ADVANCED_FACE('',(#945),#965,.F.);
#1020=ADVANCED_FACE('',(#946),#966,.F.);
#1021=ADVANCED_FACE('',(#947),#967,.F.);
#1022=ADVANCED_FACE('',(#948),#968,.F.);
#1023=ADVANCED_FACE('',(#949),#969,.F.);
#1024=CLOSED_SHELL('',(#970,#971,#972,#973,#974,#975,#976,#977,#978,#979,
#980,#981,#982,#983,#984,#985,#986,#987,#988,#989,#990,#991,#992,#993,#994,
#995,#996,#997,#998,#999,#1000,#1001,#1002,#1003,#1004,#1005,#1006,#1007,
#1008,#1009,#1010,#1011,#1012,#1013,#1014,#1015,#1016,#1017,#1018,#1019,
#1020,#1021,#1022,#1023));
#1025=STYLED_ITEM('',(#1026),#1033);
#1026=PRESENTATION_STYLE_ASSIGNMENT((#1027));
#1027=SURFACE_STYLE_USAGE(.BOTH.,#1028);
#1028=SURFACE_SIDE_STYLE('',(#1029));
#1029=SURFACE_STYLE_FILL_AREA(#1030);
#1030=FILL_AREA_STYLE('',(#1031));
#1031=FILL_AREA_STYLE_COLOUR('',#1032);
#1032=COLOUR_RGB('',0.647058823529412,0.647058823529412,0.647058823529412);
#1033=MANIFOLD_SOLID_BREP('C2 Female',#1024);
#1034=SHAPE_DEFINITION_REPRESENTATION(#2094,#1035);
#1035=SHAPE_REPRESENTATION('C2 Female',(#1036),#2089);
#1036=AXIS2_PLACEMENT_3D('',#1397,#1135,#1136);
#1037=AXIS2_PLACEMENT_3D('',#1398,#1137,#1138);
#1038=AXIS2_PLACEMENT_3D('',#1399,#1139,#1140);
#1039=AXIS2_PLACEMENT_3D('',#1404,#1142,#1143);
#1040=AXIS2_PLACEMENT_3D('',#1406,#1144,#1145);
#1041=AXIS2_PLACEMENT_3D('',#1408,#1146,#1147);
#1042=AXIS2_PLACEMENT_3D('',#1411,#1149,#1150);
#1043=AXIS2_PLACEMENT_3D('',#1412,#1151,#1152);
#1044=AXIS2_PLACEMENT_3D('',#1417,#1154,#1155);
#1045=AXIS2_PLACEMENT_3D('',#1419,#1156,#1157);
#1046=AXIS2_PLACEMENT_3D('',#1421,#1158,#1159);
#1047=AXIS2_PLACEMENT_3D('',#1424,#1161,#1162);
#1048=AXIS2_PLACEMENT_3D('',#1425,#1163,#1164);
#1049=AXIS2_PLACEMENT_3D('',#1430,#1166,#1167);
#1050=AXIS2_PLACEMENT_3D('',#1434,#1169,#1170);
#1051=AXIS2_PLACEMENT_3D('',#1436,#1171,#1172);
#1052=AXIS2_PLACEMENT_3D('',#1437,#1173,#1174);
#1053=AXIS2_PLACEMENT_3D('',#1441,#1176,#1177);
#1054=AXIS2_PLACEMENT_3D('',#1445,#1179,#1180);
#1055=AXIS2_PLACEMENT_3D('',#1446,#1181,#1182);
#1056=AXIS2_PLACEMENT_3D('',#1452,#1186,#1187);
#1057=AXIS2_PLACEMENT_3D('',#1453,#1188,#1189);
#1058=AXIS2_PLACEMENT_3D('',#1455,#1190,#1191);
#1059=AXIS2_PLACEMENT_3D('',#1458,#1193,#1194);
#1060=AXIS2_PLACEMENT_3D('',#1464,#1198,#1199);
#1061=AXIS2_PLACEMENT_3D('',#1465,#1200,#1201);
#1062=AXIS2_PLACEMENT_3D('',#1467,#1202,#1203);
#1063=AXIS2_PLACEMENT_3D('',#1470,#1205,#1206);
#1064=AXIS2_PLACEMENT_3D('',#1476,#1210,#1211);
#1065=AXIS2_PLACEMENT_3D('',#1477,#1212,#1213);
#1066=AXIS2_PLACEMENT_3D('',#1479,#1214,#1215);
#1067=AXIS2_PLACEMENT_3D('',#1482,#1217,#1218);
#1068=AXIS2_PLACEMENT_3D('',#1483,#1219,#1220);
#1069=AXIS2_PLACEMENT_3D('',#1488,#1222,#1223);
#1070=AXIS2_PLACEMENT_3D('',#1492,#1225,#1226);
#1071=AXIS2_PLACEMENT_3D('',#1494,#1227,#1228);
#1072=AXIS2_PLACEMENT_3D('',#1495,#1229,#1230);
#1073=AXIS2_PLACEMENT_3D('',#1498,#1233,#1234);
#1074=AXIS2_PLACEMENT_3D('',#1502,#1236,#1237);
#1075=AXIS2_PLACEMENT_3D('',#1503,#1238,#1239);
#1076=AXIS2_PLACEMENT_3D('',#1507,#1241,#1242);
#1077=AXIS2_PLACEMENT_3D('',#1511,#1244,#1245);
#1078=AXIS2_PLACEMENT_3D('',#1512,#1246,#1247);
#1079=AXIS2_PLACEMENT_3D('',#1516,#1249,#1250);
#1080=AXIS2_PLACEMENT_3D('',#1520,#1252,#1253);
#1081=AXIS2_PLACEMENT_3D('',#1521,#1254,#1255);
#1082=AXIS2_PLACEMENT_3D('',#1525,#1257,#1258);
#1083=AXIS2_PLACEMENT_3D('',#1529,#1260,#1261);
#1084=AXIS2_PLACEMENT_3D('',#1530,#1262,#1263);
#1085=AXIS2_PLACEMENT_3D('',#1534,#1265,#1266);
#1086=AXIS2_PLACEMENT_3D('',#1535,#1267,#1268);
#1087=AXIS2_PLACEMENT_3D('',#1543,#1270,#1271);
#1088=AXIS2_PLACEMENT_3D('',#1558,#1274,#1275);
#1089=AXIS2_PLACEMENT_3D('',#1573,#1278,#1279);
#1090=AXIS2_PLACEMENT_3D('',#1588,#1282,#1283);
#1091=AXIS2_PLACEMENT_3D('',#1596,#1285,#1286);
#1092=AXIS2_PLACEMENT_3D('',#1607,#1290,#1291);
#1093=AXIS2_PLACEMENT_3D('',#1615,#1293,#1294);
#1094=AXIS2_PLACEMENT_3D('',#1621,#1295,#1296);
#1095=AXIS2_PLACEMENT_3D('',#1630,#1299,#1300);
#1096=AXIS2_PLACEMENT_3D('',#1641,#1304,#1305);
#1097=AXIS2_PLACEMENT_3D('',#1652,#1309,#1310);
#1098=AXIS2_PLACEMENT_3D('',#1653,#1311,#1312);
#1099=AXIS2_PLACEMENT_3D('',#1664,#1313,#1314);
#1100=AXIS2_PLACEMENT_3D('',#1669,#1315,#1316);
#1101=AXIS2_PLACEMENT_3D('',#1670,#1317,#1318);
#1102=AXIS2_PLACEMENT_3D('',#1679,#1319,#1320);
#1103=AXIS2_PLACEMENT_3D('',#1684,#1321,#1322);
#1104=AXIS2_PLACEMENT_3D('',#1685,#1323,#1324);
#1105=AXIS2_PLACEMENT_3D('',#1690,#1325,#1326);
#1106=AXIS2_PLACEMENT_3D('',#1691,#1327,#1328);
#1107=AXIS2_PLACEMENT_3D('',#1700,#1329,#1330);
#1108=AXIS2_PLACEMENT_3D('',#1705,#1331,#1332);
#1109=AXIS2_PLACEMENT_3D('',#1706,#1333,#1334);
#1110=AXIS2_PLACEMENT_3D('',#1707,#1335,#1336);
#1111=AXIS2_PLACEMENT_3D('',#1722,#1339,#1340);
#1112=AXIS2_PLACEMENT_3D('',#1731,#1341,#1342);
#1113=AXIS2_PLACEMENT_3D('',#1740,#1345,#1346);
#1114=AXIS2_PLACEMENT_3D('',#1745,#1347,#1348);
#1115=AXIS2_PLACEMENT_3D('',#1746,#1349,#1350);
#1116=AXIS2_PLACEMENT_3D('',#1747,#1351,#1352);
#1117=AXIS2_PLACEMENT_3D('',#1755,#1354,#1355);
#1118=AXIS2_PLACEMENT_3D('',#1761,#1357,#1358);
#1119=AXIS2_PLACEMENT_3D('',#1772,#1362,#1363);
#1120=AXIS2_PLACEMENT_3D('',#1783,#1367,#1368);
#1121=AXIS2_PLACEMENT_3D('',#1789,#1369,#1370);
#1122=AXIS2_PLACEMENT_3D('',#1795,#1371,#1372);
#1123=AXIS2_PLACEMENT_3D('',#1800,#1373,#1374);
#1124=AXIS2_PLACEMENT_3D('',#1801,#1375,#1376);
#1125=AXIS2_PLACEMENT_3D('',#1810,#1377,#1378);
#1126=AXIS2_PLACEMENT_3D('',#1811,#1379,#1380);
#1127=AXIS2_PLACEMENT_3D('',#2080,#1381,#1382);
#1128=AXIS2_PLACEMENT_3D('',#2081,#1383,#1384);
#1129=AXIS2_PLACEMENT_3D('',#2082,#1385,#1386);
#1130=AXIS2_PLACEMENT_3D('',#2083,#1387,#1388);
#1131=AXIS2_PLACEMENT_3D('',#2084,#1389,#1390);
#1132=AXIS2_PLACEMENT_3D('',#2085,#1391,#1392);
#1133=AXIS2_PLACEMENT_3D('',#2086,#1393,#1394);
#1134=AXIS2_PLACEMENT_3D('',#2087,#1395,#1396);
#1135=DIRECTION('',(0.,0.,1.));
#1136=DIRECTION('',(1.,0.,0.));
#1137=DIRECTION('',(0.,1.,0.));
#1138=DIRECTION('',(0.,0.,1.));
#1139=DIRECTION('',(0.,1.,0.));
#1140=DIRECTION('',(0.,0.,1.));
#1141=DIRECTION('',(0.,1.,0.));
#1142=DIRECTION('',(-0.651368501184718,-0.707106781186547,-0.275170993501086));
#1143=DIRECTION('',(-0.651368501184717,0.707106781186548,-0.275170993501086));
#1144=DIRECTION('',(0.,1.,0.));
#1145=DIRECTION('',(0.,0.,1.));
#1146=DIRECTION('',(-0.275170993501086,0.707106781186547,-0.651368501184718));
#1147=DIRECTION('',(0.275170993501086,0.707106781186548,0.651368501184717));
#1148=DIRECTION('',(0.,1.,0.));
#1149=DIRECTION('',(0.,1.,0.));
#1150=DIRECTION('',(0.,0.,1.));
#1151=DIRECTION('',(0.,1.,0.));
#1152=DIRECTION('',(0.,0.,1.));
#1153=DIRECTION('',(0.,1.,0.));
#1154=DIRECTION('',(0.651368501184718,-0.707106781186547,0.275170993501086));
#1155=DIRECTION('',(0.651368501184717,0.707106781186548,0.275170993501086));
#1156=DIRECTION('',(0.,1.,0.));
#1157=DIRECTION('',(0.,0.,1.));
#1158=DIRECTION('',(0.275170993501086,0.707106781186547,0.651368501184718));
#1159=DIRECTION('',(-0.275170993501086,0.707106781186548,-0.651368501184717));
#1160=DIRECTION('',(0.,1.,0.));
#1161=DIRECTION('',(0.,1.,0.));
#1162=DIRECTION('',(0.,0.,1.));
#1163=DIRECTION('',(-0.651368501184718,0.707106781186547,0.275170993501086));
#1164=DIRECTION('',(0.651368501184717,0.707106781186548,-0.275170993501086));
#1165=DIRECTION('',(0.,1.,0.));
#1166=DIRECTION('',(0.,1.,0.));
#1167=DIRECTION('',(0.,0.,1.));
#1168=DIRECTION('',(0.,1.,0.));
#1169=DIRECTION('',(-0.275170993501086,-0.707106781186547,0.651368501184718));
#1170=DIRECTION('',(-0.275170993501086,0.707106781186548,0.651368501184717));
#1171=DIRECTION('',(0.,1.,0.));
#1172=DIRECTION('',(0.,0.,1.));
#1173=DIRECTION('',(0.,1.,0.));
#1174=DIRECTION('',(0.,0.,1.));
#1175=DIRECTION('',(0.,1.,0.));
#1176=DIRECTION('',(0.,1.,0.));
#1177=DIRECTION('',(0.,0.,1.));
#1178=DIRECTION('',(0.,1.,0.));
#1179=DIRECTION('',(0.,-1.,0.));
#1180=DIRECTION('',(0.,0.,1.));
#1181=DIRECTION('',(-0.903507902905252,0.,0.428571428571428));
#1182=DIRECTION('',(0.428571428571428,0.,0.903507902905252));
#1183=DIRECTION('',(-0.428571428571428,0.,-0.903507902905252));
#1184=DIRECTION('',(0.428571428571428,0.,0.903507902905252));
#1185=DIRECTION('',(0.,1.,0.));
#1186=DIRECTION('',(0.,1.,0.));
#1187=DIRECTION('',(0.,0.,1.));
#1188=DIRECTION('',(0.,-1.,0.));
#1189=DIRECTION('',(0.,0.,1.));
#1190=DIRECTION('',(0.,1.,0.));
#1191=DIRECTION('',(0.,0.,1.));
#1192=DIRECTION('',(0.,1.,0.));
#1193=DIRECTION('',(-0.903507902905252,0.,-0.428571428571427));
#1194=DIRECTION('',(-0.428571428571427,0.,0.903507902905252));
#1195=DIRECTION('',(0.,1.,0.));
#1196=DIRECTION('',(0.428571428571427,0.,-0.903507902905252));
#1197=DIRECTION('',(-0.428571428571427,0.,0.903507902905252));
#1198=DIRECTION('',(0.,1.,0.));
#1199=DIRECTION('',(0.,0.,1.));
#1200=DIRECTION('',(0.,1.,0.));
#1201=DIRECTION('',(0.,0.,1.));
#1202=DIRECTION('',(0.,1.,0.));
#1203=DIRECTION('',(0.,0.,1.));
#1204=DIRECTION('',(0.,1.,0.));
#1205=DIRECTION('',(0.903507902905252,0.,-0.428571428571428));
#1206=DIRECTION('',(-0.428571428571428,0.,-0.903507902905252));
#1207=DIRECTION('',(0.428571428571428,0.,0.903507902905252));
#1208=DIRECTION('',(-0.428571428571428,0.,-0.903507902905252));
#1209=DIRECTION('',(0.,1.,0.));
#1210=DIRECTION('',(0.,1.,0.));
#1211=DIRECTION('',(0.,0.,1.));
#1212=DIRECTION('',(0.,-1.,0.));
#1213=DIRECTION('',(0.,0.,1.));
#1214=DIRECTION('',(0.,1.,0.));
#1215=DIRECTION('',(0.,0.,1.));
#1216=DIRECTION('',(0.,1.,0.));
#1217=DIRECTION('',(0.,1.,0.));
#1218=DIRECTION('',(0.,0.,1.));
#1219=DIRECTION('',(0.651368501184718,0.707106781186547,-0.275170993501086));
#1220=DIRECTION('',(-0.651368501184717,0.707106781186548,0.275170993501086));
#1221=DIRECTION('',(0.,1.,0.));
#1222=DIRECTION('',(0.,1.,0.));
#1223=DIRECTION('',(0.,0.,1.));
#1224=DIRECTION('',(0.,1.,0.));
#1225=DIRECTION('',(0.275170993501086,-0.707106781186547,-0.651368501184718));
#1226=DIRECTION('',(0.275170993501086,0.707106781186548,-0.651368501184717));
#1227=DIRECTION('',(0.,1.,0.));
#1228=DIRECTION('',(0.,0.,1.));
#1229=DIRECTION('',(0.903507902905252,0.,0.428571428571428));
#1230=DIRECTION('',(0.428571428571428,0.,-0.903507902905252));
#1231=DIRECTION('',(-0.428571428571428,0.,0.903507902905252));
#1232=DIRECTION('',(0.428571428571428,0.,-0.903507902905252));
#1233=DIRECTION('',(0.,1.,0.));
#1234=DIRECTION('',(-1.,0.,0.));
#1235=DIRECTION('',(-0.389150550980915,0.,0.921174168478063));
#1236=DIRECTION('',(0.,1.,0.));
#1237=DIRECTION('',(0.,0.,1.));
#1238=DIRECTION('',(0.,1.,0.));
#1239=DIRECTION('',(0.,0.,1.));
#1240=DIRECTION('',(-0.921174168478063,0.,0.389150550980915));
#1241=DIRECTION('',(0.,1.,0.));
#1242=DIRECTION('',(0.,0.,1.));
#1243=DIRECTION('',(-0.921174168478063,0.,-0.389150550980915));
#1244=DIRECTION('',(0.,1.,0.));
#1245=DIRECTION('',(0.,0.,1.));
#1246=DIRECTION('',(0.,1.,0.));
#1247=DIRECTION('',(0.,0.,1.));
#1248=DIRECTION('',(-0.389150550980915,0.,-0.921174168478063));
#1249=DIRECTION('',(0.,-1.,0.));
#1250=DIRECTION('',(1.,0.,-6.12323399573677E-17));
#1251=DIRECTION('',(0.389150550980915,0.,-0.921174168478063));
#1252=DIRECTION('',(0.,1.,0.));
#1253=DIRECTION('',(0.,0.,1.));
#1254=DIRECTION('',(0.,1.,0.));
#1255=DIRECTION('',(0.,0.,1.));
#1256=DIRECTION('',(0.921174168478063,0.,-0.389150550980915));
#1257=DIRECTION('',(0.,1.,0.));
#1258=DIRECTION('',(0.,0.,1.));
#1259=DIRECTION('',(0.921174168478063,0.,0.389150550980915));
#1260=DIRECTION('',(0.,1.,0.));
#1261=DIRECTION('',(0.,0.,1.));
#1262=DIRECTION('',(0.,1.,0.));
#1263=DIRECTION('',(0.,0.,1.));
#1264=DIRECTION('',(0.389150550980915,0.,0.921174168478063));
#1265=DIRECTION('',(0.,-1.,0.));
#1266=DIRECTION('',(1.,0.,-6.12323399573677E-17));
#1267=DIRECTION('',(0.,1.,0.));
#1268=DIRECTION('',(1.,0.,0.));
#1269=DIRECTION('',(0.389150550980915,0.,-0.921174168478063));
#1270=DIRECTION('',(0.,-1.,0.));
#1271=DIRECTION('',(1.,0.,-6.12323399573677E-17));
#1272=DIRECTION('',(0.389150550980915,0.,0.921174168478063));
#1273=DIRECTION('',(0.921174168478063,0.,0.389150550980915));
#1274=DIRECTION('',(0.,1.,0.));
#1275=DIRECTION('',(0.,0.,1.));
#1276=DIRECTION('',(-0.921174168478063,0.,0.389150550980915));
#1277=DIRECTION('',(-0.389150550980915,0.,0.921174168478063));
#1278=DIRECTION('',(0.,-1.,0.));
#1279=DIRECTION('',(1.,0.,-6.12323399573677E-17));
#1280=DIRECTION('',(-0.389150550980915,0.,-0.921174168478063));
#1281=DIRECTION('',(-0.921174168478063,0.,-0.389150550980915));
#1282=DIRECTION('',(0.,1.,0.));
#1283=DIRECTION('',(0.,0.,1.));
#1284=DIRECTION('',(0.921174168478063,0.,-0.389150550980915));
#1285=DIRECTION('',(-0.389150550980915,0.,0.921174168478063));
#1286=DIRECTION('',(0.921174168478063,0.,0.389150550980915));
#1287=DIRECTION('',(-0.921174168478063,0.,-0.389150550980915));
#1288=DIRECTION('',(0.,-1.,0.));
#1289=DIRECTION('',(0.,1.,0.));
#1290=DIRECTION('',(0.,1.,0.));
#1291=DIRECTION('',(0.,0.,1.));
#1292=DIRECTION('',(0.,1.,0.));
#1293=DIRECTION('',(0.,1.,0.));
#1294=DIRECTION('',(0.,0.,1.));
#1295=DIRECTION('',(0.389150550980915,0.,0.921174168478063));
#1296=DIRECTION('',(0.921174168478063,0.,-0.389150550980915));
#1297=DIRECTION('',(0.,1.,0.));
#1298=DIRECTION('',(0.921174168478063,0.,-0.389150550980915));
#1299=DIRECTION('',(-0.389150550980915,0.,-0.921174168478063));
#1300=DIRECTION('',(-0.921174168478063,0.,0.389150550980915));
#1301=DIRECTION('',(0.,1.,0.));
#1302=DIRECTION('',(-0.921174168478063,0.,0.389150550980915));
#1303=DIRECTION('',(0.,1.,0.));
#1304=DIRECTION('',(0.389150550980915,0.,-0.921174168478063));
#1305=DIRECTION('',(-0.921174168478063,0.,-0.389150550980915));
#1306=DIRECTION('',(0.921174168478063,0.,0.389150550980915));
#1307=DIRECTION('',(0.,-1.,0.));
#1308=DIRECTION('',(0.,1.,0.));
#1309=DIRECTION('',(0.,1.,0.));
#1310=DIRECTION('',(0.,0.,1.));
#1311=DIRECTION('',(0.,1.,0.));
#1312=DIRECTION('',(0.,0.,1.));
#1313=DIRECTION('',(0.275170993501086,-0.707106781186547,-0.651368501184718));
#1314=DIRECTION('',(0.921174168478063,0.,0.389150550980915));
#1315=DIRECTION('',(0.275170993501086,-0.707106781186547,-0.651368501184718));
#1316=DIRECTION('',(0.275170993501086,0.707106781186548,-0.651368501184717));
#1317=DIRECTION('',(0.,-1.,0.));
#1318=DIRECTION('',(0.,0.,-1.));
#1319=DIRECTION('',(-0.275170993501086,0.707106781186547,-0.651368501184718));
#1320=DIRECTION('',(-0.921174168478063,0.,0.389150550980915));
#1321=DIRECTION('',(-0.275170993501086,0.707106781186547,-0.651368501184718));
#1322=DIRECTION('',(0.275170993501086,0.707106781186548,0.651368501184717));
#1323=DIRECTION('',(-0.275170993501086,-0.707106781186547,0.651368501184718));
#1324=DIRECTION('',(-0.921174168478063,0.,-0.389150550980915));
#1325=DIRECTION('',(-0.275170993501086,-0.707106781186547,0.651368501184718));
#1326=DIRECTION('',(-0.275170993501086,0.707106781186548,0.651368501184717));
#1327=DIRECTION('',(0.,-1.,0.));
#1328=DIRECTION('',(0.,0.,-1.));
#1329=DIRECTION('',(0.275170993501086,0.707106781186547,0.651368501184718));
#1330=DIRECTION('',(0.921174168478063,0.,-0.389150550980915));
#1331=DIRECTION('',(0.275170993501086,0.707106781186547,0.651368501184718));
#1332=DIRECTION('',(-0.275170993501086,0.707106781186548,-0.651368501184717));
#1333=DIRECTION('',(0.,1.,0.));
#1334=DIRECTION('',(1.,0.,-6.12323399573677E-17));
#1335=DIRECTION('',(0.,-1.,0.));
#1336=DIRECTION('',(1.,0.,-6.12323399573677E-17));
#1337=DIRECTION('',(0.,1.,0.));
#1338=DIRECTION('',(0.,1.,0.));
#1339=DIRECTION('',(0.,-1.,0.));
#1340=DIRECTION('',(-1.,0.,6.12323399573677E-17));
#1341=DIRECTION('',(0.921174168478063,0.,-0.389150550980915));
#1342=DIRECTION('',(0.389150550980915,0.,0.921174168478063));
#1343=DIRECTION('',(0.,-1.,0.));
#1344=DIRECTION('',(-0.389150550980915,0.,-0.921174168478063));
#1345=DIRECTION('',(-0.651368501184718,-0.707106781186547,0.275170993501086));
#1346=DIRECTION('',(0.389150550980915,0.,0.921174168478063));
#1347=DIRECTION('',(-0.651368501184718,-0.707106781186547,0.275170993501086));
#1348=DIRECTION('',(-0.651368501184717,0.707106781186548,0.275170993501086));
#1349=DIRECTION('',(-0.651368501184718,0.707106781186547,-0.275170993501086));
#1350=DIRECTION('',(0.389150550980915,0.,-0.921174168478063));
#1351=DIRECTION('',(-0.651368501184718,0.707106781186547,-0.275170993501086));
#1352=DIRECTION('',(0.651368501184717,0.707106781186548,0.275170993501086));
#1353=DIRECTION('',(-0.389150550980915,0.,0.921174168478063));
#1354=DIRECTION('',(0.921174168478063,0.,0.389150550980915));
#1355=DIRECTION('',(-0.389150550980915,0.,0.921174168478063));
#1356=DIRECTION('',(0.,1.,0.));
#1357=DIRECTION('',(-0.921174168478063,0.,-0.389150550980915));
#1358=DIRECTION('',(0.389150550980915,0.,-0.921174168478063));
#1359=DIRECTION('',(0.389150550980915,0.,-0.921174168478063));
#1360=DIRECTION('',(0.,1.,0.));
#1361=DIRECTION('',(0.,1.,0.));
#1362=DIRECTION('',(-0.921174168478063,0.,0.389150550980915));
#1363=DIRECTION('',(-0.389150550980915,0.,-0.921174168478063));
#1364=DIRECTION('',(0.,-1.,0.));
#1365=DIRECTION('',(0.389150550980915,0.,0.921174168478063));
#1366=DIRECTION('',(0.,1.,0.));
#1367=DIRECTION('',(0.,1.,0.));
#1368=DIRECTION('',(1.,0.,-6.12323399573677E-17));
#1369=DIRECTION('',(0.,-1.,0.));
#1370=DIRECTION('',(1.,0.,-6.12323399573677E-17));
#1371=DIRECTION('',(0.651368501184718,-0.707106781186547,-0.275170993501086));
#1372=DIRECTION('',(-0.389150550980915,0.,-0.921174168478063));
#1373=DIRECTION('',(0.651368501184718,-0.707106781186547,-0.275170993501086));
#1374=DIRECTION('',(0.651368501184717,0.707106781186548,-0.275170993501086));
#1375=DIRECTION('',(0.,-1.,0.));
#1376=DIRECTION('',(-1.,0.,6.12323399573677E-17));
#1377=DIRECTION('',(0.651368501184718,0.707106781186547,0.275170993501086));
#1378=DIRECTION('',(-0.389150550980915,0.,0.921174168478063));
#1379=DIRECTION('',(0.651368501184718,0.707106781186547,0.275170993501086));
#1380=DIRECTION('',(-0.651368501184717,0.707106781186548,-0.275170993501086));
#1381=DIRECTION('',(0.,1.,0.));
#1382=DIRECTION('',(0.,0.,1.));
#1383=DIRECTION('',(0.,1.,0.));
#1384=DIRECTION('',(0.,0.,1.));
#1385=DIRECTION('',(0.,1.,0.));
#1386=DIRECTION('',(0.,0.,1.));
#1387=DIRECTION('',(0.,1.,0.));
#1388=DIRECTION('',(0.,0.,1.));
#1389=DIRECTION('',(0.,1.,0.));
#1390=DIRECTION('',(0.,0.,1.));
#1391=DIRECTION('',(0.,1.,0.));
#1392=DIRECTION('',(0.,0.,1.));
#1393=DIRECTION('',(0.,1.,0.));
#1394=DIRECTION('',(0.,0.,1.));
#1395=DIRECTION('',(0.,1.,0.));
#1396=DIRECTION('',(0.,0.,1.));
#1397=CARTESIAN_POINT('',(0.,0.,0.));
#1398=CARTESIAN_POINT('',(-8.67361737988404E-19,0.0773,-1.7347234759768E-18));
#1399=CARTESIAN_POINT('',(-8.67361737988404E-19,0.0773,-1.7347234759768E-18));
#1400=CARTESIAN_POINT('',(0.0108143236557356,0.0773,-0.00721459658393985));
#1401=CARTESIAN_POINT('',(0.00721459658393985,0.0773,-0.0108143236557356));
#1402=CARTESIAN_POINT('',(0.00721459658393985,0.0773,-0.0108143236557356));
#1403=CARTESIAN_POINT('',(0.00721459658393985,0.0778625,-0.0108143236557356));
#1404=CARTESIAN_POINT('',(0.,0.0803,-1.52293753077234E-18));
#1405=CARTESIAN_POINT('',(0.00112882980397262,0.0843,-0.0129508973926004));
#1406=CARTESIAN_POINT('',(-8.67361737988404E-19,0.0843,-1.7347234759768E-18));
#1407=CARTESIAN_POINT('',(0.0129508973926004,0.0843,-0.00112882980397262));
#1408=CARTESIAN_POINT('',(-8.67361737988404E-19,0.0803,-1.7347234759768E-18));
#1409=CARTESIAN_POINT('',(0.0108143236557356,0.0778625,-0.00721459658393985));
#1410=CARTESIAN_POINT('',(0.0108143236557356,0.0773,-0.00721459658393985));
#1411=CARTESIAN_POINT('',(-8.67361737988404E-19,0.0773,-1.7347234759768E-18));
#1412=CARTESIAN_POINT('',(-8.67361737988404E-19,0.0773,-1.7347234759768E-18));
#1413=CARTESIAN_POINT('',(-0.0108143236557356,0.0773,0.00721459658393985));
#1414=CARTESIAN_POINT('',(-0.00721459658393985,0.0773,0.0108143236557356));
#1415=CARTESIAN_POINT('',(-0.00721459658393985,0.0773,0.0108143236557356));
#1416=CARTESIAN_POINT('',(-0.00721459658393985,0.0778625,0.0108143236557356));
#1417=CARTESIAN_POINT('',(0.,0.0803,-1.52293753077234E-18));
#1418=CARTESIAN_POINT('',(-0.00112882980397261,0.0843,0.0129508973926004));
#1419=CARTESIAN_POINT('',(-8.67361737988404E-19,0.0843,-1.7347234759768E-18));
#1420=CARTESIAN_POINT('',(-0.0129508973926004,0.0843,0.00112882980397262));
#1421=CARTESIAN_POINT('',(-8.67361737988404E-19,0.0803,-1.7347234759768E-18));
#1422=CARTESIAN_POINT('',(-0.0108143236557356,0.0778625,0.00721459658393985));
#1423=CARTESIAN_POINT('',(-0.0108143236557356,0.0773,0.00721459658393985));
#1424=CARTESIAN_POINT('',(-8.67361737988404E-19,0.0773,-1.7347234759768E-18));
#1425=CARTESIAN_POINT('',(0.,0.0803,-1.52293753077234E-18));
#1426=CARTESIAN_POINT('',(-0.00721459658393985,0.0778625,-0.0108143236557356));
#1427=CARTESIAN_POINT('',(-0.00112882980397262,0.0843,-0.0129508973926004));
#1428=CARTESIAN_POINT('',(-0.00721459658393986,0.0773,-0.0108143236557356));
#1429=CARTESIAN_POINT('',(-0.00721459658393985,0.0773,-0.0108143236557356));
#1430=CARTESIAN_POINT('',(-8.67361737988404E-19,0.0773,-1.7347234759768E-18));
#1431=CARTESIAN_POINT('',(-0.0108143236557356,0.0773,-0.00721459658393985));
#1432=CARTESIAN_POINT('',(-0.0108143236557356,0.0773,-0.00721459658393985));
#1433=CARTESIAN_POINT('',(-0.0108143236557356,0.0778625,-0.00721459658393985));
#1434=CARTESIAN_POINT('',(-8.67361737988404E-19,0.0803,-1.7347234759768E-18));
#1435=CARTESIAN_POINT('',(-0.0129508973926004,0.0843,-0.00112882980397262));
#1436=CARTESIAN_POINT('',(-8.67361737988404E-19,0.0843,-1.7347234759768E-18));
#1437=CARTESIAN_POINT('',(0.,0.0773,5.51091059616309E-19));
#1438=CARTESIAN_POINT('',(0.00385714285714285,0.0773,0.00813157112614727));
#1439=CARTESIAN_POINT('',(0.00385714285714285,0.0773,0.00813157112614727));
#1440=CARTESIAN_POINT('',(0.00385714285714285,0.0843,0.00813157112614727));
#1441=CARTESIAN_POINT('',(0.,0.0843,5.51091059616309E-19));
#1442=CARTESIAN_POINT('',(0.00385714285714285,0.0843,-0.00813157112614726));
#1443=CARTESIAN_POINT('',(0.00385714285714285,0.0773,-0.00813157112614726));
#1444=CARTESIAN_POINT('',(0.00385714285714285,0.0773,-0.00813157112614726));
#1445=CARTESIAN_POINT('',(0.,0.0773,5.51091059616309E-19));
#1446=CARTESIAN_POINT('',(0.00342857142857142,0.0773,0.00722806322324201));
#1447=CARTESIAN_POINT('',(0.00342857142857142,0.0843,0.00722806322324201));
#1448=CARTESIAN_POINT('',(0.003,0.0843,0.00632455532033676));
#1449=CARTESIAN_POINT('',(0.00342857142857142,0.0773,0.00722806322324201));
#1450=CARTESIAN_POINT('',(0.003,0.0773,0.00632455532033676));
#1451=CARTESIAN_POINT('',(0.003,0.0773,0.00632455532033676));
#1452=CARTESIAN_POINT('',(0.,0.0773,1.7347234759768E-18));
#1453=CARTESIAN_POINT('',(0.,0.0843,4.28626379701574E-19));
#1454=CARTESIAN_POINT('',(-0.003,0.0843,0.00632455532033676));
#1455=CARTESIAN_POINT('',(0.,0.0773,1.7347234759768E-18));
#1456=CARTESIAN_POINT('',(-0.003,0.0773,0.00632455532033676));
#1457=CARTESIAN_POINT('',(-0.003,0.0773,0.00632455532033676));
#1458=CARTESIAN_POINT('',(-0.00342857142857142,0.0773,0.00722806322324201));
#1459=CARTESIAN_POINT('',(-0.00385714285714285,0.0773,0.00813157112614727));
#1460=CARTESIAN_POINT('',(-0.00385714285714285,0.0773,0.00813157112614727));
#1461=CARTESIAN_POINT('',(-0.00385714285714285,0.0843,0.00813157112614727));
#1462=CARTESIAN_POINT('',(-0.00342857142857142,0.0843,0.00722806322324201));
#1463=CARTESIAN_POINT('',(-0.00342857142857142,0.0773,0.00722806322324201));
#1464=CARTESIAN_POINT('',(1.0842021724855E-18,0.0773,-1.7347234759768E-18));
#1465=CARTESIAN_POINT('',(1.0842021724855E-18,0.0843,-1.7347234759768E-18));
#1466=CARTESIAN_POINT('',(-0.00385714285714285,0.0843,-0.00813157112614727));
#1467=CARTESIAN_POINT('',(1.0842021724855E-18,0.0773,-1.7347234759768E-18));
#1468=CARTESIAN_POINT('',(-0.00385714285714285,0.0773,-0.00813157112614727));
#1469=CARTESIAN_POINT('',(-0.00385714285714285,0.0773,-0.00813157112614727));
#1470=CARTESIAN_POINT('',(-0.00342857142857142,0.0773,-0.00722806322324201));
#1471=CARTESIAN_POINT('',(-0.00342857142857142,0.0843,-0.00722806322324201));
#1472=CARTESIAN_POINT('',(-0.003,0.0843,-0.00632455532033676));
#1473=CARTESIAN_POINT('',(-0.00342857142857142,0.0773,-0.00722806322324201));
#1474=CARTESIAN_POINT('',(-0.003,0.0773,-0.00632455532033676));
#1475=CARTESIAN_POINT('',(-0.003,0.0773,-0.00632455532033676));
#1476=CARTESIAN_POINT('',(-6.50521303491303E-19,0.0773,-1.3010426069826E-18));
#1477=CARTESIAN_POINT('',(0.,0.0843,4.28626379701574E-19));
#1478=CARTESIAN_POINT('',(0.003,0.0843,-0.00632455532033676));
#1479=CARTESIAN_POINT('',(-6.50521303491303E-19,0.0773,-1.3010426069826E-18));
#1480=CARTESIAN_POINT('',(0.003,0.0773,-0.00632455532033676));
#1481=CARTESIAN_POINT('',(0.003,0.0773,-0.00632455532033676));
#1482=CARTESIAN_POINT('',(-8.67361737988404E-19,0.0773,-1.7347234759768E-18));
#1483=CARTESIAN_POINT('',(0.,0.0803,-1.52293753077234E-18));
#1484=CARTESIAN_POINT('',(0.00721459658393985,0.0778625,0.0108143236557356));
#1485=CARTESIAN_POINT('',(0.00112882980397262,0.0843,0.0129508973926004));
#1486=CARTESIAN_POINT('',(0.00721459658393985,0.0773,0.0108143236557356));
#1487=CARTESIAN_POINT('',(0.00721459658393985,0.0773,0.0108143236557356));
#1488=CARTESIAN_POINT('',(-8.67361737988404E-19,0.0773,-1.7347234759768E-18));
#1489=CARTESIAN_POINT('',(0.0108143236557356,0.0773,0.00721459658393985));
#1490=CARTESIAN_POINT('',(0.0108143236557356,0.0773,0.00721459658393985));
#1491=CARTESIAN_POINT('',(0.0108143236557356,0.0778625,0.00721459658393985));
#1492=CARTESIAN_POINT('',(-8.67361737988404E-19,0.0803,-1.7347234759768E-18));
#1493=CARTESIAN_POINT('',(0.0129508973926004,0.0843,0.00112882980397261));
#1494=CARTESIAN_POINT('',(-8.67361737988404E-19,0.0843,-1.7347234759768E-18));
#1495=CARTESIAN_POINT('',(0.00342857142857142,0.0773,-0.00722806322324201));
#1496=CARTESIAN_POINT('',(0.00342857142857142,0.0843,-0.00722806322324201));
#1497=CARTESIAN_POINT('',(0.00342857142857142,0.0773,-0.00722806322324201));
#1498=CARTESIAN_POINT('',(0.,0.0773,0.));
#1499=CARTESIAN_POINT('',(-0.00739386046863738,0.0773,0.0175023092010832));
#1500=CARTESIAN_POINT('',(-0.00611598098249178,0.0773,0.014477388460002));
#1501=CARTESIAN_POINT('',(-0.00972876377452287,0.0773,0.0230293542119516));
#1502=CARTESIAN_POINT('',(-0.00887950348792597,0.0773,0.0133099368070592));
#1503=CARTESIAN_POINT('',(-0.0133099368070592,0.0773,0.00887950348792597));
#1504=CARTESIAN_POINT('',(-0.014477388460002,0.0773,0.00611598098249178));
#1505=CARTESIAN_POINT('',(-0.0175023092010832,0.0773,0.00739386046863738));
#1506=CARTESIAN_POINT('',(-0.0230293542119516,0.0773,0.00972876377452288));
#1507=CARTESIAN_POINT('',(-9.54097911787244E-17,0.0773,1.05696461967811E-30));
#1508=CARTESIAN_POINT('',(-0.0230293542119516,0.0773,-0.00972876377452288));
#1509=CARTESIAN_POINT('',(-0.0175023092010832,0.0773,-0.00739386046863738));
#1510=CARTESIAN_POINT('',(-0.014477388460002,0.0773,-0.00611598098249178));
#1511=CARTESIAN_POINT('',(-0.0133099368070592,0.0773,-0.00887950348792597));
#1512=CARTESIAN_POINT('',(-0.00887950348792597,0.0773,-0.0133099368070592));
#1513=CARTESIAN_POINT('',(-0.00611598098249178,0.0773,-0.014477388460002));
#1514=CARTESIAN_POINT('',(-0.00739386046863738,0.0773,-0.0175023092010832));
#1515=CARTESIAN_POINT('',(-0.00972876377452288,0.0773,-0.0230293542119516));
#1516=CARTESIAN_POINT('',(1.73472347597786E-18,0.0773,-9.60653669715083E-17));
#1517=CARTESIAN_POINT('',(0.00972876377452288,0.0773,-0.0230293542119516));
#1518=CARTESIAN_POINT('',(0.00739386046863738,0.0773,-0.0175023092010832));
#1519=CARTESIAN_POINT('',(0.00611598098249178,0.0773,-0.014477388460002));
#1520=CARTESIAN_POINT('',(0.00887950348792597,0.0773,-0.0133099368070592));
#1521=CARTESIAN_POINT('',(0.0133099368070592,0.0773,-0.00887950348792597));
#1522=CARTESIAN_POINT('',(0.014477388460002,0.0773,-0.00611598098249178));
#1523=CARTESIAN_POINT('',(0.0175023092010832,0.0773,-0.00739386046863738));
#1524=CARTESIAN_POINT('',(0.0230293542119516,0.0773,-0.00972876377452287));
#1525=CARTESIAN_POINT('',(5.20417042793042E-18,0.0773,-4.33680868994202E-18));
#1526=CARTESIAN_POINT('',(0.0230293542119516,0.0773,0.00972876377452287));
#1527=CARTESIAN_POINT('',(0.0175023092010832,0.0773,0.00739386046863738));
#1528=CARTESIAN_POINT('',(0.014477388460002,0.0773,0.00611598098249178));
#1529=CARTESIAN_POINT('',(0.0133099368070592,0.0773,0.00887950348792597));
#1530=CARTESIAN_POINT('',(0.00887950348792597,0.0773,0.0133099368070592));
#1531=CARTESIAN_POINT('',(0.00611598098249178,0.0773,0.014477388460002));
#1532=CARTESIAN_POINT('',(0.00739386046863738,0.0773,0.0175023092010832));
#1533=CARTESIAN_POINT('',(0.00972876377452288,0.0773,0.0230293542119516));
#1534=CARTESIAN_POINT('',(-2.60208521396521E-18,0.0773,4.54859463514649E-18));
#1535=CARTESIAN_POINT('',(0.,0.0843,0.));
#1536=CARTESIAN_POINT('',(-0.00137426048883964,0.0843,0.0135318663941385));
#1537=CARTESIAN_POINT('',(-0.00281618792533044,0.0843,0.0169451117408739));
#1538=CARTESIAN_POINT('',(-0.00281618792496224,0.0843,0.0169451117410294));
#1539=CARTESIAN_POINT('',(-0.00192685525883882,0.0843,0.0182965733491928));
#1540=CARTESIAN_POINT('',(-0.00103752259271541,0.0843,0.0196480349573563));
#1541=CARTESIAN_POINT('',(-0.000148189926591991,0.0843,0.0209994965655197));
#1542=CARTESIAN_POINT('',(-0.000148182982264551,0.084300002216634,0.0209994813306586));
#1543=CARTESIAN_POINT('',(-2.60208521396521E-18,0.0843,4.54859463514649E-18));
#1544=CARTESIAN_POINT('',(0.00014500915240733,0.0843,0.0209994993736002));
#1545=CARTESIAN_POINT('',(0.000148127483943045,0.0843,0.020999591455552));
#1546=CARTESIAN_POINT('',(0.00103748096428468,0.0843,0.0196480982173822));
#1547=CARTESIAN_POINT('',(0.00192683444462631,0.0843,0.0182966049792125));
#1548=CARTESIAN_POINT('',(0.00281618792496795,0.0843,0.0169451117410428));
#1549=CARTESIAN_POINT('',(0.00281618792533611,0.0843,0.0169451117408873));
#1550=CARTESIAN_POINT('',(-0.00368469667391225,0.0843,0.00155660220392366));
#1551=CARTESIAN_POINT('',(0.00155660220392366,0.0843,-0.00368469667391225));
#1552=CARTESIAN_POINT('',(0.0169451117408643,0.0843,0.00281618792532638));
#1553=CARTESIAN_POINT('',(0.0169451117410198,0.0843,0.00281618792495824));
#1554=CARTESIAN_POINT('',(0.0182965733491865,0.0843,0.00192685525883847));
#1555=CARTESIAN_POINT('',(0.0196480349573532,0.0843,0.0010375225927187));
#1556=CARTESIAN_POINT('',(0.0209994965655199,0.0843,0.000148189926598925));
#1557=CARTESIAN_POINT('',(0.0209994813306586,0.084300002216634,0.000148182982271383));
#1558=CARTESIAN_POINT('',(5.20417042793042E-18,0.0843,-4.33680868994202E-18));
#1559=CARTESIAN_POINT('',(0.0209994993735969,0.0843,-0.000145009152889772));
#1560=CARTESIAN_POINT('',(0.020999591455538,0.0843,-0.000148127483975649));
#1561=CARTESIAN_POINT('',(0.0196480982173677,0.0843,-0.00103748096430422));
#1562=CARTESIAN_POINT('',(0.0182966049791975,0.0843,-0.00192683444463279));
#1563=CARTESIAN_POINT('',(0.0169451117410272,0.0843,-0.00281618792496136));
#1564=CARTESIAN_POINT('',(0.0169451117408717,0.0843,-0.00281618792532951));
#1565=CARTESIAN_POINT('',(0.0135318663941385,0.0843,-0.00137426048883964));
#1566=CARTESIAN_POINT('',(0.00137426048883964,0.0843,-0.0135318663941385));
#1567=CARTESIAN_POINT('',(0.00281618792532976,0.0843,-0.0169451117408723));
#1568=CARTESIAN_POINT('',(0.00281618792496155,0.0843,-0.0169451117410278));
#1569=CARTESIAN_POINT('',(0.00192685525883713,0.0843,-0.0182965733491917));
#1570=CARTESIAN_POINT('',(0.00103752259271271,0.0843,-0.0196480349573557));
#1571=CARTESIAN_POINT('',(0.000148189926588293,0.0843,-0.0209994965655196));
#1572=CARTESIAN_POINT('',(0.000148182982260964,0.084300002216634,-0.0209994813306586));
#1573=CARTESIAN_POINT('',(1.73472347597786E-18,0.0843,-9.60653669715083E-17));
#1574=CARTESIAN_POINT('',(-0.000145009152838546,0.0843,-0.0209994993735973));
#1575=CARTESIAN_POINT('',(-0.000148127483976196,0.0843,-0.0209995914555394));
#1576=CARTESIAN_POINT('',(-0.00103748096430373,0.0843,-0.0196480982173666));
#1577=CARTESIAN_POINT('',(-0.00192683444463127,0.0843,-0.0182966049791939));
#1578=CARTESIAN_POINT('',(-0.00281618792495881,0.0843,-0.0169451117410211));
#1579=CARTESIAN_POINT('',(-0.00281618792532696,0.0843,-0.0169451117408656));
#1580=CARTESIAN_POINT('',(0.00368469667391225,0.0843,-0.00155660220392366));
#1581=CARTESIAN_POINT('',(-0.00155660220392366,0.0843,0.00368469667391225));
#1582=CARTESIAN_POINT('',(-0.0169451117408712,0.0843,-0.0028161879253293));
#1583=CARTESIAN_POINT('',(-0.0169451117410267,0.0843,-0.00281618792496116));
#1584=CARTESIAN_POINT('',(-0.0182965733491909,0.0843,-0.0019268552588332));
#1585=CARTESIAN_POINT('',(-0.0196480349573552,0.0843,-0.00103752259270525));
#1586=CARTESIAN_POINT('',(-0.0209994965655194,0.0843,-0.0001481899265773));
#1587=CARTESIAN_POINT('',(-0.0209994813306587,0.0843000022166339,-0.000148182982250083));
#1588=CARTESIAN_POINT('',(-9.54097911787244E-17,0.0843,1.05696461967811E-30));
#1589=CARTESIAN_POINT('',(-0.0209994993735969,0.0843,0.000145009152886712));
#1590=CARTESIAN_POINT('',(-0.0209995914555379,0.0843,0.000148127483979747));
#1591=CARTESIAN_POINT('',(-0.0196480982173721,0.0843,0.00103748096430882));
#1592=CARTESIAN_POINT('',(-0.0182966049792064,0.0843,0.0019268344446379));
#1593=CARTESIAN_POINT('',(-0.0169451117410406,0.0843,0.00281618792496698));
#1594=CARTESIAN_POINT('',(-0.0169451117408851,0.0843,0.00281618792533519));
#1595=CARTESIAN_POINT('',(-0.0135318663941385,0.0843,0.00137426048883964));
#1596=CARTESIAN_POINT('',(0.0175023092010832,0.0773,0.00739386046863738));
#1597=CARTESIAN_POINT('',(0.0175023092010832,0.0803,0.00739386046863738));
#1598=CARTESIAN_POINT('',(0.0197227801260527,0.0803,0.00833189967279421));
#1599=CARTESIAN_POINT('',(0.014477388460002,0.0803,0.00611598098249178));
#1600=CARTESIAN_POINT('',(0.014477388460002,0.0773,0.00611598098249178));
#1601=CARTESIAN_POINT('',(0.0230293542119516,0.0773,0.00972876377452287));
#1602=CARTESIAN_POINT('',(0.0230293542119516,0.0784545875743503,0.00972876377452287));
#1603=CARTESIAN_POINT('',(0.0230293542119516,0.0784545875743503,0.00972876377452287));
#1604=CARTESIAN_POINT('',(0.0220857023260664,0.0789684121579397,0.00933011749904913));
#1605=CARTESIAN_POINT('',(0.0209835109644792,0.0795835496317082,0.00886449613196639));
#1606=CARTESIAN_POINT('',(0.01972278012719,0.0802999999956556,0.00833189967327467));
#1607=CARTESIAN_POINT('',(5.20417042793042E-18,0.0773,-4.33680868994202E-18));
#1608=CARTESIAN_POINT('',(0.0230293542119516,0.0773,-0.00972876377452287));
#1609=CARTESIAN_POINT('',(0.0230293542119516,0.0784545875743484,-0.00972876377452287));
#1610=CARTESIAN_POINT('',(0.0230293542119516,0.0784545875743484,-0.00972876377452284));
#1611=CARTESIAN_POINT('',(0.0233151253931537,0.0787976281220665,-0.00905230313594649));
#1612=CARTESIAN_POINT('',(0.02380530512503,0.0794132305820728,-0.0078546223539308));
#1613=CARTESIAN_POINT('',(0.0242521277127598,0.0803013949543673,-0.0060691269062354));
#1614=CARTESIAN_POINT('',(0.0242511083737899,0.0803009889225106,-0.00606912896258585));
#1615=CARTESIAN_POINT('',(5.20417042793042E-18,0.0803,-4.33680868994202E-18));
#1616=CARTESIAN_POINT('',(0.0242508806320409,0.0802995078211702,0.00607410804694149));
#1617=CARTESIAN_POINT('',(0.0242508620539618,0.0802988802152145,0.00607418221983122));
#1618=CARTESIAN_POINT('',(0.0238044411068937,0.079412257174957,0.00785649503389272));
#1619=CARTESIAN_POINT('',(0.023315012797013,0.0787974929613356,0.00905256966687139));
#1620=CARTESIAN_POINT('',(0.0230293542119516,0.0784545875743503,0.00972876377452289));
#1621=CARTESIAN_POINT('',(0.0175023092010832,0.0773,-0.00739386046863738));
#1622=CARTESIAN_POINT('',(0.014477388460002,0.0773,-0.00611598098249178));
#1623=CARTESIAN_POINT('',(0.014477388460002,0.0803,-0.00611598098249178));
#1624=CARTESIAN_POINT('',(0.0230293542119516,0.0803,-0.00972876377452287));
#1625=CARTESIAN_POINT('',(0.0197227801271899,0.0803,-0.00833189967327462));
#1626=CARTESIAN_POINT('',(0.0197227801271899,0.0802999999956556,-0.00833189967327462));
#1627=CARTESIAN_POINT('',(0.020983510964376,0.0795835496317657,-0.0088644961319228));
#1628=CARTESIAN_POINT('',(0.0220857023259632,0.0789684121579966,-0.00933011749900555));
#1629=CARTESIAN_POINT('',(0.0230293542119516,0.0784545875743484,-0.00972876377452287));
#1630=CARTESIAN_POINT('',(-0.0175023092010832,0.0773,0.00739386046863738));
#1631=CARTESIAN_POINT('',(-0.014477388460002,0.0773,0.00611598098249178));
#1632=CARTESIAN_POINT('',(-0.014477388460002,0.0803,0.00611598098249178));
#1633=CARTESIAN_POINT('',(-0.0230293542119516,0.0803,0.00972876377452287));
#1634=CARTESIAN_POINT('',(-0.01972278012719,0.0803,0.00833189967327468));
#1635=CARTESIAN_POINT('',(-0.0197227801271901,0.0802999999956556,0.00833189967327468));
#1636=CARTESIAN_POINT('',(-0.0209835109640991,0.0795835496319244,0.00886449613180581));
#1637=CARTESIAN_POINT('',(-0.0220857023256863,0.0789684121581529,0.00933011749888854));
#1638=CARTESIAN_POINT('',(-0.0230293542119516,0.0784545875743413,0.00972876377452287));
#1639=CARTESIAN_POINT('',(-0.0230293542119516,0.0784545875743413,0.00972876377452288));
#1640=CARTESIAN_POINT('',(-0.0230293542119516,0.0773,0.00972876377452288));
#1641=CARTESIAN_POINT('',(-0.0175023092010832,0.0773,-0.00739386046863738));
#1642=CARTESIAN_POINT('',(-0.0175023092010832,0.0803,-0.00739386046863738));
#1643=CARTESIAN_POINT('',(-0.0197227801260525,0.0803,-0.00833189967279412));
#1644=CARTESIAN_POINT('',(-0.014477388460002,0.0803,-0.00611598098249178));
#1645=CARTESIAN_POINT('',(-0.014477388460002,0.0773,-0.00611598098249178));
#1646=CARTESIAN_POINT('',(-0.0230293542119516,0.0773,-0.00972876377452288));
#1647=CARTESIAN_POINT('',(-0.0230293542119516,0.0784545875743454,-0.00972876377452288));
#1648=CARTESIAN_POINT('',(-0.0230293542119516,0.0784545875743454,-0.00972876377452287));
#1649=CARTESIAN_POINT('',(-0.022085702325773,0.0789684121581025,-0.0093301174989252));
#1650=CARTESIAN_POINT('',(-0.0209835109641858,0.0795835496318726,-0.00886449613184243));
#1651=CARTESIAN_POINT('',(-0.0197227801271898,0.0802999999956556,-0.00833189967327457));
#1652=CARTESIAN_POINT('',(-9.54097911787244E-17,0.0773,1.05696461967811E-30));
#1653=CARTESIAN_POINT('',(-9.54097911787244E-17,0.0803,1.05696461967811E-30));
#1654=CARTESIAN_POINT('',(-0.0242511083737901,0.0803009889225098,0.00606912896258854));
#1655=CARTESIAN_POINT('',(-0.0242508806319769,0.0802995078211126,-0.00607410804719681));
#1656=CARTESIAN_POINT('',(-0.0242508620538958,0.0802988802150834,-0.00607418222009524));
#1657=CARTESIAN_POINT('',(-0.0238044411067368,0.0794122571746916,-0.00785649503443709));
#1658=CARTESIAN_POINT('',(-0.0233150127968281,0.0787974929611122,-0.00905256966730938));
#1659=CARTESIAN_POINT('',(-0.0230293542119517,0.0784545875743454,-0.00972876377452288));
#1660=CARTESIAN_POINT('',(-0.0230293542119517,0.0784545875743413,0.00972876377452289));
#1661=CARTESIAN_POINT('',(-0.0233151253930146,0.0787976281218969,0.009052303136276));
#1662=CARTESIAN_POINT('',(-0.0238053051249428,0.0794132305819052,0.00785462235427868));
#1663=CARTESIAN_POINT('',(-0.0242521277127591,0.0803013949543661,0.00606912690623822));
#1664=CARTESIAN_POINT('',(0.00155660220392366,0.0843,-0.00368469667391225));
#1665=CARTESIAN_POINT('',(0.0197227801234441,0.0802999999932966,0.00833189967896921));
#1666=CARTESIAN_POINT('',(0.0188536511115389,0.0817943022965778,0.00634256432866816));
#1667=CARTESIAN_POINT('',(0.0179277616491245,0.0831276356339022,0.00450399374155695));
#1668=CARTESIAN_POINT('',(0.0169451117362011,0.0843000000052699,0.00281618791763559));
#1669=CARTESIAN_POINT('',(0.0133099368070592,0.0773,0.00887950348792597));
#1670=CARTESIAN_POINT('',(5.20417042793042E-18,0.0843,-4.33680868994202E-18));
#1671=CARTESIAN_POINT('',(0.0242500111786983,0.0803020969532442,-0.00606894674288767));
#1672=CARTESIAN_POINT('',(0.0232356542399247,0.0818051097904401,-0.00393117842369702));
#1673=CARTESIAN_POINT('',(0.0221482139815286,0.0831390979879116,-0.00195268436382475));
#1674=CARTESIAN_POINT('',(0.0209954591930009,0.0843040615456586,-0.000141862093328344));
#1675=CARTESIAN_POINT('',(0.0209994801319861,0.0842999970717272,0.000148179532291023));
#1676=CARTESIAN_POINT('',(0.0221517048345016,0.083135025060211,0.00195879332615869));
#1677=CARTESIAN_POINT('',(0.0232386508576695,0.0818011306976783,0.0039369773388213));
#1678=CARTESIAN_POINT('',(0.0242525638458664,0.0802983139841289,0.00607432716754528));
#1679=CARTESIAN_POINT('',(0.0175023092010832,0.0803,-0.00739386046863738));
#1680=CARTESIAN_POINT('',(0.0169451117362086,0.0843000000052699,-0.00281618791763878));
#1681=CARTESIAN_POINT('',(0.0179277616490565,0.08312763563403,-0.00450399374138949));
#1682=CARTESIAN_POINT('',(0.0188536511114683,0.0817943022967055,-0.00634256432849961));
#1683=CARTESIAN_POINT('',(0.019722780123444,0.0802999999932966,-0.00833189967896914));
#1684=CARTESIAN_POINT('',(0.0133099368070592,0.0773,-0.00887950348792597));
#1685=CARTESIAN_POINT('',(-0.00155660220392366,0.0843,0.00368469667391225));
#1686=CARTESIAN_POINT('',(-0.0197227801234439,0.0802999999932966,-0.00833189967896912));
#1687=CARTESIAN_POINT('',(-0.0188536511114957,0.0817943022966657,-0.00634256432855444));
#1688=CARTESIAN_POINT('',(-0.0179277616490837,0.0831276356339902,-0.00450399374144424));
#1689=CARTESIAN_POINT('',(-0.016945111736208,0.0843000000052699,-0.00281618791763853));
#1690=CARTESIAN_POINT('',(-0.0133099368070592,0.0773,-0.00887950348792597));
#1691=CARTESIAN_POINT('',(-9.54097911787244E-17,0.0843,1.05696461967811E-30));
#1692=CARTESIAN_POINT('',(-0.0209994801319863,0.0842999970717272,-0.00014817953226986));
#1693=CARTESIAN_POINT('',(-0.0221517048346957,0.0831350250600175,-0.00195879332635633));
#1694=CARTESIAN_POINT('',(-0.0232386508578665,0.081801130697419,-0.00393697733917442));
#1695=CARTESIAN_POINT('',(-0.0242525638459993,0.0802983139839318,-0.00607432716782617));
#1696=CARTESIAN_POINT('',(-0.0242500111786995,0.0803020969532425,0.00606894674289048));
#1697=CARTESIAN_POINT('',(-0.0232356542398765,0.0818051097905185,0.00393117842356787));
#1698=CARTESIAN_POINT('',(-0.0221482139814481,0.0831390979879937,0.00195268436372362));
#1699=CARTESIAN_POINT('',(-0.0209954591929916,0.0843040615456681,0.000141862093318171));
#1700=CARTESIAN_POINT('',(-0.0175023092010832,0.0803,0.00739386046863738));
#1701=CARTESIAN_POINT('',(-0.016945111736222,0.0843000000052699,0.00281618791764444));
#1702=CARTESIAN_POINT('',(-0.0179277616489148,0.0831276356342737,0.00450399374106502));
#1703=CARTESIAN_POINT('',(-0.0188536511113222,0.0817943022969493,0.00634256432817328));
#1704=CARTESIAN_POINT('',(-0.0197227801234441,0.0802999999932966,0.00833189967896922));
#1705=CARTESIAN_POINT('',(-0.0133099368070592,0.0773,0.00887950348792597));
#1706=CARTESIAN_POINT('',(-2.60208521396521E-18,0.0773,4.54859463514649E-18));
#1707=CARTESIAN_POINT('',(-2.60208521396521E-18,0.0803,4.54859463514649E-18));
#1708=CARTESIAN_POINT('',(-0.00607410804696295,0.0802995078211655,0.0242508806320355));
#1709=CARTESIAN_POINT('',(0.00606912896224334,0.0803009889226314,0.024251108373751));
#1710=CARTESIAN_POINT('',(-0.00607418221985336,0.0802988802152038,0.0242508620539563));
#1711=CARTESIAN_POINT('',(-0.00785649503437523,0.0794122571747253,0.0238044411067711));
#1712=CARTESIAN_POINT('',(-0.00905256966732298,0.0787974929611065,0.0233150127968223));
#1713=CARTESIAN_POINT('',(-0.00972876377452288,0.0784545875743474,0.0230293542119516));
#1714=CARTESIAN_POINT('',(-0.00972876377452287,0.0784545875743473,0.0230293542119516));
#1715=CARTESIAN_POINT('',(-0.00972876377452287,0.0773,0.0230293542119516));
#1716=CARTESIAN_POINT('',(0.00972876377452288,0.0773,0.0230293542119516));
#1717=CARTESIAN_POINT('',(0.00972876377452288,0.0784545875743465,0.0230293542119516));
#1718=CARTESIAN_POINT('',(0.00972876377452289,0.0784545875743465,0.0230293542119516));
#1719=CARTESIAN_POINT('',(0.00905230313585302,0.0787976281221128,0.0233151253931932));
#1720=CARTESIAN_POINT('',(0.00785462235372441,0.0794132305821765,0.0238053051251084));
#1721=CARTESIAN_POINT('',(0.00606912690589263,0.0803013949545377,0.0242521277128455));
#1722=CARTESIAN_POINT('',(-2.60208521396521E-18,0.0843,4.54859463514649E-18));
#1723=CARTESIAN_POINT('',(-0.000148179532284353,0.0842999970717272,0.0209994801319861));
#1724=CARTESIAN_POINT('',(-0.00195879332615902,0.0831350250601882,0.0221517048345251));
#1725=CARTESIAN_POINT('',(-0.00393697733883592,0.08180113069765,0.0232386508576965));
#1726=CARTESIAN_POINT('',(-0.00607432716756874,0.0802983139841129,0.024252563845877));
#1727=CARTESIAN_POINT('',(0.00606894674252287,0.0803020969535005,0.0242500111785254));
#1728=CARTESIAN_POINT('',(0.0039311784234217,0.0818051097906314,0.0232356542397729));
#1729=CARTESIAN_POINT('',(0.00195268436327282,0.0831390979882131,0.0221482139813108));
#1730=CARTESIAN_POINT('',(0.000141862092392137,0.0843040615462458,0.0209954591924201));
#1731=CARTESIAN_POINT('',(0.00739386046863738,0.0773,0.0175023092010832));
#1732=CARTESIAN_POINT('',(0.00611598098249178,0.0803,0.014477388460002));
#1733=CARTESIAN_POINT('',(0.00611598098249178,0.0803,0.014477388460002));
#1734=CARTESIAN_POINT('',(0.00739386046863738,0.0803,0.0175023092010832));
#1735=CARTESIAN_POINT('',(0.00833189967327494,0.0803,0.0197227801271906));
#1736=CARTESIAN_POINT('',(0.00833189967327494,0.0802999999956556,0.0197227801271907));
#1737=CARTESIAN_POINT('',(0.00886449613201195,0.0795835496316537,0.020983510964587));
#1738=CARTESIAN_POINT('',(0.00933011749909459,0.078968412157884,0.022085702326174));
#1739=CARTESIAN_POINT('',(0.00972876377452287,0.0784545875743465,0.0230293542119516));
#1740=CARTESIAN_POINT('',(-0.00368469667391225,0.0843,0.00155660220392366));
#1741=CARTESIAN_POINT('',(0.00281618791764536,0.0843000000052699,0.0169451117362242));
#1742=CARTESIAN_POINT('',(0.00450399374086746,0.0831276356344151,0.0179277616488103));
#1743=CARTESIAN_POINT('',(0.0063425643279755,0.0817943022970906,0.0188536511112172));
#1744=CARTESIAN_POINT('',(0.00833189967896948,0.0802999999932966,0.0197227801234447));
#1745=CARTESIAN_POINT('',(0.00887950348792597,0.0773,0.0133099368070592));
#1746=CARTESIAN_POINT('',(-0.00739386046863738,0.0803,0.0175023092010832));
#1747=CARTESIAN_POINT('',(-0.00887950348792597,0.0773,0.0133099368070592));
#1748=CARTESIAN_POINT('',(-0.00611598098249178,0.0803,0.014477388460002));
#1749=CARTESIAN_POINT('',(-0.00972876377452287,0.0803,0.0230293542119516));
#1750=CARTESIAN_POINT('',(-0.00833189967279414,0.0803,0.0197227801260525));
#1751=CARTESIAN_POINT('',(-0.00833189967896914,0.0802999999932966,0.0197227801234439));
#1752=CARTESIAN_POINT('',(-0.00634256432847053,0.0817943022967279,0.0188536511114568));
#1753=CARTESIAN_POINT('',(-0.00450399374136072,0.0831276356340523,0.0179277616490457));
#1754=CARTESIAN_POINT('',(-0.00281618791763971,0.0843000000052699,0.0169451117362108));
#1755=CARTESIAN_POINT('',(-0.00739386046863738,0.0773,0.0175023092010832));
#1756=CARTESIAN_POINT('',(-0.00611598098249178,0.0773,0.014477388460002));
#1757=CARTESIAN_POINT('',(-0.00972876377452287,0.0784545875743474,0.0230293542119516));
#1758=CARTESIAN_POINT('',(-0.00933011749898966,0.0789684121580173,0.0220857023259256));
#1759=CARTESIAN_POINT('',(-0.0088644961319069,0.0795835496317867,0.0209835109643384));
#1760=CARTESIAN_POINT('',(-0.0083318996732746,0.0802999999956556,0.0197227801271899));
#1761=CARTESIAN_POINT('',(0.00739386046863738,0.0773,-0.0175023092010832));
#1762=CARTESIAN_POINT('',(0.00972876377452287,0.0803,-0.0230293542119516));
#1763=CARTESIAN_POINT('',(0.00611598098249178,0.0803,-0.014477388460002));
#1764=CARTESIAN_POINT('',(0.00833189967279439,0.0803,-0.0197227801260531));
#1765=CARTESIAN_POINT('',(0.00611598098249178,0.0773,-0.014477388460002));
#1766=CARTESIAN_POINT('',(0.00972876377452288,0.0773,-0.0230293542119516));
#1767=CARTESIAN_POINT('',(0.00972876377452288,0.0784545875743465,-0.0230293542119516));
#1768=CARTESIAN_POINT('',(0.00972876377452287,0.0784545875743465,-0.0230293542119516));
#1769=CARTESIAN_POINT('',(0.00933011749908899,0.0789684121578895,-0.0220857023261607));
#1770=CARTESIAN_POINT('',(0.00886449613200631,0.0795835496316592,-0.0209835109645737));
#1771=CARTESIAN_POINT('',(0.00833189967327485,0.0802999999956556,-0.0197227801271905));
#1772=CARTESIAN_POINT('',(-0.00739386046863738,0.0773,-0.0175023092010832));
#1773=CARTESIAN_POINT('',(-0.00611598098249178,0.0803,-0.014477388460002));
#1774=CARTESIAN_POINT('',(-0.00611598098249178,0.0803,-0.014477388460002));
#1775=CARTESIAN_POINT('',(-0.00739386046863738,0.0803,-0.0175023092010832));
#1776=CARTESIAN_POINT('',(-0.00833189967327486,0.0803,-0.0197227801271904));
#1777=CARTESIAN_POINT('',(-0.00833189967327486,0.0802999999956556,-0.0197227801271905));
#1778=CARTESIAN_POINT('',(-0.0088644961319658,0.0795835496317139,-0.0209835109644778));
#1779=CARTESIAN_POINT('',(-0.00933011749904847,0.0789684121579439,-0.0220857023260648));
#1780=CARTESIAN_POINT('',(-0.00972876377452287,0.0784545875743456,-0.0230293542119516));
#1781=CARTESIAN_POINT('',(-0.00972876377452288,0.0784545875743455,-0.0230293542119516));
#1782=CARTESIAN_POINT('',(-0.00972876377452288,0.0773,-0.0230293542119516));
#1783=CARTESIAN_POINT('',(1.73472347597786E-18,0.0773,-9.60653669715083E-17));
#1784=CARTESIAN_POINT('',(-0.00972876377452296,0.0784545875743455,-0.0230293542119516));
#1785=CARTESIAN_POINT('',(-0.00905230313608071,0.0787976281219972,-0.0233151253930971));
#1786=CARTESIAN_POINT('',(-0.00785462235406206,0.0794132305820098,-0.0238053051249997));
#1787=CARTESIAN_POINT('',(-0.0060691269062035,0.0803013949543832,-0.0242521277127678));
#1788=CARTESIAN_POINT('',(-0.00606912896255388,0.0803009889225219,-0.0242511083737862));
#1789=CARTESIAN_POINT('',(1.73472347597786E-18,0.0803,-9.60653669715083E-17));
#1790=CARTESIAN_POINT('',(0.00607410804703984,0.080299507821148,-0.0242508806320163));
#1791=CARTESIAN_POINT('',(0.00607418221993293,0.0802988802151639,-0.0242508620539365));
#1792=CARTESIAN_POINT('',(0.00785649503385145,0.0794122571749766,-0.0238044411068961));
#1793=CARTESIAN_POINT('',(0.00905256966680181,0.0787974929613708,-0.0233150127970425));
#1794=CARTESIAN_POINT('',(0.00972876377452294,0.0784545875743465,-0.0230293542119516));
#1795=CARTESIAN_POINT('',(0.00368469667391225,0.0843,-0.00155660220392366));
#1796=CARTESIAN_POINT('',(-0.00281618791763621,0.0843000000052699,-0.0169451117362025));
#1797=CARTESIAN_POINT('',(-0.00450399374143681,0.0831276356339873,-0.0179277616490588));
#1798=CARTESIAN_POINT('',(-0.00634256432854785,0.0817943022966629,-0.0188536511114728));
#1799=CARTESIAN_POINT('',(-0.00833189967896934,0.0802999999932967,-0.0197227801234445));
#1800=CARTESIAN_POINT('',(-0.00887950348792597,0.0773,-0.0133099368070592));
#1801=CARTESIAN_POINT('',(1.73472347597786E-18,0.0843,-9.60653669715083E-17));
#1802=CARTESIAN_POINT('',(-0.00606894674285361,0.0803020969532683,-0.0242500111786822));
#1803=CARTESIAN_POINT('',(-0.00393117842358106,0.0818051097905164,-0.023235654239873));
#1804=CARTESIAN_POINT('',(-0.00195268436369961,0.0831390979880024,-0.0221482139814476));
#1805=CARTESIAN_POINT('',(-0.000141862093224895,0.0843040615457263,-0.020995459192934));
#1806=CARTESIAN_POINT('',(0.000148179532280737,0.0842999970717272,-0.0209994801319862));
#1807=CARTESIAN_POINT('',(0.00195879332627825,0.0831350250601012,-0.0221517048346117));
#1808=CARTESIAN_POINT('',(0.00393697733901673,0.081801130697543,-0.023238650857767));
#1809=CARTESIAN_POINT('',(0.00607432716765351,0.0802983139840528,-0.0242525638459178));
#1810=CARTESIAN_POINT('',(0.00739386046863738,0.0803,-0.0175023092010832));
#1811=CARTESIAN_POINT('',(0.00887950348792597,0.0773,-0.0133099368070592));
#1812=CARTESIAN_POINT('',(0.00833189967896937,0.0802999999932966,-0.0197227801234445));
#1813=CARTESIAN_POINT('',(0.00634256432838808,0.081794302296783,-0.0188536511114034));
#1814=CARTESIAN_POINT('',(0.00450399374127797,0.0831276356341075,-0.0179277616489916));
#1815=CARTESIAN_POINT('',(0.00281618791763902,0.0843000000052699,-0.0169451117362092));
#1816=CARTESIAN_POINT('',(-8.22459556959154E-5,0.0843320974786135,0.020991984408885));
#1817=CARTESIAN_POINT('',(-0.00134142914263147,0.0835231191165693,0.02179591413854));
#1818=CARTESIAN_POINT('',(-0.00261828013758957,0.0826732494600341,0.0225283537824341));
#1819=CARTESIAN_POINT('',(-0.00460221631294899,0.0813166424724327,0.0235698114398921));
#1820=CARTESIAN_POINT('',(-0.00530251258053476,0.0808309025112794,0.0239189973361034));
#1821=CARTESIAN_POINT('',(-0.00670621777841941,0.0798449841352984,0.0245868718983845));
#1822=CARTESIAN_POINT('',(-0.00740159253208819,0.0793506467350725,0.0249022456340371));
#1823=CARTESIAN_POINT('',(-0.00812653411734814,0.0788294208584342,0.0252160865002764));
#1824=CARTESIAN_POINT('',(-0.00830031423202482,0.0787044746635182,0.0252913191849978));
#1825=CARTESIAN_POINT('',(-0.00847409434670149,0.0785795284686021,0.0253665518697192));
#1826=CARTESIAN_POINT('',(-0.00864787446137818,0.078454582273686,0.0254417845544406));
#1827=CARTESIAN_POINT('',(-9.82761566523476E-5,0.0843320974760938,0.0209676870938837));
#1828=CARTESIAN_POINT('',(-0.0013569016267833,0.083523119105899,0.0217708805260315));
#1829=CARTESIAN_POINT('',(-0.00263321063838002,0.0826732494600332,0.0225026702733275));
#1830=CARTESIAN_POINT('',(-0.00461634320670182,0.0813166424724331,0.0235432320063652));
#1831=CARTESIAN_POINT('',(-0.00531636305725184,0.0808309025112791,0.0238921232781684));
#1832=CARTESIAN_POINT('',(-0.00671952860665734,0.0798449841352988,0.0245594443536429));
#1833=CARTESIAN_POINT('',(-0.0074146430797355,0.0793506466491748,0.0248745618553654));
#1834=CARTESIAN_POINT('',(-0.00813932057627003,0.0788294208584342,0.025188152386521));
#1835=CARTESIAN_POINT('',(-0.00831303738464738,0.0787044746841092,0.0252633250619114));
#1836=CARTESIAN_POINT('',(-0.00848675419302473,0.0785795285097842,0.0253384977373018));
#1837=CARTESIAN_POINT('',(-0.00866047100140209,0.0784545823354592,0.0254136704126922));
#1838=CARTESIAN_POINT('',(-0.00276995891910518,0.0843320970561518,0.016918160962593));
#1839=CARTESIAN_POINT('',(-0.00393563219373684,0.0835231173275298,0.0175986389426099));
#1840=CARTESIAN_POINT('',(-0.00512161123329737,0.0826732494598979,0.0182221132955464));
#1841=CARTESIAN_POINT('',(-0.00697081016747284,0.0813166424725066,0.0191133552641727));
#1842=CARTESIAN_POINT('',(-0.00762476081204948,0.0808309025112207,0.0194131427876998));
#1843=CARTESIAN_POINT('',(-0.00893798553392304,0.0798449841353572,0.0199882166627567));
#1844=CARTESIAN_POINT('',(-0.00958972019103537,0.0793506323329765,0.0202606287875396));
#1845=CARTESIAN_POINT('',(-0.0102703831866052,0.0788294208584342,0.020532497076429));
#1846=CARTESIAN_POINT('',(-0.0104335490137993,0.0787044781159314,0.0205976682617781));
#1847=CARTESIAN_POINT('',(-0.0105967148409933,0.0785795353734285,0.020662839447127));
#1848=CARTESIAN_POINT('',(-0.0107598806681874,0.0784545926309256,0.0207280106324761));
#1849=CARTESIAN_POINT('',(0.00276996758019772,0.0843320910453381,0.0169181660186338));
#1850=CARTESIAN_POINT('',(0.00393563806841081,0.0835231131177776,0.0175986420309923));
#1851=CARTESIAN_POINT('',(0.00512161420189415,0.0826732472820801,0.0182221147262955));
#1852=CARTESIAN_POINT('',(0.00697081016750328,0.0813166424724841,0.0191133552641869));
#1853=CARTESIAN_POINT('',(0.00762476081206277,0.080830902511207,0.0194131427876959));
#1854=CARTESIAN_POINT('',(0.00893798553387776,0.0798449841353949,0.0199882166627465));
#1855=CARTESIAN_POINT('',(0.0095897201910594,0.0793506323329544,0.0202606287875396));
#1856=CARTESIAN_POINT('',(0.010270383186609,0.0788294208584314,0.0205324970764305));
#1857=CARTESIAN_POINT('',(0.0104335490138017,0.0787044781159304,0.0205976682617813));
#1858=CARTESIAN_POINT('',(0.0105967148409944,0.0785795353734295,0.0206628394471321));
#1859=CARTESIAN_POINT('',(0.0107598806681871,0.0784545926309285,0.0207280106324829));
#1860=CARTESIAN_POINT('',(9.82855083794992E-5,0.0843320914652766,0.0209676930617166));
#1861=CARTESIAN_POINT('',(0.00135690794885384,0.08352311489608,0.0217708841509555));
#1862=CARTESIAN_POINT('',(0.00263321382198965,0.0826732472822138,0.022502671943784));
#1863=CARTESIAN_POINT('',(0.00461634320673251,0.0813166424724115,0.0235432320063829));
#1864=CARTESIAN_POINT('',(0.00531636305727183,0.080830902511275,0.0238921232781673));
#1865=CARTESIAN_POINT('',(0.00671952860660317,0.0798449841353269,0.0245594443536278));
#1866=CARTESIAN_POINT('',(0.00741464307976895,0.0793506466491633,0.0248745618553667));
#1867=CARTESIAN_POINT('',(0.008139320576274,0.0788294208584314,0.0251881523865227));
#1868=CARTESIAN_POINT('',(0.00831303738464805,0.0787044746841057,0.0252633250619149));
#1869=CARTESIAN_POINT('',(0.00848675419302209,0.0785795285097801,0.0253384977373069));
#1870=CARTESIAN_POINT('',(0.00866047100139614,0.0784545823354545,0.0254136704126991));
#1871=CARTESIAN_POINT('',(8.12810329223748E-5,0.0843320914679493,0.0209934671176731));
#1872=CARTESIAN_POINT('',(0.00134049508540309,0.0835231149073984,0.0217974392525068));
#1873=CARTESIAN_POINT('',(0.0026173758809285,0.0826732472822146,0.0225299164392707));
#1874=CARTESIAN_POINT('',(0.00460135771273554,0.081316642472411,0.0235714268769984));
#1875=CARTESIAN_POINT('',(0.00530167078030495,0.0808309025112754,0.0239206306797876));
#1876=CARTESIAN_POINT('',(0.00670540877671381,0.0798449841353265,0.0245885388817149));
#1877=CARTESIAN_POINT('',(0.00740079934972845,0.0793506467402818,0.0249039281906954));
#1878=CARTESIAN_POINT('',(0.00812575698566669,0.0788294208584314,0.0252177842717281));
#1879=CARTESIAN_POINT('',(0.00829954094795191,0.0787044746622632,0.0252930206036809));
#1880=CARTESIAN_POINT('',(0.00847332491023714,0.078579528466095,0.0253682569356337));
#1881=CARTESIAN_POINT('',(0.00864710887252236,0.0784545822699268,0.0254434932675865));
#1882=CARTESIAN_POINT('',(-0.00276996758021394,0.0843320910453212,-0.0169181660186289));
#1883=CARTESIAN_POINT('',(-0.00393563806838597,0.08352311311777,-0.017598642030914));
#1884=CARTESIAN_POINT('',(-0.00512161420201064,0.0826732472819915,-0.0182221147263437));
#1885=CARTESIAN_POINT('',(-0.00697081016744535,0.0813166424725282,-0.0191133552641633));
#1886=CARTESIAN_POINT('',(-0.00762476081207697,0.0808309025111972,-0.0194131427877043));
#1887=CARTESIAN_POINT('',(-0.00893798553386354,0.0798449841354048,-0.0199882166627382));
#1888=CARTESIAN_POINT('',(-0.0095897201910702,0.0793506323329467,-0.0202606287875456));
#1889=CARTESIAN_POINT('',(-0.0102703831866089,0.0788294208584314,-0.0205324970764305));
#1890=CARTESIAN_POINT('',(-0.010433549013802,0.07870447811593,-0.0205976682617811));
#1891=CARTESIAN_POINT('',(-0.0105967148409951,0.0785795353734286,-0.0206628394471316));
#1892=CARTESIAN_POINT('',(-0.0107598806681882,0.0784545926309272,-0.0207280106324821));
#1893=CARTESIAN_POINT('',(-9.82855084052857E-5,0.0843320914652744,-0.0209676930617181));
#1894=CARTESIAN_POINT('',(-0.00135690794886197,0.0835231148961356,-0.0217708841508947));
#1895=CARTESIAN_POINT('',(-0.00263321382211508,0.0826732472821355,-0.0225026719438423));
#1896=CARTESIAN_POINT('',(-0.00461634320667013,0.0813166424724501,-0.0235432320063543));
#1897=CARTESIAN_POINT('',(-0.00531636305728741,0.0808309025112608,-0.023892123278178));
#1898=CARTESIAN_POINT('',(-0.00671952860658757,0.0798449841353411,-0.024559444353617));
#1899=CARTESIAN_POINT('',(-0.00741464307978385,0.0793506466491546,-0.024874561855371));
#1900=CARTESIAN_POINT('',(-0.00813932057627399,0.0788294208584314,-0.0251881523865227));
#1901=CARTESIAN_POINT('',(-0.00831303738464762,0.0787044746841056,-0.0252633250619151));
#1902=CARTESIAN_POINT('',(-0.00848675419302125,0.0785795285097797,-0.0253384977373077));
#1903=CARTESIAN_POINT('',(-0.00866047100139489,0.0784545823354539,-0.0254136704127001));
#1904=CARTESIAN_POINT('',(-8.12810330561869E-5,0.0843320914679473,-0.0209934671175111));
#1905=CARTESIAN_POINT('',(-0.00134049508551565,0.0835231149074544,-0.0217974392522776));
#1906=CARTESIAN_POINT('',(-0.00261737588115455,0.0826732472821363,-0.0225299164391561));
#1907=CARTESIAN_POINT('',(-0.00460135771276828,0.0813166424724496,-0.0235714268767908));
#1908=CARTESIAN_POINT('',(-0.00530167078041381,0.0808309025112612,-0.0239206306796174));
#1909=CARTESIAN_POINT('',(-0.00670540877678785,0.0798449841353407,-0.0245885388815194));
#1910=CARTESIAN_POINT('',(-0.00740079934983128,0.0793506467402731,-0.0249039281905132));
#1911=CARTESIAN_POINT('',(-0.00812575698575279,0.0788294208584314,-0.0252177842715399));
#1912=CARTESIAN_POINT('',(-0.00829954094803718,0.078704474662263,-0.0252930206034926));
#1913=CARTESIAN_POINT('',(-0.00847332491032156,0.0785795284660946,-0.0253682569354454));
#1914=CARTESIAN_POINT('',(-0.00864710887260593,0.0784545822699262,-0.0254434932673981));
#1915=CARTESIAN_POINT('',(8.224595569246E-5,0.0843320974786136,-0.0209919844088849));
#1916=CARTESIAN_POINT('',(0.0013414291426202,0.0835231191165679,-0.0217959141385409));
#1917=CARTESIAN_POINT('',(0.00261828013760327,0.0826732494600301,-0.0225283537824358));
#1918=CARTESIAN_POINT('',(0.0046022163129416,0.0813166424724348,-0.0235698114398912));
#1919=CARTESIAN_POINT('',(0.00530251258060563,0.0808309025112368,-0.0239189973361298));
#1920=CARTESIAN_POINT('',(0.00670621777834871,0.0798449841353409,-0.0245868718983582));
#1921=CARTESIAN_POINT('',(0.00740159253213841,0.0793506467350371,-0.0249022456340581));
#1922=CARTESIAN_POINT('',(0.00812653411734815,0.0788294208584342,-0.0252160865002764));
#1923=CARTESIAN_POINT('',(0.00830031423202446,0.0787044746635183,-0.0252913191849978));
#1924=CARTESIAN_POINT('',(0.00847409434670077,0.0785795284686023,-0.0253665518697192));
#1925=CARTESIAN_POINT('',(0.00864787446137707,0.0784545822736863,-0.0254417845544407));
#1926=CARTESIAN_POINT('',(9.82761566489052E-5,0.0843320974760939,-0.0209676870938835));
#1927=CARTESIAN_POINT('',(0.00135690162677208,0.0835231191058977,-0.0217708805260323));
#1928=CARTESIAN_POINT('',(0.00263321063839367,0.0826732494600293,-0.0225026702733293));
#1929=CARTESIAN_POINT('',(0.00461634320669445,0.0813166424724352,-0.0235432320063643));
#1930=CARTESIAN_POINT('',(0.00531636305732264,0.0808309025112365,-0.0238921232781947));
#1931=CARTESIAN_POINT('',(0.00671952860658672,0.0798449841353413,-0.0245594443536167));
#1932=CARTESIAN_POINT('',(0.00741464307978568,0.0793506466491393,-0.0248745618553863));
#1933=CARTESIAN_POINT('',(0.00813932057627004,0.0788294208584342,-0.025188152386521));
#1934=CARTESIAN_POINT('',(0.00831303738464703,0.0787044746841093,-0.0252633250619115));
#1935=CARTESIAN_POINT('',(0.00848675419302402,0.0785795285097844,-0.0253384977373018));
#1936=CARTESIAN_POINT('',(0.008660471001401,0.0784545823354595,-0.0254136704126923));
#1937=CARTESIAN_POINT('',(0.00276995891910394,0.0843320970561522,-0.0169181609625912));
#1938=CARTESIAN_POINT('',(0.00393563219373416,0.0835231173275299,-0.0175986389426038));
#1939=CARTESIAN_POINT('',(0.0051216112333032,0.0826732494598942,-0.0182221132955507));
#1940=CARTESIAN_POINT('',(0.00697081016746972,0.0813166424725085,-0.0191133552641704));
#1941=CARTESIAN_POINT('',(0.0076247608121078,0.0808309025111744,-0.0194131427877187));
#1942=CARTESIAN_POINT('',(0.00893798553386489,0.0798449841354034,-0.0199882166627379));
#1943=CARTESIAN_POINT('',(0.00958972019107886,0.0793506323329442,-0.0202606287875595));
#1944=CARTESIAN_POINT('',(0.0102703831866052,0.0788294208584342,-0.0205324970764291));
#1945=CARTESIAN_POINT('',(0.0104335490137998,0.0787044781159307,-0.0205976682617777));
#1946=CARTESIAN_POINT('',(0.0105967148409944,0.0785795353734272,-0.0206628394471263));
#1947=CARTESIAN_POINT('',(0.0107598806681889,0.0784545926309237,-0.0207280106324749));
#1948=CARTESIAN_POINT('',(0.0169181660186325,0.0843320910453232,-0.00276996758021336));
#1949=CARTESIAN_POINT('',(0.017598642030946,0.0835231131177613,-0.00393563806840889));
#1950=CARTESIAN_POINT('',(0.018222114726354,0.0826732472820099,-0.005121614201995));
#1951=CARTESIAN_POINT('',(0.0191133552641773,0.0813166424724884,-0.00697081016749449));
#1952=CARTESIAN_POINT('',(0.0194131427877169,0.0808309025111896,-0.0076247608120905));
#1953=CARTESIAN_POINT('',(0.0199882166627396,0.0798449841353882,-0.00893798553388208));
#1954=CARTESIAN_POINT('',(0.0202606287875485,0.0793506323329514,-0.00958972019106639));
#1955=CARTESIAN_POINT('',(0.0205324970764291,0.0788294208584342,-0.0102703831866052));
#1956=CARTESIAN_POINT('',(0.0205976682617789,0.0787044781159317,-0.0104335490137992));
#1957=CARTESIAN_POINT('',(0.0206628394471287,0.0785795353734292,-0.0105967148409932));
#1958=CARTESIAN_POINT('',(0.0207280106324785,0.0784545926309267,-0.0107598806681872));
#1959=CARTESIAN_POINT('',(0.020967693061718,0.0843320914652747,-9.82855084034616E-5));
#1960=CARTESIAN_POINT('',(0.0217708841509136,0.0835231148961181,-0.0013569079488817));
#1961=CARTESIAN_POINT('',(0.0225026719438507,0.0826732472821315,-0.00263321382209894));
#1962=CARTESIAN_POINT('',(0.0235432320063726,0.0813166424724224,-0.00461634320672248));
#1963=CARTESIAN_POINT('',(0.0238921232781845,0.0808309025112512,-0.00531636305730252));
#1964=CARTESIAN_POINT('',(0.0245594443536268,0.0798449841353266,-0.00671952860660673));
#1965=CARTESIAN_POINT('',(0.0248745618553807,0.0793506466491498,-0.00741464307976918));
#1966=CARTESIAN_POINT('',(0.025188152386521,0.0788294208584342,-0.00813932057627005));
#1967=CARTESIAN_POINT('',(0.0252633250619111,0.0787044746841095,-0.00831303738464719));
#1968=CARTESIAN_POINT('',(0.0253384977373012,0.0785795285097849,-0.00848675419302433));
#1969=CARTESIAN_POINT('',(0.0254136704126914,0.0784545823354602,-0.00866047100140147));
#1970=CARTESIAN_POINT('',(0.020993467117494,0.0843320914679476,-8.12810330655309E-5));
#1971=CARTESIAN_POINT('',(0.021797439252279,0.0835231149074368,-0.00134049508554614));
#1972=CARTESIAN_POINT('',(0.0225299164391466,0.0826732472821323,-0.00261737588114881));
#1973=CARTESIAN_POINT('',(0.0235714268767906,0.081316642472422,-0.0046013577128305));
#1974=CARTESIAN_POINT('',(0.0239206306796051,0.0808309025112516,-0.00530167078043859));
#1975=CARTESIAN_POINT('',(0.0245885388815101,0.0798449841353262,-0.0067054087768163));
#1976=CARTESIAN_POINT('',(0.0249039281905037,0.0793506467402682,-0.00740079934982564));
#1977=CARTESIAN_POINT('',(0.0252177842715187,0.0788294208584342,-0.00812575698575777));
#1978=CARTESIAN_POINT('',(0.0252930206034691,0.078704474662267,-0.00829954094804563));
#1979=CARTESIAN_POINT('',(0.0253682569354195,0.0785795284660998,-0.00847332491033349));
#1980=CARTESIAN_POINT('',(0.0254434932673698,0.0784545822699326,-0.00864710887262134));
#1981=CARTESIAN_POINT('',(0.020991984408885,0.0843320974786137,8.22459557016811E-5));
#1982=CARTESIAN_POINT('',(0.0217959141385342,0.0835231191165764,0.00134142914264832));
#1983=CARTESIAN_POINT('',(0.0225283537823911,0.082673249460083,0.00261828013754003));
#1984=CARTESIAN_POINT('',(0.0235698114398919,0.0813166424724367,0.00460221631293101));
#1985=CARTESIAN_POINT('',(0.023918997336113,0.0808309025112612,0.00530251258057022));
#1986=CARTESIAN_POINT('',(0.0245868718983585,0.0798449841353408,0.00670621777834961));
#1987=CARTESIAN_POINT('',(0.0249022456340572,0.0793506467350428,0.00740159253212318));
#1988=CARTESIAN_POINT('',(0.0252160865002781,0.0788294208584314,0.00812653411735212));
#1989=CARTESIAN_POINT('',(0.0252913191849979,0.0787044746635172,0.00830031423202784));
#1990=CARTESIAN_POINT('',(0.0253665518697177,0.0785795284686028,0.00847409434670356));
#1991=CARTESIAN_POINT('',(0.0254417845544375,0.0784545822736886,0.00864787446137928));
#1992=CARTESIAN_POINT('',(0.0209676870938837,0.084332097476094,9.82761566580971E-5));
#1993=CARTESIAN_POINT('',(0.0217708805260256,0.0835231191059059,0.0013569016268001));
#1994=CARTESIAN_POINT('',(0.0225026702732846,0.0826732494600822,0.00263321063833044));
#1995=CARTESIAN_POINT('',(0.023543232006365,0.0813166424724372,0.00461634320668387));
#1996=CARTESIAN_POINT('',(0.023892123278178,0.0808309025112608,0.00531636305728727));
#1997=CARTESIAN_POINT('',(0.024559444353617,0.0798449841353412,0.00671952860658759));
#1998=CARTESIAN_POINT('',(0.0248745618553854,0.079350646649145,0.00741464307977049));
#1999=CARTESIAN_POINT('',(0.0251881523865227,0.0788294208584314,0.008139320576274));
#2000=CARTESIAN_POINT('',(0.0252633250619115,0.0787044746841082,0.00831303738465039));
#2001=CARTESIAN_POINT('',(0.0253384977373004,0.078579528509785,0.00848675419302678));
#2002=CARTESIAN_POINT('',(0.0254136704126891,0.0784545823354618,0.00866047100140317));
#2003=CARTESIAN_POINT('',(0.0169181609625888,0.0843320970561466,0.00276995891910905));
#2004=CARTESIAN_POINT('',(0.0175986389425874,0.083523117327513,0.00393563219374556));
#2005=CARTESIAN_POINT('',(0.0182221132955155,0.0826732494599362,0.00512161123324276));
#2006=CARTESIAN_POINT('',(0.0191133552641693,0.0813166424725165,0.00697081016746066));
#2007=CARTESIAN_POINT('',(0.0194131427877104,0.0808309025111974,0.00762476081207927));
#2008=CARTESIAN_POINT('',(0.019988216662732,0.0798449841354046,0.00893798553386112));
#2009=CARTESIAN_POINT('',(0.0202606287875469,0.0793506323329456,0.00958972019107207));
#2010=CARTESIAN_POINT('',(0.0205324970764305,0.0788294208584314,0.0102703831866089));
#2011=CARTESIAN_POINT('',(0.0205976682617806,0.0787044781159306,0.0104335490138012));
#2012=CARTESIAN_POINT('',(0.0206628394471306,0.0785795353734298,0.0105967148409934));
#2013=CARTESIAN_POINT('',(0.0207280106324806,0.078454592630929,0.0107598806681856));
#2014=CARTESIAN_POINT('',(-0.0209919844088848,0.0843320974786134,-8.22459556828142E-5));
#2015=CARTESIAN_POINT('',(-0.0217959141385375,0.0835231191165705,-0.00134142914257447));
#2016=CARTESIAN_POINT('',(-0.022528353782435,0.082673249460029,-0.00261828013760477));
#2017=CARTESIAN_POINT('',(-0.0235698114398681,0.0813166424724661,-0.00460221631289592));
#2018=CARTESIAN_POINT('',(-0.0239189973360787,0.0808309025113145,-0.00530251258048704));
#2019=CARTESIAN_POINT('',(-0.0245868718983929,0.0798449841352874,-0.00670621777843298));
#2020=CARTESIAN_POINT('',(-0.0249022456340176,0.079350646735095,-0.00740159253207547));
#2021=CARTESIAN_POINT('',(-0.0252160865002781,0.0788294208584314,-0.0081265341173521));
#2022=CARTESIAN_POINT('',(-0.0252913191850012,0.0787044746635148,-0.00830031423202503));
#2023=CARTESIAN_POINT('',(-0.0253665518697243,0.0785795284685982,-0.00847409434669797));
#2024=CARTESIAN_POINT('',(-0.0254417845544475,0.0784545822736817,-0.0086478744613709));
#2025=CARTESIAN_POINT('',(-0.0209676870938835,0.0843320974760938,-9.82761566392842E-5));
#2026=CARTESIAN_POINT('',(-0.0217708805260288,0.0835231191059003,-0.00135690162672647));
#2027=CARTESIAN_POINT('',(-0.0225026702733285,0.0826732494600281,-0.00263321063839517));
#2028=CARTESIAN_POINT('',(-0.0235432320063412,0.0813166424724665,-0.00461634320664879));
#2029=CARTESIAN_POINT('',(-0.0238921232781437,0.0808309025113141,-0.0053163630572041));
#2030=CARTESIAN_POINT('',(-0.0245594443536513,0.0798449841352877,-0.00671952860667094));
#2031=CARTESIAN_POINT('',(-0.024874561855346,0.0793506466491972,-0.00741464307972271));
#2032=CARTESIAN_POINT('',(-0.0251881523865227,0.0788294208584314,-0.00813932057627398));
#2033=CARTESIAN_POINT('',(-0.0252633250619148,0.0787044746841059,-0.00831303738464761));
#2034=CARTESIAN_POINT('',(-0.0253384977373069,0.0785795285097804,-0.00848675419302124));
#2035=CARTESIAN_POINT('',(-0.0254136704126991,0.0784545823354549,-0.00866047100139487));
#2036=CARTESIAN_POINT('',(-0.0169181609625875,0.0843320970561554,-0.00276995891909891));
#2037=CARTESIAN_POINT('',(-0.0175986389425855,0.0835231173275464,-0.00393563219370847));
#2038=CARTESIAN_POINT('',(-0.0182221132955522,0.0826732494598923,-0.00512161123330597));
#2039=CARTESIAN_POINT('',(-0.0191133552641495,0.0813166424725403,-0.00697081016742639));
#2040=CARTESIAN_POINT('',(-0.0194131427876779,0.080830902511259,-0.00762476081199874));
#2041=CARTESIAN_POINT('',(-0.0199882166627645,0.0798449841353429,-0.00893798553394183));
#2042=CARTESIAN_POINT('',(-0.0202606287875241,0.0793506323329925,-0.00958972019101144));
#2043=CARTESIAN_POINT('',(-0.0205324970764305,0.0788294208584314,-0.0102703831866089));
#2044=CARTESIAN_POINT('',(-0.0205976682617807,0.0787044781159296,-0.0104335490138023));
#2045=CARTESIAN_POINT('',(-0.0206628394471309,0.0785795353734277,-0.0105967148409957));
#2046=CARTESIAN_POINT('',(-0.0207280106324811,0.0784545926309259,-0.0107598806681891));
#2047=CARTESIAN_POINT('',(-0.0169181660186419,0.0843320910453263,0.00276996758021386));
#2048=CARTESIAN_POINT('',(-0.0175986420309691,0.0835231131177923,0.00393563806838502));
#2049=CARTESIAN_POINT('',(-0.0182221147263677,0.0826732472819712,0.00512161420204278));
#2050=CARTESIAN_POINT('',(-0.0191133552641707,0.0813166424725083,0.00697081016747012));
#2051=CARTESIAN_POINT('',(-0.0194131427877185,0.0808309025111835,0.0076247608120978));
#2052=CARTESIAN_POINT('',(-0.0199882166627381,0.0798449841353943,0.00893798553387492));
#2053=CARTESIAN_POINT('',(-0.0202606287875451,0.0793506323329448,0.00958972019107207));
#2054=CARTESIAN_POINT('',(-0.020532497076429,0.0788294208584342,0.0102703831866052));
#2055=CARTESIAN_POINT('',(-0.0205976682617806,0.0787044781159316,0.0104335490138001));
#2056=CARTESIAN_POINT('',(-0.020662839447132,0.078579535373429,0.0105967148409949));
#2057=CARTESIAN_POINT('',(-0.0207280106324836,0.0784545926309264,0.0107598806681897));
#2058=CARTESIAN_POINT('',(-0.0209676930617183,0.0843320914652742,9.82855084080713E-5));
#2059=CARTESIAN_POINT('',(-0.021770884150895,0.0835231148961346,0.00135690794887367));
#2060=CARTESIAN_POINT('',(-0.022502671943865,0.0826732472821077,0.00263321382215695));
#2061=CARTESIAN_POINT('',(-0.0235432320063657,0.0813166424724342,0.00461634320669267));
#2062=CARTESIAN_POINT('',(-0.0238921232781902,0.0808309025112443,0.00531636305730834));
#2063=CARTESIAN_POINT('',(-0.0245594443536211,0.0798449841353335,0.00671952860660107));
#2064=CARTESIAN_POINT('',(-0.0248745618553583,0.0793506466491623,0.00741464307979778));
#2065=CARTESIAN_POINT('',(-0.025188152386521,0.0788294208584342,0.00813932057627005));
#2066=CARTESIAN_POINT('',(-0.0252633250619175,0.0787044746841049,0.00831303738464269));
#2067=CARTESIAN_POINT('',(-0.0253384977373141,0.0785795285097755,0.00848675419301532));
#2068=CARTESIAN_POINT('',(-0.0254136704127106,0.0784545823354461,0.00866047100138795));
#2069=CARTESIAN_POINT('',(-0.020993467117493,0.084332091467947,8.12810330709778E-5));
#2070=CARTESIAN_POINT('',(-0.0217974392522588,0.0835231149074532,0.00134049508553899));
#2071=CARTESIAN_POINT('',(-0.0225299164391597,0.0826732472821086,0.00261737588120764));
#2072=CARTESIAN_POINT('',(-0.0235714268767823,0.0813166424724338,0.00460135771280137));
#2073=CARTESIAN_POINT('',(-0.0239206306796095,0.0808309025112447,0.0053016707804451));
#2074=CARTESIAN_POINT('',(-0.0245885388815031,0.0798449841353331,0.00670540877681132));
#2075=CARTESIAN_POINT('',(-0.0249039281904797,0.0793506467402808,0.00740079934985504));
#2076=CARTESIAN_POINT('',(-0.0252177842715173,0.0788294208584342,0.00812575698575842));
#2077=CARTESIAN_POINT('',(-0.0252930206034741,0.0787044746622623,0.00829954094804173));
#2078=CARTESIAN_POINT('',(-0.0253682569354309,0.0785795284660904,0.00847332491032505));
#2079=CARTESIAN_POINT('',(-0.0254434932673876,0.0784545822699184,0.00864710887260836));
#2080=CARTESIAN_POINT('',(-0.00887950348792597,0.0773,0.0133099368070592));
#2081=CARTESIAN_POINT('',(-0.0133099368070592,0.0773,0.00887950348792597));
#2082=CARTESIAN_POINT('',(-0.00887950348792597,0.0773,-0.0133099368070592));
#2083=CARTESIAN_POINT('',(-0.0133099368070592,0.0773,-0.00887950348792597));
#2084=CARTESIAN_POINT('',(0.00887950348792597,0.0773,-0.0133099368070592));
#2085=CARTESIAN_POINT('',(0.0133099368070592,0.0773,-0.00887950348792597));
#2086=CARTESIAN_POINT('',(0.00887950348792597,0.0773,0.0133099368070592));
#2087=CARTESIAN_POINT('',(0.0133099368070592,0.0773,0.00887950348792597));
#2088=MECHANICAL_DESIGN_GEOMETRIC_PRESENTATION_REPRESENTATION('',(#1025),
#2089);
#2089=(
GEOMETRIC_REPRESENTATION_CONTEXT(3)
GLOBAL_UNCERTAINTY_ASSIGNED_CONTEXT((#2090))
GLOBAL_UNIT_ASSIGNED_CONTEXT((#2093,#2092,#2091))
REPRESENTATION_CONTEXT('C2 Female','TOP_LEVEL_ASSEMBLY_PART')
);
#2090=UNCERTAINTY_MEASURE_WITH_UNIT(LENGTH_MEASURE(2.E-5),#2093,
'DISTANCE_ACCURACY_VALUE','Maximum Tolerance applied to model');
#2091=(
NAMED_UNIT(*)
SI_UNIT($,.STERADIAN.)
SOLID_ANGLE_UNIT()
);
#2092=(
NAMED_UNIT(*)
PLANE_ANGLE_UNIT()
SI_UNIT($,.RADIAN.)
);
#2093=(
LENGTH_UNIT()
NAMED_UNIT(*)
SI_UNIT($,.METRE.)
);
#2094=PRODUCT_DEFINITION_SHAPE('','',#2095);
#2095=PRODUCT_DEFINITION('','',#2097,#2096);
#2096=PRODUCT_DEFINITION_CONTEXT('',#2103,'design');
#2097=PRODUCT_DEFINITION_FORMATION_WITH_SPECIFIED_SOURCE('','',#2099,
 .NOT_KNOWN.);
#2098=PRODUCT_RELATED_PRODUCT_CATEGORY('','',(#2099));
#2099=PRODUCT('C2 Female','C2 Female','C2 Female',(#2101));
#2100=PRODUCT_CATEGORY('','');
#2101=PRODUCT_CONTEXT('',#2103,'mechanical');
#2102=APPLICATION_PROTOCOL_DEFINITION('international standard',
'ap242_managed_model_based_3d_engineering',2020,#2103);
#2103=APPLICATION_CONTEXT('managed model based 3d engineering');
ENDSEC;
END-ISO-10303-21;
