ISO-10303-21;
HEADER;
/* Generated by software containing ST-Developer
 * from STEP Tools, Inc. (www.steptools.com) 
 */
/* OPTION: using custom renumber hook */

FILE_DESCRIPTION(
/* description */ ('STEP AP242 Edition 2',
'CAx-IF Rec.Pracs.---Representation and Presentation of Product Manufa
cturing Information (PMI)---4.0---2014-10-13',
'CAx-IF Rec.Pracs.---3D Tessellated Geometry---0.4---2014-09-14','2;1',
'CAx-IF Rec.Pracs.---User Defined Attributes---1.5---2016-08-15'),
/* implementation_level */ '2;1');

FILE_NAME(
/* name */ 'Assembly 1 - PG2 Carriage Male',
/* time_stamp */ '2026-06-22T21:33:33Z',
/* author */ (''),
/* organization */ (''),
/* preprocessor_version */ 'ST-DEVELOPER v20',
/* originating_system */ 'ONSHAPE BY PTC INC, 1.216',
/* authorisation */ '  ');

FILE_SCHEMA (('AP242_MANAGED_MODEL_BASED_3D_ENGINEERING_MIM_LF { 1 0 10303 442 3 1 4 }'));
ENDSEC;

DATA;
#10=SHAPE_REPRESENTATION_RELATIONSHIP('','',#2703,#11);
#11=ADVANCED_BREP_SHAPE_REPRESENTATION('',(#2701),#4761);
#12=SPHERICAL_SURFACE('',#2935,0.0015);
#13=SPHERICAL_SURFACE('',#2936,0.0015);
#14=SPHERICAL_SURFACE('',#2937,0.0015);
#15=SPHERICAL_SURFACE('',#2938,0.0015);
#16=PLANE('',#2753);
#17=PLANE('',#2802);
#18=PLANE('',#2879);
#19=PLANE('',#2880);
#20=PLANE('',#2881);
#21=PLANE('',#2882);
#22=PLANE('',#2883);
#23=PLANE('',#2884);
#24=PLANE('',#2885);
#25=PLANE('',#2886);
#26=PLANE('',#2907);
#27=PLANE('',#2914);
#28=PLANE('',#2921);
#29=PLANE('',#2928);
#30=PLANE('',#2941);
#31=PLANE('',#2944);
#32=PLANE('',#2947);
#33=PLANE('',#2950);
#34=PLANE('',#3019);
#35=PLANE('',#3020);
#36=PLANE('',#3021);
#37=PLANE('',#3022);
#38=PLANE('',#3023);
#39=PLANE('',#3024);
#40=PLANE('',#3025);
#41=PLANE('',#3026);
#42=PLANE('',#3027);
#43=PLANE('',#3028);
#44=PLANE('',#3029);
#45=PLANE('',#3030);
#46=PLANE('',#3031);
#47=PLANE('',#3032);
#48=PLANE('',#3033);
#49=PLANE('',#3034);
#50=PLANE('',#3035);
#51=PLANE('',#3036);
#52=PLANE('',#3037);
#53=PLANE('',#3038);
#54=PLANE('',#3039);
#55=PLANE('',#3040);
#56=PLANE('',#3041);
#57=PLANE('',#3042);
#58=PLANE('',#3043);
#59=PLANE('',#3044);
#60=PLANE('',#3045);
#61=PLANE('',#3046);
#62=PLANE('',#3055);
#63=PLANE('',#3056);
#64=PLANE('',#3057);
#65=PLANE('',#3058);
#66=LINE('',#3975,#250);
#67=LINE('',#3980,#251);
#68=LINE('',#3987,#252);
#69=LINE('',#3991,#253);
#70=LINE('',#3993,#254);
#71=LINE('',#3998,#255);
#72=LINE('',#4002,#256);
#73=LINE('',#4007,#257);
#74=LINE('',#4014,#258);
#75=LINE('',#4018,#259);
#76=LINE('',#4020,#260);
#77=LINE('',#4025,#261);
#78=LINE('',#4029,#262);
#79=LINE('',#4034,#263);
#80=LINE('',#4041,#264);
#81=LINE('',#4045,#265);
#82=LINE('',#4047,#266);
#83=LINE('',#4052,#267);
#84=LINE('',#4056,#268);
#85=LINE('',#4061,#269);
#86=LINE('',#4065,#270);
#87=LINE('',#4070,#271);
#88=LINE('',#4077,#272);
#89=LINE('',#4081,#273);
#90=LINE('',#4083,#274);
#91=LINE('',#4086,#275);
#92=LINE('',#4088,#276);
#93=LINE('',#4090,#277);
#94=LINE('',#4092,#278);
#95=LINE('',#4094,#279);
#96=LINE('',#4095,#280);
#97=LINE('',#4098,#281);
#98=LINE('',#4100,#282);
#99=LINE('',#4102,#283);
#100=LINE('',#4104,#284);
#101=LINE('',#4106,#285);
#102=LINE('',#4107,#286);
#103=LINE('',#4110,#287);
#104=LINE('',#4112,#288);
#105=LINE('',#4114,#289);
#106=LINE('',#4116,#290);
#107=LINE('',#4118,#291);
#108=LINE('',#4211,#292);
#109=LINE('',#4214,#293);
#110=LINE('',#4216,#294);
#111=LINE('',#4218,#295);
#112=LINE('',#4220,#296);
#113=LINE('',#4222,#297);
#114=LINE('',#4235,#298);
#115=LINE('',#4243,#299);
#116=LINE('',#4251,#300);
#117=LINE('',#4259,#301);
#118=LINE('',#4267,#302);
#119=LINE('',#4275,#303);
#120=LINE('',#4283,#304);
#121=LINE('',#4291,#305);
#122=LINE('',#4377,#306);
#123=LINE('',#4379,#307);
#124=LINE('',#4381,#308);
#125=LINE('',#4383,#309);
#126=LINE('',#4385,#310);
#127=LINE('',#4387,#311);
#128=LINE('',#4389,#312);
#129=LINE('',#4391,#313);
#130=LINE('',#4393,#314);
#131=LINE('',#4395,#315);
#132=LINE('',#4397,#316);
#133=LINE('',#4399,#317);
#134=LINE('',#4401,#318);
#135=LINE('',#4403,#319);
#136=LINE('',#4405,#320);
#137=LINE('',#4407,#321);
#138=LINE('',#4410,#322);
#139=LINE('',#4411,#323);
#140=LINE('',#4413,#324);
#141=LINE('',#4415,#325);
#142=LINE('',#4417,#326);
#143=LINE('',#4419,#327);
#144=LINE('',#4421,#328);
#145=LINE('',#4423,#329);
#146=LINE('',#4428,#330);
#147=LINE('',#4429,#331);
#148=LINE('',#4431,#332);
#149=LINE('',#4435,#333);
#150=LINE('',#4437,#334);
#151=LINE('',#4441,#335);
#152=LINE('',#4443,#336);
#153=LINE('',#4447,#337);
#154=LINE('',#4452,#338);
#155=LINE('',#4453,#339);
#156=LINE('',#4455,#340);
#157=LINE('',#4459,#341);
#158=LINE('',#4464,#342);
#159=LINE('',#4465,#343);
#160=LINE('',#4467,#344);
#161=LINE('',#4471,#345);
#162=LINE('',#4473,#346);
#163=LINE('',#4474,#347);
#164=LINE('',#4476,#348);
#165=LINE('',#4477,#349);
#166=LINE('',#4479,#350);
#167=LINE('',#4480,#351);
#168=LINE('',#4482,#352);
#169=LINE('',#4483,#353);
#170=LINE('',#4541,#354);
#171=LINE('',#4542,#355);
#172=LINE('',#4544,#356);
#173=LINE('',#4545,#357);
#174=LINE('',#4547,#358);
#175=LINE('',#4548,#359);
#176=LINE('',#4550,#360);
#177=LINE('',#4551,#361);
#178=LINE('',#4553,#362);
#179=LINE('',#4557,#363);
#180=LINE('',#4558,#364);
#181=LINE('',#4559,#365);
#182=LINE('',#4561,#366);
#183=LINE('',#4565,#367);
#184=LINE('',#4566,#368);
#185=LINE('',#4567,#369);
#186=LINE('',#4569,#370);
#187=LINE('',#4573,#371);
#188=LINE('',#4574,#372);
#189=LINE('',#4575,#373);
#190=LINE('',#4577,#374);
#191=LINE('',#4581,#375);
#192=LINE('',#4582,#376);
#193=LINE('',#4583,#377);
#194=LINE('',#4626,#378);
#195=LINE('',#4628,#379);
#196=LINE('',#4632,#380);
#197=LINE('',#4634,#381);
#198=LINE('',#4639,#382);
#199=LINE('',#4641,#383);
#200=LINE('',#4644,#384);
#201=LINE('',#4646,#385);
#202=LINE('',#4649,#386);
#203=LINE('',#4651,#387);
#204=LINE('',#4653,#388);
#205=LINE('',#4655,#389);
#206=LINE('',#4657,#390);
#207=LINE('',#4659,#391);
#208=LINE('',#4661,#392);
#209=LINE('',#4663,#393);
#210=LINE('',#4665,#394);
#211=LINE('',#4667,#395);
#212=LINE('',#4669,#396);
#213=LINE('',#4671,#397);
#214=LINE('',#4674,#398);
#215=LINE('',#4676,#399);
#216=LINE('',#4678,#400);
#217=LINE('',#4680,#401);
#218=LINE('',#4682,#402);
#219=LINE('',#4684,#403);
#220=LINE('',#4686,#404);
#221=LINE('',#4688,#405);
#222=LINE('',#4690,#406);
#223=LINE('',#4692,#407);
#224=LINE('',#4694,#408);
#225=LINE('',#4696,#409);
#226=LINE('',#4699,#410);
#227=LINE('',#4701,#411);
#228=LINE('',#4703,#412);
#229=LINE('',#4705,#413);
#230=LINE('',#4707,#414);
#231=LINE('',#4709,#415);
#232=LINE('',#4711,#416);
#233=LINE('',#4713,#417);
#234=LINE('',#4715,#418);
#235=LINE('',#4717,#419);
#236=LINE('',#4719,#420);
#237=LINE('',#4721,#421);
#238=LINE('',#4724,#422);
#239=LINE('',#4726,#423);
#240=LINE('',#4728,#424);
#241=LINE('',#4730,#425);
#242=LINE('',#4732,#426);
#243=LINE('',#4734,#427);
#244=LINE('',#4736,#428);
#245=LINE('',#4738,#429);
#246=LINE('',#4740,#430);
#247=LINE('',#4742,#431);
#248=LINE('',#4744,#432);
#249=LINE('',#4746,#433);
#250=VECTOR('',#3087,1.);
#251=VECTOR('',#3090,1.);
#252=VECTOR('',#3097,1.);
#253=VECTOR('',#3100,1.);
#254=VECTOR('',#3103,1.);
#255=VECTOR('',#3106,1.);
#256=VECTOR('',#3111,1.);
#257=VECTOR('',#3114,1.);
#258=VECTOR('',#3121,1.);
#259=VECTOR('',#3124,1.);
#260=VECTOR('',#3127,1.);
#261=VECTOR('',#3130,1.);
#262=VECTOR('',#3135,1.);
#263=VECTOR('',#3138,1.);
#264=VECTOR('',#3145,1.);
#265=VECTOR('',#3148,1.);
#266=VECTOR('',#3151,1.);
#267=VECTOR('',#3154,1.);
#268=VECTOR('',#3159,1.);
#269=VECTOR('',#3162,1.);
#270=VECTOR('',#3167,1.);
#271=VECTOR('',#3170,1.);
#272=VECTOR('',#3177,1.);
#273=VECTOR('',#3180,1.);
#274=VECTOR('',#3183,1.);
#275=VECTOR('',#3184,1.);
#276=VECTOR('',#3185,1.);
#277=VECTOR('',#3186,1.);
#278=VECTOR('',#3187,1.);
#279=VECTOR('',#3188,1.);
#280=VECTOR('',#3189,1.);
#281=VECTOR('',#3190,1.);
#282=VECTOR('',#3191,1.);
#283=VECTOR('',#3192,1.);
#284=VECTOR('',#3193,1.);
#285=VECTOR('',#3194,1.);
#286=VECTOR('',#3195,1.);
#287=VECTOR('',#3196,1.);
#288=VECTOR('',#3197,1.);
#289=VECTOR('',#3198,1.);
#290=VECTOR('',#3199,1.);
#291=VECTOR('',#3200,1.);
#292=VECTOR('',#3297,1.);
#293=VECTOR('',#3298,1.);
#294=VECTOR('',#3299,1.);
#295=VECTOR('',#3300,1.);
#296=VECTOR('',#3301,1.);
#297=VECTOR('',#3302,1.);
#298=VECTOR('',#3315,1.);
#299=VECTOR('',#3322,1.);
#300=VECTOR('',#3329,1.);
#301=VECTOR('',#3336,1.);
#302=VECTOR('',#3343,1.);
#303=VECTOR('',#3350,1.);
#304=VECTOR('',#3357,1.);
#305=VECTOR('',#3364,1.);
#306=VECTOR('',#3467,1.);
#307=VECTOR('',#3468,1.);
#308=VECTOR('',#3469,1.);
#309=VECTOR('',#3472,1.);
#310=VECTOR('',#3473,1.);
#311=VECTOR('',#3474,1.);
#312=VECTOR('',#3477,1.);
#313=VECTOR('',#3478,1.);
#314=VECTOR('',#3479,1.);
#315=VECTOR('',#3482,1.);
#316=VECTOR('',#3483,1.);
#317=VECTOR('',#3484,1.);
#318=VECTOR('',#3487,1.);
#319=VECTOR('',#3488,1.);
#320=VECTOR('',#3489,1.);
#321=VECTOR('',#3492,1.);
#322=VECTOR('',#3493,1.);
#323=VECTOR('',#3494,1.);
#324=VECTOR('',#3497,1.);
#325=VECTOR('',#3498,1.);
#326=VECTOR('',#3499,1.);
#327=VECTOR('',#3502,1.);
#328=VECTOR('',#3503,1.);
#329=VECTOR('',#3504,1.);
#330=VECTOR('',#3509,1.);
#331=VECTOR('',#3510,1.);
#332=VECTOR('',#3513,1.);
#333=VECTOR('',#3516,1.);
#334=VECTOR('',#3519,1.);
#335=VECTOR('',#3522,1.);
#336=VECTOR('',#3525,1.);
#337=VECTOR('',#3528,1.);
#338=VECTOR('',#3533,1.);
#339=VECTOR('',#3534,1.);
#340=VECTOR('',#3537,1.);
#341=VECTOR('',#3540,1.);
#342=VECTOR('',#3545,1.);
#343=VECTOR('',#3546,1.);
#344=VECTOR('',#3549,1.);
#345=VECTOR('',#3552,1.);
#346=VECTOR('',#3555,1.);
#347=VECTOR('',#3556,1.);
#348=VECTOR('',#3559,1.);
#349=VECTOR('',#3560,1.);
#350=VECTOR('',#3563,1.);
#351=VECTOR('',#3564,1.);
#352=VECTOR('',#3567,1.);
#353=VECTOR('',#3568,1.);
#354=VECTOR('',#3659,1.);
#355=VECTOR('',#3660,1.);
#356=VECTOR('',#3663,1.);
#357=VECTOR('',#3664,1.);
#358=VECTOR('',#3667,1.);
#359=VECTOR('',#3668,1.);
#360=VECTOR('',#3671,1.);
#361=VECTOR('',#3672,1.);
#362=VECTOR('',#3675,1.);
#363=VECTOR('',#3678,1.);
#364=VECTOR('',#3679,1.);
#365=VECTOR('',#3680,1.);
#366=VECTOR('',#3683,1.);
#367=VECTOR('',#3686,1.);
#368=VECTOR('',#3687,1.);
#369=VECTOR('',#3688,1.);
#370=VECTOR('',#3691,1.);
#371=VECTOR('',#3694,1.);
#372=VECTOR('',#3695,1.);
#373=VECTOR('',#3696,1.);
#374=VECTOR('',#3699,1.);
#375=VECTOR('',#3702,1.);
#376=VECTOR('',#3703,1.);
#377=VECTOR('',#3704,1.);
#378=VECTOR('',#3789,1.);
#379=VECTOR('',#3792,1.);
#380=VECTOR('',#3799,1.);
#381=VECTOR('',#3802,1.);
#382=VECTOR('',#3811,1.);
#383=VECTOR('',#3814,1.);
#384=VECTOR('',#3819,1.);
#385=VECTOR('',#3822,1.);
#386=VECTOR('',#3827,1.);
#387=VECTOR('',#3828,1.);
#388=VECTOR('',#3829,1.);
#389=VECTOR('',#3832,1.);
#390=VECTOR('',#3833,1.);
#391=VECTOR('',#3836,1.);
#392=VECTOR('',#3837,1.);
#393=VECTOR('',#3840,1.);
#394=VECTOR('',#3841,1.);
#395=VECTOR('',#3844,1.);
#396=VECTOR('',#3845,1.);
#397=VECTOR('',#3848,1.);
#398=VECTOR('',#3853,1.);
#399=VECTOR('',#3854,1.);
#400=VECTOR('',#3855,1.);
#401=VECTOR('',#3858,1.);
#402=VECTOR('',#3859,1.);
#403=VECTOR('',#3862,1.);
#404=VECTOR('',#3863,1.);
#405=VECTOR('',#3866,1.);
#406=VECTOR('',#3867,1.);
#407=VECTOR('',#3870,1.);
#408=VECTOR('',#3871,1.);
#409=VECTOR('',#3874,1.);
#410=VECTOR('',#3879,1.);
#411=VECTOR('',#3880,1.);
#412=VECTOR('',#3881,1.);
#413=VECTOR('',#3884,1.);
#414=VECTOR('',#3885,1.);
#415=VECTOR('',#3888,1.);
#416=VECTOR('',#3889,1.);
#417=VECTOR('',#3892,1.);
#418=VECTOR('',#3893,1.);
#419=VECTOR('',#3896,1.);
#420=VECTOR('',#3897,1.);
#421=VECTOR('',#3900,1.);
#422=VECTOR('',#3905,1.);
#423=VECTOR('',#3906,1.);
#424=VECTOR('',#3907,1.);
#425=VECTOR('',#3910,1.);
#426=VECTOR('',#3911,1.);
#427=VECTOR('',#3914,1.);
#428=VECTOR('',#3915,1.);
#429=VECTOR('',#3918,1.);
#430=VECTOR('',#3919,1.);
#431=VECTOR('',#3922,1.);
#432=VECTOR('',#3923,1.);
#433=VECTOR('',#3926,1.);
#434=ORIENTED_EDGE('',*,*,#1218,.T.);
#435=ORIENTED_EDGE('',*,*,#1219,.T.);
#436=ORIENTED_EDGE('',*,*,#1220,.T.);
#437=ORIENTED_EDGE('',*,*,#1221,.T.);
#438=ORIENTED_EDGE('',*,*,#1222,.T.);
#439=ORIENTED_EDGE('',*,*,#1223,.T.);
#440=ORIENTED_EDGE('',*,*,#1224,.T.);
#441=ORIENTED_EDGE('',*,*,#1225,.T.);
#442=ORIENTED_EDGE('',*,*,#1226,.T.);
#443=ORIENTED_EDGE('',*,*,#1227,.T.);
#444=ORIENTED_EDGE('',*,*,#1228,.T.);
#445=ORIENTED_EDGE('',*,*,#1229,.F.);
#446=ORIENTED_EDGE('',*,*,#1230,.F.);
#447=ORIENTED_EDGE('',*,*,#1231,.T.);
#448=ORIENTED_EDGE('',*,*,#1232,.T.);
#449=ORIENTED_EDGE('',*,*,#1233,.T.);
#450=ORIENTED_EDGE('',*,*,#1234,.T.);
#451=ORIENTED_EDGE('',*,*,#1235,.T.);
#452=ORIENTED_EDGE('',*,*,#1236,.T.);
#453=ORIENTED_EDGE('',*,*,#1237,.F.);
#454=ORIENTED_EDGE('',*,*,#1238,.T.);
#455=ORIENTED_EDGE('',*,*,#1239,.T.);
#456=ORIENTED_EDGE('',*,*,#1240,.T.);
#457=ORIENTED_EDGE('',*,*,#1241,.F.);
#458=ORIENTED_EDGE('',*,*,#1242,.F.);
#459=ORIENTED_EDGE('',*,*,#1243,.T.);
#460=ORIENTED_EDGE('',*,*,#1244,.T.);
#461=ORIENTED_EDGE('',*,*,#1245,.T.);
#462=ORIENTED_EDGE('',*,*,#1246,.T.);
#463=ORIENTED_EDGE('',*,*,#1247,.T.);
#464=ORIENTED_EDGE('',*,*,#1248,.T.);
#465=ORIENTED_EDGE('',*,*,#1249,.F.);
#466=ORIENTED_EDGE('',*,*,#1250,.T.);
#467=ORIENTED_EDGE('',*,*,#1251,.T.);
#468=ORIENTED_EDGE('',*,*,#1252,.T.);
#469=ORIENTED_EDGE('',*,*,#1253,.F.);
#470=ORIENTED_EDGE('',*,*,#1254,.F.);
#471=ORIENTED_EDGE('',*,*,#1255,.T.);
#472=ORIENTED_EDGE('',*,*,#1256,.T.);
#473=ORIENTED_EDGE('',*,*,#1257,.T.);
#474=ORIENTED_EDGE('',*,*,#1258,.T.);
#475=ORIENTED_EDGE('',*,*,#1259,.T.);
#476=ORIENTED_EDGE('',*,*,#1260,.T.);
#477=ORIENTED_EDGE('',*,*,#1261,.F.);
#478=ORIENTED_EDGE('',*,*,#1262,.T.);
#479=ORIENTED_EDGE('',*,*,#1263,.T.);
#480=ORIENTED_EDGE('',*,*,#1264,.T.);
#481=ORIENTED_EDGE('',*,*,#1265,.F.);
#482=ORIENTED_EDGE('',*,*,#1266,.T.);
#483=ORIENTED_EDGE('',*,*,#1267,.T.);
#484=ORIENTED_EDGE('',*,*,#1268,.T.);
#485=ORIENTED_EDGE('',*,*,#1269,.F.);
#486=ORIENTED_EDGE('',*,*,#1270,.F.);
#487=ORIENTED_EDGE('',*,*,#1271,.T.);
#488=ORIENTED_EDGE('',*,*,#1272,.T.);
#489=ORIENTED_EDGE('',*,*,#1273,.T.);
#490=ORIENTED_EDGE('',*,*,#1274,.F.);
#491=ORIENTED_EDGE('',*,*,#1275,.F.);
#492=ORIENTED_EDGE('',*,*,#1276,.F.);
#493=ORIENTED_EDGE('',*,*,#1277,.F.);
#494=ORIENTED_EDGE('',*,*,#1278,.F.);
#495=ORIENTED_EDGE('',*,*,#1279,.F.);
#496=ORIENTED_EDGE('',*,*,#1280,.F.);
#497=ORIENTED_EDGE('',*,*,#1281,.F.);
#498=ORIENTED_EDGE('',*,*,#1282,.F.);
#499=ORIENTED_EDGE('',*,*,#1283,.F.);
#500=ORIENTED_EDGE('',*,*,#1284,.F.);
#501=ORIENTED_EDGE('',*,*,#1285,.F.);
#502=ORIENTED_EDGE('',*,*,#1286,.T.);
#503=ORIENTED_EDGE('',*,*,#1287,.T.);
#504=ORIENTED_EDGE('',*,*,#1288,.T.);
#505=ORIENTED_EDGE('',*,*,#1289,.T.);
#506=ORIENTED_EDGE('',*,*,#1290,.T.);
#507=ORIENTED_EDGE('',*,*,#1291,.T.);
#508=ORIENTED_EDGE('',*,*,#1292,.F.);
#509=ORIENTED_EDGE('',*,*,#1293,.F.);
#510=ORIENTED_EDGE('',*,*,#1294,.T.);
#511=ORIENTED_EDGE('',*,*,#1295,.F.);
#512=ORIENTED_EDGE('',*,*,#1296,.F.);
#513=ORIENTED_EDGE('',*,*,#1297,.F.);
#514=ORIENTED_EDGE('',*,*,#1298,.T.);
#515=ORIENTED_EDGE('',*,*,#1299,.F.);
#516=ORIENTED_EDGE('',*,*,#1300,.F.);
#517=ORIENTED_EDGE('',*,*,#1301,.F.);
#518=ORIENTED_EDGE('',*,*,#1302,.T.);
#519=ORIENTED_EDGE('',*,*,#1303,.F.);
#520=ORIENTED_EDGE('',*,*,#1304,.F.);
#521=ORIENTED_EDGE('',*,*,#1305,.F.);
#522=ORIENTED_EDGE('',*,*,#1306,.T.);
#523=ORIENTED_EDGE('',*,*,#1307,.F.);
#524=ORIENTED_EDGE('',*,*,#1308,.F.);
#525=ORIENTED_EDGE('',*,*,#1309,.F.);
#526=ORIENTED_EDGE('',*,*,#1310,.F.);
#527=ORIENTED_EDGE('',*,*,#1311,.T.);
#528=ORIENTED_EDGE('',*,*,#1312,.T.);
#529=ORIENTED_EDGE('',*,*,#1313,.F.);
#530=ORIENTED_EDGE('',*,*,#1314,.T.);
#531=ORIENTED_EDGE('',*,*,#1315,.T.);
#532=ORIENTED_EDGE('',*,*,#1316,.F.);
#533=ORIENTED_EDGE('',*,*,#1317,.F.);
#534=ORIENTED_EDGE('',*,*,#1318,.F.);
#535=ORIENTED_EDGE('',*,*,#1319,.T.);
#536=ORIENTED_EDGE('',*,*,#1320,.T.);
#537=ORIENTED_EDGE('',*,*,#1321,.F.);
#538=ORIENTED_EDGE('',*,*,#1322,.T.);
#539=ORIENTED_EDGE('',*,*,#1323,.T.);
#540=ORIENTED_EDGE('',*,*,#1324,.F.);
#541=ORIENTED_EDGE('',*,*,#1325,.F.);
#542=ORIENTED_EDGE('',*,*,#1326,.F.);
#543=ORIENTED_EDGE('',*,*,#1327,.T.);
#544=ORIENTED_EDGE('',*,*,#1328,.T.);
#545=ORIENTED_EDGE('',*,*,#1329,.F.);
#546=ORIENTED_EDGE('',*,*,#1330,.T.);
#547=ORIENTED_EDGE('',*,*,#1331,.T.);
#548=ORIENTED_EDGE('',*,*,#1332,.F.);
#549=ORIENTED_EDGE('',*,*,#1333,.T.);
#550=ORIENTED_EDGE('',*,*,#1334,.F.);
#551=ORIENTED_EDGE('',*,*,#1335,.T.);
#552=ORIENTED_EDGE('',*,*,#1336,.T.);
#553=ORIENTED_EDGE('',*,*,#1337,.F.);
#554=ORIENTED_EDGE('',*,*,#1338,.T.);
#555=ORIENTED_EDGE('',*,*,#1339,.T.);
#556=ORIENTED_EDGE('',*,*,#1340,.T.);
#557=ORIENTED_EDGE('',*,*,#1341,.T.);
#558=ORIENTED_EDGE('',*,*,#1342,.T.);
#559=ORIENTED_EDGE('',*,*,#1343,.T.);
#560=ORIENTED_EDGE('',*,*,#1344,.T.);
#561=ORIENTED_EDGE('',*,*,#1345,.T.);
#562=ORIENTED_EDGE('',*,*,#1346,.T.);
#563=ORIENTED_EDGE('',*,*,#1347,.F.);
#564=ORIENTED_EDGE('',*,*,#1348,.F.);
#565=ORIENTED_EDGE('',*,*,#1349,.T.);
#566=ORIENTED_EDGE('',*,*,#1350,.T.);
#567=ORIENTED_EDGE('',*,*,#1351,.F.);
#568=ORIENTED_EDGE('',*,*,#1352,.T.);
#569=ORIENTED_EDGE('',*,*,#1353,.F.);
#570=ORIENTED_EDGE('',*,*,#1354,.T.);
#571=ORIENTED_EDGE('',*,*,#1355,.T.);
#572=ORIENTED_EDGE('',*,*,#1356,.T.);
#573=ORIENTED_EDGE('',*,*,#1357,.T.);
#574=ORIENTED_EDGE('',*,*,#1358,.T.);
#575=ORIENTED_EDGE('',*,*,#1359,.F.);
#576=ORIENTED_EDGE('',*,*,#1360,.T.);
#577=ORIENTED_EDGE('',*,*,#1361,.F.);
#578=ORIENTED_EDGE('',*,*,#1362,.T.);
#579=ORIENTED_EDGE('',*,*,#1363,.T.);
#580=ORIENTED_EDGE('',*,*,#1364,.T.);
#581=ORIENTED_EDGE('',*,*,#1365,.T.);
#582=ORIENTED_EDGE('',*,*,#1366,.T.);
#583=ORIENTED_EDGE('',*,*,#1367,.F.);
#584=ORIENTED_EDGE('',*,*,#1368,.T.);
#585=ORIENTED_EDGE('',*,*,#1369,.F.);
#586=ORIENTED_EDGE('',*,*,#1370,.T.);
#587=ORIENTED_EDGE('',*,*,#1371,.T.);
#588=ORIENTED_EDGE('',*,*,#1372,.T.);
#589=ORIENTED_EDGE('',*,*,#1373,.T.);
#590=ORIENTED_EDGE('',*,*,#1374,.T.);
#591=ORIENTED_EDGE('',*,*,#1375,.F.);
#592=ORIENTED_EDGE('',*,*,#1376,.T.);
#593=ORIENTED_EDGE('',*,*,#1377,.F.);
#594=ORIENTED_EDGE('',*,*,#1378,.T.);
#595=ORIENTED_EDGE('',*,*,#1379,.T.);
#596=ORIENTED_EDGE('',*,*,#1380,.T.);
#597=ORIENTED_EDGE('',*,*,#1381,.T.);
#598=ORIENTED_EDGE('',*,*,#1382,.T.);
#599=ORIENTED_EDGE('',*,*,#1383,.T.);
#600=ORIENTED_EDGE('',*,*,#1384,.T.);
#601=ORIENTED_EDGE('',*,*,#1385,.F.);
#602=ORIENTED_EDGE('',*,*,#1386,.T.);
#603=ORIENTED_EDGE('',*,*,#1387,.T.);
#604=ORIENTED_EDGE('',*,*,#1249,.T.);
#605=ORIENTED_EDGE('',*,*,#1388,.T.);
#606=ORIENTED_EDGE('',*,*,#1244,.F.);
#607=ORIENTED_EDGE('',*,*,#1389,.T.);
#608=ORIENTED_EDGE('',*,*,#1241,.T.);
#609=ORIENTED_EDGE('',*,*,#1390,.T.);
#610=ORIENTED_EDGE('',*,*,#1391,.T.);
#611=ORIENTED_EDGE('',*,*,#1392,.T.);
#612=ORIENTED_EDGE('',*,*,#1393,.T.);
#613=ORIENTED_EDGE('',*,*,#1394,.F.);
#614=ORIENTED_EDGE('',*,*,#1395,.T.);
#615=ORIENTED_EDGE('',*,*,#1396,.T.);
#616=ORIENTED_EDGE('',*,*,#1261,.T.);
#617=ORIENTED_EDGE('',*,*,#1397,.T.);
#618=ORIENTED_EDGE('',*,*,#1256,.F.);
#619=ORIENTED_EDGE('',*,*,#1398,.T.);
#620=ORIENTED_EDGE('',*,*,#1253,.T.);
#621=ORIENTED_EDGE('',*,*,#1399,.T.);
#622=ORIENTED_EDGE('',*,*,#1400,.T.);
#623=ORIENTED_EDGE('',*,*,#1401,.T.);
#624=ORIENTED_EDGE('',*,*,#1402,.T.);
#625=ORIENTED_EDGE('',*,*,#1403,.F.);
#626=ORIENTED_EDGE('',*,*,#1404,.T.);
#627=ORIENTED_EDGE('',*,*,#1405,.T.);
#628=ORIENTED_EDGE('',*,*,#1237,.T.);
#629=ORIENTED_EDGE('',*,*,#1406,.T.);
#630=ORIENTED_EDGE('',*,*,#1232,.F.);
#631=ORIENTED_EDGE('',*,*,#1407,.T.);
#632=ORIENTED_EDGE('',*,*,#1229,.T.);
#633=ORIENTED_EDGE('',*,*,#1408,.T.);
#634=ORIENTED_EDGE('',*,*,#1409,.T.);
#635=ORIENTED_EDGE('',*,*,#1410,.T.);
#636=ORIENTED_EDGE('',*,*,#1411,.T.);
#637=ORIENTED_EDGE('',*,*,#1412,.F.);
#638=ORIENTED_EDGE('',*,*,#1413,.T.);
#639=ORIENTED_EDGE('',*,*,#1414,.T.);
#640=ORIENTED_EDGE('',*,*,#1265,.T.);
#641=ORIENTED_EDGE('',*,*,#1415,.T.);
#642=ORIENTED_EDGE('',*,*,#1272,.F.);
#643=ORIENTED_EDGE('',*,*,#1416,.T.);
#644=ORIENTED_EDGE('',*,*,#1269,.T.);
#645=ORIENTED_EDGE('',*,*,#1417,.T.);
#646=ORIENTED_EDGE('',*,*,#1418,.T.);
#647=ORIENTED_EDGE('',*,*,#1419,.F.);
#648=ORIENTED_EDGE('',*,*,#1420,.T.);
#649=ORIENTED_EDGE('',*,*,#1421,.F.);
#650=ORIENTED_EDGE('',*,*,#1422,.F.);
#651=ORIENTED_EDGE('',*,*,#1423,.T.);
#652=ORIENTED_EDGE('',*,*,#1424,.F.);
#653=ORIENTED_EDGE('',*,*,#1425,.T.);
#654=ORIENTED_EDGE('',*,*,#1359,.T.);
#655=ORIENTED_EDGE('',*,*,#1426,.T.);
#656=ORIENTED_EDGE('',*,*,#1427,.F.);
#657=ORIENTED_EDGE('',*,*,#1428,.T.);
#658=ORIENTED_EDGE('',*,*,#1355,.F.);
#659=ORIENTED_EDGE('',*,*,#1429,.T.);
#660=ORIENTED_EDGE('',*,*,#1430,.T.);
#661=ORIENTED_EDGE('',*,*,#1431,.T.);
#662=ORIENTED_EDGE('',*,*,#1363,.F.);
#663=ORIENTED_EDGE('',*,*,#1432,.T.);
#664=ORIENTED_EDGE('',*,*,#1433,.T.);
#665=ORIENTED_EDGE('',*,*,#1434,.T.);
#666=ORIENTED_EDGE('',*,*,#1367,.T.);
#667=ORIENTED_EDGE('',*,*,#1435,.T.);
#668=ORIENTED_EDGE('',*,*,#1436,.F.);
#669=ORIENTED_EDGE('',*,*,#1437,.T.);
#670=ORIENTED_EDGE('',*,*,#1375,.T.);
#671=ORIENTED_EDGE('',*,*,#1438,.T.);
#672=ORIENTED_EDGE('',*,*,#1439,.F.);
#673=ORIENTED_EDGE('',*,*,#1440,.T.);
#674=ORIENTED_EDGE('',*,*,#1441,.T.);
#675=ORIENTED_EDGE('',*,*,#1442,.T.);
#676=ORIENTED_EDGE('',*,*,#1371,.F.);
#677=ORIENTED_EDGE('',*,*,#1443,.T.);
#678=ORIENTED_EDGE('',*,*,#1351,.T.);
#679=ORIENTED_EDGE('',*,*,#1444,.T.);
#680=ORIENTED_EDGE('',*,*,#1445,.F.);
#681=ORIENTED_EDGE('',*,*,#1446,.T.);
#682=ORIENTED_EDGE('',*,*,#1379,.F.);
#683=ORIENTED_EDGE('',*,*,#1447,.T.);
#684=ORIENTED_EDGE('',*,*,#1448,.T.);
#685=ORIENTED_EDGE('',*,*,#1449,.T.);
#686=ORIENTED_EDGE('',*,*,#1450,.F.);
#687=ORIENTED_EDGE('',*,*,#1451,.T.);
#688=ORIENTED_EDGE('',*,*,#1349,.F.);
#689=ORIENTED_EDGE('',*,*,#1452,.T.);
#690=ORIENTED_EDGE('',*,*,#1373,.F.);
#691=ORIENTED_EDGE('',*,*,#1453,.T.);
#692=ORIENTED_EDGE('',*,*,#1454,.F.);
#693=ORIENTED_EDGE('',*,*,#1455,.T.);
#694=ORIENTED_EDGE('',*,*,#1365,.F.);
#695=ORIENTED_EDGE('',*,*,#1456,.T.);
#696=ORIENTED_EDGE('',*,*,#1457,.F.);
#697=ORIENTED_EDGE('',*,*,#1458,.T.);
#698=ORIENTED_EDGE('',*,*,#1357,.F.);
#699=ORIENTED_EDGE('',*,*,#1459,.T.);
#700=ORIENTED_EDGE('',*,*,#1460,.F.);
#701=ORIENTED_EDGE('',*,*,#1461,.T.);
#702=ORIENTED_EDGE('',*,*,#1462,.F.);
#703=ORIENTED_EDGE('',*,*,#1463,.T.);
#704=ORIENTED_EDGE('',*,*,#1313,.T.);
#705=ORIENTED_EDGE('',*,*,#1464,.T.);
#706=ORIENTED_EDGE('',*,*,#1337,.T.);
#707=ORIENTED_EDGE('',*,*,#1465,.T.);
#708=ORIENTED_EDGE('',*,*,#1466,.F.);
#709=ORIENTED_EDGE('',*,*,#1467,.T.);
#710=ORIENTED_EDGE('',*,*,#1468,.F.);
#711=ORIENTED_EDGE('',*,*,#1469,.T.);
#712=ORIENTED_EDGE('',*,*,#1329,.T.);
#713=ORIENTED_EDGE('',*,*,#1470,.T.);
#714=ORIENTED_EDGE('',*,*,#1321,.T.);
#715=ORIENTED_EDGE('',*,*,#1471,.T.);
#716=ORIENTED_EDGE('',*,*,#1472,.F.);
#717=ORIENTED_EDGE('',*,*,#1473,.T.);
#718=ORIENTED_EDGE('',*,*,#1353,.T.);
#719=ORIENTED_EDGE('',*,*,#1474,.T.);
#720=ORIENTED_EDGE('',*,*,#1334,.T.);
#721=ORIENTED_EDGE('',*,*,#1332,.T.);
#722=ORIENTED_EDGE('',*,*,#1475,.T.);
#723=ORIENTED_EDGE('',*,*,#1377,.T.);
#724=ORIENTED_EDGE('',*,*,#1476,.T.);
#725=ORIENTED_EDGE('',*,*,#1310,.T.);
#726=ORIENTED_EDGE('',*,*,#1308,.T.);
#727=ORIENTED_EDGE('',*,*,#1477,.T.);
#728=ORIENTED_EDGE('',*,*,#1369,.T.);
#729=ORIENTED_EDGE('',*,*,#1478,.T.);
#730=ORIENTED_EDGE('',*,*,#1318,.T.);
#731=ORIENTED_EDGE('',*,*,#1316,.T.);
#732=ORIENTED_EDGE('',*,*,#1479,.T.);
#733=ORIENTED_EDGE('',*,*,#1361,.T.);
#734=ORIENTED_EDGE('',*,*,#1480,.T.);
#735=ORIENTED_EDGE('',*,*,#1326,.T.);
#736=ORIENTED_EDGE('',*,*,#1324,.T.);
#737=ORIENTED_EDGE('',*,*,#1481,.T.);
#738=ORIENTED_EDGE('',*,*,#1424,.T.);
#739=ORIENTED_EDGE('',*,*,#1472,.T.);
#740=ORIENTED_EDGE('',*,*,#1482,.T.);
#741=ORIENTED_EDGE('',*,*,#1483,.T.);
#742=ORIENTED_EDGE('',*,*,#1436,.T.);
#743=ORIENTED_EDGE('',*,*,#1484,.T.);
#744=ORIENTED_EDGE('',*,*,#1457,.T.);
#745=ORIENTED_EDGE('',*,*,#1485,.T.);
#746=ORIENTED_EDGE('',*,*,#1433,.F.);
#747=ORIENTED_EDGE('',*,*,#1486,.T.);
#748=ORIENTED_EDGE('',*,*,#1487,.T.);
#749=ORIENTED_EDGE('',*,*,#1422,.T.);
#750=ORIENTED_EDGE('',*,*,#1488,.T.);
#751=ORIENTED_EDGE('',*,*,#1489,.T.);
#752=ORIENTED_EDGE('',*,*,#1468,.T.);
#753=ORIENTED_EDGE('',*,*,#1490,.T.);
#754=ORIENTED_EDGE('',*,*,#1491,.T.);
#755=ORIENTED_EDGE('',*,*,#1427,.T.);
#756=ORIENTED_EDGE('',*,*,#1492,.T.);
#757=ORIENTED_EDGE('',*,*,#1460,.T.);
#758=ORIENTED_EDGE('',*,*,#1493,.T.);
#759=ORIENTED_EDGE('',*,*,#1430,.F.);
#760=ORIENTED_EDGE('',*,*,#1420,.F.);
#761=ORIENTED_EDGE('',*,*,#1466,.T.);
#762=ORIENTED_EDGE('',*,*,#1494,.T.);
#763=ORIENTED_EDGE('',*,*,#1495,.T.);
#764=ORIENTED_EDGE('',*,*,#1445,.T.);
#765=ORIENTED_EDGE('',*,*,#1496,.T.);
#766=ORIENTED_EDGE('',*,*,#1450,.T.);
#767=ORIENTED_EDGE('',*,*,#1497,.T.);
#768=ORIENTED_EDGE('',*,*,#1448,.F.);
#769=ORIENTED_EDGE('',*,*,#1498,.T.);
#770=ORIENTED_EDGE('',*,*,#1499,.T.);
#771=ORIENTED_EDGE('',*,*,#1418,.F.);
#772=ORIENTED_EDGE('',*,*,#1500,.T.);
#773=ORIENTED_EDGE('',*,*,#1501,.T.);
#774=ORIENTED_EDGE('',*,*,#1462,.T.);
#775=ORIENTED_EDGE('',*,*,#1502,.T.);
#776=ORIENTED_EDGE('',*,*,#1503,.T.);
#777=ORIENTED_EDGE('',*,*,#1439,.T.);
#778=ORIENTED_EDGE('',*,*,#1504,.T.);
#779=ORIENTED_EDGE('',*,*,#1454,.T.);
#780=ORIENTED_EDGE('',*,*,#1505,.T.);
#781=ORIENTED_EDGE('',*,*,#1441,.F.);
#782=ORIENTED_EDGE('',*,*,#1333,.F.);
#783=ORIENTED_EDGE('',*,*,#1325,.T.);
#784=ORIENTED_EDGE('',*,*,#1317,.T.);
#785=ORIENTED_EDGE('',*,*,#1309,.T.);
#786=ORIENTED_EDGE('',*,*,#1506,.F.);
#787=ORIENTED_EDGE('',*,*,#1348,.T.);
#788=ORIENTED_EDGE('',*,*,#1425,.F.);
#789=ORIENTED_EDGE('',*,*,#1506,.T.);
#790=ORIENTED_EDGE('',*,*,#1507,.F.);
#791=ORIENTED_EDGE('',*,*,#1347,.T.);
#792=ORIENTED_EDGE('',*,*,#1423,.F.);
#793=ORIENTED_EDGE('',*,*,#1507,.T.);
#794=ORIENTED_EDGE('',*,*,#1508,.T.);
#795=ORIENTED_EDGE('',*,*,#1346,.F.);
#796=ORIENTED_EDGE('',*,*,#1508,.F.);
#797=ORIENTED_EDGE('',*,*,#1421,.T.);
#798=ORIENTED_EDGE('',*,*,#1509,.T.);
#799=ORIENTED_EDGE('',*,*,#1381,.F.);
#800=ORIENTED_EDGE('',*,*,#1509,.F.);
#801=ORIENTED_EDGE('',*,*,#1419,.T.);
#802=ORIENTED_EDGE('',*,*,#1402,.F.);
#803=ORIENTED_EDGE('',*,*,#1510,.T.);
#804=ORIENTED_EDGE('',*,*,#1299,.T.);
#805=ORIENTED_EDGE('',*,*,#1511,.T.);
#806=ORIENTED_EDGE('',*,*,#1393,.F.);
#807=ORIENTED_EDGE('',*,*,#1512,.T.);
#808=ORIENTED_EDGE('',*,*,#1303,.T.);
#809=ORIENTED_EDGE('',*,*,#1513,.T.);
#810=ORIENTED_EDGE('',*,*,#1411,.F.);
#811=ORIENTED_EDGE('',*,*,#1514,.T.);
#812=ORIENTED_EDGE('',*,*,#1295,.T.);
#813=ORIENTED_EDGE('',*,*,#1515,.T.);
#814=ORIENTED_EDGE('',*,*,#1384,.F.);
#815=ORIENTED_EDGE('',*,*,#1516,.T.);
#816=ORIENTED_EDGE('',*,*,#1307,.T.);
#817=ORIENTED_EDGE('',*,*,#1517,.T.);
#818=ORIENTED_EDGE('',*,*,#1518,.T.);
#819=ORIENTED_EDGE('',*,*,#1519,.T.);
#820=ORIENTED_EDGE('',*,*,#1520,.T.);
#821=ORIENTED_EDGE('',*,*,#1413,.F.);
#822=ORIENTED_EDGE('',*,*,#1521,.T.);
#823=ORIENTED_EDGE('',*,*,#1293,.T.);
#824=ORIENTED_EDGE('',*,*,#1522,.T.);
#825=ORIENTED_EDGE('',*,*,#1382,.F.);
#826=ORIENTED_EDGE('',*,*,#1523,.T.);
#827=ORIENTED_EDGE('',*,*,#1524,.T.);
#828=ORIENTED_EDGE('',*,*,#1525,.T.);
#829=ORIENTED_EDGE('',*,*,#1395,.F.);
#830=ORIENTED_EDGE('',*,*,#1526,.T.);
#831=ORIENTED_EDGE('',*,*,#1301,.T.);
#832=ORIENTED_EDGE('',*,*,#1527,.T.);
#833=ORIENTED_EDGE('',*,*,#1400,.F.);
#834=ORIENTED_EDGE('',*,*,#1528,.T.);
#835=ORIENTED_EDGE('',*,*,#1529,.T.);
#836=ORIENTED_EDGE('',*,*,#1530,.T.);
#837=ORIENTED_EDGE('',*,*,#1386,.F.);
#838=ORIENTED_EDGE('',*,*,#1531,.T.);
#839=ORIENTED_EDGE('',*,*,#1305,.T.);
#840=ORIENTED_EDGE('',*,*,#1532,.T.);
#841=ORIENTED_EDGE('',*,*,#1391,.F.);
#842=ORIENTED_EDGE('',*,*,#1533,.T.);
#843=ORIENTED_EDGE('',*,*,#1534,.T.);
#844=ORIENTED_EDGE('',*,*,#1535,.T.);
#845=ORIENTED_EDGE('',*,*,#1404,.F.);
#846=ORIENTED_EDGE('',*,*,#1536,.T.);
#847=ORIENTED_EDGE('',*,*,#1297,.T.);
#848=ORIENTED_EDGE('',*,*,#1537,.T.);
#849=ORIENTED_EDGE('',*,*,#1409,.F.);
#850=ORIENTED_EDGE('',*,*,#1538,.F.);
#851=ORIENTED_EDGE('',*,*,#1257,.F.);
#852=ORIENTED_EDGE('',*,*,#1397,.F.);
#853=ORIENTED_EDGE('',*,*,#1260,.F.);
#854=ORIENTED_EDGE('',*,*,#1539,.F.);
#855=ORIENTED_EDGE('',*,*,#1250,.F.);
#856=ORIENTED_EDGE('',*,*,#1398,.F.);
#857=ORIENTED_EDGE('',*,*,#1255,.F.);
#858=ORIENTED_EDGE('',*,*,#1540,.F.);
#859=ORIENTED_EDGE('',*,*,#1523,.F.);
#860=ORIENTED_EDGE('',*,*,#1399,.F.);
#861=ORIENTED_EDGE('',*,*,#1252,.F.);
#862=ORIENTED_EDGE('',*,*,#1541,.F.);
#863=ORIENTED_EDGE('',*,*,#1258,.F.);
#864=ORIENTED_EDGE('',*,*,#1396,.F.);
#865=ORIENTED_EDGE('',*,*,#1525,.F.);
#866=ORIENTED_EDGE('',*,*,#1542,.F.);
#867=ORIENTED_EDGE('',*,*,#1238,.F.);
#868=ORIENTED_EDGE('',*,*,#1389,.F.);
#869=ORIENTED_EDGE('',*,*,#1243,.F.);
#870=ORIENTED_EDGE('',*,*,#1543,.F.);
#871=ORIENTED_EDGE('',*,*,#1528,.F.);
#872=ORIENTED_EDGE('',*,*,#1390,.F.);
#873=ORIENTED_EDGE('',*,*,#1240,.F.);
#874=ORIENTED_EDGE('',*,*,#1544,.F.);
#875=ORIENTED_EDGE('',*,*,#1245,.F.);
#876=ORIENTED_EDGE('',*,*,#1388,.F.);
#877=ORIENTED_EDGE('',*,*,#1248,.F.);
#878=ORIENTED_EDGE('',*,*,#1545,.F.);
#879=ORIENTED_EDGE('',*,*,#1246,.F.);
#880=ORIENTED_EDGE('',*,*,#1387,.F.);
#881=ORIENTED_EDGE('',*,*,#1530,.F.);
#882=ORIENTED_EDGE('',*,*,#1546,.F.);
#883=ORIENTED_EDGE('',*,*,#1273,.F.);
#884=ORIENTED_EDGE('',*,*,#1415,.F.);
#885=ORIENTED_EDGE('',*,*,#1264,.F.);
#886=ORIENTED_EDGE('',*,*,#1547,.F.);
#887=ORIENTED_EDGE('',*,*,#1266,.F.);
#888=ORIENTED_EDGE('',*,*,#1416,.F.);
#889=ORIENTED_EDGE('',*,*,#1271,.F.);
#890=ORIENTED_EDGE('',*,*,#1548,.F.);
#891=ORIENTED_EDGE('',*,*,#1518,.F.);
#892=ORIENTED_EDGE('',*,*,#1417,.F.);
#893=ORIENTED_EDGE('',*,*,#1268,.F.);
#894=ORIENTED_EDGE('',*,*,#1549,.F.);
#895=ORIENTED_EDGE('',*,*,#1262,.F.);
#896=ORIENTED_EDGE('',*,*,#1414,.F.);
#897=ORIENTED_EDGE('',*,*,#1520,.F.);
#898=ORIENTED_EDGE('',*,*,#1550,.F.);
#899=ORIENTED_EDGE('',*,*,#1226,.F.);
#900=ORIENTED_EDGE('',*,*,#1407,.F.);
#901=ORIENTED_EDGE('',*,*,#1231,.F.);
#902=ORIENTED_EDGE('',*,*,#1551,.F.);
#903=ORIENTED_EDGE('',*,*,#1533,.F.);
#904=ORIENTED_EDGE('',*,*,#1408,.F.);
#905=ORIENTED_EDGE('',*,*,#1228,.F.);
#906=ORIENTED_EDGE('',*,*,#1552,.F.);
#907=ORIENTED_EDGE('',*,*,#1234,.F.);
#908=ORIENTED_EDGE('',*,*,#1405,.F.);
#909=ORIENTED_EDGE('',*,*,#1535,.F.);
#910=ORIENTED_EDGE('',*,*,#1553,.F.);
#911=ORIENTED_EDGE('',*,*,#1233,.F.);
#912=ORIENTED_EDGE('',*,*,#1406,.F.);
#913=ORIENTED_EDGE('',*,*,#1236,.F.);
#914=ORIENTED_EDGE('',*,*,#1412,.T.);
#915=ORIENTED_EDGE('',*,*,#1515,.F.);
#916=ORIENTED_EDGE('',*,*,#1294,.F.);
#917=ORIENTED_EDGE('',*,*,#1521,.F.);
#918=ORIENTED_EDGE('',*,*,#1537,.F.);
#919=ORIENTED_EDGE('',*,*,#1296,.T.);
#920=ORIENTED_EDGE('',*,*,#1514,.F.);
#921=ORIENTED_EDGE('',*,*,#1410,.F.);
#922=ORIENTED_EDGE('',*,*,#1403,.T.);
#923=ORIENTED_EDGE('',*,*,#1511,.F.);
#924=ORIENTED_EDGE('',*,*,#1298,.F.);
#925=ORIENTED_EDGE('',*,*,#1536,.F.);
#926=ORIENTED_EDGE('',*,*,#1527,.F.);
#927=ORIENTED_EDGE('',*,*,#1300,.T.);
#928=ORIENTED_EDGE('',*,*,#1510,.F.);
#929=ORIENTED_EDGE('',*,*,#1401,.F.);
#930=ORIENTED_EDGE('',*,*,#1394,.T.);
#931=ORIENTED_EDGE('',*,*,#1513,.F.);
#932=ORIENTED_EDGE('',*,*,#1302,.F.);
#933=ORIENTED_EDGE('',*,*,#1526,.F.);
#934=ORIENTED_EDGE('',*,*,#1532,.F.);
#935=ORIENTED_EDGE('',*,*,#1304,.T.);
#936=ORIENTED_EDGE('',*,*,#1512,.F.);
#937=ORIENTED_EDGE('',*,*,#1392,.F.);
#938=ORIENTED_EDGE('',*,*,#1385,.T.);
#939=ORIENTED_EDGE('',*,*,#1517,.F.);
#940=ORIENTED_EDGE('',*,*,#1306,.F.);
#941=ORIENTED_EDGE('',*,*,#1531,.F.);
#942=ORIENTED_EDGE('',*,*,#1522,.F.);
#943=ORIENTED_EDGE('',*,*,#1292,.T.);
#944=ORIENTED_EDGE('',*,*,#1516,.F.);
#945=ORIENTED_EDGE('',*,*,#1383,.F.);
#946=ORIENTED_EDGE('',*,*,#1496,.F.);
#947=ORIENTED_EDGE('',*,*,#1444,.F.);
#948=ORIENTED_EDGE('',*,*,#1350,.F.);
#949=ORIENTED_EDGE('',*,*,#1451,.F.);
#950=ORIENTED_EDGE('',*,*,#1495,.F.);
#951=ORIENTED_EDGE('',*,*,#1554,.T.);
#952=ORIENTED_EDGE('',*,*,#1335,.F.);
#953=ORIENTED_EDGE('',*,*,#1474,.F.);
#954=ORIENTED_EDGE('',*,*,#1352,.F.);
#955=ORIENTED_EDGE('',*,*,#1446,.F.);
#956=ORIENTED_EDGE('',*,*,#1331,.F.);
#957=ORIENTED_EDGE('',*,*,#1555,.T.);
#958=ORIENTED_EDGE('',*,*,#1488,.F.);
#959=ORIENTED_EDGE('',*,*,#1429,.F.);
#960=ORIENTED_EDGE('',*,*,#1354,.F.);
#961=ORIENTED_EDGE('',*,*,#1475,.F.);
#962=ORIENTED_EDGE('',*,*,#1493,.F.);
#963=ORIENTED_EDGE('',*,*,#1459,.F.);
#964=ORIENTED_EDGE('',*,*,#1356,.F.);
#965=ORIENTED_EDGE('',*,*,#1431,.F.);
#966=ORIENTED_EDGE('',*,*,#1492,.F.);
#967=ORIENTED_EDGE('',*,*,#1426,.F.);
#968=ORIENTED_EDGE('',*,*,#1358,.F.);
#969=ORIENTED_EDGE('',*,*,#1461,.F.);
#970=ORIENTED_EDGE('',*,*,#1491,.F.);
#971=ORIENTED_EDGE('',*,*,#1556,.T.);
#972=ORIENTED_EDGE('',*,*,#1327,.F.);
#973=ORIENTED_EDGE('',*,*,#1480,.F.);
#974=ORIENTED_EDGE('',*,*,#1360,.F.);
#975=ORIENTED_EDGE('',*,*,#1428,.F.);
#976=ORIENTED_EDGE('',*,*,#1323,.F.);
#977=ORIENTED_EDGE('',*,*,#1557,.T.);
#978=ORIENTED_EDGE('',*,*,#1486,.F.);
#979=ORIENTED_EDGE('',*,*,#1432,.F.);
#980=ORIENTED_EDGE('',*,*,#1362,.F.);
#981=ORIENTED_EDGE('',*,*,#1481,.F.);
#982=ORIENTED_EDGE('',*,*,#1485,.F.);
#983=ORIENTED_EDGE('',*,*,#1456,.F.);
#984=ORIENTED_EDGE('',*,*,#1364,.F.);
#985=ORIENTED_EDGE('',*,*,#1434,.F.);
#986=ORIENTED_EDGE('',*,*,#1505,.F.);
#987=ORIENTED_EDGE('',*,*,#1453,.F.);
#988=ORIENTED_EDGE('',*,*,#1372,.F.);
#989=ORIENTED_EDGE('',*,*,#1442,.F.);
#990=ORIENTED_EDGE('',*,*,#1484,.F.);
#991=ORIENTED_EDGE('',*,*,#1435,.F.);
#992=ORIENTED_EDGE('',*,*,#1366,.F.);
#993=ORIENTED_EDGE('',*,*,#1458,.F.);
#994=ORIENTED_EDGE('',*,*,#1483,.F.);
#995=ORIENTED_EDGE('',*,*,#1558,.T.);
#996=ORIENTED_EDGE('',*,*,#1319,.F.);
#997=ORIENTED_EDGE('',*,*,#1478,.F.);
#998=ORIENTED_EDGE('',*,*,#1368,.F.);
#999=ORIENTED_EDGE('',*,*,#1437,.F.);
#1000=ORIENTED_EDGE('',*,*,#1315,.F.);
#1001=ORIENTED_EDGE('',*,*,#1559,.T.);
#1002=ORIENTED_EDGE('',*,*,#1500,.F.);
#1003=ORIENTED_EDGE('',*,*,#1443,.F.);
#1004=ORIENTED_EDGE('',*,*,#1370,.F.);
#1005=ORIENTED_EDGE('',*,*,#1479,.F.);
#1006=ORIENTED_EDGE('',*,*,#1504,.F.);
#1007=ORIENTED_EDGE('',*,*,#1438,.F.);
#1008=ORIENTED_EDGE('',*,*,#1374,.F.);
#1009=ORIENTED_EDGE('',*,*,#1455,.F.);
#1010=ORIENTED_EDGE('',*,*,#1503,.F.);
#1011=ORIENTED_EDGE('',*,*,#1560,.T.);
#1012=ORIENTED_EDGE('',*,*,#1311,.F.);
#1013=ORIENTED_EDGE('',*,*,#1476,.F.);
#1014=ORIENTED_EDGE('',*,*,#1376,.F.);
#1015=ORIENTED_EDGE('',*,*,#1440,.F.);
#1016=ORIENTED_EDGE('',*,*,#1339,.F.);
#1017=ORIENTED_EDGE('',*,*,#1561,.T.);
#1018=ORIENTED_EDGE('',*,*,#1498,.F.);
#1019=ORIENTED_EDGE('',*,*,#1447,.F.);
#1020=ORIENTED_EDGE('',*,*,#1378,.F.);
#1021=ORIENTED_EDGE('',*,*,#1477,.F.);
#1022=ORIENTED_EDGE('',*,*,#1497,.F.);
#1023=ORIENTED_EDGE('',*,*,#1452,.F.);
#1024=ORIENTED_EDGE('',*,*,#1380,.F.);
#1025=ORIENTED_EDGE('',*,*,#1449,.F.);
#1026=ORIENTED_EDGE('',*,*,#1287,.F.);
#1027=ORIENTED_EDGE('',*,*,#1562,.F.);
#1028=ORIENTED_EDGE('',*,*,#1563,.T.);
#1029=ORIENTED_EDGE('',*,*,#1564,.T.);
#1030=ORIENTED_EDGE('',*,*,#1286,.F.);
#1031=ORIENTED_EDGE('',*,*,#1565,.F.);
#1032=ORIENTED_EDGE('',*,*,#1566,.T.);
#1033=ORIENTED_EDGE('',*,*,#1562,.T.);
#1034=ORIENTED_EDGE('',*,*,#1291,.F.);
#1035=ORIENTED_EDGE('',*,*,#1567,.F.);
#1036=ORIENTED_EDGE('',*,*,#1568,.T.);
#1037=ORIENTED_EDGE('',*,*,#1565,.T.);
#1038=ORIENTED_EDGE('',*,*,#1290,.F.);
#1039=ORIENTED_EDGE('',*,*,#1569,.F.);
#1040=ORIENTED_EDGE('',*,*,#1570,.T.);
#1041=ORIENTED_EDGE('',*,*,#1567,.T.);
#1042=ORIENTED_EDGE('',*,*,#1289,.F.);
#1043=ORIENTED_EDGE('',*,*,#1571,.F.);
#1044=ORIENTED_EDGE('',*,*,#1572,.T.);
#1045=ORIENTED_EDGE('',*,*,#1569,.T.);
#1046=ORIENTED_EDGE('',*,*,#1288,.F.);
#1047=ORIENTED_EDGE('',*,*,#1564,.F.);
#1048=ORIENTED_EDGE('',*,*,#1573,.T.);
#1049=ORIENTED_EDGE('',*,*,#1571,.T.);
#1050=ORIENTED_EDGE('',*,*,#1563,.F.);
#1051=ORIENTED_EDGE('',*,*,#1566,.F.);
#1052=ORIENTED_EDGE('',*,*,#1568,.F.);
#1053=ORIENTED_EDGE('',*,*,#1570,.F.);
#1054=ORIENTED_EDGE('',*,*,#1572,.F.);
#1055=ORIENTED_EDGE('',*,*,#1573,.F.);
#1056=ORIENTED_EDGE('',*,*,#1224,.F.);
#1057=ORIENTED_EDGE('',*,*,#1274,.T.);
#1058=ORIENTED_EDGE('',*,*,#1574,.F.);
#1059=ORIENTED_EDGE('',*,*,#1575,.F.);
#1060=ORIENTED_EDGE('',*,*,#1576,.T.);
#1061=ORIENTED_EDGE('',*,*,#1279,.T.);
#1062=ORIENTED_EDGE('',*,*,#1577,.F.);
#1063=ORIENTED_EDGE('',*,*,#1578,.F.);
#1064=ORIENTED_EDGE('',*,*,#1574,.T.);
#1065=ORIENTED_EDGE('',*,*,#1278,.T.);
#1066=ORIENTED_EDGE('',*,*,#1579,.F.);
#1067=ORIENTED_EDGE('',*,*,#1580,.F.);
#1068=ORIENTED_EDGE('',*,*,#1577,.T.);
#1069=ORIENTED_EDGE('',*,*,#1277,.T.);
#1070=ORIENTED_EDGE('',*,*,#1581,.F.);
#1071=ORIENTED_EDGE('',*,*,#1582,.F.);
#1072=ORIENTED_EDGE('',*,*,#1579,.T.);
#1073=ORIENTED_EDGE('',*,*,#1276,.T.);
#1074=ORIENTED_EDGE('',*,*,#1583,.F.);
#1075=ORIENTED_EDGE('',*,*,#1584,.F.);
#1076=ORIENTED_EDGE('',*,*,#1581,.T.);
#1077=ORIENTED_EDGE('',*,*,#1275,.T.);
#1078=ORIENTED_EDGE('',*,*,#1576,.F.);
#1079=ORIENTED_EDGE('',*,*,#1585,.F.);
#1080=ORIENTED_EDGE('',*,*,#1583,.T.);
#1081=ORIENTED_EDGE('',*,*,#1222,.F.);
#1082=ORIENTED_EDGE('',*,*,#1575,.T.);
#1083=ORIENTED_EDGE('',*,*,#1578,.T.);
#1084=ORIENTED_EDGE('',*,*,#1580,.T.);
#1085=ORIENTED_EDGE('',*,*,#1582,.T.);
#1086=ORIENTED_EDGE('',*,*,#1584,.T.);
#1087=ORIENTED_EDGE('',*,*,#1585,.T.);
#1088=ORIENTED_EDGE('',*,*,#1341,.F.);
#1089=ORIENTED_EDGE('',*,*,#1586,.F.);
#1090=ORIENTED_EDGE('',*,*,#1587,.T.);
#1091=ORIENTED_EDGE('',*,*,#1588,.T.);
#1092=ORIENTED_EDGE('',*,*,#1340,.F.);
#1093=ORIENTED_EDGE('',*,*,#1589,.F.);
#1094=ORIENTED_EDGE('',*,*,#1590,.T.);
#1095=ORIENTED_EDGE('',*,*,#1586,.T.);
#1096=ORIENTED_EDGE('',*,*,#1345,.F.);
#1097=ORIENTED_EDGE('',*,*,#1591,.F.);
#1098=ORIENTED_EDGE('',*,*,#1592,.T.);
#1099=ORIENTED_EDGE('',*,*,#1589,.T.);
#1100=ORIENTED_EDGE('',*,*,#1344,.F.);
#1101=ORIENTED_EDGE('',*,*,#1593,.F.);
#1102=ORIENTED_EDGE('',*,*,#1594,.T.);
#1103=ORIENTED_EDGE('',*,*,#1591,.T.);
#1104=ORIENTED_EDGE('',*,*,#1343,.F.);
#1105=ORIENTED_EDGE('',*,*,#1595,.F.);
#1106=ORIENTED_EDGE('',*,*,#1596,.T.);
#1107=ORIENTED_EDGE('',*,*,#1593,.T.);
#1108=ORIENTED_EDGE('',*,*,#1342,.F.);
#1109=ORIENTED_EDGE('',*,*,#1588,.F.);
#1110=ORIENTED_EDGE('',*,*,#1597,.T.);
#1111=ORIENTED_EDGE('',*,*,#1595,.T.);
#1112=ORIENTED_EDGE('',*,*,#1587,.F.);
#1113=ORIENTED_EDGE('',*,*,#1590,.F.);
#1114=ORIENTED_EDGE('',*,*,#1592,.F.);
#1115=ORIENTED_EDGE('',*,*,#1594,.F.);
#1116=ORIENTED_EDGE('',*,*,#1596,.F.);
#1117=ORIENTED_EDGE('',*,*,#1597,.F.);
#1118=ORIENTED_EDGE('',*,*,#1220,.F.);
#1119=ORIENTED_EDGE('',*,*,#1280,.T.);
#1120=ORIENTED_EDGE('',*,*,#1598,.F.);
#1121=ORIENTED_EDGE('',*,*,#1599,.F.);
#1122=ORIENTED_EDGE('',*,*,#1600,.T.);
#1123=ORIENTED_EDGE('',*,*,#1285,.T.);
#1124=ORIENTED_EDGE('',*,*,#1601,.F.);
#1125=ORIENTED_EDGE('',*,*,#1602,.F.);
#1126=ORIENTED_EDGE('',*,*,#1598,.T.);
#1127=ORIENTED_EDGE('',*,*,#1284,.T.);
#1128=ORIENTED_EDGE('',*,*,#1603,.F.);
#1129=ORIENTED_EDGE('',*,*,#1604,.F.);
#1130=ORIENTED_EDGE('',*,*,#1601,.T.);
#1131=ORIENTED_EDGE('',*,*,#1283,.T.);
#1132=ORIENTED_EDGE('',*,*,#1605,.F.);
#1133=ORIENTED_EDGE('',*,*,#1606,.F.);
#1134=ORIENTED_EDGE('',*,*,#1603,.T.);
#1135=ORIENTED_EDGE('',*,*,#1282,.T.);
#1136=ORIENTED_EDGE('',*,*,#1607,.F.);
#1137=ORIENTED_EDGE('',*,*,#1608,.F.);
#1138=ORIENTED_EDGE('',*,*,#1605,.T.);
#1139=ORIENTED_EDGE('',*,*,#1281,.T.);
#1140=ORIENTED_EDGE('',*,*,#1600,.F.);
#1141=ORIENTED_EDGE('',*,*,#1609,.F.);
#1142=ORIENTED_EDGE('',*,*,#1607,.T.);
#1143=ORIENTED_EDGE('',*,*,#1218,.F.);
#1144=ORIENTED_EDGE('',*,*,#1599,.T.);
#1145=ORIENTED_EDGE('',*,*,#1602,.T.);
#1146=ORIENTED_EDGE('',*,*,#1604,.T.);
#1147=ORIENTED_EDGE('',*,*,#1606,.T.);
#1148=ORIENTED_EDGE('',*,*,#1608,.T.);
#1149=ORIENTED_EDGE('',*,*,#1609,.T.);
#1150=ORIENTED_EDGE('',*,*,#1501,.F.);
#1151=ORIENTED_EDGE('',*,*,#1559,.F.);
#1152=ORIENTED_EDGE('',*,*,#1314,.F.);
#1153=ORIENTED_EDGE('',*,*,#1463,.F.);
#1154=ORIENTED_EDGE('',*,*,#1336,.F.);
#1155=ORIENTED_EDGE('',*,*,#1554,.F.);
#1156=ORIENTED_EDGE('',*,*,#1494,.F.);
#1157=ORIENTED_EDGE('',*,*,#1465,.F.);
#1158=ORIENTED_EDGE('',*,*,#1312,.F.);
#1159=ORIENTED_EDGE('',*,*,#1560,.F.);
#1160=ORIENTED_EDGE('',*,*,#1502,.F.);
#1161=ORIENTED_EDGE('',*,*,#1464,.F.);
#1162=ORIENTED_EDGE('',*,*,#1499,.F.);
#1163=ORIENTED_EDGE('',*,*,#1561,.F.);
#1164=ORIENTED_EDGE('',*,*,#1338,.F.);
#1165=ORIENTED_EDGE('',*,*,#1467,.F.);
#1166=ORIENTED_EDGE('',*,*,#1489,.F.);
#1167=ORIENTED_EDGE('',*,*,#1555,.F.);
#1168=ORIENTED_EDGE('',*,*,#1330,.F.);
#1169=ORIENTED_EDGE('',*,*,#1469,.F.);
#1170=ORIENTED_EDGE('',*,*,#1328,.F.);
#1171=ORIENTED_EDGE('',*,*,#1556,.F.);
#1172=ORIENTED_EDGE('',*,*,#1490,.F.);
#1173=ORIENTED_EDGE('',*,*,#1470,.F.);
#1174=ORIENTED_EDGE('',*,*,#1320,.F.);
#1175=ORIENTED_EDGE('',*,*,#1558,.F.);
#1176=ORIENTED_EDGE('',*,*,#1482,.F.);
#1177=ORIENTED_EDGE('',*,*,#1471,.F.);
#1178=ORIENTED_EDGE('',*,*,#1487,.F.);
#1179=ORIENTED_EDGE('',*,*,#1557,.F.);
#1180=ORIENTED_EDGE('',*,*,#1322,.F.);
#1181=ORIENTED_EDGE('',*,*,#1473,.F.);
#1182=ORIENTED_EDGE('',*,*,#1225,.F.);
#1183=ORIENTED_EDGE('',*,*,#1270,.T.);
#1184=ORIENTED_EDGE('',*,*,#1546,.T.);
#1185=ORIENTED_EDGE('',*,*,#1263,.F.);
#1186=ORIENTED_EDGE('',*,*,#1549,.T.);
#1187=ORIENTED_EDGE('',*,*,#1519,.F.);
#1188=ORIENTED_EDGE('',*,*,#1548,.T.);
#1189=ORIENTED_EDGE('',*,*,#1267,.F.);
#1190=ORIENTED_EDGE('',*,*,#1547,.T.);
#1191=ORIENTED_EDGE('',*,*,#1223,.F.);
#1192=ORIENTED_EDGE('',*,*,#1227,.F.);
#1193=ORIENTED_EDGE('',*,*,#1550,.T.);
#1194=ORIENTED_EDGE('',*,*,#1230,.T.);
#1195=ORIENTED_EDGE('',*,*,#1553,.T.);
#1196=ORIENTED_EDGE('',*,*,#1235,.F.);
#1197=ORIENTED_EDGE('',*,*,#1552,.T.);
#1198=ORIENTED_EDGE('',*,*,#1534,.F.);
#1199=ORIENTED_EDGE('',*,*,#1551,.T.);
#1200=ORIENTED_EDGE('',*,*,#1221,.F.);
#1201=ORIENTED_EDGE('',*,*,#1254,.T.);
#1202=ORIENTED_EDGE('',*,*,#1538,.T.);
#1203=ORIENTED_EDGE('',*,*,#1259,.F.);
#1204=ORIENTED_EDGE('',*,*,#1541,.T.);
#1205=ORIENTED_EDGE('',*,*,#1524,.F.);
#1206=ORIENTED_EDGE('',*,*,#1540,.T.);
#1207=ORIENTED_EDGE('',*,*,#1251,.F.);
#1208=ORIENTED_EDGE('',*,*,#1539,.T.);
#1209=ORIENTED_EDGE('',*,*,#1219,.F.);
#1210=ORIENTED_EDGE('',*,*,#1239,.F.);
#1211=ORIENTED_EDGE('',*,*,#1542,.T.);
#1212=ORIENTED_EDGE('',*,*,#1242,.T.);
#1213=ORIENTED_EDGE('',*,*,#1544,.T.);
#1214=ORIENTED_EDGE('',*,*,#1247,.F.);
#1215=ORIENTED_EDGE('',*,*,#1545,.T.);
#1216=ORIENTED_EDGE('',*,*,#1529,.F.);
#1217=ORIENTED_EDGE('',*,*,#1543,.T.);
#1218=EDGE_CURVE('',#1610,#1610,#1878,.T.);
#1219=EDGE_CURVE('',#1611,#1611,#1879,.T.);
#1220=EDGE_CURVE('',#1612,#1612,#1880,.T.);
#1221=EDGE_CURVE('',#1613,#1613,#1881,.T.);
#1222=EDGE_CURVE('',#1614,#1614,#1882,.T.);
#1223=EDGE_CURVE('',#1615,#1615,#1883,.T.);
#1224=EDGE_CURVE('',#1616,#1616,#1884,.T.);
#1225=EDGE_CURVE('',#1617,#1617,#1885,.T.);
#1226=EDGE_CURVE('',#1618,#1619,#66,.F.);
#1227=EDGE_CURVE('',#1619,#1620,#1886,.T.);
#1228=EDGE_CURVE('',#1620,#1621,#67,.T.);
#1229=EDGE_CURVE('',#1618,#1621,#1887,.T.);
#1230=EDGE_CURVE('',#1622,#1623,#1888,.T.);
#1231=EDGE_CURVE('',#1622,#1624,#68,.T.);
#1232=EDGE_CURVE('',#1624,#1625,#1889,.T.);
#1233=EDGE_CURVE('',#1625,#1623,#69,.F.);
#1234=EDGE_CURVE('',#1626,#1627,#70,.F.);
#1235=EDGE_CURVE('',#1627,#1628,#1890,.T.);
#1236=EDGE_CURVE('',#1628,#1629,#71,.T.);
#1237=EDGE_CURVE('',#1626,#1629,#1891,.T.);
#1238=EDGE_CURVE('',#1630,#1631,#72,.F.);
#1239=EDGE_CURVE('',#1631,#1632,#1892,.T.);
#1240=EDGE_CURVE('',#1632,#1633,#73,.T.);
#1241=EDGE_CURVE('',#1630,#1633,#1893,.T.);
#1242=EDGE_CURVE('',#1634,#1635,#1894,.T.);
#1243=EDGE_CURVE('',#1634,#1636,#74,.T.);
#1244=EDGE_CURVE('',#1636,#1637,#1895,.T.);
#1245=EDGE_CURVE('',#1637,#1635,#75,.F.);
#1246=EDGE_CURVE('',#1638,#1639,#76,.F.);
#1247=EDGE_CURVE('',#1639,#1640,#1896,.T.);
#1248=EDGE_CURVE('',#1640,#1641,#77,.T.);
#1249=EDGE_CURVE('',#1638,#1641,#1897,.T.);
#1250=EDGE_CURVE('',#1642,#1643,#78,.F.);
#1251=EDGE_CURVE('',#1643,#1644,#1898,.T.);
#1252=EDGE_CURVE('',#1644,#1645,#79,.T.);
#1253=EDGE_CURVE('',#1642,#1645,#1899,.T.);
#1254=EDGE_CURVE('',#1646,#1647,#1900,.T.);
#1255=EDGE_CURVE('',#1646,#1648,#80,.T.);
#1256=EDGE_CURVE('',#1648,#1649,#1901,.T.);
#1257=EDGE_CURVE('',#1649,#1647,#81,.F.);
#1258=EDGE_CURVE('',#1650,#1651,#82,.F.);
#1259=EDGE_CURVE('',#1651,#1652,#1902,.T.);
#1260=EDGE_CURVE('',#1652,#1653,#83,.T.);
#1261=EDGE_CURVE('',#1650,#1653,#1903,.T.);
#1262=EDGE_CURVE('',#1654,#1655,#84,.F.);
#1263=EDGE_CURVE('',#1655,#1656,#1904,.T.);
#1264=EDGE_CURVE('',#1656,#1657,#85,.T.);
#1265=EDGE_CURVE('',#1654,#1657,#1905,.T.);
#1266=EDGE_CURVE('',#1658,#1659,#86,.F.);
#1267=EDGE_CURVE('',#1659,#1660,#1906,.T.);
#1268=EDGE_CURVE('',#1660,#1661,#87,.T.);
#1269=EDGE_CURVE('',#1658,#1661,#1907,.T.);
#1270=EDGE_CURVE('',#1662,#1663,#1908,.T.);
#1271=EDGE_CURVE('',#1662,#1664,#88,.T.);
#1272=EDGE_CURVE('',#1664,#1665,#1909,.T.);
#1273=EDGE_CURVE('',#1665,#1663,#89,.F.);
#1274=EDGE_CURVE('',#1666,#1667,#90,.T.);
#1275=EDGE_CURVE('',#1668,#1666,#91,.T.);
#1276=EDGE_CURVE('',#1669,#1668,#92,.T.);
#1277=EDGE_CURVE('',#1670,#1669,#93,.T.);
#1278=EDGE_CURVE('',#1671,#1670,#94,.T.);
#1279=EDGE_CURVE('',#1667,#1671,#95,.T.);
#1280=EDGE_CURVE('',#1672,#1673,#96,.T.);
#1281=EDGE_CURVE('',#1674,#1672,#97,.T.);
#1282=EDGE_CURVE('',#1675,#1674,#98,.T.);
#1283=EDGE_CURVE('',#1676,#1675,#99,.T.);
#1284=EDGE_CURVE('',#1677,#1676,#100,.T.);
#1285=EDGE_CURVE('',#1673,#1677,#101,.T.);
#1286=EDGE_CURVE('',#1678,#1679,#102,.T.);
#1287=EDGE_CURVE('',#1679,#1680,#103,.T.);
#1288=EDGE_CURVE('',#1680,#1681,#104,.T.);
#1289=EDGE_CURVE('',#1681,#1682,#105,.T.);
#1290=EDGE_CURVE('',#1682,#1683,#106,.T.);
#1291=EDGE_CURVE('',#1683,#1678,#107,.T.);
#1292=EDGE_CURVE('',#1684,#1685,#1910,.T.);
#1293=EDGE_CURVE('',#1686,#1684,#1911,.T.);
#1294=EDGE_CURVE('',#1686,#1687,#1912,.T.);
#1295=EDGE_CURVE('',#1688,#1687,#1913,.T.);
#1296=EDGE_CURVE('',#1689,#1688,#1914,.T.);
#1297=EDGE_CURVE('',#1690,#1689,#1915,.T.);
#1298=EDGE_CURVE('',#1690,#1691,#1916,.T.);
#1299=EDGE_CURVE('',#1692,#1691,#1917,.T.);
#1300=EDGE_CURVE('',#1693,#1692,#1918,.T.);
#1301=EDGE_CURVE('',#1694,#1693,#1919,.T.);
#1302=EDGE_CURVE('',#1694,#1695,#1920,.T.);
#1303=EDGE_CURVE('',#1696,#1695,#1921,.T.);
#1304=EDGE_CURVE('',#1697,#1696,#1922,.T.);
#1305=EDGE_CURVE('',#1698,#1697,#1923,.T.);
#1306=EDGE_CURVE('',#1698,#1699,#1924,.T.);
#1307=EDGE_CURVE('',#1685,#1699,#1925,.T.);
#1308=EDGE_CURVE('',#1700,#1701,#1926,.T.);
#1309=EDGE_CURVE('',#1700,#1700,#1927,.T.);
#1310=EDGE_CURVE('',#1702,#1700,#1928,.T.);
#1311=EDGE_CURVE('',#1702,#1703,#1929,.F.);
#1312=EDGE_CURVE('',#1703,#1704,#1930,.F.);
#1313=EDGE_CURVE('',#1705,#1704,#1931,.T.);
#1314=EDGE_CURVE('',#1705,#1706,#1932,.F.);
#1315=EDGE_CURVE('',#1706,#1707,#1933,.F.);
#1316=EDGE_CURVE('',#1708,#1707,#1934,.T.);
#1317=EDGE_CURVE('',#1708,#1708,#1935,.T.);
#1318=EDGE_CURVE('',#1709,#1708,#1936,.T.);
#1319=EDGE_CURVE('',#1709,#1710,#1937,.F.);
#1320=EDGE_CURVE('',#1710,#1711,#1938,.F.);
#1321=EDGE_CURVE('',#1712,#1711,#1939,.T.);
#1322=EDGE_CURVE('',#1712,#1713,#1940,.F.);
#1323=EDGE_CURVE('',#1713,#1714,#1941,.F.);
#1324=EDGE_CURVE('',#1715,#1714,#1942,.T.);
#1325=EDGE_CURVE('',#1715,#1715,#1943,.T.);
#1326=EDGE_CURVE('',#1716,#1715,#1944,.T.);
#1327=EDGE_CURVE('',#1716,#1717,#1945,.F.);
#1328=EDGE_CURVE('',#1717,#1718,#1946,.F.);
#1329=EDGE_CURVE('',#1719,#1718,#1947,.T.);
#1330=EDGE_CURVE('',#1719,#1720,#1948,.F.);
#1331=EDGE_CURVE('',#1720,#1721,#1949,.F.);
#1332=EDGE_CURVE('',#1722,#1721,#1950,.T.);
#1333=EDGE_CURVE('',#1722,#1722,#1951,.F.);
#1334=EDGE_CURVE('',#1723,#1722,#1952,.T.);
#1335=EDGE_CURVE('',#1723,#1724,#1953,.F.);
#1336=EDGE_CURVE('',#1724,#1725,#1954,.F.);
#1337=EDGE_CURVE('',#1726,#1725,#1955,.T.);
#1338=EDGE_CURVE('',#1726,#1727,#1956,.F.);
#1339=EDGE_CURVE('',#1727,#1701,#1957,.F.);
#1340=EDGE_CURVE('',#1728,#1729,#108,.T.);
#1341=EDGE_CURVE('',#1729,#1730,#109,.T.);
#1342=EDGE_CURVE('',#1730,#1731,#110,.T.);
#1343=EDGE_CURVE('',#1731,#1732,#111,.T.);
#1344=EDGE_CURVE('',#1732,#1733,#112,.T.);
#1345=EDGE_CURVE('',#1733,#1728,#113,.T.);
#1346=EDGE_CURVE('',#1734,#1734,#1958,.T.);
#1347=EDGE_CURVE('',#1735,#1735,#1959,.T.);
#1348=EDGE_CURVE('',#1736,#1736,#1960,.T.);
#1349=EDGE_CURVE('',#1737,#1738,#1961,.T.);
#1350=EDGE_CURVE('',#1738,#1739,#1962,.F.);
#1351=EDGE_CURVE('',#1740,#1739,#114,.T.);
#1352=EDGE_CURVE('',#1740,#1741,#1963,.T.);
#1353=EDGE_CURVE('',#1742,#1741,#1964,.F.);
#1354=EDGE_CURVE('',#1742,#1743,#1965,.T.);
#1355=EDGE_CURVE('',#1743,#1744,#115,.T.);
#1356=EDGE_CURVE('',#1744,#1745,#1966,.F.);
#1357=EDGE_CURVE('',#1745,#1746,#1967,.T.);
#1358=EDGE_CURVE('',#1746,#1747,#1968,.F.);
#1359=EDGE_CURVE('',#1748,#1747,#116,.T.);
#1360=EDGE_CURVE('',#1748,#1749,#1969,.T.);
#1361=EDGE_CURVE('',#1750,#1749,#1970,.F.);
#1362=EDGE_CURVE('',#1750,#1751,#1971,.T.);
#1363=EDGE_CURVE('',#1751,#1752,#117,.T.);
#1364=EDGE_CURVE('',#1752,#1753,#1972,.F.);
#1365=EDGE_CURVE('',#1753,#1754,#1973,.T.);
#1366=EDGE_CURVE('',#1754,#1755,#1974,.F.);
#1367=EDGE_CURVE('',#1756,#1755,#118,.T.);
#1368=EDGE_CURVE('',#1756,#1757,#1975,.T.);
#1369=EDGE_CURVE('',#1758,#1757,#1976,.F.);
#1370=EDGE_CURVE('',#1758,#1759,#1977,.T.);
#1371=EDGE_CURVE('',#1759,#1760,#119,.T.);
#1372=EDGE_CURVE('',#1760,#1761,#1978,.F.);
#1373=EDGE_CURVE('',#1761,#1762,#1979,.T.);
#1374=EDGE_CURVE('',#1762,#1763,#1980,.F.);
#1375=EDGE_CURVE('',#1764,#1763,#120,.T.);
#1376=EDGE_CURVE('',#1764,#1765,#1981,.T.);
#1377=EDGE_CURVE('',#1766,#1765,#1982,.F.);
#1378=EDGE_CURVE('',#1766,#1767,#1983,.T.);
#1379=EDGE_CURVE('',#1767,#1768,#121,.T.);
#1380=EDGE_CURVE('',#1768,#1737,#1984,.F.);
#1381=EDGE_CURVE('',#1769,#1769,#1985,.T.);
#1382=EDGE_CURVE('',#1770,#1771,#1986,.T.);
#1383=EDGE_CURVE('',#1771,#1772,#1987,.F.);
#1384=EDGE_CURVE('',#1772,#1773,#1988,.T.);
#1385=EDGE_CURVE('',#1774,#1773,#1989,.T.);
#1386=EDGE_CURVE('',#1774,#1775,#1990,.T.);
#1387=EDGE_CURVE('',#1775,#1638,#1991,.T.);
#1388=EDGE_CURVE('',#1641,#1637,#1992,.T.);
#1389=EDGE_CURVE('',#1636,#1630,#1993,.T.);
#1390=EDGE_CURVE('',#1633,#1776,#1994,.T.);
#1391=EDGE_CURVE('',#1776,#1777,#1995,.T.);
#1392=EDGE_CURVE('',#1777,#1778,#1996,.F.);
#1393=EDGE_CURVE('',#1778,#1779,#1997,.T.);
#1394=EDGE_CURVE('',#1780,#1779,#1998,.T.);
#1395=EDGE_CURVE('',#1780,#1781,#1999,.T.);
#1396=EDGE_CURVE('',#1781,#1650,#2000,.T.);
#1397=EDGE_CURVE('',#1653,#1649,#2001,.T.);
#1398=EDGE_CURVE('',#1648,#1642,#2002,.T.);
#1399=EDGE_CURVE('',#1645,#1782,#2003,.T.);
#1400=EDGE_CURVE('',#1782,#1783,#2004,.T.);
#1401=EDGE_CURVE('',#1783,#1784,#2005,.F.);
#1402=EDGE_CURVE('',#1784,#1785,#2006,.T.);
#1403=EDGE_CURVE('',#1786,#1785,#2007,.T.);
#1404=EDGE_CURVE('',#1786,#1787,#2008,.T.);
#1405=EDGE_CURVE('',#1787,#1626,#2009,.T.);
#1406=EDGE_CURVE('',#1629,#1625,#2010,.T.);
#1407=EDGE_CURVE('',#1624,#1618,#2011,.T.);
#1408=EDGE_CURVE('',#1621,#1788,#2012,.T.);
#1409=EDGE_CURVE('',#1788,#1789,#2013,.T.);
#1410=EDGE_CURVE('',#1789,#1790,#2014,.F.);
#1411=EDGE_CURVE('',#1790,#1791,#2015,.T.);
#1412=EDGE_CURVE('',#1792,#1791,#2016,.T.);
#1413=EDGE_CURVE('',#1792,#1793,#2017,.T.);
#1414=EDGE_CURVE('',#1793,#1654,#2018,.T.);
#1415=EDGE_CURVE('',#1657,#1665,#2019,.T.);
#1416=EDGE_CURVE('',#1664,#1658,#2020,.T.);
#1417=EDGE_CURVE('',#1661,#1770,#2021,.T.);
#1418=EDGE_CURVE('',#1794,#1794,#2022,.F.);
#1419=EDGE_CURVE('',#1795,#1795,#2023,.T.);
#1420=EDGE_CURVE('',#1796,#1796,#2024,.F.);
#1421=EDGE_CURVE('',#1797,#1797,#2025,.T.);
#1422=EDGE_CURVE('',#1798,#1798,#2026,.T.);
#1423=EDGE_CURVE('',#1799,#1799,#2027,.T.);
#1424=EDGE_CURVE('',#1800,#1800,#2028,.T.);
#1425=EDGE_CURVE('',#1801,#1801,#2029,.T.);
#1426=EDGE_CURVE('',#1747,#1802,#122,.F.);
#1427=EDGE_CURVE('',#1803,#1802,#123,.T.);
#1428=EDGE_CURVE('',#1803,#1748,#124,.T.);
#1429=EDGE_CURVE('',#1743,#1804,#125,.T.);
#1430=EDGE_CURVE('',#1804,#1805,#126,.T.);
#1431=EDGE_CURVE('',#1805,#1744,#127,.F.);
#1432=EDGE_CURVE('',#1751,#1806,#128,.T.);
#1433=EDGE_CURVE('',#1806,#1807,#129,.T.);
#1434=EDGE_CURVE('',#1807,#1752,#130,.F.);
#1435=EDGE_CURVE('',#1755,#1808,#131,.F.);
#1436=EDGE_CURVE('',#1809,#1808,#132,.T.);
#1437=EDGE_CURVE('',#1809,#1756,#133,.T.);
#1438=EDGE_CURVE('',#1763,#1810,#134,.F.);
#1439=EDGE_CURVE('',#1811,#1810,#135,.T.);
#1440=EDGE_CURVE('',#1811,#1764,#136,.T.);
#1441=EDGE_CURVE('',#1812,#1813,#137,.T.);
#1442=EDGE_CURVE('',#1813,#1760,#138,.F.);
#1443=EDGE_CURVE('',#1759,#1812,#139,.T.);
#1444=EDGE_CURVE('',#1739,#1814,#140,.F.);
#1445=EDGE_CURVE('',#1815,#1814,#141,.T.);
#1446=EDGE_CURVE('',#1815,#1740,#142,.T.);
#1447=EDGE_CURVE('',#1767,#1816,#143,.T.);
#1448=EDGE_CURVE('',#1816,#1817,#144,.T.);
#1449=EDGE_CURVE('',#1817,#1768,#145,.F.);
#1450=EDGE_CURVE('',#1818,#1819,#2030,.F.);
#1451=EDGE_CURVE('',#1818,#1738,#146,.T.);
#1452=EDGE_CURVE('',#1737,#1819,#147,.F.);
#1453=EDGE_CURVE('',#1761,#1820,#148,.F.);
#1454=EDGE_CURVE('',#1821,#1820,#2031,.F.);
#1455=EDGE_CURVE('',#1821,#1762,#149,.T.);
#1456=EDGE_CURVE('',#1753,#1822,#150,.F.);
#1457=EDGE_CURVE('',#1823,#1822,#2032,.F.);
#1458=EDGE_CURVE('',#1823,#1754,#151,.T.);
#1459=EDGE_CURVE('',#1745,#1824,#152,.F.);
#1460=EDGE_CURVE('',#1825,#1824,#2033,.F.);
#1461=EDGE_CURVE('',#1825,#1746,#153,.T.);
#1462=EDGE_CURVE('',#1826,#1827,#2034,.T.);
#1463=EDGE_CURVE('',#1826,#1705,#154,.F.);
#1464=EDGE_CURVE('',#1704,#1827,#155,.T.);
#1465=EDGE_CURVE('',#1725,#1828,#156,.T.);
#1466=EDGE_CURVE('',#1829,#1828,#2035,.T.);
#1467=EDGE_CURVE('',#1829,#1726,#157,.F.);
#1468=EDGE_CURVE('',#1830,#1831,#2036,.T.);
#1469=EDGE_CURVE('',#1830,#1719,#158,.F.);
#1470=EDGE_CURVE('',#1718,#1831,#159,.T.);
#1471=EDGE_CURVE('',#1711,#1832,#160,.T.);
#1472=EDGE_CURVE('',#1833,#1832,#2037,.T.);
#1473=EDGE_CURVE('',#1833,#1712,#161,.F.);
#1474=EDGE_CURVE('',#1741,#1723,#162,.T.);
#1475=EDGE_CURVE('',#1721,#1742,#163,.F.);
#1476=EDGE_CURVE('',#1765,#1702,#164,.T.);
#1477=EDGE_CURVE('',#1701,#1766,#165,.F.);
#1478=EDGE_CURVE('',#1757,#1709,#166,.T.);
#1479=EDGE_CURVE('',#1707,#1758,#167,.F.);
#1480=EDGE_CURVE('',#1749,#1716,#168,.T.);
#1481=EDGE_CURVE('',#1714,#1750,#169,.F.);
#1482=EDGE_CURVE('',#1832,#1834,#2038,.F.);
#1483=EDGE_CURVE('',#1834,#1809,#2039,.T.);
#1484=EDGE_CURVE('',#1808,#1823,#2040,.F.);
#1485=EDGE_CURVE('',#1822,#1807,#2041,.F.);
#1486=EDGE_CURVE('',#1806,#1835,#2042,.T.);
#1487=EDGE_CURVE('',#1835,#1833,#2043,.F.);
#1488=EDGE_CURVE('',#1804,#1836,#2044,.T.);
#1489=EDGE_CURVE('',#1836,#1830,#2045,.F.);
#1490=EDGE_CURVE('',#1831,#1837,#2046,.F.);
#1491=EDGE_CURVE('',#1837,#1803,#2047,.T.);
#1492=EDGE_CURVE('',#1802,#1825,#2048,.F.);
#1493=EDGE_CURVE('',#1824,#1805,#2049,.F.);
#1494=EDGE_CURVE('',#1828,#1838,#2050,.F.);
#1495=EDGE_CURVE('',#1838,#1815,#2051,.T.);
#1496=EDGE_CURVE('',#1814,#1818,#2052,.F.);
#1497=EDGE_CURVE('',#1819,#1817,#2053,.F.);
#1498=EDGE_CURVE('',#1816,#1839,#2054,.T.);
#1499=EDGE_CURVE('',#1839,#1829,#2055,.F.);
#1500=EDGE_CURVE('',#1812,#1840,#2056,.T.);
#1501=EDGE_CURVE('',#1840,#1826,#2057,.F.);
#1502=EDGE_CURVE('',#1827,#1841,#2058,.F.);
#1503=EDGE_CURVE('',#1841,#1811,#2059,.T.);
#1504=EDGE_CURVE('',#1810,#1821,#2060,.F.);
#1505=EDGE_CURVE('',#1820,#1813,#2061,.F.);
#1506=EDGE_CURVE('',#1842,#1842,#2062,.T.);
#1507=EDGE_CURVE('',#1843,#1843,#2063,.T.);
#1508=EDGE_CURVE('',#1844,#1844,#2064,.T.);
#1509=EDGE_CURVE('',#1845,#1845,#2065,.T.);
#1510=EDGE_CURVE('',#1784,#1692,#170,.T.);
#1511=EDGE_CURVE('',#1691,#1785,#171,.F.);
#1512=EDGE_CURVE('',#1778,#1696,#172,.T.);
#1513=EDGE_CURVE('',#1695,#1779,#173,.F.);
#1514=EDGE_CURVE('',#1790,#1688,#174,.T.);
#1515=EDGE_CURVE('',#1687,#1791,#175,.F.);
#1516=EDGE_CURVE('',#1772,#1685,#176,.T.);
#1517=EDGE_CURVE('',#1699,#1773,#177,.F.);
#1518=EDGE_CURVE('',#1770,#1846,#178,.T.);
#1519=EDGE_CURVE('',#1846,#1847,#2066,.T.);
#1520=EDGE_CURVE('',#1847,#1793,#179,.F.);
#1521=EDGE_CURVE('',#1792,#1686,#180,.F.);
#1522=EDGE_CURVE('',#1684,#1771,#181,.T.);
#1523=EDGE_CURVE('',#1782,#1848,#182,.T.);
#1524=EDGE_CURVE('',#1848,#1849,#2067,.T.);
#1525=EDGE_CURVE('',#1849,#1781,#183,.F.);
#1526=EDGE_CURVE('',#1780,#1694,#184,.F.);
#1527=EDGE_CURVE('',#1693,#1783,#185,.T.);
#1528=EDGE_CURVE('',#1776,#1850,#186,.T.);
#1529=EDGE_CURVE('',#1850,#1851,#2068,.T.);
#1530=EDGE_CURVE('',#1851,#1775,#187,.F.);
#1531=EDGE_CURVE('',#1774,#1698,#188,.F.);
#1532=EDGE_CURVE('',#1697,#1777,#189,.T.);
#1533=EDGE_CURVE('',#1788,#1852,#190,.T.);
#1534=EDGE_CURVE('',#1852,#1853,#2069,.T.);
#1535=EDGE_CURVE('',#1853,#1787,#191,.F.);
#1536=EDGE_CURVE('',#1786,#1690,#192,.F.);
#1537=EDGE_CURVE('',#1689,#1789,#193,.T.);
#1538=EDGE_CURVE('',#1647,#1652,#2070,.T.);
#1539=EDGE_CURVE('',#1643,#1646,#2071,.T.);
#1540=EDGE_CURVE('',#1848,#1644,#2072,.T.);
#1541=EDGE_CURVE('',#1651,#1849,#2073,.T.);
#1542=EDGE_CURVE('',#1631,#1634,#2074,.T.);
#1543=EDGE_CURVE('',#1850,#1632,#2075,.T.);
#1544=EDGE_CURVE('',#1635,#1640,#2076,.T.);
#1545=EDGE_CURVE('',#1639,#1851,#2077,.T.);
#1546=EDGE_CURVE('',#1663,#1656,#2078,.T.);
#1547=EDGE_CURVE('',#1659,#1662,#2079,.T.);
#1548=EDGE_CURVE('',#1846,#1660,#2080,.T.);
#1549=EDGE_CURVE('',#1655,#1847,#2081,.T.);
#1550=EDGE_CURVE('',#1619,#1622,#2082,.T.);
#1551=EDGE_CURVE('',#1852,#1620,#2083,.T.);
#1552=EDGE_CURVE('',#1627,#1853,#2084,.T.);
#1553=EDGE_CURVE('',#1623,#1628,#2085,.T.);
#1554=EDGE_CURVE('',#1838,#1724,#194,.F.);
#1555=EDGE_CURVE('',#1720,#1836,#195,.T.);
#1556=EDGE_CURVE('',#1837,#1717,#196,.F.);
#1557=EDGE_CURVE('',#1713,#1835,#197,.T.);
#1558=EDGE_CURVE('',#1834,#1710,#198,.F.);
#1559=EDGE_CURVE('',#1706,#1840,#199,.T.);
#1560=EDGE_CURVE('',#1841,#1703,#200,.F.);
#1561=EDGE_CURVE('',#1727,#1839,#201,.T.);
#1562=EDGE_CURVE('',#1854,#1679,#202,.T.);
#1563=EDGE_CURVE('',#1854,#1855,#203,.T.);
#1564=EDGE_CURVE('',#1855,#1680,#204,.T.);
#1565=EDGE_CURVE('',#1856,#1678,#205,.T.);
#1566=EDGE_CURVE('',#1856,#1854,#206,.T.);
#1567=EDGE_CURVE('',#1857,#1683,#207,.T.);
#1568=EDGE_CURVE('',#1857,#1856,#208,.T.);
#1569=EDGE_CURVE('',#1858,#1682,#209,.T.);
#1570=EDGE_CURVE('',#1858,#1857,#210,.T.);
#1571=EDGE_CURVE('',#1859,#1681,#211,.T.);
#1572=EDGE_CURVE('',#1859,#1858,#212,.T.);
#1573=EDGE_CURVE('',#1855,#1859,#213,.T.);
#1574=EDGE_CURVE('',#1860,#1667,#214,.T.);
#1575=EDGE_CURVE('',#1861,#1860,#215,.T.);
#1576=EDGE_CURVE('',#1861,#1666,#216,.T.);
#1577=EDGE_CURVE('',#1862,#1671,#217,.T.);
#1578=EDGE_CURVE('',#1860,#1862,#218,.T.);
#1579=EDGE_CURVE('',#1863,#1670,#219,.T.);
#1580=EDGE_CURVE('',#1862,#1863,#220,.T.);
#1581=EDGE_CURVE('',#1864,#1669,#221,.T.);
#1582=EDGE_CURVE('',#1863,#1864,#222,.T.);
#1583=EDGE_CURVE('',#1865,#1668,#223,.T.);
#1584=EDGE_CURVE('',#1864,#1865,#224,.T.);
#1585=EDGE_CURVE('',#1865,#1861,#225,.T.);
#1586=EDGE_CURVE('',#1866,#1729,#226,.T.);
#1587=EDGE_CURVE('',#1866,#1867,#227,.T.);
#1588=EDGE_CURVE('',#1867,#1730,#228,.T.);
#1589=EDGE_CURVE('',#1868,#1728,#229,.T.);
#1590=EDGE_CURVE('',#1868,#1866,#230,.T.);
#1591=EDGE_CURVE('',#1869,#1733,#231,.T.);
#1592=EDGE_CURVE('',#1869,#1868,#232,.T.);
#1593=EDGE_CURVE('',#1870,#1732,#233,.T.);
#1594=EDGE_CURVE('',#1870,#1869,#234,.T.);
#1595=EDGE_CURVE('',#1871,#1731,#235,.T.);
#1596=EDGE_CURVE('',#1871,#1870,#236,.T.);
#1597=EDGE_CURVE('',#1867,#1871,#237,.T.);
#1598=EDGE_CURVE('',#1872,#1673,#238,.T.);
#1599=EDGE_CURVE('',#1873,#1872,#239,.T.);
#1600=EDGE_CURVE('',#1873,#1672,#240,.T.);
#1601=EDGE_CURVE('',#1874,#1677,#241,.T.);
#1602=EDGE_CURVE('',#1872,#1874,#242,.T.);
#1603=EDGE_CURVE('',#1875,#1676,#243,.T.);
#1604=EDGE_CURVE('',#1874,#1875,#244,.T.);
#1605=EDGE_CURVE('',#1876,#1675,#245,.T.);
#1606=EDGE_CURVE('',#1875,#1876,#246,.T.);
#1607=EDGE_CURVE('',#1877,#1674,#247,.T.);
#1608=EDGE_CURVE('',#1876,#1877,#248,.T.);
#1609=EDGE_CURVE('',#1877,#1873,#249,.T.);
#1610=VERTEX_POINT('',#3956);
#1611=VERTEX_POINT('',#3958);
#1612=VERTEX_POINT('',#3961);
#1613=VERTEX_POINT('',#3963);
#1614=VERTEX_POINT('',#3966);
#1615=VERTEX_POINT('',#3968);
#1616=VERTEX_POINT('',#3971);
#1617=VERTEX_POINT('',#3973);
#1618=VERTEX_POINT('',#3976);
#1619=VERTEX_POINT('',#3977);
#1620=VERTEX_POINT('',#3979);
#1621=VERTEX_POINT('',#3981);
#1622=VERTEX_POINT('',#3985);
#1623=VERTEX_POINT('',#3986);
#1624=VERTEX_POINT('',#3988);
#1625=VERTEX_POINT('',#3990);
#1626=VERTEX_POINT('',#3994);
#1627=VERTEX_POINT('',#3995);
#1628=VERTEX_POINT('',#3997);
#1629=VERTEX_POINT('',#3999);
#1630=VERTEX_POINT('',#4003);
#1631=VERTEX_POINT('',#4004);
#1632=VERTEX_POINT('',#4006);
#1633=VERTEX_POINT('',#4008);
#1634=VERTEX_POINT('',#4012);
#1635=VERTEX_POINT('',#4013);
#1636=VERTEX_POINT('',#4015);
#1637=VERTEX_POINT('',#4017);
#1638=VERTEX_POINT('',#4021);
#1639=VERTEX_POINT('',#4022);
#1640=VERTEX_POINT('',#4024);
#1641=VERTEX_POINT('',#4026);
#1642=VERTEX_POINT('',#4030);
#1643=VERTEX_POINT('',#4031);
#1644=VERTEX_POINT('',#4033);
#1645=VERTEX_POINT('',#4035);
#1646=VERTEX_POINT('',#4039);
#1647=VERTEX_POINT('',#4040);
#1648=VERTEX_POINT('',#4042);
#1649=VERTEX_POINT('',#4044);
#1650=VERTEX_POINT('',#4048);
#1651=VERTEX_POINT('',#4049);
#1652=VERTEX_POINT('',#4051);
#1653=VERTEX_POINT('',#4053);
#1654=VERTEX_POINT('',#4057);
#1655=VERTEX_POINT('',#4058);
#1656=VERTEX_POINT('',#4060);
#1657=VERTEX_POINT('',#4062);
#1658=VERTEX_POINT('',#4066);
#1659=VERTEX_POINT('',#4067);
#1660=VERTEX_POINT('',#4069);
#1661=VERTEX_POINT('',#4071);
#1662=VERTEX_POINT('',#4075);
#1663=VERTEX_POINT('',#4076);
#1664=VERTEX_POINT('',#4078);
#1665=VERTEX_POINT('',#4080);
#1666=VERTEX_POINT('',#4084);
#1667=VERTEX_POINT('',#4085);
#1668=VERTEX_POINT('',#4087);
#1669=VERTEX_POINT('',#4089);
#1670=VERTEX_POINT('',#4091);
#1671=VERTEX_POINT('',#4093);
#1672=VERTEX_POINT('',#4096);
#1673=VERTEX_POINT('',#4097);
#1674=VERTEX_POINT('',#4099);
#1675=VERTEX_POINT('',#4101);
#1676=VERTEX_POINT('',#4103);
#1677=VERTEX_POINT('',#4105);
#1678=VERTEX_POINT('',#4108);
#1679=VERTEX_POINT('',#4109);
#1680=VERTEX_POINT('',#4111);
#1681=VERTEX_POINT('',#4113);
#1682=VERTEX_POINT('',#4115);
#1683=VERTEX_POINT('',#4117);
#1684=VERTEX_POINT('',#4120);
#1685=VERTEX_POINT('',#4121);
#1686=VERTEX_POINT('',#4123);
#1687=VERTEX_POINT('',#4125);
#1688=VERTEX_POINT('',#4127);
#1689=VERTEX_POINT('',#4129);
#1690=VERTEX_POINT('',#4131);
#1691=VERTEX_POINT('',#4133);
#1692=VERTEX_POINT('',#4135);
#1693=VERTEX_POINT('',#4137);
#1694=VERTEX_POINT('',#4139);
#1695=VERTEX_POINT('',#4141);
#1696=VERTEX_POINT('',#4143);
#1697=VERTEX_POINT('',#4145);
#1698=VERTEX_POINT('',#4147);
#1699=VERTEX_POINT('',#4149);
#1700=VERTEX_POINT('',#4152);
#1701=VERTEX_POINT('',#4153);
#1702=VERTEX_POINT('',#4156);
#1703=VERTEX_POINT('',#4158);
#1704=VERTEX_POINT('',#4160);
#1705=VERTEX_POINT('',#4162);
#1706=VERTEX_POINT('',#4164);
#1707=VERTEX_POINT('',#4166);
#1708=VERTEX_POINT('',#4168);
#1709=VERTEX_POINT('',#4171);
#1710=VERTEX_POINT('',#4173);
#1711=VERTEX_POINT('',#4175);
#1712=VERTEX_POINT('',#4177);
#1713=VERTEX_POINT('',#4179);
#1714=VERTEX_POINT('',#4181);
#1715=VERTEX_POINT('',#4183);
#1716=VERTEX_POINT('',#4186);
#1717=VERTEX_POINT('',#4188);
#1718=VERTEX_POINT('',#4190);
#1719=VERTEX_POINT('',#4192);
#1720=VERTEX_POINT('',#4194);
#1721=VERTEX_POINT('',#4196);
#1722=VERTEX_POINT('',#4198);
#1723=VERTEX_POINT('',#4201);
#1724=VERTEX_POINT('',#4203);
#1725=VERTEX_POINT('',#4205);
#1726=VERTEX_POINT('',#4207);
#1727=VERTEX_POINT('',#4209);
#1728=VERTEX_POINT('',#4212);
#1729=VERTEX_POINT('',#4213);
#1730=VERTEX_POINT('',#4215);
#1731=VERTEX_POINT('',#4217);
#1732=VERTEX_POINT('',#4219);
#1733=VERTEX_POINT('',#4221);
#1734=VERTEX_POINT('',#4225);
#1735=VERTEX_POINT('',#4227);
#1736=VERTEX_POINT('',#4229);
#1737=VERTEX_POINT('',#4231);
#1738=VERTEX_POINT('',#4232);
#1739=VERTEX_POINT('',#4234);
#1740=VERTEX_POINT('',#4236);
#1741=VERTEX_POINT('',#4238);
#1742=VERTEX_POINT('',#4240);
#1743=VERTEX_POINT('',#4242);
#1744=VERTEX_POINT('',#4244);
#1745=VERTEX_POINT('',#4246);
#1746=VERTEX_POINT('',#4248);
#1747=VERTEX_POINT('',#4250);
#1748=VERTEX_POINT('',#4252);
#1749=VERTEX_POINT('',#4254);
#1750=VERTEX_POINT('',#4256);
#1751=VERTEX_POINT('',#4258);
#1752=VERTEX_POINT('',#4260);
#1753=VERTEX_POINT('',#4262);
#1754=VERTEX_POINT('',#4264);
#1755=VERTEX_POINT('',#4266);
#1756=VERTEX_POINT('',#4268);
#1757=VERTEX_POINT('',#4270);
#1758=VERTEX_POINT('',#4272);
#1759=VERTEX_POINT('',#4274);
#1760=VERTEX_POINT('',#4276);
#1761=VERTEX_POINT('',#4278);
#1762=VERTEX_POINT('',#4280);
#1763=VERTEX_POINT('',#4282);
#1764=VERTEX_POINT('',#4284);
#1765=VERTEX_POINT('',#4286);
#1766=VERTEX_POINT('',#4288);
#1767=VERTEX_POINT('',#4290);
#1768=VERTEX_POINT('',#4292);
#1769=VERTEX_POINT('',#4295);
#1770=VERTEX_POINT('',#4297);
#1771=VERTEX_POINT('',#4298);
#1772=VERTEX_POINT('',#4300);
#1773=VERTEX_POINT('',#4302);
#1774=VERTEX_POINT('',#4304);
#1775=VERTEX_POINT('',#4306);
#1776=VERTEX_POINT('',#4311);
#1777=VERTEX_POINT('',#4313);
#1778=VERTEX_POINT('',#4315);
#1779=VERTEX_POINT('',#4317);
#1780=VERTEX_POINT('',#4319);
#1781=VERTEX_POINT('',#4321);
#1782=VERTEX_POINT('',#4326);
#1783=VERTEX_POINT('',#4328);
#1784=VERTEX_POINT('',#4330);
#1785=VERTEX_POINT('',#4332);
#1786=VERTEX_POINT('',#4334);
#1787=VERTEX_POINT('',#4336);
#1788=VERTEX_POINT('',#4341);
#1789=VERTEX_POINT('',#4343);
#1790=VERTEX_POINT('',#4345);
#1791=VERTEX_POINT('',#4347);
#1792=VERTEX_POINT('',#4349);
#1793=VERTEX_POINT('',#4351);
#1794=VERTEX_POINT('',#4358);
#1795=VERTEX_POINT('',#4360);
#1796=VERTEX_POINT('',#4363);
#1797=VERTEX_POINT('',#4365);
#1798=VERTEX_POINT('',#4368);
#1799=VERTEX_POINT('',#4370);
#1800=VERTEX_POINT('',#4373);
#1801=VERTEX_POINT('',#4375);
#1802=VERTEX_POINT('',#4378);
#1803=VERTEX_POINT('',#4380);
#1804=VERTEX_POINT('',#4384);
#1805=VERTEX_POINT('',#4386);
#1806=VERTEX_POINT('',#4390);
#1807=VERTEX_POINT('',#4392);
#1808=VERTEX_POINT('',#4396);
#1809=VERTEX_POINT('',#4398);
#1810=VERTEX_POINT('',#4402);
#1811=VERTEX_POINT('',#4404);
#1812=VERTEX_POINT('',#4408);
#1813=VERTEX_POINT('',#4409);
#1814=VERTEX_POINT('',#4414);
#1815=VERTEX_POINT('',#4416);
#1816=VERTEX_POINT('',#4420);
#1817=VERTEX_POINT('',#4422);
#1818=VERTEX_POINT('',#4426);
#1819=VERTEX_POINT('',#4427);
#1820=VERTEX_POINT('',#4432);
#1821=VERTEX_POINT('',#4434);
#1822=VERTEX_POINT('',#4438);
#1823=VERTEX_POINT('',#4440);
#1824=VERTEX_POINT('',#4444);
#1825=VERTEX_POINT('',#4446);
#1826=VERTEX_POINT('',#4450);
#1827=VERTEX_POINT('',#4451);
#1828=VERTEX_POINT('',#4456);
#1829=VERTEX_POINT('',#4458);
#1830=VERTEX_POINT('',#4462);
#1831=VERTEX_POINT('',#4463);
#1832=VERTEX_POINT('',#4468);
#1833=VERTEX_POINT('',#4470);
#1834=VERTEX_POINT('',#4486);
#1835=VERTEX_POINT('',#4491);
#1836=VERTEX_POINT('',#4495);
#1837=VERTEX_POINT('',#4498);
#1838=VERTEX_POINT('',#4504);
#1839=VERTEX_POINT('',#4509);
#1840=VERTEX_POINT('',#4513);
#1841=VERTEX_POINT('',#4516);
#1842=VERTEX_POINT('',#4526);
#1843=VERTEX_POINT('',#4530);
#1844=VERTEX_POINT('',#4534);
#1845=VERTEX_POINT('',#4538);
#1846=VERTEX_POINT('',#4554);
#1847=VERTEX_POINT('',#4556);
#1848=VERTEX_POINT('',#4562);
#1849=VERTEX_POINT('',#4564);
#1850=VERTEX_POINT('',#4570);
#1851=VERTEX_POINT('',#4572);
#1852=VERTEX_POINT('',#4578);
#1853=VERTEX_POINT('',#4580);
#1854=VERTEX_POINT('',#4650);
#1855=VERTEX_POINT('',#4652);
#1856=VERTEX_POINT('',#4656);
#1857=VERTEX_POINT('',#4660);
#1858=VERTEX_POINT('',#4664);
#1859=VERTEX_POINT('',#4668);
#1860=VERTEX_POINT('',#4675);
#1861=VERTEX_POINT('',#4677);
#1862=VERTEX_POINT('',#4681);
#1863=VERTEX_POINT('',#4685);
#1864=VERTEX_POINT('',#4689);
#1865=VERTEX_POINT('',#4693);
#1866=VERTEX_POINT('',#4700);
#1867=VERTEX_POINT('',#4702);
#1868=VERTEX_POINT('',#4706);
#1869=VERTEX_POINT('',#4710);
#1870=VERTEX_POINT('',#4714);
#1871=VERTEX_POINT('',#4718);
#1872=VERTEX_POINT('',#4725);
#1873=VERTEX_POINT('',#4727);
#1874=VERTEX_POINT('',#4731);
#1875=VERTEX_POINT('',#4735);
#1876=VERTEX_POINT('',#4739);
#1877=VERTEX_POINT('',#4743);
#1878=CIRCLE('',#2706,0.00215);
#1879=CIRCLE('',#2707,0.00215);
#1880=CIRCLE('',#2709,0.00215);
#1881=CIRCLE('',#2710,0.00215);
#1882=CIRCLE('',#2712,0.00215);
#1883=CIRCLE('',#2713,0.00215);
#1884=CIRCLE('',#2715,0.00215);
#1885=CIRCLE('',#2716,0.00215);
#1886=CIRCLE('',#2718,0.013);
#1887=CIRCLE('',#2719,0.013);
#1888=CIRCLE('',#2721,0.031);
#1889=CIRCLE('',#2722,0.031);
#1890=CIRCLE('',#2724,0.013);
#1891=CIRCLE('',#2725,0.013);
#1892=CIRCLE('',#2727,0.013);
#1893=CIRCLE('',#2728,0.013);
#1894=CIRCLE('',#2730,0.031);
#1895=CIRCLE('',#2731,0.031);
#1896=CIRCLE('',#2733,0.013);
#1897=CIRCLE('',#2734,0.013);
#1898=CIRCLE('',#2736,0.013);
#1899=CIRCLE('',#2737,0.013);
#1900=CIRCLE('',#2739,0.031);
#1901=CIRCLE('',#2740,0.031);
#1902=CIRCLE('',#2742,0.013);
#1903=CIRCLE('',#2743,0.013);
#1904=CIRCLE('',#2745,0.013);
#1905=CIRCLE('',#2746,0.013);
#1906=CIRCLE('',#2748,0.013);
#1907=CIRCLE('',#2749,0.013);
#1908=CIRCLE('',#2751,0.031);
#1909=CIRCLE('',#2752,0.031);
#1910=CIRCLE('',#2754,0.000788588124752059);
#1911=CIRCLE('',#2755,0.016);
#1912=CIRCLE('',#2756,0.000788588124752059);
#1913=CIRCLE('',#2757,0.007);
#1914=CIRCLE('',#2758,0.000788588124752059);
#1915=CIRCLE('',#2759,0.016);
#1916=CIRCLE('',#2760,0.000788588124752059);
#1917=CIRCLE('',#2761,0.007);
#1918=CIRCLE('',#2762,0.000788588124752059);
#1919=CIRCLE('',#2763,0.016);
#1920=CIRCLE('',#2764,0.000788588124752059);
#1921=CIRCLE('',#2765,0.007);
#1922=CIRCLE('',#2766,0.000788588124752059);
#1923=CIRCLE('',#2767,0.016);
#1924=CIRCLE('',#2768,0.000788588124752059);
#1925=CIRCLE('',#2769,0.007);
#1926=CIRCLE('',#2770,0.035);
#1927=CIRCLE('',#2771,0.0015);
#1928=CIRCLE('',#2772,0.035);
#1929=CIRCLE('',#2773,0.003);
#1930=CIRCLE('',#2774,0.003);
#1931=CIRCLE('',#2775,0.036);
#1932=CIRCLE('',#2776,0.003);
#1933=CIRCLE('',#2777,0.003);
#1934=CIRCLE('',#2778,0.035);
#1935=CIRCLE('',#2779,0.0015);
#1936=CIRCLE('',#2780,0.035);
#1937=CIRCLE('',#2781,0.003);
#1938=CIRCLE('',#2782,0.003);
#1939=CIRCLE('',#2783,0.036);
#1940=CIRCLE('',#2784,0.003);
#1941=CIRCLE('',#2785,0.003);
#1942=CIRCLE('',#2786,0.035);
#1943=CIRCLE('',#2787,0.0015);
#1944=CIRCLE('',#2788,0.035);
#1945=CIRCLE('',#2789,0.003);
#1946=CIRCLE('',#2790,0.003);
#1947=CIRCLE('',#2791,0.036);
#1948=CIRCLE('',#2792,0.003);
#1949=CIRCLE('',#2793,0.003);
#1950=CIRCLE('',#2794,0.035);
#1951=CIRCLE('',#2795,0.0015);
#1952=CIRCLE('',#2796,0.035);
#1953=CIRCLE('',#2797,0.003);
#1954=CIRCLE('',#2798,0.003);
#1955=CIRCLE('',#2799,0.036);
#1956=CIRCLE('',#2800,0.003);
#1957=CIRCLE('',#2801,0.003);
#1958=CIRCLE('',#2803,0.00375);
#1959=CIRCLE('',#2804,0.00375);
#1960=CIRCLE('',#2805,0.00375);
#1961=CIRCLE('',#2806,0.046);
#1962=CIRCLE('',#2807,0.003);
#1963=CIRCLE('',#2808,0.003);
#1964=CIRCLE('',#2809,0.035);
#1965=CIRCLE('',#2810,0.003);
#1966=CIRCLE('',#2811,0.003);
#1967=CIRCLE('',#2812,0.046);
#1968=CIRCLE('',#2813,0.003);
#1969=CIRCLE('',#2814,0.003);
#1970=CIRCLE('',#2815,0.035);
#1971=CIRCLE('',#2816,0.003);
#1972=CIRCLE('',#2817,0.003);
#1973=CIRCLE('',#2818,0.046);
#1974=CIRCLE('',#2819,0.003);
#1975=CIRCLE('',#2820,0.003);
#1976=CIRCLE('',#2821,0.035);
#1977=CIRCLE('',#2822,0.003);
#1978=CIRCLE('',#2823,0.003);
#1979=CIRCLE('',#2824,0.046);
#1980=CIRCLE('',#2825,0.003);
#1981=CIRCLE('',#2826,0.003);
#1982=CIRCLE('',#2827,0.035);
#1983=CIRCLE('',#2828,0.003);
#1984=CIRCLE('',#2829,0.003);
#1985=CIRCLE('',#2830,0.00375);
#1986=CIRCLE('',#2831,0.016);
#1987=CIRCLE('',#2832,0.000788588124752059);
#1988=CIRCLE('',#2833,0.007);
#1989=CIRCLE('',#2834,0.000788588124752059);
#1990=CIRCLE('',#2835,0.016);
#1991=CIRCLE('',#2836,0.002);
#1992=CIRCLE('',#2837,0.002);
#1993=CIRCLE('',#2838,0.002);
#1994=CIRCLE('',#2839,0.002);
#1995=CIRCLE('',#2840,0.016);
#1996=CIRCLE('',#2841,0.000788588124752059);
#1997=CIRCLE('',#2842,0.007);
#1998=CIRCLE('',#2843,0.000788588124752059);
#1999=CIRCLE('',#2844,0.016);
#2000=CIRCLE('',#2845,0.002);
#2001=CIRCLE('',#2846,0.002);
#2002=CIRCLE('',#2847,0.002);
#2003=CIRCLE('',#2848,0.002);
#2004=CIRCLE('',#2849,0.016);
#2005=CIRCLE('',#2850,0.000788588124752059);
#2006=CIRCLE('',#2851,0.007);
#2007=CIRCLE('',#2852,0.000788588124752059);
#2008=CIRCLE('',#2853,0.016);
#2009=CIRCLE('',#2854,0.002);
#2010=CIRCLE('',#2855,0.002);
#2011=CIRCLE('',#2856,0.002);
#2012=CIRCLE('',#2857,0.002);
#2013=CIRCLE('',#2858,0.016);
#2014=CIRCLE('',#2859,0.000788588124752059);
#2015=CIRCLE('',#2860,0.007);
#2016=CIRCLE('',#2861,0.000788588124752059);
#2017=CIRCLE('',#2862,0.016);
#2018=CIRCLE('',#2863,0.002);
#2019=CIRCLE('',#2864,0.002);
#2020=CIRCLE('',#2865,0.002);
#2021=CIRCLE('',#2866,0.002);
#2022=CIRCLE('',#2868,0.00215);
#2023=CIRCLE('',#2869,0.00215);
#2024=CIRCLE('',#2871,0.00215);
#2025=CIRCLE('',#2872,0.00215);
#2026=CIRCLE('',#2874,0.00215);
#2027=CIRCLE('',#2875,0.00215);
#2028=CIRCLE('',#2877,0.00215);
#2029=CIRCLE('',#2878,0.00215);
#2030=CIRCLE('',#2888,0.046);
#2031=CIRCLE('',#2890,0.046);
#2032=CIRCLE('',#2892,0.046);
#2033=CIRCLE('',#2894,0.046);
#2034=CIRCLE('',#2896,0.036);
#2035=CIRCLE('',#2898,0.036);
#2036=CIRCLE('',#2900,0.036);
#2037=CIRCLE('',#2902,0.036);
#2038=CIRCLE('',#2908,0.003);
#2039=CIRCLE('',#2909,0.003);
#2040=CIRCLE('',#2910,0.003);
#2041=CIRCLE('',#2911,0.003);
#2042=CIRCLE('',#2912,0.003);
#2043=CIRCLE('',#2913,0.003);
#2044=CIRCLE('',#2915,0.003);
#2045=CIRCLE('',#2916,0.003);
#2046=CIRCLE('',#2917,0.003);
#2047=CIRCLE('',#2918,0.003);
#2048=CIRCLE('',#2919,0.003);
#2049=CIRCLE('',#2920,0.003);
#2050=CIRCLE('',#2922,0.003);
#2051=CIRCLE('',#2923,0.003);
#2052=CIRCLE('',#2924,0.003);
#2053=CIRCLE('',#2925,0.003);
#2054=CIRCLE('',#2926,0.003);
#2055=CIRCLE('',#2927,0.003);
#2056=CIRCLE('',#2929,0.003);
#2057=CIRCLE('',#2930,0.003);
#2058=CIRCLE('',#2931,0.003);
#2059=CIRCLE('',#2932,0.003);
#2060=CIRCLE('',#2933,0.003);
#2061=CIRCLE('',#2934,0.003);
#2062=CIRCLE('',#2940,0.00375);
#2063=CIRCLE('',#2943,0.00375);
#2064=CIRCLE('',#2946,0.00375);
#2065=CIRCLE('',#2949,0.00375);
#2066=CIRCLE('',#2956,0.016);
#2067=CIRCLE('',#2958,0.016);
#2068=CIRCLE('',#2960,0.016);
#2069=CIRCLE('',#2962,0.016);
#2070=CIRCLE('',#2964,0.002);
#2071=CIRCLE('',#2966,0.002);
#2072=CIRCLE('',#2968,0.002);
#2073=CIRCLE('',#2970,0.002);
#2074=CIRCLE('',#2972,0.002);
#2075=CIRCLE('',#2974,0.002);
#2076=CIRCLE('',#2976,0.002);
#2077=CIRCLE('',#2978,0.002);
#2078=CIRCLE('',#2980,0.002);
#2079=CIRCLE('',#2982,0.002);
#2080=CIRCLE('',#2984,0.002);
#2081=CIRCLE('',#2986,0.002);
#2082=CIRCLE('',#2988,0.002);
#2083=CIRCLE('',#2990,0.002);
#2084=CIRCLE('',#2992,0.002);
#2085=CIRCLE('',#2994,0.002);
#2086=EDGE_LOOP('',(#434));
#2087=EDGE_LOOP('',(#435));
#2088=EDGE_LOOP('',(#436));
#2089=EDGE_LOOP('',(#437));
#2090=EDGE_LOOP('',(#438));
#2091=EDGE_LOOP('',(#439));
#2092=EDGE_LOOP('',(#440));
#2093=EDGE_LOOP('',(#441));
#2094=EDGE_LOOP('',(#442,#443,#444,#445));
#2095=EDGE_LOOP('',(#446,#447,#448,#449));
#2096=EDGE_LOOP('',(#450,#451,#452,#453));
#2097=EDGE_LOOP('',(#454,#455,#456,#457));
#2098=EDGE_LOOP('',(#458,#459,#460,#461));
#2099=EDGE_LOOP('',(#462,#463,#464,#465));
#2100=EDGE_LOOP('',(#466,#467,#468,#469));
#2101=EDGE_LOOP('',(#470,#471,#472,#473));
#2102=EDGE_LOOP('',(#474,#475,#476,#477));
#2103=EDGE_LOOP('',(#478,#479,#480,#481));
#2104=EDGE_LOOP('',(#482,#483,#484,#485));
#2105=EDGE_LOOP('',(#486,#487,#488,#489));
#2106=EDGE_LOOP('',(#490,#491,#492,#493,#494,#495));
#2107=EDGE_LOOP('',(#496,#497,#498,#499,#500,#501));
#2108=EDGE_LOOP('',(#502,#503,#504,#505,#506,#507));
#2109=EDGE_LOOP('',(#508,#509,#510,#511,#512,#513,#514,#515,#516,#517,#518,
#519,#520,#521,#522,#523));
#2110=EDGE_LOOP('',(#524,#525,#526,#527,#528,#529,#530,#531,#532,#533,#534,
#535,#536,#537,#538,#539,#540,#541,#542,#543,#544,#545,#546,#547,#548,#549,
#550,#551,#552,#553,#554,#555));
#2111=EDGE_LOOP('',(#556,#557,#558,#559,#560,#561));
#2112=EDGE_LOOP('',(#562));
#2113=EDGE_LOOP('',(#563));
#2114=EDGE_LOOP('',(#564));
#2115=EDGE_LOOP('',(#565,#566,#567,#568,#569,#570,#571,#572,#573,#574,#575,
#576,#577,#578,#579,#580,#581,#582,#583,#584,#585,#586,#587,#588,#589,#590,
#591,#592,#593,#594,#595,#596));
#2116=EDGE_LOOP('',(#597));
#2117=EDGE_LOOP('',(#598,#599,#600,#601,#602,#603,#604,#605,#606,#607,#608,
#609,#610,#611,#612,#613,#614,#615,#616,#617,#618,#619,#620,#621,#622,#623,
#624,#625,#626,#627,#628,#629,#630,#631,#632,#633,#634,#635,#636,#637,#638,
#639,#640,#641,#642,#643,#644,#645));
#2118=EDGE_LOOP('',(#646));
#2119=EDGE_LOOP('',(#647));
#2120=EDGE_LOOP('',(#648));
#2121=EDGE_LOOP('',(#649));
#2122=EDGE_LOOP('',(#650));
#2123=EDGE_LOOP('',(#651));
#2124=EDGE_LOOP('',(#652));
#2125=EDGE_LOOP('',(#653));
#2126=EDGE_LOOP('',(#654,#655,#656,#657));
#2127=EDGE_LOOP('',(#658,#659,#660,#661));
#2128=EDGE_LOOP('',(#662,#663,#664,#665));
#2129=EDGE_LOOP('',(#666,#667,#668,#669));
#2130=EDGE_LOOP('',(#670,#671,#672,#673));
#2131=EDGE_LOOP('',(#674,#675,#676,#677));
#2132=EDGE_LOOP('',(#678,#679,#680,#681));
#2133=EDGE_LOOP('',(#682,#683,#684,#685));
#2134=EDGE_LOOP('',(#686,#687,#688,#689));
#2135=EDGE_LOOP('',(#690,#691,#692,#693));
#2136=EDGE_LOOP('',(#694,#695,#696,#697));
#2137=EDGE_LOOP('',(#698,#699,#700,#701));
#2138=EDGE_LOOP('',(#702,#703,#704,#705));
#2139=EDGE_LOOP('',(#706,#707,#708,#709));
#2140=EDGE_LOOP('',(#710,#711,#712,#713));
#2141=EDGE_LOOP('',(#714,#715,#716,#717));
#2142=EDGE_LOOP('',(#718,#719,#720,#721,#722));
#2143=EDGE_LOOP('',(#723,#724,#725,#726,#727));
#2144=EDGE_LOOP('',(#728,#729,#730,#731,#732));
#2145=EDGE_LOOP('',(#733,#734,#735,#736,#737));
#2146=EDGE_LOOP('',(#738));
#2147=EDGE_LOOP('',(#739,#740,#741,#742,#743,#744,#745,#746,#747,#748));
#2148=EDGE_LOOP('',(#749));
#2149=EDGE_LOOP('',(#750,#751,#752,#753,#754,#755,#756,#757,#758,#759));
#2150=EDGE_LOOP('',(#760));
#2151=EDGE_LOOP('',(#761,#762,#763,#764,#765,#766,#767,#768,#769,#770));
#2152=EDGE_LOOP('',(#771));
#2153=EDGE_LOOP('',(#772,#773,#774,#775,#776,#777,#778,#779,#780,#781));
#2154=EDGE_LOOP('',(#782));
#2155=EDGE_LOOP('',(#783));
#2156=EDGE_LOOP('',(#784));
#2157=EDGE_LOOP('',(#785));
#2158=EDGE_LOOP('',(#786));
#2159=EDGE_LOOP('',(#787));
#2160=EDGE_LOOP('',(#788));
#2161=EDGE_LOOP('',(#789));
#2162=EDGE_LOOP('',(#790));
#2163=EDGE_LOOP('',(#791));
#2164=EDGE_LOOP('',(#792));
#2165=EDGE_LOOP('',(#793));
#2166=EDGE_LOOP('',(#794));
#2167=EDGE_LOOP('',(#795));
#2168=EDGE_LOOP('',(#796));
#2169=EDGE_LOOP('',(#797));
#2170=EDGE_LOOP('',(#798));
#2171=EDGE_LOOP('',(#799));
#2172=EDGE_LOOP('',(#800));
#2173=EDGE_LOOP('',(#801));
#2174=EDGE_LOOP('',(#802,#803,#804,#805));
#2175=EDGE_LOOP('',(#806,#807,#808,#809));
#2176=EDGE_LOOP('',(#810,#811,#812,#813));
#2177=EDGE_LOOP('',(#814,#815,#816,#817));
#2178=EDGE_LOOP('',(#818,#819,#820,#821,#822,#823,#824,#825));
#2179=EDGE_LOOP('',(#826,#827,#828,#829,#830,#831,#832,#833));
#2180=EDGE_LOOP('',(#834,#835,#836,#837,#838,#839,#840,#841));
#2181=EDGE_LOOP('',(#842,#843,#844,#845,#846,#847,#848,#849));
#2182=EDGE_LOOP('',(#850,#851,#852,#853));
#2183=EDGE_LOOP('',(#854,#855,#856,#857));
#2184=EDGE_LOOP('',(#858,#859,#860,#861));
#2185=EDGE_LOOP('',(#862,#863,#864,#865));
#2186=EDGE_LOOP('',(#866,#867,#868,#869));
#2187=EDGE_LOOP('',(#870,#871,#872,#873));
#2188=EDGE_LOOP('',(#874,#875,#876,#877));
#2189=EDGE_LOOP('',(#878,#879,#880,#881));
#2190=EDGE_LOOP('',(#882,#883,#884,#885));
#2191=EDGE_LOOP('',(#886,#887,#888,#889));
#2192=EDGE_LOOP('',(#890,#891,#892,#893));
#2193=EDGE_LOOP('',(#894,#895,#896,#897));
#2194=EDGE_LOOP('',(#898,#899,#900,#901));
#2195=EDGE_LOOP('',(#902,#903,#904,#905));
#2196=EDGE_LOOP('',(#906,#907,#908,#909));
#2197=EDGE_LOOP('',(#910,#911,#912,#913));
#2198=EDGE_LOOP('',(#914,#915,#916,#917));
#2199=EDGE_LOOP('',(#918,#919,#920,#921));
#2200=EDGE_LOOP('',(#922,#923,#924,#925));
#2201=EDGE_LOOP('',(#926,#927,#928,#929));
#2202=EDGE_LOOP('',(#930,#931,#932,#933));
#2203=EDGE_LOOP('',(#934,#935,#936,#937));
#2204=EDGE_LOOP('',(#938,#939,#940,#941));
#2205=EDGE_LOOP('',(#942,#943,#944,#945));
#2206=EDGE_LOOP('',(#946,#947,#948,#949));
#2207=EDGE_LOOP('',(#950,#951,#952,#953,#954,#955));
#2208=EDGE_LOOP('',(#956,#957,#958,#959,#960,#961));
#2209=EDGE_LOOP('',(#962,#963,#964,#965));
#2210=EDGE_LOOP('',(#966,#967,#968,#969));
#2211=EDGE_LOOP('',(#970,#971,#972,#973,#974,#975));
#2212=EDGE_LOOP('',(#976,#977,#978,#979,#980,#981));
#2213=EDGE_LOOP('',(#982,#983,#984,#985));
#2214=EDGE_LOOP('',(#986,#987,#988,#989));
#2215=EDGE_LOOP('',(#990,#991,#992,#993));
#2216=EDGE_LOOP('',(#994,#995,#996,#997,#998,#999));
#2217=EDGE_LOOP('',(#1000,#1001,#1002,#1003,#1004,#1005));
#2218=EDGE_LOOP('',(#1006,#1007,#1008,#1009));
#2219=EDGE_LOOP('',(#1010,#1011,#1012,#1013,#1014,#1015));
#2220=EDGE_LOOP('',(#1016,#1017,#1018,#1019,#1020,#1021));
#2221=EDGE_LOOP('',(#1022,#1023,#1024,#1025));
#2222=EDGE_LOOP('',(#1026,#1027,#1028,#1029));
#2223=EDGE_LOOP('',(#1030,#1031,#1032,#1033));
#2224=EDGE_LOOP('',(#1034,#1035,#1036,#1037));
#2225=EDGE_LOOP('',(#1038,#1039,#1040,#1041));
#2226=EDGE_LOOP('',(#1042,#1043,#1044,#1045));
#2227=EDGE_LOOP('',(#1046,#1047,#1048,#1049));
#2228=EDGE_LOOP('',(#1050,#1051,#1052,#1053,#1054,#1055));
#2229=EDGE_LOOP('',(#1056));
#2230=EDGE_LOOP('',(#1057,#1058,#1059,#1060));
#2231=EDGE_LOOP('',(#1061,#1062,#1063,#1064));
#2232=EDGE_LOOP('',(#1065,#1066,#1067,#1068));
#2233=EDGE_LOOP('',(#1069,#1070,#1071,#1072));
#2234=EDGE_LOOP('',(#1073,#1074,#1075,#1076));
#2235=EDGE_LOOP('',(#1077,#1078,#1079,#1080));
#2236=EDGE_LOOP('',(#1081));
#2237=EDGE_LOOP('',(#1082,#1083,#1084,#1085,#1086,#1087));
#2238=EDGE_LOOP('',(#1088,#1089,#1090,#1091));
#2239=EDGE_LOOP('',(#1092,#1093,#1094,#1095));
#2240=EDGE_LOOP('',(#1096,#1097,#1098,#1099));
#2241=EDGE_LOOP('',(#1100,#1101,#1102,#1103));
#2242=EDGE_LOOP('',(#1104,#1105,#1106,#1107));
#2243=EDGE_LOOP('',(#1108,#1109,#1110,#1111));
#2244=EDGE_LOOP('',(#1112,#1113,#1114,#1115,#1116,#1117));
#2245=EDGE_LOOP('',(#1118));
#2246=EDGE_LOOP('',(#1119,#1120,#1121,#1122));
#2247=EDGE_LOOP('',(#1123,#1124,#1125,#1126));
#2248=EDGE_LOOP('',(#1127,#1128,#1129,#1130));
#2249=EDGE_LOOP('',(#1131,#1132,#1133,#1134));
#2250=EDGE_LOOP('',(#1135,#1136,#1137,#1138));
#2251=EDGE_LOOP('',(#1139,#1140,#1141,#1142));
#2252=EDGE_LOOP('',(#1143));
#2253=EDGE_LOOP('',(#1144,#1145,#1146,#1147,#1148,#1149));
#2254=EDGE_LOOP('',(#1150,#1151,#1152,#1153));
#2255=EDGE_LOOP('',(#1154,#1155,#1156,#1157));
#2256=EDGE_LOOP('',(#1158,#1159,#1160,#1161));
#2257=EDGE_LOOP('',(#1162,#1163,#1164,#1165));
#2258=EDGE_LOOP('',(#1166,#1167,#1168,#1169));
#2259=EDGE_LOOP('',(#1170,#1171,#1172,#1173));
#2260=EDGE_LOOP('',(#1174,#1175,#1176,#1177));
#2261=EDGE_LOOP('',(#1178,#1179,#1180,#1181));
#2262=EDGE_LOOP('',(#1182));
#2263=EDGE_LOOP('',(#1183,#1184,#1185,#1186,#1187,#1188,#1189,#1190));
#2264=EDGE_LOOP('',(#1191));
#2265=EDGE_LOOP('',(#1192,#1193,#1194,#1195,#1196,#1197,#1198,#1199));
#2266=EDGE_LOOP('',(#1200));
#2267=EDGE_LOOP('',(#1201,#1202,#1203,#1204,#1205,#1206,#1207,#1208));
#2268=EDGE_LOOP('',(#1209));
#2269=EDGE_LOOP('',(#1210,#1211,#1212,#1213,#1214,#1215,#1216,#1217));
#2270=FACE_BOUND('',#2086,.T.);
#2271=FACE_BOUND('',#2087,.T.);
#2272=FACE_BOUND('',#2088,.T.);
#2273=FACE_BOUND('',#2089,.T.);
#2274=FACE_BOUND('',#2090,.T.);
#2275=FACE_BOUND('',#2091,.T.);
#2276=FACE_BOUND('',#2092,.T.);
#2277=FACE_BOUND('',#2093,.T.);
#2278=FACE_BOUND('',#2094,.T.);
#2279=FACE_BOUND('',#2095,.T.);
#2280=FACE_BOUND('',#2096,.T.);
#2281=FACE_BOUND('',#2097,.T.);
#2282=FACE_BOUND('',#2098,.T.);
#2283=FACE_BOUND('',#2099,.T.);
#2284=FACE_BOUND('',#2100,.T.);
#2285=FACE_BOUND('',#2101,.T.);
#2286=FACE_BOUND('',#2102,.T.);
#2287=FACE_BOUND('',#2103,.T.);
#2288=FACE_BOUND('',#2104,.T.);
#2289=FACE_BOUND('',#2105,.T.);
#2290=FACE_BOUND('',#2106,.T.);
#2291=FACE_BOUND('',#2107,.T.);
#2292=FACE_BOUND('',#2108,.T.);
#2293=FACE_BOUND('',#2109,.T.);
#2294=FACE_BOUND('',#2110,.T.);
#2295=FACE_BOUND('',#2111,.T.);
#2296=FACE_BOUND('',#2112,.T.);
#2297=FACE_BOUND('',#2113,.T.);
#2298=FACE_BOUND('',#2114,.T.);
#2299=FACE_BOUND('',#2115,.T.);
#2300=FACE_BOUND('',#2116,.T.);
#2301=FACE_BOUND('',#2117,.T.);
#2302=FACE_BOUND('',#2118,.T.);
#2303=FACE_BOUND('',#2119,.T.);
#2304=FACE_BOUND('',#2120,.T.);
#2305=FACE_BOUND('',#2121,.T.);
#2306=FACE_BOUND('',#2122,.T.);
#2307=FACE_BOUND('',#2123,.T.);
#2308=FACE_BOUND('',#2124,.T.);
#2309=FACE_BOUND('',#2125,.T.);
#2310=FACE_BOUND('',#2126,.T.);
#2311=FACE_BOUND('',#2127,.T.);
#2312=FACE_BOUND('',#2128,.T.);
#2313=FACE_BOUND('',#2129,.T.);
#2314=FACE_BOUND('',#2130,.T.);
#2315=FACE_BOUND('',#2131,.T.);
#2316=FACE_BOUND('',#2132,.T.);
#2317=FACE_BOUND('',#2133,.T.);
#2318=FACE_BOUND('',#2134,.T.);
#2319=FACE_BOUND('',#2135,.T.);
#2320=FACE_BOUND('',#2136,.T.);
#2321=FACE_BOUND('',#2137,.T.);
#2322=FACE_BOUND('',#2138,.T.);
#2323=FACE_BOUND('',#2139,.T.);
#2324=FACE_BOUND('',#2140,.T.);
#2325=FACE_BOUND('',#2141,.T.);
#2326=FACE_BOUND('',#2142,.T.);
#2327=FACE_BOUND('',#2143,.T.);
#2328=FACE_BOUND('',#2144,.T.);
#2329=FACE_BOUND('',#2145,.T.);
#2330=FACE_BOUND('',#2146,.T.);
#2331=FACE_BOUND('',#2147,.T.);
#2332=FACE_BOUND('',#2148,.T.);
#2333=FACE_BOUND('',#2149,.T.);
#2334=FACE_BOUND('',#2150,.T.);
#2335=FACE_BOUND('',#2151,.T.);
#2336=FACE_BOUND('',#2152,.T.);
#2337=FACE_BOUND('',#2153,.T.);
#2338=FACE_BOUND('',#2154,.T.);
#2339=FACE_BOUND('',#2155,.T.);
#2340=FACE_BOUND('',#2156,.T.);
#2341=FACE_BOUND('',#2157,.T.);
#2342=FACE_BOUND('',#2158,.T.);
#2343=FACE_BOUND('',#2159,.T.);
#2344=FACE_BOUND('',#2160,.T.);
#2345=FACE_BOUND('',#2161,.T.);
#2346=FACE_BOUND('',#2162,.T.);
#2347=FACE_BOUND('',#2163,.T.);
#2348=FACE_BOUND('',#2164,.T.);
#2349=FACE_BOUND('',#2165,.T.);
#2350=FACE_BOUND('',#2166,.T.);
#2351=FACE_BOUND('',#2167,.T.);
#2352=FACE_BOUND('',#2168,.T.);
#2353=FACE_BOUND('',#2169,.T.);
#2354=FACE_BOUND('',#2170,.T.);
#2355=FACE_BOUND('',#2171,.T.);
#2356=FACE_BOUND('',#2172,.T.);
#2357=FACE_BOUND('',#2173,.T.);
#2358=FACE_BOUND('',#2174,.T.);
#2359=FACE_BOUND('',#2175,.T.);
#2360=FACE_BOUND('',#2176,.T.);
#2361=FACE_BOUND('',#2177,.T.);
#2362=FACE_BOUND('',#2178,.T.);
#2363=FACE_BOUND('',#2179,.T.);
#2364=FACE_BOUND('',#2180,.T.);
#2365=FACE_BOUND('',#2181,.T.);
#2366=FACE_BOUND('',#2182,.T.);
#2367=FACE_BOUND('',#2183,.T.);
#2368=FACE_BOUND('',#2184,.T.);
#2369=FACE_BOUND('',#2185,.T.);
#2370=FACE_BOUND('',#2186,.T.);
#2371=FACE_BOUND('',#2187,.T.);
#2372=FACE_BOUND('',#2188,.T.);
#2373=FACE_BOUND('',#2189,.T.);
#2374=FACE_BOUND('',#2190,.T.);
#2375=FACE_BOUND('',#2191,.T.);
#2376=FACE_BOUND('',#2192,.T.);
#2377=FACE_BOUND('',#2193,.T.);
#2378=FACE_BOUND('',#2194,.T.);
#2379=FACE_BOUND('',#2195,.T.);
#2380=FACE_BOUND('',#2196,.T.);
#2381=FACE_BOUND('',#2197,.T.);
#2382=FACE_BOUND('',#2198,.T.);
#2383=FACE_BOUND('',#2199,.T.);
#2384=FACE_BOUND('',#2200,.T.);
#2385=FACE_BOUND('',#2201,.T.);
#2386=FACE_BOUND('',#2202,.T.);
#2387=FACE_BOUND('',#2203,.T.);
#2388=FACE_BOUND('',#2204,.T.);
#2389=FACE_BOUND('',#2205,.T.);
#2390=FACE_BOUND('',#2206,.T.);
#2391=FACE_BOUND('',#2207,.T.);
#2392=FACE_BOUND('',#2208,.T.);
#2393=FACE_BOUND('',#2209,.T.);
#2394=FACE_BOUND('',#2210,.T.);
#2395=FACE_BOUND('',#2211,.T.);
#2396=FACE_BOUND('',#2212,.T.);
#2397=FACE_BOUND('',#2213,.T.);
#2398=FACE_BOUND('',#2214,.T.);
#2399=FACE_BOUND('',#2215,.T.);
#2400=FACE_BOUND('',#2216,.T.);
#2401=FACE_BOUND('',#2217,.T.);
#2402=FACE_BOUND('',#2218,.T.);
#2403=FACE_BOUND('',#2219,.T.);
#2404=FACE_BOUND('',#2220,.T.);
#2405=FACE_BOUND('',#2221,.T.);
#2406=FACE_BOUND('',#2222,.T.);
#2407=FACE_BOUND('',#2223,.T.);
#2408=FACE_BOUND('',#2224,.T.);
#2409=FACE_BOUND('',#2225,.T.);
#2410=FACE_BOUND('',#2226,.T.);
#2411=FACE_BOUND('',#2227,.T.);
#2412=FACE_BOUND('',#2228,.T.);
#2413=FACE_BOUND('',#2229,.T.);
#2414=FACE_BOUND('',#2230,.T.);
#2415=FACE_BOUND('',#2231,.T.);
#2416=FACE_BOUND('',#2232,.T.);
#2417=FACE_BOUND('',#2233,.T.);
#2418=FACE_BOUND('',#2234,.T.);
#2419=FACE_BOUND('',#2235,.T.);
#2420=FACE_BOUND('',#2236,.T.);
#2421=FACE_BOUND('',#2237,.T.);
#2422=FACE_BOUND('',#2238,.T.);
#2423=FACE_BOUND('',#2239,.T.);
#2424=FACE_BOUND('',#2240,.T.);
#2425=FACE_BOUND('',#2241,.T.);
#2426=FACE_BOUND('',#2242,.T.);
#2427=FACE_BOUND('',#2243,.T.);
#2428=FACE_BOUND('',#2244,.T.);
#2429=FACE_BOUND('',#2245,.T.);
#2430=FACE_BOUND('',#2246,.T.);
#2431=FACE_BOUND('',#2247,.T.);
#2432=FACE_BOUND('',#2248,.T.);
#2433=FACE_BOUND('',#2249,.T.);
#2434=FACE_BOUND('',#2250,.T.);
#2435=FACE_BOUND('',#2251,.T.);
#2436=FACE_BOUND('',#2252,.T.);
#2437=FACE_BOUND('',#2253,.T.);
#2438=FACE_BOUND('',#2254,.T.);
#2439=FACE_BOUND('',#2255,.T.);
#2440=FACE_BOUND('',#2256,.T.);
#2441=FACE_BOUND('',#2257,.T.);
#2442=FACE_BOUND('',#2258,.T.);
#2443=FACE_BOUND('',#2259,.T.);
#2444=FACE_BOUND('',#2260,.T.);
#2445=FACE_BOUND('',#2261,.T.);
#2446=FACE_BOUND('',#2262,.T.);
#2447=FACE_BOUND('',#2263,.T.);
#2448=FACE_BOUND('',#2264,.T.);
#2449=FACE_BOUND('',#2265,.T.);
#2450=FACE_BOUND('',#2266,.T.);
#2451=FACE_BOUND('',#2267,.T.);
#2452=FACE_BOUND('',#2268,.T.);
#2453=FACE_BOUND('',#2269,.T.);
#2454=CYLINDRICAL_SURFACE('',#2705,0.00215);
#2455=CYLINDRICAL_SURFACE('',#2708,0.00215);
#2456=CYLINDRICAL_SURFACE('',#2711,0.00215);
#2457=CYLINDRICAL_SURFACE('',#2714,0.00215);
#2458=CYLINDRICAL_SURFACE('',#2717,0.013);
#2459=CYLINDRICAL_SURFACE('',#2720,0.031);
#2460=CYLINDRICAL_SURFACE('',#2723,0.013);
#2461=CYLINDRICAL_SURFACE('',#2726,0.013);
#2462=CYLINDRICAL_SURFACE('',#2729,0.031);
#2463=CYLINDRICAL_SURFACE('',#2732,0.013);
#2464=CYLINDRICAL_SURFACE('',#2735,0.013);
#2465=CYLINDRICAL_SURFACE('',#2738,0.031);
#2466=CYLINDRICAL_SURFACE('',#2741,0.013);
#2467=CYLINDRICAL_SURFACE('',#2744,0.013);
#2468=CYLINDRICAL_SURFACE('',#2747,0.013);
#2469=CYLINDRICAL_SURFACE('',#2750,0.031);
#2470=CYLINDRICAL_SURFACE('',#2867,0.00215);
#2471=CYLINDRICAL_SURFACE('',#2870,0.00215);
#2472=CYLINDRICAL_SURFACE('',#2873,0.00215);
#2473=CYLINDRICAL_SURFACE('',#2876,0.00215);
#2474=CYLINDRICAL_SURFACE('',#2887,0.046);
#2475=CYLINDRICAL_SURFACE('',#2889,0.046);
#2476=CYLINDRICAL_SURFACE('',#2891,0.046);
#2477=CYLINDRICAL_SURFACE('',#2893,0.046);
#2478=CYLINDRICAL_SURFACE('',#2895,0.036);
#2479=CYLINDRICAL_SURFACE('',#2897,0.036);
#2480=CYLINDRICAL_SURFACE('',#2899,0.036);
#2481=CYLINDRICAL_SURFACE('',#2901,0.036);
#2482=CYLINDRICAL_SURFACE('',#2903,0.035);
#2483=CYLINDRICAL_SURFACE('',#2904,0.035);
#2484=CYLINDRICAL_SURFACE('',#2905,0.035);
#2485=CYLINDRICAL_SURFACE('',#2906,0.035);
#2486=CYLINDRICAL_SURFACE('',#2939,0.00375);
#2487=CYLINDRICAL_SURFACE('',#2942,0.00375);
#2488=CYLINDRICAL_SURFACE('',#2945,0.00375);
#2489=CYLINDRICAL_SURFACE('',#2948,0.00375);
#2490=CYLINDRICAL_SURFACE('',#2951,0.007);
#2491=CYLINDRICAL_SURFACE('',#2952,0.007);
#2492=CYLINDRICAL_SURFACE('',#2953,0.007);
#2493=CYLINDRICAL_SURFACE('',#2954,0.007);
#2494=CYLINDRICAL_SURFACE('',#2955,0.016);
#2495=CYLINDRICAL_SURFACE('',#2957,0.016);
#2496=CYLINDRICAL_SURFACE('',#2959,0.016);
#2497=CYLINDRICAL_SURFACE('',#2961,0.016);
#2498=CYLINDRICAL_SURFACE('',#2963,0.002);
#2499=CYLINDRICAL_SURFACE('',#2965,0.002);
#2500=CYLINDRICAL_SURFACE('',#2967,0.002);
#2501=CYLINDRICAL_SURFACE('',#2969,0.002);
#2502=CYLINDRICAL_SURFACE('',#2971,0.002);
#2503=CYLINDRICAL_SURFACE('',#2973,0.002);
#2504=CYLINDRICAL_SURFACE('',#2975,0.002);
#2505=CYLINDRICAL_SURFACE('',#2977,0.002);
#2506=CYLINDRICAL_SURFACE('',#2979,0.002);
#2507=CYLINDRICAL_SURFACE('',#2981,0.002);
#2508=CYLINDRICAL_SURFACE('',#2983,0.002);
#2509=CYLINDRICAL_SURFACE('',#2985,0.002);
#2510=CYLINDRICAL_SURFACE('',#2987,0.002);
#2511=CYLINDRICAL_SURFACE('',#2989,0.002);
#2512=CYLINDRICAL_SURFACE('',#2991,0.002);
#2513=CYLINDRICAL_SURFACE('',#2993,0.002);
#2514=CYLINDRICAL_SURFACE('',#2995,0.000788588124752059);
#2515=CYLINDRICAL_SURFACE('',#2996,0.000788588124752059);
#2516=CYLINDRICAL_SURFACE('',#2997,0.000788588124752059);
#2517=CYLINDRICAL_SURFACE('',#2998,0.000788588124752059);
#2518=CYLINDRICAL_SURFACE('',#2999,0.000788588124752059);
#2519=CYLINDRICAL_SURFACE('',#3000,0.000788588124752059);
#2520=CYLINDRICAL_SURFACE('',#3001,0.000788588124752059);
#2521=CYLINDRICAL_SURFACE('',#3002,0.000788588124752059);
#2522=CYLINDRICAL_SURFACE('',#3003,0.003);
#2523=CYLINDRICAL_SURFACE('',#3004,0.003);
#2524=CYLINDRICAL_SURFACE('',#3005,0.003);
#2525=CYLINDRICAL_SURFACE('',#3006,0.003);
#2526=CYLINDRICAL_SURFACE('',#3007,0.003);
#2527=CYLINDRICAL_SURFACE('',#3008,0.003);
#2528=CYLINDRICAL_SURFACE('',#3009,0.003);
#2529=CYLINDRICAL_SURFACE('',#3010,0.003);
#2530=CYLINDRICAL_SURFACE('',#3011,0.003);
#2531=CYLINDRICAL_SURFACE('',#3012,0.003);
#2532=CYLINDRICAL_SURFACE('',#3013,0.003);
#2533=CYLINDRICAL_SURFACE('',#3014,0.003);
#2534=CYLINDRICAL_SURFACE('',#3015,0.003);
#2535=CYLINDRICAL_SURFACE('',#3016,0.003);
#2536=CYLINDRICAL_SURFACE('',#3017,0.003);
#2537=CYLINDRICAL_SURFACE('',#3018,0.003);
#2538=CYLINDRICAL_SURFACE('',#3047,0.003);
#2539=CYLINDRICAL_SURFACE('',#3048,0.003);
#2540=CYLINDRICAL_SURFACE('',#3049,0.003);
#2541=CYLINDRICAL_SURFACE('',#3050,0.003);
#2542=CYLINDRICAL_SURFACE('',#3051,0.003);
#2543=CYLINDRICAL_SURFACE('',#3052,0.003);
#2544=CYLINDRICAL_SURFACE('',#3053,0.003);
#2545=CYLINDRICAL_SURFACE('',#3054,0.003);
#2546=ADVANCED_FACE('',(#2270,#2271),#2454,.F.);
#2547=ADVANCED_FACE('',(#2272,#2273),#2455,.F.);
#2548=ADVANCED_FACE('',(#2274,#2275),#2456,.F.);
#2549=ADVANCED_FACE('',(#2276,#2277),#2457,.F.);
#2550=ADVANCED_FACE('',(#2278),#2458,.F.);
#2551=ADVANCED_FACE('',(#2279),#2459,.T.);
#2552=ADVANCED_FACE('',(#2280),#2460,.F.);
#2553=ADVANCED_FACE('',(#2281),#2461,.F.);
#2554=ADVANCED_FACE('',(#2282),#2462,.T.);
#2555=ADVANCED_FACE('',(#2283),#2463,.F.);
#2556=ADVANCED_FACE('',(#2284),#2464,.F.);
#2557=ADVANCED_FACE('',(#2285),#2465,.T.);
#2558=ADVANCED_FACE('',(#2286),#2466,.F.);
#2559=ADVANCED_FACE('',(#2287),#2467,.F.);
#2560=ADVANCED_FACE('',(#2288),#2468,.F.);
#2561=ADVANCED_FACE('',(#2289),#2469,.T.);
#2562=ADVANCED_FACE('',(#2290,#2291,#2292,#2293,#2294,#2295),#16,.T.);
#2563=ADVANCED_FACE('',(#2296,#2297,#2298,#2299,#2300,#2301),#17,.F.);
#2564=ADVANCED_FACE('',(#2302,#2303),#2470,.F.);
#2565=ADVANCED_FACE('',(#2304,#2305),#2471,.F.);
#2566=ADVANCED_FACE('',(#2306,#2307),#2472,.F.);
#2567=ADVANCED_FACE('',(#2308,#2309),#2473,.F.);
#2568=ADVANCED_FACE('',(#2310),#18,.T.);
#2569=ADVANCED_FACE('',(#2311),#19,.F.);
#2570=ADVANCED_FACE('',(#2312),#20,.F.);
#2571=ADVANCED_FACE('',(#2313),#21,.T.);
#2572=ADVANCED_FACE('',(#2314),#22,.T.);
#2573=ADVANCED_FACE('',(#2315),#23,.F.);
#2574=ADVANCED_FACE('',(#2316),#24,.T.);
#2575=ADVANCED_FACE('',(#2317),#25,.F.);
#2576=ADVANCED_FACE('',(#2318),#2474,.T.);
#2577=ADVANCED_FACE('',(#2319),#2475,.T.);
#2578=ADVANCED_FACE('',(#2320),#2476,.T.);
#2579=ADVANCED_FACE('',(#2321),#2477,.T.);
#2580=ADVANCED_FACE('',(#2322),#2478,.F.);
#2581=ADVANCED_FACE('',(#2323),#2479,.F.);
#2582=ADVANCED_FACE('',(#2324),#2480,.F.);
#2583=ADVANCED_FACE('',(#2325),#2481,.F.);
#2584=ADVANCED_FACE('',(#2326),#2482,.T.);
#2585=ADVANCED_FACE('',(#2327),#2483,.T.);
#2586=ADVANCED_FACE('',(#2328),#2484,.T.);
#2587=ADVANCED_FACE('',(#2329),#2485,.T.);
#2588=ADVANCED_FACE('',(#2330,#2331),#26,.F.);
#2589=ADVANCED_FACE('',(#2332,#2333),#27,.F.);
#2590=ADVANCED_FACE('',(#2334,#2335),#28,.F.);
#2591=ADVANCED_FACE('',(#2336,#2337),#29,.F.);
#2592=ADVANCED_FACE('',(#2338),#12,.T.);
#2593=ADVANCED_FACE('',(#2339),#13,.T.);
#2594=ADVANCED_FACE('',(#2340),#14,.T.);
#2595=ADVANCED_FACE('',(#2341),#15,.T.);
#2596=ADVANCED_FACE('',(#2342,#2343),#2486,.F.);
#2597=ADVANCED_FACE('',(#2344,#2345),#30,.T.);
#2598=ADVANCED_FACE('',(#2346,#2347),#2487,.F.);
#2599=ADVANCED_FACE('',(#2348,#2349),#31,.T.);
#2600=ADVANCED_FACE('',(#2350,#2351),#2488,.F.);
#2601=ADVANCED_FACE('',(#2352,#2353),#32,.T.);
#2602=ADVANCED_FACE('',(#2354,#2355),#2489,.F.);
#2603=ADVANCED_FACE('',(#2356,#2357),#33,.T.);
#2604=ADVANCED_FACE('',(#2358),#2490,.F.);
#2605=ADVANCED_FACE('',(#2359),#2491,.F.);
#2606=ADVANCED_FACE('',(#2360),#2492,.F.);
#2607=ADVANCED_FACE('',(#2361),#2493,.F.);
#2608=ADVANCED_FACE('',(#2362),#2494,.F.);
#2609=ADVANCED_FACE('',(#2363),#2495,.F.);
#2610=ADVANCED_FACE('',(#2364),#2496,.F.);
#2611=ADVANCED_FACE('',(#2365),#2497,.F.);
#2612=ADVANCED_FACE('',(#2366),#2498,.T.);
#2613=ADVANCED_FACE('',(#2367),#2499,.T.);
#2614=ADVANCED_FACE('',(#2368),#2500,.T.);
#2615=ADVANCED_FACE('',(#2369),#2501,.T.);
#2616=ADVANCED_FACE('',(#2370),#2502,.T.);
#2617=ADVANCED_FACE('',(#2371),#2503,.T.);
#2618=ADVANCED_FACE('',(#2372),#2504,.T.);
#2619=ADVANCED_FACE('',(#2373),#2505,.T.);
#2620=ADVANCED_FACE('',(#2374),#2506,.T.);
#2621=ADVANCED_FACE('',(#2375),#2507,.T.);
#2622=ADVANCED_FACE('',(#2376),#2508,.T.);
#2623=ADVANCED_FACE('',(#2377),#2509,.T.);
#2624=ADVANCED_FACE('',(#2378),#2510,.T.);
#2625=ADVANCED_FACE('',(#2379),#2511,.T.);
#2626=ADVANCED_FACE('',(#2380),#2512,.T.);
#2627=ADVANCED_FACE('',(#2381),#2513,.T.);
#2628=ADVANCED_FACE('',(#2382),#2514,.T.);
#2629=ADVANCED_FACE('',(#2383),#2515,.T.);
#2630=ADVANCED_FACE('',(#2384),#2516,.T.);
#2631=ADVANCED_FACE('',(#2385),#2517,.T.);
#2632=ADVANCED_FACE('',(#2386),#2518,.T.);
#2633=ADVANCED_FACE('',(#2387),#2519,.T.);
#2634=ADVANCED_FACE('',(#2388),#2520,.T.);
#2635=ADVANCED_FACE('',(#2389),#2521,.T.);
#2636=ADVANCED_FACE('',(#2390),#2522,.T.);
#2637=ADVANCED_FACE('',(#2391),#2523,.F.);
#2638=ADVANCED_FACE('',(#2392),#2524,.F.);
#2639=ADVANCED_FACE('',(#2393),#2525,.T.);
#2640=ADVANCED_FACE('',(#2394),#2526,.T.);
#2641=ADVANCED_FACE('',(#2395),#2527,.F.);
#2642=ADVANCED_FACE('',(#2396),#2528,.F.);
#2643=ADVANCED_FACE('',(#2397),#2529,.T.);
#2644=ADVANCED_FACE('',(#2398),#2530,.T.);
#2645=ADVANCED_FACE('',(#2399),#2531,.T.);
#2646=ADVANCED_FACE('',(#2400),#2532,.F.);
#2647=ADVANCED_FACE('',(#2401),#2533,.F.);
#2648=ADVANCED_FACE('',(#2402),#2534,.T.);
#2649=ADVANCED_FACE('',(#2403),#2535,.F.);
#2650=ADVANCED_FACE('',(#2404),#2536,.F.);
#2651=ADVANCED_FACE('',(#2405),#2537,.T.);
#2652=ADVANCED_FACE('',(#2406),#34,.T.);
#2653=ADVANCED_FACE('',(#2407),#35,.T.);
#2654=ADVANCED_FACE('',(#2408),#36,.T.);
#2655=ADVANCED_FACE('',(#2409),#37,.T.);
#2656=ADVANCED_FACE('',(#2410),#38,.T.);
#2657=ADVANCED_FACE('',(#2411),#39,.T.);
#2658=ADVANCED_FACE('',(#2412,#2413),#40,.T.);
#2659=ADVANCED_FACE('',(#2414),#41,.F.);
#2660=ADVANCED_FACE('',(#2415),#42,.F.);
#2661=ADVANCED_FACE('',(#2416),#43,.F.);
#2662=ADVANCED_FACE('',(#2417),#44,.F.);
#2663=ADVANCED_FACE('',(#2418),#45,.F.);
#2664=ADVANCED_FACE('',(#2419),#46,.F.);
#2665=ADVANCED_FACE('',(#2420,#2421),#47,.T.);
#2666=ADVANCED_FACE('',(#2422),#48,.T.);
#2667=ADVANCED_FACE('',(#2423),#49,.T.);
#2668=ADVANCED_FACE('',(#2424),#50,.T.);
#2669=ADVANCED_FACE('',(#2425),#51,.T.);
#2670=ADVANCED_FACE('',(#2426),#52,.T.);
#2671=ADVANCED_FACE('',(#2427),#53,.T.);
#2672=ADVANCED_FACE('',(#2428,#2429),#54,.T.);
#2673=ADVANCED_FACE('',(#2430),#55,.F.);
#2674=ADVANCED_FACE('',(#2431),#56,.F.);
#2675=ADVANCED_FACE('',(#2432),#57,.F.);
#2676=ADVANCED_FACE('',(#2433),#58,.F.);
#2677=ADVANCED_FACE('',(#2434),#59,.F.);
#2678=ADVANCED_FACE('',(#2435),#60,.F.);
#2679=ADVANCED_FACE('',(#2436,#2437),#61,.T.);
#2680=ADVANCED_FACE('',(#2438),#2538,.T.);
#2681=ADVANCED_FACE('',(#2439),#2539,.T.);
#2682=ADVANCED_FACE('',(#2440),#2540,.T.);
#2683=ADVANCED_FACE('',(#2441),#2541,.T.);
#2684=ADVANCED_FACE('',(#2442),#2542,.T.);
#2685=ADVANCED_FACE('',(#2443),#2543,.T.);
#2686=ADVANCED_FACE('',(#2444),#2544,.T.);
#2687=ADVANCED_FACE('',(#2445),#2545,.T.);
#2688=ADVANCED_FACE('',(#2446,#2447),#62,.T.);
#2689=ADVANCED_FACE('',(#2448,#2449),#63,.T.);
#2690=ADVANCED_FACE('',(#2450,#2451),#64,.T.);
#2691=ADVANCED_FACE('',(#2452,#2453),#65,.T.);
#2692=CLOSED_SHELL('',(#2546,#2547,#2548,#2549,#2550,#2551,#2552,#2553,
#2554,#2555,#2556,#2557,#2558,#2559,#2560,#2561,#2562,#2563,#2564,#2565,
#2566,#2567,#2568,#2569,#2570,#2571,#2572,#2573,#2574,#2575,#2576,#2577,
#2578,#2579,#2580,#2581,#2582,#2583,#2584,#2585,#2586,#2587,#2588,#2589,
#2590,#2591,#2592,#2593,#2594,#2595,#2596,#2597,#2598,#2599,#2600,#2601,
#2602,#2603,#2604,#2605,#2606,#2607,#2608,#2609,#2610,#2611,#2612,#2613,
#2614,#2615,#2616,#2617,#2618,#2619,#2620,#2621,#2622,#2623,#2624,#2625,
#2626,#2627,#2628,#2629,#2630,#2631,#2632,#2633,#2634,#2635,#2636,#2637,
#2638,#2639,#2640,#2641,#2642,#2643,#2644,#2645,#2646,#2647,#2648,#2649,
#2650,#2651,#2652,#2653,#2654,#2655,#2656,#2657,#2658,#2659,#2660,#2661,
#2662,#2663,#2664,#2665,#2666,#2667,#2668,#2669,#2670,#2671,#2672,#2673,
#2674,#2675,#2676,#2677,#2678,#2679,#2680,#2681,#2682,#2683,#2684,#2685,
#2686,#2687,#2688,#2689,#2690,#2691));
#2693=STYLED_ITEM('',(#2694),#2701);
#2694=PRESENTATION_STYLE_ASSIGNMENT((#2695));
#2695=SURFACE_STYLE_USAGE(.BOTH.,#2696);
#2696=SURFACE_SIDE_STYLE('',(#2697));
#2697=SURFACE_STYLE_FILL_AREA(#2698);
#2698=FILL_AREA_STYLE('',(#2699));
#2699=FILL_AREA_STYLE_COLOUR('',#2700);
#2700=COLOUR_RGB('',0.76078431372549,0.83921568627451,0.925490196078431);
#2701=MANIFOLD_SOLID_BREP('PG2 Carriage Male',#2692);
#2702=SHAPE_DEFINITION_REPRESENTATION(#4766,#2703);
#2703=SHAPE_REPRESENTATION('PG2 Carriage Male',(#2704),#4761);
#2704=AXIS2_PLACEMENT_3D('',#3953,#3059,#3060);
#2705=AXIS2_PLACEMENT_3D('',#3954,#3061,#3062);
#2706=AXIS2_PLACEMENT_3D('',#3955,#3063,#3064);
#2707=AXIS2_PLACEMENT_3D('',#3957,#3065,#3066);
#2708=AXIS2_PLACEMENT_3D('',#3959,#3067,#3068);
#2709=AXIS2_PLACEMENT_3D('',#3960,#3069,#3070);
#2710=AXIS2_PLACEMENT_3D('',#3962,#3071,#3072);
#2711=AXIS2_PLACEMENT_3D('',#3964,#3073,#3074);
#2712=AXIS2_PLACEMENT_3D('',#3965,#3075,#3076);
#2713=AXIS2_PLACEMENT_3D('',#3967,#3077,#3078);
#2714=AXIS2_PLACEMENT_3D('',#3969,#3079,#3080);
#2715=AXIS2_PLACEMENT_3D('',#3970,#3081,#3082);
#2716=AXIS2_PLACEMENT_3D('',#3972,#3083,#3084);
#2717=AXIS2_PLACEMENT_3D('',#3974,#3085,#3086);
#2718=AXIS2_PLACEMENT_3D('',#3978,#3088,#3089);
#2719=AXIS2_PLACEMENT_3D('',#3982,#3091,#3092);
#2720=AXIS2_PLACEMENT_3D('',#3983,#3093,#3094);
#2721=AXIS2_PLACEMENT_3D('',#3984,#3095,#3096);
#2722=AXIS2_PLACEMENT_3D('',#3989,#3098,#3099);
#2723=AXIS2_PLACEMENT_3D('',#3992,#3101,#3102);
#2724=AXIS2_PLACEMENT_3D('',#3996,#3104,#3105);
#2725=AXIS2_PLACEMENT_3D('',#4000,#3107,#3108);
#2726=AXIS2_PLACEMENT_3D('',#4001,#3109,#3110);
#2727=AXIS2_PLACEMENT_3D('',#4005,#3112,#3113);
#2728=AXIS2_PLACEMENT_3D('',#4009,#3115,#3116);
#2729=AXIS2_PLACEMENT_3D('',#4010,#3117,#3118);
#2730=AXIS2_PLACEMENT_3D('',#4011,#3119,#3120);
#2731=AXIS2_PLACEMENT_3D('',#4016,#3122,#3123);
#2732=AXIS2_PLACEMENT_3D('',#4019,#3125,#3126);
#2733=AXIS2_PLACEMENT_3D('',#4023,#3128,#3129);
#2734=AXIS2_PLACEMENT_3D('',#4027,#3131,#3132);
#2735=AXIS2_PLACEMENT_3D('',#4028,#3133,#3134);
#2736=AXIS2_PLACEMENT_3D('',#4032,#3136,#3137);
#2737=AXIS2_PLACEMENT_3D('',#4036,#3139,#3140);
#2738=AXIS2_PLACEMENT_3D('',#4037,#3141,#3142);
#2739=AXIS2_PLACEMENT_3D('',#4038,#3143,#3144);
#2740=AXIS2_PLACEMENT_3D('',#4043,#3146,#3147);
#2741=AXIS2_PLACEMENT_3D('',#4046,#3149,#3150);
#2742=AXIS2_PLACEMENT_3D('',#4050,#3152,#3153);
#2743=AXIS2_PLACEMENT_3D('',#4054,#3155,#3156);
#2744=AXIS2_PLACEMENT_3D('',#4055,#3157,#3158);
#2745=AXIS2_PLACEMENT_3D('',#4059,#3160,#3161);
#2746=AXIS2_PLACEMENT_3D('',#4063,#3163,#3164);
#2747=AXIS2_PLACEMENT_3D('',#4064,#3165,#3166);
#2748=AXIS2_PLACEMENT_3D('',#4068,#3168,#3169);
#2749=AXIS2_PLACEMENT_3D('',#4072,#3171,#3172);
#2750=AXIS2_PLACEMENT_3D('',#4073,#3173,#3174);
#2751=AXIS2_PLACEMENT_3D('',#4074,#3175,#3176);
#2752=AXIS2_PLACEMENT_3D('',#4079,#3178,#3179);
#2753=AXIS2_PLACEMENT_3D('',#4082,#3181,#3182);
#2754=AXIS2_PLACEMENT_3D('',#4119,#3201,#3202);
#2755=AXIS2_PLACEMENT_3D('',#4122,#3203,#3204);
#2756=AXIS2_PLACEMENT_3D('',#4124,#3205,#3206);
#2757=AXIS2_PLACEMENT_3D('',#4126,#3207,#3208);
#2758=AXIS2_PLACEMENT_3D('',#4128,#3209,#3210);
#2759=AXIS2_PLACEMENT_3D('',#4130,#3211,#3212);
#2760=AXIS2_PLACEMENT_3D('',#4132,#3213,#3214);
#2761=AXIS2_PLACEMENT_3D('',#4134,#3215,#3216);
#2762=AXIS2_PLACEMENT_3D('',#4136,#3217,#3218);
#2763=AXIS2_PLACEMENT_3D('',#4138,#3219,#3220);
#2764=AXIS2_PLACEMENT_3D('',#4140,#3221,#3222);
#2765=AXIS2_PLACEMENT_3D('',#4142,#3223,#3224);
#2766=AXIS2_PLACEMENT_3D('',#4144,#3225,#3226);
#2767=AXIS2_PLACEMENT_3D('',#4146,#3227,#3228);
#2768=AXIS2_PLACEMENT_3D('',#4148,#3229,#3230);
#2769=AXIS2_PLACEMENT_3D('',#4150,#3231,#3232);
#2770=AXIS2_PLACEMENT_3D('',#4151,#3233,#3234);
#2771=AXIS2_PLACEMENT_3D('',#4154,#3235,#3236);
#2772=AXIS2_PLACEMENT_3D('',#4155,#3237,#3238);
#2773=AXIS2_PLACEMENT_3D('',#4157,#3239,#3240);
#2774=AXIS2_PLACEMENT_3D('',#4159,#3241,#3242);
#2775=AXIS2_PLACEMENT_3D('',#4161,#3243,#3244);
#2776=AXIS2_PLACEMENT_3D('',#4163,#3245,#3246);
#2777=AXIS2_PLACEMENT_3D('',#4165,#3247,#3248);
#2778=AXIS2_PLACEMENT_3D('',#4167,#3249,#3250);
#2779=AXIS2_PLACEMENT_3D('',#4169,#3251,#3252);
#2780=AXIS2_PLACEMENT_3D('',#4170,#3253,#3254);
#2781=AXIS2_PLACEMENT_3D('',#4172,#3255,#3256);
#2782=AXIS2_PLACEMENT_3D('',#4174,#3257,#3258);
#2783=AXIS2_PLACEMENT_3D('',#4176,#3259,#3260);
#2784=AXIS2_PLACEMENT_3D('',#4178,#3261,#3262);
#2785=AXIS2_PLACEMENT_3D('',#4180,#3263,#3264);
#2786=AXIS2_PLACEMENT_3D('',#4182,#3265,#3266);
#2787=AXIS2_PLACEMENT_3D('',#4184,#3267,#3268);
#2788=AXIS2_PLACEMENT_3D('',#4185,#3269,#3270);
#2789=AXIS2_PLACEMENT_3D('',#4187,#3271,#3272);
#2790=AXIS2_PLACEMENT_3D('',#4189,#3273,#3274);
#2791=AXIS2_PLACEMENT_3D('',#4191,#3275,#3276);
#2792=AXIS2_PLACEMENT_3D('',#4193,#3277,#3278);
#2793=AXIS2_PLACEMENT_3D('',#4195,#3279,#3280);
#2794=AXIS2_PLACEMENT_3D('',#4197,#3281,#3282);
#2795=AXIS2_PLACEMENT_3D('',#4199,#3283,#3284);
#2796=AXIS2_PLACEMENT_3D('',#4200,#3285,#3286);
#2797=AXIS2_PLACEMENT_3D('',#4202,#3287,#3288);
#2798=AXIS2_PLACEMENT_3D('',#4204,#3289,#3290);
#2799=AXIS2_PLACEMENT_3D('',#4206,#3291,#3292);
#2800=AXIS2_PLACEMENT_3D('',#4208,#3293,#3294);
#2801=AXIS2_PLACEMENT_3D('',#4210,#3295,#3296);
#2802=AXIS2_PLACEMENT_3D('',#4223,#3303,#3304);
#2803=AXIS2_PLACEMENT_3D('',#4224,#3305,#3306);
#2804=AXIS2_PLACEMENT_3D('',#4226,#3307,#3308);
#2805=AXIS2_PLACEMENT_3D('',#4228,#3309,#3310);
#2806=AXIS2_PLACEMENT_3D('',#4230,#3311,#3312);
#2807=AXIS2_PLACEMENT_3D('',#4233,#3313,#3314);
#2808=AXIS2_PLACEMENT_3D('',#4237,#3316,#3317);
#2809=AXIS2_PLACEMENT_3D('',#4239,#3318,#3319);
#2810=AXIS2_PLACEMENT_3D('',#4241,#3320,#3321);
#2811=AXIS2_PLACEMENT_3D('',#4245,#3323,#3324);
#2812=AXIS2_PLACEMENT_3D('',#4247,#3325,#3326);
#2813=AXIS2_PLACEMENT_3D('',#4249,#3327,#3328);
#2814=AXIS2_PLACEMENT_3D('',#4253,#3330,#3331);
#2815=AXIS2_PLACEMENT_3D('',#4255,#3332,#3333);
#2816=AXIS2_PLACEMENT_3D('',#4257,#3334,#3335);
#2817=AXIS2_PLACEMENT_3D('',#4261,#3337,#3338);
#2818=AXIS2_PLACEMENT_3D('',#4263,#3339,#3340);
#2819=AXIS2_PLACEMENT_3D('',#4265,#3341,#3342);
#2820=AXIS2_PLACEMENT_3D('',#4269,#3344,#3345);
#2821=AXIS2_PLACEMENT_3D('',#4271,#3346,#3347);
#2822=AXIS2_PLACEMENT_3D('',#4273,#3348,#3349);
#2823=AXIS2_PLACEMENT_3D('',#4277,#3351,#3352);
#2824=AXIS2_PLACEMENT_3D('',#4279,#3353,#3354);
#2825=AXIS2_PLACEMENT_3D('',#4281,#3355,#3356);
#2826=AXIS2_PLACEMENT_3D('',#4285,#3358,#3359);
#2827=AXIS2_PLACEMENT_3D('',#4287,#3360,#3361);
#2828=AXIS2_PLACEMENT_3D('',#4289,#3362,#3363);
#2829=AXIS2_PLACEMENT_3D('',#4293,#3365,#3366);
#2830=AXIS2_PLACEMENT_3D('',#4294,#3367,#3368);
#2831=AXIS2_PLACEMENT_3D('',#4296,#3369,#3370);
#2832=AXIS2_PLACEMENT_3D('',#4299,#3371,#3372);
#2833=AXIS2_PLACEMENT_3D('',#4301,#3373,#3374);
#2834=AXIS2_PLACEMENT_3D('',#4303,#3375,#3376);
#2835=AXIS2_PLACEMENT_3D('',#4305,#3377,#3378);
#2836=AXIS2_PLACEMENT_3D('',#4307,#3379,#3380);
#2837=AXIS2_PLACEMENT_3D('',#4308,#3381,#3382);
#2838=AXIS2_PLACEMENT_3D('',#4309,#3383,#3384);
#2839=AXIS2_PLACEMENT_3D('',#4310,#3385,#3386);
#2840=AXIS2_PLACEMENT_3D('',#4312,#3387,#3388);
#2841=AXIS2_PLACEMENT_3D('',#4314,#3389,#3390);
#2842=AXIS2_PLACEMENT_3D('',#4316,#3391,#3392);
#2843=AXIS2_PLACEMENT_3D('',#4318,#3393,#3394);
#2844=AXIS2_PLACEMENT_3D('',#4320,#3395,#3396);
#2845=AXIS2_PLACEMENT_3D('',#4322,#3397,#3398);
#2846=AXIS2_PLACEMENT_3D('',#4323,#3399,#3400);
#2847=AXIS2_PLACEMENT_3D('',#4324,#3401,#3402);
#2848=AXIS2_PLACEMENT_3D('',#4325,#3403,#3404);
#2849=AXIS2_PLACEMENT_3D('',#4327,#3405,#3406);
#2850=AXIS2_PLACEMENT_3D('',#4329,#3407,#3408);
#2851=AXIS2_PLACEMENT_3D('',#4331,#3409,#3410);
#2852=AXIS2_PLACEMENT_3D('',#4333,#3411,#3412);
#2853=AXIS2_PLACEMENT_3D('',#4335,#3413,#3414);
#2854=AXIS2_PLACEMENT_3D('',#4337,#3415,#3416);
#2855=AXIS2_PLACEMENT_3D('',#4338,#3417,#3418);
#2856=AXIS2_PLACEMENT_3D('',#4339,#3419,#3420);
#2857=AXIS2_PLACEMENT_3D('',#4340,#3421,#3422);
#2858=AXIS2_PLACEMENT_3D('',#4342,#3423,#3424);
#2859=AXIS2_PLACEMENT_3D('',#4344,#3425,#3426);
#2860=AXIS2_PLACEMENT_3D('',#4346,#3427,#3428);
#2861=AXIS2_PLACEMENT_3D('',#4348,#3429,#3430);
#2862=AXIS2_PLACEMENT_3D('',#4350,#3431,#3432);
#2863=AXIS2_PLACEMENT_3D('',#4352,#3433,#3434);
#2864=AXIS2_PLACEMENT_3D('',#4353,#3435,#3436);
#2865=AXIS2_PLACEMENT_3D('',#4354,#3437,#3438);
#2866=AXIS2_PLACEMENT_3D('',#4355,#3439,#3440);
#2867=AXIS2_PLACEMENT_3D('',#4356,#3441,#3442);
#2868=AXIS2_PLACEMENT_3D('',#4357,#3443,#3444);
#2869=AXIS2_PLACEMENT_3D('',#4359,#3445,#3446);
#2870=AXIS2_PLACEMENT_3D('',#4361,#3447,#3448);
#2871=AXIS2_PLACEMENT_3D('',#4362,#3449,#3450);
#2872=AXIS2_PLACEMENT_3D('',#4364,#3451,#3452);
#2873=AXIS2_PLACEMENT_3D('',#4366,#3453,#3454);
#2874=AXIS2_PLACEMENT_3D('',#4367,#3455,#3456);
#2875=AXIS2_PLACEMENT_3D('',#4369,#3457,#3458);
#2876=AXIS2_PLACEMENT_3D('',#4371,#3459,#3460);
#2877=AXIS2_PLACEMENT_3D('',#4372,#3461,#3462);
#2878=AXIS2_PLACEMENT_3D('',#4374,#3463,#3464);
#2879=AXIS2_PLACEMENT_3D('',#4376,#3465,#3466);
#2880=AXIS2_PLACEMENT_3D('',#4382,#3470,#3471);
#2881=AXIS2_PLACEMENT_3D('',#4388,#3475,#3476);
#2882=AXIS2_PLACEMENT_3D('',#4394,#3480,#3481);
#2883=AXIS2_PLACEMENT_3D('',#4400,#3485,#3486);
#2884=AXIS2_PLACEMENT_3D('',#4406,#3490,#3491);
#2885=AXIS2_PLACEMENT_3D('',#4412,#3495,#3496);
#2886=AXIS2_PLACEMENT_3D('',#4418,#3500,#3501);
#2887=AXIS2_PLACEMENT_3D('',#4424,#3505,#3506);
#2888=AXIS2_PLACEMENT_3D('',#4425,#3507,#3508);
#2889=AXIS2_PLACEMENT_3D('',#4430,#3511,#3512);
#2890=AXIS2_PLACEMENT_3D('',#4433,#3514,#3515);
#2891=AXIS2_PLACEMENT_3D('',#4436,#3517,#3518);
#2892=AXIS2_PLACEMENT_3D('',#4439,#3520,#3521);
#2893=AXIS2_PLACEMENT_3D('',#4442,#3523,#3524);
#2894=AXIS2_PLACEMENT_3D('',#4445,#3526,#3527);
#2895=AXIS2_PLACEMENT_3D('',#4448,#3529,#3530);
#2896=AXIS2_PLACEMENT_3D('',#4449,#3531,#3532);
#2897=AXIS2_PLACEMENT_3D('',#4454,#3535,#3536);
#2898=AXIS2_PLACEMENT_3D('',#4457,#3538,#3539);
#2899=AXIS2_PLACEMENT_3D('',#4460,#3541,#3542);
#2900=AXIS2_PLACEMENT_3D('',#4461,#3543,#3544);
#2901=AXIS2_PLACEMENT_3D('',#4466,#3547,#3548);
#2902=AXIS2_PLACEMENT_3D('',#4469,#3550,#3551);
#2903=AXIS2_PLACEMENT_3D('',#4472,#3553,#3554);
#2904=AXIS2_PLACEMENT_3D('',#4475,#3557,#3558);
#2905=AXIS2_PLACEMENT_3D('',#4478,#3561,#3562);
#2906=AXIS2_PLACEMENT_3D('',#4481,#3565,#3566);
#2907=AXIS2_PLACEMENT_3D('',#4484,#3569,#3570);
#2908=AXIS2_PLACEMENT_3D('',#4485,#3571,#3572);
#2909=AXIS2_PLACEMENT_3D('',#4487,#3573,#3574);
#2910=AXIS2_PLACEMENT_3D('',#4488,#3575,#3576);
#2911=AXIS2_PLACEMENT_3D('',#4489,#3577,#3578);
#2912=AXIS2_PLACEMENT_3D('',#4490,#3579,#3580);
#2913=AXIS2_PLACEMENT_3D('',#4492,#3581,#3582);
#2914=AXIS2_PLACEMENT_3D('',#4493,#3583,#3584);
#2915=AXIS2_PLACEMENT_3D('',#4494,#3585,#3586);
#2916=AXIS2_PLACEMENT_3D('',#4496,#3587,#3588);
#2917=AXIS2_PLACEMENT_3D('',#4497,#3589,#3590);
#2918=AXIS2_PLACEMENT_3D('',#4499,#3591,#3592);
#2919=AXIS2_PLACEMENT_3D('',#4500,#3593,#3594);
#2920=AXIS2_PLACEMENT_3D('',#4501,#3595,#3596);
#2921=AXIS2_PLACEMENT_3D('',#4502,#3597,#3598);
#2922=AXIS2_PLACEMENT_3D('',#4503,#3599,#3600);
#2923=AXIS2_PLACEMENT_3D('',#4505,#3601,#3602);
#2924=AXIS2_PLACEMENT_3D('',#4506,#3603,#3604);
#2925=AXIS2_PLACEMENT_3D('',#4507,#3605,#3606);
#2926=AXIS2_PLACEMENT_3D('',#4508,#3607,#3608);
#2927=AXIS2_PLACEMENT_3D('',#4510,#3609,#3610);
#2928=AXIS2_PLACEMENT_3D('',#4511,#3611,#3612);
#2929=AXIS2_PLACEMENT_3D('',#4512,#3613,#3614);
#2930=AXIS2_PLACEMENT_3D('',#4514,#3615,#3616);
#2931=AXIS2_PLACEMENT_3D('',#4515,#3617,#3618);
#2932=AXIS2_PLACEMENT_3D('',#4517,#3619,#3620);
#2933=AXIS2_PLACEMENT_3D('',#4518,#3621,#3622);
#2934=AXIS2_PLACEMENT_3D('',#4519,#3623,#3624);
#2935=AXIS2_PLACEMENT_3D('',#4520,#3625,#3626);
#2936=AXIS2_PLACEMENT_3D('',#4521,#3627,#3628);
#2937=AXIS2_PLACEMENT_3D('',#4522,#3629,#3630);
#2938=AXIS2_PLACEMENT_3D('',#4523,#3631,#3632);
#2939=AXIS2_PLACEMENT_3D('',#4524,#3633,#3634);
#2940=AXIS2_PLACEMENT_3D('',#4525,#3635,#3636);
#2941=AXIS2_PLACEMENT_3D('',#4527,#3637,#3638);
#2942=AXIS2_PLACEMENT_3D('',#4528,#3639,#3640);
#2943=AXIS2_PLACEMENT_3D('',#4529,#3641,#3642);
#2944=AXIS2_PLACEMENT_3D('',#4531,#3643,#3644);
#2945=AXIS2_PLACEMENT_3D('',#4532,#3645,#3646);
#2946=AXIS2_PLACEMENT_3D('',#4533,#3647,#3648);
#2947=AXIS2_PLACEMENT_3D('',#4535,#3649,#3650);
#2948=AXIS2_PLACEMENT_3D('',#4536,#3651,#3652);
#2949=AXIS2_PLACEMENT_3D('',#4537,#3653,#3654);
#2950=AXIS2_PLACEMENT_3D('',#4539,#3655,#3656);
#2951=AXIS2_PLACEMENT_3D('',#4540,#3657,#3658);
#2952=AXIS2_PLACEMENT_3D('',#4543,#3661,#3662);
#2953=AXIS2_PLACEMENT_3D('',#4546,#3665,#3666);
#2954=AXIS2_PLACEMENT_3D('',#4549,#3669,#3670);
#2955=AXIS2_PLACEMENT_3D('',#4552,#3673,#3674);
#2956=AXIS2_PLACEMENT_3D('',#4555,#3676,#3677);
#2957=AXIS2_PLACEMENT_3D('',#4560,#3681,#3682);
#2958=AXIS2_PLACEMENT_3D('',#4563,#3684,#3685);
#2959=AXIS2_PLACEMENT_3D('',#4568,#3689,#3690);
#2960=AXIS2_PLACEMENT_3D('',#4571,#3692,#3693);
#2961=AXIS2_PLACEMENT_3D('',#4576,#3697,#3698);
#2962=AXIS2_PLACEMENT_3D('',#4579,#3700,#3701);
#2963=AXIS2_PLACEMENT_3D('',#4584,#3705,#3706);
#2964=AXIS2_PLACEMENT_3D('',#4585,#3707,#3708);
#2965=AXIS2_PLACEMENT_3D('',#4586,#3709,#3710);
#2966=AXIS2_PLACEMENT_3D('',#4587,#3711,#3712);
#2967=AXIS2_PLACEMENT_3D('',#4588,#3713,#3714);
#2968=AXIS2_PLACEMENT_3D('',#4589,#3715,#3716);
#2969=AXIS2_PLACEMENT_3D('',#4590,#3717,#3718);
#2970=AXIS2_PLACEMENT_3D('',#4591,#3719,#3720);
#2971=AXIS2_PLACEMENT_3D('',#4592,#3721,#3722);
#2972=AXIS2_PLACEMENT_3D('',#4593,#3723,#3724);
#2973=AXIS2_PLACEMENT_3D('',#4594,#3725,#3726);
#2974=AXIS2_PLACEMENT_3D('',#4595,#3727,#3728);
#2975=AXIS2_PLACEMENT_3D('',#4596,#3729,#3730);
#2976=AXIS2_PLACEMENT_3D('',#4597,#3731,#3732);
#2977=AXIS2_PLACEMENT_3D('',#4598,#3733,#3734);
#2978=AXIS2_PLACEMENT_3D('',#4599,#3735,#3736);
#2979=AXIS2_PLACEMENT_3D('',#4600,#3737,#3738);
#2980=AXIS2_PLACEMENT_3D('',#4601,#3739,#3740);
#2981=AXIS2_PLACEMENT_3D('',#4602,#3741,#3742);
#2982=AXIS2_PLACEMENT_3D('',#4603,#3743,#3744);
#2983=AXIS2_PLACEMENT_3D('',#4604,#3745,#3746);
#2984=AXIS2_PLACEMENT_3D('',#4605,#3747,#3748);
#2985=AXIS2_PLACEMENT_3D('',#4606,#3749,#3750);
#2986=AXIS2_PLACEMENT_3D('',#4607,#3751,#3752);
#2987=AXIS2_PLACEMENT_3D('',#4608,#3753,#3754);
#2988=AXIS2_PLACEMENT_3D('',#4609,#3755,#3756);
#2989=AXIS2_PLACEMENT_3D('',#4610,#3757,#3758);
#2990=AXIS2_PLACEMENT_3D('',#4611,#3759,#3760);
#2991=AXIS2_PLACEMENT_3D('',#4612,#3761,#3762);
#2992=AXIS2_PLACEMENT_3D('',#4613,#3763,#3764);
#2993=AXIS2_PLACEMENT_3D('',#4614,#3765,#3766);
#2994=AXIS2_PLACEMENT_3D('',#4615,#3767,#3768);
#2995=AXIS2_PLACEMENT_3D('',#4616,#3769,#3770);
#2996=AXIS2_PLACEMENT_3D('',#4617,#3771,#3772);
#2997=AXIS2_PLACEMENT_3D('',#4618,#3773,#3774);
#2998=AXIS2_PLACEMENT_3D('',#4619,#3775,#3776);
#2999=AXIS2_PLACEMENT_3D('',#4620,#3777,#3778);
#3000=AXIS2_PLACEMENT_3D('',#4621,#3779,#3780);
#3001=AXIS2_PLACEMENT_3D('',#4622,#3781,#3782);
#3002=AXIS2_PLACEMENT_3D('',#4623,#3783,#3784);
#3003=AXIS2_PLACEMENT_3D('',#4624,#3785,#3786);
#3004=AXIS2_PLACEMENT_3D('',#4625,#3787,#3788);
#3005=AXIS2_PLACEMENT_3D('',#4627,#3790,#3791);
#3006=AXIS2_PLACEMENT_3D('',#4629,#3793,#3794);
#3007=AXIS2_PLACEMENT_3D('',#4630,#3795,#3796);
#3008=AXIS2_PLACEMENT_3D('',#4631,#3797,#3798);
#3009=AXIS2_PLACEMENT_3D('',#4633,#3800,#3801);
#3010=AXIS2_PLACEMENT_3D('',#4635,#3803,#3804);
#3011=AXIS2_PLACEMENT_3D('',#4636,#3805,#3806);
#3012=AXIS2_PLACEMENT_3D('',#4637,#3807,#3808);
#3013=AXIS2_PLACEMENT_3D('',#4638,#3809,#3810);
#3014=AXIS2_PLACEMENT_3D('',#4640,#3812,#3813);
#3015=AXIS2_PLACEMENT_3D('',#4642,#3815,#3816);
#3016=AXIS2_PLACEMENT_3D('',#4643,#3817,#3818);
#3017=AXIS2_PLACEMENT_3D('',#4645,#3820,#3821);
#3018=AXIS2_PLACEMENT_3D('',#4647,#3823,#3824);
#3019=AXIS2_PLACEMENT_3D('',#4648,#3825,#3826);
#3020=AXIS2_PLACEMENT_3D('',#4654,#3830,#3831);
#3021=AXIS2_PLACEMENT_3D('',#4658,#3834,#3835);
#3022=AXIS2_PLACEMENT_3D('',#4662,#3838,#3839);
#3023=AXIS2_PLACEMENT_3D('',#4666,#3842,#3843);
#3024=AXIS2_PLACEMENT_3D('',#4670,#3846,#3847);
#3025=AXIS2_PLACEMENT_3D('',#4672,#3849,#3850);
#3026=AXIS2_PLACEMENT_3D('',#4673,#3851,#3852);
#3027=AXIS2_PLACEMENT_3D('',#4679,#3856,#3857);
#3028=AXIS2_PLACEMENT_3D('',#4683,#3860,#3861);
#3029=AXIS2_PLACEMENT_3D('',#4687,#3864,#3865);
#3030=AXIS2_PLACEMENT_3D('',#4691,#3868,#3869);
#3031=AXIS2_PLACEMENT_3D('',#4695,#3872,#3873);
#3032=AXIS2_PLACEMENT_3D('',#4697,#3875,#3876);
#3033=AXIS2_PLACEMENT_3D('',#4698,#3877,#3878);
#3034=AXIS2_PLACEMENT_3D('',#4704,#3882,#3883);
#3035=AXIS2_PLACEMENT_3D('',#4708,#3886,#3887);
#3036=AXIS2_PLACEMENT_3D('',#4712,#3890,#3891);
#3037=AXIS2_PLACEMENT_3D('',#4716,#3894,#3895);
#3038=AXIS2_PLACEMENT_3D('',#4720,#3898,#3899);
#3039=AXIS2_PLACEMENT_3D('',#4722,#3901,#3902);
#3040=AXIS2_PLACEMENT_3D('',#4723,#3903,#3904);
#3041=AXIS2_PLACEMENT_3D('',#4729,#3908,#3909);
#3042=AXIS2_PLACEMENT_3D('',#4733,#3912,#3913);
#3043=AXIS2_PLACEMENT_3D('',#4737,#3916,#3917);
#3044=AXIS2_PLACEMENT_3D('',#4741,#3920,#3921);
#3045=AXIS2_PLACEMENT_3D('',#4745,#3924,#3925);
#3046=AXIS2_PLACEMENT_3D('',#4747,#3927,#3928);
#3047=AXIS2_PLACEMENT_3D('',#4748,#3929,#3930);
#3048=AXIS2_PLACEMENT_3D('',#4749,#3931,#3932);
#3049=AXIS2_PLACEMENT_3D('',#4750,#3933,#3934);
#3050=AXIS2_PLACEMENT_3D('',#4751,#3935,#3936);
#3051=AXIS2_PLACEMENT_3D('',#4752,#3937,#3938);
#3052=AXIS2_PLACEMENT_3D('',#4753,#3939,#3940);
#3053=AXIS2_PLACEMENT_3D('',#4754,#3941,#3942);
#3054=AXIS2_PLACEMENT_3D('',#4755,#3943,#3944);
#3055=AXIS2_PLACEMENT_3D('',#4756,#3945,#3946);
#3056=AXIS2_PLACEMENT_3D('',#4757,#3947,#3948);
#3057=AXIS2_PLACEMENT_3D('',#4758,#3949,#3950);
#3058=AXIS2_PLACEMENT_3D('',#4759,#3951,#3952);
#3059=DIRECTION('',(0.,0.,1.));
#3060=DIRECTION('',(1.,0.,0.));
#3061=DIRECTION('',(0.,-1.,0.));
#3062=DIRECTION('',(0.,0.,-1.));
#3063=DIRECTION('',(0.,-1.,0.));
#3064=DIRECTION('',(0.,0.,-1.));
#3065=DIRECTION('',(0.,1.,0.));
#3066=DIRECTION('',(0.,0.,1.));
#3067=DIRECTION('',(0.,-1.,0.));
#3068=DIRECTION('',(0.,0.,-1.));
#3069=DIRECTION('',(0.,-1.,0.));
#3070=DIRECTION('',(0.,0.,-1.));
#3071=DIRECTION('',(0.,1.,0.));
#3072=DIRECTION('',(0.,0.,1.));
#3073=DIRECTION('',(0.,-1.,0.));
#3074=DIRECTION('',(0.,0.,-1.));
#3075=DIRECTION('',(0.,-1.,0.));
#3076=DIRECTION('',(0.,0.,-1.));
#3077=DIRECTION('',(0.,1.,0.));
#3078=DIRECTION('',(0.,0.,1.));
#3079=DIRECTION('',(0.,-1.,0.));
#3080=DIRECTION('',(0.,0.,-1.));
#3081=DIRECTION('',(0.,-1.,0.));
#3082=DIRECTION('',(0.,0.,-1.));
#3083=DIRECTION('',(0.,1.,0.));
#3084=DIRECTION('',(0.,0.,1.));
#3085=DIRECTION('',(0.,-1.,0.));
#3086=DIRECTION('',(0.,0.,-1.));
#3087=DIRECTION('',(0.,-1.,0.));
#3088=DIRECTION('',(0.,1.,0.));
#3089=DIRECTION('',(0.,0.,1.));
#3090=DIRECTION('',(0.,-1.,0.));
#3091=DIRECTION('',(0.,1.,0.));
#3092=DIRECTION('',(0.,0.,1.));
#3093=DIRECTION('',(0.,-1.,0.));
#3094=DIRECTION('',(0.,0.,-1.));
#3095=DIRECTION('',(0.,1.,0.));
#3096=DIRECTION('',(0.,0.,1.));
#3097=DIRECTION('',(0.,-1.,0.));
#3098=DIRECTION('',(0.,1.,0.));
#3099=DIRECTION('',(0.,0.,1.));
#3100=DIRECTION('',(0.,-1.,0.));
#3101=DIRECTION('',(0.,-1.,0.));
#3102=DIRECTION('',(0.,0.,-1.));
#3103=DIRECTION('',(0.,-1.,0.));
#3104=DIRECTION('',(0.,1.,0.));
#3105=DIRECTION('',(0.,0.,1.));
#3106=DIRECTION('',(0.,-1.,0.));
#3107=DIRECTION('',(0.,1.,0.));
#3108=DIRECTION('',(0.,0.,1.));
#3109=DIRECTION('',(0.,-1.,0.));
#3110=DIRECTION('',(0.,0.,-1.));
#3111=DIRECTION('',(0.,-1.,0.));
#3112=DIRECTION('',(0.,1.,0.));
#3113=DIRECTION('',(0.,0.,1.));
#3114=DIRECTION('',(0.,-1.,0.));
#3115=DIRECTION('',(0.,1.,0.));
#3116=DIRECTION('',(0.,0.,1.));
#3117=DIRECTION('',(0.,-1.,0.));
#3118=DIRECTION('',(0.,0.,-1.));
#3119=DIRECTION('',(0.,1.,0.));
#3120=DIRECTION('',(0.,0.,1.));
#3121=DIRECTION('',(0.,-1.,0.));
#3122=DIRECTION('',(0.,1.,0.));
#3123=DIRECTION('',(0.,0.,1.));
#3124=DIRECTION('',(0.,-1.,0.));
#3125=DIRECTION('',(0.,-1.,0.));
#3126=DIRECTION('',(0.,0.,-1.));
#3127=DIRECTION('',(0.,-1.,0.));
#3128=DIRECTION('',(0.,1.,0.));
#3129=DIRECTION('',(0.,0.,1.));
#3130=DIRECTION('',(0.,-1.,0.));
#3131=DIRECTION('',(0.,1.,0.));
#3132=DIRECTION('',(0.,0.,1.));
#3133=DIRECTION('',(0.,-1.,0.));
#3134=DIRECTION('',(0.,0.,-1.));
#3135=DIRECTION('',(0.,-1.,0.));
#3136=DIRECTION('',(0.,1.,0.));
#3137=DIRECTION('',(0.,0.,1.));
#3138=DIRECTION('',(0.,-1.,0.));
#3139=DIRECTION('',(0.,1.,0.));
#3140=DIRECTION('',(0.,0.,1.));
#3141=DIRECTION('',(0.,-1.,0.));
#3142=DIRECTION('',(0.,0.,-1.));
#3143=DIRECTION('',(0.,1.,0.));
#3144=DIRECTION('',(0.,0.,1.));
#3145=DIRECTION('',(0.,-1.,0.));
#3146=DIRECTION('',(0.,1.,0.));
#3147=DIRECTION('',(0.,0.,1.));
#3148=DIRECTION('',(0.,-1.,0.));
#3149=DIRECTION('',(0.,-1.,0.));
#3150=DIRECTION('',(0.,0.,-1.));
#3151=DIRECTION('',(0.,-1.,0.));
#3152=DIRECTION('',(0.,1.,0.));
#3153=DIRECTION('',(0.,0.,1.));
#3154=DIRECTION('',(0.,-1.,0.));
#3155=DIRECTION('',(0.,1.,0.));
#3156=DIRECTION('',(0.,0.,1.));
#3157=DIRECTION('',(0.,-1.,0.));
#3158=DIRECTION('',(0.,0.,-1.));
#3159=DIRECTION('',(0.,-1.,0.));
#3160=DIRECTION('',(0.,1.,0.));
#3161=DIRECTION('',(0.,0.,1.));
#3162=DIRECTION('',(0.,-1.,0.));
#3163=DIRECTION('',(0.,1.,0.));
#3164=DIRECTION('',(0.,0.,1.));
#3165=DIRECTION('',(0.,-1.,0.));
#3166=DIRECTION('',(0.,0.,-1.));
#3167=DIRECTION('',(0.,-1.,0.));
#3168=DIRECTION('',(0.,1.,0.));
#3169=DIRECTION('',(0.,0.,1.));
#3170=DIRECTION('',(0.,-1.,0.));
#3171=DIRECTION('',(0.,1.,0.));
#3172=DIRECTION('',(0.,0.,1.));
#3173=DIRECTION('',(0.,-1.,0.));
#3174=DIRECTION('',(0.,0.,-1.));
#3175=DIRECTION('',(0.,1.,0.));
#3176=DIRECTION('',(0.,0.,1.));
#3177=DIRECTION('',(0.,-1.,0.));
#3178=DIRECTION('',(0.,1.,0.));
#3179=DIRECTION('',(0.,0.,1.));
#3180=DIRECTION('',(0.,-1.,0.));
#3181=DIRECTION('',(0.,-1.,0.));
#3182=DIRECTION('',(-0.99888987496197,0.,0.0471064507096433));
#3183=DIRECTION('',(0.258819045102518,0.,0.965925826289069));
#3184=DIRECTION('',(0.965925826289068,0.,0.258819045102523));
#3185=DIRECTION('',(0.707106781186549,0.,-0.707106781186546));
#3186=DIRECTION('',(-0.258819045102519,0.,-0.965925826289069));
#3187=DIRECTION('',(-0.965925826289067,0.,-0.258819045102524));
#3188=DIRECTION('',(-0.70710678118655,0.,0.707106781186546));
#3189=DIRECTION('',(-0.707106781186549,0.,0.707106781186546));
#3190=DIRECTION('',(0.258819045102519,0.,0.965925826289069));
#3191=DIRECTION('',(0.965925826289067,0.,0.258819045102524));
#3192=DIRECTION('',(0.70710678118655,0.,-0.707106781186546));
#3193=DIRECTION('',(-0.258819045102518,0.,-0.965925826289069));
#3194=DIRECTION('',(-0.965925826289068,0.,-0.258819045102523));
#3195=DIRECTION('',(-0.258819045102518,0.,0.965925826289069));
#3196=DIRECTION('',(0.70710678118655,0.,0.707106781186546));
#3197=DIRECTION('',(0.965925826289067,0.,-0.258819045102524));
#3198=DIRECTION('',(0.258819045102519,0.,-0.965925826289069));
#3199=DIRECTION('',(-0.707106781186549,0.,-0.707106781186546));
#3200=DIRECTION('',(-0.965925826289068,0.,0.258819045102523));
#3201=DIRECTION('',(0.,1.,0.));
#3202=DIRECTION('',(0.,0.,-1.));
#3203=DIRECTION('',(0.,-1.,0.));
#3204=DIRECTION('',(0.,0.,-1.));
#3205=DIRECTION('',(0.,-1.,0.));
#3206=DIRECTION('',(0.,0.,-1.));
#3207=DIRECTION('',(0.,-1.,0.));
#3208=DIRECTION('',(0.,0.,-1.));
#3209=DIRECTION('',(0.,1.,0.));
#3210=DIRECTION('',(0.,0.,-1.));
#3211=DIRECTION('',(0.,-1.,0.));
#3212=DIRECTION('',(0.,0.,-1.));
#3213=DIRECTION('',(0.,-1.,0.));
#3214=DIRECTION('',(0.,0.,-1.));
#3215=DIRECTION('',(0.,-1.,0.));
#3216=DIRECTION('',(0.,0.,-1.));
#3217=DIRECTION('',(0.,1.,0.));
#3218=DIRECTION('',(0.,0.,-1.));
#3219=DIRECTION('',(0.,-1.,0.));
#3220=DIRECTION('',(0.,0.,-1.));
#3221=DIRECTION('',(0.,-1.,0.));
#3222=DIRECTION('',(0.,0.,-1.));
#3223=DIRECTION('',(0.,-1.,0.));
#3224=DIRECTION('',(0.,0.,-1.));
#3225=DIRECTION('',(0.,1.,0.));
#3226=DIRECTION('',(0.,0.,-1.));
#3227=DIRECTION('',(0.,-1.,0.));
#3228=DIRECTION('',(0.,0.,-1.));
#3229=DIRECTION('',(0.,-1.,0.));
#3230=DIRECTION('',(0.,0.,-1.));
#3231=DIRECTION('',(0.,-1.,0.));
#3232=DIRECTION('',(0.,0.,-1.));
#3233=DIRECTION('',(0.,1.,0.));
#3234=DIRECTION('',(0.0471064507096433,0.,0.99888987496197));
#3235=DIRECTION('',(0.,-1.,0.));
#3236=DIRECTION('',(0.,0.,-1.));
#3237=DIRECTION('',(0.,1.,0.));
#3238=DIRECTION('',(0.0471064507096433,0.,0.99888987496197));
#3239=DIRECTION('',(0.,-1.,0.));
#3240=DIRECTION('',(0.,0.,-1.));
#3241=DIRECTION('',(0.,-1.,0.));
#3242=DIRECTION('',(0.,0.,-1.));
#3243=DIRECTION('',(0.,1.,0.));
#3244=DIRECTION('',(0.,0.,1.));
#3245=DIRECTION('',(0.,-1.,0.));
#3246=DIRECTION('',(0.,0.,-1.));
#3247=DIRECTION('',(0.,-1.,0.));
#3248=DIRECTION('',(0.,0.,-1.));
#3249=DIRECTION('',(0.,1.,0.));
#3250=DIRECTION('',(0.0471064507096433,0.,0.99888987496197));
#3251=DIRECTION('',(0.,-1.,0.));
#3252=DIRECTION('',(0.,0.,-1.));
#3253=DIRECTION('',(0.,1.,0.));
#3254=DIRECTION('',(0.0471064507096433,0.,0.99888987496197));
#3255=DIRECTION('',(0.,-1.,0.));
#3256=DIRECTION('',(0.,0.,-1.));
#3257=DIRECTION('',(0.,-1.,0.));
#3258=DIRECTION('',(0.,0.,-1.));
#3259=DIRECTION('',(0.,1.,0.));
#3260=DIRECTION('',(0.,0.,1.));
#3261=DIRECTION('',(0.,-1.,0.));
#3262=DIRECTION('',(0.,0.,-1.));
#3263=DIRECTION('',(0.,-1.,0.));
#3264=DIRECTION('',(0.,0.,-1.));
#3265=DIRECTION('',(0.,1.,0.));
#3266=DIRECTION('',(0.0471064507096433,0.,0.99888987496197));
#3267=DIRECTION('',(0.,-1.,0.));
#3268=DIRECTION('',(0.,0.,-1.));
#3269=DIRECTION('',(0.,1.,0.));
#3270=DIRECTION('',(0.0471064507096433,0.,0.99888987496197));
#3271=DIRECTION('',(0.,-1.,0.));
#3272=DIRECTION('',(0.,0.,-1.));
#3273=DIRECTION('',(0.,-1.,0.));
#3274=DIRECTION('',(0.,0.,-1.));
#3275=DIRECTION('',(0.,1.,0.));
#3276=DIRECTION('',(0.,0.,1.));
#3277=DIRECTION('',(0.,-1.,0.));
#3278=DIRECTION('',(0.,0.,-1.));
#3279=DIRECTION('',(0.,-1.,0.));
#3280=DIRECTION('',(0.,0.,-1.));
#3281=DIRECTION('',(0.,1.,0.));
#3282=DIRECTION('',(0.0471064507096433,0.,0.99888987496197));
#3283=DIRECTION('',(0.,-1.,0.));
#3284=DIRECTION('',(0.,0.,-1.));
#3285=DIRECTION('',(0.,1.,0.));
#3286=DIRECTION('',(0.0471064507096433,0.,0.99888987496197));
#3287=DIRECTION('',(0.,-1.,0.));
#3288=DIRECTION('',(0.,0.,-1.));
#3289=DIRECTION('',(0.,-1.,0.));
#3290=DIRECTION('',(0.,0.,-1.));
#3291=DIRECTION('',(0.,1.,0.));
#3292=DIRECTION('',(0.,0.,1.));
#3293=DIRECTION('',(0.,-1.,0.));
#3294=DIRECTION('',(0.,0.,-1.));
#3295=DIRECTION('',(0.,-1.,0.));
#3296=DIRECTION('',(0.,0.,-1.));
#3297=DIRECTION('',(-0.70710678118655,0.,-0.707106781186546));
#3298=DIRECTION('',(-0.965925826289067,0.,0.258819045102524));
#3299=DIRECTION('',(-0.258819045102519,0.,0.965925826289069));
#3300=DIRECTION('',(0.707106781186549,0.,0.707106781186546));
#3301=DIRECTION('',(0.965925826289068,0.,-0.258819045102523));
#3302=DIRECTION('',(0.258819045102518,0.,-0.965925826289069));
#3303=DIRECTION('',(0.,-1.,0.));
#3304=DIRECTION('',(1.,0.,0.));
#3305=DIRECTION('',(0.,-1.,0.));
#3306=DIRECTION('',(0.,0.,1.));
#3307=DIRECTION('',(0.,1.,0.));
#3308=DIRECTION('',(0.,0.,1.));
#3309=DIRECTION('',(0.,1.,0.));
#3310=DIRECTION('',(0.,0.,1.));
#3311=DIRECTION('',(0.,1.,0.));
#3312=DIRECTION('',(0.,0.,1.));
#3313=DIRECTION('',(0.,-1.,0.));
#3314=DIRECTION('',(0.,0.,-1.));
#3315=DIRECTION('',(-0.923689419223824,0.,0.38314208436813));
#3316=DIRECTION('',(0.,-1.,0.));
#3317=DIRECTION('',(0.,0.,-1.));
#3318=DIRECTION('',(0.,1.,0.));
#3319=DIRECTION('',(0.,0.,1.));
#3320=DIRECTION('',(0.,-1.,0.));
#3321=DIRECTION('',(0.,0.,-1.));
#3322=DIRECTION('',(-0.887239978530858,0.,0.461308162182897));
#3323=DIRECTION('',(0.,-1.,0.));
#3324=DIRECTION('',(0.,0.,-1.));
#3325=DIRECTION('',(0.,1.,0.));
#3326=DIRECTION('',(0.,0.,1.));
#3327=DIRECTION('',(0.,-1.,0.));
#3328=DIRECTION('',(0.,0.,-1.));
#3329=DIRECTION('',(0.38314208436813,0.,0.923689419223824));
#3330=DIRECTION('',(0.,-1.,0.));
#3331=DIRECTION('',(0.,0.,-1.));
#3332=DIRECTION('',(0.,1.,0.));
#3333=DIRECTION('',(0.,0.,1.));
#3334=DIRECTION('',(0.,-1.,0.));
#3335=DIRECTION('',(0.,0.,-1.));
#3336=DIRECTION('',(0.461308162182898,0.,0.887239978530858));
#3337=DIRECTION('',(0.,-1.,0.));
#3338=DIRECTION('',(0.,0.,-1.));
#3339=DIRECTION('',(0.,1.,0.));
#3340=DIRECTION('',(0.,0.,1.));
#3341=DIRECTION('',(0.,-1.,0.));
#3342=DIRECTION('',(0.,0.,-1.));
#3343=DIRECTION('',(0.923689419223824,0.,-0.38314208436813));
#3344=DIRECTION('',(0.,-1.,0.));
#3345=DIRECTION('',(0.,0.,-1.));
#3346=DIRECTION('',(0.,1.,0.));
#3347=DIRECTION('',(0.,0.,1.));
#3348=DIRECTION('',(0.,-1.,0.));
#3349=DIRECTION('',(0.,0.,-1.));
#3350=DIRECTION('',(0.887239978530858,0.,-0.461308162182898));
#3351=DIRECTION('',(0.,-1.,0.));
#3352=DIRECTION('',(0.,0.,-1.));
#3353=DIRECTION('',(0.,1.,0.));
#3354=DIRECTION('',(0.,0.,1.));
#3355=DIRECTION('',(0.,-1.,0.));
#3356=DIRECTION('',(0.,0.,-1.));
#3357=DIRECTION('',(-0.38314208436813,0.,-0.923689419223824));
#3358=DIRECTION('',(0.,-1.,0.));
#3359=DIRECTION('',(0.,0.,-1.));
#3360=DIRECTION('',(0.,1.,0.));
#3361=DIRECTION('',(0.,0.,1.));
#3362=DIRECTION('',(0.,-1.,0.));
#3363=DIRECTION('',(0.,0.,-1.));
#3364=DIRECTION('',(-0.461308162182898,0.,-0.887239978530858));
#3365=DIRECTION('',(0.,-1.,0.));
#3366=DIRECTION('',(0.,0.,-1.));
#3367=DIRECTION('',(0.,-1.,0.));
#3368=DIRECTION('',(0.,0.,1.));
#3369=DIRECTION('',(0.,-1.,0.));
#3370=DIRECTION('',(0.,0.,-1.));
#3371=DIRECTION('',(0.,-1.,0.));
#3372=DIRECTION('',(0.,0.,-1.));
#3373=DIRECTION('',(0.,-1.,0.));
#3374=DIRECTION('',(0.,0.,-1.));
#3375=DIRECTION('',(0.,-1.,0.));
#3376=DIRECTION('',(0.,0.,-1.));
#3377=DIRECTION('',(0.,-1.,0.));
#3378=DIRECTION('',(0.,0.,-1.));
#3379=DIRECTION('',(0.,-1.,0.));
#3380=DIRECTION('',(0.,0.,-1.));
#3381=DIRECTION('',(0.,-1.,0.));
#3382=DIRECTION('',(0.,0.,-1.));
#3383=DIRECTION('',(0.,-1.,0.));
#3384=DIRECTION('',(0.,0.,-1.));
#3385=DIRECTION('',(0.,-1.,0.));
#3386=DIRECTION('',(0.,0.,-1.));
#3387=DIRECTION('',(0.,-1.,0.));
#3388=DIRECTION('',(0.,0.,-1.));
#3389=DIRECTION('',(0.,-1.,0.));
#3390=DIRECTION('',(0.,0.,-1.));
#3391=DIRECTION('',(0.,-1.,0.));
#3392=DIRECTION('',(0.,0.,-1.));
#3393=DIRECTION('',(0.,-1.,0.));
#3394=DIRECTION('',(0.,0.,-1.));
#3395=DIRECTION('',(0.,-1.,0.));
#3396=DIRECTION('',(0.,0.,-1.));
#3397=DIRECTION('',(0.,-1.,0.));
#3398=DIRECTION('',(0.,0.,-1.));
#3399=DIRECTION('',(0.,-1.,0.));
#3400=DIRECTION('',(0.,0.,-1.));
#3401=DIRECTION('',(0.,-1.,0.));
#3402=DIRECTION('',(0.,0.,-1.));
#3403=DIRECTION('',(0.,-1.,0.));
#3404=DIRECTION('',(0.,0.,-1.));
#3405=DIRECTION('',(0.,-1.,0.));
#3406=DIRECTION('',(0.,0.,-1.));
#3407=DIRECTION('',(0.,-1.,0.));
#3408=DIRECTION('',(0.,0.,-1.));
#3409=DIRECTION('',(0.,-1.,0.));
#3410=DIRECTION('',(0.,0.,-1.));
#3411=DIRECTION('',(0.,-1.,0.));
#3412=DIRECTION('',(0.,0.,-1.));
#3413=DIRECTION('',(0.,-1.,0.));
#3414=DIRECTION('',(0.,0.,-1.));
#3415=DIRECTION('',(0.,-1.,0.));
#3416=DIRECTION('',(0.,0.,-1.));
#3417=DIRECTION('',(0.,-1.,0.));
#3418=DIRECTION('',(0.,0.,-1.));
#3419=DIRECTION('',(0.,-1.,0.));
#3420=DIRECTION('',(0.,0.,-1.));
#3421=DIRECTION('',(0.,-1.,0.));
#3422=DIRECTION('',(0.,0.,-1.));
#3423=DIRECTION('',(0.,-1.,0.));
#3424=DIRECTION('',(0.,0.,-1.));
#3425=DIRECTION('',(0.,-1.,0.));
#3426=DIRECTION('',(0.,0.,-1.));
#3427=DIRECTION('',(0.,-1.,0.));
#3428=DIRECTION('',(0.,0.,-1.));
#3429=DIRECTION('',(0.,-1.,0.));
#3430=DIRECTION('',(0.,0.,-1.));
#3431=DIRECTION('',(0.,-1.,0.));
#3432=DIRECTION('',(0.,0.,-1.));
#3433=DIRECTION('',(0.,-1.,0.));
#3434=DIRECTION('',(0.,0.,-1.));
#3435=DIRECTION('',(0.,-1.,0.));
#3436=DIRECTION('',(0.,0.,-1.));
#3437=DIRECTION('',(0.,-1.,0.));
#3438=DIRECTION('',(0.,0.,-1.));
#3439=DIRECTION('',(0.,-1.,0.));
#3440=DIRECTION('',(0.,0.,-1.));
#3441=DIRECTION('',(0.,1.,0.));
#3442=DIRECTION('',(0.,0.,1.));
#3443=DIRECTION('',(0.,1.,0.));
#3444=DIRECTION('',(0.,0.,1.));
#3445=DIRECTION('',(0.,-1.,0.));
#3446=DIRECTION('',(0.,0.,1.));
#3447=DIRECTION('',(0.,1.,0.));
#3448=DIRECTION('',(0.,0.,1.));
#3449=DIRECTION('',(0.,1.,0.));
#3450=DIRECTION('',(0.,0.,1.));
#3451=DIRECTION('',(0.,-1.,0.));
#3452=DIRECTION('',(0.,0.,1.));
#3453=DIRECTION('',(0.,1.,0.));
#3454=DIRECTION('',(0.,0.,1.));
#3455=DIRECTION('',(0.,1.,0.));
#3456=DIRECTION('',(0.,0.,1.));
#3457=DIRECTION('',(0.,1.,0.));
#3458=DIRECTION('',(0.,0.,1.));
#3459=DIRECTION('',(0.,1.,0.));
#3460=DIRECTION('',(0.,0.,1.));
#3461=DIRECTION('',(0.,1.,0.));
#3462=DIRECTION('',(0.,0.,1.));
#3463=DIRECTION('',(0.,1.,0.));
#3464=DIRECTION('',(0.,0.,1.));
#3465=DIRECTION('',(0.923689419223824,0.,-0.38314208436813));
#3466=DIRECTION('',(-0.38314208436813,0.,-0.923689419223824));
#3467=DIRECTION('',(0.,1.,0.));
#3468=DIRECTION('',(0.38314208436813,0.,0.923689419223824));
#3469=DIRECTION('',(0.,1.,0.));
#3470=DIRECTION('',(0.461308162182897,0.,0.887239978530858));
#3471=DIRECTION('',(0.887239978530858,0.,-0.461308162182897));
#3472=DIRECTION('',(0.,-1.,0.));
#3473=DIRECTION('',(-0.887239978530858,0.,0.461308162182897));
#3474=DIRECTION('',(0.,-1.,0.));
#3475=DIRECTION('',(0.887239978530858,0.,-0.461308162182898));
#3476=DIRECTION('',(-0.461308162182898,0.,-0.887239978530858));
#3477=DIRECTION('',(0.,-1.,0.));
#3478=DIRECTION('',(0.461308162182898,0.,0.887239978530858));
#3479=DIRECTION('',(0.,-1.,0.));
#3480=DIRECTION('',(-0.38314208436813,0.,-0.923689419223824));
#3481=DIRECTION('',(-0.923689419223824,0.,0.38314208436813));
#3482=DIRECTION('',(0.,1.,0.));
#3483=DIRECTION('',(0.923689419223824,0.,-0.38314208436813));
#3484=DIRECTION('',(0.,1.,0.));
#3485=DIRECTION('',(-0.923689419223824,0.,0.38314208436813));
#3486=DIRECTION('',(0.38314208436813,0.,0.923689419223824));
#3487=DIRECTION('',(0.,1.,0.));
#3488=DIRECTION('',(-0.38314208436813,0.,-0.923689419223824));
#3489=DIRECTION('',(0.,1.,0.));
#3490=DIRECTION('',(-0.461308162182898,0.,-0.887239978530858));
#3491=DIRECTION('',(-0.887239978530858,0.,0.461308162182898));
#3492=DIRECTION('',(0.887239978530858,0.,-0.461308162182898));
#3493=DIRECTION('',(0.,-1.,0.));
#3494=DIRECTION('',(0.,-1.,0.));
#3495=DIRECTION('',(0.38314208436813,0.,0.923689419223824));
#3496=DIRECTION('',(0.923689419223824,0.,-0.38314208436813));
#3497=DIRECTION('',(0.,1.,0.));
#3498=DIRECTION('',(-0.923689419223824,0.,0.38314208436813));
#3499=DIRECTION('',(0.,1.,0.));
#3500=DIRECTION('',(-0.887239978530858,0.,0.461308162182898));
#3501=DIRECTION('',(0.461308162182898,0.,0.887239978530858));
#3502=DIRECTION('',(0.,-1.,0.));
#3503=DIRECTION('',(-0.461308162182898,0.,-0.887239978530858));
#3504=DIRECTION('',(0.,-1.,0.));
#3505=DIRECTION('',(0.,1.,0.));
#3506=DIRECTION('',(0.,0.,1.));
#3507=DIRECTION('',(0.,1.,0.));
#3508=DIRECTION('',(0.,0.,1.));
#3509=DIRECTION('',(0.,1.,0.));
#3510=DIRECTION('',(0.,1.,0.));
#3511=DIRECTION('',(0.,1.,0.));
#3512=DIRECTION('',(0.,0.,1.));
#3513=DIRECTION('',(0.,1.,0.));
#3514=DIRECTION('',(0.,1.,0.));
#3515=DIRECTION('',(0.,0.,1.));
#3516=DIRECTION('',(0.,1.,0.));
#3517=DIRECTION('',(0.,1.,0.));
#3518=DIRECTION('',(0.,0.,1.));
#3519=DIRECTION('',(0.,1.,0.));
#3520=DIRECTION('',(0.,1.,0.));
#3521=DIRECTION('',(0.,0.,1.));
#3522=DIRECTION('',(0.,1.,0.));
#3523=DIRECTION('',(0.,1.,0.));
#3524=DIRECTION('',(0.,0.,1.));
#3525=DIRECTION('',(0.,1.,0.));
#3526=DIRECTION('',(0.,1.,0.));
#3527=DIRECTION('',(0.,0.,1.));
#3528=DIRECTION('',(0.,1.,0.));
#3529=DIRECTION('',(0.,-1.,0.));
#3530=DIRECTION('',(0.,0.,-1.));
#3531=DIRECTION('',(0.,1.,0.));
#3532=DIRECTION('',(0.,0.,1.));
#3533=DIRECTION('',(0.,-1.,0.));
#3534=DIRECTION('',(0.,-1.,0.));
#3535=DIRECTION('',(0.,-1.,0.));
#3536=DIRECTION('',(0.,0.,-1.));
#3537=DIRECTION('',(0.,-1.,0.));
#3538=DIRECTION('',(0.,1.,0.));
#3539=DIRECTION('',(0.,0.,1.));
#3540=DIRECTION('',(0.,-1.,0.));
#3541=DIRECTION('',(0.,-1.,0.));
#3542=DIRECTION('',(0.,0.,-1.));
#3543=DIRECTION('',(0.,1.,0.));
#3544=DIRECTION('',(0.,0.,1.));
#3545=DIRECTION('',(0.,-1.,0.));
#3546=DIRECTION('',(0.,-1.,0.));
#3547=DIRECTION('',(0.,-1.,0.));
#3548=DIRECTION('',(0.,0.,-1.));
#3549=DIRECTION('',(0.,-1.,0.));
#3550=DIRECTION('',(0.,1.,0.));
#3551=DIRECTION('',(0.,0.,1.));
#3552=DIRECTION('',(0.,-1.,0.));
#3553=DIRECTION('',(0.,-1.,0.));
#3554=DIRECTION('',(0.0471064507096433,0.,0.99888987496197));
#3555=DIRECTION('',(0.,-1.,0.));
#3556=DIRECTION('',(0.,-1.,0.));
#3557=DIRECTION('',(0.,-1.,0.));
#3558=DIRECTION('',(0.0471064507096433,0.,0.99888987496197));
#3559=DIRECTION('',(0.,-1.,0.));
#3560=DIRECTION('',(0.,-1.,0.));
#3561=DIRECTION('',(0.,-1.,0.));
#3562=DIRECTION('',(0.0471064507096433,0.,0.99888987496197));
#3563=DIRECTION('',(0.,-1.,0.));
#3564=DIRECTION('',(0.,-1.,0.));
#3565=DIRECTION('',(0.,-1.,0.));
#3566=DIRECTION('',(0.0471064507096433,0.,0.99888987496197));
#3567=DIRECTION('',(0.,-1.,0.));
#3568=DIRECTION('',(0.,-1.,0.));
#3569=DIRECTION('',(0.,1.,0.));
#3570=DIRECTION('',(-0.99888987496197,0.,0.0471064507096433));
#3571=DIRECTION('',(0.,1.,0.));
#3572=DIRECTION('',(0.,0.,1.));
#3573=DIRECTION('',(0.,1.,0.));
#3574=DIRECTION('',(0.,0.,1.));
#3575=DIRECTION('',(0.,1.,0.));
#3576=DIRECTION('',(0.,0.,1.));
#3577=DIRECTION('',(0.,1.,0.));
#3578=DIRECTION('',(0.,0.,1.));
#3579=DIRECTION('',(0.,1.,0.));
#3580=DIRECTION('',(0.,0.,1.));
#3581=DIRECTION('',(0.,1.,0.));
#3582=DIRECTION('',(0.,0.,1.));
#3583=DIRECTION('',(0.,1.,0.));
#3584=DIRECTION('',(-0.99888987496197,0.,0.0471064507096433));
#3585=DIRECTION('',(0.,1.,0.));
#3586=DIRECTION('',(0.,0.,1.));
#3587=DIRECTION('',(0.,1.,0.));
#3588=DIRECTION('',(0.,0.,1.));
#3589=DIRECTION('',(0.,1.,0.));
#3590=DIRECTION('',(0.,0.,1.));
#3591=DIRECTION('',(0.,1.,0.));
#3592=DIRECTION('',(0.,0.,1.));
#3593=DIRECTION('',(0.,1.,0.));
#3594=DIRECTION('',(0.,0.,1.));
#3595=DIRECTION('',(0.,1.,0.));
#3596=DIRECTION('',(0.,0.,1.));
#3597=DIRECTION('',(0.,1.,0.));
#3598=DIRECTION('',(-0.99888987496197,0.,0.0471064507096433));
#3599=DIRECTION('',(0.,1.,0.));
#3600=DIRECTION('',(0.,0.,1.));
#3601=DIRECTION('',(0.,1.,0.));
#3602=DIRECTION('',(0.,0.,1.));
#3603=DIRECTION('',(0.,1.,0.));
#3604=DIRECTION('',(0.,0.,1.));
#3605=DIRECTION('',(0.,1.,0.));
#3606=DIRECTION('',(0.,0.,1.));
#3607=DIRECTION('',(0.,1.,0.));
#3608=DIRECTION('',(0.,0.,1.));
#3609=DIRECTION('',(0.,1.,0.));
#3610=DIRECTION('',(0.,0.,1.));
#3611=DIRECTION('',(0.,1.,0.));
#3612=DIRECTION('',(-0.99888987496197,0.,0.0471064507096433));
#3613=DIRECTION('',(0.,1.,0.));
#3614=DIRECTION('',(0.,0.,1.));
#3615=DIRECTION('',(0.,1.,0.));
#3616=DIRECTION('',(0.,0.,1.));
#3617=DIRECTION('',(0.,1.,0.));
#3618=DIRECTION('',(0.,0.,1.));
#3619=DIRECTION('',(0.,1.,0.));
#3620=DIRECTION('',(0.,0.,1.));
#3621=DIRECTION('',(0.,1.,0.));
#3622=DIRECTION('',(0.,0.,1.));
#3623=DIRECTION('',(0.,1.,0.));
#3624=DIRECTION('',(0.,0.,1.));
#3625=DIRECTION('',(-0.90630778703665,0.,0.422618261740699));
#3626=DIRECTION('',(-0.422618261740699,0.,-0.90630778703665));
#3627=DIRECTION('',(-0.422618261740699,0.,-0.90630778703665));
#3628=DIRECTION('',(-0.90630778703665,0.,0.422618261740699));
#3629=DIRECTION('',(-0.90630778703665,0.,0.422618261740699));
#3630=DIRECTION('',(-0.422618261740699,0.,-0.90630778703665));
#3631=DIRECTION('',(0.422618261740699,0.,0.90630778703665));
#3632=DIRECTION('',(-0.90630778703665,0.,0.422618261740699));
#3633=DIRECTION('',(0.,1.,0.));
#3634=DIRECTION('',(0.,0.,1.));
#3635=DIRECTION('',(0.,1.,0.));
#3636=DIRECTION('',(0.,0.,1.));
#3637=DIRECTION('',(0.,1.,0.));
#3638=DIRECTION('',(-1.,0.,0.));
#3639=DIRECTION('',(0.,1.,0.));
#3640=DIRECTION('',(0.,0.,1.));
#3641=DIRECTION('',(0.,1.,0.));
#3642=DIRECTION('',(0.,0.,1.));
#3643=DIRECTION('',(0.,1.,0.));
#3644=DIRECTION('',(-1.,0.,0.));
#3645=DIRECTION('',(0.,1.,0.));
#3646=DIRECTION('',(0.,0.,1.));
#3647=DIRECTION('',(0.,-1.,0.));
#3648=DIRECTION('',(0.,0.,1.));
#3649=DIRECTION('',(0.,1.,0.));
#3650=DIRECTION('',(-1.,0.,0.));
#3651=DIRECTION('',(0.,1.,0.));
#3652=DIRECTION('',(0.,0.,1.));
#3653=DIRECTION('',(0.,-1.,0.));
#3654=DIRECTION('',(0.,0.,1.));
#3655=DIRECTION('',(0.,1.,0.));
#3656=DIRECTION('',(-1.,0.,0.));
#3657=DIRECTION('',(0.,-1.,0.));
#3658=DIRECTION('',(0.,0.,-1.));
#3659=DIRECTION('',(0.,-1.,0.));
#3660=DIRECTION('',(0.,-1.,0.));
#3661=DIRECTION('',(0.,-1.,0.));
#3662=DIRECTION('',(0.,0.,-1.));
#3663=DIRECTION('',(0.,-1.,0.));
#3664=DIRECTION('',(0.,-1.,0.));
#3665=DIRECTION('',(0.,-1.,0.));
#3666=DIRECTION('',(0.,0.,-1.));
#3667=DIRECTION('',(0.,-1.,0.));
#3668=DIRECTION('',(0.,-1.,0.));
#3669=DIRECTION('',(0.,-1.,0.));
#3670=DIRECTION('',(0.,0.,-1.));
#3671=DIRECTION('',(0.,-1.,0.));
#3672=DIRECTION('',(0.,-1.,0.));
#3673=DIRECTION('',(0.,1.,0.));
#3674=DIRECTION('',(0.,0.,1.));
#3675=DIRECTION('',(0.,1.,0.));
#3676=DIRECTION('',(0.,1.,0.));
#3677=DIRECTION('',(0.,0.,1.));
#3678=DIRECTION('',(0.,1.,0.));
#3679=DIRECTION('',(0.,1.,0.));
#3680=DIRECTION('',(0.,1.,0.));
#3681=DIRECTION('',(0.,1.,0.));
#3682=DIRECTION('',(0.,0.,1.));
#3683=DIRECTION('',(0.,1.,0.));
#3684=DIRECTION('',(0.,1.,0.));
#3685=DIRECTION('',(0.,0.,1.));
#3686=DIRECTION('',(0.,1.,0.));
#3687=DIRECTION('',(0.,1.,0.));
#3688=DIRECTION('',(0.,1.,0.));
#3689=DIRECTION('',(0.,1.,0.));
#3690=DIRECTION('',(0.,0.,1.));
#3691=DIRECTION('',(0.,1.,0.));
#3692=DIRECTION('',(0.,1.,0.));
#3693=DIRECTION('',(0.,0.,1.));
#3694=DIRECTION('',(0.,1.,0.));
#3695=DIRECTION('',(0.,1.,0.));
#3696=DIRECTION('',(0.,1.,0.));
#3697=DIRECTION('',(0.,1.,0.));
#3698=DIRECTION('',(0.,0.,1.));
#3699=DIRECTION('',(0.,1.,0.));
#3700=DIRECTION('',(0.,1.,0.));
#3701=DIRECTION('',(0.,0.,1.));
#3702=DIRECTION('',(0.,1.,0.));
#3703=DIRECTION('',(0.,1.,0.));
#3704=DIRECTION('',(0.,1.,0.));
#3705=DIRECTION('',(0.,1.,0.));
#3706=DIRECTION('',(0.,0.,1.));
#3707=DIRECTION('',(0.,1.,0.));
#3708=DIRECTION('',(0.,0.,1.));
#3709=DIRECTION('',(0.,1.,0.));
#3710=DIRECTION('',(0.,0.,1.));
#3711=DIRECTION('',(0.,1.,0.));
#3712=DIRECTION('',(0.,0.,1.));
#3713=DIRECTION('',(0.,1.,0.));
#3714=DIRECTION('',(0.,0.,1.));
#3715=DIRECTION('',(0.,1.,0.));
#3716=DIRECTION('',(0.,0.,1.));
#3717=DIRECTION('',(0.,-1.,0.));
#3718=DIRECTION('',(0.,0.,-1.));
#3719=DIRECTION('',(0.,1.,0.));
#3720=DIRECTION('',(0.,0.,1.));
#3721=DIRECTION('',(0.,1.,0.));
#3722=DIRECTION('',(0.,0.,1.));
#3723=DIRECTION('',(0.,1.,0.));
#3724=DIRECTION('',(0.,0.,1.));
#3725=DIRECTION('',(0.,1.,0.));
#3726=DIRECTION('',(0.,0.,1.));
#3727=DIRECTION('',(0.,1.,0.));
#3728=DIRECTION('',(0.,0.,1.));
#3729=DIRECTION('',(0.,1.,0.));
#3730=DIRECTION('',(0.,0.,1.));
#3731=DIRECTION('',(0.,1.,0.));
#3732=DIRECTION('',(0.,0.,1.));
#3733=DIRECTION('',(0.,-1.,0.));
#3734=DIRECTION('',(0.,0.,-1.));
#3735=DIRECTION('',(0.,1.,0.));
#3736=DIRECTION('',(0.,0.,1.));
#3737=DIRECTION('',(0.,1.,0.));
#3738=DIRECTION('',(0.,0.,1.));
#3739=DIRECTION('',(0.,1.,0.));
#3740=DIRECTION('',(0.,0.,1.));
#3741=DIRECTION('',(0.,1.,0.));
#3742=DIRECTION('',(0.,0.,1.));
#3743=DIRECTION('',(0.,1.,0.));
#3744=DIRECTION('',(0.,0.,1.));
#3745=DIRECTION('',(0.,1.,0.));
#3746=DIRECTION('',(0.,0.,1.));
#3747=DIRECTION('',(0.,1.,0.));
#3748=DIRECTION('',(0.,0.,1.));
#3749=DIRECTION('',(0.,-1.,0.));
#3750=DIRECTION('',(0.,0.,-1.));
#3751=DIRECTION('',(0.,1.,0.));
#3752=DIRECTION('',(0.,0.,1.));
#3753=DIRECTION('',(0.,1.,0.));
#3754=DIRECTION('',(0.,0.,1.));
#3755=DIRECTION('',(0.,1.,0.));
#3756=DIRECTION('',(0.,0.,1.));
#3757=DIRECTION('',(0.,1.,0.));
#3758=DIRECTION('',(0.,0.,1.));
#3759=DIRECTION('',(0.,1.,0.));
#3760=DIRECTION('',(0.,0.,1.));
#3761=DIRECTION('',(0.,-1.,0.));
#3762=DIRECTION('',(0.,0.,-1.));
#3763=DIRECTION('',(0.,1.,0.));
#3764=DIRECTION('',(0.,0.,1.));
#3765=DIRECTION('',(0.,1.,0.));
#3766=DIRECTION('',(0.,0.,1.));
#3767=DIRECTION('',(0.,1.,0.));
#3768=DIRECTION('',(0.,0.,1.));
#3769=DIRECTION('',(0.,-1.,0.));
#3770=DIRECTION('',(0.,0.,-1.));
#3771=DIRECTION('',(0.,-1.,0.));
#3772=DIRECTION('',(0.,0.,-1.));
#3773=DIRECTION('',(0.,-1.,0.));
#3774=DIRECTION('',(0.,0.,-1.));
#3775=DIRECTION('',(0.,-1.,0.));
#3776=DIRECTION('',(0.,0.,-1.));
#3777=DIRECTION('',(0.,-1.,0.));
#3778=DIRECTION('',(0.,0.,-1.));
#3779=DIRECTION('',(0.,-1.,0.));
#3780=DIRECTION('',(0.,0.,-1.));
#3781=DIRECTION('',(0.,-1.,0.));
#3782=DIRECTION('',(0.,0.,-1.));
#3783=DIRECTION('',(0.,-1.,0.));
#3784=DIRECTION('',(0.,0.,-1.));
#3785=DIRECTION('',(0.,1.,0.));
#3786=DIRECTION('',(0.,0.,1.));
#3787=DIRECTION('',(0.,-1.,0.));
#3788=DIRECTION('',(0.,0.,-1.));
#3789=DIRECTION('',(0.,-1.,0.));
#3790=DIRECTION('',(0.,-1.,0.));
#3791=DIRECTION('',(0.,0.,-1.));
#3792=DIRECTION('',(0.,-1.,0.));
#3793=DIRECTION('',(0.,1.,0.));
#3794=DIRECTION('',(0.,0.,1.));
#3795=DIRECTION('',(0.,1.,0.));
#3796=DIRECTION('',(0.,0.,1.));
#3797=DIRECTION('',(0.,-1.,0.));
#3798=DIRECTION('',(0.,0.,-1.));
#3799=DIRECTION('',(0.,-1.,0.));
#3800=DIRECTION('',(0.,-1.,0.));
#3801=DIRECTION('',(0.,0.,-1.));
#3802=DIRECTION('',(0.,-1.,0.));
#3803=DIRECTION('',(0.,1.,0.));
#3804=DIRECTION('',(0.,0.,1.));
#3805=DIRECTION('',(0.,1.,0.));
#3806=DIRECTION('',(0.,0.,1.));
#3807=DIRECTION('',(0.,1.,0.));
#3808=DIRECTION('',(0.,0.,1.));
#3809=DIRECTION('',(0.,-1.,0.));
#3810=DIRECTION('',(0.,0.,-1.));
#3811=DIRECTION('',(0.,-1.,0.));
#3812=DIRECTION('',(0.,-1.,0.));
#3813=DIRECTION('',(0.,0.,-1.));
#3814=DIRECTION('',(0.,-1.,0.));
#3815=DIRECTION('',(0.,1.,0.));
#3816=DIRECTION('',(0.,0.,1.));
#3817=DIRECTION('',(0.,-1.,0.));
#3818=DIRECTION('',(0.,0.,-1.));
#3819=DIRECTION('',(0.,-1.,0.));
#3820=DIRECTION('',(0.,-1.,0.));
#3821=DIRECTION('',(0.,0.,-1.));
#3822=DIRECTION('',(0.,-1.,0.));
#3823=DIRECTION('',(0.,1.,0.));
#3824=DIRECTION('',(0.,0.,1.));
#3825=DIRECTION('',(0.707106781186546,0.,-0.70710678118655));
#3826=DIRECTION('',(-0.70710678118655,0.,-0.707106781186546));
#3827=DIRECTION('',(0.,-1.,0.));
#3828=DIRECTION('',(0.70710678118655,0.,0.707106781186546));
#3829=DIRECTION('',(0.,-1.,0.));
#3830=DIRECTION('',(0.965925826289069,0.,0.258819045102518));
#3831=DIRECTION('',(0.258819045102518,0.,-0.965925826289069));
#3832=DIRECTION('',(0.,-1.,0.));
#3833=DIRECTION('',(-0.258819045102518,0.,0.965925826289069));
#3834=DIRECTION('',(0.258819045102523,0.,0.965925826289068));
#3835=DIRECTION('',(0.965925826289068,0.,-0.258819045102523));
#3836=DIRECTION('',(0.,-1.,0.));
#3837=DIRECTION('',(-0.965925826289068,0.,0.258819045102523));
#3838=DIRECTION('',(-0.707106781186546,0.,0.707106781186549));
#3839=DIRECTION('',(0.707106781186549,0.,0.707106781186546));
#3840=DIRECTION('',(0.,-1.,0.));
#3841=DIRECTION('',(-0.707106781186549,0.,-0.707106781186546));
#3842=DIRECTION('',(-0.965925826289069,0.,-0.258819045102519));
#3843=DIRECTION('',(-0.258819045102519,0.,0.965925826289069));
#3844=DIRECTION('',(0.,-1.,0.));
#3845=DIRECTION('',(0.258819045102519,0.,-0.965925826289069));
#3846=DIRECTION('',(-0.258819045102524,0.,-0.965925826289067));
#3847=DIRECTION('',(-0.965925826289067,0.,0.258819045102524));
#3848=DIRECTION('',(0.965925826289067,0.,-0.258819045102524));
#3849=DIRECTION('',(0.,-1.,0.));
#3850=DIRECTION('',(1.,0.,0.));
#3851=DIRECTION('',(0.965925826289069,0.,-0.258819045102518));
#3852=DIRECTION('',(-0.258819045102518,0.,-0.965925826289069));
#3853=DIRECTION('',(0.,-1.,0.));
#3854=DIRECTION('',(0.258819045102518,0.,0.965925826289069));
#3855=DIRECTION('',(0.,-1.,0.));
#3856=DIRECTION('',(0.707106781186546,0.,0.70710678118655));
#3857=DIRECTION('',(0.70710678118655,0.,-0.707106781186546));
#3858=DIRECTION('',(0.,-1.,0.));
#3859=DIRECTION('',(-0.70710678118655,0.,0.707106781186546));
#3860=DIRECTION('',(-0.258819045102524,0.,0.965925826289067));
#3861=DIRECTION('',(0.965925826289067,0.,0.258819045102524));
#3862=DIRECTION('',(0.,-1.,0.));
#3863=DIRECTION('',(-0.965925826289067,0.,-0.258819045102524));
#3864=DIRECTION('',(-0.965925826289069,0.,0.258819045102519));
#3865=DIRECTION('',(0.258819045102519,0.,0.965925826289069));
#3866=DIRECTION('',(0.,-1.,0.));
#3867=DIRECTION('',(-0.258819045102519,0.,-0.965925826289069));
#3868=DIRECTION('',(-0.707106781186546,0.,-0.707106781186549));
#3869=DIRECTION('',(-0.707106781186549,0.,0.707106781186546));
#3870=DIRECTION('',(0.,-1.,0.));
#3871=DIRECTION('',(0.707106781186549,0.,-0.707106781186546));
#3872=DIRECTION('',(0.258819045102523,0.,-0.965925826289068));
#3873=DIRECTION('',(-0.965925826289068,0.,-0.258819045102523));
#3874=DIRECTION('',(0.965925826289068,0.,0.258819045102523));
#3875=DIRECTION('',(0.,-1.,0.));
#3876=DIRECTION('',(1.,0.,0.));
#3877=DIRECTION('',(0.258819045102524,0.,0.965925826289067));
#3878=DIRECTION('',(0.965925826289067,0.,-0.258819045102524));
#3879=DIRECTION('',(0.,-1.,0.));
#3880=DIRECTION('',(-0.965925826289067,0.,0.258819045102524));
#3881=DIRECTION('',(0.,-1.,0.));
#3882=DIRECTION('',(-0.707106781186546,0.,0.70710678118655));
#3883=DIRECTION('',(0.70710678118655,0.,0.707106781186546));
#3884=DIRECTION('',(0.,-1.,0.));
#3885=DIRECTION('',(-0.70710678118655,0.,-0.707106781186546));
#3886=DIRECTION('',(-0.965925826289069,0.,-0.258819045102518));
#3887=DIRECTION('',(-0.258819045102518,0.,0.965925826289069));
#3888=DIRECTION('',(0.,-1.,0.));
#3889=DIRECTION('',(0.258819045102518,0.,-0.965925826289069));
#3890=DIRECTION('',(-0.258819045102523,0.,-0.965925826289068));
#3891=DIRECTION('',(-0.965925826289068,0.,0.258819045102523));
#3892=DIRECTION('',(0.,-1.,0.));
#3893=DIRECTION('',(0.965925826289068,0.,-0.258819045102523));
#3894=DIRECTION('',(0.707106781186546,0.,-0.707106781186549));
#3895=DIRECTION('',(-0.707106781186549,0.,-0.707106781186546));
#3896=DIRECTION('',(0.,-1.,0.));
#3897=DIRECTION('',(0.707106781186549,0.,0.707106781186546));
#3898=DIRECTION('',(0.965925826289069,0.,0.258819045102519));
#3899=DIRECTION('',(0.258819045102519,0.,-0.965925826289069));
#3900=DIRECTION('',(-0.258819045102519,0.,0.965925826289069));
#3901=DIRECTION('',(0.,-1.,0.));
#3902=DIRECTION('',(1.,0.,0.));
#3903=DIRECTION('',(0.707106781186546,0.,0.707106781186549));
#3904=DIRECTION('',(0.707106781186549,0.,-0.707106781186546));
#3905=DIRECTION('',(0.,-1.,0.));
#3906=DIRECTION('',(-0.707106781186549,0.,0.707106781186546));
#3907=DIRECTION('',(0.,-1.,0.));
#3908=DIRECTION('',(-0.258819045102523,0.,0.965925826289068));
#3909=DIRECTION('',(0.965925826289068,0.,0.258819045102523));
#3910=DIRECTION('',(0.,-1.,0.));
#3911=DIRECTION('',(-0.965925826289068,0.,-0.258819045102523));
#3912=DIRECTION('',(-0.965925826289069,0.,0.258819045102518));
#3913=DIRECTION('',(0.258819045102518,0.,0.965925826289069));
#3914=DIRECTION('',(0.,-1.,0.));
#3915=DIRECTION('',(-0.258819045102518,0.,-0.965925826289069));
#3916=DIRECTION('',(-0.707106781186546,0.,-0.70710678118655));
#3917=DIRECTION('',(-0.70710678118655,0.,0.707106781186546));
#3918=DIRECTION('',(0.,-1.,0.));
#3919=DIRECTION('',(0.70710678118655,0.,-0.707106781186546));
#3920=DIRECTION('',(0.258819045102524,0.,-0.965925826289067));
#3921=DIRECTION('',(-0.965925826289067,0.,-0.258819045102524));
#3922=DIRECTION('',(0.,-1.,0.));
#3923=DIRECTION('',(0.965925826289067,0.,0.258819045102524));
#3924=DIRECTION('',(0.965925826289069,0.,-0.258819045102519));
#3925=DIRECTION('',(-0.258819045102519,0.,-0.965925826289069));
#3926=DIRECTION('',(0.258819045102519,0.,0.965925826289069));
#3927=DIRECTION('',(0.,-1.,0.));
#3928=DIRECTION('',(1.,0.,0.));
#3929=DIRECTION('',(0.,1.,0.));
#3930=DIRECTION('',(0.,0.,1.));
#3931=DIRECTION('',(0.,-1.,0.));
#3932=DIRECTION('',(0.,0.,-1.));
#3933=DIRECTION('',(0.,-1.,0.));
#3934=DIRECTION('',(0.,0.,-1.));
#3935=DIRECTION('',(0.,1.,0.));
#3936=DIRECTION('',(0.,0.,1.));
#3937=DIRECTION('',(0.,1.,0.));
#3938=DIRECTION('',(0.,0.,1.));
#3939=DIRECTION('',(0.,-1.,0.));
#3940=DIRECTION('',(0.,0.,-1.));
#3941=DIRECTION('',(0.,-1.,0.));
#3942=DIRECTION('',(0.,0.,-1.));
#3943=DIRECTION('',(0.,1.,0.));
#3944=DIRECTION('',(0.,0.,1.));
#3945=DIRECTION('',(0.,1.,0.));
#3946=DIRECTION('',(-1.,0.,0.));
#3947=DIRECTION('',(0.,1.,0.));
#3948=DIRECTION('',(-1.,0.,0.));
#3949=DIRECTION('',(0.,1.,0.));
#3950=DIRECTION('',(-1.,0.,0.));
#3951=DIRECTION('',(0.,1.,0.));
#3952=DIRECTION('',(-1.,0.,0.));
#3953=CARTESIAN_POINT('',(0.,0.,0.));
#3954=CARTESIAN_POINT('',(-0.015556349186104,0.01,-0.015556349186104));
#3955=CARTESIAN_POINT('',(-0.015556349186104,0.011,-0.015556349186104));
#3956=CARTESIAN_POINT('',(-0.015556349186104,0.011,-0.017706349186104));
#3957=CARTESIAN_POINT('',(-0.015556349186104,0.0125,-0.015556349186104));
#3958=CARTESIAN_POINT('',(-0.015556349186104,0.0125,-0.0134063491861041));
#3959=CARTESIAN_POINT('',(0.015556349186104,0.01,-0.015556349186104));
#3960=CARTESIAN_POINT('',(0.015556349186104,0.011,-0.015556349186104));
#3961=CARTESIAN_POINT('',(0.015556349186104,0.011,-0.017706349186104));
#3962=CARTESIAN_POINT('',(0.015556349186104,0.0125,-0.015556349186104));
#3963=CARTESIAN_POINT('',(0.015556349186104,0.0125,-0.0134063491861041));
#3964=CARTESIAN_POINT('',(0.015556349186104,0.01,0.015556349186104));
#3965=CARTESIAN_POINT('',(0.015556349186104,0.011,0.015556349186104));
#3966=CARTESIAN_POINT('',(0.015556349186104,0.011,0.0134063491861041));
#3967=CARTESIAN_POINT('',(0.015556349186104,0.0125,0.015556349186104));
#3968=CARTESIAN_POINT('',(0.015556349186104,0.0125,0.017706349186104));
#3969=CARTESIAN_POINT('',(-0.015556349186104,0.01,0.015556349186104));
#3970=CARTESIAN_POINT('',(-0.015556349186104,0.011,0.015556349186104));
#3971=CARTESIAN_POINT('',(-0.015556349186104,0.011,0.0134063491861041));
#3972=CARTESIAN_POINT('',(-0.015556349186104,0.0125,0.015556349186104));
#3973=CARTESIAN_POINT('',(-0.015556349186104,0.0125,0.017706349186104));
#3974=CARTESIAN_POINT('',(3.13943647185549E-17,0.0145,0.023));
#3975=CARTESIAN_POINT('',(0.0128962495097517,0.0145,0.0246391304347826));
#3976=CARTESIAN_POINT('',(0.0128962495097517,0.011,0.0246391304347826));
#3977=CARTESIAN_POINT('',(0.0128962495097517,0.0125,0.0246391304347826));
#3978=CARTESIAN_POINT('',(3.13943647185549E-17,0.0125,0.023));
#3979=CARTESIAN_POINT('',(0.0101669326563488,0.0125,0.0148985507246377));
#3980=CARTESIAN_POINT('',(0.0101669326563488,0.0145,0.0148985507246377));
#3981=CARTESIAN_POINT('',(0.0101669326563488,0.011,0.0148985507246377));
#3982=CARTESIAN_POINT('',(3.13943647185549E-17,0.011,0.023));
#3983=CARTESIAN_POINT('',(1.12757025938492E-17,0.0145,7.80625564189563E-18));
#3984=CARTESIAN_POINT('',(1.12757025938492E-17,0.0125,7.80625564189563E-18));
#3985=CARTESIAN_POINT('',(0.0159065146473065,0.0125,0.0266079460269865));
#3986=CARTESIAN_POINT('',(0.0266079460269865,0.0125,0.0159065146473064));
#3987=CARTESIAN_POINT('',(0.0159065146473065,0.0145,0.0266079460269865));
#3988=CARTESIAN_POINT('',(0.0159065146473065,0.011,0.0266079460269865));
#3989=CARTESIAN_POINT('',(1.12757025938492E-17,0.011,7.80625564189563E-18));
#3990=CARTESIAN_POINT('',(0.0266079460269865,0.011,0.0159065146473064));
#3991=CARTESIAN_POINT('',(0.0266079460269865,0.0145,0.0159065146473064));
#3992=CARTESIAN_POINT('',(0.023,0.0145,-3.54831678874206E-17));
#3993=CARTESIAN_POINT('',(0.0148985507246377,0.0145,0.0101669326563488));
#3994=CARTESIAN_POINT('',(0.0148985507246377,0.011,0.0101669326563488));
#3995=CARTESIAN_POINT('',(0.0148985507246377,0.0125,0.0101669326563488));
#3996=CARTESIAN_POINT('',(0.023,0.0125,-3.54831678874206E-17));
#3997=CARTESIAN_POINT('',(0.0246391304347826,0.0125,0.0128962495097516));
#3998=CARTESIAN_POINT('',(0.0246391304347826,0.0145,0.0128962495097516));
#3999=CARTESIAN_POINT('',(0.0246391304347826,0.011,0.0128962495097516));
#4000=CARTESIAN_POINT('',(0.023,0.011,-3.54831678874206E-17));
#4001=CARTESIAN_POINT('',(-4.07578056457779E-17,0.0145,-0.023));
#4002=CARTESIAN_POINT('',(-0.0128962495097517,0.0145,-0.0246391304347826));
#4003=CARTESIAN_POINT('',(-0.0128962495097517,0.011,-0.0246391304347826));
#4004=CARTESIAN_POINT('',(-0.0128962495097517,0.0125,-0.0246391304347826));
#4005=CARTESIAN_POINT('',(-4.07578056457779E-17,0.0125,-0.023));
#4006=CARTESIAN_POINT('',(-0.0101669326563488,0.0125,-0.0148985507246377));
#4007=CARTESIAN_POINT('',(-0.0101669326563488,0.0145,-0.0148985507246377));
#4008=CARTESIAN_POINT('',(-0.0101669326563488,0.011,-0.0148985507246377));
#4009=CARTESIAN_POINT('',(-4.07578056457779E-17,0.011,-0.023));
#4010=CARTESIAN_POINT('',(3.12250225675825E-17,0.0145,3.29597460435593E-17));
#4011=CARTESIAN_POINT('',(3.12250225675825E-17,0.0125,3.29597460435593E-17));
#4012=CARTESIAN_POINT('',(-0.0159065146473065,0.0125,-0.0266079460269865));
#4013=CARTESIAN_POINT('',(-0.0266079460269865,0.0125,-0.0159065146473065));
#4014=CARTESIAN_POINT('',(-0.0159065146473065,0.0145,-0.0266079460269865));
#4015=CARTESIAN_POINT('',(-0.0159065146473065,0.011,-0.0266079460269865));
#4016=CARTESIAN_POINT('',(3.12250225675825E-17,0.011,3.29597460435593E-17));
#4017=CARTESIAN_POINT('',(-0.0266079460269865,0.011,-0.0159065146473065));
#4018=CARTESIAN_POINT('',(-0.0266079460269865,0.0145,-0.0159065146473065));
#4019=CARTESIAN_POINT('',(-0.023,0.0145,-3.99333777362135E-17));
#4020=CARTESIAN_POINT('',(-0.0148985507246377,0.0145,-0.0101669326563488));
#4021=CARTESIAN_POINT('',(-0.0148985507246377,0.011,-0.0101669326563488));
#4022=CARTESIAN_POINT('',(-0.0148985507246377,0.0125,-0.0101669326563488));
#4023=CARTESIAN_POINT('',(-0.023,0.0125,-3.99333777362135E-17));
#4024=CARTESIAN_POINT('',(-0.0246391304347826,0.0125,-0.0128962495097517));
#4025=CARTESIAN_POINT('',(-0.0246391304347826,0.0145,-0.0128962495097517));
#4026=CARTESIAN_POINT('',(-0.0246391304347826,0.011,-0.0128962495097517));
#4027=CARTESIAN_POINT('',(-0.023,0.011,-3.99333777362135E-17));
#4028=CARTESIAN_POINT('',(0.023,0.0145,-3.54831678874206E-17));
#4029=CARTESIAN_POINT('',(0.0246391304347826,0.0145,-0.0128962495097517));
#4030=CARTESIAN_POINT('',(0.0246391304347826,0.011,-0.0128962495097517));
#4031=CARTESIAN_POINT('',(0.0246391304347826,0.0125,-0.0128962495097517));
#4032=CARTESIAN_POINT('',(0.023,0.0125,-3.54831678874206E-17));
#4033=CARTESIAN_POINT('',(0.0148985507246377,0.0125,-0.0101669326563488));
#4034=CARTESIAN_POINT('',(0.0148985507246377,0.0145,-0.0101669326563488));
#4035=CARTESIAN_POINT('',(0.0148985507246377,0.011,-0.0101669326563488));
#4036=CARTESIAN_POINT('',(0.023,0.011,-3.54831678874206E-17));
#4037=CARTESIAN_POINT('',(1.7347234759768E-18,0.0145,-1.7347234759768E-18));
#4038=CARTESIAN_POINT('',(1.7347234759768E-18,0.0125,-1.7347234759768E-18));
#4039=CARTESIAN_POINT('',(0.0266079460269865,0.0125,-0.0159065146473065));
#4040=CARTESIAN_POINT('',(0.0159065146473064,0.0125,-0.0266079460269865));
#4041=CARTESIAN_POINT('',(0.0266079460269865,0.0145,-0.0159065146473065));
#4042=CARTESIAN_POINT('',(0.0266079460269865,0.011,-0.0159065146473065));
#4043=CARTESIAN_POINT('',(1.7347234759768E-18,0.011,-1.7347234759768E-18));
#4044=CARTESIAN_POINT('',(0.0159065146473064,0.011,-0.0266079460269865));
#4045=CARTESIAN_POINT('',(0.0159065146473064,0.0145,-0.0266079460269865));
#4046=CARTESIAN_POINT('',(-4.07578056457779E-17,0.0145,-0.023));
#4047=CARTESIAN_POINT('',(0.0101669326563488,0.0145,-0.0148985507246377));
#4048=CARTESIAN_POINT('',(0.0101669326563488,0.011,-0.0148985507246377));
#4049=CARTESIAN_POINT('',(0.0101669326563488,0.0125,-0.0148985507246377));
#4050=CARTESIAN_POINT('',(-4.07578056457779E-17,0.0125,-0.023));
#4051=CARTESIAN_POINT('',(0.0128962495097516,0.0125,-0.0246391304347826));
#4052=CARTESIAN_POINT('',(0.0128962495097516,0.0145,-0.0246391304347826));
#4053=CARTESIAN_POINT('',(0.0128962495097516,0.011,-0.0246391304347826));
#4054=CARTESIAN_POINT('',(-4.07578056457779E-17,0.011,-0.023));
#4055=CARTESIAN_POINT('',(3.13943647185549E-17,0.0145,0.023));
#4056=CARTESIAN_POINT('',(-0.0101669326563488,0.0145,0.0148985507246377));
#4057=CARTESIAN_POINT('',(-0.0101669326563488,0.011,0.0148985507246377));
#4058=CARTESIAN_POINT('',(-0.0101669326563488,0.0125,0.0148985507246377));
#4059=CARTESIAN_POINT('',(3.13943647185549E-17,0.0125,0.023));
#4060=CARTESIAN_POINT('',(-0.0128962495097516,0.0125,0.0246391304347826));
#4061=CARTESIAN_POINT('',(-0.0128962495097516,0.0145,0.0246391304347826));
#4062=CARTESIAN_POINT('',(-0.0128962495097516,0.011,0.0246391304347826));
#4063=CARTESIAN_POINT('',(3.13943647185549E-17,0.011,0.023));
#4064=CARTESIAN_POINT('',(-0.023,0.0145,-3.99333777362135E-17));
#4065=CARTESIAN_POINT('',(-0.0246391304347826,0.0145,0.0128962495097516));
#4066=CARTESIAN_POINT('',(-0.0246391304347826,0.011,0.0128962495097516));
#4067=CARTESIAN_POINT('',(-0.0246391304347826,0.0125,0.0128962495097516));
#4068=CARTESIAN_POINT('',(-0.023,0.0125,-3.99333777362135E-17));
#4069=CARTESIAN_POINT('',(-0.0148985507246377,0.0125,0.0101669326563488));
#4070=CARTESIAN_POINT('',(-0.0148985507246377,0.0145,0.0101669326563488));
#4071=CARTESIAN_POINT('',(-0.0148985507246377,0.011,0.0101669326563488));
#4072=CARTESIAN_POINT('',(-0.023,0.011,-3.99333777362135E-17));
#4073=CARTESIAN_POINT('',(-6.93889390390723E-18,0.0145,1.21430643318376E-17));
#4074=CARTESIAN_POINT('',(-6.93889390390723E-18,0.0125,1.21430643318376E-17));
#4075=CARTESIAN_POINT('',(-0.0266079460269865,0.0125,0.0159065146473064));
#4076=CARTESIAN_POINT('',(-0.0159065146473064,0.0125,0.0266079460269865));
#4077=CARTESIAN_POINT('',(-0.0266079460269865,0.0145,0.0159065146473064));
#4078=CARTESIAN_POINT('',(-0.0266079460269865,0.011,0.0159065146473064));
#4079=CARTESIAN_POINT('',(-6.93889390390723E-18,0.011,1.21430643318376E-17));
#4080=CARTESIAN_POINT('',(-0.0159065146473064,0.011,0.0266079460269865));
#4081=CARTESIAN_POINT('',(-0.0159065146473064,0.0145,0.0266079460269865));
#4082=CARTESIAN_POINT('',(0.,0.007,0.));
#4083=CARTESIAN_POINT('',(0.0191302747433736,0.007,0.0145987187192247));
#4084=CARTESIAN_POINT('',(0.0185773865355367,0.007,0.0125353118366715));
#4085=CARTESIAN_POINT('',(0.0196831629512105,0.007,0.016662125601778));
#4086=CARTESIAN_POINT('',(0.0165139796529834,0.007,0.0119824236288345));
#4087=CARTESIAN_POINT('',(0.0144505727704301,0.007,0.0114295354209975));
#4088=CARTESIAN_POINT('',(0.0129400540957138,0.007,0.0129400540957138));
#4089=CARTESIAN_POINT('',(0.0114295354209975,0.007,0.0144505727704301));
#4090=CARTESIAN_POINT('',(0.0119824236288345,0.007,0.0165139796529834));
#4091=CARTESIAN_POINT('',(0.0125353118366714,0.007,0.0185773865355367));
#4092=CARTESIAN_POINT('',(0.0145987187192247,0.007,0.0191302747433736));
#4093=CARTESIAN_POINT('',(0.016662125601778,0.007,0.0196831629512106));
#4094=CARTESIAN_POINT('',(0.0181726442764942,0.007,0.0181726442764943));
#4095=CARTESIAN_POINT('',(-0.0129400540957138,0.007,-0.0129400540957138));
#4096=CARTESIAN_POINT('',(-0.0114295354209975,0.007,-0.0144505727704301));
#4097=CARTESIAN_POINT('',(-0.0144505727704301,0.007,-0.0114295354209975));
#4098=CARTESIAN_POINT('',(-0.0119824236288345,0.007,-0.0165139796529834));
#4099=CARTESIAN_POINT('',(-0.0125353118366714,0.007,-0.0185773865355367));
#4100=CARTESIAN_POINT('',(-0.0145987187192247,0.007,-0.0191302747433736));
#4101=CARTESIAN_POINT('',(-0.016662125601778,0.007,-0.0196831629512106));
#4102=CARTESIAN_POINT('',(-0.0181726442764942,0.007,-0.0181726442764943));
#4103=CARTESIAN_POINT('',(-0.0196831629512105,0.007,-0.016662125601778));
#4104=CARTESIAN_POINT('',(-0.0191302747433736,0.007,-0.0145987187192247));
#4105=CARTESIAN_POINT('',(-0.0185773865355367,0.007,-0.0125353118366715));
#4106=CARTESIAN_POINT('',(-0.0165139796529834,0.007,-0.0119824236288345));
#4107=CARTESIAN_POINT('',(-0.0191302747433736,0.007,0.0145987187192247));
#4108=CARTESIAN_POINT('',(-0.0185773865355367,0.007,0.0125353118366715));
#4109=CARTESIAN_POINT('',(-0.0196831629512105,0.007,0.016662125601778));
#4110=CARTESIAN_POINT('',(-0.0181726442764942,0.007,0.0181726442764943));
#4111=CARTESIAN_POINT('',(-0.016662125601778,0.007,0.0196831629512106));
#4112=CARTESIAN_POINT('',(-0.0145987187192247,0.007,0.0191302747433736));
#4113=CARTESIAN_POINT('',(-0.0125353118366714,0.007,0.0185773865355367));
#4114=CARTESIAN_POINT('',(-0.0119824236288345,0.007,0.0165139796529834));
#4115=CARTESIAN_POINT('',(-0.0114295354209975,0.007,0.0144505727704301));
#4116=CARTESIAN_POINT('',(-0.0129400540957138,0.007,0.0129400540957138));
#4117=CARTESIAN_POINT('',(-0.0144505727704301,0.007,0.0114295354209975));
#4118=CARTESIAN_POINT('',(-0.0165139796529834,0.007,0.0119824236288345));
#4119=CARTESIAN_POINT('',(-0.0163101529943887,0.007,0.003977391487233));
#4120=CARTESIAN_POINT('',(-0.0155507874276314,0.007,0.00376470588235293));
#4121=CARTESIAN_POINT('',(-0.0169378221735089,0.007,0.0035));
#4122=CARTESIAN_POINT('',(0.,0.007,9.79717439317882E-19));
#4123=CARTESIAN_POINT('',(-0.00376470588235295,0.007,0.0155507874276314));
#4124=CARTESIAN_POINT('',(-0.003977391487233,0.007,0.0163101529943887));
#4125=CARTESIAN_POINT('',(-0.0035,0.007,0.0169378221735089));
#4126=CARTESIAN_POINT('',(2.94902990916057E-17,0.007,0.023));
#4127=CARTESIAN_POINT('',(0.0035,0.007,0.0169378221735089));
#4128=CARTESIAN_POINT('',(0.003977391487233,0.007,0.0163101529943887));
#4129=CARTESIAN_POINT('',(0.00376470588235293,0.007,0.0155507874276314));
#4130=CARTESIAN_POINT('',(0.,0.007,9.79717439317882E-19));
#4131=CARTESIAN_POINT('',(0.0155507874276314,0.007,0.00376470588235293));
#4132=CARTESIAN_POINT('',(0.0163101529943887,0.007,0.003977391487233));
#4133=CARTESIAN_POINT('',(0.0169378221735089,0.007,0.0035));
#4134=CARTESIAN_POINT('',(0.023,0.007,-3.55618312575245E-17));
#4135=CARTESIAN_POINT('',(0.0169378221735089,0.007,-0.0035));
#4136=CARTESIAN_POINT('',(0.0163101529943887,0.007,-0.003977391487233));
#4137=CARTESIAN_POINT('',(0.0155507874276314,0.007,-0.00376470588235295));
#4138=CARTESIAN_POINT('',(0.,0.007,9.79717439317882E-19));
#4139=CARTESIAN_POINT('',(0.00376470588235293,0.007,-0.0155507874276314));
#4140=CARTESIAN_POINT('',(0.003977391487233,0.007,-0.0163101529943887));
#4141=CARTESIAN_POINT('',(0.0035,0.007,-0.0169378221735089));
#4142=CARTESIAN_POINT('',(-3.90312782094781E-17,0.007,-0.023));
#4143=CARTESIAN_POINT('',(-0.0035,0.007,-0.0169378221735089));
#4144=CARTESIAN_POINT('',(-0.003977391487233,0.007,-0.0163101529943887));
#4145=CARTESIAN_POINT('',(-0.00376470588235295,0.007,-0.0155507874276314));
#4146=CARTESIAN_POINT('',(0.,0.007,9.79717439317882E-19));
#4147=CARTESIAN_POINT('',(-0.0155507874276314,0.007,-0.00376470588235295));
#4148=CARTESIAN_POINT('',(-0.0163101529943887,0.007,-0.003977391487233));
#4149=CARTESIAN_POINT('',(-0.0169378221735089,0.007,-0.0035));
#4150=CARTESIAN_POINT('',(-0.023,0.007,-3.55618312575245E-17));
#4151=CARTESIAN_POINT('',(1.00955337141325E-19,0.007,2.14075275412753E-18));
#4152=CARTESIAN_POINT('',(-0.0147916391609245,0.007,-0.0317207725462827));
#4153=CARTESIAN_POINT('',(-0.0240351017365347,0.007,-0.0254423639726034));
#4154=CARTESIAN_POINT('',(-0.0141577117683134,0.007,-0.0303613108657278));
#4155=CARTESIAN_POINT('',(1.00955337141325E-19,0.007,2.14075275412753E-18));
#4156=CARTESIAN_POINT('',(-0.0040405159472234,0.007,-0.0347659924477964));
#4157=CARTESIAN_POINT('',(-0.00438684588555684,0.007,-0.0377459346576075));
#4158=CARTESIAN_POINT('',(-0.0014501126849437,0.007,-0.03835879525221));
#4159=CARTESIAN_POINT('',(0.00148662051566938,0.007,-0.0389716558468125));
#4160=CARTESIAN_POINT('',(0.00137226509138712,0.007,-0.0359738361662885));
#4161=CARTESIAN_POINT('',(1.24683249835833E-18,0.007,-2.08166817117217E-17));
#4162=CARTESIAN_POINT('',(0.0220723201128405,0.007,-0.0284396322908068));
#4163=CARTESIAN_POINT('',(0.0239116801222438,0.007,-0.0308096016483741));
#4164=CARTESIAN_POINT('',(0.0257674090748209,0.007,-0.028452427481163));
#4165=CARTESIAN_POINT('',(0.027623138027398,0.007,-0.026095253313952));
#4166=CARTESIAN_POINT('',(0.0254423639726034,0.007,-0.0240351017365347));
#4167=CARTESIAN_POINT('',(1.00955337141325E-19,0.007,2.14075275412753E-18));
#4168=CARTESIAN_POINT('',(0.0317207725462827,0.007,-0.0147916391609245));
#4169=CARTESIAN_POINT('',(0.0303613108657278,0.007,-0.0141577117683134));
#4170=CARTESIAN_POINT('',(1.00955337141325E-19,0.007,2.14075275412753E-18));
#4171=CARTESIAN_POINT('',(0.0347659924477964,0.007,-0.0040405159472234));
#4172=CARTESIAN_POINT('',(0.0377459346576075,0.007,-0.00438684588555684));
#4173=CARTESIAN_POINT('',(0.0383587952522099,0.007,-0.00145011268494369));
#4174=CARTESIAN_POINT('',(0.0389716558468124,0.007,0.00148662051566944));
#4175=CARTESIAN_POINT('',(0.0359738361662884,0.007,0.00137226509138717));
#4176=CARTESIAN_POINT('',(1.24683249835833E-18,0.007,-2.08166817117217E-17));
#4177=CARTESIAN_POINT('',(0.0284396322908068,0.007,0.0220723201128404));
#4178=CARTESIAN_POINT('',(0.0308096016483741,0.007,0.0239116801222437));
#4179=CARTESIAN_POINT('',(0.028452427481163,0.007,0.0257674090748209));
#4180=CARTESIAN_POINT('',(0.026095253313952,0.007,0.027623138027398));
#4181=CARTESIAN_POINT('',(0.0240351017365347,0.007,0.0254423639726034));
#4182=CARTESIAN_POINT('',(1.00955337141325E-19,0.007,2.14075275412753E-18));
#4183=CARTESIAN_POINT('',(0.0147916391609245,0.007,0.0317207725462827));
#4184=CARTESIAN_POINT('',(0.0141577117683134,0.007,0.0303613108657278));
#4185=CARTESIAN_POINT('',(1.00955337141325E-19,0.007,2.14075275412753E-18));
#4186=CARTESIAN_POINT('',(0.0040405159472234,0.007,0.0347659924477964));
#4187=CARTESIAN_POINT('',(0.00438684588555684,0.007,0.0377459346576075));
#4188=CARTESIAN_POINT('',(0.0014501126849437,0.007,0.0383587952522099));
#4189=CARTESIAN_POINT('',(-0.00148662051566944,0.007,0.0389716558468124));
#4190=CARTESIAN_POINT('',(-0.00137226509138717,0.007,0.0359738361662884));
#4191=CARTESIAN_POINT('',(-1.94072188874905E-17,0.007,8.50014503228636E-17));
#4192=CARTESIAN_POINT('',(-0.0220723201128404,0.007,0.0284396322908068));
#4193=CARTESIAN_POINT('',(-0.0239116801222438,0.007,0.0308096016483741));
#4194=CARTESIAN_POINT('',(-0.0257674090748209,0.007,0.028452427481163));
#4195=CARTESIAN_POINT('',(-0.027623138027398,0.007,0.026095253313952));
#4196=CARTESIAN_POINT('',(-0.0254423639726034,0.007,0.0240351017365347));
#4197=CARTESIAN_POINT('',(1.00955337141325E-19,0.007,2.14075275412753E-18));
#4198=CARTESIAN_POINT('',(-0.0317207725462827,0.007,0.0147916391609245));
#4199=CARTESIAN_POINT('',(-0.0303613108657278,0.007,0.0141577117683134));
#4200=CARTESIAN_POINT('',(1.00955337141325E-19,0.007,2.14075275412753E-18));
#4201=CARTESIAN_POINT('',(-0.0347659924477964,0.007,0.0040405159472234));
#4202=CARTESIAN_POINT('',(-0.0377459346576075,0.007,0.00438684588555684));
#4203=CARTESIAN_POINT('',(-0.03835879525221,0.007,0.00145011268494369));
#4204=CARTESIAN_POINT('',(-0.0389716558468124,0.007,-0.00148662051566944));
#4205=CARTESIAN_POINT('',(-0.0359738361662884,0.007,-0.00137226509138718));
#4206=CARTESIAN_POINT('',(1.24683249835833E-18,0.007,-2.08166817117217E-17));
#4207=CARTESIAN_POINT('',(-0.0284396322908068,0.007,-0.0220723201128404));
#4208=CARTESIAN_POINT('',(-0.0308096016483741,0.007,-0.0239116801222438));
#4209=CARTESIAN_POINT('',(-0.028452427481163,0.007,-0.0257674090748209));
#4210=CARTESIAN_POINT('',(-0.026095253313952,0.007,-0.027623138027398));
#4211=CARTESIAN_POINT('',(0.0181726442764942,0.007,-0.0181726442764943));
#4212=CARTESIAN_POINT('',(0.0196831629512105,0.007,-0.016662125601778));
#4213=CARTESIAN_POINT('',(0.016662125601778,0.007,-0.0196831629512105));
#4214=CARTESIAN_POINT('',(0.0145987187192247,0.007,-0.0191302747433736));
#4215=CARTESIAN_POINT('',(0.0125353118366714,0.007,-0.0185773865355367));
#4216=CARTESIAN_POINT('',(0.0119824236288345,0.007,-0.0165139796529834));
#4217=CARTESIAN_POINT('',(0.0114295354209975,0.007,-0.0144505727704301));
#4218=CARTESIAN_POINT('',(0.0129400540957138,0.007,-0.0129400540957138));
#4219=CARTESIAN_POINT('',(0.0144505727704301,0.007,-0.0114295354209975));
#4220=CARTESIAN_POINT('',(0.0165139796529834,0.007,-0.0119824236288345));
#4221=CARTESIAN_POINT('',(0.0185773865355367,0.007,-0.0125353118366715));
#4222=CARTESIAN_POINT('',(0.0191302747433736,0.007,-0.0145987187192247));
#4223=CARTESIAN_POINT('',(0.,0.011,0.));
#4224=CARTESIAN_POINT('',(-0.0380575511418293,0.011,-0.0138518158046896));
#4225=CARTESIAN_POINT('',(-0.0380575511418293,0.011,-0.0101018158046896));
#4226=CARTESIAN_POINT('',(-0.0138518158046896,0.011,0.0380575511418293));
#4227=CARTESIAN_POINT('',(-0.0138518158046896,0.011,0.0418075511418293));
#4228=CARTESIAN_POINT('',(0.0380575511418293,0.011,0.0138518158046896));
#4229=CARTESIAN_POINT('',(0.0380575511418293,0.011,0.0176018158046896));
#4230=CARTESIAN_POINT('',(3.46944695195361E-18,0.011,-7.80625564189563E-18));
#4231=CARTESIAN_POINT('',(-0.0351895230311104,0.011,-0.0296259593742203));
#4232=CARTESIAN_POINT('',(-0.045999938184815,0.011,7.54121555132085E-5));
#4233=CARTESIAN_POINT('',(-0.0429999422162401,0.011,7.04939714579987E-5));
#4234=CARTESIAN_POINT('',(-0.0418505159631357,0.011,0.00284156222912947));
#4235=CARTESIAN_POINT('',(-0.0382329129672834,0.011,0.00134099729528845));
#4236=CARTESIAN_POINT('',(-0.0388953609107119,0.011,0.00161577762788536));
#4237=CARTESIAN_POINT('',(-0.0377459346576075,0.011,0.00438684588555684));
#4238=CARTESIAN_POINT('',(-0.0347659924477964,0.011,0.0040405159472234));
#4239=CARTESIAN_POINT('',(1.00955337141325E-19,0.011,2.14075275412753E-18));
#4240=CARTESIAN_POINT('',(-0.0254423639726034,0.011,0.0240351017365347));
#4241=CARTESIAN_POINT('',(-0.027623138027398,0.011,0.026095253313952));
#4242=CARTESIAN_POINT('',(-0.0262392135408493,0.011,0.0287569732495445));
#4243=CARTESIAN_POINT('',(-0.0256029062638869,0.011,0.0284261340768044));
#4244=CARTESIAN_POINT('',(-0.0290777560754938,0.011,0.0302328342021845));
#4245=CARTESIAN_POINT('',(-0.0276938315889451,0.011,0.0328945541377771));
#4246=CARTESIAN_POINT('',(-0.0296259593742203,0.011,0.0351895230311104));
#4247=CARTESIAN_POINT('',(-4.33680868994202E-18,0.011,-1.38777878078145E-17));
#4248=CARTESIAN_POINT('',(7.54121555132138E-5,0.011,0.045999938184815));
#4249=CARTESIAN_POINT('',(7.04939714580039E-5,0.011,0.0429999422162401));
#4250=CARTESIAN_POINT('',(0.00284156222912948,0.011,0.0418505159631357));
#4251=CARTESIAN_POINT('',(0.00134099729528845,0.011,0.0382329129672834));
#4252=CARTESIAN_POINT('',(0.00161577762788536,0.011,0.0388953609107119));
#4253=CARTESIAN_POINT('',(0.00438684588555684,0.011,0.0377459346576075));
#4254=CARTESIAN_POINT('',(0.0040405159472234,0.011,0.0347659924477964));
#4255=CARTESIAN_POINT('',(1.00955337141325E-19,0.011,2.14075275412753E-18));
#4256=CARTESIAN_POINT('',(0.0240351017365347,0.011,0.0254423639726034));
#4257=CARTESIAN_POINT('',(0.026095253313952,0.011,0.027623138027398));
#4258=CARTESIAN_POINT('',(0.0287569732495445,0.011,0.0262392135408493));
#4259=CARTESIAN_POINT('',(0.0284261340768044,0.011,0.0256029062638869));
#4260=CARTESIAN_POINT('',(0.0302328342021845,0.011,0.0290777560754937));
#4261=CARTESIAN_POINT('',(0.0328945541377771,0.011,0.027693831588945));
#4262=CARTESIAN_POINT('',(0.0351895230311104,0.011,0.0296259593742203));
#4263=CARTESIAN_POINT('',(-1.7347234759768E-17,0.011,-1.04083408558608E-17));
#4264=CARTESIAN_POINT('',(0.045999938184815,0.011,-7.5412155513209E-5));
#4265=CARTESIAN_POINT('',(0.0429999422162401,0.011,-7.04939714580005E-5));
#4266=CARTESIAN_POINT('',(0.0418505159631357,0.011,-0.00284156222912948));
#4267=CARTESIAN_POINT('',(0.0382329129672834,0.011,-0.00134099729528845));
#4268=CARTESIAN_POINT('',(0.0388953609107119,0.011,-0.00161577762788536));
#4269=CARTESIAN_POINT('',(0.0377459346576075,0.011,-0.00438684588555684));
#4270=CARTESIAN_POINT('',(0.0347659924477964,0.011,-0.0040405159472234));
#4271=CARTESIAN_POINT('',(1.00955337141325E-19,0.011,2.14075275412753E-18));
#4272=CARTESIAN_POINT('',(0.0254423639726034,0.011,-0.0240351017365347));
#4273=CARTESIAN_POINT('',(0.027623138027398,0.011,-0.026095253313952));
#4274=CARTESIAN_POINT('',(0.0262392135408493,0.011,-0.0287569732495445));
#4275=CARTESIAN_POINT('',(0.0256029062638869,0.011,-0.0284261340768043));
#4276=CARTESIAN_POINT('',(0.0290777560754938,0.011,-0.0302328342021845));
#4277=CARTESIAN_POINT('',(0.0276938315889451,0.011,-0.0328945541377771));
#4278=CARTESIAN_POINT('',(0.0296259593742203,0.011,-0.0351895230311104));
#4279=CARTESIAN_POINT('',(-9.10729824887824E-18,0.011,-2.08166817117217E-17));
#4280=CARTESIAN_POINT('',(-7.54121555132129E-5,0.011,-0.045999938184815));
#4281=CARTESIAN_POINT('',(-7.04939714580039E-5,0.011,-0.0429999422162401));
#4282=CARTESIAN_POINT('',(-0.00284156222912948,0.011,-0.0418505159631357));
#4283=CARTESIAN_POINT('',(-0.00134099729528845,0.011,-0.0382329129672834));
#4284=CARTESIAN_POINT('',(-0.00161577762788536,0.011,-0.0388953609107119));
#4285=CARTESIAN_POINT('',(-0.00438684588555684,0.011,-0.0377459346576075));
#4286=CARTESIAN_POINT('',(-0.0040405159472234,0.011,-0.0347659924477964));
#4287=CARTESIAN_POINT('',(1.00955337141325E-19,0.011,2.14075275412753E-18));
#4288=CARTESIAN_POINT('',(-0.0240351017365347,0.011,-0.0254423639726034));
#4289=CARTESIAN_POINT('',(-0.026095253313952,0.011,-0.027623138027398));
#4290=CARTESIAN_POINT('',(-0.0287569732495445,0.011,-0.0262392135408493));
#4291=CARTESIAN_POINT('',(-0.0284261340768044,0.011,-0.0256029062638869));
#4292=CARTESIAN_POINT('',(-0.0302328342021845,0.011,-0.0290777560754937));
#4293=CARTESIAN_POINT('',(-0.0328945541377771,0.011,-0.0276938315889451));
#4294=CARTESIAN_POINT('',(0.0138518158046896,0.011,-0.0380575511418293));
#4295=CARTESIAN_POINT('',(0.0138518158046896,0.011,-0.0343075511418293));
#4296=CARTESIAN_POINT('',(0.,0.011,9.79717439317882E-19));
#4297=CARTESIAN_POINT('',(-0.0121352657004831,0.011,0.0104276232372808));
#4298=CARTESIAN_POINT('',(-0.0155507874276314,0.011,0.00376470588235293));
#4299=CARTESIAN_POINT('',(-0.0163101529943887,0.011,0.003977391487233));
#4300=CARTESIAN_POINT('',(-0.0169378221735089,0.011,0.0035));
#4301=CARTESIAN_POINT('',(-0.023,0.011,-3.55618312575245E-17));
#4302=CARTESIAN_POINT('',(-0.0169378221735089,0.011,-0.0035));
#4303=CARTESIAN_POINT('',(-0.0163101529943887,0.011,-0.003977391487233));
#4304=CARTESIAN_POINT('',(-0.0155507874276314,0.011,-0.00376470588235295));
#4305=CARTESIAN_POINT('',(0.,0.011,9.79717439317882E-19));
#4306=CARTESIAN_POINT('',(-0.0121352657004831,0.011,-0.0104276232372808));
#4307=CARTESIAN_POINT('',(-0.0136521739130435,0.011,-0.0117310761419409));
#4308=CARTESIAN_POINT('',(-0.024891304347826,0.011,-0.0148802878958673));
#4309=CARTESIAN_POINT('',(-0.0148802878958673,0.011,-0.024891304347826));
#4310=CARTESIAN_POINT('',(-0.0117310761419409,0.011,-0.0136521739130435));
#4311=CARTESIAN_POINT('',(-0.0104276232372808,0.011,-0.0121352657004831));
#4312=CARTESIAN_POINT('',(0.,0.011,9.79717439317882E-19));
#4313=CARTESIAN_POINT('',(-0.00376470588235295,0.011,-0.0155507874276314));
#4314=CARTESIAN_POINT('',(-0.003977391487233,0.011,-0.0163101529943887));
#4315=CARTESIAN_POINT('',(-0.0035,0.011,-0.0169378221735089));
#4316=CARTESIAN_POINT('',(-3.90312782094781E-17,0.011,-0.023));
#4317=CARTESIAN_POINT('',(0.0035,0.011,-0.0169378221735089));
#4318=CARTESIAN_POINT('',(0.003977391487233,0.011,-0.0163101529943887));
#4319=CARTESIAN_POINT('',(0.00376470588235293,0.011,-0.0155507874276314));
#4320=CARTESIAN_POINT('',(0.,0.011,9.79717439317882E-19));
#4321=CARTESIAN_POINT('',(0.0104276232372808,0.011,-0.0121352657004831));
#4322=CARTESIAN_POINT('',(0.0117310761419409,0.011,-0.0136521739130435));
#4323=CARTESIAN_POINT('',(0.0148802878958672,0.011,-0.0248913043478261));
#4324=CARTESIAN_POINT('',(0.024891304347826,0.011,-0.0148802878958673));
#4325=CARTESIAN_POINT('',(0.0136521739130435,0.011,-0.0117310761419409));
#4326=CARTESIAN_POINT('',(0.0121352657004831,0.011,-0.0104276232372808));
#4327=CARTESIAN_POINT('',(0.,0.011,9.79717439317882E-19));
#4328=CARTESIAN_POINT('',(0.0155507874276314,0.011,-0.00376470588235295));
#4329=CARTESIAN_POINT('',(0.0163101529943887,0.011,-0.003977391487233));
#4330=CARTESIAN_POINT('',(0.0169378221735089,0.011,-0.0035));
#4331=CARTESIAN_POINT('',(0.023,0.011,-3.55618312575245E-17));
#4332=CARTESIAN_POINT('',(0.0169378221735089,0.011,0.0035));
#4333=CARTESIAN_POINT('',(0.0163101529943887,0.011,0.003977391487233));
#4334=CARTESIAN_POINT('',(0.0155507874276314,0.011,0.00376470588235293));
#4335=CARTESIAN_POINT('',(0.,0.011,9.79717439317882E-19));
#4336=CARTESIAN_POINT('',(0.0121352657004831,0.011,0.0104276232372808));
#4337=CARTESIAN_POINT('',(0.0136521739130435,0.011,0.0117310761419409));
#4338=CARTESIAN_POINT('',(0.0248913043478261,0.011,0.0148802878958672));
#4339=CARTESIAN_POINT('',(0.0148802878958673,0.011,0.024891304347826));
#4340=CARTESIAN_POINT('',(0.0117310761419409,0.011,0.0136521739130435));
#4341=CARTESIAN_POINT('',(0.0104276232372808,0.011,0.0121352657004831));
#4342=CARTESIAN_POINT('',(0.,0.011,9.79717439317882E-19));
#4343=CARTESIAN_POINT('',(0.00376470588235293,0.011,0.0155507874276314));
#4344=CARTESIAN_POINT('',(0.003977391487233,0.011,0.0163101529943887));
#4345=CARTESIAN_POINT('',(0.0035,0.011,0.0169378221735089));
#4346=CARTESIAN_POINT('',(2.94902990916057E-17,0.011,0.023));
#4347=CARTESIAN_POINT('',(-0.0035,0.011,0.0169378221735089));
#4348=CARTESIAN_POINT('',(-0.003977391487233,0.011,0.0163101529943887));
#4349=CARTESIAN_POINT('',(-0.00376470588235295,0.011,0.0155507874276314));
#4350=CARTESIAN_POINT('',(0.,0.011,9.79717439317882E-19));
#4351=CARTESIAN_POINT('',(-0.0104276232372808,0.011,0.0121352657004831));
#4352=CARTESIAN_POINT('',(-0.0117310761419409,0.011,0.0136521739130435));
#4353=CARTESIAN_POINT('',(-0.0148802878958672,0.011,0.0248913043478261));
#4354=CARTESIAN_POINT('',(-0.0248913043478261,0.011,0.0148802878958672));
#4355=CARTESIAN_POINT('',(-0.0136521739130435,0.011,0.0117310761419409));
#4356=CARTESIAN_POINT('',(0.0138518158046896,-0.014,-0.0380575511418293));
#4357=CARTESIAN_POINT('',(0.0138518158046896,0.,-0.0380575511418293));
#4358=CARTESIAN_POINT('',(0.0138518158046896,0.,-0.0359075511418293));
#4359=CARTESIAN_POINT('',(0.0138518158046896,0.007,-0.0380575511418293));
#4360=CARTESIAN_POINT('',(0.0138518158046896,0.007,-0.0359075511418293));
#4361=CARTESIAN_POINT('',(-0.0380575511418293,-0.014,-0.0138518158046896));
#4362=CARTESIAN_POINT('',(-0.0380575511418293,0.,-0.0138518158046896));
#4363=CARTESIAN_POINT('',(-0.0380575511418293,0.,-0.0117018158046896));
#4364=CARTESIAN_POINT('',(-0.0380575511418293,0.007,-0.0138518158046896));
#4365=CARTESIAN_POINT('',(-0.0380575511418293,0.007,-0.0117018158046896));
#4366=CARTESIAN_POINT('',(-0.0138518158046896,-0.014,0.0380575511418293));
#4367=CARTESIAN_POINT('',(-0.0138518158046896,0.,0.0380575511418293));
#4368=CARTESIAN_POINT('',(-0.0138518158046896,0.,0.0402075511418293));
#4369=CARTESIAN_POINT('',(-0.0138518158046896,0.007,0.0380575511418293));
#4370=CARTESIAN_POINT('',(-0.0138518158046896,0.007,0.0402075511418293));
#4371=CARTESIAN_POINT('',(0.0380575511418293,-0.014,0.0138518158046896));
#4372=CARTESIAN_POINT('',(0.0380575511418293,0.,0.0138518158046896));
#4373=CARTESIAN_POINT('',(0.0380575511418293,0.,0.0160018158046896));
#4374=CARTESIAN_POINT('',(0.0380575511418293,0.007,0.0138518158046896));
#4375=CARTESIAN_POINT('',(0.0380575511418293,0.007,0.0160018158046896));
#4376=CARTESIAN_POINT('',(0.00134099729528845,0.,0.0382329129672834));
#4377=CARTESIAN_POINT('',(0.00284156222912948,0.,0.0418505159631357));
#4378=CARTESIAN_POINT('',(0.00284156222912948,0.,0.0418505159631357));
#4379=CARTESIAN_POINT('',(0.00134099729528845,0.,0.0382329129672834));
#4380=CARTESIAN_POINT('',(0.00161577762788536,0.,0.0388953609107119));
#4381=CARTESIAN_POINT('',(0.00161577762788536,0.011,0.0388953609107119));
#4382=CARTESIAN_POINT('',(-0.0256029062638869,0.,0.0284261340768044));
#4383=CARTESIAN_POINT('',(-0.0262392135408493,0.,0.0287569732495445));
#4384=CARTESIAN_POINT('',(-0.0262392135408493,0.,0.0287569732495445));
#4385=CARTESIAN_POINT('',(-0.0256029062638869,0.,0.0284261340768044));
#4386=CARTESIAN_POINT('',(-0.0290777560754938,0.,0.0302328342021845));
#4387=CARTESIAN_POINT('',(-0.0290777560754938,0.011,0.0302328342021845));
#4388=CARTESIAN_POINT('',(0.0284261340768044,0.,0.0256029062638869));
#4389=CARTESIAN_POINT('',(0.0287569732495445,0.,0.0262392135408493));
#4390=CARTESIAN_POINT('',(0.0287569732495445,0.,0.0262392135408493));
#4391=CARTESIAN_POINT('',(0.0284261340768044,0.,0.0256029062638869));
#4392=CARTESIAN_POINT('',(0.0302328342021845,0.,0.0290777560754937));
#4393=CARTESIAN_POINT('',(0.0302328342021845,0.011,0.0290777560754937));
#4394=CARTESIAN_POINT('',(0.0382329129672834,0.,-0.00134099729528845));
#4395=CARTESIAN_POINT('',(0.0418505159631357,0.,-0.00284156222912948));
#4396=CARTESIAN_POINT('',(0.0418505159631357,0.,-0.00284156222912948));
#4397=CARTESIAN_POINT('',(0.0382329129672834,0.,-0.00134099729528845));
#4398=CARTESIAN_POINT('',(0.0388953609107119,0.,-0.00161577762788536));
#4399=CARTESIAN_POINT('',(0.0388953609107119,0.011,-0.00161577762788536));
#4400=CARTESIAN_POINT('',(-0.00134099729528845,0.,-0.0382329129672834));
#4401=CARTESIAN_POINT('',(-0.00284156222912948,0.,-0.0418505159631357));
#4402=CARTESIAN_POINT('',(-0.00284156222912948,0.,-0.0418505159631357));
#4403=CARTESIAN_POINT('',(-0.00134099729528845,0.,-0.0382329129672834));
#4404=CARTESIAN_POINT('',(-0.00161577762788536,0.,-0.0388953609107119));
#4405=CARTESIAN_POINT('',(-0.00161577762788536,0.011,-0.0388953609107119));
#4406=CARTESIAN_POINT('',(0.0256029062638869,0.,-0.0284261340768043));
#4407=CARTESIAN_POINT('',(0.0256029062638869,0.,-0.0284261340768043));
#4408=CARTESIAN_POINT('',(0.0262392135408493,0.,-0.0287569732495445));
#4409=CARTESIAN_POINT('',(0.0290777560754938,0.,-0.0302328342021845));
#4410=CARTESIAN_POINT('',(0.0290777560754938,0.011,-0.0302328342021845));
#4411=CARTESIAN_POINT('',(0.0262392135408493,0.,-0.0287569732495445));
#4412=CARTESIAN_POINT('',(-0.0382329129672834,0.,0.00134099729528845));
#4413=CARTESIAN_POINT('',(-0.0418505159631357,0.,0.00284156222912947));
#4414=CARTESIAN_POINT('',(-0.0418505159631357,0.,0.00284156222912947));
#4415=CARTESIAN_POINT('',(-0.0382329129672834,0.,0.00134099729528845));
#4416=CARTESIAN_POINT('',(-0.0388953609107119,0.,0.00161577762788536));
#4417=CARTESIAN_POINT('',(-0.0388953609107119,0.011,0.00161577762788536));
#4418=CARTESIAN_POINT('',(-0.0284261340768044,0.,-0.0256029062638869));
#4419=CARTESIAN_POINT('',(-0.0287569732495445,0.,-0.0262392135408493));
#4420=CARTESIAN_POINT('',(-0.0287569732495445,0.,-0.0262392135408493));
#4421=CARTESIAN_POINT('',(-0.0284261340768044,0.,-0.0256029062638869));
#4422=CARTESIAN_POINT('',(-0.0302328342021845,0.,-0.0290777560754937));
#4423=CARTESIAN_POINT('',(-0.0302328342021845,0.011,-0.0290777560754937));
#4424=CARTESIAN_POINT('',(3.46944695195361E-18,-0.005,-7.80625564189563E-18));
#4425=CARTESIAN_POINT('',(3.46944695195361E-18,0.,-7.80625564189563E-18));
#4426=CARTESIAN_POINT('',(-0.045999938184815,0.,7.54121555132085E-5));
#4427=CARTESIAN_POINT('',(-0.0351895230311104,0.,-0.0296259593742203));
#4428=CARTESIAN_POINT('',(-0.045999938184815,-0.005,7.54121555132085E-5));
#4429=CARTESIAN_POINT('',(-0.0351895230311104,-0.005,-0.0296259593742203));
#4430=CARTESIAN_POINT('',(-9.10729824887824E-18,-0.005,-2.08166817117217E-17));
#4431=CARTESIAN_POINT('',(0.0296259593742203,-0.005,-0.0351895230311104));
#4432=CARTESIAN_POINT('',(0.0296259593742203,0.,-0.0351895230311104));
#4433=CARTESIAN_POINT('',(-9.10729824887824E-18,0.,-2.08166817117217E-17));
#4434=CARTESIAN_POINT('',(-7.54121555132129E-5,0.,-0.045999938184815));
#4435=CARTESIAN_POINT('',(-7.54121555132129E-5,-0.005,-0.045999938184815));
#4436=CARTESIAN_POINT('',(-1.7347234759768E-17,-0.005,-1.04083408558608E-17));
#4437=CARTESIAN_POINT('',(0.0351895230311104,-0.005,0.0296259593742203));
#4438=CARTESIAN_POINT('',(0.0351895230311104,0.,0.0296259593742203));
#4439=CARTESIAN_POINT('',(-1.7347234759768E-17,0.,-1.04083408558608E-17));
#4440=CARTESIAN_POINT('',(0.045999938184815,0.,-7.5412155513209E-5));
#4441=CARTESIAN_POINT('',(0.045999938184815,-0.005,-7.54121555132091E-5));
#4442=CARTESIAN_POINT('',(-4.33680868994202E-18,-0.005,-1.38777878078145E-17));
#4443=CARTESIAN_POINT('',(-0.0296259593742203,-0.005,0.0351895230311104));
#4444=CARTESIAN_POINT('',(-0.0296259593742203,0.,0.0351895230311104));
#4445=CARTESIAN_POINT('',(-4.33680868994202E-18,0.,-1.38777878078145E-17));
#4446=CARTESIAN_POINT('',(7.54121555132138E-5,0.,0.045999938184815));
#4447=CARTESIAN_POINT('',(7.54121555132138E-5,-0.005,0.045999938184815));
#4448=CARTESIAN_POINT('',(1.24683249835833E-18,0.009,-2.08166817117217E-17));
#4449=CARTESIAN_POINT('',(1.24683249835833E-18,0.,-2.08166817117217E-17));
#4450=CARTESIAN_POINT('',(0.0220723201128405,0.,-0.0284396322908068));
#4451=CARTESIAN_POINT('',(0.00137226509138712,0.,-0.0359738361662885));
#4452=CARTESIAN_POINT('',(0.0220723201128405,0.009,-0.0284396322908068));
#4453=CARTESIAN_POINT('',(0.00137226509138712,0.009,-0.0359738361662885));
#4454=CARTESIAN_POINT('',(1.24683249835833E-18,0.007,-2.08166817117217E-17));
#4455=CARTESIAN_POINT('',(-0.0359738361662884,0.007,-0.00137226509138718));
#4456=CARTESIAN_POINT('',(-0.0359738361662884,0.,-0.00137226509138718));
#4457=CARTESIAN_POINT('',(1.24683249835833E-18,0.,-2.08166817117217E-17));
#4458=CARTESIAN_POINT('',(-0.0284396322908068,0.,-0.0220723201128404));
#4459=CARTESIAN_POINT('',(-0.0284396322908068,0.007,-0.0220723201128404));
#4460=CARTESIAN_POINT('',(-1.94072188874905E-17,0.007,8.50014503228636E-17));
#4461=CARTESIAN_POINT('',(-1.94072188874905E-17,0.,8.50014503228636E-17));
#4462=CARTESIAN_POINT('',(-0.0220723201128404,0.,0.0284396322908068));
#4463=CARTESIAN_POINT('',(-0.00137226509138717,0.,0.0359738361662884));
#4464=CARTESIAN_POINT('',(-0.0220723201128404,0.007,0.0284396322908068));
#4465=CARTESIAN_POINT('',(-0.00137226509138717,0.007,0.0359738361662885));
#4466=CARTESIAN_POINT('',(1.24683249835833E-18,0.007,-2.08166817117217E-17));
#4467=CARTESIAN_POINT('',(0.0359738361662884,0.007,0.00137226509138717));
#4468=CARTESIAN_POINT('',(0.0359738361662884,0.,0.00137226509138717));
#4469=CARTESIAN_POINT('',(1.24683249835833E-18,0.,-2.08166817117217E-17));
#4470=CARTESIAN_POINT('',(0.0284396322908068,0.,0.0220723201128404));
#4471=CARTESIAN_POINT('',(0.0284396322908068,0.007,0.0220723201128404));
#4472=CARTESIAN_POINT('',(1.00955337141325E-19,0.012,2.14075275412753E-18));
#4473=CARTESIAN_POINT('',(-0.0347659924477964,0.012,0.0040405159472234));
#4474=CARTESIAN_POINT('',(-0.0254423639726034,0.012,0.0240351017365347));
#4475=CARTESIAN_POINT('',(1.00955337141325E-19,0.012,2.14075275412753E-18));
#4476=CARTESIAN_POINT('',(-0.0040405159472234,0.012,-0.0347659924477964));
#4477=CARTESIAN_POINT('',(-0.0240351017365347,0.012,-0.0254423639726034));
#4478=CARTESIAN_POINT('',(1.00955337141325E-19,0.012,2.14075275412753E-18));
#4479=CARTESIAN_POINT('',(0.0347659924477964,0.012,-0.0040405159472234));
#4480=CARTESIAN_POINT('',(0.0254423639726034,0.012,-0.0240351017365347));
#4481=CARTESIAN_POINT('',(1.00955337141325E-19,0.012,2.14075275412753E-18));
#4482=CARTESIAN_POINT('',(0.0040405159472234,0.012,0.0347659924477964));
#4483=CARTESIAN_POINT('',(0.0240351017365347,0.012,0.0254423639726034));
#4484=CARTESIAN_POINT('',(0.,0.,0.));
#4485=CARTESIAN_POINT('',(0.0389716558468124,0.,0.00148662051566944));
#4486=CARTESIAN_POINT('',(0.0383587952522099,0.,-0.00145011268494369));
#4487=CARTESIAN_POINT('',(0.0377459346576075,0.,-0.00438684588555684));
#4488=CARTESIAN_POINT('',(0.0429999422162401,0.,-7.04939714580005E-5));
#4489=CARTESIAN_POINT('',(0.0328945541377771,0.,0.027693831588945));
#4490=CARTESIAN_POINT('',(0.026095253313952,0.,0.027623138027398));
#4491=CARTESIAN_POINT('',(0.028452427481163,0.,0.0257674090748209));
#4492=CARTESIAN_POINT('',(0.0308096016483741,0.,0.0239116801222437));
#4493=CARTESIAN_POINT('',(0.,0.,0.));
#4494=CARTESIAN_POINT('',(-0.027623138027398,0.,0.026095253313952));
#4495=CARTESIAN_POINT('',(-0.0257674090748209,0.,0.028452427481163));
#4496=CARTESIAN_POINT('',(-0.0239116801222438,0.,0.0308096016483741));
#4497=CARTESIAN_POINT('',(-0.00148662051566944,0.,0.0389716558468124));
#4498=CARTESIAN_POINT('',(0.0014501126849437,0.,0.0383587952522099));
#4499=CARTESIAN_POINT('',(0.00438684588555684,0.,0.0377459346576075));
#4500=CARTESIAN_POINT('',(7.04939714580039E-5,0.,0.0429999422162401));
#4501=CARTESIAN_POINT('',(-0.0276938315889451,0.,0.0328945541377771));
#4502=CARTESIAN_POINT('',(0.,0.,0.));
#4503=CARTESIAN_POINT('',(-0.0389716558468124,0.,-0.00148662051566944));
#4504=CARTESIAN_POINT('',(-0.03835879525221,0.,0.00145011268494369));
#4505=CARTESIAN_POINT('',(-0.0377459346576075,0.,0.00438684588555684));
#4506=CARTESIAN_POINT('',(-0.0429999422162401,0.,7.04939714579987E-5));
#4507=CARTESIAN_POINT('',(-0.0328945541377771,0.,-0.0276938315889451));
#4508=CARTESIAN_POINT('',(-0.026095253313952,0.,-0.027623138027398));
#4509=CARTESIAN_POINT('',(-0.028452427481163,0.,-0.0257674090748209));
#4510=CARTESIAN_POINT('',(-0.0308096016483741,0.,-0.0239116801222438));
#4511=CARTESIAN_POINT('',(0.,0.,0.));
#4512=CARTESIAN_POINT('',(0.027623138027398,0.,-0.026095253313952));
#4513=CARTESIAN_POINT('',(0.0257674090748209,0.,-0.028452427481163));
#4514=CARTESIAN_POINT('',(0.0239116801222438,0.,-0.0308096016483741));
#4515=CARTESIAN_POINT('',(0.00148662051566938,0.,-0.0389716558468125));
#4516=CARTESIAN_POINT('',(-0.0014501126849437,0.,-0.03835879525221));
#4517=CARTESIAN_POINT('',(-0.00438684588555684,0.,-0.0377459346576075));
#4518=CARTESIAN_POINT('',(-7.04939714580039E-5,0.,-0.0429999422162401));
#4519=CARTESIAN_POINT('',(0.0276938315889451,0.,-0.0328945541377771));
#4520=CARTESIAN_POINT('',(-0.0303613108657278,0.007,0.0141577117683134));
#4521=CARTESIAN_POINT('',(0.0141577117683134,0.007,0.0303613108657278));
#4522=CARTESIAN_POINT('',(0.0303613108657278,0.007,-0.0141577117683134));
#4523=CARTESIAN_POINT('',(-0.0141577117683134,0.007,-0.0303613108657278));
#4524=CARTESIAN_POINT('',(0.0380575511418293,0.007,0.0138518158046896));
#4525=CARTESIAN_POINT('',(0.0380575511418293,0.007,0.0138518158046896));
#4526=CARTESIAN_POINT('',(0.0380575511418293,0.007,0.0176018158046896));
#4527=CARTESIAN_POINT('',(0.,0.007,-6.93889390390723E-18));
#4528=CARTESIAN_POINT('',(-0.0138518158046896,0.007,0.0380575511418293));
#4529=CARTESIAN_POINT('',(-0.0138518158046896,0.007,0.0380575511418293));
#4530=CARTESIAN_POINT('',(-0.0138518158046896,0.007,0.0418075511418293));
#4531=CARTESIAN_POINT('',(0.,0.007,-6.93889390390723E-18));
#4532=CARTESIAN_POINT('',(-0.0380575511418293,0.007,-0.0138518158046896));
#4533=CARTESIAN_POINT('',(-0.0380575511418293,0.007,-0.0138518158046896));
#4534=CARTESIAN_POINT('',(-0.0380575511418293,0.007,-0.0101018158046896));
#4535=CARTESIAN_POINT('',(0.,0.007,-6.93889390390723E-18));
#4536=CARTESIAN_POINT('',(0.0138518158046896,0.007,-0.0380575511418293));
#4537=CARTESIAN_POINT('',(0.0138518158046896,0.007,-0.0380575511418293));
#4538=CARTESIAN_POINT('',(0.0138518158046896,0.007,-0.0343075511418293));
#4539=CARTESIAN_POINT('',(0.,0.007,-6.93889390390723E-18));
#4540=CARTESIAN_POINT('',(0.023,0.011,-3.55618312575245E-17));
#4541=CARTESIAN_POINT('',(0.0169378221735089,0.011,-0.0035));
#4542=CARTESIAN_POINT('',(0.0169378221735089,0.011,0.0035));
#4543=CARTESIAN_POINT('',(-3.90312782094781E-17,0.011,-0.023));
#4544=CARTESIAN_POINT('',(-0.0035,0.011,-0.0169378221735089));
#4545=CARTESIAN_POINT('',(0.0035,0.011,-0.0169378221735089));
#4546=CARTESIAN_POINT('',(2.94902990916057E-17,0.011,0.023));
#4547=CARTESIAN_POINT('',(0.0035,0.011,0.0169378221735089));
#4548=CARTESIAN_POINT('',(-0.0035,0.011,0.0169378221735089));
#4549=CARTESIAN_POINT('',(-0.023,0.011,-3.55618312575245E-17));
#4550=CARTESIAN_POINT('',(-0.0169378221735089,0.011,0.0035));
#4551=CARTESIAN_POINT('',(-0.0169378221735089,0.011,-0.0035));
#4552=CARTESIAN_POINT('',(0.,-0.0105,9.79717439317882E-19));
#4553=CARTESIAN_POINT('',(-0.0121352657004831,-0.0105,0.0104276232372808));
#4554=CARTESIAN_POINT('',(-0.0121352657004831,0.0125,0.0104276232372808));
#4555=CARTESIAN_POINT('',(0.,0.0125,9.79717439317882E-19));
#4556=CARTESIAN_POINT('',(-0.0104276232372808,0.0125,0.0121352657004831));
#4557=CARTESIAN_POINT('',(-0.0104276232372808,-0.0105,0.0121352657004831));
#4558=CARTESIAN_POINT('',(-0.00376470588235295,-0.0105,0.0155507874276314));
#4559=CARTESIAN_POINT('',(-0.0155507874276314,-0.0105,0.00376470588235293));
#4560=CARTESIAN_POINT('',(0.,-0.0105,9.79717439317882E-19));
#4561=CARTESIAN_POINT('',(0.0121352657004831,-0.0105,-0.0104276232372808));
#4562=CARTESIAN_POINT('',(0.0121352657004831,0.0125,-0.0104276232372808));
#4563=CARTESIAN_POINT('',(0.,0.0125,9.79717439317882E-19));
#4564=CARTESIAN_POINT('',(0.0104276232372808,0.0125,-0.0121352657004831));
#4565=CARTESIAN_POINT('',(0.0104276232372808,-0.0105,-0.0121352657004831));
#4566=CARTESIAN_POINT('',(0.00376470588235293,-0.0105,-0.0155507874276314));
#4567=CARTESIAN_POINT('',(0.0155507874276314,-0.0105,-0.00376470588235295));
#4568=CARTESIAN_POINT('',(0.,-0.0105,9.79717439317882E-19));
#4569=CARTESIAN_POINT('',(-0.0104276232372808,-0.0105,-0.0121352657004831));
#4570=CARTESIAN_POINT('',(-0.0104276232372808,0.0125,-0.0121352657004831));
#4571=CARTESIAN_POINT('',(0.,0.0125,9.79717439317882E-19));
#4572=CARTESIAN_POINT('',(-0.0121352657004831,0.0125,-0.0104276232372808));
#4573=CARTESIAN_POINT('',(-0.0121352657004831,-0.0105,-0.0104276232372808));
#4574=CARTESIAN_POINT('',(-0.0155507874276314,-0.0105,-0.00376470588235295));
#4575=CARTESIAN_POINT('',(-0.00376470588235295,-0.0105,-0.0155507874276314));
#4576=CARTESIAN_POINT('',(0.,-0.0105,9.79717439317882E-19));
#4577=CARTESIAN_POINT('',(0.0104276232372808,-0.0105,0.0121352657004831));
#4578=CARTESIAN_POINT('',(0.0104276232372808,0.0125,0.0121352657004831));
#4579=CARTESIAN_POINT('',(0.,0.0125,9.79717439317882E-19));
#4580=CARTESIAN_POINT('',(0.0121352657004831,0.0125,0.0104276232372808));
#4581=CARTESIAN_POINT('',(0.0121352657004831,-0.0105,0.0104276232372808));
#4582=CARTESIAN_POINT('',(0.0155507874276314,-0.0105,0.00376470588235293));
#4583=CARTESIAN_POINT('',(0.00376470588235293,-0.0105,0.0155507874276314));
#4584=CARTESIAN_POINT('',(0.0148802878958672,0.0145,-0.0248913043478261));
#4585=CARTESIAN_POINT('',(0.0148802878958672,0.0125,-0.0248913043478261));
#4586=CARTESIAN_POINT('',(0.024891304347826,0.0145,-0.0148802878958673));
#4587=CARTESIAN_POINT('',(0.024891304347826,0.0125,-0.0148802878958673));
#4588=CARTESIAN_POINT('',(0.0136521739130435,0.0145,-0.0117310761419409));
#4589=CARTESIAN_POINT('',(0.0136521739130435,0.0125,-0.0117310761419409));
#4590=CARTESIAN_POINT('',(0.0117310761419409,0.0145,-0.0136521739130435));
#4591=CARTESIAN_POINT('',(0.0117310761419409,0.0125,-0.0136521739130435));
#4592=CARTESIAN_POINT('',(-0.0148802878958673,0.0145,-0.024891304347826));
#4593=CARTESIAN_POINT('',(-0.0148802878958673,0.0125,-0.024891304347826));
#4594=CARTESIAN_POINT('',(-0.0117310761419409,0.0145,-0.0136521739130435));
#4595=CARTESIAN_POINT('',(-0.0117310761419409,0.0125,-0.0136521739130435));
#4596=CARTESIAN_POINT('',(-0.024891304347826,0.0145,-0.0148802878958673));
#4597=CARTESIAN_POINT('',(-0.024891304347826,0.0125,-0.0148802878958673));
#4598=CARTESIAN_POINT('',(-0.0136521739130435,0.0145,-0.0117310761419409));
#4599=CARTESIAN_POINT('',(-0.0136521739130435,0.0125,-0.0117310761419409));
#4600=CARTESIAN_POINT('',(-0.0148802878958672,0.0145,0.0248913043478261));
#4601=CARTESIAN_POINT('',(-0.0148802878958672,0.0125,0.0248913043478261));
#4602=CARTESIAN_POINT('',(-0.0248913043478261,0.0145,0.0148802878958672));
#4603=CARTESIAN_POINT('',(-0.0248913043478261,0.0125,0.0148802878958672));
#4604=CARTESIAN_POINT('',(-0.0136521739130435,0.0145,0.0117310761419409));
#4605=CARTESIAN_POINT('',(-0.0136521739130435,0.0125,0.0117310761419409));
#4606=CARTESIAN_POINT('',(-0.0117310761419409,0.0145,0.0136521739130435));
#4607=CARTESIAN_POINT('',(-0.0117310761419409,0.0125,0.0136521739130435));
#4608=CARTESIAN_POINT('',(0.0148802878958673,0.0145,0.024891304347826));
#4609=CARTESIAN_POINT('',(0.0148802878958673,0.0125,0.024891304347826));
#4610=CARTESIAN_POINT('',(0.0117310761419409,0.0145,0.0136521739130435));
#4611=CARTESIAN_POINT('',(0.0117310761419409,0.0125,0.0136521739130435));
#4612=CARTESIAN_POINT('',(0.0136521739130435,0.0145,0.0117310761419409));
#4613=CARTESIAN_POINT('',(0.0136521739130435,0.0125,0.0117310761419409));
#4614=CARTESIAN_POINT('',(0.0248913043478261,0.0145,0.0148802878958672));
#4615=CARTESIAN_POINT('',(0.0248913043478261,0.0125,0.0148802878958672));
#4616=CARTESIAN_POINT('',(-0.003977391487233,0.032,0.0163101529943887));
#4617=CARTESIAN_POINT('',(0.003977391487233,0.032,0.0163101529943887));
#4618=CARTESIAN_POINT('',(0.0163101529943887,0.032,0.003977391487233));
#4619=CARTESIAN_POINT('',(0.0163101529943887,0.032,-0.003977391487233));
#4620=CARTESIAN_POINT('',(0.003977391487233,0.032,-0.0163101529943887));
#4621=CARTESIAN_POINT('',(-0.003977391487233,0.032,-0.0163101529943887));
#4622=CARTESIAN_POINT('',(-0.0163101529943887,0.032,-0.003977391487233));
#4623=CARTESIAN_POINT('',(-0.0163101529943887,0.032,0.003977391487233));
#4624=CARTESIAN_POINT('',(-0.0429999422162401,-0.005,7.04939714579987E-5));
#4625=CARTESIAN_POINT('',(-0.0377459346576075,0.012,0.00438684588555684));
#4626=CARTESIAN_POINT('',(-0.03835879525221,0.012,0.00145011268494369));
#4627=CARTESIAN_POINT('',(-0.027623138027398,0.012,0.026095253313952));
#4628=CARTESIAN_POINT('',(-0.0257674090748209,0.012,0.028452427481163));
#4629=CARTESIAN_POINT('',(-0.0276938315889451,-0.005,0.0328945541377771));
#4630=CARTESIAN_POINT('',(7.04939714580039E-5,-0.005,0.0429999422162401));
#4631=CARTESIAN_POINT('',(0.00438684588555684,0.012,0.0377459346576075));
#4632=CARTESIAN_POINT('',(0.0014501126849437,0.012,0.0383587952522099));
#4633=CARTESIAN_POINT('',(0.026095253313952,0.012,0.027623138027398));
#4634=CARTESIAN_POINT('',(0.028452427481163,0.012,0.0257674090748209));
#4635=CARTESIAN_POINT('',(0.0328945541377771,-0.005,0.027693831588945));
#4636=CARTESIAN_POINT('',(0.0276938315889451,-0.005,-0.0328945541377771));
#4637=CARTESIAN_POINT('',(0.0429999422162401,-0.005,-7.04939714580005E-5));
#4638=CARTESIAN_POINT('',(0.0377459346576075,0.012,-0.00438684588555684));
#4639=CARTESIAN_POINT('',(0.0383587952522099,0.012,-0.00145011268494369));
#4640=CARTESIAN_POINT('',(0.027623138027398,0.012,-0.026095253313952));
#4641=CARTESIAN_POINT('',(0.0257674090748209,0.012,-0.028452427481163));
#4642=CARTESIAN_POINT('',(-7.04939714580039E-5,-0.005,-0.0429999422162401));
#4643=CARTESIAN_POINT('',(-0.00438684588555684,0.012,-0.0377459346576075));
#4644=CARTESIAN_POINT('',(-0.0014501126849437,0.012,-0.03835879525221));
#4645=CARTESIAN_POINT('',(-0.026095253313952,0.012,-0.027623138027398));
#4646=CARTESIAN_POINT('',(-0.028452427481163,0.012,-0.0257674090748209));
#4647=CARTESIAN_POINT('',(-0.0328945541377771,-0.005,-0.0276938315889451));
#4648=CARTESIAN_POINT('',(-0.0181726442764942,0.011,0.0181726442764943));
#4649=CARTESIAN_POINT('',(-0.0196831629512105,0.011,0.016662125601778));
#4650=CARTESIAN_POINT('',(-0.0196831629512105,0.011,0.016662125601778));
#4651=CARTESIAN_POINT('',(-0.0181726442764942,0.011,0.0181726442764943));
#4652=CARTESIAN_POINT('',(-0.016662125601778,0.011,0.0196831629512106));
#4653=CARTESIAN_POINT('',(-0.016662125601778,0.011,0.0196831629512106));
#4654=CARTESIAN_POINT('',(-0.0191302747433736,0.011,0.0145987187192247));
#4655=CARTESIAN_POINT('',(-0.0185773865355367,0.011,0.0125353118366715));
#4656=CARTESIAN_POINT('',(-0.0185773865355367,0.011,0.0125353118366715));
#4657=CARTESIAN_POINT('',(-0.0191302747433736,0.011,0.0145987187192247));
#4658=CARTESIAN_POINT('',(-0.0165139796529834,0.011,0.0119824236288345));
#4659=CARTESIAN_POINT('',(-0.0144505727704301,0.011,0.0114295354209975));
#4660=CARTESIAN_POINT('',(-0.0144505727704301,0.011,0.0114295354209975));
#4661=CARTESIAN_POINT('',(-0.0165139796529834,0.011,0.0119824236288345));
#4662=CARTESIAN_POINT('',(-0.0129400540957138,0.011,0.0129400540957138));
#4663=CARTESIAN_POINT('',(-0.0114295354209975,0.011,0.0144505727704301));
#4664=CARTESIAN_POINT('',(-0.0114295354209975,0.011,0.0144505727704301));
#4665=CARTESIAN_POINT('',(-0.0129400540957138,0.011,0.0129400540957138));
#4666=CARTESIAN_POINT('',(-0.0119824236288345,0.011,0.0165139796529834));
#4667=CARTESIAN_POINT('',(-0.0125353118366714,0.011,0.0185773865355367));
#4668=CARTESIAN_POINT('',(-0.0125353118366714,0.011,0.0185773865355367));
#4669=CARTESIAN_POINT('',(-0.0119824236288345,0.011,0.0165139796529834));
#4670=CARTESIAN_POINT('',(-0.0145987187192247,0.011,0.0191302747433736));
#4671=CARTESIAN_POINT('',(-0.0145987187192247,0.011,0.0191302747433736));
#4672=CARTESIAN_POINT('',(0.0095,0.011,-6.93889390390723E-18));
#4673=CARTESIAN_POINT('',(0.0191302747433736,0.011,0.0145987187192247));
#4674=CARTESIAN_POINT('',(0.0196831629512105,0.011,0.016662125601778));
#4675=CARTESIAN_POINT('',(0.0196831629512105,0.011,0.016662125601778));
#4676=CARTESIAN_POINT('',(0.0191302747433736,0.011,0.0145987187192247));
#4677=CARTESIAN_POINT('',(0.0185773865355367,0.011,0.0125353118366715));
#4678=CARTESIAN_POINT('',(0.0185773865355367,0.011,0.0125353118366715));
#4679=CARTESIAN_POINT('',(0.0181726442764942,0.011,0.0181726442764943));
#4680=CARTESIAN_POINT('',(0.016662125601778,0.011,0.0196831629512106));
#4681=CARTESIAN_POINT('',(0.016662125601778,0.011,0.0196831629512106));
#4682=CARTESIAN_POINT('',(0.0181726442764942,0.011,0.0181726442764943));
#4683=CARTESIAN_POINT('',(0.0145987187192247,0.011,0.0191302747433736));
#4684=CARTESIAN_POINT('',(0.0125353118366714,0.011,0.0185773865355367));
#4685=CARTESIAN_POINT('',(0.0125353118366714,0.011,0.0185773865355367));
#4686=CARTESIAN_POINT('',(0.0145987187192247,0.011,0.0191302747433736));
#4687=CARTESIAN_POINT('',(0.0119824236288345,0.011,0.0165139796529834));
#4688=CARTESIAN_POINT('',(0.0114295354209975,0.011,0.0144505727704301));
#4689=CARTESIAN_POINT('',(0.0114295354209975,0.011,0.0144505727704301));
#4690=CARTESIAN_POINT('',(0.0119824236288345,0.011,0.0165139796529834));
#4691=CARTESIAN_POINT('',(0.0129400540957138,0.011,0.0129400540957138));
#4692=CARTESIAN_POINT('',(0.0144505727704301,0.011,0.0114295354209975));
#4693=CARTESIAN_POINT('',(0.0144505727704301,0.011,0.0114295354209975));
#4694=CARTESIAN_POINT('',(0.0129400540957138,0.011,0.0129400540957138));
#4695=CARTESIAN_POINT('',(0.0165139796529834,0.011,0.0119824236288345));
#4696=CARTESIAN_POINT('',(0.0165139796529834,0.011,0.0119824236288345));
#4697=CARTESIAN_POINT('',(0.0095,0.011,-6.93889390390723E-18));
#4698=CARTESIAN_POINT('',(0.0145987187192247,0.011,-0.0191302747433736));
#4699=CARTESIAN_POINT('',(0.016662125601778,0.011,-0.0196831629512105));
#4700=CARTESIAN_POINT('',(0.016662125601778,0.011,-0.0196831629512105));
#4701=CARTESIAN_POINT('',(0.0145987187192247,0.011,-0.0191302747433736));
#4702=CARTESIAN_POINT('',(0.0125353118366714,0.011,-0.0185773865355367));
#4703=CARTESIAN_POINT('',(0.0125353118366714,0.011,-0.0185773865355367));
#4704=CARTESIAN_POINT('',(0.0181726442764942,0.011,-0.0181726442764943));
#4705=CARTESIAN_POINT('',(0.0196831629512105,0.011,-0.016662125601778));
#4706=CARTESIAN_POINT('',(0.0196831629512105,0.011,-0.016662125601778));
#4707=CARTESIAN_POINT('',(0.0181726442764942,0.011,-0.0181726442764943));
#4708=CARTESIAN_POINT('',(0.0191302747433736,0.011,-0.0145987187192247));
#4709=CARTESIAN_POINT('',(0.0185773865355367,0.011,-0.0125353118366715));
#4710=CARTESIAN_POINT('',(0.0185773865355367,0.011,-0.0125353118366715));
#4711=CARTESIAN_POINT('',(0.0191302747433736,0.011,-0.0145987187192247));
#4712=CARTESIAN_POINT('',(0.0165139796529834,0.011,-0.0119824236288345));
#4713=CARTESIAN_POINT('',(0.0144505727704301,0.011,-0.0114295354209975));
#4714=CARTESIAN_POINT('',(0.0144505727704301,0.011,-0.0114295354209975));
#4715=CARTESIAN_POINT('',(0.0165139796529834,0.011,-0.0119824236288345));
#4716=CARTESIAN_POINT('',(0.0129400540957138,0.011,-0.0129400540957138));
#4717=CARTESIAN_POINT('',(0.0114295354209975,0.011,-0.0144505727704301));
#4718=CARTESIAN_POINT('',(0.0114295354209975,0.011,-0.0144505727704301));
#4719=CARTESIAN_POINT('',(0.0129400540957138,0.011,-0.0129400540957138));
#4720=CARTESIAN_POINT('',(0.0119824236288345,0.011,-0.0165139796529834));
#4721=CARTESIAN_POINT('',(0.0119824236288345,0.011,-0.0165139796529834));
#4722=CARTESIAN_POINT('',(0.0095,0.011,-6.93889390390723E-18));
#4723=CARTESIAN_POINT('',(-0.0129400540957138,0.011,-0.0129400540957138));
#4724=CARTESIAN_POINT('',(-0.0144505727704301,0.011,-0.0114295354209975));
#4725=CARTESIAN_POINT('',(-0.0144505727704301,0.011,-0.0114295354209975));
#4726=CARTESIAN_POINT('',(-0.0129400540957138,0.011,-0.0129400540957138));
#4727=CARTESIAN_POINT('',(-0.0114295354209975,0.011,-0.0144505727704301));
#4728=CARTESIAN_POINT('',(-0.0114295354209975,0.011,-0.0144505727704301));
#4729=CARTESIAN_POINT('',(-0.0165139796529834,0.011,-0.0119824236288345));
#4730=CARTESIAN_POINT('',(-0.0185773865355367,0.011,-0.0125353118366715));
#4731=CARTESIAN_POINT('',(-0.0185773865355367,0.011,-0.0125353118366715));
#4732=CARTESIAN_POINT('',(-0.0165139796529834,0.011,-0.0119824236288345));
#4733=CARTESIAN_POINT('',(-0.0191302747433736,0.011,-0.0145987187192247));
#4734=CARTESIAN_POINT('',(-0.0196831629512105,0.011,-0.016662125601778));
#4735=CARTESIAN_POINT('',(-0.0196831629512105,0.011,-0.016662125601778));
#4736=CARTESIAN_POINT('',(-0.0191302747433736,0.011,-0.0145987187192247));
#4737=CARTESIAN_POINT('',(-0.0181726442764942,0.011,-0.0181726442764943));
#4738=CARTESIAN_POINT('',(-0.016662125601778,0.011,-0.0196831629512106));
#4739=CARTESIAN_POINT('',(-0.016662125601778,0.011,-0.0196831629512106));
#4740=CARTESIAN_POINT('',(-0.0181726442764942,0.011,-0.0181726442764943));
#4741=CARTESIAN_POINT('',(-0.0145987187192247,0.011,-0.0191302747433736));
#4742=CARTESIAN_POINT('',(-0.0125353118366714,0.011,-0.0185773865355367));
#4743=CARTESIAN_POINT('',(-0.0125353118366714,0.011,-0.0185773865355367));
#4744=CARTESIAN_POINT('',(-0.0145987187192247,0.011,-0.0191302747433736));
#4745=CARTESIAN_POINT('',(-0.0119824236288345,0.011,-0.0165139796529834));
#4746=CARTESIAN_POINT('',(-0.0119824236288345,0.011,-0.0165139796529834));
#4747=CARTESIAN_POINT('',(0.0095,0.011,-6.93889390390723E-18));
#4748=CARTESIAN_POINT('',(0.0239116801222438,0.012,-0.0308096016483741));
#4749=CARTESIAN_POINT('',(-0.0389716558468124,0.012,-0.00148662051566944));
#4750=CARTESIAN_POINT('',(0.00148662051566938,0.012,-0.0389716558468125));
#4751=CARTESIAN_POINT('',(-0.0308096016483741,0.012,-0.0239116801222438));
#4752=CARTESIAN_POINT('',(-0.0239116801222438,0.012,0.0308096016483741));
#4753=CARTESIAN_POINT('',(-0.00148662051566944,0.012,0.0389716558468124));
#4754=CARTESIAN_POINT('',(0.0389716558468124,0.012,0.00148662051566944));
#4755=CARTESIAN_POINT('',(0.0308096016483741,0.012,0.0239116801222437));
#4756=CARTESIAN_POINT('',(0.,0.0125,-6.93889390390723E-18));
#4757=CARTESIAN_POINT('',(0.,0.0125,-6.93889390390723E-18));
#4758=CARTESIAN_POINT('',(0.,0.0125,-6.93889390390723E-18));
#4759=CARTESIAN_POINT('',(0.,0.0125,-6.93889390390723E-18));
#4760=MECHANICAL_DESIGN_GEOMETRIC_PRESENTATION_REPRESENTATION('',(#2693),
#4761);
#4761=(
GEOMETRIC_REPRESENTATION_CONTEXT(3)
GLOBAL_UNCERTAINTY_ASSIGNED_CONTEXT((#4762))
GLOBAL_UNIT_ASSIGNED_CONTEXT((#4765,#4764,#4763))
REPRESENTATION_CONTEXT('PG2 Carriage Male','TOP_LEVEL_ASSEMBLY_PART')
);
#4762=UNCERTAINTY_MEASURE_WITH_UNIT(LENGTH_MEASURE(1.E-8),#4765,
'DISTANCE_ACCURACY_VALUE','Maximum Tolerance applied to model');
#4763=(
NAMED_UNIT(*)
SI_UNIT($,.STERADIAN.)
SOLID_ANGLE_UNIT()
);
#4764=(
NAMED_UNIT(*)
PLANE_ANGLE_UNIT()
SI_UNIT($,.RADIAN.)
);
#4765=(
LENGTH_UNIT()
NAMED_UNIT(*)
SI_UNIT($,.METRE.)
);
#4766=PRODUCT_DEFINITION_SHAPE('','',#4767);
#4767=PRODUCT_DEFINITION('','',#4769,#4768);
#4768=PRODUCT_DEFINITION_CONTEXT('',#4775,'design');
#4769=PRODUCT_DEFINITION_FORMATION_WITH_SPECIFIED_SOURCE('','',#4771,
 .NOT_KNOWN.);
#4770=PRODUCT_RELATED_PRODUCT_CATEGORY('','',(#4771));
#4771=PRODUCT('PG2 Carriage Male','PG2 Carriage Male',
'PG2 Carriage Male',(#4773));
#4772=PRODUCT_CATEGORY('','');
#4773=PRODUCT_CONTEXT('',#4775,'mechanical');
#4774=APPLICATION_PROTOCOL_DEFINITION('international standard',
'ap242_managed_model_based_3d_engineering',2020,#4775);
#4775=APPLICATION_CONTEXT('managed model based 3d engineering');
ENDSEC;
END-ISO-10303-21;
