ISO-10303-21;
HEADER;
/* Generated by software containing ST-Developer
 * from STEP Tools, Inc. (www.steptools.com) 
 */
/* OPTION: using custom renumber hook */

FILE_DESCRIPTION(
/* description */ ('STEP AP242 Edition 2',
'CAx-IF Rec.Pracs.---Representation and Presentation of Product Manufa
cturing Information (PMI)---4.0---2014-10-13',
'CAx-IF Rec.Pracs.---3D Tessellated Geometry---0.4---2014-09-14','2;1',
'CAx-IF Rec.Pracs.---User Defined Attributes---1.5---2016-08-15'),
/* implementation_level */ '2;1');

FILE_NAME(
/* name */ 'Assembly 1 - Output Female',
/* time_stamp */ '2026-06-22T21:33:30Z',
/* author */ (''),
/* organization */ (''),
/* preprocessor_version */ 'ST-DEVELOPER v20',
/* originating_system */ 'ONSHAPE BY PTC INC, 1.216',
/* authorisation */ '  ');

FILE_SCHEMA (('AP242_MANAGED_MODEL_BASED_3D_ENGINEERING_MIM_LF { 1 0 10303 442 3 1 4 }'));
ENDSEC;

DATA;
#10=SHAPE_REPRESENTATION_RELATIONSHIP('','',#1745,#11);
#11=ADVANCED_BREP_SHAPE_REPRESENTATION('',(#1743),#3047);
#12=CONICAL_SURFACE('',#1934,0.035,0.785398163397449);
#13=CONICAL_SURFACE('',#1935,0.034,0.785398163397449);
#14=CYLINDRICAL_SURFACE('',#1773,0.00215);
#15=CYLINDRICAL_SURFACE('',#1776,0.00215);
#16=CYLINDRICAL_SURFACE('',#1779,0.00215);
#17=CYLINDRICAL_SURFACE('',#1782,0.00215);
#18=CYLINDRICAL_SURFACE('',#1785,0.029);
#19=CYLINDRICAL_SURFACE('',#1845,0.0012);
#20=CYLINDRICAL_SURFACE('',#1846,0.012);
#21=CYLINDRICAL_SURFACE('',#1855,0.012);
#22=CYLINDRICAL_SURFACE('',#1856,0.015);
#23=CYLINDRICAL_SURFACE('',#1857,0.007);
#24=CYLINDRICAL_SURFACE('',#1858,0.007);
#25=CYLINDRICAL_SURFACE('',#1859,0.0012);
#26=CYLINDRICAL_SURFACE('',#1860,0.000850625966921321);
#27=CYLINDRICAL_SURFACE('',#1861,0.00085062596692132);
#28=CYLINDRICAL_SURFACE('',#1862,0.029);
#29=CYLINDRICAL_SURFACE('',#1864,0.0012);
#30=CYLINDRICAL_SURFACE('',#1865,0.015);
#31=CYLINDRICAL_SURFACE('',#1867,0.012);
#32=CYLINDRICAL_SURFACE('',#1869,0.012);
#33=CYLINDRICAL_SURFACE('',#1876,0.007);
#34=CYLINDRICAL_SURFACE('',#1877,0.0012);
#35=CYLINDRICAL_SURFACE('',#1878,0.00085062596692132);
#36=CYLINDRICAL_SURFACE('',#1879,0.00085062596692132);
#37=CYLINDRICAL_SURFACE('',#1880,0.029);
#38=CYLINDRICAL_SURFACE('',#1882,0.0012);
#39=CYLINDRICAL_SURFACE('',#1883,0.012);
#40=CYLINDRICAL_SURFACE('',#1892,0.012);
#41=CYLINDRICAL_SURFACE('',#1893,0.015);
#42=CYLINDRICAL_SURFACE('',#1894,0.007);
#43=CYLINDRICAL_SURFACE('',#1895,0.0012);
#44=CYLINDRICAL_SURFACE('',#1896,0.000850625966921321);
#45=CYLINDRICAL_SURFACE('',#1897,0.00085062596692132);
#46=CYLINDRICAL_SURFACE('',#1898,0.029);
#47=CYLINDRICAL_SURFACE('',#1900,0.0012);
#48=CYLINDRICAL_SURFACE('',#1901,0.012);
#49=CYLINDRICAL_SURFACE('',#1910,0.012);
#50=CYLINDRICAL_SURFACE('',#1911,0.015);
#51=CYLINDRICAL_SURFACE('',#1912,0.0012);
#52=CYLINDRICAL_SURFACE('',#1913,0.00085062596692132);
#53=CYLINDRICAL_SURFACE('',#1914,0.00085062596692132);
#54=CYLINDRICAL_SURFACE('',#1915,0.002);
#55=CYLINDRICAL_SURFACE('',#1916,0.002);
#56=CYLINDRICAL_SURFACE('',#1917,0.002);
#57=CYLINDRICAL_SURFACE('',#1918,0.002);
#58=CYLINDRICAL_SURFACE('',#1919,0.002);
#59=CYLINDRICAL_SURFACE('',#1920,0.002);
#60=CYLINDRICAL_SURFACE('',#1921,0.002);
#61=CYLINDRICAL_SURFACE('',#1922,0.002);
#62=CYLINDRICAL_SURFACE('',#1923,0.002);
#63=CYLINDRICAL_SURFACE('',#1924,0.002);
#64=CYLINDRICAL_SURFACE('',#1925,0.002);
#65=CYLINDRICAL_SURFACE('',#1926,0.002);
#66=CYLINDRICAL_SURFACE('',#1927,0.002);
#67=CYLINDRICAL_SURFACE('',#1928,0.002);
#68=CYLINDRICAL_SURFACE('',#1929,0.002);
#69=CYLINDRICAL_SURFACE('',#1930,0.002);
#70=CYLINDRICAL_SURFACE('',#1931,0.035);
#71=CIRCLE('',#1748,0.034);
#72=CIRCLE('',#1749,0.00085062596692132);
#73=CIRCLE('',#1750,0.007);
#74=CIRCLE('',#1751,0.00085062596692132);
#75=CIRCLE('',#1752,0.0012);
#76=CIRCLE('',#1753,0.015);
#77=CIRCLE('',#1754,0.0012);
#78=CIRCLE('',#1755,0.00085062596692132);
#79=CIRCLE('',#1756,0.007);
#80=CIRCLE('',#1757,0.000850625966921321);
#81=CIRCLE('',#1758,0.0012);
#82=CIRCLE('',#1759,0.015);
#83=CIRCLE('',#1760,0.0012);
#84=CIRCLE('',#1761,0.00085062596692132);
#85=CIRCLE('',#1762,0.007);
#86=CIRCLE('',#1763,0.00085062596692132);
#87=CIRCLE('',#1764,0.0012);
#88=CIRCLE('',#1765,0.015);
#89=CIRCLE('',#1766,0.0012);
#90=CIRCLE('',#1767,0.00085062596692132);
#91=CIRCLE('',#1768,0.007);
#92=CIRCLE('',#1769,0.000850625966921321);
#93=CIRCLE('',#1770,0.0012);
#94=CIRCLE('',#1771,0.015);
#95=CIRCLE('',#1772,0.0012);
#96=CIRCLE('',#1774,0.00215);
#97=CIRCLE('',#1775,0.00215);
#98=CIRCLE('',#1777,0.00215);
#99=CIRCLE('',#1778,0.00215);
#100=CIRCLE('',#1780,0.00215);
#101=CIRCLE('',#1781,0.00215);
#102=CIRCLE('',#1783,0.00215);
#103=CIRCLE('',#1784,0.00215);
#104=CIRCLE('',#1786,0.029);
#105=CIRCLE('',#1787,0.029);
#106=CIRCLE('',#1789,0.034);
#107=CIRCLE('',#1790,0.0012);
#108=CIRCLE('',#1791,0.015);
#109=CIRCLE('',#1792,0.002);
#110=CIRCLE('',#1793,0.012);
#111=CIRCLE('',#1794,0.002);
#112=CIRCLE('',#1795,0.002);
#113=CIRCLE('',#1796,0.012);
#114=CIRCLE('',#1797,0.002);
#115=CIRCLE('',#1798,0.015);
#116=CIRCLE('',#1799,0.0012);
#117=CIRCLE('',#1800,0.000850625966921321);
#118=CIRCLE('',#1801,0.007);
#119=CIRCLE('',#1802,0.00085062596692132);
#120=CIRCLE('',#1803,0.0012);
#121=CIRCLE('',#1804,0.015);
#122=CIRCLE('',#1805,0.002);
#123=CIRCLE('',#1806,0.012);
#124=CIRCLE('',#1807,0.002);
#125=CIRCLE('',#1808,0.029);
#126=CIRCLE('',#1809,0.002);
#127=CIRCLE('',#1810,0.012);
#128=CIRCLE('',#1811,0.002);
#129=CIRCLE('',#1812,0.015);
#130=CIRCLE('',#1813,0.0012);
#131=CIRCLE('',#1814,0.00085062596692132);
#132=CIRCLE('',#1815,0.007);
#133=CIRCLE('',#1816,0.00085062596692132);
#134=CIRCLE('',#1817,0.0012);
#135=CIRCLE('',#1818,0.015);
#136=CIRCLE('',#1819,0.002);
#137=CIRCLE('',#1820,0.012);
#138=CIRCLE('',#1821,0.002);
#139=CIRCLE('',#1822,0.029);
#140=CIRCLE('',#1823,0.002);
#141=CIRCLE('',#1824,0.012);
#142=CIRCLE('',#1825,0.002);
#143=CIRCLE('',#1826,0.015);
#144=CIRCLE('',#1827,0.0012);
#145=CIRCLE('',#1828,0.000850625966921321);
#146=CIRCLE('',#1829,0.007);
#147=CIRCLE('',#1830,0.00085062596692132);
#148=CIRCLE('',#1831,0.0012);
#149=CIRCLE('',#1832,0.015);
#150=CIRCLE('',#1833,0.002);
#151=CIRCLE('',#1834,0.012);
#152=CIRCLE('',#1835,0.002);
#153=CIRCLE('',#1836,0.029);
#154=CIRCLE('',#1837,0.002);
#155=CIRCLE('',#1838,0.012);
#156=CIRCLE('',#1839,0.002);
#157=CIRCLE('',#1840,0.015);
#158=CIRCLE('',#1841,0.0012);
#159=CIRCLE('',#1842,0.00085062596692132);
#160=CIRCLE('',#1843,0.007);
#161=CIRCLE('',#1844,0.00085062596692132);
#162=CIRCLE('',#1847,0.012);
#163=CIRCLE('',#1849,0.002);
#164=CIRCLE('',#1850,0.002);
#165=CIRCLE('',#1851,0.015);
#166=CIRCLE('',#1852,0.002);
#167=CIRCLE('',#1853,0.012);
#168=CIRCLE('',#1854,0.002);
#169=CIRCLE('',#1863,0.029);
#170=CIRCLE('',#1866,0.015);
#171=CIRCLE('',#1868,0.012);
#172=CIRCLE('',#1870,0.012);
#173=CIRCLE('',#1872,0.002);
#174=CIRCLE('',#1873,0.002);
#175=CIRCLE('',#1874,0.002);
#176=CIRCLE('',#1875,0.002);
#177=CIRCLE('',#1881,0.029);
#178=CIRCLE('',#1884,0.012);
#179=CIRCLE('',#1886,0.002);
#180=CIRCLE('',#1887,0.002);
#181=CIRCLE('',#1888,0.015);
#182=CIRCLE('',#1889,0.002);
#183=CIRCLE('',#1890,0.012);
#184=CIRCLE('',#1891,0.002);
#185=CIRCLE('',#1899,0.029);
#186=CIRCLE('',#1902,0.012);
#187=CIRCLE('',#1904,0.002);
#188=CIRCLE('',#1905,0.002);
#189=CIRCLE('',#1906,0.015);
#190=CIRCLE('',#1907,0.002);
#191=CIRCLE('',#1908,0.012);
#192=CIRCLE('',#1909,0.002);
#193=CIRCLE('',#1932,0.035);
#194=CIRCLE('',#1933,0.035);
#195=ORIENTED_EDGE('',*,*,#699,.T.);
#196=ORIENTED_EDGE('',*,*,#700,.T.);
#197=ORIENTED_EDGE('',*,*,#701,.T.);
#198=ORIENTED_EDGE('',*,*,#702,.T.);
#199=ORIENTED_EDGE('',*,*,#703,.T.);
#200=ORIENTED_EDGE('',*,*,#704,.T.);
#201=ORIENTED_EDGE('',*,*,#705,.F.);
#202=ORIENTED_EDGE('',*,*,#706,.F.);
#203=ORIENTED_EDGE('',*,*,#707,.F.);
#204=ORIENTED_EDGE('',*,*,#708,.F.);
#205=ORIENTED_EDGE('',*,*,#709,.F.);
#206=ORIENTED_EDGE('',*,*,#710,.F.);
#207=ORIENTED_EDGE('',*,*,#711,.T.);
#208=ORIENTED_EDGE('',*,*,#712,.T.);
#209=ORIENTED_EDGE('',*,*,#713,.T.);
#210=ORIENTED_EDGE('',*,*,#714,.F.);
#211=ORIENTED_EDGE('',*,*,#715,.F.);
#212=ORIENTED_EDGE('',*,*,#716,.T.);
#213=ORIENTED_EDGE('',*,*,#717,.F.);
#214=ORIENTED_EDGE('',*,*,#718,.T.);
#215=ORIENTED_EDGE('',*,*,#719,.T.);
#216=ORIENTED_EDGE('',*,*,#720,.F.);
#217=ORIENTED_EDGE('',*,*,#721,.F.);
#218=ORIENTED_EDGE('',*,*,#722,.T.);
#219=ORIENTED_EDGE('',*,*,#723,.F.);
#220=ORIENTED_EDGE('',*,*,#724,.T.);
#221=ORIENTED_EDGE('',*,*,#725,.T.);
#222=ORIENTED_EDGE('',*,*,#726,.F.);
#223=ORIENTED_EDGE('',*,*,#727,.F.);
#224=ORIENTED_EDGE('',*,*,#728,.T.);
#225=ORIENTED_EDGE('',*,*,#729,.F.);
#226=ORIENTED_EDGE('',*,*,#730,.T.);
#227=ORIENTED_EDGE('',*,*,#731,.T.);
#228=ORIENTED_EDGE('',*,*,#732,.F.);
#229=ORIENTED_EDGE('',*,*,#733,.F.);
#230=ORIENTED_EDGE('',*,*,#734,.T.);
#231=ORIENTED_EDGE('',*,*,#735,.F.);
#232=ORIENTED_EDGE('',*,*,#736,.F.);
#233=ORIENTED_EDGE('',*,*,#737,.F.);
#234=ORIENTED_EDGE('',*,*,#738,.F.);
#235=ORIENTED_EDGE('',*,*,#739,.F.);
#236=ORIENTED_EDGE('',*,*,#740,.F.);
#237=ORIENTED_EDGE('',*,*,#741,.F.);
#238=ORIENTED_EDGE('',*,*,#742,.T.);
#239=ORIENTED_EDGE('',*,*,#743,.T.);
#240=ORIENTED_EDGE('',*,*,#744,.T.);
#241=ORIENTED_EDGE('',*,*,#745,.T.);
#242=ORIENTED_EDGE('',*,*,#746,.T.);
#243=ORIENTED_EDGE('',*,*,#747,.T.);
#244=ORIENTED_EDGE('',*,*,#748,.T.);
#245=ORIENTED_EDGE('',*,*,#749,.T.);
#246=ORIENTED_EDGE('',*,*,#750,.T.);
#247=ORIENTED_EDGE('',*,*,#751,.T.);
#248=ORIENTED_EDGE('',*,*,#752,.T.);
#249=ORIENTED_EDGE('',*,*,#753,.T.);
#250=ORIENTED_EDGE('',*,*,#754,.T.);
#251=ORIENTED_EDGE('',*,*,#755,.T.);
#252=ORIENTED_EDGE('',*,*,#756,.T.);
#253=ORIENTED_EDGE('',*,*,#757,.F.);
#254=ORIENTED_EDGE('',*,*,#758,.F.);
#255=ORIENTED_EDGE('',*,*,#759,.F.);
#256=ORIENTED_EDGE('',*,*,#760,.T.);
#257=ORIENTED_EDGE('',*,*,#761,.F.);
#258=ORIENTED_EDGE('',*,*,#762,.F.);
#259=ORIENTED_EDGE('',*,*,#763,.F.);
#260=ORIENTED_EDGE('',*,*,#764,.F.);
#261=ORIENTED_EDGE('',*,*,#765,.F.);
#262=ORIENTED_EDGE('',*,*,#756,.F.);
#263=ORIENTED_EDGE('',*,*,#766,.F.);
#264=ORIENTED_EDGE('',*,*,#767,.F.);
#265=ORIENTED_EDGE('',*,*,#768,.F.);
#266=ORIENTED_EDGE('',*,*,#769,.F.);
#267=ORIENTED_EDGE('',*,*,#770,.F.);
#268=ORIENTED_EDGE('',*,*,#771,.T.);
#269=ORIENTED_EDGE('',*,*,#772,.F.);
#270=ORIENTED_EDGE('',*,*,#773,.F.);
#271=ORIENTED_EDGE('',*,*,#774,.F.);
#272=ORIENTED_EDGE('',*,*,#775,.F.);
#273=ORIENTED_EDGE('',*,*,#776,.F.);
#274=ORIENTED_EDGE('',*,*,#777,.F.);
#275=ORIENTED_EDGE('',*,*,#778,.F.);
#276=ORIENTED_EDGE('',*,*,#779,.F.);
#277=ORIENTED_EDGE('',*,*,#780,.F.);
#278=ORIENTED_EDGE('',*,*,#781,.F.);
#279=ORIENTED_EDGE('',*,*,#782,.F.);
#280=ORIENTED_EDGE('',*,*,#783,.F.);
#281=ORIENTED_EDGE('',*,*,#784,.F.);
#282=ORIENTED_EDGE('',*,*,#785,.T.);
#283=ORIENTED_EDGE('',*,*,#786,.F.);
#284=ORIENTED_EDGE('',*,*,#787,.F.);
#285=ORIENTED_EDGE('',*,*,#788,.F.);
#286=ORIENTED_EDGE('',*,*,#789,.F.);
#287=ORIENTED_EDGE('',*,*,#790,.F.);
#288=ORIENTED_EDGE('',*,*,#791,.F.);
#289=ORIENTED_EDGE('',*,*,#792,.F.);
#290=ORIENTED_EDGE('',*,*,#793,.F.);
#291=ORIENTED_EDGE('',*,*,#794,.F.);
#292=ORIENTED_EDGE('',*,*,#795,.F.);
#293=ORIENTED_EDGE('',*,*,#796,.F.);
#294=ORIENTED_EDGE('',*,*,#797,.F.);
#295=ORIENTED_EDGE('',*,*,#798,.F.);
#296=ORIENTED_EDGE('',*,*,#799,.T.);
#297=ORIENTED_EDGE('',*,*,#800,.F.);
#298=ORIENTED_EDGE('',*,*,#801,.F.);
#299=ORIENTED_EDGE('',*,*,#802,.F.);
#300=ORIENTED_EDGE('',*,*,#803,.F.);
#301=ORIENTED_EDGE('',*,*,#804,.F.);
#302=ORIENTED_EDGE('',*,*,#805,.F.);
#303=ORIENTED_EDGE('',*,*,#806,.F.);
#304=ORIENTED_EDGE('',*,*,#807,.F.);
#305=ORIENTED_EDGE('',*,*,#808,.F.);
#306=ORIENTED_EDGE('',*,*,#809,.F.);
#307=ORIENTED_EDGE('',*,*,#810,.F.);
#308=ORIENTED_EDGE('',*,*,#811,.F.);
#309=ORIENTED_EDGE('',*,*,#812,.F.);
#310=ORIENTED_EDGE('',*,*,#813,.T.);
#311=ORIENTED_EDGE('',*,*,#814,.F.);
#312=ORIENTED_EDGE('',*,*,#815,.F.);
#313=ORIENTED_EDGE('',*,*,#770,.T.);
#314=ORIENTED_EDGE('',*,*,#816,.T.);
#315=ORIENTED_EDGE('',*,*,#733,.T.);
#316=ORIENTED_EDGE('',*,*,#817,.F.);
#317=ORIENTED_EDGE('',*,*,#764,.T.);
#318=ORIENTED_EDGE('',*,*,#818,.F.);
#319=ORIENTED_EDGE('',*,*,#819,.F.);
#320=ORIENTED_EDGE('',*,*,#820,.F.);
#321=ORIENTED_EDGE('',*,*,#748,.F.);
#322=ORIENTED_EDGE('',*,*,#758,.T.);
#323=ORIENTED_EDGE('',*,*,#821,.F.);
#324=ORIENTED_EDGE('',*,*,#819,.T.);
#325=ORIENTED_EDGE('',*,*,#822,.F.);
#326=ORIENTED_EDGE('',*,*,#823,.F.);
#327=ORIENTED_EDGE('',*,*,#824,.F.);
#328=ORIENTED_EDGE('',*,*,#825,.T.);
#329=ORIENTED_EDGE('',*,*,#826,.F.);
#330=ORIENTED_EDGE('',*,*,#825,.F.);
#331=ORIENTED_EDGE('',*,*,#827,.F.);
#332=ORIENTED_EDGE('',*,*,#767,.T.);
#333=ORIENTED_EDGE('',*,*,#828,.F.);
#334=ORIENTED_EDGE('',*,*,#823,.T.);
#335=ORIENTED_EDGE('',*,*,#829,.F.);
#336=ORIENTED_EDGE('',*,*,#762,.T.);
#337=ORIENTED_EDGE('',*,*,#830,.F.);
#338=ORIENTED_EDGE('',*,*,#734,.F.);
#339=ORIENTED_EDGE('',*,*,#816,.F.);
#340=ORIENTED_EDGE('',*,*,#769,.T.);
#341=ORIENTED_EDGE('',*,*,#831,.F.);
#342=ORIENTED_EDGE('',*,*,#814,.T.);
#343=ORIENTED_EDGE('',*,*,#832,.F.);
#344=ORIENTED_EDGE('',*,*,#713,.F.);
#345=ORIENTED_EDGE('',*,*,#833,.F.);
#346=ORIENTED_EDGE('',*,*,#834,.F.);
#347=ORIENTED_EDGE('',*,*,#731,.F.);
#348=ORIENTED_EDGE('',*,*,#835,.F.);
#349=ORIENTED_EDGE('',*,*,#772,.T.);
#350=ORIENTED_EDGE('',*,*,#836,.T.);
#351=ORIENTED_EDGE('',*,*,#735,.T.);
#352=ORIENTED_EDGE('',*,*,#830,.T.);
#353=ORIENTED_EDGE('',*,*,#761,.T.);
#354=ORIENTED_EDGE('',*,*,#771,.F.);
#355=ORIENTED_EDGE('',*,*,#817,.T.);
#356=ORIENTED_EDGE('',*,*,#732,.T.);
#357=ORIENTED_EDGE('',*,*,#834,.T.);
#358=ORIENTED_EDGE('',*,*,#836,.F.);
#359=ORIENTED_EDGE('',*,*,#815,.T.);
#360=ORIENTED_EDGE('',*,*,#833,.T.);
#361=ORIENTED_EDGE('',*,*,#712,.F.);
#362=ORIENTED_EDGE('',*,*,#837,.F.);
#363=ORIENTED_EDGE('',*,*,#838,.F.);
#364=ORIENTED_EDGE('',*,*,#779,.T.);
#365=ORIENTED_EDGE('',*,*,#839,.F.);
#366=ORIENTED_EDGE('',*,*,#784,.T.);
#367=ORIENTED_EDGE('',*,*,#840,.T.);
#368=ORIENTED_EDGE('',*,*,#727,.T.);
#369=ORIENTED_EDGE('',*,*,#841,.F.);
#370=ORIENTED_EDGE('',*,*,#842,.T.);
#371=ORIENTED_EDGE('',*,*,#843,.F.);
#372=ORIENTED_EDGE('',*,*,#775,.T.);
#373=ORIENTED_EDGE('',*,*,#844,.F.);
#374=ORIENTED_EDGE('',*,*,#728,.F.);
#375=ORIENTED_EDGE('',*,*,#840,.F.);
#376=ORIENTED_EDGE('',*,*,#783,.T.);
#377=ORIENTED_EDGE('',*,*,#845,.F.);
#378=ORIENTED_EDGE('',*,*,#777,.T.);
#379=ORIENTED_EDGE('',*,*,#846,.F.);
#380=ORIENTED_EDGE('',*,*,#847,.F.);
#381=ORIENTED_EDGE('',*,*,#848,.F.);
#382=ORIENTED_EDGE('',*,*,#849,.F.);
#383=ORIENTED_EDGE('',*,*,#850,.F.);
#384=ORIENTED_EDGE('',*,*,#781,.T.);
#385=ORIENTED_EDGE('',*,*,#851,.F.);
#386=ORIENTED_EDGE('',*,*,#754,.F.);
#387=ORIENTED_EDGE('',*,*,#847,.T.);
#388=ORIENTED_EDGE('',*,*,#852,.F.);
#389=ORIENTED_EDGE('',*,*,#842,.F.);
#390=ORIENTED_EDGE('',*,*,#853,.F.);
#391=ORIENTED_EDGE('',*,*,#849,.T.);
#392=ORIENTED_EDGE('',*,*,#854,.F.);
#393=ORIENTED_EDGE('',*,*,#837,.T.);
#394=ORIENTED_EDGE('',*,*,#855,.F.);
#395=ORIENTED_EDGE('',*,*,#856,.F.);
#396=ORIENTED_EDGE('',*,*,#725,.F.);
#397=ORIENTED_EDGE('',*,*,#857,.F.);
#398=ORIENTED_EDGE('',*,*,#786,.T.);
#399=ORIENTED_EDGE('',*,*,#858,.T.);
#400=ORIENTED_EDGE('',*,*,#729,.T.);
#401=ORIENTED_EDGE('',*,*,#844,.T.);
#402=ORIENTED_EDGE('',*,*,#774,.T.);
#403=ORIENTED_EDGE('',*,*,#858,.F.);
#404=ORIENTED_EDGE('',*,*,#773,.T.);
#405=ORIENTED_EDGE('',*,*,#835,.T.);
#406=ORIENTED_EDGE('',*,*,#730,.F.);
#407=ORIENTED_EDGE('',*,*,#785,.F.);
#408=ORIENTED_EDGE('',*,*,#841,.T.);
#409=ORIENTED_EDGE('',*,*,#726,.T.);
#410=ORIENTED_EDGE('',*,*,#856,.T.);
#411=ORIENTED_EDGE('',*,*,#793,.T.);
#412=ORIENTED_EDGE('',*,*,#859,.F.);
#413=ORIENTED_EDGE('',*,*,#860,.F.);
#414=ORIENTED_EDGE('',*,*,#861,.F.);
#415=ORIENTED_EDGE('',*,*,#798,.T.);
#416=ORIENTED_EDGE('',*,*,#862,.T.);
#417=ORIENTED_EDGE('',*,*,#721,.T.);
#418=ORIENTED_EDGE('',*,*,#863,.F.);
#419=ORIENTED_EDGE('',*,*,#791,.T.);
#420=ORIENTED_EDGE('',*,*,#864,.F.);
#421=ORIENTED_EDGE('',*,*,#865,.F.);
#422=ORIENTED_EDGE('',*,*,#866,.F.);
#423=ORIENTED_EDGE('',*,*,#752,.F.);
#424=ORIENTED_EDGE('',*,*,#860,.T.);
#425=ORIENTED_EDGE('',*,*,#867,.F.);
#426=ORIENTED_EDGE('',*,*,#865,.T.);
#427=ORIENTED_EDGE('',*,*,#868,.F.);
#428=ORIENTED_EDGE('',*,*,#869,.F.);
#429=ORIENTED_EDGE('',*,*,#870,.F.);
#430=ORIENTED_EDGE('',*,*,#871,.T.);
#431=ORIENTED_EDGE('',*,*,#872,.F.);
#432=ORIENTED_EDGE('',*,*,#871,.F.);
#433=ORIENTED_EDGE('',*,*,#873,.F.);
#434=ORIENTED_EDGE('',*,*,#795,.T.);
#435=ORIENTED_EDGE('',*,*,#874,.F.);
#436=ORIENTED_EDGE('',*,*,#789,.T.);
#437=ORIENTED_EDGE('',*,*,#875,.F.);
#438=ORIENTED_EDGE('',*,*,#722,.F.);
#439=ORIENTED_EDGE('',*,*,#862,.F.);
#440=ORIENTED_EDGE('',*,*,#797,.T.);
#441=ORIENTED_EDGE('',*,*,#876,.F.);
#442=ORIENTED_EDGE('',*,*,#869,.T.);
#443=ORIENTED_EDGE('',*,*,#877,.F.);
#444=ORIENTED_EDGE('',*,*,#878,.F.);
#445=ORIENTED_EDGE('',*,*,#719,.F.);
#446=ORIENTED_EDGE('',*,*,#879,.F.);
#447=ORIENTED_EDGE('',*,*,#800,.T.);
#448=ORIENTED_EDGE('',*,*,#880,.T.);
#449=ORIENTED_EDGE('',*,*,#723,.T.);
#450=ORIENTED_EDGE('',*,*,#875,.T.);
#451=ORIENTED_EDGE('',*,*,#788,.T.);
#452=ORIENTED_EDGE('',*,*,#799,.F.);
#453=ORIENTED_EDGE('',*,*,#863,.T.);
#454=ORIENTED_EDGE('',*,*,#720,.T.);
#455=ORIENTED_EDGE('',*,*,#878,.T.);
#456=ORIENTED_EDGE('',*,*,#880,.F.);
#457=ORIENTED_EDGE('',*,*,#787,.T.);
#458=ORIENTED_EDGE('',*,*,#857,.T.);
#459=ORIENTED_EDGE('',*,*,#724,.F.);
#460=ORIENTED_EDGE('',*,*,#807,.T.);
#461=ORIENTED_EDGE('',*,*,#881,.F.);
#462=ORIENTED_EDGE('',*,*,#882,.F.);
#463=ORIENTED_EDGE('',*,*,#883,.F.);
#464=ORIENTED_EDGE('',*,*,#812,.T.);
#465=ORIENTED_EDGE('',*,*,#884,.T.);
#466=ORIENTED_EDGE('',*,*,#715,.T.);
#467=ORIENTED_EDGE('',*,*,#885,.F.);
#468=ORIENTED_EDGE('',*,*,#805,.T.);
#469=ORIENTED_EDGE('',*,*,#886,.F.);
#470=ORIENTED_EDGE('',*,*,#887,.F.);
#471=ORIENTED_EDGE('',*,*,#888,.F.);
#472=ORIENTED_EDGE('',*,*,#750,.F.);
#473=ORIENTED_EDGE('',*,*,#882,.T.);
#474=ORIENTED_EDGE('',*,*,#889,.F.);
#475=ORIENTED_EDGE('',*,*,#887,.T.);
#476=ORIENTED_EDGE('',*,*,#890,.F.);
#477=ORIENTED_EDGE('',*,*,#891,.F.);
#478=ORIENTED_EDGE('',*,*,#892,.F.);
#479=ORIENTED_EDGE('',*,*,#893,.T.);
#480=ORIENTED_EDGE('',*,*,#894,.F.);
#481=ORIENTED_EDGE('',*,*,#893,.F.);
#482=ORIENTED_EDGE('',*,*,#895,.F.);
#483=ORIENTED_EDGE('',*,*,#809,.T.);
#484=ORIENTED_EDGE('',*,*,#896,.F.);
#485=ORIENTED_EDGE('',*,*,#803,.T.);
#486=ORIENTED_EDGE('',*,*,#897,.F.);
#487=ORIENTED_EDGE('',*,*,#716,.F.);
#488=ORIENTED_EDGE('',*,*,#884,.F.);
#489=ORIENTED_EDGE('',*,*,#811,.T.);
#490=ORIENTED_EDGE('',*,*,#898,.F.);
#491=ORIENTED_EDGE('',*,*,#891,.T.);
#492=ORIENTED_EDGE('',*,*,#899,.F.);
#493=ORIENTED_EDGE('',*,*,#900,.T.);
#494=ORIENTED_EDGE('',*,*,#717,.T.);
#495=ORIENTED_EDGE('',*,*,#897,.T.);
#496=ORIENTED_EDGE('',*,*,#802,.T.);
#497=ORIENTED_EDGE('',*,*,#813,.F.);
#498=ORIENTED_EDGE('',*,*,#885,.T.);
#499=ORIENTED_EDGE('',*,*,#714,.T.);
#500=ORIENTED_EDGE('',*,*,#832,.T.);
#501=ORIENTED_EDGE('',*,*,#900,.F.);
#502=ORIENTED_EDGE('',*,*,#801,.T.);
#503=ORIENTED_EDGE('',*,*,#879,.T.);
#504=ORIENTED_EDGE('',*,*,#718,.F.);
#505=ORIENTED_EDGE('',*,*,#855,.T.);
#506=ORIENTED_EDGE('',*,*,#839,.T.);
#507=ORIENTED_EDGE('',*,*,#778,.T.);
#508=ORIENTED_EDGE('',*,*,#848,.T.);
#509=ORIENTED_EDGE('',*,*,#854,.T.);
#510=ORIENTED_EDGE('',*,*,#851,.T.);
#511=ORIENTED_EDGE('',*,*,#780,.T.);
#512=ORIENTED_EDGE('',*,*,#838,.T.);
#513=ORIENTED_EDGE('',*,*,#826,.T.);
#514=ORIENTED_EDGE('',*,*,#828,.T.);
#515=ORIENTED_EDGE('',*,*,#766,.T.);
#516=ORIENTED_EDGE('',*,*,#759,.T.);
#517=ORIENTED_EDGE('',*,*,#821,.T.);
#518=ORIENTED_EDGE('',*,*,#757,.T.);
#519=ORIENTED_EDGE('',*,*,#765,.T.);
#520=ORIENTED_EDGE('',*,*,#820,.T.);
#521=ORIENTED_EDGE('',*,*,#894,.T.);
#522=ORIENTED_EDGE('',*,*,#896,.T.);
#523=ORIENTED_EDGE('',*,*,#808,.T.);
#524=ORIENTED_EDGE('',*,*,#883,.T.);
#525=ORIENTED_EDGE('',*,*,#889,.T.);
#526=ORIENTED_EDGE('',*,*,#881,.T.);
#527=ORIENTED_EDGE('',*,*,#806,.T.);
#528=ORIENTED_EDGE('',*,*,#888,.T.);
#529=ORIENTED_EDGE('',*,*,#890,.T.);
#530=ORIENTED_EDGE('',*,*,#886,.T.);
#531=ORIENTED_EDGE('',*,*,#804,.T.);
#532=ORIENTED_EDGE('',*,*,#899,.T.);
#533=ORIENTED_EDGE('',*,*,#892,.T.);
#534=ORIENTED_EDGE('',*,*,#898,.T.);
#535=ORIENTED_EDGE('',*,*,#810,.T.);
#536=ORIENTED_EDGE('',*,*,#895,.T.);
#537=ORIENTED_EDGE('',*,*,#853,.T.);
#538=ORIENTED_EDGE('',*,*,#845,.T.);
#539=ORIENTED_EDGE('',*,*,#782,.T.);
#540=ORIENTED_EDGE('',*,*,#850,.T.);
#541=ORIENTED_EDGE('',*,*,#852,.T.);
#542=ORIENTED_EDGE('',*,*,#846,.T.);
#543=ORIENTED_EDGE('',*,*,#776,.T.);
#544=ORIENTED_EDGE('',*,*,#843,.T.);
#545=ORIENTED_EDGE('',*,*,#824,.T.);
#546=ORIENTED_EDGE('',*,*,#831,.T.);
#547=ORIENTED_EDGE('',*,*,#768,.T.);
#548=ORIENTED_EDGE('',*,*,#827,.T.);
#549=ORIENTED_EDGE('',*,*,#822,.T.);
#550=ORIENTED_EDGE('',*,*,#818,.T.);
#551=ORIENTED_EDGE('',*,*,#763,.T.);
#552=ORIENTED_EDGE('',*,*,#829,.T.);
#553=ORIENTED_EDGE('',*,*,#872,.T.);
#554=ORIENTED_EDGE('',*,*,#874,.T.);
#555=ORIENTED_EDGE('',*,*,#794,.T.);
#556=ORIENTED_EDGE('',*,*,#861,.T.);
#557=ORIENTED_EDGE('',*,*,#867,.T.);
#558=ORIENTED_EDGE('',*,*,#859,.T.);
#559=ORIENTED_EDGE('',*,*,#792,.T.);
#560=ORIENTED_EDGE('',*,*,#866,.T.);
#561=ORIENTED_EDGE('',*,*,#868,.T.);
#562=ORIENTED_EDGE('',*,*,#864,.T.);
#563=ORIENTED_EDGE('',*,*,#790,.T.);
#564=ORIENTED_EDGE('',*,*,#877,.T.);
#565=ORIENTED_EDGE('',*,*,#870,.T.);
#566=ORIENTED_EDGE('',*,*,#876,.T.);
#567=ORIENTED_EDGE('',*,*,#796,.T.);
#568=ORIENTED_EDGE('',*,*,#873,.T.);
#569=ORIENTED_EDGE('',*,*,#901,.T.);
#570=ORIENTED_EDGE('',*,*,#902,.T.);
#571=ORIENTED_EDGE('',*,*,#760,.F.);
#572=ORIENTED_EDGE('',*,*,#901,.F.);
#573=ORIENTED_EDGE('',*,*,#902,.F.);
#574=ORIENTED_EDGE('',*,*,#711,.F.);
#575=ORIENTED_EDGE('',*,*,#700,.F.);
#576=ORIENTED_EDGE('',*,*,#903,.F.);
#577=ORIENTED_EDGE('',*,*,#904,.T.);
#578=ORIENTED_EDGE('',*,*,#905,.T.);
#579=ORIENTED_EDGE('',*,*,#699,.F.);
#580=ORIENTED_EDGE('',*,*,#906,.F.);
#581=ORIENTED_EDGE('',*,*,#907,.T.);
#582=ORIENTED_EDGE('',*,*,#903,.T.);
#583=ORIENTED_EDGE('',*,*,#704,.F.);
#584=ORIENTED_EDGE('',*,*,#908,.F.);
#585=ORIENTED_EDGE('',*,*,#909,.T.);
#586=ORIENTED_EDGE('',*,*,#906,.T.);
#587=ORIENTED_EDGE('',*,*,#703,.F.);
#588=ORIENTED_EDGE('',*,*,#910,.F.);
#589=ORIENTED_EDGE('',*,*,#911,.T.);
#590=ORIENTED_EDGE('',*,*,#908,.T.);
#591=ORIENTED_EDGE('',*,*,#702,.F.);
#592=ORIENTED_EDGE('',*,*,#912,.F.);
#593=ORIENTED_EDGE('',*,*,#913,.T.);
#594=ORIENTED_EDGE('',*,*,#910,.T.);
#595=ORIENTED_EDGE('',*,*,#701,.F.);
#596=ORIENTED_EDGE('',*,*,#905,.F.);
#597=ORIENTED_EDGE('',*,*,#914,.T.);
#598=ORIENTED_EDGE('',*,*,#912,.T.);
#599=ORIENTED_EDGE('',*,*,#904,.F.);
#600=ORIENTED_EDGE('',*,*,#907,.F.);
#601=ORIENTED_EDGE('',*,*,#909,.F.);
#602=ORIENTED_EDGE('',*,*,#911,.F.);
#603=ORIENTED_EDGE('',*,*,#913,.F.);
#604=ORIENTED_EDGE('',*,*,#914,.F.);
#605=ORIENTED_EDGE('',*,*,#755,.F.);
#606=ORIENTED_EDGE('',*,*,#705,.T.);
#607=ORIENTED_EDGE('',*,*,#915,.F.);
#608=ORIENTED_EDGE('',*,*,#916,.F.);
#609=ORIENTED_EDGE('',*,*,#917,.T.);
#610=ORIENTED_EDGE('',*,*,#710,.T.);
#611=ORIENTED_EDGE('',*,*,#918,.F.);
#612=ORIENTED_EDGE('',*,*,#919,.F.);
#613=ORIENTED_EDGE('',*,*,#915,.T.);
#614=ORIENTED_EDGE('',*,*,#709,.T.);
#615=ORIENTED_EDGE('',*,*,#920,.F.);
#616=ORIENTED_EDGE('',*,*,#921,.F.);
#617=ORIENTED_EDGE('',*,*,#918,.T.);
#618=ORIENTED_EDGE('',*,*,#708,.T.);
#619=ORIENTED_EDGE('',*,*,#922,.F.);
#620=ORIENTED_EDGE('',*,*,#923,.F.);
#621=ORIENTED_EDGE('',*,*,#920,.T.);
#622=ORIENTED_EDGE('',*,*,#707,.T.);
#623=ORIENTED_EDGE('',*,*,#924,.F.);
#624=ORIENTED_EDGE('',*,*,#925,.F.);
#625=ORIENTED_EDGE('',*,*,#922,.T.);
#626=ORIENTED_EDGE('',*,*,#706,.T.);
#627=ORIENTED_EDGE('',*,*,#917,.F.);
#628=ORIENTED_EDGE('',*,*,#926,.F.);
#629=ORIENTED_EDGE('',*,*,#924,.T.);
#630=ORIENTED_EDGE('',*,*,#753,.F.);
#631=ORIENTED_EDGE('',*,*,#916,.T.);
#632=ORIENTED_EDGE('',*,*,#919,.T.);
#633=ORIENTED_EDGE('',*,*,#921,.T.);
#634=ORIENTED_EDGE('',*,*,#923,.T.);
#635=ORIENTED_EDGE('',*,*,#925,.T.);
#636=ORIENTED_EDGE('',*,*,#926,.T.);
#637=ORIENTED_EDGE('',*,*,#743,.F.);
#638=ORIENTED_EDGE('',*,*,#927,.F.);
#639=ORIENTED_EDGE('',*,*,#928,.T.);
#640=ORIENTED_EDGE('',*,*,#929,.T.);
#641=ORIENTED_EDGE('',*,*,#742,.F.);
#642=ORIENTED_EDGE('',*,*,#930,.F.);
#643=ORIENTED_EDGE('',*,*,#931,.T.);
#644=ORIENTED_EDGE('',*,*,#927,.T.);
#645=ORIENTED_EDGE('',*,*,#747,.F.);
#646=ORIENTED_EDGE('',*,*,#932,.F.);
#647=ORIENTED_EDGE('',*,*,#933,.T.);
#648=ORIENTED_EDGE('',*,*,#930,.T.);
#649=ORIENTED_EDGE('',*,*,#746,.F.);
#650=ORIENTED_EDGE('',*,*,#934,.F.);
#651=ORIENTED_EDGE('',*,*,#935,.T.);
#652=ORIENTED_EDGE('',*,*,#932,.T.);
#653=ORIENTED_EDGE('',*,*,#745,.F.);
#654=ORIENTED_EDGE('',*,*,#936,.F.);
#655=ORIENTED_EDGE('',*,*,#937,.T.);
#656=ORIENTED_EDGE('',*,*,#934,.T.);
#657=ORIENTED_EDGE('',*,*,#744,.F.);
#658=ORIENTED_EDGE('',*,*,#929,.F.);
#659=ORIENTED_EDGE('',*,*,#938,.T.);
#660=ORIENTED_EDGE('',*,*,#936,.T.);
#661=ORIENTED_EDGE('',*,*,#928,.F.);
#662=ORIENTED_EDGE('',*,*,#931,.F.);
#663=ORIENTED_EDGE('',*,*,#933,.F.);
#664=ORIENTED_EDGE('',*,*,#935,.F.);
#665=ORIENTED_EDGE('',*,*,#937,.F.);
#666=ORIENTED_EDGE('',*,*,#938,.F.);
#667=ORIENTED_EDGE('',*,*,#751,.F.);
#668=ORIENTED_EDGE('',*,*,#736,.T.);
#669=ORIENTED_EDGE('',*,*,#939,.F.);
#670=ORIENTED_EDGE('',*,*,#940,.F.);
#671=ORIENTED_EDGE('',*,*,#941,.T.);
#672=ORIENTED_EDGE('',*,*,#741,.T.);
#673=ORIENTED_EDGE('',*,*,#942,.F.);
#674=ORIENTED_EDGE('',*,*,#943,.F.);
#675=ORIENTED_EDGE('',*,*,#939,.T.);
#676=ORIENTED_EDGE('',*,*,#740,.T.);
#677=ORIENTED_EDGE('',*,*,#944,.F.);
#678=ORIENTED_EDGE('',*,*,#945,.F.);
#679=ORIENTED_EDGE('',*,*,#942,.T.);
#680=ORIENTED_EDGE('',*,*,#739,.T.);
#681=ORIENTED_EDGE('',*,*,#946,.F.);
#682=ORIENTED_EDGE('',*,*,#947,.F.);
#683=ORIENTED_EDGE('',*,*,#944,.T.);
#684=ORIENTED_EDGE('',*,*,#738,.T.);
#685=ORIENTED_EDGE('',*,*,#948,.F.);
#686=ORIENTED_EDGE('',*,*,#949,.F.);
#687=ORIENTED_EDGE('',*,*,#946,.T.);
#688=ORIENTED_EDGE('',*,*,#737,.T.);
#689=ORIENTED_EDGE('',*,*,#941,.F.);
#690=ORIENTED_EDGE('',*,*,#950,.F.);
#691=ORIENTED_EDGE('',*,*,#948,.T.);
#692=ORIENTED_EDGE('',*,*,#749,.F.);
#693=ORIENTED_EDGE('',*,*,#940,.T.);
#694=ORIENTED_EDGE('',*,*,#943,.T.);
#695=ORIENTED_EDGE('',*,*,#945,.T.);
#696=ORIENTED_EDGE('',*,*,#947,.T.);
#697=ORIENTED_EDGE('',*,*,#949,.T.);
#698=ORIENTED_EDGE('',*,*,#950,.T.);
#699=EDGE_CURVE('',#951,#952,#1123,.T.);
#700=EDGE_CURVE('',#952,#953,#1124,.T.);
#701=EDGE_CURVE('',#953,#954,#1125,.T.);
#702=EDGE_CURVE('',#954,#955,#1126,.T.);
#703=EDGE_CURVE('',#955,#956,#1127,.T.);
#704=EDGE_CURVE('',#956,#951,#1128,.T.);
#705=EDGE_CURVE('',#957,#958,#1129,.T.);
#706=EDGE_CURVE('',#959,#957,#1130,.T.);
#707=EDGE_CURVE('',#960,#959,#1131,.T.);
#708=EDGE_CURVE('',#961,#960,#1132,.T.);
#709=EDGE_CURVE('',#962,#961,#1133,.T.);
#710=EDGE_CURVE('',#958,#962,#1134,.T.);
#711=EDGE_CURVE('',#963,#963,#71,.T.);
#712=EDGE_CURVE('',#964,#965,#72,.T.);
#713=EDGE_CURVE('',#965,#966,#73,.T.);
#714=EDGE_CURVE('',#967,#966,#74,.T.);
#715=EDGE_CURVE('',#968,#967,#75,.T.);
#716=EDGE_CURVE('',#968,#969,#76,.T.);
#717=EDGE_CURVE('',#970,#969,#77,.T.);
#718=EDGE_CURVE('',#970,#971,#78,.T.);
#719=EDGE_CURVE('',#971,#972,#79,.T.);
#720=EDGE_CURVE('',#973,#972,#80,.T.);
#721=EDGE_CURVE('',#974,#973,#81,.T.);
#722=EDGE_CURVE('',#974,#975,#82,.T.);
#723=EDGE_CURVE('',#976,#975,#83,.T.);
#724=EDGE_CURVE('',#976,#977,#84,.T.);
#725=EDGE_CURVE('',#977,#978,#85,.T.);
#726=EDGE_CURVE('',#979,#978,#86,.T.);
#727=EDGE_CURVE('',#980,#979,#87,.T.);
#728=EDGE_CURVE('',#980,#981,#88,.T.);
#729=EDGE_CURVE('',#982,#981,#89,.T.);
#730=EDGE_CURVE('',#982,#983,#90,.T.);
#731=EDGE_CURVE('',#983,#984,#91,.T.);
#732=EDGE_CURVE('',#985,#984,#92,.T.);
#733=EDGE_CURVE('',#986,#985,#93,.T.);
#734=EDGE_CURVE('',#986,#987,#94,.T.);
#735=EDGE_CURVE('',#964,#987,#95,.T.);
#736=EDGE_CURVE('',#988,#989,#1135,.T.);
#737=EDGE_CURVE('',#990,#988,#1136,.T.);
#738=EDGE_CURVE('',#991,#990,#1137,.T.);
#739=EDGE_CURVE('',#992,#991,#1138,.T.);
#740=EDGE_CURVE('',#993,#992,#1139,.T.);
#741=EDGE_CURVE('',#989,#993,#1140,.T.);
#742=EDGE_CURVE('',#994,#995,#1141,.T.);
#743=EDGE_CURVE('',#995,#996,#1142,.T.);
#744=EDGE_CURVE('',#996,#997,#1143,.T.);
#745=EDGE_CURVE('',#997,#998,#1144,.T.);
#746=EDGE_CURVE('',#998,#999,#1145,.T.);
#747=EDGE_CURVE('',#999,#994,#1146,.T.);
#748=EDGE_CURVE('',#1000,#1000,#96,.T.);
#749=EDGE_CURVE('',#1001,#1001,#97,.T.);
#750=EDGE_CURVE('',#1002,#1002,#98,.T.);
#751=EDGE_CURVE('',#1003,#1003,#99,.T.);
#752=EDGE_CURVE('',#1004,#1004,#100,.T.);
#753=EDGE_CURVE('',#1005,#1005,#101,.T.);
#754=EDGE_CURVE('',#1006,#1006,#102,.T.);
#755=EDGE_CURVE('',#1007,#1007,#103,.T.);
#756=EDGE_CURVE('',#1008,#1009,#104,.T.);
#757=EDGE_CURVE('',#1010,#1009,#1147,.F.);
#758=EDGE_CURVE('',#1011,#1010,#105,.T.);
#759=EDGE_CURVE('',#1008,#1011,#1148,.T.);
#760=EDGE_CURVE('',#1012,#1012,#106,.F.);
#761=EDGE_CURVE('',#1013,#1014,#107,.F.);
#762=EDGE_CURVE('',#1015,#1013,#108,.T.);
#763=EDGE_CURVE('',#1016,#1015,#109,.T.);
#764=EDGE_CURVE('',#1017,#1016,#110,.T.);
#765=EDGE_CURVE('',#1009,#1017,#111,.T.);
#766=EDGE_CURVE('',#1018,#1008,#112,.T.);
#767=EDGE_CURVE('',#1019,#1018,#113,.T.);
#768=EDGE_CURVE('',#1020,#1019,#114,.T.);
#769=EDGE_CURVE('',#1021,#1020,#115,.T.);
#770=EDGE_CURVE('',#1022,#1021,#116,.F.);
#771=EDGE_CURVE('',#1022,#1023,#117,.T.);
#772=EDGE_CURVE('',#1024,#1023,#118,.T.);
#773=EDGE_CURVE('',#1025,#1024,#119,.F.);
#774=EDGE_CURVE('',#1026,#1025,#120,.F.);
#775=EDGE_CURVE('',#1027,#1026,#121,.T.);
#776=EDGE_CURVE('',#1028,#1027,#122,.T.);
#777=EDGE_CURVE('',#1029,#1028,#123,.T.);
#778=EDGE_CURVE('',#1030,#1029,#124,.T.);
#779=EDGE_CURVE('',#1031,#1030,#125,.T.);
#780=EDGE_CURVE('',#1032,#1031,#126,.T.);
#781=EDGE_CURVE('',#1033,#1032,#127,.T.);
#782=EDGE_CURVE('',#1034,#1033,#128,.T.);
#783=EDGE_CURVE('',#1035,#1034,#129,.T.);
#784=EDGE_CURVE('',#1036,#1035,#130,.F.);
#785=EDGE_CURVE('',#1036,#1037,#131,.T.);
#786=EDGE_CURVE('',#1038,#1037,#132,.T.);
#787=EDGE_CURVE('',#1039,#1038,#133,.F.);
#788=EDGE_CURVE('',#1040,#1039,#134,.F.);
#789=EDGE_CURVE('',#1041,#1040,#135,.T.);
#790=EDGE_CURVE('',#1042,#1041,#136,.T.);
#791=EDGE_CURVE('',#1043,#1042,#137,.T.);
#792=EDGE_CURVE('',#1044,#1043,#138,.T.);
#793=EDGE_CURVE('',#1045,#1044,#139,.T.);
#794=EDGE_CURVE('',#1046,#1045,#140,.T.);
#795=EDGE_CURVE('',#1047,#1046,#141,.T.);
#796=EDGE_CURVE('',#1048,#1047,#142,.T.);
#797=EDGE_CURVE('',#1049,#1048,#143,.T.);
#798=EDGE_CURVE('',#1050,#1049,#144,.F.);
#799=EDGE_CURVE('',#1050,#1051,#145,.T.);
#800=EDGE_CURVE('',#1052,#1051,#146,.T.);
#801=EDGE_CURVE('',#1053,#1052,#147,.F.);
#802=EDGE_CURVE('',#1054,#1053,#148,.F.);
#803=EDGE_CURVE('',#1055,#1054,#149,.T.);
#804=EDGE_CURVE('',#1056,#1055,#150,.T.);
#805=EDGE_CURVE('',#1057,#1056,#151,.T.);
#806=EDGE_CURVE('',#1058,#1057,#152,.T.);
#807=EDGE_CURVE('',#1059,#1058,#153,.T.);
#808=EDGE_CURVE('',#1060,#1059,#154,.T.);
#809=EDGE_CURVE('',#1061,#1060,#155,.T.);
#810=EDGE_CURVE('',#1062,#1061,#156,.T.);
#811=EDGE_CURVE('',#1063,#1062,#157,.T.);
#812=EDGE_CURVE('',#1064,#1063,#158,.F.);
#813=EDGE_CURVE('',#1064,#1065,#159,.T.);
#814=EDGE_CURVE('',#1066,#1065,#160,.T.);
#815=EDGE_CURVE('',#1014,#1066,#161,.F.);
#816=EDGE_CURVE('',#1021,#986,#1149,.F.);
#817=EDGE_CURVE('',#1022,#985,#1150,.T.);
#818=EDGE_CURVE('',#1067,#1016,#1151,.T.);
#819=EDGE_CURVE('',#1068,#1067,#162,.T.);
#820=EDGE_CURVE('',#1017,#1068,#1152,.F.);
#821=EDGE_CURVE('',#1068,#1010,#163,.T.);
#822=EDGE_CURVE('',#1069,#1067,#164,.T.);
#823=EDGE_CURVE('',#1070,#1069,#165,.T.);
#824=EDGE_CURVE('',#1071,#1070,#166,.T.);
#825=EDGE_CURVE('',#1071,#1072,#167,.T.);
#826=EDGE_CURVE('',#1011,#1072,#168,.T.);
#827=EDGE_CURVE('',#1019,#1071,#1153,.F.);
#828=EDGE_CURVE('',#1072,#1018,#1154,.T.);
#829=EDGE_CURVE('',#1015,#1069,#1155,.T.);
#830=EDGE_CURVE('',#987,#1013,#1156,.T.);
#831=EDGE_CURVE('',#1070,#1020,#1157,.F.);
#832=EDGE_CURVE('',#966,#1065,#1158,.F.);
#833=EDGE_CURVE('',#1066,#965,#1159,.T.);
#834=EDGE_CURVE('',#984,#1023,#1160,.F.);
#835=EDGE_CURVE('',#1024,#983,#1161,.T.);
#836=EDGE_CURVE('',#1014,#964,#1162,.T.);
#837=EDGE_CURVE('',#1073,#1074,#169,.T.);
#838=EDGE_CURVE('',#1031,#1073,#1163,.T.);
#839=EDGE_CURVE('',#1074,#1030,#1164,.F.);
#840=EDGE_CURVE('',#1035,#980,#1165,.F.);
#841=EDGE_CURVE('',#1036,#979,#1166,.T.);
#842=EDGE_CURVE('',#1075,#1076,#170,.T.);
#843=EDGE_CURVE('',#1027,#1076,#1167,.T.);
#844=EDGE_CURVE('',#981,#1026,#1168,.T.);
#845=EDGE_CURVE('',#1075,#1034,#1169,.F.);
#846=EDGE_CURVE('',#1077,#1028,#1170,.T.);
#847=EDGE_CURVE('',#1078,#1077,#171,.T.);
#848=EDGE_CURVE('',#1029,#1078,#1171,.F.);
#849=EDGE_CURVE('',#1079,#1080,#172,.T.);
#850=EDGE_CURVE('',#1033,#1079,#1172,.F.);
#851=EDGE_CURVE('',#1080,#1032,#1173,.T.);
#852=EDGE_CURVE('',#1076,#1077,#173,.T.);
#853=EDGE_CURVE('',#1079,#1075,#174,.T.);
#854=EDGE_CURVE('',#1073,#1080,#175,.T.);
#855=EDGE_CURVE('',#1078,#1074,#176,.T.);
#856=EDGE_CURVE('',#978,#1037,#1174,.F.);
#857=EDGE_CURVE('',#1038,#977,#1175,.T.);
#858=EDGE_CURVE('',#1025,#982,#1176,.T.);
#859=EDGE_CURVE('',#1081,#1044,#1177,.F.);
#860=EDGE_CURVE('',#1082,#1081,#177,.T.);
#861=EDGE_CURVE('',#1045,#1082,#1178,.T.);
#862=EDGE_CURVE('',#1049,#974,#1179,.F.);
#863=EDGE_CURVE('',#1050,#973,#1180,.T.);
#864=EDGE_CURVE('',#1083,#1042,#1181,.T.);
#865=EDGE_CURVE('',#1084,#1083,#178,.T.);
#866=EDGE_CURVE('',#1043,#1084,#1182,.F.);
#867=EDGE_CURVE('',#1084,#1081,#179,.T.);
#868=EDGE_CURVE('',#1085,#1083,#180,.T.);
#869=EDGE_CURVE('',#1086,#1085,#181,.T.);
#870=EDGE_CURVE('',#1087,#1086,#182,.T.);
#871=EDGE_CURVE('',#1087,#1088,#183,.T.);
#872=EDGE_CURVE('',#1082,#1088,#184,.T.);
#873=EDGE_CURVE('',#1047,#1087,#1183,.F.);
#874=EDGE_CURVE('',#1088,#1046,#1184,.T.);
#875=EDGE_CURVE('',#975,#1040,#1185,.T.);
#876=EDGE_CURVE('',#1086,#1048,#1186,.F.);
#877=EDGE_CURVE('',#1041,#1085,#1187,.T.);
#878=EDGE_CURVE('',#972,#1051,#1188,.F.);
#879=EDGE_CURVE('',#1052,#971,#1189,.T.);
#880=EDGE_CURVE('',#1039,#976,#1190,.T.);
#881=EDGE_CURVE('',#1089,#1058,#1191,.F.);
#882=EDGE_CURVE('',#1090,#1089,#185,.T.);
#883=EDGE_CURVE('',#1059,#1090,#1192,.T.);
#884=EDGE_CURVE('',#1063,#968,#1193,.F.);
#885=EDGE_CURVE('',#1064,#967,#1194,.T.);
#886=EDGE_CURVE('',#1091,#1056,#1195,.T.);
#887=EDGE_CURVE('',#1092,#1091,#186,.T.);
#888=EDGE_CURVE('',#1057,#1092,#1196,.F.);
#889=EDGE_CURVE('',#1092,#1089,#187,.T.);
#890=EDGE_CURVE('',#1093,#1091,#188,.T.);
#891=EDGE_CURVE('',#1094,#1093,#189,.T.);
#892=EDGE_CURVE('',#1095,#1094,#190,.T.);
#893=EDGE_CURVE('',#1095,#1096,#191,.T.);
#894=EDGE_CURVE('',#1090,#1096,#192,.T.);
#895=EDGE_CURVE('',#1061,#1095,#1197,.F.);
#896=EDGE_CURVE('',#1096,#1060,#1198,.T.);
#897=EDGE_CURVE('',#969,#1054,#1199,.T.);
#898=EDGE_CURVE('',#1094,#1062,#1200,.F.);
#899=EDGE_CURVE('',#1055,#1093,#1201,.T.);
#900=EDGE_CURVE('',#1053,#970,#1202,.T.);
#901=EDGE_CURVE('',#1097,#1097,#193,.T.);
#902=EDGE_CURVE('',#1098,#1098,#194,.F.);
#903=EDGE_CURVE('',#1099,#952,#1203,.T.);
#904=EDGE_CURVE('',#1099,#1100,#1204,.T.);
#905=EDGE_CURVE('',#1100,#953,#1205,.T.);
#906=EDGE_CURVE('',#1101,#951,#1206,.T.);
#907=EDGE_CURVE('',#1101,#1099,#1207,.T.);
#908=EDGE_CURVE('',#1102,#956,#1208,.T.);
#909=EDGE_CURVE('',#1102,#1101,#1209,.T.);
#910=EDGE_CURVE('',#1103,#955,#1210,.T.);
#911=EDGE_CURVE('',#1103,#1102,#1211,.T.);
#912=EDGE_CURVE('',#1104,#954,#1212,.T.);
#913=EDGE_CURVE('',#1104,#1103,#1213,.T.);
#914=EDGE_CURVE('',#1100,#1104,#1214,.T.);
#915=EDGE_CURVE('',#1105,#958,#1215,.T.);
#916=EDGE_CURVE('',#1106,#1105,#1216,.T.);
#917=EDGE_CURVE('',#1106,#957,#1217,.T.);
#918=EDGE_CURVE('',#1107,#962,#1218,.T.);
#919=EDGE_CURVE('',#1105,#1107,#1219,.T.);
#920=EDGE_CURVE('',#1108,#961,#1220,.T.);
#921=EDGE_CURVE('',#1107,#1108,#1221,.T.);
#922=EDGE_CURVE('',#1109,#960,#1222,.T.);
#923=EDGE_CURVE('',#1108,#1109,#1223,.T.);
#924=EDGE_CURVE('',#1110,#959,#1224,.T.);
#925=EDGE_CURVE('',#1109,#1110,#1225,.T.);
#926=EDGE_CURVE('',#1110,#1106,#1226,.T.);
#927=EDGE_CURVE('',#1111,#995,#1227,.T.);
#928=EDGE_CURVE('',#1111,#1112,#1228,.T.);
#929=EDGE_CURVE('',#1112,#996,#1229,.T.);
#930=EDGE_CURVE('',#1113,#994,#1230,.T.);
#931=EDGE_CURVE('',#1113,#1111,#1231,.T.);
#932=EDGE_CURVE('',#1114,#999,#1232,.T.);
#933=EDGE_CURVE('',#1114,#1113,#1233,.T.);
#934=EDGE_CURVE('',#1115,#998,#1234,.T.);
#935=EDGE_CURVE('',#1115,#1114,#1235,.T.);
#936=EDGE_CURVE('',#1116,#997,#1236,.T.);
#937=EDGE_CURVE('',#1116,#1115,#1237,.T.);
#938=EDGE_CURVE('',#1112,#1116,#1238,.T.);
#939=EDGE_CURVE('',#1117,#989,#1239,.T.);
#940=EDGE_CURVE('',#1118,#1117,#1240,.T.);
#941=EDGE_CURVE('',#1118,#988,#1241,.T.);
#942=EDGE_CURVE('',#1119,#993,#1242,.T.);
#943=EDGE_CURVE('',#1117,#1119,#1243,.T.);
#944=EDGE_CURVE('',#1120,#992,#1244,.T.);
#945=EDGE_CURVE('',#1119,#1120,#1245,.T.);
#946=EDGE_CURVE('',#1121,#991,#1246,.T.);
#947=EDGE_CURVE('',#1120,#1121,#1247,.T.);
#948=EDGE_CURVE('',#1122,#990,#1248,.T.);
#949=EDGE_CURVE('',#1121,#1122,#1249,.T.);
#950=EDGE_CURVE('',#1122,#1118,#1250,.T.);
#951=VERTEX_POINT('',#2531);
#952=VERTEX_POINT('',#2532);
#953=VERTEX_POINT('',#2534);
#954=VERTEX_POINT('',#2536);
#955=VERTEX_POINT('',#2538);
#956=VERTEX_POINT('',#2540);
#957=VERTEX_POINT('',#2543);
#958=VERTEX_POINT('',#2544);
#959=VERTEX_POINT('',#2546);
#960=VERTEX_POINT('',#2548);
#961=VERTEX_POINT('',#2550);
#962=VERTEX_POINT('',#2552);
#963=VERTEX_POINT('',#2555);
#964=VERTEX_POINT('',#2557);
#965=VERTEX_POINT('',#2558);
#966=VERTEX_POINT('',#2560);
#967=VERTEX_POINT('',#2562);
#968=VERTEX_POINT('',#2564);
#969=VERTEX_POINT('',#2566);
#970=VERTEX_POINT('',#2568);
#971=VERTEX_POINT('',#2570);
#972=VERTEX_POINT('',#2572);
#973=VERTEX_POINT('',#2574);
#974=VERTEX_POINT('',#2576);
#975=VERTEX_POINT('',#2578);
#976=VERTEX_POINT('',#2580);
#977=VERTEX_POINT('',#2582);
#978=VERTEX_POINT('',#2584);
#979=VERTEX_POINT('',#2586);
#980=VERTEX_POINT('',#2588);
#981=VERTEX_POINT('',#2590);
#982=VERTEX_POINT('',#2592);
#983=VERTEX_POINT('',#2594);
#984=VERTEX_POINT('',#2596);
#985=VERTEX_POINT('',#2598);
#986=VERTEX_POINT('',#2600);
#987=VERTEX_POINT('',#2602);
#988=VERTEX_POINT('',#2605);
#989=VERTEX_POINT('',#2606);
#990=VERTEX_POINT('',#2608);
#991=VERTEX_POINT('',#2610);
#992=VERTEX_POINT('',#2612);
#993=VERTEX_POINT('',#2614);
#994=VERTEX_POINT('',#2617);
#995=VERTEX_POINT('',#2618);
#996=VERTEX_POINT('',#2620);
#997=VERTEX_POINT('',#2622);
#998=VERTEX_POINT('',#2624);
#999=VERTEX_POINT('',#2626);
#1000=VERTEX_POINT('',#2630);
#1001=VERTEX_POINT('',#2632);
#1002=VERTEX_POINT('',#2635);
#1003=VERTEX_POINT('',#2637);
#1004=VERTEX_POINT('',#2640);
#1005=VERTEX_POINT('',#2642);
#1006=VERTEX_POINT('',#2645);
#1007=VERTEX_POINT('',#2647);
#1008=VERTEX_POINT('',#2650);
#1009=VERTEX_POINT('',#2651);
#1010=VERTEX_POINT('',#2653);
#1011=VERTEX_POINT('',#2655);
#1012=VERTEX_POINT('',#2659);
#1013=VERTEX_POINT('',#2661);
#1014=VERTEX_POINT('',#2662);
#1015=VERTEX_POINT('',#2664);
#1016=VERTEX_POINT('',#2666);
#1017=VERTEX_POINT('',#2668);
#1018=VERTEX_POINT('',#2671);
#1019=VERTEX_POINT('',#2673);
#1020=VERTEX_POINT('',#2675);
#1021=VERTEX_POINT('',#2677);
#1022=VERTEX_POINT('',#2679);
#1023=VERTEX_POINT('',#2681);
#1024=VERTEX_POINT('',#2683);
#1025=VERTEX_POINT('',#2685);
#1026=VERTEX_POINT('',#2687);
#1027=VERTEX_POINT('',#2689);
#1028=VERTEX_POINT('',#2691);
#1029=VERTEX_POINT('',#2693);
#1030=VERTEX_POINT('',#2695);
#1031=VERTEX_POINT('',#2697);
#1032=VERTEX_POINT('',#2699);
#1033=VERTEX_POINT('',#2701);
#1034=VERTEX_POINT('',#2703);
#1035=VERTEX_POINT('',#2705);
#1036=VERTEX_POINT('',#2707);
#1037=VERTEX_POINT('',#2709);
#1038=VERTEX_POINT('',#2711);
#1039=VERTEX_POINT('',#2713);
#1040=VERTEX_POINT('',#2715);
#1041=VERTEX_POINT('',#2717);
#1042=VERTEX_POINT('',#2719);
#1043=VERTEX_POINT('',#2721);
#1044=VERTEX_POINT('',#2723);
#1045=VERTEX_POINT('',#2725);
#1046=VERTEX_POINT('',#2727);
#1047=VERTEX_POINT('',#2729);
#1048=VERTEX_POINT('',#2731);
#1049=VERTEX_POINT('',#2733);
#1050=VERTEX_POINT('',#2735);
#1051=VERTEX_POINT('',#2737);
#1052=VERTEX_POINT('',#2739);
#1053=VERTEX_POINT('',#2741);
#1054=VERTEX_POINT('',#2743);
#1055=VERTEX_POINT('',#2745);
#1056=VERTEX_POINT('',#2747);
#1057=VERTEX_POINT('',#2749);
#1058=VERTEX_POINT('',#2751);
#1059=VERTEX_POINT('',#2753);
#1060=VERTEX_POINT('',#2755);
#1061=VERTEX_POINT('',#2757);
#1062=VERTEX_POINT('',#2759);
#1063=VERTEX_POINT('',#2761);
#1064=VERTEX_POINT('',#2763);
#1065=VERTEX_POINT('',#2765);
#1066=VERTEX_POINT('',#2767);
#1067=VERTEX_POINT('',#2774);
#1068=VERTEX_POINT('',#2776);
#1069=VERTEX_POINT('',#2781);
#1070=VERTEX_POINT('',#2783);
#1071=VERTEX_POINT('',#2785);
#1072=VERTEX_POINT('',#2787);
#1073=VERTEX_POINT('',#2808);
#1074=VERTEX_POINT('',#2809);
#1075=VERTEX_POINT('',#2817);
#1076=VERTEX_POINT('',#2818);
#1077=VERTEX_POINT('',#2824);
#1078=VERTEX_POINT('',#2826);
#1079=VERTEX_POINT('',#2830);
#1080=VERTEX_POINT('',#2831);
#1081=VERTEX_POINT('',#2848);
#1082=VERTEX_POINT('',#2850);
#1083=VERTEX_POINT('',#2857);
#1084=VERTEX_POINT('',#2859);
#1085=VERTEX_POINT('',#2864);
#1086=VERTEX_POINT('',#2866);
#1087=VERTEX_POINT('',#2868);
#1088=VERTEX_POINT('',#2870);
#1089=VERTEX_POINT('',#2888);
#1090=VERTEX_POINT('',#2890);
#1091=VERTEX_POINT('',#2897);
#1092=VERTEX_POINT('',#2899);
#1093=VERTEX_POINT('',#2904);
#1094=VERTEX_POINT('',#2906);
#1095=VERTEX_POINT('',#2908);
#1096=VERTEX_POINT('',#2910);
#1097=VERTEX_POINT('',#2941);
#1098=VERTEX_POINT('',#2943);
#1099=VERTEX_POINT('',#2948);
#1100=VERTEX_POINT('',#2950);
#1101=VERTEX_POINT('',#2954);
#1102=VERTEX_POINT('',#2958);
#1103=VERTEX_POINT('',#2962);
#1104=VERTEX_POINT('',#2966);
#1105=VERTEX_POINT('',#2973);
#1106=VERTEX_POINT('',#2975);
#1107=VERTEX_POINT('',#2979);
#1108=VERTEX_POINT('',#2983);
#1109=VERTEX_POINT('',#2987);
#1110=VERTEX_POINT('',#2991);
#1111=VERTEX_POINT('',#2998);
#1112=VERTEX_POINT('',#3000);
#1113=VERTEX_POINT('',#3004);
#1114=VERTEX_POINT('',#3008);
#1115=VERTEX_POINT('',#3012);
#1116=VERTEX_POINT('',#3016);
#1117=VERTEX_POINT('',#3023);
#1118=VERTEX_POINT('',#3025);
#1119=VERTEX_POINT('',#3029);
#1120=VERTEX_POINT('',#3033);
#1121=VERTEX_POINT('',#3037);
#1122=VERTEX_POINT('',#3041);
#1123=LINE('',#2530,#1251);
#1124=LINE('',#2533,#1252);
#1125=LINE('',#2535,#1253);
#1126=LINE('',#2537,#1254);
#1127=LINE('',#2539,#1255);
#1128=LINE('',#2541,#1256);
#1129=LINE('',#2542,#1257);
#1130=LINE('',#2545,#1258);
#1131=LINE('',#2547,#1259);
#1132=LINE('',#2549,#1260);
#1133=LINE('',#2551,#1261);
#1134=LINE('',#2553,#1262);
#1135=LINE('',#2604,#1263);
#1136=LINE('',#2607,#1264);
#1137=LINE('',#2609,#1265);
#1138=LINE('',#2611,#1266);
#1139=LINE('',#2613,#1267);
#1140=LINE('',#2615,#1268);
#1141=LINE('',#2616,#1269);
#1142=LINE('',#2619,#1270);
#1143=LINE('',#2621,#1271);
#1144=LINE('',#2623,#1272);
#1145=LINE('',#2625,#1273);
#1146=LINE('',#2627,#1274);
#1147=LINE('',#2652,#1275);
#1148=LINE('',#2656,#1276);
#1149=LINE('',#2770,#1277);
#1150=LINE('',#2771,#1278);
#1151=LINE('',#2773,#1279);
#1152=LINE('',#2777,#1280);
#1153=LINE('',#2790,#1281);
#1154=LINE('',#2791,#1282);
#1155=LINE('',#2793,#1283);
#1156=LINE('',#2794,#1284);
#1157=LINE('',#2795,#1285);
#1158=LINE('',#2797,#1286);
#1159=LINE('',#2798,#1287);
#1160=LINE('',#2800,#1288);
#1161=LINE('',#2801,#1289);
#1162=LINE('',#2803,#1290);
#1163=LINE('',#2810,#1291);
#1164=LINE('',#2811,#1292);
#1165=LINE('',#2813,#1293);
#1166=LINE('',#2814,#1294);
#1167=LINE('',#2819,#1295);
#1168=LINE('',#2820,#1296);
#1169=LINE('',#2821,#1297);
#1170=LINE('',#2823,#1298);
#1171=LINE('',#2827,#1299);
#1172=LINE('',#2832,#1300);
#1173=LINE('',#2833,#1301);
#1174=LINE('',#2840,#1302);
#1175=LINE('',#2841,#1303);
#1176=LINE('',#2843,#1304);
#1177=LINE('',#2847,#1305);
#1178=LINE('',#2851,#1306);
#1179=LINE('',#2853,#1307);
#1180=LINE('',#2854,#1308);
#1181=LINE('',#2856,#1309);
#1182=LINE('',#2860,#1310);
#1183=LINE('',#2873,#1311);
#1184=LINE('',#2874,#1312);
#1185=LINE('',#2876,#1313);
#1186=LINE('',#2877,#1314);
#1187=LINE('',#2878,#1315);
#1188=LINE('',#2880,#1316);
#1189=LINE('',#2881,#1317);
#1190=LINE('',#2883,#1318);
#1191=LINE('',#2887,#1319);
#1192=LINE('',#2891,#1320);
#1193=LINE('',#2893,#1321);
#1194=LINE('',#2894,#1322);
#1195=LINE('',#2896,#1323);
#1196=LINE('',#2900,#1324);
#1197=LINE('',#2913,#1325);
#1198=LINE('',#2914,#1326);
#1199=LINE('',#2916,#1327);
#1200=LINE('',#2917,#1328);
#1201=LINE('',#2918,#1329);
#1202=LINE('',#2920,#1330);
#1203=LINE('',#2947,#1331);
#1204=LINE('',#2949,#1332);
#1205=LINE('',#2951,#1333);
#1206=LINE('',#2953,#1334);
#1207=LINE('',#2955,#1335);
#1208=LINE('',#2957,#1336);
#1209=LINE('',#2959,#1337);
#1210=LINE('',#2961,#1338);
#1211=LINE('',#2963,#1339);
#1212=LINE('',#2965,#1340);
#1213=LINE('',#2967,#1341);
#1214=LINE('',#2969,#1342);
#1215=LINE('',#2972,#1343);
#1216=LINE('',#2974,#1344);
#1217=LINE('',#2976,#1345);
#1218=LINE('',#2978,#1346);
#1219=LINE('',#2980,#1347);
#1220=LINE('',#2982,#1348);
#1221=LINE('',#2984,#1349);
#1222=LINE('',#2986,#1350);
#1223=LINE('',#2988,#1351);
#1224=LINE('',#2990,#1352);
#1225=LINE('',#2992,#1353);
#1226=LINE('',#2994,#1354);
#1227=LINE('',#2997,#1355);
#1228=LINE('',#2999,#1356);
#1229=LINE('',#3001,#1357);
#1230=LINE('',#3003,#1358);
#1231=LINE('',#3005,#1359);
#1232=LINE('',#3007,#1360);
#1233=LINE('',#3009,#1361);
#1234=LINE('',#3011,#1362);
#1235=LINE('',#3013,#1363);
#1236=LINE('',#3015,#1364);
#1237=LINE('',#3017,#1365);
#1238=LINE('',#3019,#1366);
#1239=LINE('',#3022,#1367);
#1240=LINE('',#3024,#1368);
#1241=LINE('',#3026,#1369);
#1242=LINE('',#3028,#1370);
#1243=LINE('',#3030,#1371);
#1244=LINE('',#3032,#1372);
#1245=LINE('',#3034,#1373);
#1246=LINE('',#3036,#1374);
#1247=LINE('',#3038,#1375);
#1248=LINE('',#3040,#1376);
#1249=LINE('',#3042,#1377);
#1250=LINE('',#3044,#1378);
#1251=VECTOR('',#1968,1.);
#1252=VECTOR('',#1969,1.);
#1253=VECTOR('',#1970,1.);
#1254=VECTOR('',#1971,1.);
#1255=VECTOR('',#1972,1.);
#1256=VECTOR('',#1973,1.);
#1257=VECTOR('',#1974,1.);
#1258=VECTOR('',#1975,1.);
#1259=VECTOR('',#1976,1.);
#1260=VECTOR('',#1977,1.);
#1261=VECTOR('',#1978,1.);
#1262=VECTOR('',#1979,1.);
#1263=VECTOR('',#2030,1.);
#1264=VECTOR('',#2031,1.);
#1265=VECTOR('',#2032,1.);
#1266=VECTOR('',#2033,1.);
#1267=VECTOR('',#2034,1.);
#1268=VECTOR('',#2035,1.);
#1269=VECTOR('',#2036,1.);
#1270=VECTOR('',#2037,1.);
#1271=VECTOR('',#2038,1.);
#1272=VECTOR('',#2039,1.);
#1273=VECTOR('',#2040,1.);
#1274=VECTOR('',#2041,1.);
#1275=VECTOR('',#2070,1.);
#1276=VECTOR('',#2073,1.);
#1277=VECTOR('',#2190,1.);
#1278=VECTOR('',#2191,1.);
#1279=VECTOR('',#2194,1.);
#1280=VECTOR('',#2197,1.);
#1281=VECTOR('',#2214,1.);
#1282=VECTOR('',#2215,1.);
#1283=VECTOR('',#2218,1.);
#1284=VECTOR('',#2219,1.);
#1285=VECTOR('',#2220,1.);
#1286=VECTOR('',#2223,1.);
#1287=VECTOR('',#2224,1.);
#1288=VECTOR('',#2227,1.);
#1289=VECTOR('',#2228,1.);
#1290=VECTOR('',#2231,1.);
#1291=VECTOR('',#2240,1.);
#1292=VECTOR('',#2241,1.);
#1293=VECTOR('',#2244,1.);
#1294=VECTOR('',#2245,1.);
#1295=VECTOR('',#2250,1.);
#1296=VECTOR('',#2251,1.);
#1297=VECTOR('',#2252,1.);
#1298=VECTOR('',#2255,1.);
#1299=VECTOR('',#2258,1.);
#1300=VECTOR('',#2263,1.);
#1301=VECTOR('',#2264,1.);
#1302=VECTOR('',#2277,1.);
#1303=VECTOR('',#2278,1.);
#1304=VECTOR('',#2281,1.);
#1305=VECTOR('',#2288,1.);
#1306=VECTOR('',#2291,1.);
#1307=VECTOR('',#2294,1.);
#1308=VECTOR('',#2295,1.);
#1309=VECTOR('',#2298,1.);
#1310=VECTOR('',#2301,1.);
#1311=VECTOR('',#2318,1.);
#1312=VECTOR('',#2319,1.);
#1313=VECTOR('',#2322,1.);
#1314=VECTOR('',#2323,1.);
#1315=VECTOR('',#2324,1.);
#1316=VECTOR('',#2327,1.);
#1317=VECTOR('',#2328,1.);
#1318=VECTOR('',#2331,1.);
#1319=VECTOR('',#2338,1.);
#1320=VECTOR('',#2341,1.);
#1321=VECTOR('',#2344,1.);
#1322=VECTOR('',#2345,1.);
#1323=VECTOR('',#2348,1.);
#1324=VECTOR('',#2351,1.);
#1325=VECTOR('',#2368,1.);
#1326=VECTOR('',#2369,1.);
#1327=VECTOR('',#2372,1.);
#1328=VECTOR('',#2373,1.);
#1329=VECTOR('',#2374,1.);
#1330=VECTOR('',#2377,1.);
#1331=VECTOR('',#2426,1.);
#1332=VECTOR('',#2427,1.);
#1333=VECTOR('',#2428,1.);
#1334=VECTOR('',#2431,1.);
#1335=VECTOR('',#2432,1.);
#1336=VECTOR('',#2435,1.);
#1337=VECTOR('',#2436,1.);
#1338=VECTOR('',#2439,1.);
#1339=VECTOR('',#2440,1.);
#1340=VECTOR('',#2443,1.);
#1341=VECTOR('',#2444,1.);
#1342=VECTOR('',#2447,1.);
#1343=VECTOR('',#2452,1.);
#1344=VECTOR('',#2453,1.);
#1345=VECTOR('',#2454,1.);
#1346=VECTOR('',#2457,1.);
#1347=VECTOR('',#2458,1.);
#1348=VECTOR('',#2461,1.);
#1349=VECTOR('',#2462,1.);
#1350=VECTOR('',#2465,1.);
#1351=VECTOR('',#2466,1.);
#1352=VECTOR('',#2469,1.);
#1353=VECTOR('',#2470,1.);
#1354=VECTOR('',#2473,1.);
#1355=VECTOR('',#2478,1.);
#1356=VECTOR('',#2479,1.);
#1357=VECTOR('',#2480,1.);
#1358=VECTOR('',#2483,1.);
#1359=VECTOR('',#2484,1.);
#1360=VECTOR('',#2487,1.);
#1361=VECTOR('',#2488,1.);
#1362=VECTOR('',#2491,1.);
#1363=VECTOR('',#2492,1.);
#1364=VECTOR('',#2495,1.);
#1365=VECTOR('',#2496,1.);
#1366=VECTOR('',#2499,1.);
#1367=VECTOR('',#2504,1.);
#1368=VECTOR('',#2505,1.);
#1369=VECTOR('',#2506,1.);
#1370=VECTOR('',#2509,1.);
#1371=VECTOR('',#2510,1.);
#1372=VECTOR('',#2513,1.);
#1373=VECTOR('',#2514,1.);
#1374=VECTOR('',#2517,1.);
#1375=VECTOR('',#2518,1.);
#1376=VECTOR('',#2521,1.);
#1377=VECTOR('',#2522,1.);
#1378=VECTOR('',#2525,1.);
#1379=EDGE_LOOP('',(#195,#196,#197,#198,#199,#200));
#1380=EDGE_LOOP('',(#201,#202,#203,#204,#205,#206));
#1381=EDGE_LOOP('',(#207));
#1382=EDGE_LOOP('',(#208,#209,#210,#211,#212,#213,#214,#215,#216,#217,#218,
#219,#220,#221,#222,#223,#224,#225,#226,#227,#228,#229,#230,#231));
#1383=EDGE_LOOP('',(#232,#233,#234,#235,#236,#237));
#1384=EDGE_LOOP('',(#238,#239,#240,#241,#242,#243));
#1385=EDGE_LOOP('',(#244));
#1386=EDGE_LOOP('',(#245));
#1387=EDGE_LOOP('',(#246));
#1388=EDGE_LOOP('',(#247));
#1389=EDGE_LOOP('',(#248));
#1390=EDGE_LOOP('',(#249));
#1391=EDGE_LOOP('',(#250));
#1392=EDGE_LOOP('',(#251));
#1393=EDGE_LOOP('',(#252,#253,#254,#255));
#1394=EDGE_LOOP('',(#256));
#1395=EDGE_LOOP('',(#257,#258,#259,#260,#261,#262,#263,#264,#265,#266,#267,
#268,#269,#270,#271,#272,#273,#274,#275,#276,#277,#278,#279,#280,#281,#282,
#283,#284,#285,#286,#287,#288,#289,#290,#291,#292,#293,#294,#295,#296,#297,
#298,#299,#300,#301,#302,#303,#304,#305,#306,#307,#308,#309,#310,#311,#312));
#1396=EDGE_LOOP('',(#313,#314,#315,#316));
#1397=EDGE_LOOP('',(#317,#318,#319,#320));
#1398=EDGE_LOOP('',(#321));
#1399=EDGE_LOOP('',(#322,#323,#324,#325,#326,#327,#328,#329));
#1400=EDGE_LOOP('',(#330,#331,#332,#333));
#1401=EDGE_LOOP('',(#334,#335,#336,#337,#338,#339,#340,#341));
#1402=EDGE_LOOP('',(#342,#343,#344,#345));
#1403=EDGE_LOOP('',(#346,#347,#348,#349));
#1404=EDGE_LOOP('',(#350,#351,#352,#353));
#1405=EDGE_LOOP('',(#354,#355,#356,#357));
#1406=EDGE_LOOP('',(#358,#359,#360,#361));
#1407=EDGE_LOOP('',(#362,#363,#364,#365));
#1408=EDGE_LOOP('',(#366,#367,#368,#369));
#1409=EDGE_LOOP('',(#370,#371,#372,#373,#374,#375,#376,#377));
#1410=EDGE_LOOP('',(#378,#379,#380,#381));
#1411=EDGE_LOOP('',(#382,#383,#384,#385));
#1412=EDGE_LOOP('',(#386));
#1413=EDGE_LOOP('',(#387,#388,#389,#390,#391,#392,#393,#394));
#1414=EDGE_LOOP('',(#395,#396,#397,#398));
#1415=EDGE_LOOP('',(#399,#400,#401,#402));
#1416=EDGE_LOOP('',(#403,#404,#405,#406));
#1417=EDGE_LOOP('',(#407,#408,#409,#410));
#1418=EDGE_LOOP('',(#411,#412,#413,#414));
#1419=EDGE_LOOP('',(#415,#416,#417,#418));
#1420=EDGE_LOOP('',(#419,#420,#421,#422));
#1421=EDGE_LOOP('',(#423));
#1422=EDGE_LOOP('',(#424,#425,#426,#427,#428,#429,#430,#431));
#1423=EDGE_LOOP('',(#432,#433,#434,#435));
#1424=EDGE_LOOP('',(#436,#437,#438,#439,#440,#441,#442,#443));
#1425=EDGE_LOOP('',(#444,#445,#446,#447));
#1426=EDGE_LOOP('',(#448,#449,#450,#451));
#1427=EDGE_LOOP('',(#452,#453,#454,#455));
#1428=EDGE_LOOP('',(#456,#457,#458,#459));
#1429=EDGE_LOOP('',(#460,#461,#462,#463));
#1430=EDGE_LOOP('',(#464,#465,#466,#467));
#1431=EDGE_LOOP('',(#468,#469,#470,#471));
#1432=EDGE_LOOP('',(#472));
#1433=EDGE_LOOP('',(#473,#474,#475,#476,#477,#478,#479,#480));
#1434=EDGE_LOOP('',(#481,#482,#483,#484));
#1435=EDGE_LOOP('',(#485,#486,#487,#488,#489,#490,#491,#492));
#1436=EDGE_LOOP('',(#493,#494,#495,#496));
#1437=EDGE_LOOP('',(#497,#498,#499,#500));
#1438=EDGE_LOOP('',(#501,#502,#503,#504));
#1439=EDGE_LOOP('',(#505,#506,#507,#508));
#1440=EDGE_LOOP('',(#509,#510,#511,#512));
#1441=EDGE_LOOP('',(#513,#514,#515,#516));
#1442=EDGE_LOOP('',(#517,#518,#519,#520));
#1443=EDGE_LOOP('',(#521,#522,#523,#524));
#1444=EDGE_LOOP('',(#525,#526,#527,#528));
#1445=EDGE_LOOP('',(#529,#530,#531,#532));
#1446=EDGE_LOOP('',(#533,#534,#535,#536));
#1447=EDGE_LOOP('',(#537,#538,#539,#540));
#1448=EDGE_LOOP('',(#541,#542,#543,#544));
#1449=EDGE_LOOP('',(#545,#546,#547,#548));
#1450=EDGE_LOOP('',(#549,#550,#551,#552));
#1451=EDGE_LOOP('',(#553,#554,#555,#556));
#1452=EDGE_LOOP('',(#557,#558,#559,#560));
#1453=EDGE_LOOP('',(#561,#562,#563,#564));
#1454=EDGE_LOOP('',(#565,#566,#567,#568));
#1455=EDGE_LOOP('',(#569));
#1456=EDGE_LOOP('',(#570));
#1457=EDGE_LOOP('',(#571));
#1458=EDGE_LOOP('',(#572));
#1459=EDGE_LOOP('',(#573));
#1460=EDGE_LOOP('',(#574));
#1461=EDGE_LOOP('',(#575,#576,#577,#578));
#1462=EDGE_LOOP('',(#579,#580,#581,#582));
#1463=EDGE_LOOP('',(#583,#584,#585,#586));
#1464=EDGE_LOOP('',(#587,#588,#589,#590));
#1465=EDGE_LOOP('',(#591,#592,#593,#594));
#1466=EDGE_LOOP('',(#595,#596,#597,#598));
#1467=EDGE_LOOP('',(#599,#600,#601,#602,#603,#604));
#1468=EDGE_LOOP('',(#605));
#1469=EDGE_LOOP('',(#606,#607,#608,#609));
#1470=EDGE_LOOP('',(#610,#611,#612,#613));
#1471=EDGE_LOOP('',(#614,#615,#616,#617));
#1472=EDGE_LOOP('',(#618,#619,#620,#621));
#1473=EDGE_LOOP('',(#622,#623,#624,#625));
#1474=EDGE_LOOP('',(#626,#627,#628,#629));
#1475=EDGE_LOOP('',(#630));
#1476=EDGE_LOOP('',(#631,#632,#633,#634,#635,#636));
#1477=EDGE_LOOP('',(#637,#638,#639,#640));
#1478=EDGE_LOOP('',(#641,#642,#643,#644));
#1479=EDGE_LOOP('',(#645,#646,#647,#648));
#1480=EDGE_LOOP('',(#649,#650,#651,#652));
#1481=EDGE_LOOP('',(#653,#654,#655,#656));
#1482=EDGE_LOOP('',(#657,#658,#659,#660));
#1483=EDGE_LOOP('',(#661,#662,#663,#664,#665,#666));
#1484=EDGE_LOOP('',(#667));
#1485=EDGE_LOOP('',(#668,#669,#670,#671));
#1486=EDGE_LOOP('',(#672,#673,#674,#675));
#1487=EDGE_LOOP('',(#676,#677,#678,#679));
#1488=EDGE_LOOP('',(#680,#681,#682,#683));
#1489=EDGE_LOOP('',(#684,#685,#686,#687));
#1490=EDGE_LOOP('',(#688,#689,#690,#691));
#1491=EDGE_LOOP('',(#692));
#1492=EDGE_LOOP('',(#693,#694,#695,#696,#697,#698));
#1493=FACE_BOUND('',#1379,.T.);
#1494=FACE_BOUND('',#1380,.T.);
#1495=FACE_BOUND('',#1381,.T.);
#1496=FACE_BOUND('',#1382,.T.);
#1497=FACE_BOUND('',#1383,.T.);
#1498=FACE_BOUND('',#1384,.T.);
#1499=FACE_BOUND('',#1385,.T.);
#1500=FACE_BOUND('',#1386,.T.);
#1501=FACE_BOUND('',#1387,.T.);
#1502=FACE_BOUND('',#1388,.T.);
#1503=FACE_BOUND('',#1389,.T.);
#1504=FACE_BOUND('',#1390,.T.);
#1505=FACE_BOUND('',#1391,.T.);
#1506=FACE_BOUND('',#1392,.T.);
#1507=FACE_BOUND('',#1393,.T.);
#1508=FACE_BOUND('',#1394,.T.);
#1509=FACE_BOUND('',#1395,.T.);
#1510=FACE_BOUND('',#1396,.T.);
#1511=FACE_BOUND('',#1397,.T.);
#1512=FACE_BOUND('',#1398,.T.);
#1513=FACE_BOUND('',#1399,.T.);
#1514=FACE_BOUND('',#1400,.T.);
#1515=FACE_BOUND('',#1401,.T.);
#1516=FACE_BOUND('',#1402,.T.);
#1517=FACE_BOUND('',#1403,.T.);
#1518=FACE_BOUND('',#1404,.T.);
#1519=FACE_BOUND('',#1405,.T.);
#1520=FACE_BOUND('',#1406,.T.);
#1521=FACE_BOUND('',#1407,.T.);
#1522=FACE_BOUND('',#1408,.T.);
#1523=FACE_BOUND('',#1409,.T.);
#1524=FACE_BOUND('',#1410,.T.);
#1525=FACE_BOUND('',#1411,.T.);
#1526=FACE_BOUND('',#1412,.T.);
#1527=FACE_BOUND('',#1413,.T.);
#1528=FACE_BOUND('',#1414,.T.);
#1529=FACE_BOUND('',#1415,.T.);
#1530=FACE_BOUND('',#1416,.T.);
#1531=FACE_BOUND('',#1417,.T.);
#1532=FACE_BOUND('',#1418,.T.);
#1533=FACE_BOUND('',#1419,.T.);
#1534=FACE_BOUND('',#1420,.T.);
#1535=FACE_BOUND('',#1421,.T.);
#1536=FACE_BOUND('',#1422,.T.);
#1537=FACE_BOUND('',#1423,.T.);
#1538=FACE_BOUND('',#1424,.T.);
#1539=FACE_BOUND('',#1425,.T.);
#1540=FACE_BOUND('',#1426,.T.);
#1541=FACE_BOUND('',#1427,.T.);
#1542=FACE_BOUND('',#1428,.T.);
#1543=FACE_BOUND('',#1429,.T.);
#1544=FACE_BOUND('',#1430,.T.);
#1545=FACE_BOUND('',#1431,.T.);
#1546=FACE_BOUND('',#1432,.T.);
#1547=FACE_BOUND('',#1433,.T.);
#1548=FACE_BOUND('',#1434,.T.);
#1549=FACE_BOUND('',#1435,.T.);
#1550=FACE_BOUND('',#1436,.T.);
#1551=FACE_BOUND('',#1437,.T.);
#1552=FACE_BOUND('',#1438,.T.);
#1553=FACE_BOUND('',#1439,.T.);
#1554=FACE_BOUND('',#1440,.T.);
#1555=FACE_BOUND('',#1441,.T.);
#1556=FACE_BOUND('',#1442,.T.);
#1557=FACE_BOUND('',#1443,.T.);
#1558=FACE_BOUND('',#1444,.T.);
#1559=FACE_BOUND('',#1445,.T.);
#1560=FACE_BOUND('',#1446,.T.);
#1561=FACE_BOUND('',#1447,.T.);
#1562=FACE_BOUND('',#1448,.T.);
#1563=FACE_BOUND('',#1449,.T.);
#1564=FACE_BOUND('',#1450,.T.);
#1565=FACE_BOUND('',#1451,.T.);
#1566=FACE_BOUND('',#1452,.T.);
#1567=FACE_BOUND('',#1453,.T.);
#1568=FACE_BOUND('',#1454,.T.);
#1569=FACE_BOUND('',#1455,.T.);
#1570=FACE_BOUND('',#1456,.T.);
#1571=FACE_BOUND('',#1457,.T.);
#1572=FACE_BOUND('',#1458,.T.);
#1573=FACE_BOUND('',#1459,.T.);
#1574=FACE_BOUND('',#1460,.T.);
#1575=FACE_BOUND('',#1461,.T.);
#1576=FACE_BOUND('',#1462,.T.);
#1577=FACE_BOUND('',#1463,.T.);
#1578=FACE_BOUND('',#1464,.T.);
#1579=FACE_BOUND('',#1465,.T.);
#1580=FACE_BOUND('',#1466,.T.);
#1581=FACE_BOUND('',#1467,.T.);
#1582=FACE_BOUND('',#1468,.T.);
#1583=FACE_BOUND('',#1469,.T.);
#1584=FACE_BOUND('',#1470,.T.);
#1585=FACE_BOUND('',#1471,.T.);
#1586=FACE_BOUND('',#1472,.T.);
#1587=FACE_BOUND('',#1473,.T.);
#1588=FACE_BOUND('',#1474,.T.);
#1589=FACE_BOUND('',#1475,.T.);
#1590=FACE_BOUND('',#1476,.T.);
#1591=FACE_BOUND('',#1477,.T.);
#1592=FACE_BOUND('',#1478,.T.);
#1593=FACE_BOUND('',#1479,.T.);
#1594=FACE_BOUND('',#1480,.T.);
#1595=FACE_BOUND('',#1481,.T.);
#1596=FACE_BOUND('',#1482,.T.);
#1597=FACE_BOUND('',#1483,.T.);
#1598=FACE_BOUND('',#1484,.T.);
#1599=FACE_BOUND('',#1485,.T.);
#1600=FACE_BOUND('',#1486,.T.);
#1601=FACE_BOUND('',#1487,.T.);
#1602=FACE_BOUND('',#1488,.T.);
#1603=FACE_BOUND('',#1489,.T.);
#1604=FACE_BOUND('',#1490,.T.);
#1605=FACE_BOUND('',#1491,.T.);
#1606=FACE_BOUND('',#1492,.T.);
#1607=PLANE('',#1747);
#1608=PLANE('',#1788);
#1609=PLANE('',#1848);
#1610=PLANE('',#1871);
#1611=PLANE('',#1885);
#1612=PLANE('',#1903);
#1613=PLANE('',#1936);
#1614=PLANE('',#1937);
#1615=PLANE('',#1938);
#1616=PLANE('',#1939);
#1617=PLANE('',#1940);
#1618=PLANE('',#1941);
#1619=PLANE('',#1942);
#1620=PLANE('',#1943);
#1621=PLANE('',#1944);
#1622=PLANE('',#1945);
#1623=PLANE('',#1946);
#1624=PLANE('',#1947);
#1625=PLANE('',#1948);
#1626=PLANE('',#1949);
#1627=PLANE('',#1950);
#1628=PLANE('',#1951);
#1629=PLANE('',#1952);
#1630=PLANE('',#1953);
#1631=PLANE('',#1954);
#1632=PLANE('',#1955);
#1633=PLANE('',#1956);
#1634=PLANE('',#1957);
#1635=PLANE('',#1958);
#1636=PLANE('',#1959);
#1637=PLANE('',#1960);
#1638=PLANE('',#1961);
#1639=PLANE('',#1962);
#1640=PLANE('',#1963);
#1641=ADVANCED_FACE('',(#1493,#1494,#1495,#1496,#1497,#1498),#1607,.T.);
#1642=ADVANCED_FACE('',(#1499,#1500),#14,.F.);
#1643=ADVANCED_FACE('',(#1501,#1502),#15,.F.);
#1644=ADVANCED_FACE('',(#1503,#1504),#16,.F.);
#1645=ADVANCED_FACE('',(#1505,#1506),#17,.F.);
#1646=ADVANCED_FACE('',(#1507),#18,.T.);
#1647=ADVANCED_FACE('',(#1508,#1509),#1608,.F.);
#1648=ADVANCED_FACE('',(#1510),#19,.T.);
#1649=ADVANCED_FACE('',(#1511),#20,.F.);
#1650=ADVANCED_FACE('',(#1512,#1513),#1609,.T.);
#1651=ADVANCED_FACE('',(#1514),#21,.F.);
#1652=ADVANCED_FACE('',(#1515),#22,.F.);
#1653=ADVANCED_FACE('',(#1516),#23,.F.);
#1654=ADVANCED_FACE('',(#1517),#24,.F.);
#1655=ADVANCED_FACE('',(#1518),#25,.T.);
#1656=ADVANCED_FACE('',(#1519),#26,.T.);
#1657=ADVANCED_FACE('',(#1520),#27,.T.);
#1658=ADVANCED_FACE('',(#1521),#28,.T.);
#1659=ADVANCED_FACE('',(#1522),#29,.T.);
#1660=ADVANCED_FACE('',(#1523),#30,.F.);
#1661=ADVANCED_FACE('',(#1524),#31,.F.);
#1662=ADVANCED_FACE('',(#1525),#32,.F.);
#1663=ADVANCED_FACE('',(#1526,#1527),#1610,.T.);
#1664=ADVANCED_FACE('',(#1528),#33,.F.);
#1665=ADVANCED_FACE('',(#1529),#34,.T.);
#1666=ADVANCED_FACE('',(#1530),#35,.T.);
#1667=ADVANCED_FACE('',(#1531),#36,.T.);
#1668=ADVANCED_FACE('',(#1532),#37,.T.);
#1669=ADVANCED_FACE('',(#1533),#38,.T.);
#1670=ADVANCED_FACE('',(#1534),#39,.F.);
#1671=ADVANCED_FACE('',(#1535,#1536),#1611,.T.);
#1672=ADVANCED_FACE('',(#1537),#40,.F.);
#1673=ADVANCED_FACE('',(#1538),#41,.F.);
#1674=ADVANCED_FACE('',(#1539),#42,.F.);
#1675=ADVANCED_FACE('',(#1540),#43,.T.);
#1676=ADVANCED_FACE('',(#1541),#44,.T.);
#1677=ADVANCED_FACE('',(#1542),#45,.T.);
#1678=ADVANCED_FACE('',(#1543),#46,.T.);
#1679=ADVANCED_FACE('',(#1544),#47,.T.);
#1680=ADVANCED_FACE('',(#1545),#48,.F.);
#1681=ADVANCED_FACE('',(#1546,#1547),#1612,.T.);
#1682=ADVANCED_FACE('',(#1548),#49,.F.);
#1683=ADVANCED_FACE('',(#1549),#50,.F.);
#1684=ADVANCED_FACE('',(#1550),#51,.T.);
#1685=ADVANCED_FACE('',(#1551),#52,.T.);
#1686=ADVANCED_FACE('',(#1552),#53,.T.);
#1687=ADVANCED_FACE('',(#1553),#54,.T.);
#1688=ADVANCED_FACE('',(#1554),#55,.T.);
#1689=ADVANCED_FACE('',(#1555),#56,.T.);
#1690=ADVANCED_FACE('',(#1556),#57,.T.);
#1691=ADVANCED_FACE('',(#1557),#58,.T.);
#1692=ADVANCED_FACE('',(#1558),#59,.T.);
#1693=ADVANCED_FACE('',(#1559),#60,.T.);
#1694=ADVANCED_FACE('',(#1560),#61,.T.);
#1695=ADVANCED_FACE('',(#1561),#62,.T.);
#1696=ADVANCED_FACE('',(#1562),#63,.T.);
#1697=ADVANCED_FACE('',(#1563),#64,.T.);
#1698=ADVANCED_FACE('',(#1564),#65,.T.);
#1699=ADVANCED_FACE('',(#1565),#66,.T.);
#1700=ADVANCED_FACE('',(#1566),#67,.T.);
#1701=ADVANCED_FACE('',(#1567),#68,.T.);
#1702=ADVANCED_FACE('',(#1568),#69,.T.);
#1703=ADVANCED_FACE('',(#1569,#1570),#70,.T.);
#1704=ADVANCED_FACE('',(#1571,#1572),#12,.T.);
#1705=ADVANCED_FACE('',(#1573,#1574),#13,.T.);
#1706=ADVANCED_FACE('',(#1575),#1613,.T.);
#1707=ADVANCED_FACE('',(#1576),#1614,.T.);
#1708=ADVANCED_FACE('',(#1577),#1615,.T.);
#1709=ADVANCED_FACE('',(#1578),#1616,.T.);
#1710=ADVANCED_FACE('',(#1579),#1617,.T.);
#1711=ADVANCED_FACE('',(#1580),#1618,.T.);
#1712=ADVANCED_FACE('',(#1581,#1582),#1619,.T.);
#1713=ADVANCED_FACE('',(#1583),#1620,.F.);
#1714=ADVANCED_FACE('',(#1584),#1621,.F.);
#1715=ADVANCED_FACE('',(#1585),#1622,.F.);
#1716=ADVANCED_FACE('',(#1586),#1623,.F.);
#1717=ADVANCED_FACE('',(#1587),#1624,.F.);
#1718=ADVANCED_FACE('',(#1588),#1625,.F.);
#1719=ADVANCED_FACE('',(#1589,#1590),#1626,.T.);
#1720=ADVANCED_FACE('',(#1591),#1627,.T.);
#1721=ADVANCED_FACE('',(#1592),#1628,.T.);
#1722=ADVANCED_FACE('',(#1593),#1629,.T.);
#1723=ADVANCED_FACE('',(#1594),#1630,.T.);
#1724=ADVANCED_FACE('',(#1595),#1631,.T.);
#1725=ADVANCED_FACE('',(#1596),#1632,.T.);
#1726=ADVANCED_FACE('',(#1597,#1598),#1633,.T.);
#1727=ADVANCED_FACE('',(#1599),#1634,.F.);
#1728=ADVANCED_FACE('',(#1600),#1635,.F.);
#1729=ADVANCED_FACE('',(#1601),#1636,.F.);
#1730=ADVANCED_FACE('',(#1602),#1637,.F.);
#1731=ADVANCED_FACE('',(#1603),#1638,.F.);
#1732=ADVANCED_FACE('',(#1604),#1639,.F.);
#1733=ADVANCED_FACE('',(#1605,#1606),#1640,.T.);
#1734=CLOSED_SHELL('',(#1641,#1642,#1643,#1644,#1645,#1646,#1647,#1648,
#1649,#1650,#1651,#1652,#1653,#1654,#1655,#1656,#1657,#1658,#1659,#1660,
#1661,#1662,#1663,#1664,#1665,#1666,#1667,#1668,#1669,#1670,#1671,#1672,
#1673,#1674,#1675,#1676,#1677,#1678,#1679,#1680,#1681,#1682,#1683,#1684,
#1685,#1686,#1687,#1688,#1689,#1690,#1691,#1692,#1693,#1694,#1695,#1696,
#1697,#1698,#1699,#1700,#1701,#1702,#1703,#1704,#1705,#1706,#1707,#1708,
#1709,#1710,#1711,#1712,#1713,#1714,#1715,#1716,#1717,#1718,#1719,#1720,
#1721,#1722,#1723,#1724,#1725,#1726,#1727,#1728,#1729,#1730,#1731,#1732,
#1733));
#1735=STYLED_ITEM('',(#1736),#1743);
#1736=PRESENTATION_STYLE_ASSIGNMENT((#1737));
#1737=SURFACE_STYLE_USAGE(.BOTH.,#1738);
#1738=SURFACE_SIDE_STYLE('',(#1739));
#1739=SURFACE_STYLE_FILL_AREA(#1740);
#1740=FILL_AREA_STYLE('',(#1741));
#1741=FILL_AREA_STYLE_COLOUR('',#1742);
#1742=COLOUR_RGB('',0.768627450980392,0.886274509803922,0.952941176470588);
#1743=MANIFOLD_SOLID_BREP('Output Female',#1734);
#1744=SHAPE_DEFINITION_REPRESENTATION(#3052,#1745);
#1745=SHAPE_REPRESENTATION('Output Female',(#1746),#3047);
#1746=AXIS2_PLACEMENT_3D('',#2528,#1964,#1965);
#1747=AXIS2_PLACEMENT_3D('',#2529,#1966,#1967);
#1748=AXIS2_PLACEMENT_3D('',#2554,#1980,#1981);
#1749=AXIS2_PLACEMENT_3D('',#2556,#1982,#1983);
#1750=AXIS2_PLACEMENT_3D('',#2559,#1984,#1985);
#1751=AXIS2_PLACEMENT_3D('',#2561,#1986,#1987);
#1752=AXIS2_PLACEMENT_3D('',#2563,#1988,#1989);
#1753=AXIS2_PLACEMENT_3D('',#2565,#1990,#1991);
#1754=AXIS2_PLACEMENT_3D('',#2567,#1992,#1993);
#1755=AXIS2_PLACEMENT_3D('',#2569,#1994,#1995);
#1756=AXIS2_PLACEMENT_3D('',#2571,#1996,#1997);
#1757=AXIS2_PLACEMENT_3D('',#2573,#1998,#1999);
#1758=AXIS2_PLACEMENT_3D('',#2575,#2000,#2001);
#1759=AXIS2_PLACEMENT_3D('',#2577,#2002,#2003);
#1760=AXIS2_PLACEMENT_3D('',#2579,#2004,#2005);
#1761=AXIS2_PLACEMENT_3D('',#2581,#2006,#2007);
#1762=AXIS2_PLACEMENT_3D('',#2583,#2008,#2009);
#1763=AXIS2_PLACEMENT_3D('',#2585,#2010,#2011);
#1764=AXIS2_PLACEMENT_3D('',#2587,#2012,#2013);
#1765=AXIS2_PLACEMENT_3D('',#2589,#2014,#2015);
#1766=AXIS2_PLACEMENT_3D('',#2591,#2016,#2017);
#1767=AXIS2_PLACEMENT_3D('',#2593,#2018,#2019);
#1768=AXIS2_PLACEMENT_3D('',#2595,#2020,#2021);
#1769=AXIS2_PLACEMENT_3D('',#2597,#2022,#2023);
#1770=AXIS2_PLACEMENT_3D('',#2599,#2024,#2025);
#1771=AXIS2_PLACEMENT_3D('',#2601,#2026,#2027);
#1772=AXIS2_PLACEMENT_3D('',#2603,#2028,#2029);
#1773=AXIS2_PLACEMENT_3D('',#2628,#2042,#2043);
#1774=AXIS2_PLACEMENT_3D('',#2629,#2044,#2045);
#1775=AXIS2_PLACEMENT_3D('',#2631,#2046,#2047);
#1776=AXIS2_PLACEMENT_3D('',#2633,#2048,#2049);
#1777=AXIS2_PLACEMENT_3D('',#2634,#2050,#2051);
#1778=AXIS2_PLACEMENT_3D('',#2636,#2052,#2053);
#1779=AXIS2_PLACEMENT_3D('',#2638,#2054,#2055);
#1780=AXIS2_PLACEMENT_3D('',#2639,#2056,#2057);
#1781=AXIS2_PLACEMENT_3D('',#2641,#2058,#2059);
#1782=AXIS2_PLACEMENT_3D('',#2643,#2060,#2061);
#1783=AXIS2_PLACEMENT_3D('',#2644,#2062,#2063);
#1784=AXIS2_PLACEMENT_3D('',#2646,#2064,#2065);
#1785=AXIS2_PLACEMENT_3D('',#2648,#2066,#2067);
#1786=AXIS2_PLACEMENT_3D('',#2649,#2068,#2069);
#1787=AXIS2_PLACEMENT_3D('',#2654,#2071,#2072);
#1788=AXIS2_PLACEMENT_3D('',#2657,#2074,#2075);
#1789=AXIS2_PLACEMENT_3D('',#2658,#2076,#2077);
#1790=AXIS2_PLACEMENT_3D('',#2660,#2078,#2079);
#1791=AXIS2_PLACEMENT_3D('',#2663,#2080,#2081);
#1792=AXIS2_PLACEMENT_3D('',#2665,#2082,#2083);
#1793=AXIS2_PLACEMENT_3D('',#2667,#2084,#2085);
#1794=AXIS2_PLACEMENT_3D('',#2669,#2086,#2087);
#1795=AXIS2_PLACEMENT_3D('',#2670,#2088,#2089);
#1796=AXIS2_PLACEMENT_3D('',#2672,#2090,#2091);
#1797=AXIS2_PLACEMENT_3D('',#2674,#2092,#2093);
#1798=AXIS2_PLACEMENT_3D('',#2676,#2094,#2095);
#1799=AXIS2_PLACEMENT_3D('',#2678,#2096,#2097);
#1800=AXIS2_PLACEMENT_3D('',#2680,#2098,#2099);
#1801=AXIS2_PLACEMENT_3D('',#2682,#2100,#2101);
#1802=AXIS2_PLACEMENT_3D('',#2684,#2102,#2103);
#1803=AXIS2_PLACEMENT_3D('',#2686,#2104,#2105);
#1804=AXIS2_PLACEMENT_3D('',#2688,#2106,#2107);
#1805=AXIS2_PLACEMENT_3D('',#2690,#2108,#2109);
#1806=AXIS2_PLACEMENT_3D('',#2692,#2110,#2111);
#1807=AXIS2_PLACEMENT_3D('',#2694,#2112,#2113);
#1808=AXIS2_PLACEMENT_3D('',#2696,#2114,#2115);
#1809=AXIS2_PLACEMENT_3D('',#2698,#2116,#2117);
#1810=AXIS2_PLACEMENT_3D('',#2700,#2118,#2119);
#1811=AXIS2_PLACEMENT_3D('',#2702,#2120,#2121);
#1812=AXIS2_PLACEMENT_3D('',#2704,#2122,#2123);
#1813=AXIS2_PLACEMENT_3D('',#2706,#2124,#2125);
#1814=AXIS2_PLACEMENT_3D('',#2708,#2126,#2127);
#1815=AXIS2_PLACEMENT_3D('',#2710,#2128,#2129);
#1816=AXIS2_PLACEMENT_3D('',#2712,#2130,#2131);
#1817=AXIS2_PLACEMENT_3D('',#2714,#2132,#2133);
#1818=AXIS2_PLACEMENT_3D('',#2716,#2134,#2135);
#1819=AXIS2_PLACEMENT_3D('',#2718,#2136,#2137);
#1820=AXIS2_PLACEMENT_3D('',#2720,#2138,#2139);
#1821=AXIS2_PLACEMENT_3D('',#2722,#2140,#2141);
#1822=AXIS2_PLACEMENT_3D('',#2724,#2142,#2143);
#1823=AXIS2_PLACEMENT_3D('',#2726,#2144,#2145);
#1824=AXIS2_PLACEMENT_3D('',#2728,#2146,#2147);
#1825=AXIS2_PLACEMENT_3D('',#2730,#2148,#2149);
#1826=AXIS2_PLACEMENT_3D('',#2732,#2150,#2151);
#1827=AXIS2_PLACEMENT_3D('',#2734,#2152,#2153);
#1828=AXIS2_PLACEMENT_3D('',#2736,#2154,#2155);
#1829=AXIS2_PLACEMENT_3D('',#2738,#2156,#2157);
#1830=AXIS2_PLACEMENT_3D('',#2740,#2158,#2159);
#1831=AXIS2_PLACEMENT_3D('',#2742,#2160,#2161);
#1832=AXIS2_PLACEMENT_3D('',#2744,#2162,#2163);
#1833=AXIS2_PLACEMENT_3D('',#2746,#2164,#2165);
#1834=AXIS2_PLACEMENT_3D('',#2748,#2166,#2167);
#1835=AXIS2_PLACEMENT_3D('',#2750,#2168,#2169);
#1836=AXIS2_PLACEMENT_3D('',#2752,#2170,#2171);
#1837=AXIS2_PLACEMENT_3D('',#2754,#2172,#2173);
#1838=AXIS2_PLACEMENT_3D('',#2756,#2174,#2175);
#1839=AXIS2_PLACEMENT_3D('',#2758,#2176,#2177);
#1840=AXIS2_PLACEMENT_3D('',#2760,#2178,#2179);
#1841=AXIS2_PLACEMENT_3D('',#2762,#2180,#2181);
#1842=AXIS2_PLACEMENT_3D('',#2764,#2182,#2183);
#1843=AXIS2_PLACEMENT_3D('',#2766,#2184,#2185);
#1844=AXIS2_PLACEMENT_3D('',#2768,#2186,#2187);
#1845=AXIS2_PLACEMENT_3D('',#2769,#2188,#2189);
#1846=AXIS2_PLACEMENT_3D('',#2772,#2192,#2193);
#1847=AXIS2_PLACEMENT_3D('',#2775,#2195,#2196);
#1848=AXIS2_PLACEMENT_3D('',#2778,#2198,#2199);
#1849=AXIS2_PLACEMENT_3D('',#2779,#2200,#2201);
#1850=AXIS2_PLACEMENT_3D('',#2780,#2202,#2203);
#1851=AXIS2_PLACEMENT_3D('',#2782,#2204,#2205);
#1852=AXIS2_PLACEMENT_3D('',#2784,#2206,#2207);
#1853=AXIS2_PLACEMENT_3D('',#2786,#2208,#2209);
#1854=AXIS2_PLACEMENT_3D('',#2788,#2210,#2211);
#1855=AXIS2_PLACEMENT_3D('',#2789,#2212,#2213);
#1856=AXIS2_PLACEMENT_3D('',#2792,#2216,#2217);
#1857=AXIS2_PLACEMENT_3D('',#2796,#2221,#2222);
#1858=AXIS2_PLACEMENT_3D('',#2799,#2225,#2226);
#1859=AXIS2_PLACEMENT_3D('',#2802,#2229,#2230);
#1860=AXIS2_PLACEMENT_3D('',#2804,#2232,#2233);
#1861=AXIS2_PLACEMENT_3D('',#2805,#2234,#2235);
#1862=AXIS2_PLACEMENT_3D('',#2806,#2236,#2237);
#1863=AXIS2_PLACEMENT_3D('',#2807,#2238,#2239);
#1864=AXIS2_PLACEMENT_3D('',#2812,#2242,#2243);
#1865=AXIS2_PLACEMENT_3D('',#2815,#2246,#2247);
#1866=AXIS2_PLACEMENT_3D('',#2816,#2248,#2249);
#1867=AXIS2_PLACEMENT_3D('',#2822,#2253,#2254);
#1868=AXIS2_PLACEMENT_3D('',#2825,#2256,#2257);
#1869=AXIS2_PLACEMENT_3D('',#2828,#2259,#2260);
#1870=AXIS2_PLACEMENT_3D('',#2829,#2261,#2262);
#1871=AXIS2_PLACEMENT_3D('',#2834,#2265,#2266);
#1872=AXIS2_PLACEMENT_3D('',#2835,#2267,#2268);
#1873=AXIS2_PLACEMENT_3D('',#2836,#2269,#2270);
#1874=AXIS2_PLACEMENT_3D('',#2837,#2271,#2272);
#1875=AXIS2_PLACEMENT_3D('',#2838,#2273,#2274);
#1876=AXIS2_PLACEMENT_3D('',#2839,#2275,#2276);
#1877=AXIS2_PLACEMENT_3D('',#2842,#2279,#2280);
#1878=AXIS2_PLACEMENT_3D('',#2844,#2282,#2283);
#1879=AXIS2_PLACEMENT_3D('',#2845,#2284,#2285);
#1880=AXIS2_PLACEMENT_3D('',#2846,#2286,#2287);
#1881=AXIS2_PLACEMENT_3D('',#2849,#2289,#2290);
#1882=AXIS2_PLACEMENT_3D('',#2852,#2292,#2293);
#1883=AXIS2_PLACEMENT_3D('',#2855,#2296,#2297);
#1884=AXIS2_PLACEMENT_3D('',#2858,#2299,#2300);
#1885=AXIS2_PLACEMENT_3D('',#2861,#2302,#2303);
#1886=AXIS2_PLACEMENT_3D('',#2862,#2304,#2305);
#1887=AXIS2_PLACEMENT_3D('',#2863,#2306,#2307);
#1888=AXIS2_PLACEMENT_3D('',#2865,#2308,#2309);
#1889=AXIS2_PLACEMENT_3D('',#2867,#2310,#2311);
#1890=AXIS2_PLACEMENT_3D('',#2869,#2312,#2313);
#1891=AXIS2_PLACEMENT_3D('',#2871,#2314,#2315);
#1892=AXIS2_PLACEMENT_3D('',#2872,#2316,#2317);
#1893=AXIS2_PLACEMENT_3D('',#2875,#2320,#2321);
#1894=AXIS2_PLACEMENT_3D('',#2879,#2325,#2326);
#1895=AXIS2_PLACEMENT_3D('',#2882,#2329,#2330);
#1896=AXIS2_PLACEMENT_3D('',#2884,#2332,#2333);
#1897=AXIS2_PLACEMENT_3D('',#2885,#2334,#2335);
#1898=AXIS2_PLACEMENT_3D('',#2886,#2336,#2337);
#1899=AXIS2_PLACEMENT_3D('',#2889,#2339,#2340);
#1900=AXIS2_PLACEMENT_3D('',#2892,#2342,#2343);
#1901=AXIS2_PLACEMENT_3D('',#2895,#2346,#2347);
#1902=AXIS2_PLACEMENT_3D('',#2898,#2349,#2350);
#1903=AXIS2_PLACEMENT_3D('',#2901,#2352,#2353);
#1904=AXIS2_PLACEMENT_3D('',#2902,#2354,#2355);
#1905=AXIS2_PLACEMENT_3D('',#2903,#2356,#2357);
#1906=AXIS2_PLACEMENT_3D('',#2905,#2358,#2359);
#1907=AXIS2_PLACEMENT_3D('',#2907,#2360,#2361);
#1908=AXIS2_PLACEMENT_3D('',#2909,#2362,#2363);
#1909=AXIS2_PLACEMENT_3D('',#2911,#2364,#2365);
#1910=AXIS2_PLACEMENT_3D('',#2912,#2366,#2367);
#1911=AXIS2_PLACEMENT_3D('',#2915,#2370,#2371);
#1912=AXIS2_PLACEMENT_3D('',#2919,#2375,#2376);
#1913=AXIS2_PLACEMENT_3D('',#2921,#2378,#2379);
#1914=AXIS2_PLACEMENT_3D('',#2922,#2380,#2381);
#1915=AXIS2_PLACEMENT_3D('',#2923,#2382,#2383);
#1916=AXIS2_PLACEMENT_3D('',#2924,#2384,#2385);
#1917=AXIS2_PLACEMENT_3D('',#2925,#2386,#2387);
#1918=AXIS2_PLACEMENT_3D('',#2926,#2388,#2389);
#1919=AXIS2_PLACEMENT_3D('',#2927,#2390,#2391);
#1920=AXIS2_PLACEMENT_3D('',#2928,#2392,#2393);
#1921=AXIS2_PLACEMENT_3D('',#2929,#2394,#2395);
#1922=AXIS2_PLACEMENT_3D('',#2930,#2396,#2397);
#1923=AXIS2_PLACEMENT_3D('',#2931,#2398,#2399);
#1924=AXIS2_PLACEMENT_3D('',#2932,#2400,#2401);
#1925=AXIS2_PLACEMENT_3D('',#2933,#2402,#2403);
#1926=AXIS2_PLACEMENT_3D('',#2934,#2404,#2405);
#1927=AXIS2_PLACEMENT_3D('',#2935,#2406,#2407);
#1928=AXIS2_PLACEMENT_3D('',#2936,#2408,#2409);
#1929=AXIS2_PLACEMENT_3D('',#2937,#2410,#2411);
#1930=AXIS2_PLACEMENT_3D('',#2938,#2412,#2413);
#1931=AXIS2_PLACEMENT_3D('',#2939,#2414,#2415);
#1932=AXIS2_PLACEMENT_3D('',#2940,#2416,#2417);
#1933=AXIS2_PLACEMENT_3D('',#2942,#2418,#2419);
#1934=AXIS2_PLACEMENT_3D('',#2944,#2420,#2421);
#1935=AXIS2_PLACEMENT_3D('',#2945,#2422,#2423);
#1936=AXIS2_PLACEMENT_3D('',#2946,#2424,#2425);
#1937=AXIS2_PLACEMENT_3D('',#2952,#2429,#2430);
#1938=AXIS2_PLACEMENT_3D('',#2956,#2433,#2434);
#1939=AXIS2_PLACEMENT_3D('',#2960,#2437,#2438);
#1940=AXIS2_PLACEMENT_3D('',#2964,#2441,#2442);
#1941=AXIS2_PLACEMENT_3D('',#2968,#2445,#2446);
#1942=AXIS2_PLACEMENT_3D('',#2970,#2448,#2449);
#1943=AXIS2_PLACEMENT_3D('',#2971,#2450,#2451);
#1944=AXIS2_PLACEMENT_3D('',#2977,#2455,#2456);
#1945=AXIS2_PLACEMENT_3D('',#2981,#2459,#2460);
#1946=AXIS2_PLACEMENT_3D('',#2985,#2463,#2464);
#1947=AXIS2_PLACEMENT_3D('',#2989,#2467,#2468);
#1948=AXIS2_PLACEMENT_3D('',#2993,#2471,#2472);
#1949=AXIS2_PLACEMENT_3D('',#2995,#2474,#2475);
#1950=AXIS2_PLACEMENT_3D('',#2996,#2476,#2477);
#1951=AXIS2_PLACEMENT_3D('',#3002,#2481,#2482);
#1952=AXIS2_PLACEMENT_3D('',#3006,#2485,#2486);
#1953=AXIS2_PLACEMENT_3D('',#3010,#2489,#2490);
#1954=AXIS2_PLACEMENT_3D('',#3014,#2493,#2494);
#1955=AXIS2_PLACEMENT_3D('',#3018,#2497,#2498);
#1956=AXIS2_PLACEMENT_3D('',#3020,#2500,#2501);
#1957=AXIS2_PLACEMENT_3D('',#3021,#2502,#2503);
#1958=AXIS2_PLACEMENT_3D('',#3027,#2507,#2508);
#1959=AXIS2_PLACEMENT_3D('',#3031,#2511,#2512);
#1960=AXIS2_PLACEMENT_3D('',#3035,#2515,#2516);
#1961=AXIS2_PLACEMENT_3D('',#3039,#2519,#2520);
#1962=AXIS2_PLACEMENT_3D('',#3043,#2523,#2524);
#1963=AXIS2_PLACEMENT_3D('',#3045,#2526,#2527);
#1964=DIRECTION('',(0.,0.,1.));
#1965=DIRECTION('',(1.,0.,0.));
#1966=DIRECTION('',(0.,1.,0.));
#1967=DIRECTION('',(1.,0.,0.));
#1968=DIRECTION('',(-0.965925826289068,0.,0.258819045102522));
#1969=DIRECTION('',(-0.707106781186549,0.,-0.707106781186546));
#1970=DIRECTION('',(0.258819045102519,0.,-0.965925826289069));
#1971=DIRECTION('',(0.965925826289068,0.,-0.258819045102522));
#1972=DIRECTION('',(0.707106781186548,0.,0.707106781186547));
#1973=DIRECTION('',(-0.25881904510252,0.,0.965925826289069));
#1974=DIRECTION('',(-0.965925826289068,0.,-0.258819045102522));
#1975=DIRECTION('',(-0.258819045102519,0.,-0.965925826289069));
#1976=DIRECTION('',(0.707106781186549,0.,-0.707106781186546));
#1977=DIRECTION('',(0.965925826289068,0.,0.258819045102522));
#1978=DIRECTION('',(0.25881904510252,0.,0.965925826289069));
#1979=DIRECTION('',(-0.707106781186548,0.,0.707106781186547));
#1980=DIRECTION('',(0.,1.,0.));
#1981=DIRECTION('',(0.,0.,1.));
#1982=DIRECTION('',(0.,1.,0.));
#1983=DIRECTION('',(0.,0.,-1.));
#1984=DIRECTION('',(0.,-1.,0.));
#1985=DIRECTION('',(0.,0.,-1.));
#1986=DIRECTION('',(0.,-1.,0.));
#1987=DIRECTION('',(0.,0.,-1.));
#1988=DIRECTION('',(0.,-1.,0.));
#1989=DIRECTION('',(0.,0.,-1.));
#1990=DIRECTION('',(0.,-1.,0.));
#1991=DIRECTION('',(0.,0.,-1.));
#1992=DIRECTION('',(0.,-1.,0.));
#1993=DIRECTION('',(0.,0.,-1.));
#1994=DIRECTION('',(0.,1.,0.));
#1995=DIRECTION('',(0.,0.,-1.));
#1996=DIRECTION('',(0.,-1.,0.));
#1997=DIRECTION('',(0.,0.,-1.));
#1998=DIRECTION('',(0.,-1.,0.));
#1999=DIRECTION('',(0.,0.,-1.));
#2000=DIRECTION('',(0.,-1.,0.));
#2001=DIRECTION('',(0.,0.,-1.));
#2002=DIRECTION('',(0.,-1.,0.));
#2003=DIRECTION('',(0.,0.,-1.));
#2004=DIRECTION('',(0.,-1.,0.));
#2005=DIRECTION('',(0.,0.,-1.));
#2006=DIRECTION('',(0.,1.,0.));
#2007=DIRECTION('',(0.,0.,-1.));
#2008=DIRECTION('',(0.,-1.,0.));
#2009=DIRECTION('',(0.,0.,-1.));
#2010=DIRECTION('',(0.,-1.,0.));
#2011=DIRECTION('',(0.,0.,-1.));
#2012=DIRECTION('',(0.,-1.,0.));
#2013=DIRECTION('',(0.,0.,-1.));
#2014=DIRECTION('',(0.,-1.,0.));
#2015=DIRECTION('',(0.,0.,-1.));
#2016=DIRECTION('',(0.,-1.,0.));
#2017=DIRECTION('',(0.,0.,-1.));
#2018=DIRECTION('',(0.,1.,0.));
#2019=DIRECTION('',(0.,0.,-1.));
#2020=DIRECTION('',(0.,-1.,0.));
#2021=DIRECTION('',(0.,0.,-1.));
#2022=DIRECTION('',(0.,-1.,0.));
#2023=DIRECTION('',(0.,0.,-1.));
#2024=DIRECTION('',(0.,-1.,0.));
#2025=DIRECTION('',(0.,0.,-1.));
#2026=DIRECTION('',(0.,-1.,0.));
#2027=DIRECTION('',(0.,0.,-1.));
#2028=DIRECTION('',(0.,-1.,0.));
#2029=DIRECTION('',(0.,0.,-1.));
#2030=DIRECTION('',(-0.707106781186549,0.,0.707106781186546));
#2031=DIRECTION('',(-0.965925826289068,0.,-0.258819045102522));
#2032=DIRECTION('',(-0.25881904510252,0.,-0.965925826289069));
#2033=DIRECTION('',(0.707106781186548,0.,-0.707106781186547));
#2034=DIRECTION('',(0.965925826289068,0.,0.258819045102522));
#2035=DIRECTION('',(0.258819045102519,0.,0.965925826289069));
#2036=DIRECTION('',(0.965925826289068,0.,-0.258819045102522));
#2037=DIRECTION('',(0.707106781186549,0.,0.707106781186546));
#2038=DIRECTION('',(-0.258819045102519,0.,0.965925826289069));
#2039=DIRECTION('',(-0.965925826289068,0.,0.258819045102522));
#2040=DIRECTION('',(-0.707106781186548,0.,-0.707106781186547));
#2041=DIRECTION('',(0.25881904510252,0.,-0.965925826289069));
#2042=DIRECTION('',(0.,-1.,0.));
#2043=DIRECTION('',(0.,0.,-1.));
#2044=DIRECTION('',(0.,-1.,0.));
#2045=DIRECTION('',(0.,0.,-1.));
#2046=DIRECTION('',(0.,1.,0.));
#2047=DIRECTION('',(0.,0.,1.));
#2048=DIRECTION('',(0.,-1.,0.));
#2049=DIRECTION('',(0.,0.,-1.));
#2050=DIRECTION('',(0.,-1.,0.));
#2051=DIRECTION('',(0.,0.,-1.));
#2052=DIRECTION('',(0.,1.,0.));
#2053=DIRECTION('',(0.,0.,1.));
#2054=DIRECTION('',(0.,-1.,0.));
#2055=DIRECTION('',(0.,0.,-1.));
#2056=DIRECTION('',(0.,-1.,0.));
#2057=DIRECTION('',(0.,0.,-1.));
#2058=DIRECTION('',(0.,1.,0.));
#2059=DIRECTION('',(0.,0.,1.));
#2060=DIRECTION('',(0.,-1.,0.));
#2061=DIRECTION('',(0.,0.,-1.));
#2062=DIRECTION('',(0.,-1.,0.));
#2063=DIRECTION('',(0.,0.,-1.));
#2064=DIRECTION('',(0.,1.,0.));
#2065=DIRECTION('',(0.,0.,1.));
#2066=DIRECTION('',(0.,-1.,0.));
#2067=DIRECTION('',(0.,0.,1.));
#2068=DIRECTION('',(0.,-1.,0.));
#2069=DIRECTION('',(0.,0.,-1.));
#2070=DIRECTION('',(0.,-1.,0.));
#2071=DIRECTION('',(0.,-1.,0.));
#2072=DIRECTION('',(0.,0.,-1.));
#2073=DIRECTION('',(0.,-1.,0.));
#2074=DIRECTION('',(0.,1.,0.));
#2075=DIRECTION('',(1.,0.,0.));
#2076=DIRECTION('',(0.,1.,0.));
#2077=DIRECTION('',(0.,0.,1.));
#2078=DIRECTION('',(0.,-1.,0.));
#2079=DIRECTION('',(0.,0.,-1.));
#2080=DIRECTION('',(0.,-1.,0.));
#2081=DIRECTION('',(0.,0.,-1.));
#2082=DIRECTION('',(0.,-1.,0.));
#2083=DIRECTION('',(0.,0.,-1.));
#2084=DIRECTION('',(0.,1.,0.));
#2085=DIRECTION('',(0.,0.,1.));
#2086=DIRECTION('',(0.,-1.,0.));
#2087=DIRECTION('',(0.,0.,-1.));
#2088=DIRECTION('',(0.,-1.,0.));
#2089=DIRECTION('',(0.,0.,-1.));
#2090=DIRECTION('',(0.,1.,0.));
#2091=DIRECTION('',(0.,0.,1.));
#2092=DIRECTION('',(0.,-1.,0.));
#2093=DIRECTION('',(0.,0.,-1.));
#2094=DIRECTION('',(0.,-1.,0.));
#2095=DIRECTION('',(0.,0.,-1.));
#2096=DIRECTION('',(0.,-1.,0.));
#2097=DIRECTION('',(0.,0.,-1.));
#2098=DIRECTION('',(0.,-1.,0.));
#2099=DIRECTION('',(0.,0.,-1.));
#2100=DIRECTION('',(0.,-1.,0.));
#2101=DIRECTION('',(0.,0.,-1.));
#2102=DIRECTION('',(0.,-1.,0.));
#2103=DIRECTION('',(0.,0.,-1.));
#2104=DIRECTION('',(0.,-1.,0.));
#2105=DIRECTION('',(0.,0.,-1.));
#2106=DIRECTION('',(0.,-1.,0.));
#2107=DIRECTION('',(0.,0.,-1.));
#2108=DIRECTION('',(0.,-1.,0.));
#2109=DIRECTION('',(0.,0.,-1.));
#2110=DIRECTION('',(0.,1.,0.));
#2111=DIRECTION('',(0.,0.,1.));
#2112=DIRECTION('',(0.,-1.,0.));
#2113=DIRECTION('',(0.,0.,-1.));
#2114=DIRECTION('',(0.,-1.,0.));
#2115=DIRECTION('',(0.,0.,-1.));
#2116=DIRECTION('',(0.,-1.,0.));
#2117=DIRECTION('',(0.,0.,-1.));
#2118=DIRECTION('',(0.,1.,0.));
#2119=DIRECTION('',(0.,0.,1.));
#2120=DIRECTION('',(0.,-1.,0.));
#2121=DIRECTION('',(0.,0.,-1.));
#2122=DIRECTION('',(0.,-1.,0.));
#2123=DIRECTION('',(0.,0.,-1.));
#2124=DIRECTION('',(0.,-1.,0.));
#2125=DIRECTION('',(0.,0.,-1.));
#2126=DIRECTION('',(0.,-1.,0.));
#2127=DIRECTION('',(0.,0.,-1.));
#2128=DIRECTION('',(0.,-1.,0.));
#2129=DIRECTION('',(0.,0.,-1.));
#2130=DIRECTION('',(0.,-1.,0.));
#2131=DIRECTION('',(0.,0.,-1.));
#2132=DIRECTION('',(0.,-1.,0.));
#2133=DIRECTION('',(0.,0.,-1.));
#2134=DIRECTION('',(0.,-1.,0.));
#2135=DIRECTION('',(0.,0.,-1.));
#2136=DIRECTION('',(0.,-1.,0.));
#2137=DIRECTION('',(0.,0.,-1.));
#2138=DIRECTION('',(0.,1.,0.));
#2139=DIRECTION('',(0.,0.,1.));
#2140=DIRECTION('',(0.,-1.,0.));
#2141=DIRECTION('',(0.,0.,-1.));
#2142=DIRECTION('',(0.,-1.,0.));
#2143=DIRECTION('',(0.,0.,-1.));
#2144=DIRECTION('',(0.,-1.,0.));
#2145=DIRECTION('',(0.,0.,-1.));
#2146=DIRECTION('',(0.,1.,0.));
#2147=DIRECTION('',(0.,0.,1.));
#2148=DIRECTION('',(0.,-1.,0.));
#2149=DIRECTION('',(0.,0.,-1.));
#2150=DIRECTION('',(0.,-1.,0.));
#2151=DIRECTION('',(0.,0.,-1.));
#2152=DIRECTION('',(0.,-1.,0.));
#2153=DIRECTION('',(0.,0.,-1.));
#2154=DIRECTION('',(0.,-1.,0.));
#2155=DIRECTION('',(0.,0.,-1.));
#2156=DIRECTION('',(0.,-1.,0.));
#2157=DIRECTION('',(0.,0.,-1.));
#2158=DIRECTION('',(0.,-1.,0.));
#2159=DIRECTION('',(0.,0.,-1.));
#2160=DIRECTION('',(0.,-1.,0.));
#2161=DIRECTION('',(0.,0.,-1.));
#2162=DIRECTION('',(0.,-1.,0.));
#2163=DIRECTION('',(0.,0.,-1.));
#2164=DIRECTION('',(0.,-1.,0.));
#2165=DIRECTION('',(0.,0.,-1.));
#2166=DIRECTION('',(0.,1.,0.));
#2167=DIRECTION('',(0.,0.,1.));
#2168=DIRECTION('',(0.,-1.,0.));
#2169=DIRECTION('',(0.,0.,-1.));
#2170=DIRECTION('',(0.,-1.,0.));
#2171=DIRECTION('',(0.,0.,-1.));
#2172=DIRECTION('',(0.,-1.,0.));
#2173=DIRECTION('',(0.,0.,-1.));
#2174=DIRECTION('',(0.,1.,0.));
#2175=DIRECTION('',(0.,0.,1.));
#2176=DIRECTION('',(0.,-1.,0.));
#2177=DIRECTION('',(0.,0.,-1.));
#2178=DIRECTION('',(0.,-1.,0.));
#2179=DIRECTION('',(0.,0.,-1.));
#2180=DIRECTION('',(0.,-1.,0.));
#2181=DIRECTION('',(0.,0.,-1.));
#2182=DIRECTION('',(0.,-1.,0.));
#2183=DIRECTION('',(0.,0.,-1.));
#2184=DIRECTION('',(0.,-1.,0.));
#2185=DIRECTION('',(0.,0.,-1.));
#2186=DIRECTION('',(0.,-1.,0.));
#2187=DIRECTION('',(0.,0.,-1.));
#2188=DIRECTION('',(0.,-1.,0.));
#2189=DIRECTION('',(0.,0.,1.));
#2190=DIRECTION('',(0.,-1.,0.));
#2191=DIRECTION('',(0.,1.,0.));
#2192=DIRECTION('',(0.,1.,0.));
#2193=DIRECTION('',(0.,0.,-1.));
#2194=DIRECTION('',(0.,1.,0.));
#2195=DIRECTION('',(0.,1.,0.));
#2196=DIRECTION('',(0.,0.,1.));
#2197=DIRECTION('',(0.,1.,0.));
#2198=DIRECTION('',(0.,-1.,0.));
#2199=DIRECTION('',(-1.,0.,0.));
#2200=DIRECTION('',(0.,1.,0.));
#2201=DIRECTION('',(0.,0.,1.));
#2202=DIRECTION('',(0.,1.,0.));
#2203=DIRECTION('',(0.,0.,1.));
#2204=DIRECTION('',(0.,-1.,0.));
#2205=DIRECTION('',(0.,0.,-1.));
#2206=DIRECTION('',(0.,1.,0.));
#2207=DIRECTION('',(0.,0.,1.));
#2208=DIRECTION('',(0.,1.,0.));
#2209=DIRECTION('',(0.,0.,1.));
#2210=DIRECTION('',(0.,1.,0.));
#2211=DIRECTION('',(0.,0.,1.));
#2212=DIRECTION('',(0.,1.,0.));
#2213=DIRECTION('',(0.,0.,-1.));
#2214=DIRECTION('',(0.,1.,0.));
#2215=DIRECTION('',(0.,1.,0.));
#2216=DIRECTION('',(0.,-1.,0.));
#2217=DIRECTION('',(0.,0.,1.));
#2218=DIRECTION('',(0.,-1.,0.));
#2219=DIRECTION('',(0.,-1.,0.));
#2220=DIRECTION('',(0.,-1.,0.));
#2221=DIRECTION('',(0.,1.,0.));
#2222=DIRECTION('',(0.,0.,-1.));
#2223=DIRECTION('',(0.,1.,0.));
#2224=DIRECTION('',(0.,1.,0.));
#2225=DIRECTION('',(0.,1.,0.));
#2226=DIRECTION('',(0.,0.,-1.));
#2227=DIRECTION('',(0.,1.,0.));
#2228=DIRECTION('',(0.,1.,0.));
#2229=DIRECTION('',(0.,-1.,0.));
#2230=DIRECTION('',(0.,0.,1.));
#2231=DIRECTION('',(0.,1.,0.));
#2232=DIRECTION('',(0.,1.,0.));
#2233=DIRECTION('',(0.,0.,-1.));
#2234=DIRECTION('',(0.,1.,0.));
#2235=DIRECTION('',(0.,0.,-1.));
#2236=DIRECTION('',(0.,-1.,0.));
#2237=DIRECTION('',(0.,0.,1.));
#2238=DIRECTION('',(0.,-1.,0.));
#2239=DIRECTION('',(0.,0.,-1.));
#2240=DIRECTION('',(0.,-1.,0.));
#2241=DIRECTION('',(0.,-1.,0.));
#2242=DIRECTION('',(0.,-1.,0.));
#2243=DIRECTION('',(0.,0.,1.));
#2244=DIRECTION('',(0.,-1.,0.));
#2245=DIRECTION('',(0.,1.,0.));
#2246=DIRECTION('',(0.,-1.,0.));
#2247=DIRECTION('',(0.,0.,1.));
#2248=DIRECTION('',(0.,-1.,0.));
#2249=DIRECTION('',(0.,0.,-1.));
#2250=DIRECTION('',(0.,-1.,0.));
#2251=DIRECTION('',(0.,-1.,0.));
#2252=DIRECTION('',(0.,-1.,0.));
#2253=DIRECTION('',(0.,1.,0.));
#2254=DIRECTION('',(0.,0.,-1.));
#2255=DIRECTION('',(0.,1.,0.));
#2256=DIRECTION('',(0.,1.,0.));
#2257=DIRECTION('',(0.,0.,1.));
#2258=DIRECTION('',(0.,1.,0.));
#2259=DIRECTION('',(0.,1.,0.));
#2260=DIRECTION('',(0.,0.,-1.));
#2261=DIRECTION('',(0.,1.,0.));
#2262=DIRECTION('',(0.,0.,1.));
#2263=DIRECTION('',(0.,1.,0.));
#2264=DIRECTION('',(0.,1.,0.));
#2265=DIRECTION('',(0.,-1.,0.));
#2266=DIRECTION('',(-1.,0.,0.));
#2267=DIRECTION('',(0.,1.,0.));
#2268=DIRECTION('',(0.,0.,1.));
#2269=DIRECTION('',(0.,1.,0.));
#2270=DIRECTION('',(0.,0.,1.));
#2271=DIRECTION('',(0.,1.,0.));
#2272=DIRECTION('',(0.,0.,1.));
#2273=DIRECTION('',(0.,1.,0.));
#2274=DIRECTION('',(0.,0.,1.));
#2275=DIRECTION('',(0.,1.,0.));
#2276=DIRECTION('',(0.,0.,-1.));
#2277=DIRECTION('',(0.,1.,0.));
#2278=DIRECTION('',(0.,1.,0.));
#2279=DIRECTION('',(0.,-1.,0.));
#2280=DIRECTION('',(0.,0.,1.));
#2281=DIRECTION('',(0.,1.,0.));
#2282=DIRECTION('',(0.,1.,0.));
#2283=DIRECTION('',(0.,0.,-1.));
#2284=DIRECTION('',(0.,1.,0.));
#2285=DIRECTION('',(0.,0.,-1.));
#2286=DIRECTION('',(0.,-1.,0.));
#2287=DIRECTION('',(0.,0.,1.));
#2288=DIRECTION('',(0.,-1.,0.));
#2289=DIRECTION('',(0.,-1.,0.));
#2290=DIRECTION('',(0.,0.,-1.));
#2291=DIRECTION('',(0.,-1.,0.));
#2292=DIRECTION('',(0.,-1.,0.));
#2293=DIRECTION('',(0.,0.,1.));
#2294=DIRECTION('',(0.,-1.,0.));
#2295=DIRECTION('',(0.,1.,0.));
#2296=DIRECTION('',(0.,1.,0.));
#2297=DIRECTION('',(0.,0.,-1.));
#2298=DIRECTION('',(0.,1.,0.));
#2299=DIRECTION('',(0.,1.,0.));
#2300=DIRECTION('',(0.,0.,1.));
#2301=DIRECTION('',(0.,1.,0.));
#2302=DIRECTION('',(0.,-1.,0.));
#2303=DIRECTION('',(-1.,0.,0.));
#2304=DIRECTION('',(0.,1.,0.));
#2305=DIRECTION('',(0.,0.,1.));
#2306=DIRECTION('',(0.,1.,0.));
#2307=DIRECTION('',(0.,0.,1.));
#2308=DIRECTION('',(0.,-1.,0.));
#2309=DIRECTION('',(0.,0.,-1.));
#2310=DIRECTION('',(0.,1.,0.));
#2311=DIRECTION('',(0.,0.,1.));
#2312=DIRECTION('',(0.,1.,0.));
#2313=DIRECTION('',(0.,0.,1.));
#2314=DIRECTION('',(0.,1.,0.));
#2315=DIRECTION('',(0.,0.,1.));
#2316=DIRECTION('',(0.,1.,0.));
#2317=DIRECTION('',(0.,0.,-1.));
#2318=DIRECTION('',(0.,1.,0.));
#2319=DIRECTION('',(0.,1.,0.));
#2320=DIRECTION('',(0.,-1.,0.));
#2321=DIRECTION('',(0.,0.,1.));
#2322=DIRECTION('',(0.,-1.,0.));
#2323=DIRECTION('',(0.,-1.,0.));
#2324=DIRECTION('',(0.,-1.,0.));
#2325=DIRECTION('',(0.,1.,0.));
#2326=DIRECTION('',(0.,0.,-1.));
#2327=DIRECTION('',(0.,1.,0.));
#2328=DIRECTION('',(0.,1.,0.));
#2329=DIRECTION('',(0.,-1.,0.));
#2330=DIRECTION('',(0.,0.,1.));
#2331=DIRECTION('',(0.,1.,0.));
#2332=DIRECTION('',(0.,1.,0.));
#2333=DIRECTION('',(0.,0.,-1.));
#2334=DIRECTION('',(0.,1.,0.));
#2335=DIRECTION('',(0.,0.,-1.));
#2336=DIRECTION('',(0.,-1.,0.));
#2337=DIRECTION('',(0.,0.,1.));
#2338=DIRECTION('',(0.,-1.,0.));
#2339=DIRECTION('',(0.,-1.,0.));
#2340=DIRECTION('',(0.,0.,-1.));
#2341=DIRECTION('',(0.,-1.,0.));
#2342=DIRECTION('',(0.,-1.,0.));
#2343=DIRECTION('',(0.,0.,1.));
#2344=DIRECTION('',(0.,-1.,0.));
#2345=DIRECTION('',(0.,1.,0.));
#2346=DIRECTION('',(0.,1.,0.));
#2347=DIRECTION('',(0.,0.,-1.));
#2348=DIRECTION('',(0.,1.,0.));
#2349=DIRECTION('',(0.,1.,0.));
#2350=DIRECTION('',(0.,0.,1.));
#2351=DIRECTION('',(0.,1.,0.));
#2352=DIRECTION('',(0.,-1.,0.));
#2353=DIRECTION('',(-1.,0.,0.));
#2354=DIRECTION('',(0.,1.,0.));
#2355=DIRECTION('',(0.,0.,1.));
#2356=DIRECTION('',(0.,1.,0.));
#2357=DIRECTION('',(0.,0.,1.));
#2358=DIRECTION('',(0.,-1.,0.));
#2359=DIRECTION('',(0.,0.,-1.));
#2360=DIRECTION('',(0.,1.,0.));
#2361=DIRECTION('',(0.,0.,1.));
#2362=DIRECTION('',(0.,1.,0.));
#2363=DIRECTION('',(0.,0.,1.));
#2364=DIRECTION('',(0.,1.,0.));
#2365=DIRECTION('',(0.,0.,1.));
#2366=DIRECTION('',(0.,1.,0.));
#2367=DIRECTION('',(0.,0.,-1.));
#2368=DIRECTION('',(0.,1.,0.));
#2369=DIRECTION('',(0.,1.,0.));
#2370=DIRECTION('',(0.,-1.,0.));
#2371=DIRECTION('',(0.,0.,1.));
#2372=DIRECTION('',(0.,-1.,0.));
#2373=DIRECTION('',(0.,-1.,0.));
#2374=DIRECTION('',(0.,-1.,0.));
#2375=DIRECTION('',(0.,-1.,0.));
#2376=DIRECTION('',(0.,0.,1.));
#2377=DIRECTION('',(0.,1.,0.));
#2378=DIRECTION('',(0.,1.,0.));
#2379=DIRECTION('',(0.,0.,-1.));
#2380=DIRECTION('',(0.,1.,0.));
#2381=DIRECTION('',(0.,0.,-1.));
#2382=DIRECTION('',(0.,-1.,0.));
#2383=DIRECTION('',(0.,0.,1.));
#2384=DIRECTION('',(0.,-1.,0.));
#2385=DIRECTION('',(0.,0.,1.));
#2386=DIRECTION('',(0.,-1.,0.));
#2387=DIRECTION('',(0.,0.,1.));
#2388=DIRECTION('',(0.,-1.,0.));
#2389=DIRECTION('',(0.,0.,1.));
#2390=DIRECTION('',(0.,-1.,0.));
#2391=DIRECTION('',(0.,0.,1.));
#2392=DIRECTION('',(0.,-1.,0.));
#2393=DIRECTION('',(0.,0.,1.));
#2394=DIRECTION('',(0.,1.,0.));
#2395=DIRECTION('',(0.,0.,-1.));
#2396=DIRECTION('',(0.,1.,0.));
#2397=DIRECTION('',(0.,0.,-1.));
#2398=DIRECTION('',(0.,1.,0.));
#2399=DIRECTION('',(0.,0.,-1.));
#2400=DIRECTION('',(0.,1.,0.));
#2401=DIRECTION('',(0.,0.,-1.));
#2402=DIRECTION('',(0.,1.,0.));
#2403=DIRECTION('',(0.,0.,-1.));
#2404=DIRECTION('',(0.,1.,0.));
#2405=DIRECTION('',(0.,0.,-1.));
#2406=DIRECTION('',(0.,-1.,0.));
#2407=DIRECTION('',(0.,0.,1.));
#2408=DIRECTION('',(0.,-1.,0.));
#2409=DIRECTION('',(0.,0.,1.));
#2410=DIRECTION('',(0.,1.,0.));
#2411=DIRECTION('',(0.,0.,-1.));
#2412=DIRECTION('',(0.,1.,0.));
#2413=DIRECTION('',(0.,0.,-1.));
#2414=DIRECTION('',(0.,1.,0.));
#2415=DIRECTION('',(0.,0.,1.));
#2416=DIRECTION('',(0.,1.,0.));
#2417=DIRECTION('',(0.,0.,1.));
#2418=DIRECTION('',(0.,1.,0.));
#2419=DIRECTION('',(0.,0.,1.));
#2420=DIRECTION('',(0.,1.,0.));
#2421=DIRECTION('',(0.,0.,1.));
#2422=DIRECTION('',(0.,-1.,0.));
#2423=DIRECTION('',(0.,0.,-1.));
#2424=DIRECTION('',(0.707106781186546,0.,-0.707106781186549));
#2425=DIRECTION('',(-0.707106781186549,0.,-0.707106781186546));
#2426=DIRECTION('',(0.,1.,0.));
#2427=DIRECTION('',(-0.707106781186549,0.,-0.707106781186546));
#2428=DIRECTION('',(0.,1.,0.));
#2429=DIRECTION('',(-0.258819045102522,0.,-0.965925826289068));
#2430=DIRECTION('',(-0.965925826289068,0.,0.258819045102522));
#2431=DIRECTION('',(0.,1.,0.));
#2432=DIRECTION('',(-0.965925826289068,0.,0.258819045102522));
#2433=DIRECTION('',(-0.965925826289069,0.,-0.25881904510252));
#2434=DIRECTION('',(-0.25881904510252,0.,0.965925826289069));
#2435=DIRECTION('',(0.,1.,0.));
#2436=DIRECTION('',(-0.25881904510252,0.,0.965925826289069));
#2437=DIRECTION('',(-0.707106781186547,0.,0.707106781186548));
#2438=DIRECTION('',(0.707106781186548,0.,0.707106781186547));
#2439=DIRECTION('',(0.,1.,0.));
#2440=DIRECTION('',(0.707106781186548,0.,0.707106781186547));
#2441=DIRECTION('',(0.258819045102522,0.,0.965925826289068));
#2442=DIRECTION('',(0.965925826289068,0.,-0.258819045102522));
#2443=DIRECTION('',(0.,1.,0.));
#2444=DIRECTION('',(0.965925826289068,0.,-0.258819045102522));
#2445=DIRECTION('',(0.965925826289069,0.,0.258819045102519));
#2446=DIRECTION('',(0.258819045102519,0.,-0.965925826289069));
#2447=DIRECTION('',(0.258819045102519,0.,-0.965925826289069));
#2448=DIRECTION('',(0.,1.,0.));
#2449=DIRECTION('',(-1.,0.,0.));
#2450=DIRECTION('',(0.258819045102522,0.,-0.965925826289068));
#2451=DIRECTION('',(-0.965925826289068,0.,-0.258819045102522));
#2452=DIRECTION('',(0.,1.,0.));
#2453=DIRECTION('',(-0.965925826289068,0.,-0.258819045102522));
#2454=DIRECTION('',(0.,1.,0.));
#2455=DIRECTION('',(-0.707106781186547,0.,-0.707106781186548));
#2456=DIRECTION('',(-0.707106781186548,0.,0.707106781186547));
#2457=DIRECTION('',(0.,1.,0.));
#2458=DIRECTION('',(-0.707106781186548,0.,0.707106781186547));
#2459=DIRECTION('',(-0.965925826289069,0.,0.25881904510252));
#2460=DIRECTION('',(0.25881904510252,0.,0.965925826289069));
#2461=DIRECTION('',(0.,1.,0.));
#2462=DIRECTION('',(0.25881904510252,0.,0.965925826289069));
#2463=DIRECTION('',(-0.258819045102522,0.,0.965925826289068));
#2464=DIRECTION('',(0.965925826289068,0.,0.258819045102522));
#2465=DIRECTION('',(0.,1.,0.));
#2466=DIRECTION('',(0.965925826289068,0.,0.258819045102522));
#2467=DIRECTION('',(0.707106781186546,0.,0.707106781186549));
#2468=DIRECTION('',(0.707106781186549,0.,-0.707106781186546));
#2469=DIRECTION('',(0.,1.,0.));
#2470=DIRECTION('',(0.707106781186549,0.,-0.707106781186546));
#2471=DIRECTION('',(0.965925826289069,0.,-0.258819045102519));
#2472=DIRECTION('',(-0.258819045102519,0.,-0.965925826289069));
#2473=DIRECTION('',(-0.258819045102519,0.,-0.965925826289069));
#2474=DIRECTION('',(0.,1.,0.));
#2475=DIRECTION('',(-1.,0.,0.));
#2476=DIRECTION('',(-0.707106781186546,0.,0.707106781186549));
#2477=DIRECTION('',(0.707106781186549,0.,0.707106781186546));
#2478=DIRECTION('',(0.,1.,0.));
#2479=DIRECTION('',(0.707106781186549,0.,0.707106781186546));
#2480=DIRECTION('',(0.,1.,0.));
#2481=DIRECTION('',(0.258819045102522,0.,0.965925826289068));
#2482=DIRECTION('',(0.965925826289068,0.,-0.258819045102522));
#2483=DIRECTION('',(0.,1.,0.));
#2484=DIRECTION('',(0.965925826289068,0.,-0.258819045102522));
#2485=DIRECTION('',(0.965925826289069,0.,0.25881904510252));
#2486=DIRECTION('',(0.25881904510252,0.,-0.965925826289069));
#2487=DIRECTION('',(0.,1.,0.));
#2488=DIRECTION('',(0.25881904510252,0.,-0.965925826289069));
#2489=DIRECTION('',(0.707106781186547,0.,-0.707106781186548));
#2490=DIRECTION('',(-0.707106781186548,0.,-0.707106781186547));
#2491=DIRECTION('',(0.,1.,0.));
#2492=DIRECTION('',(-0.707106781186548,0.,-0.707106781186547));
#2493=DIRECTION('',(-0.258819045102522,0.,-0.965925826289068));
#2494=DIRECTION('',(-0.965925826289068,0.,0.258819045102522));
#2495=DIRECTION('',(0.,1.,0.));
#2496=DIRECTION('',(-0.965925826289068,0.,0.258819045102522));
#2497=DIRECTION('',(-0.965925826289069,0.,-0.258819045102519));
#2498=DIRECTION('',(-0.258819045102519,0.,0.965925826289069));
#2499=DIRECTION('',(-0.258819045102519,0.,0.965925826289069));
#2500=DIRECTION('',(0.,1.,0.));
#2501=DIRECTION('',(-1.,0.,0.));
#2502=DIRECTION('',(-0.707106781186546,0.,-0.707106781186549));
#2503=DIRECTION('',(-0.707106781186549,0.,0.707106781186546));
#2504=DIRECTION('',(0.,1.,0.));
#2505=DIRECTION('',(-0.707106781186549,0.,0.707106781186546));
#2506=DIRECTION('',(0.,1.,0.));
#2507=DIRECTION('',(-0.965925826289069,0.,0.258819045102519));
#2508=DIRECTION('',(0.258819045102519,0.,0.965925826289069));
#2509=DIRECTION('',(0.,1.,0.));
#2510=DIRECTION('',(0.258819045102519,0.,0.965925826289069));
#2511=DIRECTION('',(-0.258819045102522,0.,0.965925826289068));
#2512=DIRECTION('',(0.965925826289068,0.,0.258819045102522));
#2513=DIRECTION('',(0.,1.,0.));
#2514=DIRECTION('',(0.965925826289068,0.,0.258819045102522));
#2515=DIRECTION('',(0.707106781186547,0.,0.707106781186548));
#2516=DIRECTION('',(0.707106781186548,0.,-0.707106781186547));
#2517=DIRECTION('',(0.,1.,0.));
#2518=DIRECTION('',(0.707106781186548,0.,-0.707106781186547));
#2519=DIRECTION('',(0.965925826289069,0.,-0.25881904510252));
#2520=DIRECTION('',(-0.25881904510252,0.,-0.965925826289069));
#2521=DIRECTION('',(0.,1.,0.));
#2522=DIRECTION('',(-0.25881904510252,0.,-0.965925826289069));
#2523=DIRECTION('',(0.258819045102522,0.,-0.965925826289068));
#2524=DIRECTION('',(-0.965925826289068,0.,-0.258819045102522));
#2525=DIRECTION('',(-0.965925826289068,0.,-0.258819045102522));
#2526=DIRECTION('',(0.,1.,0.));
#2527=DIRECTION('',(-1.,0.,0.));
#2528=CARTESIAN_POINT('',(0.,0.,0.));
#2529=CARTESIAN_POINT('',(0.,0.005,0.));
#2530=CARTESIAN_POINT('',(-0.0145987187192247,0.005,0.0191302747433736));
#2531=CARTESIAN_POINT('',(-0.0125353118366714,0.005,0.0185773865355367));
#2532=CARTESIAN_POINT('',(-0.016662125601778,0.005,0.0196831629512106));
#2533=CARTESIAN_POINT('',(-0.0181726442764942,0.005,0.0181726442764943));
#2534=CARTESIAN_POINT('',(-0.0196831629512105,0.005,0.016662125601778));
#2535=CARTESIAN_POINT('',(-0.0191302747433736,0.005,0.0145987187192247));
#2536=CARTESIAN_POINT('',(-0.0185773865355367,0.005,0.0125353118366715));
#2537=CARTESIAN_POINT('',(-0.0165139796529834,0.005,0.0119824236288345));
#2538=CARTESIAN_POINT('',(-0.0144505727704301,0.005,0.0114295354209975));
#2539=CARTESIAN_POINT('',(-0.0129400540957138,0.005,0.0129400540957138));
#2540=CARTESIAN_POINT('',(-0.0114295354209975,0.005,0.0144505727704301));
#2541=CARTESIAN_POINT('',(-0.0119824236288345,0.005,0.0165139796529834));
#2542=CARTESIAN_POINT('',(0.0165139796529834,0.005,0.0119824236288345));
#2543=CARTESIAN_POINT('',(0.0185773865355367,0.005,0.0125353118366715));
#2544=CARTESIAN_POINT('',(0.0144505727704301,0.005,0.0114295354209975));
#2545=CARTESIAN_POINT('',(0.0191302747433736,0.005,0.0145987187192247));
#2546=CARTESIAN_POINT('',(0.0196831629512105,0.005,0.016662125601778));
#2547=CARTESIAN_POINT('',(0.0181726442764942,0.005,0.0181726442764943));
#2548=CARTESIAN_POINT('',(0.016662125601778,0.005,0.0196831629512105));
#2549=CARTESIAN_POINT('',(0.0145987187192247,0.005,0.0191302747433736));
#2550=CARTESIAN_POINT('',(0.0125353118366715,0.005,0.0185773865355367));
#2551=CARTESIAN_POINT('',(0.0119824236288345,0.005,0.0165139796529834));
#2552=CARTESIAN_POINT('',(0.0114295354209975,0.005,0.0144505727704301));
#2553=CARTESIAN_POINT('',(0.0129400540957138,0.005,0.0129400540957138));
#2554=CARTESIAN_POINT('',(0.,0.005,2.14313189850787E-18));
#2555=CARTESIAN_POINT('',(0.,0.005,0.034));
#2556=CARTESIAN_POINT('',(-0.00410049040808988,0.005,-0.0153110031792104));
#2557=CARTESIAN_POINT('',(-0.00382811207655673,0.005,-0.0145051653666749));
#2558=CARTESIAN_POINT('',(-0.00358536585365853,0.005,-0.0159879161935799));
#2559=CARTESIAN_POINT('',(1.14925430283463E-17,0.005,-0.022));
#2560=CARTESIAN_POINT('',(0.00358536585365854,0.005,-0.0159879161935799));
#2561=CARTESIAN_POINT('',(0.00410049040808989,0.005,-0.0153110031792104));
#2562=CARTESIAN_POINT('',(0.00382811207655744,0.005,-0.0145051653666746));
#2563=CARTESIAN_POINT('',(0.0042,0.005,-0.0156460857724863));
#2564=CARTESIAN_POINT('',(0.00388888888888889,0.005,-0.0144871164560059));
#2565=CARTESIAN_POINT('',(0.,0.005,9.18485099360515E-19));
#2566=CARTESIAN_POINT('',(0.0144871164560059,0.005,-0.00388888888888889));
#2567=CARTESIAN_POINT('',(0.0156460857724863,0.005,-0.0042));
#2568=CARTESIAN_POINT('',(0.0145051653666748,0.005,-0.00382811207655695));
#2569=CARTESIAN_POINT('',(0.0153110031792104,0.005,-0.00410049040808988));
#2570=CARTESIAN_POINT('',(0.0159879161935799,0.005,-0.00358536585365853));
#2571=CARTESIAN_POINT('',(0.022,0.005,5.42101086242752E-18));
#2572=CARTESIAN_POINT('',(0.0159879161935799,0.005,0.00358536585365854));
#2573=CARTESIAN_POINT('',(0.0153110031792104,0.005,0.0041004904080899));
#2574=CARTESIAN_POINT('',(0.0145051653666747,0.005,0.00382811207655721));
#2575=CARTESIAN_POINT('',(0.0156460857724863,0.005,0.0042));
#2576=CARTESIAN_POINT('',(0.0144871164560059,0.005,0.00388888888888889));
#2577=CARTESIAN_POINT('',(0.,0.005,9.18485099360515E-19));
#2578=CARTESIAN_POINT('',(0.00388888888888888,0.005,0.0144871164560059));
#2579=CARTESIAN_POINT('',(0.0042,0.005,0.0156460857724863));
#2580=CARTESIAN_POINT('',(0.00382811207655673,0.005,0.0145051653666749));
#2581=CARTESIAN_POINT('',(0.00410049040808989,0.005,0.0153110031792104));
#2582=CARTESIAN_POINT('',(0.00358536585365854,0.005,0.0159879161935799));
#2583=CARTESIAN_POINT('',(-7.58941520739853E-18,0.005,0.022));
#2584=CARTESIAN_POINT('',(-0.00358536585365854,0.005,0.0159879161935799));
#2585=CARTESIAN_POINT('',(-0.00410049040808989,0.005,0.0153110031792104));
#2586=CARTESIAN_POINT('',(-0.0038281120765566,0.005,0.0145051653666749));
#2587=CARTESIAN_POINT('',(-0.0042,0.005,0.0156460857724863));
#2588=CARTESIAN_POINT('',(-0.00388888888888889,0.005,0.0144871164560059));
#2589=CARTESIAN_POINT('',(0.,0.005,9.18485099360515E-19));
#2590=CARTESIAN_POINT('',(-0.0144871164560059,0.005,0.00388888888888889));
#2591=CARTESIAN_POINT('',(-0.0156460857724863,0.005,0.0042));
#2592=CARTESIAN_POINT('',(-0.0145051653666747,0.005,0.00382811207655708));
#2593=CARTESIAN_POINT('',(-0.0153110031792104,0.005,0.00410049040808988));
#2594=CARTESIAN_POINT('',(-0.0159879161935799,0.005,0.00358536585365853));
#2595=CARTESIAN_POINT('',(-0.022,0.005,5.42101086242752E-18));
#2596=CARTESIAN_POINT('',(-0.0159879161935799,0.005,-0.00358536585365854));
#2597=CARTESIAN_POINT('',(-0.0153110031792104,0.005,-0.00410049040808989));
#2598=CARTESIAN_POINT('',(-0.0145051653666747,0.005,-0.0038281120765571));
#2599=CARTESIAN_POINT('',(-0.0156460857724863,0.005,-0.0042));
#2600=CARTESIAN_POINT('',(-0.0144871164560059,0.005,-0.00388888888888889));
#2601=CARTESIAN_POINT('',(0.,0.005,9.18485099360515E-19));
#2602=CARTESIAN_POINT('',(-0.00388888888888888,0.005,-0.0144871164560059));
#2603=CARTESIAN_POINT('',(-0.0042,0.005,-0.0156460857724863));
#2604=CARTESIAN_POINT('',(-0.0181726442764942,0.005,-0.0181726442764943));
#2605=CARTESIAN_POINT('',(-0.016662125601778,0.005,-0.0196831629512106));
#2606=CARTESIAN_POINT('',(-0.0196831629512105,0.005,-0.016662125601778));
#2607=CARTESIAN_POINT('',(-0.0145987187192247,0.005,-0.0191302747433736));
#2608=CARTESIAN_POINT('',(-0.0125353118366714,0.005,-0.0185773865355367));
#2609=CARTESIAN_POINT('',(-0.0119824236288345,0.005,-0.0165139796529834));
#2610=CARTESIAN_POINT('',(-0.0114295354209975,0.005,-0.0144505727704301));
#2611=CARTESIAN_POINT('',(-0.0129400540957138,0.005,-0.0129400540957138));
#2612=CARTESIAN_POINT('',(-0.0144505727704301,0.005,-0.0114295354209975));
#2613=CARTESIAN_POINT('',(-0.0165139796529834,0.005,-0.0119824236288345));
#2614=CARTESIAN_POINT('',(-0.0185773865355367,0.005,-0.0125353118366715));
#2615=CARTESIAN_POINT('',(-0.0191302747433736,0.005,-0.0145987187192247));
#2616=CARTESIAN_POINT('',(0.0145987187192247,0.005,-0.0191302747433736));
#2617=CARTESIAN_POINT('',(0.0125353118366714,0.005,-0.0185773865355367));
#2618=CARTESIAN_POINT('',(0.016662125601778,0.005,-0.0196831629512106));
#2619=CARTESIAN_POINT('',(0.0181726442764942,0.005,-0.0181726442764943));
#2620=CARTESIAN_POINT('',(0.0196831629512105,0.005,-0.016662125601778));
#2621=CARTESIAN_POINT('',(0.0191302747433736,0.005,-0.0145987187192247));
#2622=CARTESIAN_POINT('',(0.0185773865355367,0.005,-0.0125353118366715));
#2623=CARTESIAN_POINT('',(0.0165139796529834,0.005,-0.0119824236288345));
#2624=CARTESIAN_POINT('',(0.0144505727704301,0.005,-0.0114295354209975));
#2625=CARTESIAN_POINT('',(0.0129400540957138,0.005,-0.0129400540957138));
#2626=CARTESIAN_POINT('',(0.0114295354209975,0.005,-0.0144505727704301));
#2627=CARTESIAN_POINT('',(0.0119824236288345,0.005,-0.0165139796529834));
#2628=CARTESIAN_POINT('',(-0.015556349186104,0.01,-0.015556349186104));
#2629=CARTESIAN_POINT('',(-0.015556349186104,-0.0025,-0.015556349186104));
#2630=CARTESIAN_POINT('',(-0.015556349186104,-0.0025,-0.017706349186104));
#2631=CARTESIAN_POINT('',(-0.015556349186104,0.,-0.015556349186104));
#2632=CARTESIAN_POINT('',(-0.015556349186104,0.,-0.0134063491861041));
#2633=CARTESIAN_POINT('',(0.015556349186104,0.01,-0.015556349186104));
#2634=CARTESIAN_POINT('',(0.015556349186104,-0.0025,-0.015556349186104));
#2635=CARTESIAN_POINT('',(0.015556349186104,-0.0025,-0.017706349186104));
#2636=CARTESIAN_POINT('',(0.015556349186104,0.,-0.015556349186104));
#2637=CARTESIAN_POINT('',(0.015556349186104,0.,-0.0134063491861041));
#2638=CARTESIAN_POINT('',(0.015556349186104,0.01,0.015556349186104));
#2639=CARTESIAN_POINT('',(0.015556349186104,-0.0025,0.015556349186104));
#2640=CARTESIAN_POINT('',(0.015556349186104,-0.0025,0.0134063491861041));
#2641=CARTESIAN_POINT('',(0.015556349186104,0.,0.015556349186104));
#2642=CARTESIAN_POINT('',(0.015556349186104,0.,0.017706349186104));
#2643=CARTESIAN_POINT('',(-0.015556349186104,0.01,0.015556349186104));
#2644=CARTESIAN_POINT('',(-0.015556349186104,-0.0025,0.015556349186104));
#2645=CARTESIAN_POINT('',(-0.015556349186104,-0.0025,0.0134063491861041));
#2646=CARTESIAN_POINT('',(-0.015556349186104,0.,0.015556349186104));
#2647=CARTESIAN_POINT('',(-0.015556349186104,0.,0.017706349186104));
#2648=CARTESIAN_POINT('',(0.,0.004,1.77573785876366E-18));
#2649=CARTESIAN_POINT('',(0.,0.001,2.69422295812417E-18));
#2650=CARTESIAN_POINT('',(-0.0248257575757575,0.001,-0.0149893882726986));
#2651=CARTESIAN_POINT('',(-0.0149893882726986,0.001,-0.0248257575757575));
#2652=CARTESIAN_POINT('',(-0.0149893882726986,0.004,-0.0248257575757576));
#2653=CARTESIAN_POINT('',(-0.0149893882726986,-0.0025,-0.0248257575757576));
#2654=CARTESIAN_POINT('',(0.,-0.0025,1.77573785876366E-18));
#2655=CARTESIAN_POINT('',(-0.0248257575757576,-0.0025,-0.0149893882726986));
#2656=CARTESIAN_POINT('',(-0.0248257575757576,0.004,-0.0149893882726986));
#2657=CARTESIAN_POINT('',(0.,0.001,0.));
#2658=CARTESIAN_POINT('',(0.,0.001,2.14313189850787E-18));
#2659=CARTESIAN_POINT('',(0.,0.001,0.034));
#2660=CARTESIAN_POINT('',(-0.0042,0.001,-0.0156460857724863));
#2661=CARTESIAN_POINT('',(-0.00388888888888888,0.001,-0.0144871164560059));
#2662=CARTESIAN_POINT('',(-0.00382811207655672,0.001,-0.0145051653666749));
#2663=CARTESIAN_POINT('',(0.,0.001,9.18485099360515E-19));
#2664=CARTESIAN_POINT('',(-0.00954543348085573,0.001,-0.0115708556149733));
#2665=CARTESIAN_POINT('',(-0.0108181579449698,0.001,-0.0131136363636364));
#2666=CARTESIAN_POINT('',(-0.00927270680997414,0.001,-0.0143831168831169));
#2667=CARTESIAN_POINT('',(8.67361737988404E-18,0.001,-0.022));
#2668=CARTESIAN_POINT('',(-0.0119619748777201,0.001,-0.0229545454545455));
#2669=CARTESIAN_POINT('',(-0.0139556373573401,0.001,-0.0231136363636364));
#2670=CARTESIAN_POINT('',(-0.0231136363636364,0.001,-0.0139556373573401));
#2671=CARTESIAN_POINT('',(-0.0229545454545455,0.001,-0.0119619748777201));
#2672=CARTESIAN_POINT('',(-0.022,0.001,1.97357545873575E-18));
#2673=CARTESIAN_POINT('',(-0.0143831168831169,0.001,-0.00927270680997415));
#2674=CARTESIAN_POINT('',(-0.0131136363636364,0.001,-0.0108181579449698));
#2675=CARTESIAN_POINT('',(-0.0115708556149733,0.001,-0.00954543348085574));
#2676=CARTESIAN_POINT('',(0.,0.001,9.18485099360515E-19));
#2677=CARTESIAN_POINT('',(-0.0144871164560059,0.001,-0.00388888888888889));
#2678=CARTESIAN_POINT('',(-0.0156460857724863,0.001,-0.0042));
#2679=CARTESIAN_POINT('',(-0.0145051653666747,0.001,-0.0038281120765571));
#2680=CARTESIAN_POINT('',(-0.0153110031792104,0.001,-0.00410049040808989));
#2681=CARTESIAN_POINT('',(-0.0159879161935799,0.001,-0.00358536585365854));
#2682=CARTESIAN_POINT('',(-0.022,0.001,5.42101086242752E-18));
#2683=CARTESIAN_POINT('',(-0.0159879161935799,0.001,0.00358536585365853));
#2684=CARTESIAN_POINT('',(-0.0153110031792104,0.001,0.00410049040808988));
#2685=CARTESIAN_POINT('',(-0.0145051653666747,0.001,0.00382811207655708));
#2686=CARTESIAN_POINT('',(-0.0156460857724863,0.001,0.0042));
#2687=CARTESIAN_POINT('',(-0.0144871164560059,0.001,0.00388888888888889));
#2688=CARTESIAN_POINT('',(0.,0.001,9.18485099360515E-19));
#2689=CARTESIAN_POINT('',(-0.0115708556149733,0.001,0.00954543348085574));
#2690=CARTESIAN_POINT('',(-0.0131136363636364,0.001,0.0108181579449698));
#2691=CARTESIAN_POINT('',(-0.0143831168831169,0.001,0.00927270680997415));
#2692=CARTESIAN_POINT('',(-0.022,0.001,1.97357545873575E-18));
#2693=CARTESIAN_POINT('',(-0.0229545454545455,0.001,0.0119619748777201));
#2694=CARTESIAN_POINT('',(-0.0231136363636364,0.001,0.0139556373573401));
#2695=CARTESIAN_POINT('',(-0.0248257575757575,0.001,0.0149893882726986));
#2696=CARTESIAN_POINT('',(0.,0.001,2.69422295812417E-18));
#2697=CARTESIAN_POINT('',(-0.0149893882726986,0.001,0.0248257575757575));
#2698=CARTESIAN_POINT('',(-0.0139556373573401,0.001,0.0231136363636364));
#2699=CARTESIAN_POINT('',(-0.0119619748777201,0.001,0.0229545454545455));
#2700=CARTESIAN_POINT('',(-3.46944695195361E-18,0.001,0.022));
#2701=CARTESIAN_POINT('',(-0.00927270680997415,0.001,0.0143831168831169));
#2702=CARTESIAN_POINT('',(-0.0108181579449698,0.001,0.0131136363636364));
#2703=CARTESIAN_POINT('',(-0.00954543348085574,0.001,0.0115708556149733));
#2704=CARTESIAN_POINT('',(0.,0.001,9.18485099360515E-19));
#2705=CARTESIAN_POINT('',(-0.00388888888888889,0.001,0.0144871164560059));
#2706=CARTESIAN_POINT('',(-0.0042,0.001,0.0156460857724863));
#2707=CARTESIAN_POINT('',(-0.00382811207655659,0.001,0.0145051653666749));
#2708=CARTESIAN_POINT('',(-0.00410049040808989,0.001,0.0153110031792104));
#2709=CARTESIAN_POINT('',(-0.00358536585365854,0.001,0.0159879161935799));
#2710=CARTESIAN_POINT('',(-7.58941520739853E-18,0.001,0.022));
#2711=CARTESIAN_POINT('',(0.00358536585365854,0.001,0.0159879161935799));
#2712=CARTESIAN_POINT('',(0.00410049040808989,0.001,0.0153110031792104));
#2713=CARTESIAN_POINT('',(0.00382811207655673,0.001,0.0145051653666749));
#2714=CARTESIAN_POINT('',(0.0042,0.001,0.0156460857724863));
#2715=CARTESIAN_POINT('',(0.00388888888888888,0.001,0.0144871164560059));
#2716=CARTESIAN_POINT('',(0.,0.001,9.18485099360515E-19));
#2717=CARTESIAN_POINT('',(0.00954543348085574,0.001,0.0115708556149733));
#2718=CARTESIAN_POINT('',(0.0108181579449698,0.001,0.0131136363636364));
#2719=CARTESIAN_POINT('',(0.00927270680997414,0.001,0.0143831168831169));
#2720=CARTESIAN_POINT('',(-3.46944695195361E-18,0.001,0.022));
#2721=CARTESIAN_POINT('',(0.0119619748777201,0.001,0.0229545454545455));
#2722=CARTESIAN_POINT('',(0.0139556373573401,0.001,0.0231136363636364));
#2723=CARTESIAN_POINT('',(0.0149893882726986,0.001,0.0248257575757576));
#2724=CARTESIAN_POINT('',(0.,0.001,2.69422295812417E-18));
#2725=CARTESIAN_POINT('',(0.0248257575757575,0.001,0.0149893882726986));
#2726=CARTESIAN_POINT('',(0.0231136363636364,0.001,0.0139556373573401));
#2727=CARTESIAN_POINT('',(0.0229545454545455,0.001,0.0119619748777201));
#2728=CARTESIAN_POINT('',(0.022,0.001,2.03583068647101E-18));
#2729=CARTESIAN_POINT('',(0.0143831168831169,0.001,0.00927270680997415));
#2730=CARTESIAN_POINT('',(0.0131136363636364,0.001,0.0108181579449698));
#2731=CARTESIAN_POINT('',(0.0115708556149733,0.001,0.00954543348085574));
#2732=CARTESIAN_POINT('',(0.,0.001,9.18485099360515E-19));
#2733=CARTESIAN_POINT('',(0.0144871164560059,0.001,0.00388888888888889));
#2734=CARTESIAN_POINT('',(0.0156460857724863,0.001,0.0042));
#2735=CARTESIAN_POINT('',(0.0145051653666747,0.001,0.00382811207655722));
#2736=CARTESIAN_POINT('',(0.0153110031792104,0.001,0.0041004904080899));
#2737=CARTESIAN_POINT('',(0.0159879161935799,0.001,0.00358536585365854));
#2738=CARTESIAN_POINT('',(0.022,0.001,5.42101086242752E-18));
#2739=CARTESIAN_POINT('',(0.0159879161935799,0.001,-0.00358536585365853));
#2740=CARTESIAN_POINT('',(0.0153110031792104,0.001,-0.00410049040808988));
#2741=CARTESIAN_POINT('',(0.0145051653666748,0.001,-0.00382811207655694));
#2742=CARTESIAN_POINT('',(0.0156460857724863,0.001,-0.0042));
#2743=CARTESIAN_POINT('',(0.0144871164560059,0.001,-0.00388888888888889));
#2744=CARTESIAN_POINT('',(0.,0.001,9.18485099360515E-19));
#2745=CARTESIAN_POINT('',(0.0115708556149733,0.001,-0.00954543348085574));
#2746=CARTESIAN_POINT('',(0.0131136363636364,0.001,-0.0108181579449698));
#2747=CARTESIAN_POINT('',(0.0143831168831169,0.001,-0.00927270680997415));
#2748=CARTESIAN_POINT('',(0.022,0.001,2.03583068647101E-18));
#2749=CARTESIAN_POINT('',(0.0229545454545455,0.001,-0.0119619748777201));
#2750=CARTESIAN_POINT('',(0.0231136363636364,0.001,-0.0139556373573401));
#2751=CARTESIAN_POINT('',(0.0248257575757575,0.001,-0.0149893882726986));
#2752=CARTESIAN_POINT('',(0.,0.001,2.69422295812417E-18));
#2753=CARTESIAN_POINT('',(0.0149893882726986,0.001,-0.0248257575757575));
#2754=CARTESIAN_POINT('',(0.0139556373573401,0.001,-0.0231136363636364));
#2755=CARTESIAN_POINT('',(0.0119619748777201,0.001,-0.0229545454545455));
#2756=CARTESIAN_POINT('',(8.67361737988404E-18,0.001,-0.022));
#2757=CARTESIAN_POINT('',(0.00927270680997415,0.001,-0.0143831168831169));
#2758=CARTESIAN_POINT('',(0.0108181579449698,0.001,-0.0131136363636364));
#2759=CARTESIAN_POINT('',(0.00954543348085574,0.001,-0.0115708556149733));
#2760=CARTESIAN_POINT('',(0.,0.001,9.18485099360515E-19));
#2761=CARTESIAN_POINT('',(0.00388888888888889,0.001,-0.0144871164560059));
#2762=CARTESIAN_POINT('',(0.0042,0.001,-0.0156460857724863));
#2763=CARTESIAN_POINT('',(0.00382811207655744,0.001,-0.0145051653666746));
#2764=CARTESIAN_POINT('',(0.00410049040808989,0.001,-0.0153110031792104));
#2765=CARTESIAN_POINT('',(0.00358536585365854,0.001,-0.0159879161935799));
#2766=CARTESIAN_POINT('',(1.14925430283463E-17,0.001,-0.022));
#2767=CARTESIAN_POINT('',(-0.00358536585365853,0.001,-0.0159879161935799));
#2768=CARTESIAN_POINT('',(-0.00410049040808988,0.001,-0.0153110031792104));
#2769=CARTESIAN_POINT('',(-0.0156460857724863,0.004,-0.0042));
#2770=CARTESIAN_POINT('',(-0.0144871164560059,0.004,-0.00388888888888889));
#2771=CARTESIAN_POINT('',(-0.0145051653666747,-0.0085,-0.0038281120765571));
#2772=CARTESIAN_POINT('',(8.67361737988404E-18,-0.0025,-0.022));
#2773=CARTESIAN_POINT('',(-0.00927270680997414,-0.0025,-0.0143831168831169));
#2774=CARTESIAN_POINT('',(-0.00927270680997414,-0.0025,-0.0143831168831169));
#2775=CARTESIAN_POINT('',(8.67361737988404E-18,-0.0025,-0.022));
#2776=CARTESIAN_POINT('',(-0.0119619748777201,-0.0025,-0.0229545454545455));
#2777=CARTESIAN_POINT('',(-0.0119619748777201,-0.0025,-0.0229545454545455));
#2778=CARTESIAN_POINT('',(6.93889390390723E-18,-0.0025,0.));
#2779=CARTESIAN_POINT('',(-0.0139556373573401,-0.0025,-0.0231136363636364));
#2780=CARTESIAN_POINT('',(-0.0108181579449698,-0.0025,-0.0131136363636364));
#2781=CARTESIAN_POINT('',(-0.00954543348085573,-0.0025,-0.0115708556149733));
#2782=CARTESIAN_POINT('',(0.,-0.0025,9.18485099360515E-19));
#2783=CARTESIAN_POINT('',(-0.0115708556149733,-0.0025,-0.00954543348085574));
#2784=CARTESIAN_POINT('',(-0.0131136363636364,-0.0025,-0.0108181579449698));
#2785=CARTESIAN_POINT('',(-0.0143831168831169,-0.0025,-0.00927270680997415));
#2786=CARTESIAN_POINT('',(-0.022,-0.0025,1.97357545873575E-18));
#2787=CARTESIAN_POINT('',(-0.0229545454545455,-0.0025,-0.0119619748777201));
#2788=CARTESIAN_POINT('',(-0.0231136363636364,-0.0025,-0.0139556373573401));
#2789=CARTESIAN_POINT('',(-0.022,-0.0025,1.97357545873575E-18));
#2790=CARTESIAN_POINT('',(-0.0143831168831169,-0.0025,-0.00927270680997415));
#2791=CARTESIAN_POINT('',(-0.0229545454545455,-0.0025,-0.0119619748777201));
#2792=CARTESIAN_POINT('',(0.,0.004,9.18485099360515E-19));
#2793=CARTESIAN_POINT('',(-0.00954543348085573,0.004,-0.0115708556149733));
#2794=CARTESIAN_POINT('',(-0.00388888888888888,0.004,-0.0144871164560059));
#2795=CARTESIAN_POINT('',(-0.0115708556149733,0.004,-0.00954543348085574));
#2796=CARTESIAN_POINT('',(1.14925430283463E-17,-0.021,-0.022));
#2797=CARTESIAN_POINT('',(0.00358536585365854,-0.021,-0.0159879161935799));
#2798=CARTESIAN_POINT('',(-0.00358536585365853,-0.021,-0.0159879161935799));
#2799=CARTESIAN_POINT('',(-0.022,-0.021,5.42101086242752E-18));
#2800=CARTESIAN_POINT('',(-0.0159879161935799,-0.021,-0.00358536585365854));
#2801=CARTESIAN_POINT('',(-0.0159879161935799,-0.021,0.00358536585365854));
#2802=CARTESIAN_POINT('',(-0.0042,0.004,-0.0156460857724863));
#2803=CARTESIAN_POINT('',(-0.00382811207655672,-0.0085,-0.0145051653666749));
#2804=CARTESIAN_POINT('',(-0.0153110031792104,-0.021,-0.00410049040808989));
#2805=CARTESIAN_POINT('',(-0.00410049040808988,-0.021,-0.0153110031792104));
#2806=CARTESIAN_POINT('',(0.,0.004,1.77573785876366E-18));
#2807=CARTESIAN_POINT('',(0.,-0.0025,1.77573785876366E-18));
#2808=CARTESIAN_POINT('',(-0.0149893882726986,-0.0025,0.0248257575757576));
#2809=CARTESIAN_POINT('',(-0.0248257575757576,-0.0025,0.0149893882726986));
#2810=CARTESIAN_POINT('',(-0.0149893882726986,0.004,0.0248257575757576));
#2811=CARTESIAN_POINT('',(-0.0248257575757576,0.004,0.0149893882726986));
#2812=CARTESIAN_POINT('',(-0.0042,0.004,0.0156460857724863));
#2813=CARTESIAN_POINT('',(-0.00388888888888889,0.004,0.0144871164560059));
#2814=CARTESIAN_POINT('',(-0.00382811207655659,-0.0085,0.0145051653666749));
#2815=CARTESIAN_POINT('',(0.,0.004,9.18485099360515E-19));
#2816=CARTESIAN_POINT('',(0.,-0.0025,9.18485099360515E-19));
#2817=CARTESIAN_POINT('',(-0.00954543348085574,-0.0025,0.0115708556149733));
#2818=CARTESIAN_POINT('',(-0.0115708556149733,-0.0025,0.00954543348085574));
#2819=CARTESIAN_POINT('',(-0.0115708556149733,0.004,0.00954543348085574));
#2820=CARTESIAN_POINT('',(-0.0144871164560059,0.004,0.00388888888888889));
#2821=CARTESIAN_POINT('',(-0.00954543348085574,0.004,0.0115708556149733));
#2822=CARTESIAN_POINT('',(-0.022,-0.0025,1.97357545873575E-18));
#2823=CARTESIAN_POINT('',(-0.0143831168831169,-0.0025,0.00927270680997415));
#2824=CARTESIAN_POINT('',(-0.0143831168831169,-0.0025,0.00927270680997415));
#2825=CARTESIAN_POINT('',(-0.022,-0.0025,1.97357545873575E-18));
#2826=CARTESIAN_POINT('',(-0.0229545454545455,-0.0025,0.0119619748777201));
#2827=CARTESIAN_POINT('',(-0.0229545454545455,-0.0025,0.0119619748777201));
#2828=CARTESIAN_POINT('',(-3.46944695195361E-18,-0.0025,0.022));
#2829=CARTESIAN_POINT('',(-3.46944695195361E-18,-0.0025,0.022));
#2830=CARTESIAN_POINT('',(-0.00927270680997415,-0.0025,0.0143831168831169));
#2831=CARTESIAN_POINT('',(-0.0119619748777201,-0.0025,0.0229545454545455));
#2832=CARTESIAN_POINT('',(-0.00927270680997415,-0.0025,0.0143831168831169));
#2833=CARTESIAN_POINT('',(-0.0119619748777201,-0.0025,0.0229545454545455));
#2834=CARTESIAN_POINT('',(6.93889390390723E-18,-0.0025,0.));
#2835=CARTESIAN_POINT('',(-0.0131136363636364,-0.0025,0.0108181579449698));
#2836=CARTESIAN_POINT('',(-0.0108181579449698,-0.0025,0.0131136363636364));
#2837=CARTESIAN_POINT('',(-0.0139556373573401,-0.0025,0.0231136363636364));
#2838=CARTESIAN_POINT('',(-0.0231136363636364,-0.0025,0.0139556373573401));
#2839=CARTESIAN_POINT('',(-7.58941520739853E-18,-0.021,0.022));
#2840=CARTESIAN_POINT('',(-0.00358536585365854,-0.021,0.0159879161935799));
#2841=CARTESIAN_POINT('',(0.00358536585365853,-0.021,0.0159879161935799));
#2842=CARTESIAN_POINT('',(-0.0156460857724863,0.004,0.0042));
#2843=CARTESIAN_POINT('',(-0.0145051653666747,-0.0085,0.00382811207655708));
#2844=CARTESIAN_POINT('',(-0.0153110031792104,-0.021,0.00410049040808988));
#2845=CARTESIAN_POINT('',(-0.00410049040808989,-0.021,0.0153110031792104));
#2846=CARTESIAN_POINT('',(0.,0.004,1.77573785876366E-18));
#2847=CARTESIAN_POINT('',(0.0149893882726986,0.004,0.0248257575757576));
#2848=CARTESIAN_POINT('',(0.0149893882726986,-0.0025,0.0248257575757576));
#2849=CARTESIAN_POINT('',(0.,-0.0025,1.77573785876366E-18));
#2850=CARTESIAN_POINT('',(0.0248257575757576,-0.0025,0.0149893882726986));
#2851=CARTESIAN_POINT('',(0.0248257575757576,0.004,0.0149893882726986));
#2852=CARTESIAN_POINT('',(0.0156460857724863,0.004,0.0042));
#2853=CARTESIAN_POINT('',(0.0144871164560059,0.004,0.00388888888888889));
#2854=CARTESIAN_POINT('',(0.0145051653666747,-0.0085,0.00382811207655722));
#2855=CARTESIAN_POINT('',(-3.46944695195361E-18,-0.0025,0.022));
#2856=CARTESIAN_POINT('',(0.00927270680997415,-0.0025,0.0143831168831169));
#2857=CARTESIAN_POINT('',(0.00927270680997414,-0.0025,0.0143831168831169));
#2858=CARTESIAN_POINT('',(-3.46944695195361E-18,-0.0025,0.022));
#2859=CARTESIAN_POINT('',(0.0119619748777201,-0.0025,0.0229545454545455));
#2860=CARTESIAN_POINT('',(0.0119619748777201,-0.0025,0.0229545454545455));
#2861=CARTESIAN_POINT('',(6.93889390390723E-18,-0.0025,0.));
#2862=CARTESIAN_POINT('',(0.0139556373573401,-0.0025,0.0231136363636364));
#2863=CARTESIAN_POINT('',(0.0108181579449698,-0.0025,0.0131136363636364));
#2864=CARTESIAN_POINT('',(0.00954543348085574,-0.0025,0.0115708556149733));
#2865=CARTESIAN_POINT('',(0.,-0.0025,9.18485099360515E-19));
#2866=CARTESIAN_POINT('',(0.0115708556149733,-0.0025,0.00954543348085574));
#2867=CARTESIAN_POINT('',(0.0131136363636364,-0.0025,0.0108181579449698));
#2868=CARTESIAN_POINT('',(0.0143831168831169,-0.0025,0.00927270680997415));
#2869=CARTESIAN_POINT('',(0.022,-0.0025,2.03583068647101E-18));
#2870=CARTESIAN_POINT('',(0.0229545454545455,-0.0025,0.0119619748777201));
#2871=CARTESIAN_POINT('',(0.0231136363636364,-0.0025,0.0139556373573401));
#2872=CARTESIAN_POINT('',(0.022,-0.0025,2.03583068647101E-18));
#2873=CARTESIAN_POINT('',(0.0143831168831169,-0.0025,0.00927270680997415));
#2874=CARTESIAN_POINT('',(0.0229545454545455,-0.0025,0.0119619748777201));
#2875=CARTESIAN_POINT('',(0.,0.004,9.18485099360515E-19));
#2876=CARTESIAN_POINT('',(0.00388888888888888,0.004,0.0144871164560059));
#2877=CARTESIAN_POINT('',(0.0115708556149733,0.004,0.00954543348085574));
#2878=CARTESIAN_POINT('',(0.00954543348085574,0.004,0.0115708556149733));
#2879=CARTESIAN_POINT('',(0.022,-0.021,5.42101086242752E-18));
#2880=CARTESIAN_POINT('',(0.0159879161935799,-0.021,0.00358536585365854));
#2881=CARTESIAN_POINT('',(0.0159879161935799,-0.021,-0.00358536585365853));
#2882=CARTESIAN_POINT('',(0.0042,0.004,0.0156460857724863));
#2883=CARTESIAN_POINT('',(0.00382811207655673,-0.0085,0.0145051653666749));
#2884=CARTESIAN_POINT('',(0.0153110031792104,-0.021,0.0041004904080899));
#2885=CARTESIAN_POINT('',(0.00410049040808989,-0.021,0.0153110031792104));
#2886=CARTESIAN_POINT('',(0.,0.004,1.77573785876366E-18));
#2887=CARTESIAN_POINT('',(0.0248257575757576,0.004,-0.0149893882726986));
#2888=CARTESIAN_POINT('',(0.0248257575757576,-0.0025,-0.0149893882726986));
#2889=CARTESIAN_POINT('',(0.,-0.0025,1.77573785876366E-18));
#2890=CARTESIAN_POINT('',(0.0149893882726986,-0.0025,-0.0248257575757575));
#2891=CARTESIAN_POINT('',(0.0149893882726986,0.004,-0.0248257575757575));
#2892=CARTESIAN_POINT('',(0.0042,0.004,-0.0156460857724863));
#2893=CARTESIAN_POINT('',(0.0038888888888889,0.004,-0.0144871164560059));
#2894=CARTESIAN_POINT('',(0.00382811207655744,-0.0085,-0.0145051653666746));
#2895=CARTESIAN_POINT('',(0.022,-0.0025,2.03583068647101E-18));
#2896=CARTESIAN_POINT('',(0.0143831168831169,-0.0025,-0.00927270680997415));
#2897=CARTESIAN_POINT('',(0.0143831168831169,-0.0025,-0.00927270680997415));
#2898=CARTESIAN_POINT('',(0.022,-0.0025,2.03583068647101E-18));
#2899=CARTESIAN_POINT('',(0.0229545454545455,-0.0025,-0.0119619748777201));
#2900=CARTESIAN_POINT('',(0.0229545454545455,-0.0025,-0.0119619748777201));
#2901=CARTESIAN_POINT('',(6.93889390390723E-18,-0.0025,0.));
#2902=CARTESIAN_POINT('',(0.0231136363636364,-0.0025,-0.0139556373573401));
#2903=CARTESIAN_POINT('',(0.0131136363636364,-0.0025,-0.0108181579449698));
#2904=CARTESIAN_POINT('',(0.0115708556149733,-0.0025,-0.00954543348085574));
#2905=CARTESIAN_POINT('',(0.,-0.0025,9.18485099360515E-19));
#2906=CARTESIAN_POINT('',(0.00954543348085574,-0.0025,-0.0115708556149733));
#2907=CARTESIAN_POINT('',(0.0108181579449698,-0.0025,-0.0131136363636364));
#2908=CARTESIAN_POINT('',(0.00927270680997415,-0.0025,-0.0143831168831169));
#2909=CARTESIAN_POINT('',(8.67361737988404E-18,-0.0025,-0.022));
#2910=CARTESIAN_POINT('',(0.0119619748777201,-0.0025,-0.0229545454545455));
#2911=CARTESIAN_POINT('',(0.0139556373573401,-0.0025,-0.0231136363636364));
#2912=CARTESIAN_POINT('',(8.67361737988404E-18,-0.0025,-0.022));
#2913=CARTESIAN_POINT('',(0.00927270680997415,-0.0025,-0.0143831168831169));
#2914=CARTESIAN_POINT('',(0.0119619748777201,-0.0025,-0.0229545454545455));
#2915=CARTESIAN_POINT('',(0.,0.004,9.18485099360515E-19));
#2916=CARTESIAN_POINT('',(0.0144871164560059,0.004,-0.00388888888888889));
#2917=CARTESIAN_POINT('',(0.00954543348085574,0.004,-0.0115708556149733));
#2918=CARTESIAN_POINT('',(0.0115708556149733,0.004,-0.00954543348085574));
#2919=CARTESIAN_POINT('',(0.0156460857724863,0.004,-0.0042));
#2920=CARTESIAN_POINT('',(0.0145051653666748,-0.0085,-0.00382811207655694));
#2921=CARTESIAN_POINT('',(0.00410049040808989,-0.021,-0.0153110031792104));
#2922=CARTESIAN_POINT('',(0.0153110031792104,-0.021,-0.00410049040808988));
#2923=CARTESIAN_POINT('',(-0.0231136363636364,-0.0025,0.0139556373573401));
#2924=CARTESIAN_POINT('',(-0.0139556373573401,0.004,0.0231136363636364));
#2925=CARTESIAN_POINT('',(-0.0231136363636364,0.004,-0.0139556373573401));
#2926=CARTESIAN_POINT('',(-0.0139556373573401,-0.0025,-0.0231136363636364));
#2927=CARTESIAN_POINT('',(0.0139556373573401,0.004,-0.0231136363636364));
#2928=CARTESIAN_POINT('',(0.0231136363636364,-0.0025,-0.0139556373573401));
#2929=CARTESIAN_POINT('',(0.0131136363636364,0.004,-0.0108181579449698));
#2930=CARTESIAN_POINT('',(0.0108181579449698,-0.0025,-0.0131136363636364));
#2931=CARTESIAN_POINT('',(-0.0108181579449698,-0.0025,0.0131136363636364));
#2932=CARTESIAN_POINT('',(-0.0131136363636364,0.004,0.0108181579449698));
#2933=CARTESIAN_POINT('',(-0.0131136363636364,-0.0025,-0.0108181579449698));
#2934=CARTESIAN_POINT('',(-0.0108181579449698,0.004,-0.0131136363636364));
#2935=CARTESIAN_POINT('',(0.0231136363636364,0.004,0.0139556373573401));
#2936=CARTESIAN_POINT('',(0.0139556373573401,-0.0025,0.0231136363636364));
#2937=CARTESIAN_POINT('',(0.0108181579449698,0.004,0.0131136363636364));
#2938=CARTESIAN_POINT('',(0.0131136363636364,-0.0025,0.0108181579449698));
#2939=CARTESIAN_POINT('',(0.,0.001,2.14313189850787E-18));
#2940=CARTESIAN_POINT('',(0.,0.002,2.14313189850787E-18));
#2941=CARTESIAN_POINT('',(0.,0.002,0.035));
#2942=CARTESIAN_POINT('',(0.,0.004,2.14313189850787E-18));
#2943=CARTESIAN_POINT('',(0.,0.004,0.035));
#2944=CARTESIAN_POINT('',(0.,0.002,2.14313189850787E-18));
#2945=CARTESIAN_POINT('',(0.,0.005,2.14313189850787E-18));
#2946=CARTESIAN_POINT('',(-0.0181726442764942,0.,0.0181726442764943));
#2947=CARTESIAN_POINT('',(-0.016662125601778,0.,0.0196831629512106));
#2948=CARTESIAN_POINT('',(-0.016662125601778,0.,0.0196831629512106));
#2949=CARTESIAN_POINT('',(-0.0181726442764942,0.,0.0181726442764943));
#2950=CARTESIAN_POINT('',(-0.0196831629512105,0.,0.016662125601778));
#2951=CARTESIAN_POINT('',(-0.0196831629512105,0.,0.016662125601778));
#2952=CARTESIAN_POINT('',(-0.0145987187192247,0.,0.0191302747433736));
#2953=CARTESIAN_POINT('',(-0.0125353118366714,0.,0.0185773865355367));
#2954=CARTESIAN_POINT('',(-0.0125353118366714,0.,0.0185773865355367));
#2955=CARTESIAN_POINT('',(-0.0145987187192247,0.,0.0191302747433736));
#2956=CARTESIAN_POINT('',(-0.0119824236288345,0.,0.0165139796529834));
#2957=CARTESIAN_POINT('',(-0.0114295354209975,0.,0.0144505727704301));
#2958=CARTESIAN_POINT('',(-0.0114295354209975,0.,0.0144505727704301));
#2959=CARTESIAN_POINT('',(-0.0119824236288345,0.,0.0165139796529834));
#2960=CARTESIAN_POINT('',(-0.0129400540957138,0.,0.0129400540957138));
#2961=CARTESIAN_POINT('',(-0.0144505727704301,0.,0.0114295354209975));
#2962=CARTESIAN_POINT('',(-0.0144505727704301,0.,0.0114295354209975));
#2963=CARTESIAN_POINT('',(-0.0129400540957138,0.,0.0129400540957138));
#2964=CARTESIAN_POINT('',(-0.0165139796529834,0.,0.0119824236288345));
#2965=CARTESIAN_POINT('',(-0.0185773865355367,0.,0.0125353118366715));
#2966=CARTESIAN_POINT('',(-0.0185773865355367,0.,0.0125353118366715));
#2967=CARTESIAN_POINT('',(-0.0165139796529834,0.,0.0119824236288345));
#2968=CARTESIAN_POINT('',(-0.0191302747433736,0.,0.0145987187192247));
#2969=CARTESIAN_POINT('',(-0.0191302747433736,0.,0.0145987187192247));
#2970=CARTESIAN_POINT('',(0.,0.,0.));
#2971=CARTESIAN_POINT('',(0.0165139796529834,0.,0.0119824236288345));
#2972=CARTESIAN_POINT('',(0.0144505727704301,0.,0.0114295354209975));
#2973=CARTESIAN_POINT('',(0.0144505727704301,0.,0.0114295354209975));
#2974=CARTESIAN_POINT('',(0.0165139796529834,0.,0.0119824236288345));
#2975=CARTESIAN_POINT('',(0.0185773865355367,0.,0.0125353118366715));
#2976=CARTESIAN_POINT('',(0.0185773865355367,0.,0.0125353118366715));
#2977=CARTESIAN_POINT('',(0.0129400540957138,0.,0.0129400540957138));
#2978=CARTESIAN_POINT('',(0.0114295354209975,0.,0.0144505727704301));
#2979=CARTESIAN_POINT('',(0.0114295354209975,0.,0.0144505727704301));
#2980=CARTESIAN_POINT('',(0.0129400540957138,0.,0.0129400540957138));
#2981=CARTESIAN_POINT('',(0.0119824236288345,0.,0.0165139796529834));
#2982=CARTESIAN_POINT('',(0.0125353118366715,0.,0.0185773865355367));
#2983=CARTESIAN_POINT('',(0.0125353118366715,0.,0.0185773865355367));
#2984=CARTESIAN_POINT('',(0.0119824236288345,0.,0.0165139796529834));
#2985=CARTESIAN_POINT('',(0.0145987187192247,0.,0.0191302747433736));
#2986=CARTESIAN_POINT('',(0.016662125601778,0.,0.0196831629512105));
#2987=CARTESIAN_POINT('',(0.016662125601778,0.,0.0196831629512105));
#2988=CARTESIAN_POINT('',(0.0145987187192247,0.,0.0191302747433736));
#2989=CARTESIAN_POINT('',(0.0181726442764942,0.,0.0181726442764943));
#2990=CARTESIAN_POINT('',(0.0196831629512105,0.,0.016662125601778));
#2991=CARTESIAN_POINT('',(0.0196831629512105,0.,0.016662125601778));
#2992=CARTESIAN_POINT('',(0.0181726442764942,0.,0.0181726442764943));
#2993=CARTESIAN_POINT('',(0.0191302747433736,0.,0.0145987187192247));
#2994=CARTESIAN_POINT('',(0.0191302747433736,0.,0.0145987187192247));
#2995=CARTESIAN_POINT('',(0.,0.,0.));
#2996=CARTESIAN_POINT('',(0.0181726442764942,0.,-0.0181726442764943));
#2997=CARTESIAN_POINT('',(0.016662125601778,0.,-0.0196831629512106));
#2998=CARTESIAN_POINT('',(0.016662125601778,0.,-0.0196831629512106));
#2999=CARTESIAN_POINT('',(0.0181726442764942,0.,-0.0181726442764943));
#3000=CARTESIAN_POINT('',(0.0196831629512105,0.,-0.016662125601778));
#3001=CARTESIAN_POINT('',(0.0196831629512105,0.,-0.016662125601778));
#3002=CARTESIAN_POINT('',(0.0145987187192247,0.,-0.0191302747433736));
#3003=CARTESIAN_POINT('',(0.0125353118366714,0.,-0.0185773865355367));
#3004=CARTESIAN_POINT('',(0.0125353118366714,0.,-0.0185773865355367));
#3005=CARTESIAN_POINT('',(0.0145987187192247,0.,-0.0191302747433736));
#3006=CARTESIAN_POINT('',(0.0119824236288345,0.,-0.0165139796529834));
#3007=CARTESIAN_POINT('',(0.0114295354209975,0.,-0.0144505727704301));
#3008=CARTESIAN_POINT('',(0.0114295354209975,0.,-0.0144505727704301));
#3009=CARTESIAN_POINT('',(0.0119824236288345,0.,-0.0165139796529834));
#3010=CARTESIAN_POINT('',(0.0129400540957138,0.,-0.0129400540957138));
#3011=CARTESIAN_POINT('',(0.0144505727704301,0.,-0.0114295354209975));
#3012=CARTESIAN_POINT('',(0.0144505727704301,0.,-0.0114295354209975));
#3013=CARTESIAN_POINT('',(0.0129400540957138,0.,-0.0129400540957138));
#3014=CARTESIAN_POINT('',(0.0165139796529834,0.,-0.0119824236288345));
#3015=CARTESIAN_POINT('',(0.0185773865355367,0.,-0.0125353118366715));
#3016=CARTESIAN_POINT('',(0.0185773865355367,0.,-0.0125353118366715));
#3017=CARTESIAN_POINT('',(0.0165139796529834,0.,-0.0119824236288345));
#3018=CARTESIAN_POINT('',(0.0191302747433736,0.,-0.0145987187192247));
#3019=CARTESIAN_POINT('',(0.0191302747433736,0.,-0.0145987187192247));
#3020=CARTESIAN_POINT('',(0.,0.,0.));
#3021=CARTESIAN_POINT('',(-0.0181726442764942,0.,-0.0181726442764943));
#3022=CARTESIAN_POINT('',(-0.0196831629512105,0.,-0.016662125601778));
#3023=CARTESIAN_POINT('',(-0.0196831629512105,0.,-0.016662125601778));
#3024=CARTESIAN_POINT('',(-0.0181726442764942,0.,-0.0181726442764943));
#3025=CARTESIAN_POINT('',(-0.016662125601778,0.,-0.0196831629512106));
#3026=CARTESIAN_POINT('',(-0.016662125601778,0.,-0.0196831629512106));
#3027=CARTESIAN_POINT('',(-0.0191302747433736,0.,-0.0145987187192247));
#3028=CARTESIAN_POINT('',(-0.0185773865355367,0.,-0.0125353118366715));
#3029=CARTESIAN_POINT('',(-0.0185773865355367,0.,-0.0125353118366715));
#3030=CARTESIAN_POINT('',(-0.0191302747433736,0.,-0.0145987187192247));
#3031=CARTESIAN_POINT('',(-0.0165139796529834,0.,-0.0119824236288345));
#3032=CARTESIAN_POINT('',(-0.0144505727704301,0.,-0.0114295354209975));
#3033=CARTESIAN_POINT('',(-0.0144505727704301,0.,-0.0114295354209975));
#3034=CARTESIAN_POINT('',(-0.0165139796529834,0.,-0.0119824236288345));
#3035=CARTESIAN_POINT('',(-0.0129400540957138,0.,-0.0129400540957138));
#3036=CARTESIAN_POINT('',(-0.0114295354209975,0.,-0.0144505727704301));
#3037=CARTESIAN_POINT('',(-0.0114295354209975,0.,-0.0144505727704301));
#3038=CARTESIAN_POINT('',(-0.0129400540957138,0.,-0.0129400540957138));
#3039=CARTESIAN_POINT('',(-0.0119824236288345,0.,-0.0165139796529834));
#3040=CARTESIAN_POINT('',(-0.0125353118366714,0.,-0.0185773865355367));
#3041=CARTESIAN_POINT('',(-0.0125353118366714,0.,-0.0185773865355367));
#3042=CARTESIAN_POINT('',(-0.0119824236288345,0.,-0.0165139796529834));
#3043=CARTESIAN_POINT('',(-0.0145987187192247,0.,-0.0191302747433736));
#3044=CARTESIAN_POINT('',(-0.0145987187192247,0.,-0.0191302747433736));
#3045=CARTESIAN_POINT('',(0.,0.,0.));
#3046=MECHANICAL_DESIGN_GEOMETRIC_PRESENTATION_REPRESENTATION('',(#1735),
#3047);
#3047=(
GEOMETRIC_REPRESENTATION_CONTEXT(3)
GLOBAL_UNCERTAINTY_ASSIGNED_CONTEXT((#3048))
GLOBAL_UNIT_ASSIGNED_CONTEXT((#3051,#3050,#3049))
REPRESENTATION_CONTEXT('Output Female','TOP_LEVEL_ASSEMBLY_PART')
);
#3048=UNCERTAINTY_MEASURE_WITH_UNIT(LENGTH_MEASURE(1.E-8),#3051,
'DISTANCE_ACCURACY_VALUE','Maximum Tolerance applied to model');
#3049=(
NAMED_UNIT(*)
SI_UNIT($,.STERADIAN.)
SOLID_ANGLE_UNIT()
);
#3050=(
NAMED_UNIT(*)
PLANE_ANGLE_UNIT()
SI_UNIT($,.RADIAN.)
);
#3051=(
LENGTH_UNIT()
NAMED_UNIT(*)
SI_UNIT($,.METRE.)
);
#3052=PRODUCT_DEFINITION_SHAPE('','',#3053);
#3053=PRODUCT_DEFINITION('','',#3055,#3054);
#3054=PRODUCT_DEFINITION_CONTEXT('',#3061,'design');
#3055=PRODUCT_DEFINITION_FORMATION_WITH_SPECIFIED_SOURCE('','',#3057,
 .NOT_KNOWN.);
#3056=PRODUCT_RELATED_PRODUCT_CATEGORY('','',(#3057));
#3057=PRODUCT('Output Female','Output Female','Output Female',(#3059));
#3058=PRODUCT_CATEGORY('','');
#3059=PRODUCT_CONTEXT('',#3061,'mechanical');
#3060=APPLICATION_PROTOCOL_DEFINITION('international standard',
'ap242_managed_model_based_3d_engineering',2020,#3061);
#3061=APPLICATION_CONTEXT('managed model based 3d engineering');
ENDSEC;
END-ISO-10303-21;
