ISO-10303-21;
HEADER;
/* Generated by software containing ST-Developer
 * from STEP Tools, Inc. (www.steptools.com) 
 */
/* OPTION: using custom renumber hook */

FILE_DESCRIPTION(
/* description */ ('STEP AP242 Edition 2',
'CAx-IF Rec.Pracs.---Representation and Presentation of Product Manufa
cturing Information (PMI)---4.0---2014-10-13',
'CAx-IF Rec.Pracs.---3D Tessellated Geometry---0.4---2014-09-14','2;1',
'CAx-IF Rec.Pracs.---User Defined Attributes---1.5---2016-08-15'),
/* implementation_level */ '2;1');

FILE_NAME(
/* name */ 'Assembly 1 - C1 Clutch',
/* time_stamp */ '2026-06-22T21:27:50Z',
/* author */ (''),
/* organization */ (''),
/* preprocessor_version */ 'ST-DEVELOPER v20',
/* originating_system */ 'ONSHAPE BY PTC INC, 1.216',
/* authorisation */ '  ');

FILE_SCHEMA (('AP242_MANAGED_MODEL_BASED_3D_ENGINEERING_MIM_LF { 1 0 10303 442 3 1 4 }'));
ENDSEC;

DATA;
#10=SHAPE_REPRESENTATION_RELATIONSHIP('','',#3087,#11);
#11=ADVANCED_BREP_SHAPE_REPRESENTATION('',(#3085),#5253);
#12=CONICAL_SURFACE('',#3393,0.015,0.785398163397448);
#13=CONICAL_SURFACE('',#3396,0.015,0.785398163397448);
#14=CONICAL_SURFACE('',#3399,0.015,0.785398163397448);
#15=CONICAL_SURFACE('',#3402,0.015,0.785398163397448);
#16=B_SPLINE_CURVE_WITH_KNOTS('',3,(#5205,#5206,#5207,#5208),
 .UNSPECIFIED.,.F.,.F.,(4,4),(0.,0.0080603090867322),.UNSPECIFIED.);
#17=B_SPLINE_CURVE_WITH_KNOTS('',3,(#5210,#5211,#5212,#5213),
 .UNSPECIFIED.,.F.,.F.,(4,4),(0.,0.00806030908673222),.UNSPECIFIED.);
#18=B_SPLINE_CURVE_WITH_KNOTS('',3,(#5216,#5217,#5218,#5219),
 .UNSPECIFIED.,.F.,.F.,(4,4),(0.,0.00806030908673222),.UNSPECIFIED.);
#19=B_SPLINE_CURVE_WITH_KNOTS('',3,(#5221,#5222,#5223,#5224),
 .UNSPECIFIED.,.F.,.F.,(4,4),(0.,0.00806030908673222),.UNSPECIFIED.);
#20=B_SPLINE_CURVE_WITH_KNOTS('',3,(#5227,#5228,#5229,#5230),
 .UNSPECIFIED.,.F.,.F.,(4,4),(0.,0.00806030908673222),.UNSPECIFIED.);
#21=B_SPLINE_CURVE_WITH_KNOTS('',3,(#5232,#5233,#5234,#5235),
 .UNSPECIFIED.,.F.,.F.,(4,4),(0.,0.00806030908673222),.UNSPECIFIED.);
#22=B_SPLINE_CURVE_WITH_KNOTS('',3,(#5238,#5239,#5240,#5241),
 .UNSPECIFIED.,.F.,.F.,(4,4),(0.,0.0080603090867322),.UNSPECIFIED.);
#23=B_SPLINE_CURVE_WITH_KNOTS('',3,(#5243,#5244,#5245,#5246),
 .UNSPECIFIED.,.F.,.F.,(4,4),(0.,0.0080603090867322),.UNSPECIFIED.);
#24=OVER_RIDING_STYLED_ITEM('',(#3048),#2889,#3046);
#25=OVER_RIDING_STYLED_ITEM('',(#3049),#2966,#3046);
#26=OVER_RIDING_STYLED_ITEM('',(#3050),#2967,#3046);
#27=OVER_RIDING_STYLED_ITEM('',(#3051),#2969,#3046);
#28=OVER_RIDING_STYLED_ITEM('',(#3052),#2970,#3046);
#29=ELLIPSE('',#3097,0.0381837661840736,0.027);
#30=ELLIPSE('',#3099,0.0381837661840735,0.027);
#31=ELLIPSE('',#3101,0.0381837661840736,0.027);
#32=ELLIPSE('',#3103,0.0381837661840735,0.027);
#33=ELLIPSE('',#3305,0.0381837661840736,0.027);
#34=ELLIPSE('',#3306,0.0381837661840735,0.027);
#35=ELLIPSE('',#3310,0.0381837661840736,0.027);
#36=ELLIPSE('',#3312,0.0381837661840735,0.027);
#37=CYLINDRICAL_SURFACE('',#3095,0.027);
#38=CYLINDRICAL_SURFACE('',#3100,0.027);
#39=CYLINDRICAL_SURFACE('',#3104,0.015);
#40=CYLINDRICAL_SURFACE('',#3107,0.015);
#41=CYLINDRICAL_SURFACE('',#3142,0.0359999999999972);
#42=CYLINDRICAL_SURFACE('',#3144,0.0359999999999972);
#43=CYLINDRICAL_SURFACE('',#3146,0.0359999999999972);
#44=CYLINDRICAL_SURFACE('',#3148,0.0359999999999972);
#45=CYLINDRICAL_SURFACE('',#3150,0.0359999999999972);
#46=CYLINDRICAL_SURFACE('',#3152,0.0359999999999972);
#47=CYLINDRICAL_SURFACE('',#3154,0.0359999999999972);
#48=CYLINDRICAL_SURFACE('',#3156,0.0359999999999972);
#49=CYLINDRICAL_SURFACE('',#3158,0.0359999999999972);
#50=CYLINDRICAL_SURFACE('',#3160,0.0359999999999972);
#51=CYLINDRICAL_SURFACE('',#3162,0.0359999999999972);
#52=CYLINDRICAL_SURFACE('',#3164,0.0359999999999972);
#53=CYLINDRICAL_SURFACE('',#3166,0.0359999999999972);
#54=CYLINDRICAL_SURFACE('',#3168,0.0359999999999972);
#55=CYLINDRICAL_SURFACE('',#3170,0.0359999999999972);
#56=CYLINDRICAL_SURFACE('',#3173,0.0359999999999972);
#57=CYLINDRICAL_SURFACE('',#3177,0.047499999999997);
#58=CYLINDRICAL_SURFACE('',#3181,0.0359999999999977);
#59=CYLINDRICAL_SURFACE('',#3185,0.0474999999999978);
#60=CYLINDRICAL_SURFACE('',#3189,0.0359999999999979);
#61=CYLINDRICAL_SURFACE('',#3193,0.0474999999999982);
#62=CYLINDRICAL_SURFACE('',#3197,0.035999999999998);
#63=CYLINDRICAL_SURFACE('',#3201,0.0474999999999977);
#64=CYLINDRICAL_SURFACE('',#3205,0.0359999999999981);
#65=CYLINDRICAL_SURFACE('',#3209,0.0474999999999975);
#66=CYLINDRICAL_SURFACE('',#3213,0.0359999999999982);
#67=CYLINDRICAL_SURFACE('',#3217,0.0474999999999979);
#68=CYLINDRICAL_SURFACE('',#3221,0.0359999999999988);
#69=CYLINDRICAL_SURFACE('',#3225,0.0474999999999994);
#70=CYLINDRICAL_SURFACE('',#3229,0.0359999999999984);
#71=CYLINDRICAL_SURFACE('',#3233,0.0474999999999988);
#72=CYLINDRICAL_SURFACE('',#3237,0.0359999999999987);
#73=CYLINDRICAL_SURFACE('',#3241,0.047499999999997);
#74=CYLINDRICAL_SURFACE('',#3245,0.0359999999999978);
#75=CYLINDRICAL_SURFACE('',#3249,0.0474999999999985);
#76=CYLINDRICAL_SURFACE('',#3253,0.0359999999999966);
#77=CYLINDRICAL_SURFACE('',#3257,0.0475000000000008);
#78=CYLINDRICAL_SURFACE('',#3261,0.0359999999999982);
#79=CYLINDRICAL_SURFACE('',#3265,0.0474999999999976);
#80=CYLINDRICAL_SURFACE('',#3269,0.0359999999999993);
#81=CYLINDRICAL_SURFACE('',#3273,0.0474999999999992);
#82=CYLINDRICAL_SURFACE('',#3277,0.0359999999999971);
#83=CYLINDRICAL_SURFACE('',#3281,0.047499999999997);
#84=CYLINDRICAL_SURFACE('',#3285,0.0359999999999973);
#85=CYLINDRICAL_SURFACE('',#3289,0.0474999999999984);
#86=CYLINDRICAL_SURFACE('',#3294,0.054);
#87=CYLINDRICAL_SURFACE('',#3298,0.045);
#88=CYLINDRICAL_SURFACE('',#3300,0.054);
#89=CYLINDRICAL_SURFACE('',#3304,0.027);
#90=CYLINDRICAL_SURFACE('',#3309,0.027);
#91=CYLINDRICAL_SURFACE('',#3315,0.015);
#92=CYLINDRICAL_SURFACE('',#3318,0.015);
#93=CYLINDRICAL_SURFACE('',#3345,0.0413865756749989);
#94=CYLINDRICAL_SURFACE('',#3348,0.0413865756749993);
#95=CYLINDRICAL_SURFACE('',#3351,0.0413865756749992);
#96=CYLINDRICAL_SURFACE('',#3354,0.0413865756749998);
#97=CYLINDRICAL_SURFACE('',#3357,0.0413865756749993);
#98=CYLINDRICAL_SURFACE('',#3360,0.0413865756749992);
#99=CYLINDRICAL_SURFACE('',#3363,0.0413865756750001);
#100=CYLINDRICAL_SURFACE('',#3366,0.0413865756750007);
#101=CYLINDRICAL_SURFACE('',#3369,0.041386575675);
#102=CYLINDRICAL_SURFACE('',#3372,0.0413865756749981);
#103=CYLINDRICAL_SURFACE('',#3375,0.0413865756749991);
#104=CYLINDRICAL_SURFACE('',#3378,0.041386575675002);
#105=CYLINDRICAL_SURFACE('',#3381,0.041386575674998);
#106=CYLINDRICAL_SURFACE('',#3384,0.0413865756750005);
#107=CYLINDRICAL_SURFACE('',#3385,0.041386575674999);
#108=CYLINDRICAL_SURFACE('',#3404,0.007);
#109=LINE('',#4330,#389);
#110=LINE('',#4334,#390);
#111=LINE('',#4339,#391);
#112=LINE('',#4343,#392);
#113=LINE('',#4350,#393);
#114=LINE('',#4354,#394);
#115=LINE('',#4360,#395);
#116=LINE('',#4364,#396);
#117=LINE('',#4368,#397);
#118=LINE('',#4373,#398);
#119=LINE('',#4377,#399);
#120=LINE('',#4382,#400);
#121=LINE('',#4388,#401);
#122=LINE('',#4393,#402);
#123=LINE('',#4397,#403);
#124=LINE('',#4401,#404);
#125=LINE('',#4405,#405);
#126=LINE('',#4409,#406);
#127=LINE('',#4413,#407);
#128=LINE('',#4417,#408);
#129=LINE('',#4421,#409);
#130=LINE('',#4425,#410);
#131=LINE('',#4429,#411);
#132=LINE('',#4433,#412);
#133=LINE('',#4437,#413);
#134=LINE('',#4441,#414);
#135=LINE('',#4445,#415);
#136=LINE('',#4449,#416);
#137=LINE('',#4453,#417);
#138=LINE('',#4457,#418);
#139=LINE('',#4461,#419);
#140=LINE('',#4465,#420);
#141=LINE('',#4469,#421);
#142=LINE('',#4473,#422);
#143=LINE('',#4477,#423);
#144=LINE('',#4481,#424);
#145=LINE('',#4485,#425);
#146=LINE('',#4489,#426);
#147=LINE('',#4493,#427);
#148=LINE('',#4497,#428);
#149=LINE('',#4501,#429);
#150=LINE('',#4505,#430);
#151=LINE('',#4509,#431);
#152=LINE('',#4513,#432);
#153=LINE('',#4515,#433);
#154=LINE('',#4517,#434);
#155=LINE('',#4521,#435);
#156=LINE('',#4523,#436);
#157=LINE('',#4527,#437);
#158=LINE('',#4529,#438);
#159=LINE('',#4533,#439);
#160=LINE('',#4535,#440);
#161=LINE('',#4539,#441);
#162=LINE('',#4541,#442);
#163=LINE('',#4545,#443);
#164=LINE('',#4547,#444);
#165=LINE('',#4551,#445);
#166=LINE('',#4553,#446);
#167=LINE('',#4557,#447);
#168=LINE('',#4559,#448);
#169=LINE('',#4563,#449);
#170=LINE('',#4565,#450);
#171=LINE('',#4569,#451);
#172=LINE('',#4571,#452);
#173=LINE('',#4575,#453);
#174=LINE('',#4577,#454);
#175=LINE('',#4581,#455);
#176=LINE('',#4583,#456);
#177=LINE('',#4587,#457);
#178=LINE('',#4589,#458);
#179=LINE('',#4593,#459);
#180=LINE('',#4595,#460);
#181=LINE('',#4599,#461);
#182=LINE('',#4602,#462);
#183=LINE('',#4604,#463);
#184=LINE('',#4606,#464);
#185=LINE('',#4608,#465);
#186=LINE('',#4614,#466);
#187=LINE('',#4617,#467);
#188=LINE('',#4618,#468);
#189=LINE('',#4620,#469);
#190=LINE('',#4626,#470);
#191=LINE('',#4629,#471);
#192=LINE('',#4630,#472);
#193=LINE('',#4632,#473);
#194=LINE('',#4638,#474);
#195=LINE('',#4641,#475);
#196=LINE('',#4642,#476);
#197=LINE('',#4644,#477);
#198=LINE('',#4650,#478);
#199=LINE('',#4653,#479);
#200=LINE('',#4654,#480);
#201=LINE('',#4656,#481);
#202=LINE('',#4662,#482);
#203=LINE('',#4665,#483);
#204=LINE('',#4666,#484);
#205=LINE('',#4668,#485);
#206=LINE('',#4674,#486);
#207=LINE('',#4677,#487);
#208=LINE('',#4678,#488);
#209=LINE('',#4680,#489);
#210=LINE('',#4686,#490);
#211=LINE('',#4689,#491);
#212=LINE('',#4690,#492);
#213=LINE('',#4692,#493);
#214=LINE('',#4698,#494);
#215=LINE('',#4701,#495);
#216=LINE('',#4702,#496);
#217=LINE('',#4704,#497);
#218=LINE('',#4710,#498);
#219=LINE('',#4713,#499);
#220=LINE('',#4714,#500);
#221=LINE('',#4716,#501);
#222=LINE('',#4722,#502);
#223=LINE('',#4725,#503);
#224=LINE('',#4726,#504);
#225=LINE('',#4728,#505);
#226=LINE('',#4734,#506);
#227=LINE('',#4737,#507);
#228=LINE('',#4738,#508);
#229=LINE('',#4740,#509);
#230=LINE('',#4746,#510);
#231=LINE('',#4749,#511);
#232=LINE('',#4750,#512);
#233=LINE('',#4752,#513);
#234=LINE('',#4758,#514);
#235=LINE('',#4761,#515);
#236=LINE('',#4762,#516);
#237=LINE('',#4764,#517);
#238=LINE('',#4770,#518);
#239=LINE('',#4773,#519);
#240=LINE('',#4774,#520);
#241=LINE('',#4776,#521);
#242=LINE('',#4782,#522);
#243=LINE('',#4785,#523);
#244=LINE('',#4786,#524);
#245=LINE('',#4788,#525);
#246=LINE('',#4794,#526);
#247=LINE('',#4797,#527);
#248=LINE('',#4798,#528);
#249=LINE('',#4800,#529);
#250=LINE('',#4806,#530);
#251=LINE('',#4809,#531);
#252=LINE('',#4810,#532);
#253=LINE('',#4812,#533);
#254=LINE('',#4818,#534);
#255=LINE('',#4821,#535);
#256=LINE('',#4822,#536);
#257=LINE('',#4824,#537);
#258=LINE('',#4830,#538);
#259=LINE('',#4833,#539);
#260=LINE('',#4834,#540);
#261=LINE('',#4836,#541);
#262=LINE('',#4842,#542);
#263=LINE('',#4845,#543);
#264=LINE('',#4846,#544);
#265=LINE('',#4848,#545);
#266=LINE('',#4854,#546);
#267=LINE('',#4857,#547);
#268=LINE('',#4858,#548);
#269=LINE('',#4860,#549);
#270=LINE('',#4866,#550);
#271=LINE('',#4869,#551);
#272=LINE('',#4870,#552);
#273=LINE('',#4872,#553);
#274=LINE('',#4878,#554);
#275=LINE('',#4881,#555);
#276=LINE('',#4882,#556);
#277=LINE('',#4884,#557);
#278=LINE('',#4890,#558);
#279=LINE('',#4893,#559);
#280=LINE('',#4894,#560);
#281=LINE('',#4896,#561);
#282=LINE('',#4902,#562);
#283=LINE('',#4905,#563);
#284=LINE('',#4906,#564);
#285=LINE('',#4908,#565);
#286=LINE('',#4914,#566);
#287=LINE('',#4917,#567);
#288=LINE('',#4918,#568);
#289=LINE('',#4920,#569);
#290=LINE('',#4926,#570);
#291=LINE('',#4929,#571);
#292=LINE('',#4930,#572);
#293=LINE('',#4932,#573);
#294=LINE('',#4938,#574);
#295=LINE('',#4941,#575);
#296=LINE('',#4942,#576);
#297=LINE('',#4944,#577);
#298=LINE('',#4950,#578);
#299=LINE('',#4953,#579);
#300=LINE('',#4954,#580);
#301=LINE('',#4975,#581);
#302=LINE('',#4978,#582);
#303=LINE('',#4980,#583);
#304=LINE('',#4982,#584);
#305=LINE('',#4987,#585);
#306=LINE('',#4991,#586);
#307=LINE('',#4992,#587);
#308=LINE('',#4994,#588);
#309=LINE('',#5003,#589);
#310=LINE('',#5007,#590);
#311=LINE('',#5008,#591);
#312=LINE('',#5010,#592);
#313=LINE('',#5015,#593);
#314=LINE('',#5019,#594);
#315=LINE('',#5025,#595);
#316=LINE('',#5026,#596);
#317=LINE('',#5030,#597);
#318=LINE('',#5031,#598);
#319=LINE('',#5032,#599);
#320=LINE('',#5036,#600);
#321=LINE('',#5037,#601);
#322=LINE('',#5041,#602);
#323=LINE('',#5042,#603);
#324=LINE('',#5046,#604);
#325=LINE('',#5047,#605);
#326=LINE('',#5051,#606);
#327=LINE('',#5052,#607);
#328=LINE('',#5056,#608);
#329=LINE('',#5057,#609);
#330=LINE('',#5061,#610);
#331=LINE('',#5062,#611);
#332=LINE('',#5066,#612);
#333=LINE('',#5067,#613);
#334=LINE('',#5071,#614);
#335=LINE('',#5072,#615);
#336=LINE('',#5076,#616);
#337=LINE('',#5077,#617);
#338=LINE('',#5081,#618);
#339=LINE('',#5082,#619);
#340=LINE('',#5086,#620);
#341=LINE('',#5087,#621);
#342=LINE('',#5091,#622);
#343=LINE('',#5092,#623);
#344=LINE('',#5096,#624);
#345=LINE('',#5097,#625);
#346=LINE('',#5101,#626);
#347=LINE('',#5102,#627);
#348=LINE('',#5106,#628);
#349=LINE('',#5107,#629);
#350=LINE('',#5108,#630);
#351=LINE('',#5110,#631);
#352=LINE('',#5114,#632);
#353=LINE('',#5119,#633);
#354=LINE('',#5120,#634);
#355=LINE('',#5122,#635);
#356=LINE('',#5124,#636);
#357=LINE('',#5127,#637);
#358=LINE('',#5129,#638);
#359=LINE('',#5132,#639);
#360=LINE('',#5134,#640);
#361=LINE('',#5137,#641);
#362=LINE('',#5139,#642);
#363=LINE('',#5142,#643);
#364=LINE('',#5144,#644);
#365=LINE('',#5147,#645);
#366=LINE('',#5149,#646);
#367=LINE('',#5152,#647);
#368=LINE('',#5154,#648);
#369=LINE('',#5157,#649);
#370=LINE('',#5159,#650);
#371=LINE('',#5162,#651);
#372=LINE('',#5164,#652);
#373=LINE('',#5167,#653);
#374=LINE('',#5169,#654);
#375=LINE('',#5172,#655);
#376=LINE('',#5174,#656);
#377=LINE('',#5177,#657);
#378=LINE('',#5179,#658);
#379=LINE('',#5182,#659);
#380=LINE('',#5184,#660);
#381=LINE('',#5187,#661);
#382=LINE('',#5189,#662);
#383=LINE('',#5192,#663);
#384=LINE('',#5193,#664);
#385=LINE('',#5197,#665);
#386=LINE('',#5199,#666);
#387=LINE('',#5201,#667);
#388=LINE('',#5203,#668);
#389=VECTOR('',#3413,1.);
#390=VECTOR('',#3416,1.);
#391=VECTOR('',#3421,1.);
#392=VECTOR('',#3424,1.);
#393=VECTOR('',#3431,1.);
#394=VECTOR('',#3434,1.);
#395=VECTOR('',#3441,1.);
#396=VECTOR('',#3444,1.);
#397=VECTOR('',#3449,1.);
#398=VECTOR('',#3452,1.);
#399=VECTOR('',#3457,1.);
#400=VECTOR('',#3460,1.);
#401=VECTOR('',#3467,1.);
#402=VECTOR('',#3470,1.);
#403=VECTOR('',#3473,1.);
#404=VECTOR('',#3476,1.);
#405=VECTOR('',#3479,1.);
#406=VECTOR('',#3482,1.);
#407=VECTOR('',#3485,1.);
#408=VECTOR('',#3488,1.);
#409=VECTOR('',#3491,1.);
#410=VECTOR('',#3494,1.);
#411=VECTOR('',#3497,1.);
#412=VECTOR('',#3500,1.);
#413=VECTOR('',#3503,1.);
#414=VECTOR('',#3506,1.);
#415=VECTOR('',#3509,1.);
#416=VECTOR('',#3512,1.);
#417=VECTOR('',#3515,1.);
#418=VECTOR('',#3518,1.);
#419=VECTOR('',#3521,1.);
#420=VECTOR('',#3524,1.);
#421=VECTOR('',#3527,1.);
#422=VECTOR('',#3530,1.);
#423=VECTOR('',#3533,1.);
#424=VECTOR('',#3536,1.);
#425=VECTOR('',#3539,1.);
#426=VECTOR('',#3542,1.);
#427=VECTOR('',#3545,1.);
#428=VECTOR('',#3548,1.);
#429=VECTOR('',#3551,1.);
#430=VECTOR('',#3554,1.);
#431=VECTOR('',#3559,1.);
#432=VECTOR('',#3562,1.);
#433=VECTOR('',#3565,1.);
#434=VECTOR('',#3566,1.);
#435=VECTOR('',#3571,1.);
#436=VECTOR('',#3572,1.);
#437=VECTOR('',#3577,1.);
#438=VECTOR('',#3578,1.);
#439=VECTOR('',#3583,1.);
#440=VECTOR('',#3584,1.);
#441=VECTOR('',#3589,1.);
#442=VECTOR('',#3590,1.);
#443=VECTOR('',#3595,1.);
#444=VECTOR('',#3596,1.);
#445=VECTOR('',#3601,1.);
#446=VECTOR('',#3602,1.);
#447=VECTOR('',#3607,1.);
#448=VECTOR('',#3608,1.);
#449=VECTOR('',#3613,1.);
#450=VECTOR('',#3614,1.);
#451=VECTOR('',#3619,1.);
#452=VECTOR('',#3620,1.);
#453=VECTOR('',#3625,1.);
#454=VECTOR('',#3626,1.);
#455=VECTOR('',#3631,1.);
#456=VECTOR('',#3632,1.);
#457=VECTOR('',#3637,1.);
#458=VECTOR('',#3638,1.);
#459=VECTOR('',#3643,1.);
#460=VECTOR('',#3644,1.);
#461=VECTOR('',#3649,1.);
#462=VECTOR('',#3650,1.);
#463=VECTOR('',#3651,1.);
#464=VECTOR('',#3652,1.);
#465=VECTOR('',#3655,1.);
#466=VECTOR('',#3662,1.);
#467=VECTOR('',#3663,1.);
#468=VECTOR('',#3664,1.);
#469=VECTOR('',#3667,1.);
#470=VECTOR('',#3674,1.);
#471=VECTOR('',#3675,1.);
#472=VECTOR('',#3676,1.);
#473=VECTOR('',#3679,1.);
#474=VECTOR('',#3686,1.);
#475=VECTOR('',#3687,1.);
#476=VECTOR('',#3688,1.);
#477=VECTOR('',#3691,1.);
#478=VECTOR('',#3698,1.);
#479=VECTOR('',#3699,1.);
#480=VECTOR('',#3700,1.);
#481=VECTOR('',#3703,1.);
#482=VECTOR('',#3710,1.);
#483=VECTOR('',#3711,1.);
#484=VECTOR('',#3712,1.);
#485=VECTOR('',#3715,1.);
#486=VECTOR('',#3722,1.);
#487=VECTOR('',#3723,1.);
#488=VECTOR('',#3724,1.);
#489=VECTOR('',#3727,1.);
#490=VECTOR('',#3734,1.);
#491=VECTOR('',#3735,1.);
#492=VECTOR('',#3736,1.);
#493=VECTOR('',#3739,1.);
#494=VECTOR('',#3746,1.);
#495=VECTOR('',#3747,1.);
#496=VECTOR('',#3748,1.);
#497=VECTOR('',#3751,1.);
#498=VECTOR('',#3758,1.);
#499=VECTOR('',#3759,1.);
#500=VECTOR('',#3760,1.);
#501=VECTOR('',#3763,1.);
#502=VECTOR('',#3770,1.);
#503=VECTOR('',#3771,1.);
#504=VECTOR('',#3772,1.);
#505=VECTOR('',#3775,1.);
#506=VECTOR('',#3782,1.);
#507=VECTOR('',#3783,1.);
#508=VECTOR('',#3784,1.);
#509=VECTOR('',#3787,1.);
#510=VECTOR('',#3794,1.);
#511=VECTOR('',#3795,1.);
#512=VECTOR('',#3796,1.);
#513=VECTOR('',#3799,1.);
#514=VECTOR('',#3806,1.);
#515=VECTOR('',#3807,1.);
#516=VECTOR('',#3808,1.);
#517=VECTOR('',#3811,1.);
#518=VECTOR('',#3818,1.);
#519=VECTOR('',#3819,1.);
#520=VECTOR('',#3820,1.);
#521=VECTOR('',#3823,1.);
#522=VECTOR('',#3830,1.);
#523=VECTOR('',#3831,1.);
#524=VECTOR('',#3832,1.);
#525=VECTOR('',#3835,1.);
#526=VECTOR('',#3842,1.);
#527=VECTOR('',#3843,1.);
#528=VECTOR('',#3844,1.);
#529=VECTOR('',#3847,1.);
#530=VECTOR('',#3854,1.);
#531=VECTOR('',#3855,1.);
#532=VECTOR('',#3856,1.);
#533=VECTOR('',#3859,1.);
#534=VECTOR('',#3866,1.);
#535=VECTOR('',#3867,1.);
#536=VECTOR('',#3868,1.);
#537=VECTOR('',#3871,1.);
#538=VECTOR('',#3878,1.);
#539=VECTOR('',#3879,1.);
#540=VECTOR('',#3880,1.);
#541=VECTOR('',#3883,1.);
#542=VECTOR('',#3890,1.);
#543=VECTOR('',#3891,1.);
#544=VECTOR('',#3892,1.);
#545=VECTOR('',#3895,1.);
#546=VECTOR('',#3902,1.);
#547=VECTOR('',#3903,1.);
#548=VECTOR('',#3904,1.);
#549=VECTOR('',#3907,1.);
#550=VECTOR('',#3914,1.);
#551=VECTOR('',#3915,1.);
#552=VECTOR('',#3916,1.);
#553=VECTOR('',#3919,1.);
#554=VECTOR('',#3926,1.);
#555=VECTOR('',#3927,1.);
#556=VECTOR('',#3928,1.);
#557=VECTOR('',#3931,1.);
#558=VECTOR('',#3938,1.);
#559=VECTOR('',#3939,1.);
#560=VECTOR('',#3940,1.);
#561=VECTOR('',#3943,1.);
#562=VECTOR('',#3950,1.);
#563=VECTOR('',#3951,1.);
#564=VECTOR('',#3952,1.);
#565=VECTOR('',#3955,1.);
#566=VECTOR('',#3962,1.);
#567=VECTOR('',#3963,1.);
#568=VECTOR('',#3964,1.);
#569=VECTOR('',#3967,1.);
#570=VECTOR('',#3974,1.);
#571=VECTOR('',#3975,1.);
#572=VECTOR('',#3976,1.);
#573=VECTOR('',#3979,1.);
#574=VECTOR('',#3986,1.);
#575=VECTOR('',#3987,1.);
#576=VECTOR('',#3988,1.);
#577=VECTOR('',#3991,1.);
#578=VECTOR('',#3998,1.);
#579=VECTOR('',#3999,1.);
#580=VECTOR('',#4000,1.);
#581=VECTOR('',#4031,1.);
#582=VECTOR('',#4032,1.);
#583=VECTOR('',#4033,1.);
#584=VECTOR('',#4034,1.);
#585=VECTOR('',#4041,1.);
#586=VECTOR('',#4046,1.);
#587=VECTOR('',#4047,1.);
#588=VECTOR('',#4050,1.);
#589=VECTOR('',#4057,1.);
#590=VECTOR('',#4062,1.);
#591=VECTOR('',#4063,1.);
#592=VECTOR('',#4066,1.);
#593=VECTOR('',#4069,1.);
#594=VECTOR('',#4074,1.);
#595=VECTOR('',#4081,1.);
#596=VECTOR('',#4082,1.);
#597=VECTOR('',#4087,1.);
#598=VECTOR('',#4088,1.);
#599=VECTOR('',#4089,1.);
#600=VECTOR('',#4092,1.);
#601=VECTOR('',#4093,1.);
#602=VECTOR('',#4096,1.);
#603=VECTOR('',#4097,1.);
#604=VECTOR('',#4100,1.);
#605=VECTOR('',#4101,1.);
#606=VECTOR('',#4104,1.);
#607=VECTOR('',#4105,1.);
#608=VECTOR('',#4108,1.);
#609=VECTOR('',#4109,1.);
#610=VECTOR('',#4112,1.);
#611=VECTOR('',#4113,1.);
#612=VECTOR('',#4116,1.);
#613=VECTOR('',#4117,1.);
#614=VECTOR('',#4120,1.);
#615=VECTOR('',#4121,1.);
#616=VECTOR('',#4124,1.);
#617=VECTOR('',#4125,1.);
#618=VECTOR('',#4128,1.);
#619=VECTOR('',#4129,1.);
#620=VECTOR('',#4132,1.);
#621=VECTOR('',#4133,1.);
#622=VECTOR('',#4136,1.);
#623=VECTOR('',#4137,1.);
#624=VECTOR('',#4140,1.);
#625=VECTOR('',#4141,1.);
#626=VECTOR('',#4144,1.);
#627=VECTOR('',#4145,1.);
#628=VECTOR('',#4148,1.);
#629=VECTOR('',#4149,1.);
#630=VECTOR('',#4150,1.);
#631=VECTOR('',#4153,1.);
#632=VECTOR('',#4156,1.);
#633=VECTOR('',#4161,1.);
#634=VECTOR('',#4162,1.);
#635=VECTOR('',#4165,1.);
#636=VECTOR('',#4168,1.);
#637=VECTOR('',#4173,1.);
#638=VECTOR('',#4176,1.);
#639=VECTOR('',#4181,1.);
#640=VECTOR('',#4184,1.);
#641=VECTOR('',#4189,1.);
#642=VECTOR('',#4192,1.);
#643=VECTOR('',#4197,1.);
#644=VECTOR('',#4200,1.);
#645=VECTOR('',#4205,1.);
#646=VECTOR('',#4208,1.);
#647=VECTOR('',#4213,1.);
#648=VECTOR('',#4216,1.);
#649=VECTOR('',#4221,1.);
#650=VECTOR('',#4224,1.);
#651=VECTOR('',#4229,1.);
#652=VECTOR('',#4232,1.);
#653=VECTOR('',#4237,1.);
#654=VECTOR('',#4240,1.);
#655=VECTOR('',#4245,1.);
#656=VECTOR('',#4248,1.);
#657=VECTOR('',#4253,1.);
#658=VECTOR('',#4256,1.);
#659=VECTOR('',#4261,1.);
#660=VECTOR('',#4264,1.);
#661=VECTOR('',#4269,1.);
#662=VECTOR('',#4272,1.);
#663=VECTOR('',#4277,1.);
#664=VECTOR('',#4278,1.);
#665=VECTOR('',#4285,1.);
#666=VECTOR('',#4288,1.);
#667=VECTOR('',#4291,1.);
#668=VECTOR('',#4294,1.);
#669=ORIENTED_EDGE('',*,*,#1557,.T.);
#670=ORIENTED_EDGE('',*,*,#1558,.T.);
#671=ORIENTED_EDGE('',*,*,#1559,.T.);
#672=ORIENTED_EDGE('',*,*,#1560,.T.);
#673=ORIENTED_EDGE('',*,*,#1561,.T.);
#674=ORIENTED_EDGE('',*,*,#1562,.T.);
#675=ORIENTED_EDGE('',*,*,#1563,.T.);
#676=ORIENTED_EDGE('',*,*,#1564,.T.);
#677=ORIENTED_EDGE('',*,*,#1565,.F.);
#678=ORIENTED_EDGE('',*,*,#1566,.T.);
#679=ORIENTED_EDGE('',*,*,#1567,.F.);
#680=ORIENTED_EDGE('',*,*,#1568,.T.);
#681=ORIENTED_EDGE('',*,*,#1569,.T.);
#682=ORIENTED_EDGE('',*,*,#1570,.T.);
#683=ORIENTED_EDGE('',*,*,#1559,.F.);
#684=ORIENTED_EDGE('',*,*,#1571,.T.);
#685=ORIENTED_EDGE('',*,*,#1572,.F.);
#686=ORIENTED_EDGE('',*,*,#1573,.T.);
#687=ORIENTED_EDGE('',*,*,#1574,.T.);
#688=ORIENTED_EDGE('',*,*,#1575,.T.);
#689=ORIENTED_EDGE('',*,*,#1576,.T.);
#690=ORIENTED_EDGE('',*,*,#1577,.T.);
#691=ORIENTED_EDGE('',*,*,#1578,.F.);
#692=ORIENTED_EDGE('',*,*,#1579,.F.);
#693=ORIENTED_EDGE('',*,*,#1580,.T.);
#694=ORIENTED_EDGE('',*,*,#1581,.T.);
#695=ORIENTED_EDGE('',*,*,#1582,.F.);
#696=ORIENTED_EDGE('',*,*,#1583,.F.);
#697=ORIENTED_EDGE('',*,*,#1584,.T.);
#698=ORIENTED_EDGE('',*,*,#1585,.F.);
#699=ORIENTED_EDGE('',*,*,#1586,.F.);
#700=ORIENTED_EDGE('',*,*,#1587,.F.);
#701=ORIENTED_EDGE('',*,*,#1588,.F.);
#702=ORIENTED_EDGE('',*,*,#1589,.F.);
#703=ORIENTED_EDGE('',*,*,#1590,.F.);
#704=ORIENTED_EDGE('',*,*,#1591,.F.);
#705=ORIENTED_EDGE('',*,*,#1592,.F.);
#706=ORIENTED_EDGE('',*,*,#1593,.F.);
#707=ORIENTED_EDGE('',*,*,#1594,.F.);
#708=ORIENTED_EDGE('',*,*,#1595,.F.);
#709=ORIENTED_EDGE('',*,*,#1596,.F.);
#710=ORIENTED_EDGE('',*,*,#1597,.F.);
#711=ORIENTED_EDGE('',*,*,#1598,.F.);
#712=ORIENTED_EDGE('',*,*,#1599,.F.);
#713=ORIENTED_EDGE('',*,*,#1600,.F.);
#714=ORIENTED_EDGE('',*,*,#1601,.F.);
#715=ORIENTED_EDGE('',*,*,#1602,.F.);
#716=ORIENTED_EDGE('',*,*,#1603,.F.);
#717=ORIENTED_EDGE('',*,*,#1604,.F.);
#718=ORIENTED_EDGE('',*,*,#1605,.F.);
#719=ORIENTED_EDGE('',*,*,#1606,.F.);
#720=ORIENTED_EDGE('',*,*,#1607,.F.);
#721=ORIENTED_EDGE('',*,*,#1608,.F.);
#722=ORIENTED_EDGE('',*,*,#1609,.F.);
#723=ORIENTED_EDGE('',*,*,#1610,.F.);
#724=ORIENTED_EDGE('',*,*,#1611,.F.);
#725=ORIENTED_EDGE('',*,*,#1612,.F.);
#726=ORIENTED_EDGE('',*,*,#1613,.F.);
#727=ORIENTED_EDGE('',*,*,#1614,.F.);
#728=ORIENTED_EDGE('',*,*,#1615,.F.);
#729=ORIENTED_EDGE('',*,*,#1616,.F.);
#730=ORIENTED_EDGE('',*,*,#1617,.F.);
#731=ORIENTED_EDGE('',*,*,#1618,.F.);
#732=ORIENTED_EDGE('',*,*,#1619,.F.);
#733=ORIENTED_EDGE('',*,*,#1620,.F.);
#734=ORIENTED_EDGE('',*,*,#1621,.F.);
#735=ORIENTED_EDGE('',*,*,#1622,.F.);
#736=ORIENTED_EDGE('',*,*,#1623,.F.);
#737=ORIENTED_EDGE('',*,*,#1624,.F.);
#738=ORIENTED_EDGE('',*,*,#1625,.F.);
#739=ORIENTED_EDGE('',*,*,#1626,.F.);
#740=ORIENTED_EDGE('',*,*,#1627,.F.);
#741=ORIENTED_EDGE('',*,*,#1628,.F.);
#742=ORIENTED_EDGE('',*,*,#1629,.F.);
#743=ORIENTED_EDGE('',*,*,#1630,.F.);
#744=ORIENTED_EDGE('',*,*,#1631,.F.);
#745=ORIENTED_EDGE('',*,*,#1632,.F.);
#746=ORIENTED_EDGE('',*,*,#1633,.F.);
#747=ORIENTED_EDGE('',*,*,#1634,.F.);
#748=ORIENTED_EDGE('',*,*,#1635,.F.);
#749=ORIENTED_EDGE('',*,*,#1636,.F.);
#750=ORIENTED_EDGE('',*,*,#1637,.F.);
#751=ORIENTED_EDGE('',*,*,#1638,.F.);
#752=ORIENTED_EDGE('',*,*,#1639,.F.);
#753=ORIENTED_EDGE('',*,*,#1640,.F.);
#754=ORIENTED_EDGE('',*,*,#1641,.F.);
#755=ORIENTED_EDGE('',*,*,#1642,.F.);
#756=ORIENTED_EDGE('',*,*,#1643,.F.);
#757=ORIENTED_EDGE('',*,*,#1644,.F.);
#758=ORIENTED_EDGE('',*,*,#1645,.F.);
#759=ORIENTED_EDGE('',*,*,#1646,.F.);
#760=ORIENTED_EDGE('',*,*,#1647,.F.);
#761=ORIENTED_EDGE('',*,*,#1586,.T.);
#762=ORIENTED_EDGE('',*,*,#1648,.F.);
#763=ORIENTED_EDGE('',*,*,#1642,.T.);
#764=ORIENTED_EDGE('',*,*,#1649,.F.);
#765=ORIENTED_EDGE('',*,*,#1650,.F.);
#766=ORIENTED_EDGE('',*,*,#1651,.F.);
#767=ORIENTED_EDGE('',*,*,#1638,.T.);
#768=ORIENTED_EDGE('',*,*,#1652,.F.);
#769=ORIENTED_EDGE('',*,*,#1653,.F.);
#770=ORIENTED_EDGE('',*,*,#1654,.F.);
#771=ORIENTED_EDGE('',*,*,#1634,.T.);
#772=ORIENTED_EDGE('',*,*,#1655,.F.);
#773=ORIENTED_EDGE('',*,*,#1656,.F.);
#774=ORIENTED_EDGE('',*,*,#1657,.F.);
#775=ORIENTED_EDGE('',*,*,#1630,.T.);
#776=ORIENTED_EDGE('',*,*,#1658,.F.);
#777=ORIENTED_EDGE('',*,*,#1659,.F.);
#778=ORIENTED_EDGE('',*,*,#1660,.F.);
#779=ORIENTED_EDGE('',*,*,#1626,.T.);
#780=ORIENTED_EDGE('',*,*,#1661,.F.);
#781=ORIENTED_EDGE('',*,*,#1662,.F.);
#782=ORIENTED_EDGE('',*,*,#1663,.F.);
#783=ORIENTED_EDGE('',*,*,#1622,.T.);
#784=ORIENTED_EDGE('',*,*,#1664,.F.);
#785=ORIENTED_EDGE('',*,*,#1665,.F.);
#786=ORIENTED_EDGE('',*,*,#1666,.F.);
#787=ORIENTED_EDGE('',*,*,#1618,.T.);
#788=ORIENTED_EDGE('',*,*,#1667,.F.);
#789=ORIENTED_EDGE('',*,*,#1668,.F.);
#790=ORIENTED_EDGE('',*,*,#1669,.F.);
#791=ORIENTED_EDGE('',*,*,#1614,.T.);
#792=ORIENTED_EDGE('',*,*,#1670,.F.);
#793=ORIENTED_EDGE('',*,*,#1671,.F.);
#794=ORIENTED_EDGE('',*,*,#1672,.F.);
#795=ORIENTED_EDGE('',*,*,#1610,.T.);
#796=ORIENTED_EDGE('',*,*,#1673,.F.);
#797=ORIENTED_EDGE('',*,*,#1674,.F.);
#798=ORIENTED_EDGE('',*,*,#1675,.F.);
#799=ORIENTED_EDGE('',*,*,#1606,.T.);
#800=ORIENTED_EDGE('',*,*,#1676,.F.);
#801=ORIENTED_EDGE('',*,*,#1677,.F.);
#802=ORIENTED_EDGE('',*,*,#1678,.F.);
#803=ORIENTED_EDGE('',*,*,#1602,.T.);
#804=ORIENTED_EDGE('',*,*,#1679,.F.);
#805=ORIENTED_EDGE('',*,*,#1680,.F.);
#806=ORIENTED_EDGE('',*,*,#1681,.F.);
#807=ORIENTED_EDGE('',*,*,#1598,.T.);
#808=ORIENTED_EDGE('',*,*,#1682,.F.);
#809=ORIENTED_EDGE('',*,*,#1683,.F.);
#810=ORIENTED_EDGE('',*,*,#1684,.F.);
#811=ORIENTED_EDGE('',*,*,#1594,.T.);
#812=ORIENTED_EDGE('',*,*,#1685,.F.);
#813=ORIENTED_EDGE('',*,*,#1686,.F.);
#814=ORIENTED_EDGE('',*,*,#1687,.F.);
#815=ORIENTED_EDGE('',*,*,#1590,.T.);
#816=ORIENTED_EDGE('',*,*,#1688,.F.);
#817=ORIENTED_EDGE('',*,*,#1689,.F.);
#818=ORIENTED_EDGE('',*,*,#1690,.T.);
#819=ORIENTED_EDGE('',*,*,#1691,.T.);
#820=ORIENTED_EDGE('',*,*,#1692,.F.);
#821=ORIENTED_EDGE('',*,*,#1693,.F.);
#822=ORIENTED_EDGE('',*,*,#1694,.T.);
#823=ORIENTED_EDGE('',*,*,#1695,.F.);
#824=ORIENTED_EDGE('',*,*,#1690,.F.);
#825=ORIENTED_EDGE('',*,*,#1696,.T.);
#826=ORIENTED_EDGE('',*,*,#1697,.T.);
#827=ORIENTED_EDGE('',*,*,#1698,.F.);
#828=ORIENTED_EDGE('',*,*,#1694,.F.);
#829=ORIENTED_EDGE('',*,*,#1699,.T.);
#830=ORIENTED_EDGE('',*,*,#1700,.T.);
#831=ORIENTED_EDGE('',*,*,#1701,.F.);
#832=ORIENTED_EDGE('',*,*,#1697,.F.);
#833=ORIENTED_EDGE('',*,*,#1702,.T.);
#834=ORIENTED_EDGE('',*,*,#1703,.T.);
#835=ORIENTED_EDGE('',*,*,#1704,.T.);
#836=ORIENTED_EDGE('',*,*,#1700,.F.);
#837=ORIENTED_EDGE('',*,*,#1705,.F.);
#838=ORIENTED_EDGE('',*,*,#1706,.T.);
#839=ORIENTED_EDGE('',*,*,#1707,.F.);
#840=ORIENTED_EDGE('',*,*,#1703,.F.);
#841=ORIENTED_EDGE('',*,*,#1708,.T.);
#842=ORIENTED_EDGE('',*,*,#1709,.T.);
#843=ORIENTED_EDGE('',*,*,#1710,.F.);
#844=ORIENTED_EDGE('',*,*,#1706,.F.);
#845=ORIENTED_EDGE('',*,*,#1711,.T.);
#846=ORIENTED_EDGE('',*,*,#1712,.T.);
#847=ORIENTED_EDGE('',*,*,#1713,.F.);
#848=ORIENTED_EDGE('',*,*,#1709,.F.);
#849=ORIENTED_EDGE('',*,*,#1714,.T.);
#850=ORIENTED_EDGE('',*,*,#1715,.T.);
#851=ORIENTED_EDGE('',*,*,#1716,.T.);
#852=ORIENTED_EDGE('',*,*,#1712,.F.);
#853=ORIENTED_EDGE('',*,*,#1717,.F.);
#854=ORIENTED_EDGE('',*,*,#1718,.T.);
#855=ORIENTED_EDGE('',*,*,#1719,.F.);
#856=ORIENTED_EDGE('',*,*,#1715,.F.);
#857=ORIENTED_EDGE('',*,*,#1720,.T.);
#858=ORIENTED_EDGE('',*,*,#1721,.T.);
#859=ORIENTED_EDGE('',*,*,#1722,.F.);
#860=ORIENTED_EDGE('',*,*,#1718,.F.);
#861=ORIENTED_EDGE('',*,*,#1723,.T.);
#862=ORIENTED_EDGE('',*,*,#1724,.T.);
#863=ORIENTED_EDGE('',*,*,#1725,.F.);
#864=ORIENTED_EDGE('',*,*,#1721,.F.);
#865=ORIENTED_EDGE('',*,*,#1726,.T.);
#866=ORIENTED_EDGE('',*,*,#1727,.T.);
#867=ORIENTED_EDGE('',*,*,#1728,.T.);
#868=ORIENTED_EDGE('',*,*,#1724,.F.);
#869=ORIENTED_EDGE('',*,*,#1729,.F.);
#870=ORIENTED_EDGE('',*,*,#1730,.T.);
#871=ORIENTED_EDGE('',*,*,#1731,.F.);
#872=ORIENTED_EDGE('',*,*,#1727,.F.);
#873=ORIENTED_EDGE('',*,*,#1732,.T.);
#874=ORIENTED_EDGE('',*,*,#1733,.T.);
#875=ORIENTED_EDGE('',*,*,#1734,.F.);
#876=ORIENTED_EDGE('',*,*,#1730,.F.);
#877=ORIENTED_EDGE('',*,*,#1735,.T.);
#878=ORIENTED_EDGE('',*,*,#1736,.T.);
#879=ORIENTED_EDGE('',*,*,#1737,.F.);
#880=ORIENTED_EDGE('',*,*,#1733,.F.);
#881=ORIENTED_EDGE('',*,*,#1738,.T.);
#882=ORIENTED_EDGE('',*,*,#1739,.T.);
#883=ORIENTED_EDGE('',*,*,#1740,.T.);
#884=ORIENTED_EDGE('',*,*,#1736,.F.);
#885=ORIENTED_EDGE('',*,*,#1741,.F.);
#886=ORIENTED_EDGE('',*,*,#1742,.T.);
#887=ORIENTED_EDGE('',*,*,#1743,.F.);
#888=ORIENTED_EDGE('',*,*,#1739,.F.);
#889=ORIENTED_EDGE('',*,*,#1744,.T.);
#890=ORIENTED_EDGE('',*,*,#1745,.T.);
#891=ORIENTED_EDGE('',*,*,#1746,.F.);
#892=ORIENTED_EDGE('',*,*,#1742,.F.);
#893=ORIENTED_EDGE('',*,*,#1747,.T.);
#894=ORIENTED_EDGE('',*,*,#1748,.T.);
#895=ORIENTED_EDGE('',*,*,#1749,.F.);
#896=ORIENTED_EDGE('',*,*,#1745,.F.);
#897=ORIENTED_EDGE('',*,*,#1750,.T.);
#898=ORIENTED_EDGE('',*,*,#1751,.T.);
#899=ORIENTED_EDGE('',*,*,#1752,.T.);
#900=ORIENTED_EDGE('',*,*,#1748,.F.);
#901=ORIENTED_EDGE('',*,*,#1753,.F.);
#902=ORIENTED_EDGE('',*,*,#1754,.T.);
#903=ORIENTED_EDGE('',*,*,#1755,.F.);
#904=ORIENTED_EDGE('',*,*,#1751,.F.);
#905=ORIENTED_EDGE('',*,*,#1756,.T.);
#906=ORIENTED_EDGE('',*,*,#1757,.T.);
#907=ORIENTED_EDGE('',*,*,#1758,.F.);
#908=ORIENTED_EDGE('',*,*,#1754,.F.);
#909=ORIENTED_EDGE('',*,*,#1759,.T.);
#910=ORIENTED_EDGE('',*,*,#1760,.T.);
#911=ORIENTED_EDGE('',*,*,#1761,.F.);
#912=ORIENTED_EDGE('',*,*,#1757,.F.);
#913=ORIENTED_EDGE('',*,*,#1762,.T.);
#914=ORIENTED_EDGE('',*,*,#1763,.T.);
#915=ORIENTED_EDGE('',*,*,#1764,.T.);
#916=ORIENTED_EDGE('',*,*,#1760,.F.);
#917=ORIENTED_EDGE('',*,*,#1765,.F.);
#918=ORIENTED_EDGE('',*,*,#1766,.T.);
#919=ORIENTED_EDGE('',*,*,#1767,.F.);
#920=ORIENTED_EDGE('',*,*,#1763,.F.);
#921=ORIENTED_EDGE('',*,*,#1768,.T.);
#922=ORIENTED_EDGE('',*,*,#1769,.T.);
#923=ORIENTED_EDGE('',*,*,#1770,.F.);
#924=ORIENTED_EDGE('',*,*,#1766,.F.);
#925=ORIENTED_EDGE('',*,*,#1771,.T.);
#926=ORIENTED_EDGE('',*,*,#1772,.T.);
#927=ORIENTED_EDGE('',*,*,#1773,.F.);
#928=ORIENTED_EDGE('',*,*,#1769,.F.);
#929=ORIENTED_EDGE('',*,*,#1774,.T.);
#930=ORIENTED_EDGE('',*,*,#1775,.T.);
#931=ORIENTED_EDGE('',*,*,#1776,.T.);
#932=ORIENTED_EDGE('',*,*,#1772,.F.);
#933=ORIENTED_EDGE('',*,*,#1777,.F.);
#934=ORIENTED_EDGE('',*,*,#1778,.T.);
#935=ORIENTED_EDGE('',*,*,#1779,.F.);
#936=ORIENTED_EDGE('',*,*,#1775,.F.);
#937=ORIENTED_EDGE('',*,*,#1780,.T.);
#938=ORIENTED_EDGE('',*,*,#1781,.T.);
#939=ORIENTED_EDGE('',*,*,#1782,.F.);
#940=ORIENTED_EDGE('',*,*,#1778,.F.);
#941=ORIENTED_EDGE('',*,*,#1783,.T.);
#942=ORIENTED_EDGE('',*,*,#1784,.T.);
#943=ORIENTED_EDGE('',*,*,#1785,.F.);
#944=ORIENTED_EDGE('',*,*,#1781,.F.);
#945=ORIENTED_EDGE('',*,*,#1786,.T.);
#946=ORIENTED_EDGE('',*,*,#1787,.T.);
#947=ORIENTED_EDGE('',*,*,#1788,.T.);
#948=ORIENTED_EDGE('',*,*,#1784,.F.);
#949=ORIENTED_EDGE('',*,*,#1789,.F.);
#950=ORIENTED_EDGE('',*,*,#1790,.T.);
#951=ORIENTED_EDGE('',*,*,#1791,.F.);
#952=ORIENTED_EDGE('',*,*,#1787,.F.);
#953=ORIENTED_EDGE('',*,*,#1792,.T.);
#954=ORIENTED_EDGE('',*,*,#1793,.T.);
#955=ORIENTED_EDGE('',*,*,#1794,.F.);
#956=ORIENTED_EDGE('',*,*,#1790,.F.);
#957=ORIENTED_EDGE('',*,*,#1795,.T.);
#958=ORIENTED_EDGE('',*,*,#1796,.T.);
#959=ORIENTED_EDGE('',*,*,#1797,.F.);
#960=ORIENTED_EDGE('',*,*,#1793,.F.);
#961=ORIENTED_EDGE('',*,*,#1798,.T.);
#962=ORIENTED_EDGE('',*,*,#1799,.T.);
#963=ORIENTED_EDGE('',*,*,#1800,.T.);
#964=ORIENTED_EDGE('',*,*,#1796,.F.);
#965=ORIENTED_EDGE('',*,*,#1801,.F.);
#966=ORIENTED_EDGE('',*,*,#1802,.T.);
#967=ORIENTED_EDGE('',*,*,#1803,.F.);
#968=ORIENTED_EDGE('',*,*,#1799,.F.);
#969=ORIENTED_EDGE('',*,*,#1804,.T.);
#970=ORIENTED_EDGE('',*,*,#1805,.T.);
#971=ORIENTED_EDGE('',*,*,#1806,.F.);
#972=ORIENTED_EDGE('',*,*,#1802,.F.);
#973=ORIENTED_EDGE('',*,*,#1807,.T.);
#974=ORIENTED_EDGE('',*,*,#1808,.T.);
#975=ORIENTED_EDGE('',*,*,#1809,.F.);
#976=ORIENTED_EDGE('',*,*,#1805,.F.);
#977=ORIENTED_EDGE('',*,*,#1810,.T.);
#978=ORIENTED_EDGE('',*,*,#1811,.T.);
#979=ORIENTED_EDGE('',*,*,#1812,.T.);
#980=ORIENTED_EDGE('',*,*,#1808,.F.);
#981=ORIENTED_EDGE('',*,*,#1813,.F.);
#982=ORIENTED_EDGE('',*,*,#1814,.T.);
#983=ORIENTED_EDGE('',*,*,#1815,.F.);
#984=ORIENTED_EDGE('',*,*,#1811,.F.);
#985=ORIENTED_EDGE('',*,*,#1816,.T.);
#986=ORIENTED_EDGE('',*,*,#1817,.T.);
#987=ORIENTED_EDGE('',*,*,#1818,.F.);
#988=ORIENTED_EDGE('',*,*,#1814,.F.);
#989=ORIENTED_EDGE('',*,*,#1819,.T.);
#990=ORIENTED_EDGE('',*,*,#1820,.T.);
#991=ORIENTED_EDGE('',*,*,#1821,.F.);
#992=ORIENTED_EDGE('',*,*,#1817,.F.);
#993=ORIENTED_EDGE('',*,*,#1822,.T.);
#994=ORIENTED_EDGE('',*,*,#1823,.T.);
#995=ORIENTED_EDGE('',*,*,#1824,.T.);
#996=ORIENTED_EDGE('',*,*,#1820,.F.);
#997=ORIENTED_EDGE('',*,*,#1825,.F.);
#998=ORIENTED_EDGE('',*,*,#1826,.T.);
#999=ORIENTED_EDGE('',*,*,#1827,.F.);
#1000=ORIENTED_EDGE('',*,*,#1823,.F.);
#1001=ORIENTED_EDGE('',*,*,#1828,.T.);
#1002=ORIENTED_EDGE('',*,*,#1829,.T.);
#1003=ORIENTED_EDGE('',*,*,#1830,.F.);
#1004=ORIENTED_EDGE('',*,*,#1826,.F.);
#1005=ORIENTED_EDGE('',*,*,#1831,.T.);
#1006=ORIENTED_EDGE('',*,*,#1832,.T.);
#1007=ORIENTED_EDGE('',*,*,#1833,.F.);
#1008=ORIENTED_EDGE('',*,*,#1829,.F.);
#1009=ORIENTED_EDGE('',*,*,#1834,.T.);
#1010=ORIENTED_EDGE('',*,*,#1835,.T.);
#1011=ORIENTED_EDGE('',*,*,#1836,.T.);
#1012=ORIENTED_EDGE('',*,*,#1832,.F.);
#1013=ORIENTED_EDGE('',*,*,#1837,.F.);
#1014=ORIENTED_EDGE('',*,*,#1838,.T.);
#1015=ORIENTED_EDGE('',*,*,#1839,.F.);
#1016=ORIENTED_EDGE('',*,*,#1835,.F.);
#1017=ORIENTED_EDGE('',*,*,#1840,.T.);
#1018=ORIENTED_EDGE('',*,*,#1841,.T.);
#1019=ORIENTED_EDGE('',*,*,#1842,.F.);
#1020=ORIENTED_EDGE('',*,*,#1838,.F.);
#1021=ORIENTED_EDGE('',*,*,#1843,.T.);
#1022=ORIENTED_EDGE('',*,*,#1844,.T.);
#1023=ORIENTED_EDGE('',*,*,#1845,.F.);
#1024=ORIENTED_EDGE('',*,*,#1841,.F.);
#1025=ORIENTED_EDGE('',*,*,#1846,.T.);
#1026=ORIENTED_EDGE('',*,*,#1847,.T.);
#1027=ORIENTED_EDGE('',*,*,#1848,.T.);
#1028=ORIENTED_EDGE('',*,*,#1844,.F.);
#1029=ORIENTED_EDGE('',*,*,#1849,.F.);
#1030=ORIENTED_EDGE('',*,*,#1850,.T.);
#1031=ORIENTED_EDGE('',*,*,#1851,.F.);
#1032=ORIENTED_EDGE('',*,*,#1847,.F.);
#1033=ORIENTED_EDGE('',*,*,#1852,.T.);
#1034=ORIENTED_EDGE('',*,*,#1853,.T.);
#1035=ORIENTED_EDGE('',*,*,#1854,.F.);
#1036=ORIENTED_EDGE('',*,*,#1850,.F.);
#1037=ORIENTED_EDGE('',*,*,#1855,.T.);
#1038=ORIENTED_EDGE('',*,*,#1856,.T.);
#1039=ORIENTED_EDGE('',*,*,#1857,.F.);
#1040=ORIENTED_EDGE('',*,*,#1853,.F.);
#1041=ORIENTED_EDGE('',*,*,#1858,.T.);
#1042=ORIENTED_EDGE('',*,*,#1859,.T.);
#1043=ORIENTED_EDGE('',*,*,#1860,.T.);
#1044=ORIENTED_EDGE('',*,*,#1856,.F.);
#1045=ORIENTED_EDGE('',*,*,#1861,.F.);
#1046=ORIENTED_EDGE('',*,*,#1862,.T.);
#1047=ORIENTED_EDGE('',*,*,#1863,.F.);
#1048=ORIENTED_EDGE('',*,*,#1859,.F.);
#1049=ORIENTED_EDGE('',*,*,#1864,.T.);
#1050=ORIENTED_EDGE('',*,*,#1865,.T.);
#1051=ORIENTED_EDGE('',*,*,#1866,.F.);
#1052=ORIENTED_EDGE('',*,*,#1862,.F.);
#1053=ORIENTED_EDGE('',*,*,#1867,.T.);
#1054=ORIENTED_EDGE('',*,*,#1692,.T.);
#1055=ORIENTED_EDGE('',*,*,#1868,.F.);
#1056=ORIENTED_EDGE('',*,*,#1865,.F.);
#1057=ORIENTED_EDGE('',*,*,#1869,.T.);
#1058=ORIENTED_EDGE('',*,*,#1870,.F.);
#1059=ORIENTED_EDGE('',*,*,#1868,.T.);
#1060=ORIENTED_EDGE('',*,*,#1691,.F.);
#1061=ORIENTED_EDGE('',*,*,#1695,.T.);
#1062=ORIENTED_EDGE('',*,*,#1698,.T.);
#1063=ORIENTED_EDGE('',*,*,#1701,.T.);
#1064=ORIENTED_EDGE('',*,*,#1704,.F.);
#1065=ORIENTED_EDGE('',*,*,#1707,.T.);
#1066=ORIENTED_EDGE('',*,*,#1710,.T.);
#1067=ORIENTED_EDGE('',*,*,#1713,.T.);
#1068=ORIENTED_EDGE('',*,*,#1716,.F.);
#1069=ORIENTED_EDGE('',*,*,#1719,.T.);
#1070=ORIENTED_EDGE('',*,*,#1722,.T.);
#1071=ORIENTED_EDGE('',*,*,#1725,.T.);
#1072=ORIENTED_EDGE('',*,*,#1728,.F.);
#1073=ORIENTED_EDGE('',*,*,#1731,.T.);
#1074=ORIENTED_EDGE('',*,*,#1734,.T.);
#1075=ORIENTED_EDGE('',*,*,#1737,.T.);
#1076=ORIENTED_EDGE('',*,*,#1740,.F.);
#1077=ORIENTED_EDGE('',*,*,#1743,.T.);
#1078=ORIENTED_EDGE('',*,*,#1746,.T.);
#1079=ORIENTED_EDGE('',*,*,#1749,.T.);
#1080=ORIENTED_EDGE('',*,*,#1752,.F.);
#1081=ORIENTED_EDGE('',*,*,#1755,.T.);
#1082=ORIENTED_EDGE('',*,*,#1758,.T.);
#1083=ORIENTED_EDGE('',*,*,#1761,.T.);
#1084=ORIENTED_EDGE('',*,*,#1764,.F.);
#1085=ORIENTED_EDGE('',*,*,#1767,.T.);
#1086=ORIENTED_EDGE('',*,*,#1770,.T.);
#1087=ORIENTED_EDGE('',*,*,#1773,.T.);
#1088=ORIENTED_EDGE('',*,*,#1776,.F.);
#1089=ORIENTED_EDGE('',*,*,#1779,.T.);
#1090=ORIENTED_EDGE('',*,*,#1782,.T.);
#1091=ORIENTED_EDGE('',*,*,#1785,.T.);
#1092=ORIENTED_EDGE('',*,*,#1788,.F.);
#1093=ORIENTED_EDGE('',*,*,#1791,.T.);
#1094=ORIENTED_EDGE('',*,*,#1794,.T.);
#1095=ORIENTED_EDGE('',*,*,#1797,.T.);
#1096=ORIENTED_EDGE('',*,*,#1800,.F.);
#1097=ORIENTED_EDGE('',*,*,#1803,.T.);
#1098=ORIENTED_EDGE('',*,*,#1806,.T.);
#1099=ORIENTED_EDGE('',*,*,#1809,.T.);
#1100=ORIENTED_EDGE('',*,*,#1812,.F.);
#1101=ORIENTED_EDGE('',*,*,#1815,.T.);
#1102=ORIENTED_EDGE('',*,*,#1818,.T.);
#1103=ORIENTED_EDGE('',*,*,#1821,.T.);
#1104=ORIENTED_EDGE('',*,*,#1824,.F.);
#1105=ORIENTED_EDGE('',*,*,#1827,.T.);
#1106=ORIENTED_EDGE('',*,*,#1830,.T.);
#1107=ORIENTED_EDGE('',*,*,#1833,.T.);
#1108=ORIENTED_EDGE('',*,*,#1836,.F.);
#1109=ORIENTED_EDGE('',*,*,#1839,.T.);
#1110=ORIENTED_EDGE('',*,*,#1842,.T.);
#1111=ORIENTED_EDGE('',*,*,#1845,.T.);
#1112=ORIENTED_EDGE('',*,*,#1848,.F.);
#1113=ORIENTED_EDGE('',*,*,#1851,.T.);
#1114=ORIENTED_EDGE('',*,*,#1854,.T.);
#1115=ORIENTED_EDGE('',*,*,#1857,.T.);
#1116=ORIENTED_EDGE('',*,*,#1860,.F.);
#1117=ORIENTED_EDGE('',*,*,#1863,.T.);
#1118=ORIENTED_EDGE('',*,*,#1866,.T.);
#1119=ORIENTED_EDGE('',*,*,#1871,.F.);
#1120=ORIENTED_EDGE('',*,*,#1870,.T.);
#1121=ORIENTED_EDGE('',*,*,#1872,.F.);
#1122=ORIENTED_EDGE('',*,*,#1871,.T.);
#1123=ORIENTED_EDGE('',*,*,#1872,.T.);
#1124=ORIENTED_EDGE('',*,*,#1873,.F.);
#1125=ORIENTED_EDGE('',*,*,#1874,.T.);
#1126=ORIENTED_EDGE('',*,*,#1584,.F.);
#1127=ORIENTED_EDGE('',*,*,#1873,.T.);
#1128=ORIENTED_EDGE('',*,*,#1874,.F.);
#1129=ORIENTED_EDGE('',*,*,#1875,.T.);
#1130=ORIENTED_EDGE('',*,*,#1876,.T.);
#1131=ORIENTED_EDGE('',*,*,#1877,.F.);
#1132=ORIENTED_EDGE('',*,*,#1878,.F.);
#1133=ORIENTED_EDGE('',*,*,#1877,.T.);
#1134=ORIENTED_EDGE('',*,*,#1879,.T.);
#1135=ORIENTED_EDGE('',*,*,#1561,.F.);
#1136=ORIENTED_EDGE('',*,*,#1880,.T.);
#1137=ORIENTED_EDGE('',*,*,#1881,.F.);
#1138=ORIENTED_EDGE('',*,*,#1882,.T.);
#1139=ORIENTED_EDGE('',*,*,#1567,.T.);
#1140=ORIENTED_EDGE('',*,*,#1883,.T.);
#1141=ORIENTED_EDGE('',*,*,#1580,.F.);
#1142=ORIENTED_EDGE('',*,*,#1884,.T.);
#1143=ORIENTED_EDGE('',*,*,#1885,.T.);
#1144=ORIENTED_EDGE('',*,*,#1886,.T.);
#1145=ORIENTED_EDGE('',*,*,#1887,.F.);
#1146=ORIENTED_EDGE('',*,*,#1888,.T.);
#1147=ORIENTED_EDGE('',*,*,#1889,.F.);
#1148=ORIENTED_EDGE('',*,*,#1890,.T.);
#1149=ORIENTED_EDGE('',*,*,#1572,.T.);
#1150=ORIENTED_EDGE('',*,*,#1891,.T.);
#1151=ORIENTED_EDGE('',*,*,#1576,.F.);
#1152=ORIENTED_EDGE('',*,*,#1892,.T.);
#1153=ORIENTED_EDGE('',*,*,#1893,.T.);
#1154=ORIENTED_EDGE('',*,*,#1894,.T.);
#1155=ORIENTED_EDGE('',*,*,#1895,.F.);
#1156=ORIENTED_EDGE('',*,*,#1896,.F.);
#1157=ORIENTED_EDGE('',*,*,#1897,.T.);
#1158=ORIENTED_EDGE('',*,*,#1898,.T.);
#1159=ORIENTED_EDGE('',*,*,#1875,.F.);
#1160=ORIENTED_EDGE('',*,*,#1899,.F.);
#1161=ORIENTED_EDGE('',*,*,#1895,.T.);
#1162=ORIENTED_EDGE('',*,*,#1900,.T.);
#1163=ORIENTED_EDGE('',*,*,#1885,.F.);
#1164=ORIENTED_EDGE('',*,*,#1901,.F.);
#1165=ORIENTED_EDGE('',*,*,#1902,.F.);
#1166=ORIENTED_EDGE('',*,*,#1882,.F.);
#1167=ORIENTED_EDGE('',*,*,#1903,.F.);
#1168=ORIENTED_EDGE('',*,*,#1899,.T.);
#1169=ORIENTED_EDGE('',*,*,#1878,.T.);
#1170=ORIENTED_EDGE('',*,*,#1890,.F.);
#1171=ORIENTED_EDGE('',*,*,#1904,.F.);
#1172=ORIENTED_EDGE('',*,*,#1896,.T.);
#1173=ORIENTED_EDGE('',*,*,#1901,.T.);
#1174=ORIENTED_EDGE('',*,*,#1646,.T.);
#1175=ORIENTED_EDGE('',*,*,#1905,.T.);
#1176=ORIENTED_EDGE('',*,*,#1906,.T.);
#1177=ORIENTED_EDGE('',*,*,#1907,.T.);
#1178=ORIENTED_EDGE('',*,*,#1650,.T.);
#1179=ORIENTED_EDGE('',*,*,#1908,.T.);
#1180=ORIENTED_EDGE('',*,*,#1909,.T.);
#1181=ORIENTED_EDGE('',*,*,#1910,.T.);
#1182=ORIENTED_EDGE('',*,*,#1653,.T.);
#1183=ORIENTED_EDGE('',*,*,#1911,.T.);
#1184=ORIENTED_EDGE('',*,*,#1912,.T.);
#1185=ORIENTED_EDGE('',*,*,#1913,.T.);
#1186=ORIENTED_EDGE('',*,*,#1656,.T.);
#1187=ORIENTED_EDGE('',*,*,#1914,.T.);
#1188=ORIENTED_EDGE('',*,*,#1915,.T.);
#1189=ORIENTED_EDGE('',*,*,#1916,.T.);
#1190=ORIENTED_EDGE('',*,*,#1659,.T.);
#1191=ORIENTED_EDGE('',*,*,#1917,.T.);
#1192=ORIENTED_EDGE('',*,*,#1918,.T.);
#1193=ORIENTED_EDGE('',*,*,#1919,.T.);
#1194=ORIENTED_EDGE('',*,*,#1662,.T.);
#1195=ORIENTED_EDGE('',*,*,#1920,.T.);
#1196=ORIENTED_EDGE('',*,*,#1921,.T.);
#1197=ORIENTED_EDGE('',*,*,#1922,.T.);
#1198=ORIENTED_EDGE('',*,*,#1665,.T.);
#1199=ORIENTED_EDGE('',*,*,#1923,.T.);
#1200=ORIENTED_EDGE('',*,*,#1924,.T.);
#1201=ORIENTED_EDGE('',*,*,#1925,.T.);
#1202=ORIENTED_EDGE('',*,*,#1668,.T.);
#1203=ORIENTED_EDGE('',*,*,#1926,.T.);
#1204=ORIENTED_EDGE('',*,*,#1927,.T.);
#1205=ORIENTED_EDGE('',*,*,#1928,.T.);
#1206=ORIENTED_EDGE('',*,*,#1671,.T.);
#1207=ORIENTED_EDGE('',*,*,#1929,.T.);
#1208=ORIENTED_EDGE('',*,*,#1930,.T.);
#1209=ORIENTED_EDGE('',*,*,#1931,.T.);
#1210=ORIENTED_EDGE('',*,*,#1674,.T.);
#1211=ORIENTED_EDGE('',*,*,#1932,.T.);
#1212=ORIENTED_EDGE('',*,*,#1933,.T.);
#1213=ORIENTED_EDGE('',*,*,#1934,.T.);
#1214=ORIENTED_EDGE('',*,*,#1677,.T.);
#1215=ORIENTED_EDGE('',*,*,#1935,.T.);
#1216=ORIENTED_EDGE('',*,*,#1936,.T.);
#1217=ORIENTED_EDGE('',*,*,#1937,.T.);
#1218=ORIENTED_EDGE('',*,*,#1680,.T.);
#1219=ORIENTED_EDGE('',*,*,#1938,.T.);
#1220=ORIENTED_EDGE('',*,*,#1939,.T.);
#1221=ORIENTED_EDGE('',*,*,#1940,.T.);
#1222=ORIENTED_EDGE('',*,*,#1683,.T.);
#1223=ORIENTED_EDGE('',*,*,#1941,.T.);
#1224=ORIENTED_EDGE('',*,*,#1942,.T.);
#1225=ORIENTED_EDGE('',*,*,#1943,.T.);
#1226=ORIENTED_EDGE('',*,*,#1686,.T.);
#1227=ORIENTED_EDGE('',*,*,#1944,.T.);
#1228=ORIENTED_EDGE('',*,*,#1945,.T.);
#1229=ORIENTED_EDGE('',*,*,#1946,.T.);
#1230=ORIENTED_EDGE('',*,*,#1689,.T.);
#1231=ORIENTED_EDGE('',*,*,#1947,.T.);
#1232=ORIENTED_EDGE('',*,*,#1948,.T.);
#1233=ORIENTED_EDGE('',*,*,#1949,.T.);
#1234=ORIENTED_EDGE('',*,*,#1573,.F.);
#1235=ORIENTED_EDGE('',*,*,#1892,.F.);
#1236=ORIENTED_EDGE('',*,*,#1579,.T.);
#1237=ORIENTED_EDGE('',*,*,#1950,.F.);
#1238=ORIENTED_EDGE('',*,*,#1951,.F.);
#1239=ORIENTED_EDGE('',*,*,#1568,.F.);
#1240=ORIENTED_EDGE('',*,*,#1884,.F.);
#1241=ORIENTED_EDGE('',*,*,#1583,.T.);
#1242=ORIENTED_EDGE('',*,*,#1887,.T.);
#1243=ORIENTED_EDGE('',*,*,#1952,.T.);
#1244=ORIENTED_EDGE('',*,*,#1953,.T.);
#1245=ORIENTED_EDGE('',*,*,#1954,.T.);
#1246=ORIENTED_EDGE('',*,*,#1955,.T.);
#1247=ORIENTED_EDGE('',*,*,#1956,.T.);
#1248=ORIENTED_EDGE('',*,*,#1565,.T.);
#1249=ORIENTED_EDGE('',*,*,#1957,.T.);
#1250=ORIENTED_EDGE('',*,*,#1587,.T.);
#1251=ORIENTED_EDGE('',*,*,#1647,.T.);
#1252=ORIENTED_EDGE('',*,*,#1949,.F.);
#1253=ORIENTED_EDGE('',*,*,#1958,.F.);
#1254=ORIENTED_EDGE('',*,*,#1589,.T.);
#1255=ORIENTED_EDGE('',*,*,#1959,.T.);
#1256=ORIENTED_EDGE('',*,*,#1947,.F.);
#1257=ORIENTED_EDGE('',*,*,#1688,.T.);
#1258=ORIENTED_EDGE('',*,*,#1588,.T.);
#1259=ORIENTED_EDGE('',*,*,#1958,.T.);
#1260=ORIENTED_EDGE('',*,*,#1948,.F.);
#1261=ORIENTED_EDGE('',*,*,#1959,.F.);
#1262=ORIENTED_EDGE('',*,*,#1591,.T.);
#1263=ORIENTED_EDGE('',*,*,#1687,.T.);
#1264=ORIENTED_EDGE('',*,*,#1946,.F.);
#1265=ORIENTED_EDGE('',*,*,#1960,.F.);
#1266=ORIENTED_EDGE('',*,*,#1593,.T.);
#1267=ORIENTED_EDGE('',*,*,#1961,.T.);
#1268=ORIENTED_EDGE('',*,*,#1944,.F.);
#1269=ORIENTED_EDGE('',*,*,#1685,.T.);
#1270=ORIENTED_EDGE('',*,*,#1592,.T.);
#1271=ORIENTED_EDGE('',*,*,#1960,.T.);
#1272=ORIENTED_EDGE('',*,*,#1945,.F.);
#1273=ORIENTED_EDGE('',*,*,#1961,.F.);
#1274=ORIENTED_EDGE('',*,*,#1595,.T.);
#1275=ORIENTED_EDGE('',*,*,#1684,.T.);
#1276=ORIENTED_EDGE('',*,*,#1943,.F.);
#1277=ORIENTED_EDGE('',*,*,#1962,.F.);
#1278=ORIENTED_EDGE('',*,*,#1597,.T.);
#1279=ORIENTED_EDGE('',*,*,#1963,.T.);
#1280=ORIENTED_EDGE('',*,*,#1941,.F.);
#1281=ORIENTED_EDGE('',*,*,#1682,.T.);
#1282=ORIENTED_EDGE('',*,*,#1596,.T.);
#1283=ORIENTED_EDGE('',*,*,#1962,.T.);
#1284=ORIENTED_EDGE('',*,*,#1942,.F.);
#1285=ORIENTED_EDGE('',*,*,#1963,.F.);
#1286=ORIENTED_EDGE('',*,*,#1599,.T.);
#1287=ORIENTED_EDGE('',*,*,#1681,.T.);
#1288=ORIENTED_EDGE('',*,*,#1940,.F.);
#1289=ORIENTED_EDGE('',*,*,#1964,.F.);
#1290=ORIENTED_EDGE('',*,*,#1601,.T.);
#1291=ORIENTED_EDGE('',*,*,#1965,.T.);
#1292=ORIENTED_EDGE('',*,*,#1938,.F.);
#1293=ORIENTED_EDGE('',*,*,#1679,.T.);
#1294=ORIENTED_EDGE('',*,*,#1600,.T.);
#1295=ORIENTED_EDGE('',*,*,#1964,.T.);
#1296=ORIENTED_EDGE('',*,*,#1939,.F.);
#1297=ORIENTED_EDGE('',*,*,#1965,.F.);
#1298=ORIENTED_EDGE('',*,*,#1603,.T.);
#1299=ORIENTED_EDGE('',*,*,#1678,.T.);
#1300=ORIENTED_EDGE('',*,*,#1937,.F.);
#1301=ORIENTED_EDGE('',*,*,#1966,.F.);
#1302=ORIENTED_EDGE('',*,*,#1605,.T.);
#1303=ORIENTED_EDGE('',*,*,#1967,.T.);
#1304=ORIENTED_EDGE('',*,*,#1935,.F.);
#1305=ORIENTED_EDGE('',*,*,#1676,.T.);
#1306=ORIENTED_EDGE('',*,*,#1604,.T.);
#1307=ORIENTED_EDGE('',*,*,#1966,.T.);
#1308=ORIENTED_EDGE('',*,*,#1936,.F.);
#1309=ORIENTED_EDGE('',*,*,#1967,.F.);
#1310=ORIENTED_EDGE('',*,*,#1607,.T.);
#1311=ORIENTED_EDGE('',*,*,#1675,.T.);
#1312=ORIENTED_EDGE('',*,*,#1934,.F.);
#1313=ORIENTED_EDGE('',*,*,#1968,.F.);
#1314=ORIENTED_EDGE('',*,*,#1609,.T.);
#1315=ORIENTED_EDGE('',*,*,#1969,.T.);
#1316=ORIENTED_EDGE('',*,*,#1932,.F.);
#1317=ORIENTED_EDGE('',*,*,#1673,.T.);
#1318=ORIENTED_EDGE('',*,*,#1608,.T.);
#1319=ORIENTED_EDGE('',*,*,#1968,.T.);
#1320=ORIENTED_EDGE('',*,*,#1933,.F.);
#1321=ORIENTED_EDGE('',*,*,#1969,.F.);
#1322=ORIENTED_EDGE('',*,*,#1611,.T.);
#1323=ORIENTED_EDGE('',*,*,#1672,.T.);
#1324=ORIENTED_EDGE('',*,*,#1931,.F.);
#1325=ORIENTED_EDGE('',*,*,#1970,.F.);
#1326=ORIENTED_EDGE('',*,*,#1613,.T.);
#1327=ORIENTED_EDGE('',*,*,#1971,.T.);
#1328=ORIENTED_EDGE('',*,*,#1929,.F.);
#1329=ORIENTED_EDGE('',*,*,#1670,.T.);
#1330=ORIENTED_EDGE('',*,*,#1612,.T.);
#1331=ORIENTED_EDGE('',*,*,#1970,.T.);
#1332=ORIENTED_EDGE('',*,*,#1930,.F.);
#1333=ORIENTED_EDGE('',*,*,#1971,.F.);
#1334=ORIENTED_EDGE('',*,*,#1615,.T.);
#1335=ORIENTED_EDGE('',*,*,#1669,.T.);
#1336=ORIENTED_EDGE('',*,*,#1928,.F.);
#1337=ORIENTED_EDGE('',*,*,#1972,.F.);
#1338=ORIENTED_EDGE('',*,*,#1617,.T.);
#1339=ORIENTED_EDGE('',*,*,#1973,.T.);
#1340=ORIENTED_EDGE('',*,*,#1926,.F.);
#1341=ORIENTED_EDGE('',*,*,#1667,.T.);
#1342=ORIENTED_EDGE('',*,*,#1616,.T.);
#1343=ORIENTED_EDGE('',*,*,#1972,.T.);
#1344=ORIENTED_EDGE('',*,*,#1927,.F.);
#1345=ORIENTED_EDGE('',*,*,#1973,.F.);
#1346=ORIENTED_EDGE('',*,*,#1619,.T.);
#1347=ORIENTED_EDGE('',*,*,#1666,.T.);
#1348=ORIENTED_EDGE('',*,*,#1925,.F.);
#1349=ORIENTED_EDGE('',*,*,#1974,.F.);
#1350=ORIENTED_EDGE('',*,*,#1621,.T.);
#1351=ORIENTED_EDGE('',*,*,#1975,.T.);
#1352=ORIENTED_EDGE('',*,*,#1923,.F.);
#1353=ORIENTED_EDGE('',*,*,#1664,.T.);
#1354=ORIENTED_EDGE('',*,*,#1620,.T.);
#1355=ORIENTED_EDGE('',*,*,#1974,.T.);
#1356=ORIENTED_EDGE('',*,*,#1924,.F.);
#1357=ORIENTED_EDGE('',*,*,#1975,.F.);
#1358=ORIENTED_EDGE('',*,*,#1623,.T.);
#1359=ORIENTED_EDGE('',*,*,#1663,.T.);
#1360=ORIENTED_EDGE('',*,*,#1922,.F.);
#1361=ORIENTED_EDGE('',*,*,#1976,.F.);
#1362=ORIENTED_EDGE('',*,*,#1625,.T.);
#1363=ORIENTED_EDGE('',*,*,#1977,.T.);
#1364=ORIENTED_EDGE('',*,*,#1920,.F.);
#1365=ORIENTED_EDGE('',*,*,#1661,.T.);
#1366=ORIENTED_EDGE('',*,*,#1624,.T.);
#1367=ORIENTED_EDGE('',*,*,#1976,.T.);
#1368=ORIENTED_EDGE('',*,*,#1921,.F.);
#1369=ORIENTED_EDGE('',*,*,#1977,.F.);
#1370=ORIENTED_EDGE('',*,*,#1627,.T.);
#1371=ORIENTED_EDGE('',*,*,#1660,.T.);
#1372=ORIENTED_EDGE('',*,*,#1919,.F.);
#1373=ORIENTED_EDGE('',*,*,#1978,.F.);
#1374=ORIENTED_EDGE('',*,*,#1629,.T.);
#1375=ORIENTED_EDGE('',*,*,#1979,.T.);
#1376=ORIENTED_EDGE('',*,*,#1917,.F.);
#1377=ORIENTED_EDGE('',*,*,#1658,.T.);
#1378=ORIENTED_EDGE('',*,*,#1628,.T.);
#1379=ORIENTED_EDGE('',*,*,#1978,.T.);
#1380=ORIENTED_EDGE('',*,*,#1918,.F.);
#1381=ORIENTED_EDGE('',*,*,#1979,.F.);
#1382=ORIENTED_EDGE('',*,*,#1631,.T.);
#1383=ORIENTED_EDGE('',*,*,#1657,.T.);
#1384=ORIENTED_EDGE('',*,*,#1916,.F.);
#1385=ORIENTED_EDGE('',*,*,#1980,.F.);
#1386=ORIENTED_EDGE('',*,*,#1633,.T.);
#1387=ORIENTED_EDGE('',*,*,#1981,.T.);
#1388=ORIENTED_EDGE('',*,*,#1914,.F.);
#1389=ORIENTED_EDGE('',*,*,#1655,.T.);
#1390=ORIENTED_EDGE('',*,*,#1632,.T.);
#1391=ORIENTED_EDGE('',*,*,#1980,.T.);
#1392=ORIENTED_EDGE('',*,*,#1915,.F.);
#1393=ORIENTED_EDGE('',*,*,#1981,.F.);
#1394=ORIENTED_EDGE('',*,*,#1635,.T.);
#1395=ORIENTED_EDGE('',*,*,#1654,.T.);
#1396=ORIENTED_EDGE('',*,*,#1913,.F.);
#1397=ORIENTED_EDGE('',*,*,#1982,.F.);
#1398=ORIENTED_EDGE('',*,*,#1637,.T.);
#1399=ORIENTED_EDGE('',*,*,#1983,.T.);
#1400=ORIENTED_EDGE('',*,*,#1911,.F.);
#1401=ORIENTED_EDGE('',*,*,#1652,.T.);
#1402=ORIENTED_EDGE('',*,*,#1636,.T.);
#1403=ORIENTED_EDGE('',*,*,#1982,.T.);
#1404=ORIENTED_EDGE('',*,*,#1912,.F.);
#1405=ORIENTED_EDGE('',*,*,#1983,.F.);
#1406=ORIENTED_EDGE('',*,*,#1639,.T.);
#1407=ORIENTED_EDGE('',*,*,#1651,.T.);
#1408=ORIENTED_EDGE('',*,*,#1910,.F.);
#1409=ORIENTED_EDGE('',*,*,#1984,.F.);
#1410=ORIENTED_EDGE('',*,*,#1641,.T.);
#1411=ORIENTED_EDGE('',*,*,#1985,.T.);
#1412=ORIENTED_EDGE('',*,*,#1908,.F.);
#1413=ORIENTED_EDGE('',*,*,#1649,.T.);
#1414=ORIENTED_EDGE('',*,*,#1640,.T.);
#1415=ORIENTED_EDGE('',*,*,#1984,.T.);
#1416=ORIENTED_EDGE('',*,*,#1909,.F.);
#1417=ORIENTED_EDGE('',*,*,#1985,.F.);
#1418=ORIENTED_EDGE('',*,*,#1644,.T.);
#1419=ORIENTED_EDGE('',*,*,#1986,.T.);
#1420=ORIENTED_EDGE('',*,*,#1906,.F.);
#1421=ORIENTED_EDGE('',*,*,#1987,.F.);
#1422=ORIENTED_EDGE('',*,*,#1643,.T.);
#1423=ORIENTED_EDGE('',*,*,#1648,.T.);
#1424=ORIENTED_EDGE('',*,*,#1907,.F.);
#1425=ORIENTED_EDGE('',*,*,#1986,.F.);
#1426=ORIENTED_EDGE('',*,*,#1585,.T.);
#1427=ORIENTED_EDGE('',*,*,#1987,.T.);
#1428=ORIENTED_EDGE('',*,*,#1905,.F.);
#1429=ORIENTED_EDGE('',*,*,#1645,.T.);
#1430=ORIENTED_EDGE('',*,*,#1881,.T.);
#1431=ORIENTED_EDGE('',*,*,#1988,.T.);
#1432=ORIENTED_EDGE('',*,*,#1897,.F.);
#1433=ORIENTED_EDGE('',*,*,#1903,.T.);
#1434=ORIENTED_EDGE('',*,*,#1582,.T.);
#1435=ORIENTED_EDGE('',*,*,#1989,.T.);
#1436=ORIENTED_EDGE('',*,*,#1569,.F.);
#1437=ORIENTED_EDGE('',*,*,#1951,.T.);
#1438=ORIENTED_EDGE('',*,*,#1578,.T.);
#1439=ORIENTED_EDGE('',*,*,#1990,.T.);
#1440=ORIENTED_EDGE('',*,*,#1574,.F.);
#1441=ORIENTED_EDGE('',*,*,#1950,.T.);
#1442=ORIENTED_EDGE('',*,*,#1889,.T.);
#1443=ORIENTED_EDGE('',*,*,#1991,.T.);
#1444=ORIENTED_EDGE('',*,*,#1893,.F.);
#1445=ORIENTED_EDGE('',*,*,#1904,.T.);
#1446=ORIENTED_EDGE('',*,*,#1880,.F.);
#1447=ORIENTED_EDGE('',*,*,#1564,.F.);
#1448=ORIENTED_EDGE('',*,*,#1992,.F.);
#1449=ORIENTED_EDGE('',*,*,#1988,.F.);
#1450=ORIENTED_EDGE('',*,*,#1992,.T.);
#1451=ORIENTED_EDGE('',*,*,#1563,.F.);
#1452=ORIENTED_EDGE('',*,*,#1993,.F.);
#1453=ORIENTED_EDGE('',*,*,#1898,.F.);
#1454=ORIENTED_EDGE('',*,*,#1993,.T.);
#1455=ORIENTED_EDGE('',*,*,#1562,.F.);
#1456=ORIENTED_EDGE('',*,*,#1879,.F.);
#1457=ORIENTED_EDGE('',*,*,#1876,.F.);
#1458=ORIENTED_EDGE('',*,*,#1570,.F.);
#1459=ORIENTED_EDGE('',*,*,#1989,.F.);
#1460=ORIENTED_EDGE('',*,*,#1994,.F.);
#1461=ORIENTED_EDGE('',*,*,#1957,.F.);
#1462=ORIENTED_EDGE('',*,*,#1994,.T.);
#1463=ORIENTED_EDGE('',*,*,#1581,.F.);
#1464=ORIENTED_EDGE('',*,*,#1995,.F.);
#1465=ORIENTED_EDGE('',*,*,#1955,.F.);
#1466=ORIENTED_EDGE('',*,*,#1995,.T.);
#1467=ORIENTED_EDGE('',*,*,#1883,.F.);
#1468=ORIENTED_EDGE('',*,*,#1566,.F.);
#1469=ORIENTED_EDGE('',*,*,#1956,.F.);
#1470=ORIENTED_EDGE('',*,*,#1888,.F.);
#1471=ORIENTED_EDGE('',*,*,#1954,.F.);
#1472=ORIENTED_EDGE('',*,*,#1996,.F.);
#1473=ORIENTED_EDGE('',*,*,#1991,.F.);
#1474=ORIENTED_EDGE('',*,*,#1996,.T.);
#1475=ORIENTED_EDGE('',*,*,#1953,.F.);
#1476=ORIENTED_EDGE('',*,*,#1997,.F.);
#1477=ORIENTED_EDGE('',*,*,#1894,.F.);
#1478=ORIENTED_EDGE('',*,*,#1997,.T.);
#1479=ORIENTED_EDGE('',*,*,#1952,.F.);
#1480=ORIENTED_EDGE('',*,*,#1886,.F.);
#1481=ORIENTED_EDGE('',*,*,#1900,.F.);
#1482=ORIENTED_EDGE('',*,*,#1575,.F.);
#1483=ORIENTED_EDGE('',*,*,#1990,.F.);
#1484=ORIENTED_EDGE('',*,*,#1998,.F.);
#1485=ORIENTED_EDGE('',*,*,#1560,.F.);
#1486=ORIENTED_EDGE('',*,*,#1998,.T.);
#1487=ORIENTED_EDGE('',*,*,#1577,.F.);
#1488=ORIENTED_EDGE('',*,*,#1999,.F.);
#1489=ORIENTED_EDGE('',*,*,#1557,.F.);
#1490=ORIENTED_EDGE('',*,*,#1999,.T.);
#1491=ORIENTED_EDGE('',*,*,#1891,.F.);
#1492=ORIENTED_EDGE('',*,*,#1571,.F.);
#1493=ORIENTED_EDGE('',*,*,#1558,.F.);
#1494=ORIENTED_EDGE('',*,*,#1902,.T.);
#1495=ORIENTED_EDGE('',*,*,#2000,.T.);
#1496=ORIENTED_EDGE('',*,*,#2000,.F.);
#1497=ORIENTED_EDGE('',*,*,#1693,.T.);
#1498=ORIENTED_EDGE('',*,*,#1869,.F.);
#1499=ORIENTED_EDGE('',*,*,#1867,.F.);
#1500=ORIENTED_EDGE('',*,*,#1864,.F.);
#1501=ORIENTED_EDGE('',*,*,#1861,.T.);
#1502=ORIENTED_EDGE('',*,*,#1858,.F.);
#1503=ORIENTED_EDGE('',*,*,#1855,.F.);
#1504=ORIENTED_EDGE('',*,*,#1852,.F.);
#1505=ORIENTED_EDGE('',*,*,#1849,.T.);
#1506=ORIENTED_EDGE('',*,*,#1846,.F.);
#1507=ORIENTED_EDGE('',*,*,#1843,.F.);
#1508=ORIENTED_EDGE('',*,*,#1840,.F.);
#1509=ORIENTED_EDGE('',*,*,#1837,.T.);
#1510=ORIENTED_EDGE('',*,*,#1834,.F.);
#1511=ORIENTED_EDGE('',*,*,#1831,.F.);
#1512=ORIENTED_EDGE('',*,*,#1828,.F.);
#1513=ORIENTED_EDGE('',*,*,#1825,.T.);
#1514=ORIENTED_EDGE('',*,*,#1822,.F.);
#1515=ORIENTED_EDGE('',*,*,#1819,.F.);
#1516=ORIENTED_EDGE('',*,*,#1816,.F.);
#1517=ORIENTED_EDGE('',*,*,#1813,.T.);
#1518=ORIENTED_EDGE('',*,*,#1810,.F.);
#1519=ORIENTED_EDGE('',*,*,#1807,.F.);
#1520=ORIENTED_EDGE('',*,*,#1804,.F.);
#1521=ORIENTED_EDGE('',*,*,#1801,.T.);
#1522=ORIENTED_EDGE('',*,*,#1798,.F.);
#1523=ORIENTED_EDGE('',*,*,#1795,.F.);
#1524=ORIENTED_EDGE('',*,*,#1792,.F.);
#1525=ORIENTED_EDGE('',*,*,#1789,.T.);
#1526=ORIENTED_EDGE('',*,*,#1786,.F.);
#1527=ORIENTED_EDGE('',*,*,#1783,.F.);
#1528=ORIENTED_EDGE('',*,*,#1780,.F.);
#1529=ORIENTED_EDGE('',*,*,#1777,.T.);
#1530=ORIENTED_EDGE('',*,*,#1774,.F.);
#1531=ORIENTED_EDGE('',*,*,#1771,.F.);
#1532=ORIENTED_EDGE('',*,*,#1768,.F.);
#1533=ORIENTED_EDGE('',*,*,#1765,.T.);
#1534=ORIENTED_EDGE('',*,*,#1762,.F.);
#1535=ORIENTED_EDGE('',*,*,#1759,.F.);
#1536=ORIENTED_EDGE('',*,*,#1756,.F.);
#1537=ORIENTED_EDGE('',*,*,#1753,.T.);
#1538=ORIENTED_EDGE('',*,*,#1750,.F.);
#1539=ORIENTED_EDGE('',*,*,#1747,.F.);
#1540=ORIENTED_EDGE('',*,*,#1744,.F.);
#1541=ORIENTED_EDGE('',*,*,#1741,.T.);
#1542=ORIENTED_EDGE('',*,*,#1738,.F.);
#1543=ORIENTED_EDGE('',*,*,#1735,.F.);
#1544=ORIENTED_EDGE('',*,*,#1732,.F.);
#1545=ORIENTED_EDGE('',*,*,#1729,.T.);
#1546=ORIENTED_EDGE('',*,*,#1726,.F.);
#1547=ORIENTED_EDGE('',*,*,#1723,.F.);
#1548=ORIENTED_EDGE('',*,*,#1720,.F.);
#1549=ORIENTED_EDGE('',*,*,#1717,.T.);
#1550=ORIENTED_EDGE('',*,*,#1714,.F.);
#1551=ORIENTED_EDGE('',*,*,#1711,.F.);
#1552=ORIENTED_EDGE('',*,*,#1708,.F.);
#1553=ORIENTED_EDGE('',*,*,#1705,.T.);
#1554=ORIENTED_EDGE('',*,*,#1702,.F.);
#1555=ORIENTED_EDGE('',*,*,#1699,.F.);
#1556=ORIENTED_EDGE('',*,*,#1696,.F.);
#1557=EDGE_CURVE('',#2001,#2002,#2297,.T.);
#1558=EDGE_CURVE('',#2002,#2003,#109,.T.);
#1559=EDGE_CURVE('',#2003,#2004,#2298,.T.);
#1560=EDGE_CURVE('',#2004,#2001,#110,.T.);
#1561=EDGE_CURVE('',#2005,#2006,#2299,.T.);
#1562=EDGE_CURVE('',#2006,#2007,#111,.T.);
#1563=EDGE_CURVE('',#2007,#2008,#2300,.T.);
#1564=EDGE_CURVE('',#2008,#2005,#112,.T.);
#1565=EDGE_CURVE('',#2009,#2010,#2301,.T.);
#1566=EDGE_CURVE('',#2009,#2011,#29,.F.);
#1567=EDGE_CURVE('',#2012,#2011,#113,.T.);
#1568=EDGE_CURVE('',#2012,#2013,#2302,.T.);
#1569=EDGE_CURVE('',#2013,#2014,#114,.T.);
#1570=EDGE_CURVE('',#2014,#2010,#30,.F.);
#1571=EDGE_CURVE('',#2003,#2015,#31,.F.);
#1572=EDGE_CURVE('',#2016,#2015,#115,.T.);
#1573=EDGE_CURVE('',#2016,#2017,#2303,.T.);
#1574=EDGE_CURVE('',#2017,#2018,#116,.T.);
#1575=EDGE_CURVE('',#2018,#2004,#32,.F.);
#1576=EDGE_CURVE('',#2019,#2020,#117,.T.);
#1577=EDGE_CURVE('',#2020,#2021,#2304,.F.);
#1578=EDGE_CURVE('',#2022,#2021,#118,.T.);
#1579=EDGE_CURVE('',#2019,#2022,#2305,.T.);
#1580=EDGE_CURVE('',#2023,#2024,#119,.T.);
#1581=EDGE_CURVE('',#2024,#2025,#2306,.F.);
#1582=EDGE_CURVE('',#2026,#2025,#120,.T.);
#1583=EDGE_CURVE('',#2023,#2026,#2307,.T.);
#1584=EDGE_CURVE('',#2027,#2027,#2308,.T.);
#1585=EDGE_CURVE('',#2028,#2029,#121,.T.);
#1586=EDGE_CURVE('',#2030,#2028,#2309,.T.);
#1587=EDGE_CURVE('',#2031,#2030,#122,.T.);
#1588=EDGE_CURVE('',#2032,#2031,#2310,.F.);
#1589=EDGE_CURVE('',#2033,#2032,#123,.T.);
#1590=EDGE_CURVE('',#2034,#2033,#2311,.T.);
#1591=EDGE_CURVE('',#2035,#2034,#124,.T.);
#1592=EDGE_CURVE('',#2036,#2035,#2312,.F.);
#1593=EDGE_CURVE('',#2037,#2036,#125,.T.);
#1594=EDGE_CURVE('',#2038,#2037,#2313,.T.);
#1595=EDGE_CURVE('',#2039,#2038,#126,.T.);
#1596=EDGE_CURVE('',#2040,#2039,#2314,.F.);
#1597=EDGE_CURVE('',#2041,#2040,#127,.T.);
#1598=EDGE_CURVE('',#2042,#2041,#2315,.T.);
#1599=EDGE_CURVE('',#2043,#2042,#128,.T.);
#1600=EDGE_CURVE('',#2044,#2043,#2316,.F.);
#1601=EDGE_CURVE('',#2045,#2044,#129,.T.);
#1602=EDGE_CURVE('',#2046,#2045,#2317,.T.);
#1603=EDGE_CURVE('',#2047,#2046,#130,.T.);
#1604=EDGE_CURVE('',#2048,#2047,#2318,.F.);
#1605=EDGE_CURVE('',#2049,#2048,#131,.T.);
#1606=EDGE_CURVE('',#2050,#2049,#2319,.T.);
#1607=EDGE_CURVE('',#2051,#2050,#132,.T.);
#1608=EDGE_CURVE('',#2052,#2051,#2320,.F.);
#1609=EDGE_CURVE('',#2053,#2052,#133,.T.);
#1610=EDGE_CURVE('',#2054,#2053,#2321,.T.);
#1611=EDGE_CURVE('',#2055,#2054,#134,.T.);
#1612=EDGE_CURVE('',#2056,#2055,#2322,.F.);
#1613=EDGE_CURVE('',#2057,#2056,#135,.T.);
#1614=EDGE_CURVE('',#2058,#2057,#2323,.T.);
#1615=EDGE_CURVE('',#2059,#2058,#136,.T.);
#1616=EDGE_CURVE('',#2060,#2059,#2324,.F.);
#1617=EDGE_CURVE('',#2061,#2060,#137,.T.);
#1618=EDGE_CURVE('',#2062,#2061,#2325,.T.);
#1619=EDGE_CURVE('',#2063,#2062,#138,.T.);
#1620=EDGE_CURVE('',#2064,#2063,#2326,.F.);
#1621=EDGE_CURVE('',#2065,#2064,#139,.T.);
#1622=EDGE_CURVE('',#2066,#2065,#2327,.T.);
#1623=EDGE_CURVE('',#2067,#2066,#140,.T.);
#1624=EDGE_CURVE('',#2068,#2067,#2328,.F.);
#1625=EDGE_CURVE('',#2069,#2068,#141,.T.);
#1626=EDGE_CURVE('',#2070,#2069,#2329,.T.);
#1627=EDGE_CURVE('',#2071,#2070,#142,.T.);
#1628=EDGE_CURVE('',#2072,#2071,#2330,.F.);
#1629=EDGE_CURVE('',#2073,#2072,#143,.T.);
#1630=EDGE_CURVE('',#2074,#2073,#2331,.T.);
#1631=EDGE_CURVE('',#2075,#2074,#144,.T.);
#1632=EDGE_CURVE('',#2076,#2075,#2332,.F.);
#1633=EDGE_CURVE('',#2077,#2076,#145,.T.);
#1634=EDGE_CURVE('',#2078,#2077,#2333,.T.);
#1635=EDGE_CURVE('',#2079,#2078,#146,.T.);
#1636=EDGE_CURVE('',#2080,#2079,#2334,.F.);
#1637=EDGE_CURVE('',#2081,#2080,#147,.T.);
#1638=EDGE_CURVE('',#2082,#2081,#2335,.T.);
#1639=EDGE_CURVE('',#2083,#2082,#148,.T.);
#1640=EDGE_CURVE('',#2084,#2083,#2336,.F.);
#1641=EDGE_CURVE('',#2085,#2084,#149,.T.);
#1642=EDGE_CURVE('',#2086,#2085,#2337,.T.);
#1643=EDGE_CURVE('',#2087,#2086,#150,.T.);
#1644=EDGE_CURVE('',#2029,#2087,#2338,.F.);
#1645=EDGE_CURVE('',#2088,#2028,#151,.T.);
#1646=EDGE_CURVE('',#2089,#2088,#2339,.T.);
#1647=EDGE_CURVE('',#2030,#2089,#152,.F.);
#1648=EDGE_CURVE('',#2086,#2090,#153,.F.);
#1649=EDGE_CURVE('',#2091,#2085,#154,.T.);
#1650=EDGE_CURVE('',#2090,#2091,#2340,.T.);
#1651=EDGE_CURVE('',#2082,#2092,#155,.F.);
#1652=EDGE_CURVE('',#2093,#2081,#156,.T.);
#1653=EDGE_CURVE('',#2092,#2093,#2341,.T.);
#1654=EDGE_CURVE('',#2078,#2094,#157,.F.);
#1655=EDGE_CURVE('',#2095,#2077,#158,.T.);
#1656=EDGE_CURVE('',#2094,#2095,#2342,.T.);
#1657=EDGE_CURVE('',#2074,#2096,#159,.F.);
#1658=EDGE_CURVE('',#2097,#2073,#160,.T.);
#1659=EDGE_CURVE('',#2096,#2097,#2343,.T.);
#1660=EDGE_CURVE('',#2070,#2098,#161,.F.);
#1661=EDGE_CURVE('',#2099,#2069,#162,.T.);
#1662=EDGE_CURVE('',#2098,#2099,#2344,.T.);
#1663=EDGE_CURVE('',#2066,#2100,#163,.F.);
#1664=EDGE_CURVE('',#2101,#2065,#164,.T.);
#1665=EDGE_CURVE('',#2100,#2101,#2345,.T.);
#1666=EDGE_CURVE('',#2062,#2102,#165,.F.);
#1667=EDGE_CURVE('',#2103,#2061,#166,.T.);
#1668=EDGE_CURVE('',#2102,#2103,#2346,.T.);
#1669=EDGE_CURVE('',#2058,#2104,#167,.F.);
#1670=EDGE_CURVE('',#2105,#2057,#168,.T.);
#1671=EDGE_CURVE('',#2104,#2105,#2347,.T.);
#1672=EDGE_CURVE('',#2054,#2106,#169,.F.);
#1673=EDGE_CURVE('',#2107,#2053,#170,.T.);
#1674=EDGE_CURVE('',#2106,#2107,#2348,.T.);
#1675=EDGE_CURVE('',#2050,#2108,#171,.F.);
#1676=EDGE_CURVE('',#2109,#2049,#172,.T.);
#1677=EDGE_CURVE('',#2108,#2109,#2349,.T.);
#1678=EDGE_CURVE('',#2046,#2110,#173,.F.);
#1679=EDGE_CURVE('',#2111,#2045,#174,.T.);
#1680=EDGE_CURVE('',#2110,#2111,#2350,.T.);
#1681=EDGE_CURVE('',#2042,#2112,#175,.F.);
#1682=EDGE_CURVE('',#2113,#2041,#176,.T.);
#1683=EDGE_CURVE('',#2112,#2113,#2351,.T.);
#1684=EDGE_CURVE('',#2038,#2114,#177,.F.);
#1685=EDGE_CURVE('',#2115,#2037,#178,.T.);
#1686=EDGE_CURVE('',#2114,#2115,#2352,.T.);
#1687=EDGE_CURVE('',#2034,#2116,#179,.F.);
#1688=EDGE_CURVE('',#2117,#2033,#180,.T.);
#1689=EDGE_CURVE('',#2116,#2117,#2353,.T.);
#1690=EDGE_CURVE('',#2118,#2119,#181,.T.);
#1691=EDGE_CURVE('',#2119,#2120,#182,.T.);
#1692=EDGE_CURVE('',#2121,#2120,#183,.T.);
#1693=EDGE_CURVE('',#2118,#2121,#184,.T.);
#1694=EDGE_CURVE('',#2122,#2123,#185,.T.);
#1695=EDGE_CURVE('',#2119,#2123,#2354,.T.);
#1696=EDGE_CURVE('',#2118,#2122,#2355,.T.);
#1697=EDGE_CURVE('',#2124,#2125,#186,.T.);
#1698=EDGE_CURVE('',#2123,#2125,#187,.T.);
#1699=EDGE_CURVE('',#2122,#2124,#188,.T.);
#1700=EDGE_CURVE('',#2126,#2127,#189,.T.);
#1701=EDGE_CURVE('',#2125,#2127,#2356,.T.);
#1702=EDGE_CURVE('',#2124,#2126,#2357,.T.);
#1703=EDGE_CURVE('',#2128,#2129,#190,.T.);
#1704=EDGE_CURVE('',#2129,#2127,#191,.T.);
#1705=EDGE_CURVE('',#2128,#2126,#192,.T.);
#1706=EDGE_CURVE('',#2130,#2131,#193,.T.);
#1707=EDGE_CURVE('',#2129,#2131,#2358,.T.);
#1708=EDGE_CURVE('',#2128,#2130,#2359,.T.);
#1709=EDGE_CURVE('',#2132,#2133,#194,.T.);
#1710=EDGE_CURVE('',#2131,#2133,#195,.T.);
#1711=EDGE_CURVE('',#2130,#2132,#196,.T.);
#1712=EDGE_CURVE('',#2134,#2135,#197,.T.);
#1713=EDGE_CURVE('',#2133,#2135,#2360,.T.);
#1714=EDGE_CURVE('',#2132,#2134,#2361,.T.);
#1715=EDGE_CURVE('',#2136,#2137,#198,.T.);
#1716=EDGE_CURVE('',#2137,#2135,#199,.T.);
#1717=EDGE_CURVE('',#2136,#2134,#200,.T.);
#1718=EDGE_CURVE('',#2138,#2139,#201,.T.);
#1719=EDGE_CURVE('',#2137,#2139,#2362,.T.);
#1720=EDGE_CURVE('',#2136,#2138,#2363,.T.);
#1721=EDGE_CURVE('',#2140,#2141,#202,.T.);
#1722=EDGE_CURVE('',#2139,#2141,#203,.T.);
#1723=EDGE_CURVE('',#2138,#2140,#204,.T.);
#1724=EDGE_CURVE('',#2142,#2143,#205,.T.);
#1725=EDGE_CURVE('',#2141,#2143,#2364,.T.);
#1726=EDGE_CURVE('',#2140,#2142,#2365,.T.);
#1727=EDGE_CURVE('',#2144,#2145,#206,.T.);
#1728=EDGE_CURVE('',#2145,#2143,#207,.T.);
#1729=EDGE_CURVE('',#2144,#2142,#208,.T.);
#1730=EDGE_CURVE('',#2146,#2147,#209,.T.);
#1731=EDGE_CURVE('',#2145,#2147,#2366,.T.);
#1732=EDGE_CURVE('',#2144,#2146,#2367,.T.);
#1733=EDGE_CURVE('',#2148,#2149,#210,.T.);
#1734=EDGE_CURVE('',#2147,#2149,#211,.T.);
#1735=EDGE_CURVE('',#2146,#2148,#212,.T.);
#1736=EDGE_CURVE('',#2150,#2151,#213,.T.);
#1737=EDGE_CURVE('',#2149,#2151,#2368,.T.);
#1738=EDGE_CURVE('',#2148,#2150,#2369,.T.);
#1739=EDGE_CURVE('',#2152,#2153,#214,.T.);
#1740=EDGE_CURVE('',#2153,#2151,#215,.T.);
#1741=EDGE_CURVE('',#2152,#2150,#216,.T.);
#1742=EDGE_CURVE('',#2154,#2155,#217,.T.);
#1743=EDGE_CURVE('',#2153,#2155,#2370,.T.);
#1744=EDGE_CURVE('',#2152,#2154,#2371,.T.);
#1745=EDGE_CURVE('',#2156,#2157,#218,.T.);
#1746=EDGE_CURVE('',#2155,#2157,#219,.T.);
#1747=EDGE_CURVE('',#2154,#2156,#220,.T.);
#1748=EDGE_CURVE('',#2158,#2159,#221,.T.);
#1749=EDGE_CURVE('',#2157,#2159,#2372,.T.);
#1750=EDGE_CURVE('',#2156,#2158,#2373,.T.);
#1751=EDGE_CURVE('',#2160,#2161,#222,.T.);
#1752=EDGE_CURVE('',#2161,#2159,#223,.T.);
#1753=EDGE_CURVE('',#2160,#2158,#224,.T.);
#1754=EDGE_CURVE('',#2162,#2163,#225,.T.);
#1755=EDGE_CURVE('',#2161,#2163,#2374,.T.);
#1756=EDGE_CURVE('',#2160,#2162,#2375,.T.);
#1757=EDGE_CURVE('',#2164,#2165,#226,.T.);
#1758=EDGE_CURVE('',#2163,#2165,#227,.T.);
#1759=EDGE_CURVE('',#2162,#2164,#228,.T.);
#1760=EDGE_CURVE('',#2166,#2167,#229,.T.);
#1761=EDGE_CURVE('',#2165,#2167,#2376,.T.);
#1762=EDGE_CURVE('',#2164,#2166,#2377,.T.);
#1763=EDGE_CURVE('',#2168,#2169,#230,.T.);
#1764=EDGE_CURVE('',#2169,#2167,#231,.T.);
#1765=EDGE_CURVE('',#2168,#2166,#232,.T.);
#1766=EDGE_CURVE('',#2170,#2171,#233,.T.);
#1767=EDGE_CURVE('',#2169,#2171,#2378,.T.);
#1768=EDGE_CURVE('',#2168,#2170,#2379,.T.);
#1769=EDGE_CURVE('',#2172,#2173,#234,.T.);
#1770=EDGE_CURVE('',#2171,#2173,#235,.T.);
#1771=EDGE_CURVE('',#2170,#2172,#236,.T.);
#1772=EDGE_CURVE('',#2174,#2175,#237,.T.);
#1773=EDGE_CURVE('',#2173,#2175,#2380,.T.);
#1774=EDGE_CURVE('',#2172,#2174,#2381,.T.);
#1775=EDGE_CURVE('',#2176,#2177,#238,.T.);
#1776=EDGE_CURVE('',#2177,#2175,#239,.T.);
#1777=EDGE_CURVE('',#2176,#2174,#240,.T.);
#1778=EDGE_CURVE('',#2178,#2179,#241,.T.);
#1779=EDGE_CURVE('',#2177,#2179,#2382,.T.);
#1780=EDGE_CURVE('',#2176,#2178,#2383,.T.);
#1781=EDGE_CURVE('',#2180,#2181,#242,.T.);
#1782=EDGE_CURVE('',#2179,#2181,#243,.T.);
#1783=EDGE_CURVE('',#2178,#2180,#244,.T.);
#1784=EDGE_CURVE('',#2182,#2183,#245,.T.);
#1785=EDGE_CURVE('',#2181,#2183,#2384,.T.);
#1786=EDGE_CURVE('',#2180,#2182,#2385,.T.);
#1787=EDGE_CURVE('',#2184,#2185,#246,.T.);
#1788=EDGE_CURVE('',#2185,#2183,#247,.T.);
#1789=EDGE_CURVE('',#2184,#2182,#248,.T.);
#1790=EDGE_CURVE('',#2186,#2187,#249,.T.);
#1791=EDGE_CURVE('',#2185,#2187,#2386,.T.);
#1792=EDGE_CURVE('',#2184,#2186,#2387,.T.);
#1793=EDGE_CURVE('',#2188,#2189,#250,.T.);
#1794=EDGE_CURVE('',#2187,#2189,#251,.T.);
#1795=EDGE_CURVE('',#2186,#2188,#252,.T.);
#1796=EDGE_CURVE('',#2190,#2191,#253,.T.);
#1797=EDGE_CURVE('',#2189,#2191,#2388,.T.);
#1798=EDGE_CURVE('',#2188,#2190,#2389,.T.);
#1799=EDGE_CURVE('',#2192,#2193,#254,.T.);
#1800=EDGE_CURVE('',#2193,#2191,#255,.T.);
#1801=EDGE_CURVE('',#2192,#2190,#256,.T.);
#1802=EDGE_CURVE('',#2194,#2195,#257,.T.);
#1803=EDGE_CURVE('',#2193,#2195,#2390,.T.);
#1804=EDGE_CURVE('',#2192,#2194,#2391,.T.);
#1805=EDGE_CURVE('',#2196,#2197,#258,.T.);
#1806=EDGE_CURVE('',#2195,#2197,#259,.T.);
#1807=EDGE_CURVE('',#2194,#2196,#260,.T.);
#1808=EDGE_CURVE('',#2198,#2199,#261,.T.);
#1809=EDGE_CURVE('',#2197,#2199,#2392,.T.);
#1810=EDGE_CURVE('',#2196,#2198,#2393,.T.);
#1811=EDGE_CURVE('',#2200,#2201,#262,.T.);
#1812=EDGE_CURVE('',#2201,#2199,#263,.T.);
#1813=EDGE_CURVE('',#2200,#2198,#264,.T.);
#1814=EDGE_CURVE('',#2202,#2203,#265,.T.);
#1815=EDGE_CURVE('',#2201,#2203,#2394,.T.);
#1816=EDGE_CURVE('',#2200,#2202,#2395,.T.);
#1817=EDGE_CURVE('',#2204,#2205,#266,.T.);
#1818=EDGE_CURVE('',#2203,#2205,#267,.T.);
#1819=EDGE_CURVE('',#2202,#2204,#268,.T.);
#1820=EDGE_CURVE('',#2206,#2207,#269,.T.);
#1821=EDGE_CURVE('',#2205,#2207,#2396,.T.);
#1822=EDGE_CURVE('',#2204,#2206,#2397,.T.);
#1823=EDGE_CURVE('',#2208,#2209,#270,.T.);
#1824=EDGE_CURVE('',#2209,#2207,#271,.T.);
#1825=EDGE_CURVE('',#2208,#2206,#272,.T.);
#1826=EDGE_CURVE('',#2210,#2211,#273,.T.);
#1827=EDGE_CURVE('',#2209,#2211,#2398,.T.);
#1828=EDGE_CURVE('',#2208,#2210,#2399,.T.);
#1829=EDGE_CURVE('',#2212,#2213,#274,.T.);
#1830=EDGE_CURVE('',#2211,#2213,#275,.T.);
#1831=EDGE_CURVE('',#2210,#2212,#276,.T.);
#1832=EDGE_CURVE('',#2214,#2215,#277,.T.);
#1833=EDGE_CURVE('',#2213,#2215,#2400,.T.);
#1834=EDGE_CURVE('',#2212,#2214,#2401,.T.);
#1835=EDGE_CURVE('',#2216,#2217,#278,.T.);
#1836=EDGE_CURVE('',#2217,#2215,#279,.T.);
#1837=EDGE_CURVE('',#2216,#2214,#280,.T.);
#1838=EDGE_CURVE('',#2218,#2219,#281,.T.);
#1839=EDGE_CURVE('',#2217,#2219,#2402,.T.);
#1840=EDGE_CURVE('',#2216,#2218,#2403,.T.);
#1841=EDGE_CURVE('',#2220,#2221,#282,.T.);
#1842=EDGE_CURVE('',#2219,#2221,#283,.T.);
#1843=EDGE_CURVE('',#2218,#2220,#284,.T.);
#1844=EDGE_CURVE('',#2222,#2223,#285,.T.);
#1845=EDGE_CURVE('',#2221,#2223,#2404,.T.);
#1846=EDGE_CURVE('',#2220,#2222,#2405,.T.);
#1847=EDGE_CURVE('',#2224,#2225,#286,.T.);
#1848=EDGE_CURVE('',#2225,#2223,#287,.T.);
#1849=EDGE_CURVE('',#2224,#2222,#288,.T.);
#1850=EDGE_CURVE('',#2226,#2227,#289,.T.);
#1851=EDGE_CURVE('',#2225,#2227,#2406,.T.);
#1852=EDGE_CURVE('',#2224,#2226,#2407,.T.);
#1853=EDGE_CURVE('',#2228,#2229,#290,.T.);
#1854=EDGE_CURVE('',#2227,#2229,#291,.T.);
#1855=EDGE_CURVE('',#2226,#2228,#292,.T.);
#1856=EDGE_CURVE('',#2230,#2231,#293,.T.);
#1857=EDGE_CURVE('',#2229,#2231,#2408,.T.);
#1858=EDGE_CURVE('',#2228,#2230,#2409,.T.);
#1859=EDGE_CURVE('',#2232,#2233,#294,.T.);
#1860=EDGE_CURVE('',#2233,#2231,#295,.T.);
#1861=EDGE_CURVE('',#2232,#2230,#296,.T.);
#1862=EDGE_CURVE('',#2234,#2235,#297,.T.);
#1863=EDGE_CURVE('',#2233,#2235,#2410,.T.);
#1864=EDGE_CURVE('',#2232,#2234,#2411,.T.);
#1865=EDGE_CURVE('',#2236,#2237,#298,.T.);
#1866=EDGE_CURVE('',#2235,#2237,#299,.T.);
#1867=EDGE_CURVE('',#2234,#2236,#300,.T.);
#1868=EDGE_CURVE('',#2237,#2120,#2412,.T.);
#1869=EDGE_CURVE('',#2236,#2121,#2413,.T.);
#1870=EDGE_CURVE('',#2238,#2238,#2414,.T.);
#1871=EDGE_CURVE('',#2239,#2239,#2415,.T.);
#1872=EDGE_CURVE('',#2240,#2240,#2416,.T.);
#1873=EDGE_CURVE('',#2241,#2241,#2417,.T.);
#1874=EDGE_CURVE('',#2242,#2242,#2418,.T.);
#1875=EDGE_CURVE('',#2243,#2244,#301,.T.);
#1876=EDGE_CURVE('',#2244,#2245,#302,.T.);
#1877=EDGE_CURVE('',#2246,#2245,#303,.T.);
#1878=EDGE_CURVE('',#2243,#2246,#304,.T.);
#1879=EDGE_CURVE('',#2245,#2006,#33,.T.);
#1880=EDGE_CURVE('',#2005,#2247,#34,.F.);
#1881=EDGE_CURVE('',#2248,#2247,#305,.T.);
#1882=EDGE_CURVE('',#2248,#2246,#2419,.T.);
#1883=EDGE_CURVE('',#2011,#2024,#306,.T.);
#1884=EDGE_CURVE('',#2023,#2012,#307,.T.);
#1885=EDGE_CURVE('',#2249,#2250,#308,.T.);
#1886=EDGE_CURVE('',#2250,#2251,#35,.T.);
#1887=EDGE_CURVE('',#2252,#2251,#2420,.T.);
#1888=EDGE_CURVE('',#2252,#2253,#36,.F.);
#1889=EDGE_CURVE('',#2254,#2253,#309,.T.);
#1890=EDGE_CURVE('',#2254,#2249,#2421,.T.);
#1891=EDGE_CURVE('',#2015,#2020,#310,.T.);
#1892=EDGE_CURVE('',#2019,#2016,#311,.T.);
#1893=EDGE_CURVE('',#2255,#2256,#312,.T.);
#1894=EDGE_CURVE('',#2256,#2257,#2422,.F.);
#1895=EDGE_CURVE('',#2258,#2257,#313,.T.);
#1896=EDGE_CURVE('',#2255,#2258,#2423,.T.);
#1897=EDGE_CURVE('',#2259,#2260,#314,.T.);
#1898=EDGE_CURVE('',#2260,#2244,#2424,.F.);
#1899=EDGE_CURVE('',#2259,#2243,#2425,.T.);
#1900=EDGE_CURVE('',#2257,#2250,#315,.T.);
#1901=EDGE_CURVE('',#2258,#2249,#316,.T.);
#1902=EDGE_CURVE('',#2261,#2261,#2426,.T.);
#1903=EDGE_CURVE('',#2259,#2248,#317,.T.);
#1904=EDGE_CURVE('',#2255,#2254,#318,.T.);
#1905=EDGE_CURVE('',#2088,#2262,#319,.T.);
#1906=EDGE_CURVE('',#2262,#2263,#2427,.T.);
#1907=EDGE_CURVE('',#2263,#2090,#320,.T.);
#1908=EDGE_CURVE('',#2091,#2264,#321,.T.);
#1909=EDGE_CURVE('',#2264,#2265,#2428,.T.);
#1910=EDGE_CURVE('',#2265,#2092,#322,.T.);
#1911=EDGE_CURVE('',#2093,#2266,#323,.T.);
#1912=EDGE_CURVE('',#2266,#2267,#2429,.T.);
#1913=EDGE_CURVE('',#2267,#2094,#324,.T.);
#1914=EDGE_CURVE('',#2095,#2268,#325,.T.);
#1915=EDGE_CURVE('',#2268,#2269,#2430,.T.);
#1916=EDGE_CURVE('',#2269,#2096,#326,.T.);
#1917=EDGE_CURVE('',#2097,#2270,#327,.T.);
#1918=EDGE_CURVE('',#2270,#2271,#2431,.T.);
#1919=EDGE_CURVE('',#2271,#2098,#328,.T.);
#1920=EDGE_CURVE('',#2099,#2272,#329,.T.);
#1921=EDGE_CURVE('',#2272,#2273,#2432,.T.);
#1922=EDGE_CURVE('',#2273,#2100,#330,.T.);
#1923=EDGE_CURVE('',#2101,#2274,#331,.T.);
#1924=EDGE_CURVE('',#2274,#2275,#2433,.T.);
#1925=EDGE_CURVE('',#2275,#2102,#332,.T.);
#1926=EDGE_CURVE('',#2103,#2276,#333,.T.);
#1927=EDGE_CURVE('',#2276,#2277,#2434,.T.);
#1928=EDGE_CURVE('',#2277,#2104,#334,.T.);
#1929=EDGE_CURVE('',#2105,#2278,#335,.T.);
#1930=EDGE_CURVE('',#2278,#2279,#2435,.T.);
#1931=EDGE_CURVE('',#2279,#2106,#336,.T.);
#1932=EDGE_CURVE('',#2107,#2280,#337,.T.);
#1933=EDGE_CURVE('',#2280,#2281,#2436,.T.);
#1934=EDGE_CURVE('',#2281,#2108,#338,.T.);
#1935=EDGE_CURVE('',#2109,#2282,#339,.T.);
#1936=EDGE_CURVE('',#2282,#2283,#2437,.T.);
#1937=EDGE_CURVE('',#2283,#2110,#340,.T.);
#1938=EDGE_CURVE('',#2111,#2284,#341,.T.);
#1939=EDGE_CURVE('',#2284,#2285,#2438,.T.);
#1940=EDGE_CURVE('',#2285,#2112,#342,.T.);
#1941=EDGE_CURVE('',#2113,#2286,#343,.T.);
#1942=EDGE_CURVE('',#2286,#2287,#2439,.T.);
#1943=EDGE_CURVE('',#2287,#2114,#344,.T.);
#1944=EDGE_CURVE('',#2115,#2288,#345,.T.);
#1945=EDGE_CURVE('',#2288,#2289,#2440,.T.);
#1946=EDGE_CURVE('',#2289,#2116,#346,.T.);
#1947=EDGE_CURVE('',#2117,#2290,#347,.T.);
#1948=EDGE_CURVE('',#2290,#2291,#2441,.T.);
#1949=EDGE_CURVE('',#2291,#2089,#348,.T.);
#1950=EDGE_CURVE('',#2017,#2022,#349,.T.);
#1951=EDGE_CURVE('',#2013,#2026,#350,.T.);
#1952=EDGE_CURVE('',#2251,#2292,#351,.T.);
#1953=EDGE_CURVE('',#2292,#2293,#2442,.T.);
#1954=EDGE_CURVE('',#2293,#2252,#352,.T.);
#1955=EDGE_CURVE('',#2294,#2295,#2443,.T.);
#1956=EDGE_CURVE('',#2295,#2009,#353,.T.);
#1957=EDGE_CURVE('',#2010,#2294,#354,.T.);
#1958=EDGE_CURVE('',#2031,#2291,#355,.T.);
#1959=EDGE_CURVE('',#2032,#2290,#356,.T.);
#1960=EDGE_CURVE('',#2035,#2289,#357,.T.);
#1961=EDGE_CURVE('',#2036,#2288,#358,.T.);
#1962=EDGE_CURVE('',#2039,#2287,#359,.T.);
#1963=EDGE_CURVE('',#2040,#2286,#360,.T.);
#1964=EDGE_CURVE('',#2043,#2285,#361,.T.);
#1965=EDGE_CURVE('',#2044,#2284,#362,.T.);
#1966=EDGE_CURVE('',#2047,#2283,#363,.T.);
#1967=EDGE_CURVE('',#2048,#2282,#364,.T.);
#1968=EDGE_CURVE('',#2051,#2281,#365,.T.);
#1969=EDGE_CURVE('',#2052,#2280,#366,.T.);
#1970=EDGE_CURVE('',#2055,#2279,#367,.T.);
#1971=EDGE_CURVE('',#2056,#2278,#368,.T.);
#1972=EDGE_CURVE('',#2059,#2277,#369,.T.);
#1973=EDGE_CURVE('',#2060,#2276,#370,.T.);
#1974=EDGE_CURVE('',#2063,#2275,#371,.T.);
#1975=EDGE_CURVE('',#2064,#2274,#372,.T.);
#1976=EDGE_CURVE('',#2067,#2273,#373,.T.);
#1977=EDGE_CURVE('',#2068,#2272,#374,.T.);
#1978=EDGE_CURVE('',#2071,#2271,#375,.T.);
#1979=EDGE_CURVE('',#2072,#2270,#376,.T.);
#1980=EDGE_CURVE('',#2075,#2269,#377,.T.);
#1981=EDGE_CURVE('',#2076,#2268,#378,.T.);
#1982=EDGE_CURVE('',#2079,#2267,#379,.T.);
#1983=EDGE_CURVE('',#2080,#2266,#380,.T.);
#1984=EDGE_CURVE('',#2083,#2265,#381,.T.);
#1985=EDGE_CURVE('',#2084,#2264,#382,.T.);
#1986=EDGE_CURVE('',#2087,#2263,#383,.T.);
#1987=EDGE_CURVE('',#2029,#2262,#384,.T.);
#1988=EDGE_CURVE('',#2247,#2260,#385,.T.);
#1989=EDGE_CURVE('',#2025,#2014,#386,.T.);
#1990=EDGE_CURVE('',#2021,#2018,#387,.T.);
#1991=EDGE_CURVE('',#2253,#2256,#388,.T.);
#1992=EDGE_CURVE('',#2260,#2008,#16,.F.);
#1993=EDGE_CURVE('',#2244,#2007,#17,.F.);
#1994=EDGE_CURVE('',#2294,#2025,#18,.F.);
#1995=EDGE_CURVE('',#2295,#2024,#19,.F.);
#1996=EDGE_CURVE('',#2256,#2293,#20,.F.);
#1997=EDGE_CURVE('',#2257,#2292,#21,.F.);
#1998=EDGE_CURVE('',#2001,#2021,#22,.F.);
#1999=EDGE_CURVE('',#2002,#2020,#23,.F.);
#2000=EDGE_CURVE('',#2296,#2296,#2444,.T.);
#2001=VERTEX_POINT('',#4328);
#2002=VERTEX_POINT('',#4329);
#2003=VERTEX_POINT('',#4331);
#2004=VERTEX_POINT('',#4333);
#2005=VERTEX_POINT('',#4337);
#2006=VERTEX_POINT('',#4338);
#2007=VERTEX_POINT('',#4340);
#2008=VERTEX_POINT('',#4342);
#2009=VERTEX_POINT('',#4346);
#2010=VERTEX_POINT('',#4347);
#2011=VERTEX_POINT('',#4349);
#2012=VERTEX_POINT('',#4351);
#2013=VERTEX_POINT('',#4353);
#2014=VERTEX_POINT('',#4355);
#2015=VERTEX_POINT('',#4359);
#2016=VERTEX_POINT('',#4361);
#2017=VERTEX_POINT('',#4363);
#2018=VERTEX_POINT('',#4365);
#2019=VERTEX_POINT('',#4369);
#2020=VERTEX_POINT('',#4370);
#2021=VERTEX_POINT('',#4372);
#2022=VERTEX_POINT('',#4374);
#2023=VERTEX_POINT('',#4378);
#2024=VERTEX_POINT('',#4379);
#2025=VERTEX_POINT('',#4381);
#2026=VERTEX_POINT('',#4383);
#2027=VERTEX_POINT('',#4387);
#2028=VERTEX_POINT('',#4389);
#2029=VERTEX_POINT('',#4390);
#2030=VERTEX_POINT('',#4392);
#2031=VERTEX_POINT('',#4394);
#2032=VERTEX_POINT('',#4396);
#2033=VERTEX_POINT('',#4398);
#2034=VERTEX_POINT('',#4400);
#2035=VERTEX_POINT('',#4402);
#2036=VERTEX_POINT('',#4404);
#2037=VERTEX_POINT('',#4406);
#2038=VERTEX_POINT('',#4408);
#2039=VERTEX_POINT('',#4410);
#2040=VERTEX_POINT('',#4412);
#2041=VERTEX_POINT('',#4414);
#2042=VERTEX_POINT('',#4416);
#2043=VERTEX_POINT('',#4418);
#2044=VERTEX_POINT('',#4420);
#2045=VERTEX_POINT('',#4422);
#2046=VERTEX_POINT('',#4424);
#2047=VERTEX_POINT('',#4426);
#2048=VERTEX_POINT('',#4428);
#2049=VERTEX_POINT('',#4430);
#2050=VERTEX_POINT('',#4432);
#2051=VERTEX_POINT('',#4434);
#2052=VERTEX_POINT('',#4436);
#2053=VERTEX_POINT('',#4438);
#2054=VERTEX_POINT('',#4440);
#2055=VERTEX_POINT('',#4442);
#2056=VERTEX_POINT('',#4444);
#2057=VERTEX_POINT('',#4446);
#2058=VERTEX_POINT('',#4448);
#2059=VERTEX_POINT('',#4450);
#2060=VERTEX_POINT('',#4452);
#2061=VERTEX_POINT('',#4454);
#2062=VERTEX_POINT('',#4456);
#2063=VERTEX_POINT('',#4458);
#2064=VERTEX_POINT('',#4460);
#2065=VERTEX_POINT('',#4462);
#2066=VERTEX_POINT('',#4464);
#2067=VERTEX_POINT('',#4466);
#2068=VERTEX_POINT('',#4468);
#2069=VERTEX_POINT('',#4470);
#2070=VERTEX_POINT('',#4472);
#2071=VERTEX_POINT('',#4474);
#2072=VERTEX_POINT('',#4476);
#2073=VERTEX_POINT('',#4478);
#2074=VERTEX_POINT('',#4480);
#2075=VERTEX_POINT('',#4482);
#2076=VERTEX_POINT('',#4484);
#2077=VERTEX_POINT('',#4486);
#2078=VERTEX_POINT('',#4488);
#2079=VERTEX_POINT('',#4490);
#2080=VERTEX_POINT('',#4492);
#2081=VERTEX_POINT('',#4494);
#2082=VERTEX_POINT('',#4496);
#2083=VERTEX_POINT('',#4498);
#2084=VERTEX_POINT('',#4500);
#2085=VERTEX_POINT('',#4502);
#2086=VERTEX_POINT('',#4504);
#2087=VERTEX_POINT('',#4506);
#2088=VERTEX_POINT('',#4510);
#2089=VERTEX_POINT('',#4512);
#2090=VERTEX_POINT('',#4516);
#2091=VERTEX_POINT('',#4518);
#2092=VERTEX_POINT('',#4522);
#2093=VERTEX_POINT('',#4524);
#2094=VERTEX_POINT('',#4528);
#2095=VERTEX_POINT('',#4530);
#2096=VERTEX_POINT('',#4534);
#2097=VERTEX_POINT('',#4536);
#2098=VERTEX_POINT('',#4540);
#2099=VERTEX_POINT('',#4542);
#2100=VERTEX_POINT('',#4546);
#2101=VERTEX_POINT('',#4548);
#2102=VERTEX_POINT('',#4552);
#2103=VERTEX_POINT('',#4554);
#2104=VERTEX_POINT('',#4558);
#2105=VERTEX_POINT('',#4560);
#2106=VERTEX_POINT('',#4564);
#2107=VERTEX_POINT('',#4566);
#2108=VERTEX_POINT('',#4570);
#2109=VERTEX_POINT('',#4572);
#2110=VERTEX_POINT('',#4576);
#2111=VERTEX_POINT('',#4578);
#2112=VERTEX_POINT('',#4582);
#2113=VERTEX_POINT('',#4584);
#2114=VERTEX_POINT('',#4588);
#2115=VERTEX_POINT('',#4590);
#2116=VERTEX_POINT('',#4594);
#2117=VERTEX_POINT('',#4596);
#2118=VERTEX_POINT('',#4600);
#2119=VERTEX_POINT('',#4601);
#2120=VERTEX_POINT('',#4603);
#2121=VERTEX_POINT('',#4605);
#2122=VERTEX_POINT('',#4609);
#2123=VERTEX_POINT('',#4610);
#2124=VERTEX_POINT('',#4615);
#2125=VERTEX_POINT('',#4616);
#2126=VERTEX_POINT('',#4621);
#2127=VERTEX_POINT('',#4622);
#2128=VERTEX_POINT('',#4627);
#2129=VERTEX_POINT('',#4628);
#2130=VERTEX_POINT('',#4633);
#2131=VERTEX_POINT('',#4634);
#2132=VERTEX_POINT('',#4639);
#2133=VERTEX_POINT('',#4640);
#2134=VERTEX_POINT('',#4645);
#2135=VERTEX_POINT('',#4646);
#2136=VERTEX_POINT('',#4651);
#2137=VERTEX_POINT('',#4652);
#2138=VERTEX_POINT('',#4657);
#2139=VERTEX_POINT('',#4658);
#2140=VERTEX_POINT('',#4663);
#2141=VERTEX_POINT('',#4664);
#2142=VERTEX_POINT('',#4669);
#2143=VERTEX_POINT('',#4670);
#2144=VERTEX_POINT('',#4675);
#2145=VERTEX_POINT('',#4676);
#2146=VERTEX_POINT('',#4681);
#2147=VERTEX_POINT('',#4682);
#2148=VERTEX_POINT('',#4687);
#2149=VERTEX_POINT('',#4688);
#2150=VERTEX_POINT('',#4693);
#2151=VERTEX_POINT('',#4694);
#2152=VERTEX_POINT('',#4699);
#2153=VERTEX_POINT('',#4700);
#2154=VERTEX_POINT('',#4705);
#2155=VERTEX_POINT('',#4706);
#2156=VERTEX_POINT('',#4711);
#2157=VERTEX_POINT('',#4712);
#2158=VERTEX_POINT('',#4717);
#2159=VERTEX_POINT('',#4718);
#2160=VERTEX_POINT('',#4723);
#2161=VERTEX_POINT('',#4724);
#2162=VERTEX_POINT('',#4729);
#2163=VERTEX_POINT('',#4730);
#2164=VERTEX_POINT('',#4735);
#2165=VERTEX_POINT('',#4736);
#2166=VERTEX_POINT('',#4741);
#2167=VERTEX_POINT('',#4742);
#2168=VERTEX_POINT('',#4747);
#2169=VERTEX_POINT('',#4748);
#2170=VERTEX_POINT('',#4753);
#2171=VERTEX_POINT('',#4754);
#2172=VERTEX_POINT('',#4759);
#2173=VERTEX_POINT('',#4760);
#2174=VERTEX_POINT('',#4765);
#2175=VERTEX_POINT('',#4766);
#2176=VERTEX_POINT('',#4771);
#2177=VERTEX_POINT('',#4772);
#2178=VERTEX_POINT('',#4777);
#2179=VERTEX_POINT('',#4778);
#2180=VERTEX_POINT('',#4783);
#2181=VERTEX_POINT('',#4784);
#2182=VERTEX_POINT('',#4789);
#2183=VERTEX_POINT('',#4790);
#2184=VERTEX_POINT('',#4795);
#2185=VERTEX_POINT('',#4796);
#2186=VERTEX_POINT('',#4801);
#2187=VERTEX_POINT('',#4802);
#2188=VERTEX_POINT('',#4807);
#2189=VERTEX_POINT('',#4808);
#2190=VERTEX_POINT('',#4813);
#2191=VERTEX_POINT('',#4814);
#2192=VERTEX_POINT('',#4819);
#2193=VERTEX_POINT('',#4820);
#2194=VERTEX_POINT('',#4825);
#2195=VERTEX_POINT('',#4826);
#2196=VERTEX_POINT('',#4831);
#2197=VERTEX_POINT('',#4832);
#2198=VERTEX_POINT('',#4837);
#2199=VERTEX_POINT('',#4838);
#2200=VERTEX_POINT('',#4843);
#2201=VERTEX_POINT('',#4844);
#2202=VERTEX_POINT('',#4849);
#2203=VERTEX_POINT('',#4850);
#2204=VERTEX_POINT('',#4855);
#2205=VERTEX_POINT('',#4856);
#2206=VERTEX_POINT('',#4861);
#2207=VERTEX_POINT('',#4862);
#2208=VERTEX_POINT('',#4867);
#2209=VERTEX_POINT('',#4868);
#2210=VERTEX_POINT('',#4873);
#2211=VERTEX_POINT('',#4874);
#2212=VERTEX_POINT('',#4879);
#2213=VERTEX_POINT('',#4880);
#2214=VERTEX_POINT('',#4885);
#2215=VERTEX_POINT('',#4886);
#2216=VERTEX_POINT('',#4891);
#2217=VERTEX_POINT('',#4892);
#2218=VERTEX_POINT('',#4897);
#2219=VERTEX_POINT('',#4898);
#2220=VERTEX_POINT('',#4903);
#2221=VERTEX_POINT('',#4904);
#2222=VERTEX_POINT('',#4909);
#2223=VERTEX_POINT('',#4910);
#2224=VERTEX_POINT('',#4915);
#2225=VERTEX_POINT('',#4916);
#2226=VERTEX_POINT('',#4921);
#2227=VERTEX_POINT('',#4922);
#2228=VERTEX_POINT('',#4927);
#2229=VERTEX_POINT('',#4928);
#2230=VERTEX_POINT('',#4933);
#2231=VERTEX_POINT('',#4934);
#2232=VERTEX_POINT('',#4939);
#2233=VERTEX_POINT('',#4940);
#2234=VERTEX_POINT('',#4945);
#2235=VERTEX_POINT('',#4946);
#2236=VERTEX_POINT('',#4951);
#2237=VERTEX_POINT('',#4952);
#2238=VERTEX_POINT('',#4960);
#2239=VERTEX_POINT('',#4963);
#2240=VERTEX_POINT('',#4966);
#2241=VERTEX_POINT('',#4969);
#2242=VERTEX_POINT('',#4972);
#2243=VERTEX_POINT('',#4976);
#2244=VERTEX_POINT('',#4977);
#2245=VERTEX_POINT('',#4979);
#2246=VERTEX_POINT('',#4981);
#2247=VERTEX_POINT('',#4986);
#2248=VERTEX_POINT('',#4988);
#2249=VERTEX_POINT('',#4995);
#2250=VERTEX_POINT('',#4996);
#2251=VERTEX_POINT('',#4998);
#2252=VERTEX_POINT('',#5000);
#2253=VERTEX_POINT('',#5002);
#2254=VERTEX_POINT('',#5004);
#2255=VERTEX_POINT('',#5011);
#2256=VERTEX_POINT('',#5012);
#2257=VERTEX_POINT('',#5014);
#2258=VERTEX_POINT('',#5016);
#2259=VERTEX_POINT('',#5020);
#2260=VERTEX_POINT('',#5021);
#2261=VERTEX_POINT('',#5029);
#2262=VERTEX_POINT('',#5033);
#2263=VERTEX_POINT('',#5035);
#2264=VERTEX_POINT('',#5038);
#2265=VERTEX_POINT('',#5040);
#2266=VERTEX_POINT('',#5043);
#2267=VERTEX_POINT('',#5045);
#2268=VERTEX_POINT('',#5048);
#2269=VERTEX_POINT('',#5050);
#2270=VERTEX_POINT('',#5053);
#2271=VERTEX_POINT('',#5055);
#2272=VERTEX_POINT('',#5058);
#2273=VERTEX_POINT('',#5060);
#2274=VERTEX_POINT('',#5063);
#2275=VERTEX_POINT('',#5065);
#2276=VERTEX_POINT('',#5068);
#2277=VERTEX_POINT('',#5070);
#2278=VERTEX_POINT('',#5073);
#2279=VERTEX_POINT('',#5075);
#2280=VERTEX_POINT('',#5078);
#2281=VERTEX_POINT('',#5080);
#2282=VERTEX_POINT('',#5083);
#2283=VERTEX_POINT('',#5085);
#2284=VERTEX_POINT('',#5088);
#2285=VERTEX_POINT('',#5090);
#2286=VERTEX_POINT('',#5093);
#2287=VERTEX_POINT('',#5095);
#2288=VERTEX_POINT('',#5098);
#2289=VERTEX_POINT('',#5100);
#2290=VERTEX_POINT('',#5103);
#2291=VERTEX_POINT('',#5105);
#2292=VERTEX_POINT('',#5111);
#2293=VERTEX_POINT('',#5113);
#2294=VERTEX_POINT('',#5117);
#2295=VERTEX_POINT('',#5118);
#2296=VERTEX_POINT('',#5250);
#2297=CIRCLE('',#3090,0.02);
#2298=CIRCLE('',#3091,0.027);
#2299=CIRCLE('',#3093,0.027);
#2300=CIRCLE('',#3094,0.02);
#2301=CIRCLE('',#3096,0.027);
#2302=CIRCLE('',#3098,0.027);
#2303=CIRCLE('',#3102,0.027);
#2304=CIRCLE('',#3105,0.015);
#2305=CIRCLE('',#3106,0.015);
#2306=CIRCLE('',#3108,0.015);
#2307=CIRCLE('',#3109,0.015);
#2308=CIRCLE('',#3111,0.054);
#2309=CIRCLE('',#3112,0.0359999999999972);
#2310=CIRCLE('',#3113,0.0413865756749989);
#2311=CIRCLE('',#3114,0.0359999999999972);
#2312=CIRCLE('',#3115,0.0413865756749993);
#2313=CIRCLE('',#3116,0.0359999999999972);
#2314=CIRCLE('',#3117,0.0413865756749992);
#2315=CIRCLE('',#3118,0.0359999999999972);
#2316=CIRCLE('',#3119,0.0413865756749998);
#2317=CIRCLE('',#3120,0.0359999999999972);
#2318=CIRCLE('',#3121,0.0413865756749993);
#2319=CIRCLE('',#3122,0.0359999999999972);
#2320=CIRCLE('',#3123,0.0413865756749992);
#2321=CIRCLE('',#3124,0.0359999999999972);
#2322=CIRCLE('',#3125,0.0413865756750001);
#2323=CIRCLE('',#3126,0.0359999999999972);
#2324=CIRCLE('',#3127,0.0413865756750007);
#2325=CIRCLE('',#3128,0.0359999999999972);
#2326=CIRCLE('',#3129,0.041386575675);
#2327=CIRCLE('',#3130,0.0359999999999972);
#2328=CIRCLE('',#3131,0.0413865756749981);
#2329=CIRCLE('',#3132,0.0359999999999972);
#2330=CIRCLE('',#3133,0.0413865756749991);
#2331=CIRCLE('',#3134,0.0359999999999972);
#2332=CIRCLE('',#3135,0.041386575675002);
#2333=CIRCLE('',#3136,0.0359999999999972);
#2334=CIRCLE('',#3137,0.041386575674998);
#2335=CIRCLE('',#3138,0.0359999999999972);
#2336=CIRCLE('',#3139,0.0413865756750005);
#2337=CIRCLE('',#3140,0.0359999999999972);
#2338=CIRCLE('',#3141,0.041386575674999);
#2339=CIRCLE('',#3143,0.0359999999999978);
#2340=CIRCLE('',#3145,0.0359999999999978);
#2341=CIRCLE('',#3147,0.0359999999999978);
#2342=CIRCLE('',#3149,0.0359999999999978);
#2343=CIRCLE('',#3151,0.0359999999999978);
#2344=CIRCLE('',#3153,0.0359999999999978);
#2345=CIRCLE('',#3155,0.0359999999999978);
#2346=CIRCLE('',#3157,0.0359999999999978);
#2347=CIRCLE('',#3159,0.0359999999999978);
#2348=CIRCLE('',#3161,0.0359999999999978);
#2349=CIRCLE('',#3163,0.0359999999999978);
#2350=CIRCLE('',#3165,0.0359999999999978);
#2351=CIRCLE('',#3167,0.0359999999999978);
#2352=CIRCLE('',#3169,0.0359999999999978);
#2353=CIRCLE('',#3171,0.0359999999999978);
#2354=CIRCLE('',#3174,0.0359999999999972);
#2355=CIRCLE('',#3175,0.0359999999999972);
#2356=CIRCLE('',#3178,0.047499999999997);
#2357=CIRCLE('',#3179,0.047499999999997);
#2358=CIRCLE('',#3182,0.0359999999999977);
#2359=CIRCLE('',#3183,0.0359999999999977);
#2360=CIRCLE('',#3186,0.0474999999999978);
#2361=CIRCLE('',#3187,0.0474999999999978);
#2362=CIRCLE('',#3190,0.0359999999999979);
#2363=CIRCLE('',#3191,0.0359999999999979);
#2364=CIRCLE('',#3194,0.0474999999999982);
#2365=CIRCLE('',#3195,0.0474999999999982);
#2366=CIRCLE('',#3198,0.035999999999998);
#2367=CIRCLE('',#3199,0.035999999999998);
#2368=CIRCLE('',#3202,0.0474999999999977);
#2369=CIRCLE('',#3203,0.0474999999999977);
#2370=CIRCLE('',#3206,0.0359999999999981);
#2371=CIRCLE('',#3207,0.0359999999999981);
#2372=CIRCLE('',#3210,0.0474999999999975);
#2373=CIRCLE('',#3211,0.0474999999999975);
#2374=CIRCLE('',#3214,0.0359999999999982);
#2375=CIRCLE('',#3215,0.0359999999999982);
#2376=CIRCLE('',#3218,0.0474999999999979);
#2377=CIRCLE('',#3219,0.0474999999999979);
#2378=CIRCLE('',#3222,0.0359999999999988);
#2379=CIRCLE('',#3223,0.0359999999999988);
#2380=CIRCLE('',#3226,0.0474999999999994);
#2381=CIRCLE('',#3227,0.0474999999999994);
#2382=CIRCLE('',#3230,0.0359999999999984);
#2383=CIRCLE('',#3231,0.0359999999999984);
#2384=CIRCLE('',#3234,0.0474999999999988);
#2385=CIRCLE('',#3235,0.0474999999999988);
#2386=CIRCLE('',#3238,0.0359999999999987);
#2387=CIRCLE('',#3239,0.0359999999999987);
#2388=CIRCLE('',#3242,0.047499999999997);
#2389=CIRCLE('',#3243,0.047499999999997);
#2390=CIRCLE('',#3246,0.0359999999999978);
#2391=CIRCLE('',#3247,0.0359999999999978);
#2392=CIRCLE('',#3250,0.0474999999999985);
#2393=CIRCLE('',#3251,0.0474999999999985);
#2394=CIRCLE('',#3254,0.0359999999999966);
#2395=CIRCLE('',#3255,0.0359999999999966);
#2396=CIRCLE('',#3258,0.0475000000000008);
#2397=CIRCLE('',#3259,0.0475000000000008);
#2398=CIRCLE('',#3262,0.0359999999999982);
#2399=CIRCLE('',#3263,0.0359999999999982);
#2400=CIRCLE('',#3266,0.0474999999999976);
#2401=CIRCLE('',#3267,0.0474999999999976);
#2402=CIRCLE('',#3270,0.0359999999999993);
#2403=CIRCLE('',#3271,0.0359999999999993);
#2404=CIRCLE('',#3274,0.0474999999999992);
#2405=CIRCLE('',#3275,0.0474999999999992);
#2406=CIRCLE('',#3278,0.0359999999999971);
#2407=CIRCLE('',#3279,0.0359999999999971);
#2408=CIRCLE('',#3282,0.047499999999997);
#2409=CIRCLE('',#3283,0.047499999999997);
#2410=CIRCLE('',#3286,0.0359999999999973);
#2411=CIRCLE('',#3287,0.0359999999999973);
#2412=CIRCLE('',#3290,0.0474999999999984);
#2413=CIRCLE('',#3291,0.0474999999999984);
#2414=CIRCLE('',#3293,0.054);
#2415=CIRCLE('',#3295,0.054);
#2416=CIRCLE('',#3297,0.045);
#2417=CIRCLE('',#3299,0.045);
#2418=CIRCLE('',#3301,0.054);
#2419=CIRCLE('',#3307,0.027);
#2420=CIRCLE('',#3311,0.027);
#2421=CIRCLE('',#3313,0.027);
#2422=CIRCLE('',#3316,0.015);
#2423=CIRCLE('',#3317,0.015);
#2424=CIRCLE('',#3319,0.015);
#2425=CIRCLE('',#3320,0.015);
#2426=CIRCLE('',#3323,0.007);
#2427=CIRCLE('',#3324,0.041386575674999);
#2428=CIRCLE('',#3325,0.0413865756750005);
#2429=CIRCLE('',#3326,0.041386575674998);
#2430=CIRCLE('',#3327,0.041386575675002);
#2431=CIRCLE('',#3328,0.0413865756749991);
#2432=CIRCLE('',#3329,0.0413865756749981);
#2433=CIRCLE('',#3330,0.041386575675);
#2434=CIRCLE('',#3331,0.0413865756750007);
#2435=CIRCLE('',#3332,0.0413865756750001);
#2436=CIRCLE('',#3333,0.0413865756749992);
#2437=CIRCLE('',#3334,0.0413865756749993);
#2438=CIRCLE('',#3335,0.0413865756749998);
#2439=CIRCLE('',#3336,0.0413865756749992);
#2440=CIRCLE('',#3337,0.0413865756749993);
#2441=CIRCLE('',#3338,0.0413865756749989);
#2442=CIRCLE('',#3340,0.02);
#2443=CIRCLE('',#3342,0.02);
#2444=CIRCLE('',#3405,0.007);
#2445=EDGE_LOOP('',(#669,#670,#671,#672));
#2446=EDGE_LOOP('',(#673,#674,#675,#676));
#2447=EDGE_LOOP('',(#677,#678,#679,#680,#681,#682));
#2448=EDGE_LOOP('',(#683,#684,#685,#686,#687,#688));
#2449=EDGE_LOOP('',(#689,#690,#691,#692));
#2450=EDGE_LOOP('',(#693,#694,#695,#696));
#2451=EDGE_LOOP('',(#697));
#2452=EDGE_LOOP('',(#698,#699,#700,#701,#702,#703,#704,#705,#706,#707,#708,
#709,#710,#711,#712,#713,#714,#715,#716,#717,#718,#719,#720,#721,#722,#723,
#724,#725,#726,#727,#728,#729,#730,#731,#732,#733,#734,#735,#736,#737,#738,
#739,#740,#741,#742,#743,#744,#745,#746,#747,#748,#749,#750,#751,#752,#753,
#754,#755,#756,#757));
#2453=EDGE_LOOP('',(#758,#759,#760,#761));
#2454=EDGE_LOOP('',(#762,#763,#764,#765));
#2455=EDGE_LOOP('',(#766,#767,#768,#769));
#2456=EDGE_LOOP('',(#770,#771,#772,#773));
#2457=EDGE_LOOP('',(#774,#775,#776,#777));
#2458=EDGE_LOOP('',(#778,#779,#780,#781));
#2459=EDGE_LOOP('',(#782,#783,#784,#785));
#2460=EDGE_LOOP('',(#786,#787,#788,#789));
#2461=EDGE_LOOP('',(#790,#791,#792,#793));
#2462=EDGE_LOOP('',(#794,#795,#796,#797));
#2463=EDGE_LOOP('',(#798,#799,#800,#801));
#2464=EDGE_LOOP('',(#802,#803,#804,#805));
#2465=EDGE_LOOP('',(#806,#807,#808,#809));
#2466=EDGE_LOOP('',(#810,#811,#812,#813));
#2467=EDGE_LOOP('',(#814,#815,#816,#817));
#2468=EDGE_LOOP('',(#818,#819,#820,#821));
#2469=EDGE_LOOP('',(#822,#823,#824,#825));
#2470=EDGE_LOOP('',(#826,#827,#828,#829));
#2471=EDGE_LOOP('',(#830,#831,#832,#833));
#2472=EDGE_LOOP('',(#834,#835,#836,#837));
#2473=EDGE_LOOP('',(#838,#839,#840,#841));
#2474=EDGE_LOOP('',(#842,#843,#844,#845));
#2475=EDGE_LOOP('',(#846,#847,#848,#849));
#2476=EDGE_LOOP('',(#850,#851,#852,#853));
#2477=EDGE_LOOP('',(#854,#855,#856,#857));
#2478=EDGE_LOOP('',(#858,#859,#860,#861));
#2479=EDGE_LOOP('',(#862,#863,#864,#865));
#2480=EDGE_LOOP('',(#866,#867,#868,#869));
#2481=EDGE_LOOP('',(#870,#871,#872,#873));
#2482=EDGE_LOOP('',(#874,#875,#876,#877));
#2483=EDGE_LOOP('',(#878,#879,#880,#881));
#2484=EDGE_LOOP('',(#882,#883,#884,#885));
#2485=EDGE_LOOP('',(#886,#887,#888,#889));
#2486=EDGE_LOOP('',(#890,#891,#892,#893));
#2487=EDGE_LOOP('',(#894,#895,#896,#897));
#2488=EDGE_LOOP('',(#898,#899,#900,#901));
#2489=EDGE_LOOP('',(#902,#903,#904,#905));
#2490=EDGE_LOOP('',(#906,#907,#908,#909));
#2491=EDGE_LOOP('',(#910,#911,#912,#913));
#2492=EDGE_LOOP('',(#914,#915,#916,#917));
#2493=EDGE_LOOP('',(#918,#919,#920,#921));
#2494=EDGE_LOOP('',(#922,#923,#924,#925));
#2495=EDGE_LOOP('',(#926,#927,#928,#929));
#2496=EDGE_LOOP('',(#930,#931,#932,#933));
#2497=EDGE_LOOP('',(#934,#935,#936,#937));
#2498=EDGE_LOOP('',(#938,#939,#940,#941));
#2499=EDGE_LOOP('',(#942,#943,#944,#945));
#2500=EDGE_LOOP('',(#946,#947,#948,#949));
#2501=EDGE_LOOP('',(#950,#951,#952,#953));
#2502=EDGE_LOOP('',(#954,#955,#956,#957));
#2503=EDGE_LOOP('',(#958,#959,#960,#961));
#2504=EDGE_LOOP('',(#962,#963,#964,#965));
#2505=EDGE_LOOP('',(#966,#967,#968,#969));
#2506=EDGE_LOOP('',(#970,#971,#972,#973));
#2507=EDGE_LOOP('',(#974,#975,#976,#977));
#2508=EDGE_LOOP('',(#978,#979,#980,#981));
#2509=EDGE_LOOP('',(#982,#983,#984,#985));
#2510=EDGE_LOOP('',(#986,#987,#988,#989));
#2511=EDGE_LOOP('',(#990,#991,#992,#993));
#2512=EDGE_LOOP('',(#994,#995,#996,#997));
#2513=EDGE_LOOP('',(#998,#999,#1000,#1001));
#2514=EDGE_LOOP('',(#1002,#1003,#1004,#1005));
#2515=EDGE_LOOP('',(#1006,#1007,#1008,#1009));
#2516=EDGE_LOOP('',(#1010,#1011,#1012,#1013));
#2517=EDGE_LOOP('',(#1014,#1015,#1016,#1017));
#2518=EDGE_LOOP('',(#1018,#1019,#1020,#1021));
#2519=EDGE_LOOP('',(#1022,#1023,#1024,#1025));
#2520=EDGE_LOOP('',(#1026,#1027,#1028,#1029));
#2521=EDGE_LOOP('',(#1030,#1031,#1032,#1033));
#2522=EDGE_LOOP('',(#1034,#1035,#1036,#1037));
#2523=EDGE_LOOP('',(#1038,#1039,#1040,#1041));
#2524=EDGE_LOOP('',(#1042,#1043,#1044,#1045));
#2525=EDGE_LOOP('',(#1046,#1047,#1048,#1049));
#2526=EDGE_LOOP('',(#1050,#1051,#1052,#1053));
#2527=EDGE_LOOP('',(#1054,#1055,#1056,#1057));
#2528=EDGE_LOOP('',(#1058));
#2529=EDGE_LOOP('',(#1059,#1060,#1061,#1062,#1063,#1064,#1065,#1066,#1067,
#1068,#1069,#1070,#1071,#1072,#1073,#1074,#1075,#1076,#1077,#1078,#1079,
#1080,#1081,#1082,#1083,#1084,#1085,#1086,#1087,#1088,#1089,#1090,#1091,
#1092,#1093,#1094,#1095,#1096,#1097,#1098,#1099,#1100,#1101,#1102,#1103,
#1104,#1105,#1106,#1107,#1108,#1109,#1110,#1111,#1112,#1113,#1114,#1115,
#1116,#1117,#1118));
#2530=EDGE_LOOP('',(#1119));
#2531=EDGE_LOOP('',(#1120));
#2532=EDGE_LOOP('',(#1121));
#2533=EDGE_LOOP('',(#1122));
#2534=EDGE_LOOP('',(#1123));
#2535=EDGE_LOOP('',(#1124));
#2536=EDGE_LOOP('',(#1125));
#2537=EDGE_LOOP('',(#1126));
#2538=EDGE_LOOP('',(#1127));
#2539=EDGE_LOOP('',(#1128));
#2540=EDGE_LOOP('',(#1129,#1130,#1131,#1132));
#2541=EDGE_LOOP('',(#1133,#1134,#1135,#1136,#1137,#1138));
#2542=EDGE_LOOP('',(#1139,#1140,#1141,#1142));
#2543=EDGE_LOOP('',(#1143,#1144,#1145,#1146,#1147,#1148));
#2544=EDGE_LOOP('',(#1149,#1150,#1151,#1152));
#2545=EDGE_LOOP('',(#1153,#1154,#1155,#1156));
#2546=EDGE_LOOP('',(#1157,#1158,#1159,#1160));
#2547=EDGE_LOOP('',(#1161,#1162,#1163,#1164));
#2548=EDGE_LOOP('',(#1165));
#2549=EDGE_LOOP('',(#1166,#1167,#1168,#1169));
#2550=EDGE_LOOP('',(#1170,#1171,#1172,#1173));
#2551=EDGE_LOOP('',(#1174,#1175,#1176,#1177,#1178,#1179,#1180,#1181,#1182,
#1183,#1184,#1185,#1186,#1187,#1188,#1189,#1190,#1191,#1192,#1193,#1194,
#1195,#1196,#1197,#1198,#1199,#1200,#1201,#1202,#1203,#1204,#1205,#1206,
#1207,#1208,#1209,#1210,#1211,#1212,#1213,#1214,#1215,#1216,#1217,#1218,
#1219,#1220,#1221,#1222,#1223,#1224,#1225,#1226,#1227,#1228,#1229,#1230,
#1231,#1232,#1233));
#2552=EDGE_LOOP('',(#1234,#1235,#1236,#1237));
#2553=EDGE_LOOP('',(#1238,#1239,#1240,#1241));
#2554=EDGE_LOOP('',(#1242,#1243,#1244,#1245));
#2555=EDGE_LOOP('',(#1246,#1247,#1248,#1249));
#2556=EDGE_LOOP('',(#1250,#1251,#1252,#1253));
#2557=EDGE_LOOP('',(#1254,#1255,#1256,#1257));
#2558=EDGE_LOOP('',(#1258,#1259,#1260,#1261));
#2559=EDGE_LOOP('',(#1262,#1263,#1264,#1265));
#2560=EDGE_LOOP('',(#1266,#1267,#1268,#1269));
#2561=EDGE_LOOP('',(#1270,#1271,#1272,#1273));
#2562=EDGE_LOOP('',(#1274,#1275,#1276,#1277));
#2563=EDGE_LOOP('',(#1278,#1279,#1280,#1281));
#2564=EDGE_LOOP('',(#1282,#1283,#1284,#1285));
#2565=EDGE_LOOP('',(#1286,#1287,#1288,#1289));
#2566=EDGE_LOOP('',(#1290,#1291,#1292,#1293));
#2567=EDGE_LOOP('',(#1294,#1295,#1296,#1297));
#2568=EDGE_LOOP('',(#1298,#1299,#1300,#1301));
#2569=EDGE_LOOP('',(#1302,#1303,#1304,#1305));
#2570=EDGE_LOOP('',(#1306,#1307,#1308,#1309));
#2571=EDGE_LOOP('',(#1310,#1311,#1312,#1313));
#2572=EDGE_LOOP('',(#1314,#1315,#1316,#1317));
#2573=EDGE_LOOP('',(#1318,#1319,#1320,#1321));
#2574=EDGE_LOOP('',(#1322,#1323,#1324,#1325));
#2575=EDGE_LOOP('',(#1326,#1327,#1328,#1329));
#2576=EDGE_LOOP('',(#1330,#1331,#1332,#1333));
#2577=EDGE_LOOP('',(#1334,#1335,#1336,#1337));
#2578=EDGE_LOOP('',(#1338,#1339,#1340,#1341));
#2579=EDGE_LOOP('',(#1342,#1343,#1344,#1345));
#2580=EDGE_LOOP('',(#1346,#1347,#1348,#1349));
#2581=EDGE_LOOP('',(#1350,#1351,#1352,#1353));
#2582=EDGE_LOOP('',(#1354,#1355,#1356,#1357));
#2583=EDGE_LOOP('',(#1358,#1359,#1360,#1361));
#2584=EDGE_LOOP('',(#1362,#1363,#1364,#1365));
#2585=EDGE_LOOP('',(#1366,#1367,#1368,#1369));
#2586=EDGE_LOOP('',(#1370,#1371,#1372,#1373));
#2587=EDGE_LOOP('',(#1374,#1375,#1376,#1377));
#2588=EDGE_LOOP('',(#1378,#1379,#1380,#1381));
#2589=EDGE_LOOP('',(#1382,#1383,#1384,#1385));
#2590=EDGE_LOOP('',(#1386,#1387,#1388,#1389));
#2591=EDGE_LOOP('',(#1390,#1391,#1392,#1393));
#2592=EDGE_LOOP('',(#1394,#1395,#1396,#1397));
#2593=EDGE_LOOP('',(#1398,#1399,#1400,#1401));
#2594=EDGE_LOOP('',(#1402,#1403,#1404,#1405));
#2595=EDGE_LOOP('',(#1406,#1407,#1408,#1409));
#2596=EDGE_LOOP('',(#1410,#1411,#1412,#1413));
#2597=EDGE_LOOP('',(#1414,#1415,#1416,#1417));
#2598=EDGE_LOOP('',(#1418,#1419,#1420,#1421));
#2599=EDGE_LOOP('',(#1422,#1423,#1424,#1425));
#2600=EDGE_LOOP('',(#1426,#1427,#1428,#1429));
#2601=EDGE_LOOP('',(#1430,#1431,#1432,#1433));
#2602=EDGE_LOOP('',(#1434,#1435,#1436,#1437));
#2603=EDGE_LOOP('',(#1438,#1439,#1440,#1441));
#2604=EDGE_LOOP('',(#1442,#1443,#1444,#1445));
#2605=EDGE_LOOP('',(#1446,#1447,#1448,#1449));
#2606=EDGE_LOOP('',(#1450,#1451,#1452,#1453));
#2607=EDGE_LOOP('',(#1454,#1455,#1456,#1457));
#2608=EDGE_LOOP('',(#1458,#1459,#1460,#1461));
#2609=EDGE_LOOP('',(#1462,#1463,#1464,#1465));
#2610=EDGE_LOOP('',(#1466,#1467,#1468,#1469));
#2611=EDGE_LOOP('',(#1470,#1471,#1472,#1473));
#2612=EDGE_LOOP('',(#1474,#1475,#1476,#1477));
#2613=EDGE_LOOP('',(#1478,#1479,#1480,#1481));
#2614=EDGE_LOOP('',(#1482,#1483,#1484,#1485));
#2615=EDGE_LOOP('',(#1486,#1487,#1488,#1489));
#2616=EDGE_LOOP('',(#1490,#1491,#1492,#1493));
#2617=EDGE_LOOP('',(#1494));
#2618=EDGE_LOOP('',(#1495));
#2619=EDGE_LOOP('',(#1496));
#2620=EDGE_LOOP('',(#1497,#1498,#1499,#1500,#1501,#1502,#1503,#1504,#1505,
#1506,#1507,#1508,#1509,#1510,#1511,#1512,#1513,#1514,#1515,#1516,#1517,
#1518,#1519,#1520,#1521,#1522,#1523,#1524,#1525,#1526,#1527,#1528,#1529,
#1530,#1531,#1532,#1533,#1534,#1535,#1536,#1537,#1538,#1539,#1540,#1541,
#1542,#1543,#1544,#1545,#1546,#1547,#1548,#1549,#1550,#1551,#1552,#1553,
#1554,#1555,#1556));
#2621=FACE_BOUND('',#2445,.T.);
#2622=FACE_BOUND('',#2446,.T.);
#2623=FACE_BOUND('',#2447,.T.);
#2624=FACE_BOUND('',#2448,.T.);
#2625=FACE_BOUND('',#2449,.T.);
#2626=FACE_BOUND('',#2450,.T.);
#2627=FACE_BOUND('',#2451,.T.);
#2628=FACE_BOUND('',#2452,.T.);
#2629=FACE_BOUND('',#2453,.T.);
#2630=FACE_BOUND('',#2454,.T.);
#2631=FACE_BOUND('',#2455,.T.);
#2632=FACE_BOUND('',#2456,.T.);
#2633=FACE_BOUND('',#2457,.T.);
#2634=FACE_BOUND('',#2458,.T.);
#2635=FACE_BOUND('',#2459,.T.);
#2636=FACE_BOUND('',#2460,.T.);
#2637=FACE_BOUND('',#2461,.T.);
#2638=FACE_BOUND('',#2462,.T.);
#2639=FACE_BOUND('',#2463,.T.);
#2640=FACE_BOUND('',#2464,.T.);
#2641=FACE_BOUND('',#2465,.T.);
#2642=FACE_BOUND('',#2466,.T.);
#2643=FACE_BOUND('',#2467,.T.);
#2644=FACE_BOUND('',#2468,.T.);
#2645=FACE_BOUND('',#2469,.T.);
#2646=FACE_BOUND('',#2470,.T.);
#2647=FACE_BOUND('',#2471,.T.);
#2648=FACE_BOUND('',#2472,.T.);
#2649=FACE_BOUND('',#2473,.T.);
#2650=FACE_BOUND('',#2474,.T.);
#2651=FACE_BOUND('',#2475,.T.);
#2652=FACE_BOUND('',#2476,.T.);
#2653=FACE_BOUND('',#2477,.T.);
#2654=FACE_BOUND('',#2478,.T.);
#2655=FACE_BOUND('',#2479,.T.);
#2656=FACE_BOUND('',#2480,.T.);
#2657=FACE_BOUND('',#2481,.T.);
#2658=FACE_BOUND('',#2482,.T.);
#2659=FACE_BOUND('',#2483,.T.);
#2660=FACE_BOUND('',#2484,.T.);
#2661=FACE_BOUND('',#2485,.T.);
#2662=FACE_BOUND('',#2486,.T.);
#2663=FACE_BOUND('',#2487,.T.);
#2664=FACE_BOUND('',#2488,.T.);
#2665=FACE_BOUND('',#2489,.T.);
#2666=FACE_BOUND('',#2490,.T.);
#2667=FACE_BOUND('',#2491,.T.);
#2668=FACE_BOUND('',#2492,.T.);
#2669=FACE_BOUND('',#2493,.T.);
#2670=FACE_BOUND('',#2494,.T.);
#2671=FACE_BOUND('',#2495,.T.);
#2672=FACE_BOUND('',#2496,.T.);
#2673=FACE_BOUND('',#2497,.T.);
#2674=FACE_BOUND('',#2498,.T.);
#2675=FACE_BOUND('',#2499,.T.);
#2676=FACE_BOUND('',#2500,.T.);
#2677=FACE_BOUND('',#2501,.T.);
#2678=FACE_BOUND('',#2502,.T.);
#2679=FACE_BOUND('',#2503,.T.);
#2680=FACE_BOUND('',#2504,.T.);
#2681=FACE_BOUND('',#2505,.T.);
#2682=FACE_BOUND('',#2506,.T.);
#2683=FACE_BOUND('',#2507,.T.);
#2684=FACE_BOUND('',#2508,.T.);
#2685=FACE_BOUND('',#2509,.T.);
#2686=FACE_BOUND('',#2510,.T.);
#2687=FACE_BOUND('',#2511,.T.);
#2688=FACE_BOUND('',#2512,.T.);
#2689=FACE_BOUND('',#2513,.T.);
#2690=FACE_BOUND('',#2514,.T.);
#2691=FACE_BOUND('',#2515,.T.);
#2692=FACE_BOUND('',#2516,.T.);
#2693=FACE_BOUND('',#2517,.T.);
#2694=FACE_BOUND('',#2518,.T.);
#2695=FACE_BOUND('',#2519,.T.);
#2696=FACE_BOUND('',#2520,.T.);
#2697=FACE_BOUND('',#2521,.T.);
#2698=FACE_BOUND('',#2522,.T.);
#2699=FACE_BOUND('',#2523,.T.);
#2700=FACE_BOUND('',#2524,.T.);
#2701=FACE_BOUND('',#2525,.T.);
#2702=FACE_BOUND('',#2526,.T.);
#2703=FACE_BOUND('',#2527,.T.);
#2704=FACE_BOUND('',#2528,.T.);
#2705=FACE_BOUND('',#2529,.T.);
#2706=FACE_BOUND('',#2530,.T.);
#2707=FACE_BOUND('',#2531,.T.);
#2708=FACE_BOUND('',#2532,.T.);
#2709=FACE_BOUND('',#2533,.T.);
#2710=FACE_BOUND('',#2534,.T.);
#2711=FACE_BOUND('',#2535,.T.);
#2712=FACE_BOUND('',#2536,.T.);
#2713=FACE_BOUND('',#2537,.T.);
#2714=FACE_BOUND('',#2538,.T.);
#2715=FACE_BOUND('',#2539,.T.);
#2716=FACE_BOUND('',#2540,.T.);
#2717=FACE_BOUND('',#2541,.T.);
#2718=FACE_BOUND('',#2542,.T.);
#2719=FACE_BOUND('',#2543,.T.);
#2720=FACE_BOUND('',#2544,.T.);
#2721=FACE_BOUND('',#2545,.T.);
#2722=FACE_BOUND('',#2546,.T.);
#2723=FACE_BOUND('',#2547,.T.);
#2724=FACE_BOUND('',#2548,.T.);
#2725=FACE_BOUND('',#2549,.T.);
#2726=FACE_BOUND('',#2550,.T.);
#2727=FACE_BOUND('',#2551,.T.);
#2728=FACE_BOUND('',#2552,.T.);
#2729=FACE_BOUND('',#2553,.T.);
#2730=FACE_BOUND('',#2554,.T.);
#2731=FACE_BOUND('',#2555,.T.);
#2732=FACE_BOUND('',#2556,.T.);
#2733=FACE_BOUND('',#2557,.T.);
#2734=FACE_BOUND('',#2558,.T.);
#2735=FACE_BOUND('',#2559,.T.);
#2736=FACE_BOUND('',#2560,.T.);
#2737=FACE_BOUND('',#2561,.T.);
#2738=FACE_BOUND('',#2562,.T.);
#2739=FACE_BOUND('',#2563,.T.);
#2740=FACE_BOUND('',#2564,.T.);
#2741=FACE_BOUND('',#2565,.T.);
#2742=FACE_BOUND('',#2566,.T.);
#2743=FACE_BOUND('',#2567,.T.);
#2744=FACE_BOUND('',#2568,.T.);
#2745=FACE_BOUND('',#2569,.T.);
#2746=FACE_BOUND('',#2570,.T.);
#2747=FACE_BOUND('',#2571,.T.);
#2748=FACE_BOUND('',#2572,.T.);
#2749=FACE_BOUND('',#2573,.T.);
#2750=FACE_BOUND('',#2574,.T.);
#2751=FACE_BOUND('',#2575,.T.);
#2752=FACE_BOUND('',#2576,.T.);
#2753=FACE_BOUND('',#2577,.T.);
#2754=FACE_BOUND('',#2578,.T.);
#2755=FACE_BOUND('',#2579,.T.);
#2756=FACE_BOUND('',#2580,.T.);
#2757=FACE_BOUND('',#2581,.T.);
#2758=FACE_BOUND('',#2582,.T.);
#2759=FACE_BOUND('',#2583,.T.);
#2760=FACE_BOUND('',#2584,.T.);
#2761=FACE_BOUND('',#2585,.T.);
#2762=FACE_BOUND('',#2586,.T.);
#2763=FACE_BOUND('',#2587,.T.);
#2764=FACE_BOUND('',#2588,.T.);
#2765=FACE_BOUND('',#2589,.T.);
#2766=FACE_BOUND('',#2590,.T.);
#2767=FACE_BOUND('',#2591,.T.);
#2768=FACE_BOUND('',#2592,.T.);
#2769=FACE_BOUND('',#2593,.T.);
#2770=FACE_BOUND('',#2594,.T.);
#2771=FACE_BOUND('',#2595,.T.);
#2772=FACE_BOUND('',#2596,.T.);
#2773=FACE_BOUND('',#2597,.T.);
#2774=FACE_BOUND('',#2598,.T.);
#2775=FACE_BOUND('',#2599,.T.);
#2776=FACE_BOUND('',#2600,.T.);
#2777=FACE_BOUND('',#2601,.T.);
#2778=FACE_BOUND('',#2602,.T.);
#2779=FACE_BOUND('',#2603,.T.);
#2780=FACE_BOUND('',#2604,.T.);
#2781=FACE_BOUND('',#2605,.T.);
#2782=FACE_BOUND('',#2606,.T.);
#2783=FACE_BOUND('',#2607,.T.);
#2784=FACE_BOUND('',#2608,.T.);
#2785=FACE_BOUND('',#2609,.T.);
#2786=FACE_BOUND('',#2610,.T.);
#2787=FACE_BOUND('',#2611,.T.);
#2788=FACE_BOUND('',#2612,.T.);
#2789=FACE_BOUND('',#2613,.T.);
#2790=FACE_BOUND('',#2614,.T.);
#2791=FACE_BOUND('',#2615,.T.);
#2792=FACE_BOUND('',#2616,.T.);
#2793=FACE_BOUND('',#2617,.T.);
#2794=FACE_BOUND('',#2618,.T.);
#2795=FACE_BOUND('',#2619,.T.);
#2796=FACE_BOUND('',#2620,.T.);
#2797=PLANE('',#3089);
#2798=PLANE('',#3092);
#2799=PLANE('',#3110);
#2800=PLANE('',#3172);
#2801=PLANE('',#3176);
#2802=PLANE('',#3180);
#2803=PLANE('',#3184);
#2804=PLANE('',#3188);
#2805=PLANE('',#3192);
#2806=PLANE('',#3196);
#2807=PLANE('',#3200);
#2808=PLANE('',#3204);
#2809=PLANE('',#3208);
#2810=PLANE('',#3212);
#2811=PLANE('',#3216);
#2812=PLANE('',#3220);
#2813=PLANE('',#3224);
#2814=PLANE('',#3228);
#2815=PLANE('',#3232);
#2816=PLANE('',#3236);
#2817=PLANE('',#3240);
#2818=PLANE('',#3244);
#2819=PLANE('',#3248);
#2820=PLANE('',#3252);
#2821=PLANE('',#3256);
#2822=PLANE('',#3260);
#2823=PLANE('',#3264);
#2824=PLANE('',#3268);
#2825=PLANE('',#3272);
#2826=PLANE('',#3276);
#2827=PLANE('',#3280);
#2828=PLANE('',#3284);
#2829=PLANE('',#3288);
#2830=PLANE('',#3292);
#2831=PLANE('',#3296);
#2832=PLANE('',#3302);
#2833=PLANE('',#3303);
#2834=PLANE('',#3308);
#2835=PLANE('',#3314);
#2836=PLANE('',#3321);
#2837=PLANE('',#3322);
#2838=PLANE('',#3339);
#2839=PLANE('',#3341);
#2840=PLANE('',#3343);
#2841=PLANE('',#3344);
#2842=PLANE('',#3346);
#2843=PLANE('',#3347);
#2844=PLANE('',#3349);
#2845=PLANE('',#3350);
#2846=PLANE('',#3352);
#2847=PLANE('',#3353);
#2848=PLANE('',#3355);
#2849=PLANE('',#3356);
#2850=PLANE('',#3358);
#2851=PLANE('',#3359);
#2852=PLANE('',#3361);
#2853=PLANE('',#3362);
#2854=PLANE('',#3364);
#2855=PLANE('',#3365);
#2856=PLANE('',#3367);
#2857=PLANE('',#3368);
#2858=PLANE('',#3370);
#2859=PLANE('',#3371);
#2860=PLANE('',#3373);
#2861=PLANE('',#3374);
#2862=PLANE('',#3376);
#2863=PLANE('',#3377);
#2864=PLANE('',#3379);
#2865=PLANE('',#3380);
#2866=PLANE('',#3382);
#2867=PLANE('',#3383);
#2868=PLANE('',#3386);
#2869=PLANE('',#3387);
#2870=PLANE('',#3388);
#2871=PLANE('',#3389);
#2872=PLANE('',#3390);
#2873=PLANE('',#3391);
#2874=PLANE('',#3392);
#2875=PLANE('',#3394);
#2876=PLANE('',#3395);
#2877=PLANE('',#3397);
#2878=PLANE('',#3398);
#2879=PLANE('',#3400);
#2880=PLANE('',#3401);
#2881=PLANE('',#3403);
#2882=PLANE('',#3406);
#2883=ADVANCED_FACE('',(#2621),#2797,.F.);
#2884=ADVANCED_FACE('',(#2622),#2798,.F.);
#2885=ADVANCED_FACE('',(#2623),#37,.T.);
#2886=ADVANCED_FACE('',(#2624),#38,.T.);
#2887=ADVANCED_FACE('',(#2625),#39,.F.);
#2888=ADVANCED_FACE('',(#2626),#40,.F.);
#2889=ADVANCED_FACE('',(#2627,#2628),#2799,.F.);
#2890=ADVANCED_FACE('',(#2629),#41,.F.);
#2891=ADVANCED_FACE('',(#2630),#42,.F.);
#2892=ADVANCED_FACE('',(#2631),#43,.F.);
#2893=ADVANCED_FACE('',(#2632),#44,.F.);
#2894=ADVANCED_FACE('',(#2633),#45,.F.);
#2895=ADVANCED_FACE('',(#2634),#46,.F.);
#2896=ADVANCED_FACE('',(#2635),#47,.F.);
#2897=ADVANCED_FACE('',(#2636),#48,.F.);
#2898=ADVANCED_FACE('',(#2637),#49,.F.);
#2899=ADVANCED_FACE('',(#2638),#50,.F.);
#2900=ADVANCED_FACE('',(#2639),#51,.F.);
#2901=ADVANCED_FACE('',(#2640),#52,.F.);
#2902=ADVANCED_FACE('',(#2641),#53,.F.);
#2903=ADVANCED_FACE('',(#2642),#54,.F.);
#2904=ADVANCED_FACE('',(#2643),#55,.F.);
#2905=ADVANCED_FACE('',(#2644),#2800,.F.);
#2906=ADVANCED_FACE('',(#2645),#56,.T.);
#2907=ADVANCED_FACE('',(#2646),#2801,.T.);
#2908=ADVANCED_FACE('',(#2647),#57,.T.);
#2909=ADVANCED_FACE('',(#2648),#2802,.F.);
#2910=ADVANCED_FACE('',(#2649),#58,.T.);
#2911=ADVANCED_FACE('',(#2650),#2803,.T.);
#2912=ADVANCED_FACE('',(#2651),#59,.T.);
#2913=ADVANCED_FACE('',(#2652),#2804,.F.);
#2914=ADVANCED_FACE('',(#2653),#60,.T.);
#2915=ADVANCED_FACE('',(#2654),#2805,.T.);
#2916=ADVANCED_FACE('',(#2655),#61,.T.);
#2917=ADVANCED_FACE('',(#2656),#2806,.F.);
#2918=ADVANCED_FACE('',(#2657),#62,.T.);
#2919=ADVANCED_FACE('',(#2658),#2807,.T.);
#2920=ADVANCED_FACE('',(#2659),#63,.T.);
#2921=ADVANCED_FACE('',(#2660),#2808,.F.);
#2922=ADVANCED_FACE('',(#2661),#64,.T.);
#2923=ADVANCED_FACE('',(#2662),#2809,.T.);
#2924=ADVANCED_FACE('',(#2663),#65,.T.);
#2925=ADVANCED_FACE('',(#2664),#2810,.F.);
#2926=ADVANCED_FACE('',(#2665),#66,.T.);
#2927=ADVANCED_FACE('',(#2666),#2811,.T.);
#2928=ADVANCED_FACE('',(#2667),#67,.T.);
#2929=ADVANCED_FACE('',(#2668),#2812,.F.);
#2930=ADVANCED_FACE('',(#2669),#68,.T.);
#2931=ADVANCED_FACE('',(#2670),#2813,.T.);
#2932=ADVANCED_FACE('',(#2671),#69,.T.);
#2933=ADVANCED_FACE('',(#2672),#2814,.F.);
#2934=ADVANCED_FACE('',(#2673),#70,.T.);
#2935=ADVANCED_FACE('',(#2674),#2815,.T.);
#2936=ADVANCED_FACE('',(#2675),#71,.T.);
#2937=ADVANCED_FACE('',(#2676),#2816,.F.);
#2938=ADVANCED_FACE('',(#2677),#72,.T.);
#2939=ADVANCED_FACE('',(#2678),#2817,.T.);
#2940=ADVANCED_FACE('',(#2679),#73,.T.);
#2941=ADVANCED_FACE('',(#2680),#2818,.F.);
#2942=ADVANCED_FACE('',(#2681),#74,.T.);
#2943=ADVANCED_FACE('',(#2682),#2819,.T.);
#2944=ADVANCED_FACE('',(#2683),#75,.T.);
#2945=ADVANCED_FACE('',(#2684),#2820,.F.);
#2946=ADVANCED_FACE('',(#2685),#76,.T.);
#2947=ADVANCED_FACE('',(#2686),#2821,.T.);
#2948=ADVANCED_FACE('',(#2687),#77,.T.);
#2949=ADVANCED_FACE('',(#2688),#2822,.F.);
#2950=ADVANCED_FACE('',(#2689),#78,.T.);
#2951=ADVANCED_FACE('',(#2690),#2823,.T.);
#2952=ADVANCED_FACE('',(#2691),#79,.T.);
#2953=ADVANCED_FACE('',(#2692),#2824,.F.);
#2954=ADVANCED_FACE('',(#2693),#80,.T.);
#2955=ADVANCED_FACE('',(#2694),#2825,.T.);
#2956=ADVANCED_FACE('',(#2695),#81,.T.);
#2957=ADVANCED_FACE('',(#2696),#2826,.F.);
#2958=ADVANCED_FACE('',(#2697),#82,.T.);
#2959=ADVANCED_FACE('',(#2698),#2827,.T.);
#2960=ADVANCED_FACE('',(#2699),#83,.T.);
#2961=ADVANCED_FACE('',(#2700),#2828,.F.);
#2962=ADVANCED_FACE('',(#2701),#84,.T.);
#2963=ADVANCED_FACE('',(#2702),#2829,.T.);
#2964=ADVANCED_FACE('',(#2703),#85,.T.);
#2965=ADVANCED_FACE('',(#2704,#2705),#2830,.F.);
#2966=ADVANCED_FACE('',(#2706,#2707),#86,.T.);
#2967=ADVANCED_FACE('',(#2708,#2709),#2831,.T.);
#2968=ADVANCED_FACE('',(#2710,#2711),#87,.T.);
#2969=ADVANCED_FACE('',(#2712,#2713),#88,.T.);
#2970=ADVANCED_FACE('',(#2714,#2715),#2832,.T.);
#2971=ADVANCED_FACE('',(#2716),#2833,.F.);
#2972=ADVANCED_FACE('',(#2717),#89,.T.);
#2973=ADVANCED_FACE('',(#2718),#2834,.T.);
#2974=ADVANCED_FACE('',(#2719),#90,.T.);
#2975=ADVANCED_FACE('',(#2720),#2835,.T.);
#2976=ADVANCED_FACE('',(#2721),#91,.F.);
#2977=ADVANCED_FACE('',(#2722),#92,.F.);
#2978=ADVANCED_FACE('',(#2723),#2836,.F.);
#2979=ADVANCED_FACE('',(#2724,#2725,#2726,#2727,#2728,#2729),#2837,.T.);
#2980=ADVANCED_FACE('',(#2730),#2838,.F.);
#2981=ADVANCED_FACE('',(#2731),#2839,.F.);
#2982=ADVANCED_FACE('',(#2732),#2840,.T.);
#2983=ADVANCED_FACE('',(#2733),#2841,.T.);
#2984=ADVANCED_FACE('',(#2734),#93,.F.);
#2985=ADVANCED_FACE('',(#2735),#2842,.T.);
#2986=ADVANCED_FACE('',(#2736),#2843,.T.);
#2987=ADVANCED_FACE('',(#2737),#94,.F.);
#2988=ADVANCED_FACE('',(#2738),#2844,.T.);
#2989=ADVANCED_FACE('',(#2739),#2845,.T.);
#2990=ADVANCED_FACE('',(#2740),#95,.F.);
#2991=ADVANCED_FACE('',(#2741),#2846,.T.);
#2992=ADVANCED_FACE('',(#2742),#2847,.T.);
#2993=ADVANCED_FACE('',(#2743),#96,.F.);
#2994=ADVANCED_FACE('',(#2744),#2848,.T.);
#2995=ADVANCED_FACE('',(#2745),#2849,.T.);
#2996=ADVANCED_FACE('',(#2746),#97,.F.);
#2997=ADVANCED_FACE('',(#2747),#2850,.T.);
#2998=ADVANCED_FACE('',(#2748),#2851,.T.);
#2999=ADVANCED_FACE('',(#2749),#98,.F.);
#3000=ADVANCED_FACE('',(#2750),#2852,.T.);
#3001=ADVANCED_FACE('',(#2751),#2853,.T.);
#3002=ADVANCED_FACE('',(#2752),#99,.F.);
#3003=ADVANCED_FACE('',(#2753),#2854,.T.);
#3004=ADVANCED_FACE('',(#2754),#2855,.T.);
#3005=ADVANCED_FACE('',(#2755),#100,.F.);
#3006=ADVANCED_FACE('',(#2756),#2856,.T.);
#3007=ADVANCED_FACE('',(#2757),#2857,.T.);
#3008=ADVANCED_FACE('',(#2758),#101,.F.);
#3009=ADVANCED_FACE('',(#2759),#2858,.T.);
#3010=ADVANCED_FACE('',(#2760),#2859,.T.);
#3011=ADVANCED_FACE('',(#2761),#102,.F.);
#3012=ADVANCED_FACE('',(#2762),#2860,.T.);
#3013=ADVANCED_FACE('',(#2763),#2861,.T.);
#3014=ADVANCED_FACE('',(#2764),#103,.F.);
#3015=ADVANCED_FACE('',(#2765),#2862,.T.);
#3016=ADVANCED_FACE('',(#2766),#2863,.T.);
#3017=ADVANCED_FACE('',(#2767),#104,.F.);
#3018=ADVANCED_FACE('',(#2768),#2864,.T.);
#3019=ADVANCED_FACE('',(#2769),#2865,.T.);
#3020=ADVANCED_FACE('',(#2770),#105,.F.);
#3021=ADVANCED_FACE('',(#2771),#2866,.T.);
#3022=ADVANCED_FACE('',(#2772),#2867,.T.);
#3023=ADVANCED_FACE('',(#2773),#106,.F.);
#3024=ADVANCED_FACE('',(#2774),#107,.F.);
#3025=ADVANCED_FACE('',(#2775),#2868,.T.);
#3026=ADVANCED_FACE('',(#2776),#2869,.T.);
#3027=ADVANCED_FACE('',(#2777),#2870,.T.);
#3028=ADVANCED_FACE('',(#2778),#2871,.T.);
#3029=ADVANCED_FACE('',(#2779),#2872,.T.);
#3030=ADVANCED_FACE('',(#2780),#2873,.T.);
#3031=ADVANCED_FACE('',(#2781),#2874,.T.);
#3032=ADVANCED_FACE('',(#2782),#12,.F.);
#3033=ADVANCED_FACE('',(#2783),#2875,.F.);
#3034=ADVANCED_FACE('',(#2784),#2876,.T.);
#3035=ADVANCED_FACE('',(#2785),#13,.F.);
#3036=ADVANCED_FACE('',(#2786),#2877,.T.);
#3037=ADVANCED_FACE('',(#2787),#2878,.T.);
#3038=ADVANCED_FACE('',(#2788),#14,.F.);
#3039=ADVANCED_FACE('',(#2789),#2879,.F.);
#3040=ADVANCED_FACE('',(#2790),#2880,.T.);
#3041=ADVANCED_FACE('',(#2791),#15,.F.);
#3042=ADVANCED_FACE('',(#2792),#2881,.T.);
#3043=ADVANCED_FACE('',(#2793,#2794),#108,.F.);
#3044=ADVANCED_FACE('',(#2795,#2796),#2882,.F.);
#3045=CLOSED_SHELL('',(#2883,#2884,#2885,#2886,#2887,#2888,#2889,#2890,
#2891,#2892,#2893,#2894,#2895,#2896,#2897,#2898,#2899,#2900,#2901,#2902,
#2903,#2904,#2905,#2906,#2907,#2908,#2909,#2910,#2911,#2912,#2913,#2914,
#2915,#2916,#2917,#2918,#2919,#2920,#2921,#2922,#2923,#2924,#2925,#2926,
#2927,#2928,#2929,#2930,#2931,#2932,#2933,#2934,#2935,#2936,#2937,#2938,
#2939,#2940,#2941,#2942,#2943,#2944,#2945,#2946,#2947,#2948,#2949,#2950,
#2951,#2952,#2953,#2954,#2955,#2956,#2957,#2958,#2959,#2960,#2961,#2962,
#2963,#2964,#2965,#2966,#2967,#2968,#2969,#2970,#2971,#2972,#2973,#2974,
#2975,#2976,#2977,#2978,#2979,#2980,#2981,#2982,#2983,#2984,#2985,#2986,
#2987,#2988,#2989,#2990,#2991,#2992,#2993,#2994,#2995,#2996,#2997,#2998,
#2999,#3000,#3001,#3002,#3003,#3004,#3005,#3006,#3007,#3008,#3009,#3010,
#3011,#3012,#3013,#3014,#3015,#3016,#3017,#3018,#3019,#3020,#3021,#3022,
#3023,#3024,#3025,#3026,#3027,#3028,#3029,#3030,#3031,#3032,#3033,#3034,
#3035,#3036,#3037,#3038,#3039,#3040,#3041,#3042,#3043,#3044));
#3046=STYLED_ITEM('',(#3047),#3085);
#3047=PRESENTATION_STYLE_ASSIGNMENT((#3053));
#3048=PRESENTATION_STYLE_ASSIGNMENT((#3054));
#3049=PRESENTATION_STYLE_ASSIGNMENT((#3055));
#3050=PRESENTATION_STYLE_ASSIGNMENT((#3056));
#3051=PRESENTATION_STYLE_ASSIGNMENT((#3057));
#3052=PRESENTATION_STYLE_ASSIGNMENT((#3058));
#3053=SURFACE_STYLE_USAGE(.BOTH.,#3059);
#3054=SURFACE_STYLE_USAGE(.BOTH.,#3060);
#3055=SURFACE_STYLE_USAGE(.BOTH.,#3061);
#3056=SURFACE_STYLE_USAGE(.BOTH.,#3062);
#3057=SURFACE_STYLE_USAGE(.BOTH.,#3063);
#3058=SURFACE_STYLE_USAGE(.BOTH.,#3064);
#3059=SURFACE_SIDE_STYLE('',(#3065));
#3060=SURFACE_SIDE_STYLE('',(#3066));
#3061=SURFACE_SIDE_STYLE('',(#3067));
#3062=SURFACE_SIDE_STYLE('',(#3068));
#3063=SURFACE_SIDE_STYLE('',(#3069));
#3064=SURFACE_SIDE_STYLE('',(#3070));
#3065=SURFACE_STYLE_FILL_AREA(#3071);
#3066=SURFACE_STYLE_FILL_AREA(#3072);
#3067=SURFACE_STYLE_FILL_AREA(#3073);
#3068=SURFACE_STYLE_FILL_AREA(#3074);
#3069=SURFACE_STYLE_FILL_AREA(#3075);
#3070=SURFACE_STYLE_FILL_AREA(#3076);
#3071=FILL_AREA_STYLE('',(#3077));
#3072=FILL_AREA_STYLE('',(#3078));
#3073=FILL_AREA_STYLE('',(#3079));
#3074=FILL_AREA_STYLE('',(#3080));
#3075=FILL_AREA_STYLE('',(#3081));
#3076=FILL_AREA_STYLE('',(#3082));
#3077=FILL_AREA_STYLE_COLOUR('',#3083);
#3078=FILL_AREA_STYLE_COLOUR('',#3084);
#3079=FILL_AREA_STYLE_COLOUR('',#3084);
#3080=FILL_AREA_STYLE_COLOUR('',#3084);
#3081=FILL_AREA_STYLE_COLOUR('',#3084);
#3082=FILL_AREA_STYLE_COLOUR('',#3084);
#3083=COLOUR_RGB('',0.8,0.8,0.8);
#3084=COLOUR_RGB('',0.0431372549019608,0.215686274509804,0.403921568627451);
#3085=MANIFOLD_SOLID_BREP('C1 Clutch',#3045);
#3086=SHAPE_DEFINITION_REPRESENTATION(#5258,#3087);
#3087=SHAPE_REPRESENTATION('C1 Clutch',(#3088),#5253);
#3088=AXIS2_PLACEMENT_3D('',#4325,#3407,#3408);
#3089=AXIS2_PLACEMENT_3D('',#4326,#3409,#3410);
#3090=AXIS2_PLACEMENT_3D('',#4327,#3411,#3412);
#3091=AXIS2_PLACEMENT_3D('',#4332,#3414,#3415);
#3092=AXIS2_PLACEMENT_3D('',#4335,#3417,#3418);
#3093=AXIS2_PLACEMENT_3D('',#4336,#3419,#3420);
#3094=AXIS2_PLACEMENT_3D('',#4341,#3422,#3423);
#3095=AXIS2_PLACEMENT_3D('',#4344,#3425,#3426);
#3096=AXIS2_PLACEMENT_3D('',#4345,#3427,#3428);
#3097=AXIS2_PLACEMENT_3D('',#4348,#3429,#3430);
#3098=AXIS2_PLACEMENT_3D('',#4352,#3432,#3433);
#3099=AXIS2_PLACEMENT_3D('',#4356,#3435,#3436);
#3100=AXIS2_PLACEMENT_3D('',#4357,#3437,#3438);
#3101=AXIS2_PLACEMENT_3D('',#4358,#3439,#3440);
#3102=AXIS2_PLACEMENT_3D('',#4362,#3442,#3443);
#3103=AXIS2_PLACEMENT_3D('',#4366,#3445,#3446);
#3104=AXIS2_PLACEMENT_3D('',#4367,#3447,#3448);
#3105=AXIS2_PLACEMENT_3D('',#4371,#3450,#3451);
#3106=AXIS2_PLACEMENT_3D('',#4375,#3453,#3454);
#3107=AXIS2_PLACEMENT_3D('',#4376,#3455,#3456);
#3108=AXIS2_PLACEMENT_3D('',#4380,#3458,#3459);
#3109=AXIS2_PLACEMENT_3D('',#4384,#3461,#3462);
#3110=AXIS2_PLACEMENT_3D('',#4385,#3463,#3464);
#3111=AXIS2_PLACEMENT_3D('',#4386,#3465,#3466);
#3112=AXIS2_PLACEMENT_3D('',#4391,#3468,#3469);
#3113=AXIS2_PLACEMENT_3D('',#4395,#3471,#3472);
#3114=AXIS2_PLACEMENT_3D('',#4399,#3474,#3475);
#3115=AXIS2_PLACEMENT_3D('',#4403,#3477,#3478);
#3116=AXIS2_PLACEMENT_3D('',#4407,#3480,#3481);
#3117=AXIS2_PLACEMENT_3D('',#4411,#3483,#3484);
#3118=AXIS2_PLACEMENT_3D('',#4415,#3486,#3487);
#3119=AXIS2_PLACEMENT_3D('',#4419,#3489,#3490);
#3120=AXIS2_PLACEMENT_3D('',#4423,#3492,#3493);
#3121=AXIS2_PLACEMENT_3D('',#4427,#3495,#3496);
#3122=AXIS2_PLACEMENT_3D('',#4431,#3498,#3499);
#3123=AXIS2_PLACEMENT_3D('',#4435,#3501,#3502);
#3124=AXIS2_PLACEMENT_3D('',#4439,#3504,#3505);
#3125=AXIS2_PLACEMENT_3D('',#4443,#3507,#3508);
#3126=AXIS2_PLACEMENT_3D('',#4447,#3510,#3511);
#3127=AXIS2_PLACEMENT_3D('',#4451,#3513,#3514);
#3128=AXIS2_PLACEMENT_3D('',#4455,#3516,#3517);
#3129=AXIS2_PLACEMENT_3D('',#4459,#3519,#3520);
#3130=AXIS2_PLACEMENT_3D('',#4463,#3522,#3523);
#3131=AXIS2_PLACEMENT_3D('',#4467,#3525,#3526);
#3132=AXIS2_PLACEMENT_3D('',#4471,#3528,#3529);
#3133=AXIS2_PLACEMENT_3D('',#4475,#3531,#3532);
#3134=AXIS2_PLACEMENT_3D('',#4479,#3534,#3535);
#3135=AXIS2_PLACEMENT_3D('',#4483,#3537,#3538);
#3136=AXIS2_PLACEMENT_3D('',#4487,#3540,#3541);
#3137=AXIS2_PLACEMENT_3D('',#4491,#3543,#3544);
#3138=AXIS2_PLACEMENT_3D('',#4495,#3546,#3547);
#3139=AXIS2_PLACEMENT_3D('',#4499,#3549,#3550);
#3140=AXIS2_PLACEMENT_3D('',#4503,#3552,#3553);
#3141=AXIS2_PLACEMENT_3D('',#4507,#3555,#3556);
#3142=AXIS2_PLACEMENT_3D('',#4508,#3557,#3558);
#3143=AXIS2_PLACEMENT_3D('',#4511,#3560,#3561);
#3144=AXIS2_PLACEMENT_3D('',#4514,#3563,#3564);
#3145=AXIS2_PLACEMENT_3D('',#4519,#3567,#3568);
#3146=AXIS2_PLACEMENT_3D('',#4520,#3569,#3570);
#3147=AXIS2_PLACEMENT_3D('',#4525,#3573,#3574);
#3148=AXIS2_PLACEMENT_3D('',#4526,#3575,#3576);
#3149=AXIS2_PLACEMENT_3D('',#4531,#3579,#3580);
#3150=AXIS2_PLACEMENT_3D('',#4532,#3581,#3582);
#3151=AXIS2_PLACEMENT_3D('',#4537,#3585,#3586);
#3152=AXIS2_PLACEMENT_3D('',#4538,#3587,#3588);
#3153=AXIS2_PLACEMENT_3D('',#4543,#3591,#3592);
#3154=AXIS2_PLACEMENT_3D('',#4544,#3593,#3594);
#3155=AXIS2_PLACEMENT_3D('',#4549,#3597,#3598);
#3156=AXIS2_PLACEMENT_3D('',#4550,#3599,#3600);
#3157=AXIS2_PLACEMENT_3D('',#4555,#3603,#3604);
#3158=AXIS2_PLACEMENT_3D('',#4556,#3605,#3606);
#3159=AXIS2_PLACEMENT_3D('',#4561,#3609,#3610);
#3160=AXIS2_PLACEMENT_3D('',#4562,#3611,#3612);
#3161=AXIS2_PLACEMENT_3D('',#4567,#3615,#3616);
#3162=AXIS2_PLACEMENT_3D('',#4568,#3617,#3618);
#3163=AXIS2_PLACEMENT_3D('',#4573,#3621,#3622);
#3164=AXIS2_PLACEMENT_3D('',#4574,#3623,#3624);
#3165=AXIS2_PLACEMENT_3D('',#4579,#3627,#3628);
#3166=AXIS2_PLACEMENT_3D('',#4580,#3629,#3630);
#3167=AXIS2_PLACEMENT_3D('',#4585,#3633,#3634);
#3168=AXIS2_PLACEMENT_3D('',#4586,#3635,#3636);
#3169=AXIS2_PLACEMENT_3D('',#4591,#3639,#3640);
#3170=AXIS2_PLACEMENT_3D('',#4592,#3641,#3642);
#3171=AXIS2_PLACEMENT_3D('',#4597,#3645,#3646);
#3172=AXIS2_PLACEMENT_3D('',#4598,#3647,#3648);
#3173=AXIS2_PLACEMENT_3D('',#4607,#3653,#3654);
#3174=AXIS2_PLACEMENT_3D('',#4611,#3656,#3657);
#3175=AXIS2_PLACEMENT_3D('',#4612,#3658,#3659);
#3176=AXIS2_PLACEMENT_3D('',#4613,#3660,#3661);
#3177=AXIS2_PLACEMENT_3D('',#4619,#3665,#3666);
#3178=AXIS2_PLACEMENT_3D('',#4623,#3668,#3669);
#3179=AXIS2_PLACEMENT_3D('',#4624,#3670,#3671);
#3180=AXIS2_PLACEMENT_3D('',#4625,#3672,#3673);
#3181=AXIS2_PLACEMENT_3D('',#4631,#3677,#3678);
#3182=AXIS2_PLACEMENT_3D('',#4635,#3680,#3681);
#3183=AXIS2_PLACEMENT_3D('',#4636,#3682,#3683);
#3184=AXIS2_PLACEMENT_3D('',#4637,#3684,#3685);
#3185=AXIS2_PLACEMENT_3D('',#4643,#3689,#3690);
#3186=AXIS2_PLACEMENT_3D('',#4647,#3692,#3693);
#3187=AXIS2_PLACEMENT_3D('',#4648,#3694,#3695);
#3188=AXIS2_PLACEMENT_3D('',#4649,#3696,#3697);
#3189=AXIS2_PLACEMENT_3D('',#4655,#3701,#3702);
#3190=AXIS2_PLACEMENT_3D('',#4659,#3704,#3705);
#3191=AXIS2_PLACEMENT_3D('',#4660,#3706,#3707);
#3192=AXIS2_PLACEMENT_3D('',#4661,#3708,#3709);
#3193=AXIS2_PLACEMENT_3D('',#4667,#3713,#3714);
#3194=AXIS2_PLACEMENT_3D('',#4671,#3716,#3717);
#3195=AXIS2_PLACEMENT_3D('',#4672,#3718,#3719);
#3196=AXIS2_PLACEMENT_3D('',#4673,#3720,#3721);
#3197=AXIS2_PLACEMENT_3D('',#4679,#3725,#3726);
#3198=AXIS2_PLACEMENT_3D('',#4683,#3728,#3729);
#3199=AXIS2_PLACEMENT_3D('',#4684,#3730,#3731);
#3200=AXIS2_PLACEMENT_3D('',#4685,#3732,#3733);
#3201=AXIS2_PLACEMENT_3D('',#4691,#3737,#3738);
#3202=AXIS2_PLACEMENT_3D('',#4695,#3740,#3741);
#3203=AXIS2_PLACEMENT_3D('',#4696,#3742,#3743);
#3204=AXIS2_PLACEMENT_3D('',#4697,#3744,#3745);
#3205=AXIS2_PLACEMENT_3D('',#4703,#3749,#3750);
#3206=AXIS2_PLACEMENT_3D('',#4707,#3752,#3753);
#3207=AXIS2_PLACEMENT_3D('',#4708,#3754,#3755);
#3208=AXIS2_PLACEMENT_3D('',#4709,#3756,#3757);
#3209=AXIS2_PLACEMENT_3D('',#4715,#3761,#3762);
#3210=AXIS2_PLACEMENT_3D('',#4719,#3764,#3765);
#3211=AXIS2_PLACEMENT_3D('',#4720,#3766,#3767);
#3212=AXIS2_PLACEMENT_3D('',#4721,#3768,#3769);
#3213=AXIS2_PLACEMENT_3D('',#4727,#3773,#3774);
#3214=AXIS2_PLACEMENT_3D('',#4731,#3776,#3777);
#3215=AXIS2_PLACEMENT_3D('',#4732,#3778,#3779);
#3216=AXIS2_PLACEMENT_3D('',#4733,#3780,#3781);
#3217=AXIS2_PLACEMENT_3D('',#4739,#3785,#3786);
#3218=AXIS2_PLACEMENT_3D('',#4743,#3788,#3789);
#3219=AXIS2_PLACEMENT_3D('',#4744,#3790,#3791);
#3220=AXIS2_PLACEMENT_3D('',#4745,#3792,#3793);
#3221=AXIS2_PLACEMENT_3D('',#4751,#3797,#3798);
#3222=AXIS2_PLACEMENT_3D('',#4755,#3800,#3801);
#3223=AXIS2_PLACEMENT_3D('',#4756,#3802,#3803);
#3224=AXIS2_PLACEMENT_3D('',#4757,#3804,#3805);
#3225=AXIS2_PLACEMENT_3D('',#4763,#3809,#3810);
#3226=AXIS2_PLACEMENT_3D('',#4767,#3812,#3813);
#3227=AXIS2_PLACEMENT_3D('',#4768,#3814,#3815);
#3228=AXIS2_PLACEMENT_3D('',#4769,#3816,#3817);
#3229=AXIS2_PLACEMENT_3D('',#4775,#3821,#3822);
#3230=AXIS2_PLACEMENT_3D('',#4779,#3824,#3825);
#3231=AXIS2_PLACEMENT_3D('',#4780,#3826,#3827);
#3232=AXIS2_PLACEMENT_3D('',#4781,#3828,#3829);
#3233=AXIS2_PLACEMENT_3D('',#4787,#3833,#3834);
#3234=AXIS2_PLACEMENT_3D('',#4791,#3836,#3837);
#3235=AXIS2_PLACEMENT_3D('',#4792,#3838,#3839);
#3236=AXIS2_PLACEMENT_3D('',#4793,#3840,#3841);
#3237=AXIS2_PLACEMENT_3D('',#4799,#3845,#3846);
#3238=AXIS2_PLACEMENT_3D('',#4803,#3848,#3849);
#3239=AXIS2_PLACEMENT_3D('',#4804,#3850,#3851);
#3240=AXIS2_PLACEMENT_3D('',#4805,#3852,#3853);
#3241=AXIS2_PLACEMENT_3D('',#4811,#3857,#3858);
#3242=AXIS2_PLACEMENT_3D('',#4815,#3860,#3861);
#3243=AXIS2_PLACEMENT_3D('',#4816,#3862,#3863);
#3244=AXIS2_PLACEMENT_3D('',#4817,#3864,#3865);
#3245=AXIS2_PLACEMENT_3D('',#4823,#3869,#3870);
#3246=AXIS2_PLACEMENT_3D('',#4827,#3872,#3873);
#3247=AXIS2_PLACEMENT_3D('',#4828,#3874,#3875);
#3248=AXIS2_PLACEMENT_3D('',#4829,#3876,#3877);
#3249=AXIS2_PLACEMENT_3D('',#4835,#3881,#3882);
#3250=AXIS2_PLACEMENT_3D('',#4839,#3884,#3885);
#3251=AXIS2_PLACEMENT_3D('',#4840,#3886,#3887);
#3252=AXIS2_PLACEMENT_3D('',#4841,#3888,#3889);
#3253=AXIS2_PLACEMENT_3D('',#4847,#3893,#3894);
#3254=AXIS2_PLACEMENT_3D('',#4851,#3896,#3897);
#3255=AXIS2_PLACEMENT_3D('',#4852,#3898,#3899);
#3256=AXIS2_PLACEMENT_3D('',#4853,#3900,#3901);
#3257=AXIS2_PLACEMENT_3D('',#4859,#3905,#3906);
#3258=AXIS2_PLACEMENT_3D('',#4863,#3908,#3909);
#3259=AXIS2_PLACEMENT_3D('',#4864,#3910,#3911);
#3260=AXIS2_PLACEMENT_3D('',#4865,#3912,#3913);
#3261=AXIS2_PLACEMENT_3D('',#4871,#3917,#3918);
#3262=AXIS2_PLACEMENT_3D('',#4875,#3920,#3921);
#3263=AXIS2_PLACEMENT_3D('',#4876,#3922,#3923);
#3264=AXIS2_PLACEMENT_3D('',#4877,#3924,#3925);
#3265=AXIS2_PLACEMENT_3D('',#4883,#3929,#3930);
#3266=AXIS2_PLACEMENT_3D('',#4887,#3932,#3933);
#3267=AXIS2_PLACEMENT_3D('',#4888,#3934,#3935);
#3268=AXIS2_PLACEMENT_3D('',#4889,#3936,#3937);
#3269=AXIS2_PLACEMENT_3D('',#4895,#3941,#3942);
#3270=AXIS2_PLACEMENT_3D('',#4899,#3944,#3945);
#3271=AXIS2_PLACEMENT_3D('',#4900,#3946,#3947);
#3272=AXIS2_PLACEMENT_3D('',#4901,#3948,#3949);
#3273=AXIS2_PLACEMENT_3D('',#4907,#3953,#3954);
#3274=AXIS2_PLACEMENT_3D('',#4911,#3956,#3957);
#3275=AXIS2_PLACEMENT_3D('',#4912,#3958,#3959);
#3276=AXIS2_PLACEMENT_3D('',#4913,#3960,#3961);
#3277=AXIS2_PLACEMENT_3D('',#4919,#3965,#3966);
#3278=AXIS2_PLACEMENT_3D('',#4923,#3968,#3969);
#3279=AXIS2_PLACEMENT_3D('',#4924,#3970,#3971);
#3280=AXIS2_PLACEMENT_3D('',#4925,#3972,#3973);
#3281=AXIS2_PLACEMENT_3D('',#4931,#3977,#3978);
#3282=AXIS2_PLACEMENT_3D('',#4935,#3980,#3981);
#3283=AXIS2_PLACEMENT_3D('',#4936,#3982,#3983);
#3284=AXIS2_PLACEMENT_3D('',#4937,#3984,#3985);
#3285=AXIS2_PLACEMENT_3D('',#4943,#3989,#3990);
#3286=AXIS2_PLACEMENT_3D('',#4947,#3992,#3993);
#3287=AXIS2_PLACEMENT_3D('',#4948,#3994,#3995);
#3288=AXIS2_PLACEMENT_3D('',#4949,#3996,#3997);
#3289=AXIS2_PLACEMENT_3D('',#4955,#4001,#4002);
#3290=AXIS2_PLACEMENT_3D('',#4956,#4003,#4004);
#3291=AXIS2_PLACEMENT_3D('',#4957,#4005,#4006);
#3292=AXIS2_PLACEMENT_3D('',#4958,#4007,#4008);
#3293=AXIS2_PLACEMENT_3D('',#4959,#4009,#4010);
#3294=AXIS2_PLACEMENT_3D('',#4961,#4011,#4012);
#3295=AXIS2_PLACEMENT_3D('',#4962,#4013,#4014);
#3296=AXIS2_PLACEMENT_3D('',#4964,#4015,#4016);
#3297=AXIS2_PLACEMENT_3D('',#4965,#4017,#4018);
#3298=AXIS2_PLACEMENT_3D('',#4967,#4019,#4020);
#3299=AXIS2_PLACEMENT_3D('',#4968,#4021,#4022);
#3300=AXIS2_PLACEMENT_3D('',#4970,#4023,#4024);
#3301=AXIS2_PLACEMENT_3D('',#4971,#4025,#4026);
#3302=AXIS2_PLACEMENT_3D('',#4973,#4027,#4028);
#3303=AXIS2_PLACEMENT_3D('',#4974,#4029,#4030);
#3304=AXIS2_PLACEMENT_3D('',#4983,#4035,#4036);
#3305=AXIS2_PLACEMENT_3D('',#4984,#4037,#4038);
#3306=AXIS2_PLACEMENT_3D('',#4985,#4039,#4040);
#3307=AXIS2_PLACEMENT_3D('',#4989,#4042,#4043);
#3308=AXIS2_PLACEMENT_3D('',#4990,#4044,#4045);
#3309=AXIS2_PLACEMENT_3D('',#4993,#4048,#4049);
#3310=AXIS2_PLACEMENT_3D('',#4997,#4051,#4052);
#3311=AXIS2_PLACEMENT_3D('',#4999,#4053,#4054);
#3312=AXIS2_PLACEMENT_3D('',#5001,#4055,#4056);
#3313=AXIS2_PLACEMENT_3D('',#5005,#4058,#4059);
#3314=AXIS2_PLACEMENT_3D('',#5006,#4060,#4061);
#3315=AXIS2_PLACEMENT_3D('',#5009,#4064,#4065);
#3316=AXIS2_PLACEMENT_3D('',#5013,#4067,#4068);
#3317=AXIS2_PLACEMENT_3D('',#5017,#4070,#4071);
#3318=AXIS2_PLACEMENT_3D('',#5018,#4072,#4073);
#3319=AXIS2_PLACEMENT_3D('',#5022,#4075,#4076);
#3320=AXIS2_PLACEMENT_3D('',#5023,#4077,#4078);
#3321=AXIS2_PLACEMENT_3D('',#5024,#4079,#4080);
#3322=AXIS2_PLACEMENT_3D('',#5027,#4083,#4084);
#3323=AXIS2_PLACEMENT_3D('',#5028,#4085,#4086);
#3324=AXIS2_PLACEMENT_3D('',#5034,#4090,#4091);
#3325=AXIS2_PLACEMENT_3D('',#5039,#4094,#4095);
#3326=AXIS2_PLACEMENT_3D('',#5044,#4098,#4099);
#3327=AXIS2_PLACEMENT_3D('',#5049,#4102,#4103);
#3328=AXIS2_PLACEMENT_3D('',#5054,#4106,#4107);
#3329=AXIS2_PLACEMENT_3D('',#5059,#4110,#4111);
#3330=AXIS2_PLACEMENT_3D('',#5064,#4114,#4115);
#3331=AXIS2_PLACEMENT_3D('',#5069,#4118,#4119);
#3332=AXIS2_PLACEMENT_3D('',#5074,#4122,#4123);
#3333=AXIS2_PLACEMENT_3D('',#5079,#4126,#4127);
#3334=AXIS2_PLACEMENT_3D('',#5084,#4130,#4131);
#3335=AXIS2_PLACEMENT_3D('',#5089,#4134,#4135);
#3336=AXIS2_PLACEMENT_3D('',#5094,#4138,#4139);
#3337=AXIS2_PLACEMENT_3D('',#5099,#4142,#4143);
#3338=AXIS2_PLACEMENT_3D('',#5104,#4146,#4147);
#3339=AXIS2_PLACEMENT_3D('',#5109,#4151,#4152);
#3340=AXIS2_PLACEMENT_3D('',#5112,#4154,#4155);
#3341=AXIS2_PLACEMENT_3D('',#5115,#4157,#4158);
#3342=AXIS2_PLACEMENT_3D('',#5116,#4159,#4160);
#3343=AXIS2_PLACEMENT_3D('',#5121,#4163,#4164);
#3344=AXIS2_PLACEMENT_3D('',#5123,#4166,#4167);
#3345=AXIS2_PLACEMENT_3D('',#5125,#4169,#4170);
#3346=AXIS2_PLACEMENT_3D('',#5126,#4171,#4172);
#3347=AXIS2_PLACEMENT_3D('',#5128,#4174,#4175);
#3348=AXIS2_PLACEMENT_3D('',#5130,#4177,#4178);
#3349=AXIS2_PLACEMENT_3D('',#5131,#4179,#4180);
#3350=AXIS2_PLACEMENT_3D('',#5133,#4182,#4183);
#3351=AXIS2_PLACEMENT_3D('',#5135,#4185,#4186);
#3352=AXIS2_PLACEMENT_3D('',#5136,#4187,#4188);
#3353=AXIS2_PLACEMENT_3D('',#5138,#4190,#4191);
#3354=AXIS2_PLACEMENT_3D('',#5140,#4193,#4194);
#3355=AXIS2_PLACEMENT_3D('',#5141,#4195,#4196);
#3356=AXIS2_PLACEMENT_3D('',#5143,#4198,#4199);
#3357=AXIS2_PLACEMENT_3D('',#5145,#4201,#4202);
#3358=AXIS2_PLACEMENT_3D('',#5146,#4203,#4204);
#3359=AXIS2_PLACEMENT_3D('',#5148,#4206,#4207);
#3360=AXIS2_PLACEMENT_3D('',#5150,#4209,#4210);
#3361=AXIS2_PLACEMENT_3D('',#5151,#4211,#4212);
#3362=AXIS2_PLACEMENT_3D('',#5153,#4214,#4215);
#3363=AXIS2_PLACEMENT_3D('',#5155,#4217,#4218);
#3364=AXIS2_PLACEMENT_3D('',#5156,#4219,#4220);
#3365=AXIS2_PLACEMENT_3D('',#5158,#4222,#4223);
#3366=AXIS2_PLACEMENT_3D('',#5160,#4225,#4226);
#3367=AXIS2_PLACEMENT_3D('',#5161,#4227,#4228);
#3368=AXIS2_PLACEMENT_3D('',#5163,#4230,#4231);
#3369=AXIS2_PLACEMENT_3D('',#5165,#4233,#4234);
#3370=AXIS2_PLACEMENT_3D('',#5166,#4235,#4236);
#3371=AXIS2_PLACEMENT_3D('',#5168,#4238,#4239);
#3372=AXIS2_PLACEMENT_3D('',#5170,#4241,#4242);
#3373=AXIS2_PLACEMENT_3D('',#5171,#4243,#4244);
#3374=AXIS2_PLACEMENT_3D('',#5173,#4246,#4247);
#3375=AXIS2_PLACEMENT_3D('',#5175,#4249,#4250);
#3376=AXIS2_PLACEMENT_3D('',#5176,#4251,#4252);
#3377=AXIS2_PLACEMENT_3D('',#5178,#4254,#4255);
#3378=AXIS2_PLACEMENT_3D('',#5180,#4257,#4258);
#3379=AXIS2_PLACEMENT_3D('',#5181,#4259,#4260);
#3380=AXIS2_PLACEMENT_3D('',#5183,#4262,#4263);
#3381=AXIS2_PLACEMENT_3D('',#5185,#4265,#4266);
#3382=AXIS2_PLACEMENT_3D('',#5186,#4267,#4268);
#3383=AXIS2_PLACEMENT_3D('',#5188,#4270,#4271);
#3384=AXIS2_PLACEMENT_3D('',#5190,#4273,#4274);
#3385=AXIS2_PLACEMENT_3D('',#5191,#4275,#4276);
#3386=AXIS2_PLACEMENT_3D('',#5194,#4279,#4280);
#3387=AXIS2_PLACEMENT_3D('',#5195,#4281,#4282);
#3388=AXIS2_PLACEMENT_3D('',#5196,#4283,#4284);
#3389=AXIS2_PLACEMENT_3D('',#5198,#4286,#4287);
#3390=AXIS2_PLACEMENT_3D('',#5200,#4289,#4290);
#3391=AXIS2_PLACEMENT_3D('',#5202,#4292,#4293);
#3392=AXIS2_PLACEMENT_3D('',#5204,#4295,#4296);
#3393=AXIS2_PLACEMENT_3D('',#5209,#4297,#4298);
#3394=AXIS2_PLACEMENT_3D('',#5214,#4299,#4300);
#3395=AXIS2_PLACEMENT_3D('',#5215,#4301,#4302);
#3396=AXIS2_PLACEMENT_3D('',#5220,#4303,#4304);
#3397=AXIS2_PLACEMENT_3D('',#5225,#4305,#4306);
#3398=AXIS2_PLACEMENT_3D('',#5226,#4307,#4308);
#3399=AXIS2_PLACEMENT_3D('',#5231,#4309,#4310);
#3400=AXIS2_PLACEMENT_3D('',#5236,#4311,#4312);
#3401=AXIS2_PLACEMENT_3D('',#5237,#4313,#4314);
#3402=AXIS2_PLACEMENT_3D('',#5242,#4315,#4316);
#3403=AXIS2_PLACEMENT_3D('',#5247,#4317,#4318);
#3404=AXIS2_PLACEMENT_3D('',#5248,#4319,#4320);
#3405=AXIS2_PLACEMENT_3D('',#5249,#4321,#4322);
#3406=AXIS2_PLACEMENT_3D('',#5251,#4323,#4324);
#3407=DIRECTION('',(0.,0.,1.));
#3408=DIRECTION('',(1.,0.,0.));
#3409=DIRECTION('',(0.,-1.,0.));
#3410=DIRECTION('',(-1.,0.,0.));
#3411=DIRECTION('',(0.,-1.,0.));
#3412=DIRECTION('',(0.,0.,-1.));
#3413=DIRECTION('',(0.921174168478063,0.,-0.389150550980915));
#3414=DIRECTION('',(0.,1.,0.));
#3415=DIRECTION('',(0.,0.,1.));
#3416=DIRECTION('',(-0.389150550980915,0.,0.921174168478063));
#3417=DIRECTION('',(0.,-1.,0.));
#3418=DIRECTION('',(-1.,0.,0.));
#3419=DIRECTION('',(0.,1.,0.));
#3420=DIRECTION('',(0.,0.,1.));
#3421=DIRECTION('',(-0.921174168478063,0.,-0.389150550980915));
#3422=DIRECTION('',(0.,-1.,0.));
#3423=DIRECTION('',(0.,0.,-1.));
#3424=DIRECTION('',(0.389150550980915,0.,0.921174168478063));
#3425=DIRECTION('',(0.,1.,0.));
#3426=DIRECTION('',(0.,0.,1.));
#3427=DIRECTION('',(0.,1.,0.));
#3428=DIRECTION('',(0.,0.,1.));
#3429=DIRECTION('',(-0.275170993501086,0.707106781186547,-0.651368501184718));
#3430=DIRECTION('',(0.275170993501086,0.707106781186548,0.651368501184717));
#3431=DIRECTION('',(0.,1.,0.));
#3432=DIRECTION('',(0.,1.,0.));
#3433=DIRECTION('',(0.,0.,1.));
#3434=DIRECTION('',(0.,1.,0.));
#3435=DIRECTION('',(0.651368501184718,0.707106781186548,0.275170993501086));
#3436=DIRECTION('',(-0.651368501184717,0.707106781186548,-0.275170993501086));
#3437=DIRECTION('',(0.,1.,0.));
#3438=DIRECTION('',(0.,0.,1.));
#3439=DIRECTION('',(0.275170993501086,0.707106781186547,0.651368501184718));
#3440=DIRECTION('',(-0.275170993501086,0.707106781186548,-0.651368501184717));
#3441=DIRECTION('',(0.,1.,0.));
#3442=DIRECTION('',(0.,1.,0.));
#3443=DIRECTION('',(0.,0.,1.));
#3444=DIRECTION('',(0.,1.,0.));
#3445=DIRECTION('',(-0.651368501184718,0.707106781186548,-0.275170993501086));
#3446=DIRECTION('',(0.651368501184718,0.707106781186548,0.275170993501086));
#3447=DIRECTION('',(0.,1.,0.));
#3448=DIRECTION('',(0.,0.,1.));
#3449=DIRECTION('',(0.,1.,0.));
#3450=DIRECTION('',(0.,-1.,0.));
#3451=DIRECTION('',(0.,0.,-1.));
#3452=DIRECTION('',(0.,1.,0.));
#3453=DIRECTION('',(0.,1.,0.));
#3454=DIRECTION('',(0.,0.,1.));
#3455=DIRECTION('',(0.,1.,0.));
#3456=DIRECTION('',(0.,0.,1.));
#3457=DIRECTION('',(0.,1.,0.));
#3458=DIRECTION('',(0.,-1.,0.));
#3459=DIRECTION('',(0.,0.,-1.));
#3460=DIRECTION('',(0.,1.,0.));
#3461=DIRECTION('',(0.,1.,0.));
#3462=DIRECTION('',(0.,0.,1.));
#3463=DIRECTION('',(0.,-1.,0.));
#3464=DIRECTION('',(-1.,0.,0.));
#3465=DIRECTION('',(0.,1.,0.));
#3466=DIRECTION('',(0.,0.,1.));
#3467=DIRECTION('',(-0.207911690817759,0.,0.978147600733806));
#3468=DIRECTION('',(0.,1.,0.));
#3469=DIRECTION('',(0.,0.,1.));
#3470=DIRECTION('',(0.406736643075801,0.,-0.913545457642601));
#3471=DIRECTION('',(0.,-1.,0.));
#3472=DIRECTION('',(0.,0.,-1.));
#3473=DIRECTION('',(-0.587785252292474,0.,0.809016994374947));
#3474=DIRECTION('',(0.,1.,0.));
#3475=DIRECTION('',(0.,0.,1.));
#3476=DIRECTION('',(0.743144825477395,0.,-0.669130606358858));
#3477=DIRECTION('',(0.,-1.,0.));
#3478=DIRECTION('',(0.,0.,-1.));
#3479=DIRECTION('',(-0.866025403784439,0.,0.5));
#3480=DIRECTION('',(0.,1.,0.));
#3481=DIRECTION('',(0.,0.,1.));
#3482=DIRECTION('',(0.951056516295154,0.,-0.309016994374947));
#3483=DIRECTION('',(0.,-1.,0.));
#3484=DIRECTION('',(0.,0.,-1.));
#3485=DIRECTION('',(-0.994521895368273,0.,0.104528463267653));
#3486=DIRECTION('',(0.,1.,0.));
#3487=DIRECTION('',(0.,0.,1.));
#3488=DIRECTION('',(0.994521895368273,0.,0.104528463267654));
#3489=DIRECTION('',(0.,-1.,0.));
#3490=DIRECTION('',(0.,0.,-1.));
#3491=DIRECTION('',(-0.951056516295154,0.,-0.309016994374948));
#3492=DIRECTION('',(0.,1.,0.));
#3493=DIRECTION('',(0.,0.,1.));
#3494=DIRECTION('',(0.866025403784438,0.,0.5));
#3495=DIRECTION('',(0.,-1.,0.));
#3496=DIRECTION('',(0.,0.,-1.));
#3497=DIRECTION('',(-0.743144825477394,0.,-0.669130606358859));
#3498=DIRECTION('',(0.,1.,0.));
#3499=DIRECTION('',(0.,0.,1.));
#3500=DIRECTION('',(0.587785252292472,0.,0.809016994374948));
#3501=DIRECTION('',(0.,-1.,0.));
#3502=DIRECTION('',(0.,0.,-1.));
#3503=DIRECTION('',(-0.4067366430758,0.,-0.913545457642601));
#3504=DIRECTION('',(0.,1.,0.));
#3505=DIRECTION('',(0.,0.,1.));
#3506=DIRECTION('',(0.207911690817759,0.,0.978147600733806));
#3507=DIRECTION('',(0.,-1.,0.));
#3508=DIRECTION('',(0.,0.,-1.));
#3509=DIRECTION('',(4.52410450209354E-16,0.,-1.));
#3510=DIRECTION('',(0.,1.,0.));
#3511=DIRECTION('',(0.,0.,1.));
#3512=DIRECTION('',(-0.20791169081776,0.,0.978147600733806));
#3513=DIRECTION('',(0.,-1.,0.));
#3514=DIRECTION('',(0.,0.,-1.));
#3515=DIRECTION('',(0.4067366430758,0.,-0.913545457642601));
#3516=DIRECTION('',(0.,1.,0.));
#3517=DIRECTION('',(0.,0.,1.));
#3518=DIRECTION('',(-0.587785252292474,0.,0.809016994374947));
#3519=DIRECTION('',(0.,-1.,0.));
#3520=DIRECTION('',(0.,0.,-1.));
#3521=DIRECTION('',(0.743144825477394,0.,-0.669130606358858));
#3522=DIRECTION('',(0.,1.,0.));
#3523=DIRECTION('',(0.,0.,1.));
#3524=DIRECTION('',(-0.866025403784439,0.,0.5));
#3525=DIRECTION('',(0.,-1.,0.));
#3526=DIRECTION('',(0.,0.,-1.));
#3527=DIRECTION('',(0.951056516295154,0.,-0.309016994374948));
#3528=DIRECTION('',(0.,1.,0.));
#3529=DIRECTION('',(0.,0.,1.));
#3530=DIRECTION('',(-0.994521895368273,0.,0.104528463267653));
#3531=DIRECTION('',(0.,-1.,0.));
#3532=DIRECTION('',(0.,0.,-1.));
#3533=DIRECTION('',(0.994521895368273,0.,0.104528463267654));
#3534=DIRECTION('',(0.,1.,0.));
#3535=DIRECTION('',(0.,0.,1.));
#3536=DIRECTION('',(-0.951056516295154,0.,-0.309016994374948));
#3537=DIRECTION('',(0.,-1.,0.));
#3538=DIRECTION('',(0.,0.,-1.));
#3539=DIRECTION('',(0.866025403784439,0.,0.5));
#3540=DIRECTION('',(0.,1.,0.));
#3541=DIRECTION('',(0.,0.,1.));
#3542=DIRECTION('',(-0.743144825477395,0.,-0.669130606358858));
#3543=DIRECTION('',(0.,-1.,0.));
#3544=DIRECTION('',(0.,0.,-1.));
#3545=DIRECTION('',(0.587785252292473,0.,0.809016994374948));
#3546=DIRECTION('',(0.,1.,0.));
#3547=DIRECTION('',(0.,0.,1.));
#3548=DIRECTION('',(-0.4067366430758,0.,-0.913545457642601));
#3549=DIRECTION('',(0.,-1.,0.));
#3550=DIRECTION('',(0.,0.,-1.));
#3551=DIRECTION('',(0.207911690817759,0.,0.978147600733806));
#3552=DIRECTION('',(0.,1.,0.));
#3553=DIRECTION('',(0.,0.,1.));
#3554=DIRECTION('',(0.,0.,-1.));
#3555=DIRECTION('',(0.,-1.,0.));
#3556=DIRECTION('',(0.,0.,-1.));
#3557=DIRECTION('',(0.,1.,0.));
#3558=DIRECTION('',(0.,0.,1.));
#3559=DIRECTION('',(0.,1.,0.));
#3560=DIRECTION('',(0.,1.,0.));
#3561=DIRECTION('',(0.,0.,1.));
#3562=DIRECTION('',(0.,1.,0.));
#3563=DIRECTION('',(0.,1.,0.));
#3564=DIRECTION('',(0.,0.,1.));
#3565=DIRECTION('',(0.,1.,0.));
#3566=DIRECTION('',(0.,1.,0.));
#3567=DIRECTION('',(0.,1.,0.));
#3568=DIRECTION('',(0.,0.,1.));
#3569=DIRECTION('',(0.,1.,0.));
#3570=DIRECTION('',(0.,0.,1.));
#3571=DIRECTION('',(0.,1.,0.));
#3572=DIRECTION('',(0.,1.,0.));
#3573=DIRECTION('',(0.,1.,0.));
#3574=DIRECTION('',(0.,0.,1.));
#3575=DIRECTION('',(0.,1.,0.));
#3576=DIRECTION('',(0.,0.,1.));
#3577=DIRECTION('',(0.,1.,0.));
#3578=DIRECTION('',(0.,1.,0.));
#3579=DIRECTION('',(0.,1.,0.));
#3580=DIRECTION('',(0.,0.,1.));
#3581=DIRECTION('',(0.,1.,0.));
#3582=DIRECTION('',(0.,0.,1.));
#3583=DIRECTION('',(0.,1.,0.));
#3584=DIRECTION('',(0.,1.,0.));
#3585=DIRECTION('',(0.,1.,0.));
#3586=DIRECTION('',(0.,0.,1.));
#3587=DIRECTION('',(0.,1.,0.));
#3588=DIRECTION('',(0.,0.,1.));
#3589=DIRECTION('',(0.,1.,0.));
#3590=DIRECTION('',(0.,1.,0.));
#3591=DIRECTION('',(0.,1.,0.));
#3592=DIRECTION('',(0.,0.,1.));
#3593=DIRECTION('',(0.,1.,0.));
#3594=DIRECTION('',(0.,0.,1.));
#3595=DIRECTION('',(0.,1.,0.));
#3596=DIRECTION('',(0.,1.,0.));
#3597=DIRECTION('',(0.,1.,0.));
#3598=DIRECTION('',(0.,0.,1.));
#3599=DIRECTION('',(0.,1.,0.));
#3600=DIRECTION('',(0.,0.,1.));
#3601=DIRECTION('',(0.,1.,0.));
#3602=DIRECTION('',(0.,1.,0.));
#3603=DIRECTION('',(0.,1.,0.));
#3604=DIRECTION('',(0.,0.,1.));
#3605=DIRECTION('',(0.,1.,0.));
#3606=DIRECTION('',(0.,0.,1.));
#3607=DIRECTION('',(0.,1.,0.));
#3608=DIRECTION('',(0.,1.,0.));
#3609=DIRECTION('',(0.,1.,0.));
#3610=DIRECTION('',(0.,0.,1.));
#3611=DIRECTION('',(0.,1.,0.));
#3612=DIRECTION('',(0.,0.,1.));
#3613=DIRECTION('',(0.,1.,0.));
#3614=DIRECTION('',(0.,1.,0.));
#3615=DIRECTION('',(0.,1.,0.));
#3616=DIRECTION('',(0.,0.,1.));
#3617=DIRECTION('',(0.,1.,0.));
#3618=DIRECTION('',(0.,0.,1.));
#3619=DIRECTION('',(0.,1.,0.));
#3620=DIRECTION('',(0.,1.,0.));
#3621=DIRECTION('',(0.,1.,0.));
#3622=DIRECTION('',(0.,0.,1.));
#3623=DIRECTION('',(0.,1.,0.));
#3624=DIRECTION('',(0.,0.,1.));
#3625=DIRECTION('',(0.,1.,0.));
#3626=DIRECTION('',(0.,1.,0.));
#3627=DIRECTION('',(0.,1.,0.));
#3628=DIRECTION('',(0.,0.,1.));
#3629=DIRECTION('',(0.,1.,0.));
#3630=DIRECTION('',(0.,0.,1.));
#3631=DIRECTION('',(0.,1.,0.));
#3632=DIRECTION('',(0.,1.,0.));
#3633=DIRECTION('',(0.,1.,0.));
#3634=DIRECTION('',(0.,0.,1.));
#3635=DIRECTION('',(0.,1.,0.));
#3636=DIRECTION('',(0.,0.,1.));
#3637=DIRECTION('',(0.,1.,0.));
#3638=DIRECTION('',(0.,1.,0.));
#3639=DIRECTION('',(0.,1.,0.));
#3640=DIRECTION('',(0.,0.,1.));
#3641=DIRECTION('',(0.,1.,0.));
#3642=DIRECTION('',(0.,0.,1.));
#3643=DIRECTION('',(0.,1.,0.));
#3644=DIRECTION('',(0.,1.,0.));
#3645=DIRECTION('',(0.,1.,0.));
#3646=DIRECTION('',(0.,0.,1.));
#3647=DIRECTION('',(-0.809016994374947,0.,0.587785252292474));
#3648=DIRECTION('',(0.587785252292474,0.,0.809016994374947));
#3649=DIRECTION('',(0.,1.,0.));
#3650=DIRECTION('',(0.587785252292474,0.,0.809016994374947));
#3651=DIRECTION('',(0.,1.,0.));
#3652=DIRECTION('',(0.587785252292474,0.,0.809016994374947));
#3653=DIRECTION('',(0.,1.,0.));
#3654=DIRECTION('',(0.,0.,1.));
#3655=DIRECTION('',(0.,1.,0.));
#3656=DIRECTION('',(0.,1.,0.));
#3657=DIRECTION('',(0.,0.,1.));
#3658=DIRECTION('',(0.,1.,0.));
#3659=DIRECTION('',(0.,0.,1.));
#3660=DIRECTION('',(-0.669130606358858,0.,0.743144825477395));
#3661=DIRECTION('',(0.743144825477395,0.,0.669130606358858));
#3662=DIRECTION('',(0.,1.,0.));
#3663=DIRECTION('',(0.743144825477395,0.,0.669130606358858));
#3664=DIRECTION('',(0.743144825477395,0.,0.669130606358858));
#3665=DIRECTION('',(0.,1.,0.));
#3666=DIRECTION('',(0.,0.,1.));
#3667=DIRECTION('',(0.,1.,0.));
#3668=DIRECTION('',(0.,1.,0.));
#3669=DIRECTION('',(0.,0.,1.));
#3670=DIRECTION('',(0.,1.,0.));
#3671=DIRECTION('',(0.,0.,1.));
#3672=DIRECTION('',(-0.5,0.,0.866025403784439));
#3673=DIRECTION('',(0.866025403784439,0.,0.5));
#3674=DIRECTION('',(0.,1.,0.));
#3675=DIRECTION('',(0.866025403784439,0.,0.5));
#3676=DIRECTION('',(0.866025403784439,0.,0.5));
#3677=DIRECTION('',(0.,1.,0.));
#3678=DIRECTION('',(0.,0.,1.));
#3679=DIRECTION('',(0.,1.,0.));
#3680=DIRECTION('',(0.,1.,0.));
#3681=DIRECTION('',(0.,0.,1.));
#3682=DIRECTION('',(0.,1.,0.));
#3683=DIRECTION('',(0.,0.,1.));
#3684=DIRECTION('',(-0.309016994374947,0.,0.951056516295154));
#3685=DIRECTION('',(0.951056516295154,0.,0.309016994374947));
#3686=DIRECTION('',(0.,1.,0.));
#3687=DIRECTION('',(0.951056516295154,0.,0.309016994374947));
#3688=DIRECTION('',(0.951056516295154,0.,0.309016994374947));
#3689=DIRECTION('',(0.,1.,0.));
#3690=DIRECTION('',(0.,0.,1.));
#3691=DIRECTION('',(0.,1.,0.));
#3692=DIRECTION('',(0.,1.,0.));
#3693=DIRECTION('',(0.,0.,1.));
#3694=DIRECTION('',(0.,1.,0.));
#3695=DIRECTION('',(0.,0.,1.));
#3696=DIRECTION('',(-0.104528463267653,0.,0.994521895368273));
#3697=DIRECTION('',(0.994521895368273,0.,0.104528463267653));
#3698=DIRECTION('',(0.,1.,0.));
#3699=DIRECTION('',(0.994521895368273,0.,0.104528463267653));
#3700=DIRECTION('',(0.994521895368273,0.,0.104528463267653));
#3701=DIRECTION('',(0.,1.,0.));
#3702=DIRECTION('',(0.,0.,1.));
#3703=DIRECTION('',(0.,1.,0.));
#3704=DIRECTION('',(0.,1.,0.));
#3705=DIRECTION('',(0.,0.,1.));
#3706=DIRECTION('',(0.,1.,0.));
#3707=DIRECTION('',(0.,0.,1.));
#3708=DIRECTION('',(0.104528463267654,0.,0.994521895368273));
#3709=DIRECTION('',(0.994521895368273,0.,-0.104528463267654));
#3710=DIRECTION('',(0.,1.,0.));
#3711=DIRECTION('',(0.994521895368273,0.,-0.104528463267654));
#3712=DIRECTION('',(0.994521895368273,0.,-0.104528463267654));
#3713=DIRECTION('',(0.,1.,0.));
#3714=DIRECTION('',(0.,0.,1.));
#3715=DIRECTION('',(0.,1.,0.));
#3716=DIRECTION('',(0.,1.,0.));
#3717=DIRECTION('',(0.,0.,1.));
#3718=DIRECTION('',(0.,1.,0.));
#3719=DIRECTION('',(0.,0.,1.));
#3720=DIRECTION('',(0.309016994374948,0.,0.951056516295153));
#3721=DIRECTION('',(0.951056516295153,0.,-0.309016994374948));
#3722=DIRECTION('',(0.,1.,0.));
#3723=DIRECTION('',(0.951056516295153,0.,-0.309016994374948));
#3724=DIRECTION('',(0.951056516295153,0.,-0.309016994374948));
#3725=DIRECTION('',(0.,1.,0.));
#3726=DIRECTION('',(0.,0.,1.));
#3727=DIRECTION('',(0.,1.,0.));
#3728=DIRECTION('',(0.,1.,0.));
#3729=DIRECTION('',(0.,0.,1.));
#3730=DIRECTION('',(0.,1.,0.));
#3731=DIRECTION('',(0.,0.,1.));
#3732=DIRECTION('',(0.5,0.,0.866025403784438));
#3733=DIRECTION('',(0.866025403784438,0.,-0.5));
#3734=DIRECTION('',(0.,1.,0.));
#3735=DIRECTION('',(0.866025403784438,0.,-0.5));
#3736=DIRECTION('',(0.866025403784438,0.,-0.5));
#3737=DIRECTION('',(0.,1.,0.));
#3738=DIRECTION('',(0.,0.,1.));
#3739=DIRECTION('',(0.,1.,0.));
#3740=DIRECTION('',(0.,1.,0.));
#3741=DIRECTION('',(0.,0.,1.));
#3742=DIRECTION('',(0.,1.,0.));
#3743=DIRECTION('',(0.,0.,1.));
#3744=DIRECTION('',(0.669130606358858,0.,0.743144825477394));
#3745=DIRECTION('',(0.743144825477394,0.,-0.669130606358858));
#3746=DIRECTION('',(0.,1.,0.));
#3747=DIRECTION('',(0.743144825477394,0.,-0.669130606358858));
#3748=DIRECTION('',(0.743144825477394,0.,-0.669130606358858));
#3749=DIRECTION('',(0.,1.,0.));
#3750=DIRECTION('',(0.,0.,1.));
#3751=DIRECTION('',(0.,1.,0.));
#3752=DIRECTION('',(0.,1.,0.));
#3753=DIRECTION('',(0.,0.,1.));
#3754=DIRECTION('',(0.,1.,0.));
#3755=DIRECTION('',(0.,0.,1.));
#3756=DIRECTION('',(0.809016994374948,0.,0.587785252292472));
#3757=DIRECTION('',(0.587785252292472,0.,-0.809016994374948));
#3758=DIRECTION('',(0.,1.,0.));
#3759=DIRECTION('',(0.587785252292472,0.,-0.809016994374948));
#3760=DIRECTION('',(0.587785252292472,0.,-0.809016994374948));
#3761=DIRECTION('',(0.,1.,0.));
#3762=DIRECTION('',(0.,0.,1.));
#3763=DIRECTION('',(0.,1.,0.));
#3764=DIRECTION('',(0.,1.,0.));
#3765=DIRECTION('',(0.,0.,1.));
#3766=DIRECTION('',(0.,1.,0.));
#3767=DIRECTION('',(0.,0.,1.));
#3768=DIRECTION('',(0.913545457642601,0.,0.4067366430758));
#3769=DIRECTION('',(0.4067366430758,0.,-0.913545457642601));
#3770=DIRECTION('',(0.,1.,0.));
#3771=DIRECTION('',(0.4067366430758,0.,-0.913545457642601));
#3772=DIRECTION('',(0.4067366430758,0.,-0.913545457642601));
#3773=DIRECTION('',(0.,1.,0.));
#3774=DIRECTION('',(0.,0.,1.));
#3775=DIRECTION('',(0.,1.,0.));
#3776=DIRECTION('',(0.,1.,0.));
#3777=DIRECTION('',(0.,0.,1.));
#3778=DIRECTION('',(0.,1.,0.));
#3779=DIRECTION('',(0.,0.,1.));
#3780=DIRECTION('',(0.978147600733806,0.,0.207911690817759));
#3781=DIRECTION('',(0.207911690817759,0.,-0.978147600733806));
#3782=DIRECTION('',(0.,1.,0.));
#3783=DIRECTION('',(0.207911690817759,0.,-0.978147600733806));
#3784=DIRECTION('',(0.207911690817759,0.,-0.978147600733806));
#3785=DIRECTION('',(0.,1.,0.));
#3786=DIRECTION('',(0.,0.,1.));
#3787=DIRECTION('',(0.,1.,0.));
#3788=DIRECTION('',(0.,1.,0.));
#3789=DIRECTION('',(0.,0.,1.));
#3790=DIRECTION('',(0.,1.,0.));
#3791=DIRECTION('',(0.,0.,1.));
#3792=DIRECTION('',(1.,0.,-4.52410450209349E-16));
#3793=DIRECTION('',(-4.52410450209349E-16,0.,-1.));
#3794=DIRECTION('',(0.,1.,0.));
#3795=DIRECTION('',(-4.52410450209349E-16,0.,-1.));
#3796=DIRECTION('',(-4.52410450209349E-16,0.,-1.));
#3797=DIRECTION('',(0.,1.,0.));
#3798=DIRECTION('',(0.,0.,1.));
#3799=DIRECTION('',(0.,1.,0.));
#3800=DIRECTION('',(0.,1.,0.));
#3801=DIRECTION('',(0.,0.,1.));
#3802=DIRECTION('',(0.,1.,0.));
#3803=DIRECTION('',(0.,0.,1.));
#3804=DIRECTION('',(0.978147600733805,0.,-0.20791169081776));
#3805=DIRECTION('',(-0.20791169081776,0.,-0.978147600733806));
#3806=DIRECTION('',(0.,1.,0.));
#3807=DIRECTION('',(-0.20791169081776,0.,-0.978147600733806));
#3808=DIRECTION('',(-0.20791169081776,0.,-0.978147600733806));
#3809=DIRECTION('',(0.,1.,0.));
#3810=DIRECTION('',(0.,0.,1.));
#3811=DIRECTION('',(0.,1.,0.));
#3812=DIRECTION('',(0.,1.,0.));
#3813=DIRECTION('',(0.,0.,1.));
#3814=DIRECTION('',(0.,1.,0.));
#3815=DIRECTION('',(0.,0.,1.));
#3816=DIRECTION('',(0.913545457642601,0.,-0.4067366430758));
#3817=DIRECTION('',(-0.4067366430758,0.,-0.913545457642601));
#3818=DIRECTION('',(0.,1.,0.));
#3819=DIRECTION('',(-0.4067366430758,0.,-0.913545457642601));
#3820=DIRECTION('',(-0.4067366430758,0.,-0.913545457642601));
#3821=DIRECTION('',(0.,1.,0.));
#3822=DIRECTION('',(0.,0.,1.));
#3823=DIRECTION('',(0.,1.,0.));
#3824=DIRECTION('',(0.,1.,0.));
#3825=DIRECTION('',(0.,0.,1.));
#3826=DIRECTION('',(0.,1.,0.));
#3827=DIRECTION('',(0.,0.,1.));
#3828=DIRECTION('',(0.809016994374947,0.,-0.587785252292474));
#3829=DIRECTION('',(-0.587785252292474,0.,-0.809016994374947));
#3830=DIRECTION('',(0.,1.,0.));
#3831=DIRECTION('',(-0.587785252292474,0.,-0.809016994374947));
#3832=DIRECTION('',(-0.587785252292474,0.,-0.809016994374947));
#3833=DIRECTION('',(0.,1.,0.));
#3834=DIRECTION('',(0.,0.,1.));
#3835=DIRECTION('',(0.,1.,0.));
#3836=DIRECTION('',(0.,1.,0.));
#3837=DIRECTION('',(0.,0.,1.));
#3838=DIRECTION('',(0.,1.,0.));
#3839=DIRECTION('',(0.,0.,1.));
#3840=DIRECTION('',(0.669130606358858,0.,-0.743144825477394));
#3841=DIRECTION('',(-0.743144825477394,0.,-0.669130606358858));
#3842=DIRECTION('',(0.,1.,0.));
#3843=DIRECTION('',(-0.743144825477395,0.,-0.669130606358858));
#3844=DIRECTION('',(-0.743144825477395,0.,-0.669130606358858));
#3845=DIRECTION('',(0.,1.,0.));
#3846=DIRECTION('',(0.,0.,1.));
#3847=DIRECTION('',(0.,1.,0.));
#3848=DIRECTION('',(0.,1.,0.));
#3849=DIRECTION('',(0.,0.,1.));
#3850=DIRECTION('',(0.,1.,0.));
#3851=DIRECTION('',(0.,0.,1.));
#3852=DIRECTION('',(0.5,0.,-0.866025403784439));
#3853=DIRECTION('',(-0.866025403784439,0.,-0.5));
#3854=DIRECTION('',(0.,1.,0.));
#3855=DIRECTION('',(-0.866025403784439,0.,-0.5));
#3856=DIRECTION('',(-0.866025403784439,0.,-0.5));
#3857=DIRECTION('',(0.,1.,0.));
#3858=DIRECTION('',(0.,0.,1.));
#3859=DIRECTION('',(0.,1.,0.));
#3860=DIRECTION('',(0.,1.,0.));
#3861=DIRECTION('',(0.,0.,1.));
#3862=DIRECTION('',(0.,1.,0.));
#3863=DIRECTION('',(0.,0.,1.));
#3864=DIRECTION('',(0.309016994374947,0.,-0.951056516295154));
#3865=DIRECTION('',(-0.951056516295154,0.,-0.309016994374947));
#3866=DIRECTION('',(0.,1.,0.));
#3867=DIRECTION('',(-0.951056516295154,0.,-0.309016994374947));
#3868=DIRECTION('',(-0.951056516295154,0.,-0.309016994374947));
#3869=DIRECTION('',(0.,1.,0.));
#3870=DIRECTION('',(0.,0.,1.));
#3871=DIRECTION('',(0.,1.,0.));
#3872=DIRECTION('',(0.,1.,0.));
#3873=DIRECTION('',(0.,0.,1.));
#3874=DIRECTION('',(0.,1.,0.));
#3875=DIRECTION('',(0.,0.,1.));
#3876=DIRECTION('',(0.104528463267653,0.,-0.994521895368273));
#3877=DIRECTION('',(-0.994521895368273,0.,-0.104528463267653));
#3878=DIRECTION('',(0.,1.,0.));
#3879=DIRECTION('',(-0.994521895368273,0.,-0.104528463267653));
#3880=DIRECTION('',(-0.994521895368273,0.,-0.104528463267653));
#3881=DIRECTION('',(0.,1.,0.));
#3882=DIRECTION('',(0.,0.,1.));
#3883=DIRECTION('',(0.,1.,0.));
#3884=DIRECTION('',(0.,1.,0.));
#3885=DIRECTION('',(0.,0.,1.));
#3886=DIRECTION('',(0.,1.,0.));
#3887=DIRECTION('',(0.,0.,1.));
#3888=DIRECTION('',(-0.104528463267654,0.,-0.994521895368273));
#3889=DIRECTION('',(-0.994521895368273,0.,0.104528463267654));
#3890=DIRECTION('',(0.,1.,0.));
#3891=DIRECTION('',(-0.994521895368273,0.,0.104528463267654));
#3892=DIRECTION('',(-0.994521895368273,0.,0.104528463267654));
#3893=DIRECTION('',(0.,1.,0.));
#3894=DIRECTION('',(0.,0.,1.));
#3895=DIRECTION('',(0.,1.,0.));
#3896=DIRECTION('',(0.,1.,0.));
#3897=DIRECTION('',(0.,0.,1.));
#3898=DIRECTION('',(0.,1.,0.));
#3899=DIRECTION('',(0.,0.,1.));
#3900=DIRECTION('',(-0.309016994374948,0.,-0.951056516295154));
#3901=DIRECTION('',(-0.951056516295154,0.,0.309016994374948));
#3902=DIRECTION('',(0.,1.,0.));
#3903=DIRECTION('',(-0.951056516295154,0.,0.309016994374948));
#3904=DIRECTION('',(-0.951056516295154,0.,0.309016994374948));
#3905=DIRECTION('',(0.,1.,0.));
#3906=DIRECTION('',(0.,0.,1.));
#3907=DIRECTION('',(0.,1.,0.));
#3908=DIRECTION('',(0.,1.,0.));
#3909=DIRECTION('',(0.,0.,1.));
#3910=DIRECTION('',(0.,1.,0.));
#3911=DIRECTION('',(0.,0.,1.));
#3912=DIRECTION('',(-0.5,0.,-0.866025403784439));
#3913=DIRECTION('',(-0.866025403784439,0.,0.5));
#3914=DIRECTION('',(0.,1.,0.));
#3915=DIRECTION('',(-0.866025403784439,0.,0.5));
#3916=DIRECTION('',(-0.866025403784439,0.,0.5));
#3917=DIRECTION('',(0.,1.,0.));
#3918=DIRECTION('',(0.,0.,1.));
#3919=DIRECTION('',(0.,1.,0.));
#3920=DIRECTION('',(0.,1.,0.));
#3921=DIRECTION('',(0.,0.,1.));
#3922=DIRECTION('',(0.,1.,0.));
#3923=DIRECTION('',(0.,0.,1.));
#3924=DIRECTION('',(-0.669130606358858,0.,-0.743144825477395));
#3925=DIRECTION('',(-0.743144825477395,0.,0.669130606358858));
#3926=DIRECTION('',(0.,1.,0.));
#3927=DIRECTION('',(-0.743144825477395,0.,0.669130606358858));
#3928=DIRECTION('',(-0.743144825477395,0.,0.669130606358858));
#3929=DIRECTION('',(0.,1.,0.));
#3930=DIRECTION('',(0.,0.,1.));
#3931=DIRECTION('',(0.,1.,0.));
#3932=DIRECTION('',(0.,1.,0.));
#3933=DIRECTION('',(0.,0.,1.));
#3934=DIRECTION('',(0.,1.,0.));
#3935=DIRECTION('',(0.,0.,1.));
#3936=DIRECTION('',(-0.809016994374947,0.,-0.587785252292473));
#3937=DIRECTION('',(-0.587785252292473,0.,0.809016994374948));
#3938=DIRECTION('',(0.,1.,0.));
#3939=DIRECTION('',(-0.587785252292473,0.,0.809016994374947));
#3940=DIRECTION('',(-0.587785252292473,0.,0.809016994374947));
#3941=DIRECTION('',(0.,1.,0.));
#3942=DIRECTION('',(0.,0.,1.));
#3943=DIRECTION('',(0.,1.,0.));
#3944=DIRECTION('',(0.,1.,0.));
#3945=DIRECTION('',(0.,0.,1.));
#3946=DIRECTION('',(0.,1.,0.));
#3947=DIRECTION('',(0.,0.,1.));
#3948=DIRECTION('',(-0.913545457642601,0.,-0.4067366430758));
#3949=DIRECTION('',(-0.4067366430758,0.,0.913545457642601));
#3950=DIRECTION('',(0.,1.,0.));
#3951=DIRECTION('',(-0.4067366430758,0.,0.913545457642601));
#3952=DIRECTION('',(-0.4067366430758,0.,0.913545457642601));
#3953=DIRECTION('',(0.,1.,0.));
#3954=DIRECTION('',(0.,0.,1.));
#3955=DIRECTION('',(0.,1.,0.));
#3956=DIRECTION('',(0.,1.,0.));
#3957=DIRECTION('',(0.,0.,1.));
#3958=DIRECTION('',(0.,1.,0.));
#3959=DIRECTION('',(0.,0.,1.));
#3960=DIRECTION('',(-0.978147600733806,0.,-0.207911690817759));
#3961=DIRECTION('',(-0.207911690817759,0.,0.978147600733806));
#3962=DIRECTION('',(0.,1.,0.));
#3963=DIRECTION('',(-0.207911690817759,0.,0.978147600733806));
#3964=DIRECTION('',(-0.207911690817759,0.,0.978147600733806));
#3965=DIRECTION('',(0.,1.,0.));
#3966=DIRECTION('',(0.,0.,1.));
#3967=DIRECTION('',(0.,1.,0.));
#3968=DIRECTION('',(0.,1.,0.));
#3969=DIRECTION('',(0.,0.,1.));
#3970=DIRECTION('',(0.,1.,0.));
#3971=DIRECTION('',(0.,0.,1.));
#3972=DIRECTION('',(-1.,0.,0.));
#3973=DIRECTION('',(0.,0.,1.));
#3974=DIRECTION('',(0.,1.,0.));
#3975=DIRECTION('',(0.,0.,1.));
#3976=DIRECTION('',(0.,0.,1.));
#3977=DIRECTION('',(0.,1.,0.));
#3978=DIRECTION('',(0.,0.,1.));
#3979=DIRECTION('',(0.,1.,0.));
#3980=DIRECTION('',(0.,1.,0.));
#3981=DIRECTION('',(0.,0.,1.));
#3982=DIRECTION('',(0.,1.,0.));
#3983=DIRECTION('',(0.,0.,1.));
#3984=DIRECTION('',(-0.978147600733806,0.,0.207911690817759));
#3985=DIRECTION('',(0.207911690817759,0.,0.978147600733806));
#3986=DIRECTION('',(0.,1.,0.));
#3987=DIRECTION('',(0.207911690817759,0.,0.978147600733806));
#3988=DIRECTION('',(0.207911690817759,0.,0.978147600733806));
#3989=DIRECTION('',(0.,1.,0.));
#3990=DIRECTION('',(0.,0.,1.));
#3991=DIRECTION('',(0.,1.,0.));
#3992=DIRECTION('',(0.,1.,0.));
#3993=DIRECTION('',(0.,0.,1.));
#3994=DIRECTION('',(0.,1.,0.));
#3995=DIRECTION('',(0.,0.,1.));
#3996=DIRECTION('',(-0.9135454576426,0.,0.406736643075801));
#3997=DIRECTION('',(0.406736643075801,0.,0.9135454576426));
#3998=DIRECTION('',(0.,1.,0.));
#3999=DIRECTION('',(0.406736643075801,0.,0.9135454576426));
#4000=DIRECTION('',(0.406736643075801,0.,0.9135454576426));
#4001=DIRECTION('',(0.,1.,0.));
#4002=DIRECTION('',(0.,0.,1.));
#4003=DIRECTION('',(0.,1.,0.));
#4004=DIRECTION('',(0.,0.,1.));
#4005=DIRECTION('',(0.,1.,0.));
#4006=DIRECTION('',(0.,0.,1.));
#4007=DIRECTION('',(0.,1.,0.));
#4008=DIRECTION('',(-1.,0.,0.));
#4009=DIRECTION('',(0.,1.,0.));
#4010=DIRECTION('',(0.,0.,1.));
#4011=DIRECTION('',(0.,-1.,0.));
#4012=DIRECTION('',(0.,0.,-1.));
#4013=DIRECTION('',(0.,1.,0.));
#4014=DIRECTION('',(0.,0.,1.));
#4015=DIRECTION('',(0.,1.,0.));
#4016=DIRECTION('',(-1.,0.,0.));
#4017=DIRECTION('',(0.,1.,0.));
#4018=DIRECTION('',(0.,0.,1.));
#4019=DIRECTION('',(0.,-1.,0.));
#4020=DIRECTION('',(0.,0.,-1.));
#4021=DIRECTION('',(0.,1.,0.));
#4022=DIRECTION('',(0.,0.,1.));
#4023=DIRECTION('',(0.,1.,0.));
#4024=DIRECTION('',(0.,0.,-1.));
#4025=DIRECTION('',(0.,1.,0.));
#4026=DIRECTION('',(0.,0.,1.));
#4027=DIRECTION('',(0.,-1.,0.));
#4028=DIRECTION('',(-1.,0.,0.));
#4029=DIRECTION('',(-0.389150550980915,0.,0.921174168478063));
#4030=DIRECTION('',(0.921174168478063,0.,0.389150550980915));
#4031=DIRECTION('',(0.,1.,0.));
#4032=DIRECTION('',(0.921174168478063,0.,0.389150550980915));
#4033=DIRECTION('',(0.,1.,0.));
#4034=DIRECTION('',(0.921174168478063,0.,0.389150550980915));
#4035=DIRECTION('',(0.,1.,0.));
#4036=DIRECTION('',(0.,0.,1.));
#4037=DIRECTION('',(-0.275170993501086,-0.707106781186547,0.651368501184718));
#4038=DIRECTION('',(-0.275170993501086,0.707106781186548,0.651368501184717));
#4039=DIRECTION('',(-0.651368501184718,0.707106781186548,0.275170993501086));
#4040=DIRECTION('',(0.651368501184718,0.707106781186548,-0.275170993501086));
#4041=DIRECTION('',(0.,1.,0.));
#4042=DIRECTION('',(0.,1.,0.));
#4043=DIRECTION('',(0.,0.,1.));
#4044=DIRECTION('',(-0.389150550980915,0.,-0.921174168478063));
#4045=DIRECTION('',(-0.921174168478063,0.,0.389150550980915));
#4046=DIRECTION('',(0.921174168478063,0.,-0.389150550980915));
#4047=DIRECTION('',(-0.921174168478063,0.,0.389150550980915));
#4048=DIRECTION('',(0.,1.,0.));
#4049=DIRECTION('',(0.,0.,1.));
#4050=DIRECTION('',(0.,1.,0.));
#4051=DIRECTION('',(0.275170993501086,-0.707106781186547,-0.651368501184718));
#4052=DIRECTION('',(0.275170993501086,0.707106781186548,-0.651368501184717));
#4053=DIRECTION('',(0.,1.,0.));
#4054=DIRECTION('',(0.,0.,1.));
#4055=DIRECTION('',(0.651368501184718,0.707106781186547,-0.275170993501086));
#4056=DIRECTION('',(-0.651368501184717,0.707106781186548,0.275170993501086));
#4057=DIRECTION('',(0.,1.,0.));
#4058=DIRECTION('',(0.,1.,0.));
#4059=DIRECTION('',(0.,0.,1.));
#4060=DIRECTION('',(0.389150550980915,0.,0.921174168478063));
#4061=DIRECTION('',(0.921174168478063,0.,-0.389150550980915));
#4062=DIRECTION('',(-0.921174168478063,0.,0.389150550980915));
#4063=DIRECTION('',(0.921174168478063,0.,-0.389150550980915));
#4064=DIRECTION('',(0.,1.,0.));
#4065=DIRECTION('',(0.,0.,1.));
#4066=DIRECTION('',(0.,1.,0.));
#4067=DIRECTION('',(0.,-1.,0.));
#4068=DIRECTION('',(0.,0.,-1.));
#4069=DIRECTION('',(0.,1.,0.));
#4070=DIRECTION('',(0.,1.,0.));
#4071=DIRECTION('',(0.,0.,1.));
#4072=DIRECTION('',(0.,1.,0.));
#4073=DIRECTION('',(0.,0.,1.));
#4074=DIRECTION('',(0.,1.,0.));
#4075=DIRECTION('',(0.,-1.,0.));
#4076=DIRECTION('',(0.,0.,-1.));
#4077=DIRECTION('',(0.,1.,0.));
#4078=DIRECTION('',(0.,0.,1.));
#4079=DIRECTION('',(0.389150550980915,0.,-0.921174168478063));
#4080=DIRECTION('',(-0.921174168478063,0.,-0.389150550980915));
#4081=DIRECTION('',(-0.921174168478063,0.,-0.389150550980915));
#4082=DIRECTION('',(-0.921174168478063,0.,-0.389150550980915));
#4083=DIRECTION('',(0.,1.,0.));
#4084=DIRECTION('',(-1.,0.,0.));
#4085=DIRECTION('',(0.,1.,0.));
#4086=DIRECTION('',(0.,0.,1.));
#4087=DIRECTION('',(0.389150550980915,0.,0.921174168478063));
#4088=DIRECTION('',(-0.389150550980915,0.,-0.921174168478063));
#4089=DIRECTION('',(-0.207911690817759,0.,0.978147600733806));
#4090=DIRECTION('',(0.,1.,0.));
#4091=DIRECTION('',(0.,0.,1.));
#4092=DIRECTION('',(0.,0.,-1.));
#4093=DIRECTION('',(0.207911690817759,0.,0.978147600733806));
#4094=DIRECTION('',(0.,1.,0.));
#4095=DIRECTION('',(0.,0.,1.));
#4096=DIRECTION('',(-0.4067366430758,0.,-0.913545457642601));
#4097=DIRECTION('',(0.587785252292473,0.,0.809016994374948));
#4098=DIRECTION('',(0.,1.,0.));
#4099=DIRECTION('',(0.,0.,1.));
#4100=DIRECTION('',(-0.743144825477395,0.,-0.669130606358858));
#4101=DIRECTION('',(0.866025403784439,0.,0.5));
#4102=DIRECTION('',(0.,1.,0.));
#4103=DIRECTION('',(0.,0.,1.));
#4104=DIRECTION('',(-0.951056516295154,0.,-0.309016994374948));
#4105=DIRECTION('',(0.994521895368273,0.,0.104528463267654));
#4106=DIRECTION('',(0.,1.,0.));
#4107=DIRECTION('',(0.,0.,1.));
#4108=DIRECTION('',(-0.994521895368273,0.,0.104528463267653));
#4109=DIRECTION('',(0.951056516295154,0.,-0.309016994374948));
#4110=DIRECTION('',(0.,1.,0.));
#4111=DIRECTION('',(0.,0.,1.));
#4112=DIRECTION('',(-0.866025403784439,0.,0.5));
#4113=DIRECTION('',(0.743144825477394,0.,-0.669130606358858));
#4114=DIRECTION('',(0.,1.,0.));
#4115=DIRECTION('',(0.,0.,1.));
#4116=DIRECTION('',(-0.587785252292474,0.,0.809016994374947));
#4117=DIRECTION('',(0.4067366430758,0.,-0.913545457642601));
#4118=DIRECTION('',(0.,1.,0.));
#4119=DIRECTION('',(0.,0.,1.));
#4120=DIRECTION('',(-0.20791169081776,0.,0.978147600733805));
#4121=DIRECTION('',(4.52410450209354E-16,0.,-1.));
#4122=DIRECTION('',(0.,1.,0.));
#4123=DIRECTION('',(0.,0.,1.));
#4124=DIRECTION('',(0.207911690817759,0.,0.978147600733806));
#4125=DIRECTION('',(-0.4067366430758,0.,-0.913545457642601));
#4126=DIRECTION('',(0.,1.,0.));
#4127=DIRECTION('',(0.,0.,1.));
#4128=DIRECTION('',(0.587785252292473,0.,0.809016994374948));
#4129=DIRECTION('',(-0.743144825477394,0.,-0.669130606358859));
#4130=DIRECTION('',(0.,1.,0.));
#4131=DIRECTION('',(0.,0.,1.));
#4132=DIRECTION('',(0.866025403784438,0.,0.5));
#4133=DIRECTION('',(-0.951056516295154,0.,-0.309016994374948));
#4134=DIRECTION('',(0.,1.,0.));
#4135=DIRECTION('',(0.,0.,1.));
#4136=DIRECTION('',(0.994521895368273,0.,0.104528463267654));
#4137=DIRECTION('',(-0.994521895368273,0.,0.104528463267653));
#4138=DIRECTION('',(0.,1.,0.));
#4139=DIRECTION('',(0.,0.,1.));
#4140=DIRECTION('',(0.951056516295154,0.,-0.309016994374947));
#4141=DIRECTION('',(-0.866025403784439,0.,0.5));
#4142=DIRECTION('',(0.,1.,0.));
#4143=DIRECTION('',(0.,0.,1.));
#4144=DIRECTION('',(0.743144825477395,0.,-0.669130606358858));
#4145=DIRECTION('',(-0.587785252292474,0.,0.809016994374947));
#4146=DIRECTION('',(0.,1.,0.));
#4147=DIRECTION('',(0.,0.,1.));
#4148=DIRECTION('',(0.406736643075801,0.,-0.913545457642601));
#4149=DIRECTION('',(-0.389150550980915,0.,0.921174168478063));
#4150=DIRECTION('',(0.389150550980915,0.,-0.921174168478063));
#4151=DIRECTION('',(0.,-1.,0.));
#4152=DIRECTION('',(-1.,0.,0.));
#4153=DIRECTION('',(0.921174168478063,0.,0.389150550980915));
#4154=DIRECTION('',(0.,-1.,0.));
#4155=DIRECTION('',(0.,0.,-1.));
#4156=DIRECTION('',(-0.389150550980915,0.,-0.921174168478063));
#4157=DIRECTION('',(0.,-1.,0.));
#4158=DIRECTION('',(-1.,0.,0.));
#4159=DIRECTION('',(0.,-1.,0.));
#4160=DIRECTION('',(0.,0.,-1.));
#4161=DIRECTION('',(-0.921174168478063,0.,0.389150550980915));
#4162=DIRECTION('',(0.389150550980915,0.,-0.921174168478063));
#4163=DIRECTION('',(-0.913545457642601,0.,-0.406736643075801));
#4164=DIRECTION('',(-0.406736643075801,0.,0.913545457642601));
#4165=DIRECTION('',(0.,-1.,0.));
#4166=DIRECTION('',(0.809016994374947,0.,0.587785252292474));
#4167=DIRECTION('',(0.587785252292474,0.,-0.809016994374947));
#4168=DIRECTION('',(0.,-1.,0.));
#4169=DIRECTION('',(0.,-1.,0.));
#4170=DIRECTION('',(0.,0.,-1.));
#4171=DIRECTION('',(-0.669130606358858,0.,-0.743144825477395));
#4172=DIRECTION('',(-0.743144825477395,0.,0.669130606358858));
#4173=DIRECTION('',(0.,-1.,0.));
#4174=DIRECTION('',(0.5,0.,0.866025403784439));
#4175=DIRECTION('',(0.866025403784439,0.,-0.5));
#4176=DIRECTION('',(0.,-1.,0.));
#4177=DIRECTION('',(0.,-1.,0.));
#4178=DIRECTION('',(0.,0.,-1.));
#4179=DIRECTION('',(-0.309016994374947,0.,-0.951056516295154));
#4180=DIRECTION('',(-0.951056516295154,0.,0.309016994374947));
#4181=DIRECTION('',(0.,-1.,0.));
#4182=DIRECTION('',(0.104528463267653,0.,0.994521895368273));
#4183=DIRECTION('',(0.994521895368273,0.,-0.104528463267653));
#4184=DIRECTION('',(0.,-1.,0.));
#4185=DIRECTION('',(0.,-1.,0.));
#4186=DIRECTION('',(0.,0.,-1.));
#4187=DIRECTION('',(0.104528463267654,0.,-0.994521895368273));
#4188=DIRECTION('',(-0.994521895368273,0.,-0.104528463267654));
#4189=DIRECTION('',(0.,-1.,0.));
#4190=DIRECTION('',(-0.309016994374948,0.,0.951056516295153));
#4191=DIRECTION('',(0.951056516295154,0.,0.309016994374948));
#4192=DIRECTION('',(0.,-1.,0.));
#4193=DIRECTION('',(0.,-1.,0.));
#4194=DIRECTION('',(0.,0.,-1.));
#4195=DIRECTION('',(0.5,0.,-0.866025403784438));
#4196=DIRECTION('',(-0.866025403784438,0.,-0.5));
#4197=DIRECTION('',(0.,-1.,0.));
#4198=DIRECTION('',(-0.669130606358859,0.,0.743144825477394));
#4199=DIRECTION('',(0.743144825477394,0.,0.669130606358859));
#4200=DIRECTION('',(0.,-1.,0.));
#4201=DIRECTION('',(0.,-1.,0.));
#4202=DIRECTION('',(0.,0.,-1.));
#4203=DIRECTION('',(0.809016994374948,0.,-0.587785252292472));
#4204=DIRECTION('',(-0.587785252292472,0.,-0.809016994374948));
#4205=DIRECTION('',(0.,-1.,0.));
#4206=DIRECTION('',(-0.913545457642601,0.,0.4067366430758));
#4207=DIRECTION('',(0.4067366430758,0.,0.913545457642601));
#4208=DIRECTION('',(0.,-1.,0.));
#4209=DIRECTION('',(0.,-1.,0.));
#4210=DIRECTION('',(0.,0.,-1.));
#4211=DIRECTION('',(0.978147600733806,0.,-0.207911690817759));
#4212=DIRECTION('',(-0.207911690817759,0.,-0.978147600733806));
#4213=DIRECTION('',(0.,-1.,0.));
#4214=DIRECTION('',(-1.,0.,-4.52410450209354E-16));
#4215=DIRECTION('',(-4.52410450209354E-16,0.,1.));
#4216=DIRECTION('',(0.,-1.,0.));
#4217=DIRECTION('',(0.,-1.,0.));
#4218=DIRECTION('',(0.,0.,-1.));
#4219=DIRECTION('',(0.978147600733805,0.,0.20791169081776));
#4220=DIRECTION('',(0.20791169081776,0.,-0.978147600733806));
#4221=DIRECTION('',(0.,-1.,0.));
#4222=DIRECTION('',(-0.913545457642601,0.,-0.4067366430758));
#4223=DIRECTION('',(-0.4067366430758,0.,0.913545457642601));
#4224=DIRECTION('',(0.,-1.,0.));
#4225=DIRECTION('',(0.,-1.,0.));
#4226=DIRECTION('',(0.,0.,-1.));
#4227=DIRECTION('',(0.809016994374947,0.,0.587785252292474));
#4228=DIRECTION('',(0.587785252292474,0.,-0.809016994374947));
#4229=DIRECTION('',(0.,-1.,0.));
#4230=DIRECTION('',(-0.669130606358858,0.,-0.743144825477394));
#4231=DIRECTION('',(-0.743144825477394,0.,0.669130606358858));
#4232=DIRECTION('',(0.,-1.,0.));
#4233=DIRECTION('',(0.,-1.,0.));
#4234=DIRECTION('',(0.,0.,-1.));
#4235=DIRECTION('',(0.5,0.,0.866025403784439));
#4236=DIRECTION('',(0.866025403784439,0.,-0.5));
#4237=DIRECTION('',(0.,-1.,0.));
#4238=DIRECTION('',(-0.309016994374948,0.,-0.951056516295154));
#4239=DIRECTION('',(-0.951056516295154,0.,0.309016994374948));
#4240=DIRECTION('',(0.,-1.,0.));
#4241=DIRECTION('',(0.,-1.,0.));
#4242=DIRECTION('',(0.,0.,-1.));
#4243=DIRECTION('',(0.104528463267653,0.,0.994521895368273));
#4244=DIRECTION('',(0.994521895368273,0.,-0.104528463267653));
#4245=DIRECTION('',(0.,-1.,0.));
#4246=DIRECTION('',(0.104528463267654,0.,-0.994521895368273));
#4247=DIRECTION('',(-0.994521895368273,0.,-0.104528463267654));
#4248=DIRECTION('',(0.,-1.,0.));
#4249=DIRECTION('',(0.,-1.,0.));
#4250=DIRECTION('',(0.,0.,-1.));
#4251=DIRECTION('',(-0.309016994374948,0.,0.951056516295153));
#4252=DIRECTION('',(0.951056516295154,0.,0.309016994374948));
#4253=DIRECTION('',(0.,-1.,0.));
#4254=DIRECTION('',(0.5,0.,-0.866025403784439));
#4255=DIRECTION('',(-0.866025403784439,0.,-0.5));
#4256=DIRECTION('',(0.,-1.,0.));
#4257=DIRECTION('',(0.,-1.,0.));
#4258=DIRECTION('',(0.,0.,-1.));
#4259=DIRECTION('',(-0.669130606358858,0.,0.743144825477394));
#4260=DIRECTION('',(0.743144825477395,0.,0.669130606358858));
#4261=DIRECTION('',(0.,-1.,0.));
#4262=DIRECTION('',(0.809016994374948,0.,-0.587785252292473));
#4263=DIRECTION('',(-0.587785252292473,0.,-0.809016994374948));
#4264=DIRECTION('',(0.,-1.,0.));
#4265=DIRECTION('',(0.,-1.,0.));
#4266=DIRECTION('',(0.,0.,-1.));
#4267=DIRECTION('',(-0.913545457642601,0.,0.4067366430758));
#4268=DIRECTION('',(0.4067366430758,0.,0.913545457642601));
#4269=DIRECTION('',(0.,-1.,0.));
#4270=DIRECTION('',(0.978147600733806,0.,-0.207911690817759));
#4271=DIRECTION('',(-0.207911690817759,0.,-0.978147600733806));
#4272=DIRECTION('',(0.,-1.,0.));
#4273=DIRECTION('',(0.,-1.,0.));
#4274=DIRECTION('',(0.,0.,-1.));
#4275=DIRECTION('',(0.,-1.,0.));
#4276=DIRECTION('',(0.,0.,-1.));
#4277=DIRECTION('',(0.,-1.,0.));
#4278=DIRECTION('',(0.,-1.,0.));
#4279=DIRECTION('',(-1.,0.,0.));
#4280=DIRECTION('',(0.,0.,1.));
#4281=DIRECTION('',(0.978147600733806,0.,0.207911690817759));
#4282=DIRECTION('',(0.207911690817759,0.,-0.978147600733806));
#4283=DIRECTION('',(-0.921174168478063,0.,0.389150550980915));
#4284=DIRECTION('',(0.389150550980915,0.,0.921174168478063));
#4285=DIRECTION('',(-0.389150550980915,0.,-0.921174168478063));
#4286=DIRECTION('',(0.921174168478063,0.,0.389150550980915));
#4287=DIRECTION('',(0.389150550980915,0.,-0.921174168478063));
#4288=DIRECTION('',(-0.389150550980915,0.,0.921174168478063));
#4289=DIRECTION('',(-0.921174168478063,0.,-0.389150550980915));
#4290=DIRECTION('',(-0.389150550980915,0.,0.921174168478063));
#4291=DIRECTION('',(0.389150550980915,0.,-0.921174168478063));
#4292=DIRECTION('',(0.921174168478063,0.,-0.389150550980915));
#4293=DIRECTION('',(-0.389150550980915,0.,-0.921174168478063));
#4294=DIRECTION('',(0.389150550980915,0.,0.921174168478063));
#4295=DIRECTION('',(-0.651368501184718,0.707106781186548,0.275170993501086));
#4296=DIRECTION('',(-0.389150550980915,0.,-0.921174168478063));
#4297=DIRECTION('',(0.,1.,0.));
#4298=DIRECTION('',(0.,0.,1.));
#4299=DIRECTION('',(-0.275170993501086,-0.707106781186547,0.651368501184718));
#4300=DIRECTION('',(0.921174168478063,0.,0.389150550980915));
#4301=DIRECTION('',(0.651368501184718,0.707106781186548,0.275170993501086));
#4302=DIRECTION('',(-0.389150550980915,0.,0.921174168478063));
#4303=DIRECTION('',(0.,1.,0.));
#4304=DIRECTION('',(0.,0.,1.));
#4305=DIRECTION('',(-0.275170993501086,0.707106781186547,-0.651368501184718));
#4306=DIRECTION('',(0.921174168478063,0.,-0.389150550980915));
#4307=DIRECTION('',(0.651368501184718,0.707106781186547,-0.275170993501086));
#4308=DIRECTION('',(0.389150550980915,0.,0.921174168478063));
#4309=DIRECTION('',(0.,1.,0.));
#4310=DIRECTION('',(0.,0.,1.));
#4311=DIRECTION('',(0.275170993501086,-0.707106781186547,-0.651368501184718));
#4312=DIRECTION('',(-0.921174168478063,0.,-0.389150550980915));
#4313=DIRECTION('',(-0.651368501184718,0.707106781186548,-0.275170993501086));
#4314=DIRECTION('',(0.389150550980915,0.,-0.921174168478063));
#4315=DIRECTION('',(0.,1.,0.));
#4316=DIRECTION('',(0.,0.,1.));
#4317=DIRECTION('',(0.275170993501086,0.707106781186547,0.651368501184718));
#4318=DIRECTION('',(-0.921174168478063,0.,0.389150550980915));
#4319=DIRECTION('',(0.,-1.,0.));
#4320=DIRECTION('',(0.,0.,-1.));
#4321=DIRECTION('',(0.,-1.,0.));
#4322=DIRECTION('',(0.,0.,-1.));
#4323=DIRECTION('',(0.,1.,0.));
#4324=DIRECTION('',(-1.,0.,0.));
#4325=CARTESIAN_POINT('',(0.,0.,0.));
#4326=CARTESIAN_POINT('',(0.,0.1633,6.93889390390723E-18));
#4327=CARTESIAN_POINT('',(-7.80625564189563E-18,0.1633,1.7347234759768E-18));
#4328=CARTESIAN_POINT('',(0.0137389524152008,0.1633,-0.014534138658099));
#4329=CARTESIAN_POINT('',(0.014534138658099,0.1633,-0.0137389524152008));
#4330=CARTESIAN_POINT('',(0.0220793197097808,0.1633,-0.0169264184384436));
#4331=CARTESIAN_POINT('',(0.0212972295621445,0.1633,-0.0165960240111093));
#4332=CARTESIAN_POINT('',(8.67361737988404E-18,0.1633,0.));
#4333=CARTESIAN_POINT('',(0.0165960240111093,0.1633,-0.0212972295621445));
#4334=CARTESIAN_POINT('',(0.0122333580232856,0.1633,-0.0109701846599824));
#4335=CARTESIAN_POINT('',(0.,0.1633,6.93889390390723E-18));
#4336=CARTESIAN_POINT('',(1.21430643318376E-17,0.1633,-1.7347234759768E-18));
#4337=CARTESIAN_POINT('',(0.0165960240111093,0.1633,0.0212972295621445));
#4338=CARTESIAN_POINT('',(0.0212972295621445,0.1633,0.0165960240111093));
#4339=CARTESIAN_POINT('',(-0.0027240538568664,0.1633,0.00644821917934645));
#4340=CARTESIAN_POINT('',(0.014534138658099,0.1633,0.0137389524152008));
#4341=CARTESIAN_POINT('',(-1.21430643318376E-17,0.1633,4.33680868994202E-18));
#4342=CARTESIAN_POINT('',(0.0137389524152008,0.1633,0.014534138658099));
#4343=CARTESIAN_POINT('',(0.0169264184384436,0.1633,0.0220793197097808));
#4344=CARTESIAN_POINT('',(1.21430643318376E-17,0.1523,-1.7347234759768E-18));
#4345=CARTESIAN_POINT('',(1.21430643318376E-17,0.1633,-1.7347234759768E-18));
#4346=CARTESIAN_POINT('',(-0.0212972295621445,0.1633,0.0165960240111093));
#4347=CARTESIAN_POINT('',(-0.0165960240111093,0.1633,0.0212972295621445));
#4348=CARTESIAN_POINT('',(1.21430643318376E-17,0.1563,-1.7347234759768E-18));
#4349=CARTESIAN_POINT('',(-0.0240250724646855,0.1583,0.0123205475960532));
#4350=CARTESIAN_POINT('',(-0.0240250724646855,0.1523,0.0123205475960532));
#4351=CARTESIAN_POINT('',(-0.0240250724646855,0.1523,0.0123205475960532));
#4352=CARTESIAN_POINT('',(1.21430643318376E-17,0.1523,-1.7347234759768E-18));
#4353=CARTESIAN_POINT('',(-0.0123205475960532,0.1523,0.0240250724646855));
#4354=CARTESIAN_POINT('',(-0.0123205475960532,0.1523,0.0240250724646855));
#4355=CARTESIAN_POINT('',(-0.0123205475960532,0.1583,0.0240250724646855));
#4356=CARTESIAN_POINT('',(1.21430643318376E-17,0.1563,-1.7347234759768E-18));
#4357=CARTESIAN_POINT('',(8.67361737988404E-18,0.1523,0.));
#4358=CARTESIAN_POINT('',(8.67361737988404E-18,0.1563,0.));
#4359=CARTESIAN_POINT('',(0.0240250724646855,0.1583,-0.0123205475960532));
#4360=CARTESIAN_POINT('',(0.0240250724646855,0.1523,-0.0123205475960532));
#4361=CARTESIAN_POINT('',(0.0240250724646855,0.1523,-0.0123205475960532));
#4362=CARTESIAN_POINT('',(8.67361737988404E-18,0.1523,0.));
#4363=CARTESIAN_POINT('',(0.0123205475960533,0.1523,-0.0240250724646855));
#4364=CARTESIAN_POINT('',(0.0123205475960533,0.1523,-0.0240250724646855));
#4365=CARTESIAN_POINT('',(0.0123205475960533,0.1583,-0.0240250724646855));
#4366=CARTESIAN_POINT('',(8.67361737988404E-18,0.1563,0.));
#4367=CARTESIAN_POINT('',(-7.80625564189563E-18,0.1523,1.7347234759768E-18));
#4368=CARTESIAN_POINT('',(0.012915937414887,0.1523,-0.00762748718089528));
#4369=CARTESIAN_POINT('',(0.012915937414887,0.1523,-0.00762748718089528));
#4370=CARTESIAN_POINT('',(0.012915937414887,0.1583,-0.00762748718089528));
#4371=CARTESIAN_POINT('',(-7.80625564189563E-18,0.1583,1.7347234759768E-18));
#4372=CARTESIAN_POINT('',(0.00762748718089527,0.1583,-0.012915937414887));
#4373=CARTESIAN_POINT('',(0.00762748718089527,0.1523,-0.012915937414887));
#4374=CARTESIAN_POINT('',(0.00762748718089527,0.1523,-0.012915937414887));
#4375=CARTESIAN_POINT('',(-7.80625564189563E-18,0.1523,1.7347234759768E-18));
#4376=CARTESIAN_POINT('',(-1.21430643318376E-17,0.1523,4.33680868994202E-18));
#4377=CARTESIAN_POINT('',(-0.012915937414887,0.1523,0.00762748718089528));
#4378=CARTESIAN_POINT('',(-0.012915937414887,0.1523,0.00762748718089528));
#4379=CARTESIAN_POINT('',(-0.012915937414887,0.1583,0.00762748718089528));
#4380=CARTESIAN_POINT('',(-1.21430643318376E-17,0.1583,4.33680868994202E-18));
#4381=CARTESIAN_POINT('',(-0.00762748718089528,0.1583,0.012915937414887));
#4382=CARTESIAN_POINT('',(-0.00762748718089528,0.1523,0.012915937414887));
#4383=CARTESIAN_POINT('',(-0.00762748718089528,0.1523,0.012915937414887));
#4384=CARTESIAN_POINT('',(-1.21430643318376E-17,0.1523,4.33680868994202E-18));
#4385=CARTESIAN_POINT('',(0.,0.1733,0.));
#4386=CARTESIAN_POINT('',(0.,0.1733,3.30654635769785E-18));
#4387=CARTESIAN_POINT('',(0.,0.1733,0.054));
#4388=CARTESIAN_POINT('',(6.38002667842209E-16,0.1733,1.35611653412841E-16));
#4389=CARTESIAN_POINT('',(-0.00748482086943822,0.1733,0.0352133136264149));
#4390=CARTESIAN_POINT('',(-0.00860475292574575,0.1733,0.0404821796990895));
#4391=CARTESIAN_POINT('',(5.91540705308091E-16,0.1733,7.28583859910259E-16));
#4392=CARTESIAN_POINT('',(-0.0146425191507271,0.1733,0.0328876364751317));
#4393=CARTESIAN_POINT('',(7.21060682043791E-16,0.1733,3.21036899494034E-16));
#4394=CARTESIAN_POINT('',(-0.0168334368584511,0.1733,0.0378085182152777));
#4395=CARTESIAN_POINT('',(2.65412691824451E-16,0.1733,1.26634813746307E-15));
#4396=CARTESIAN_POINT('',(-0.0243264188246505,0.1733,0.03348244306006));
#4397=CARTESIAN_POINT('',(6.98903544757996E-16,0.1733,5.07783148240383E-16));
#4398=CARTESIAN_POINT('',(-0.0211602690825268,0.1733,0.0291246117974964));
#4399=CARTESIAN_POINT('',(5.91540705308091E-16,0.1733,7.28583859910259E-16));
#4400=CARTESIAN_POINT('',(-0.0267532137171835,0.1733,0.0240887018289177));
#4401=CARTESIAN_POINT('',(5.94307364528797E-16,0.1733,6.60045196700838E-16));
#4402=CARTESIAN_POINT('',(-0.0307562195571031,0.1733,0.027693024476529));
#4403=CARTESIAN_POINT('',(1.2941037130787E-15,0.1733,7.11236625150491E-17));
#4404=CARTESIAN_POINT('',(-0.0358418259101952,0.1733,0.0206932878374997));
#4405=CARTESIAN_POINT('',(3.22658566531686E-16,0.1733,5.58861030730224E-16));
#4406=CARTESIAN_POINT('',(-0.0311769145362369,0.1733,0.0179999999999991));
#4407=CARTESIAN_POINT('',(5.91540705308091E-16,0.1733,7.28583859910259E-16));
#4408=CARTESIAN_POINT('',(-0.0342380345866224,0.1733,0.0111246117974974));
#4409=CARTESIAN_POINT('',(8.36252094004101E-17,0.1733,2.57371930264476E-16));
#4410=CARTESIAN_POINT('',(-0.0393609724828492,0.1733,0.0127891552225594));
#4411=CARTESIAN_POINT('',(1.12410081243297E-15,0.1733,-5.61183044478497E-16));
#4412=CARTESIAN_POINT('',(-0.0411598556831015,0.1733,0.00432607515521876));
#4413=CARTESIAN_POINT('',(8.37735263618377E-17,0.1733,7.97051861421952E-16));
#4414=CARTESIAN_POINT('',(-0.0358027882332544,0.1733,0.00376302467763595));
#4415=CARTESIAN_POINT('',(5.91540705308091E-16,0.1733,7.28583859910259E-16));
#4416=CARTESIAN_POINT('',(-0.0358027882332544,0.1733,-0.00376302467763449));
#4417=CARTESIAN_POINT('',(-7.29391796083326E-17,0.1733,6.93969937785671E-16));
#4418=CARTESIAN_POINT('',(-0.0411598556831034,0.1733,-0.00432607515521752));
#4419=CARTESIAN_POINT('',(2.35922392732846E-16,0.1733,7.33354349469195E-16));
#4420=CARTESIAN_POINT('',(-0.0393609724828507,0.1733,-0.0127891552225591));
#4421=CARTESIAN_POINT('',(-1.72611009147001E-16,0.1733,5.31242061186931E-16));
#4422=CARTESIAN_POINT('',(-0.0342380345866222,0.1733,-0.0111246117974965));
#4423=CARTESIAN_POINT('',(5.91540705308091E-16,0.1733,7.28583859910259E-16));
#4424=CARTESIAN_POINT('',(-0.0311769145362367,0.1733,-0.0179999999999978));
#4425=CARTESIAN_POINT('',(-2.0122792321331E-16,0.1733,3.48536986907021E-16));
#4426=CARTESIAN_POINT('',(-0.0358418259101969,0.1733,-0.0206932878374994));
#4427=CARTESIAN_POINT('',(-1.38777878078145E-16,0.1733,2.35922392732846E-16));
#4428=CARTESIAN_POINT('',(-0.0307562195571044,0.1733,-0.0276930244765288));
#4429=CARTESIAN_POINT('',(-1.34647762276056E-16,0.1733,1.49541489877533E-16));
#4430=CARTESIAN_POINT('',(-0.0267532137171835,0.1733,-0.0240887018289162));
#4431=CARTESIAN_POINT('',(5.91540705308091E-16,0.1733,7.28583859910259E-16));
#4432=CARTESIAN_POINT('',(-0.0211602690825268,0.1733,-0.029124611797495));
#4433=CARTESIAN_POINT('',(-3.3682098542554E-17,0.1733,2.44714770236328E-17));
#4434=CARTESIAN_POINT('',(-0.024326418824651,0.1733,-0.0334824430600594));
#4435=CARTESIAN_POINT('',(2.94902990916057E-16,0.1733,1.80411241501588E-16));
#4436=CARTESIAN_POINT('',(-0.0168334368584515,0.1733,-0.0378085182152771));
#4437=CARTESIAN_POINT('',(1.69568116436671E-16,0.1733,-7.54965895513441E-17));
#4438=CARTESIAN_POINT('',(-0.0146425191507271,0.1733,-0.0328876364751303));
#4439=CARTESIAN_POINT('',(5.91540705308091E-16,0.1733,7.28583859910259E-16));
#4440=CARTESIAN_POINT('',(-0.0074848208694382,0.1733,-0.0352133136264134));
#4441=CARTESIAN_POINT('',(3.53786053843353E-16,0.1733,-7.51995471717482E-17));
#4442=CARTESIAN_POINT('',(-0.00860475292574598,0.1733,-0.0404821796990892));
#4443=CARTESIAN_POINT('',(-5.44499293873305E-17,0.1733,5.34294830600857E-16));
#4444=CARTESIAN_POINT('',(5.41874738115793E-16,0.1733,-0.0413865756749996));
#4445=CARTESIAN_POINT('',(5.24387073083451E-16,0.1733,2.3723819181765E-31));
#4446=CARTESIAN_POINT('',(5.40673849290987E-16,0.1733,-0.0359999999999964));
#4447=CARTESIAN_POINT('',(5.91540705308091E-16,0.1733,7.28583859910259E-16));
#4448=CARTESIAN_POINT('',(0.00748482086943928,0.1733,-0.0352133136264135));
#4449=CARTESIAN_POINT('',(6.4903196928097E-16,0.1733,1.37956003804287E-16));
#4450=CARTESIAN_POINT('',(0.00860475292574711,0.1733,-0.0404821796990894));
#4451=CARTESIAN_POINT('',(-1.28369537222284E-16,0.1733,4.44089209850063E-16));
#4452=CARTESIAN_POINT('',(0.0168334368584529,0.1733,-0.0378085182152779));
#4453=CARTESIAN_POINT('',(7.22645430795536E-16,0.1733,3.21742475097318E-16));
#4454=CARTESIAN_POINT('',(0.0146425191507282,0.1733,-0.0328876364751303));
#4455=CARTESIAN_POINT('',(5.91540705308091E-16,0.1733,7.28583859910259E-16));
#4456=CARTESIAN_POINT('',(0.0211602690825279,0.1733,-0.0291246117974951));
#4457=CARTESIAN_POINT('',(6.96096703212783E-16,0.1733,5.05743858488413E-16));
#4458=CARTESIAN_POINT('',(0.0243264188246523,0.1733,-0.0334824430600597));
#4459=CARTESIAN_POINT('',(5.18682319317065E-16,0.1733,6.86950496486816E-16));
#4460=CARTESIAN_POINT('',(0.0307562195571054,0.1733,-0.0276930244765288));
#4461=CARTESIAN_POINT('',(6.15200982813013E-16,0.1733,6.83249910647351E-16));
#4462=CARTESIAN_POINT('',(0.0267532137171846,0.1733,-0.0240887018289163));
#4463=CARTESIAN_POINT('',(5.91540705308091E-16,0.1733,7.28583859910259E-16));
#4464=CARTESIAN_POINT('',(0.0311769145362377,0.1733,-0.0179999999999982));
#4465=CARTESIAN_POINT('',(2.5500435096859E-16,0.1733,4.41680492028725E-16));
#4466=CARTESIAN_POINT('',(0.0358418259101949,0.1733,-0.0206932878374981));
#4467=CARTESIAN_POINT('',(-9.124645483638E-16,0.1733,4.6750797677575E-16));
#4468=CARTESIAN_POINT('',(0.0393609724828487,0.1733,-0.0127891552225583));
#4469=CARTESIAN_POINT('',(1.88156721150923E-16,0.1733,5.79086843095071E-16));
#4470=CARTESIAN_POINT('',(0.0342380345866233,0.1733,-0.0111246117974967));
#4471=CARTESIAN_POINT('',(5.91540705308091E-16,0.1733,7.28583859910259E-16));
#4472=CARTESIAN_POINT('',(0.0358027882332555,0.1733,-0.00376302467763447));
#4473=CARTESIAN_POINT('',(8.43175102992526E-17,0.1733,8.02227522859757E-16));
#4474=CARTESIAN_POINT('',(0.0411598556831034,0.1733,-0.00432607515521737));
#4475=CARTESIAN_POINT('',(1.34267597040605E-15,0.1733,7.45931094670027E-16));
#4476=CARTESIAN_POINT('',(0.0411598556831039,0.1733,0.00432607515521891));
#4477=CARTESIAN_POINT('',(-7.25311916552713E-17,0.1733,6.90088191707317E-16));
#4478=CARTESIAN_POINT('',(0.0358027882332555,0.1733,0.003763024677636));
#4479=CARTESIAN_POINT('',(5.91540705308091E-16,0.1733,7.28583859910259E-16));
#4480=CARTESIAN_POINT('',(0.0342380345866233,0.1733,0.011124611797498));
#4481=CARTESIAN_POINT('',(-1.68322536870056E-16,0.1733,5.18043500660547E-16));
#4482=CARTESIAN_POINT('',(0.0393609724828527,0.1733,0.0127891552225609));
#4483=CARTESIAN_POINT('',(-3.81639164714898E-16,0.1733,3.66894015169095E-16));
#4484=CARTESIAN_POINT('',(0.0358418259101985,0.1733,0.0206932878375013));
#4485=CARTESIAN_POINT('',(-1.92554305833425E-16,0.1733,3.3351384091965E-16));
#4486=CARTESIAN_POINT('',(0.0311769145362378,0.1733,0.0179999999999993));
#4487=CARTESIAN_POINT('',(5.91540705308091E-16,0.1733,7.28583859910259E-16));
#4488=CARTESIAN_POINT('',(0.0267532137171846,0.1733,0.0240887018289178));
#4489=CARTESIAN_POINT('',(-1.48576841132199E-16,0.1733,1.65011299175209E-16));
#4490=CARTESIAN_POINT('',(0.030756219557104,0.1733,0.027693024476529));
#4491=CARTESIAN_POINT('',(4.00721122950643E-16,0.1733,1.04603825601401E-15));
#4492=CARTESIAN_POINT('',(0.0243264188246509,0.1733,0.033482443060059));
#4493=CARTESIAN_POINT('',(-2.52615739069155E-17,0.1733,1.83536077677246E-17));
#4494=CARTESIAN_POINT('',(0.0211602690825278,0.1733,0.0291246117974965));
#4495=CARTESIAN_POINT('',(5.91540705308091E-16,0.1733,7.28583859910259E-16));
#4496=CARTESIAN_POINT('',(0.0146425191507282,0.1733,0.0328876364751318));
#4497=CARTESIAN_POINT('',(1.44212136408758E-16,0.1733,-6.42073798988067E-17));
#4498=CARTESIAN_POINT('',(0.0168334368584529,0.1733,0.0378085182152793));
#4499=CARTESIAN_POINT('',(3.80771802976909E-16,0.1733,3.40005801291454E-16));
#4500=CARTESIAN_POINT('',(0.00860475292574693,0.1733,0.0404821796990902));
#4501=CARTESIAN_POINT('',(3.41059936798627E-16,0.1733,-7.24945274893113E-17));
#4502=CARTESIAN_POINT('',(0.00748482086943925,0.1733,0.0352133136264149));
#4503=CARTESIAN_POINT('',(5.91540705308091E-16,0.1733,7.28583859910259E-16));
#4504=CARTESIAN_POINT('',(5.91540705308091E-16,0.1733,0.0359999999999979));
#4505=CARTESIAN_POINT('',(5.13478148889135E-16,0.1733,0.));
#4506=CARTESIAN_POINT('',(5.13478148889135E-16,0.1733,0.0413865756749999));
#4507=CARTESIAN_POINT('',(4.77048955893622E-16,0.1733,1.11716191852906E-15));
#4508=CARTESIAN_POINT('',(5.91540705308091E-16,0.1703,7.28583859910259E-16));
#4509=CARTESIAN_POINT('',(-0.00748482086943822,0.1703,0.0352133136264149));
#4510=CARTESIAN_POINT('',(-0.00748482086943813,0.1523,0.0352133136264145));
#4511=CARTESIAN_POINT('',(9.5062846483529E-16,0.1523,-2.87747256577653E-16));
#4512=CARTESIAN_POINT('',(-0.0146425191507269,0.1523,0.0328876364751313));
#4513=CARTESIAN_POINT('',(-0.0146425191507271,0.1703,0.0328876364751317));
#4514=CARTESIAN_POINT('',(5.91540705308091E-16,0.1703,7.28583859910259E-16));
#4515=CARTESIAN_POINT('',(5.13478148889135E-16,0.1703,0.0359999999999979));
#4516=CARTESIAN_POINT('',(5.13478148889135E-16,0.1523,0.0359999999999979));
#4517=CARTESIAN_POINT('',(0.00748482086943925,0.1703,0.0352133136264149));
#4518=CARTESIAN_POINT('',(0.00748482086943919,0.1523,0.0352133136264146));
#4519=CARTESIAN_POINT('',(9.5062846483529E-16,0.1523,-2.87747256577653E-16));
#4520=CARTESIAN_POINT('',(5.91540705308091E-16,0.1703,7.28583859910259E-16));
#4521=CARTESIAN_POINT('',(0.0146425191507282,0.1703,0.0328876364751318));
#4522=CARTESIAN_POINT('',(0.0146425191507281,0.1523,0.0328876364751317));
#4523=CARTESIAN_POINT('',(0.0211602690825278,0.1703,0.0291246117974965));
#4524=CARTESIAN_POINT('',(0.0211602690825279,0.1523,0.0291246117974965));
#4525=CARTESIAN_POINT('',(9.5062846483529E-16,0.1523,-2.87747256577653E-16));
#4526=CARTESIAN_POINT('',(5.91540705308091E-16,0.1703,7.28583859910259E-16));
#4527=CARTESIAN_POINT('',(0.0267532137171846,0.1703,0.0240887018289178));
#4528=CARTESIAN_POINT('',(0.0267532137171848,0.1523,0.0240887018289179));
#4529=CARTESIAN_POINT('',(0.0311769145362378,0.1703,0.0179999999999993));
#4530=CARTESIAN_POINT('',(0.0311769145362382,0.1523,0.0179999999999996));
#4531=CARTESIAN_POINT('',(9.5062846483529E-16,0.1523,-2.87747256577653E-16));
#4532=CARTESIAN_POINT('',(5.91540705308091E-16,0.1703,7.28583859910259E-16));
#4533=CARTESIAN_POINT('',(0.0342380345866233,0.1703,0.011124611797498));
#4534=CARTESIAN_POINT('',(0.034238034586624,0.1523,0.0111246117974982));
#4535=CARTESIAN_POINT('',(0.0358027882332555,0.1703,0.003763024677636));
#4536=CARTESIAN_POINT('',(0.0358027882332565,0.1523,0.00376302467763609));
#4537=CARTESIAN_POINT('',(9.5062846483529E-16,0.1523,-2.87747256577653E-16));
#4538=CARTESIAN_POINT('',(5.91540705308091E-16,0.1703,7.28583859910259E-16));
#4539=CARTESIAN_POINT('',(0.0358027882332556,0.1703,-0.00376302467763447));
#4540=CARTESIAN_POINT('',(0.0358027882332566,0.1523,-0.00376302467763458));
#4541=CARTESIAN_POINT('',(0.0342380345866233,0.1703,-0.0111246117974967));
#4542=CARTESIAN_POINT('',(0.0342380345866245,0.1523,-0.0111246117974971));
#4543=CARTESIAN_POINT('',(9.5062846483529E-16,0.1523,-2.87747256577653E-16));
#4544=CARTESIAN_POINT('',(5.91540705308091E-16,0.1703,7.28583859910259E-16));
#4545=CARTESIAN_POINT('',(0.0311769145362377,0.1703,-0.0179999999999982));
#4546=CARTESIAN_POINT('',(0.0311769145362389,0.1523,-0.0179999999999989));
#4547=CARTESIAN_POINT('',(0.0267532137171846,0.1703,-0.0240887018289163));
#4548=CARTESIAN_POINT('',(0.0267532137171858,0.1523,-0.0240887018289173));
#4549=CARTESIAN_POINT('',(9.5062846483529E-16,0.1523,-2.87747256577653E-16));
#4550=CARTESIAN_POINT('',(5.91540705308091E-16,0.1703,7.28583859910259E-16));
#4551=CARTESIAN_POINT('',(0.0211602690825279,0.1703,-0.0291246117974951));
#4552=CARTESIAN_POINT('',(0.0211602690825289,0.1523,-0.0291246117974964));
#4553=CARTESIAN_POINT('',(0.0146425191507282,0.1703,-0.0328876364751303));
#4554=CARTESIAN_POINT('',(0.0146425191507289,0.1523,-0.0328876364751319));
#4555=CARTESIAN_POINT('',(9.5062846483529E-16,0.1523,-2.87747256577653E-16));
#4556=CARTESIAN_POINT('',(5.91540705308091E-16,0.1703,7.28583859910259E-16));
#4557=CARTESIAN_POINT('',(0.00748482086943928,0.1703,-0.0352133136264135));
#4558=CARTESIAN_POINT('',(0.00748482086943964,0.1523,-0.0352133136264151));
#4559=CARTESIAN_POINT('',(5.40673849290987E-16,0.1703,-0.0359999999999964));
#4560=CARTESIAN_POINT('',(5.40673849290987E-16,0.1523,-0.0359999999999964));
#4561=CARTESIAN_POINT('',(9.5062846483529E-16,0.1523,-2.87747256577653E-16));
#4562=CARTESIAN_POINT('',(5.91540705308091E-16,0.1703,7.28583859910259E-16));
#4563=CARTESIAN_POINT('',(-0.0074848208694382,0.1703,-0.0352133136264134));
#4564=CARTESIAN_POINT('',(-0.00748482086943852,0.1523,-0.0352133136264149));
#4565=CARTESIAN_POINT('',(-0.0146425191507271,0.1703,-0.0328876364751303));
#4566=CARTESIAN_POINT('',(-0.0146425191507277,0.1523,-0.0328876364751316));
#4567=CARTESIAN_POINT('',(9.5062846483529E-16,0.1523,-2.87747256577653E-16));
#4568=CARTESIAN_POINT('',(5.91540705308091E-16,0.1703,7.28583859910259E-16));
#4569=CARTESIAN_POINT('',(-0.0211602690825268,0.1703,-0.029124611797495));
#4570=CARTESIAN_POINT('',(-0.0211602690825275,0.1523,-0.029124611797496));
#4571=CARTESIAN_POINT('',(-0.0267532137171835,0.1703,-0.0240887018289162));
#4572=CARTESIAN_POINT('',(-0.0267532137171843,0.1523,-0.0240887018289169));
#4573=CARTESIAN_POINT('',(9.5062846483529E-16,0.1523,-2.87747256577653E-16));
#4574=CARTESIAN_POINT('',(5.91540705308091E-16,0.1703,7.28583859910259E-16));
#4575=CARTESIAN_POINT('',(-0.0311769145362367,0.1703,-0.0179999999999978));
#4576=CARTESIAN_POINT('',(-0.0311769145362375,0.1523,-0.0179999999999982));
#4577=CARTESIAN_POINT('',(-0.0342380345866222,0.1703,-0.0111246117974965));
#4578=CARTESIAN_POINT('',(-0.0342380345866228,0.1523,-0.0111246117974966));
#4579=CARTESIAN_POINT('',(9.5062846483529E-16,0.1523,-2.87747256577653E-16));
#4580=CARTESIAN_POINT('',(5.91540705308091E-16,0.1703,7.28583859910259E-16));
#4581=CARTESIAN_POINT('',(-0.0358027882332544,0.1703,-0.00376302467763449));
#4582=CARTESIAN_POINT('',(-0.0358027882332548,0.1523,-0.00376302467763453));
#4583=CARTESIAN_POINT('',(-0.0358027882332544,0.1703,0.00376302467763595));
#4584=CARTESIAN_POINT('',(-0.0358027882332545,0.1523,0.00376302467763597));
#4585=CARTESIAN_POINT('',(9.5062846483529E-16,0.1523,-2.87747256577653E-16));
#4586=CARTESIAN_POINT('',(5.91540705308091E-16,0.1703,7.28583859910259E-16));
#4587=CARTESIAN_POINT('',(-0.0342380345866224,0.1703,0.0111246117974974));
#4588=CARTESIAN_POINT('',(-0.0342380345866223,0.1523,0.0111246117974973));
#4589=CARTESIAN_POINT('',(-0.0311769145362369,0.1703,0.0179999999999991));
#4590=CARTESIAN_POINT('',(-0.0311769145362367,0.1523,0.017999999999999));
#4591=CARTESIAN_POINT('',(9.5062846483529E-16,0.1523,-2.87747256577653E-16));
#4592=CARTESIAN_POINT('',(5.91540705308091E-16,0.1703,7.28583859910259E-16));
#4593=CARTESIAN_POINT('',(-0.0267532137171835,0.1703,0.0240887018289177));
#4594=CARTESIAN_POINT('',(-0.0267532137171833,0.1523,0.0240887018289174));
#4595=CARTESIAN_POINT('',(-0.0211602690825268,0.1703,0.0291246117974964));
#4596=CARTESIAN_POINT('',(-0.0211602690825265,0.1523,0.0291246117974962));
#4597=CARTESIAN_POINT('',(9.5062846483529E-16,0.1523,-2.87747256577653E-16));
#4598=CARTESIAN_POINT('',(0.0245400342832086,0.1343,0.0337764595151534));
#4599=CARTESIAN_POINT('',(0.0211602690825268,0.1343,0.0291246117974974));
#4600=CARTESIAN_POINT('',(0.0211602690825268,0.1143,0.0291246117974974));
#4601=CARTESIAN_POINT('',(0.0211602690825268,0.1423,0.0291246117974974));
#4602=CARTESIAN_POINT('',(0.0245400342832086,0.1423,0.0337764595151534));
#4603=CARTESIAN_POINT('',(0.027919799483891,0.1423,0.0384283072328102));
#4604=CARTESIAN_POINT('',(0.027919799483891,0.1343,0.0384283072328102));
#4605=CARTESIAN_POINT('',(0.027919799483891,0.1143,0.0384283072328102));
#4606=CARTESIAN_POINT('',(0.0245400342832086,0.1143,0.0337764595151534));
#4607=CARTESIAN_POINT('',(5.91540705308091E-16,0.1343,7.28583859910259E-16));
#4608=CARTESIAN_POINT('',(0.0267532137171856,0.1343,0.0240887018289164));
#4609=CARTESIAN_POINT('',(0.0267532137171856,0.1143,0.0240887018289164));
#4610=CARTESIAN_POINT('',(0.0267532137171856,0.1423,0.0240887018289164));
#4611=CARTESIAN_POINT('',(5.91540705308091E-16,0.1423,7.28583859910259E-16));
#4612=CARTESIAN_POINT('',(5.91540705308091E-16,0.1143,7.28583859910259E-16));
#4613=CARTESIAN_POINT('',(0.0310262964636806,0.1343,0.0279362028154799));
#4614=CARTESIAN_POINT('',(0.0352993792101758,0.1343,0.0317837038020435));
#4615=CARTESIAN_POINT('',(0.0352993792101758,0.1143,0.0317837038020435));
#4616=CARTESIAN_POINT('',(0.0352993792101758,0.1423,0.0317837038020435));
#4617=CARTESIAN_POINT('',(0.0310262964636806,0.1423,0.0279362028154799));
#4618=CARTESIAN_POINT('',(0.0310262964636806,0.1143,0.0279362028154799));
#4619=CARTESIAN_POINT('',(9.5062846483529E-16,0.1343,6.80011602582908E-16));
#4620=CARTESIAN_POINT('',(0.0411362066797584,0.1343,0.02375));
#4621=CARTESIAN_POINT('',(0.0411362066797584,0.1143,0.02375));
#4622=CARTESIAN_POINT('',(0.0411362066797584,0.1423,0.02375));
#4623=CARTESIAN_POINT('',(9.5062846483529E-16,0.1423,6.80011602582908E-16));
#4624=CARTESIAN_POINT('',(9.5062846483529E-16,0.1143,6.80011602582908E-16));
#4625=CARTESIAN_POINT('',(0.0361565606079981,0.1343,0.0208750000000003));
#4626=CARTESIAN_POINT('',(0.0311769145362378,0.1343,0.0180000000000004));
#4627=CARTESIAN_POINT('',(0.0311769145362378,0.1143,0.0180000000000004));
#4628=CARTESIAN_POINT('',(0.0311769145362378,0.1423,0.0180000000000004));
#4629=CARTESIAN_POINT('',(0.0361565606079981,0.1423,0.0208750000000003));
#4630=CARTESIAN_POINT('',(0.0361565606079981,0.1143,0.0208750000000003));
#4631=CARTESIAN_POINT('',(1.03562991515815E-15,0.1343,-2.02962646689286E-16));
#4632=CARTESIAN_POINT('',(0.0342380345866246,0.1343,0.0111246117974963));
#4633=CARTESIAN_POINT('',(0.0342380345866246,0.1143,0.0111246117974963));
#4634=CARTESIAN_POINT('',(0.0342380345866246,0.1423,0.0111246117974963));
#4635=CARTESIAN_POINT('',(1.03562991515815E-15,0.1423,-2.02962646689286E-16));
#4636=CARTESIAN_POINT('',(1.03562991515815E-15,0.1143,-2.02962646689286E-16));
#4637=CARTESIAN_POINT('',(0.0397066095553217,0.1343,0.0129014595151523));
#4638=CARTESIAN_POINT('',(0.0451751845240188,0.1343,0.0146783072328082));
#4639=CARTESIAN_POINT('',(0.0451751845240188,0.1143,0.0146783072328082));
#4640=CARTESIAN_POINT('',(0.0451751845240188,0.1423,0.0146783072328082));
#4641=CARTESIAN_POINT('',(0.0397066095553217,0.1423,0.0129014595151523));
#4642=CARTESIAN_POINT('',(0.0397066095553217,0.1143,0.0129014595151523));
#4643=CARTESIAN_POINT('',(7.84095011141517E-16,0.1343,-3.04443970033929E-16));
#4644=CARTESIAN_POINT('',(0.0472397900299914,0.1343,0.00496510200521472));
#4645=CARTESIAN_POINT('',(0.0472397900299914,0.1143,0.00496510200521472));
#4646=CARTESIAN_POINT('',(0.0472397900299914,0.1423,0.00496510200521472));
#4647=CARTESIAN_POINT('',(7.84095011141517E-16,0.1423,-3.04443970033929E-16));
#4648=CARTESIAN_POINT('',(7.84095011141517E-16,0.1143,-3.04443970033929E-16));
#4649=CARTESIAN_POINT('',(0.0415212891316238,0.1343,0.00436406334142571));
#4650=CARTESIAN_POINT('',(0.0358027882332563,0.1343,0.00376302467763672));
#4651=CARTESIAN_POINT('',(0.0358027882332563,0.1143,0.00376302467763672));
#4652=CARTESIAN_POINT('',(0.0358027882332563,0.1423,0.00376302467763672));
#4653=CARTESIAN_POINT('',(0.0415212891316238,0.1423,0.00436406334142571));
#4654=CARTESIAN_POINT('',(0.0415212891316238,0.1143,0.00436406334142571));
#4655=CARTESIAN_POINT('',(7.25114412958305E-16,0.1343,-3.25911173049142E-16));
#4656=CARTESIAN_POINT('',(0.0358027882332563,0.1343,-0.00376302467763677));
#4657=CARTESIAN_POINT('',(0.0358027882332563,0.1143,-0.00376302467763677));
#4658=CARTESIAN_POINT('',(0.0358027882332563,0.1423,-0.00376302467763677));
#4659=CARTESIAN_POINT('',(7.25114412958305E-16,0.1423,-3.25911173049142E-16));
#4660=CARTESIAN_POINT('',(7.25114412958305E-16,0.1143,-3.25911173049142E-16));
#4661=CARTESIAN_POINT('',(0.0415212891316241,0.1343,-0.0043640633414258));
#4662=CARTESIAN_POINT('',(0.0472397900299916,0.1343,-0.0049651020052148));
#4663=CARTESIAN_POINT('',(0.0472397900299916,0.1143,-0.0049651020052148));
#4664=CARTESIAN_POINT('',(0.0472397900299916,0.1423,-0.0049651020052148));
#4665=CARTESIAN_POINT('',(0.0415212891316241,0.1423,-0.0043640633414258));
#4666=CARTESIAN_POINT('',(0.0415212891316241,0.1143,-0.0043640633414258));
#4667=CARTESIAN_POINT('',(4.85722573273506E-16,0.1343,-1.4137996329211E-16));
#4668=CARTESIAN_POINT('',(0.0451751845240193,0.1343,-0.0146783072328084));
#4669=CARTESIAN_POINT('',(0.0451751845240193,0.1143,-0.0146783072328084));
#4670=CARTESIAN_POINT('',(0.0451751845240193,0.1423,-0.0146783072328084));
#4671=CARTESIAN_POINT('',(4.85722573273506E-16,0.1423,-1.4137996329211E-16));
#4672=CARTESIAN_POINT('',(4.85722573273506E-16,0.1143,-1.4137996329211E-16));
#4673=CARTESIAN_POINT('',(0.0397066095553222,0.1343,-0.0129014595151525));
#4674=CARTESIAN_POINT('',(0.034238034586625,0.1343,-0.0111246117974965));
#4675=CARTESIAN_POINT('',(0.034238034586625,0.1143,-0.0111246117974965));
#4676=CARTESIAN_POINT('',(0.034238034586625,0.1423,-0.0111246117974965));
#4677=CARTESIAN_POINT('',(0.0397066095553222,0.1423,-0.0129014595151525));
#4678=CARTESIAN_POINT('',(0.0397066095553222,0.1143,-0.0129014595151525));
#4679=CARTESIAN_POINT('',(9.8358821087885E-16,0.1343,-4.39752401160121E-16));
#4680=CARTESIAN_POINT('',(0.0311769145362382,0.1343,-0.0180000000000007));
#4681=CARTESIAN_POINT('',(0.0311769145362382,0.1143,-0.0180000000000007));
#4682=CARTESIAN_POINT('',(0.0311769145362382,0.1423,-0.0180000000000007));
#4683=CARTESIAN_POINT('',(9.8358821087885E-16,0.1423,-4.39752401160121E-16));
#4684=CARTESIAN_POINT('',(9.8358821087885E-16,0.1143,-4.39752401160121E-16));
#4685=CARTESIAN_POINT('',(0.0361565606079986,0.1343,-0.0208750000000006));
#4686=CARTESIAN_POINT('',(0.041136206679759,0.1343,-0.0237500000000006));
#4687=CARTESIAN_POINT('',(0.041136206679759,0.1143,-0.0237500000000006));
#4688=CARTESIAN_POINT('',(0.041136206679759,0.1423,-0.0237500000000006));
#4689=CARTESIAN_POINT('',(0.0361565606079986,0.1423,-0.0208750000000006));
#4690=CARTESIAN_POINT('',(0.0361565606079986,0.1143,-0.0208750000000006));
#4691=CARTESIAN_POINT('',(8.88178419700125E-16,0.1343,-6.74807432154978E-16));
#4692=CARTESIAN_POINT('',(0.0352993792101761,0.1343,-0.0317837038020439));
#4693=CARTESIAN_POINT('',(0.0352993792101761,0.1143,-0.0317837038020439));
#4694=CARTESIAN_POINT('',(0.0352993792101761,0.1423,-0.0317837038020439));
#4695=CARTESIAN_POINT('',(8.88178419700125E-16,0.1423,-6.74807432154978E-16));
#4696=CARTESIAN_POINT('',(8.88178419700125E-16,0.1143,-6.74807432154978E-16));
#4697=CARTESIAN_POINT('',(0.0310262964636813,0.1343,-0.0279362028154806));
#4698=CARTESIAN_POINT('',(0.0267532137171862,0.1343,-0.0240887018289171));
#4699=CARTESIAN_POINT('',(0.0267532137171862,0.1143,-0.0240887018289171));
#4700=CARTESIAN_POINT('',(0.0267532137171862,0.1423,-0.0240887018289171));
#4701=CARTESIAN_POINT('',(0.0310262964636813,0.1423,-0.0279362028154806));
#4702=CARTESIAN_POINT('',(0.0310262964636813,0.1143,-0.0279362028154806));
#4703=CARTESIAN_POINT('',(4.9439619065339E-16,0.1343,-4.70110061989715E-16));
#4704=CARTESIAN_POINT('',(0.0211602690825273,0.1343,-0.0291246117974981));
#4705=CARTESIAN_POINT('',(0.0211602690825273,0.1143,-0.0291246117974981));
#4706=CARTESIAN_POINT('',(0.0211602690825273,0.1423,-0.0291246117974981));
#4707=CARTESIAN_POINT('',(4.9439619065339E-16,0.1423,-4.70110061989715E-16));
#4708=CARTESIAN_POINT('',(4.9439619065339E-16,0.1143,-4.70110061989715E-16));
#4709=CARTESIAN_POINT('',(0.024540034283209,0.1343,-0.0337764595151539));
#4710=CARTESIAN_POINT('',(0.0279197994838905,0.1343,-0.0384283072328095));
#4711=CARTESIAN_POINT('',(0.0279197994838905,0.1143,-0.0384283072328095));
#4712=CARTESIAN_POINT('',(0.0279197994838905,0.1423,-0.0384283072328095));
#4713=CARTESIAN_POINT('',(0.024540034283209,0.1423,-0.0337764595151539));
#4714=CARTESIAN_POINT('',(0.024540034283209,0.1143,-0.0337764595151539));
#4715=CARTESIAN_POINT('',(4.82253126321552E-16,0.1343,-8.77770078844264E-16));
#4716=CARTESIAN_POINT('',(0.0193199905461011,0.1343,-0.0433934092380216));
#4717=CARTESIAN_POINT('',(0.0193199905461011,0.1143,-0.0433934092380216));
#4718=CARTESIAN_POINT('',(0.0193199905461011,0.1423,-0.0433934092380216));
#4719=CARTESIAN_POINT('',(4.82253126321552E-16,0.1423,-8.77770078844264E-16));
#4720=CARTESIAN_POINT('',(4.82253126321552E-16,0.1143,-8.77770078844264E-16));
#4721=CARTESIAN_POINT('',(0.0169812548484153,0.1343,-0.0381405228565768));
#4722=CARTESIAN_POINT('',(0.0146425191507294,0.1343,-0.0328876364751316));
#4723=CARTESIAN_POINT('',(0.0146425191507294,0.1143,-0.0328876364751316));
#4724=CARTESIAN_POINT('',(0.0146425191507294,0.1423,-0.0328876364751316));
#4725=CARTESIAN_POINT('',(0.0169812548484153,0.1423,-0.0381405228565768));
#4726=CARTESIAN_POINT('',(0.0169812548484153,0.1143,-0.0381405228565768));
#4727=CARTESIAN_POINT('',(1.18828558104411E-16,0.1343,-1.6306400674182E-16));
#4728=CARTESIAN_POINT('',(0.00748482086943769,0.1343,-0.0352133136264159));
#4729=CARTESIAN_POINT('',(0.00748482086943769,0.1143,-0.0352133136264159));
#4730=CARTESIAN_POINT('',(0.00748482086943769,0.1423,-0.0352133136264159));
#4731=CARTESIAN_POINT('',(1.18828558104411E-16,0.1423,-1.6306400674182E-16));
#4732=CARTESIAN_POINT('',(1.18828558104411E-16,0.1143,-1.6306400674182E-16));
#4733=CARTESIAN_POINT('',(0.00868031309163986,0.1343,-0.0408376623306356));
#4734=CARTESIAN_POINT('',(0.00987580531384203,0.1343,-0.0464620110348552));
#4735=CARTESIAN_POINT('',(0.00987580531384203,0.1143,-0.0464620110348552));
#4736=CARTESIAN_POINT('',(0.00987580531384203,0.1423,-0.0464620110348552));
#4737=CARTESIAN_POINT('',(0.00868031309163986,0.1423,-0.0408376623306356));
#4738=CARTESIAN_POINT('',(0.00868031309163986,0.1143,-0.0408376623306356));
#4739=CARTESIAN_POINT('',(8.4398199243602E-16,0.1343,-1.11022302462516E-15));
#4740=CARTESIAN_POINT('',(1.34334055676969E-15,0.1343,-0.047499999999999));
#4741=CARTESIAN_POINT('',(1.34334055676969E-15,0.1143,-0.047499999999999));
#4742=CARTESIAN_POINT('',(1.34334055676969E-15,0.1423,-0.047499999999999));
#4743=CARTESIAN_POINT('',(8.4398199243602E-16,0.1423,-1.11022302462516E-15));
#4744=CARTESIAN_POINT('',(8.4398199243602E-16,0.1143,-1.11022302462516E-15));
#4745=CARTESIAN_POINT('',(1.3459419168584E-15,0.1343,-0.0417499999999987));
#4746=CARTESIAN_POINT('',(1.3485432769471E-15,0.1343,-0.0359999999999984));
#4747=CARTESIAN_POINT('',(1.3485432769471E-15,0.1143,-0.0359999999999984));
#4748=CARTESIAN_POINT('',(1.3485432769471E-15,0.1423,-0.0359999999999984));
#4749=CARTESIAN_POINT('',(1.3459419168584E-15,0.1423,-0.0417499999999987));
#4750=CARTESIAN_POINT('',(1.3459419168584E-15,0.1143,-0.0417499999999987));
#4751=CARTESIAN_POINT('',(5.88932047679507E-17,0.1343,3.81639164714898E-16));
#4752=CARTESIAN_POINT('',(-0.00748482086944034,0.1343,-0.035213313626415));
#4753=CARTESIAN_POINT('',(-0.00748482086944034,0.1143,-0.035213313626415));
#4754=CARTESIAN_POINT('',(-0.00748482086944034,0.1423,-0.035213313626415));
#4755=CARTESIAN_POINT('',(5.88932047679507E-17,0.1423,3.81639164714898E-16));
#4756=CARTESIAN_POINT('',(5.88932047679507E-17,0.1143,3.81639164714898E-16));
#4757=CARTESIAN_POINT('',(-0.00868031309164259,0.1343,-0.0408376623306351));
#4758=CARTESIAN_POINT('',(-0.00987580531384485,0.1343,-0.0464620110348551));
#4759=CARTESIAN_POINT('',(-0.00987580531384485,0.1143,-0.0464620110348551));
#4760=CARTESIAN_POINT('',(-0.00987580531384485,0.1423,-0.0464620110348551));
#4761=CARTESIAN_POINT('',(-0.00868031309164259,0.1423,-0.0408376623306351));
#4762=CARTESIAN_POINT('',(-0.00868031309164259,0.1143,-0.0408376623306351));
#4763=CARTESIAN_POINT('',(7.34655392076178E-16,0.1343,-3.22658566531686E-16));
#4764=CARTESIAN_POINT('',(-0.019319990546099,0.1343,-0.0433934092380235));
#4765=CARTESIAN_POINT('',(-0.019319990546099,0.1143,-0.0433934092380235));
#4766=CARTESIAN_POINT('',(-0.019319990546099,0.1423,-0.0433934092380235));
#4767=CARTESIAN_POINT('',(7.34655392076178E-16,0.1423,-3.22658566531686E-16));
#4768=CARTESIAN_POINT('',(7.34655392076178E-16,0.1143,-3.22658566531686E-16));
#4769=CARTESIAN_POINT('',(-0.016981254848413,0.1343,-0.0381405228565782));
#4770=CARTESIAN_POINT('',(-0.0146425191507268,0.1343,-0.0328876364751324));
#4771=CARTESIAN_POINT('',(-0.0146425191507268,0.1143,-0.0328876364751324));
#4772=CARTESIAN_POINT('',(-0.0146425191507268,0.1423,-0.0328876364751324));
#4773=CARTESIAN_POINT('',(-0.016981254848413,0.1423,-0.0381405228565782));
#4774=CARTESIAN_POINT('',(-0.016981254848413,0.1143,-0.0381405228565782));
#4775=CARTESIAN_POINT('',(1.30971622436249E-16,0.1343,3.67761376907083E-16));
#4776=CARTESIAN_POINT('',(-0.0211602690825291,0.1343,-0.0291246117974959));
#4777=CARTESIAN_POINT('',(-0.0211602690825291,0.1143,-0.0291246117974959));
#4778=CARTESIAN_POINT('',(-0.0211602690825291,0.1423,-0.0291246117974959));
#4779=CARTESIAN_POINT('',(1.30971622436249E-16,0.1423,3.67761376907083E-16));
#4780=CARTESIAN_POINT('',(1.30971622436249E-16,0.1143,3.67761376907083E-16));
#4781=CARTESIAN_POINT('',(-0.0245400342832111,0.1343,-0.0337764595151521));
#4782=CARTESIAN_POINT('',(-0.0279197994838929,0.1343,-0.0384283072328081));
#4783=CARTESIAN_POINT('',(-0.0279197994838929,0.1143,-0.0384283072328081));
#4784=CARTESIAN_POINT('',(-0.0279197994838929,0.1423,-0.0384283072328081));
#4785=CARTESIAN_POINT('',(-0.0245400342832111,0.1423,-0.0337764595151521));
#4786=CARTESIAN_POINT('',(-0.0245400342832111,0.1143,-0.0337764595151521));
#4787=CARTESIAN_POINT('',(7.11236625150491E-17,0.1343,1.7347234759768E-17));
#4788=CARTESIAN_POINT('',(-0.0352993792101743,0.1343,-0.0317837038020459));
#4789=CARTESIAN_POINT('',(-0.0352993792101743,0.1143,-0.0317837038020459));
#4790=CARTESIAN_POINT('',(-0.0352993792101743,0.1423,-0.0317837038020459));
#4791=CARTESIAN_POINT('',(7.11236625150491E-17,0.1423,1.7347234759768E-17));
#4792=CARTESIAN_POINT('',(7.11236625150491E-17,0.1143,1.7347234759768E-17));
#4793=CARTESIAN_POINT('',(-0.0310262964636792,0.1343,-0.0279362028154824));
#4794=CARTESIAN_POINT('',(-0.0267532137171842,0.1343,-0.0240887018289189));
#4795=CARTESIAN_POINT('',(-0.0267532137171842,0.1143,-0.0240887018289189));
#4796=CARTESIAN_POINT('',(-0.0267532137171842,0.1423,-0.0240887018289189));
#4797=CARTESIAN_POINT('',(-0.0310262964636792,0.1423,-0.0279362028154824));
#4798=CARTESIAN_POINT('',(-0.0310262964636792,0.1143,-0.0279362028154824));
#4799=CARTESIAN_POINT('',(1.56125112837912E-16,0.1343,1.05818132034585E-16));
#4800=CARTESIAN_POINT('',(-0.0311769145362389,0.1343,-0.0179999999999979));
#4801=CARTESIAN_POINT('',(-0.0311769145362389,0.1143,-0.0179999999999979));
#4802=CARTESIAN_POINT('',(-0.0311769145362389,0.1423,-0.0179999999999979));
#4803=CARTESIAN_POINT('',(1.56125112837912E-16,0.1423,1.05818132034585E-16));
#4804=CARTESIAN_POINT('',(1.56125112837912E-16,0.1143,1.05818132034585E-16));
#4805=CARTESIAN_POINT('',(-0.0361565606079986,0.1343,-0.0208749999999974));
#4806=CARTESIAN_POINT('',(-0.0411362066797583,0.1343,-0.023749999999997));
#4807=CARTESIAN_POINT('',(-0.0411362066797583,0.1143,-0.023749999999997));
#4808=CARTESIAN_POINT('',(-0.0411362066797583,0.1423,-0.023749999999997));
#4809=CARTESIAN_POINT('',(-0.0361565606079986,0.1423,-0.0208749999999974));
#4810=CARTESIAN_POINT('',(-0.0361565606079986,0.1143,-0.0208749999999974));
#4811=CARTESIAN_POINT('',(9.15933995315754E-16,0.1343,-1.48318857196017E-16));
#4812=CARTESIAN_POINT('',(-0.0451751845240157,0.1343,-0.0146783072328101));
#4813=CARTESIAN_POINT('',(-0.0451751845240157,0.1143,-0.0146783072328101));
#4814=CARTESIAN_POINT('',(-0.0451751845240157,0.1423,-0.0146783072328101));
#4815=CARTESIAN_POINT('',(9.15933995315754E-16,0.1423,-1.48318857196017E-16));
#4816=CARTESIAN_POINT('',(9.15933995315754E-16,0.1143,-1.48318857196017E-16));
#4817=CARTESIAN_POINT('',(-0.0397066095553189,0.1343,-0.0129014595151543));
#4818=CARTESIAN_POINT('',(-0.0342380345866222,0.1343,-0.0111246117974984));
#4819=CARTESIAN_POINT('',(-0.0342380345866222,0.1143,-0.0111246117974984));
#4820=CARTESIAN_POINT('',(-0.0342380345866222,0.1423,-0.0111246117974984));
#4821=CARTESIAN_POINT('',(-0.0397066095553189,0.1423,-0.0129014595151543));
#4822=CARTESIAN_POINT('',(-0.0397066095553189,0.1143,-0.0129014595151543));
#4823=CARTESIAN_POINT('',(9.5062846483529E-16,0.1343,-2.87747256577653E-16));
#4824=CARTESIAN_POINT('',(-0.0358027882332548,0.1343,-0.00376302467763383));
#4825=CARTESIAN_POINT('',(-0.0358027882332548,0.1143,-0.00376302467763383));
#4826=CARTESIAN_POINT('',(-0.0358027882332548,0.1423,-0.00376302467763383));
#4827=CARTESIAN_POINT('',(9.5062846483529E-16,0.1423,-2.87747256577653E-16));
#4828=CARTESIAN_POINT('',(9.5062846483529E-16,0.1143,-2.87747256577653E-16));
#4829=CARTESIAN_POINT('',(-0.041521289131623,0.1343,-0.00436406334142289));
#4830=CARTESIAN_POINT('',(-0.0472397900299916,0.1343,-0.00496510200521201));
#4831=CARTESIAN_POINT('',(-0.0472397900299916,0.1143,-0.00496510200521201));
#4832=CARTESIAN_POINT('',(-0.0472397900299916,0.1423,-0.00496510200521201));
#4833=CARTESIAN_POINT('',(-0.041521289131623,0.1423,-0.00436406334142289));
#4834=CARTESIAN_POINT('',(-0.041521289131623,0.1143,-0.00436406334142289));
#4835=CARTESIAN_POINT('',(-5.89805981832114E-17,0.1343,1.25767452008318E-17));
#4836=CARTESIAN_POINT('',(-0.0472397900299911,0.1343,0.00496510200521198));
#4837=CARTESIAN_POINT('',(-0.0472397900299911,0.1143,0.00496510200521198));
#4838=CARTESIAN_POINT('',(-0.0472397900299911,0.1423,0.00496510200521198));
#4839=CARTESIAN_POINT('',(-5.89805981832114E-17,0.1423,1.25767452008318E-17));
#4840=CARTESIAN_POINT('',(-5.89805981832114E-17,0.1143,1.25767452008318E-17));
#4841=CARTESIAN_POINT('',(-0.0415212891316228,0.1343,0.00436406334142289));
#4842=CARTESIAN_POINT('',(-0.0358027882332543,0.1343,0.00376302467763379));
#4843=CARTESIAN_POINT('',(-0.0358027882332543,0.1143,0.00376302467763379));
#4844=CARTESIAN_POINT('',(-0.0358027882332543,0.1423,0.00376302467763379));
#4845=CARTESIAN_POINT('',(-0.0415212891316228,0.1423,0.00436406334142289));
#4846=CARTESIAN_POINT('',(-0.0415212891316228,0.1143,0.00436406334142289));
#4847=CARTESIAN_POINT('',(1.7347234759768E-16,0.1343,-1.75423911508154E-16));
#4848=CARTESIAN_POINT('',(-0.0342380345866216,0.1343,0.0111246117974983));
#4849=CARTESIAN_POINT('',(-0.0342380345866216,0.1143,0.0111246117974983));
#4850=CARTESIAN_POINT('',(-0.0342380345866216,0.1423,0.0111246117974983));
#4851=CARTESIAN_POINT('',(1.7347234759768E-16,0.1423,-1.75423911508154E-16));
#4852=CARTESIAN_POINT('',(1.7347234759768E-16,0.1143,-1.75423911508154E-16));
#4853=CARTESIAN_POINT('',(-0.0397066095553204,0.1343,0.0129014595151548));
#4854=CARTESIAN_POINT('',(-0.0451751845240192,0.1343,0.0146783072328112));
#4855=CARTESIAN_POINT('',(-0.0451751845240192,0.1143,0.0146783072328112));
#4856=CARTESIAN_POINT('',(-0.0451751845240192,0.1423,0.0146783072328112));
#4857=CARTESIAN_POINT('',(-0.0397066095553204,0.1423,0.0129014595151548));
#4858=CARTESIAN_POINT('',(-0.0397066095553204,0.1143,0.0129014595151548));
#4859=CARTESIAN_POINT('',(9.57567358739197E-16,0.1343,-3.97251675998689E-16));
#4860=CARTESIAN_POINT('',(-0.0411362066797614,0.1343,0.0237499999999987));
#4861=CARTESIAN_POINT('',(-0.0411362066797614,0.1143,0.0237499999999987));
#4862=CARTESIAN_POINT('',(-0.0411362066797614,0.1423,0.0237499999999987));
#4863=CARTESIAN_POINT('',(9.57567358739197E-16,0.1423,-3.97251675998689E-16));
#4864=CARTESIAN_POINT('',(9.57567358739197E-16,0.1143,-3.97251675998689E-16));
#4865=CARTESIAN_POINT('',(-0.0361565606079996,0.1343,0.020874999999998));
#4866=CARTESIAN_POINT('',(-0.0311769145362387,0.1343,0.0179999999999978));
#4867=CARTESIAN_POINT('',(-0.0311769145362387,0.1143,0.0179999999999978));
#4868=CARTESIAN_POINT('',(-0.0311769145362387,0.1423,0.0179999999999978));
#4869=CARTESIAN_POINT('',(-0.0361565606079996,0.1423,0.020874999999998));
#4870=CARTESIAN_POINT('',(-0.0361565606079996,0.1143,0.020874999999998));
#4871=CARTESIAN_POINT('',(1.61329283265843E-16,0.1343,-5.89805981832114E-17));
#4872=CARTESIAN_POINT('',(-0.0267532137171831,0.1343,0.0240887018289179));
#4873=CARTESIAN_POINT('',(-0.0267532137171831,0.1143,0.0240887018289179));
#4874=CARTESIAN_POINT('',(-0.0267532137171831,0.1423,0.0240887018289179));
#4875=CARTESIAN_POINT('',(1.61329283265843E-16,0.1423,-5.89805981832114E-17));
#4876=CARTESIAN_POINT('',(1.61329283265843E-16,0.1143,-5.89805981832114E-17));
#4877=CARTESIAN_POINT('',(-0.0310262964636779,0.1343,0.0279362028154812));
#4878=CARTESIAN_POINT('',(-0.0352993792101727,0.1343,0.0317837038020444));
#4879=CARTESIAN_POINT('',(-0.0352993792101727,0.1143,0.0317837038020444));
#4880=CARTESIAN_POINT('',(-0.0352993792101727,0.1423,0.0317837038020444));
#4881=CARTESIAN_POINT('',(-0.0310262964636779,0.1423,0.0279362028154812));
#4882=CARTESIAN_POINT('',(-0.0310262964636779,0.1143,0.0279362028154812));
#4883=CARTESIAN_POINT('',(9.59302082215174E-16,0.1343,-5.41233724504764E-16));
#4884=CARTESIAN_POINT('',(-0.0279197994838916,0.1343,0.0384283072328064));
#4885=CARTESIAN_POINT('',(-0.0279197994838916,0.1143,0.0384283072328064));
#4886=CARTESIAN_POINT('',(-0.0279197994838916,0.1423,0.0384283072328064));
#4887=CARTESIAN_POINT('',(9.59302082215174E-16,0.1423,-5.41233724504764E-16));
#4888=CARTESIAN_POINT('',(9.59302082215174E-16,0.1143,-5.41233724504764E-16));
#4889=CARTESIAN_POINT('',(-0.0245400342832105,0.1343,0.0337764595151514));
#4890=CARTESIAN_POINT('',(-0.0211602690825292,0.1343,0.029124611797496));
#4891=CARTESIAN_POINT('',(-0.0211602690825292,0.1143,0.029124611797496));
#4892=CARTESIAN_POINT('',(-0.0211602690825292,0.1423,0.029124611797496));
#4893=CARTESIAN_POINT('',(-0.0245400342832105,0.1423,0.0337764595151514));
#4894=CARTESIAN_POINT('',(-0.0245400342832105,0.1143,0.0337764595151514));
#4895=CARTESIAN_POINT('',(4.28476698566272E-16,0.1343,-7.40726924242097E-16));
#4896=CARTESIAN_POINT('',(-0.0146425191507271,0.1343,0.0328876364751332));
#4897=CARTESIAN_POINT('',(-0.0146425191507271,0.1143,0.0328876364751332));
#4898=CARTESIAN_POINT('',(-0.0146425191507271,0.1423,0.0328876364751332));
#4899=CARTESIAN_POINT('',(4.28476698566272E-16,0.1423,-7.40726924242097E-16));
#4900=CARTESIAN_POINT('',(4.28476698566272E-16,0.1143,-7.40726924242097E-16));
#4901=CARTESIAN_POINT('',(-0.016981254848413,0.1343,0.0381405228565781));
#4902=CARTESIAN_POINT('',(-0.0193199905460987,0.1343,0.0433934092380229));
#4903=CARTESIAN_POINT('',(-0.0193199905460987,0.1143,0.0433934092380229));
#4904=CARTESIAN_POINT('',(-0.0193199905460987,0.1423,0.0433934092380229));
#4905=CARTESIAN_POINT('',(-0.016981254848413,0.1423,0.0381405228565781));
#4906=CARTESIAN_POINT('',(-0.016981254848413,0.1143,0.0381405228565781));
#4907=CARTESIAN_POINT('',(1.30971622436249E-16,0.1343,-3.57353036051223E-16));
#4908=CARTESIAN_POINT('',(-0.00987580531384467,0.1343,0.0464620110348544));
#4909=CARTESIAN_POINT('',(-0.00987580531384467,0.1143,0.0464620110348544));
#4910=CARTESIAN_POINT('',(-0.00987580531384467,0.1423,0.0464620110348544));
#4911=CARTESIAN_POINT('',(1.30971622436249E-16,0.1423,-3.57353036051223E-16));
#4912=CARTESIAN_POINT('',(1.30971622436249E-16,0.1143,-3.57353036051223E-16));
#4913=CARTESIAN_POINT('',(-0.00868031309164234,0.1343,0.040837662330634));
#4914=CARTESIAN_POINT('',(-0.00748482086944001,0.1343,0.0352133136264136));
#4915=CARTESIAN_POINT('',(-0.00748482086944001,0.1143,0.0352133136264136));
#4916=CARTESIAN_POINT('',(-0.00748482086944001,0.1423,0.0352133136264136));
#4917=CARTESIAN_POINT('',(-0.00868031309164234,0.1423,0.040837662330634));
#4918=CARTESIAN_POINT('',(-0.00868031309164234,0.1143,0.040837662330634));
#4919=CARTESIAN_POINT('',(7.70524257503244E-16,0.1343,-1.2490009027033E-16));
#4920=CARTESIAN_POINT('',(1.36782946080771E-15,0.1343,0.035999999999997));
#4921=CARTESIAN_POINT('',(1.36782946080771E-15,0.1143,0.035999999999997));
#4922=CARTESIAN_POINT('',(1.36782946080771E-15,0.1423,0.035999999999997));
#4923=CARTESIAN_POINT('',(7.70524257503244E-16,0.1423,-1.2490009027033E-16));
#4924=CARTESIAN_POINT('',(7.70524257503244E-16,0.1143,-1.2490009027033E-16));
#4925=CARTESIAN_POINT('',(1.36782946080771E-15,0.1343,0.0417499999999973));
#4926=CARTESIAN_POINT('',(1.36782946080772E-15,0.1343,0.047499999999998));
#4927=CARTESIAN_POINT('',(1.36782946080772E-15,0.1143,0.047499999999998));
#4928=CARTESIAN_POINT('',(1.36782946080772E-15,0.1423,0.047499999999998));
#4929=CARTESIAN_POINT('',(1.36782946080771E-15,0.1423,0.0417499999999973));
#4930=CARTESIAN_POINT('',(1.36782946080771E-15,0.1143,0.0417499999999973));
#4931=CARTESIAN_POINT('',(-2.01002686498766E-17,0.1343,9.74914593498966E-16));
#4932=CARTESIAN_POINT('',(0.00987580531384178,0.1343,0.046462011034854));
#4933=CARTESIAN_POINT('',(0.00987580531384178,0.1143,0.046462011034854));
#4934=CARTESIAN_POINT('',(0.00987580531384178,0.1423,0.046462011034854));
#4935=CARTESIAN_POINT('',(-2.01002686498766E-17,0.1423,9.74914593498966E-16));
#4936=CARTESIAN_POINT('',(-2.01002686498766E-17,0.1143,9.74914593498966E-16));
#4937=CARTESIAN_POINT('',(0.00868031309163966,0.1343,0.0408376623306346));
#4938=CARTESIAN_POINT('',(0.00748482086943754,0.1343,0.0352133136264151));
#4939=CARTESIAN_POINT('',(0.00748482086943754,0.1143,0.0352133136264151));
#4940=CARTESIAN_POINT('',(0.00748482086943754,0.1423,0.0352133136264151));
#4941=CARTESIAN_POINT('',(0.00868031309163966,0.1423,0.0408376623306346));
#4942=CARTESIAN_POINT('',(0.00868031309163966,0.1143,0.0408376623306346));
#4943=CARTESIAN_POINT('',(1.15792792021452E-16,0.1343,4.92661467177413E-16));
#4944=CARTESIAN_POINT('',(0.0146425191507292,0.1343,0.0328876364751312));
#4945=CARTESIAN_POINT('',(0.0146425191507292,0.1143,0.0328876364751312));
#4946=CARTESIAN_POINT('',(0.0146425191507292,0.1423,0.0328876364751312));
#4947=CARTESIAN_POINT('',(1.15792792021452E-16,0.1423,4.92661467177413E-16));
#4948=CARTESIAN_POINT('',(1.15792792021452E-16,0.1143,4.92661467177413E-16));
#4949=CARTESIAN_POINT('',(0.0169812548484153,0.1343,0.0381405228565765));
#4950=CARTESIAN_POINT('',(0.0193199905461015,0.1343,0.0433934092380224));
#4951=CARTESIAN_POINT('',(0.0193199905461015,0.1143,0.0433934092380224));
#4952=CARTESIAN_POINT('',(0.0193199905461015,0.1423,0.0433934092380224));
#4953=CARTESIAN_POINT('',(0.0169812548484153,0.1423,0.0381405228565765));
#4954=CARTESIAN_POINT('',(0.0169812548484153,0.1143,0.0381405228565765));
#4955=CARTESIAN_POINT('',(4.38885039422132E-16,0.1343,8.77770078844264E-16));
#4956=CARTESIAN_POINT('',(4.38885039422132E-16,0.1423,8.77770078844264E-16));
#4957=CARTESIAN_POINT('',(4.38885039422132E-16,0.1143,8.77770078844264E-16));
#4958=CARTESIAN_POINT('',(0.,0.1423,0.));
#4959=CARTESIAN_POINT('',(0.,0.1423,3.30654635769785E-18));
#4960=CARTESIAN_POINT('',(0.,0.1423,0.054));
#4961=CARTESIAN_POINT('',(0.,0.1523,3.30654635769785E-18));
#4962=CARTESIAN_POINT('',(0.,0.1523,3.30654635769785E-18));
#4963=CARTESIAN_POINT('',(0.,0.1523,0.054));
#4964=CARTESIAN_POINT('',(0.,0.1523,0.));
#4965=CARTESIAN_POINT('',(0.,0.1523,2.75545529808154E-18));
#4966=CARTESIAN_POINT('',(0.,0.1523,0.045));
#4967=CARTESIAN_POINT('',(0.,0.1578,2.75545529808154E-18));
#4968=CARTESIAN_POINT('',(0.,0.1633,2.75545529808154E-18));
#4969=CARTESIAN_POINT('',(0.,0.1633,0.045));
#4970=CARTESIAN_POINT('',(0.,0.1633,3.30654635769785E-18));
#4971=CARTESIAN_POINT('',(0.,0.1633,3.30654635769785E-18));
#4972=CARTESIAN_POINT('',(0.,0.1633,0.054));
#4973=CARTESIAN_POINT('',(0.,0.1633,0.));
#4974=CARTESIAN_POINT('',(0.0184705049397862,0.1523,0.00997401738847427));
#4975=CARTESIAN_POINT('',(0.012915937414887,0.1523,0.00762748718089528));
#4976=CARTESIAN_POINT('',(0.012915937414887,0.1523,0.00762748718089528));
#4977=CARTESIAN_POINT('',(0.012915937414887,0.1583,0.00762748718089528));
#4978=CARTESIAN_POINT('',(0.0184705049397862,0.1583,0.00997401738847427));
#4979=CARTESIAN_POINT('',(0.0240250724646855,0.1583,0.0123205475960533));
#4980=CARTESIAN_POINT('',(0.0240250724646855,0.1523,0.0123205475960533));
#4981=CARTESIAN_POINT('',(0.0240250724646855,0.1523,0.0123205475960533));
#4982=CARTESIAN_POINT('',(0.0184705049397862,0.1523,0.00997401738847427));
#4983=CARTESIAN_POINT('',(1.21430643318376E-17,0.1523,-1.7347234759768E-18));
#4984=CARTESIAN_POINT('',(1.21430643318376E-17,0.1563,-1.7347234759768E-18));
#4985=CARTESIAN_POINT('',(1.21430643318376E-17,0.1563,-1.7347234759768E-18));
#4986=CARTESIAN_POINT('',(0.0123205475960532,0.1583,0.0240250724646855));
#4987=CARTESIAN_POINT('',(0.0123205475960532,0.1523,0.0240250724646855));
#4988=CARTESIAN_POINT('',(0.0123205475960532,0.1523,0.0240250724646855));
#4989=CARTESIAN_POINT('',(1.21430643318376E-17,0.1523,-1.7347234759768E-18));
#4990=CARTESIAN_POINT('',(-0.0184705049397863,0.1523,0.00997401738847427));
#4991=CARTESIAN_POINT('',(-0.012915937414887,0.1583,0.00762748718089529));
#4992=CARTESIAN_POINT('',(-0.0184705049397863,0.1523,0.00997401738847427));
#4993=CARTESIAN_POINT('',(8.67361737988404E-18,0.1523,0.));
#4994=CARTESIAN_POINT('',(-0.0240250724646855,0.1523,-0.0123205475960532));
#4995=CARTESIAN_POINT('',(-0.0240250724646855,0.1523,-0.0123205475960532));
#4996=CARTESIAN_POINT('',(-0.0240250724646855,0.1583,-0.0123205475960532));
#4997=CARTESIAN_POINT('',(8.67361737988404E-18,0.1563,0.));
#4998=CARTESIAN_POINT('',(-0.0212972295621445,0.1633,-0.0165960240111093));
#4999=CARTESIAN_POINT('',(8.67361737988404E-18,0.1633,0.));
#5000=CARTESIAN_POINT('',(-0.0165960240111093,0.1633,-0.0212972295621445));
#5001=CARTESIAN_POINT('',(8.67361737988404E-18,0.1563,0.));
#5002=CARTESIAN_POINT('',(-0.0123205475960533,0.1583,-0.0240250724646855));
#5003=CARTESIAN_POINT('',(-0.0123205475960533,0.1523,-0.0240250724646855));
#5004=CARTESIAN_POINT('',(-0.0123205475960533,0.1523,-0.0240250724646855));
#5005=CARTESIAN_POINT('',(8.67361737988404E-18,0.1523,0.));
#5006=CARTESIAN_POINT('',(0.0184705049397862,0.1523,-0.00997401738847426));
#5007=CARTESIAN_POINT('',(0.012915937414887,0.1583,-0.00762748718089527));
#5008=CARTESIAN_POINT('',(0.0184705049397862,0.1523,-0.00997401738847426));
#5009=CARTESIAN_POINT('',(-7.80625564189563E-18,0.1523,1.7347234759768E-18));
#5010=CARTESIAN_POINT('',(-0.00762748718089529,0.1523,-0.012915937414887));
#5011=CARTESIAN_POINT('',(-0.00762748718089529,0.1523,-0.012915937414887));
#5012=CARTESIAN_POINT('',(-0.00762748718089529,0.1583,-0.012915937414887));
#5013=CARTESIAN_POINT('',(-7.80625564189563E-18,0.1583,1.7347234759768E-18));
#5014=CARTESIAN_POINT('',(-0.012915937414887,0.1583,-0.00762748718089527));
#5015=CARTESIAN_POINT('',(-0.012915937414887,0.1523,-0.00762748718089527));
#5016=CARTESIAN_POINT('',(-0.012915937414887,0.1523,-0.00762748718089527));
#5017=CARTESIAN_POINT('',(-7.80625564189563E-18,0.1523,1.7347234759768E-18));
#5018=CARTESIAN_POINT('',(-1.21430643318376E-17,0.1523,4.33680868994202E-18));
#5019=CARTESIAN_POINT('',(0.00762748718089527,0.1523,0.012915937414887));
#5020=CARTESIAN_POINT('',(0.00762748718089527,0.1523,0.012915937414887));
#5021=CARTESIAN_POINT('',(0.00762748718089527,0.1583,0.012915937414887));
#5022=CARTESIAN_POINT('',(-1.21430643318376E-17,0.1583,4.33680868994202E-18));
#5023=CARTESIAN_POINT('',(-1.21430643318376E-17,0.1523,4.33680868994202E-18));
#5024=CARTESIAN_POINT('',(-0.0184705049397863,0.1523,-0.00997401738847426));
#5025=CARTESIAN_POINT('',(-0.0184705049397863,0.1583,-0.00997401738847426));
#5026=CARTESIAN_POINT('',(-0.0184705049397863,0.1523,-0.00997401738847426));
#5027=CARTESIAN_POINT('',(-0.00013010498500346,0.1523,-5.20417042793042E-16));
#5028=CARTESIAN_POINT('',(0.,0.1523,4.28626379701574E-19));
#5029=CARTESIAN_POINT('',(0.,0.1523,0.007));
#5030=CARTESIAN_POINT('',(0.00997401738847425,0.1523,0.0184705049397863));
#5031=CARTESIAN_POINT('',(-0.00997401738847427,0.1523,-0.0184705049397862));
#5032=CARTESIAN_POINT('',(-0.00756312493999766,0.1523,0.0355817053144636));
#5033=CARTESIAN_POINT('',(-0.00860475292574575,0.1523,0.0404821796990895));
#5034=CARTESIAN_POINT('',(4.77048955893622E-16,0.1523,1.11716191852906E-15));
#5035=CARTESIAN_POINT('',(5.13478148889135E-16,0.1523,0.0413865756749999));
#5036=CARTESIAN_POINT('',(5.13478148889135E-16,0.1523,0.0363766217774995));
#5037=CARTESIAN_POINT('',(0.00756312493999856,0.1523,0.035581705314463));
#5038=CARTESIAN_POINT('',(0.00860475292574693,0.1523,0.0404821796990902));
#5039=CARTESIAN_POINT('',(3.80771802976909E-16,0.1523,3.40005801291454E-16));
#5040=CARTESIAN_POINT('',(0.0168334368584529,0.1523,0.0378085182152793));
#5041=CARTESIAN_POINT('',(0.0147957050282191,0.1523,0.0332316975892192));
#5042=CARTESIAN_POINT('',(0.0213816418090358,0.1523,0.0294293052159475));
#5043=CARTESIAN_POINT('',(0.0243264188246509,0.1523,0.033482443060059));
#5044=CARTESIAN_POINT('',(4.00721122950643E-16,0.1523,1.04603825601401E-15));
#5045=CARTESIAN_POINT('',(0.030756219557104,0.1523,0.027693024476529));
#5046=CARTESIAN_POINT('',(0.0270330982422967,0.1523,0.024340710987265));
#5047=CARTESIAN_POINT('',(0.0315030785631735,0.1523,0.0181883108887506));
#5048=CARTESIAN_POINT('',(0.0358418259101985,0.1523,0.0206932878375013));
#5049=CARTESIAN_POINT('',(-3.81639164714898E-16,0.1523,3.66894015169095E-16));
#5050=CARTESIAN_POINT('',(0.0393609724828527,0.1523,0.0127891552225609));
#5051=CARTESIAN_POINT('',(0.0345962231822956,0.1523,0.0112409943271979));
#5052=CARTESIAN_POINT('',(0.0361773468372533,0.1523,0.00380239237327136));
#5053=CARTESIAN_POINT('',(0.0411598556831039,0.1523,0.00432607515521891));
#5054=CARTESIAN_POINT('',(1.34267597040605E-15,0.1523,7.45931094670027E-16));
#5055=CARTESIAN_POINT('',(0.0411598556831034,0.1523,-0.00432607515521737));
#5056=CARTESIAN_POINT('',(0.0361773468372531,0.1523,-0.00380239237326981));
#5057=CARTESIAN_POINT('',(0.0345962231822933,0.1523,-0.0112409943271959));
#5058=CARTESIAN_POINT('',(0.0393609724828487,0.1523,-0.0127891552225583));
#5059=CARTESIAN_POINT('',(-9.124645483638E-16,0.1523,4.6750797677575E-16));
#5060=CARTESIAN_POINT('',(0.0358418259101949,0.1523,-0.0206932878374981));
#5061=CARTESIAN_POINT('',(0.0315030785631721,0.1523,-0.0181883108887488));
#5062=CARTESIAN_POINT('',(0.0270330982422984,0.1523,-0.024340710987265));
#5063=CARTESIAN_POINT('',(0.0307562195571054,0.1523,-0.0276930244765288));
#5064=CARTESIAN_POINT('',(5.18682319317065E-16,0.1523,6.86950496486816E-16));
#5065=CARTESIAN_POINT('',(0.0243264188246523,0.1523,-0.0334824430600597));
#5066=CARTESIAN_POINT('',(0.0213816418090365,0.1523,-0.0294293052159469));
#5067=CARTESIAN_POINT('',(0.0147957050282191,0.1523,-0.0332316975892177));
#5068=CARTESIAN_POINT('',(0.0168334368584529,0.1523,-0.0378085182152779));
#5069=CARTESIAN_POINT('',(-1.28369537222284E-16,0.1523,4.44089209850063E-16));
#5070=CARTESIAN_POINT('',(0.00860475292574711,0.1523,-0.0404821796990894));
#5071=CARTESIAN_POINT('',(0.00756312493999882,0.1523,-0.0355817053144626));
#5072=CARTESIAN_POINT('',(5.40844236918906E-16,0.1523,-0.0363766217774997));
#5073=CARTESIAN_POINT('',(5.41874738115793E-16,0.1523,-0.0413865756749996));
#5074=CARTESIAN_POINT('',(-5.44499293873305E-17,0.1523,5.34294830600857E-16));
#5075=CARTESIAN_POINT('',(-0.00860475292574598,0.1523,-0.0404821796990892));
#5076=CARTESIAN_POINT('',(-0.0075631249399977,0.1523,-0.0355817053144624));
#5077=CARTESIAN_POINT('',(-0.014795705028218,0.1523,-0.0332316975892175));
#5078=CARTESIAN_POINT('',(-0.0168334368584515,0.1523,-0.0378085182152771));
#5079=CARTESIAN_POINT('',(2.94902990916057E-16,0.1523,1.80411241501588E-16));
#5080=CARTESIAN_POINT('',(-0.024326418824651,0.1523,-0.0334824430600594));
#5081=CARTESIAN_POINT('',(-0.0213816418090354,0.1523,-0.0294293052159469));
#5082=CARTESIAN_POINT('',(-0.0270330982422972,0.1523,-0.0243407109872649));
#5083=CARTESIAN_POINT('',(-0.0307562195571044,0.1523,-0.0276930244765288));
#5084=CARTESIAN_POINT('',(-1.38777878078145E-16,0.1523,2.35922392732846E-16));
#5085=CARTESIAN_POINT('',(-0.0358418259101969,0.1523,-0.0206932878374994));
#5086=CARTESIAN_POINT('',(-0.031503078563173,0.1523,-0.0181883108887494));
#5087=CARTESIAN_POINT('',(-0.0345962231822954,0.1523,-0.0112409943271967));
#5088=CARTESIAN_POINT('',(-0.0393609724828507,0.1523,-0.0127891552225591));
#5089=CARTESIAN_POINT('',(2.35922392732846E-16,0.1523,7.33354349469195E-16));
#5090=CARTESIAN_POINT('',(-0.0411598556831034,0.1523,-0.00432607515521752));
#5091=CARTESIAN_POINT('',(-0.0361773468372538,0.1523,-0.00380239237327003));
#5092=CARTESIAN_POINT('',(-0.0361773468372528,0.1523,0.00380239237327139));
#5093=CARTESIAN_POINT('',(-0.0411598556831015,0.1523,0.00432607515521876));
#5094=CARTESIAN_POINT('',(1.12410081243297E-15,0.1523,-5.61183044478497E-16));
#5095=CARTESIAN_POINT('',(-0.0393609724828492,0.1523,0.0127891552225594));
#5096=CARTESIAN_POINT('',(-0.0345962231822936,0.1523,0.0112409943271969));
#5097=CARTESIAN_POINT('',(-0.0315030785631713,0.1523,0.0181883108887496));
#5098=CARTESIAN_POINT('',(-0.0358418259101952,0.1523,0.0206932878374997));
#5099=CARTESIAN_POINT('',(1.2941037130787E-15,0.1523,7.11236625150491E-17));
#5100=CARTESIAN_POINT('',(-0.0307562195571031,0.1523,0.027693024476529));
#5101=CARTESIAN_POINT('',(-0.027033098242296,0.1523,0.0243407109872653));
#5102=CARTESIAN_POINT('',(-0.0213816418090347,0.1523,0.0294293052159473));
#5103=CARTESIAN_POINT('',(-0.0243264188246505,0.1523,0.03348244306006));
#5104=CARTESIAN_POINT('',(2.65412691824451E-16,0.1523,1.26634813746307E-15));
#5105=CARTESIAN_POINT('',(-0.0168334368584511,0.1523,0.0378085182152777));
#5106=CARTESIAN_POINT('',(-0.0147957050282177,0.1523,0.0332316975892182));
#5107=CARTESIAN_POINT('',(0.00997401738847426,0.1523,-0.0184705049397863));
#5108=CARTESIAN_POINT('',(-0.00997401738847429,0.1523,0.0184705049397863));
#5109=CARTESIAN_POINT('',(0.,0.1633,6.93889390390723E-18));
#5110=CARTESIAN_POINT('',(0.0027240538568664,0.1633,-0.00644821917934643));
#5111=CARTESIAN_POINT('',(-0.014534138658099,0.1633,-0.0137389524152008));
#5112=CARTESIAN_POINT('',(-7.80625564189563E-18,0.1633,1.7347234759768E-18));
#5113=CARTESIAN_POINT('',(-0.0137389524152008,0.1633,-0.014534138658099));
#5114=CARTESIAN_POINT('',(-0.0169264184384436,0.1633,-0.0220793197097808));
#5115=CARTESIAN_POINT('',(0.,0.1633,6.93889390390723E-18));
#5116=CARTESIAN_POINT('',(-1.21430643318376E-17,0.1633,4.33680868994202E-18));
#5117=CARTESIAN_POINT('',(-0.0137389524152008,0.1633,0.014534138658099));
#5118=CARTESIAN_POINT('',(-0.014534138658099,0.1633,0.0137389524152008));
#5119=CARTESIAN_POINT('',(-0.0220793197097808,0.1633,0.0169264184384436));
#5120=CARTESIAN_POINT('',(-0.0122333580232856,0.1633,0.0109701846599824));
#5121=CARTESIAN_POINT('',(-0.0147957050282177,0.1773,0.0332316975892182));
#5122=CARTESIAN_POINT('',(-0.0168334368584511,0.1773,0.0378085182152777));
#5123=CARTESIAN_POINT('',(-0.0213816418090347,0.1773,0.0294293052159473));
#5124=CARTESIAN_POINT('',(-0.0243264188246505,0.1773,0.03348244306006));
#5125=CARTESIAN_POINT('',(2.65412691824451E-16,0.1773,1.26634813746307E-15));
#5126=CARTESIAN_POINT('',(-0.027033098242296,0.1773,0.0243407109872653));
#5127=CARTESIAN_POINT('',(-0.0307562195571031,0.1773,0.027693024476529));
#5128=CARTESIAN_POINT('',(-0.0315030785631713,0.1773,0.0181883108887496));
#5129=CARTESIAN_POINT('',(-0.0358418259101952,0.1773,0.0206932878374997));
#5130=CARTESIAN_POINT('',(1.2941037130787E-15,0.1773,7.11236625150491E-17));
#5131=CARTESIAN_POINT('',(-0.0345962231822936,0.1773,0.0112409943271969));
#5132=CARTESIAN_POINT('',(-0.0393609724828492,0.1773,0.0127891552225594));
#5133=CARTESIAN_POINT('',(-0.0361773468372528,0.1773,0.00380239237327139));
#5134=CARTESIAN_POINT('',(-0.0411598556831015,0.1773,0.00432607515521876));
#5135=CARTESIAN_POINT('',(1.12410081243297E-15,0.1773,-5.61183044478497E-16));
#5136=CARTESIAN_POINT('',(-0.0361773468372538,0.1773,-0.00380239237327003));
#5137=CARTESIAN_POINT('',(-0.0411598556831034,0.1773,-0.00432607515521752));
#5138=CARTESIAN_POINT('',(-0.0345962231822954,0.1773,-0.0112409943271967));
#5139=CARTESIAN_POINT('',(-0.0393609724828507,0.1773,-0.0127891552225591));
#5140=CARTESIAN_POINT('',(2.35922392732846E-16,0.1773,7.33354349469195E-16));
#5141=CARTESIAN_POINT('',(-0.031503078563173,0.1773,-0.0181883108887494));
#5142=CARTESIAN_POINT('',(-0.0358418259101969,0.1773,-0.0206932878374994));
#5143=CARTESIAN_POINT('',(-0.0270330982422972,0.1773,-0.0243407109872649));
#5144=CARTESIAN_POINT('',(-0.0307562195571044,0.1773,-0.0276930244765288));
#5145=CARTESIAN_POINT('',(-1.38777878078145E-16,0.1773,2.35922392732846E-16));
#5146=CARTESIAN_POINT('',(-0.0213816418090354,0.1773,-0.0294293052159469));
#5147=CARTESIAN_POINT('',(-0.024326418824651,0.1773,-0.0334824430600594));
#5148=CARTESIAN_POINT('',(-0.014795705028218,0.1773,-0.0332316975892175));
#5149=CARTESIAN_POINT('',(-0.0168334368584515,0.1773,-0.0378085182152771));
#5150=CARTESIAN_POINT('',(2.94902990916057E-16,0.1773,1.80411241501588E-16));
#5151=CARTESIAN_POINT('',(-0.0075631249399977,0.1773,-0.0355817053144624));
#5152=CARTESIAN_POINT('',(-0.00860475292574598,0.1773,-0.0404821796990892));
#5153=CARTESIAN_POINT('',(5.40844236918906E-16,0.1773,-0.0363766217774997));
#5154=CARTESIAN_POINT('',(5.41874738115793E-16,0.1773,-0.0413865756749996));
#5155=CARTESIAN_POINT('',(-5.44499293873305E-17,0.1773,5.34294830600857E-16));
#5156=CARTESIAN_POINT('',(0.00756312493999882,0.1773,-0.0355817053144626));
#5157=CARTESIAN_POINT('',(0.00860475292574711,0.1773,-0.0404821796990894));
#5158=CARTESIAN_POINT('',(0.0147957050282191,0.1773,-0.0332316975892177));
#5159=CARTESIAN_POINT('',(0.0168334368584529,0.1773,-0.0378085182152779));
#5160=CARTESIAN_POINT('',(-1.28369537222284E-16,0.1773,4.44089209850063E-16));
#5161=CARTESIAN_POINT('',(0.0213816418090365,0.1773,-0.0294293052159469));
#5162=CARTESIAN_POINT('',(0.0243264188246523,0.1773,-0.0334824430600597));
#5163=CARTESIAN_POINT('',(0.0270330982422984,0.1773,-0.024340710987265));
#5164=CARTESIAN_POINT('',(0.0307562195571054,0.1773,-0.0276930244765288));
#5165=CARTESIAN_POINT('',(5.18682319317065E-16,0.1773,6.86950496486816E-16));
#5166=CARTESIAN_POINT('',(0.0315030785631721,0.1773,-0.0181883108887488));
#5167=CARTESIAN_POINT('',(0.0358418259101949,0.1773,-0.0206932878374981));
#5168=CARTESIAN_POINT('',(0.0345962231822933,0.1773,-0.0112409943271959));
#5169=CARTESIAN_POINT('',(0.0393609724828487,0.1773,-0.0127891552225583));
#5170=CARTESIAN_POINT('',(-9.124645483638E-16,0.1773,4.6750797677575E-16));
#5171=CARTESIAN_POINT('',(0.0361773468372531,0.1773,-0.00380239237326981));
#5172=CARTESIAN_POINT('',(0.0411598556831034,0.1773,-0.00432607515521737));
#5173=CARTESIAN_POINT('',(0.0361773468372533,0.1773,0.00380239237327136));
#5174=CARTESIAN_POINT('',(0.0411598556831039,0.1773,0.00432607515521891));
#5175=CARTESIAN_POINT('',(1.34267597040605E-15,0.1773,7.45931094670027E-16));
#5176=CARTESIAN_POINT('',(0.0345962231822956,0.1773,0.0112409943271979));
#5177=CARTESIAN_POINT('',(0.0393609724828527,0.1773,0.0127891552225609));
#5178=CARTESIAN_POINT('',(0.0315030785631735,0.1773,0.0181883108887506));
#5179=CARTESIAN_POINT('',(0.0358418259101985,0.1773,0.0206932878375013));
#5180=CARTESIAN_POINT('',(-3.81639164714898E-16,0.1773,3.66894015169095E-16));
#5181=CARTESIAN_POINT('',(0.0270330982422967,0.1773,0.024340710987265));
#5182=CARTESIAN_POINT('',(0.030756219557104,0.1773,0.027693024476529));
#5183=CARTESIAN_POINT('',(0.0213816418090358,0.1773,0.0294293052159475));
#5184=CARTESIAN_POINT('',(0.0243264188246509,0.1773,0.033482443060059));
#5185=CARTESIAN_POINT('',(4.00721122950643E-16,0.1773,1.04603825601401E-15));
#5186=CARTESIAN_POINT('',(0.0147957050282191,0.1773,0.0332316975892192));
#5187=CARTESIAN_POINT('',(0.0168334368584529,0.1773,0.0378085182152793));
#5188=CARTESIAN_POINT('',(0.00756312493999856,0.1773,0.035581705314463));
#5189=CARTESIAN_POINT('',(0.00860475292574693,0.1773,0.0404821796990902));
#5190=CARTESIAN_POINT('',(3.80771802976909E-16,0.1773,3.40005801291454E-16));
#5191=CARTESIAN_POINT('',(4.77048955893622E-16,0.1773,1.11716191852906E-15));
#5192=CARTESIAN_POINT('',(5.13478148889135E-16,0.1773,0.0413865756749999));
#5193=CARTESIAN_POINT('',(-0.00860475292574575,0.1773,0.0404821796990895));
#5194=CARTESIAN_POINT('',(5.13478148889135E-16,0.1773,0.0363766217774995));
#5195=CARTESIAN_POINT('',(-0.00756312493999766,0.1773,0.0355817053144636));
#5196=CARTESIAN_POINT('',(0.00997401738847425,0.1523,0.0184705049397863));
#5197=CARTESIAN_POINT('',(0.00762748718089527,0.1583,0.012915937414887));
#5198=CARTESIAN_POINT('',(-0.00997401738847429,0.1523,0.0184705049397863));
#5199=CARTESIAN_POINT('',(-0.0123205475960532,0.1583,0.0240250724646855));
#5200=CARTESIAN_POINT('',(0.00997401738847426,0.1523,-0.0184705049397863));
#5201=CARTESIAN_POINT('',(0.0123205475960532,0.1583,-0.0240250724646855));
#5202=CARTESIAN_POINT('',(-0.00997401738847427,0.1523,-0.0184705049397862));
#5203=CARTESIAN_POINT('',(-0.00762748718089529,0.1583,-0.012915937414887));
#5204=CARTESIAN_POINT('',(0.00644821917934643,0.1633,-0.00272405385686639));
#5205=CARTESIAN_POINT('',(0.0137389524152008,0.1633,0.014534138658099));
#5206=CARTESIAN_POINT('',(0.011705235912758,0.161592718066087,0.0141072468710354));
#5207=CARTESIAN_POINT('',(0.0096687495023178,0.159918153328106,0.0135897249575606));
#5208=CARTESIAN_POINT('',(0.00762748718089526,0.1583,0.012915937414887));
#5209=CARTESIAN_POINT('',(-1.21430643318376E-17,0.1583,4.33680868994202E-18));
#5210=CARTESIAN_POINT('',(0.014534138658099,0.1633,0.0137389524152008));
#5211=CARTESIAN_POINT('',(0.0141072468710354,0.161592718066087,0.0117052359127581));
#5212=CARTESIAN_POINT('',(0.0135897249575606,0.159918153328106,0.00966874950231781));
#5213=CARTESIAN_POINT('',(0.012915937414887,0.1583,0.00762748718089527));
#5214=CARTESIAN_POINT('',(0.0184705049397862,0.1583,0.00997401738847427));
#5215=CARTESIAN_POINT('',(-0.00644821917934645,0.1633,-0.0027240538568664));
#5216=CARTESIAN_POINT('',(-0.00762748718089528,0.1583,0.012915937414887));
#5217=CARTESIAN_POINT('',(-0.00966874950231782,0.159918153328106,0.0135897249575606));
#5218=CARTESIAN_POINT('',(-0.0117052359127581,0.161592718066087,0.0141072468710354));
#5219=CARTESIAN_POINT('',(-0.0137389524152008,0.1633,0.014534138658099));
#5220=CARTESIAN_POINT('',(-1.21430643318376E-17,0.1583,4.33680868994202E-18));
#5221=CARTESIAN_POINT('',(-0.012915937414887,0.1583,0.00762748718089528));
#5222=CARTESIAN_POINT('',(-0.0135897249575606,0.159918153328106,0.00966874950231782));
#5223=CARTESIAN_POINT('',(-0.0141072468710354,0.161592718066087,0.0117052359127581));
#5224=CARTESIAN_POINT('',(-0.014534138658099,0.1633,0.0137389524152008));
#5225=CARTESIAN_POINT('',(0.0027240538568664,0.1633,0.00644821917934644));
#5226=CARTESIAN_POINT('',(-0.00644821917934645,0.1633,0.00272405385686641));
#5227=CARTESIAN_POINT('',(-0.0137389524152008,0.1633,-0.014534138658099));
#5228=CARTESIAN_POINT('',(-0.0117052359127581,0.161592718066087,-0.0141072468710354));
#5229=CARTESIAN_POINT('',(-0.00966874950231782,0.159918153328106,-0.0135897249575606));
#5230=CARTESIAN_POINT('',(-0.00762748718089528,0.1583,-0.012915937414887));
#5231=CARTESIAN_POINT('',(-7.80625564189563E-18,0.1583,1.7347234759768E-18));
#5232=CARTESIAN_POINT('',(-0.014534138658099,0.1633,-0.0137389524152008));
#5233=CARTESIAN_POINT('',(-0.0141072468710354,0.161592718066087,-0.0117052359127581));
#5234=CARTESIAN_POINT('',(-0.0135897249575606,0.159918153328106,-0.0096687495023178));
#5235=CARTESIAN_POINT('',(-0.012915937414887,0.1583,-0.00762748718089526));
#5236=CARTESIAN_POINT('',(-0.0184705049397863,0.1583,-0.00997401738847426));
#5237=CARTESIAN_POINT('',(0.00644821917934643,0.1633,0.00272405385686641));
#5238=CARTESIAN_POINT('',(0.00762748718089527,0.1583,-0.012915937414887));
#5239=CARTESIAN_POINT('',(0.0096687495023178,0.159918153328106,-0.0135897249575606));
#5240=CARTESIAN_POINT('',(0.011705235912758,0.161592718066087,-0.0141072468710354));
#5241=CARTESIAN_POINT('',(0.0137389524152008,0.1633,-0.014534138658099));
#5242=CARTESIAN_POINT('',(-7.80625564189563E-18,0.1583,1.7347234759768E-18));
#5243=CARTESIAN_POINT('',(0.012915937414887,0.1583,-0.00762748718089528));
#5244=CARTESIAN_POINT('',(0.0135897249575606,0.159918153328106,-0.00966874950231781));
#5245=CARTESIAN_POINT('',(0.0141072468710354,0.161592718066087,-0.0117052359127581));
#5246=CARTESIAN_POINT('',(0.014534138658099,0.1633,-0.0137389524152008));
#5247=CARTESIAN_POINT('',(-0.0027240538568664,0.1633,-0.00644821917934644));
#5248=CARTESIAN_POINT('',(0.,0.1593,4.28626379701574E-19));
#5249=CARTESIAN_POINT('',(0.,0.1143,4.28626379701574E-19));
#5250=CARTESIAN_POINT('',(0.,0.1143,-0.007));
#5251=CARTESIAN_POINT('',(0.,0.1143,6.93889390390723E-18));
#5252=MECHANICAL_DESIGN_GEOMETRIC_PRESENTATION_REPRESENTATION('',(#3046,
#24,#25,#26,#27,#28),#5253);
#5253=(
GEOMETRIC_REPRESENTATION_CONTEXT(3)
GLOBAL_UNCERTAINTY_ASSIGNED_CONTEXT((#5254))
GLOBAL_UNIT_ASSIGNED_CONTEXT((#5257,#5256,#5255))
REPRESENTATION_CONTEXT('C1 Clutch','TOP_LEVEL_ASSEMBLY_PART')
);
#5254=UNCERTAINTY_MEASURE_WITH_UNIT(LENGTH_MEASURE(2.E-5),#5257,
'DISTANCE_ACCURACY_VALUE','Maximum Tolerance applied to model');
#5255=(
NAMED_UNIT(*)
SI_UNIT($,.STERADIAN.)
SOLID_ANGLE_UNIT()
);
#5256=(
NAMED_UNIT(*)
PLANE_ANGLE_UNIT()
SI_UNIT($,.RADIAN.)
);
#5257=(
LENGTH_UNIT()
NAMED_UNIT(*)
SI_UNIT($,.METRE.)
);
#5258=PRODUCT_DEFINITION_SHAPE('','',#5259);
#5259=PRODUCT_DEFINITION('','',#5261,#5260);
#5260=PRODUCT_DEFINITION_CONTEXT('',#5267,'design');
#5261=PRODUCT_DEFINITION_FORMATION_WITH_SPECIFIED_SOURCE('','',#5263,
 .NOT_KNOWN.);
#5262=PRODUCT_RELATED_PRODUCT_CATEGORY('','',(#5263));
#5263=PRODUCT('C1 Clutch','C1 Clutch','C1 Clutch',(#5265));
#5264=PRODUCT_CATEGORY('','');
#5265=PRODUCT_CONTEXT('',#5267,'mechanical');
#5266=APPLICATION_PROTOCOL_DEFINITION('international standard',
'ap242_managed_model_based_3d_engineering',2020,#5267);
#5267=APPLICATION_CONTEXT('managed model based 3d engineering');
ENDSEC;
END-ISO-10303-21;
