ISO-10303-21;
HEADER;
/* Generated by software containing ST-Developer
 * from STEP Tools, Inc. (www.steptools.com) 
 */
/* OPTION: using custom renumber hook */

FILE_DESCRIPTION(
/* description */ ('STEP AP242 Edition 2',
'CAx-IF Rec.Pracs.---Representation and Presentation of Product Manufa
cturing Information (PMI)---4.0---2014-10-13',
'CAx-IF Rec.Pracs.---3D Tessellated Geometry---0.4---2014-09-14','2;1',
'CAx-IF Rec.Pracs.---User Defined Attributes---1.5---2016-08-15'),
/* implementation_level */ '2;1');

FILE_NAME(
/* name */ 'Assembly 1 - C2 Male',
/* time_stamp */ '2026-06-22T21:27:50Z',
/* author */ (''),
/* organization */ (''),
/* preprocessor_version */ 'ST-DEVELOPER v20',
/* originating_system */ 'ONSHAPE BY PTC INC, 1.216',
/* authorisation */ '  ');

FILE_SCHEMA (('AP242_MANAGED_MODEL_BASED_3D_ENGINEERING_MIM_LF { 1 0 10303 442 3 1 4 }'));
ENDSEC;

DATA;
#10=SHAPE_REPRESENTATION_RELATIONSHIP('','',#3035,#11);
#11=ADVANCED_BREP_SHAPE_REPRESENTATION('',(#3033),#5169);
#12=OVER_RIDING_STYLED_ITEM('',(#3013),#2919,#3011);
#13=OVER_RIDING_STYLED_ITEM('',(#3014),#2982,#3011);
#14=ELLIPSE('',#3047,0.0212132034355965,0.015);
#15=ELLIPSE('',#3048,0.0212132034355965,0.015);
#16=ELLIPSE('',#3051,0.0282842712474619,0.02);
#17=ELLIPSE('',#3053,0.0282842712474619,0.02);
#18=ELLIPSE('',#3055,0.0212132034355965,0.015);
#19=ELLIPSE('',#3056,0.0212132034355965,0.015);
#20=ELLIPSE('',#3059,0.0282842712474619,0.02);
#21=ELLIPSE('',#3061,0.0282842712474619,0.02);
#22=ELLIPSE('',#3324,0.0212132034355965,0.015);
#23=ELLIPSE('',#3325,0.0212132034355965,0.015);
#24=ELLIPSE('',#3328,0.0282842712474619,0.02);
#25=ELLIPSE('',#3330,0.0282842712474619,0.02);
#26=ELLIPSE('',#3333,0.0212132034355965,0.015);
#27=ELLIPSE('',#3334,0.0212132034355965,0.015);
#28=ELLIPSE('',#3337,0.0282842712474619,0.02);
#29=ELLIPSE('',#3338,0.0282842712474619,0.02);
#30=CYLINDRICAL_SURFACE('',#3046,0.015);
#31=CYLINDRICAL_SURFACE('',#3050,0.02);
#32=CYLINDRICAL_SURFACE('',#3054,0.015);
#33=CYLINDRICAL_SURFACE('',#3058,0.02);
#34=CYLINDRICAL_SURFACE('',#3098,0.037);
#35=CYLINDRICAL_SURFACE('',#3101,0.0485);
#36=CYLINDRICAL_SURFACE('',#3104,0.037);
#37=CYLINDRICAL_SURFACE('',#3107,0.0485000000000013);
#38=CYLINDRICAL_SURFACE('',#3110,0.0370000000000015);
#39=CYLINDRICAL_SURFACE('',#3113,0.0485);
#40=CYLINDRICAL_SURFACE('',#3116,0.037);
#41=CYLINDRICAL_SURFACE('',#3119,0.0485000000000019);
#42=CYLINDRICAL_SURFACE('',#3122,0.037);
#43=CYLINDRICAL_SURFACE('',#3125,0.0485000000000007);
#44=CYLINDRICAL_SURFACE('',#3128,0.037);
#45=CYLINDRICAL_SURFACE('',#3131,0.0485);
#46=CYLINDRICAL_SURFACE('',#3134,0.0370000000000007);
#47=CYLINDRICAL_SURFACE('',#3137,0.0485000000000012);
#48=CYLINDRICAL_SURFACE('',#3140,0.0370000000000007);
#49=CYLINDRICAL_SURFACE('',#3143,0.048500000000006);
#50=CYLINDRICAL_SURFACE('',#3146,0.037);
#51=CYLINDRICAL_SURFACE('',#3149,0.0485000000000014);
#52=CYLINDRICAL_SURFACE('',#3152,0.037);
#53=CYLINDRICAL_SURFACE('',#3155,0.0485);
#54=CYLINDRICAL_SURFACE('',#3158,0.037);
#55=CYLINDRICAL_SURFACE('',#3161,0.0485);
#56=CYLINDRICAL_SURFACE('',#3164,0.0370000000000025);
#57=CYLINDRICAL_SURFACE('',#3167,0.0485);
#58=CYLINDRICAL_SURFACE('',#3170,0.0370000000000007);
#59=CYLINDRICAL_SURFACE('',#3173,0.0485);
#60=CYLINDRICAL_SURFACE('',#3176,0.0370000000000015);
#61=CYLINDRICAL_SURFACE('',#3179,0.0485);
#62=CYLINDRICAL_SURFACE('',#3182,0.037);
#63=CYLINDRICAL_SURFACE('',#3185,0.0485);
#64=CYLINDRICAL_SURFACE('',#3187,0.0539989013198257);
#65=CYLINDRICAL_SURFACE('',#3193,0.045);
#66=CYLINDRICAL_SURFACE('',#3195,0.037);
#67=CYLINDRICAL_SURFACE('',#3199,0.0485);
#68=CYLINDRICAL_SURFACE('',#3203,0.037);
#69=CYLINDRICAL_SURFACE('',#3207,0.0485000000000013);
#70=CYLINDRICAL_SURFACE('',#3211,0.0370000000000015);
#71=CYLINDRICAL_SURFACE('',#3215,0.0485);
#72=CYLINDRICAL_SURFACE('',#3219,0.037);
#73=CYLINDRICAL_SURFACE('',#3223,0.0485000000000019);
#74=CYLINDRICAL_SURFACE('',#3227,0.037);
#75=CYLINDRICAL_SURFACE('',#3231,0.0485000000000007);
#76=CYLINDRICAL_SURFACE('',#3235,0.037);
#77=CYLINDRICAL_SURFACE('',#3239,0.0485);
#78=CYLINDRICAL_SURFACE('',#3243,0.0370000000000007);
#79=CYLINDRICAL_SURFACE('',#3247,0.0485000000000012);
#80=CYLINDRICAL_SURFACE('',#3251,0.0370000000000007);
#81=CYLINDRICAL_SURFACE('',#3255,0.048500000000006);
#82=CYLINDRICAL_SURFACE('',#3259,0.037);
#83=CYLINDRICAL_SURFACE('',#3263,0.0485000000000014);
#84=CYLINDRICAL_SURFACE('',#3267,0.037);
#85=CYLINDRICAL_SURFACE('',#3271,0.0485);
#86=CYLINDRICAL_SURFACE('',#3275,0.037);
#87=CYLINDRICAL_SURFACE('',#3279,0.0485);
#88=CYLINDRICAL_SURFACE('',#3283,0.0370000000000025);
#89=CYLINDRICAL_SURFACE('',#3287,0.0485);
#90=CYLINDRICAL_SURFACE('',#3291,0.0370000000000007);
#91=CYLINDRICAL_SURFACE('',#3295,0.0485);
#92=CYLINDRICAL_SURFACE('',#3299,0.0370000000000015);
#93=CYLINDRICAL_SURFACE('',#3303,0.0485);
#94=CYLINDRICAL_SURFACE('',#3307,0.037);
#95=CYLINDRICAL_SURFACE('',#3311,0.0485);
#96=CYLINDRICAL_SURFACE('',#3314,0.0539989013198257);
#97=CYLINDRICAL_SURFACE('',#3322,0.015);
#98=CYLINDRICAL_SURFACE('',#3327,0.02);
#99=CYLINDRICAL_SURFACE('',#3332,0.015);
#100=CYLINDRICAL_SURFACE('',#3336,0.02);
#101=CYLINDRICAL_SURFACE('',#3353,0.007);
#102=LINE('',#4278,#382);
#103=LINE('',#4282,#383);
#104=LINE('',#4287,#384);
#105=LINE('',#4291,#385);
#106=LINE('',#4296,#386);
#107=LINE('',#4300,#387);
#108=LINE('',#4302,#388);
#109=LINE('',#4308,#389);
#110=LINE('',#4314,#390);
#111=LINE('',#4318,#391);
#112=LINE('',#4322,#392);
#113=LINE('',#4328,#393);
#114=LINE('',#4334,#394);
#115=LINE('',#4338,#395);
#116=LINE('',#4344,#396);
#117=LINE('',#4345,#397);
#118=LINE('',#4346,#398);
#119=LINE('',#4347,#399);
#120=LINE('',#4351,#400);
#121=LINE('',#4355,#401);
#122=LINE('',#4359,#402);
#123=LINE('',#4363,#403);
#124=LINE('',#4367,#404);
#125=LINE('',#4371,#405);
#126=LINE('',#4375,#406);
#127=LINE('',#4379,#407);
#128=LINE('',#4383,#408);
#129=LINE('',#4387,#409);
#130=LINE('',#4391,#410);
#131=LINE('',#4395,#411);
#132=LINE('',#4399,#412);
#133=LINE('',#4403,#413);
#134=LINE('',#4407,#414);
#135=LINE('',#4411,#415);
#136=LINE('',#4415,#416);
#137=LINE('',#4419,#417);
#138=LINE('',#4423,#418);
#139=LINE('',#4427,#419);
#140=LINE('',#4431,#420);
#141=LINE('',#4435,#421);
#142=LINE('',#4439,#422);
#143=LINE('',#4443,#423);
#144=LINE('',#4447,#424);
#145=LINE('',#4451,#425);
#146=LINE('',#4455,#426);
#147=LINE('',#4459,#427);
#148=LINE('',#4463,#428);
#149=LINE('',#4467,#429);
#150=LINE('',#4471,#430);
#151=LINE('',#4475,#431);
#152=LINE('',#4476,#432);
#153=LINE('',#4481,#433);
#154=LINE('',#4485,#434);
#155=LINE('',#4489,#435);
#156=LINE('',#4491,#436);
#157=LINE('',#4493,#437);
#158=LINE('',#4497,#438);
#159=LINE('',#4499,#439);
#160=LINE('',#4501,#440);
#161=LINE('',#4505,#441);
#162=LINE('',#4507,#442);
#163=LINE('',#4509,#443);
#164=LINE('',#4513,#444);
#165=LINE('',#4515,#445);
#166=LINE('',#4517,#446);
#167=LINE('',#4521,#447);
#168=LINE('',#4523,#448);
#169=LINE('',#4525,#449);
#170=LINE('',#4529,#450);
#171=LINE('',#4531,#451);
#172=LINE('',#4533,#452);
#173=LINE('',#4537,#453);
#174=LINE('',#4539,#454);
#175=LINE('',#4541,#455);
#176=LINE('',#4545,#456);
#177=LINE('',#4547,#457);
#178=LINE('',#4549,#458);
#179=LINE('',#4553,#459);
#180=LINE('',#4555,#460);
#181=LINE('',#4557,#461);
#182=LINE('',#4561,#462);
#183=LINE('',#4563,#463);
#184=LINE('',#4565,#464);
#185=LINE('',#4569,#465);
#186=LINE('',#4571,#466);
#187=LINE('',#4573,#467);
#188=LINE('',#4577,#468);
#189=LINE('',#4579,#469);
#190=LINE('',#4581,#470);
#191=LINE('',#4585,#471);
#192=LINE('',#4587,#472);
#193=LINE('',#4589,#473);
#194=LINE('',#4593,#474);
#195=LINE('',#4595,#475);
#196=LINE('',#4597,#476);
#197=LINE('',#4601,#477);
#198=LINE('',#4603,#478);
#199=LINE('',#4605,#479);
#200=LINE('',#4609,#480);
#201=LINE('',#4611,#481);
#202=LINE('',#4613,#482);
#203=LINE('',#4617,#483);
#204=LINE('',#4619,#484);
#205=LINE('',#4621,#485);
#206=LINE('',#4625,#486);
#207=LINE('',#4627,#487);
#208=LINE('',#4629,#488);
#209=LINE('',#4633,#489);
#210=LINE('',#4635,#490);
#211=LINE('',#4637,#491);
#212=LINE('',#4641,#492);
#213=LINE('',#4643,#493);
#214=LINE('',#4645,#494);
#215=LINE('',#4649,#495);
#216=LINE('',#4651,#496);
#217=LINE('',#4653,#497);
#218=LINE('',#4657,#498);
#219=LINE('',#4659,#499);
#220=LINE('',#4661,#500);
#221=LINE('',#4665,#501);
#222=LINE('',#4667,#502);
#223=LINE('',#4669,#503);
#224=LINE('',#4673,#504);
#225=LINE('',#4675,#505);
#226=LINE('',#4677,#506);
#227=LINE('',#4681,#507);
#228=LINE('',#4683,#508);
#229=LINE('',#4685,#509);
#230=LINE('',#4689,#510);
#231=LINE('',#4691,#511);
#232=LINE('',#4693,#512);
#233=LINE('',#4697,#513);
#234=LINE('',#4699,#514);
#235=LINE('',#4701,#515);
#236=LINE('',#4705,#516);
#237=LINE('',#4707,#517);
#238=LINE('',#4709,#518);
#239=LINE('',#4713,#519);
#240=LINE('',#4715,#520);
#241=LINE('',#4717,#521);
#242=LINE('',#4721,#522);
#243=LINE('',#4728,#523);
#244=LINE('',#4736,#524);
#245=LINE('',#4741,#525);
#246=LINE('',#4745,#526);
#247=LINE('',#4748,#527);
#248=LINE('',#4749,#528);
#249=LINE('',#4751,#529);
#250=LINE('',#4757,#530);
#251=LINE('',#4760,#531);
#252=LINE('',#4761,#532);
#253=LINE('',#4763,#533);
#254=LINE('',#4769,#534);
#255=LINE('',#4772,#535);
#256=LINE('',#4773,#536);
#257=LINE('',#4775,#537);
#258=LINE('',#4781,#538);
#259=LINE('',#4784,#539);
#260=LINE('',#4785,#540);
#261=LINE('',#4787,#541);
#262=LINE('',#4793,#542);
#263=LINE('',#4796,#543);
#264=LINE('',#4797,#544);
#265=LINE('',#4799,#545);
#266=LINE('',#4805,#546);
#267=LINE('',#4808,#547);
#268=LINE('',#4809,#548);
#269=LINE('',#4811,#549);
#270=LINE('',#4817,#550);
#271=LINE('',#4820,#551);
#272=LINE('',#4821,#552);
#273=LINE('',#4823,#553);
#274=LINE('',#4829,#554);
#275=LINE('',#4832,#555);
#276=LINE('',#4833,#556);
#277=LINE('',#4835,#557);
#278=LINE('',#4841,#558);
#279=LINE('',#4844,#559);
#280=LINE('',#4845,#560);
#281=LINE('',#4847,#561);
#282=LINE('',#4853,#562);
#283=LINE('',#4856,#563);
#284=LINE('',#4857,#564);
#285=LINE('',#4859,#565);
#286=LINE('',#4865,#566);
#287=LINE('',#4868,#567);
#288=LINE('',#4869,#568);
#289=LINE('',#4871,#569);
#290=LINE('',#4877,#570);
#291=LINE('',#4880,#571);
#292=LINE('',#4881,#572);
#293=LINE('',#4883,#573);
#294=LINE('',#4889,#574);
#295=LINE('',#4892,#575);
#296=LINE('',#4893,#576);
#297=LINE('',#4895,#577);
#298=LINE('',#4901,#578);
#299=LINE('',#4904,#579);
#300=LINE('',#4905,#580);
#301=LINE('',#4907,#581);
#302=LINE('',#4913,#582);
#303=LINE('',#4916,#583);
#304=LINE('',#4917,#584);
#305=LINE('',#4919,#585);
#306=LINE('',#4925,#586);
#307=LINE('',#4928,#587);
#308=LINE('',#4929,#588);
#309=LINE('',#4931,#589);
#310=LINE('',#4937,#590);
#311=LINE('',#4940,#591);
#312=LINE('',#4941,#592);
#313=LINE('',#4943,#593);
#314=LINE('',#4949,#594);
#315=LINE('',#4952,#595);
#316=LINE('',#4953,#596);
#317=LINE('',#4955,#597);
#318=LINE('',#4961,#598);
#319=LINE('',#4964,#599);
#320=LINE('',#4965,#600);
#321=LINE('',#4967,#601);
#322=LINE('',#4973,#602);
#323=LINE('',#4976,#603);
#324=LINE('',#4977,#604);
#325=LINE('',#4979,#605);
#326=LINE('',#4985,#606);
#327=LINE('',#4988,#607);
#328=LINE('',#4989,#608);
#329=LINE('',#4991,#609);
#330=LINE('',#4997,#610);
#331=LINE('',#5000,#611);
#332=LINE('',#5001,#612);
#333=LINE('',#5003,#613);
#334=LINE('',#5009,#614);
#335=LINE('',#5012,#615);
#336=LINE('',#5013,#616);
#337=LINE('',#5015,#617);
#338=LINE('',#5021,#618);
#339=LINE('',#5024,#619);
#340=LINE('',#5025,#620);
#341=LINE('',#5027,#621);
#342=LINE('',#5033,#622);
#343=LINE('',#5036,#623);
#344=LINE('',#5037,#624);
#345=LINE('',#5039,#625);
#346=LINE('',#5045,#626);
#347=LINE('',#5048,#627);
#348=LINE('',#5049,#628);
#349=LINE('',#5051,#629);
#350=LINE('',#5057,#630);
#351=LINE('',#5060,#631);
#352=LINE('',#5061,#632);
#353=LINE('',#5063,#633);
#354=LINE('',#5069,#634);
#355=LINE('',#5072,#635);
#356=LINE('',#5073,#636);
#357=LINE('',#5075,#637);
#358=LINE('',#5081,#638);
#359=LINE('',#5084,#639);
#360=LINE('',#5085,#640);
#361=LINE('',#5087,#641);
#362=LINE('',#5098,#642);
#363=LINE('',#5099,#643);
#364=LINE('',#5105,#644);
#365=LINE('',#5112,#645);
#366=LINE('',#5113,#646);
#367=LINE('',#5117,#647);
#368=LINE('',#5119,#648);
#369=LINE('',#5121,#649);
#370=LINE('',#5129,#650);
#371=LINE('',#5130,#651);
#372=LINE('',#5134,#652);
#373=LINE('',#5135,#653);
#374=LINE('',#5139,#654);
#375=LINE('',#5141,#655);
#376=LINE('',#5143,#656);
#377=LINE('',#5148,#657);
#378=LINE('',#5151,#658);
#379=LINE('',#5153,#659);
#380=LINE('',#5155,#660);
#381=LINE('',#5157,#661);
#382=VECTOR('',#3361,1.);
#383=VECTOR('',#3364,1.);
#384=VECTOR('',#3369,1.);
#385=VECTOR('',#3372,1.);
#386=VECTOR('',#3377,1.);
#387=VECTOR('',#3380,1.);
#388=VECTOR('',#3383,1.);
#389=VECTOR('',#3388,1.);
#390=VECTOR('',#3395,1.);
#391=VECTOR('',#3398,1.);
#392=VECTOR('',#3403,1.);
#393=VECTOR('',#3408,1.);
#394=VECTOR('',#3415,1.);
#395=VECTOR('',#3418,1.);
#396=VECTOR('',#3425,1.);
#397=VECTOR('',#3426,1.);
#398=VECTOR('',#3427,1.);
#399=VECTOR('',#3428,1.);
#400=VECTOR('',#3431,1.);
#401=VECTOR('',#3434,1.);
#402=VECTOR('',#3437,1.);
#403=VECTOR('',#3440,1.);
#404=VECTOR('',#3443,1.);
#405=VECTOR('',#3446,1.);
#406=VECTOR('',#3449,1.);
#407=VECTOR('',#3452,1.);
#408=VECTOR('',#3455,1.);
#409=VECTOR('',#3458,1.);
#410=VECTOR('',#3461,1.);
#411=VECTOR('',#3464,1.);
#412=VECTOR('',#3467,1.);
#413=VECTOR('',#3470,1.);
#414=VECTOR('',#3473,1.);
#415=VECTOR('',#3476,1.);
#416=VECTOR('',#3479,1.);
#417=VECTOR('',#3482,1.);
#418=VECTOR('',#3485,1.);
#419=VECTOR('',#3488,1.);
#420=VECTOR('',#3491,1.);
#421=VECTOR('',#3494,1.);
#422=VECTOR('',#3497,1.);
#423=VECTOR('',#3500,1.);
#424=VECTOR('',#3503,1.);
#425=VECTOR('',#3506,1.);
#426=VECTOR('',#3509,1.);
#427=VECTOR('',#3512,1.);
#428=VECTOR('',#3515,1.);
#429=VECTOR('',#3518,1.);
#430=VECTOR('',#3521,1.);
#431=VECTOR('',#3524,1.);
#432=VECTOR('',#3525,1.);
#433=VECTOR('',#3528,1.);
#434=VECTOR('',#3533,1.);
#435=VECTOR('',#3536,1.);
#436=VECTOR('',#3539,1.);
#437=VECTOR('',#3540,1.);
#438=VECTOR('',#3545,1.);
#439=VECTOR('',#3548,1.);
#440=VECTOR('',#3549,1.);
#441=VECTOR('',#3554,1.);
#442=VECTOR('',#3557,1.);
#443=VECTOR('',#3558,1.);
#444=VECTOR('',#3563,1.);
#445=VECTOR('',#3566,1.);
#446=VECTOR('',#3567,1.);
#447=VECTOR('',#3572,1.);
#448=VECTOR('',#3575,1.);
#449=VECTOR('',#3576,1.);
#450=VECTOR('',#3581,1.);
#451=VECTOR('',#3584,1.);
#452=VECTOR('',#3585,1.);
#453=VECTOR('',#3590,1.);
#454=VECTOR('',#3593,1.);
#455=VECTOR('',#3594,1.);
#456=VECTOR('',#3599,1.);
#457=VECTOR('',#3602,1.);
#458=VECTOR('',#3603,1.);
#459=VECTOR('',#3608,1.);
#460=VECTOR('',#3611,1.);
#461=VECTOR('',#3612,1.);
#462=VECTOR('',#3617,1.);
#463=VECTOR('',#3620,1.);
#464=VECTOR('',#3621,1.);
#465=VECTOR('',#3626,1.);
#466=VECTOR('',#3629,1.);
#467=VECTOR('',#3630,1.);
#468=VECTOR('',#3635,1.);
#469=VECTOR('',#3638,1.);
#470=VECTOR('',#3639,1.);
#471=VECTOR('',#3644,1.);
#472=VECTOR('',#3647,1.);
#473=VECTOR('',#3648,1.);
#474=VECTOR('',#3653,1.);
#475=VECTOR('',#3656,1.);
#476=VECTOR('',#3657,1.);
#477=VECTOR('',#3662,1.);
#478=VECTOR('',#3665,1.);
#479=VECTOR('',#3666,1.);
#480=VECTOR('',#3671,1.);
#481=VECTOR('',#3674,1.);
#482=VECTOR('',#3675,1.);
#483=VECTOR('',#3680,1.);
#484=VECTOR('',#3683,1.);
#485=VECTOR('',#3684,1.);
#486=VECTOR('',#3689,1.);
#487=VECTOR('',#3692,1.);
#488=VECTOR('',#3693,1.);
#489=VECTOR('',#3698,1.);
#490=VECTOR('',#3701,1.);
#491=VECTOR('',#3702,1.);
#492=VECTOR('',#3707,1.);
#493=VECTOR('',#3710,1.);
#494=VECTOR('',#3711,1.);
#495=VECTOR('',#3716,1.);
#496=VECTOR('',#3719,1.);
#497=VECTOR('',#3720,1.);
#498=VECTOR('',#3725,1.);
#499=VECTOR('',#3728,1.);
#500=VECTOR('',#3729,1.);
#501=VECTOR('',#3734,1.);
#502=VECTOR('',#3737,1.);
#503=VECTOR('',#3738,1.);
#504=VECTOR('',#3743,1.);
#505=VECTOR('',#3746,1.);
#506=VECTOR('',#3747,1.);
#507=VECTOR('',#3752,1.);
#508=VECTOR('',#3755,1.);
#509=VECTOR('',#3756,1.);
#510=VECTOR('',#3761,1.);
#511=VECTOR('',#3764,1.);
#512=VECTOR('',#3765,1.);
#513=VECTOR('',#3770,1.);
#514=VECTOR('',#3773,1.);
#515=VECTOR('',#3774,1.);
#516=VECTOR('',#3779,1.);
#517=VECTOR('',#3782,1.);
#518=VECTOR('',#3783,1.);
#519=VECTOR('',#3788,1.);
#520=VECTOR('',#3791,1.);
#521=VECTOR('',#3792,1.);
#522=VECTOR('',#3797,1.);
#523=VECTOR('',#3806,1.);
#524=VECTOR('',#3817,1.);
#525=VECTOR('',#3820,1.);
#526=VECTOR('',#3825,1.);
#527=VECTOR('',#3826,1.);
#528=VECTOR('',#3827,1.);
#529=VECTOR('',#3830,1.);
#530=VECTOR('',#3837,1.);
#531=VECTOR('',#3838,1.);
#532=VECTOR('',#3839,1.);
#533=VECTOR('',#3842,1.);
#534=VECTOR('',#3849,1.);
#535=VECTOR('',#3850,1.);
#536=VECTOR('',#3851,1.);
#537=VECTOR('',#3854,1.);
#538=VECTOR('',#3861,1.);
#539=VECTOR('',#3862,1.);
#540=VECTOR('',#3863,1.);
#541=VECTOR('',#3866,1.);
#542=VECTOR('',#3873,1.);
#543=VECTOR('',#3874,1.);
#544=VECTOR('',#3875,1.);
#545=VECTOR('',#3878,1.);
#546=VECTOR('',#3885,1.);
#547=VECTOR('',#3886,1.);
#548=VECTOR('',#3887,1.);
#549=VECTOR('',#3890,1.);
#550=VECTOR('',#3897,1.);
#551=VECTOR('',#3898,1.);
#552=VECTOR('',#3899,1.);
#553=VECTOR('',#3902,1.);
#554=VECTOR('',#3909,1.);
#555=VECTOR('',#3910,1.);
#556=VECTOR('',#3911,1.);
#557=VECTOR('',#3914,1.);
#558=VECTOR('',#3921,1.);
#559=VECTOR('',#3922,1.);
#560=VECTOR('',#3923,1.);
#561=VECTOR('',#3926,1.);
#562=VECTOR('',#3933,1.);
#563=VECTOR('',#3934,1.);
#564=VECTOR('',#3935,1.);
#565=VECTOR('',#3938,1.);
#566=VECTOR('',#3945,1.);
#567=VECTOR('',#3946,1.);
#568=VECTOR('',#3947,1.);
#569=VECTOR('',#3950,1.);
#570=VECTOR('',#3957,1.);
#571=VECTOR('',#3958,1.);
#572=VECTOR('',#3959,1.);
#573=VECTOR('',#3962,1.);
#574=VECTOR('',#3969,1.);
#575=VECTOR('',#3970,1.);
#576=VECTOR('',#3971,1.);
#577=VECTOR('',#3974,1.);
#578=VECTOR('',#3981,1.);
#579=VECTOR('',#3982,1.);
#580=VECTOR('',#3983,1.);
#581=VECTOR('',#3986,1.);
#582=VECTOR('',#3993,1.);
#583=VECTOR('',#3994,1.);
#584=VECTOR('',#3995,1.);
#585=VECTOR('',#3998,1.);
#586=VECTOR('',#4005,1.);
#587=VECTOR('',#4006,1.);
#588=VECTOR('',#4007,1.);
#589=VECTOR('',#4010,1.);
#590=VECTOR('',#4017,1.);
#591=VECTOR('',#4018,1.);
#592=VECTOR('',#4019,1.);
#593=VECTOR('',#4022,1.);
#594=VECTOR('',#4029,1.);
#595=VECTOR('',#4030,1.);
#596=VECTOR('',#4031,1.);
#597=VECTOR('',#4034,1.);
#598=VECTOR('',#4041,1.);
#599=VECTOR('',#4042,1.);
#600=VECTOR('',#4043,1.);
#601=VECTOR('',#4046,1.);
#602=VECTOR('',#4053,1.);
#603=VECTOR('',#4054,1.);
#604=VECTOR('',#4055,1.);
#605=VECTOR('',#4058,1.);
#606=VECTOR('',#4065,1.);
#607=VECTOR('',#4066,1.);
#608=VECTOR('',#4067,1.);
#609=VECTOR('',#4070,1.);
#610=VECTOR('',#4077,1.);
#611=VECTOR('',#4078,1.);
#612=VECTOR('',#4079,1.);
#613=VECTOR('',#4082,1.);
#614=VECTOR('',#4089,1.);
#615=VECTOR('',#4090,1.);
#616=VECTOR('',#4091,1.);
#617=VECTOR('',#4094,1.);
#618=VECTOR('',#4101,1.);
#619=VECTOR('',#4102,1.);
#620=VECTOR('',#4103,1.);
#621=VECTOR('',#4106,1.);
#622=VECTOR('',#4113,1.);
#623=VECTOR('',#4114,1.);
#624=VECTOR('',#4115,1.);
#625=VECTOR('',#4118,1.);
#626=VECTOR('',#4125,1.);
#627=VECTOR('',#4126,1.);
#628=VECTOR('',#4127,1.);
#629=VECTOR('',#4130,1.);
#630=VECTOR('',#4137,1.);
#631=VECTOR('',#4138,1.);
#632=VECTOR('',#4139,1.);
#633=VECTOR('',#4142,1.);
#634=VECTOR('',#4149,1.);
#635=VECTOR('',#4150,1.);
#636=VECTOR('',#4151,1.);
#637=VECTOR('',#4154,1.);
#638=VECTOR('',#4161,1.);
#639=VECTOR('',#4162,1.);
#640=VECTOR('',#4163,1.);
#641=VECTOR('',#4166,1.);
#642=VECTOR('',#4179,1.);
#643=VECTOR('',#4180,1.);
#644=VECTOR('',#4189,1.);
#645=VECTOR('',#4196,1.);
#646=VECTOR('',#4197,1.);
#647=VECTOR('',#4202,1.);
#648=VECTOR('',#4203,1.);
#649=VECTOR('',#4206,1.);
#650=VECTOR('',#4215,1.);
#651=VECTOR('',#4216,1.);
#652=VECTOR('',#4221,1.);
#653=VECTOR('',#4222,1.);
#654=VECTOR('',#4227,1.);
#655=VECTOR('',#4228,1.);
#656=VECTOR('',#4231,1.);
#657=VECTOR('',#4238,1.);
#658=VECTOR('',#4243,1.);
#659=VECTOR('',#4246,1.);
#660=VECTOR('',#4249,1.);
#661=VECTOR('',#4252,1.);
#662=ORIENTED_EDGE('',*,*,#1542,.F.);
#663=ORIENTED_EDGE('',*,*,#1543,.T.);
#664=ORIENTED_EDGE('',*,*,#1544,.T.);
#665=ORIENTED_EDGE('',*,*,#1545,.T.);
#666=ORIENTED_EDGE('',*,*,#1546,.T.);
#667=ORIENTED_EDGE('',*,*,#1547,.T.);
#668=ORIENTED_EDGE('',*,*,#1548,.F.);
#669=ORIENTED_EDGE('',*,*,#1549,.T.);
#670=ORIENTED_EDGE('',*,*,#1550,.F.);
#671=ORIENTED_EDGE('',*,*,#1551,.T.);
#672=ORIENTED_EDGE('',*,*,#1552,.T.);
#673=ORIENTED_EDGE('',*,*,#1553,.T.);
#674=ORIENTED_EDGE('',*,*,#1554,.T.);
#675=ORIENTED_EDGE('',*,*,#1555,.T.);
#676=ORIENTED_EDGE('',*,*,#1542,.T.);
#677=ORIENTED_EDGE('',*,*,#1556,.T.);
#678=ORIENTED_EDGE('',*,*,#1557,.T.);
#679=ORIENTED_EDGE('',*,*,#1558,.F.);
#680=ORIENTED_EDGE('',*,*,#1544,.F.);
#681=ORIENTED_EDGE('',*,*,#1559,.T.);
#682=ORIENTED_EDGE('',*,*,#1560,.F.);
#683=ORIENTED_EDGE('',*,*,#1561,.T.);
#684=ORIENTED_EDGE('',*,*,#1562,.F.);
#685=ORIENTED_EDGE('',*,*,#1563,.T.);
#686=ORIENTED_EDGE('',*,*,#1564,.T.);
#687=ORIENTED_EDGE('',*,*,#1565,.T.);
#688=ORIENTED_EDGE('',*,*,#1550,.T.);
#689=ORIENTED_EDGE('',*,*,#1566,.T.);
#690=ORIENTED_EDGE('',*,*,#1567,.T.);
#691=ORIENTED_EDGE('',*,*,#1568,.F.);
#692=ORIENTED_EDGE('',*,*,#1552,.F.);
#693=ORIENTED_EDGE('',*,*,#1569,.T.);
#694=ORIENTED_EDGE('',*,*,#1570,.F.);
#695=ORIENTED_EDGE('',*,*,#1571,.T.);
#696=ORIENTED_EDGE('',*,*,#1572,.F.);
#697=ORIENTED_EDGE('',*,*,#1573,.T.);
#698=ORIENTED_EDGE('',*,*,#1574,.T.);
#699=ORIENTED_EDGE('',*,*,#1575,.F.);
#700=ORIENTED_EDGE('',*,*,#1558,.T.);
#701=ORIENTED_EDGE('',*,*,#1576,.T.);
#702=ORIENTED_EDGE('',*,*,#1561,.F.);
#703=ORIENTED_EDGE('',*,*,#1577,.F.);
#704=ORIENTED_EDGE('',*,*,#1568,.T.);
#705=ORIENTED_EDGE('',*,*,#1578,.T.);
#706=ORIENTED_EDGE('',*,*,#1571,.F.);
#707=ORIENTED_EDGE('',*,*,#1579,.F.);
#708=ORIENTED_EDGE('',*,*,#1580,.T.);
#709=ORIENTED_EDGE('',*,*,#1581,.F.);
#710=ORIENTED_EDGE('',*,*,#1582,.F.);
#711=ORIENTED_EDGE('',*,*,#1583,.F.);
#712=ORIENTED_EDGE('',*,*,#1584,.T.);
#713=ORIENTED_EDGE('',*,*,#1585,.F.);
#714=ORIENTED_EDGE('',*,*,#1586,.F.);
#715=ORIENTED_EDGE('',*,*,#1587,.F.);
#716=ORIENTED_EDGE('',*,*,#1588,.T.);
#717=ORIENTED_EDGE('',*,*,#1589,.F.);
#718=ORIENTED_EDGE('',*,*,#1590,.F.);
#719=ORIENTED_EDGE('',*,*,#1591,.F.);
#720=ORIENTED_EDGE('',*,*,#1592,.T.);
#721=ORIENTED_EDGE('',*,*,#1593,.F.);
#722=ORIENTED_EDGE('',*,*,#1594,.F.);
#723=ORIENTED_EDGE('',*,*,#1595,.F.);
#724=ORIENTED_EDGE('',*,*,#1596,.T.);
#725=ORIENTED_EDGE('',*,*,#1597,.F.);
#726=ORIENTED_EDGE('',*,*,#1598,.F.);
#727=ORIENTED_EDGE('',*,*,#1599,.F.);
#728=ORIENTED_EDGE('',*,*,#1600,.T.);
#729=ORIENTED_EDGE('',*,*,#1601,.F.);
#730=ORIENTED_EDGE('',*,*,#1602,.F.);
#731=ORIENTED_EDGE('',*,*,#1603,.F.);
#732=ORIENTED_EDGE('',*,*,#1604,.T.);
#733=ORIENTED_EDGE('',*,*,#1605,.F.);
#734=ORIENTED_EDGE('',*,*,#1606,.F.);
#735=ORIENTED_EDGE('',*,*,#1607,.F.);
#736=ORIENTED_EDGE('',*,*,#1608,.T.);
#737=ORIENTED_EDGE('',*,*,#1609,.F.);
#738=ORIENTED_EDGE('',*,*,#1610,.F.);
#739=ORIENTED_EDGE('',*,*,#1611,.F.);
#740=ORIENTED_EDGE('',*,*,#1612,.T.);
#741=ORIENTED_EDGE('',*,*,#1613,.F.);
#742=ORIENTED_EDGE('',*,*,#1614,.F.);
#743=ORIENTED_EDGE('',*,*,#1615,.F.);
#744=ORIENTED_EDGE('',*,*,#1616,.T.);
#745=ORIENTED_EDGE('',*,*,#1617,.F.);
#746=ORIENTED_EDGE('',*,*,#1618,.F.);
#747=ORIENTED_EDGE('',*,*,#1619,.F.);
#748=ORIENTED_EDGE('',*,*,#1620,.T.);
#749=ORIENTED_EDGE('',*,*,#1621,.F.);
#750=ORIENTED_EDGE('',*,*,#1622,.F.);
#751=ORIENTED_EDGE('',*,*,#1623,.F.);
#752=ORIENTED_EDGE('',*,*,#1624,.T.);
#753=ORIENTED_EDGE('',*,*,#1625,.F.);
#754=ORIENTED_EDGE('',*,*,#1626,.F.);
#755=ORIENTED_EDGE('',*,*,#1627,.F.);
#756=ORIENTED_EDGE('',*,*,#1628,.T.);
#757=ORIENTED_EDGE('',*,*,#1629,.F.);
#758=ORIENTED_EDGE('',*,*,#1630,.F.);
#759=ORIENTED_EDGE('',*,*,#1631,.F.);
#760=ORIENTED_EDGE('',*,*,#1632,.T.);
#761=ORIENTED_EDGE('',*,*,#1633,.F.);
#762=ORIENTED_EDGE('',*,*,#1634,.F.);
#763=ORIENTED_EDGE('',*,*,#1635,.F.);
#764=ORIENTED_EDGE('',*,*,#1636,.T.);
#765=ORIENTED_EDGE('',*,*,#1637,.F.);
#766=ORIENTED_EDGE('',*,*,#1638,.F.);
#767=ORIENTED_EDGE('',*,*,#1639,.T.);
#768=ORIENTED_EDGE('',*,*,#1640,.T.);
#769=ORIENTED_EDGE('',*,*,#1641,.F.);
#770=ORIENTED_EDGE('',*,*,#1642,.F.);
#771=ORIENTED_EDGE('',*,*,#1643,.F.);
#772=ORIENTED_EDGE('',*,*,#1644,.T.);
#773=ORIENTED_EDGE('',*,*,#1645,.F.);
#774=ORIENTED_EDGE('',*,*,#1646,.F.);
#775=ORIENTED_EDGE('',*,*,#1647,.T.);
#776=ORIENTED_EDGE('',*,*,#1648,.F.);
#777=ORIENTED_EDGE('',*,*,#1649,.F.);
#778=ORIENTED_EDGE('',*,*,#1579,.T.);
#779=ORIENTED_EDGE('',*,*,#1649,.T.);
#780=ORIENTED_EDGE('',*,*,#1650,.T.);
#781=ORIENTED_EDGE('',*,*,#1651,.F.);
#782=ORIENTED_EDGE('',*,*,#1580,.F.);
#783=ORIENTED_EDGE('',*,*,#1651,.T.);
#784=ORIENTED_EDGE('',*,*,#1652,.F.);
#785=ORIENTED_EDGE('',*,*,#1653,.F.);
#786=ORIENTED_EDGE('',*,*,#1581,.T.);
#787=ORIENTED_EDGE('',*,*,#1653,.T.);
#788=ORIENTED_EDGE('',*,*,#1654,.F.);
#789=ORIENTED_EDGE('',*,*,#1655,.F.);
#790=ORIENTED_EDGE('',*,*,#1582,.T.);
#791=ORIENTED_EDGE('',*,*,#1655,.T.);
#792=ORIENTED_EDGE('',*,*,#1656,.F.);
#793=ORIENTED_EDGE('',*,*,#1657,.F.);
#794=ORIENTED_EDGE('',*,*,#1583,.T.);
#795=ORIENTED_EDGE('',*,*,#1657,.T.);
#796=ORIENTED_EDGE('',*,*,#1658,.T.);
#797=ORIENTED_EDGE('',*,*,#1659,.F.);
#798=ORIENTED_EDGE('',*,*,#1584,.F.);
#799=ORIENTED_EDGE('',*,*,#1659,.T.);
#800=ORIENTED_EDGE('',*,*,#1660,.F.);
#801=ORIENTED_EDGE('',*,*,#1661,.F.);
#802=ORIENTED_EDGE('',*,*,#1585,.T.);
#803=ORIENTED_EDGE('',*,*,#1661,.T.);
#804=ORIENTED_EDGE('',*,*,#1662,.F.);
#805=ORIENTED_EDGE('',*,*,#1663,.F.);
#806=ORIENTED_EDGE('',*,*,#1586,.T.);
#807=ORIENTED_EDGE('',*,*,#1663,.T.);
#808=ORIENTED_EDGE('',*,*,#1664,.F.);
#809=ORIENTED_EDGE('',*,*,#1665,.F.);
#810=ORIENTED_EDGE('',*,*,#1587,.T.);
#811=ORIENTED_EDGE('',*,*,#1665,.T.);
#812=ORIENTED_EDGE('',*,*,#1666,.T.);
#813=ORIENTED_EDGE('',*,*,#1667,.F.);
#814=ORIENTED_EDGE('',*,*,#1588,.F.);
#815=ORIENTED_EDGE('',*,*,#1667,.T.);
#816=ORIENTED_EDGE('',*,*,#1668,.F.);
#817=ORIENTED_EDGE('',*,*,#1669,.F.);
#818=ORIENTED_EDGE('',*,*,#1589,.T.);
#819=ORIENTED_EDGE('',*,*,#1669,.T.);
#820=ORIENTED_EDGE('',*,*,#1670,.F.);
#821=ORIENTED_EDGE('',*,*,#1671,.F.);
#822=ORIENTED_EDGE('',*,*,#1590,.T.);
#823=ORIENTED_EDGE('',*,*,#1671,.T.);
#824=ORIENTED_EDGE('',*,*,#1672,.F.);
#825=ORIENTED_EDGE('',*,*,#1673,.F.);
#826=ORIENTED_EDGE('',*,*,#1591,.T.);
#827=ORIENTED_EDGE('',*,*,#1673,.T.);
#828=ORIENTED_EDGE('',*,*,#1674,.T.);
#829=ORIENTED_EDGE('',*,*,#1675,.F.);
#830=ORIENTED_EDGE('',*,*,#1592,.F.);
#831=ORIENTED_EDGE('',*,*,#1675,.T.);
#832=ORIENTED_EDGE('',*,*,#1676,.F.);
#833=ORIENTED_EDGE('',*,*,#1677,.F.);
#834=ORIENTED_EDGE('',*,*,#1593,.T.);
#835=ORIENTED_EDGE('',*,*,#1677,.T.);
#836=ORIENTED_EDGE('',*,*,#1678,.F.);
#837=ORIENTED_EDGE('',*,*,#1679,.F.);
#838=ORIENTED_EDGE('',*,*,#1594,.T.);
#839=ORIENTED_EDGE('',*,*,#1679,.T.);
#840=ORIENTED_EDGE('',*,*,#1680,.F.);
#841=ORIENTED_EDGE('',*,*,#1681,.F.);
#842=ORIENTED_EDGE('',*,*,#1595,.T.);
#843=ORIENTED_EDGE('',*,*,#1681,.T.);
#844=ORIENTED_EDGE('',*,*,#1682,.T.);
#845=ORIENTED_EDGE('',*,*,#1683,.F.);
#846=ORIENTED_EDGE('',*,*,#1596,.F.);
#847=ORIENTED_EDGE('',*,*,#1683,.T.);
#848=ORIENTED_EDGE('',*,*,#1684,.F.);
#849=ORIENTED_EDGE('',*,*,#1685,.F.);
#850=ORIENTED_EDGE('',*,*,#1597,.T.);
#851=ORIENTED_EDGE('',*,*,#1685,.T.);
#852=ORIENTED_EDGE('',*,*,#1686,.F.);
#853=ORIENTED_EDGE('',*,*,#1687,.F.);
#854=ORIENTED_EDGE('',*,*,#1598,.T.);
#855=ORIENTED_EDGE('',*,*,#1687,.T.);
#856=ORIENTED_EDGE('',*,*,#1688,.F.);
#857=ORIENTED_EDGE('',*,*,#1689,.F.);
#858=ORIENTED_EDGE('',*,*,#1599,.T.);
#859=ORIENTED_EDGE('',*,*,#1689,.T.);
#860=ORIENTED_EDGE('',*,*,#1690,.T.);
#861=ORIENTED_EDGE('',*,*,#1691,.F.);
#862=ORIENTED_EDGE('',*,*,#1600,.F.);
#863=ORIENTED_EDGE('',*,*,#1691,.T.);
#864=ORIENTED_EDGE('',*,*,#1692,.F.);
#865=ORIENTED_EDGE('',*,*,#1693,.F.);
#866=ORIENTED_EDGE('',*,*,#1601,.T.);
#867=ORIENTED_EDGE('',*,*,#1693,.T.);
#868=ORIENTED_EDGE('',*,*,#1694,.F.);
#869=ORIENTED_EDGE('',*,*,#1695,.F.);
#870=ORIENTED_EDGE('',*,*,#1602,.T.);
#871=ORIENTED_EDGE('',*,*,#1695,.T.);
#872=ORIENTED_EDGE('',*,*,#1696,.F.);
#873=ORIENTED_EDGE('',*,*,#1697,.F.);
#874=ORIENTED_EDGE('',*,*,#1603,.T.);
#875=ORIENTED_EDGE('',*,*,#1697,.T.);
#876=ORIENTED_EDGE('',*,*,#1698,.T.);
#877=ORIENTED_EDGE('',*,*,#1699,.F.);
#878=ORIENTED_EDGE('',*,*,#1604,.F.);
#879=ORIENTED_EDGE('',*,*,#1699,.T.);
#880=ORIENTED_EDGE('',*,*,#1700,.F.);
#881=ORIENTED_EDGE('',*,*,#1701,.F.);
#882=ORIENTED_EDGE('',*,*,#1605,.T.);
#883=ORIENTED_EDGE('',*,*,#1701,.T.);
#884=ORIENTED_EDGE('',*,*,#1702,.F.);
#885=ORIENTED_EDGE('',*,*,#1703,.F.);
#886=ORIENTED_EDGE('',*,*,#1606,.T.);
#887=ORIENTED_EDGE('',*,*,#1703,.T.);
#888=ORIENTED_EDGE('',*,*,#1704,.F.);
#889=ORIENTED_EDGE('',*,*,#1705,.F.);
#890=ORIENTED_EDGE('',*,*,#1607,.T.);
#891=ORIENTED_EDGE('',*,*,#1705,.T.);
#892=ORIENTED_EDGE('',*,*,#1706,.T.);
#893=ORIENTED_EDGE('',*,*,#1707,.F.);
#894=ORIENTED_EDGE('',*,*,#1608,.F.);
#895=ORIENTED_EDGE('',*,*,#1707,.T.);
#896=ORIENTED_EDGE('',*,*,#1708,.F.);
#897=ORIENTED_EDGE('',*,*,#1709,.F.);
#898=ORIENTED_EDGE('',*,*,#1609,.T.);
#899=ORIENTED_EDGE('',*,*,#1709,.T.);
#900=ORIENTED_EDGE('',*,*,#1710,.F.);
#901=ORIENTED_EDGE('',*,*,#1711,.F.);
#902=ORIENTED_EDGE('',*,*,#1610,.T.);
#903=ORIENTED_EDGE('',*,*,#1711,.T.);
#904=ORIENTED_EDGE('',*,*,#1712,.F.);
#905=ORIENTED_EDGE('',*,*,#1713,.F.);
#906=ORIENTED_EDGE('',*,*,#1611,.T.);
#907=ORIENTED_EDGE('',*,*,#1713,.T.);
#908=ORIENTED_EDGE('',*,*,#1714,.T.);
#909=ORIENTED_EDGE('',*,*,#1715,.F.);
#910=ORIENTED_EDGE('',*,*,#1612,.F.);
#911=ORIENTED_EDGE('',*,*,#1715,.T.);
#912=ORIENTED_EDGE('',*,*,#1716,.F.);
#913=ORIENTED_EDGE('',*,*,#1717,.F.);
#914=ORIENTED_EDGE('',*,*,#1613,.T.);
#915=ORIENTED_EDGE('',*,*,#1717,.T.);
#916=ORIENTED_EDGE('',*,*,#1718,.F.);
#917=ORIENTED_EDGE('',*,*,#1719,.F.);
#918=ORIENTED_EDGE('',*,*,#1614,.T.);
#919=ORIENTED_EDGE('',*,*,#1719,.T.);
#920=ORIENTED_EDGE('',*,*,#1720,.F.);
#921=ORIENTED_EDGE('',*,*,#1721,.F.);
#922=ORIENTED_EDGE('',*,*,#1615,.T.);
#923=ORIENTED_EDGE('',*,*,#1721,.T.);
#924=ORIENTED_EDGE('',*,*,#1722,.T.);
#925=ORIENTED_EDGE('',*,*,#1723,.F.);
#926=ORIENTED_EDGE('',*,*,#1616,.F.);
#927=ORIENTED_EDGE('',*,*,#1723,.T.);
#928=ORIENTED_EDGE('',*,*,#1724,.F.);
#929=ORIENTED_EDGE('',*,*,#1725,.F.);
#930=ORIENTED_EDGE('',*,*,#1617,.T.);
#931=ORIENTED_EDGE('',*,*,#1725,.T.);
#932=ORIENTED_EDGE('',*,*,#1726,.F.);
#933=ORIENTED_EDGE('',*,*,#1727,.F.);
#934=ORIENTED_EDGE('',*,*,#1618,.T.);
#935=ORIENTED_EDGE('',*,*,#1727,.T.);
#936=ORIENTED_EDGE('',*,*,#1728,.F.);
#937=ORIENTED_EDGE('',*,*,#1729,.F.);
#938=ORIENTED_EDGE('',*,*,#1619,.T.);
#939=ORIENTED_EDGE('',*,*,#1729,.T.);
#940=ORIENTED_EDGE('',*,*,#1730,.T.);
#941=ORIENTED_EDGE('',*,*,#1731,.F.);
#942=ORIENTED_EDGE('',*,*,#1620,.F.);
#943=ORIENTED_EDGE('',*,*,#1731,.T.);
#944=ORIENTED_EDGE('',*,*,#1732,.F.);
#945=ORIENTED_EDGE('',*,*,#1733,.F.);
#946=ORIENTED_EDGE('',*,*,#1621,.T.);
#947=ORIENTED_EDGE('',*,*,#1733,.T.);
#948=ORIENTED_EDGE('',*,*,#1734,.F.);
#949=ORIENTED_EDGE('',*,*,#1735,.F.);
#950=ORIENTED_EDGE('',*,*,#1622,.T.);
#951=ORIENTED_EDGE('',*,*,#1735,.T.);
#952=ORIENTED_EDGE('',*,*,#1736,.F.);
#953=ORIENTED_EDGE('',*,*,#1737,.F.);
#954=ORIENTED_EDGE('',*,*,#1623,.T.);
#955=ORIENTED_EDGE('',*,*,#1737,.T.);
#956=ORIENTED_EDGE('',*,*,#1738,.T.);
#957=ORIENTED_EDGE('',*,*,#1739,.F.);
#958=ORIENTED_EDGE('',*,*,#1624,.F.);
#959=ORIENTED_EDGE('',*,*,#1739,.T.);
#960=ORIENTED_EDGE('',*,*,#1740,.F.);
#961=ORIENTED_EDGE('',*,*,#1741,.F.);
#962=ORIENTED_EDGE('',*,*,#1625,.T.);
#963=ORIENTED_EDGE('',*,*,#1741,.T.);
#964=ORIENTED_EDGE('',*,*,#1742,.F.);
#965=ORIENTED_EDGE('',*,*,#1743,.F.);
#966=ORIENTED_EDGE('',*,*,#1626,.T.);
#967=ORIENTED_EDGE('',*,*,#1743,.T.);
#968=ORIENTED_EDGE('',*,*,#1744,.F.);
#969=ORIENTED_EDGE('',*,*,#1745,.F.);
#970=ORIENTED_EDGE('',*,*,#1627,.T.);
#971=ORIENTED_EDGE('',*,*,#1745,.T.);
#972=ORIENTED_EDGE('',*,*,#1746,.T.);
#973=ORIENTED_EDGE('',*,*,#1747,.F.);
#974=ORIENTED_EDGE('',*,*,#1628,.F.);
#975=ORIENTED_EDGE('',*,*,#1747,.T.);
#976=ORIENTED_EDGE('',*,*,#1748,.F.);
#977=ORIENTED_EDGE('',*,*,#1749,.F.);
#978=ORIENTED_EDGE('',*,*,#1629,.T.);
#979=ORIENTED_EDGE('',*,*,#1749,.T.);
#980=ORIENTED_EDGE('',*,*,#1750,.F.);
#981=ORIENTED_EDGE('',*,*,#1751,.F.);
#982=ORIENTED_EDGE('',*,*,#1630,.T.);
#983=ORIENTED_EDGE('',*,*,#1751,.T.);
#984=ORIENTED_EDGE('',*,*,#1752,.F.);
#985=ORIENTED_EDGE('',*,*,#1753,.F.);
#986=ORIENTED_EDGE('',*,*,#1631,.T.);
#987=ORIENTED_EDGE('',*,*,#1753,.T.);
#988=ORIENTED_EDGE('',*,*,#1754,.T.);
#989=ORIENTED_EDGE('',*,*,#1755,.F.);
#990=ORIENTED_EDGE('',*,*,#1632,.F.);
#991=ORIENTED_EDGE('',*,*,#1755,.T.);
#992=ORIENTED_EDGE('',*,*,#1756,.F.);
#993=ORIENTED_EDGE('',*,*,#1757,.F.);
#994=ORIENTED_EDGE('',*,*,#1633,.T.);
#995=ORIENTED_EDGE('',*,*,#1757,.T.);
#996=ORIENTED_EDGE('',*,*,#1758,.F.);
#997=ORIENTED_EDGE('',*,*,#1759,.F.);
#998=ORIENTED_EDGE('',*,*,#1634,.T.);
#999=ORIENTED_EDGE('',*,*,#1759,.T.);
#1000=ORIENTED_EDGE('',*,*,#1760,.F.);
#1001=ORIENTED_EDGE('',*,*,#1761,.F.);
#1002=ORIENTED_EDGE('',*,*,#1635,.T.);
#1003=ORIENTED_EDGE('',*,*,#1761,.T.);
#1004=ORIENTED_EDGE('',*,*,#1762,.T.);
#1005=ORIENTED_EDGE('',*,*,#1763,.F.);
#1006=ORIENTED_EDGE('',*,*,#1636,.F.);
#1007=ORIENTED_EDGE('',*,*,#1763,.T.);
#1008=ORIENTED_EDGE('',*,*,#1764,.F.);
#1009=ORIENTED_EDGE('',*,*,#1765,.F.);
#1010=ORIENTED_EDGE('',*,*,#1637,.T.);
#1011=ORIENTED_EDGE('',*,*,#1766,.F.);
#1012=ORIENTED_EDGE('',*,*,#1767,.T.);
#1013=ORIENTED_EDGE('',*,*,#1765,.T.);
#1014=ORIENTED_EDGE('',*,*,#1768,.F.);
#1015=ORIENTED_EDGE('',*,*,#1647,.F.);
#1016=ORIENTED_EDGE('',*,*,#1638,.T.);
#1017=ORIENTED_EDGE('',*,*,#1769,.F.);
#1018=ORIENTED_EDGE('',*,*,#1766,.T.);
#1019=ORIENTED_EDGE('',*,*,#1769,.T.);
#1020=ORIENTED_EDGE('',*,*,#1770,.F.);
#1021=ORIENTED_EDGE('',*,*,#1771,.T.);
#1022=ORIENTED_EDGE('',*,*,#1772,.T.);
#1023=ORIENTED_EDGE('',*,*,#1773,.F.);
#1024=ORIENTED_EDGE('',*,*,#1774,.F.);
#1025=ORIENTED_EDGE('',*,*,#1775,.T.);
#1026=ORIENTED_EDGE('',*,*,#1776,.F.);
#1027=ORIENTED_EDGE('',*,*,#1771,.F.);
#1028=ORIENTED_EDGE('',*,*,#1777,.T.);
#1029=ORIENTED_EDGE('',*,*,#1778,.T.);
#1030=ORIENTED_EDGE('',*,*,#1779,.T.);
#1031=ORIENTED_EDGE('',*,*,#1775,.F.);
#1032=ORIENTED_EDGE('',*,*,#1780,.F.);
#1033=ORIENTED_EDGE('',*,*,#1781,.T.);
#1034=ORIENTED_EDGE('',*,*,#1782,.T.);
#1035=ORIENTED_EDGE('',*,*,#1778,.F.);
#1036=ORIENTED_EDGE('',*,*,#1783,.F.);
#1037=ORIENTED_EDGE('',*,*,#1784,.T.);
#1038=ORIENTED_EDGE('',*,*,#1785,.T.);
#1039=ORIENTED_EDGE('',*,*,#1781,.F.);
#1040=ORIENTED_EDGE('',*,*,#1786,.F.);
#1041=ORIENTED_EDGE('',*,*,#1787,.T.);
#1042=ORIENTED_EDGE('',*,*,#1788,.F.);
#1043=ORIENTED_EDGE('',*,*,#1784,.F.);
#1044=ORIENTED_EDGE('',*,*,#1789,.T.);
#1045=ORIENTED_EDGE('',*,*,#1790,.T.);
#1046=ORIENTED_EDGE('',*,*,#1791,.T.);
#1047=ORIENTED_EDGE('',*,*,#1787,.F.);
#1048=ORIENTED_EDGE('',*,*,#1792,.F.);
#1049=ORIENTED_EDGE('',*,*,#1793,.T.);
#1050=ORIENTED_EDGE('',*,*,#1794,.T.);
#1051=ORIENTED_EDGE('',*,*,#1790,.F.);
#1052=ORIENTED_EDGE('',*,*,#1795,.F.);
#1053=ORIENTED_EDGE('',*,*,#1796,.T.);
#1054=ORIENTED_EDGE('',*,*,#1797,.T.);
#1055=ORIENTED_EDGE('',*,*,#1793,.F.);
#1056=ORIENTED_EDGE('',*,*,#1798,.F.);
#1057=ORIENTED_EDGE('',*,*,#1799,.T.);
#1058=ORIENTED_EDGE('',*,*,#1800,.F.);
#1059=ORIENTED_EDGE('',*,*,#1796,.F.);
#1060=ORIENTED_EDGE('',*,*,#1801,.T.);
#1061=ORIENTED_EDGE('',*,*,#1802,.T.);
#1062=ORIENTED_EDGE('',*,*,#1803,.T.);
#1063=ORIENTED_EDGE('',*,*,#1799,.F.);
#1064=ORIENTED_EDGE('',*,*,#1804,.F.);
#1065=ORIENTED_EDGE('',*,*,#1805,.T.);
#1066=ORIENTED_EDGE('',*,*,#1806,.T.);
#1067=ORIENTED_EDGE('',*,*,#1802,.F.);
#1068=ORIENTED_EDGE('',*,*,#1807,.F.);
#1069=ORIENTED_EDGE('',*,*,#1808,.T.);
#1070=ORIENTED_EDGE('',*,*,#1809,.T.);
#1071=ORIENTED_EDGE('',*,*,#1805,.F.);
#1072=ORIENTED_EDGE('',*,*,#1810,.F.);
#1073=ORIENTED_EDGE('',*,*,#1811,.T.);
#1074=ORIENTED_EDGE('',*,*,#1812,.F.);
#1075=ORIENTED_EDGE('',*,*,#1808,.F.);
#1076=ORIENTED_EDGE('',*,*,#1813,.T.);
#1077=ORIENTED_EDGE('',*,*,#1814,.T.);
#1078=ORIENTED_EDGE('',*,*,#1815,.T.);
#1079=ORIENTED_EDGE('',*,*,#1811,.F.);
#1080=ORIENTED_EDGE('',*,*,#1816,.F.);
#1081=ORIENTED_EDGE('',*,*,#1817,.T.);
#1082=ORIENTED_EDGE('',*,*,#1818,.T.);
#1083=ORIENTED_EDGE('',*,*,#1814,.F.);
#1084=ORIENTED_EDGE('',*,*,#1819,.F.);
#1085=ORIENTED_EDGE('',*,*,#1820,.T.);
#1086=ORIENTED_EDGE('',*,*,#1821,.T.);
#1087=ORIENTED_EDGE('',*,*,#1817,.F.);
#1088=ORIENTED_EDGE('',*,*,#1822,.F.);
#1089=ORIENTED_EDGE('',*,*,#1823,.T.);
#1090=ORIENTED_EDGE('',*,*,#1824,.F.);
#1091=ORIENTED_EDGE('',*,*,#1820,.F.);
#1092=ORIENTED_EDGE('',*,*,#1825,.T.);
#1093=ORIENTED_EDGE('',*,*,#1826,.T.);
#1094=ORIENTED_EDGE('',*,*,#1827,.T.);
#1095=ORIENTED_EDGE('',*,*,#1823,.F.);
#1096=ORIENTED_EDGE('',*,*,#1828,.F.);
#1097=ORIENTED_EDGE('',*,*,#1829,.T.);
#1098=ORIENTED_EDGE('',*,*,#1830,.T.);
#1099=ORIENTED_EDGE('',*,*,#1826,.F.);
#1100=ORIENTED_EDGE('',*,*,#1831,.F.);
#1101=ORIENTED_EDGE('',*,*,#1832,.T.);
#1102=ORIENTED_EDGE('',*,*,#1833,.T.);
#1103=ORIENTED_EDGE('',*,*,#1829,.F.);
#1104=ORIENTED_EDGE('',*,*,#1834,.F.);
#1105=ORIENTED_EDGE('',*,*,#1835,.T.);
#1106=ORIENTED_EDGE('',*,*,#1836,.F.);
#1107=ORIENTED_EDGE('',*,*,#1832,.F.);
#1108=ORIENTED_EDGE('',*,*,#1837,.T.);
#1109=ORIENTED_EDGE('',*,*,#1838,.T.);
#1110=ORIENTED_EDGE('',*,*,#1839,.T.);
#1111=ORIENTED_EDGE('',*,*,#1835,.F.);
#1112=ORIENTED_EDGE('',*,*,#1840,.F.);
#1113=ORIENTED_EDGE('',*,*,#1841,.T.);
#1114=ORIENTED_EDGE('',*,*,#1842,.T.);
#1115=ORIENTED_EDGE('',*,*,#1838,.F.);
#1116=ORIENTED_EDGE('',*,*,#1843,.F.);
#1117=ORIENTED_EDGE('',*,*,#1844,.T.);
#1118=ORIENTED_EDGE('',*,*,#1845,.T.);
#1119=ORIENTED_EDGE('',*,*,#1841,.F.);
#1120=ORIENTED_EDGE('',*,*,#1846,.F.);
#1121=ORIENTED_EDGE('',*,*,#1847,.T.);
#1122=ORIENTED_EDGE('',*,*,#1848,.F.);
#1123=ORIENTED_EDGE('',*,*,#1844,.F.);
#1124=ORIENTED_EDGE('',*,*,#1849,.T.);
#1125=ORIENTED_EDGE('',*,*,#1850,.T.);
#1126=ORIENTED_EDGE('',*,*,#1851,.T.);
#1127=ORIENTED_EDGE('',*,*,#1847,.F.);
#1128=ORIENTED_EDGE('',*,*,#1852,.F.);
#1129=ORIENTED_EDGE('',*,*,#1853,.T.);
#1130=ORIENTED_EDGE('',*,*,#1854,.T.);
#1131=ORIENTED_EDGE('',*,*,#1850,.F.);
#1132=ORIENTED_EDGE('',*,*,#1855,.F.);
#1133=ORIENTED_EDGE('',*,*,#1856,.T.);
#1134=ORIENTED_EDGE('',*,*,#1857,.T.);
#1135=ORIENTED_EDGE('',*,*,#1853,.F.);
#1136=ORIENTED_EDGE('',*,*,#1858,.F.);
#1137=ORIENTED_EDGE('',*,*,#1859,.T.);
#1138=ORIENTED_EDGE('',*,*,#1860,.F.);
#1139=ORIENTED_EDGE('',*,*,#1856,.F.);
#1140=ORIENTED_EDGE('',*,*,#1861,.T.);
#1141=ORIENTED_EDGE('',*,*,#1862,.T.);
#1142=ORIENTED_EDGE('',*,*,#1863,.T.);
#1143=ORIENTED_EDGE('',*,*,#1859,.F.);
#1144=ORIENTED_EDGE('',*,*,#1864,.F.);
#1145=ORIENTED_EDGE('',*,*,#1865,.T.);
#1146=ORIENTED_EDGE('',*,*,#1866,.T.);
#1147=ORIENTED_EDGE('',*,*,#1862,.F.);
#1148=ORIENTED_EDGE('',*,*,#1867,.F.);
#1149=ORIENTED_EDGE('',*,*,#1868,.T.);
#1150=ORIENTED_EDGE('',*,*,#1869,.T.);
#1151=ORIENTED_EDGE('',*,*,#1865,.F.);
#1152=ORIENTED_EDGE('',*,*,#1870,.F.);
#1153=ORIENTED_EDGE('',*,*,#1871,.T.);
#1154=ORIENTED_EDGE('',*,*,#1872,.F.);
#1155=ORIENTED_EDGE('',*,*,#1868,.F.);
#1156=ORIENTED_EDGE('',*,*,#1873,.T.);
#1157=ORIENTED_EDGE('',*,*,#1874,.T.);
#1158=ORIENTED_EDGE('',*,*,#1875,.T.);
#1159=ORIENTED_EDGE('',*,*,#1871,.F.);
#1160=ORIENTED_EDGE('',*,*,#1876,.F.);
#1161=ORIENTED_EDGE('',*,*,#1877,.T.);
#1162=ORIENTED_EDGE('',*,*,#1878,.T.);
#1163=ORIENTED_EDGE('',*,*,#1874,.F.);
#1164=ORIENTED_EDGE('',*,*,#1879,.F.);
#1165=ORIENTED_EDGE('',*,*,#1880,.T.);
#1166=ORIENTED_EDGE('',*,*,#1881,.T.);
#1167=ORIENTED_EDGE('',*,*,#1877,.F.);
#1168=ORIENTED_EDGE('',*,*,#1882,.F.);
#1169=ORIENTED_EDGE('',*,*,#1883,.T.);
#1170=ORIENTED_EDGE('',*,*,#1884,.F.);
#1171=ORIENTED_EDGE('',*,*,#1880,.F.);
#1172=ORIENTED_EDGE('',*,*,#1885,.T.);
#1173=ORIENTED_EDGE('',*,*,#1886,.T.);
#1174=ORIENTED_EDGE('',*,*,#1887,.T.);
#1175=ORIENTED_EDGE('',*,*,#1883,.F.);
#1176=ORIENTED_EDGE('',*,*,#1888,.F.);
#1177=ORIENTED_EDGE('',*,*,#1889,.T.);
#1178=ORIENTED_EDGE('',*,*,#1890,.T.);
#1179=ORIENTED_EDGE('',*,*,#1886,.F.);
#1180=ORIENTED_EDGE('',*,*,#1891,.F.);
#1181=ORIENTED_EDGE('',*,*,#1892,.T.);
#1182=ORIENTED_EDGE('',*,*,#1893,.T.);
#1183=ORIENTED_EDGE('',*,*,#1889,.F.);
#1184=ORIENTED_EDGE('',*,*,#1894,.F.);
#1185=ORIENTED_EDGE('',*,*,#1895,.T.);
#1186=ORIENTED_EDGE('',*,*,#1896,.F.);
#1187=ORIENTED_EDGE('',*,*,#1892,.F.);
#1188=ORIENTED_EDGE('',*,*,#1897,.T.);
#1189=ORIENTED_EDGE('',*,*,#1898,.T.);
#1190=ORIENTED_EDGE('',*,*,#1899,.T.);
#1191=ORIENTED_EDGE('',*,*,#1895,.F.);
#1192=ORIENTED_EDGE('',*,*,#1900,.F.);
#1193=ORIENTED_EDGE('',*,*,#1901,.T.);
#1194=ORIENTED_EDGE('',*,*,#1902,.T.);
#1195=ORIENTED_EDGE('',*,*,#1898,.F.);
#1196=ORIENTED_EDGE('',*,*,#1903,.F.);
#1197=ORIENTED_EDGE('',*,*,#1904,.T.);
#1198=ORIENTED_EDGE('',*,*,#1905,.T.);
#1199=ORIENTED_EDGE('',*,*,#1901,.F.);
#1200=ORIENTED_EDGE('',*,*,#1906,.F.);
#1201=ORIENTED_EDGE('',*,*,#1907,.T.);
#1202=ORIENTED_EDGE('',*,*,#1908,.F.);
#1203=ORIENTED_EDGE('',*,*,#1904,.F.);
#1204=ORIENTED_EDGE('',*,*,#1909,.T.);
#1205=ORIENTED_EDGE('',*,*,#1910,.T.);
#1206=ORIENTED_EDGE('',*,*,#1911,.T.);
#1207=ORIENTED_EDGE('',*,*,#1907,.F.);
#1208=ORIENTED_EDGE('',*,*,#1912,.F.);
#1209=ORIENTED_EDGE('',*,*,#1913,.T.);
#1210=ORIENTED_EDGE('',*,*,#1914,.T.);
#1211=ORIENTED_EDGE('',*,*,#1910,.F.);
#1212=ORIENTED_EDGE('',*,*,#1915,.F.);
#1213=ORIENTED_EDGE('',*,*,#1916,.T.);
#1214=ORIENTED_EDGE('',*,*,#1917,.T.);
#1215=ORIENTED_EDGE('',*,*,#1913,.F.);
#1216=ORIENTED_EDGE('',*,*,#1918,.F.);
#1217=ORIENTED_EDGE('',*,*,#1919,.T.);
#1218=ORIENTED_EDGE('',*,*,#1920,.F.);
#1219=ORIENTED_EDGE('',*,*,#1916,.F.);
#1220=ORIENTED_EDGE('',*,*,#1921,.T.);
#1221=ORIENTED_EDGE('',*,*,#1922,.T.);
#1222=ORIENTED_EDGE('',*,*,#1923,.T.);
#1223=ORIENTED_EDGE('',*,*,#1919,.F.);
#1224=ORIENTED_EDGE('',*,*,#1924,.F.);
#1225=ORIENTED_EDGE('',*,*,#1925,.T.);
#1226=ORIENTED_EDGE('',*,*,#1926,.T.);
#1227=ORIENTED_EDGE('',*,*,#1922,.F.);
#1228=ORIENTED_EDGE('',*,*,#1927,.F.);
#1229=ORIENTED_EDGE('',*,*,#1928,.T.);
#1230=ORIENTED_EDGE('',*,*,#1929,.T.);
#1231=ORIENTED_EDGE('',*,*,#1925,.F.);
#1232=ORIENTED_EDGE('',*,*,#1930,.F.);
#1233=ORIENTED_EDGE('',*,*,#1931,.T.);
#1234=ORIENTED_EDGE('',*,*,#1932,.F.);
#1235=ORIENTED_EDGE('',*,*,#1928,.F.);
#1236=ORIENTED_EDGE('',*,*,#1933,.T.);
#1237=ORIENTED_EDGE('',*,*,#1934,.T.);
#1238=ORIENTED_EDGE('',*,*,#1935,.T.);
#1239=ORIENTED_EDGE('',*,*,#1931,.F.);
#1240=ORIENTED_EDGE('',*,*,#1936,.F.);
#1241=ORIENTED_EDGE('',*,*,#1937,.T.);
#1242=ORIENTED_EDGE('',*,*,#1938,.T.);
#1243=ORIENTED_EDGE('',*,*,#1934,.F.);
#1244=ORIENTED_EDGE('',*,*,#1939,.F.);
#1245=ORIENTED_EDGE('',*,*,#1940,.T.);
#1246=ORIENTED_EDGE('',*,*,#1941,.T.);
#1247=ORIENTED_EDGE('',*,*,#1937,.F.);
#1248=ORIENTED_EDGE('',*,*,#1942,.F.);
#1249=ORIENTED_EDGE('',*,*,#1943,.T.);
#1250=ORIENTED_EDGE('',*,*,#1944,.F.);
#1251=ORIENTED_EDGE('',*,*,#1940,.F.);
#1252=ORIENTED_EDGE('',*,*,#1945,.T.);
#1253=ORIENTED_EDGE('',*,*,#1946,.T.);
#1254=ORIENTED_EDGE('',*,*,#1947,.T.);
#1255=ORIENTED_EDGE('',*,*,#1943,.F.);
#1256=ORIENTED_EDGE('',*,*,#1948,.F.);
#1257=ORIENTED_EDGE('',*,*,#1949,.T.);
#1258=ORIENTED_EDGE('',*,*,#1950,.F.);
#1259=ORIENTED_EDGE('',*,*,#1773,.T.);
#1260=ORIENTED_EDGE('',*,*,#1951,.T.);
#1261=ORIENTED_EDGE('',*,*,#1946,.F.);
#1262=ORIENTED_EDGE('',*,*,#1952,.F.);
#1263=ORIENTED_EDGE('',*,*,#1953,.F.);
#1264=ORIENTED_EDGE('',*,*,#1774,.T.);
#1265=ORIENTED_EDGE('',*,*,#1952,.T.);
#1266=ORIENTED_EDGE('',*,*,#1948,.T.);
#1267=ORIENTED_EDGE('',*,*,#1945,.F.);
#1268=ORIENTED_EDGE('',*,*,#1942,.T.);
#1269=ORIENTED_EDGE('',*,*,#1939,.T.);
#1270=ORIENTED_EDGE('',*,*,#1936,.T.);
#1271=ORIENTED_EDGE('',*,*,#1933,.F.);
#1272=ORIENTED_EDGE('',*,*,#1930,.T.);
#1273=ORIENTED_EDGE('',*,*,#1927,.T.);
#1274=ORIENTED_EDGE('',*,*,#1924,.T.);
#1275=ORIENTED_EDGE('',*,*,#1921,.F.);
#1276=ORIENTED_EDGE('',*,*,#1918,.T.);
#1277=ORIENTED_EDGE('',*,*,#1915,.T.);
#1278=ORIENTED_EDGE('',*,*,#1912,.T.);
#1279=ORIENTED_EDGE('',*,*,#1909,.F.);
#1280=ORIENTED_EDGE('',*,*,#1906,.T.);
#1281=ORIENTED_EDGE('',*,*,#1903,.T.);
#1282=ORIENTED_EDGE('',*,*,#1900,.T.);
#1283=ORIENTED_EDGE('',*,*,#1897,.F.);
#1284=ORIENTED_EDGE('',*,*,#1894,.T.);
#1285=ORIENTED_EDGE('',*,*,#1891,.T.);
#1286=ORIENTED_EDGE('',*,*,#1888,.T.);
#1287=ORIENTED_EDGE('',*,*,#1885,.F.);
#1288=ORIENTED_EDGE('',*,*,#1882,.T.);
#1289=ORIENTED_EDGE('',*,*,#1879,.T.);
#1290=ORIENTED_EDGE('',*,*,#1876,.T.);
#1291=ORIENTED_EDGE('',*,*,#1873,.F.);
#1292=ORIENTED_EDGE('',*,*,#1870,.T.);
#1293=ORIENTED_EDGE('',*,*,#1867,.T.);
#1294=ORIENTED_EDGE('',*,*,#1864,.T.);
#1295=ORIENTED_EDGE('',*,*,#1861,.F.);
#1296=ORIENTED_EDGE('',*,*,#1858,.T.);
#1297=ORIENTED_EDGE('',*,*,#1855,.T.);
#1298=ORIENTED_EDGE('',*,*,#1852,.T.);
#1299=ORIENTED_EDGE('',*,*,#1849,.F.);
#1300=ORIENTED_EDGE('',*,*,#1846,.T.);
#1301=ORIENTED_EDGE('',*,*,#1843,.T.);
#1302=ORIENTED_EDGE('',*,*,#1840,.T.);
#1303=ORIENTED_EDGE('',*,*,#1837,.F.);
#1304=ORIENTED_EDGE('',*,*,#1834,.T.);
#1305=ORIENTED_EDGE('',*,*,#1831,.T.);
#1306=ORIENTED_EDGE('',*,*,#1828,.T.);
#1307=ORIENTED_EDGE('',*,*,#1825,.F.);
#1308=ORIENTED_EDGE('',*,*,#1822,.T.);
#1309=ORIENTED_EDGE('',*,*,#1819,.T.);
#1310=ORIENTED_EDGE('',*,*,#1816,.T.);
#1311=ORIENTED_EDGE('',*,*,#1813,.F.);
#1312=ORIENTED_EDGE('',*,*,#1810,.T.);
#1313=ORIENTED_EDGE('',*,*,#1807,.T.);
#1314=ORIENTED_EDGE('',*,*,#1804,.T.);
#1315=ORIENTED_EDGE('',*,*,#1801,.F.);
#1316=ORIENTED_EDGE('',*,*,#1798,.T.);
#1317=ORIENTED_EDGE('',*,*,#1795,.T.);
#1318=ORIENTED_EDGE('',*,*,#1792,.T.);
#1319=ORIENTED_EDGE('',*,*,#1789,.F.);
#1320=ORIENTED_EDGE('',*,*,#1786,.T.);
#1321=ORIENTED_EDGE('',*,*,#1783,.T.);
#1322=ORIENTED_EDGE('',*,*,#1780,.T.);
#1323=ORIENTED_EDGE('',*,*,#1777,.F.);
#1324=ORIENTED_EDGE('',*,*,#1770,.T.);
#1325=ORIENTED_EDGE('',*,*,#1949,.F.);
#1326=ORIENTED_EDGE('',*,*,#1557,.F.);
#1327=ORIENTED_EDGE('',*,*,#1954,.T.);
#1328=ORIENTED_EDGE('',*,*,#1562,.T.);
#1329=ORIENTED_EDGE('',*,*,#1576,.F.);
#1330=ORIENTED_EDGE('',*,*,#1955,.T.);
#1331=ORIENTED_EDGE('',*,*,#1956,.T.);
#1332=ORIENTED_EDGE('',*,*,#1957,.F.);
#1333=ORIENTED_EDGE('',*,*,#1639,.F.);
#1334=ORIENTED_EDGE('',*,*,#1958,.F.);
#1335=ORIENTED_EDGE('',*,*,#1959,.T.);
#1336=ORIENTED_EDGE('',*,*,#1960,.F.);
#1337=ORIENTED_EDGE('',*,*,#1961,.T.);
#1338=ORIENTED_EDGE('',*,*,#1958,.T.);
#1339=ORIENTED_EDGE('',*,*,#1642,.T.);
#1340=ORIENTED_EDGE('',*,*,#1962,.T.);
#1341=ORIENTED_EDGE('',*,*,#1963,.T.);
#1342=ORIENTED_EDGE('',*,*,#1964,.F.);
#1343=ORIENTED_EDGE('',*,*,#1965,.T.);
#1344=ORIENTED_EDGE('',*,*,#1960,.T.);
#1345=ORIENTED_EDGE('',*,*,#1641,.T.);
#1346=ORIENTED_EDGE('',*,*,#1964,.T.);
#1347=ORIENTED_EDGE('',*,*,#1966,.T.);
#1348=ORIENTED_EDGE('',*,*,#1955,.F.);
#1349=ORIENTED_EDGE('',*,*,#1967,.T.);
#1350=ORIENTED_EDGE('',*,*,#1548,.T.);
#1351=ORIENTED_EDGE('',*,*,#1968,.T.);
#1352=ORIENTED_EDGE('',*,*,#1969,.F.);
#1353=ORIENTED_EDGE('',*,*,#1644,.F.);
#1354=ORIENTED_EDGE('',*,*,#1970,.F.);
#1355=ORIENTED_EDGE('',*,*,#1971,.T.);
#1356=ORIENTED_EDGE('',*,*,#1972,.F.);
#1357=ORIENTED_EDGE('',*,*,#1973,.T.);
#1358=ORIENTED_EDGE('',*,*,#1970,.T.);
#1359=ORIENTED_EDGE('',*,*,#1643,.T.);
#1360=ORIENTED_EDGE('',*,*,#1974,.T.);
#1361=ORIENTED_EDGE('',*,*,#1975,.T.);
#1362=ORIENTED_EDGE('',*,*,#1546,.F.);
#1363=ORIENTED_EDGE('',*,*,#1976,.T.);
#1364=ORIENTED_EDGE('',*,*,#1972,.T.);
#1365=ORIENTED_EDGE('',*,*,#1646,.T.);
#1366=ORIENTED_EDGE('',*,*,#1567,.F.);
#1367=ORIENTED_EDGE('',*,*,#1977,.T.);
#1368=ORIENTED_EDGE('',*,*,#1572,.T.);
#1369=ORIENTED_EDGE('',*,*,#1578,.F.);
#1370=ORIENTED_EDGE('',*,*,#1767,.F.);
#1371=ORIENTED_EDGE('',*,*,#1648,.T.);
#1372=ORIENTED_EDGE('',*,*,#1768,.T.);
#1373=ORIENTED_EDGE('',*,*,#1764,.T.);
#1374=ORIENTED_EDGE('',*,*,#1762,.F.);
#1375=ORIENTED_EDGE('',*,*,#1760,.T.);
#1376=ORIENTED_EDGE('',*,*,#1758,.T.);
#1377=ORIENTED_EDGE('',*,*,#1756,.T.);
#1378=ORIENTED_EDGE('',*,*,#1754,.F.);
#1379=ORIENTED_EDGE('',*,*,#1752,.T.);
#1380=ORIENTED_EDGE('',*,*,#1750,.T.);
#1381=ORIENTED_EDGE('',*,*,#1748,.T.);
#1382=ORIENTED_EDGE('',*,*,#1746,.F.);
#1383=ORIENTED_EDGE('',*,*,#1744,.T.);
#1384=ORIENTED_EDGE('',*,*,#1742,.T.);
#1385=ORIENTED_EDGE('',*,*,#1740,.T.);
#1386=ORIENTED_EDGE('',*,*,#1738,.F.);
#1387=ORIENTED_EDGE('',*,*,#1736,.T.);
#1388=ORIENTED_EDGE('',*,*,#1734,.T.);
#1389=ORIENTED_EDGE('',*,*,#1732,.T.);
#1390=ORIENTED_EDGE('',*,*,#1730,.F.);
#1391=ORIENTED_EDGE('',*,*,#1728,.T.);
#1392=ORIENTED_EDGE('',*,*,#1726,.T.);
#1393=ORIENTED_EDGE('',*,*,#1724,.T.);
#1394=ORIENTED_EDGE('',*,*,#1722,.F.);
#1395=ORIENTED_EDGE('',*,*,#1720,.T.);
#1396=ORIENTED_EDGE('',*,*,#1718,.T.);
#1397=ORIENTED_EDGE('',*,*,#1716,.T.);
#1398=ORIENTED_EDGE('',*,*,#1714,.F.);
#1399=ORIENTED_EDGE('',*,*,#1712,.T.);
#1400=ORIENTED_EDGE('',*,*,#1710,.T.);
#1401=ORIENTED_EDGE('',*,*,#1708,.T.);
#1402=ORIENTED_EDGE('',*,*,#1706,.F.);
#1403=ORIENTED_EDGE('',*,*,#1704,.T.);
#1404=ORIENTED_EDGE('',*,*,#1702,.T.);
#1405=ORIENTED_EDGE('',*,*,#1700,.T.);
#1406=ORIENTED_EDGE('',*,*,#1698,.F.);
#1407=ORIENTED_EDGE('',*,*,#1696,.T.);
#1408=ORIENTED_EDGE('',*,*,#1694,.T.);
#1409=ORIENTED_EDGE('',*,*,#1692,.T.);
#1410=ORIENTED_EDGE('',*,*,#1690,.F.);
#1411=ORIENTED_EDGE('',*,*,#1688,.T.);
#1412=ORIENTED_EDGE('',*,*,#1686,.T.);
#1413=ORIENTED_EDGE('',*,*,#1684,.T.);
#1414=ORIENTED_EDGE('',*,*,#1682,.F.);
#1415=ORIENTED_EDGE('',*,*,#1680,.T.);
#1416=ORIENTED_EDGE('',*,*,#1678,.T.);
#1417=ORIENTED_EDGE('',*,*,#1676,.T.);
#1418=ORIENTED_EDGE('',*,*,#1674,.F.);
#1419=ORIENTED_EDGE('',*,*,#1672,.T.);
#1420=ORIENTED_EDGE('',*,*,#1670,.T.);
#1421=ORIENTED_EDGE('',*,*,#1668,.T.);
#1422=ORIENTED_EDGE('',*,*,#1666,.F.);
#1423=ORIENTED_EDGE('',*,*,#1664,.T.);
#1424=ORIENTED_EDGE('',*,*,#1662,.T.);
#1425=ORIENTED_EDGE('',*,*,#1660,.T.);
#1426=ORIENTED_EDGE('',*,*,#1658,.F.);
#1427=ORIENTED_EDGE('',*,*,#1656,.T.);
#1428=ORIENTED_EDGE('',*,*,#1654,.T.);
#1429=ORIENTED_EDGE('',*,*,#1652,.T.);
#1430=ORIENTED_EDGE('',*,*,#1650,.F.);
#1431=ORIENTED_EDGE('',*,*,#1969,.T.);
#1432=ORIENTED_EDGE('',*,*,#1978,.T.);
#1433=ORIENTED_EDGE('',*,*,#1974,.F.);
#1434=ORIENTED_EDGE('',*,*,#1645,.T.);
#1435=ORIENTED_EDGE('',*,*,#1570,.T.);
#1436=ORIENTED_EDGE('',*,*,#1979,.T.);
#1437=ORIENTED_EDGE('',*,*,#1564,.F.);
#1438=ORIENTED_EDGE('',*,*,#1577,.T.);
#1439=ORIENTED_EDGE('',*,*,#1957,.T.);
#1440=ORIENTED_EDGE('',*,*,#1980,.T.);
#1441=ORIENTED_EDGE('',*,*,#1962,.F.);
#1442=ORIENTED_EDGE('',*,*,#1640,.F.);
#1443=ORIENTED_EDGE('',*,*,#1560,.T.);
#1444=ORIENTED_EDGE('',*,*,#1981,.T.);
#1445=ORIENTED_EDGE('',*,*,#1554,.F.);
#1446=ORIENTED_EDGE('',*,*,#1575,.T.);
#1447=ORIENTED_EDGE('',*,*,#1555,.F.);
#1448=ORIENTED_EDGE('',*,*,#1981,.F.);
#1449=ORIENTED_EDGE('',*,*,#1559,.F.);
#1450=ORIENTED_EDGE('',*,*,#1543,.F.);
#1451=ORIENTED_EDGE('',*,*,#1956,.F.);
#1452=ORIENTED_EDGE('',*,*,#1966,.F.);
#1453=ORIENTED_EDGE('',*,*,#1963,.F.);
#1454=ORIENTED_EDGE('',*,*,#1980,.F.);
#1455=ORIENTED_EDGE('',*,*,#1565,.F.);
#1456=ORIENTED_EDGE('',*,*,#1979,.F.);
#1457=ORIENTED_EDGE('',*,*,#1569,.F.);
#1458=ORIENTED_EDGE('',*,*,#1551,.F.);
#1459=ORIENTED_EDGE('',*,*,#1975,.F.);
#1460=ORIENTED_EDGE('',*,*,#1978,.F.);
#1461=ORIENTED_EDGE('',*,*,#1968,.F.);
#1462=ORIENTED_EDGE('',*,*,#1547,.F.);
#1463=ORIENTED_EDGE('',*,*,#1556,.F.);
#1464=ORIENTED_EDGE('',*,*,#1545,.F.);
#1465=ORIENTED_EDGE('',*,*,#1563,.F.);
#1466=ORIENTED_EDGE('',*,*,#1954,.F.);
#1467=ORIENTED_EDGE('',*,*,#1959,.F.);
#1468=ORIENTED_EDGE('',*,*,#1961,.F.);
#1469=ORIENTED_EDGE('',*,*,#1965,.F.);
#1470=ORIENTED_EDGE('',*,*,#1967,.F.);
#1471=ORIENTED_EDGE('',*,*,#1566,.F.);
#1472=ORIENTED_EDGE('',*,*,#1553,.F.);
#1473=ORIENTED_EDGE('',*,*,#1573,.F.);
#1474=ORIENTED_EDGE('',*,*,#1977,.F.);
#1475=ORIENTED_EDGE('',*,*,#1971,.F.);
#1476=ORIENTED_EDGE('',*,*,#1973,.F.);
#1477=ORIENTED_EDGE('',*,*,#1976,.F.);
#1478=ORIENTED_EDGE('',*,*,#1549,.F.);
#1479=ORIENTED_EDGE('',*,*,#1953,.T.);
#1480=ORIENTED_EDGE('',*,*,#1574,.F.);
#1481=ORIENTED_EDGE('',*,*,#1950,.T.);
#1482=ORIENTED_EDGE('',*,*,#1772,.F.);
#1483=ORIENTED_EDGE('',*,*,#1776,.T.);
#1484=ORIENTED_EDGE('',*,*,#1779,.F.);
#1485=ORIENTED_EDGE('',*,*,#1782,.F.);
#1486=ORIENTED_EDGE('',*,*,#1785,.F.);
#1487=ORIENTED_EDGE('',*,*,#1788,.T.);
#1488=ORIENTED_EDGE('',*,*,#1791,.F.);
#1489=ORIENTED_EDGE('',*,*,#1794,.F.);
#1490=ORIENTED_EDGE('',*,*,#1797,.F.);
#1491=ORIENTED_EDGE('',*,*,#1800,.T.);
#1492=ORIENTED_EDGE('',*,*,#1803,.F.);
#1493=ORIENTED_EDGE('',*,*,#1806,.F.);
#1494=ORIENTED_EDGE('',*,*,#1809,.F.);
#1495=ORIENTED_EDGE('',*,*,#1812,.T.);
#1496=ORIENTED_EDGE('',*,*,#1815,.F.);
#1497=ORIENTED_EDGE('',*,*,#1818,.F.);
#1498=ORIENTED_EDGE('',*,*,#1821,.F.);
#1499=ORIENTED_EDGE('',*,*,#1824,.T.);
#1500=ORIENTED_EDGE('',*,*,#1827,.F.);
#1501=ORIENTED_EDGE('',*,*,#1830,.F.);
#1502=ORIENTED_EDGE('',*,*,#1833,.F.);
#1503=ORIENTED_EDGE('',*,*,#1836,.T.);
#1504=ORIENTED_EDGE('',*,*,#1839,.F.);
#1505=ORIENTED_EDGE('',*,*,#1842,.F.);
#1506=ORIENTED_EDGE('',*,*,#1845,.F.);
#1507=ORIENTED_EDGE('',*,*,#1848,.T.);
#1508=ORIENTED_EDGE('',*,*,#1851,.F.);
#1509=ORIENTED_EDGE('',*,*,#1854,.F.);
#1510=ORIENTED_EDGE('',*,*,#1857,.F.);
#1511=ORIENTED_EDGE('',*,*,#1860,.T.);
#1512=ORIENTED_EDGE('',*,*,#1863,.F.);
#1513=ORIENTED_EDGE('',*,*,#1866,.F.);
#1514=ORIENTED_EDGE('',*,*,#1869,.F.);
#1515=ORIENTED_EDGE('',*,*,#1872,.T.);
#1516=ORIENTED_EDGE('',*,*,#1875,.F.);
#1517=ORIENTED_EDGE('',*,*,#1878,.F.);
#1518=ORIENTED_EDGE('',*,*,#1881,.F.);
#1519=ORIENTED_EDGE('',*,*,#1884,.T.);
#1520=ORIENTED_EDGE('',*,*,#1887,.F.);
#1521=ORIENTED_EDGE('',*,*,#1890,.F.);
#1522=ORIENTED_EDGE('',*,*,#1893,.F.);
#1523=ORIENTED_EDGE('',*,*,#1896,.T.);
#1524=ORIENTED_EDGE('',*,*,#1899,.F.);
#1525=ORIENTED_EDGE('',*,*,#1902,.F.);
#1526=ORIENTED_EDGE('',*,*,#1905,.F.);
#1527=ORIENTED_EDGE('',*,*,#1908,.T.);
#1528=ORIENTED_EDGE('',*,*,#1911,.F.);
#1529=ORIENTED_EDGE('',*,*,#1914,.F.);
#1530=ORIENTED_EDGE('',*,*,#1917,.F.);
#1531=ORIENTED_EDGE('',*,*,#1920,.T.);
#1532=ORIENTED_EDGE('',*,*,#1923,.F.);
#1533=ORIENTED_EDGE('',*,*,#1926,.F.);
#1534=ORIENTED_EDGE('',*,*,#1929,.F.);
#1535=ORIENTED_EDGE('',*,*,#1932,.T.);
#1536=ORIENTED_EDGE('',*,*,#1935,.F.);
#1537=ORIENTED_EDGE('',*,*,#1938,.F.);
#1538=ORIENTED_EDGE('',*,*,#1941,.F.);
#1539=ORIENTED_EDGE('',*,*,#1944,.T.);
#1540=ORIENTED_EDGE('',*,*,#1947,.F.);
#1541=ORIENTED_EDGE('',*,*,#1951,.F.);
#1542=EDGE_CURVE('',#1982,#1983,#2278,.T.);
#1543=EDGE_CURVE('',#1982,#1984,#102,.T.);
#1544=EDGE_CURVE('',#1984,#1985,#2279,.T.);
#1545=EDGE_CURVE('',#1985,#1983,#103,.T.);
#1546=EDGE_CURVE('',#1986,#1987,#2280,.T.);
#1547=EDGE_CURVE('',#1987,#1988,#104,.T.);
#1548=EDGE_CURVE('',#1989,#1988,#2281,.T.);
#1549=EDGE_CURVE('',#1989,#1986,#105,.T.);
#1550=EDGE_CURVE('',#1990,#1991,#2282,.T.);
#1551=EDGE_CURVE('',#1990,#1992,#106,.T.);
#1552=EDGE_CURVE('',#1992,#1993,#2283,.T.);
#1553=EDGE_CURVE('',#1993,#1991,#107,.T.);
#1554=EDGE_CURVE('',#1994,#1995,#108,.T.);
#1555=EDGE_CURVE('',#1995,#1982,#14,.F.);
#1556=EDGE_CURVE('',#1983,#1996,#15,.F.);
#1557=EDGE_CURVE('',#1996,#1997,#109,.T.);
#1558=EDGE_CURVE('',#1994,#1997,#2284,.T.);
#1559=EDGE_CURVE('',#1984,#1998,#16,.T.);
#1560=EDGE_CURVE('',#1999,#1998,#110,.T.);
#1561=EDGE_CURVE('',#1999,#2000,#2285,.T.);
#1562=EDGE_CURVE('',#2001,#2000,#111,.T.);
#1563=EDGE_CURVE('',#2001,#1985,#17,.T.);
#1564=EDGE_CURVE('',#2002,#2003,#112,.T.);
#1565=EDGE_CURVE('',#2003,#1990,#18,.F.);
#1566=EDGE_CURVE('',#1991,#2004,#19,.F.);
#1567=EDGE_CURVE('',#2004,#2005,#113,.T.);
#1568=EDGE_CURVE('',#2002,#2005,#2286,.T.);
#1569=EDGE_CURVE('',#1992,#2006,#20,.T.);
#1570=EDGE_CURVE('',#2007,#2006,#114,.T.);
#1571=EDGE_CURVE('',#2007,#2008,#2287,.T.);
#1572=EDGE_CURVE('',#2009,#2008,#115,.T.);
#1573=EDGE_CURVE('',#2009,#1993,#21,.T.);
#1574=EDGE_CURVE('',#2010,#2010,#2288,.T.);
#1575=EDGE_CURVE('',#1994,#1999,#116,.T.);
#1576=EDGE_CURVE('',#1997,#2000,#117,.T.);
#1577=EDGE_CURVE('',#2002,#2007,#118,.T.);
#1578=EDGE_CURVE('',#2005,#2008,#119,.T.);
#1579=EDGE_CURVE('',#2011,#2012,#2289,.T.);
#1580=EDGE_CURVE('',#2011,#2013,#120,.T.);
#1581=EDGE_CURVE('',#2014,#2013,#2290,.T.);
#1582=EDGE_CURVE('',#2015,#2014,#121,.T.);
#1583=EDGE_CURVE('',#2016,#2015,#2291,.T.);
#1584=EDGE_CURVE('',#2016,#2017,#122,.T.);
#1585=EDGE_CURVE('',#2018,#2017,#2292,.T.);
#1586=EDGE_CURVE('',#2019,#2018,#123,.T.);
#1587=EDGE_CURVE('',#2020,#2019,#2293,.T.);
#1588=EDGE_CURVE('',#2020,#2021,#124,.T.);
#1589=EDGE_CURVE('',#2022,#2021,#2294,.T.);
#1590=EDGE_CURVE('',#2023,#2022,#125,.T.);
#1591=EDGE_CURVE('',#2024,#2023,#2295,.T.);
#1592=EDGE_CURVE('',#2024,#2025,#126,.T.);
#1593=EDGE_CURVE('',#2026,#2025,#2296,.T.);
#1594=EDGE_CURVE('',#2027,#2026,#127,.T.);
#1595=EDGE_CURVE('',#2028,#2027,#2297,.T.);
#1596=EDGE_CURVE('',#2028,#2029,#128,.T.);
#1597=EDGE_CURVE('',#2030,#2029,#2298,.T.);
#1598=EDGE_CURVE('',#2031,#2030,#129,.T.);
#1599=EDGE_CURVE('',#2032,#2031,#2299,.T.);
#1600=EDGE_CURVE('',#2032,#2033,#130,.T.);
#1601=EDGE_CURVE('',#2034,#2033,#2300,.T.);
#1602=EDGE_CURVE('',#2035,#2034,#131,.T.);
#1603=EDGE_CURVE('',#2036,#2035,#2301,.T.);
#1604=EDGE_CURVE('',#2036,#2037,#132,.T.);
#1605=EDGE_CURVE('',#2038,#2037,#2302,.T.);
#1606=EDGE_CURVE('',#2039,#2038,#133,.T.);
#1607=EDGE_CURVE('',#2040,#2039,#2303,.T.);
#1608=EDGE_CURVE('',#2040,#2041,#134,.T.);
#1609=EDGE_CURVE('',#2042,#2041,#2304,.T.);
#1610=EDGE_CURVE('',#2043,#2042,#135,.T.);
#1611=EDGE_CURVE('',#2044,#2043,#2305,.T.);
#1612=EDGE_CURVE('',#2044,#2045,#136,.T.);
#1613=EDGE_CURVE('',#2046,#2045,#2306,.T.);
#1614=EDGE_CURVE('',#2047,#2046,#137,.T.);
#1615=EDGE_CURVE('',#2048,#2047,#2307,.T.);
#1616=EDGE_CURVE('',#2048,#2049,#138,.T.);
#1617=EDGE_CURVE('',#2050,#2049,#2308,.T.);
#1618=EDGE_CURVE('',#2051,#2050,#139,.T.);
#1619=EDGE_CURVE('',#2052,#2051,#2309,.T.);
#1620=EDGE_CURVE('',#2052,#2053,#140,.T.);
#1621=EDGE_CURVE('',#2054,#2053,#2310,.T.);
#1622=EDGE_CURVE('',#2055,#2054,#141,.T.);
#1623=EDGE_CURVE('',#2056,#2055,#2311,.T.);
#1624=EDGE_CURVE('',#2056,#2057,#142,.T.);
#1625=EDGE_CURVE('',#2058,#2057,#2312,.T.);
#1626=EDGE_CURVE('',#2059,#2058,#143,.T.);
#1627=EDGE_CURVE('',#2060,#2059,#2313,.T.);
#1628=EDGE_CURVE('',#2060,#2061,#144,.T.);
#1629=EDGE_CURVE('',#2062,#2061,#2314,.T.);
#1630=EDGE_CURVE('',#2063,#2062,#145,.T.);
#1631=EDGE_CURVE('',#2064,#2063,#2315,.T.);
#1632=EDGE_CURVE('',#2064,#2065,#146,.T.);
#1633=EDGE_CURVE('',#2066,#2065,#2316,.T.);
#1634=EDGE_CURVE('',#2067,#2066,#147,.T.);
#1635=EDGE_CURVE('',#2068,#2067,#2317,.T.);
#1636=EDGE_CURVE('',#2068,#2069,#148,.T.);
#1637=EDGE_CURVE('',#2070,#2069,#2318,.T.);
#1638=EDGE_CURVE('',#2012,#2070,#149,.T.);
#1639=EDGE_CURVE('',#2071,#2072,#2319,.T.);
#1640=EDGE_CURVE('',#2072,#2073,#150,.T.);
#1641=EDGE_CURVE('',#2074,#2073,#2320,.T.);
#1642=EDGE_CURVE('',#2071,#2074,#151,.T.);
#1643=EDGE_CURVE('',#2075,#2076,#152,.T.);
#1644=EDGE_CURVE('',#2075,#2077,#2321,.T.);
#1645=EDGE_CURVE('',#2078,#2077,#153,.T.);
#1646=EDGE_CURVE('',#2076,#2078,#2322,.T.);
#1647=EDGE_CURVE('',#2012,#2079,#154,.T.);
#1648=EDGE_CURVE('',#2080,#2079,#2323,.T.);
#1649=EDGE_CURVE('',#2011,#2080,#155,.T.);
#1650=EDGE_CURVE('',#2080,#2081,#156,.T.);
#1651=EDGE_CURVE('',#2013,#2081,#157,.T.);
#1652=EDGE_CURVE('',#2082,#2081,#2324,.T.);
#1653=EDGE_CURVE('',#2014,#2082,#158,.T.);
#1654=EDGE_CURVE('',#2083,#2082,#159,.T.);
#1655=EDGE_CURVE('',#2015,#2083,#160,.T.);
#1656=EDGE_CURVE('',#2084,#2083,#2325,.T.);
#1657=EDGE_CURVE('',#2016,#2084,#161,.T.);
#1658=EDGE_CURVE('',#2084,#2085,#162,.T.);
#1659=EDGE_CURVE('',#2017,#2085,#163,.T.);
#1660=EDGE_CURVE('',#2086,#2085,#2326,.T.);
#1661=EDGE_CURVE('',#2018,#2086,#164,.T.);
#1662=EDGE_CURVE('',#2087,#2086,#165,.T.);
#1663=EDGE_CURVE('',#2019,#2087,#166,.T.);
#1664=EDGE_CURVE('',#2088,#2087,#2327,.T.);
#1665=EDGE_CURVE('',#2020,#2088,#167,.T.);
#1666=EDGE_CURVE('',#2088,#2089,#168,.T.);
#1667=EDGE_CURVE('',#2021,#2089,#169,.T.);
#1668=EDGE_CURVE('',#2090,#2089,#2328,.T.);
#1669=EDGE_CURVE('',#2022,#2090,#170,.T.);
#1670=EDGE_CURVE('',#2091,#2090,#171,.T.);
#1671=EDGE_CURVE('',#2023,#2091,#172,.T.);
#1672=EDGE_CURVE('',#2092,#2091,#2329,.T.);
#1673=EDGE_CURVE('',#2024,#2092,#173,.T.);
#1674=EDGE_CURVE('',#2092,#2093,#174,.T.);
#1675=EDGE_CURVE('',#2025,#2093,#175,.T.);
#1676=EDGE_CURVE('',#2094,#2093,#2330,.T.);
#1677=EDGE_CURVE('',#2026,#2094,#176,.T.);
#1678=EDGE_CURVE('',#2095,#2094,#177,.T.);
#1679=EDGE_CURVE('',#2027,#2095,#178,.T.);
#1680=EDGE_CURVE('',#2096,#2095,#2331,.T.);
#1681=EDGE_CURVE('',#2028,#2096,#179,.T.);
#1682=EDGE_CURVE('',#2096,#2097,#180,.T.);
#1683=EDGE_CURVE('',#2029,#2097,#181,.T.);
#1684=EDGE_CURVE('',#2098,#2097,#2332,.T.);
#1685=EDGE_CURVE('',#2030,#2098,#182,.T.);
#1686=EDGE_CURVE('',#2099,#2098,#183,.T.);
#1687=EDGE_CURVE('',#2031,#2099,#184,.T.);
#1688=EDGE_CURVE('',#2100,#2099,#2333,.T.);
#1689=EDGE_CURVE('',#2032,#2100,#185,.T.);
#1690=EDGE_CURVE('',#2100,#2101,#186,.T.);
#1691=EDGE_CURVE('',#2033,#2101,#187,.T.);
#1692=EDGE_CURVE('',#2102,#2101,#2334,.T.);
#1693=EDGE_CURVE('',#2034,#2102,#188,.T.);
#1694=EDGE_CURVE('',#2103,#2102,#189,.T.);
#1695=EDGE_CURVE('',#2035,#2103,#190,.T.);
#1696=EDGE_CURVE('',#2104,#2103,#2335,.T.);
#1697=EDGE_CURVE('',#2036,#2104,#191,.T.);
#1698=EDGE_CURVE('',#2104,#2105,#192,.T.);
#1699=EDGE_CURVE('',#2037,#2105,#193,.T.);
#1700=EDGE_CURVE('',#2106,#2105,#2336,.T.);
#1701=EDGE_CURVE('',#2038,#2106,#194,.T.);
#1702=EDGE_CURVE('',#2107,#2106,#195,.T.);
#1703=EDGE_CURVE('',#2039,#2107,#196,.T.);
#1704=EDGE_CURVE('',#2108,#2107,#2337,.T.);
#1705=EDGE_CURVE('',#2040,#2108,#197,.T.);
#1706=EDGE_CURVE('',#2108,#2109,#198,.T.);
#1707=EDGE_CURVE('',#2041,#2109,#199,.T.);
#1708=EDGE_CURVE('',#2110,#2109,#2338,.T.);
#1709=EDGE_CURVE('',#2042,#2110,#200,.T.);
#1710=EDGE_CURVE('',#2111,#2110,#201,.T.);
#1711=EDGE_CURVE('',#2043,#2111,#202,.T.);
#1712=EDGE_CURVE('',#2112,#2111,#2339,.T.);
#1713=EDGE_CURVE('',#2044,#2112,#203,.T.);
#1714=EDGE_CURVE('',#2112,#2113,#204,.T.);
#1715=EDGE_CURVE('',#2045,#2113,#205,.T.);
#1716=EDGE_CURVE('',#2114,#2113,#2340,.T.);
#1717=EDGE_CURVE('',#2046,#2114,#206,.T.);
#1718=EDGE_CURVE('',#2115,#2114,#207,.T.);
#1719=EDGE_CURVE('',#2047,#2115,#208,.T.);
#1720=EDGE_CURVE('',#2116,#2115,#2341,.T.);
#1721=EDGE_CURVE('',#2048,#2116,#209,.T.);
#1722=EDGE_CURVE('',#2116,#2117,#210,.T.);
#1723=EDGE_CURVE('',#2049,#2117,#211,.T.);
#1724=EDGE_CURVE('',#2118,#2117,#2342,.T.);
#1725=EDGE_CURVE('',#2050,#2118,#212,.T.);
#1726=EDGE_CURVE('',#2119,#2118,#213,.T.);
#1727=EDGE_CURVE('',#2051,#2119,#214,.T.);
#1728=EDGE_CURVE('',#2120,#2119,#2343,.T.);
#1729=EDGE_CURVE('',#2052,#2120,#215,.T.);
#1730=EDGE_CURVE('',#2120,#2121,#216,.T.);
#1731=EDGE_CURVE('',#2053,#2121,#217,.T.);
#1732=EDGE_CURVE('',#2122,#2121,#2344,.T.);
#1733=EDGE_CURVE('',#2054,#2122,#218,.T.);
#1734=EDGE_CURVE('',#2123,#2122,#219,.T.);
#1735=EDGE_CURVE('',#2055,#2123,#220,.T.);
#1736=EDGE_CURVE('',#2124,#2123,#2345,.T.);
#1737=EDGE_CURVE('',#2056,#2124,#221,.T.);
#1738=EDGE_CURVE('',#2124,#2125,#222,.T.);
#1739=EDGE_CURVE('',#2057,#2125,#223,.T.);
#1740=EDGE_CURVE('',#2126,#2125,#2346,.T.);
#1741=EDGE_CURVE('',#2058,#2126,#224,.T.);
#1742=EDGE_CURVE('',#2127,#2126,#225,.T.);
#1743=EDGE_CURVE('',#2059,#2127,#226,.T.);
#1744=EDGE_CURVE('',#2128,#2127,#2347,.T.);
#1745=EDGE_CURVE('',#2060,#2128,#227,.T.);
#1746=EDGE_CURVE('',#2128,#2129,#228,.T.);
#1747=EDGE_CURVE('',#2061,#2129,#229,.T.);
#1748=EDGE_CURVE('',#2130,#2129,#2348,.T.);
#1749=EDGE_CURVE('',#2062,#2130,#230,.T.);
#1750=EDGE_CURVE('',#2131,#2130,#231,.T.);
#1751=EDGE_CURVE('',#2063,#2131,#232,.T.);
#1752=EDGE_CURVE('',#2132,#2131,#2349,.T.);
#1753=EDGE_CURVE('',#2064,#2132,#233,.T.);
#1754=EDGE_CURVE('',#2132,#2133,#234,.T.);
#1755=EDGE_CURVE('',#2065,#2133,#235,.T.);
#1756=EDGE_CURVE('',#2134,#2133,#2350,.T.);
#1757=EDGE_CURVE('',#2066,#2134,#236,.T.);
#1758=EDGE_CURVE('',#2135,#2134,#237,.T.);
#1759=EDGE_CURVE('',#2067,#2135,#238,.T.);
#1760=EDGE_CURVE('',#2136,#2135,#2351,.T.);
#1761=EDGE_CURVE('',#2068,#2136,#239,.T.);
#1762=EDGE_CURVE('',#2136,#2137,#240,.T.);
#1763=EDGE_CURVE('',#2069,#2137,#241,.T.);
#1764=EDGE_CURVE('',#2138,#2137,#2352,.T.);
#1765=EDGE_CURVE('',#2070,#2138,#242,.T.);
#1766=EDGE_CURVE('',#2139,#2139,#2353,.T.);
#1767=EDGE_CURVE('',#2140,#2140,#2354,.T.);
#1768=EDGE_CURVE('',#2079,#2138,#243,.T.);
#1769=EDGE_CURVE('',#2141,#2141,#2355,.T.);
#1770=EDGE_CURVE('',#2142,#2142,#2356,.T.);
#1771=EDGE_CURVE('',#2143,#2144,#244,.T.);
#1772=EDGE_CURVE('',#2144,#2145,#2357,.T.);
#1773=EDGE_CURVE('',#2146,#2145,#245,.T.);
#1774=EDGE_CURVE('',#2143,#2146,#2358,.T.);
#1775=EDGE_CURVE('',#2147,#2148,#246,.T.);
#1776=EDGE_CURVE('',#2144,#2148,#247,.T.);
#1777=EDGE_CURVE('',#2143,#2147,#248,.T.);
#1778=EDGE_CURVE('',#2149,#2150,#249,.T.);
#1779=EDGE_CURVE('',#2150,#2148,#2359,.T.);
#1780=EDGE_CURVE('',#2149,#2147,#2360,.T.);
#1781=EDGE_CURVE('',#2151,#2152,#250,.T.);
#1782=EDGE_CURVE('',#2152,#2150,#251,.T.);
#1783=EDGE_CURVE('',#2151,#2149,#252,.T.);
#1784=EDGE_CURVE('',#2153,#2154,#253,.T.);
#1785=EDGE_CURVE('',#2154,#2152,#2361,.T.);
#1786=EDGE_CURVE('',#2153,#2151,#2362,.T.);
#1787=EDGE_CURVE('',#2155,#2156,#254,.T.);
#1788=EDGE_CURVE('',#2154,#2156,#255,.T.);
#1789=EDGE_CURVE('',#2153,#2155,#256,.T.);
#1790=EDGE_CURVE('',#2157,#2158,#257,.T.);
#1791=EDGE_CURVE('',#2158,#2156,#2363,.T.);
#1792=EDGE_CURVE('',#2157,#2155,#2364,.T.);
#1793=EDGE_CURVE('',#2159,#2160,#258,.T.);
#1794=EDGE_CURVE('',#2160,#2158,#259,.T.);
#1795=EDGE_CURVE('',#2159,#2157,#260,.T.);
#1796=EDGE_CURVE('',#2161,#2162,#261,.T.);
#1797=EDGE_CURVE('',#2162,#2160,#2365,.T.);
#1798=EDGE_CURVE('',#2161,#2159,#2366,.T.);
#1799=EDGE_CURVE('',#2163,#2164,#262,.T.);
#1800=EDGE_CURVE('',#2162,#2164,#263,.T.);
#1801=EDGE_CURVE('',#2161,#2163,#264,.T.);
#1802=EDGE_CURVE('',#2165,#2166,#265,.T.);
#1803=EDGE_CURVE('',#2166,#2164,#2367,.T.);
#1804=EDGE_CURVE('',#2165,#2163,#2368,.T.);
#1805=EDGE_CURVE('',#2167,#2168,#266,.T.);
#1806=EDGE_CURVE('',#2168,#2166,#267,.T.);
#1807=EDGE_CURVE('',#2167,#2165,#268,.T.);
#1808=EDGE_CURVE('',#2169,#2170,#269,.T.);
#1809=EDGE_CURVE('',#2170,#2168,#2369,.T.);
#1810=EDGE_CURVE('',#2169,#2167,#2370,.T.);
#1811=EDGE_CURVE('',#2171,#2172,#270,.T.);
#1812=EDGE_CURVE('',#2170,#2172,#271,.T.);
#1813=EDGE_CURVE('',#2169,#2171,#272,.T.);
#1814=EDGE_CURVE('',#2173,#2174,#273,.T.);
#1815=EDGE_CURVE('',#2174,#2172,#2371,.T.);
#1816=EDGE_CURVE('',#2173,#2171,#2372,.T.);
#1817=EDGE_CURVE('',#2175,#2176,#274,.T.);
#1818=EDGE_CURVE('',#2176,#2174,#275,.T.);
#1819=EDGE_CURVE('',#2175,#2173,#276,.T.);
#1820=EDGE_CURVE('',#2177,#2178,#277,.T.);
#1821=EDGE_CURVE('',#2178,#2176,#2373,.T.);
#1822=EDGE_CURVE('',#2177,#2175,#2374,.T.);
#1823=EDGE_CURVE('',#2179,#2180,#278,.T.);
#1824=EDGE_CURVE('',#2178,#2180,#279,.T.);
#1825=EDGE_CURVE('',#2177,#2179,#280,.T.);
#1826=EDGE_CURVE('',#2181,#2182,#281,.T.);
#1827=EDGE_CURVE('',#2182,#2180,#2375,.T.);
#1828=EDGE_CURVE('',#2181,#2179,#2376,.T.);
#1829=EDGE_CURVE('',#2183,#2184,#282,.T.);
#1830=EDGE_CURVE('',#2184,#2182,#283,.T.);
#1831=EDGE_CURVE('',#2183,#2181,#284,.T.);
#1832=EDGE_CURVE('',#2185,#2186,#285,.T.);
#1833=EDGE_CURVE('',#2186,#2184,#2377,.T.);
#1834=EDGE_CURVE('',#2185,#2183,#2378,.T.);
#1835=EDGE_CURVE('',#2187,#2188,#286,.T.);
#1836=EDGE_CURVE('',#2186,#2188,#287,.T.);
#1837=EDGE_CURVE('',#2185,#2187,#288,.T.);
#1838=EDGE_CURVE('',#2189,#2190,#289,.T.);
#1839=EDGE_CURVE('',#2190,#2188,#2379,.T.);
#1840=EDGE_CURVE('',#2189,#2187,#2380,.T.);
#1841=EDGE_CURVE('',#2191,#2192,#290,.T.);
#1842=EDGE_CURVE('',#2192,#2190,#291,.T.);
#1843=EDGE_CURVE('',#2191,#2189,#292,.T.);
#1844=EDGE_CURVE('',#2193,#2194,#293,.T.);
#1845=EDGE_CURVE('',#2194,#2192,#2381,.T.);
#1846=EDGE_CURVE('',#2193,#2191,#2382,.T.);
#1847=EDGE_CURVE('',#2195,#2196,#294,.T.);
#1848=EDGE_CURVE('',#2194,#2196,#295,.T.);
#1849=EDGE_CURVE('',#2193,#2195,#296,.T.);
#1850=EDGE_CURVE('',#2197,#2198,#297,.T.);
#1851=EDGE_CURVE('',#2198,#2196,#2383,.T.);
#1852=EDGE_CURVE('',#2197,#2195,#2384,.T.);
#1853=EDGE_CURVE('',#2199,#2200,#298,.T.);
#1854=EDGE_CURVE('',#2200,#2198,#299,.T.);
#1855=EDGE_CURVE('',#2199,#2197,#300,.T.);
#1856=EDGE_CURVE('',#2201,#2202,#301,.T.);
#1857=EDGE_CURVE('',#2202,#2200,#2385,.T.);
#1858=EDGE_CURVE('',#2201,#2199,#2386,.T.);
#1859=EDGE_CURVE('',#2203,#2204,#302,.T.);
#1860=EDGE_CURVE('',#2202,#2204,#303,.T.);
#1861=EDGE_CURVE('',#2201,#2203,#304,.T.);
#1862=EDGE_CURVE('',#2205,#2206,#305,.T.);
#1863=EDGE_CURVE('',#2206,#2204,#2387,.T.);
#1864=EDGE_CURVE('',#2205,#2203,#2388,.T.);
#1865=EDGE_CURVE('',#2207,#2208,#306,.T.);
#1866=EDGE_CURVE('',#2208,#2206,#307,.T.);
#1867=EDGE_CURVE('',#2207,#2205,#308,.T.);
#1868=EDGE_CURVE('',#2209,#2210,#309,.T.);
#1869=EDGE_CURVE('',#2210,#2208,#2389,.T.);
#1870=EDGE_CURVE('',#2209,#2207,#2390,.T.);
#1871=EDGE_CURVE('',#2211,#2212,#310,.T.);
#1872=EDGE_CURVE('',#2210,#2212,#311,.T.);
#1873=EDGE_CURVE('',#2209,#2211,#312,.T.);
#1874=EDGE_CURVE('',#2213,#2214,#313,.T.);
#1875=EDGE_CURVE('',#2214,#2212,#2391,.T.);
#1876=EDGE_CURVE('',#2213,#2211,#2392,.T.);
#1877=EDGE_CURVE('',#2215,#2216,#314,.T.);
#1878=EDGE_CURVE('',#2216,#2214,#315,.T.);
#1879=EDGE_CURVE('',#2215,#2213,#316,.T.);
#1880=EDGE_CURVE('',#2217,#2218,#317,.T.);
#1881=EDGE_CURVE('',#2218,#2216,#2393,.T.);
#1882=EDGE_CURVE('',#2217,#2215,#2394,.T.);
#1883=EDGE_CURVE('',#2219,#2220,#318,.T.);
#1884=EDGE_CURVE('',#2218,#2220,#319,.T.);
#1885=EDGE_CURVE('',#2217,#2219,#320,.T.);
#1886=EDGE_CURVE('',#2221,#2222,#321,.T.);
#1887=EDGE_CURVE('',#2222,#2220,#2395,.T.);
#1888=EDGE_CURVE('',#2221,#2219,#2396,.T.);
#1889=EDGE_CURVE('',#2223,#2224,#322,.T.);
#1890=EDGE_CURVE('',#2224,#2222,#323,.T.);
#1891=EDGE_CURVE('',#2223,#2221,#324,.T.);
#1892=EDGE_CURVE('',#2225,#2226,#325,.T.);
#1893=EDGE_CURVE('',#2226,#2224,#2397,.T.);
#1894=EDGE_CURVE('',#2225,#2223,#2398,.T.);
#1895=EDGE_CURVE('',#2227,#2228,#326,.T.);
#1896=EDGE_CURVE('',#2226,#2228,#327,.T.);
#1897=EDGE_CURVE('',#2225,#2227,#328,.T.);
#1898=EDGE_CURVE('',#2229,#2230,#329,.T.);
#1899=EDGE_CURVE('',#2230,#2228,#2399,.T.);
#1900=EDGE_CURVE('',#2229,#2227,#2400,.T.);
#1901=EDGE_CURVE('',#2231,#2232,#330,.T.);
#1902=EDGE_CURVE('',#2232,#2230,#331,.T.);
#1903=EDGE_CURVE('',#2231,#2229,#332,.T.);
#1904=EDGE_CURVE('',#2233,#2234,#333,.T.);
#1905=EDGE_CURVE('',#2234,#2232,#2401,.T.);
#1906=EDGE_CURVE('',#2233,#2231,#2402,.T.);
#1907=EDGE_CURVE('',#2235,#2236,#334,.T.);
#1908=EDGE_CURVE('',#2234,#2236,#335,.T.);
#1909=EDGE_CURVE('',#2233,#2235,#336,.T.);
#1910=EDGE_CURVE('',#2237,#2238,#337,.T.);
#1911=EDGE_CURVE('',#2238,#2236,#2403,.T.);
#1912=EDGE_CURVE('',#2237,#2235,#2404,.T.);
#1913=EDGE_CURVE('',#2239,#2240,#338,.T.);
#1914=EDGE_CURVE('',#2240,#2238,#339,.T.);
#1915=EDGE_CURVE('',#2239,#2237,#340,.T.);
#1916=EDGE_CURVE('',#2241,#2242,#341,.T.);
#1917=EDGE_CURVE('',#2242,#2240,#2405,.T.);
#1918=EDGE_CURVE('',#2241,#2239,#2406,.T.);
#1919=EDGE_CURVE('',#2243,#2244,#342,.T.);
#1920=EDGE_CURVE('',#2242,#2244,#343,.T.);
#1921=EDGE_CURVE('',#2241,#2243,#344,.T.);
#1922=EDGE_CURVE('',#2245,#2246,#345,.T.);
#1923=EDGE_CURVE('',#2246,#2244,#2407,.T.);
#1924=EDGE_CURVE('',#2245,#2243,#2408,.T.);
#1925=EDGE_CURVE('',#2247,#2248,#346,.T.);
#1926=EDGE_CURVE('',#2248,#2246,#347,.T.);
#1927=EDGE_CURVE('',#2247,#2245,#348,.T.);
#1928=EDGE_CURVE('',#2249,#2250,#349,.T.);
#1929=EDGE_CURVE('',#2250,#2248,#2409,.T.);
#1930=EDGE_CURVE('',#2249,#2247,#2410,.T.);
#1931=EDGE_CURVE('',#2251,#2252,#350,.T.);
#1932=EDGE_CURVE('',#2250,#2252,#351,.T.);
#1933=EDGE_CURVE('',#2249,#2251,#352,.T.);
#1934=EDGE_CURVE('',#2253,#2254,#353,.T.);
#1935=EDGE_CURVE('',#2254,#2252,#2411,.T.);
#1936=EDGE_CURVE('',#2253,#2251,#2412,.T.);
#1937=EDGE_CURVE('',#2255,#2256,#354,.T.);
#1938=EDGE_CURVE('',#2256,#2254,#355,.T.);
#1939=EDGE_CURVE('',#2255,#2253,#356,.T.);
#1940=EDGE_CURVE('',#2257,#2258,#357,.T.);
#1941=EDGE_CURVE('',#2258,#2256,#2413,.T.);
#1942=EDGE_CURVE('',#2257,#2255,#2414,.T.);
#1943=EDGE_CURVE('',#2259,#2260,#358,.T.);
#1944=EDGE_CURVE('',#2258,#2260,#359,.T.);
#1945=EDGE_CURVE('',#2257,#2259,#360,.T.);
#1946=EDGE_CURVE('',#2261,#2262,#361,.T.);
#1947=EDGE_CURVE('',#2262,#2260,#2415,.T.);
#1948=EDGE_CURVE('',#2261,#2259,#2416,.T.);
#1949=EDGE_CURVE('',#2263,#2263,#2417,.T.);
#1950=EDGE_CURVE('',#2264,#2264,#2418,.T.);
#1951=EDGE_CURVE('',#2145,#2262,#362,.T.);
#1952=EDGE_CURVE('',#2146,#2261,#363,.T.);
#1953=EDGE_CURVE('',#2265,#2265,#2419,.T.);
#1954=EDGE_CURVE('',#1996,#2001,#364,.T.);
#1955=EDGE_CURVE('',#2266,#2267,#2420,.T.);
#1956=EDGE_CURVE('',#2267,#2268,#22,.T.);
#1957=EDGE_CURVE('',#2072,#2268,#365,.T.);
#1958=EDGE_CURVE('',#2269,#2071,#366,.T.);
#1959=EDGE_CURVE('',#2269,#2266,#23,.T.);
#1960=EDGE_CURVE('',#2270,#2074,#367,.T.);
#1961=EDGE_CURVE('',#2270,#2269,#368,.T.);
#1962=EDGE_CURVE('',#2073,#2271,#369,.T.);
#1963=EDGE_CURVE('',#2271,#2272,#24,.F.);
#1964=EDGE_CURVE('',#2273,#2272,#2421,.T.);
#1965=EDGE_CURVE('',#2273,#2270,#25,.F.);
#1966=EDGE_CURVE('',#2272,#2267,#370,.T.);
#1967=EDGE_CURVE('',#2266,#2273,#371,.T.);
#1968=EDGE_CURVE('',#1988,#2274,#26,.F.);
#1969=EDGE_CURVE('',#2077,#2274,#372,.T.);
#1970=EDGE_CURVE('',#2275,#2075,#373,.T.);
#1971=EDGE_CURVE('',#2275,#1989,#27,.T.);
#1972=EDGE_CURVE('',#2276,#2076,#374,.T.);
#1973=EDGE_CURVE('',#2276,#2275,#375,.T.);
#1974=EDGE_CURVE('',#2078,#2277,#376,.T.);
#1975=EDGE_CURVE('',#2277,#1987,#28,.T.);
#1976=EDGE_CURVE('',#1986,#2276,#29,.F.);
#1977=EDGE_CURVE('',#2004,#2009,#377,.T.);
#1978=EDGE_CURVE('',#2274,#2277,#378,.T.);
#1979=EDGE_CURVE('',#2006,#2003,#379,.T.);
#1980=EDGE_CURVE('',#2268,#2271,#380,.T.);
#1981=EDGE_CURVE('',#1998,#1995,#381,.T.);
#1982=VERTEX_POINT('',#4276);
#1983=VERTEX_POINT('',#4277);
#1984=VERTEX_POINT('',#4279);
#1985=VERTEX_POINT('',#4281);
#1986=VERTEX_POINT('',#4285);
#1987=VERTEX_POINT('',#4286);
#1988=VERTEX_POINT('',#4288);
#1989=VERTEX_POINT('',#4290);
#1990=VERTEX_POINT('',#4294);
#1991=VERTEX_POINT('',#4295);
#1992=VERTEX_POINT('',#4297);
#1993=VERTEX_POINT('',#4299);
#1994=VERTEX_POINT('',#4303);
#1995=VERTEX_POINT('',#4304);
#1996=VERTEX_POINT('',#4307);
#1997=VERTEX_POINT('',#4309);
#1998=VERTEX_POINT('',#4313);
#1999=VERTEX_POINT('',#4315);
#2000=VERTEX_POINT('',#4317);
#2001=VERTEX_POINT('',#4319);
#2002=VERTEX_POINT('',#4323);
#2003=VERTEX_POINT('',#4324);
#2004=VERTEX_POINT('',#4327);
#2005=VERTEX_POINT('',#4329);
#2006=VERTEX_POINT('',#4333);
#2007=VERTEX_POINT('',#4335);
#2008=VERTEX_POINT('',#4337);
#2009=VERTEX_POINT('',#4339);
#2010=VERTEX_POINT('',#4343);
#2011=VERTEX_POINT('',#4349);
#2012=VERTEX_POINT('',#4350);
#2013=VERTEX_POINT('',#4352);
#2014=VERTEX_POINT('',#4354);
#2015=VERTEX_POINT('',#4356);
#2016=VERTEX_POINT('',#4358);
#2017=VERTEX_POINT('',#4360);
#2018=VERTEX_POINT('',#4362);
#2019=VERTEX_POINT('',#4364);
#2020=VERTEX_POINT('',#4366);
#2021=VERTEX_POINT('',#4368);
#2022=VERTEX_POINT('',#4370);
#2023=VERTEX_POINT('',#4372);
#2024=VERTEX_POINT('',#4374);
#2025=VERTEX_POINT('',#4376);
#2026=VERTEX_POINT('',#4378);
#2027=VERTEX_POINT('',#4380);
#2028=VERTEX_POINT('',#4382);
#2029=VERTEX_POINT('',#4384);
#2030=VERTEX_POINT('',#4386);
#2031=VERTEX_POINT('',#4388);
#2032=VERTEX_POINT('',#4390);
#2033=VERTEX_POINT('',#4392);
#2034=VERTEX_POINT('',#4394);
#2035=VERTEX_POINT('',#4396);
#2036=VERTEX_POINT('',#4398);
#2037=VERTEX_POINT('',#4400);
#2038=VERTEX_POINT('',#4402);
#2039=VERTEX_POINT('',#4404);
#2040=VERTEX_POINT('',#4406);
#2041=VERTEX_POINT('',#4408);
#2042=VERTEX_POINT('',#4410);
#2043=VERTEX_POINT('',#4412);
#2044=VERTEX_POINT('',#4414);
#2045=VERTEX_POINT('',#4416);
#2046=VERTEX_POINT('',#4418);
#2047=VERTEX_POINT('',#4420);
#2048=VERTEX_POINT('',#4422);
#2049=VERTEX_POINT('',#4424);
#2050=VERTEX_POINT('',#4426);
#2051=VERTEX_POINT('',#4428);
#2052=VERTEX_POINT('',#4430);
#2053=VERTEX_POINT('',#4432);
#2054=VERTEX_POINT('',#4434);
#2055=VERTEX_POINT('',#4436);
#2056=VERTEX_POINT('',#4438);
#2057=VERTEX_POINT('',#4440);
#2058=VERTEX_POINT('',#4442);
#2059=VERTEX_POINT('',#4444);
#2060=VERTEX_POINT('',#4446);
#2061=VERTEX_POINT('',#4448);
#2062=VERTEX_POINT('',#4450);
#2063=VERTEX_POINT('',#4452);
#2064=VERTEX_POINT('',#4454);
#2065=VERTEX_POINT('',#4456);
#2066=VERTEX_POINT('',#4458);
#2067=VERTEX_POINT('',#4460);
#2068=VERTEX_POINT('',#4462);
#2069=VERTEX_POINT('',#4464);
#2070=VERTEX_POINT('',#4466);
#2071=VERTEX_POINT('',#4469);
#2072=VERTEX_POINT('',#4470);
#2073=VERTEX_POINT('',#4472);
#2074=VERTEX_POINT('',#4474);
#2075=VERTEX_POINT('',#4477);
#2076=VERTEX_POINT('',#4478);
#2077=VERTEX_POINT('',#4480);
#2078=VERTEX_POINT('',#4482);
#2079=VERTEX_POINT('',#4486);
#2080=VERTEX_POINT('',#4488);
#2081=VERTEX_POINT('',#4492);
#2082=VERTEX_POINT('',#4496);
#2083=VERTEX_POINT('',#4500);
#2084=VERTEX_POINT('',#4504);
#2085=VERTEX_POINT('',#4508);
#2086=VERTEX_POINT('',#4512);
#2087=VERTEX_POINT('',#4516);
#2088=VERTEX_POINT('',#4520);
#2089=VERTEX_POINT('',#4524);
#2090=VERTEX_POINT('',#4528);
#2091=VERTEX_POINT('',#4532);
#2092=VERTEX_POINT('',#4536);
#2093=VERTEX_POINT('',#4540);
#2094=VERTEX_POINT('',#4544);
#2095=VERTEX_POINT('',#4548);
#2096=VERTEX_POINT('',#4552);
#2097=VERTEX_POINT('',#4556);
#2098=VERTEX_POINT('',#4560);
#2099=VERTEX_POINT('',#4564);
#2100=VERTEX_POINT('',#4568);
#2101=VERTEX_POINT('',#4572);
#2102=VERTEX_POINT('',#4576);
#2103=VERTEX_POINT('',#4580);
#2104=VERTEX_POINT('',#4584);
#2105=VERTEX_POINT('',#4588);
#2106=VERTEX_POINT('',#4592);
#2107=VERTEX_POINT('',#4596);
#2108=VERTEX_POINT('',#4600);
#2109=VERTEX_POINT('',#4604);
#2110=VERTEX_POINT('',#4608);
#2111=VERTEX_POINT('',#4612);
#2112=VERTEX_POINT('',#4616);
#2113=VERTEX_POINT('',#4620);
#2114=VERTEX_POINT('',#4624);
#2115=VERTEX_POINT('',#4628);
#2116=VERTEX_POINT('',#4632);
#2117=VERTEX_POINT('',#4636);
#2118=VERTEX_POINT('',#4640);
#2119=VERTEX_POINT('',#4644);
#2120=VERTEX_POINT('',#4648);
#2121=VERTEX_POINT('',#4652);
#2122=VERTEX_POINT('',#4656);
#2123=VERTEX_POINT('',#4660);
#2124=VERTEX_POINT('',#4664);
#2125=VERTEX_POINT('',#4668);
#2126=VERTEX_POINT('',#4672);
#2127=VERTEX_POINT('',#4676);
#2128=VERTEX_POINT('',#4680);
#2129=VERTEX_POINT('',#4684);
#2130=VERTEX_POINT('',#4688);
#2131=VERTEX_POINT('',#4692);
#2132=VERTEX_POINT('',#4696);
#2133=VERTEX_POINT('',#4700);
#2134=VERTEX_POINT('',#4704);
#2135=VERTEX_POINT('',#4708);
#2136=VERTEX_POINT('',#4712);
#2137=VERTEX_POINT('',#4716);
#2138=VERTEX_POINT('',#4720);
#2139=VERTEX_POINT('',#4724);
#2140=VERTEX_POINT('',#4726);
#2141=VERTEX_POINT('',#4731);
#2142=VERTEX_POINT('',#4734);
#2143=VERTEX_POINT('',#4737);
#2144=VERTEX_POINT('',#4738);
#2145=VERTEX_POINT('',#4740);
#2146=VERTEX_POINT('',#4742);
#2147=VERTEX_POINT('',#4746);
#2148=VERTEX_POINT('',#4747);
#2149=VERTEX_POINT('',#4752);
#2150=VERTEX_POINT('',#4753);
#2151=VERTEX_POINT('',#4758);
#2152=VERTEX_POINT('',#4759);
#2153=VERTEX_POINT('',#4764);
#2154=VERTEX_POINT('',#4765);
#2155=VERTEX_POINT('',#4770);
#2156=VERTEX_POINT('',#4771);
#2157=VERTEX_POINT('',#4776);
#2158=VERTEX_POINT('',#4777);
#2159=VERTEX_POINT('',#4782);
#2160=VERTEX_POINT('',#4783);
#2161=VERTEX_POINT('',#4788);
#2162=VERTEX_POINT('',#4789);
#2163=VERTEX_POINT('',#4794);
#2164=VERTEX_POINT('',#4795);
#2165=VERTEX_POINT('',#4800);
#2166=VERTEX_POINT('',#4801);
#2167=VERTEX_POINT('',#4806);
#2168=VERTEX_POINT('',#4807);
#2169=VERTEX_POINT('',#4812);
#2170=VERTEX_POINT('',#4813);
#2171=VERTEX_POINT('',#4818);
#2172=VERTEX_POINT('',#4819);
#2173=VERTEX_POINT('',#4824);
#2174=VERTEX_POINT('',#4825);
#2175=VERTEX_POINT('',#4830);
#2176=VERTEX_POINT('',#4831);
#2177=VERTEX_POINT('',#4836);
#2178=VERTEX_POINT('',#4837);
#2179=VERTEX_POINT('',#4842);
#2180=VERTEX_POINT('',#4843);
#2181=VERTEX_POINT('',#4848);
#2182=VERTEX_POINT('',#4849);
#2183=VERTEX_POINT('',#4854);
#2184=VERTEX_POINT('',#4855);
#2185=VERTEX_POINT('',#4860);
#2186=VERTEX_POINT('',#4861);
#2187=VERTEX_POINT('',#4866);
#2188=VERTEX_POINT('',#4867);
#2189=VERTEX_POINT('',#4872);
#2190=VERTEX_POINT('',#4873);
#2191=VERTEX_POINT('',#4878);
#2192=VERTEX_POINT('',#4879);
#2193=VERTEX_POINT('',#4884);
#2194=VERTEX_POINT('',#4885);
#2195=VERTEX_POINT('',#4890);
#2196=VERTEX_POINT('',#4891);
#2197=VERTEX_POINT('',#4896);
#2198=VERTEX_POINT('',#4897);
#2199=VERTEX_POINT('',#4902);
#2200=VERTEX_POINT('',#4903);
#2201=VERTEX_POINT('',#4908);
#2202=VERTEX_POINT('',#4909);
#2203=VERTEX_POINT('',#4914);
#2204=VERTEX_POINT('',#4915);
#2205=VERTEX_POINT('',#4920);
#2206=VERTEX_POINT('',#4921);
#2207=VERTEX_POINT('',#4926);
#2208=VERTEX_POINT('',#4927);
#2209=VERTEX_POINT('',#4932);
#2210=VERTEX_POINT('',#4933);
#2211=VERTEX_POINT('',#4938);
#2212=VERTEX_POINT('',#4939);
#2213=VERTEX_POINT('',#4944);
#2214=VERTEX_POINT('',#4945);
#2215=VERTEX_POINT('',#4950);
#2216=VERTEX_POINT('',#4951);
#2217=VERTEX_POINT('',#4956);
#2218=VERTEX_POINT('',#4957);
#2219=VERTEX_POINT('',#4962);
#2220=VERTEX_POINT('',#4963);
#2221=VERTEX_POINT('',#4968);
#2222=VERTEX_POINT('',#4969);
#2223=VERTEX_POINT('',#4974);
#2224=VERTEX_POINT('',#4975);
#2225=VERTEX_POINT('',#4980);
#2226=VERTEX_POINT('',#4981);
#2227=VERTEX_POINT('',#4986);
#2228=VERTEX_POINT('',#4987);
#2229=VERTEX_POINT('',#4992);
#2230=VERTEX_POINT('',#4993);
#2231=VERTEX_POINT('',#4998);
#2232=VERTEX_POINT('',#4999);
#2233=VERTEX_POINT('',#5004);
#2234=VERTEX_POINT('',#5005);
#2235=VERTEX_POINT('',#5010);
#2236=VERTEX_POINT('',#5011);
#2237=VERTEX_POINT('',#5016);
#2238=VERTEX_POINT('',#5017);
#2239=VERTEX_POINT('',#5022);
#2240=VERTEX_POINT('',#5023);
#2241=VERTEX_POINT('',#5028);
#2242=VERTEX_POINT('',#5029);
#2243=VERTEX_POINT('',#5034);
#2244=VERTEX_POINT('',#5035);
#2245=VERTEX_POINT('',#5040);
#2246=VERTEX_POINT('',#5041);
#2247=VERTEX_POINT('',#5046);
#2248=VERTEX_POINT('',#5047);
#2249=VERTEX_POINT('',#5052);
#2250=VERTEX_POINT('',#5053);
#2251=VERTEX_POINT('',#5058);
#2252=VERTEX_POINT('',#5059);
#2253=VERTEX_POINT('',#5064);
#2254=VERTEX_POINT('',#5065);
#2255=VERTEX_POINT('',#5070);
#2256=VERTEX_POINT('',#5071);
#2257=VERTEX_POINT('',#5076);
#2258=VERTEX_POINT('',#5077);
#2259=VERTEX_POINT('',#5082);
#2260=VERTEX_POINT('',#5083);
#2261=VERTEX_POINT('',#5088);
#2262=VERTEX_POINT('',#5089);
#2263=VERTEX_POINT('',#5094);
#2264=VERTEX_POINT('',#5096);
#2265=VERTEX_POINT('',#5102);
#2266=VERTEX_POINT('',#5108);
#2267=VERTEX_POINT('',#5109);
#2268=VERTEX_POINT('',#5111);
#2269=VERTEX_POINT('',#5114);
#2270=VERTEX_POINT('',#5118);
#2271=VERTEX_POINT('',#5122);
#2272=VERTEX_POINT('',#5124);
#2273=VERTEX_POINT('',#5126);
#2274=VERTEX_POINT('',#5133);
#2275=VERTEX_POINT('',#5136);
#2276=VERTEX_POINT('',#5140);
#2277=VERTEX_POINT('',#5144);
#2278=CIRCLE('',#3038,0.015);
#2279=CIRCLE('',#3039,0.02);
#2280=CIRCLE('',#3041,0.02);
#2281=CIRCLE('',#3042,0.015);
#2282=CIRCLE('',#3044,0.015);
#2283=CIRCLE('',#3045,0.02);
#2284=CIRCLE('',#3049,0.015);
#2285=CIRCLE('',#3052,0.02);
#2286=CIRCLE('',#3057,0.015);
#2287=CIRCLE('',#3060,0.02);
#2288=CIRCLE('',#3063,0.007);
#2289=CIRCLE('',#3064,0.037);
#2290=CIRCLE('',#3065,0.0485);
#2291=CIRCLE('',#3066,0.037);
#2292=CIRCLE('',#3067,0.0485000000000013);
#2293=CIRCLE('',#3068,0.0370000000000015);
#2294=CIRCLE('',#3069,0.0485);
#2295=CIRCLE('',#3070,0.037);
#2296=CIRCLE('',#3071,0.0485000000000019);
#2297=CIRCLE('',#3072,0.037);
#2298=CIRCLE('',#3073,0.0485000000000007);
#2299=CIRCLE('',#3074,0.037);
#2300=CIRCLE('',#3075,0.0485);
#2301=CIRCLE('',#3076,0.0370000000000007);
#2302=CIRCLE('',#3077,0.0485000000000012);
#2303=CIRCLE('',#3078,0.0370000000000007);
#2304=CIRCLE('',#3079,0.048500000000006);
#2305=CIRCLE('',#3080,0.037);
#2306=CIRCLE('',#3081,0.0485000000000014);
#2307=CIRCLE('',#3082,0.037);
#2308=CIRCLE('',#3083,0.0485);
#2309=CIRCLE('',#3084,0.037);
#2310=CIRCLE('',#3085,0.0485);
#2311=CIRCLE('',#3086,0.0370000000000025);
#2312=CIRCLE('',#3087,0.0485);
#2313=CIRCLE('',#3088,0.0370000000000007);
#2314=CIRCLE('',#3089,0.0485);
#2315=CIRCLE('',#3090,0.0370000000000015);
#2316=CIRCLE('',#3091,0.0485);
#2317=CIRCLE('',#3092,0.037);
#2318=CIRCLE('',#3093,0.0485);
#2319=CIRCLE('',#3094,0.015);
#2320=CIRCLE('',#3095,0.02);
#2321=CIRCLE('',#3096,0.015);
#2322=CIRCLE('',#3097,0.02);
#2323=CIRCLE('',#3099,0.037);
#2324=CIRCLE('',#3102,0.0485);
#2325=CIRCLE('',#3105,0.037);
#2326=CIRCLE('',#3108,0.0485000000000013);
#2327=CIRCLE('',#3111,0.0370000000000015);
#2328=CIRCLE('',#3114,0.0485);
#2329=CIRCLE('',#3117,0.037);
#2330=CIRCLE('',#3120,0.0485000000000019);
#2331=CIRCLE('',#3123,0.037);
#2332=CIRCLE('',#3126,0.0485000000000007);
#2333=CIRCLE('',#3129,0.037);
#2334=CIRCLE('',#3132,0.0485);
#2335=CIRCLE('',#3135,0.0370000000000007);
#2336=CIRCLE('',#3138,0.0485000000000012);
#2337=CIRCLE('',#3141,0.0370000000000007);
#2338=CIRCLE('',#3144,0.048500000000006);
#2339=CIRCLE('',#3147,0.037);
#2340=CIRCLE('',#3150,0.0485000000000014);
#2341=CIRCLE('',#3153,0.037);
#2342=CIRCLE('',#3156,0.0485);
#2343=CIRCLE('',#3159,0.037);
#2344=CIRCLE('',#3162,0.0485);
#2345=CIRCLE('',#3165,0.0370000000000025);
#2346=CIRCLE('',#3168,0.0485);
#2347=CIRCLE('',#3171,0.0370000000000007);
#2348=CIRCLE('',#3174,0.0485);
#2349=CIRCLE('',#3177,0.0370000000000015);
#2350=CIRCLE('',#3180,0.0485);
#2351=CIRCLE('',#3183,0.037);
#2352=CIRCLE('',#3186,0.0485);
#2353=CIRCLE('',#3188,0.0539989013198257);
#2354=CIRCLE('',#3189,0.0539989013198257);
#2355=CIRCLE('',#3192,0.045);
#2356=CIRCLE('',#3194,0.045);
#2357=CIRCLE('',#3196,0.037);
#2358=CIRCLE('',#3197,0.037);
#2359=CIRCLE('',#3200,0.0485);
#2360=CIRCLE('',#3201,0.0485);
#2361=CIRCLE('',#3204,0.037);
#2362=CIRCLE('',#3205,0.037);
#2363=CIRCLE('',#3208,0.0485000000000013);
#2364=CIRCLE('',#3209,0.0485000000000013);
#2365=CIRCLE('',#3212,0.0370000000000015);
#2366=CIRCLE('',#3213,0.0370000000000015);
#2367=CIRCLE('',#3216,0.0485);
#2368=CIRCLE('',#3217,0.0485);
#2369=CIRCLE('',#3220,0.037);
#2370=CIRCLE('',#3221,0.037);
#2371=CIRCLE('',#3224,0.0485000000000019);
#2372=CIRCLE('',#3225,0.0485000000000019);
#2373=CIRCLE('',#3228,0.037);
#2374=CIRCLE('',#3229,0.037);
#2375=CIRCLE('',#3232,0.0485000000000007);
#2376=CIRCLE('',#3233,0.0485000000000007);
#2377=CIRCLE('',#3236,0.037);
#2378=CIRCLE('',#3237,0.037);
#2379=CIRCLE('',#3240,0.0485);
#2380=CIRCLE('',#3241,0.0485);
#2381=CIRCLE('',#3244,0.0370000000000007);
#2382=CIRCLE('',#3245,0.0370000000000007);
#2383=CIRCLE('',#3248,0.0485000000000012);
#2384=CIRCLE('',#3249,0.0485000000000012);
#2385=CIRCLE('',#3252,0.0370000000000007);
#2386=CIRCLE('',#3253,0.0370000000000007);
#2387=CIRCLE('',#3256,0.048500000000006);
#2388=CIRCLE('',#3257,0.048500000000006);
#2389=CIRCLE('',#3260,0.037);
#2390=CIRCLE('',#3261,0.037);
#2391=CIRCLE('',#3264,0.0485000000000014);
#2392=CIRCLE('',#3265,0.0485000000000014);
#2393=CIRCLE('',#3268,0.037);
#2394=CIRCLE('',#3269,0.037);
#2395=CIRCLE('',#3272,0.0485);
#2396=CIRCLE('',#3273,0.0485);
#2397=CIRCLE('',#3276,0.037);
#2398=CIRCLE('',#3277,0.037);
#2399=CIRCLE('',#3280,0.0485);
#2400=CIRCLE('',#3281,0.0485);
#2401=CIRCLE('',#3284,0.0370000000000025);
#2402=CIRCLE('',#3285,0.0370000000000025);
#2403=CIRCLE('',#3288,0.0485);
#2404=CIRCLE('',#3289,0.0485);
#2405=CIRCLE('',#3292,0.0370000000000007);
#2406=CIRCLE('',#3293,0.0370000000000007);
#2407=CIRCLE('',#3296,0.0485);
#2408=CIRCLE('',#3297,0.0485);
#2409=CIRCLE('',#3300,0.0370000000000015);
#2410=CIRCLE('',#3301,0.0370000000000015);
#2411=CIRCLE('',#3304,0.0485);
#2412=CIRCLE('',#3305,0.0485);
#2413=CIRCLE('',#3308,0.037);
#2414=CIRCLE('',#3309,0.037);
#2415=CIRCLE('',#3312,0.0485);
#2416=CIRCLE('',#3313,0.0485);
#2417=CIRCLE('',#3315,0.0539989013198257);
#2418=CIRCLE('',#3316,0.0539989013198257);
#2419=CIRCLE('',#3319,0.007);
#2420=CIRCLE('',#3323,0.015);
#2421=CIRCLE('',#3329,0.02);
#2422=EDGE_LOOP('',(#662,#663,#664,#665));
#2423=EDGE_LOOP('',(#666,#667,#668,#669));
#2424=EDGE_LOOP('',(#670,#671,#672,#673));
#2425=EDGE_LOOP('',(#674,#675,#676,#677,#678,#679));
#2426=EDGE_LOOP('',(#680,#681,#682,#683,#684,#685));
#2427=EDGE_LOOP('',(#686,#687,#688,#689,#690,#691));
#2428=EDGE_LOOP('',(#692,#693,#694,#695,#696,#697));
#2429=EDGE_LOOP('',(#698));
#2430=EDGE_LOOP('',(#699,#700,#701,#702));
#2431=EDGE_LOOP('',(#703,#704,#705,#706));
#2432=EDGE_LOOP('',(#707,#708,#709,#710,#711,#712,#713,#714,#715,#716,#717,
#718,#719,#720,#721,#722,#723,#724,#725,#726,#727,#728,#729,#730,#731,#732,
#733,#734,#735,#736,#737,#738,#739,#740,#741,#742,#743,#744,#745,#746,#747,
#748,#749,#750,#751,#752,#753,#754,#755,#756,#757,#758,#759,#760,#761,#762,
#763,#764,#765,#766));
#2433=EDGE_LOOP('',(#767,#768,#769,#770));
#2434=EDGE_LOOP('',(#771,#772,#773,#774));
#2435=EDGE_LOOP('',(#775,#776,#777,#778));
#2436=EDGE_LOOP('',(#779,#780,#781,#782));
#2437=EDGE_LOOP('',(#783,#784,#785,#786));
#2438=EDGE_LOOP('',(#787,#788,#789,#790));
#2439=EDGE_LOOP('',(#791,#792,#793,#794));
#2440=EDGE_LOOP('',(#795,#796,#797,#798));
#2441=EDGE_LOOP('',(#799,#800,#801,#802));
#2442=EDGE_LOOP('',(#803,#804,#805,#806));
#2443=EDGE_LOOP('',(#807,#808,#809,#810));
#2444=EDGE_LOOP('',(#811,#812,#813,#814));
#2445=EDGE_LOOP('',(#815,#816,#817,#818));
#2446=EDGE_LOOP('',(#819,#820,#821,#822));
#2447=EDGE_LOOP('',(#823,#824,#825,#826));
#2448=EDGE_LOOP('',(#827,#828,#829,#830));
#2449=EDGE_LOOP('',(#831,#832,#833,#834));
#2450=EDGE_LOOP('',(#835,#836,#837,#838));
#2451=EDGE_LOOP('',(#839,#840,#841,#842));
#2452=EDGE_LOOP('',(#843,#844,#845,#846));
#2453=EDGE_LOOP('',(#847,#848,#849,#850));
#2454=EDGE_LOOP('',(#851,#852,#853,#854));
#2455=EDGE_LOOP('',(#855,#856,#857,#858));
#2456=EDGE_LOOP('',(#859,#860,#861,#862));
#2457=EDGE_LOOP('',(#863,#864,#865,#866));
#2458=EDGE_LOOP('',(#867,#868,#869,#870));
#2459=EDGE_LOOP('',(#871,#872,#873,#874));
#2460=EDGE_LOOP('',(#875,#876,#877,#878));
#2461=EDGE_LOOP('',(#879,#880,#881,#882));
#2462=EDGE_LOOP('',(#883,#884,#885,#886));
#2463=EDGE_LOOP('',(#887,#888,#889,#890));
#2464=EDGE_LOOP('',(#891,#892,#893,#894));
#2465=EDGE_LOOP('',(#895,#896,#897,#898));
#2466=EDGE_LOOP('',(#899,#900,#901,#902));
#2467=EDGE_LOOP('',(#903,#904,#905,#906));
#2468=EDGE_LOOP('',(#907,#908,#909,#910));
#2469=EDGE_LOOP('',(#911,#912,#913,#914));
#2470=EDGE_LOOP('',(#915,#916,#917,#918));
#2471=EDGE_LOOP('',(#919,#920,#921,#922));
#2472=EDGE_LOOP('',(#923,#924,#925,#926));
#2473=EDGE_LOOP('',(#927,#928,#929,#930));
#2474=EDGE_LOOP('',(#931,#932,#933,#934));
#2475=EDGE_LOOP('',(#935,#936,#937,#938));
#2476=EDGE_LOOP('',(#939,#940,#941,#942));
#2477=EDGE_LOOP('',(#943,#944,#945,#946));
#2478=EDGE_LOOP('',(#947,#948,#949,#950));
#2479=EDGE_LOOP('',(#951,#952,#953,#954));
#2480=EDGE_LOOP('',(#955,#956,#957,#958));
#2481=EDGE_LOOP('',(#959,#960,#961,#962));
#2482=EDGE_LOOP('',(#963,#964,#965,#966));
#2483=EDGE_LOOP('',(#967,#968,#969,#970));
#2484=EDGE_LOOP('',(#971,#972,#973,#974));
#2485=EDGE_LOOP('',(#975,#976,#977,#978));
#2486=EDGE_LOOP('',(#979,#980,#981,#982));
#2487=EDGE_LOOP('',(#983,#984,#985,#986));
#2488=EDGE_LOOP('',(#987,#988,#989,#990));
#2489=EDGE_LOOP('',(#991,#992,#993,#994));
#2490=EDGE_LOOP('',(#995,#996,#997,#998));
#2491=EDGE_LOOP('',(#999,#1000,#1001,#1002));
#2492=EDGE_LOOP('',(#1003,#1004,#1005,#1006));
#2493=EDGE_LOOP('',(#1007,#1008,#1009,#1010));
#2494=EDGE_LOOP('',(#1011));
#2495=EDGE_LOOP('',(#1012));
#2496=EDGE_LOOP('',(#1013,#1014,#1015,#1016));
#2497=EDGE_LOOP('',(#1017));
#2498=EDGE_LOOP('',(#1018));
#2499=EDGE_LOOP('',(#1019));
#2500=EDGE_LOOP('',(#1020));
#2501=EDGE_LOOP('',(#1021,#1022,#1023,#1024));
#2502=EDGE_LOOP('',(#1025,#1026,#1027,#1028));
#2503=EDGE_LOOP('',(#1029,#1030,#1031,#1032));
#2504=EDGE_LOOP('',(#1033,#1034,#1035,#1036));
#2505=EDGE_LOOP('',(#1037,#1038,#1039,#1040));
#2506=EDGE_LOOP('',(#1041,#1042,#1043,#1044));
#2507=EDGE_LOOP('',(#1045,#1046,#1047,#1048));
#2508=EDGE_LOOP('',(#1049,#1050,#1051,#1052));
#2509=EDGE_LOOP('',(#1053,#1054,#1055,#1056));
#2510=EDGE_LOOP('',(#1057,#1058,#1059,#1060));
#2511=EDGE_LOOP('',(#1061,#1062,#1063,#1064));
#2512=EDGE_LOOP('',(#1065,#1066,#1067,#1068));
#2513=EDGE_LOOP('',(#1069,#1070,#1071,#1072));
#2514=EDGE_LOOP('',(#1073,#1074,#1075,#1076));
#2515=EDGE_LOOP('',(#1077,#1078,#1079,#1080));
#2516=EDGE_LOOP('',(#1081,#1082,#1083,#1084));
#2517=EDGE_LOOP('',(#1085,#1086,#1087,#1088));
#2518=EDGE_LOOP('',(#1089,#1090,#1091,#1092));
#2519=EDGE_LOOP('',(#1093,#1094,#1095,#1096));
#2520=EDGE_LOOP('',(#1097,#1098,#1099,#1100));
#2521=EDGE_LOOP('',(#1101,#1102,#1103,#1104));
#2522=EDGE_LOOP('',(#1105,#1106,#1107,#1108));
#2523=EDGE_LOOP('',(#1109,#1110,#1111,#1112));
#2524=EDGE_LOOP('',(#1113,#1114,#1115,#1116));
#2525=EDGE_LOOP('',(#1117,#1118,#1119,#1120));
#2526=EDGE_LOOP('',(#1121,#1122,#1123,#1124));
#2527=EDGE_LOOP('',(#1125,#1126,#1127,#1128));
#2528=EDGE_LOOP('',(#1129,#1130,#1131,#1132));
#2529=EDGE_LOOP('',(#1133,#1134,#1135,#1136));
#2530=EDGE_LOOP('',(#1137,#1138,#1139,#1140));
#2531=EDGE_LOOP('',(#1141,#1142,#1143,#1144));
#2532=EDGE_LOOP('',(#1145,#1146,#1147,#1148));
#2533=EDGE_LOOP('',(#1149,#1150,#1151,#1152));
#2534=EDGE_LOOP('',(#1153,#1154,#1155,#1156));
#2535=EDGE_LOOP('',(#1157,#1158,#1159,#1160));
#2536=EDGE_LOOP('',(#1161,#1162,#1163,#1164));
#2537=EDGE_LOOP('',(#1165,#1166,#1167,#1168));
#2538=EDGE_LOOP('',(#1169,#1170,#1171,#1172));
#2539=EDGE_LOOP('',(#1173,#1174,#1175,#1176));
#2540=EDGE_LOOP('',(#1177,#1178,#1179,#1180));
#2541=EDGE_LOOP('',(#1181,#1182,#1183,#1184));
#2542=EDGE_LOOP('',(#1185,#1186,#1187,#1188));
#2543=EDGE_LOOP('',(#1189,#1190,#1191,#1192));
#2544=EDGE_LOOP('',(#1193,#1194,#1195,#1196));
#2545=EDGE_LOOP('',(#1197,#1198,#1199,#1200));
#2546=EDGE_LOOP('',(#1201,#1202,#1203,#1204));
#2547=EDGE_LOOP('',(#1205,#1206,#1207,#1208));
#2548=EDGE_LOOP('',(#1209,#1210,#1211,#1212));
#2549=EDGE_LOOP('',(#1213,#1214,#1215,#1216));
#2550=EDGE_LOOP('',(#1217,#1218,#1219,#1220));
#2551=EDGE_LOOP('',(#1221,#1222,#1223,#1224));
#2552=EDGE_LOOP('',(#1225,#1226,#1227,#1228));
#2553=EDGE_LOOP('',(#1229,#1230,#1231,#1232));
#2554=EDGE_LOOP('',(#1233,#1234,#1235,#1236));
#2555=EDGE_LOOP('',(#1237,#1238,#1239,#1240));
#2556=EDGE_LOOP('',(#1241,#1242,#1243,#1244));
#2557=EDGE_LOOP('',(#1245,#1246,#1247,#1248));
#2558=EDGE_LOOP('',(#1249,#1250,#1251,#1252));
#2559=EDGE_LOOP('',(#1253,#1254,#1255,#1256));
#2560=EDGE_LOOP('',(#1257));
#2561=EDGE_LOOP('',(#1258));
#2562=EDGE_LOOP('',(#1259,#1260,#1261,#1262));
#2563=EDGE_LOOP('',(#1263));
#2564=EDGE_LOOP('',(#1264,#1265,#1266,#1267,#1268,#1269,#1270,#1271,#1272,
#1273,#1274,#1275,#1276,#1277,#1278,#1279,#1280,#1281,#1282,#1283,#1284,
#1285,#1286,#1287,#1288,#1289,#1290,#1291,#1292,#1293,#1294,#1295,#1296,
#1297,#1298,#1299,#1300,#1301,#1302,#1303,#1304,#1305,#1306,#1307,#1308,
#1309,#1310,#1311,#1312,#1313,#1314,#1315,#1316,#1317,#1318,#1319,#1320,
#1321,#1322,#1323));
#2565=EDGE_LOOP('',(#1324));
#2566=EDGE_LOOP('',(#1325));
#2567=EDGE_LOOP('',(#1326,#1327,#1328,#1329));
#2568=EDGE_LOOP('',(#1330,#1331,#1332,#1333,#1334,#1335));
#2569=EDGE_LOOP('',(#1336,#1337,#1338,#1339));
#2570=EDGE_LOOP('',(#1340,#1341,#1342,#1343,#1344,#1345));
#2571=EDGE_LOOP('',(#1346,#1347,#1348,#1349));
#2572=EDGE_LOOP('',(#1350,#1351,#1352,#1353,#1354,#1355));
#2573=EDGE_LOOP('',(#1356,#1357,#1358,#1359));
#2574=EDGE_LOOP('',(#1360,#1361,#1362,#1363,#1364,#1365));
#2575=EDGE_LOOP('',(#1366,#1367,#1368,#1369));
#2576=EDGE_LOOP('',(#1370));
#2577=EDGE_LOOP('',(#1371,#1372,#1373,#1374,#1375,#1376,#1377,#1378,#1379,
#1380,#1381,#1382,#1383,#1384,#1385,#1386,#1387,#1388,#1389,#1390,#1391,
#1392,#1393,#1394,#1395,#1396,#1397,#1398,#1399,#1400,#1401,#1402,#1403,
#1404,#1405,#1406,#1407,#1408,#1409,#1410,#1411,#1412,#1413,#1414,#1415,
#1416,#1417,#1418,#1419,#1420,#1421,#1422,#1423,#1424,#1425,#1426,#1427,
#1428,#1429,#1430));
#2578=EDGE_LOOP('',(#1431,#1432,#1433,#1434));
#2579=EDGE_LOOP('',(#1435,#1436,#1437,#1438));
#2580=EDGE_LOOP('',(#1439,#1440,#1441,#1442));
#2581=EDGE_LOOP('',(#1443,#1444,#1445,#1446));
#2582=EDGE_LOOP('',(#1447,#1448,#1449,#1450));
#2583=EDGE_LOOP('',(#1451,#1452,#1453,#1454));
#2584=EDGE_LOOP('',(#1455,#1456,#1457,#1458));
#2585=EDGE_LOOP('',(#1459,#1460,#1461,#1462));
#2586=EDGE_LOOP('',(#1463,#1464,#1465,#1466));
#2587=EDGE_LOOP('',(#1467,#1468,#1469,#1470));
#2588=EDGE_LOOP('',(#1471,#1472,#1473,#1474));
#2589=EDGE_LOOP('',(#1475,#1476,#1477,#1478));
#2590=EDGE_LOOP('',(#1479));
#2591=EDGE_LOOP('',(#1480));
#2592=EDGE_LOOP('',(#1481));
#2593=EDGE_LOOP('',(#1482,#1483,#1484,#1485,#1486,#1487,#1488,#1489,#1490,
#1491,#1492,#1493,#1494,#1495,#1496,#1497,#1498,#1499,#1500,#1501,#1502,
#1503,#1504,#1505,#1506,#1507,#1508,#1509,#1510,#1511,#1512,#1513,#1514,
#1515,#1516,#1517,#1518,#1519,#1520,#1521,#1522,#1523,#1524,#1525,#1526,
#1527,#1528,#1529,#1530,#1531,#1532,#1533,#1534,#1535,#1536,#1537,#1538,
#1539,#1540,#1541));
#2594=FACE_BOUND('',#2422,.T.);
#2595=FACE_BOUND('',#2423,.T.);
#2596=FACE_BOUND('',#2424,.T.);
#2597=FACE_BOUND('',#2425,.T.);
#2598=FACE_BOUND('',#2426,.T.);
#2599=FACE_BOUND('',#2427,.T.);
#2600=FACE_BOUND('',#2428,.T.);
#2601=FACE_BOUND('',#2429,.T.);
#2602=FACE_BOUND('',#2430,.T.);
#2603=FACE_BOUND('',#2431,.T.);
#2604=FACE_BOUND('',#2432,.T.);
#2605=FACE_BOUND('',#2433,.T.);
#2606=FACE_BOUND('',#2434,.T.);
#2607=FACE_BOUND('',#2435,.T.);
#2608=FACE_BOUND('',#2436,.T.);
#2609=FACE_BOUND('',#2437,.T.);
#2610=FACE_BOUND('',#2438,.T.);
#2611=FACE_BOUND('',#2439,.T.);
#2612=FACE_BOUND('',#2440,.T.);
#2613=FACE_BOUND('',#2441,.T.);
#2614=FACE_BOUND('',#2442,.T.);
#2615=FACE_BOUND('',#2443,.T.);
#2616=FACE_BOUND('',#2444,.T.);
#2617=FACE_BOUND('',#2445,.T.);
#2618=FACE_BOUND('',#2446,.T.);
#2619=FACE_BOUND('',#2447,.T.);
#2620=FACE_BOUND('',#2448,.T.);
#2621=FACE_BOUND('',#2449,.T.);
#2622=FACE_BOUND('',#2450,.T.);
#2623=FACE_BOUND('',#2451,.T.);
#2624=FACE_BOUND('',#2452,.T.);
#2625=FACE_BOUND('',#2453,.T.);
#2626=FACE_BOUND('',#2454,.T.);
#2627=FACE_BOUND('',#2455,.T.);
#2628=FACE_BOUND('',#2456,.T.);
#2629=FACE_BOUND('',#2457,.T.);
#2630=FACE_BOUND('',#2458,.T.);
#2631=FACE_BOUND('',#2459,.T.);
#2632=FACE_BOUND('',#2460,.T.);
#2633=FACE_BOUND('',#2461,.T.);
#2634=FACE_BOUND('',#2462,.T.);
#2635=FACE_BOUND('',#2463,.T.);
#2636=FACE_BOUND('',#2464,.T.);
#2637=FACE_BOUND('',#2465,.T.);
#2638=FACE_BOUND('',#2466,.T.);
#2639=FACE_BOUND('',#2467,.T.);
#2640=FACE_BOUND('',#2468,.T.);
#2641=FACE_BOUND('',#2469,.T.);
#2642=FACE_BOUND('',#2470,.T.);
#2643=FACE_BOUND('',#2471,.T.);
#2644=FACE_BOUND('',#2472,.T.);
#2645=FACE_BOUND('',#2473,.T.);
#2646=FACE_BOUND('',#2474,.T.);
#2647=FACE_BOUND('',#2475,.T.);
#2648=FACE_BOUND('',#2476,.T.);
#2649=FACE_BOUND('',#2477,.T.);
#2650=FACE_BOUND('',#2478,.T.);
#2651=FACE_BOUND('',#2479,.T.);
#2652=FACE_BOUND('',#2480,.T.);
#2653=FACE_BOUND('',#2481,.T.);
#2654=FACE_BOUND('',#2482,.T.);
#2655=FACE_BOUND('',#2483,.T.);
#2656=FACE_BOUND('',#2484,.T.);
#2657=FACE_BOUND('',#2485,.T.);
#2658=FACE_BOUND('',#2486,.T.);
#2659=FACE_BOUND('',#2487,.T.);
#2660=FACE_BOUND('',#2488,.T.);
#2661=FACE_BOUND('',#2489,.T.);
#2662=FACE_BOUND('',#2490,.T.);
#2663=FACE_BOUND('',#2491,.T.);
#2664=FACE_BOUND('',#2492,.T.);
#2665=FACE_BOUND('',#2493,.T.);
#2666=FACE_BOUND('',#2494,.T.);
#2667=FACE_BOUND('',#2495,.T.);
#2668=FACE_BOUND('',#2496,.T.);
#2669=FACE_BOUND('',#2497,.T.);
#2670=FACE_BOUND('',#2498,.T.);
#2671=FACE_BOUND('',#2499,.T.);
#2672=FACE_BOUND('',#2500,.T.);
#2673=FACE_BOUND('',#2501,.T.);
#2674=FACE_BOUND('',#2502,.T.);
#2675=FACE_BOUND('',#2503,.T.);
#2676=FACE_BOUND('',#2504,.T.);
#2677=FACE_BOUND('',#2505,.T.);
#2678=FACE_BOUND('',#2506,.T.);
#2679=FACE_BOUND('',#2507,.T.);
#2680=FACE_BOUND('',#2508,.T.);
#2681=FACE_BOUND('',#2509,.T.);
#2682=FACE_BOUND('',#2510,.T.);
#2683=FACE_BOUND('',#2511,.T.);
#2684=FACE_BOUND('',#2512,.T.);
#2685=FACE_BOUND('',#2513,.T.);
#2686=FACE_BOUND('',#2514,.T.);
#2687=FACE_BOUND('',#2515,.T.);
#2688=FACE_BOUND('',#2516,.T.);
#2689=FACE_BOUND('',#2517,.T.);
#2690=FACE_BOUND('',#2518,.T.);
#2691=FACE_BOUND('',#2519,.T.);
#2692=FACE_BOUND('',#2520,.T.);
#2693=FACE_BOUND('',#2521,.T.);
#2694=FACE_BOUND('',#2522,.T.);
#2695=FACE_BOUND('',#2523,.T.);
#2696=FACE_BOUND('',#2524,.T.);
#2697=FACE_BOUND('',#2525,.T.);
#2698=FACE_BOUND('',#2526,.T.);
#2699=FACE_BOUND('',#2527,.T.);
#2700=FACE_BOUND('',#2528,.T.);
#2701=FACE_BOUND('',#2529,.T.);
#2702=FACE_BOUND('',#2530,.T.);
#2703=FACE_BOUND('',#2531,.T.);
#2704=FACE_BOUND('',#2532,.T.);
#2705=FACE_BOUND('',#2533,.T.);
#2706=FACE_BOUND('',#2534,.T.);
#2707=FACE_BOUND('',#2535,.T.);
#2708=FACE_BOUND('',#2536,.T.);
#2709=FACE_BOUND('',#2537,.T.);
#2710=FACE_BOUND('',#2538,.T.);
#2711=FACE_BOUND('',#2539,.T.);
#2712=FACE_BOUND('',#2540,.T.);
#2713=FACE_BOUND('',#2541,.T.);
#2714=FACE_BOUND('',#2542,.T.);
#2715=FACE_BOUND('',#2543,.T.);
#2716=FACE_BOUND('',#2544,.T.);
#2717=FACE_BOUND('',#2545,.T.);
#2718=FACE_BOUND('',#2546,.T.);
#2719=FACE_BOUND('',#2547,.T.);
#2720=FACE_BOUND('',#2548,.T.);
#2721=FACE_BOUND('',#2549,.T.);
#2722=FACE_BOUND('',#2550,.T.);
#2723=FACE_BOUND('',#2551,.T.);
#2724=FACE_BOUND('',#2552,.T.);
#2725=FACE_BOUND('',#2553,.T.);
#2726=FACE_BOUND('',#2554,.T.);
#2727=FACE_BOUND('',#2555,.T.);
#2728=FACE_BOUND('',#2556,.T.);
#2729=FACE_BOUND('',#2557,.T.);
#2730=FACE_BOUND('',#2558,.T.);
#2731=FACE_BOUND('',#2559,.T.);
#2732=FACE_BOUND('',#2560,.T.);
#2733=FACE_BOUND('',#2561,.T.);
#2734=FACE_BOUND('',#2562,.T.);
#2735=FACE_BOUND('',#2563,.T.);
#2736=FACE_BOUND('',#2564,.T.);
#2737=FACE_BOUND('',#2565,.T.);
#2738=FACE_BOUND('',#2566,.T.);
#2739=FACE_BOUND('',#2567,.T.);
#2740=FACE_BOUND('',#2568,.T.);
#2741=FACE_BOUND('',#2569,.T.);
#2742=FACE_BOUND('',#2570,.T.);
#2743=FACE_BOUND('',#2571,.T.);
#2744=FACE_BOUND('',#2572,.T.);
#2745=FACE_BOUND('',#2573,.T.);
#2746=FACE_BOUND('',#2574,.T.);
#2747=FACE_BOUND('',#2575,.T.);
#2748=FACE_BOUND('',#2576,.T.);
#2749=FACE_BOUND('',#2577,.T.);
#2750=FACE_BOUND('',#2578,.T.);
#2751=FACE_BOUND('',#2579,.T.);
#2752=FACE_BOUND('',#2580,.T.);
#2753=FACE_BOUND('',#2581,.T.);
#2754=FACE_BOUND('',#2582,.T.);
#2755=FACE_BOUND('',#2583,.T.);
#2756=FACE_BOUND('',#2584,.T.);
#2757=FACE_BOUND('',#2585,.T.);
#2758=FACE_BOUND('',#2586,.T.);
#2759=FACE_BOUND('',#2587,.T.);
#2760=FACE_BOUND('',#2588,.T.);
#2761=FACE_BOUND('',#2589,.T.);
#2762=FACE_BOUND('',#2590,.T.);
#2763=FACE_BOUND('',#2591,.T.);
#2764=FACE_BOUND('',#2592,.T.);
#2765=FACE_BOUND('',#2593,.T.);
#2766=PLANE('',#3037);
#2767=PLANE('',#3040);
#2768=PLANE('',#3043);
#2769=PLANE('',#3062);
#2770=PLANE('',#3100);
#2771=PLANE('',#3103);
#2772=PLANE('',#3106);
#2773=PLANE('',#3109);
#2774=PLANE('',#3112);
#2775=PLANE('',#3115);
#2776=PLANE('',#3118);
#2777=PLANE('',#3121);
#2778=PLANE('',#3124);
#2779=PLANE('',#3127);
#2780=PLANE('',#3130);
#2781=PLANE('',#3133);
#2782=PLANE('',#3136);
#2783=PLANE('',#3139);
#2784=PLANE('',#3142);
#2785=PLANE('',#3145);
#2786=PLANE('',#3148);
#2787=PLANE('',#3151);
#2788=PLANE('',#3154);
#2789=PLANE('',#3157);
#2790=PLANE('',#3160);
#2791=PLANE('',#3163);
#2792=PLANE('',#3166);
#2793=PLANE('',#3169);
#2794=PLANE('',#3172);
#2795=PLANE('',#3175);
#2796=PLANE('',#3178);
#2797=PLANE('',#3181);
#2798=PLANE('',#3184);
#2799=PLANE('',#3190);
#2800=PLANE('',#3191);
#2801=PLANE('',#3198);
#2802=PLANE('',#3202);
#2803=PLANE('',#3206);
#2804=PLANE('',#3210);
#2805=PLANE('',#3214);
#2806=PLANE('',#3218);
#2807=PLANE('',#3222);
#2808=PLANE('',#3226);
#2809=PLANE('',#3230);
#2810=PLANE('',#3234);
#2811=PLANE('',#3238);
#2812=PLANE('',#3242);
#2813=PLANE('',#3246);
#2814=PLANE('',#3250);
#2815=PLANE('',#3254);
#2816=PLANE('',#3258);
#2817=PLANE('',#3262);
#2818=PLANE('',#3266);
#2819=PLANE('',#3270);
#2820=PLANE('',#3274);
#2821=PLANE('',#3278);
#2822=PLANE('',#3282);
#2823=PLANE('',#3286);
#2824=PLANE('',#3290);
#2825=PLANE('',#3294);
#2826=PLANE('',#3298);
#2827=PLANE('',#3302);
#2828=PLANE('',#3306);
#2829=PLANE('',#3310);
#2830=PLANE('',#3317);
#2831=PLANE('',#3318);
#2832=PLANE('',#3320);
#2833=PLANE('',#3321);
#2834=PLANE('',#3326);
#2835=PLANE('',#3331);
#2836=PLANE('',#3335);
#2837=PLANE('',#3339);
#2838=PLANE('',#3340);
#2839=PLANE('',#3341);
#2840=PLANE('',#3342);
#2841=PLANE('',#3343);
#2842=PLANE('',#3344);
#2843=PLANE('',#3345);
#2844=PLANE('',#3346);
#2845=PLANE('',#3347);
#2846=PLANE('',#3348);
#2847=PLANE('',#3349);
#2848=PLANE('',#3350);
#2849=PLANE('',#3351);
#2850=PLANE('',#3352);
#2851=PLANE('',#3354);
#2852=ADVANCED_FACE('',(#2594),#2766,.T.);
#2853=ADVANCED_FACE('',(#2595),#2767,.T.);
#2854=ADVANCED_FACE('',(#2596),#2768,.T.);
#2855=ADVANCED_FACE('',(#2597),#30,.F.);
#2856=ADVANCED_FACE('',(#2598),#31,.T.);
#2857=ADVANCED_FACE('',(#2599),#32,.F.);
#2858=ADVANCED_FACE('',(#2600),#33,.T.);
#2859=ADVANCED_FACE('',(#2601,#2602,#2603,#2604,#2605,#2606),#2769,.F.);
#2860=ADVANCED_FACE('',(#2607),#34,.F.);
#2861=ADVANCED_FACE('',(#2608),#2770,.F.);
#2862=ADVANCED_FACE('',(#2609),#35,.F.);
#2863=ADVANCED_FACE('',(#2610),#2771,.T.);
#2864=ADVANCED_FACE('',(#2611),#36,.F.);
#2865=ADVANCED_FACE('',(#2612),#2772,.F.);
#2866=ADVANCED_FACE('',(#2613),#37,.F.);
#2867=ADVANCED_FACE('',(#2614),#2773,.T.);
#2868=ADVANCED_FACE('',(#2615),#38,.F.);
#2869=ADVANCED_FACE('',(#2616),#2774,.F.);
#2870=ADVANCED_FACE('',(#2617),#39,.F.);
#2871=ADVANCED_FACE('',(#2618),#2775,.T.);
#2872=ADVANCED_FACE('',(#2619),#40,.F.);
#2873=ADVANCED_FACE('',(#2620),#2776,.F.);
#2874=ADVANCED_FACE('',(#2621),#41,.F.);
#2875=ADVANCED_FACE('',(#2622),#2777,.T.);
#2876=ADVANCED_FACE('',(#2623),#42,.F.);
#2877=ADVANCED_FACE('',(#2624),#2778,.F.);
#2878=ADVANCED_FACE('',(#2625),#43,.F.);
#2879=ADVANCED_FACE('',(#2626),#2779,.T.);
#2880=ADVANCED_FACE('',(#2627),#44,.F.);
#2881=ADVANCED_FACE('',(#2628),#2780,.F.);
#2882=ADVANCED_FACE('',(#2629),#45,.F.);
#2883=ADVANCED_FACE('',(#2630),#2781,.T.);
#2884=ADVANCED_FACE('',(#2631),#46,.F.);
#2885=ADVANCED_FACE('',(#2632),#2782,.F.);
#2886=ADVANCED_FACE('',(#2633),#47,.F.);
#2887=ADVANCED_FACE('',(#2634),#2783,.T.);
#2888=ADVANCED_FACE('',(#2635),#48,.F.);
#2889=ADVANCED_FACE('',(#2636),#2784,.F.);
#2890=ADVANCED_FACE('',(#2637),#49,.F.);
#2891=ADVANCED_FACE('',(#2638),#2785,.T.);
#2892=ADVANCED_FACE('',(#2639),#50,.F.);
#2893=ADVANCED_FACE('',(#2640),#2786,.F.);
#2894=ADVANCED_FACE('',(#2641),#51,.F.);
#2895=ADVANCED_FACE('',(#2642),#2787,.T.);
#2896=ADVANCED_FACE('',(#2643),#52,.F.);
#2897=ADVANCED_FACE('',(#2644),#2788,.F.);
#2898=ADVANCED_FACE('',(#2645),#53,.F.);
#2899=ADVANCED_FACE('',(#2646),#2789,.T.);
#2900=ADVANCED_FACE('',(#2647),#54,.F.);
#2901=ADVANCED_FACE('',(#2648),#2790,.F.);
#2902=ADVANCED_FACE('',(#2649),#55,.F.);
#2903=ADVANCED_FACE('',(#2650),#2791,.T.);
#2904=ADVANCED_FACE('',(#2651),#56,.F.);
#2905=ADVANCED_FACE('',(#2652),#2792,.F.);
#2906=ADVANCED_FACE('',(#2653),#57,.F.);
#2907=ADVANCED_FACE('',(#2654),#2793,.T.);
#2908=ADVANCED_FACE('',(#2655),#58,.F.);
#2909=ADVANCED_FACE('',(#2656),#2794,.F.);
#2910=ADVANCED_FACE('',(#2657),#59,.F.);
#2911=ADVANCED_FACE('',(#2658),#2795,.T.);
#2912=ADVANCED_FACE('',(#2659),#60,.F.);
#2913=ADVANCED_FACE('',(#2660),#2796,.F.);
#2914=ADVANCED_FACE('',(#2661),#61,.F.);
#2915=ADVANCED_FACE('',(#2662),#2797,.T.);
#2916=ADVANCED_FACE('',(#2663),#62,.F.);
#2917=ADVANCED_FACE('',(#2664),#2798,.F.);
#2918=ADVANCED_FACE('',(#2665),#63,.F.);
#2919=ADVANCED_FACE('',(#2666,#2667),#64,.T.);
#2920=ADVANCED_FACE('',(#2668),#2799,.T.);
#2921=ADVANCED_FACE('',(#2669,#2670),#2800,.T.);
#2922=ADVANCED_FACE('',(#2671,#2672),#65,.T.);
#2923=ADVANCED_FACE('',(#2673),#66,.F.);
#2924=ADVANCED_FACE('',(#2674),#2801,.F.);
#2925=ADVANCED_FACE('',(#2675),#67,.F.);
#2926=ADVANCED_FACE('',(#2676),#2802,.T.);
#2927=ADVANCED_FACE('',(#2677),#68,.F.);
#2928=ADVANCED_FACE('',(#2678),#2803,.F.);
#2929=ADVANCED_FACE('',(#2679),#69,.F.);
#2930=ADVANCED_FACE('',(#2680),#2804,.T.);
#2931=ADVANCED_FACE('',(#2681),#70,.F.);
#2932=ADVANCED_FACE('',(#2682),#2805,.F.);
#2933=ADVANCED_FACE('',(#2683),#71,.F.);
#2934=ADVANCED_FACE('',(#2684),#2806,.T.);
#2935=ADVANCED_FACE('',(#2685),#72,.F.);
#2936=ADVANCED_FACE('',(#2686),#2807,.F.);
#2937=ADVANCED_FACE('',(#2687),#73,.F.);
#2938=ADVANCED_FACE('',(#2688),#2808,.T.);
#2939=ADVANCED_FACE('',(#2689),#74,.F.);
#2940=ADVANCED_FACE('',(#2690),#2809,.F.);
#2941=ADVANCED_FACE('',(#2691),#75,.F.);
#2942=ADVANCED_FACE('',(#2692),#2810,.T.);
#2943=ADVANCED_FACE('',(#2693),#76,.F.);
#2944=ADVANCED_FACE('',(#2694),#2811,.F.);
#2945=ADVANCED_FACE('',(#2695),#77,.F.);
#2946=ADVANCED_FACE('',(#2696),#2812,.T.);
#2947=ADVANCED_FACE('',(#2697),#78,.F.);
#2948=ADVANCED_FACE('',(#2698),#2813,.F.);
#2949=ADVANCED_FACE('',(#2699),#79,.F.);
#2950=ADVANCED_FACE('',(#2700),#2814,.T.);
#2951=ADVANCED_FACE('',(#2701),#80,.F.);
#2952=ADVANCED_FACE('',(#2702),#2815,.F.);
#2953=ADVANCED_FACE('',(#2703),#81,.F.);
#2954=ADVANCED_FACE('',(#2704),#2816,.T.);
#2955=ADVANCED_FACE('',(#2705),#82,.F.);
#2956=ADVANCED_FACE('',(#2706),#2817,.F.);
#2957=ADVANCED_FACE('',(#2707),#83,.F.);
#2958=ADVANCED_FACE('',(#2708),#2818,.T.);
#2959=ADVANCED_FACE('',(#2709),#84,.F.);
#2960=ADVANCED_FACE('',(#2710),#2819,.F.);
#2961=ADVANCED_FACE('',(#2711),#85,.F.);
#2962=ADVANCED_FACE('',(#2712),#2820,.T.);
#2963=ADVANCED_FACE('',(#2713),#86,.F.);
#2964=ADVANCED_FACE('',(#2714),#2821,.F.);
#2965=ADVANCED_FACE('',(#2715),#87,.F.);
#2966=ADVANCED_FACE('',(#2716),#2822,.T.);
#2967=ADVANCED_FACE('',(#2717),#88,.F.);
#2968=ADVANCED_FACE('',(#2718),#2823,.F.);
#2969=ADVANCED_FACE('',(#2719),#89,.F.);
#2970=ADVANCED_FACE('',(#2720),#2824,.T.);
#2971=ADVANCED_FACE('',(#2721),#90,.F.);
#2972=ADVANCED_FACE('',(#2722),#2825,.F.);
#2973=ADVANCED_FACE('',(#2723),#91,.F.);
#2974=ADVANCED_FACE('',(#2724),#2826,.T.);
#2975=ADVANCED_FACE('',(#2725),#92,.F.);
#2976=ADVANCED_FACE('',(#2726),#2827,.F.);
#2977=ADVANCED_FACE('',(#2727),#93,.F.);
#2978=ADVANCED_FACE('',(#2728),#2828,.T.);
#2979=ADVANCED_FACE('',(#2729),#94,.F.);
#2980=ADVANCED_FACE('',(#2730),#2829,.F.);
#2981=ADVANCED_FACE('',(#2731),#95,.F.);
#2982=ADVANCED_FACE('',(#2732,#2733),#96,.T.);
#2983=ADVANCED_FACE('',(#2734),#2830,.T.);
#2984=ADVANCED_FACE('',(#2735,#2736),#2831,.F.);
#2985=ADVANCED_FACE('',(#2737,#2738),#2832,.T.);
#2986=ADVANCED_FACE('',(#2739),#2833,.T.);
#2987=ADVANCED_FACE('',(#2740),#97,.F.);
#2988=ADVANCED_FACE('',(#2741),#2834,.F.);
#2989=ADVANCED_FACE('',(#2742),#98,.T.);
#2990=ADVANCED_FACE('',(#2743),#2835,.T.);
#2991=ADVANCED_FACE('',(#2744),#99,.F.);
#2992=ADVANCED_FACE('',(#2745),#2836,.F.);
#2993=ADVANCED_FACE('',(#2746),#100,.T.);
#2994=ADVANCED_FACE('',(#2747),#2837,.T.);
#2995=ADVANCED_FACE('',(#2748,#2749),#2838,.F.);
#2996=ADVANCED_FACE('',(#2750),#2839,.T.);
#2997=ADVANCED_FACE('',(#2751),#2840,.T.);
#2998=ADVANCED_FACE('',(#2752),#2841,.F.);
#2999=ADVANCED_FACE('',(#2753),#2842,.T.);
#3000=ADVANCED_FACE('',(#2754),#2843,.F.);
#3001=ADVANCED_FACE('',(#2755),#2844,.T.);
#3002=ADVANCED_FACE('',(#2756),#2845,.F.);
#3003=ADVANCED_FACE('',(#2757),#2846,.F.);
#3004=ADVANCED_FACE('',(#2758),#2847,.F.);
#3005=ADVANCED_FACE('',(#2759),#2848,.T.);
#3006=ADVANCED_FACE('',(#2760),#2849,.F.);
#3007=ADVANCED_FACE('',(#2761),#2850,.T.);
#3008=ADVANCED_FACE('',(#2762,#2763),#101,.F.);
#3009=ADVANCED_FACE('',(#2764,#2765),#2851,.F.);
#3010=CLOSED_SHELL('',(#2852,#2853,#2854,#2855,#2856,#2857,#2858,#2859,
#2860,#2861,#2862,#2863,#2864,#2865,#2866,#2867,#2868,#2869,#2870,#2871,
#2872,#2873,#2874,#2875,#2876,#2877,#2878,#2879,#2880,#2881,#2882,#2883,
#2884,#2885,#2886,#2887,#2888,#2889,#2890,#2891,#2892,#2893,#2894,#2895,
#2896,#2897,#2898,#2899,#2900,#2901,#2902,#2903,#2904,#2905,#2906,#2907,
#2908,#2909,#2910,#2911,#2912,#2913,#2914,#2915,#2916,#2917,#2918,#2919,
#2920,#2921,#2922,#2923,#2924,#2925,#2926,#2927,#2928,#2929,#2930,#2931,
#2932,#2933,#2934,#2935,#2936,#2937,#2938,#2939,#2940,#2941,#2942,#2943,
#2944,#2945,#2946,#2947,#2948,#2949,#2950,#2951,#2952,#2953,#2954,#2955,
#2956,#2957,#2958,#2959,#2960,#2961,#2962,#2963,#2964,#2965,#2966,#2967,
#2968,#2969,#2970,#2971,#2972,#2973,#2974,#2975,#2976,#2977,#2978,#2979,
#2980,#2981,#2982,#2983,#2984,#2985,#2986,#2987,#2988,#2989,#2990,#2991,
#2992,#2993,#2994,#2995,#2996,#2997,#2998,#2999,#3000,#3001,#3002,#3003,
#3004,#3005,#3006,#3007,#3008,#3009));
#3011=STYLED_ITEM('',(#3012),#3033);
#3012=PRESENTATION_STYLE_ASSIGNMENT((#3015));
#3013=PRESENTATION_STYLE_ASSIGNMENT((#3016));
#3014=PRESENTATION_STYLE_ASSIGNMENT((#3017));
#3015=SURFACE_STYLE_USAGE(.BOTH.,#3018);
#3016=SURFACE_STYLE_USAGE(.BOTH.,#3019);
#3017=SURFACE_STYLE_USAGE(.BOTH.,#3020);
#3018=SURFACE_SIDE_STYLE('',(#3021));
#3019=SURFACE_SIDE_STYLE('',(#3022));
#3020=SURFACE_SIDE_STYLE('',(#3023));
#3021=SURFACE_STYLE_FILL_AREA(#3024);
#3022=SURFACE_STYLE_FILL_AREA(#3025);
#3023=SURFACE_STYLE_FILL_AREA(#3026);
#3024=FILL_AREA_STYLE('',(#3027));
#3025=FILL_AREA_STYLE('',(#3028));
#3026=FILL_AREA_STYLE('',(#3029));
#3027=FILL_AREA_STYLE_COLOUR('',#3030);
#3028=FILL_AREA_STYLE_COLOUR('',#3031);
#3029=FILL_AREA_STYLE_COLOUR('',#3032);
#3030=COLOUR_RGB('',0.0431372549019608,0.215686274509804,0.403921568627451);
#3031=COLOUR_RGB('',0.980392156862745,0.796078431372549,0.262745098039216);
#3032=COLOUR_RGB('',0.866666666666667,0.32156862745098,0.156862745098039);
#3033=MANIFOLD_SOLID_BREP('C2 Male',#3010);
#3034=SHAPE_DEFINITION_REPRESENTATION(#5174,#3035);
#3035=SHAPE_REPRESENTATION('C2 Male',(#3036),#5169);
#3036=AXIS2_PLACEMENT_3D('',#4273,#3355,#3356);
#3037=AXIS2_PLACEMENT_3D('',#4274,#3357,#3358);
#3038=AXIS2_PLACEMENT_3D('',#4275,#3359,#3360);
#3039=AXIS2_PLACEMENT_3D('',#4280,#3362,#3363);
#3040=AXIS2_PLACEMENT_3D('',#4283,#3365,#3366);
#3041=AXIS2_PLACEMENT_3D('',#4284,#3367,#3368);
#3042=AXIS2_PLACEMENT_3D('',#4289,#3370,#3371);
#3043=AXIS2_PLACEMENT_3D('',#4292,#3373,#3374);
#3044=AXIS2_PLACEMENT_3D('',#4293,#3375,#3376);
#3045=AXIS2_PLACEMENT_3D('',#4298,#3378,#3379);
#3046=AXIS2_PLACEMENT_3D('',#4301,#3381,#3382);
#3047=AXIS2_PLACEMENT_3D('',#4305,#3384,#3385);
#3048=AXIS2_PLACEMENT_3D('',#4306,#3386,#3387);
#3049=AXIS2_PLACEMENT_3D('',#4310,#3389,#3390);
#3050=AXIS2_PLACEMENT_3D('',#4311,#3391,#3392);
#3051=AXIS2_PLACEMENT_3D('',#4312,#3393,#3394);
#3052=AXIS2_PLACEMENT_3D('',#4316,#3396,#3397);
#3053=AXIS2_PLACEMENT_3D('',#4320,#3399,#3400);
#3054=AXIS2_PLACEMENT_3D('',#4321,#3401,#3402);
#3055=AXIS2_PLACEMENT_3D('',#4325,#3404,#3405);
#3056=AXIS2_PLACEMENT_3D('',#4326,#3406,#3407);
#3057=AXIS2_PLACEMENT_3D('',#4330,#3409,#3410);
#3058=AXIS2_PLACEMENT_3D('',#4331,#3411,#3412);
#3059=AXIS2_PLACEMENT_3D('',#4332,#3413,#3414);
#3060=AXIS2_PLACEMENT_3D('',#4336,#3416,#3417);
#3061=AXIS2_PLACEMENT_3D('',#4340,#3419,#3420);
#3062=AXIS2_PLACEMENT_3D('',#4341,#3421,#3422);
#3063=AXIS2_PLACEMENT_3D('',#4342,#3423,#3424);
#3064=AXIS2_PLACEMENT_3D('',#4348,#3429,#3430);
#3065=AXIS2_PLACEMENT_3D('',#4353,#3432,#3433);
#3066=AXIS2_PLACEMENT_3D('',#4357,#3435,#3436);
#3067=AXIS2_PLACEMENT_3D('',#4361,#3438,#3439);
#3068=AXIS2_PLACEMENT_3D('',#4365,#3441,#3442);
#3069=AXIS2_PLACEMENT_3D('',#4369,#3444,#3445);
#3070=AXIS2_PLACEMENT_3D('',#4373,#3447,#3448);
#3071=AXIS2_PLACEMENT_3D('',#4377,#3450,#3451);
#3072=AXIS2_PLACEMENT_3D('',#4381,#3453,#3454);
#3073=AXIS2_PLACEMENT_3D('',#4385,#3456,#3457);
#3074=AXIS2_PLACEMENT_3D('',#4389,#3459,#3460);
#3075=AXIS2_PLACEMENT_3D('',#4393,#3462,#3463);
#3076=AXIS2_PLACEMENT_3D('',#4397,#3465,#3466);
#3077=AXIS2_PLACEMENT_3D('',#4401,#3468,#3469);
#3078=AXIS2_PLACEMENT_3D('',#4405,#3471,#3472);
#3079=AXIS2_PLACEMENT_3D('',#4409,#3474,#3475);
#3080=AXIS2_PLACEMENT_3D('',#4413,#3477,#3478);
#3081=AXIS2_PLACEMENT_3D('',#4417,#3480,#3481);
#3082=AXIS2_PLACEMENT_3D('',#4421,#3483,#3484);
#3083=AXIS2_PLACEMENT_3D('',#4425,#3486,#3487);
#3084=AXIS2_PLACEMENT_3D('',#4429,#3489,#3490);
#3085=AXIS2_PLACEMENT_3D('',#4433,#3492,#3493);
#3086=AXIS2_PLACEMENT_3D('',#4437,#3495,#3496);
#3087=AXIS2_PLACEMENT_3D('',#4441,#3498,#3499);
#3088=AXIS2_PLACEMENT_3D('',#4445,#3501,#3502);
#3089=AXIS2_PLACEMENT_3D('',#4449,#3504,#3505);
#3090=AXIS2_PLACEMENT_3D('',#4453,#3507,#3508);
#3091=AXIS2_PLACEMENT_3D('',#4457,#3510,#3511);
#3092=AXIS2_PLACEMENT_3D('',#4461,#3513,#3514);
#3093=AXIS2_PLACEMENT_3D('',#4465,#3516,#3517);
#3094=AXIS2_PLACEMENT_3D('',#4468,#3519,#3520);
#3095=AXIS2_PLACEMENT_3D('',#4473,#3522,#3523);
#3096=AXIS2_PLACEMENT_3D('',#4479,#3526,#3527);
#3097=AXIS2_PLACEMENT_3D('',#4483,#3529,#3530);
#3098=AXIS2_PLACEMENT_3D('',#4484,#3531,#3532);
#3099=AXIS2_PLACEMENT_3D('',#4487,#3534,#3535);
#3100=AXIS2_PLACEMENT_3D('',#4490,#3537,#3538);
#3101=AXIS2_PLACEMENT_3D('',#4494,#3541,#3542);
#3102=AXIS2_PLACEMENT_3D('',#4495,#3543,#3544);
#3103=AXIS2_PLACEMENT_3D('',#4498,#3546,#3547);
#3104=AXIS2_PLACEMENT_3D('',#4502,#3550,#3551);
#3105=AXIS2_PLACEMENT_3D('',#4503,#3552,#3553);
#3106=AXIS2_PLACEMENT_3D('',#4506,#3555,#3556);
#3107=AXIS2_PLACEMENT_3D('',#4510,#3559,#3560);
#3108=AXIS2_PLACEMENT_3D('',#4511,#3561,#3562);
#3109=AXIS2_PLACEMENT_3D('',#4514,#3564,#3565);
#3110=AXIS2_PLACEMENT_3D('',#4518,#3568,#3569);
#3111=AXIS2_PLACEMENT_3D('',#4519,#3570,#3571);
#3112=AXIS2_PLACEMENT_3D('',#4522,#3573,#3574);
#3113=AXIS2_PLACEMENT_3D('',#4526,#3577,#3578);
#3114=AXIS2_PLACEMENT_3D('',#4527,#3579,#3580);
#3115=AXIS2_PLACEMENT_3D('',#4530,#3582,#3583);
#3116=AXIS2_PLACEMENT_3D('',#4534,#3586,#3587);
#3117=AXIS2_PLACEMENT_3D('',#4535,#3588,#3589);
#3118=AXIS2_PLACEMENT_3D('',#4538,#3591,#3592);
#3119=AXIS2_PLACEMENT_3D('',#4542,#3595,#3596);
#3120=AXIS2_PLACEMENT_3D('',#4543,#3597,#3598);
#3121=AXIS2_PLACEMENT_3D('',#4546,#3600,#3601);
#3122=AXIS2_PLACEMENT_3D('',#4550,#3604,#3605);
#3123=AXIS2_PLACEMENT_3D('',#4551,#3606,#3607);
#3124=AXIS2_PLACEMENT_3D('',#4554,#3609,#3610);
#3125=AXIS2_PLACEMENT_3D('',#4558,#3613,#3614);
#3126=AXIS2_PLACEMENT_3D('',#4559,#3615,#3616);
#3127=AXIS2_PLACEMENT_3D('',#4562,#3618,#3619);
#3128=AXIS2_PLACEMENT_3D('',#4566,#3622,#3623);
#3129=AXIS2_PLACEMENT_3D('',#4567,#3624,#3625);
#3130=AXIS2_PLACEMENT_3D('',#4570,#3627,#3628);
#3131=AXIS2_PLACEMENT_3D('',#4574,#3631,#3632);
#3132=AXIS2_PLACEMENT_3D('',#4575,#3633,#3634);
#3133=AXIS2_PLACEMENT_3D('',#4578,#3636,#3637);
#3134=AXIS2_PLACEMENT_3D('',#4582,#3640,#3641);
#3135=AXIS2_PLACEMENT_3D('',#4583,#3642,#3643);
#3136=AXIS2_PLACEMENT_3D('',#4586,#3645,#3646);
#3137=AXIS2_PLACEMENT_3D('',#4590,#3649,#3650);
#3138=AXIS2_PLACEMENT_3D('',#4591,#3651,#3652);
#3139=AXIS2_PLACEMENT_3D('',#4594,#3654,#3655);
#3140=AXIS2_PLACEMENT_3D('',#4598,#3658,#3659);
#3141=AXIS2_PLACEMENT_3D('',#4599,#3660,#3661);
#3142=AXIS2_PLACEMENT_3D('',#4602,#3663,#3664);
#3143=AXIS2_PLACEMENT_3D('',#4606,#3667,#3668);
#3144=AXIS2_PLACEMENT_3D('',#4607,#3669,#3670);
#3145=AXIS2_PLACEMENT_3D('',#4610,#3672,#3673);
#3146=AXIS2_PLACEMENT_3D('',#4614,#3676,#3677);
#3147=AXIS2_PLACEMENT_3D('',#4615,#3678,#3679);
#3148=AXIS2_PLACEMENT_3D('',#4618,#3681,#3682);
#3149=AXIS2_PLACEMENT_3D('',#4622,#3685,#3686);
#3150=AXIS2_PLACEMENT_3D('',#4623,#3687,#3688);
#3151=AXIS2_PLACEMENT_3D('',#4626,#3690,#3691);
#3152=AXIS2_PLACEMENT_3D('',#4630,#3694,#3695);
#3153=AXIS2_PLACEMENT_3D('',#4631,#3696,#3697);
#3154=AXIS2_PLACEMENT_3D('',#4634,#3699,#3700);
#3155=AXIS2_PLACEMENT_3D('',#4638,#3703,#3704);
#3156=AXIS2_PLACEMENT_3D('',#4639,#3705,#3706);
#3157=AXIS2_PLACEMENT_3D('',#4642,#3708,#3709);
#3158=AXIS2_PLACEMENT_3D('',#4646,#3712,#3713);
#3159=AXIS2_PLACEMENT_3D('',#4647,#3714,#3715);
#3160=AXIS2_PLACEMENT_3D('',#4650,#3717,#3718);
#3161=AXIS2_PLACEMENT_3D('',#4654,#3721,#3722);
#3162=AXIS2_PLACEMENT_3D('',#4655,#3723,#3724);
#3163=AXIS2_PLACEMENT_3D('',#4658,#3726,#3727);
#3164=AXIS2_PLACEMENT_3D('',#4662,#3730,#3731);
#3165=AXIS2_PLACEMENT_3D('',#4663,#3732,#3733);
#3166=AXIS2_PLACEMENT_3D('',#4666,#3735,#3736);
#3167=AXIS2_PLACEMENT_3D('',#4670,#3739,#3740);
#3168=AXIS2_PLACEMENT_3D('',#4671,#3741,#3742);
#3169=AXIS2_PLACEMENT_3D('',#4674,#3744,#3745);
#3170=AXIS2_PLACEMENT_3D('',#4678,#3748,#3749);
#3171=AXIS2_PLACEMENT_3D('',#4679,#3750,#3751);
#3172=AXIS2_PLACEMENT_3D('',#4682,#3753,#3754);
#3173=AXIS2_PLACEMENT_3D('',#4686,#3757,#3758);
#3174=AXIS2_PLACEMENT_3D('',#4687,#3759,#3760);
#3175=AXIS2_PLACEMENT_3D('',#4690,#3762,#3763);
#3176=AXIS2_PLACEMENT_3D('',#4694,#3766,#3767);
#3177=AXIS2_PLACEMENT_3D('',#4695,#3768,#3769);
#3178=AXIS2_PLACEMENT_3D('',#4698,#3771,#3772);
#3179=AXIS2_PLACEMENT_3D('',#4702,#3775,#3776);
#3180=AXIS2_PLACEMENT_3D('',#4703,#3777,#3778);
#3181=AXIS2_PLACEMENT_3D('',#4706,#3780,#3781);
#3182=AXIS2_PLACEMENT_3D('',#4710,#3784,#3785);
#3183=AXIS2_PLACEMENT_3D('',#4711,#3786,#3787);
#3184=AXIS2_PLACEMENT_3D('',#4714,#3789,#3790);
#3185=AXIS2_PLACEMENT_3D('',#4718,#3793,#3794);
#3186=AXIS2_PLACEMENT_3D('',#4719,#3795,#3796);
#3187=AXIS2_PLACEMENT_3D('',#4722,#3798,#3799);
#3188=AXIS2_PLACEMENT_3D('',#4723,#3800,#3801);
#3189=AXIS2_PLACEMENT_3D('',#4725,#3802,#3803);
#3190=AXIS2_PLACEMENT_3D('',#4727,#3804,#3805);
#3191=AXIS2_PLACEMENT_3D('',#4729,#3807,#3808);
#3192=AXIS2_PLACEMENT_3D('',#4730,#3809,#3810);
#3193=AXIS2_PLACEMENT_3D('',#4732,#3811,#3812);
#3194=AXIS2_PLACEMENT_3D('',#4733,#3813,#3814);
#3195=AXIS2_PLACEMENT_3D('',#4735,#3815,#3816);
#3196=AXIS2_PLACEMENT_3D('',#4739,#3818,#3819);
#3197=AXIS2_PLACEMENT_3D('',#4743,#3821,#3822);
#3198=AXIS2_PLACEMENT_3D('',#4744,#3823,#3824);
#3199=AXIS2_PLACEMENT_3D('',#4750,#3828,#3829);
#3200=AXIS2_PLACEMENT_3D('',#4754,#3831,#3832);
#3201=AXIS2_PLACEMENT_3D('',#4755,#3833,#3834);
#3202=AXIS2_PLACEMENT_3D('',#4756,#3835,#3836);
#3203=AXIS2_PLACEMENT_3D('',#4762,#3840,#3841);
#3204=AXIS2_PLACEMENT_3D('',#4766,#3843,#3844);
#3205=AXIS2_PLACEMENT_3D('',#4767,#3845,#3846);
#3206=AXIS2_PLACEMENT_3D('',#4768,#3847,#3848);
#3207=AXIS2_PLACEMENT_3D('',#4774,#3852,#3853);
#3208=AXIS2_PLACEMENT_3D('',#4778,#3855,#3856);
#3209=AXIS2_PLACEMENT_3D('',#4779,#3857,#3858);
#3210=AXIS2_PLACEMENT_3D('',#4780,#3859,#3860);
#3211=AXIS2_PLACEMENT_3D('',#4786,#3864,#3865);
#3212=AXIS2_PLACEMENT_3D('',#4790,#3867,#3868);
#3213=AXIS2_PLACEMENT_3D('',#4791,#3869,#3870);
#3214=AXIS2_PLACEMENT_3D('',#4792,#3871,#3872);
#3215=AXIS2_PLACEMENT_3D('',#4798,#3876,#3877);
#3216=AXIS2_PLACEMENT_3D('',#4802,#3879,#3880);
#3217=AXIS2_PLACEMENT_3D('',#4803,#3881,#3882);
#3218=AXIS2_PLACEMENT_3D('',#4804,#3883,#3884);
#3219=AXIS2_PLACEMENT_3D('',#4810,#3888,#3889);
#3220=AXIS2_PLACEMENT_3D('',#4814,#3891,#3892);
#3221=AXIS2_PLACEMENT_3D('',#4815,#3893,#3894);
#3222=AXIS2_PLACEMENT_3D('',#4816,#3895,#3896);
#3223=AXIS2_PLACEMENT_3D('',#4822,#3900,#3901);
#3224=AXIS2_PLACEMENT_3D('',#4826,#3903,#3904);
#3225=AXIS2_PLACEMENT_3D('',#4827,#3905,#3906);
#3226=AXIS2_PLACEMENT_3D('',#4828,#3907,#3908);
#3227=AXIS2_PLACEMENT_3D('',#4834,#3912,#3913);
#3228=AXIS2_PLACEMENT_3D('',#4838,#3915,#3916);
#3229=AXIS2_PLACEMENT_3D('',#4839,#3917,#3918);
#3230=AXIS2_PLACEMENT_3D('',#4840,#3919,#3920);
#3231=AXIS2_PLACEMENT_3D('',#4846,#3924,#3925);
#3232=AXIS2_PLACEMENT_3D('',#4850,#3927,#3928);
#3233=AXIS2_PLACEMENT_3D('',#4851,#3929,#3930);
#3234=AXIS2_PLACEMENT_3D('',#4852,#3931,#3932);
#3235=AXIS2_PLACEMENT_3D('',#4858,#3936,#3937);
#3236=AXIS2_PLACEMENT_3D('',#4862,#3939,#3940);
#3237=AXIS2_PLACEMENT_3D('',#4863,#3941,#3942);
#3238=AXIS2_PLACEMENT_3D('',#4864,#3943,#3944);
#3239=AXIS2_PLACEMENT_3D('',#4870,#3948,#3949);
#3240=AXIS2_PLACEMENT_3D('',#4874,#3951,#3952);
#3241=AXIS2_PLACEMENT_3D('',#4875,#3953,#3954);
#3242=AXIS2_PLACEMENT_3D('',#4876,#3955,#3956);
#3243=AXIS2_PLACEMENT_3D('',#4882,#3960,#3961);
#3244=AXIS2_PLACEMENT_3D('',#4886,#3963,#3964);
#3245=AXIS2_PLACEMENT_3D('',#4887,#3965,#3966);
#3246=AXIS2_PLACEMENT_3D('',#4888,#3967,#3968);
#3247=AXIS2_PLACEMENT_3D('',#4894,#3972,#3973);
#3248=AXIS2_PLACEMENT_3D('',#4898,#3975,#3976);
#3249=AXIS2_PLACEMENT_3D('',#4899,#3977,#3978);
#3250=AXIS2_PLACEMENT_3D('',#4900,#3979,#3980);
#3251=AXIS2_PLACEMENT_3D('',#4906,#3984,#3985);
#3252=AXIS2_PLACEMENT_3D('',#4910,#3987,#3988);
#3253=AXIS2_PLACEMENT_3D('',#4911,#3989,#3990);
#3254=AXIS2_PLACEMENT_3D('',#4912,#3991,#3992);
#3255=AXIS2_PLACEMENT_3D('',#4918,#3996,#3997);
#3256=AXIS2_PLACEMENT_3D('',#4922,#3999,#4000);
#3257=AXIS2_PLACEMENT_3D('',#4923,#4001,#4002);
#3258=AXIS2_PLACEMENT_3D('',#4924,#4003,#4004);
#3259=AXIS2_PLACEMENT_3D('',#4930,#4008,#4009);
#3260=AXIS2_PLACEMENT_3D('',#4934,#4011,#4012);
#3261=AXIS2_PLACEMENT_3D('',#4935,#4013,#4014);
#3262=AXIS2_PLACEMENT_3D('',#4936,#4015,#4016);
#3263=AXIS2_PLACEMENT_3D('',#4942,#4020,#4021);
#3264=AXIS2_PLACEMENT_3D('',#4946,#4023,#4024);
#3265=AXIS2_PLACEMENT_3D('',#4947,#4025,#4026);
#3266=AXIS2_PLACEMENT_3D('',#4948,#4027,#4028);
#3267=AXIS2_PLACEMENT_3D('',#4954,#4032,#4033);
#3268=AXIS2_PLACEMENT_3D('',#4958,#4035,#4036);
#3269=AXIS2_PLACEMENT_3D('',#4959,#4037,#4038);
#3270=AXIS2_PLACEMENT_3D('',#4960,#4039,#4040);
#3271=AXIS2_PLACEMENT_3D('',#4966,#4044,#4045);
#3272=AXIS2_PLACEMENT_3D('',#4970,#4047,#4048);
#3273=AXIS2_PLACEMENT_3D('',#4971,#4049,#4050);
#3274=AXIS2_PLACEMENT_3D('',#4972,#4051,#4052);
#3275=AXIS2_PLACEMENT_3D('',#4978,#4056,#4057);
#3276=AXIS2_PLACEMENT_3D('',#4982,#4059,#4060);
#3277=AXIS2_PLACEMENT_3D('',#4983,#4061,#4062);
#3278=AXIS2_PLACEMENT_3D('',#4984,#4063,#4064);
#3279=AXIS2_PLACEMENT_3D('',#4990,#4068,#4069);
#3280=AXIS2_PLACEMENT_3D('',#4994,#4071,#4072);
#3281=AXIS2_PLACEMENT_3D('',#4995,#4073,#4074);
#3282=AXIS2_PLACEMENT_3D('',#4996,#4075,#4076);
#3283=AXIS2_PLACEMENT_3D('',#5002,#4080,#4081);
#3284=AXIS2_PLACEMENT_3D('',#5006,#4083,#4084);
#3285=AXIS2_PLACEMENT_3D('',#5007,#4085,#4086);
#3286=AXIS2_PLACEMENT_3D('',#5008,#4087,#4088);
#3287=AXIS2_PLACEMENT_3D('',#5014,#4092,#4093);
#3288=AXIS2_PLACEMENT_3D('',#5018,#4095,#4096);
#3289=AXIS2_PLACEMENT_3D('',#5019,#4097,#4098);
#3290=AXIS2_PLACEMENT_3D('',#5020,#4099,#4100);
#3291=AXIS2_PLACEMENT_3D('',#5026,#4104,#4105);
#3292=AXIS2_PLACEMENT_3D('',#5030,#4107,#4108);
#3293=AXIS2_PLACEMENT_3D('',#5031,#4109,#4110);
#3294=AXIS2_PLACEMENT_3D('',#5032,#4111,#4112);
#3295=AXIS2_PLACEMENT_3D('',#5038,#4116,#4117);
#3296=AXIS2_PLACEMENT_3D('',#5042,#4119,#4120);
#3297=AXIS2_PLACEMENT_3D('',#5043,#4121,#4122);
#3298=AXIS2_PLACEMENT_3D('',#5044,#4123,#4124);
#3299=AXIS2_PLACEMENT_3D('',#5050,#4128,#4129);
#3300=AXIS2_PLACEMENT_3D('',#5054,#4131,#4132);
#3301=AXIS2_PLACEMENT_3D('',#5055,#4133,#4134);
#3302=AXIS2_PLACEMENT_3D('',#5056,#4135,#4136);
#3303=AXIS2_PLACEMENT_3D('',#5062,#4140,#4141);
#3304=AXIS2_PLACEMENT_3D('',#5066,#4143,#4144);
#3305=AXIS2_PLACEMENT_3D('',#5067,#4145,#4146);
#3306=AXIS2_PLACEMENT_3D('',#5068,#4147,#4148);
#3307=AXIS2_PLACEMENT_3D('',#5074,#4152,#4153);
#3308=AXIS2_PLACEMENT_3D('',#5078,#4155,#4156);
#3309=AXIS2_PLACEMENT_3D('',#5079,#4157,#4158);
#3310=AXIS2_PLACEMENT_3D('',#5080,#4159,#4160);
#3311=AXIS2_PLACEMENT_3D('',#5086,#4164,#4165);
#3312=AXIS2_PLACEMENT_3D('',#5090,#4167,#4168);
#3313=AXIS2_PLACEMENT_3D('',#5091,#4169,#4170);
#3314=AXIS2_PLACEMENT_3D('',#5092,#4171,#4172);
#3315=AXIS2_PLACEMENT_3D('',#5093,#4173,#4174);
#3316=AXIS2_PLACEMENT_3D('',#5095,#4175,#4176);
#3317=AXIS2_PLACEMENT_3D('',#5097,#4177,#4178);
#3318=AXIS2_PLACEMENT_3D('',#5100,#4181,#4182);
#3319=AXIS2_PLACEMENT_3D('',#5101,#4183,#4184);
#3320=AXIS2_PLACEMENT_3D('',#5103,#4185,#4186);
#3321=AXIS2_PLACEMENT_3D('',#5104,#4187,#4188);
#3322=AXIS2_PLACEMENT_3D('',#5106,#4190,#4191);
#3323=AXIS2_PLACEMENT_3D('',#5107,#4192,#4193);
#3324=AXIS2_PLACEMENT_3D('',#5110,#4194,#4195);
#3325=AXIS2_PLACEMENT_3D('',#5115,#4198,#4199);
#3326=AXIS2_PLACEMENT_3D('',#5116,#4200,#4201);
#3327=AXIS2_PLACEMENT_3D('',#5120,#4204,#4205);
#3328=AXIS2_PLACEMENT_3D('',#5123,#4207,#4208);
#3329=AXIS2_PLACEMENT_3D('',#5125,#4209,#4210);
#3330=AXIS2_PLACEMENT_3D('',#5127,#4211,#4212);
#3331=AXIS2_PLACEMENT_3D('',#5128,#4213,#4214);
#3332=AXIS2_PLACEMENT_3D('',#5131,#4217,#4218);
#3333=AXIS2_PLACEMENT_3D('',#5132,#4219,#4220);
#3334=AXIS2_PLACEMENT_3D('',#5137,#4223,#4224);
#3335=AXIS2_PLACEMENT_3D('',#5138,#4225,#4226);
#3336=AXIS2_PLACEMENT_3D('',#5142,#4229,#4230);
#3337=AXIS2_PLACEMENT_3D('',#5145,#4232,#4233);
#3338=AXIS2_PLACEMENT_3D('',#5146,#4234,#4235);
#3339=AXIS2_PLACEMENT_3D('',#5147,#4236,#4237);
#3340=AXIS2_PLACEMENT_3D('',#5149,#4239,#4240);
#3341=AXIS2_PLACEMENT_3D('',#5150,#4241,#4242);
#3342=AXIS2_PLACEMENT_3D('',#5152,#4244,#4245);
#3343=AXIS2_PLACEMENT_3D('',#5154,#4247,#4248);
#3344=AXIS2_PLACEMENT_3D('',#5156,#4250,#4251);
#3345=AXIS2_PLACEMENT_3D('',#5158,#4253,#4254);
#3346=AXIS2_PLACEMENT_3D('',#5159,#4255,#4256);
#3347=AXIS2_PLACEMENT_3D('',#5160,#4257,#4258);
#3348=AXIS2_PLACEMENT_3D('',#5161,#4259,#4260);
#3349=AXIS2_PLACEMENT_3D('',#5162,#4261,#4262);
#3350=AXIS2_PLACEMENT_3D('',#5163,#4263,#4264);
#3351=AXIS2_PLACEMENT_3D('',#5164,#4265,#4266);
#3352=AXIS2_PLACEMENT_3D('',#5165,#4267,#4268);
#3353=AXIS2_PLACEMENT_3D('',#5166,#4269,#4270);
#3354=AXIS2_PLACEMENT_3D('',#5167,#4271,#4272);
#3355=DIRECTION('',(0.,0.,1.));
#3356=DIRECTION('',(1.,0.,0.));
#3357=DIRECTION('',(0.,-1.,0.));
#3358=DIRECTION('',(1.,0.,0.));
#3359=DIRECTION('',(0.,-1.,0.));
#3360=DIRECTION('',(0.,0.,-1.));
#3361=DIRECTION('',(-0.389150550980914,0.,0.921174168478063));
#3362=DIRECTION('',(0.,-1.,0.));
#3363=DIRECTION('',(0.,0.,-1.));
#3364=DIRECTION('',(0.921174168478063,0.,-0.389150550980915));
#3365=DIRECTION('',(0.,-1.,0.));
#3366=DIRECTION('',(1.,0.,0.));
#3367=DIRECTION('',(0.,-1.,0.));
#3368=DIRECTION('',(0.,0.,-1.));
#3369=DIRECTION('',(0.389150550980912,0.,0.921174168478064));
#3370=DIRECTION('',(0.,-1.,0.));
#3371=DIRECTION('',(0.,0.,-1.));
#3372=DIRECTION('',(-0.921174168478063,0.,-0.389150550980915));
#3373=DIRECTION('',(0.,-1.,0.));
#3374=DIRECTION('',(1.,0.,0.));
#3375=DIRECTION('',(0.,-1.,0.));
#3376=DIRECTION('',(0.,0.,-1.));
#3377=DIRECTION('',(0.389150550980915,0.,-0.921174168478063));
#3378=DIRECTION('',(0.,-1.,0.));
#3379=DIRECTION('',(0.,0.,-1.));
#3380=DIRECTION('',(-0.921174168478063,0.,0.389150550980915));
#3381=DIRECTION('',(0.,1.,0.));
#3382=DIRECTION('',(0.,0.,1.));
#3383=DIRECTION('',(0.,-1.,0.));
#3384=DIRECTION('',(-0.651368501184718,0.707106781186547,-0.275170993501086));
#3385=DIRECTION('',(0.651368501184717,0.707106781186548,0.275170993501085));
#3386=DIRECTION('',(0.275170993501086,0.707106781186547,0.651368501184718));
#3387=DIRECTION('',(-0.275170993501086,0.707106781186548,-0.651368501184717));
#3388=DIRECTION('',(0.,1.,0.));
#3389=DIRECTION('',(0.,-1.,0.));
#3390=DIRECTION('',(0.,0.,-1.));
#3391=DIRECTION('',(0.,1.,0.));
#3392=DIRECTION('',(0.,0.,1.));
#3393=DIRECTION('',(-0.651368501184718,0.707106781186547,-0.275170993501086));
#3394=DIRECTION('',(0.651368501184717,0.707106781186548,0.275170993501085));
#3395=DIRECTION('',(0.,-1.,0.));
#3396=DIRECTION('',(0.,-1.,0.));
#3397=DIRECTION('',(0.,0.,-1.));
#3398=DIRECTION('',(0.,1.,0.));
#3399=DIRECTION('',(0.275170993501086,0.707106781186547,0.651368501184718));
#3400=DIRECTION('',(-0.275170993501086,0.707106781186548,-0.651368501184717));
#3401=DIRECTION('',(0.,1.,0.));
#3402=DIRECTION('',(0.,0.,1.));
#3403=DIRECTION('',(0.,-1.,0.));
#3404=DIRECTION('',(0.651368501184718,0.707106781186547,0.275170993501086));
#3405=DIRECTION('',(-0.651368501184718,0.707106781186548,-0.275170993501085));
#3406=DIRECTION('',(-0.275170993501086,0.707106781186547,-0.651368501184718));
#3407=DIRECTION('',(0.275170993501086,0.707106781186548,0.651368501184717));
#3408=DIRECTION('',(0.,1.,0.));
#3409=DIRECTION('',(0.,-1.,0.));
#3410=DIRECTION('',(0.,0.,-1.));
#3411=DIRECTION('',(0.,1.,0.));
#3412=DIRECTION('',(0.,0.,1.));
#3413=DIRECTION('',(0.651368501184718,0.707106781186547,0.275170993501086));
#3414=DIRECTION('',(-0.651368501184718,0.707106781186548,-0.275170993501085));
#3415=DIRECTION('',(0.,-1.,0.));
#3416=DIRECTION('',(0.,-1.,0.));
#3417=DIRECTION('',(0.,0.,-1.));
#3418=DIRECTION('',(0.,1.,0.));
#3419=DIRECTION('',(-0.275170993501086,0.707106781186547,-0.651368501184718));
#3420=DIRECTION('',(0.275170993501086,0.707106781186548,0.651368501184717));
#3421=DIRECTION('',(0.,1.,0.));
#3422=DIRECTION('',(-1.,0.,0.));
#3423=DIRECTION('',(0.,1.,0.));
#3424=DIRECTION('',(0.,0.,1.));
#3425=DIRECTION('',(-0.389150550980914,0.,0.921174168478063));
#3426=DIRECTION('',(-0.921174168478063,0.,0.389150550980915));
#3427=DIRECTION('',(0.389150550980915,0.,-0.921174168478063));
#3428=DIRECTION('',(0.921174168478063,0.,-0.389150550980915));
#3429=DIRECTION('',(0.,1.,0.));
#3430=DIRECTION('',(0.,0.,1.));
#3431=DIRECTION('',(0.207911690817759,0.,0.978147600733806));
#3432=DIRECTION('',(0.,1.,0.));
#3433=DIRECTION('',(0.,0.,1.));
#3434=DIRECTION('',(0.,0.,1.));
#3435=DIRECTION('',(0.,1.,0.));
#3436=DIRECTION('',(0.,0.,1.));
#3437=DIRECTION('',(-0.207911690817759,0.,0.978147600733806));
#3438=DIRECTION('',(0.,1.,0.));
#3439=DIRECTION('',(0.,0.,1.));
#3440=DIRECTION('',(-0.4067366430758,0.,0.913545457642601));
#3441=DIRECTION('',(0.,1.,0.));
#3442=DIRECTION('',(0.,0.,1.));
#3443=DIRECTION('',(-0.587785252292473,0.,0.809016994374948));
#3444=DIRECTION('',(0.,1.,0.));
#3445=DIRECTION('',(0.,0.,1.));
#3446=DIRECTION('',(-0.743144825477395,0.,0.669130606358858));
#3447=DIRECTION('',(0.,1.,0.));
#3448=DIRECTION('',(0.,0.,1.));
#3449=DIRECTION('',(-0.866025403784439,0.,0.5));
#3450=DIRECTION('',(0.,1.,0.));
#3451=DIRECTION('',(0.,0.,1.));
#3452=DIRECTION('',(-0.951056516295154,0.,0.309016994374948));
#3453=DIRECTION('',(0.,1.,0.));
#3454=DIRECTION('',(0.,0.,1.));
#3455=DIRECTION('',(-0.994521895368273,0.,0.104528463267654));
#3456=DIRECTION('',(0.,1.,0.));
#3457=DIRECTION('',(0.,0.,1.));
#3458=DIRECTION('',(-0.994521895368273,0.,-0.104528463267653));
#3459=DIRECTION('',(0.,1.,0.));
#3460=DIRECTION('',(0.,0.,1.));
#3461=DIRECTION('',(-0.951056516295154,0.,-0.309016994374947));
#3462=DIRECTION('',(0.,1.,0.));
#3463=DIRECTION('',(0.,0.,1.));
#3464=DIRECTION('',(-0.866025403784439,0.,-0.5));
#3465=DIRECTION('',(0.,1.,0.));
#3466=DIRECTION('',(0.,0.,1.));
#3467=DIRECTION('',(-0.743144825477394,0.,-0.669130606358858));
#3468=DIRECTION('',(0.,1.,0.));
#3469=DIRECTION('',(0.,0.,1.));
#3470=DIRECTION('',(-0.587785252292474,0.,-0.809016994374947));
#3471=DIRECTION('',(0.,1.,0.));
#3472=DIRECTION('',(0.,0.,1.));
#3473=DIRECTION('',(-0.4067366430758,0.,-0.913545457642601));
#3474=DIRECTION('',(0.,1.,0.));
#3475=DIRECTION('',(0.,0.,1.));
#3476=DIRECTION('',(-0.207911690817759,0.,-0.978147600733805));
#3477=DIRECTION('',(0.,1.,0.));
#3478=DIRECTION('',(0.,0.,1.));
#3479=DIRECTION('',(-4.52410450209349E-16,0.,-1.));
#3480=DIRECTION('',(0.,1.,0.));
#3481=DIRECTION('',(0.,0.,1.));
#3482=DIRECTION('',(0.207911690817759,0.,-0.978147600733806));
#3483=DIRECTION('',(0.,1.,0.));
#3484=DIRECTION('',(0.,0.,1.));
#3485=DIRECTION('',(0.4067366430758,0.,-0.913545457642601));
#3486=DIRECTION('',(0.,1.,0.));
#3487=DIRECTION('',(0.,0.,1.));
#3488=DIRECTION('',(0.587785252292472,0.,-0.809016994374948));
#3489=DIRECTION('',(0.,1.,0.));
#3490=DIRECTION('',(0.,0.,1.));
#3491=DIRECTION('',(0.743144825477394,0.,-0.669130606358859));
#3492=DIRECTION('',(0.,1.,0.));
#3493=DIRECTION('',(0.,0.,1.));
#3494=DIRECTION('',(0.866025403784439,0.,-0.5));
#3495=DIRECTION('',(0.,1.,0.));
#3496=DIRECTION('',(0.,0.,1.));
#3497=DIRECTION('',(0.951056516295154,0.,-0.309016994374948));
#3498=DIRECTION('',(0.,1.,0.));
#3499=DIRECTION('',(0.,0.,1.));
#3500=DIRECTION('',(0.994521895368273,0.,-0.104528463267654));
#3501=DIRECTION('',(0.,1.,0.));
#3502=DIRECTION('',(0.,0.,1.));
#3503=DIRECTION('',(0.994521895368273,0.,0.104528463267653));
#3504=DIRECTION('',(0.,1.,0.));
#3505=DIRECTION('',(0.,0.,1.));
#3506=DIRECTION('',(0.951056516295154,0.,0.309016994374947));
#3507=DIRECTION('',(0.,1.,0.));
#3508=DIRECTION('',(0.,0.,1.));
#3509=DIRECTION('',(0.866025403784439,0.,0.5));
#3510=DIRECTION('',(0.,1.,0.));
#3511=DIRECTION('',(0.,0.,1.));
#3512=DIRECTION('',(0.743144825477395,0.,0.669130606358858));
#3513=DIRECTION('',(0.,1.,0.));
#3514=DIRECTION('',(0.,0.,1.));
#3515=DIRECTION('',(0.587785252292474,0.,0.809016994374947));
#3516=DIRECTION('',(0.,1.,0.));
#3517=DIRECTION('',(0.,0.,1.));
#3518=DIRECTION('',(0.406736643075801,0.,0.913545457642601));
#3519=DIRECTION('',(0.,-1.,0.));
#3520=DIRECTION('',(0.,0.,-1.));
#3521=DIRECTION('',(0.389150550980915,0.,0.921174168478063));
#3522=DIRECTION('',(0.,-1.,0.));
#3523=DIRECTION('',(0.,0.,-1.));
#3524=DIRECTION('',(0.921174168478063,0.,0.389150550980915));
#3525=DIRECTION('',(-0.921174168478063,0.,-0.389150550980915));
#3526=DIRECTION('',(0.,-1.,0.));
#3527=DIRECTION('',(0.,0.,-1.));
#3528=DIRECTION('',(0.389150550980912,0.,0.921174168478064));
#3529=DIRECTION('',(0.,-1.,0.));
#3530=DIRECTION('',(0.,0.,-1.));
#3531=DIRECTION('',(0.,-1.,0.));
#3532=DIRECTION('',(0.,0.,-1.));
#3533=DIRECTION('',(0.,-1.,0.));
#3534=DIRECTION('',(0.,1.,0.));
#3535=DIRECTION('',(0.,0.,1.));
#3536=DIRECTION('',(0.,-1.,0.));
#3537=DIRECTION('',(0.978147600733806,0.,-0.207911690817759));
#3538=DIRECTION('',(-0.207911690817759,0.,-0.978147600733806));
#3539=DIRECTION('',(0.207911690817759,0.,0.978147600733806));
#3540=DIRECTION('',(0.,-1.,0.));
#3541=DIRECTION('',(0.,-1.,0.));
#3542=DIRECTION('',(0.,0.,-1.));
#3543=DIRECTION('',(0.,1.,0.));
#3544=DIRECTION('',(0.,0.,1.));
#3545=DIRECTION('',(0.,-1.,0.));
#3546=DIRECTION('',(1.,0.,0.));
#3547=DIRECTION('',(0.,0.,-1.));
#3548=DIRECTION('',(0.,0.,1.));
#3549=DIRECTION('',(0.,-1.,0.));
#3550=DIRECTION('',(0.,-1.,0.));
#3551=DIRECTION('',(0.,0.,-1.));
#3552=DIRECTION('',(0.,1.,0.));
#3553=DIRECTION('',(0.,0.,1.));
#3554=DIRECTION('',(0.,-1.,0.));
#3555=DIRECTION('',(0.978147600733806,0.,0.207911690817759));
#3556=DIRECTION('',(0.207911690817759,0.,-0.978147600733806));
#3557=DIRECTION('',(-0.207911690817759,0.,0.978147600733806));
#3558=DIRECTION('',(0.,-1.,0.));
#3559=DIRECTION('',(0.,-1.,0.));
#3560=DIRECTION('',(0.,0.,-1.));
#3561=DIRECTION('',(0.,1.,0.));
#3562=DIRECTION('',(0.,0.,1.));
#3563=DIRECTION('',(0.,-1.,0.));
#3564=DIRECTION('',(0.913545457642601,0.,0.4067366430758));
#3565=DIRECTION('',(0.4067366430758,0.,-0.913545457642601));
#3566=DIRECTION('',(-0.4067366430758,0.,0.913545457642601));
#3567=DIRECTION('',(0.,-1.,0.));
#3568=DIRECTION('',(0.,-1.,0.));
#3569=DIRECTION('',(0.,0.,-1.));
#3570=DIRECTION('',(0.,1.,0.));
#3571=DIRECTION('',(0.,0.,1.));
#3572=DIRECTION('',(0.,-1.,0.));
#3573=DIRECTION('',(0.809016994374948,0.,0.587785252292473));
#3574=DIRECTION('',(0.587785252292473,0.,-0.809016994374948));
#3575=DIRECTION('',(-0.587785252292473,0.,0.809016994374948));
#3576=DIRECTION('',(0.,-1.,0.));
#3577=DIRECTION('',(0.,-1.,0.));
#3578=DIRECTION('',(0.,0.,-1.));
#3579=DIRECTION('',(0.,1.,0.));
#3580=DIRECTION('',(0.,0.,1.));
#3581=DIRECTION('',(0.,-1.,0.));
#3582=DIRECTION('',(0.669130606358858,0.,0.743144825477395));
#3583=DIRECTION('',(0.743144825477395,0.,-0.669130606358858));
#3584=DIRECTION('',(-0.743144825477395,0.,0.669130606358858));
#3585=DIRECTION('',(0.,-1.,0.));
#3586=DIRECTION('',(0.,-1.,0.));
#3587=DIRECTION('',(0.,0.,-1.));
#3588=DIRECTION('',(0.,1.,0.));
#3589=DIRECTION('',(0.,0.,1.));
#3590=DIRECTION('',(0.,-1.,0.));
#3591=DIRECTION('',(0.5,0.,0.866025403784439));
#3592=DIRECTION('',(0.866025403784439,0.,-0.5));
#3593=DIRECTION('',(-0.866025403784439,0.,0.5));
#3594=DIRECTION('',(0.,-1.,0.));
#3595=DIRECTION('',(0.,-1.,0.));
#3596=DIRECTION('',(0.,0.,-1.));
#3597=DIRECTION('',(0.,1.,0.));
#3598=DIRECTION('',(0.,0.,1.));
#3599=DIRECTION('',(0.,-1.,0.));
#3600=DIRECTION('',(0.309016994374948,0.,0.951056516295154));
#3601=DIRECTION('',(0.951056516295154,0.,-0.309016994374948));
#3602=DIRECTION('',(-0.951056516295154,0.,0.309016994374948));
#3603=DIRECTION('',(0.,-1.,0.));
#3604=DIRECTION('',(0.,-1.,0.));
#3605=DIRECTION('',(0.,0.,-1.));
#3606=DIRECTION('',(0.,1.,0.));
#3607=DIRECTION('',(0.,0.,1.));
#3608=DIRECTION('',(0.,-1.,0.));
#3609=DIRECTION('',(0.104528463267654,0.,0.994521895368273));
#3610=DIRECTION('',(0.994521895368273,0.,-0.104528463267654));
#3611=DIRECTION('',(-0.994521895368273,0.,0.104528463267654));
#3612=DIRECTION('',(0.,-1.,0.));
#3613=DIRECTION('',(0.,-1.,0.));
#3614=DIRECTION('',(0.,0.,-1.));
#3615=DIRECTION('',(0.,1.,0.));
#3616=DIRECTION('',(0.,0.,1.));
#3617=DIRECTION('',(0.,-1.,0.));
#3618=DIRECTION('',(-0.104528463267653,0.,0.994521895368273));
#3619=DIRECTION('',(0.994521895368273,0.,0.104528463267653));
#3620=DIRECTION('',(-0.994521895368273,0.,-0.104528463267653));
#3621=DIRECTION('',(0.,-1.,0.));
#3622=DIRECTION('',(0.,-1.,0.));
#3623=DIRECTION('',(0.,0.,-1.));
#3624=DIRECTION('',(0.,1.,0.));
#3625=DIRECTION('',(0.,0.,1.));
#3626=DIRECTION('',(0.,-1.,0.));
#3627=DIRECTION('',(-0.309016994374947,0.,0.951056516295154));
#3628=DIRECTION('',(0.951056516295154,0.,0.309016994374947));
#3629=DIRECTION('',(-0.951056516295154,0.,-0.309016994374947));
#3630=DIRECTION('',(0.,-1.,0.));
#3631=DIRECTION('',(0.,-1.,0.));
#3632=DIRECTION('',(0.,0.,-1.));
#3633=DIRECTION('',(0.,1.,0.));
#3634=DIRECTION('',(0.,0.,1.));
#3635=DIRECTION('',(0.,-1.,0.));
#3636=DIRECTION('',(-0.5,0.,0.866025403784439));
#3637=DIRECTION('',(0.866025403784439,0.,0.5));
#3638=DIRECTION('',(-0.866025403784439,0.,-0.5));
#3639=DIRECTION('',(0.,-1.,0.));
#3640=DIRECTION('',(0.,-1.,0.));
#3641=DIRECTION('',(0.,0.,-1.));
#3642=DIRECTION('',(0.,1.,0.));
#3643=DIRECTION('',(0.,0.,1.));
#3644=DIRECTION('',(0.,-1.,0.));
#3645=DIRECTION('',(-0.669130606358858,0.,0.743144825477394));
#3646=DIRECTION('',(0.743144825477394,0.,0.669130606358858));
#3647=DIRECTION('',(-0.743144825477394,0.,-0.669130606358858));
#3648=DIRECTION('',(0.,-1.,0.));
#3649=DIRECTION('',(0.,-1.,0.));
#3650=DIRECTION('',(0.,0.,-1.));
#3651=DIRECTION('',(0.,1.,0.));
#3652=DIRECTION('',(0.,0.,1.));
#3653=DIRECTION('',(0.,-1.,0.));
#3654=DIRECTION('',(-0.809016994374947,0.,0.587785252292474));
#3655=DIRECTION('',(0.587785252292474,0.,0.809016994374947));
#3656=DIRECTION('',(-0.587785252292474,0.,-0.809016994374947));
#3657=DIRECTION('',(0.,-1.,0.));
#3658=DIRECTION('',(0.,-1.,0.));
#3659=DIRECTION('',(0.,0.,-1.));
#3660=DIRECTION('',(0.,1.,0.));
#3661=DIRECTION('',(0.,0.,1.));
#3662=DIRECTION('',(0.,-1.,0.));
#3663=DIRECTION('',(-0.913545457642601,0.,0.4067366430758));
#3664=DIRECTION('',(0.4067366430758,0.,0.913545457642601));
#3665=DIRECTION('',(-0.4067366430758,0.,-0.913545457642601));
#3666=DIRECTION('',(0.,-1.,0.));
#3667=DIRECTION('',(0.,-1.,0.));
#3668=DIRECTION('',(0.,0.,-1.));
#3669=DIRECTION('',(0.,1.,0.));
#3670=DIRECTION('',(0.,0.,1.));
#3671=DIRECTION('',(0.,-1.,0.));
#3672=DIRECTION('',(-0.978147600733805,0.,0.207911690817759));
#3673=DIRECTION('',(0.20791169081776,0.,0.978147600733806));
#3674=DIRECTION('',(-0.207911690817759,0.,-0.978147600733805));
#3675=DIRECTION('',(0.,-1.,0.));
#3676=DIRECTION('',(0.,-1.,0.));
#3677=DIRECTION('',(0.,0.,-1.));
#3678=DIRECTION('',(0.,1.,0.));
#3679=DIRECTION('',(0.,0.,1.));
#3680=DIRECTION('',(0.,-1.,0.));
#3681=DIRECTION('',(-1.,0.,4.52410450209349E-16));
#3682=DIRECTION('',(4.52410450209349E-16,0.,1.));
#3683=DIRECTION('',(-4.52410450209349E-16,0.,-1.));
#3684=DIRECTION('',(0.,-1.,0.));
#3685=DIRECTION('',(0.,-1.,0.));
#3686=DIRECTION('',(0.,0.,-1.));
#3687=DIRECTION('',(0.,1.,0.));
#3688=DIRECTION('',(0.,0.,1.));
#3689=DIRECTION('',(0.,-1.,0.));
#3690=DIRECTION('',(-0.978147600733806,0.,-0.207911690817759));
#3691=DIRECTION('',(-0.207911690817759,0.,0.978147600733806));
#3692=DIRECTION('',(0.207911690817759,0.,-0.978147600733806));
#3693=DIRECTION('',(0.,-1.,0.));
#3694=DIRECTION('',(0.,-1.,0.));
#3695=DIRECTION('',(0.,0.,-1.));
#3696=DIRECTION('',(0.,1.,0.));
#3697=DIRECTION('',(0.,0.,1.));
#3698=DIRECTION('',(0.,-1.,0.));
#3699=DIRECTION('',(-0.913545457642601,0.,-0.4067366430758));
#3700=DIRECTION('',(-0.4067366430758,0.,0.913545457642601));
#3701=DIRECTION('',(0.4067366430758,0.,-0.913545457642601));
#3702=DIRECTION('',(0.,-1.,0.));
#3703=DIRECTION('',(0.,-1.,0.));
#3704=DIRECTION('',(0.,0.,-1.));
#3705=DIRECTION('',(0.,1.,0.));
#3706=DIRECTION('',(0.,0.,1.));
#3707=DIRECTION('',(0.,-1.,0.));
#3708=DIRECTION('',(-0.809016994374948,0.,-0.587785252292472));
#3709=DIRECTION('',(-0.587785252292472,0.,0.809016994374948));
#3710=DIRECTION('',(0.587785252292472,0.,-0.809016994374948));
#3711=DIRECTION('',(0.,-1.,0.));
#3712=DIRECTION('',(0.,-1.,0.));
#3713=DIRECTION('',(0.,0.,-1.));
#3714=DIRECTION('',(0.,1.,0.));
#3715=DIRECTION('',(0.,0.,1.));
#3716=DIRECTION('',(0.,-1.,0.));
#3717=DIRECTION('',(-0.669130606358859,0.,-0.743144825477394));
#3718=DIRECTION('',(-0.743144825477394,0.,0.669130606358859));
#3719=DIRECTION('',(0.743144825477394,0.,-0.669130606358859));
#3720=DIRECTION('',(0.,-1.,0.));
#3721=DIRECTION('',(0.,-1.,0.));
#3722=DIRECTION('',(0.,0.,-1.));
#3723=DIRECTION('',(0.,1.,0.));
#3724=DIRECTION('',(0.,0.,1.));
#3725=DIRECTION('',(0.,-1.,0.));
#3726=DIRECTION('',(-0.5,0.,-0.866025403784439));
#3727=DIRECTION('',(-0.866025403784439,0.,0.5));
#3728=DIRECTION('',(0.866025403784439,0.,-0.5));
#3729=DIRECTION('',(0.,-1.,0.));
#3730=DIRECTION('',(0.,-1.,0.));
#3731=DIRECTION('',(0.,0.,-1.));
#3732=DIRECTION('',(0.,1.,0.));
#3733=DIRECTION('',(0.,0.,1.));
#3734=DIRECTION('',(0.,-1.,0.));
#3735=DIRECTION('',(-0.309016994374948,0.,-0.951056516295153));
#3736=DIRECTION('',(-0.951056516295154,0.,0.309016994374948));
#3737=DIRECTION('',(0.951056516295154,0.,-0.309016994374948));
#3738=DIRECTION('',(0.,-1.,0.));
#3739=DIRECTION('',(0.,-1.,0.));
#3740=DIRECTION('',(0.,0.,-1.));
#3741=DIRECTION('',(0.,1.,0.));
#3742=DIRECTION('',(0.,0.,1.));
#3743=DIRECTION('',(0.,-1.,0.));
#3744=DIRECTION('',(-0.104528463267654,0.,-0.994521895368273));
#3745=DIRECTION('',(-0.994521895368273,0.,0.104528463267654));
#3746=DIRECTION('',(0.994521895368273,0.,-0.104528463267654));
#3747=DIRECTION('',(0.,-1.,0.));
#3748=DIRECTION('',(0.,-1.,0.));
#3749=DIRECTION('',(0.,0.,-1.));
#3750=DIRECTION('',(0.,1.,0.));
#3751=DIRECTION('',(0.,0.,1.));
#3752=DIRECTION('',(0.,-1.,0.));
#3753=DIRECTION('',(0.104528463267653,0.,-0.994521895368273));
#3754=DIRECTION('',(-0.994521895368273,0.,-0.104528463267653));
#3755=DIRECTION('',(0.994521895368273,0.,0.104528463267653));
#3756=DIRECTION('',(0.,-1.,0.));
#3757=DIRECTION('',(0.,-1.,0.));
#3758=DIRECTION('',(0.,0.,-1.));
#3759=DIRECTION('',(0.,1.,0.));
#3760=DIRECTION('',(0.,0.,1.));
#3761=DIRECTION('',(0.,-1.,0.));
#3762=DIRECTION('',(0.309016994374947,0.,-0.951056516295154));
#3763=DIRECTION('',(-0.951056516295154,0.,-0.309016994374947));
#3764=DIRECTION('',(0.951056516295154,0.,0.309016994374947));
#3765=DIRECTION('',(0.,-1.,0.));
#3766=DIRECTION('',(0.,-1.,0.));
#3767=DIRECTION('',(0.,0.,-1.));
#3768=DIRECTION('',(0.,1.,0.));
#3769=DIRECTION('',(0.,0.,1.));
#3770=DIRECTION('',(0.,-1.,0.));
#3771=DIRECTION('',(0.5,0.,-0.866025403784439));
#3772=DIRECTION('',(-0.866025403784439,0.,-0.5));
#3773=DIRECTION('',(0.866025403784439,0.,0.5));
#3774=DIRECTION('',(0.,-1.,0.));
#3775=DIRECTION('',(0.,-1.,0.));
#3776=DIRECTION('',(0.,0.,-1.));
#3777=DIRECTION('',(0.,1.,0.));
#3778=DIRECTION('',(0.,0.,1.));
#3779=DIRECTION('',(0.,-1.,0.));
#3780=DIRECTION('',(0.669130606358858,0.,-0.743144825477395));
#3781=DIRECTION('',(-0.743144825477395,0.,-0.669130606358858));
#3782=DIRECTION('',(0.743144825477395,0.,0.669130606358858));
#3783=DIRECTION('',(0.,-1.,0.));
#3784=DIRECTION('',(0.,-1.,0.));
#3785=DIRECTION('',(0.,0.,-1.));
#3786=DIRECTION('',(0.,1.,0.));
#3787=DIRECTION('',(0.,0.,1.));
#3788=DIRECTION('',(0.,-1.,0.));
#3789=DIRECTION('',(0.809016994374947,0.,-0.587785252292474));
#3790=DIRECTION('',(-0.587785252292474,0.,-0.809016994374947));
#3791=DIRECTION('',(0.587785252292474,0.,0.809016994374947));
#3792=DIRECTION('',(0.,-1.,0.));
#3793=DIRECTION('',(0.,-1.,0.));
#3794=DIRECTION('',(0.,0.,-1.));
#3795=DIRECTION('',(0.,1.,0.));
#3796=DIRECTION('',(0.,0.,1.));
#3797=DIRECTION('',(0.,-1.,0.));
#3798=DIRECTION('',(0.,-1.,0.));
#3799=DIRECTION('',(0.,0.,-1.));
#3800=DIRECTION('',(0.,1.,0.));
#3801=DIRECTION('',(0.,0.,1.));
#3802=DIRECTION('',(0.,1.,0.));
#3803=DIRECTION('',(0.,0.,1.));
#3804=DIRECTION('',(0.913545457642601,0.,-0.406736643075801));
#3805=DIRECTION('',(-0.406736643075801,0.,-0.913545457642601));
#3806=DIRECTION('',(0.406736643075801,0.,0.913545457642601));
#3807=DIRECTION('',(0.,1.,0.));
#3808=DIRECTION('',(-1.,0.,0.));
#3809=DIRECTION('',(0.,1.,0.));
#3810=DIRECTION('',(0.,0.,1.));
#3811=DIRECTION('',(0.,-1.,0.));
#3812=DIRECTION('',(0.,0.,-1.));
#3813=DIRECTION('',(0.,1.,0.));
#3814=DIRECTION('',(0.,0.,1.));
#3815=DIRECTION('',(0.,1.,0.));
#3816=DIRECTION('',(0.,0.,-1.));
#3817=DIRECTION('',(0.,1.,0.));
#3818=DIRECTION('',(0.,1.,0.));
#3819=DIRECTION('',(0.,0.,1.));
#3820=DIRECTION('',(0.,1.,0.));
#3821=DIRECTION('',(0.,1.,0.));
#3822=DIRECTION('',(0.,0.,1.));
#3823=DIRECTION('',(0.978147600733806,0.,-0.207911690817759));
#3824=DIRECTION('',(-0.207911690817759,0.,-0.978147600733806));
#3825=DIRECTION('',(0.,1.,0.));
#3826=DIRECTION('',(0.207911690817759,0.,0.978147600733806));
#3827=DIRECTION('',(0.207911690817759,0.,0.978147600733806));
#3828=DIRECTION('',(0.,1.,0.));
#3829=DIRECTION('',(0.,0.,-1.));
#3830=DIRECTION('',(0.,1.,0.));
#3831=DIRECTION('',(0.,1.,0.));
#3832=DIRECTION('',(0.,0.,1.));
#3833=DIRECTION('',(0.,1.,0.));
#3834=DIRECTION('',(0.,0.,1.));
#3835=DIRECTION('',(1.,0.,0.));
#3836=DIRECTION('',(0.,0.,-1.));
#3837=DIRECTION('',(0.,1.,0.));
#3838=DIRECTION('',(0.,0.,1.));
#3839=DIRECTION('',(0.,0.,1.));
#3840=DIRECTION('',(0.,1.,0.));
#3841=DIRECTION('',(0.,0.,-1.));
#3842=DIRECTION('',(0.,1.,0.));
#3843=DIRECTION('',(0.,1.,0.));
#3844=DIRECTION('',(0.,0.,1.));
#3845=DIRECTION('',(0.,1.,0.));
#3846=DIRECTION('',(0.,0.,1.));
#3847=DIRECTION('',(0.978147600733806,0.,0.207911690817759));
#3848=DIRECTION('',(0.207911690817759,0.,-0.978147600733806));
#3849=DIRECTION('',(0.,1.,0.));
#3850=DIRECTION('',(-0.207911690817759,0.,0.978147600733806));
#3851=DIRECTION('',(-0.207911690817759,0.,0.978147600733806));
#3852=DIRECTION('',(0.,1.,0.));
#3853=DIRECTION('',(0.,0.,-1.));
#3854=DIRECTION('',(0.,1.,0.));
#3855=DIRECTION('',(0.,1.,0.));
#3856=DIRECTION('',(0.,0.,1.));
#3857=DIRECTION('',(0.,1.,0.));
#3858=DIRECTION('',(0.,0.,1.));
#3859=DIRECTION('',(0.913545457642601,0.,0.4067366430758));
#3860=DIRECTION('',(0.4067366430758,0.,-0.913545457642601));
#3861=DIRECTION('',(0.,1.,0.));
#3862=DIRECTION('',(-0.4067366430758,0.,0.913545457642601));
#3863=DIRECTION('',(-0.4067366430758,0.,0.913545457642601));
#3864=DIRECTION('',(0.,1.,0.));
#3865=DIRECTION('',(0.,0.,-1.));
#3866=DIRECTION('',(0.,1.,0.));
#3867=DIRECTION('',(0.,1.,0.));
#3868=DIRECTION('',(0.,0.,1.));
#3869=DIRECTION('',(0.,1.,0.));
#3870=DIRECTION('',(0.,0.,1.));
#3871=DIRECTION('',(0.809016994374948,0.,0.587785252292473));
#3872=DIRECTION('',(0.587785252292473,0.,-0.809016994374948));
#3873=DIRECTION('',(0.,1.,0.));
#3874=DIRECTION('',(-0.587785252292473,0.,0.809016994374948));
#3875=DIRECTION('',(-0.587785252292473,0.,0.809016994374948));
#3876=DIRECTION('',(0.,1.,0.));
#3877=DIRECTION('',(0.,0.,-1.));
#3878=DIRECTION('',(0.,1.,0.));
#3879=DIRECTION('',(0.,1.,0.));
#3880=DIRECTION('',(0.,0.,1.));
#3881=DIRECTION('',(0.,1.,0.));
#3882=DIRECTION('',(0.,0.,1.));
#3883=DIRECTION('',(0.669130606358858,0.,0.743144825477395));
#3884=DIRECTION('',(0.743144825477395,0.,-0.669130606358858));
#3885=DIRECTION('',(0.,1.,0.));
#3886=DIRECTION('',(-0.743144825477395,0.,0.669130606358858));
#3887=DIRECTION('',(-0.743144825477395,0.,0.669130606358858));
#3888=DIRECTION('',(0.,1.,0.));
#3889=DIRECTION('',(0.,0.,-1.));
#3890=DIRECTION('',(0.,1.,0.));
#3891=DIRECTION('',(0.,1.,0.));
#3892=DIRECTION('',(0.,0.,1.));
#3893=DIRECTION('',(0.,1.,0.));
#3894=DIRECTION('',(0.,0.,1.));
#3895=DIRECTION('',(0.5,0.,0.866025403784439));
#3896=DIRECTION('',(0.866025403784439,0.,-0.5));
#3897=DIRECTION('',(0.,1.,0.));
#3898=DIRECTION('',(-0.866025403784439,0.,0.5));
#3899=DIRECTION('',(-0.866025403784439,0.,0.5));
#3900=DIRECTION('',(0.,1.,0.));
#3901=DIRECTION('',(0.,0.,-1.));
#3902=DIRECTION('',(0.,1.,0.));
#3903=DIRECTION('',(0.,1.,0.));
#3904=DIRECTION('',(0.,0.,1.));
#3905=DIRECTION('',(0.,1.,0.));
#3906=DIRECTION('',(0.,0.,1.));
#3907=DIRECTION('',(0.309016994374948,0.,0.951056516295154));
#3908=DIRECTION('',(0.951056516295154,0.,-0.309016994374948));
#3909=DIRECTION('',(0.,1.,0.));
#3910=DIRECTION('',(-0.951056516295154,0.,0.309016994374948));
#3911=DIRECTION('',(-0.951056516295154,0.,0.309016994374948));
#3912=DIRECTION('',(0.,1.,0.));
#3913=DIRECTION('',(0.,0.,-1.));
#3914=DIRECTION('',(0.,1.,0.));
#3915=DIRECTION('',(0.,1.,0.));
#3916=DIRECTION('',(0.,0.,1.));
#3917=DIRECTION('',(0.,1.,0.));
#3918=DIRECTION('',(0.,0.,1.));
#3919=DIRECTION('',(0.104528463267654,0.,0.994521895368273));
#3920=DIRECTION('',(0.994521895368273,0.,-0.104528463267654));
#3921=DIRECTION('',(0.,1.,0.));
#3922=DIRECTION('',(-0.994521895368273,0.,0.104528463267654));
#3923=DIRECTION('',(-0.994521895368273,0.,0.104528463267654));
#3924=DIRECTION('',(0.,1.,0.));
#3925=DIRECTION('',(0.,0.,-1.));
#3926=DIRECTION('',(0.,1.,0.));
#3927=DIRECTION('',(0.,1.,0.));
#3928=DIRECTION('',(0.,0.,1.));
#3929=DIRECTION('',(0.,1.,0.));
#3930=DIRECTION('',(0.,0.,1.));
#3931=DIRECTION('',(-0.104528463267653,0.,0.994521895368273));
#3932=DIRECTION('',(0.994521895368273,0.,0.104528463267653));
#3933=DIRECTION('',(0.,1.,0.));
#3934=DIRECTION('',(-0.994521895368273,0.,-0.104528463267653));
#3935=DIRECTION('',(-0.994521895368273,0.,-0.104528463267653));
#3936=DIRECTION('',(0.,1.,0.));
#3937=DIRECTION('',(0.,0.,-1.));
#3938=DIRECTION('',(0.,1.,0.));
#3939=DIRECTION('',(0.,1.,0.));
#3940=DIRECTION('',(0.,0.,1.));
#3941=DIRECTION('',(0.,1.,0.));
#3942=DIRECTION('',(0.,0.,1.));
#3943=DIRECTION('',(-0.309016994374947,0.,0.951056516295154));
#3944=DIRECTION('',(0.951056516295154,0.,0.309016994374947));
#3945=DIRECTION('',(0.,1.,0.));
#3946=DIRECTION('',(-0.951056516295154,0.,-0.309016994374947));
#3947=DIRECTION('',(-0.951056516295154,0.,-0.309016994374947));
#3948=DIRECTION('',(0.,1.,0.));
#3949=DIRECTION('',(0.,0.,-1.));
#3950=DIRECTION('',(0.,1.,0.));
#3951=DIRECTION('',(0.,1.,0.));
#3952=DIRECTION('',(0.,0.,1.));
#3953=DIRECTION('',(0.,1.,0.));
#3954=DIRECTION('',(0.,0.,1.));
#3955=DIRECTION('',(-0.5,0.,0.866025403784439));
#3956=DIRECTION('',(0.866025403784439,0.,0.5));
#3957=DIRECTION('',(0.,1.,0.));
#3958=DIRECTION('',(-0.866025403784439,0.,-0.5));
#3959=DIRECTION('',(-0.866025403784439,0.,-0.5));
#3960=DIRECTION('',(0.,1.,0.));
#3961=DIRECTION('',(0.,0.,-1.));
#3962=DIRECTION('',(0.,1.,0.));
#3963=DIRECTION('',(0.,1.,0.));
#3964=DIRECTION('',(0.,0.,1.));
#3965=DIRECTION('',(0.,1.,0.));
#3966=DIRECTION('',(0.,0.,1.));
#3967=DIRECTION('',(-0.669130606358858,0.,0.743144825477394));
#3968=DIRECTION('',(0.743144825477394,0.,0.669130606358858));
#3969=DIRECTION('',(0.,1.,0.));
#3970=DIRECTION('',(-0.743144825477394,0.,-0.669130606358858));
#3971=DIRECTION('',(-0.743144825477394,0.,-0.669130606358858));
#3972=DIRECTION('',(0.,1.,0.));
#3973=DIRECTION('',(0.,0.,-1.));
#3974=DIRECTION('',(0.,1.,0.));
#3975=DIRECTION('',(0.,1.,0.));
#3976=DIRECTION('',(0.,0.,1.));
#3977=DIRECTION('',(0.,1.,0.));
#3978=DIRECTION('',(0.,0.,1.));
#3979=DIRECTION('',(-0.809016994374947,0.,0.587785252292474));
#3980=DIRECTION('',(0.587785252292474,0.,0.809016994374947));
#3981=DIRECTION('',(0.,1.,0.));
#3982=DIRECTION('',(-0.587785252292474,0.,-0.809016994374947));
#3983=DIRECTION('',(-0.587785252292474,0.,-0.809016994374947));
#3984=DIRECTION('',(0.,1.,0.));
#3985=DIRECTION('',(0.,0.,-1.));
#3986=DIRECTION('',(0.,1.,0.));
#3987=DIRECTION('',(0.,1.,0.));
#3988=DIRECTION('',(0.,0.,1.));
#3989=DIRECTION('',(0.,1.,0.));
#3990=DIRECTION('',(0.,0.,1.));
#3991=DIRECTION('',(-0.913545457642601,0.,0.4067366430758));
#3992=DIRECTION('',(0.4067366430758,0.,0.913545457642601));
#3993=DIRECTION('',(0.,1.,0.));
#3994=DIRECTION('',(-0.4067366430758,0.,-0.913545457642601));
#3995=DIRECTION('',(-0.4067366430758,0.,-0.913545457642601));
#3996=DIRECTION('',(0.,1.,0.));
#3997=DIRECTION('',(0.,0.,-1.));
#3998=DIRECTION('',(0.,1.,0.));
#3999=DIRECTION('',(0.,1.,0.));
#4000=DIRECTION('',(0.,0.,1.));
#4001=DIRECTION('',(0.,1.,0.));
#4002=DIRECTION('',(0.,0.,1.));
#4003=DIRECTION('',(-0.978147600733805,0.,0.207911690817759));
#4004=DIRECTION('',(0.20791169081776,0.,0.978147600733806));
#4005=DIRECTION('',(0.,1.,0.));
#4006=DIRECTION('',(-0.207911690817759,0.,-0.978147600733805));
#4007=DIRECTION('',(-0.207911690817759,0.,-0.978147600733805));
#4008=DIRECTION('',(0.,1.,0.));
#4009=DIRECTION('',(0.,0.,-1.));
#4010=DIRECTION('',(0.,1.,0.));
#4011=DIRECTION('',(0.,1.,0.));
#4012=DIRECTION('',(0.,0.,1.));
#4013=DIRECTION('',(0.,1.,0.));
#4014=DIRECTION('',(0.,0.,1.));
#4015=DIRECTION('',(-1.,0.,4.52410450209349E-16));
#4016=DIRECTION('',(4.52410450209349E-16,0.,1.));
#4017=DIRECTION('',(0.,1.,0.));
#4018=DIRECTION('',(-4.52410450209349E-16,0.,-1.));
#4019=DIRECTION('',(-4.52410450209349E-16,0.,-1.));
#4020=DIRECTION('',(0.,1.,0.));
#4021=DIRECTION('',(0.,0.,-1.));
#4022=DIRECTION('',(0.,1.,0.));
#4023=DIRECTION('',(0.,1.,0.));
#4024=DIRECTION('',(0.,0.,1.));
#4025=DIRECTION('',(0.,1.,0.));
#4026=DIRECTION('',(0.,0.,1.));
#4027=DIRECTION('',(-0.978147600733806,0.,-0.207911690817759));
#4028=DIRECTION('',(-0.207911690817759,0.,0.978147600733806));
#4029=DIRECTION('',(0.,1.,0.));
#4030=DIRECTION('',(0.207911690817759,0.,-0.978147600733806));
#4031=DIRECTION('',(0.207911690817759,0.,-0.978147600733806));
#4032=DIRECTION('',(0.,1.,0.));
#4033=DIRECTION('',(0.,0.,-1.));
#4034=DIRECTION('',(0.,1.,0.));
#4035=DIRECTION('',(0.,1.,0.));
#4036=DIRECTION('',(0.,0.,1.));
#4037=DIRECTION('',(0.,1.,0.));
#4038=DIRECTION('',(0.,0.,1.));
#4039=DIRECTION('',(-0.913545457642601,0.,-0.4067366430758));
#4040=DIRECTION('',(-0.4067366430758,0.,0.913545457642601));
#4041=DIRECTION('',(0.,1.,0.));
#4042=DIRECTION('',(0.4067366430758,0.,-0.913545457642601));
#4043=DIRECTION('',(0.4067366430758,0.,-0.913545457642601));
#4044=DIRECTION('',(0.,1.,0.));
#4045=DIRECTION('',(0.,0.,-1.));
#4046=DIRECTION('',(0.,1.,0.));
#4047=DIRECTION('',(0.,1.,0.));
#4048=DIRECTION('',(0.,0.,1.));
#4049=DIRECTION('',(0.,1.,0.));
#4050=DIRECTION('',(0.,0.,1.));
#4051=DIRECTION('',(-0.809016994374948,0.,-0.587785252292472));
#4052=DIRECTION('',(-0.587785252292472,0.,0.809016994374948));
#4053=DIRECTION('',(0.,1.,0.));
#4054=DIRECTION('',(0.587785252292472,0.,-0.809016994374948));
#4055=DIRECTION('',(0.587785252292472,0.,-0.809016994374948));
#4056=DIRECTION('',(0.,1.,0.));
#4057=DIRECTION('',(0.,0.,-1.));
#4058=DIRECTION('',(0.,1.,0.));
#4059=DIRECTION('',(0.,1.,0.));
#4060=DIRECTION('',(0.,0.,1.));
#4061=DIRECTION('',(0.,1.,0.));
#4062=DIRECTION('',(0.,0.,1.));
#4063=DIRECTION('',(-0.669130606358859,0.,-0.743144825477394));
#4064=DIRECTION('',(-0.743144825477394,0.,0.669130606358859));
#4065=DIRECTION('',(0.,1.,0.));
#4066=DIRECTION('',(0.743144825477394,0.,-0.669130606358859));
#4067=DIRECTION('',(0.743144825477394,0.,-0.669130606358859));
#4068=DIRECTION('',(0.,1.,0.));
#4069=DIRECTION('',(0.,0.,-1.));
#4070=DIRECTION('',(0.,1.,0.));
#4071=DIRECTION('',(0.,1.,0.));
#4072=DIRECTION('',(0.,0.,1.));
#4073=DIRECTION('',(0.,1.,0.));
#4074=DIRECTION('',(0.,0.,1.));
#4075=DIRECTION('',(-0.5,0.,-0.866025403784439));
#4076=DIRECTION('',(-0.866025403784439,0.,0.5));
#4077=DIRECTION('',(0.,1.,0.));
#4078=DIRECTION('',(0.866025403784439,0.,-0.5));
#4079=DIRECTION('',(0.866025403784439,0.,-0.5));
#4080=DIRECTION('',(0.,1.,0.));
#4081=DIRECTION('',(0.,0.,-1.));
#4082=DIRECTION('',(0.,1.,0.));
#4083=DIRECTION('',(0.,1.,0.));
#4084=DIRECTION('',(0.,0.,1.));
#4085=DIRECTION('',(0.,1.,0.));
#4086=DIRECTION('',(0.,0.,1.));
#4087=DIRECTION('',(-0.309016994374948,0.,-0.951056516295153));
#4088=DIRECTION('',(-0.951056516295154,0.,0.309016994374948));
#4089=DIRECTION('',(0.,1.,0.));
#4090=DIRECTION('',(0.951056516295154,0.,-0.309016994374948));
#4091=DIRECTION('',(0.951056516295154,0.,-0.309016994374948));
#4092=DIRECTION('',(0.,1.,0.));
#4093=DIRECTION('',(0.,0.,-1.));
#4094=DIRECTION('',(0.,1.,0.));
#4095=DIRECTION('',(0.,1.,0.));
#4096=DIRECTION('',(0.,0.,1.));
#4097=DIRECTION('',(0.,1.,0.));
#4098=DIRECTION('',(0.,0.,1.));
#4099=DIRECTION('',(-0.104528463267654,0.,-0.994521895368273));
#4100=DIRECTION('',(-0.994521895368273,0.,0.104528463267654));
#4101=DIRECTION('',(0.,1.,0.));
#4102=DIRECTION('',(0.994521895368273,0.,-0.104528463267654));
#4103=DIRECTION('',(0.994521895368273,0.,-0.104528463267654));
#4104=DIRECTION('',(0.,1.,0.));
#4105=DIRECTION('',(0.,0.,-1.));
#4106=DIRECTION('',(0.,1.,0.));
#4107=DIRECTION('',(0.,1.,0.));
#4108=DIRECTION('',(0.,0.,1.));
#4109=DIRECTION('',(0.,1.,0.));
#4110=DIRECTION('',(0.,0.,1.));
#4111=DIRECTION('',(0.104528463267653,0.,-0.994521895368273));
#4112=DIRECTION('',(-0.994521895368273,0.,-0.104528463267653));
#4113=DIRECTION('',(0.,1.,0.));
#4114=DIRECTION('',(0.994521895368273,0.,0.104528463267653));
#4115=DIRECTION('',(0.994521895368273,0.,0.104528463267653));
#4116=DIRECTION('',(0.,1.,0.));
#4117=DIRECTION('',(0.,0.,-1.));
#4118=DIRECTION('',(0.,1.,0.));
#4119=DIRECTION('',(0.,1.,0.));
#4120=DIRECTION('',(0.,0.,1.));
#4121=DIRECTION('',(0.,1.,0.));
#4122=DIRECTION('',(0.,0.,1.));
#4123=DIRECTION('',(0.309016994374947,0.,-0.951056516295154));
#4124=DIRECTION('',(-0.951056516295154,0.,-0.309016994374947));
#4125=DIRECTION('',(0.,1.,0.));
#4126=DIRECTION('',(0.951056516295154,0.,0.309016994374947));
#4127=DIRECTION('',(0.951056516295154,0.,0.309016994374947));
#4128=DIRECTION('',(0.,1.,0.));
#4129=DIRECTION('',(0.,0.,-1.));
#4130=DIRECTION('',(0.,1.,0.));
#4131=DIRECTION('',(0.,1.,0.));
#4132=DIRECTION('',(0.,0.,1.));
#4133=DIRECTION('',(0.,1.,0.));
#4134=DIRECTION('',(0.,0.,1.));
#4135=DIRECTION('',(0.5,0.,-0.866025403784439));
#4136=DIRECTION('',(-0.866025403784439,0.,-0.5));
#4137=DIRECTION('',(0.,1.,0.));
#4138=DIRECTION('',(0.866025403784439,0.,0.5));
#4139=DIRECTION('',(0.866025403784439,0.,0.5));
#4140=DIRECTION('',(0.,1.,0.));
#4141=DIRECTION('',(0.,0.,-1.));
#4142=DIRECTION('',(0.,1.,0.));
#4143=DIRECTION('',(0.,1.,0.));
#4144=DIRECTION('',(0.,0.,1.));
#4145=DIRECTION('',(0.,1.,0.));
#4146=DIRECTION('',(0.,0.,1.));
#4147=DIRECTION('',(0.669130606358858,0.,-0.743144825477395));
#4148=DIRECTION('',(-0.743144825477395,0.,-0.669130606358858));
#4149=DIRECTION('',(0.,1.,0.));
#4150=DIRECTION('',(0.743144825477395,0.,0.669130606358858));
#4151=DIRECTION('',(0.743144825477395,0.,0.669130606358858));
#4152=DIRECTION('',(0.,1.,0.));
#4153=DIRECTION('',(0.,0.,-1.));
#4154=DIRECTION('',(0.,1.,0.));
#4155=DIRECTION('',(0.,1.,0.));
#4156=DIRECTION('',(0.,0.,1.));
#4157=DIRECTION('',(0.,1.,0.));
#4158=DIRECTION('',(0.,0.,1.));
#4159=DIRECTION('',(0.809016994374947,0.,-0.587785252292474));
#4160=DIRECTION('',(-0.587785252292474,0.,-0.809016994374947));
#4161=DIRECTION('',(0.,1.,0.));
#4162=DIRECTION('',(0.587785252292474,0.,0.809016994374947));
#4163=DIRECTION('',(0.587785252292474,0.,0.809016994374947));
#4164=DIRECTION('',(0.,1.,0.));
#4165=DIRECTION('',(0.,0.,-1.));
#4166=DIRECTION('',(0.,1.,0.));
#4167=DIRECTION('',(0.,1.,0.));
#4168=DIRECTION('',(0.,0.,1.));
#4169=DIRECTION('',(0.,1.,0.));
#4170=DIRECTION('',(0.,0.,1.));
#4171=DIRECTION('',(0.,1.,0.));
#4172=DIRECTION('',(0.,0.,-1.));
#4173=DIRECTION('',(0.,1.,0.));
#4174=DIRECTION('',(0.,0.,1.));
#4175=DIRECTION('',(0.,1.,0.));
#4176=DIRECTION('',(0.,0.,1.));
#4177=DIRECTION('',(0.913545457642601,0.,-0.406736643075801));
#4178=DIRECTION('',(-0.406736643075801,0.,-0.913545457642601));
#4179=DIRECTION('',(0.406736643075801,0.,0.913545457642601));
#4180=DIRECTION('',(0.406736643075801,0.,0.913545457642601));
#4181=DIRECTION('',(0.,-1.,0.));
#4182=DIRECTION('',(-1.,0.,0.));
#4183=DIRECTION('',(0.,1.,0.));
#4184=DIRECTION('',(0.,0.,1.));
#4185=DIRECTION('',(0.,-1.,0.));
#4186=DIRECTION('',(-1.,0.,0.));
#4187=DIRECTION('',(-0.389150550980915,0.,-0.921174168478063));
#4188=DIRECTION('',(-0.921174168478063,0.,0.389150550980915));
#4189=DIRECTION('',(-0.921174168478063,0.,0.389150550980915));
#4190=DIRECTION('',(0.,1.,0.));
#4191=DIRECTION('',(0.,0.,1.));
#4192=DIRECTION('',(0.,-1.,0.));
#4193=DIRECTION('',(0.,0.,-1.));
#4194=DIRECTION('',(-0.651368501184718,-0.707106781186547,0.275170993501086));
#4195=DIRECTION('',(-0.651368501184717,0.707106781186548,0.275170993501086));
#4196=DIRECTION('',(0.,-1.,0.));
#4197=DIRECTION('',(0.,1.,0.));
#4198=DIRECTION('',(0.275170993501086,-0.707106781186547,-0.651368501184718));
#4199=DIRECTION('',(0.275170993501086,0.707106781186548,-0.651368501184717));
#4200=DIRECTION('',(-0.389150550980915,0.,0.921174168478063));
#4201=DIRECTION('',(0.921174168478063,0.,0.389150550980915));
#4202=DIRECTION('',(0.,1.,0.));
#4203=DIRECTION('',(-0.921174168478063,0.,-0.389150550980915));
#4204=DIRECTION('',(0.,1.,0.));
#4205=DIRECTION('',(0.,0.,1.));
#4206=DIRECTION('',(0.,-1.,0.));
#4207=DIRECTION('',(-0.651368501184718,-0.707106781186547,0.275170993501086));
#4208=DIRECTION('',(-0.651368501184717,0.707106781186548,0.275170993501086));
#4209=DIRECTION('',(0.,-1.,0.));
#4210=DIRECTION('',(0.,0.,-1.));
#4211=DIRECTION('',(0.275170993501086,-0.707106781186547,-0.651368501184718));
#4212=DIRECTION('',(0.275170993501086,0.707106781186548,-0.651368501184717));
#4213=DIRECTION('',(0.,-1.,0.));
#4214=DIRECTION('',(1.,0.,0.));
#4215=DIRECTION('',(-0.389150550980915,0.,-0.921174168478063));
#4216=DIRECTION('',(0.921174168478063,0.,0.389150550980915));
#4217=DIRECTION('',(0.,1.,0.));
#4218=DIRECTION('',(0.,0.,1.));
#4219=DIRECTION('',(-0.651368501184719,0.707106781186547,0.275170993501084));
#4220=DIRECTION('',(0.651368501184718,0.707106781186548,-0.275170993501084));
#4221=DIRECTION('',(0.,-1.,0.));
#4222=DIRECTION('',(0.,1.,0.));
#4223=DIRECTION('',(-0.275170993501086,-0.707106781186547,0.651368501184718));
#4224=DIRECTION('',(-0.275170993501086,0.707106781186548,0.651368501184717));
#4225=DIRECTION('',(0.389150550980915,0.,-0.921174168478063));
#4226=DIRECTION('',(-0.921174168478063,0.,-0.389150550980915));
#4227=DIRECTION('',(0.,1.,0.));
#4228=DIRECTION('',(0.921174168478063,0.,0.389150550980915));
#4229=DIRECTION('',(0.,1.,0.));
#4230=DIRECTION('',(0.,0.,1.));
#4231=DIRECTION('',(0.,-1.,0.));
#4232=DIRECTION('',(-0.651368501184719,0.707106781186547,0.275170993501084));
#4233=DIRECTION('',(0.651368501184718,0.707106781186548,-0.275170993501084));
#4234=DIRECTION('',(-0.275170993501086,-0.707106781186547,0.651368501184718));
#4235=DIRECTION('',(-0.275170993501086,0.707106781186548,0.651368501184717));
#4236=DIRECTION('',(0.389150550980915,0.,0.921174168478063));
#4237=DIRECTION('',(0.921174168478063,0.,-0.389150550980915));
#4238=DIRECTION('',(0.921174168478063,0.,-0.389150550980915));
#4239=DIRECTION('',(0.,1.,0.));
#4240=DIRECTION('',(-1.,0.,0.));
#4241=DIRECTION('',(0.921174168478064,0.,-0.389150550980912));
#4242=DIRECTION('',(-0.389150550980912,0.,-0.921174168478064));
#4243=DIRECTION('',(-0.389150550980912,0.,-0.921174168478064));
#4244=DIRECTION('',(-0.921174168478063,0.,-0.389150550980915));
#4245=DIRECTION('',(-0.389150550980915,0.,0.921174168478063));
#4246=DIRECTION('',(-0.389150550980915,0.,0.921174168478063));
#4247=DIRECTION('',(0.921174168478063,0.,-0.389150550980915));
#4248=DIRECTION('',(-0.389150550980915,0.,-0.921174168478063));
#4249=DIRECTION('',(0.389150550980915,0.,0.921174168478063));
#4250=DIRECTION('',(0.921174168478063,0.,0.389150550980914));
#4251=DIRECTION('',(0.389150550980914,0.,-0.921174168478063));
#4252=DIRECTION('',(0.389150550980914,0.,-0.921174168478063));
#4253=DIRECTION('',(-0.651368501184718,0.707106781186547,-0.275170993501086));
#4254=DIRECTION('',(-0.389150550980914,0.,0.921174168478063));
#4255=DIRECTION('',(-0.651368501184718,-0.707106781186547,0.275170993501086));
#4256=DIRECTION('',(-0.389150550980915,0.,-0.921174168478063));
#4257=DIRECTION('',(0.651368501184718,0.707106781186547,0.275170993501086));
#4258=DIRECTION('',(0.389150550980915,0.,-0.921174168478063));
#4259=DIRECTION('',(-0.651368501184719,0.707106781186547,0.275170993501084));
#4260=DIRECTION('',(0.389150550980912,0.,0.921174168478064));
#4261=DIRECTION('',(0.275170993501086,0.707106781186547,0.651368501184718));
#4262=DIRECTION('',(-0.921174168478063,0.,0.389150550980915));
#4263=DIRECTION('',(0.275170993501086,-0.707106781186547,-0.651368501184718));
#4264=DIRECTION('',(-0.921174168478063,0.,-0.389150550980915));
#4265=DIRECTION('',(-0.275170993501086,0.707106781186547,-0.651368501184718));
#4266=DIRECTION('',(0.921174168478063,0.,-0.389150550980915));
#4267=DIRECTION('',(-0.275170993501086,-0.707106781186547,0.651368501184718));
#4268=DIRECTION('',(0.921174168478063,0.,0.389150550980915));
#4269=DIRECTION('',(0.,1.,0.));
#4270=DIRECTION('',(0.,0.,1.));
#4271=DIRECTION('',(0.,-1.,0.));
#4272=DIRECTION('',(-1.,0.,0.));
#4273=CARTESIAN_POINT('',(0.,0.,0.));
#4274=CARTESIAN_POINT('',(-8.57067521640997E-5,0.0863,-2.56739074444567E-16));
#4275=CARTESIAN_POINT('',(5.55978874050567E-16,0.0863,4.0766001685455E-16));
#4276=CARTESIAN_POINT('',(-0.0101092907124114,0.0863,0.0110816172687902));
#4277=CARTESIAN_POINT('',(-0.0110816172687892,0.0863,0.0101092907124124));
#4278=CARTESIAN_POINT('',(-0.00461885011449367,0.0863,-0.00191502898962182));
#4279=CARTESIAN_POINT('',(-0.0121417388579723,0.0863,0.0158927083124559));
#4280=CARTESIAN_POINT('',(5.51642065360625E-16,0.0863,3.99853761212654E-16));
#4281=CARTESIAN_POINT('',(-0.0158927083124549,0.0863,0.0121417388579733));
#4282=CARTESIAN_POINT('',(0.00187302527484492,0.0863,0.0046365946076735));
#4283=CARTESIAN_POINT('',(-8.57067521640997E-5,0.0863,-2.56739074444567E-16));
#4284=CARTESIAN_POINT('',(5.56846235788555E-16,0.0863,4.05925293378573E-16));
#4285=CARTESIAN_POINT('',(-0.0158927083124549,0.0863,-0.0121417388579725));
#4286=CARTESIAN_POINT('',(-0.0121417388579726,0.0863,-0.0158927083124549));
#4287=CARTESIAN_POINT('',(-0.00461885011449447,0.0863,0.00191502898962162));
#4288=CARTESIAN_POINT('',(-0.0101092907124117,0.0863,-0.0110816172687892));
#4289=CARTESIAN_POINT('',(5.49039980146659E-16,0.0863,4.04624250771591E-16));
#4290=CARTESIAN_POINT('',(-0.0110816172687892,0.0863,-0.0101092907124116));
#4291=CARTESIAN_POINT('',(-0.016385381745551,0.0863,-0.0123498690297725));
#4292=CARTESIAN_POINT('',(-8.57067521640997E-5,0.0863,-2.56739074444567E-16));
#4293=CARTESIAN_POINT('',(5.49039980146659E-16,0.0863,4.04624250771591E-16));
#4294=CARTESIAN_POINT('',(0.0101092907124126,0.0863,-0.0110816172687893));
#4295=CARTESIAN_POINT('',(0.0110816172687903,0.0863,-0.0101092907124116));
#4296=CARTESIAN_POINT('',(0.00459289157028697,0.0863,0.00197647652018733));
#4297=CARTESIAN_POINT('',(0.0121417388579735,0.0863,-0.015892708312455));
#4298=CARTESIAN_POINT('',(5.56846235788555E-16,0.0863,4.05925293378573E-16));
#4299=CARTESIAN_POINT('',(0.015892708312456,0.0863,-0.0121417388579725));
#4300=CARTESIAN_POINT('',(-0.00201848023496422,0.0863,-0.00457514707710711));
#4301=CARTESIAN_POINT('',(5.55978874050567E-16,0.0863,4.0766001685455E-16));
#4302=CARTESIAN_POINT('',(-0.00762748718089466,0.0933,0.0129159374148874));
#4303=CARTESIAN_POINT('',(-0.00762748718089466,0.0933,0.0129159374148874));
#4304=CARTESIAN_POINT('',(-0.00762748718089466,0.0893,0.0129159374148874));
#4305=CARTESIAN_POINT('',(5.55978874050567E-16,0.0913,4.0766001685455E-16));
#4306=CARTESIAN_POINT('',(5.55978874050567E-16,0.0913,4.0766001685455E-16));
#4307=CARTESIAN_POINT('',(-0.0129159374148864,0.0893,0.00762748718089569));
#4308=CARTESIAN_POINT('',(-0.0129159374148864,0.0863,0.00762748718089569));
#4309=CARTESIAN_POINT('',(-0.0129159374148864,0.0933,0.00762748718089569));
#4310=CARTESIAN_POINT('',(5.55978874050567E-16,0.0933,4.0766001685455E-16));
#4311=CARTESIAN_POINT('',(5.51642065360625E-16,0.0863,3.99853761212654E-16));
#4312=CARTESIAN_POINT('',(5.51642065360625E-16,0.0913,3.99853761212654E-16));
#4313=CARTESIAN_POINT('',(-0.00958634652433809,0.0893,0.0175528333984948));
#4314=CARTESIAN_POINT('',(-0.00958634652433809,0.0933,0.0175528333984948));
#4315=CARTESIAN_POINT('',(-0.00958634652433809,0.0933,0.0175528333984948));
#4316=CARTESIAN_POINT('',(5.51642065360625E-16,0.0933,3.99853761212654E-16));
#4317=CARTESIAN_POINT('',(-0.0175528333984938,0.0933,0.00958634652433911));
#4318=CARTESIAN_POINT('',(-0.0175528333984938,0.0863,0.00958634652433911));
#4319=CARTESIAN_POINT('',(-0.0175528333984938,0.0893,0.00958634652433911));
#4320=CARTESIAN_POINT('',(5.51642065360625E-16,0.0913,3.99853761212654E-16));
#4321=CARTESIAN_POINT('',(5.49039980146659E-16,0.0863,4.04624250771591E-16));
#4322=CARTESIAN_POINT('',(0.00762748718089568,0.0933,-0.0129159374148861));
#4323=CARTESIAN_POINT('',(0.00762748718089568,0.0933,-0.0129159374148861));
#4324=CARTESIAN_POINT('',(0.00762748718089568,0.0893,-0.0129159374148861));
#4325=CARTESIAN_POINT('',(5.49039980146659E-16,0.0913,4.04624250771591E-16));
#4326=CARTESIAN_POINT('',(5.49039980146659E-16,0.0913,4.04624250771591E-16));
#4327=CARTESIAN_POINT('',(0.0129159374148876,0.0893,-0.00762748718089487));
#4328=CARTESIAN_POINT('',(0.0129159374148876,0.0863,-0.00762748718089487));
#4329=CARTESIAN_POINT('',(0.0129159374148876,0.0933,-0.00762748718089487));
#4330=CARTESIAN_POINT('',(5.49039980146659E-16,0.0933,4.04624250771591E-16));
#4331=CARTESIAN_POINT('',(5.56846235788555E-16,0.0863,4.05925293378573E-16));
#4332=CARTESIAN_POINT('',(5.56846235788555E-16,0.0913,4.05925293378573E-16));
#4333=CARTESIAN_POINT('',(0.00958634652433912,0.0893,-0.0175528333984935));
#4334=CARTESIAN_POINT('',(0.00958634652433912,0.0933,-0.0175528333984935));
#4335=CARTESIAN_POINT('',(0.00958634652433912,0.0933,-0.0175528333984935));
#4336=CARTESIAN_POINT('',(5.56846235788555E-16,0.0933,4.05925293378573E-16));
#4337=CARTESIAN_POINT('',(0.0175528333984949,0.0933,-0.00958634652433831));
#4338=CARTESIAN_POINT('',(0.0175528333984949,0.0863,-0.00958634652433832));
#4339=CARTESIAN_POINT('',(0.0175528333984949,0.0893,-0.00958634652433832));
#4340=CARTESIAN_POINT('',(5.56846235788555E-16,0.0913,4.05925293378573E-16));
#4341=CARTESIAN_POINT('',(0.,0.0933,6.93889390390723E-18));
#4342=CARTESIAN_POINT('',(0.,0.0933,4.28626379701574E-19));
#4343=CARTESIAN_POINT('',(0.,0.0933,0.007));
#4344=CARTESIAN_POINT('',(-0.00860691685261652,0.0933,0.0152343854066915));
#4345=CARTESIAN_POINT('',(-0.0152343854066901,0.0933,0.00860691685261741));
#4346=CARTESIAN_POINT('',(0.00860691685261747,0.0933,-0.0152343854066899));
#4347=CARTESIAN_POINT('',(0.0152343854066912,0.0933,-0.00860691685261659));
#4348=CARTESIAN_POINT('',(-4.9439619065339E-17,0.0933,-7.97972798949331E-17));
#4349=CARTESIAN_POINT('',(0.00866807003028152,0.0933,0.0359703289107861));
#4350=CARTESIAN_POINT('',(0.0141302128909398,0.0933,0.0341955711117203));
#4351=CARTESIAN_POINT('',(0.00986389549416501,0.0933,0.0415962453938534));
#4352=CARTESIAN_POINT('',(0.0110597209580485,0.0933,0.0472221618769209));
#4353=CARTESIAN_POINT('',(-9.90960785651751E-17,0.0933,-2.77555756156289E-17));
#4354=CARTESIAN_POINT('',(-0.001,0.0933,0.0484896896257339));
#4355=CARTESIAN_POINT('',(-0.001,0.0933,0.0427380868217738));
#4356=CARTESIAN_POINT('',(-0.00100000000000002,0.0933,0.0369864840178146));
#4357=CARTESIAN_POINT('',(1.27935856353289E-17,0.0933,8.04911692853239E-16));
#4358=CARTESIAN_POINT('',(-0.0067117748288139,0.0933,0.0363861522924216));
#4359=CARTESIAN_POINT('',(-0.00790760029269759,0.0933,0.0420120687754899));
#4360=CARTESIAN_POINT('',(-0.00910342575658105,0.0933,0.0476379852585569));
#4361=CARTESIAN_POINT('',(1.96023752785379E-16,0.0933,-5.30825383648903E-16));
#4362=CARTESIAN_POINT('',(-0.0206360790398019,0.0933,0.0438907990570147));
#4363=CARTESIAN_POINT('',(-0.0182966914230137,0.0933,0.0386364484412924));
#4364=CARTESIAN_POINT('',(-0.0159573038062251,0.0933,0.0333820978255691));
#4365=CARTESIAN_POINT('',(5.67254576644416E-16,0.0933,-9.59302082215174E-16));
#4366=CARTESIAN_POINT('',(-0.0209310928454481,0.0933,0.0305104793848824));
#4367=CARTESIAN_POINT('',(-0.0243118001506599,0.0933,0.0351636237981807));
#4368=CARTESIAN_POINT('',(-0.027692507455871,0.0933,0.039816768211478));
#4369=CARTESIAN_POINT('',(-2.8796409701215E-16,0.0933,4.1286418728248E-16));
#4370=CARTESIAN_POINT('',(-0.0367039925407289,0.0933,0.0317027905959437));
#4371=CARTESIAN_POINT('',(-0.0324297186787642,0.0933,0.0278542171241941));
#4372=CARTESIAN_POINT('',(-0.0281554448167998,0.0933,0.0240056436524449));
#4373=CARTESIAN_POINT('',(-1.61329283265843E-16,0.0933,1.31838984174237E-16));
#4374=CARTESIAN_POINT('',(-0.0315312347560939,0.0933,0.0193592674126914));
#4375=CARTESIAN_POINT('',(-0.0365122688968024,0.0933,0.0222350688146721));
#4376=CARTESIAN_POINT('',(-0.0414933030375093,0.0933,0.0251108702166519));
#4377=CARTESIAN_POINT('',(7.28583859910259E-16,0.0933,-3.08780778723872E-16));
#4378=CARTESIAN_POINT('',(-0.0464254522860616,0.0933,0.0140330816300241));
#4379=CARTESIAN_POINT('',(-0.0409553529602125,0.0933,0.0122557386187054));
#4380=CARTESIAN_POINT('',(-0.0354852536343638,0.0933,0.0104783956073868));
#4381=CARTESIAN_POINT('',(-5.48172618408671E-16,0.0933,1.22731685925359E-16));
#4382=CARTESIAN_POINT('',(-0.0366793397251369,0.0933,0.00486066223142399));
#4383=CARTESIAN_POINT('',(-0.0423994346471375,0.0933,0.00546186843384794));
#4384=CARTESIAN_POINT('',(-0.0481195295691369,0.0933,0.00606307463627175));
#4385=CARTESIAN_POINT('',(2.393918396848E-16,0.0933,1.04083408558608E-17));
#4386=CARTESIAN_POINT('',(-0.0481195295691381,0.0933,-0.00606307463627187));
#4387=CARTESIAN_POINT('',(-0.0423994346471383,0.0933,-0.005461868433848));
#4388=CARTESIAN_POINT('',(-0.0366793397251374,0.0933,-0.00486066223142398));
#4389=CARTESIAN_POINT('',(-3.81639164714898E-16,0.0933,-1.1145598333151E-16));
#4390=CARTESIAN_POINT('',(-0.0354852536343648,0.0933,-0.0104783956073872));
#4391=CARTESIAN_POINT('',(-0.0409553529602123,0.0933,-0.0122557386187053));
#4392=CARTESIAN_POINT('',(-0.0464254522860589,0.0933,-0.0140330816300233));
#4393=CARTESIAN_POINT('',(-6.55725473919233E-16,0.0933,-3.59087759527199E-16));
#4394=CARTESIAN_POINT('',(-0.0414933030375083,0.0933,-0.0251108702166514));
#4395=CARTESIAN_POINT('',(-0.0365122688968018,0.0933,-0.0222350688146718));
#4396=CARTESIAN_POINT('',(-0.0315312347560945,0.0933,-0.0193592674126916));
#4397=CARTESIAN_POINT('',(1.26634813746307E-16,0.0933,1.16226472890446E-16));
#4398=CARTESIAN_POINT('',(-0.0281554448168008,0.0933,-0.0240056436524457));
#4399=CARTESIAN_POINT('',(-0.0324297186787651,0.0933,-0.0278542171241949));
#4400=CARTESIAN_POINT('',(-0.0367039925407284,0.0933,-0.0317027905959433));
#4401=CARTESIAN_POINT('',(2.393918396848E-16,0.0933,2.4980018054066E-16));
#4402=CARTESIAN_POINT('',(-0.0276925074558718,0.0933,-0.0398167682114792));
#4403=CARTESIAN_POINT('',(-0.0243118001506596,0.0933,-0.0351636237981802));
#4404=CARTESIAN_POINT('',(-0.0209310928454475,0.0933,-0.0305104793848816));
#4405=CARTESIAN_POINT('',(1.2490009027033E-16,0.0933,3.22658566531686E-16));
#4406=CARTESIAN_POINT('',(-0.015957303806225,0.0933,-0.0333820978255687));
#4407=CARTESIAN_POINT('',(-0.0182966914230133,0.0933,-0.0386364484412915));
#4408=CARTESIAN_POINT('',(-0.0206360790398014,0.0933,-0.0438907990570137));
#4409=CARTESIAN_POINT('',(2.12330153459561E-15,0.0933,4.65599780952175E-15));
#4410=CARTESIAN_POINT('',(-0.00910342575658104,0.0933,-0.0476379852585569));
#4411=CARTESIAN_POINT('',(-0.00790760029269754,0.0933,-0.0420120687754895));
#4412=CARTESIAN_POINT('',(-0.00671177482881401,0.0933,-0.036386152292422));
#4413=CARTESIAN_POINT('',(1.44198888940572E-17,0.0933,-2.56739074444567E-16));
#4414=CARTESIAN_POINT('',(-0.00100000000000002,0.0933,-0.0369864840178143));
#4415=CARTESIAN_POINT('',(-0.00100000000000002,0.0933,-0.0427380868217745));
#4416=CARTESIAN_POINT('',(-0.001,0.0933,-0.0484896896257346));
#4417=CARTESIAN_POINT('',(-1.62521905655577E-16,0.0933,7.11236625150491E-16));
#4418=CARTESIAN_POINT('',(0.0110597209580486,0.0933,-0.0472221618769214));
#4419=CARTESIAN_POINT('',(0.00986389549416512,0.0933,-0.0415962453938541));
#4420=CARTESIAN_POINT('',(0.00866807003028157,0.0933,-0.0359703289107864));
#4421=CARTESIAN_POINT('',(1.4137996329211E-16,0.0933,-1.59594559789866E-16));
#4422=CARTESIAN_POINT('',(0.0141302128909399,0.0933,-0.0341955711117206));
#4423=CARTESIAN_POINT('',(0.0164696005077277,0.0933,-0.0394499217274424));
#4424=CARTESIAN_POINT('',(0.018808988124516,0.0933,-0.0447042723431648));
#4425=CARTESIAN_POINT('',(2.22044604925032E-16,0.0933,-4.78783679369599E-16));
#4426=CARTESIAN_POINT('',(0.0293105414446208,0.0933,-0.0386411977068931));
#4427=CARTESIAN_POINT('',(0.0259298341394089,0.0933,-0.0339880532935946));
#4428=CARTESIAN_POINT('',(0.0225491268341975,0.0933,-0.0293349088802968));
#4429=CARTESIAN_POINT('',(3.03576608295942E-16,0.0933,-2.94902990916057E-16));
#4430=CARTESIAN_POINT('',(0.0268171836040822,0.0933,-0.0254919333033998));
#4431=CARTESIAN_POINT('',(0.031091457466046,0.0933,-0.0293405067751485));
#4432=CARTESIAN_POINT('',(0.0353657313280104,0.0933,-0.0331890802468978));
#4433=CARTESIAN_POINT('',(7.14706072102445E-16,0.0933,-5.62050406216486E-16));
#4434=CARTESIAN_POINT('',(0.0424933030375086,0.0933,-0.0233788194090827));
#4435=CARTESIAN_POINT('',(0.0375122688968011,0.0933,-0.0205030180071025));
#4436=CARTESIAN_POINT('',(0.0325312347560943,0.0933,-0.0176272166051227));
#4437=CARTESIAN_POINT('',(-1.94635974004598E-15,0.0933,7.58074159001865E-16));
#4438=CARTESIAN_POINT('',(0.0348672196456139,0.0933,-0.0123805086399772));
#4439=CARTESIAN_POINT('',(0.0403373189714611,0.0933,-0.0141578516512953));
#4440=CARTESIAN_POINT('',(0.0458074182973092,0.0933,-0.0159351946626136));
#4441=CARTESIAN_POINT('',(4.23272528138341E-16,0.0933,-8.84708972748172E-17));
#4442=CARTESIAN_POINT('',(0.0483285864956723,0.0933,-0.00407403084553525));
#4443=CARTESIAN_POINT('',(0.042608491573672,0.0933,-0.00347282464311133));
#4444=CARTESIAN_POINT('',(0.0368883966516722,0.0933,-0.00287161844068746));
#4445=CARTESIAN_POINT('',(-7.59808882477842E-16,0.0933,-2.40692882291782E-17));
#4446=CARTESIAN_POINT('',(0.0368883966516722,0.0933,0.00287161844068741));
#4447=CARTESIAN_POINT('',(0.042608491573672,0.0933,0.00347282464311127));
#4448=CARTESIAN_POINT('',(0.0483285864956718,0.0933,0.00407403084553513));
#4449=CARTESIAN_POINT('',(-4.1286418728248E-16,0.0933,-8.45677694538694E-17));
#4450=CARTESIAN_POINT('',(0.0458074182973087,0.0933,0.0159351946626134));
#4451=CARTESIAN_POINT('',(0.0403373189714611,0.0933,0.0141578516512952));
#4452=CARTESIAN_POINT('',(0.0348672196456135,0.0933,0.012380508639977));
#4453=CARTESIAN_POINT('',(-1.42247325030098E-15,0.0933,-4.90926743701436E-16));
#4454=CARTESIAN_POINT('',(0.032531234756094,0.0933,0.0176272166051224));
#4455=CARTESIAN_POINT('',(0.0375122688968011,0.0933,0.0205030180071025));
#4456=CARTESIAN_POINT('',(0.0424933030375085,0.0933,0.0233788194090826));
#4457=CARTESIAN_POINT('',(5.51642065360625E-16,0.0933,4.02455846426619E-16));
#4458=CARTESIAN_POINT('',(0.0353657313280104,0.0933,0.0331890802468977));
#4459=CARTESIAN_POINT('',(0.031091457466046,0.0933,0.0293405067751485));
#4460=CARTESIAN_POINT('',(0.026817183604082,0.0933,0.0254919333033995));
#4461=CARTESIAN_POINT('',(3.43475248243408E-16,0.0933,3.98986399474665E-16));
#4462=CARTESIAN_POINT('',(0.0225491268341973,0.0933,0.0293349088802965));
#4463=CARTESIAN_POINT('',(0.0259298341394089,0.0933,0.0339880532935945));
#4464=CARTESIAN_POINT('',(0.0293105414446208,0.0933,0.038641197706893));
#4465=CARTESIAN_POINT('',(3.19189119579733E-16,0.0933,5.58580959264532E-16));
#4466=CARTESIAN_POINT('',(0.018808988124516,0.0933,0.0447042723431647));
#4467=CARTESIAN_POINT('',(0.0164696005077278,0.0933,0.0394499217274424));
#4468=CARTESIAN_POINT('',(5.55978874050567E-16,0.0933,4.0766001685455E-16));
#4469=CARTESIAN_POINT('',(0.0129159374148876,0.0933,0.00762748718089569));
#4470=CARTESIAN_POINT('',(0.00762748718089568,0.0933,0.0129159374148875));
#4471=CARTESIAN_POINT('',(0.00860691685261747,0.0933,0.0152343854066915));
#4472=CARTESIAN_POINT('',(0.00958634652433909,0.0933,0.0175528333984949));
#4473=CARTESIAN_POINT('',(5.51642065360625E-16,0.0933,3.99853761212654E-16));
#4474=CARTESIAN_POINT('',(0.0175528333984949,0.0933,0.00958634652433912));
#4475=CARTESIAN_POINT('',(0.0152343854066912,0.0933,0.0086069168526174));
#4476=CARTESIAN_POINT('',(-0.0152343854066901,0.0933,-0.00860691685261659));
#4477=CARTESIAN_POINT('',(-0.0129159374148864,0.0933,-0.00762748718089487));
#4478=CARTESIAN_POINT('',(-0.0175528333984938,0.0933,-0.00958634652433831));
#4479=CARTESIAN_POINT('',(5.49039980146659E-16,0.0933,4.04624250771591E-16));
#4480=CARTESIAN_POINT('',(-0.00762748718089481,0.0933,-0.0129159374148862));
#4481=CARTESIAN_POINT('',(-0.00860691685261652,0.0933,-0.0152343854066899));
#4482=CARTESIAN_POINT('',(-0.00958634652433824,0.0933,-0.0175528333984936));
#4483=CARTESIAN_POINT('',(5.56846235788555E-16,0.0933,4.05925293378573E-16));
#4484=CARTESIAN_POINT('',(-4.9439619065339E-17,0.0933,-7.97972798949331E-17));
#4485=CARTESIAN_POINT('',(0.0141302128909398,0.0933,0.0341955711117203));
#4486=CARTESIAN_POINT('',(0.0141302128909398,0.0803,0.0341955711117203));
#4487=CARTESIAN_POINT('',(-4.9439619065339E-17,0.0803,-7.97972798949331E-17));
#4488=CARTESIAN_POINT('',(0.00866807003028152,0.0803,0.0359703289107861));
#4489=CARTESIAN_POINT('',(0.00866807003028152,0.0933,0.0359703289107861));
#4490=CARTESIAN_POINT('',(0.00986389549416501,0.0933,0.0415962453938534));
#4491=CARTESIAN_POINT('',(0.00986389549416501,0.0803,0.0415962453938534));
#4492=CARTESIAN_POINT('',(0.0110597209580485,0.0803,0.0472221618769209));
#4493=CARTESIAN_POINT('',(0.0110597209580485,0.0933,0.0472221618769209));
#4494=CARTESIAN_POINT('',(-9.90960785651751E-17,0.0933,-2.77555756156289E-17));
#4495=CARTESIAN_POINT('',(-9.90960785651751E-17,0.0803,-2.77555756156289E-17));
#4496=CARTESIAN_POINT('',(-0.001,0.0803,0.0484896896257339));
#4497=CARTESIAN_POINT('',(-0.001,0.0933,0.0484896896257339));
#4498=CARTESIAN_POINT('',(-0.001,0.0933,0.0427380868217738));
#4499=CARTESIAN_POINT('',(-0.001,0.0803,0.0427380868217738));
#4500=CARTESIAN_POINT('',(-0.00100000000000002,0.0803,0.0369864840178146));
#4501=CARTESIAN_POINT('',(-0.00100000000000002,0.0933,0.0369864840178146));
#4502=CARTESIAN_POINT('',(1.27935856353289E-17,0.0933,8.04911692853239E-16));
#4503=CARTESIAN_POINT('',(1.27935856353289E-17,0.0803,8.04911692853239E-16));
#4504=CARTESIAN_POINT('',(-0.0067117748288139,0.0803,0.0363861522924216));
#4505=CARTESIAN_POINT('',(-0.0067117748288139,0.0933,0.0363861522924216));
#4506=CARTESIAN_POINT('',(-0.00790760029269759,0.0933,0.0420120687754899));
#4507=CARTESIAN_POINT('',(-0.00790760029269759,0.0803,0.0420120687754899));
#4508=CARTESIAN_POINT('',(-0.00910342575658105,0.0803,0.0476379852585569));
#4509=CARTESIAN_POINT('',(-0.00910342575658105,0.0933,0.0476379852585569));
#4510=CARTESIAN_POINT('',(1.96023752785379E-16,0.0933,-5.30825383648903E-16));
#4511=CARTESIAN_POINT('',(1.96023752785379E-16,0.0803,-5.30825383648903E-16));
#4512=CARTESIAN_POINT('',(-0.0206360790398019,0.0803,0.0438907990570147));
#4513=CARTESIAN_POINT('',(-0.0206360790398019,0.0933,0.0438907990570147));
#4514=CARTESIAN_POINT('',(-0.0182966914230137,0.0933,0.0386364484412924));
#4515=CARTESIAN_POINT('',(-0.0182966914230137,0.0803,0.0386364484412924));
#4516=CARTESIAN_POINT('',(-0.0159573038062251,0.0803,0.0333820978255691));
#4517=CARTESIAN_POINT('',(-0.0159573038062251,0.0933,0.0333820978255691));
#4518=CARTESIAN_POINT('',(5.67254576644416E-16,0.0933,-9.59302082215174E-16));
#4519=CARTESIAN_POINT('',(5.67254576644416E-16,0.0803,-9.59302082215174E-16));
#4520=CARTESIAN_POINT('',(-0.0209310928454481,0.0803,0.0305104793848824));
#4521=CARTESIAN_POINT('',(-0.0209310928454481,0.0933,0.0305104793848824));
#4522=CARTESIAN_POINT('',(-0.0243118001506599,0.0933,0.0351636237981807));
#4523=CARTESIAN_POINT('',(-0.0243118001506599,0.0803,0.0351636237981807));
#4524=CARTESIAN_POINT('',(-0.027692507455871,0.0803,0.039816768211478));
#4525=CARTESIAN_POINT('',(-0.027692507455871,0.0933,0.039816768211478));
#4526=CARTESIAN_POINT('',(-2.8796409701215E-16,0.0933,4.1286418728248E-16));
#4527=CARTESIAN_POINT('',(-2.8796409701215E-16,0.0803,4.1286418728248E-16));
#4528=CARTESIAN_POINT('',(-0.0367039925407289,0.0803,0.0317027905959437));
#4529=CARTESIAN_POINT('',(-0.0367039925407289,0.0933,0.0317027905959437));
#4530=CARTESIAN_POINT('',(-0.0324297186787642,0.0933,0.0278542171241941));
#4531=CARTESIAN_POINT('',(-0.0324297186787642,0.0803,0.0278542171241941));
#4532=CARTESIAN_POINT('',(-0.0281554448167998,0.0803,0.0240056436524449));
#4533=CARTESIAN_POINT('',(-0.0281554448167998,0.0933,0.0240056436524449));
#4534=CARTESIAN_POINT('',(-1.61329283265843E-16,0.0933,1.31838984174237E-16));
#4535=CARTESIAN_POINT('',(-1.61329283265843E-16,0.0803,1.31838984174237E-16));
#4536=CARTESIAN_POINT('',(-0.0315312347560939,0.0803,0.0193592674126914));
#4537=CARTESIAN_POINT('',(-0.0315312347560939,0.0933,0.0193592674126914));
#4538=CARTESIAN_POINT('',(-0.0365122688968024,0.0933,0.0222350688146721));
#4539=CARTESIAN_POINT('',(-0.0365122688968024,0.0803,0.0222350688146721));
#4540=CARTESIAN_POINT('',(-0.0414933030375093,0.0803,0.0251108702166519));
#4541=CARTESIAN_POINT('',(-0.0414933030375093,0.0933,0.0251108702166519));
#4542=CARTESIAN_POINT('',(7.28583859910259E-16,0.0933,-3.08780778723872E-16));
#4543=CARTESIAN_POINT('',(7.28583859910259E-16,0.0803,-3.08780778723872E-16));
#4544=CARTESIAN_POINT('',(-0.0464254522860616,0.0803,0.0140330816300241));
#4545=CARTESIAN_POINT('',(-0.0464254522860616,0.0933,0.0140330816300241));
#4546=CARTESIAN_POINT('',(-0.0409553529602125,0.0933,0.0122557386187054));
#4547=CARTESIAN_POINT('',(-0.0409553529602125,0.0803,0.0122557386187054));
#4548=CARTESIAN_POINT('',(-0.0354852536343638,0.0803,0.0104783956073868));
#4549=CARTESIAN_POINT('',(-0.0354852536343638,0.0933,0.0104783956073868));
#4550=CARTESIAN_POINT('',(-5.48172618408671E-16,0.0933,1.22731685925359E-16));
#4551=CARTESIAN_POINT('',(-5.48172618408671E-16,0.0803,1.22731685925359E-16));
#4552=CARTESIAN_POINT('',(-0.0366793397251369,0.0803,0.00486066223142399));
#4553=CARTESIAN_POINT('',(-0.0366793397251369,0.0933,0.00486066223142399));
#4554=CARTESIAN_POINT('',(-0.0423994346471375,0.0933,0.00546186843384794));
#4555=CARTESIAN_POINT('',(-0.0423994346471375,0.0803,0.00546186843384794));
#4556=CARTESIAN_POINT('',(-0.0481195295691369,0.0803,0.00606307463627175));
#4557=CARTESIAN_POINT('',(-0.0481195295691369,0.0933,0.00606307463627175));
#4558=CARTESIAN_POINT('',(2.393918396848E-16,0.0933,1.04083408558608E-17));
#4559=CARTESIAN_POINT('',(2.393918396848E-16,0.0803,1.04083408558608E-17));
#4560=CARTESIAN_POINT('',(-0.0481195295691381,0.0803,-0.00606307463627187));
#4561=CARTESIAN_POINT('',(-0.0481195295691381,0.0933,-0.00606307463627187));
#4562=CARTESIAN_POINT('',(-0.0423994346471383,0.0933,-0.005461868433848));
#4563=CARTESIAN_POINT('',(-0.0423994346471383,0.0803,-0.005461868433848));
#4564=CARTESIAN_POINT('',(-0.0366793397251374,0.0803,-0.00486066223142399));
#4565=CARTESIAN_POINT('',(-0.0366793397251374,0.0933,-0.00486066223142399));
#4566=CARTESIAN_POINT('',(-3.81639164714898E-16,0.0933,-1.1145598333151E-16));
#4567=CARTESIAN_POINT('',(-3.81639164714898E-16,0.0803,-1.1145598333151E-16));
#4568=CARTESIAN_POINT('',(-0.0354852536343648,0.0803,-0.0104783956073872));
#4569=CARTESIAN_POINT('',(-0.0354852536343648,0.0933,-0.0104783956073872));
#4570=CARTESIAN_POINT('',(-0.0409553529602123,0.0933,-0.0122557386187053));
#4571=CARTESIAN_POINT('',(-0.0409553529602123,0.0803,-0.0122557386187053));
#4572=CARTESIAN_POINT('',(-0.0464254522860589,0.0803,-0.0140330816300233));
#4573=CARTESIAN_POINT('',(-0.0464254522860589,0.0933,-0.0140330816300233));
#4574=CARTESIAN_POINT('',(-6.55725473919233E-16,0.0933,-3.59087759527199E-16));
#4575=CARTESIAN_POINT('',(-6.55725473919233E-16,0.0803,-3.59087759527199E-16));
#4576=CARTESIAN_POINT('',(-0.0414933030375083,0.0803,-0.0251108702166514));
#4577=CARTESIAN_POINT('',(-0.0414933030375083,0.0933,-0.0251108702166514));
#4578=CARTESIAN_POINT('',(-0.0365122688968018,0.0933,-0.0222350688146718));
#4579=CARTESIAN_POINT('',(-0.0365122688968018,0.0803,-0.0222350688146718));
#4580=CARTESIAN_POINT('',(-0.0315312347560944,0.0803,-0.0193592674126916));
#4581=CARTESIAN_POINT('',(-0.0315312347560944,0.0933,-0.0193592674126916));
#4582=CARTESIAN_POINT('',(1.26634813746307E-16,0.0933,1.16226472890446E-16));
#4583=CARTESIAN_POINT('',(1.26634813746307E-16,0.0803,1.16226472890446E-16));
#4584=CARTESIAN_POINT('',(-0.0281554448168008,0.0803,-0.0240056436524457));
#4585=CARTESIAN_POINT('',(-0.0281554448168008,0.0933,-0.0240056436524457));
#4586=CARTESIAN_POINT('',(-0.0324297186787651,0.0933,-0.0278542171241949));
#4587=CARTESIAN_POINT('',(-0.0324297186787651,0.0803,-0.0278542171241949));
#4588=CARTESIAN_POINT('',(-0.0367039925407284,0.0803,-0.0317027905959433));
#4589=CARTESIAN_POINT('',(-0.0367039925407284,0.0933,-0.0317027905959433));
#4590=CARTESIAN_POINT('',(2.393918396848E-16,0.0933,2.4980018054066E-16));
#4591=CARTESIAN_POINT('',(2.393918396848E-16,0.0803,2.4980018054066E-16));
#4592=CARTESIAN_POINT('',(-0.0276925074558718,0.0803,-0.0398167682114792));
#4593=CARTESIAN_POINT('',(-0.0276925074558718,0.0933,-0.0398167682114792));
#4594=CARTESIAN_POINT('',(-0.0243118001506596,0.0933,-0.0351636237981802));
#4595=CARTESIAN_POINT('',(-0.0243118001506596,0.0803,-0.0351636237981802));
#4596=CARTESIAN_POINT('',(-0.0209310928454475,0.0803,-0.0305104793848816));
#4597=CARTESIAN_POINT('',(-0.0209310928454475,0.0933,-0.0305104793848816));
#4598=CARTESIAN_POINT('',(1.2490009027033E-16,0.0933,3.22658566531686E-16));
#4599=CARTESIAN_POINT('',(1.2490009027033E-16,0.0803,3.22658566531686E-16));
#4600=CARTESIAN_POINT('',(-0.015957303806225,0.0803,-0.0333820978255687));
#4601=CARTESIAN_POINT('',(-0.015957303806225,0.0933,-0.0333820978255687));
#4602=CARTESIAN_POINT('',(-0.0182966914230133,0.0933,-0.0386364484412915));
#4603=CARTESIAN_POINT('',(-0.0182966914230133,0.0803,-0.0386364484412915));
#4604=CARTESIAN_POINT('',(-0.0206360790398014,0.0803,-0.0438907990570137));
#4605=CARTESIAN_POINT('',(-0.0206360790398014,0.0933,-0.0438907990570137));
#4606=CARTESIAN_POINT('',(2.12330153459561E-15,0.0933,4.65599780952175E-15));
#4607=CARTESIAN_POINT('',(2.12330153459561E-15,0.0803,4.65599780952175E-15));
#4608=CARTESIAN_POINT('',(-0.00910342575658105,0.0803,-0.0476379852585569));
#4609=CARTESIAN_POINT('',(-0.00910342575658105,0.0933,-0.0476379852585569));
#4610=CARTESIAN_POINT('',(-0.00790760029269754,0.0933,-0.0420120687754895));
#4611=CARTESIAN_POINT('',(-0.00790760029269754,0.0803,-0.0420120687754895));
#4612=CARTESIAN_POINT('',(-0.00671177482881392,0.0803,-0.0363861522924216));
#4613=CARTESIAN_POINT('',(-0.00671177482881392,0.0933,-0.0363861522924216));
#4614=CARTESIAN_POINT('',(1.44198888940572E-17,0.0933,-2.56739074444567E-16));
#4615=CARTESIAN_POINT('',(1.44198888940572E-17,0.0803,-2.56739074444567E-16));
#4616=CARTESIAN_POINT('',(-0.00100000000000003,0.0803,-0.0369864840178143));
#4617=CARTESIAN_POINT('',(-0.00100000000000003,0.0933,-0.0369864840178143));
#4618=CARTESIAN_POINT('',(-0.00100000000000002,0.0933,-0.0427380868217745));
#4619=CARTESIAN_POINT('',(-0.00100000000000002,0.0803,-0.0427380868217745));
#4620=CARTESIAN_POINT('',(-0.00100000000000002,0.0803,-0.0484896896257353));
#4621=CARTESIAN_POINT('',(-0.00100000000000002,0.0933,-0.0484896896257353));
#4622=CARTESIAN_POINT('',(-1.62521905655577E-16,0.0933,7.11236625150491E-16));
#4623=CARTESIAN_POINT('',(-1.62521905655577E-16,0.0803,7.11236625150491E-16));
#4624=CARTESIAN_POINT('',(0.0110597209580486,0.0803,-0.0472221618769214));
#4625=CARTESIAN_POINT('',(0.0110597209580486,0.0933,-0.0472221618769214));
#4626=CARTESIAN_POINT('',(0.00986389549416512,0.0933,-0.0415962453938541));
#4627=CARTESIAN_POINT('',(0.00986389549416512,0.0803,-0.0415962453938541));
#4628=CARTESIAN_POINT('',(0.0086680700302815,0.0803,-0.0359703289107861));
#4629=CARTESIAN_POINT('',(0.0086680700302815,0.0933,-0.0359703289107861));
#4630=CARTESIAN_POINT('',(1.4137996329211E-16,0.0933,-1.59594559789866E-16));
#4631=CARTESIAN_POINT('',(1.4137996329211E-16,0.0803,-1.59594559789866E-16));
#4632=CARTESIAN_POINT('',(0.0141302128909398,0.0803,-0.0341955711117206));
#4633=CARTESIAN_POINT('',(0.0141302128909398,0.0933,-0.0341955711117206));
#4634=CARTESIAN_POINT('',(0.0164696005077277,0.0933,-0.0394499217274424));
#4635=CARTESIAN_POINT('',(0.0164696005077277,0.0803,-0.0394499217274424));
#4636=CARTESIAN_POINT('',(0.0188089881245158,0.0803,-0.0447042723431645));
#4637=CARTESIAN_POINT('',(0.0188089881245158,0.0933,-0.0447042723431645));
#4638=CARTESIAN_POINT('',(2.22044604925032E-16,0.0933,-4.78783679369599E-16));
#4639=CARTESIAN_POINT('',(2.22044604925032E-16,0.0803,-4.78783679369599E-16));
#4640=CARTESIAN_POINT('',(0.0293105414446208,0.0803,-0.0386411977068931));
#4641=CARTESIAN_POINT('',(0.0293105414446208,0.0933,-0.0386411977068931));
#4642=CARTESIAN_POINT('',(0.0259298341394089,0.0933,-0.0339880532935946));
#4643=CARTESIAN_POINT('',(0.0259298341394089,0.0803,-0.0339880532935946));
#4644=CARTESIAN_POINT('',(0.0225491268341972,0.0803,-0.0293349088802963));
#4645=CARTESIAN_POINT('',(0.0225491268341972,0.0933,-0.0293349088802963));
#4646=CARTESIAN_POINT('',(3.03576608295942E-16,0.0933,-2.94902990916057E-16));
#4647=CARTESIAN_POINT('',(3.03576608295942E-16,0.0803,-2.94902990916057E-16));
#4648=CARTESIAN_POINT('',(0.0268171836040822,0.0803,-0.0254919333033998));
#4649=CARTESIAN_POINT('',(0.0268171836040822,0.0933,-0.0254919333033998));
#4650=CARTESIAN_POINT('',(0.031091457466046,0.0933,-0.0293405067751485));
#4651=CARTESIAN_POINT('',(0.031091457466046,0.0803,-0.0293405067751485));
#4652=CARTESIAN_POINT('',(0.0353657313280101,0.0803,-0.0331890802468975));
#4653=CARTESIAN_POINT('',(0.0353657313280101,0.0933,-0.0331890802468975));
#4654=CARTESIAN_POINT('',(7.14706072102445E-16,0.0933,-5.62050406216486E-16));
#4655=CARTESIAN_POINT('',(7.14706072102445E-16,0.0803,-5.62050406216486E-16));
#4656=CARTESIAN_POINT('',(0.0424933030375086,0.0803,-0.0233788194090827));
#4657=CARTESIAN_POINT('',(0.0424933030375086,0.0933,-0.0233788194090827));
#4658=CARTESIAN_POINT('',(0.0375122688968011,0.0933,-0.0205030180071025));
#4659=CARTESIAN_POINT('',(0.0375122688968011,0.0803,-0.0205030180071025));
#4660=CARTESIAN_POINT('',(0.032531234756094,0.0803,-0.0176272166051225));
#4661=CARTESIAN_POINT('',(0.032531234756094,0.0933,-0.0176272166051225));
#4662=CARTESIAN_POINT('',(-1.94635974004598E-15,0.0933,7.58074159001865E-16));
#4663=CARTESIAN_POINT('',(-1.94635974004598E-15,0.0803,7.58074159001865E-16));
#4664=CARTESIAN_POINT('',(0.0348672196456139,0.0803,-0.0123805086399772));
#4665=CARTESIAN_POINT('',(0.0348672196456139,0.0933,-0.0123805086399772));
#4666=CARTESIAN_POINT('',(0.0403373189714611,0.0933,-0.0141578516512953));
#4667=CARTESIAN_POINT('',(0.0403373189714611,0.0803,-0.0141578516512953));
#4668=CARTESIAN_POINT('',(0.0458074182973087,0.0803,-0.0159351946626135));
#4669=CARTESIAN_POINT('',(0.0458074182973087,0.0933,-0.0159351946626135));
#4670=CARTESIAN_POINT('',(4.23272528138341E-16,0.0933,-8.84708972748172E-17));
#4671=CARTESIAN_POINT('',(4.23272528138341E-16,0.0803,-8.84708972748172E-17));
#4672=CARTESIAN_POINT('',(0.0483285864956723,0.0803,-0.00407403084553523));
#4673=CARTESIAN_POINT('',(0.0483285864956723,0.0933,-0.00407403084553523));
#4674=CARTESIAN_POINT('',(0.042608491573672,0.0933,-0.00347282464311133));
#4675=CARTESIAN_POINT('',(0.042608491573672,0.0803,-0.00347282464311133));
#4676=CARTESIAN_POINT('',(0.0368883966516722,0.0803,-0.00287161844068746));
#4677=CARTESIAN_POINT('',(0.0368883966516722,0.0933,-0.00287161844068746));
#4678=CARTESIAN_POINT('',(-7.59808882477842E-16,0.0933,-2.40692882291782E-17));
#4679=CARTESIAN_POINT('',(-7.59808882477842E-16,0.0803,-2.40692882291782E-17));
#4680=CARTESIAN_POINT('',(0.0368883966516722,0.0803,0.00287161844068741));
#4681=CARTESIAN_POINT('',(0.0368883966516722,0.0933,0.00287161844068741));
#4682=CARTESIAN_POINT('',(0.042608491573672,0.0933,0.00347282464311127));
#4683=CARTESIAN_POINT('',(0.042608491573672,0.0803,0.00347282464311127));
#4684=CARTESIAN_POINT('',(0.0483285864956718,0.0803,0.00407403084553513));
#4685=CARTESIAN_POINT('',(0.0483285864956718,0.0933,0.00407403084553513));
#4686=CARTESIAN_POINT('',(-4.1286418728248E-16,0.0933,-8.45677694538694E-17));
#4687=CARTESIAN_POINT('',(-4.1286418728248E-16,0.0803,-8.45677694538694E-17));
#4688=CARTESIAN_POINT('',(0.0458074182973087,0.0803,0.0159351946626134));
#4689=CARTESIAN_POINT('',(0.0458074182973087,0.0933,0.0159351946626134));
#4690=CARTESIAN_POINT('',(0.0403373189714611,0.0933,0.0141578516512952));
#4691=CARTESIAN_POINT('',(0.0403373189714611,0.0803,0.0141578516512952));
#4692=CARTESIAN_POINT('',(0.0348672196456135,0.0803,0.012380508639977));
#4693=CARTESIAN_POINT('',(0.0348672196456135,0.0933,0.012380508639977));
#4694=CARTESIAN_POINT('',(-1.42247325030098E-15,0.0933,-4.90926743701436E-16));
#4695=CARTESIAN_POINT('',(-1.42247325030098E-15,0.0803,-4.90926743701436E-16));
#4696=CARTESIAN_POINT('',(0.032531234756094,0.0803,0.0176272166051224));
#4697=CARTESIAN_POINT('',(0.032531234756094,0.0933,0.0176272166051224));
#4698=CARTESIAN_POINT('',(0.0375122688968011,0.0933,0.0205030180071025));
#4699=CARTESIAN_POINT('',(0.0375122688968011,0.0803,0.0205030180071025));
#4700=CARTESIAN_POINT('',(0.0424933030375083,0.0803,0.0233788194090825));
#4701=CARTESIAN_POINT('',(0.0424933030375083,0.0933,0.0233788194090825));
#4702=CARTESIAN_POINT('',(5.51642065360625E-16,0.0933,4.02455846426619E-16));
#4703=CARTESIAN_POINT('',(5.51642065360625E-16,0.0803,4.02455846426619E-16));
#4704=CARTESIAN_POINT('',(0.0353657313280104,0.0803,0.0331890802468977));
#4705=CARTESIAN_POINT('',(0.0353657313280104,0.0933,0.0331890802468977));
#4706=CARTESIAN_POINT('',(0.031091457466046,0.0933,0.0293405067751485));
#4707=CARTESIAN_POINT('',(0.031091457466046,0.0803,0.0293405067751485));
#4708=CARTESIAN_POINT('',(0.0268171836040819,0.0803,0.0254919333033994));
#4709=CARTESIAN_POINT('',(0.0268171836040819,0.0933,0.0254919333033994));
#4710=CARTESIAN_POINT('',(3.43475248243408E-16,0.0933,3.98986399474665E-16));
#4711=CARTESIAN_POINT('',(3.43475248243408E-16,0.0803,3.98986399474665E-16));
#4712=CARTESIAN_POINT('',(0.0225491268341973,0.0803,0.0293349088802965));
#4713=CARTESIAN_POINT('',(0.0225491268341973,0.0933,0.0293349088802965));
#4714=CARTESIAN_POINT('',(0.0259298341394089,0.0933,0.0339880532935945));
#4715=CARTESIAN_POINT('',(0.0259298341394089,0.0803,0.0339880532935945));
#4716=CARTESIAN_POINT('',(0.0293105414446207,0.0803,0.0386411977068927));
#4717=CARTESIAN_POINT('',(0.0293105414446207,0.0933,0.0386411977068927));
#4718=CARTESIAN_POINT('',(3.19189119579733E-16,0.0933,5.58580959264532E-16));
#4719=CARTESIAN_POINT('',(3.19189119579733E-16,0.0803,5.58580959264532E-16));
#4720=CARTESIAN_POINT('',(0.018808988124516,0.0803,0.0447042723431647));
#4721=CARTESIAN_POINT('',(0.018808988124516,0.0933,0.0447042723431647));
#4722=CARTESIAN_POINT('',(0.,0.0933,5.04120255891672E-18));
#4723=CARTESIAN_POINT('',(0.,0.0973,5.04120255891672E-18));
#4724=CARTESIAN_POINT('',(0.,0.0973,0.0539989013198257));
#4725=CARTESIAN_POINT('',(0.,0.0803,5.04120255891672E-18));
#4726=CARTESIAN_POINT('',(0.,0.0803,0.0539989013198257));
#4727=CARTESIAN_POINT('',(0.0164696005077278,0.0933,0.0394499217274424));
#4728=CARTESIAN_POINT('',(0.0164696005077278,0.0803,0.0394499217274424));
#4729=CARTESIAN_POINT('',(0.,0.0973,6.93889390390723E-18));
#4730=CARTESIAN_POINT('',(0.,0.0973,7.79665785699827E-18));
#4731=CARTESIAN_POINT('',(0.,0.0973,0.045));
#4732=CARTESIAN_POINT('',(0.,0.1028,7.79665785699827E-18));
#4733=CARTESIAN_POINT('',(0.,0.1083,7.79665785699827E-18));
#4734=CARTESIAN_POINT('',(0.,0.1083,0.045));
#4735=CARTESIAN_POINT('',(-4.9439619065339E-17,0.1123,-7.97972798949331E-17));
#4736=CARTESIAN_POINT('',(0.00866807003028152,0.1123,0.0359703289107861));
#4737=CARTESIAN_POINT('',(0.00866807003028152,0.1123,0.0359703289107861));
#4738=CARTESIAN_POINT('',(0.00866807003028152,0.1403,0.0359703289107861));
#4739=CARTESIAN_POINT('',(-4.9439619065339E-17,0.1403,-7.97972798949331E-17));
#4740=CARTESIAN_POINT('',(0.0141302128909398,0.1403,0.0341955711117203));
#4741=CARTESIAN_POINT('',(0.0141302128909398,0.1123,0.0341955711117203));
#4742=CARTESIAN_POINT('',(0.0141302128909398,0.1123,0.0341955711117203));
#4743=CARTESIAN_POINT('',(-4.9439619065339E-17,0.1123,-7.97972798949331E-17));
#4744=CARTESIAN_POINT('',(0.00986389549416501,0.1123,0.0415962453938534));
#4745=CARTESIAN_POINT('',(0.0110597209580485,0.1123,0.0472221618769209));
#4746=CARTESIAN_POINT('',(0.0110597209580485,0.1123,0.0472221618769209));
#4747=CARTESIAN_POINT('',(0.0110597209580485,0.1403,0.0472221618769209));
#4748=CARTESIAN_POINT('',(0.00986389549416501,0.1403,0.0415962453938534));
#4749=CARTESIAN_POINT('',(0.00986389549416501,0.1123,0.0415962453938534));
#4750=CARTESIAN_POINT('',(-9.90960785651751E-17,0.1123,-2.77555756156289E-17));
#4751=CARTESIAN_POINT('',(-0.001,0.1123,0.0484896896257339));
#4752=CARTESIAN_POINT('',(-0.001,0.1123,0.0484896896257339));
#4753=CARTESIAN_POINT('',(-0.001,0.1403,0.0484896896257339));
#4754=CARTESIAN_POINT('',(-9.90960785651751E-17,0.1403,-2.77555756156289E-17));
#4755=CARTESIAN_POINT('',(-9.90960785651751E-17,0.1123,-2.77555756156289E-17));
#4756=CARTESIAN_POINT('',(-0.001,0.1123,0.0427380868217738));
#4757=CARTESIAN_POINT('',(-0.00100000000000002,0.1123,0.0369864840178146));
#4758=CARTESIAN_POINT('',(-0.00100000000000002,0.1123,0.0369864840178146));
#4759=CARTESIAN_POINT('',(-0.00100000000000002,0.1403,0.0369864840178146));
#4760=CARTESIAN_POINT('',(-0.001,0.1403,0.0427380868217738));
#4761=CARTESIAN_POINT('',(-0.001,0.1123,0.0427380868217738));
#4762=CARTESIAN_POINT('',(1.27935856353289E-17,0.1123,8.04911692853239E-16));
#4763=CARTESIAN_POINT('',(-0.0067117748288139,0.1123,0.0363861522924216));
#4764=CARTESIAN_POINT('',(-0.0067117748288139,0.1123,0.0363861522924216));
#4765=CARTESIAN_POINT('',(-0.0067117748288139,0.1403,0.0363861522924216));
#4766=CARTESIAN_POINT('',(1.27935856353289E-17,0.1403,8.04911692853239E-16));
#4767=CARTESIAN_POINT('',(1.27935856353289E-17,0.1123,8.04911692853239E-16));
#4768=CARTESIAN_POINT('',(-0.00790760029269759,0.1123,0.0420120687754899));
#4769=CARTESIAN_POINT('',(-0.00910342575658105,0.1123,0.0476379852585569));
#4770=CARTESIAN_POINT('',(-0.00910342575658105,0.1123,0.0476379852585569));
#4771=CARTESIAN_POINT('',(-0.00910342575658105,0.1403,0.0476379852585569));
#4772=CARTESIAN_POINT('',(-0.00790760029269759,0.1403,0.0420120687754899));
#4773=CARTESIAN_POINT('',(-0.00790760029269759,0.1123,0.0420120687754899));
#4774=CARTESIAN_POINT('',(1.96023752785379E-16,0.1123,-5.30825383648903E-16));
#4775=CARTESIAN_POINT('',(-0.0206360790398019,0.1123,0.0438907990570147));
#4776=CARTESIAN_POINT('',(-0.0206360790398019,0.1123,0.0438907990570147));
#4777=CARTESIAN_POINT('',(-0.0206360790398019,0.1403,0.0438907990570147));
#4778=CARTESIAN_POINT('',(1.96023752785379E-16,0.1403,-5.30825383648903E-16));
#4779=CARTESIAN_POINT('',(1.96023752785379E-16,0.1123,-5.30825383648903E-16));
#4780=CARTESIAN_POINT('',(-0.0182966914230137,0.1123,0.0386364484412924));
#4781=CARTESIAN_POINT('',(-0.0159573038062251,0.1123,0.0333820978255691));
#4782=CARTESIAN_POINT('',(-0.0159573038062251,0.1123,0.0333820978255691));
#4783=CARTESIAN_POINT('',(-0.0159573038062251,0.1403,0.0333820978255691));
#4784=CARTESIAN_POINT('',(-0.0182966914230137,0.1403,0.0386364484412924));
#4785=CARTESIAN_POINT('',(-0.0182966914230137,0.1123,0.0386364484412924));
#4786=CARTESIAN_POINT('',(5.67254576644416E-16,0.1123,-9.59302082215174E-16));
#4787=CARTESIAN_POINT('',(-0.0209310928454481,0.1123,0.0305104793848824));
#4788=CARTESIAN_POINT('',(-0.0209310928454481,0.1123,0.0305104793848824));
#4789=CARTESIAN_POINT('',(-0.0209310928454481,0.1403,0.0305104793848824));
#4790=CARTESIAN_POINT('',(5.67254576644416E-16,0.1403,-9.59302082215174E-16));
#4791=CARTESIAN_POINT('',(5.67254576644416E-16,0.1123,-9.59302082215174E-16));
#4792=CARTESIAN_POINT('',(-0.0243118001506599,0.1123,0.0351636237981807));
#4793=CARTESIAN_POINT('',(-0.027692507455871,0.1123,0.039816768211478));
#4794=CARTESIAN_POINT('',(-0.027692507455871,0.1123,0.039816768211478));
#4795=CARTESIAN_POINT('',(-0.027692507455871,0.1403,0.039816768211478));
#4796=CARTESIAN_POINT('',(-0.0243118001506599,0.1403,0.0351636237981807));
#4797=CARTESIAN_POINT('',(-0.0243118001506599,0.1123,0.0351636237981807));
#4798=CARTESIAN_POINT('',(-2.8796409701215E-16,0.1123,4.1286418728248E-16));
#4799=CARTESIAN_POINT('',(-0.0367039925407289,0.1123,0.0317027905959437));
#4800=CARTESIAN_POINT('',(-0.0367039925407289,0.1123,0.0317027905959437));
#4801=CARTESIAN_POINT('',(-0.0367039925407289,0.1403,0.0317027905959437));
#4802=CARTESIAN_POINT('',(-2.8796409701215E-16,0.1403,4.1286418728248E-16));
#4803=CARTESIAN_POINT('',(-2.8796409701215E-16,0.1123,4.1286418728248E-16));
#4804=CARTESIAN_POINT('',(-0.0324297186787642,0.1123,0.0278542171241941));
#4805=CARTESIAN_POINT('',(-0.0281554448167998,0.1123,0.0240056436524449));
#4806=CARTESIAN_POINT('',(-0.0281554448167998,0.1123,0.0240056436524449));
#4807=CARTESIAN_POINT('',(-0.0281554448167998,0.1403,0.0240056436524449));
#4808=CARTESIAN_POINT('',(-0.0324297186787642,0.1403,0.0278542171241941));
#4809=CARTESIAN_POINT('',(-0.0324297186787642,0.1123,0.0278542171241941));
#4810=CARTESIAN_POINT('',(-1.61329283265843E-16,0.1123,1.31838984174237E-16));
#4811=CARTESIAN_POINT('',(-0.0315312347560939,0.1123,0.0193592674126914));
#4812=CARTESIAN_POINT('',(-0.0315312347560939,0.1123,0.0193592674126914));
#4813=CARTESIAN_POINT('',(-0.0315312347560939,0.1403,0.0193592674126914));
#4814=CARTESIAN_POINT('',(-1.61329283265843E-16,0.1403,1.31838984174237E-16));
#4815=CARTESIAN_POINT('',(-1.61329283265843E-16,0.1123,1.31838984174237E-16));
#4816=CARTESIAN_POINT('',(-0.0365122688968024,0.1123,0.0222350688146721));
#4817=CARTESIAN_POINT('',(-0.0414933030375093,0.1123,0.0251108702166519));
#4818=CARTESIAN_POINT('',(-0.0414933030375093,0.1123,0.0251108702166519));
#4819=CARTESIAN_POINT('',(-0.0414933030375093,0.1403,0.0251108702166519));
#4820=CARTESIAN_POINT('',(-0.0365122688968024,0.1403,0.0222350688146721));
#4821=CARTESIAN_POINT('',(-0.0365122688968024,0.1123,0.0222350688146721));
#4822=CARTESIAN_POINT('',(7.28583859910259E-16,0.1123,-3.08780778723872E-16));
#4823=CARTESIAN_POINT('',(-0.0464254522860616,0.1123,0.0140330816300241));
#4824=CARTESIAN_POINT('',(-0.0464254522860616,0.1123,0.0140330816300241));
#4825=CARTESIAN_POINT('',(-0.0464254522860616,0.1403,0.0140330816300241));
#4826=CARTESIAN_POINT('',(7.28583859910259E-16,0.1403,-3.08780778723872E-16));
#4827=CARTESIAN_POINT('',(7.28583859910259E-16,0.1123,-3.08780778723872E-16));
#4828=CARTESIAN_POINT('',(-0.0409553529602125,0.1123,0.0122557386187054));
#4829=CARTESIAN_POINT('',(-0.0354852536343638,0.1123,0.0104783956073868));
#4830=CARTESIAN_POINT('',(-0.0354852536343638,0.1123,0.0104783956073868));
#4831=CARTESIAN_POINT('',(-0.0354852536343638,0.1403,0.0104783956073868));
#4832=CARTESIAN_POINT('',(-0.0409553529602125,0.1403,0.0122557386187054));
#4833=CARTESIAN_POINT('',(-0.0409553529602125,0.1123,0.0122557386187054));
#4834=CARTESIAN_POINT('',(-5.48172618408671E-16,0.1123,1.22731685925359E-16));
#4835=CARTESIAN_POINT('',(-0.0366793397251369,0.1123,0.00486066223142399));
#4836=CARTESIAN_POINT('',(-0.0366793397251369,0.1123,0.00486066223142399));
#4837=CARTESIAN_POINT('',(-0.0366793397251369,0.1403,0.00486066223142399));
#4838=CARTESIAN_POINT('',(-5.48172618408671E-16,0.1403,1.22731685925359E-16));
#4839=CARTESIAN_POINT('',(-5.48172618408671E-16,0.1123,1.22731685925359E-16));
#4840=CARTESIAN_POINT('',(-0.0423994346471375,0.1123,0.00546186843384794));
#4841=CARTESIAN_POINT('',(-0.0481195295691369,0.1123,0.00606307463627175));
#4842=CARTESIAN_POINT('',(-0.0481195295691369,0.1123,0.00606307463627175));
#4843=CARTESIAN_POINT('',(-0.0481195295691369,0.1403,0.00606307463627175));
#4844=CARTESIAN_POINT('',(-0.0423994346471375,0.1403,0.00546186843384794));
#4845=CARTESIAN_POINT('',(-0.0423994346471375,0.1123,0.00546186843384794));
#4846=CARTESIAN_POINT('',(2.393918396848E-16,0.1123,1.04083408558608E-17));
#4847=CARTESIAN_POINT('',(-0.0481195295691381,0.1123,-0.00606307463627187));
#4848=CARTESIAN_POINT('',(-0.0481195295691381,0.1123,-0.00606307463627187));
#4849=CARTESIAN_POINT('',(-0.0481195295691381,0.1403,-0.00606307463627187));
#4850=CARTESIAN_POINT('',(2.393918396848E-16,0.1403,1.04083408558608E-17));
#4851=CARTESIAN_POINT('',(2.393918396848E-16,0.1123,1.04083408558608E-17));
#4852=CARTESIAN_POINT('',(-0.0423994346471383,0.1123,-0.005461868433848));
#4853=CARTESIAN_POINT('',(-0.0366793397251374,0.1123,-0.00486066223142399));
#4854=CARTESIAN_POINT('',(-0.0366793397251374,0.1123,-0.00486066223142398));
#4855=CARTESIAN_POINT('',(-0.0366793397251374,0.1403,-0.00486066223142399));
#4856=CARTESIAN_POINT('',(-0.0423994346471383,0.1403,-0.005461868433848));
#4857=CARTESIAN_POINT('',(-0.0423994346471383,0.1123,-0.005461868433848));
#4858=CARTESIAN_POINT('',(-3.81639164714898E-16,0.1123,-1.1145598333151E-16));
#4859=CARTESIAN_POINT('',(-0.0354852536343648,0.1123,-0.0104783956073872));
#4860=CARTESIAN_POINT('',(-0.0354852536343648,0.1123,-0.0104783956073872));
#4861=CARTESIAN_POINT('',(-0.0354852536343648,0.1403,-0.0104783956073872));
#4862=CARTESIAN_POINT('',(-3.81639164714898E-16,0.1403,-1.1145598333151E-16));
#4863=CARTESIAN_POINT('',(-3.81639164714898E-16,0.1123,-1.1145598333151E-16));
#4864=CARTESIAN_POINT('',(-0.0409553529602123,0.1123,-0.0122557386187053));
#4865=CARTESIAN_POINT('',(-0.0464254522860589,0.1123,-0.0140330816300233));
#4866=CARTESIAN_POINT('',(-0.0464254522860589,0.1123,-0.0140330816300233));
#4867=CARTESIAN_POINT('',(-0.0464254522860589,0.1403,-0.0140330816300233));
#4868=CARTESIAN_POINT('',(-0.0409553529602123,0.1403,-0.0122557386187053));
#4869=CARTESIAN_POINT('',(-0.0409553529602123,0.1123,-0.0122557386187053));
#4870=CARTESIAN_POINT('',(-6.55725473919233E-16,0.1123,-3.59087759527199E-16));
#4871=CARTESIAN_POINT('',(-0.0414933030375083,0.1123,-0.0251108702166514));
#4872=CARTESIAN_POINT('',(-0.0414933030375083,0.1123,-0.0251108702166514));
#4873=CARTESIAN_POINT('',(-0.0414933030375083,0.1403,-0.0251108702166514));
#4874=CARTESIAN_POINT('',(-6.55725473919233E-16,0.1403,-3.59087759527199E-16));
#4875=CARTESIAN_POINT('',(-6.55725473919233E-16,0.1123,-3.59087759527199E-16));
#4876=CARTESIAN_POINT('',(-0.0365122688968018,0.1123,-0.0222350688146718));
#4877=CARTESIAN_POINT('',(-0.0315312347560944,0.1123,-0.0193592674126916));
#4878=CARTESIAN_POINT('',(-0.0315312347560945,0.1123,-0.0193592674126916));
#4879=CARTESIAN_POINT('',(-0.0315312347560944,0.1403,-0.0193592674126916));
#4880=CARTESIAN_POINT('',(-0.0365122688968018,0.1403,-0.0222350688146718));
#4881=CARTESIAN_POINT('',(-0.0365122688968018,0.1123,-0.0222350688146718));
#4882=CARTESIAN_POINT('',(1.26634813746307E-16,0.1123,1.16226472890446E-16));
#4883=CARTESIAN_POINT('',(-0.0281554448168008,0.1123,-0.0240056436524457));
#4884=CARTESIAN_POINT('',(-0.0281554448168008,0.1123,-0.0240056436524457));
#4885=CARTESIAN_POINT('',(-0.0281554448168008,0.1403,-0.0240056436524457));
#4886=CARTESIAN_POINT('',(1.26634813746307E-16,0.1403,1.16226472890446E-16));
#4887=CARTESIAN_POINT('',(1.26634813746307E-16,0.1123,1.16226472890446E-16));
#4888=CARTESIAN_POINT('',(-0.0324297186787651,0.1123,-0.0278542171241949));
#4889=CARTESIAN_POINT('',(-0.0367039925407284,0.1123,-0.0317027905959433));
#4890=CARTESIAN_POINT('',(-0.0367039925407284,0.1123,-0.0317027905959433));
#4891=CARTESIAN_POINT('',(-0.0367039925407284,0.1403,-0.0317027905959433));
#4892=CARTESIAN_POINT('',(-0.0324297186787651,0.1403,-0.0278542171241949));
#4893=CARTESIAN_POINT('',(-0.0324297186787651,0.1123,-0.0278542171241949));
#4894=CARTESIAN_POINT('',(2.393918396848E-16,0.1123,2.4980018054066E-16));
#4895=CARTESIAN_POINT('',(-0.0276925074558718,0.1123,-0.0398167682114792));
#4896=CARTESIAN_POINT('',(-0.0276925074558718,0.1123,-0.0398167682114792));
#4897=CARTESIAN_POINT('',(-0.0276925074558718,0.1403,-0.0398167682114792));
#4898=CARTESIAN_POINT('',(2.393918396848E-16,0.1403,2.4980018054066E-16));
#4899=CARTESIAN_POINT('',(2.393918396848E-16,0.1123,2.4980018054066E-16));
#4900=CARTESIAN_POINT('',(-0.0243118001506596,0.1123,-0.0351636237981802));
#4901=CARTESIAN_POINT('',(-0.0209310928454475,0.1123,-0.0305104793848816));
#4902=CARTESIAN_POINT('',(-0.0209310928454475,0.1123,-0.0305104793848816));
#4903=CARTESIAN_POINT('',(-0.0209310928454475,0.1403,-0.0305104793848816));
#4904=CARTESIAN_POINT('',(-0.0243118001506596,0.1403,-0.0351636237981802));
#4905=CARTESIAN_POINT('',(-0.0243118001506596,0.1123,-0.0351636237981802));
#4906=CARTESIAN_POINT('',(1.2490009027033E-16,0.1123,3.22658566531686E-16));
#4907=CARTESIAN_POINT('',(-0.015957303806225,0.1123,-0.0333820978255687));
#4908=CARTESIAN_POINT('',(-0.015957303806225,0.1123,-0.0333820978255687));
#4909=CARTESIAN_POINT('',(-0.015957303806225,0.1403,-0.0333820978255687));
#4910=CARTESIAN_POINT('',(1.2490009027033E-16,0.1403,3.22658566531686E-16));
#4911=CARTESIAN_POINT('',(1.2490009027033E-16,0.1123,3.22658566531686E-16));
#4912=CARTESIAN_POINT('',(-0.0182966914230133,0.1123,-0.0386364484412915));
#4913=CARTESIAN_POINT('',(-0.0206360790398014,0.1123,-0.0438907990570137));
#4914=CARTESIAN_POINT('',(-0.0206360790398014,0.1123,-0.0438907990570137));
#4915=CARTESIAN_POINT('',(-0.0206360790398014,0.1403,-0.0438907990570137));
#4916=CARTESIAN_POINT('',(-0.0182966914230133,0.1403,-0.0386364484412915));
#4917=CARTESIAN_POINT('',(-0.0182966914230133,0.1123,-0.0386364484412915));
#4918=CARTESIAN_POINT('',(2.12330153459561E-15,0.1123,4.65599780952175E-15));
#4919=CARTESIAN_POINT('',(-0.00910342575658105,0.1123,-0.0476379852585569));
#4920=CARTESIAN_POINT('',(-0.00910342575658104,0.1123,-0.0476379852585569));
#4921=CARTESIAN_POINT('',(-0.00910342575658105,0.1403,-0.0476379852585569));
#4922=CARTESIAN_POINT('',(2.12330153459561E-15,0.1403,4.65599780952175E-15));
#4923=CARTESIAN_POINT('',(2.12330153459561E-15,0.1123,4.65599780952175E-15));
#4924=CARTESIAN_POINT('',(-0.00790760029269754,0.1123,-0.0420120687754895));
#4925=CARTESIAN_POINT('',(-0.00671177482881392,0.1123,-0.0363861522924216));
#4926=CARTESIAN_POINT('',(-0.00671177482881401,0.1123,-0.036386152292422));
#4927=CARTESIAN_POINT('',(-0.00671177482881392,0.1403,-0.0363861522924216));
#4928=CARTESIAN_POINT('',(-0.00790760029269754,0.1403,-0.0420120687754895));
#4929=CARTESIAN_POINT('',(-0.00790760029269754,0.1123,-0.0420120687754895));
#4930=CARTESIAN_POINT('',(1.44198888940572E-17,0.1123,-2.56739074444567E-16));
#4931=CARTESIAN_POINT('',(-0.00100000000000003,0.1123,-0.0369864840178143));
#4932=CARTESIAN_POINT('',(-0.00100000000000002,0.1123,-0.0369864840178143));
#4933=CARTESIAN_POINT('',(-0.00100000000000003,0.1403,-0.0369864840178143));
#4934=CARTESIAN_POINT('',(1.44198888940572E-17,0.1403,-2.56739074444567E-16));
#4935=CARTESIAN_POINT('',(1.44198888940572E-17,0.1123,-2.56739074444567E-16));
#4936=CARTESIAN_POINT('',(-0.00100000000000002,0.1123,-0.0427380868217745));
#4937=CARTESIAN_POINT('',(-0.00100000000000002,0.1123,-0.0484896896257353));
#4938=CARTESIAN_POINT('',(-0.001,0.1123,-0.0484896896257346));
#4939=CARTESIAN_POINT('',(-0.00100000000000002,0.1403,-0.0484896896257353));
#4940=CARTESIAN_POINT('',(-0.00100000000000002,0.1403,-0.0427380868217745));
#4941=CARTESIAN_POINT('',(-0.00100000000000002,0.1123,-0.0427380868217745));
#4942=CARTESIAN_POINT('',(-1.62521905655577E-16,0.1123,7.11236625150491E-16));
#4943=CARTESIAN_POINT('',(0.0110597209580486,0.1123,-0.0472221618769214));
#4944=CARTESIAN_POINT('',(0.0110597209580486,0.1123,-0.0472221618769214));
#4945=CARTESIAN_POINT('',(0.0110597209580486,0.1403,-0.0472221618769214));
#4946=CARTESIAN_POINT('',(-1.62521905655577E-16,0.1403,7.11236625150491E-16));
#4947=CARTESIAN_POINT('',(-1.62521905655577E-16,0.1123,7.11236625150491E-16));
#4948=CARTESIAN_POINT('',(0.00986389549416512,0.1123,-0.0415962453938541));
#4949=CARTESIAN_POINT('',(0.0086680700302815,0.1123,-0.0359703289107861));
#4950=CARTESIAN_POINT('',(0.00866807003028157,0.1123,-0.0359703289107864));
#4951=CARTESIAN_POINT('',(0.0086680700302815,0.1403,-0.0359703289107861));
#4952=CARTESIAN_POINT('',(0.00986389549416512,0.1403,-0.0415962453938541));
#4953=CARTESIAN_POINT('',(0.00986389549416512,0.1123,-0.0415962453938541));
#4954=CARTESIAN_POINT('',(1.4137996329211E-16,0.1123,-1.59594559789866E-16));
#4955=CARTESIAN_POINT('',(0.0141302128909398,0.1123,-0.0341955711117206));
#4956=CARTESIAN_POINT('',(0.0141302128909399,0.1123,-0.0341955711117206));
#4957=CARTESIAN_POINT('',(0.0141302128909398,0.1403,-0.0341955711117206));
#4958=CARTESIAN_POINT('',(1.4137996329211E-16,0.1403,-1.59594559789866E-16));
#4959=CARTESIAN_POINT('',(1.4137996329211E-16,0.1123,-1.59594559789866E-16));
#4960=CARTESIAN_POINT('',(0.0164696005077277,0.1123,-0.0394499217274424));
#4961=CARTESIAN_POINT('',(0.0188089881245158,0.1123,-0.0447042723431645));
#4962=CARTESIAN_POINT('',(0.018808988124516,0.1123,-0.0447042723431648));
#4963=CARTESIAN_POINT('',(0.0188089881245158,0.1403,-0.0447042723431645));
#4964=CARTESIAN_POINT('',(0.0164696005077277,0.1403,-0.0394499217274424));
#4965=CARTESIAN_POINT('',(0.0164696005077277,0.1123,-0.0394499217274424));
#4966=CARTESIAN_POINT('',(2.22044604925032E-16,0.1123,-4.78783679369599E-16));
#4967=CARTESIAN_POINT('',(0.0293105414446208,0.1123,-0.0386411977068931));
#4968=CARTESIAN_POINT('',(0.0293105414446208,0.1123,-0.0386411977068931));
#4969=CARTESIAN_POINT('',(0.0293105414446208,0.1403,-0.0386411977068931));
#4970=CARTESIAN_POINT('',(2.22044604925032E-16,0.1403,-4.78783679369599E-16));
#4971=CARTESIAN_POINT('',(2.22044604925032E-16,0.1123,-4.78783679369599E-16));
#4972=CARTESIAN_POINT('',(0.0259298341394089,0.1123,-0.0339880532935946));
#4973=CARTESIAN_POINT('',(0.0225491268341972,0.1123,-0.0293349088802963));
#4974=CARTESIAN_POINT('',(0.0225491268341975,0.1123,-0.0293349088802968));
#4975=CARTESIAN_POINT('',(0.0225491268341972,0.1403,-0.0293349088802963));
#4976=CARTESIAN_POINT('',(0.0259298341394089,0.1403,-0.0339880532935946));
#4977=CARTESIAN_POINT('',(0.0259298341394089,0.1123,-0.0339880532935946));
#4978=CARTESIAN_POINT('',(3.03576608295942E-16,0.1123,-2.94902990916057E-16));
#4979=CARTESIAN_POINT('',(0.0268171836040822,0.1123,-0.0254919333033998));
#4980=CARTESIAN_POINT('',(0.0268171836040822,0.1123,-0.0254919333033998));
#4981=CARTESIAN_POINT('',(0.0268171836040822,0.1403,-0.0254919333033998));
#4982=CARTESIAN_POINT('',(3.03576608295942E-16,0.1403,-2.94902990916057E-16));
#4983=CARTESIAN_POINT('',(3.03576608295942E-16,0.1123,-2.94902990916057E-16));
#4984=CARTESIAN_POINT('',(0.031091457466046,0.1123,-0.0293405067751485));
#4985=CARTESIAN_POINT('',(0.0353657313280101,0.1123,-0.0331890802468975));
#4986=CARTESIAN_POINT('',(0.0353657313280104,0.1123,-0.0331890802468978));
#4987=CARTESIAN_POINT('',(0.0353657313280101,0.1403,-0.0331890802468975));
#4988=CARTESIAN_POINT('',(0.031091457466046,0.1403,-0.0293405067751485));
#4989=CARTESIAN_POINT('',(0.031091457466046,0.1123,-0.0293405067751485));
#4990=CARTESIAN_POINT('',(7.14706072102445E-16,0.1123,-5.62050406216486E-16));
#4991=CARTESIAN_POINT('',(0.0424933030375086,0.1123,-0.0233788194090827));
#4992=CARTESIAN_POINT('',(0.0424933030375086,0.1123,-0.0233788194090827));
#4993=CARTESIAN_POINT('',(0.0424933030375086,0.1403,-0.0233788194090827));
#4994=CARTESIAN_POINT('',(7.14706072102445E-16,0.1403,-5.62050406216486E-16));
#4995=CARTESIAN_POINT('',(7.14706072102445E-16,0.1123,-5.62050406216486E-16));
#4996=CARTESIAN_POINT('',(0.0375122688968011,0.1123,-0.0205030180071025));
#4997=CARTESIAN_POINT('',(0.032531234756094,0.1123,-0.0176272166051225));
#4998=CARTESIAN_POINT('',(0.0325312347560943,0.1123,-0.0176272166051227));
#4999=CARTESIAN_POINT('',(0.032531234756094,0.1403,-0.0176272166051225));
#5000=CARTESIAN_POINT('',(0.0375122688968011,0.1403,-0.0205030180071025));
#5001=CARTESIAN_POINT('',(0.0375122688968011,0.1123,-0.0205030180071025));
#5002=CARTESIAN_POINT('',(-1.94635974004598E-15,0.1123,7.58074159001865E-16));
#5003=CARTESIAN_POINT('',(0.0348672196456139,0.1123,-0.0123805086399772));
#5004=CARTESIAN_POINT('',(0.0348672196456139,0.1123,-0.0123805086399772));
#5005=CARTESIAN_POINT('',(0.0348672196456139,0.1403,-0.0123805086399772));
#5006=CARTESIAN_POINT('',(-1.94635974004598E-15,0.1403,7.58074159001865E-16));
#5007=CARTESIAN_POINT('',(-1.94635974004598E-15,0.1123,7.58074159001865E-16));
#5008=CARTESIAN_POINT('',(0.0403373189714611,0.1123,-0.0141578516512953));
#5009=CARTESIAN_POINT('',(0.0458074182973087,0.1123,-0.0159351946626135));
#5010=CARTESIAN_POINT('',(0.0458074182973092,0.1123,-0.0159351946626136));
#5011=CARTESIAN_POINT('',(0.0458074182973087,0.1403,-0.0159351946626135));
#5012=CARTESIAN_POINT('',(0.0403373189714611,0.1403,-0.0141578516512953));
#5013=CARTESIAN_POINT('',(0.0403373189714611,0.1123,-0.0141578516512953));
#5014=CARTESIAN_POINT('',(4.23272528138341E-16,0.1123,-8.84708972748172E-17));
#5015=CARTESIAN_POINT('',(0.0483285864956723,0.1123,-0.00407403084553523));
#5016=CARTESIAN_POINT('',(0.0483285864956723,0.1123,-0.00407403084553525));
#5017=CARTESIAN_POINT('',(0.0483285864956723,0.1403,-0.00407403084553523));
#5018=CARTESIAN_POINT('',(4.23272528138341E-16,0.1403,-8.84708972748172E-17));
#5019=CARTESIAN_POINT('',(4.23272528138341E-16,0.1123,-8.84708972748172E-17));
#5020=CARTESIAN_POINT('',(0.042608491573672,0.1123,-0.00347282464311133));
#5021=CARTESIAN_POINT('',(0.0368883966516722,0.1123,-0.00287161844068746));
#5022=CARTESIAN_POINT('',(0.0368883966516722,0.1123,-0.00287161844068746));
#5023=CARTESIAN_POINT('',(0.0368883966516722,0.1403,-0.00287161844068746));
#5024=CARTESIAN_POINT('',(0.042608491573672,0.1403,-0.00347282464311133));
#5025=CARTESIAN_POINT('',(0.042608491573672,0.1123,-0.00347282464311133));
#5026=CARTESIAN_POINT('',(-7.59808882477842E-16,0.1123,-2.40692882291782E-17));
#5027=CARTESIAN_POINT('',(0.0368883966516722,0.1123,0.00287161844068741));
#5028=CARTESIAN_POINT('',(0.0368883966516722,0.1123,0.00287161844068741));
#5029=CARTESIAN_POINT('',(0.0368883966516722,0.1403,0.00287161844068741));
#5030=CARTESIAN_POINT('',(-7.59808882477842E-16,0.1403,-2.40692882291782E-17));
#5031=CARTESIAN_POINT('',(-7.59808882477842E-16,0.1123,-2.40692882291782E-17));
#5032=CARTESIAN_POINT('',(0.042608491573672,0.1123,0.00347282464311127));
#5033=CARTESIAN_POINT('',(0.0483285864956718,0.1123,0.00407403084553513));
#5034=CARTESIAN_POINT('',(0.0483285864956718,0.1123,0.00407403084553513));
#5035=CARTESIAN_POINT('',(0.0483285864956718,0.1403,0.00407403084553513));
#5036=CARTESIAN_POINT('',(0.042608491573672,0.1403,0.00347282464311127));
#5037=CARTESIAN_POINT('',(0.042608491573672,0.1123,0.00347282464311127));
#5038=CARTESIAN_POINT('',(-4.1286418728248E-16,0.1123,-8.45677694538694E-17));
#5039=CARTESIAN_POINT('',(0.0458074182973087,0.1123,0.0159351946626134));
#5040=CARTESIAN_POINT('',(0.0458074182973087,0.1123,0.0159351946626134));
#5041=CARTESIAN_POINT('',(0.0458074182973087,0.1403,0.0159351946626134));
#5042=CARTESIAN_POINT('',(-4.1286418728248E-16,0.1403,-8.45677694538694E-17));
#5043=CARTESIAN_POINT('',(-4.1286418728248E-16,0.1123,-8.45677694538694E-17));
#5044=CARTESIAN_POINT('',(0.0403373189714611,0.1123,0.0141578516512952));
#5045=CARTESIAN_POINT('',(0.0348672196456135,0.1123,0.012380508639977));
#5046=CARTESIAN_POINT('',(0.0348672196456135,0.1123,0.012380508639977));
#5047=CARTESIAN_POINT('',(0.0348672196456135,0.1403,0.012380508639977));
#5048=CARTESIAN_POINT('',(0.0403373189714611,0.1403,0.0141578516512952));
#5049=CARTESIAN_POINT('',(0.0403373189714611,0.1123,0.0141578516512952));
#5050=CARTESIAN_POINT('',(-1.42247325030098E-15,0.1123,-4.90926743701436E-16));
#5051=CARTESIAN_POINT('',(0.032531234756094,0.1123,0.0176272166051224));
#5052=CARTESIAN_POINT('',(0.032531234756094,0.1123,0.0176272166051224));
#5053=CARTESIAN_POINT('',(0.032531234756094,0.1403,0.0176272166051224));
#5054=CARTESIAN_POINT('',(-1.42247325030098E-15,0.1403,-4.90926743701436E-16));
#5055=CARTESIAN_POINT('',(-1.42247325030098E-15,0.1123,-4.90926743701436E-16));
#5056=CARTESIAN_POINT('',(0.0375122688968011,0.1123,0.0205030180071025));
#5057=CARTESIAN_POINT('',(0.0424933030375083,0.1123,0.0233788194090825));
#5058=CARTESIAN_POINT('',(0.0424933030375085,0.1123,0.0233788194090826));
#5059=CARTESIAN_POINT('',(0.0424933030375083,0.1403,0.0233788194090825));
#5060=CARTESIAN_POINT('',(0.0375122688968011,0.1403,0.0205030180071025));
#5061=CARTESIAN_POINT('',(0.0375122688968011,0.1123,0.0205030180071025));
#5062=CARTESIAN_POINT('',(5.51642065360625E-16,0.1123,4.02455846426619E-16));
#5063=CARTESIAN_POINT('',(0.0353657313280104,0.1123,0.0331890802468977));
#5064=CARTESIAN_POINT('',(0.0353657313280104,0.1123,0.0331890802468977));
#5065=CARTESIAN_POINT('',(0.0353657313280104,0.1403,0.0331890802468977));
#5066=CARTESIAN_POINT('',(5.51642065360625E-16,0.1403,4.02455846426619E-16));
#5067=CARTESIAN_POINT('',(5.51642065360625E-16,0.1123,4.02455846426619E-16));
#5068=CARTESIAN_POINT('',(0.031091457466046,0.1123,0.0293405067751485));
#5069=CARTESIAN_POINT('',(0.0268171836040819,0.1123,0.0254919333033994));
#5070=CARTESIAN_POINT('',(0.026817183604082,0.1123,0.0254919333033995));
#5071=CARTESIAN_POINT('',(0.0268171836040819,0.1403,0.0254919333033994));
#5072=CARTESIAN_POINT('',(0.031091457466046,0.1403,0.0293405067751485));
#5073=CARTESIAN_POINT('',(0.031091457466046,0.1123,0.0293405067751485));
#5074=CARTESIAN_POINT('',(3.43475248243408E-16,0.1123,3.98986399474665E-16));
#5075=CARTESIAN_POINT('',(0.0225491268341973,0.1123,0.0293349088802965));
#5076=CARTESIAN_POINT('',(0.0225491268341973,0.1123,0.0293349088802965));
#5077=CARTESIAN_POINT('',(0.0225491268341973,0.1403,0.0293349088802965));
#5078=CARTESIAN_POINT('',(3.43475248243408E-16,0.1403,3.98986399474665E-16));
#5079=CARTESIAN_POINT('',(3.43475248243408E-16,0.1123,3.98986399474665E-16));
#5080=CARTESIAN_POINT('',(0.0259298341394089,0.1123,0.0339880532935945));
#5081=CARTESIAN_POINT('',(0.0293105414446207,0.1123,0.0386411977068927));
#5082=CARTESIAN_POINT('',(0.0293105414446208,0.1123,0.038641197706893));
#5083=CARTESIAN_POINT('',(0.0293105414446207,0.1403,0.0386411977068927));
#5084=CARTESIAN_POINT('',(0.0259298341394089,0.1403,0.0339880532935945));
#5085=CARTESIAN_POINT('',(0.0259298341394089,0.1123,0.0339880532935945));
#5086=CARTESIAN_POINT('',(3.19189119579733E-16,0.1123,5.58580959264532E-16));
#5087=CARTESIAN_POINT('',(0.018808988124516,0.1123,0.0447042723431647));
#5088=CARTESIAN_POINT('',(0.018808988124516,0.1123,0.0447042723431647));
#5089=CARTESIAN_POINT('',(0.018808988124516,0.1403,0.0447042723431647));
#5090=CARTESIAN_POINT('',(3.19189119579733E-16,0.1403,5.58580959264532E-16));
#5091=CARTESIAN_POINT('',(3.19189119579733E-16,0.1123,5.58580959264532E-16));
#5092=CARTESIAN_POINT('',(0.,0.1123,5.04120255891672E-18));
#5093=CARTESIAN_POINT('',(0.,0.1083,5.04120255891672E-18));
#5094=CARTESIAN_POINT('',(0.,0.1083,0.0539989013198257));
#5095=CARTESIAN_POINT('',(0.,0.1403,5.04120255891672E-18));
#5096=CARTESIAN_POINT('',(0.,0.1403,0.0539989013198257));
#5097=CARTESIAN_POINT('',(0.0164696005077278,0.1123,0.0394499217274424));
#5098=CARTESIAN_POINT('',(0.0164696005077278,0.1403,0.0394499217274424));
#5099=CARTESIAN_POINT('',(0.0164696005077278,0.1123,0.0394499217274424));
#5100=CARTESIAN_POINT('',(0.,0.1123,6.93889390390723E-18));
#5101=CARTESIAN_POINT('',(0.,0.1123,4.28626379701574E-19));
#5102=CARTESIAN_POINT('',(0.,0.1123,0.007));
#5103=CARTESIAN_POINT('',(0.,0.1083,6.93889390390723E-18));
#5104=CARTESIAN_POINT('',(-0.0152343854066901,0.0863,0.00860691685261741));
#5105=CARTESIAN_POINT('',(-0.0152343854066901,0.0893,0.00860691685261741));
#5106=CARTESIAN_POINT('',(5.55978874050567E-16,0.0863,4.0766001685455E-16));
#5107=CARTESIAN_POINT('',(5.55978874050567E-16,0.0863,4.0766001685455E-16));
#5108=CARTESIAN_POINT('',(0.0110816172687903,0.0863,0.0101092907124124));
#5109=CARTESIAN_POINT('',(0.0101092907124124,0.0863,0.0110816172687903));
#5110=CARTESIAN_POINT('',(5.55978874050567E-16,0.0913,4.0766001685455E-16));
#5111=CARTESIAN_POINT('',(0.00762748718089568,0.0893,0.0129159374148875));
#5112=CARTESIAN_POINT('',(0.00762748718089568,0.0933,0.0129159374148875));
#5113=CARTESIAN_POINT('',(0.0129159374148876,0.0863,0.00762748718089569));
#5114=CARTESIAN_POINT('',(0.0129159374148876,0.0893,0.00762748718089569));
#5115=CARTESIAN_POINT('',(5.55978874050567E-16,0.0913,4.0766001685455E-16));
#5116=CARTESIAN_POINT('',(0.0152343854066912,0.0863,0.0086069168526174));
#5117=CARTESIAN_POINT('',(0.0175528333984949,0.0863,0.00958634652433912));
#5118=CARTESIAN_POINT('',(0.0175528333984949,0.0893,0.00958634652433912));
#5119=CARTESIAN_POINT('',(0.0129159374148876,0.0893,0.00762748718089569));
#5120=CARTESIAN_POINT('',(5.51642065360625E-16,0.0863,3.99853761212654E-16));
#5121=CARTESIAN_POINT('',(0.00958634652433909,0.0933,0.0175528333984949));
#5122=CARTESIAN_POINT('',(0.00958634652433909,0.0893,0.0175528333984949));
#5123=CARTESIAN_POINT('',(5.51642065360625E-16,0.0913,3.99853761212654E-16));
#5124=CARTESIAN_POINT('',(0.0121417388579733,0.0863,0.015892708312456));
#5125=CARTESIAN_POINT('',(5.51642065360625E-16,0.0863,3.99853761212654E-16));
#5126=CARTESIAN_POINT('',(0.015892708312456,0.0863,0.0121417388579733));
#5127=CARTESIAN_POINT('',(5.51642065360625E-16,0.0913,3.99853761212654E-16));
#5128=CARTESIAN_POINT('',(-8.57067521640997E-5,0.0863,-2.56739074444567E-16));
#5129=CARTESIAN_POINT('',(0.0103910096863298,0.0863,0.0117484857619448));
#5130=CARTESIAN_POINT('',(0.0163853817455521,0.0863,0.0123498690297733));
#5131=CARTESIAN_POINT('',(5.49039980146659E-16,0.0863,4.04624250771591E-16));
#5132=CARTESIAN_POINT('',(5.49039980146659E-16,0.0913,4.04624250771591E-16));
#5133=CARTESIAN_POINT('',(-0.00762748718089481,0.0893,-0.0129159374148862));
#5134=CARTESIAN_POINT('',(-0.00762748718089481,0.0933,-0.0129159374148862));
#5135=CARTESIAN_POINT('',(-0.0129159374148864,0.0863,-0.00762748718089487));
#5136=CARTESIAN_POINT('',(-0.0129159374148864,0.0893,-0.00762748718089487));
#5137=CARTESIAN_POINT('',(5.49039980146659E-16,0.0913,4.04624250771591E-16));
#5138=CARTESIAN_POINT('',(-0.0152343854066901,0.0863,-0.00860691685261659));
#5139=CARTESIAN_POINT('',(-0.0175528333984938,0.0863,-0.00958634652433831));
#5140=CARTESIAN_POINT('',(-0.0175528333984938,0.0893,-0.00958634652433831));
#5141=CARTESIAN_POINT('',(-0.0129159374148865,0.0893,-0.00762748718089487));
#5142=CARTESIAN_POINT('',(5.56846235788555E-16,0.0863,4.05925293378573E-16));
#5143=CARTESIAN_POINT('',(-0.00958634652433824,0.0933,-0.0175528333984936));
#5144=CARTESIAN_POINT('',(-0.00958634652433824,0.0893,-0.0175528333984936));
#5145=CARTESIAN_POINT('',(5.56846235788555E-16,0.0913,4.05925293378573E-16));
#5146=CARTESIAN_POINT('',(5.56846235788555E-16,0.0913,4.05925293378573E-16));
#5147=CARTESIAN_POINT('',(0.0152343854066912,0.0863,-0.00860691685261659));
#5148=CARTESIAN_POINT('',(0.0152343854066912,0.0893,-0.00860691685261659));
#5149=CARTESIAN_POINT('',(0.,0.0803,0.));
#5150=CARTESIAN_POINT('',(-0.00860691685261652,0.0933,-0.0152343854066899));
#5151=CARTESIAN_POINT('',(-0.00860691685261652,0.0893,-0.0152343854066899));
#5152=CARTESIAN_POINT('',(0.00860691685261747,0.0933,-0.0152343854066899));
#5153=CARTESIAN_POINT('',(0.00860691685261747,0.0893,-0.0152343854066899));
#5154=CARTESIAN_POINT('',(0.00860691685261747,0.0933,0.0152343854066915));
#5155=CARTESIAN_POINT('',(0.00958634652433907,0.0893,0.0175528333984949));
#5156=CARTESIAN_POINT('',(-0.00860691685261652,0.0933,0.0152343854066915));
#5157=CARTESIAN_POINT('',(-0.00860691685261652,0.0893,0.0152343854066915));
#5158=CARTESIAN_POINT('',(-0.00461885011449367,0.0863,-0.00191502898962182));
#5159=CARTESIAN_POINT('',(0.00860691685261747,0.0893,0.0152343854066915));
#5160=CARTESIAN_POINT('',(0.00459289157028697,0.0863,0.00197647652018733));
#5161=CARTESIAN_POINT('',(-0.00461885011449447,0.0863,0.00191502898962162));
#5162=CARTESIAN_POINT('',(-0.0152343854066901,0.0893,0.00860691685261741));
#5163=CARTESIAN_POINT('',(-0.0020184802349647,0.0863,0.00457514707710773));
#5164=CARTESIAN_POINT('',(0.0152343854066912,0.0893,-0.00860691685261659));
#5165=CARTESIAN_POINT('',(0.00187302527484444,0.0863,-0.00463659460767289));
#5166=CARTESIAN_POINT('',(0.,0.0873,4.28626379701574E-19));
#5167=CARTESIAN_POINT('',(0.,0.1403,0.));
#5168=MECHANICAL_DESIGN_GEOMETRIC_PRESENTATION_REPRESENTATION('',(#3011,
#12,#13),#5169);
#5169=(
GEOMETRIC_REPRESENTATION_CONTEXT(3)
GLOBAL_UNCERTAINTY_ASSIGNED_CONTEXT((#5170))
GLOBAL_UNIT_ASSIGNED_CONTEXT((#5173,#5172,#5171))
REPRESENTATION_CONTEXT('C2 Male','TOP_LEVEL_ASSEMBLY_PART')
);
#5170=UNCERTAINTY_MEASURE_WITH_UNIT(LENGTH_MEASURE(1.E-8),#5173,
'DISTANCE_ACCURACY_VALUE','Maximum Tolerance applied to model');
#5171=(
NAMED_UNIT(*)
SI_UNIT($,.STERADIAN.)
SOLID_ANGLE_UNIT()
);
#5172=(
NAMED_UNIT(*)
PLANE_ANGLE_UNIT()
SI_UNIT($,.RADIAN.)
);
#5173=(
LENGTH_UNIT()
NAMED_UNIT(*)
SI_UNIT($,.METRE.)
);
#5174=PRODUCT_DEFINITION_SHAPE('','',#5175);
#5175=PRODUCT_DEFINITION('','',#5177,#5176);
#5176=PRODUCT_DEFINITION_CONTEXT('',#5183,'design');
#5177=PRODUCT_DEFINITION_FORMATION_WITH_SPECIFIED_SOURCE('','',#5179,
 .NOT_KNOWN.);
#5178=PRODUCT_RELATED_PRODUCT_CATEGORY('','',(#5179));
#5179=PRODUCT('C2 Male','C2 Male','C2 Male',(#5181));
#5180=PRODUCT_CATEGORY('','');
#5181=PRODUCT_CONTEXT('',#5183,'mechanical');
#5182=APPLICATION_PROTOCOL_DEFINITION('international standard',
'ap242_managed_model_based_3d_engineering',2020,#5183);
#5183=APPLICATION_CONTEXT('managed model based 3d engineering');
ENDSEC;
END-ISO-10303-21;
