ISO-10303-21;
HEADER;
/* Generated by software containing ST-Developer
 * from STEP Tools, Inc. (www.steptools.com) 
 */
/* OPTION: using custom renumber hook */

FILE_DESCRIPTION(
/* description */ ('STEP AP242 Edition 2',
'CAx-IF Rec.Pracs.---Representation and Presentation of Product Manufa
cturing Information (PMI)---4.0---2014-10-13',
'CAx-IF Rec.Pracs.---3D Tessellated Geometry---0.4---2014-09-14','2;1',
'CAx-IF Rec.Pracs.---User Defined Attributes---1.5---2016-08-15'),
/* implementation_level */ '2;1');

FILE_NAME(
/* name */ 'Assembly 1 - btrshftr Mount Plate 2',
/* time_stamp */ '2026-06-22T21:39:46Z',
/* author */ (''),
/* organization */ (''),
/* preprocessor_version */ 'ST-DEVELOPER v20',
/* originating_system */ 'ONSHAPE BY PTC INC, 1.216',
/* authorisation */ '  ');

FILE_SCHEMA (('AP242_MANAGED_MODEL_BASED_3D_ENGINEERING_MIM_LF { 1 0 10303 442 3 1 4 }'));
ENDSEC;

DATA;
#10=SHAPE_REPRESENTATION_RELATIONSHIP('','',#2276,#11);
#11=ADVANCED_BREP_SHAPE_REPRESENTATION('',(#2274),#3844);
#12=PLANE('',#2281);
#13=PLANE('',#2282);
#14=PLANE('',#2286);
#15=PLANE('',#2287);
#16=PLANE('',#2294);
#17=PLANE('',#2295);
#18=PLANE('',#2302);
#19=PLANE('',#2306);
#20=PLANE('',#2310);
#21=PLANE('',#2314);
#22=PLANE('',#2318);
#23=PLANE('',#2322);
#24=PLANE('',#2329);
#25=PLANE('',#2333);
#26=PLANE('',#2337);
#27=PLANE('',#2341);
#28=PLANE('',#2351);
#29=PLANE('',#2394);
#30=PLANE('',#2437);
#31=PLANE('',#2440);
#32=PLANE('',#2441);
#33=PLANE('',#2443);
#34=PLANE('',#2445);
#35=PLANE('',#2446);
#36=PLANE('',#2447);
#37=PLANE('',#2450);
#38=PLANE('',#2451);
#39=PLANE('',#2452);
#40=PLANE('',#2453);
#41=PLANE('',#2454);
#42=PLANE('',#2455);
#43=PLANE('',#2456);
#44=PLANE('',#2457);
#45=PLANE('',#2458);
#46=PLANE('',#2459);
#47=PLANE('',#2460);
#48=PLANE('',#2461);
#49=PLANE('',#2462);
#50=PLANE('',#2463);
#51=PLANE('',#2464);
#52=PLANE('',#2465);
#53=PLANE('',#2466);
#54=PLANE('',#2467);
#55=PLANE('',#2468);
#56=PLANE('',#2469);
#57=PLANE('',#2470);
#58=PLANE('',#2471);
#59=PLANE('',#2472);
#60=PLANE('',#2473);
#61=PLANE('',#2474);
#62=PLANE('',#2475);
#63=LINE('',#3190,#266);
#64=LINE('',#3194,#267);
#65=LINE('',#3196,#268);
#66=LINE('',#3199,#269);
#67=LINE('',#3201,#270);
#68=LINE('',#3203,#271);
#69=LINE('',#3205,#272);
#70=LINE('',#3208,#273);
#71=LINE('',#3210,#274);
#72=LINE('',#3212,#275);
#73=LINE('',#3217,#276);
#74=LINE('',#3221,#277);
#75=LINE('',#3223,#278);
#76=LINE('',#3226,#279);
#77=LINE('',#3228,#280);
#78=LINE('',#3230,#281);
#79=LINE('',#3232,#282);
#80=LINE('',#3235,#283);
#81=LINE('',#3237,#284);
#82=LINE('',#3239,#285);
#83=LINE('',#3244,#286);
#84=LINE('',#3248,#287);
#85=LINE('',#3250,#288);
#86=LINE('',#3255,#289);
#87=LINE('',#3259,#290);
#88=LINE('',#3262,#291);
#89=LINE('',#3264,#292);
#90=LINE('',#3266,#293);
#91=LINE('',#3268,#294);
#92=LINE('',#3270,#295);
#93=LINE('',#3272,#296);
#94=LINE('',#3277,#297);
#95=LINE('',#3281,#298);
#96=LINE('',#3285,#299);
#97=LINE('',#3289,#300);
#98=LINE('',#3292,#301);
#99=LINE('',#3294,#302);
#100=LINE('',#3296,#303);
#101=LINE('',#3300,#304);
#102=LINE('',#3304,#305);
#103=LINE('',#3306,#306);
#104=LINE('',#3308,#307);
#105=LINE('',#3312,#308);
#106=LINE('',#3316,#309);
#107=LINE('',#3318,#310);
#108=LINE('',#3320,#311);
#109=LINE('',#3324,#312);
#110=LINE('',#3328,#313);
#111=LINE('',#3330,#314);
#112=LINE('',#3332,#315);
#113=LINE('',#3337,#316);
#114=LINE('',#3341,#317);
#115=LINE('',#3343,#318);
#116=LINE('',#3345,#319);
#117=LINE('',#3347,#320);
#118=LINE('',#3351,#321);
#119=LINE('',#3355,#322);
#120=LINE('',#3358,#323);
#121=LINE('',#3360,#324);
#122=LINE('',#3362,#325);
#123=LINE('',#3367,#326);
#124=LINE('',#3371,#327);
#125=LINE('',#3375,#328);
#126=LINE('',#3379,#329);
#127=LINE('',#3381,#330);
#128=LINE('',#3383,#331);
#129=LINE('',#3387,#332);
#130=LINE('',#3391,#333);
#131=LINE('',#3393,#334);
#132=LINE('',#3395,#335);
#133=LINE('',#3399,#336);
#134=LINE('',#3403,#337);
#135=LINE('',#3405,#338);
#136=LINE('',#3407,#339);
#137=LINE('',#3414,#340);
#138=LINE('',#3415,#341);
#139=LINE('',#3430,#342);
#140=LINE('',#3436,#343);
#141=LINE('',#3439,#344);
#142=LINE('',#3445,#345);
#143=LINE('',#3450,#346);
#144=LINE('',#3454,#347);
#145=LINE('',#3459,#348);
#146=LINE('',#3463,#349);
#147=LINE('',#3468,#350);
#148=LINE('',#3472,#351);
#149=LINE('',#3477,#352);
#150=LINE('',#3488,#353);
#151=LINE('',#3491,#354);
#152=LINE('',#3493,#355);
#153=LINE('',#3495,#356);
#154=LINE('',#3497,#357);
#155=LINE('',#3499,#358);
#156=LINE('',#3506,#359);
#157=LINE('',#3510,#360);
#158=LINE('',#3514,#361);
#159=LINE('',#3519,#362);
#160=LINE('',#3521,#363);
#161=LINE('',#3525,#364);
#162=LINE('',#3529,#365);
#163=LINE('',#3532,#366);
#164=LINE('',#3537,#367);
#165=LINE('',#3541,#368);
#166=LINE('',#3544,#369);
#167=LINE('',#3549,#370);
#168=LINE('',#3553,#371);
#169=LINE('',#3556,#372);
#170=LINE('',#3561,#373);
#171=LINE('',#3565,#374);
#172=LINE('',#3571,#375);
#173=LINE('',#3575,#376);
#174=LINE('',#3580,#377);
#175=LINE('',#3584,#378);
#176=LINE('',#3589,#379);
#177=LINE('',#3593,#380);
#178=LINE('',#3598,#381);
#179=LINE('',#3602,#382);
#180=LINE('',#3607,#383);
#181=LINE('',#3613,#384);
#182=LINE('',#3617,#385);
#183=LINE('',#3621,#386);
#184=LINE('',#3624,#387);
#185=LINE('',#3627,#388);
#186=LINE('',#3629,#389);
#187=LINE('',#3631,#390);
#188=LINE('',#3633,#391);
#189=LINE('',#3635,#392);
#190=LINE('',#3640,#393);
#191=LINE('',#3645,#394);
#192=LINE('',#3658,#395);
#193=LINE('',#3662,#396);
#194=LINE('',#3666,#397);
#195=LINE('',#3668,#398);
#196=LINE('',#3671,#399);
#197=LINE('',#3676,#400);
#198=LINE('',#3680,#401);
#199=LINE('',#3683,#402);
#200=LINE('',#3688,#403);
#201=LINE('',#3692,#404);
#202=LINE('',#3695,#405);
#203=LINE('',#3700,#406);
#204=LINE('',#3704,#407);
#205=LINE('',#3708,#408);
#206=LINE('',#3709,#409);
#207=LINE('',#3711,#410);
#208=LINE('',#3712,#411);
#209=LINE('',#3714,#412);
#210=LINE('',#3715,#413);
#211=LINE('',#3717,#414);
#212=LINE('',#3719,#415);
#213=LINE('',#3721,#416);
#214=LINE('',#3723,#417);
#215=LINE('',#3725,#418);
#216=LINE('',#3728,#419);
#217=LINE('',#3729,#420);
#218=LINE('',#3731,#421);
#219=LINE('',#3732,#422);
#220=LINE('',#3736,#423);
#221=LINE('',#3737,#424);
#222=LINE('',#3739,#425);
#223=LINE('',#3741,#426);
#224=LINE('',#3743,#427);
#225=LINE('',#3745,#428);
#226=LINE('',#3748,#429);
#227=LINE('',#3749,#430);
#228=LINE('',#3751,#431);
#229=LINE('',#3752,#432);
#230=LINE('',#3754,#433);
#231=LINE('',#3755,#434);
#232=LINE('',#3757,#435);
#233=LINE('',#3758,#436);
#234=LINE('',#3760,#437);
#235=LINE('',#3761,#438);
#236=LINE('',#3763,#439);
#237=LINE('',#3764,#440);
#238=LINE('',#3766,#441);
#239=LINE('',#3767,#442);
#240=LINE('',#3769,#443);
#241=LINE('',#3770,#444);
#242=LINE('',#3772,#445);
#243=LINE('',#3773,#446);
#244=LINE('',#3775,#447);
#245=LINE('',#3776,#448);
#246=LINE('',#3778,#449);
#247=LINE('',#3779,#450);
#248=LINE('',#3781,#451);
#249=LINE('',#3782,#452);
#250=LINE('',#3784,#453);
#251=LINE('',#3785,#454);
#252=LINE('',#3787,#455);
#253=LINE('',#3788,#456);
#254=LINE('',#3790,#457);
#255=LINE('',#3791,#458);
#256=LINE('',#3793,#459);
#257=LINE('',#3794,#460);
#258=LINE('',#3796,#461);
#259=LINE('',#3797,#462);
#260=LINE('',#3799,#463);
#261=LINE('',#3800,#464);
#262=LINE('',#3802,#465);
#263=LINE('',#3803,#466);
#264=LINE('',#3805,#467);
#265=LINE('',#3806,#468);
#266=VECTOR('',#2518,1.);
#267=VECTOR('',#2521,1.);
#268=VECTOR('',#2524,1.);
#269=VECTOR('',#2525,1.);
#270=VECTOR('',#2526,1.);
#271=VECTOR('',#2527,1.);
#272=VECTOR('',#2530,1.);
#273=VECTOR('',#2531,1.);
#274=VECTOR('',#2532,1.);
#275=VECTOR('',#2533,1.);
#276=VECTOR('',#2538,1.);
#277=VECTOR('',#2541,1.);
#278=VECTOR('',#2544,1.);
#279=VECTOR('',#2545,1.);
#280=VECTOR('',#2546,1.);
#281=VECTOR('',#2547,1.);
#282=VECTOR('',#2550,1.);
#283=VECTOR('',#2551,1.);
#284=VECTOR('',#2552,1.);
#285=VECTOR('',#2553,1.);
#286=VECTOR('',#2558,1.);
#287=VECTOR('',#2561,1.);
#288=VECTOR('',#2564,1.);
#289=VECTOR('',#2567,1.);
#290=VECTOR('',#2572,1.);
#291=VECTOR('',#2573,1.);
#292=VECTOR('',#2574,1.);
#293=VECTOR('',#2575,1.);
#294=VECTOR('',#2578,1.);
#295=VECTOR('',#2579,1.);
#296=VECTOR('',#2580,1.);
#297=VECTOR('',#2585,1.);
#298=VECTOR('',#2588,1.);
#299=VECTOR('',#2593,1.);
#300=VECTOR('',#2598,1.);
#301=VECTOR('',#2599,1.);
#302=VECTOR('',#2600,1.);
#303=VECTOR('',#2601,1.);
#304=VECTOR('',#2606,1.);
#305=VECTOR('',#2611,1.);
#306=VECTOR('',#2612,1.);
#307=VECTOR('',#2613,1.);
#308=VECTOR('',#2618,1.);
#309=VECTOR('',#2623,1.);
#310=VECTOR('',#2624,1.);
#311=VECTOR('',#2625,1.);
#312=VECTOR('',#2630,1.);
#313=VECTOR('',#2635,1.);
#314=VECTOR('',#2636,1.);
#315=VECTOR('',#2637,1.);
#316=VECTOR('',#2642,1.);
#317=VECTOR('',#2645,1.);
#318=VECTOR('',#2648,1.);
#319=VECTOR('',#2649,1.);
#320=VECTOR('',#2650,1.);
#321=VECTOR('',#2655,1.);
#322=VECTOR('',#2660,1.);
#323=VECTOR('',#2661,1.);
#324=VECTOR('',#2662,1.);
#325=VECTOR('',#2663,1.);
#326=VECTOR('',#2668,1.);
#327=VECTOR('',#2671,1.);
#328=VECTOR('',#2676,1.);
#329=VECTOR('',#2681,1.);
#330=VECTOR('',#2682,1.);
#331=VECTOR('',#2683,1.);
#332=VECTOR('',#2688,1.);
#333=VECTOR('',#2693,1.);
#334=VECTOR('',#2694,1.);
#335=VECTOR('',#2695,1.);
#336=VECTOR('',#2700,1.);
#337=VECTOR('',#2705,1.);
#338=VECTOR('',#2706,1.);
#339=VECTOR('',#2707,1.);
#340=VECTOR('',#2716,1.);
#341=VECTOR('',#2717,1.);
#342=VECTOR('',#2738,1.);
#343=VECTOR('',#2743,1.);
#344=VECTOR('',#2746,1.);
#345=VECTOR('',#2751,1.);
#346=VECTOR('',#2756,1.);
#347=VECTOR('',#2761,1.);
#348=VECTOR('',#2764,1.);
#349=VECTOR('',#2769,1.);
#350=VECTOR('',#2772,1.);
#351=VECTOR('',#2777,1.);
#352=VECTOR('',#2780,1.);
#353=VECTOR('',#2791,1.);
#354=VECTOR('',#2792,1.);
#355=VECTOR('',#2793,1.);
#356=VECTOR('',#2794,1.);
#357=VECTOR('',#2795,1.);
#358=VECTOR('',#2796,1.);
#359=VECTOR('',#2803,1.);
#360=VECTOR('',#2806,1.);
#361=VECTOR('',#2809,1.);
#362=VECTOR('',#2816,1.);
#363=VECTOR('',#2817,1.);
#364=VECTOR('',#2820,1.);
#365=VECTOR('',#2823,1.);
#366=VECTOR('',#2828,1.);
#367=VECTOR('',#2831,1.);
#368=VECTOR('',#2834,1.);
#369=VECTOR('',#2837,1.);
#370=VECTOR('',#2840,1.);
#371=VECTOR('',#2843,1.);
#372=VECTOR('',#2846,1.);
#373=VECTOR('',#2849,1.);
#374=VECTOR('',#2852,1.);
#375=VECTOR('',#2859,1.);
#376=VECTOR('',#2862,1.);
#377=VECTOR('',#2867,1.);
#378=VECTOR('',#2870,1.);
#379=VECTOR('',#2875,1.);
#380=VECTOR('',#2878,1.);
#381=VECTOR('',#2883,1.);
#382=VECTOR('',#2886,1.);
#383=VECTOR('',#2891,1.);
#384=VECTOR('',#2898,1.);
#385=VECTOR('',#2901,1.);
#386=VECTOR('',#2904,1.);
#387=VECTOR('',#2907,1.);
#388=VECTOR('',#2908,1.);
#389=VECTOR('',#2909,1.);
#390=VECTOR('',#2910,1.);
#391=VECTOR('',#2911,1.);
#392=VECTOR('',#2912,1.);
#393=VECTOR('',#2917,1.);
#394=VECTOR('',#2920,1.);
#395=VECTOR('',#2935,1.);
#396=VECTOR('',#2938,1.);
#397=VECTOR('',#2941,1.);
#398=VECTOR('',#2942,1.);
#399=VECTOR('',#2947,1.);
#400=VECTOR('',#2950,1.);
#401=VECTOR('',#2953,1.);
#402=VECTOR('',#2956,1.);
#403=VECTOR('',#2959,1.);
#404=VECTOR('',#2962,1.);
#405=VECTOR('',#2965,1.);
#406=VECTOR('',#2968,1.);
#407=VECTOR('',#2971,1.);
#408=VECTOR('',#2976,1.);
#409=VECTOR('',#2977,1.);
#410=VECTOR('',#2980,1.);
#411=VECTOR('',#2981,1.);
#412=VECTOR('',#2984,1.);
#413=VECTOR('',#2985,1.);
#414=VECTOR('',#2988,1.);
#415=VECTOR('',#2991,1.);
#416=VECTOR('',#2994,1.);
#417=VECTOR('',#2997,1.);
#418=VECTOR('',#3000,1.);
#419=VECTOR('',#3005,1.);
#420=VECTOR('',#3006,1.);
#421=VECTOR('',#3009,1.);
#422=VECTOR('',#3010,1.);
#423=VECTOR('',#3017,1.);
#424=VECTOR('',#3018,1.);
#425=VECTOR('',#3021,1.);
#426=VECTOR('',#3024,1.);
#427=VECTOR('',#3027,1.);
#428=VECTOR('',#3030,1.);
#429=VECTOR('',#3035,1.);
#430=VECTOR('',#3036,1.);
#431=VECTOR('',#3039,1.);
#432=VECTOR('',#3040,1.);
#433=VECTOR('',#3043,1.);
#434=VECTOR('',#3044,1.);
#435=VECTOR('',#3047,1.);
#436=VECTOR('',#3048,1.);
#437=VECTOR('',#3051,1.);
#438=VECTOR('',#3052,1.);
#439=VECTOR('',#3055,1.);
#440=VECTOR('',#3056,1.);
#441=VECTOR('',#3059,1.);
#442=VECTOR('',#3060,1.);
#443=VECTOR('',#3063,1.);
#444=VECTOR('',#3064,1.);
#445=VECTOR('',#3067,1.);
#446=VECTOR('',#3068,1.);
#447=VECTOR('',#3071,1.);
#448=VECTOR('',#3072,1.);
#449=VECTOR('',#3075,1.);
#450=VECTOR('',#3076,1.);
#451=VECTOR('',#3079,1.);
#452=VECTOR('',#3080,1.);
#453=VECTOR('',#3083,1.);
#454=VECTOR('',#3084,1.);
#455=VECTOR('',#3087,1.);
#456=VECTOR('',#3088,1.);
#457=VECTOR('',#3091,1.);
#458=VECTOR('',#3092,1.);
#459=VECTOR('',#3095,1.);
#460=VECTOR('',#3096,1.);
#461=VECTOR('',#3099,1.);
#462=VECTOR('',#3100,1.);
#463=VECTOR('',#3103,1.);
#464=VECTOR('',#3104,1.);
#465=VECTOR('',#3107,1.);
#466=VECTOR('',#3108,1.);
#467=VECTOR('',#3111,1.);
#468=VECTOR('',#3112,1.);
#469=ORIENTED_EDGE('',*,*,#1119,.F.);
#470=ORIENTED_EDGE('',*,*,#1120,.T.);
#471=ORIENTED_EDGE('',*,*,#1121,.T.);
#472=ORIENTED_EDGE('',*,*,#1122,.F.);
#473=ORIENTED_EDGE('',*,*,#1123,.T.);
#474=ORIENTED_EDGE('',*,*,#1124,.T.);
#475=ORIENTED_EDGE('',*,*,#1125,.F.);
#476=ORIENTED_EDGE('',*,*,#1126,.T.);
#477=ORIENTED_EDGE('',*,*,#1127,.T.);
#478=ORIENTED_EDGE('',*,*,#1128,.T.);
#479=ORIENTED_EDGE('',*,*,#1129,.F.);
#480=ORIENTED_EDGE('',*,*,#1130,.T.);
#481=ORIENTED_EDGE('',*,*,#1131,.T.);
#482=ORIENTED_EDGE('',*,*,#1132,.T.);
#483=ORIENTED_EDGE('',*,*,#1133,.F.);
#484=ORIENTED_EDGE('',*,*,#1134,.T.);
#485=ORIENTED_EDGE('',*,*,#1135,.T.);
#486=ORIENTED_EDGE('',*,*,#1136,.T.);
#487=ORIENTED_EDGE('',*,*,#1137,.F.);
#488=ORIENTED_EDGE('',*,*,#1138,.T.);
#489=ORIENTED_EDGE('',*,*,#1139,.F.);
#490=ORIENTED_EDGE('',*,*,#1140,.T.);
#491=ORIENTED_EDGE('',*,*,#1141,.T.);
#492=ORIENTED_EDGE('',*,*,#1142,.T.);
#493=ORIENTED_EDGE('',*,*,#1143,.T.);
#494=ORIENTED_EDGE('',*,*,#1144,.T.);
#495=ORIENTED_EDGE('',*,*,#1145,.F.);
#496=ORIENTED_EDGE('',*,*,#1146,.F.);
#497=ORIENTED_EDGE('',*,*,#1147,.F.);
#498=ORIENTED_EDGE('',*,*,#1148,.F.);
#499=ORIENTED_EDGE('',*,*,#1149,.T.);
#500=ORIENTED_EDGE('',*,*,#1150,.T.);
#501=ORIENTED_EDGE('',*,*,#1151,.F.);
#502=ORIENTED_EDGE('',*,*,#1152,.T.);
#503=ORIENTED_EDGE('',*,*,#1153,.T.);
#504=ORIENTED_EDGE('',*,*,#1154,.F.);
#505=ORIENTED_EDGE('',*,*,#1155,.F.);
#506=ORIENTED_EDGE('',*,*,#1156,.T.);
#507=ORIENTED_EDGE('',*,*,#1157,.T.);
#508=ORIENTED_EDGE('',*,*,#1122,.T.);
#509=ORIENTED_EDGE('',*,*,#1158,.T.);
#510=ORIENTED_EDGE('',*,*,#1159,.F.);
#511=ORIENTED_EDGE('',*,*,#1160,.F.);
#512=ORIENTED_EDGE('',*,*,#1161,.T.);
#513=ORIENTED_EDGE('',*,*,#1162,.T.);
#514=ORIENTED_EDGE('',*,*,#1163,.T.);
#515=ORIENTED_EDGE('',*,*,#1164,.F.);
#516=ORIENTED_EDGE('',*,*,#1159,.T.);
#517=ORIENTED_EDGE('',*,*,#1165,.F.);
#518=ORIENTED_EDGE('',*,*,#1166,.T.);
#519=ORIENTED_EDGE('',*,*,#1167,.T.);
#520=ORIENTED_EDGE('',*,*,#1168,.F.);
#521=ORIENTED_EDGE('',*,*,#1169,.T.);
#522=ORIENTED_EDGE('',*,*,#1170,.F.);
#523=ORIENTED_EDGE('',*,*,#1171,.F.);
#524=ORIENTED_EDGE('',*,*,#1168,.T.);
#525=ORIENTED_EDGE('',*,*,#1172,.F.);
#526=ORIENTED_EDGE('',*,*,#1173,.F.);
#527=ORIENTED_EDGE('',*,*,#1174,.T.);
#528=ORIENTED_EDGE('',*,*,#1170,.T.);
#529=ORIENTED_EDGE('',*,*,#1175,.T.);
#530=ORIENTED_EDGE('',*,*,#1176,.F.);
#531=ORIENTED_EDGE('',*,*,#1177,.F.);
#532=ORIENTED_EDGE('',*,*,#1173,.T.);
#533=ORIENTED_EDGE('',*,*,#1178,.T.);
#534=ORIENTED_EDGE('',*,*,#1179,.F.);
#535=ORIENTED_EDGE('',*,*,#1180,.F.);
#536=ORIENTED_EDGE('',*,*,#1176,.T.);
#537=ORIENTED_EDGE('',*,*,#1181,.T.);
#538=ORIENTED_EDGE('',*,*,#1182,.F.);
#539=ORIENTED_EDGE('',*,*,#1183,.F.);
#540=ORIENTED_EDGE('',*,*,#1179,.T.);
#541=ORIENTED_EDGE('',*,*,#1184,.T.);
#542=ORIENTED_EDGE('',*,*,#1185,.T.);
#543=ORIENTED_EDGE('',*,*,#1186,.F.);
#544=ORIENTED_EDGE('',*,*,#1146,.T.);
#545=ORIENTED_EDGE('',*,*,#1187,.F.);
#546=ORIENTED_EDGE('',*,*,#1188,.T.);
#547=ORIENTED_EDGE('',*,*,#1189,.T.);
#548=ORIENTED_EDGE('',*,*,#1190,.T.);
#549=ORIENTED_EDGE('',*,*,#1191,.T.);
#550=ORIENTED_EDGE('',*,*,#1192,.T.);
#551=ORIENTED_EDGE('',*,*,#1193,.F.);
#552=ORIENTED_EDGE('',*,*,#1149,.F.);
#553=ORIENTED_EDGE('',*,*,#1194,.T.);
#554=ORIENTED_EDGE('',*,*,#1195,.T.);
#555=ORIENTED_EDGE('',*,*,#1196,.F.);
#556=ORIENTED_EDGE('',*,*,#1154,.T.);
#557=ORIENTED_EDGE('',*,*,#1197,.F.);
#558=ORIENTED_EDGE('',*,*,#1198,.T.);
#559=ORIENTED_EDGE('',*,*,#1199,.T.);
#560=ORIENTED_EDGE('',*,*,#1200,.T.);
#561=ORIENTED_EDGE('',*,*,#1201,.F.);
#562=ORIENTED_EDGE('',*,*,#1202,.T.);
#563=ORIENTED_EDGE('',*,*,#1203,.T.);
#564=ORIENTED_EDGE('',*,*,#1204,.F.);
#565=ORIENTED_EDGE('',*,*,#1205,.F.);
#566=ORIENTED_EDGE('',*,*,#1206,.F.);
#567=ORIENTED_EDGE('',*,*,#1207,.T.);
#568=ORIENTED_EDGE('',*,*,#1204,.T.);
#569=ORIENTED_EDGE('',*,*,#1208,.F.);
#570=ORIENTED_EDGE('',*,*,#1209,.F.);
#571=ORIENTED_EDGE('',*,*,#1210,.T.);
#572=ORIENTED_EDGE('',*,*,#1206,.T.);
#573=ORIENTED_EDGE('',*,*,#1211,.F.);
#574=ORIENTED_EDGE('',*,*,#1212,.F.);
#575=ORIENTED_EDGE('',*,*,#1213,.T.);
#576=ORIENTED_EDGE('',*,*,#1209,.T.);
#577=ORIENTED_EDGE('',*,*,#1214,.F.);
#578=ORIENTED_EDGE('',*,*,#1215,.F.);
#579=ORIENTED_EDGE('',*,*,#1216,.T.);
#580=ORIENTED_EDGE('',*,*,#1212,.T.);
#581=ORIENTED_EDGE('',*,*,#1217,.F.);
#582=ORIENTED_EDGE('',*,*,#1218,.F.);
#583=ORIENTED_EDGE('',*,*,#1219,.T.);
#584=ORIENTED_EDGE('',*,*,#1215,.T.);
#585=ORIENTED_EDGE('',*,*,#1220,.T.);
#586=ORIENTED_EDGE('',*,*,#1221,.F.);
#587=ORIENTED_EDGE('',*,*,#1222,.F.);
#588=ORIENTED_EDGE('',*,*,#1218,.T.);
#589=ORIENTED_EDGE('',*,*,#1223,.T.);
#590=ORIENTED_EDGE('',*,*,#1224,.F.);
#591=ORIENTED_EDGE('',*,*,#1225,.T.);
#592=ORIENTED_EDGE('',*,*,#1161,.F.);
#593=ORIENTED_EDGE('',*,*,#1226,.F.);
#594=ORIENTED_EDGE('',*,*,#1182,.T.);
#595=ORIENTED_EDGE('',*,*,#1227,.F.);
#596=ORIENTED_EDGE('',*,*,#1228,.T.);
#597=ORIENTED_EDGE('',*,*,#1229,.F.);
#598=ORIENTED_EDGE('',*,*,#1200,.F.);
#599=ORIENTED_EDGE('',*,*,#1230,.T.);
#600=ORIENTED_EDGE('',*,*,#1221,.T.);
#601=ORIENTED_EDGE('',*,*,#1231,.T.);
#602=ORIENTED_EDGE('',*,*,#1232,.F.);
#603=ORIENTED_EDGE('',*,*,#1233,.F.);
#604=ORIENTED_EDGE('',*,*,#1234,.T.);
#605=ORIENTED_EDGE('',*,*,#1119,.T.);
#606=ORIENTED_EDGE('',*,*,#1157,.F.);
#607=ORIENTED_EDGE('',*,*,#1235,.T.);
#608=ORIENTED_EDGE('',*,*,#1236,.T.);
#609=ORIENTED_EDGE('',*,*,#1237,.T.);
#610=ORIENTED_EDGE('',*,*,#1238,.F.);
#611=ORIENTED_EDGE('',*,*,#1239,.T.);
#612=ORIENTED_EDGE('',*,*,#1129,.T.);
#613=ORIENTED_EDGE('',*,*,#1240,.T.);
#614=ORIENTED_EDGE('',*,*,#1241,.F.);
#615=ORIENTED_EDGE('',*,*,#1242,.T.);
#616=ORIENTED_EDGE('',*,*,#1196,.T.);
#617=ORIENTED_EDGE('',*,*,#1243,.T.);
#618=ORIENTED_EDGE('',*,*,#1244,.T.);
#619=ORIENTED_EDGE('',*,*,#1245,.T.);
#620=ORIENTED_EDGE('',*,*,#1125,.T.);
#621=ORIENTED_EDGE('',*,*,#1246,.T.);
#622=ORIENTED_EDGE('',*,*,#1151,.T.);
#623=ORIENTED_EDGE('',*,*,#1247,.F.);
#624=ORIENTED_EDGE('',*,*,#1248,.T.);
#625=ORIENTED_EDGE('',*,*,#1249,.T.);
#626=ORIENTED_EDGE('',*,*,#1250,.T.);
#627=ORIENTED_EDGE('',*,*,#1139,.T.);
#628=ORIENTED_EDGE('',*,*,#1251,.T.);
#629=ORIENTED_EDGE('',*,*,#1252,.F.);
#630=ORIENTED_EDGE('',*,*,#1253,.T.);
#631=ORIENTED_EDGE('',*,*,#1254,.T.);
#632=ORIENTED_EDGE('',*,*,#1255,.T.);
#633=ORIENTED_EDGE('',*,*,#1137,.T.);
#634=ORIENTED_EDGE('',*,*,#1256,.T.);
#635=ORIENTED_EDGE('',*,*,#1257,.F.);
#636=ORIENTED_EDGE('',*,*,#1258,.F.);
#637=ORIENTED_EDGE('',*,*,#1259,.T.);
#638=ORIENTED_EDGE('',*,*,#1260,.T.);
#639=ORIENTED_EDGE('',*,*,#1261,.T.);
#640=ORIENTED_EDGE('',*,*,#1262,.T.);
#641=ORIENTED_EDGE('',*,*,#1263,.T.);
#642=ORIENTED_EDGE('',*,*,#1264,.T.);
#643=ORIENTED_EDGE('',*,*,#1265,.F.);
#644=ORIENTED_EDGE('',*,*,#1266,.F.);
#645=ORIENTED_EDGE('',*,*,#1267,.F.);
#646=ORIENTED_EDGE('',*,*,#1268,.F.);
#647=ORIENTED_EDGE('',*,*,#1269,.F.);
#648=ORIENTED_EDGE('',*,*,#1270,.F.);
#649=ORIENTED_EDGE('',*,*,#1271,.F.);
#650=ORIENTED_EDGE('',*,*,#1272,.F.);
#651=ORIENTED_EDGE('',*,*,#1133,.T.);
#652=ORIENTED_EDGE('',*,*,#1273,.T.);
#653=ORIENTED_EDGE('',*,*,#1274,.T.);
#654=ORIENTED_EDGE('',*,*,#1275,.T.);
#655=ORIENTED_EDGE('',*,*,#1276,.F.);
#656=ORIENTED_EDGE('',*,*,#1277,.T.);
#657=ORIENTED_EDGE('',*,*,#1278,.T.);
#658=ORIENTED_EDGE('',*,*,#1279,.T.);
#659=ORIENTED_EDGE('',*,*,#1160,.T.);
#660=ORIENTED_EDGE('',*,*,#1164,.T.);
#661=ORIENTED_EDGE('',*,*,#1280,.T.);
#662=ORIENTED_EDGE('',*,*,#1165,.T.);
#663=ORIENTED_EDGE('',*,*,#1171,.T.);
#664=ORIENTED_EDGE('',*,*,#1174,.F.);
#665=ORIENTED_EDGE('',*,*,#1177,.T.);
#666=ORIENTED_EDGE('',*,*,#1180,.T.);
#667=ORIENTED_EDGE('',*,*,#1183,.T.);
#668=ORIENTED_EDGE('',*,*,#1226,.T.);
#669=ORIENTED_EDGE('',*,*,#1189,.F.);
#670=ORIENTED_EDGE('',*,*,#1281,.T.);
#671=ORIENTED_EDGE('',*,*,#1191,.F.);
#672=ORIENTED_EDGE('',*,*,#1148,.T.);
#673=ORIENTED_EDGE('',*,*,#1282,.F.);
#674=ORIENTED_EDGE('',*,*,#1283,.T.);
#675=ORIENTED_EDGE('',*,*,#1284,.T.);
#676=ORIENTED_EDGE('',*,*,#1285,.F.);
#677=ORIENTED_EDGE('',*,*,#1286,.T.);
#678=ORIENTED_EDGE('',*,*,#1287,.T.);
#679=ORIENTED_EDGE('',*,*,#1143,.F.);
#680=ORIENTED_EDGE('',*,*,#1186,.T.);
#681=ORIENTED_EDGE('',*,*,#1288,.T.);
#682=ORIENTED_EDGE('',*,*,#1230,.F.);
#683=ORIENTED_EDGE('',*,*,#1199,.F.);
#684=ORIENTED_EDGE('',*,*,#1289,.T.);
#685=ORIENTED_EDGE('',*,*,#1201,.T.);
#686=ORIENTED_EDGE('',*,*,#1207,.F.);
#687=ORIENTED_EDGE('',*,*,#1210,.F.);
#688=ORIENTED_EDGE('',*,*,#1213,.F.);
#689=ORIENTED_EDGE('',*,*,#1216,.F.);
#690=ORIENTED_EDGE('',*,*,#1219,.F.);
#691=ORIENTED_EDGE('',*,*,#1222,.T.);
#692=ORIENTED_EDGE('',*,*,#1227,.T.);
#693=ORIENTED_EDGE('',*,*,#1231,.F.);
#694=ORIENTED_EDGE('',*,*,#1223,.F.);
#695=ORIENTED_EDGE('',*,*,#1290,.T.);
#696=ORIENTED_EDGE('',*,*,#1291,.T.);
#697=ORIENTED_EDGE('',*,*,#1292,.T.);
#698=ORIENTED_EDGE('',*,*,#1293,.T.);
#699=ORIENTED_EDGE('',*,*,#1294,.T.);
#700=ORIENTED_EDGE('',*,*,#1295,.T.);
#701=ORIENTED_EDGE('',*,*,#1296,.F.);
#702=ORIENTED_EDGE('',*,*,#1297,.T.);
#703=ORIENTED_EDGE('',*,*,#1298,.T.);
#704=ORIENTED_EDGE('',*,*,#1299,.T.);
#705=ORIENTED_EDGE('',*,*,#1300,.T.);
#706=ORIENTED_EDGE('',*,*,#1301,.T.);
#707=ORIENTED_EDGE('',*,*,#1302,.F.);
#708=ORIENTED_EDGE('',*,*,#1303,.T.);
#709=ORIENTED_EDGE('',*,*,#1304,.F.);
#710=ORIENTED_EDGE('',*,*,#1305,.T.);
#711=ORIENTED_EDGE('',*,*,#1306,.T.);
#712=ORIENTED_EDGE('',*,*,#1307,.T.);
#713=ORIENTED_EDGE('',*,*,#1121,.F.);
#714=ORIENTED_EDGE('',*,*,#1308,.T.);
#715=ORIENTED_EDGE('',*,*,#1309,.T.);
#716=ORIENTED_EDGE('',*,*,#1310,.T.);
#717=ORIENTED_EDGE('',*,*,#1311,.F.);
#718=ORIENTED_EDGE('',*,*,#1312,.T.);
#719=ORIENTED_EDGE('',*,*,#1155,.T.);
#720=ORIENTED_EDGE('',*,*,#1141,.F.);
#721=ORIENTED_EDGE('',*,*,#1313,.T.);
#722=ORIENTED_EDGE('',*,*,#1314,.F.);
#723=ORIENTED_EDGE('',*,*,#1315,.T.);
#724=ORIENTED_EDGE('',*,*,#1316,.T.);
#725=ORIENTED_EDGE('',*,*,#1317,.T.);
#726=ORIENTED_EDGE('',*,*,#1135,.F.);
#727=ORIENTED_EDGE('',*,*,#1318,.T.);
#728=ORIENTED_EDGE('',*,*,#1319,.F.);
#729=ORIENTED_EDGE('',*,*,#1320,.T.);
#730=ORIENTED_EDGE('',*,*,#1321,.T.);
#731=ORIENTED_EDGE('',*,*,#1322,.T.);
#732=ORIENTED_EDGE('',*,*,#1127,.F.);
#733=ORIENTED_EDGE('',*,*,#1323,.T.);
#734=ORIENTED_EDGE('',*,*,#1324,.T.);
#735=ORIENTED_EDGE('',*,*,#1325,.T.);
#736=ORIENTED_EDGE('',*,*,#1326,.T.);
#737=ORIENTED_EDGE('',*,*,#1327,.T.);
#738=ORIENTED_EDGE('',*,*,#1123,.F.);
#739=ORIENTED_EDGE('',*,*,#1328,.T.);
#740=ORIENTED_EDGE('',*,*,#1329,.F.);
#741=ORIENTED_EDGE('',*,*,#1330,.T.);
#742=ORIENTED_EDGE('',*,*,#1194,.F.);
#743=ORIENTED_EDGE('',*,*,#1153,.F.);
#744=ORIENTED_EDGE('',*,*,#1331,.T.);
#745=ORIENTED_EDGE('',*,*,#1131,.F.);
#746=ORIENTED_EDGE('',*,*,#1332,.T.);
#747=ORIENTED_EDGE('',*,*,#1333,.F.);
#748=ORIENTED_EDGE('',*,*,#1334,.T.);
#749=ORIENTED_EDGE('',*,*,#1335,.T.);
#750=ORIENTED_EDGE('',*,*,#1336,.T.);
#751=ORIENTED_EDGE('',*,*,#1337,.F.);
#752=ORIENTED_EDGE('',*,*,#1338,.T.);
#753=ORIENTED_EDGE('',*,*,#1339,.T.);
#754=ORIENTED_EDGE('',*,*,#1340,.T.);
#755=ORIENTED_EDGE('',*,*,#1341,.T.);
#756=ORIENTED_EDGE('',*,*,#1342,.T.);
#757=ORIENTED_EDGE('',*,*,#1343,.T.);
#758=ORIENTED_EDGE('',*,*,#1344,.T.);
#759=ORIENTED_EDGE('',*,*,#1345,.T.);
#760=ORIENTED_EDGE('',*,*,#1346,.T.);
#761=ORIENTED_EDGE('',*,*,#1347,.F.);
#762=ORIENTED_EDGE('',*,*,#1348,.T.);
#763=ORIENTED_EDGE('',*,*,#1349,.T.);
#764=ORIENTED_EDGE('',*,*,#1350,.T.);
#765=ORIENTED_EDGE('',*,*,#1351,.F.);
#766=ORIENTED_EDGE('',*,*,#1352,.T.);
#767=ORIENTED_EDGE('',*,*,#1353,.F.);
#768=ORIENTED_EDGE('',*,*,#1354,.T.);
#769=ORIENTED_EDGE('',*,*,#1193,.T.);
#770=ORIENTED_EDGE('',*,*,#1355,.T.);
#771=ORIENTED_EDGE('',*,*,#1187,.T.);
#772=ORIENTED_EDGE('',*,*,#1356,.T.);
#773=ORIENTED_EDGE('',*,*,#1184,.F.);
#774=ORIENTED_EDGE('',*,*,#1145,.T.);
#775=ORIENTED_EDGE('',*,*,#1357,.F.);
#776=ORIENTED_EDGE('',*,*,#1358,.F.);
#777=ORIENTED_EDGE('',*,*,#1359,.T.);
#778=ORIENTED_EDGE('',*,*,#1360,.F.);
#779=ORIENTED_EDGE('',*,*,#1361,.F.);
#780=ORIENTED_EDGE('',*,*,#1362,.T.);
#781=ORIENTED_EDGE('',*,*,#1150,.F.);
#782=ORIENTED_EDGE('',*,*,#1203,.F.);
#783=ORIENTED_EDGE('',*,*,#1363,.T.);
#784=ORIENTED_EDGE('',*,*,#1197,.T.);
#785=ORIENTED_EDGE('',*,*,#1229,.T.);
#786=ORIENTED_EDGE('',*,*,#1220,.F.);
#787=ORIENTED_EDGE('',*,*,#1217,.T.);
#788=ORIENTED_EDGE('',*,*,#1214,.T.);
#789=ORIENTED_EDGE('',*,*,#1211,.T.);
#790=ORIENTED_EDGE('',*,*,#1208,.T.);
#791=ORIENTED_EDGE('',*,*,#1205,.T.);
#792=ORIENTED_EDGE('',*,*,#1162,.F.);
#793=ORIENTED_EDGE('',*,*,#1158,.F.);
#794=ORIENTED_EDGE('',*,*,#1225,.F.);
#795=ORIENTED_EDGE('',*,*,#1181,.F.);
#796=ORIENTED_EDGE('',*,*,#1178,.F.);
#797=ORIENTED_EDGE('',*,*,#1175,.F.);
#798=ORIENTED_EDGE('',*,*,#1172,.T.);
#799=ORIENTED_EDGE('',*,*,#1169,.F.);
#800=ORIENTED_EDGE('',*,*,#1167,.F.);
#801=ORIENTED_EDGE('',*,*,#1364,.T.);
#802=ORIENTED_EDGE('',*,*,#1224,.T.);
#803=ORIENTED_EDGE('',*,*,#1232,.T.);
#804=ORIENTED_EDGE('',*,*,#1228,.F.);
#805=ORIENTED_EDGE('',*,*,#1365,.F.);
#806=ORIENTED_EDGE('',*,*,#1366,.T.);
#807=ORIENTED_EDGE('',*,*,#1367,.F.);
#808=ORIENTED_EDGE('',*,*,#1368,.T.);
#809=ORIENTED_EDGE('',*,*,#1369,.F.);
#810=ORIENTED_EDGE('',*,*,#1370,.T.);
#811=ORIENTED_EDGE('',*,*,#1371,.F.);
#812=ORIENTED_EDGE('',*,*,#1372,.T.);
#813=ORIENTED_EDGE('',*,*,#1373,.T.);
#814=ORIENTED_EDGE('',*,*,#1374,.T.);
#815=ORIENTED_EDGE('',*,*,#1375,.F.);
#816=ORIENTED_EDGE('',*,*,#1376,.T.);
#817=ORIENTED_EDGE('',*,*,#1377,.T.);
#818=ORIENTED_EDGE('',*,*,#1378,.T.);
#819=ORIENTED_EDGE('',*,*,#1379,.T.);
#820=ORIENTED_EDGE('',*,*,#1380,.T.);
#821=ORIENTED_EDGE('',*,*,#1381,.F.);
#822=ORIENTED_EDGE('',*,*,#1382,.T.);
#823=ORIENTED_EDGE('',*,*,#1337,.T.);
#824=ORIENTED_EDGE('',*,*,#1383,.T.);
#825=ORIENTED_EDGE('',*,*,#1274,.F.);
#826=ORIENTED_EDGE('',*,*,#1384,.T.);
#827=ORIENTED_EDGE('',*,*,#1261,.F.);
#828=ORIENTED_EDGE('',*,*,#1385,.T.);
#829=ORIENTED_EDGE('',*,*,#1353,.T.);
#830=ORIENTED_EDGE('',*,*,#1386,.T.);
#831=ORIENTED_EDGE('',*,*,#1351,.T.);
#832=ORIENTED_EDGE('',*,*,#1387,.T.);
#833=ORIENTED_EDGE('',*,*,#1263,.F.);
#834=ORIENTED_EDGE('',*,*,#1388,.T.);
#835=ORIENTED_EDGE('',*,*,#1362,.F.);
#836=ORIENTED_EDGE('',*,*,#1389,.F.);
#837=ORIENTED_EDGE('',*,*,#1282,.T.);
#838=ORIENTED_EDGE('',*,*,#1147,.T.);
#839=ORIENTED_EDGE('',*,*,#1361,.T.);
#840=ORIENTED_EDGE('',*,*,#1390,.F.);
#841=ORIENTED_EDGE('',*,*,#1283,.F.);
#842=ORIENTED_EDGE('',*,*,#1389,.T.);
#843=ORIENTED_EDGE('',*,*,#1360,.T.);
#844=ORIENTED_EDGE('',*,*,#1391,.F.);
#845=ORIENTED_EDGE('',*,*,#1284,.F.);
#846=ORIENTED_EDGE('',*,*,#1390,.T.);
#847=ORIENTED_EDGE('',*,*,#1359,.F.);
#848=ORIENTED_EDGE('',*,*,#1392,.F.);
#849=ORIENTED_EDGE('',*,*,#1285,.T.);
#850=ORIENTED_EDGE('',*,*,#1391,.T.);
#851=ORIENTED_EDGE('',*,*,#1358,.T.);
#852=ORIENTED_EDGE('',*,*,#1393,.F.);
#853=ORIENTED_EDGE('',*,*,#1286,.F.);
#854=ORIENTED_EDGE('',*,*,#1392,.T.);
#855=ORIENTED_EDGE('',*,*,#1357,.T.);
#856=ORIENTED_EDGE('',*,*,#1144,.F.);
#857=ORIENTED_EDGE('',*,*,#1287,.F.);
#858=ORIENTED_EDGE('',*,*,#1393,.T.);
#859=ORIENTED_EDGE('',*,*,#1236,.F.);
#860=ORIENTED_EDGE('',*,*,#1394,.T.);
#861=ORIENTED_EDGE('',*,*,#1311,.T.);
#862=ORIENTED_EDGE('',*,*,#1395,.T.);
#863=ORIENTED_EDGE('',*,*,#1347,.T.);
#864=ORIENTED_EDGE('',*,*,#1396,.T.);
#865=ORIENTED_EDGE('',*,*,#1259,.F.);
#866=ORIENTED_EDGE('',*,*,#1397,.T.);
#867=ORIENTED_EDGE('',*,*,#1272,.T.);
#868=ORIENTED_EDGE('',*,*,#1346,.F.);
#869=ORIENTED_EDGE('',*,*,#1271,.T.);
#870=ORIENTED_EDGE('',*,*,#1345,.F.);
#871=ORIENTED_EDGE('',*,*,#1398,.T.);
#872=ORIENTED_EDGE('',*,*,#1265,.T.);
#873=ORIENTED_EDGE('',*,*,#1399,.F.);
#874=ORIENTED_EDGE('',*,*,#1340,.F.);
#875=ORIENTED_EDGE('',*,*,#1399,.T.);
#876=ORIENTED_EDGE('',*,*,#1270,.T.);
#877=ORIENTED_EDGE('',*,*,#1400,.F.);
#878=ORIENTED_EDGE('',*,*,#1341,.F.);
#879=ORIENTED_EDGE('',*,*,#1400,.T.);
#880=ORIENTED_EDGE('',*,*,#1269,.T.);
#881=ORIENTED_EDGE('',*,*,#1401,.F.);
#882=ORIENTED_EDGE('',*,*,#1342,.F.);
#883=ORIENTED_EDGE('',*,*,#1401,.T.);
#884=ORIENTED_EDGE('',*,*,#1268,.T.);
#885=ORIENTED_EDGE('',*,*,#1402,.F.);
#886=ORIENTED_EDGE('',*,*,#1343,.F.);
#887=ORIENTED_EDGE('',*,*,#1402,.T.);
#888=ORIENTED_EDGE('',*,*,#1267,.T.);
#889=ORIENTED_EDGE('',*,*,#1403,.F.);
#890=ORIENTED_EDGE('',*,*,#1344,.F.);
#891=ORIENTED_EDGE('',*,*,#1403,.T.);
#892=ORIENTED_EDGE('',*,*,#1266,.T.);
#893=ORIENTED_EDGE('',*,*,#1398,.F.);
#894=ORIENTED_EDGE('',*,*,#1339,.F.);
#895=ORIENTED_EDGE('',*,*,#1278,.F.);
#896=ORIENTED_EDGE('',*,*,#1404,.T.);
#897=ORIENTED_EDGE('',*,*,#1333,.T.);
#898=ORIENTED_EDGE('',*,*,#1405,.T.);
#899=ORIENTED_EDGE('',*,*,#1257,.T.);
#900=ORIENTED_EDGE('',*,*,#1406,.T.);
#901=ORIENTED_EDGE('',*,*,#1349,.F.);
#902=ORIENTED_EDGE('',*,*,#1407,.T.);
#903=ORIENTED_EDGE('',*,*,#1379,.F.);
#904=ORIENTED_EDGE('',*,*,#1408,.T.);
#905=ORIENTED_EDGE('',*,*,#1302,.T.);
#906=ORIENTED_EDGE('',*,*,#1409,.T.);
#907=ORIENTED_EDGE('',*,*,#1377,.F.);
#908=ORIENTED_EDGE('',*,*,#1410,.T.);
#909=ORIENTED_EDGE('',*,*,#1304,.T.);
#910=ORIENTED_EDGE('',*,*,#1411,.T.);
#911=ORIENTED_EDGE('',*,*,#1371,.T.);
#912=ORIENTED_EDGE('',*,*,#1412,.T.);
#913=ORIENTED_EDGE('',*,*,#1298,.F.);
#914=ORIENTED_EDGE('',*,*,#1413,.T.);
#915=ORIENTED_EDGE('',*,*,#1300,.F.);
#916=ORIENTED_EDGE('',*,*,#1414,.T.);
#917=ORIENTED_EDGE('',*,*,#1375,.T.);
#918=ORIENTED_EDGE('',*,*,#1415,.T.);
#919=ORIENTED_EDGE('',*,*,#1365,.T.);
#920=ORIENTED_EDGE('',*,*,#1416,.T.);
#921=ORIENTED_EDGE('',*,*,#1292,.F.);
#922=ORIENTED_EDGE('',*,*,#1417,.T.);
#923=ORIENTED_EDGE('',*,*,#1294,.F.);
#924=ORIENTED_EDGE('',*,*,#1418,.T.);
#925=ORIENTED_EDGE('',*,*,#1369,.T.);
#926=ORIENTED_EDGE('',*,*,#1419,.T.);
#927=ORIENTED_EDGE('',*,*,#1252,.T.);
#928=ORIENTED_EDGE('',*,*,#1420,.T.);
#929=ORIENTED_EDGE('',*,*,#1321,.F.);
#930=ORIENTED_EDGE('',*,*,#1421,.T.);
#931=ORIENTED_EDGE('',*,*,#1319,.T.);
#932=ORIENTED_EDGE('',*,*,#1422,.T.);
#933=ORIENTED_EDGE('',*,*,#1254,.F.);
#934=ORIENTED_EDGE('',*,*,#1423,.T.);
#935=ORIENTED_EDGE('',*,*,#1316,.F.);
#936=ORIENTED_EDGE('',*,*,#1424,.T.);
#937=ORIENTED_EDGE('',*,*,#1247,.T.);
#938=ORIENTED_EDGE('',*,*,#1425,.T.);
#939=ORIENTED_EDGE('',*,*,#1314,.T.);
#940=ORIENTED_EDGE('',*,*,#1426,.T.);
#941=ORIENTED_EDGE('',*,*,#1249,.F.);
#942=ORIENTED_EDGE('',*,*,#1427,.T.);
#943=ORIENTED_EDGE('',*,*,#1309,.F.);
#944=ORIENTED_EDGE('',*,*,#1428,.T.);
#945=ORIENTED_EDGE('',*,*,#1233,.T.);
#946=ORIENTED_EDGE('',*,*,#1429,.T.);
#947=ORIENTED_EDGE('',*,*,#1244,.F.);
#948=ORIENTED_EDGE('',*,*,#1430,.T.);
#949=ORIENTED_EDGE('',*,*,#1329,.T.);
#950=ORIENTED_EDGE('',*,*,#1431,.T.);
#951=ORIENTED_EDGE('',*,*,#1241,.T.);
#952=ORIENTED_EDGE('',*,*,#1432,.T.);
#953=ORIENTED_EDGE('',*,*,#1326,.F.);
#954=ORIENTED_EDGE('',*,*,#1433,.T.);
#955=ORIENTED_EDGE('',*,*,#1324,.F.);
#956=ORIENTED_EDGE('',*,*,#1434,.T.);
#957=ORIENTED_EDGE('',*,*,#1238,.T.);
#958=ORIENTED_EDGE('',*,*,#1435,.T.);
#959=ORIENTED_EDGE('',*,*,#1296,.T.);
#960=ORIENTED_EDGE('',*,*,#1436,.T.);
#961=ORIENTED_EDGE('',*,*,#1373,.F.);
#962=ORIENTED_EDGE('',*,*,#1437,.T.);
#963=ORIENTED_EDGE('',*,*,#1290,.F.);
#964=ORIENTED_EDGE('',*,*,#1438,.T.);
#965=ORIENTED_EDGE('',*,*,#1367,.T.);
#966=ORIENTED_EDGE('',*,*,#1439,.T.);
#967=ORIENTED_EDGE('',*,*,#1335,.F.);
#968=ORIENTED_EDGE('',*,*,#1440,.T.);
#969=ORIENTED_EDGE('',*,*,#1276,.T.);
#970=ORIENTED_EDGE('',*,*,#1441,.T.);
#971=ORIENTED_EDGE('',*,*,#1306,.F.);
#972=ORIENTED_EDGE('',*,*,#1442,.T.);
#973=ORIENTED_EDGE('',*,*,#1381,.T.);
#974=ORIENTED_EDGE('',*,*,#1443,.T.);
#975=ORIENTED_EDGE('',*,*,#1281,.F.);
#976=ORIENTED_EDGE('',*,*,#1188,.F.);
#977=ORIENTED_EDGE('',*,*,#1355,.F.);
#978=ORIENTED_EDGE('',*,*,#1192,.F.);
#979=ORIENTED_EDGE('',*,*,#1288,.F.);
#980=ORIENTED_EDGE('',*,*,#1185,.F.);
#981=ORIENTED_EDGE('',*,*,#1356,.F.);
#982=ORIENTED_EDGE('',*,*,#1190,.F.);
#983=ORIENTED_EDGE('',*,*,#1312,.F.);
#984=ORIENTED_EDGE('',*,*,#1394,.F.);
#985=ORIENTED_EDGE('',*,*,#1235,.F.);
#986=ORIENTED_EDGE('',*,*,#1156,.F.);
#987=ORIENTED_EDGE('',*,*,#1308,.F.);
#988=ORIENTED_EDGE('',*,*,#1120,.F.);
#989=ORIENTED_EDGE('',*,*,#1234,.F.);
#990=ORIENTED_EDGE('',*,*,#1428,.F.);
#991=ORIENTED_EDGE('',*,*,#1310,.F.);
#992=ORIENTED_EDGE('',*,*,#1429,.F.);
#993=ORIENTED_EDGE('',*,*,#1237,.F.);
#994=ORIENTED_EDGE('',*,*,#1395,.F.);
#995=ORIENTED_EDGE('',*,*,#1330,.F.);
#996=ORIENTED_EDGE('',*,*,#1430,.F.);
#997=ORIENTED_EDGE('',*,*,#1243,.F.);
#998=ORIENTED_EDGE('',*,*,#1195,.F.);
#999=ORIENTED_EDGE('',*,*,#1331,.F.);
#1000=ORIENTED_EDGE('',*,*,#1152,.F.);
#1001=ORIENTED_EDGE('',*,*,#1246,.F.);
#1002=ORIENTED_EDGE('',*,*,#1124,.F.);
#1003=ORIENTED_EDGE('',*,*,#1328,.F.);
#1004=ORIENTED_EDGE('',*,*,#1126,.F.);
#1005=ORIENTED_EDGE('',*,*,#1245,.F.);
#1006=ORIENTED_EDGE('',*,*,#1431,.F.);
#1007=ORIENTED_EDGE('',*,*,#1382,.F.);
#1008=ORIENTED_EDGE('',*,*,#1442,.F.);
#1009=ORIENTED_EDGE('',*,*,#1305,.F.);
#1010=ORIENTED_EDGE('',*,*,#1410,.F.);
#1011=ORIENTED_EDGE('',*,*,#1378,.F.);
#1012=ORIENTED_EDGE('',*,*,#1411,.F.);
#1013=ORIENTED_EDGE('',*,*,#1303,.F.);
#1014=ORIENTED_EDGE('',*,*,#1408,.F.);
#1015=ORIENTED_EDGE('',*,*,#1380,.F.);
#1016=ORIENTED_EDGE('',*,*,#1409,.F.);
#1017=ORIENTED_EDGE('',*,*,#1307,.F.);
#1018=ORIENTED_EDGE('',*,*,#1443,.F.);
#1019=ORIENTED_EDGE('',*,*,#1313,.F.);
#1020=ORIENTED_EDGE('',*,*,#1140,.F.);
#1021=ORIENTED_EDGE('',*,*,#1250,.F.);
#1022=ORIENTED_EDGE('',*,*,#1426,.F.);
#1023=ORIENTED_EDGE('',*,*,#1315,.F.);
#1024=ORIENTED_EDGE('',*,*,#1427,.F.);
#1025=ORIENTED_EDGE('',*,*,#1248,.F.);
#1026=ORIENTED_EDGE('',*,*,#1424,.F.);
#1027=ORIENTED_EDGE('',*,*,#1317,.F.);
#1028=ORIENTED_EDGE('',*,*,#1425,.F.);
#1029=ORIENTED_EDGE('',*,*,#1251,.F.);
#1030=ORIENTED_EDGE('',*,*,#1142,.F.);
#1031=ORIENTED_EDGE('',*,*,#1376,.F.);
#1032=ORIENTED_EDGE('',*,*,#1414,.F.);
#1033=ORIENTED_EDGE('',*,*,#1299,.F.);
#1034=ORIENTED_EDGE('',*,*,#1412,.F.);
#1035=ORIENTED_EDGE('',*,*,#1374,.F.);
#1036=ORIENTED_EDGE('',*,*,#1436,.F.);
#1037=ORIENTED_EDGE('',*,*,#1301,.F.);
#1038=ORIENTED_EDGE('',*,*,#1415,.F.);
#1039=ORIENTED_EDGE('',*,*,#1372,.F.);
#1040=ORIENTED_EDGE('',*,*,#1413,.F.);
#1041=ORIENTED_EDGE('',*,*,#1297,.F.);
#1042=ORIENTED_EDGE('',*,*,#1437,.F.);
#1043=ORIENTED_EDGE('',*,*,#1327,.F.);
#1044=ORIENTED_EDGE('',*,*,#1432,.F.);
#1045=ORIENTED_EDGE('',*,*,#1240,.F.);
#1046=ORIENTED_EDGE('',*,*,#1128,.F.);
#1047=ORIENTED_EDGE('',*,*,#1323,.F.);
#1048=ORIENTED_EDGE('',*,*,#1130,.F.);
#1049=ORIENTED_EDGE('',*,*,#1239,.F.);
#1050=ORIENTED_EDGE('',*,*,#1434,.F.);
#1051=ORIENTED_EDGE('',*,*,#1325,.F.);
#1052=ORIENTED_EDGE('',*,*,#1435,.F.);
#1053=ORIENTED_EDGE('',*,*,#1242,.F.);
#1054=ORIENTED_EDGE('',*,*,#1433,.F.);
#1055=ORIENTED_EDGE('',*,*,#1318,.F.);
#1056=ORIENTED_EDGE('',*,*,#1138,.F.);
#1057=ORIENTED_EDGE('',*,*,#1255,.F.);
#1058=ORIENTED_EDGE('',*,*,#1422,.F.);
#1059=ORIENTED_EDGE('',*,*,#1320,.F.);
#1060=ORIENTED_EDGE('',*,*,#1423,.F.);
#1061=ORIENTED_EDGE('',*,*,#1253,.F.);
#1062=ORIENTED_EDGE('',*,*,#1421,.F.);
#1063=ORIENTED_EDGE('',*,*,#1370,.F.);
#1064=ORIENTED_EDGE('',*,*,#1418,.F.);
#1065=ORIENTED_EDGE('',*,*,#1293,.F.);
#1066=ORIENTED_EDGE('',*,*,#1416,.F.);
#1067=ORIENTED_EDGE('',*,*,#1368,.F.);
#1068=ORIENTED_EDGE('',*,*,#1438,.F.);
#1069=ORIENTED_EDGE('',*,*,#1295,.F.);
#1070=ORIENTED_EDGE('',*,*,#1419,.F.);
#1071=ORIENTED_EDGE('',*,*,#1366,.F.);
#1072=ORIENTED_EDGE('',*,*,#1417,.F.);
#1073=ORIENTED_EDGE('',*,*,#1291,.F.);
#1074=ORIENTED_EDGE('',*,*,#1439,.F.);
#1075=ORIENTED_EDGE('',*,*,#1336,.F.);
#1076=ORIENTED_EDGE('',*,*,#1441,.F.);
#1077=ORIENTED_EDGE('',*,*,#1275,.F.);
#1078=ORIENTED_EDGE('',*,*,#1383,.F.);
#1079=ORIENTED_EDGE('',*,*,#1273,.F.);
#1080=ORIENTED_EDGE('',*,*,#1132,.F.);
#1081=ORIENTED_EDGE('',*,*,#1338,.F.);
#1082=ORIENTED_EDGE('',*,*,#1384,.F.);
#1083=ORIENTED_EDGE('',*,*,#1332,.F.);
#1084=ORIENTED_EDGE('',*,*,#1134,.F.);
#1085=ORIENTED_EDGE('',*,*,#1279,.F.);
#1086=ORIENTED_EDGE('',*,*,#1405,.F.);
#1087=ORIENTED_EDGE('',*,*,#1350,.F.);
#1088=ORIENTED_EDGE('',*,*,#1406,.F.);
#1089=ORIENTED_EDGE('',*,*,#1264,.F.);
#1090=ORIENTED_EDGE('',*,*,#1387,.F.);
#1091=ORIENTED_EDGE('',*,*,#1260,.F.);
#1092=ORIENTED_EDGE('',*,*,#1396,.F.);
#1093=ORIENTED_EDGE('',*,*,#1354,.F.);
#1094=ORIENTED_EDGE('',*,*,#1385,.F.);
#1095=ORIENTED_EDGE('',*,*,#1262,.F.);
#1096=ORIENTED_EDGE('',*,*,#1386,.F.);
#1097=ORIENTED_EDGE('',*,*,#1352,.F.);
#1098=ORIENTED_EDGE('',*,*,#1388,.F.);
#1099=ORIENTED_EDGE('',*,*,#1256,.F.);
#1100=ORIENTED_EDGE('',*,*,#1136,.F.);
#1101=ORIENTED_EDGE('',*,*,#1322,.F.);
#1102=ORIENTED_EDGE('',*,*,#1420,.F.);
#1103=ORIENTED_EDGE('',*,*,#1334,.F.);
#1104=ORIENTED_EDGE('',*,*,#1404,.F.);
#1105=ORIENTED_EDGE('',*,*,#1277,.F.);
#1106=ORIENTED_EDGE('',*,*,#1440,.F.);
#1107=ORIENTED_EDGE('',*,*,#1258,.T.);
#1108=ORIENTED_EDGE('',*,*,#1407,.F.);
#1109=ORIENTED_EDGE('',*,*,#1348,.F.);
#1110=ORIENTED_EDGE('',*,*,#1397,.F.);
#1111=ORIENTED_EDGE('',*,*,#1280,.F.);
#1112=ORIENTED_EDGE('',*,*,#1163,.F.);
#1113=ORIENTED_EDGE('',*,*,#1364,.F.);
#1114=ORIENTED_EDGE('',*,*,#1166,.F.);
#1115=ORIENTED_EDGE('',*,*,#1289,.F.);
#1116=ORIENTED_EDGE('',*,*,#1198,.F.);
#1117=ORIENTED_EDGE('',*,*,#1363,.F.);
#1118=ORIENTED_EDGE('',*,*,#1202,.F.);
#1119=EDGE_CURVE('',#1444,#1445,#1664,.T.);
#1120=EDGE_CURVE('',#1444,#1446,#63,.T.);
#1121=EDGE_CURVE('',#1446,#1447,#1665,.T.);
#1122=EDGE_CURVE('',#1445,#1447,#64,.T.);
#1123=EDGE_CURVE('',#1448,#1449,#65,.T.);
#1124=EDGE_CURVE('',#1449,#1450,#66,.T.);
#1125=EDGE_CURVE('',#1451,#1450,#67,.T.);
#1126=EDGE_CURVE('',#1451,#1448,#68,.F.);
#1127=EDGE_CURVE('',#1452,#1453,#69,.T.);
#1128=EDGE_CURVE('',#1453,#1454,#70,.T.);
#1129=EDGE_CURVE('',#1455,#1454,#71,.T.);
#1130=EDGE_CURVE('',#1455,#1452,#72,.F.);
#1131=EDGE_CURVE('',#1456,#1457,#1666,.T.);
#1132=EDGE_CURVE('',#1457,#1458,#73,.F.);
#1133=EDGE_CURVE('',#1459,#1458,#1667,.T.);
#1134=EDGE_CURVE('',#1459,#1456,#74,.T.);
#1135=EDGE_CURVE('',#1460,#1461,#75,.T.);
#1136=EDGE_CURVE('',#1461,#1462,#76,.F.);
#1137=EDGE_CURVE('',#1463,#1462,#77,.T.);
#1138=EDGE_CURVE('',#1463,#1460,#78,.F.);
#1139=EDGE_CURVE('',#1464,#1465,#79,.T.);
#1140=EDGE_CURVE('',#1464,#1466,#80,.F.);
#1141=EDGE_CURVE('',#1466,#1467,#81,.T.);
#1142=EDGE_CURVE('',#1467,#1465,#82,.T.);
#1143=EDGE_CURVE('',#1468,#1469,#1668,.T.);
#1144=EDGE_CURVE('',#1469,#1470,#83,.T.);
#1145=EDGE_CURVE('',#1471,#1470,#1669,.T.);
#1146=EDGE_CURVE('',#1468,#1471,#84,.T.);
#1147=EDGE_CURVE('',#1472,#1473,#85,.T.);
#1148=EDGE_CURVE('',#1474,#1472,#1670,.T.);
#1149=EDGE_CURVE('',#1474,#1475,#86,.T.);
#1150=EDGE_CURVE('',#1475,#1473,#1671,.T.);
#1151=EDGE_CURVE('',#1476,#1477,#87,.T.);
#1152=EDGE_CURVE('',#1476,#1478,#88,.F.);
#1153=EDGE_CURVE('',#1478,#1479,#89,.T.);
#1154=EDGE_CURVE('',#1477,#1479,#90,.T.);
#1155=EDGE_CURVE('',#1480,#1447,#91,.T.);
#1156=EDGE_CURVE('',#1480,#1481,#92,.T.);
#1157=EDGE_CURVE('',#1481,#1445,#93,.T.);
#1158=EDGE_CURVE('',#1482,#1483,#1672,.T.);
#1159=EDGE_CURVE('',#1484,#1483,#94,.T.);
#1160=EDGE_CURVE('',#1485,#1484,#1673,.T.);
#1161=EDGE_CURVE('',#1485,#1482,#95,.T.);
#1162=EDGE_CURVE('',#1483,#1486,#1674,.T.);
#1163=EDGE_CURVE('',#1486,#1487,#96,.F.);
#1164=EDGE_CURVE('',#1484,#1487,#1675,.T.);
#1165=EDGE_CURVE('',#1488,#1489,#97,.T.);
#1166=EDGE_CURVE('',#1488,#1490,#98,.F.);
#1167=EDGE_CURVE('',#1490,#1491,#99,.T.);
#1168=EDGE_CURVE('',#1489,#1491,#100,.T.);
#1169=EDGE_CURVE('',#1491,#1492,#1676,.T.);
#1170=EDGE_CURVE('',#1493,#1492,#101,.T.);
#1171=EDGE_CURVE('',#1489,#1493,#1677,.T.);
#1172=EDGE_CURVE('',#1494,#1492,#102,.T.);
#1173=EDGE_CURVE('',#1495,#1494,#103,.T.);
#1174=EDGE_CURVE('',#1495,#1493,#104,.T.);
#1175=EDGE_CURVE('',#1494,#1496,#1678,.T.);
#1176=EDGE_CURVE('',#1497,#1496,#105,.T.);
#1177=EDGE_CURVE('',#1495,#1497,#1679,.T.);
#1178=EDGE_CURVE('',#1496,#1498,#106,.T.);
#1179=EDGE_CURVE('',#1499,#1498,#107,.T.);
#1180=EDGE_CURVE('',#1497,#1499,#108,.T.);
#1181=EDGE_CURVE('',#1498,#1500,#1680,.T.);
#1182=EDGE_CURVE('',#1501,#1500,#109,.T.);
#1183=EDGE_CURVE('',#1499,#1501,#1681,.T.);
#1184=EDGE_CURVE('',#1471,#1502,#110,.T.);
#1185=EDGE_CURVE('',#1502,#1503,#111,.T.);
#1186=EDGE_CURVE('',#1468,#1503,#112,.T.);
#1187=EDGE_CURVE('',#1504,#1505,#1682,.T.);
#1188=EDGE_CURVE('',#1504,#1506,#113,.F.);
#1189=EDGE_CURVE('',#1506,#1507,#1683,.T.);
#1190=EDGE_CURVE('',#1507,#1505,#114,.T.);
#1191=EDGE_CURVE('',#1474,#1508,#115,.T.);
#1192=EDGE_CURVE('',#1508,#1509,#116,.T.);
#1193=EDGE_CURVE('',#1475,#1509,#117,.T.);
#1194=EDGE_CURVE('',#1479,#1510,#1684,.T.);
#1195=EDGE_CURVE('',#1510,#1511,#118,.F.);
#1196=EDGE_CURVE('',#1477,#1511,#1685,.T.);
#1197=EDGE_CURVE('',#1512,#1513,#119,.T.);
#1198=EDGE_CURVE('',#1512,#1514,#120,.F.);
#1199=EDGE_CURVE('',#1514,#1515,#121,.T.);
#1200=EDGE_CURVE('',#1515,#1513,#122,.T.);
#1201=EDGE_CURVE('',#1516,#1517,#1686,.T.);
#1202=EDGE_CURVE('',#1516,#1518,#123,.T.);
#1203=EDGE_CURVE('',#1518,#1519,#1687,.T.);
#1204=EDGE_CURVE('',#1517,#1519,#124,.T.);
#1205=EDGE_CURVE('',#1520,#1519,#1688,.T.);
#1206=EDGE_CURVE('',#1521,#1520,#125,.T.);
#1207=EDGE_CURVE('',#1521,#1517,#1689,.T.);
#1208=EDGE_CURVE('',#1522,#1520,#126,.T.);
#1209=EDGE_CURVE('',#1523,#1522,#127,.T.);
#1210=EDGE_CURVE('',#1523,#1521,#128,.T.);
#1211=EDGE_CURVE('',#1524,#1522,#1690,.T.);
#1212=EDGE_CURVE('',#1525,#1524,#129,.T.);
#1213=EDGE_CURVE('',#1525,#1523,#1691,.T.);
#1214=EDGE_CURVE('',#1526,#1524,#130,.T.);
#1215=EDGE_CURVE('',#1527,#1526,#131,.T.);
#1216=EDGE_CURVE('',#1527,#1525,#132,.T.);
#1217=EDGE_CURVE('',#1528,#1526,#1692,.T.);
#1218=EDGE_CURVE('',#1529,#1528,#133,.T.);
#1219=EDGE_CURVE('',#1529,#1527,#1693,.T.);
#1220=EDGE_CURVE('',#1528,#1530,#134,.T.);
#1221=EDGE_CURVE('',#1531,#1530,#135,.T.);
#1222=EDGE_CURVE('',#1529,#1531,#136,.T.);
#1223=EDGE_CURVE('',#1532,#1532,#1694,.T.);
#1224=EDGE_CURVE('',#1533,#1533,#1695,.T.);
#1225=EDGE_CURVE('',#1500,#1482,#137,.T.);
#1226=EDGE_CURVE('',#1501,#1485,#138,.T.);
#1227=EDGE_CURVE('',#1534,#1534,#1696,.T.);
#1228=EDGE_CURVE('',#1535,#1535,#1697,.T.);
#1229=EDGE_CURVE('',#1513,#1530,#1698,.T.);
#1230=EDGE_CURVE('',#1515,#1531,#1699,.T.);
#1231=EDGE_CURVE('',#1536,#1536,#1700,.T.);
#1232=EDGE_CURVE('',#1537,#1537,#1701,.T.);
#1233=EDGE_CURVE('',#1538,#1539,#139,.T.);
#1234=EDGE_CURVE('',#1538,#1444,#1702,.F.);
#1235=EDGE_CURVE('',#1481,#1540,#1703,.F.);
#1236=EDGE_CURVE('',#1540,#1541,#140,.T.);
#1237=EDGE_CURVE('',#1541,#1539,#1704,.F.);
#1238=EDGE_CURVE('',#1542,#1543,#141,.T.);
#1239=EDGE_CURVE('',#1542,#1455,#1705,.F.);
#1240=EDGE_CURVE('',#1454,#1544,#1706,.F.);
#1241=EDGE_CURVE('',#1545,#1544,#142,.T.);
#1242=EDGE_CURVE('',#1545,#1543,#1707,.F.);
#1243=EDGE_CURVE('',#1511,#1546,#1708,.F.);
#1244=EDGE_CURVE('',#1546,#1547,#143,.T.);
#1245=EDGE_CURVE('',#1547,#1451,#1709,.F.);
#1246=EDGE_CURVE('',#1450,#1476,#1710,.F.);
#1247=EDGE_CURVE('',#1548,#1549,#144,.T.);
#1248=EDGE_CURVE('',#1548,#1550,#1711,.F.);
#1249=EDGE_CURVE('',#1550,#1551,#145,.T.);
#1250=EDGE_CURVE('',#1551,#1464,#1712,.F.);
#1251=EDGE_CURVE('',#1465,#1549,#1713,.F.);
#1252=EDGE_CURVE('',#1552,#1553,#146,.T.);
#1253=EDGE_CURVE('',#1552,#1554,#1714,.F.);
#1254=EDGE_CURVE('',#1554,#1555,#147,.T.);
#1255=EDGE_CURVE('',#1555,#1463,#1715,.F.);
#1256=EDGE_CURVE('',#1462,#1553,#1716,.F.);
#1257=EDGE_CURVE('',#1556,#1557,#148,.T.);
#1258=EDGE_CURVE('',#1558,#1556,#1717,.T.);
#1259=EDGE_CURVE('',#1558,#1559,#149,.T.);
#1260=EDGE_CURVE('',#1559,#1560,#1718,.F.);
#1261=EDGE_CURVE('',#1560,#1561,#1719,.T.);
#1262=EDGE_CURVE('',#1561,#1562,#1720,.F.);
#1263=EDGE_CURVE('',#1562,#1563,#1721,.T.);
#1264=EDGE_CURVE('',#1563,#1557,#1722,.F.);
#1265=EDGE_CURVE('',#1564,#1565,#150,.T.);
#1266=EDGE_CURVE('',#1566,#1564,#151,.T.);
#1267=EDGE_CURVE('',#1567,#1566,#152,.T.);
#1268=EDGE_CURVE('',#1568,#1567,#153,.T.);
#1269=EDGE_CURVE('',#1569,#1568,#154,.T.);
#1270=EDGE_CURVE('',#1565,#1569,#155,.T.);
#1271=EDGE_CURVE('',#1570,#1570,#1723,.T.);
#1272=EDGE_CURVE('',#1571,#1571,#1724,.T.);
#1273=EDGE_CURVE('',#1458,#1572,#1725,.F.);
#1274=EDGE_CURVE('',#1572,#1573,#156,.T.);
#1275=EDGE_CURVE('',#1573,#1574,#1726,.F.);
#1276=EDGE_CURVE('',#1575,#1574,#157,.T.);
#1277=EDGE_CURVE('',#1575,#1576,#1727,.F.);
#1278=EDGE_CURVE('',#1576,#1577,#158,.T.);
#1279=EDGE_CURVE('',#1577,#1459,#1728,.F.);
#1280=EDGE_CURVE('',#1487,#1488,#1729,.F.);
#1281=EDGE_CURVE('',#1506,#1508,#1730,.T.);
#1282=EDGE_CURVE('',#1578,#1472,#159,.T.);
#1283=EDGE_CURVE('',#1578,#1579,#160,.T.);
#1284=EDGE_CURVE('',#1579,#1580,#1731,.T.);
#1285=EDGE_CURVE('',#1581,#1580,#161,.T.);
#1286=EDGE_CURVE('',#1581,#1582,#1732,.T.);
#1287=EDGE_CURVE('',#1582,#1469,#162,.T.);
#1288=EDGE_CURVE('',#1503,#1507,#1733,.T.);
#1289=EDGE_CURVE('',#1514,#1516,#1734,.F.);
#1290=EDGE_CURVE('',#1583,#1584,#163,.T.);
#1291=EDGE_CURVE('',#1584,#1585,#1735,.F.);
#1292=EDGE_CURVE('',#1585,#1586,#164,.T.);
#1293=EDGE_CURVE('',#1586,#1587,#1736,.F.);
#1294=EDGE_CURVE('',#1587,#1588,#165,.T.);
#1295=EDGE_CURVE('',#1588,#1583,#1737,.F.);
#1296=EDGE_CURVE('',#1589,#1590,#166,.T.);
#1297=EDGE_CURVE('',#1589,#1591,#1738,.F.);
#1298=EDGE_CURVE('',#1591,#1592,#167,.T.);
#1299=EDGE_CURVE('',#1592,#1593,#1739,.F.);
#1300=EDGE_CURVE('',#1593,#1594,#168,.T.);
#1301=EDGE_CURVE('',#1594,#1590,#1740,.F.);
#1302=EDGE_CURVE('',#1595,#1596,#169,.T.);
#1303=EDGE_CURVE('',#1595,#1597,#1741,.F.);
#1304=EDGE_CURVE('',#1598,#1597,#170,.T.);
#1305=EDGE_CURVE('',#1598,#1599,#1742,.F.);
#1306=EDGE_CURVE('',#1599,#1600,#171,.T.);
#1307=EDGE_CURVE('',#1600,#1596,#1743,.F.);
#1308=EDGE_CURVE('',#1446,#1601,#1744,.T.);
#1309=EDGE_CURVE('',#1601,#1602,#172,.T.);
#1310=EDGE_CURVE('',#1602,#1603,#1745,.T.);
#1311=EDGE_CURVE('',#1604,#1603,#173,.T.);
#1312=EDGE_CURVE('',#1604,#1480,#1746,.T.);
#1313=EDGE_CURVE('',#1466,#1605,#1747,.T.);
#1314=EDGE_CURVE('',#1606,#1605,#174,.T.);
#1315=EDGE_CURVE('',#1606,#1607,#1748,.T.);
#1316=EDGE_CURVE('',#1607,#1608,#175,.T.);
#1317=EDGE_CURVE('',#1608,#1467,#1749,.T.);
#1318=EDGE_CURVE('',#1460,#1609,#1750,.T.);
#1319=EDGE_CURVE('',#1610,#1609,#176,.T.);
#1320=EDGE_CURVE('',#1610,#1611,#1751,.T.);
#1321=EDGE_CURVE('',#1611,#1612,#177,.T.);
#1322=EDGE_CURVE('',#1612,#1461,#1752,.T.);
#1323=EDGE_CURVE('',#1452,#1613,#1753,.T.);
#1324=EDGE_CURVE('',#1613,#1614,#178,.T.);
#1325=EDGE_CURVE('',#1614,#1615,#1754,.T.);
#1326=EDGE_CURVE('',#1615,#1616,#179,.T.);
#1327=EDGE_CURVE('',#1616,#1453,#1755,.T.);
#1328=EDGE_CURVE('',#1448,#1617,#1756,.T.);
#1329=EDGE_CURVE('',#1618,#1617,#180,.T.);
#1330=EDGE_CURVE('',#1618,#1510,#1757,.T.);
#1331=EDGE_CURVE('',#1478,#1449,#1758,.T.);
#1332=EDGE_CURVE('',#1456,#1619,#1759,.T.);
#1333=EDGE_CURVE('',#1620,#1619,#181,.T.);
#1334=EDGE_CURVE('',#1620,#1621,#1760,.T.);
#1335=EDGE_CURVE('',#1621,#1622,#182,.T.);
#1336=EDGE_CURVE('',#1622,#1623,#1761,.T.);
#1337=EDGE_CURVE('',#1624,#1623,#183,.T.);
#1338=EDGE_CURVE('',#1624,#1457,#1762,.T.);
#1339=EDGE_CURVE('',#1625,#1626,#184,.T.);
#1340=EDGE_CURVE('',#1626,#1627,#185,.T.);
#1341=EDGE_CURVE('',#1627,#1628,#186,.T.);
#1342=EDGE_CURVE('',#1628,#1629,#187,.T.);
#1343=EDGE_CURVE('',#1629,#1630,#188,.T.);
#1344=EDGE_CURVE('',#1630,#1625,#189,.T.);
#1345=EDGE_CURVE('',#1631,#1631,#1763,.T.);
#1346=EDGE_CURVE('',#1632,#1632,#1764,.T.);
#1347=EDGE_CURVE('',#1633,#1634,#190,.T.);
#1348=EDGE_CURVE('',#1633,#1635,#1765,.T.);
#1349=EDGE_CURVE('',#1635,#1636,#191,.T.);
#1350=EDGE_CURVE('',#1636,#1637,#1766,.T.);
#1351=EDGE_CURVE('',#1638,#1637,#1767,.T.);
#1352=EDGE_CURVE('',#1638,#1639,#1768,.T.);
#1353=EDGE_CURVE('',#1640,#1639,#1769,.T.);
#1354=EDGE_CURVE('',#1640,#1634,#1770,.T.);
#1355=EDGE_CURVE('',#1509,#1504,#1771,.F.);
#1356=EDGE_CURVE('',#1505,#1502,#1772,.F.);
#1357=EDGE_CURVE('',#1641,#1470,#192,.T.);
#1358=EDGE_CURVE('',#1642,#1641,#1773,.T.);
#1359=EDGE_CURVE('',#1642,#1643,#193,.T.);
#1360=EDGE_CURVE('',#1644,#1643,#1774,.T.);
#1361=EDGE_CURVE('',#1645,#1644,#194,.T.);
#1362=EDGE_CURVE('',#1645,#1473,#195,.T.);
#1363=EDGE_CURVE('',#1518,#1512,#1775,.T.);
#1364=EDGE_CURVE('',#1490,#1486,#1776,.T.);
#1365=EDGE_CURVE('',#1646,#1647,#196,.T.);
#1366=EDGE_CURVE('',#1646,#1648,#1777,.T.);
#1367=EDGE_CURVE('',#1649,#1648,#197,.T.);
#1368=EDGE_CURVE('',#1649,#1650,#1778,.T.);
#1369=EDGE_CURVE('',#1651,#1650,#198,.T.);
#1370=EDGE_CURVE('',#1651,#1647,#1779,.T.);
#1371=EDGE_CURVE('',#1652,#1653,#199,.T.);
#1372=EDGE_CURVE('',#1652,#1654,#1780,.T.);
#1373=EDGE_CURVE('',#1654,#1655,#200,.T.);
#1374=EDGE_CURVE('',#1655,#1656,#1781,.T.);
#1375=EDGE_CURVE('',#1657,#1656,#201,.T.);
#1376=EDGE_CURVE('',#1657,#1653,#1782,.T.);
#1377=EDGE_CURVE('',#1658,#1659,#202,.T.);
#1378=EDGE_CURVE('',#1659,#1660,#1783,.T.);
#1379=EDGE_CURVE('',#1660,#1661,#203,.T.);
#1380=EDGE_CURVE('',#1661,#1662,#1784,.T.);
#1381=EDGE_CURVE('',#1663,#1662,#204,.T.);
#1382=EDGE_CURVE('',#1663,#1658,#1785,.T.);
#1383=EDGE_CURVE('',#1623,#1573,#205,.T.);
#1384=EDGE_CURVE('',#1572,#1624,#206,.F.);
#1385=EDGE_CURVE('',#1560,#1640,#207,.T.);
#1386=EDGE_CURVE('',#1639,#1561,#208,.F.);
#1387=EDGE_CURVE('',#1637,#1563,#209,.F.);
#1388=EDGE_CURVE('',#1562,#1638,#210,.T.);
#1389=EDGE_CURVE('',#1578,#1645,#211,.T.);
#1390=EDGE_CURVE('',#1579,#1644,#212,.T.);
#1391=EDGE_CURVE('',#1580,#1643,#213,.T.);
#1392=EDGE_CURVE('',#1581,#1642,#214,.T.);
#1393=EDGE_CURVE('',#1582,#1641,#215,.T.);
#1394=EDGE_CURVE('',#1540,#1604,#216,.F.);
#1395=EDGE_CURVE('',#1603,#1541,#217,.T.);
#1396=EDGE_CURVE('',#1634,#1559,#218,.T.);
#1397=EDGE_CURVE('',#1558,#1633,#219,.F.);
#1398=EDGE_CURVE('',#1626,#1564,#220,.T.);
#1399=EDGE_CURVE('',#1627,#1565,#221,.T.);
#1400=EDGE_CURVE('',#1628,#1569,#222,.T.);
#1401=EDGE_CURVE('',#1629,#1568,#223,.T.);
#1402=EDGE_CURVE('',#1630,#1567,#224,.T.);
#1403=EDGE_CURVE('',#1625,#1566,#225,.T.);
#1404=EDGE_CURVE('',#1576,#1620,#226,.F.);
#1405=EDGE_CURVE('',#1619,#1577,#227,.F.);
#1406=EDGE_CURVE('',#1557,#1636,#228,.F.);
#1407=EDGE_CURVE('',#1635,#1556,#229,.T.);
#1408=EDGE_CURVE('',#1660,#1595,#230,.T.);
#1409=EDGE_CURVE('',#1596,#1661,#231,.F.);
#1410=EDGE_CURVE('',#1658,#1598,#232,.T.);
#1411=EDGE_CURVE('',#1597,#1659,#233,.F.);
#1412=EDGE_CURVE('',#1653,#1592,#234,.T.);
#1413=EDGE_CURVE('',#1591,#1652,#235,.F.);
#1414=EDGE_CURVE('',#1593,#1657,#236,.F.);
#1415=EDGE_CURVE('',#1656,#1594,#237,.T.);
#1416=EDGE_CURVE('',#1647,#1586,#238,.T.);
#1417=EDGE_CURVE('',#1585,#1646,#239,.F.);
#1418=EDGE_CURVE('',#1587,#1651,#240,.F.);
#1419=EDGE_CURVE('',#1650,#1588,#241,.T.);
#1420=EDGE_CURVE('',#1553,#1612,#242,.T.);
#1421=EDGE_CURVE('',#1611,#1552,#243,.T.);
#1422=EDGE_CURVE('',#1609,#1555,#244,.T.);
#1423=EDGE_CURVE('',#1554,#1610,#245,.F.);
#1424=EDGE_CURVE('',#1607,#1548,#246,.T.);
#1425=EDGE_CURVE('',#1549,#1608,#247,.F.);
#1426=EDGE_CURVE('',#1605,#1551,#248,.T.);
#1427=EDGE_CURVE('',#1550,#1606,#249,.F.);
#1428=EDGE_CURVE('',#1601,#1538,#250,.T.);
#1429=EDGE_CURVE('',#1539,#1602,#251,.F.);
#1430=EDGE_CURVE('',#1546,#1618,#252,.T.);
#1431=EDGE_CURVE('',#1617,#1547,#253,.T.);
#1432=EDGE_CURVE('',#1544,#1616,#254,.F.);
#1433=EDGE_CURVE('',#1615,#1545,#255,.T.);
#1434=EDGE_CURVE('',#1613,#1542,#256,.T.);
#1435=EDGE_CURVE('',#1543,#1614,#257,.F.);
#1436=EDGE_CURVE('',#1590,#1655,#258,.F.);
#1437=EDGE_CURVE('',#1654,#1589,#259,.T.);
#1438=EDGE_CURVE('',#1583,#1649,#260,.F.);
#1439=EDGE_CURVE('',#1648,#1584,#261,.T.);
#1440=EDGE_CURVE('',#1621,#1575,#262,.T.);
#1441=EDGE_CURVE('',#1574,#1622,#263,.F.);
#1442=EDGE_CURVE('',#1599,#1663,#264,.F.);
#1443=EDGE_CURVE('',#1662,#1600,#265,.T.);
#1444=VERTEX_POINT('',#3188);
#1445=VERTEX_POINT('',#3189);
#1446=VERTEX_POINT('',#3191);
#1447=VERTEX_POINT('',#3193);
#1448=VERTEX_POINT('',#3197);
#1449=VERTEX_POINT('',#3198);
#1450=VERTEX_POINT('',#3200);
#1451=VERTEX_POINT('',#3202);
#1452=VERTEX_POINT('',#3206);
#1453=VERTEX_POINT('',#3207);
#1454=VERTEX_POINT('',#3209);
#1455=VERTEX_POINT('',#3211);
#1456=VERTEX_POINT('',#3215);
#1457=VERTEX_POINT('',#3216);
#1458=VERTEX_POINT('',#3218);
#1459=VERTEX_POINT('',#3220);
#1460=VERTEX_POINT('',#3224);
#1461=VERTEX_POINT('',#3225);
#1462=VERTEX_POINT('',#3227);
#1463=VERTEX_POINT('',#3229);
#1464=VERTEX_POINT('',#3233);
#1465=VERTEX_POINT('',#3234);
#1466=VERTEX_POINT('',#3236);
#1467=VERTEX_POINT('',#3238);
#1468=VERTEX_POINT('',#3242);
#1469=VERTEX_POINT('',#3243);
#1470=VERTEX_POINT('',#3245);
#1471=VERTEX_POINT('',#3247);
#1472=VERTEX_POINT('',#3251);
#1473=VERTEX_POINT('',#3252);
#1474=VERTEX_POINT('',#3254);
#1475=VERTEX_POINT('',#3256);
#1476=VERTEX_POINT('',#3260);
#1477=VERTEX_POINT('',#3261);
#1478=VERTEX_POINT('',#3263);
#1479=VERTEX_POINT('',#3265);
#1480=VERTEX_POINT('',#3269);
#1481=VERTEX_POINT('',#3271);
#1482=VERTEX_POINT('',#3275);
#1483=VERTEX_POINT('',#3276);
#1484=VERTEX_POINT('',#3278);
#1485=VERTEX_POINT('',#3280);
#1486=VERTEX_POINT('',#3284);
#1487=VERTEX_POINT('',#3286);
#1488=VERTEX_POINT('',#3290);
#1489=VERTEX_POINT('',#3291);
#1490=VERTEX_POINT('',#3293);
#1491=VERTEX_POINT('',#3295);
#1492=VERTEX_POINT('',#3299);
#1493=VERTEX_POINT('',#3301);
#1494=VERTEX_POINT('',#3305);
#1495=VERTEX_POINT('',#3307);
#1496=VERTEX_POINT('',#3311);
#1497=VERTEX_POINT('',#3313);
#1498=VERTEX_POINT('',#3317);
#1499=VERTEX_POINT('',#3319);
#1500=VERTEX_POINT('',#3323);
#1501=VERTEX_POINT('',#3325);
#1502=VERTEX_POINT('',#3329);
#1503=VERTEX_POINT('',#3331);
#1504=VERTEX_POINT('',#3335);
#1505=VERTEX_POINT('',#3336);
#1506=VERTEX_POINT('',#3338);
#1507=VERTEX_POINT('',#3340);
#1508=VERTEX_POINT('',#3344);
#1509=VERTEX_POINT('',#3346);
#1510=VERTEX_POINT('',#3350);
#1511=VERTEX_POINT('',#3352);
#1512=VERTEX_POINT('',#3356);
#1513=VERTEX_POINT('',#3357);
#1514=VERTEX_POINT('',#3359);
#1515=VERTEX_POINT('',#3361);
#1516=VERTEX_POINT('',#3365);
#1517=VERTEX_POINT('',#3366);
#1518=VERTEX_POINT('',#3368);
#1519=VERTEX_POINT('',#3370);
#1520=VERTEX_POINT('',#3374);
#1521=VERTEX_POINT('',#3376);
#1522=VERTEX_POINT('',#3380);
#1523=VERTEX_POINT('',#3382);
#1524=VERTEX_POINT('',#3386);
#1525=VERTEX_POINT('',#3388);
#1526=VERTEX_POINT('',#3392);
#1527=VERTEX_POINT('',#3394);
#1528=VERTEX_POINT('',#3398);
#1529=VERTEX_POINT('',#3400);
#1530=VERTEX_POINT('',#3404);
#1531=VERTEX_POINT('',#3406);
#1532=VERTEX_POINT('',#3410);
#1533=VERTEX_POINT('',#3412);
#1534=VERTEX_POINT('',#3418);
#1535=VERTEX_POINT('',#3420);
#1536=VERTEX_POINT('',#3426);
#1537=VERTEX_POINT('',#3428);
#1538=VERTEX_POINT('',#3431);
#1539=VERTEX_POINT('',#3432);
#1540=VERTEX_POINT('',#3435);
#1541=VERTEX_POINT('',#3437);
#1542=VERTEX_POINT('',#3440);
#1543=VERTEX_POINT('',#3441);
#1544=VERTEX_POINT('',#3444);
#1545=VERTEX_POINT('',#3446);
#1546=VERTEX_POINT('',#3449);
#1547=VERTEX_POINT('',#3451);
#1548=VERTEX_POINT('',#3455);
#1549=VERTEX_POINT('',#3456);
#1550=VERTEX_POINT('',#3458);
#1551=VERTEX_POINT('',#3460);
#1552=VERTEX_POINT('',#3464);
#1553=VERTEX_POINT('',#3465);
#1554=VERTEX_POINT('',#3467);
#1555=VERTEX_POINT('',#3469);
#1556=VERTEX_POINT('',#3473);
#1557=VERTEX_POINT('',#3474);
#1558=VERTEX_POINT('',#3476);
#1559=VERTEX_POINT('',#3478);
#1560=VERTEX_POINT('',#3480);
#1561=VERTEX_POINT('',#3482);
#1562=VERTEX_POINT('',#3484);
#1563=VERTEX_POINT('',#3486);
#1564=VERTEX_POINT('',#3489);
#1565=VERTEX_POINT('',#3490);
#1566=VERTEX_POINT('',#3492);
#1567=VERTEX_POINT('',#3494);
#1568=VERTEX_POINT('',#3496);
#1569=VERTEX_POINT('',#3498);
#1570=VERTEX_POINT('',#3501);
#1571=VERTEX_POINT('',#3503);
#1572=VERTEX_POINT('',#3505);
#1573=VERTEX_POINT('',#3507);
#1574=VERTEX_POINT('',#3509);
#1575=VERTEX_POINT('',#3511);
#1576=VERTEX_POINT('',#3513);
#1577=VERTEX_POINT('',#3515);
#1578=VERTEX_POINT('',#3520);
#1579=VERTEX_POINT('',#3522);
#1580=VERTEX_POINT('',#3524);
#1581=VERTEX_POINT('',#3526);
#1582=VERTEX_POINT('',#3528);
#1583=VERTEX_POINT('',#3533);
#1584=VERTEX_POINT('',#3534);
#1585=VERTEX_POINT('',#3536);
#1586=VERTEX_POINT('',#3538);
#1587=VERTEX_POINT('',#3540);
#1588=VERTEX_POINT('',#3542);
#1589=VERTEX_POINT('',#3545);
#1590=VERTEX_POINT('',#3546);
#1591=VERTEX_POINT('',#3548);
#1592=VERTEX_POINT('',#3550);
#1593=VERTEX_POINT('',#3552);
#1594=VERTEX_POINT('',#3554);
#1595=VERTEX_POINT('',#3557);
#1596=VERTEX_POINT('',#3558);
#1597=VERTEX_POINT('',#3560);
#1598=VERTEX_POINT('',#3562);
#1599=VERTEX_POINT('',#3564);
#1600=VERTEX_POINT('',#3566);
#1601=VERTEX_POINT('',#3570);
#1602=VERTEX_POINT('',#3572);
#1603=VERTEX_POINT('',#3574);
#1604=VERTEX_POINT('',#3576);
#1605=VERTEX_POINT('',#3579);
#1606=VERTEX_POINT('',#3581);
#1607=VERTEX_POINT('',#3583);
#1608=VERTEX_POINT('',#3585);
#1609=VERTEX_POINT('',#3588);
#1610=VERTEX_POINT('',#3590);
#1611=VERTEX_POINT('',#3592);
#1612=VERTEX_POINT('',#3594);
#1613=VERTEX_POINT('',#3597);
#1614=VERTEX_POINT('',#3599);
#1615=VERTEX_POINT('',#3601);
#1616=VERTEX_POINT('',#3603);
#1617=VERTEX_POINT('',#3606);
#1618=VERTEX_POINT('',#3608);
#1619=VERTEX_POINT('',#3612);
#1620=VERTEX_POINT('',#3614);
#1621=VERTEX_POINT('',#3616);
#1622=VERTEX_POINT('',#3618);
#1623=VERTEX_POINT('',#3620);
#1624=VERTEX_POINT('',#3622);
#1625=VERTEX_POINT('',#3625);
#1626=VERTEX_POINT('',#3626);
#1627=VERTEX_POINT('',#3628);
#1628=VERTEX_POINT('',#3630);
#1629=VERTEX_POINT('',#3632);
#1630=VERTEX_POINT('',#3634);
#1631=VERTEX_POINT('',#3637);
#1632=VERTEX_POINT('',#3639);
#1633=VERTEX_POINT('',#3641);
#1634=VERTEX_POINT('',#3642);
#1635=VERTEX_POINT('',#3644);
#1636=VERTEX_POINT('',#3646);
#1637=VERTEX_POINT('',#3648);
#1638=VERTEX_POINT('',#3650);
#1639=VERTEX_POINT('',#3652);
#1640=VERTEX_POINT('',#3654);
#1641=VERTEX_POINT('',#3659);
#1642=VERTEX_POINT('',#3661);
#1643=VERTEX_POINT('',#3663);
#1644=VERTEX_POINT('',#3665);
#1645=VERTEX_POINT('',#3667);
#1646=VERTEX_POINT('',#3672);
#1647=VERTEX_POINT('',#3673);
#1648=VERTEX_POINT('',#3675);
#1649=VERTEX_POINT('',#3677);
#1650=VERTEX_POINT('',#3679);
#1651=VERTEX_POINT('',#3681);
#1652=VERTEX_POINT('',#3684);
#1653=VERTEX_POINT('',#3685);
#1654=VERTEX_POINT('',#3687);
#1655=VERTEX_POINT('',#3689);
#1656=VERTEX_POINT('',#3691);
#1657=VERTEX_POINT('',#3693);
#1658=VERTEX_POINT('',#3696);
#1659=VERTEX_POINT('',#3697);
#1660=VERTEX_POINT('',#3699);
#1661=VERTEX_POINT('',#3701);
#1662=VERTEX_POINT('',#3703);
#1663=VERTEX_POINT('',#3705);
#1664=CIRCLE('',#2279,0.0125);
#1665=CIRCLE('',#2280,0.0125);
#1666=CIRCLE('',#2284,0.005);
#1667=CIRCLE('',#2285,0.005);
#1668=CIRCLE('',#2289,0.005);
#1669=CIRCLE('',#2290,0.005);
#1670=CIRCLE('',#2292,0.005);
#1671=CIRCLE('',#2293,0.005);
#1672=CIRCLE('',#2297,0.0015);
#1673=CIRCLE('',#2298,0.0015);
#1674=CIRCLE('',#2300,0.005);
#1675=CIRCLE('',#2301,0.005);
#1676=CIRCLE('',#2304,0.0015);
#1677=CIRCLE('',#2305,0.0015);
#1678=CIRCLE('',#2308,0.0015);
#1679=CIRCLE('',#2309,0.0015);
#1680=CIRCLE('',#2312,0.0015);
#1681=CIRCLE('',#2313,0.0015);
#1682=CIRCLE('',#2316,0.009);
#1683=CIRCLE('',#2317,0.009);
#1684=CIRCLE('',#2320,0.0125);
#1685=CIRCLE('',#2321,0.0125);
#1686=CIRCLE('',#2324,0.005);
#1687=CIRCLE('',#2325,0.005);
#1688=CIRCLE('',#2327,0.0015);
#1689=CIRCLE('',#2328,0.0015);
#1690=CIRCLE('',#2331,0.0015);
#1691=CIRCLE('',#2332,0.0015);
#1692=CIRCLE('',#2335,0.0015);
#1693=CIRCLE('',#2336,0.0015);
#1694=CIRCLE('',#2339,0.007);
#1695=CIRCLE('',#2340,0.007);
#1696=CIRCLE('',#2343,0.00215);
#1697=CIRCLE('',#2344,0.00215);
#1698=CIRCLE('',#2346,0.0015);
#1699=CIRCLE('',#2347,0.0015);
#1700=CIRCLE('',#2349,0.00215);
#1701=CIRCLE('',#2350,0.00215);
#1702=CIRCLE('',#2352,0.0015);
#1703=CIRCLE('',#2353,0.0015);
#1704=CIRCLE('',#2354,0.0015);
#1705=CIRCLE('',#2355,0.0015);
#1706=CIRCLE('',#2356,0.0015);
#1707=CIRCLE('',#2357,0.0015);
#1708=CIRCLE('',#2358,0.0015);
#1709=CIRCLE('',#2359,0.0015);
#1710=CIRCLE('',#2360,0.0015);
#1711=CIRCLE('',#2361,0.0015);
#1712=CIRCLE('',#2362,0.0015);
#1713=CIRCLE('',#2363,0.0015);
#1714=CIRCLE('',#2364,0.0015);
#1715=CIRCLE('',#2365,0.0015);
#1716=CIRCLE('',#2366,0.001);
#1717=CIRCLE('',#2367,0.00116608346721421);
#1718=CIRCLE('',#2368,0.0015);
#1719=CIRCLE('',#2369,0.008);
#1720=CIRCLE('',#2370,0.0015);
#1721=CIRCLE('',#2371,0.005);
#1722=CIRCLE('',#2372,0.0015);
#1723=CIRCLE('',#2373,0.00215);
#1724=CIRCLE('',#2374,0.00215);
#1725=CIRCLE('',#2375,0.0015);
#1726=CIRCLE('',#2376,0.0015);
#1727=CIRCLE('',#2377,0.002);
#1728=CIRCLE('',#2378,0.0015);
#1729=CIRCLE('',#2379,0.0015);
#1730=CIRCLE('',#2380,0.0015);
#1731=CIRCLE('',#2381,0.008);
#1732=CIRCLE('',#2382,0.00500000000000036);
#1733=CIRCLE('',#2383,0.0015);
#1734=CIRCLE('',#2384,0.0015);
#1735=CIRCLE('',#2385,0.0015);
#1736=CIRCLE('',#2386,0.0015);
#1737=CIRCLE('',#2387,0.0015);
#1738=CIRCLE('',#2388,0.0015);
#1739=CIRCLE('',#2389,0.0015);
#1740=CIRCLE('',#2390,0.0015);
#1741=CIRCLE('',#2391,0.0015);
#1742=CIRCLE('',#2392,0.0015);
#1743=CIRCLE('',#2393,0.0015);
#1744=CIRCLE('',#2395,0.0015);
#1745=CIRCLE('',#2396,0.0015);
#1746=CIRCLE('',#2397,0.0015);
#1747=CIRCLE('',#2398,0.0015);
#1748=CIRCLE('',#2399,0.0015);
#1749=CIRCLE('',#2400,0.0015);
#1750=CIRCLE('',#2401,0.0015);
#1751=CIRCLE('',#2402,0.0015);
#1752=CIRCLE('',#2403,0.001);
#1753=CIRCLE('',#2404,0.0015);
#1754=CIRCLE('',#2405,0.0015);
#1755=CIRCLE('',#2406,0.0015);
#1756=CIRCLE('',#2407,0.0015);
#1757=CIRCLE('',#2408,0.0015);
#1758=CIRCLE('',#2409,0.0015);
#1759=CIRCLE('',#2410,0.0015);
#1760=CIRCLE('',#2411,0.002);
#1761=CIRCLE('',#2412,0.0015);
#1762=CIRCLE('',#2413,0.0015);
#1763=CIRCLE('',#2414,0.00215);
#1764=CIRCLE('',#2415,0.00215);
#1765=CIRCLE('',#2416,0.00116608346721421);
#1766=CIRCLE('',#2417,0.0015);
#1767=CIRCLE('',#2418,0.005);
#1768=CIRCLE('',#2419,0.0015);
#1769=CIRCLE('',#2420,0.008);
#1770=CIRCLE('',#2421,0.0015);
#1771=CIRCLE('',#2422,0.0015);
#1772=CIRCLE('',#2423,0.0015);
#1773=CIRCLE('',#2424,0.00500000000000036);
#1774=CIRCLE('',#2425,0.008);
#1775=CIRCLE('',#2426,0.0015);
#1776=CIRCLE('',#2427,0.0015);
#1777=CIRCLE('',#2428,0.0015);
#1778=CIRCLE('',#2429,0.0015);
#1779=CIRCLE('',#2430,0.0015);
#1780=CIRCLE('',#2431,0.0015);
#1781=CIRCLE('',#2432,0.0015);
#1782=CIRCLE('',#2433,0.0015);
#1783=CIRCLE('',#2434,0.0015);
#1784=CIRCLE('',#2435,0.0015);
#1785=CIRCLE('',#2436,0.0015);
#1786=EDGE_LOOP('',(#469,#470,#471,#472));
#1787=EDGE_LOOP('',(#473,#474,#475,#476));
#1788=EDGE_LOOP('',(#477,#478,#479,#480));
#1789=EDGE_LOOP('',(#481,#482,#483,#484));
#1790=EDGE_LOOP('',(#485,#486,#487,#488));
#1791=EDGE_LOOP('',(#489,#490,#491,#492));
#1792=EDGE_LOOP('',(#493,#494,#495,#496));
#1793=EDGE_LOOP('',(#497,#498,#499,#500));
#1794=EDGE_LOOP('',(#501,#502,#503,#504));
#1795=EDGE_LOOP('',(#505,#506,#507,#508));
#1796=EDGE_LOOP('',(#509,#510,#511,#512));
#1797=EDGE_LOOP('',(#513,#514,#515,#516));
#1798=EDGE_LOOP('',(#517,#518,#519,#520));
#1799=EDGE_LOOP('',(#521,#522,#523,#524));
#1800=EDGE_LOOP('',(#525,#526,#527,#528));
#1801=EDGE_LOOP('',(#529,#530,#531,#532));
#1802=EDGE_LOOP('',(#533,#534,#535,#536));
#1803=EDGE_LOOP('',(#537,#538,#539,#540));
#1804=EDGE_LOOP('',(#541,#542,#543,#544));
#1805=EDGE_LOOP('',(#545,#546,#547,#548));
#1806=EDGE_LOOP('',(#549,#550,#551,#552));
#1807=EDGE_LOOP('',(#553,#554,#555,#556));
#1808=EDGE_LOOP('',(#557,#558,#559,#560));
#1809=EDGE_LOOP('',(#561,#562,#563,#564));
#1810=EDGE_LOOP('',(#565,#566,#567,#568));
#1811=EDGE_LOOP('',(#569,#570,#571,#572));
#1812=EDGE_LOOP('',(#573,#574,#575,#576));
#1813=EDGE_LOOP('',(#577,#578,#579,#580));
#1814=EDGE_LOOP('',(#581,#582,#583,#584));
#1815=EDGE_LOOP('',(#585,#586,#587,#588));
#1816=EDGE_LOOP('',(#589));
#1817=EDGE_LOOP('',(#590));
#1818=EDGE_LOOP('',(#591,#592,#593,#594));
#1819=EDGE_LOOP('',(#595));
#1820=EDGE_LOOP('',(#596));
#1821=EDGE_LOOP('',(#597,#598,#599,#600));
#1822=EDGE_LOOP('',(#601));
#1823=EDGE_LOOP('',(#602));
#1824=EDGE_LOOP('',(#603,#604,#605,#606,#607,#608,#609));
#1825=EDGE_LOOP('',(#610,#611,#612,#613,#614,#615));
#1826=EDGE_LOOP('',(#616,#617,#618,#619,#620,#621,#622));
#1827=EDGE_LOOP('',(#623,#624,#625,#626,#627,#628));
#1828=EDGE_LOOP('',(#629,#630,#631,#632,#633,#634));
#1829=EDGE_LOOP('',(#635,#636,#637,#638,#639,#640,#641,#642));
#1830=EDGE_LOOP('',(#643,#644,#645,#646,#647,#648));
#1831=EDGE_LOOP('',(#649));
#1832=EDGE_LOOP('',(#650));
#1833=EDGE_LOOP('',(#651,#652,#653,#654,#655,#656,#657,#658));
#1834=EDGE_LOOP('',(#659,#660,#661,#662,#663,#664,#665,#666,#667,#668));
#1835=EDGE_LOOP('',(#669,#670,#671,#672,#673,#674,#675,#676,#677,#678,#679,
#680,#681));
#1836=EDGE_LOOP('',(#682,#683,#684,#685,#686,#687,#688,#689,#690,#691));
#1837=EDGE_LOOP('',(#692));
#1838=EDGE_LOOP('',(#693));
#1839=EDGE_LOOP('',(#694));
#1840=EDGE_LOOP('',(#695,#696,#697,#698,#699,#700));
#1841=EDGE_LOOP('',(#701,#702,#703,#704,#705,#706));
#1842=EDGE_LOOP('',(#707,#708,#709,#710,#711,#712));
#1843=EDGE_LOOP('',(#713,#714,#715,#716,#717,#718,#719));
#1844=EDGE_LOOP('',(#720,#721,#722,#723,#724,#725));
#1845=EDGE_LOOP('',(#726,#727,#728,#729,#730,#731));
#1846=EDGE_LOOP('',(#732,#733,#734,#735,#736,#737));
#1847=EDGE_LOOP('',(#738,#739,#740,#741,#742,#743,#744));
#1848=EDGE_LOOP('',(#745,#746,#747,#748,#749,#750,#751,#752));
#1849=EDGE_LOOP('',(#753,#754,#755,#756,#757,#758));
#1850=EDGE_LOOP('',(#759));
#1851=EDGE_LOOP('',(#760));
#1852=EDGE_LOOP('',(#761,#762,#763,#764,#765,#766,#767,#768));
#1853=EDGE_LOOP('',(#769,#770,#771,#772,#773,#774,#775,#776,#777,#778,#779,
#780,#781));
#1854=EDGE_LOOP('',(#782,#783,#784,#785,#786,#787,#788,#789,#790,#791));
#1855=EDGE_LOOP('',(#792,#793,#794,#795,#796,#797,#798,#799,#800,#801));
#1856=EDGE_LOOP('',(#802));
#1857=EDGE_LOOP('',(#803));
#1858=EDGE_LOOP('',(#804));
#1859=EDGE_LOOP('',(#805,#806,#807,#808,#809,#810));
#1860=EDGE_LOOP('',(#811,#812,#813,#814,#815,#816));
#1861=EDGE_LOOP('',(#817,#818,#819,#820,#821,#822));
#1862=EDGE_LOOP('',(#823,#824,#825,#826));
#1863=EDGE_LOOP('',(#827,#828,#829,#830));
#1864=EDGE_LOOP('',(#831,#832,#833,#834));
#1865=EDGE_LOOP('',(#835,#836,#837,#838));
#1866=EDGE_LOOP('',(#839,#840,#841,#842));
#1867=EDGE_LOOP('',(#843,#844,#845,#846));
#1868=EDGE_LOOP('',(#847,#848,#849,#850));
#1869=EDGE_LOOP('',(#851,#852,#853,#854));
#1870=EDGE_LOOP('',(#855,#856,#857,#858));
#1871=EDGE_LOOP('',(#859,#860,#861,#862));
#1872=EDGE_LOOP('',(#863,#864,#865,#866));
#1873=EDGE_LOOP('',(#867));
#1874=EDGE_LOOP('',(#868));
#1875=EDGE_LOOP('',(#869));
#1876=EDGE_LOOP('',(#870));
#1877=EDGE_LOOP('',(#871,#872,#873,#874));
#1878=EDGE_LOOP('',(#875,#876,#877,#878));
#1879=EDGE_LOOP('',(#879,#880,#881,#882));
#1880=EDGE_LOOP('',(#883,#884,#885,#886));
#1881=EDGE_LOOP('',(#887,#888,#889,#890));
#1882=EDGE_LOOP('',(#891,#892,#893,#894));
#1883=EDGE_LOOP('',(#895,#896,#897,#898));
#1884=EDGE_LOOP('',(#899,#900,#901,#902));
#1885=EDGE_LOOP('',(#903,#904,#905,#906));
#1886=EDGE_LOOP('',(#907,#908,#909,#910));
#1887=EDGE_LOOP('',(#911,#912,#913,#914));
#1888=EDGE_LOOP('',(#915,#916,#917,#918));
#1889=EDGE_LOOP('',(#919,#920,#921,#922));
#1890=EDGE_LOOP('',(#923,#924,#925,#926));
#1891=EDGE_LOOP('',(#927,#928,#929,#930));
#1892=EDGE_LOOP('',(#931,#932,#933,#934));
#1893=EDGE_LOOP('',(#935,#936,#937,#938));
#1894=EDGE_LOOP('',(#939,#940,#941,#942));
#1895=EDGE_LOOP('',(#943,#944,#945,#946));
#1896=EDGE_LOOP('',(#947,#948,#949,#950));
#1897=EDGE_LOOP('',(#951,#952,#953,#954));
#1898=EDGE_LOOP('',(#955,#956,#957,#958));
#1899=EDGE_LOOP('',(#959,#960,#961,#962));
#1900=EDGE_LOOP('',(#963,#964,#965,#966));
#1901=EDGE_LOOP('',(#967,#968,#969,#970));
#1902=EDGE_LOOP('',(#971,#972,#973,#974));
#1903=EDGE_LOOP('',(#975,#976,#977,#978));
#1904=EDGE_LOOP('',(#979,#980,#981,#982));
#1905=EDGE_LOOP('',(#983,#984,#985,#986));
#1906=EDGE_LOOP('',(#987,#988,#989,#990));
#1907=EDGE_LOOP('',(#991,#992,#993,#994));
#1908=EDGE_LOOP('',(#995,#996,#997,#998));
#1909=EDGE_LOOP('',(#999,#1000,#1001,#1002));
#1910=EDGE_LOOP('',(#1003,#1004,#1005,#1006));
#1911=EDGE_LOOP('',(#1007,#1008,#1009,#1010));
#1912=EDGE_LOOP('',(#1011,#1012,#1013,#1014));
#1913=EDGE_LOOP('',(#1015,#1016,#1017,#1018));
#1914=EDGE_LOOP('',(#1019,#1020,#1021,#1022));
#1915=EDGE_LOOP('',(#1023,#1024,#1025,#1026));
#1916=EDGE_LOOP('',(#1027,#1028,#1029,#1030));
#1917=EDGE_LOOP('',(#1031,#1032,#1033,#1034));
#1918=EDGE_LOOP('',(#1035,#1036,#1037,#1038));
#1919=EDGE_LOOP('',(#1039,#1040,#1041,#1042));
#1920=EDGE_LOOP('',(#1043,#1044,#1045,#1046));
#1921=EDGE_LOOP('',(#1047,#1048,#1049,#1050));
#1922=EDGE_LOOP('',(#1051,#1052,#1053,#1054));
#1923=EDGE_LOOP('',(#1055,#1056,#1057,#1058));
#1924=EDGE_LOOP('',(#1059,#1060,#1061,#1062));
#1925=EDGE_LOOP('',(#1063,#1064,#1065,#1066));
#1926=EDGE_LOOP('',(#1067,#1068,#1069,#1070));
#1927=EDGE_LOOP('',(#1071,#1072,#1073,#1074));
#1928=EDGE_LOOP('',(#1075,#1076,#1077,#1078));
#1929=EDGE_LOOP('',(#1079,#1080,#1081,#1082));
#1930=EDGE_LOOP('',(#1083,#1084,#1085,#1086));
#1931=EDGE_LOOP('',(#1087,#1088,#1089,#1090));
#1932=EDGE_LOOP('',(#1091,#1092,#1093,#1094));
#1933=EDGE_LOOP('',(#1095,#1096,#1097,#1098));
#1934=EDGE_LOOP('',(#1099,#1100,#1101,#1102));
#1935=EDGE_LOOP('',(#1103,#1104,#1105,#1106));
#1936=EDGE_LOOP('',(#1107,#1108,#1109,#1110));
#1937=EDGE_LOOP('',(#1111,#1112,#1113,#1114));
#1938=EDGE_LOOP('',(#1115,#1116,#1117,#1118));
#1939=FACE_BOUND('',#1786,.T.);
#1940=FACE_BOUND('',#1787,.T.);
#1941=FACE_BOUND('',#1788,.T.);
#1942=FACE_BOUND('',#1789,.T.);
#1943=FACE_BOUND('',#1790,.T.);
#1944=FACE_BOUND('',#1791,.T.);
#1945=FACE_BOUND('',#1792,.T.);
#1946=FACE_BOUND('',#1793,.T.);
#1947=FACE_BOUND('',#1794,.T.);
#1948=FACE_BOUND('',#1795,.T.);
#1949=FACE_BOUND('',#1796,.T.);
#1950=FACE_BOUND('',#1797,.T.);
#1951=FACE_BOUND('',#1798,.T.);
#1952=FACE_BOUND('',#1799,.T.);
#1953=FACE_BOUND('',#1800,.T.);
#1954=FACE_BOUND('',#1801,.T.);
#1955=FACE_BOUND('',#1802,.T.);
#1956=FACE_BOUND('',#1803,.T.);
#1957=FACE_BOUND('',#1804,.T.);
#1958=FACE_BOUND('',#1805,.T.);
#1959=FACE_BOUND('',#1806,.T.);
#1960=FACE_BOUND('',#1807,.T.);
#1961=FACE_BOUND('',#1808,.T.);
#1962=FACE_BOUND('',#1809,.T.);
#1963=FACE_BOUND('',#1810,.T.);
#1964=FACE_BOUND('',#1811,.T.);
#1965=FACE_BOUND('',#1812,.T.);
#1966=FACE_BOUND('',#1813,.T.);
#1967=FACE_BOUND('',#1814,.T.);
#1968=FACE_BOUND('',#1815,.T.);
#1969=FACE_BOUND('',#1816,.T.);
#1970=FACE_BOUND('',#1817,.T.);
#1971=FACE_BOUND('',#1818,.T.);
#1972=FACE_BOUND('',#1819,.T.);
#1973=FACE_BOUND('',#1820,.T.);
#1974=FACE_BOUND('',#1821,.T.);
#1975=FACE_BOUND('',#1822,.T.);
#1976=FACE_BOUND('',#1823,.T.);
#1977=FACE_BOUND('',#1824,.T.);
#1978=FACE_BOUND('',#1825,.T.);
#1979=FACE_BOUND('',#1826,.T.);
#1980=FACE_BOUND('',#1827,.T.);
#1981=FACE_BOUND('',#1828,.T.);
#1982=FACE_BOUND('',#1829,.T.);
#1983=FACE_BOUND('',#1830,.T.);
#1984=FACE_BOUND('',#1831,.T.);
#1985=FACE_BOUND('',#1832,.T.);
#1986=FACE_BOUND('',#1833,.T.);
#1987=FACE_BOUND('',#1834,.T.);
#1988=FACE_BOUND('',#1835,.T.);
#1989=FACE_BOUND('',#1836,.T.);
#1990=FACE_BOUND('',#1837,.T.);
#1991=FACE_BOUND('',#1838,.T.);
#1992=FACE_BOUND('',#1839,.T.);
#1993=FACE_BOUND('',#1840,.T.);
#1994=FACE_BOUND('',#1841,.T.);
#1995=FACE_BOUND('',#1842,.T.);
#1996=FACE_BOUND('',#1843,.T.);
#1997=FACE_BOUND('',#1844,.T.);
#1998=FACE_BOUND('',#1845,.T.);
#1999=FACE_BOUND('',#1846,.T.);
#2000=FACE_BOUND('',#1847,.T.);
#2001=FACE_BOUND('',#1848,.T.);
#2002=FACE_BOUND('',#1849,.T.);
#2003=FACE_BOUND('',#1850,.T.);
#2004=FACE_BOUND('',#1851,.T.);
#2005=FACE_BOUND('',#1852,.T.);
#2006=FACE_BOUND('',#1853,.T.);
#2007=FACE_BOUND('',#1854,.T.);
#2008=FACE_BOUND('',#1855,.T.);
#2009=FACE_BOUND('',#1856,.T.);
#2010=FACE_BOUND('',#1857,.T.);
#2011=FACE_BOUND('',#1858,.T.);
#2012=FACE_BOUND('',#1859,.T.);
#2013=FACE_BOUND('',#1860,.T.);
#2014=FACE_BOUND('',#1861,.T.);
#2015=FACE_BOUND('',#1862,.T.);
#2016=FACE_BOUND('',#1863,.T.);
#2017=FACE_BOUND('',#1864,.T.);
#2018=FACE_BOUND('',#1865,.T.);
#2019=FACE_BOUND('',#1866,.T.);
#2020=FACE_BOUND('',#1867,.T.);
#2021=FACE_BOUND('',#1868,.T.);
#2022=FACE_BOUND('',#1869,.T.);
#2023=FACE_BOUND('',#1870,.T.);
#2024=FACE_BOUND('',#1871,.T.);
#2025=FACE_BOUND('',#1872,.T.);
#2026=FACE_BOUND('',#1873,.T.);
#2027=FACE_BOUND('',#1874,.T.);
#2028=FACE_BOUND('',#1875,.T.);
#2029=FACE_BOUND('',#1876,.T.);
#2030=FACE_BOUND('',#1877,.T.);
#2031=FACE_BOUND('',#1878,.T.);
#2032=FACE_BOUND('',#1879,.T.);
#2033=FACE_BOUND('',#1880,.T.);
#2034=FACE_BOUND('',#1881,.T.);
#2035=FACE_BOUND('',#1882,.T.);
#2036=FACE_BOUND('',#1883,.T.);
#2037=FACE_BOUND('',#1884,.T.);
#2038=FACE_BOUND('',#1885,.T.);
#2039=FACE_BOUND('',#1886,.T.);
#2040=FACE_BOUND('',#1887,.T.);
#2041=FACE_BOUND('',#1888,.T.);
#2042=FACE_BOUND('',#1889,.T.);
#2043=FACE_BOUND('',#1890,.T.);
#2044=FACE_BOUND('',#1891,.T.);
#2045=FACE_BOUND('',#1892,.T.);
#2046=FACE_BOUND('',#1893,.T.);
#2047=FACE_BOUND('',#1894,.T.);
#2048=FACE_BOUND('',#1895,.T.);
#2049=FACE_BOUND('',#1896,.T.);
#2050=FACE_BOUND('',#1897,.T.);
#2051=FACE_BOUND('',#1898,.T.);
#2052=FACE_BOUND('',#1899,.T.);
#2053=FACE_BOUND('',#1900,.T.);
#2054=FACE_BOUND('',#1901,.T.);
#2055=FACE_BOUND('',#1902,.T.);
#2056=FACE_BOUND('',#1903,.T.);
#2057=FACE_BOUND('',#1904,.T.);
#2058=FACE_BOUND('',#1905,.T.);
#2059=FACE_BOUND('',#1906,.T.);
#2060=FACE_BOUND('',#1907,.T.);
#2061=FACE_BOUND('',#1908,.T.);
#2062=FACE_BOUND('',#1909,.T.);
#2063=FACE_BOUND('',#1910,.T.);
#2064=FACE_BOUND('',#1911,.T.);
#2065=FACE_BOUND('',#1912,.T.);
#2066=FACE_BOUND('',#1913,.T.);
#2067=FACE_BOUND('',#1914,.T.);
#2068=FACE_BOUND('',#1915,.T.);
#2069=FACE_BOUND('',#1916,.T.);
#2070=FACE_BOUND('',#1917,.T.);
#2071=FACE_BOUND('',#1918,.T.);
#2072=FACE_BOUND('',#1919,.T.);
#2073=FACE_BOUND('',#1920,.T.);
#2074=FACE_BOUND('',#1921,.T.);
#2075=FACE_BOUND('',#1922,.T.);
#2076=FACE_BOUND('',#1923,.T.);
#2077=FACE_BOUND('',#1924,.T.);
#2078=FACE_BOUND('',#1925,.T.);
#2079=FACE_BOUND('',#1926,.T.);
#2080=FACE_BOUND('',#1927,.T.);
#2081=FACE_BOUND('',#1928,.T.);
#2082=FACE_BOUND('',#1929,.T.);
#2083=FACE_BOUND('',#1930,.T.);
#2084=FACE_BOUND('',#1931,.T.);
#2085=FACE_BOUND('',#1932,.T.);
#2086=FACE_BOUND('',#1933,.T.);
#2087=FACE_BOUND('',#1934,.T.);
#2088=FACE_BOUND('',#1935,.T.);
#2089=FACE_BOUND('',#1936,.T.);
#2090=FACE_BOUND('',#1937,.T.);
#2091=FACE_BOUND('',#1938,.T.);
#2092=CYLINDRICAL_SURFACE('',#2278,0.0125);
#2093=CYLINDRICAL_SURFACE('',#2283,0.005);
#2094=CYLINDRICAL_SURFACE('',#2288,0.005);
#2095=CYLINDRICAL_SURFACE('',#2291,0.005);
#2096=CYLINDRICAL_SURFACE('',#2296,0.0015);
#2097=CYLINDRICAL_SURFACE('',#2299,0.005);
#2098=CYLINDRICAL_SURFACE('',#2303,0.0015);
#2099=CYLINDRICAL_SURFACE('',#2307,0.0015);
#2100=CYLINDRICAL_SURFACE('',#2311,0.0015);
#2101=CYLINDRICAL_SURFACE('',#2315,0.009);
#2102=CYLINDRICAL_SURFACE('',#2319,0.0125);
#2103=CYLINDRICAL_SURFACE('',#2323,0.005);
#2104=CYLINDRICAL_SURFACE('',#2326,0.0015);
#2105=CYLINDRICAL_SURFACE('',#2330,0.0015);
#2106=CYLINDRICAL_SURFACE('',#2334,0.0015);
#2107=CYLINDRICAL_SURFACE('',#2338,0.007);
#2108=CYLINDRICAL_SURFACE('',#2342,0.00215);
#2109=CYLINDRICAL_SURFACE('',#2345,0.0015);
#2110=CYLINDRICAL_SURFACE('',#2348,0.00215);
#2111=CYLINDRICAL_SURFACE('',#2438,0.008);
#2112=CYLINDRICAL_SURFACE('',#2439,0.005);
#2113=CYLINDRICAL_SURFACE('',#2442,0.008);
#2114=CYLINDRICAL_SURFACE('',#2444,0.00500000000000036);
#2115=CYLINDRICAL_SURFACE('',#2448,0.00215);
#2116=CYLINDRICAL_SURFACE('',#2449,0.00215);
#2117=CYLINDRICAL_SURFACE('',#2476,0.0015);
#2118=CYLINDRICAL_SURFACE('',#2477,0.0015);
#2119=CYLINDRICAL_SURFACE('',#2478,0.0015);
#2120=CYLINDRICAL_SURFACE('',#2479,0.0015);
#2121=CYLINDRICAL_SURFACE('',#2480,0.0015);
#2122=CYLINDRICAL_SURFACE('',#2481,0.0015);
#2123=CYLINDRICAL_SURFACE('',#2482,0.0015);
#2124=CYLINDRICAL_SURFACE('',#2483,0.0015);
#2125=CYLINDRICAL_SURFACE('',#2484,0.0015);
#2126=CYLINDRICAL_SURFACE('',#2485,0.0015);
#2127=CYLINDRICAL_SURFACE('',#2486,0.0015);
#2128=CYLINDRICAL_SURFACE('',#2487,0.0015);
#2129=CYLINDRICAL_SURFACE('',#2488,0.0015);
#2130=CYLINDRICAL_SURFACE('',#2489,0.0015);
#2131=CYLINDRICAL_SURFACE('',#2490,0.0015);
#2132=CYLINDRICAL_SURFACE('',#2491,0.0015);
#2133=CYLINDRICAL_SURFACE('',#2492,0.0015);
#2134=CYLINDRICAL_SURFACE('',#2493,0.0015);
#2135=CYLINDRICAL_SURFACE('',#2494,0.0015);
#2136=CYLINDRICAL_SURFACE('',#2495,0.0015);
#2137=CYLINDRICAL_SURFACE('',#2496,0.0015);
#2138=CYLINDRICAL_SURFACE('',#2497,0.0015);
#2139=CYLINDRICAL_SURFACE('',#2498,0.0015);
#2140=CYLINDRICAL_SURFACE('',#2499,0.0015);
#2141=CYLINDRICAL_SURFACE('',#2500,0.0015);
#2142=CYLINDRICAL_SURFACE('',#2501,0.0015);
#2143=CYLINDRICAL_SURFACE('',#2502,0.0015);
#2144=CYLINDRICAL_SURFACE('',#2503,0.0015);
#2145=CYLINDRICAL_SURFACE('',#2504,0.0015);
#2146=CYLINDRICAL_SURFACE('',#2505,0.0015);
#2147=CYLINDRICAL_SURFACE('',#2506,0.0015);
#2148=CYLINDRICAL_SURFACE('',#2507,0.001);
#2149=CYLINDRICAL_SURFACE('',#2508,0.002);
#2150=CYLINDRICAL_SURFACE('',#2509,0.00116608346721421);
#2151=CYLINDRICAL_SURFACE('',#2510,0.0015);
#2152=CYLINDRICAL_SURFACE('',#2511,0.0015);
#2153=ADVANCED_FACE('',(#1939),#2092,.T.);
#2154=ADVANCED_FACE('',(#1940),#12,.F.);
#2155=ADVANCED_FACE('',(#1941),#13,.F.);
#2156=ADVANCED_FACE('',(#1942),#2093,.T.);
#2157=ADVANCED_FACE('',(#1943),#14,.F.);
#2158=ADVANCED_FACE('',(#1944),#15,.F.);
#2159=ADVANCED_FACE('',(#1945),#2094,.T.);
#2160=ADVANCED_FACE('',(#1946),#2095,.T.);
#2161=ADVANCED_FACE('',(#1947),#16,.F.);
#2162=ADVANCED_FACE('',(#1948),#17,.T.);
#2163=ADVANCED_FACE('',(#1949),#2096,.F.);
#2164=ADVANCED_FACE('',(#1950),#2097,.T.);
#2165=ADVANCED_FACE('',(#1951),#18,.F.);
#2166=ADVANCED_FACE('',(#1952),#2098,.F.);
#2167=ADVANCED_FACE('',(#1953),#19,.T.);
#2168=ADVANCED_FACE('',(#1954),#2099,.F.);
#2169=ADVANCED_FACE('',(#1955),#20,.F.);
#2170=ADVANCED_FACE('',(#1956),#2100,.F.);
#2171=ADVANCED_FACE('',(#1957),#21,.F.);
#2172=ADVANCED_FACE('',(#1958),#2101,.F.);
#2173=ADVANCED_FACE('',(#1959),#22,.T.);
#2174=ADVANCED_FACE('',(#1960),#2102,.T.);
#2175=ADVANCED_FACE('',(#1961),#23,.T.);
#2176=ADVANCED_FACE('',(#1962),#2103,.T.);
#2177=ADVANCED_FACE('',(#1963),#2104,.F.);
#2178=ADVANCED_FACE('',(#1964),#24,.T.);
#2179=ADVANCED_FACE('',(#1965),#2105,.F.);
#2180=ADVANCED_FACE('',(#1966),#25,.T.);
#2181=ADVANCED_FACE('',(#1967),#2106,.F.);
#2182=ADVANCED_FACE('',(#1968),#26,.F.);
#2183=ADVANCED_FACE('',(#1969,#1970),#2107,.F.);
#2184=ADVANCED_FACE('',(#1971),#27,.F.);
#2185=ADVANCED_FACE('',(#1972,#1973),#2108,.F.);
#2186=ADVANCED_FACE('',(#1974),#2109,.F.);
#2187=ADVANCED_FACE('',(#1975,#1976),#2110,.F.);
#2188=ADVANCED_FACE('',(#1977,#1978,#1979,#1980,#1981,#1982,#1983,#1984,
#1985,#1986,#1987,#1988,#1989,#1990,#1991,#1992,#1993,#1994,#1995),#28,
 .T.);
#2189=ADVANCED_FACE('',(#1996,#1997,#1998,#1999,#2000,#2001,#2002,#2003,
#2004,#2005,#2006,#2007,#2008,#2009,#2010,#2011,#2012,#2013,#2014),#29,
 .F.);
#2190=ADVANCED_FACE('',(#2015),#30,.F.);
#2191=ADVANCED_FACE('',(#2016),#2111,.T.);
#2192=ADVANCED_FACE('',(#2017),#2112,.T.);
#2193=ADVANCED_FACE('',(#2018),#31,.T.);
#2194=ADVANCED_FACE('',(#2019),#32,.F.);
#2195=ADVANCED_FACE('',(#2020),#2113,.T.);
#2196=ADVANCED_FACE('',(#2021),#33,.T.);
#2197=ADVANCED_FACE('',(#2022),#2114,.T.);
#2198=ADVANCED_FACE('',(#2023),#34,.F.);
#2199=ADVANCED_FACE('',(#2024),#35,.F.);
#2200=ADVANCED_FACE('',(#2025),#36,.F.);
#2201=ADVANCED_FACE('',(#2026,#2027),#2115,.F.);
#2202=ADVANCED_FACE('',(#2028,#2029),#2116,.F.);
#2203=ADVANCED_FACE('',(#2030),#37,.F.);
#2204=ADVANCED_FACE('',(#2031),#38,.F.);
#2205=ADVANCED_FACE('',(#2032),#39,.F.);
#2206=ADVANCED_FACE('',(#2033),#40,.F.);
#2207=ADVANCED_FACE('',(#2034),#41,.F.);
#2208=ADVANCED_FACE('',(#2035),#42,.F.);
#2209=ADVANCED_FACE('',(#2036),#43,.T.);
#2210=ADVANCED_FACE('',(#2037),#44,.F.);
#2211=ADVANCED_FACE('',(#2038),#45,.F.);
#2212=ADVANCED_FACE('',(#2039),#46,.F.);
#2213=ADVANCED_FACE('',(#2040),#47,.T.);
#2214=ADVANCED_FACE('',(#2041),#48,.T.);
#2215=ADVANCED_FACE('',(#2042),#49,.T.);
#2216=ADVANCED_FACE('',(#2043),#50,.T.);
#2217=ADVANCED_FACE('',(#2044),#51,.F.);
#2218=ADVANCED_FACE('',(#2045),#52,.T.);
#2219=ADVANCED_FACE('',(#2046),#53,.F.);
#2220=ADVANCED_FACE('',(#2047),#54,.T.);
#2221=ADVANCED_FACE('',(#2048),#55,.F.);
#2222=ADVANCED_FACE('',(#2049),#56,.T.);
#2223=ADVANCED_FACE('',(#2050),#57,.F.);
#2224=ADVANCED_FACE('',(#2051),#58,.F.);
#2225=ADVANCED_FACE('',(#2052),#59,.F.);
#2226=ADVANCED_FACE('',(#2053),#60,.T.);
#2227=ADVANCED_FACE('',(#2054),#61,.F.);
#2228=ADVANCED_FACE('',(#2055),#62,.T.);
#2229=ADVANCED_FACE('',(#2056),#2117,.T.);
#2230=ADVANCED_FACE('',(#2057),#2118,.T.);
#2231=ADVANCED_FACE('',(#2058),#2119,.F.);
#2232=ADVANCED_FACE('',(#2059),#2120,.F.);
#2233=ADVANCED_FACE('',(#2060),#2121,.F.);
#2234=ADVANCED_FACE('',(#2061),#2122,.F.);
#2235=ADVANCED_FACE('',(#2062),#2123,.F.);
#2236=ADVANCED_FACE('',(#2063),#2124,.F.);
#2237=ADVANCED_FACE('',(#2064),#2125,.F.);
#2238=ADVANCED_FACE('',(#2065),#2126,.F.);
#2239=ADVANCED_FACE('',(#2066),#2127,.F.);
#2240=ADVANCED_FACE('',(#2067),#2128,.F.);
#2241=ADVANCED_FACE('',(#2068),#2129,.F.);
#2242=ADVANCED_FACE('',(#2069),#2130,.F.);
#2243=ADVANCED_FACE('',(#2070),#2131,.F.);
#2244=ADVANCED_FACE('',(#2071),#2132,.F.);
#2245=ADVANCED_FACE('',(#2072),#2133,.F.);
#2246=ADVANCED_FACE('',(#2073),#2134,.F.);
#2247=ADVANCED_FACE('',(#2074),#2135,.F.);
#2248=ADVANCED_FACE('',(#2075),#2136,.F.);
#2249=ADVANCED_FACE('',(#2076),#2137,.F.);
#2250=ADVANCED_FACE('',(#2077),#2138,.F.);
#2251=ADVANCED_FACE('',(#2078),#2139,.F.);
#2252=ADVANCED_FACE('',(#2079),#2140,.F.);
#2253=ADVANCED_FACE('',(#2080),#2141,.F.);
#2254=ADVANCED_FACE('',(#2081),#2142,.F.);
#2255=ADVANCED_FACE('',(#2082),#2143,.F.);
#2256=ADVANCED_FACE('',(#2083),#2144,.F.);
#2257=ADVANCED_FACE('',(#2084),#2145,.F.);
#2258=ADVANCED_FACE('',(#2085),#2146,.F.);
#2259=ADVANCED_FACE('',(#2086),#2147,.F.);
#2260=ADVANCED_FACE('',(#2087),#2148,.F.);
#2261=ADVANCED_FACE('',(#2088),#2149,.F.);
#2262=ADVANCED_FACE('',(#2089),#2150,.F.);
#2263=ADVANCED_FACE('',(#2090),#2151,.F.);
#2264=ADVANCED_FACE('',(#2091),#2152,.F.);
#2265=CLOSED_SHELL('',(#2153,#2154,#2155,#2156,#2157,#2158,#2159,#2160,
#2161,#2162,#2163,#2164,#2165,#2166,#2167,#2168,#2169,#2170,#2171,#2172,
#2173,#2174,#2175,#2176,#2177,#2178,#2179,#2180,#2181,#2182,#2183,#2184,
#2185,#2186,#2187,#2188,#2189,#2190,#2191,#2192,#2193,#2194,#2195,#2196,
#2197,#2198,#2199,#2200,#2201,#2202,#2203,#2204,#2205,#2206,#2207,#2208,
#2209,#2210,#2211,#2212,#2213,#2214,#2215,#2216,#2217,#2218,#2219,#2220,
#2221,#2222,#2223,#2224,#2225,#2226,#2227,#2228,#2229,#2230,#2231,#2232,
#2233,#2234,#2235,#2236,#2237,#2238,#2239,#2240,#2241,#2242,#2243,#2244,
#2245,#2246,#2247,#2248,#2249,#2250,#2251,#2252,#2253,#2254,#2255,#2256,
#2257,#2258,#2259,#2260,#2261,#2262,#2263,#2264));
#2266=STYLED_ITEM('',(#2267),#2274);
#2267=PRESENTATION_STYLE_ASSIGNMENT((#2268));
#2268=SURFACE_STYLE_USAGE(.BOTH.,#2269);
#2269=SURFACE_SIDE_STYLE('',(#2270));
#2270=SURFACE_STYLE_FILL_AREA(#2271);
#2271=FILL_AREA_STYLE('',(#2272));
#2272=FILL_AREA_STYLE_COLOUR('',#2273);
#2273=COLOUR_RGB('',0.6,0.580392156862745,0.529411764705882);
#2274=MANIFOLD_SOLID_BREP('btrshftr Mount Plate 2',#2265);
#2275=SHAPE_DEFINITION_REPRESENTATION(#3849,#2276);
#2276=SHAPE_REPRESENTATION('btrshftr Mount Plate 2',(#2277),#3844);
#2277=AXIS2_PLACEMENT_3D('',#3185,#2512,#2513);
#2278=AXIS2_PLACEMENT_3D('',#3186,#2514,#2515);
#2279=AXIS2_PLACEMENT_3D('',#3187,#2516,#2517);
#2280=AXIS2_PLACEMENT_3D('',#3192,#2519,#2520);
#2281=AXIS2_PLACEMENT_3D('',#3195,#2522,#2523);
#2282=AXIS2_PLACEMENT_3D('',#3204,#2528,#2529);
#2283=AXIS2_PLACEMENT_3D('',#3213,#2534,#2535);
#2284=AXIS2_PLACEMENT_3D('',#3214,#2536,#2537);
#2285=AXIS2_PLACEMENT_3D('',#3219,#2539,#2540);
#2286=AXIS2_PLACEMENT_3D('',#3222,#2542,#2543);
#2287=AXIS2_PLACEMENT_3D('',#3231,#2548,#2549);
#2288=AXIS2_PLACEMENT_3D('',#3240,#2554,#2555);
#2289=AXIS2_PLACEMENT_3D('',#3241,#2556,#2557);
#2290=AXIS2_PLACEMENT_3D('',#3246,#2559,#2560);
#2291=AXIS2_PLACEMENT_3D('',#3249,#2562,#2563);
#2292=AXIS2_PLACEMENT_3D('',#3253,#2565,#2566);
#2293=AXIS2_PLACEMENT_3D('',#3257,#2568,#2569);
#2294=AXIS2_PLACEMENT_3D('',#3258,#2570,#2571);
#2295=AXIS2_PLACEMENT_3D('',#3267,#2576,#2577);
#2296=AXIS2_PLACEMENT_3D('',#3273,#2581,#2582);
#2297=AXIS2_PLACEMENT_3D('',#3274,#2583,#2584);
#2298=AXIS2_PLACEMENT_3D('',#3279,#2586,#2587);
#2299=AXIS2_PLACEMENT_3D('',#3282,#2589,#2590);
#2300=AXIS2_PLACEMENT_3D('',#3283,#2591,#2592);
#2301=AXIS2_PLACEMENT_3D('',#3287,#2594,#2595);
#2302=AXIS2_PLACEMENT_3D('',#3288,#2596,#2597);
#2303=AXIS2_PLACEMENT_3D('',#3297,#2602,#2603);
#2304=AXIS2_PLACEMENT_3D('',#3298,#2604,#2605);
#2305=AXIS2_PLACEMENT_3D('',#3302,#2607,#2608);
#2306=AXIS2_PLACEMENT_3D('',#3303,#2609,#2610);
#2307=AXIS2_PLACEMENT_3D('',#3309,#2614,#2615);
#2308=AXIS2_PLACEMENT_3D('',#3310,#2616,#2617);
#2309=AXIS2_PLACEMENT_3D('',#3314,#2619,#2620);
#2310=AXIS2_PLACEMENT_3D('',#3315,#2621,#2622);
#2311=AXIS2_PLACEMENT_3D('',#3321,#2626,#2627);
#2312=AXIS2_PLACEMENT_3D('',#3322,#2628,#2629);
#2313=AXIS2_PLACEMENT_3D('',#3326,#2631,#2632);
#2314=AXIS2_PLACEMENT_3D('',#3327,#2633,#2634);
#2315=AXIS2_PLACEMENT_3D('',#3333,#2638,#2639);
#2316=AXIS2_PLACEMENT_3D('',#3334,#2640,#2641);
#2317=AXIS2_PLACEMENT_3D('',#3339,#2643,#2644);
#2318=AXIS2_PLACEMENT_3D('',#3342,#2646,#2647);
#2319=AXIS2_PLACEMENT_3D('',#3348,#2651,#2652);
#2320=AXIS2_PLACEMENT_3D('',#3349,#2653,#2654);
#2321=AXIS2_PLACEMENT_3D('',#3353,#2656,#2657);
#2322=AXIS2_PLACEMENT_3D('',#3354,#2658,#2659);
#2323=AXIS2_PLACEMENT_3D('',#3363,#2664,#2665);
#2324=AXIS2_PLACEMENT_3D('',#3364,#2666,#2667);
#2325=AXIS2_PLACEMENT_3D('',#3369,#2669,#2670);
#2326=AXIS2_PLACEMENT_3D('',#3372,#2672,#2673);
#2327=AXIS2_PLACEMENT_3D('',#3373,#2674,#2675);
#2328=AXIS2_PLACEMENT_3D('',#3377,#2677,#2678);
#2329=AXIS2_PLACEMENT_3D('',#3378,#2679,#2680);
#2330=AXIS2_PLACEMENT_3D('',#3384,#2684,#2685);
#2331=AXIS2_PLACEMENT_3D('',#3385,#2686,#2687);
#2332=AXIS2_PLACEMENT_3D('',#3389,#2689,#2690);
#2333=AXIS2_PLACEMENT_3D('',#3390,#2691,#2692);
#2334=AXIS2_PLACEMENT_3D('',#3396,#2696,#2697);
#2335=AXIS2_PLACEMENT_3D('',#3397,#2698,#2699);
#2336=AXIS2_PLACEMENT_3D('',#3401,#2701,#2702);
#2337=AXIS2_PLACEMENT_3D('',#3402,#2703,#2704);
#2338=AXIS2_PLACEMENT_3D('',#3408,#2708,#2709);
#2339=AXIS2_PLACEMENT_3D('',#3409,#2710,#2711);
#2340=AXIS2_PLACEMENT_3D('',#3411,#2712,#2713);
#2341=AXIS2_PLACEMENT_3D('',#3413,#2714,#2715);
#2342=AXIS2_PLACEMENT_3D('',#3416,#2718,#2719);
#2343=AXIS2_PLACEMENT_3D('',#3417,#2720,#2721);
#2344=AXIS2_PLACEMENT_3D('',#3419,#2722,#2723);
#2345=AXIS2_PLACEMENT_3D('',#3421,#2724,#2725);
#2346=AXIS2_PLACEMENT_3D('',#3422,#2726,#2727);
#2347=AXIS2_PLACEMENT_3D('',#3423,#2728,#2729);
#2348=AXIS2_PLACEMENT_3D('',#3424,#2730,#2731);
#2349=AXIS2_PLACEMENT_3D('',#3425,#2732,#2733);
#2350=AXIS2_PLACEMENT_3D('',#3427,#2734,#2735);
#2351=AXIS2_PLACEMENT_3D('',#3429,#2736,#2737);
#2352=AXIS2_PLACEMENT_3D('',#3433,#2739,#2740);
#2353=AXIS2_PLACEMENT_3D('',#3434,#2741,#2742);
#2354=AXIS2_PLACEMENT_3D('',#3438,#2744,#2745);
#2355=AXIS2_PLACEMENT_3D('',#3442,#2747,#2748);
#2356=AXIS2_PLACEMENT_3D('',#3443,#2749,#2750);
#2357=AXIS2_PLACEMENT_3D('',#3447,#2752,#2753);
#2358=AXIS2_PLACEMENT_3D('',#3448,#2754,#2755);
#2359=AXIS2_PLACEMENT_3D('',#3452,#2757,#2758);
#2360=AXIS2_PLACEMENT_3D('',#3453,#2759,#2760);
#2361=AXIS2_PLACEMENT_3D('',#3457,#2762,#2763);
#2362=AXIS2_PLACEMENT_3D('',#3461,#2765,#2766);
#2363=AXIS2_PLACEMENT_3D('',#3462,#2767,#2768);
#2364=AXIS2_PLACEMENT_3D('',#3466,#2770,#2771);
#2365=AXIS2_PLACEMENT_3D('',#3470,#2773,#2774);
#2366=AXIS2_PLACEMENT_3D('',#3471,#2775,#2776);
#2367=AXIS2_PLACEMENT_3D('',#3475,#2778,#2779);
#2368=AXIS2_PLACEMENT_3D('',#3479,#2781,#2782);
#2369=AXIS2_PLACEMENT_3D('',#3481,#2783,#2784);
#2370=AXIS2_PLACEMENT_3D('',#3483,#2785,#2786);
#2371=AXIS2_PLACEMENT_3D('',#3485,#2787,#2788);
#2372=AXIS2_PLACEMENT_3D('',#3487,#2789,#2790);
#2373=AXIS2_PLACEMENT_3D('',#3500,#2797,#2798);
#2374=AXIS2_PLACEMENT_3D('',#3502,#2799,#2800);
#2375=AXIS2_PLACEMENT_3D('',#3504,#2801,#2802);
#2376=AXIS2_PLACEMENT_3D('',#3508,#2804,#2805);
#2377=AXIS2_PLACEMENT_3D('',#3512,#2807,#2808);
#2378=AXIS2_PLACEMENT_3D('',#3516,#2810,#2811);
#2379=AXIS2_PLACEMENT_3D('',#3517,#2812,#2813);
#2380=AXIS2_PLACEMENT_3D('',#3518,#2814,#2815);
#2381=AXIS2_PLACEMENT_3D('',#3523,#2818,#2819);
#2382=AXIS2_PLACEMENT_3D('',#3527,#2821,#2822);
#2383=AXIS2_PLACEMENT_3D('',#3530,#2824,#2825);
#2384=AXIS2_PLACEMENT_3D('',#3531,#2826,#2827);
#2385=AXIS2_PLACEMENT_3D('',#3535,#2829,#2830);
#2386=AXIS2_PLACEMENT_3D('',#3539,#2832,#2833);
#2387=AXIS2_PLACEMENT_3D('',#3543,#2835,#2836);
#2388=AXIS2_PLACEMENT_3D('',#3547,#2838,#2839);
#2389=AXIS2_PLACEMENT_3D('',#3551,#2841,#2842);
#2390=AXIS2_PLACEMENT_3D('',#3555,#2844,#2845);
#2391=AXIS2_PLACEMENT_3D('',#3559,#2847,#2848);
#2392=AXIS2_PLACEMENT_3D('',#3563,#2850,#2851);
#2393=AXIS2_PLACEMENT_3D('',#3567,#2853,#2854);
#2394=AXIS2_PLACEMENT_3D('',#3568,#2855,#2856);
#2395=AXIS2_PLACEMENT_3D('',#3569,#2857,#2858);
#2396=AXIS2_PLACEMENT_3D('',#3573,#2860,#2861);
#2397=AXIS2_PLACEMENT_3D('',#3577,#2863,#2864);
#2398=AXIS2_PLACEMENT_3D('',#3578,#2865,#2866);
#2399=AXIS2_PLACEMENT_3D('',#3582,#2868,#2869);
#2400=AXIS2_PLACEMENT_3D('',#3586,#2871,#2872);
#2401=AXIS2_PLACEMENT_3D('',#3587,#2873,#2874);
#2402=AXIS2_PLACEMENT_3D('',#3591,#2876,#2877);
#2403=AXIS2_PLACEMENT_3D('',#3595,#2879,#2880);
#2404=AXIS2_PLACEMENT_3D('',#3596,#2881,#2882);
#2405=AXIS2_PLACEMENT_3D('',#3600,#2884,#2885);
#2406=AXIS2_PLACEMENT_3D('',#3604,#2887,#2888);
#2407=AXIS2_PLACEMENT_3D('',#3605,#2889,#2890);
#2408=AXIS2_PLACEMENT_3D('',#3609,#2892,#2893);
#2409=AXIS2_PLACEMENT_3D('',#3610,#2894,#2895);
#2410=AXIS2_PLACEMENT_3D('',#3611,#2896,#2897);
#2411=AXIS2_PLACEMENT_3D('',#3615,#2899,#2900);
#2412=AXIS2_PLACEMENT_3D('',#3619,#2902,#2903);
#2413=AXIS2_PLACEMENT_3D('',#3623,#2905,#2906);
#2414=AXIS2_PLACEMENT_3D('',#3636,#2913,#2914);
#2415=AXIS2_PLACEMENT_3D('',#3638,#2915,#2916);
#2416=AXIS2_PLACEMENT_3D('',#3643,#2918,#2919);
#2417=AXIS2_PLACEMENT_3D('',#3647,#2921,#2922);
#2418=AXIS2_PLACEMENT_3D('',#3649,#2923,#2924);
#2419=AXIS2_PLACEMENT_3D('',#3651,#2925,#2926);
#2420=AXIS2_PLACEMENT_3D('',#3653,#2927,#2928);
#2421=AXIS2_PLACEMENT_3D('',#3655,#2929,#2930);
#2422=AXIS2_PLACEMENT_3D('',#3656,#2931,#2932);
#2423=AXIS2_PLACEMENT_3D('',#3657,#2933,#2934);
#2424=AXIS2_PLACEMENT_3D('',#3660,#2936,#2937);
#2425=AXIS2_PLACEMENT_3D('',#3664,#2939,#2940);
#2426=AXIS2_PLACEMENT_3D('',#3669,#2943,#2944);
#2427=AXIS2_PLACEMENT_3D('',#3670,#2945,#2946);
#2428=AXIS2_PLACEMENT_3D('',#3674,#2948,#2949);
#2429=AXIS2_PLACEMENT_3D('',#3678,#2951,#2952);
#2430=AXIS2_PLACEMENT_3D('',#3682,#2954,#2955);
#2431=AXIS2_PLACEMENT_3D('',#3686,#2957,#2958);
#2432=AXIS2_PLACEMENT_3D('',#3690,#2960,#2961);
#2433=AXIS2_PLACEMENT_3D('',#3694,#2963,#2964);
#2434=AXIS2_PLACEMENT_3D('',#3698,#2966,#2967);
#2435=AXIS2_PLACEMENT_3D('',#3702,#2969,#2970);
#2436=AXIS2_PLACEMENT_3D('',#3706,#2972,#2973);
#2437=AXIS2_PLACEMENT_3D('',#3707,#2974,#2975);
#2438=AXIS2_PLACEMENT_3D('',#3710,#2978,#2979);
#2439=AXIS2_PLACEMENT_3D('',#3713,#2982,#2983);
#2440=AXIS2_PLACEMENT_3D('',#3716,#2986,#2987);
#2441=AXIS2_PLACEMENT_3D('',#3718,#2989,#2990);
#2442=AXIS2_PLACEMENT_3D('',#3720,#2992,#2993);
#2443=AXIS2_PLACEMENT_3D('',#3722,#2995,#2996);
#2444=AXIS2_PLACEMENT_3D('',#3724,#2998,#2999);
#2445=AXIS2_PLACEMENT_3D('',#3726,#3001,#3002);
#2446=AXIS2_PLACEMENT_3D('',#3727,#3003,#3004);
#2447=AXIS2_PLACEMENT_3D('',#3730,#3007,#3008);
#2448=AXIS2_PLACEMENT_3D('',#3733,#3011,#3012);
#2449=AXIS2_PLACEMENT_3D('',#3734,#3013,#3014);
#2450=AXIS2_PLACEMENT_3D('',#3735,#3015,#3016);
#2451=AXIS2_PLACEMENT_3D('',#3738,#3019,#3020);
#2452=AXIS2_PLACEMENT_3D('',#3740,#3022,#3023);
#2453=AXIS2_PLACEMENT_3D('',#3742,#3025,#3026);
#2454=AXIS2_PLACEMENT_3D('',#3744,#3028,#3029);
#2455=AXIS2_PLACEMENT_3D('',#3746,#3031,#3032);
#2456=AXIS2_PLACEMENT_3D('',#3747,#3033,#3034);
#2457=AXIS2_PLACEMENT_3D('',#3750,#3037,#3038);
#2458=AXIS2_PLACEMENT_3D('',#3753,#3041,#3042);
#2459=AXIS2_PLACEMENT_3D('',#3756,#3045,#3046);
#2460=AXIS2_PLACEMENT_3D('',#3759,#3049,#3050);
#2461=AXIS2_PLACEMENT_3D('',#3762,#3053,#3054);
#2462=AXIS2_PLACEMENT_3D('',#3765,#3057,#3058);
#2463=AXIS2_PLACEMENT_3D('',#3768,#3061,#3062);
#2464=AXIS2_PLACEMENT_3D('',#3771,#3065,#3066);
#2465=AXIS2_PLACEMENT_3D('',#3774,#3069,#3070);
#2466=AXIS2_PLACEMENT_3D('',#3777,#3073,#3074);
#2467=AXIS2_PLACEMENT_3D('',#3780,#3077,#3078);
#2468=AXIS2_PLACEMENT_3D('',#3783,#3081,#3082);
#2469=AXIS2_PLACEMENT_3D('',#3786,#3085,#3086);
#2470=AXIS2_PLACEMENT_3D('',#3789,#3089,#3090);
#2471=AXIS2_PLACEMENT_3D('',#3792,#3093,#3094);
#2472=AXIS2_PLACEMENT_3D('',#3795,#3097,#3098);
#2473=AXIS2_PLACEMENT_3D('',#3798,#3101,#3102);
#2474=AXIS2_PLACEMENT_3D('',#3801,#3105,#3106);
#2475=AXIS2_PLACEMENT_3D('',#3804,#3109,#3110);
#2476=AXIS2_PLACEMENT_3D('',#3807,#3113,#3114);
#2477=AXIS2_PLACEMENT_3D('',#3808,#3115,#3116);
#2478=AXIS2_PLACEMENT_3D('',#3809,#3117,#3118);
#2479=AXIS2_PLACEMENT_3D('',#3810,#3119,#3120);
#2480=AXIS2_PLACEMENT_3D('',#3811,#3121,#3122);
#2481=AXIS2_PLACEMENT_3D('',#3812,#3123,#3124);
#2482=AXIS2_PLACEMENT_3D('',#3813,#3125,#3126);
#2483=AXIS2_PLACEMENT_3D('',#3814,#3127,#3128);
#2484=AXIS2_PLACEMENT_3D('',#3815,#3129,#3130);
#2485=AXIS2_PLACEMENT_3D('',#3816,#3131,#3132);
#2486=AXIS2_PLACEMENT_3D('',#3817,#3133,#3134);
#2487=AXIS2_PLACEMENT_3D('',#3818,#3135,#3136);
#2488=AXIS2_PLACEMENT_3D('',#3819,#3137,#3138);
#2489=AXIS2_PLACEMENT_3D('',#3820,#3139,#3140);
#2490=AXIS2_PLACEMENT_3D('',#3821,#3141,#3142);
#2491=AXIS2_PLACEMENT_3D('',#3822,#3143,#3144);
#2492=AXIS2_PLACEMENT_3D('',#3823,#3145,#3146);
#2493=AXIS2_PLACEMENT_3D('',#3824,#3147,#3148);
#2494=AXIS2_PLACEMENT_3D('',#3825,#3149,#3150);
#2495=AXIS2_PLACEMENT_3D('',#3826,#3151,#3152);
#2496=AXIS2_PLACEMENT_3D('',#3827,#3153,#3154);
#2497=AXIS2_PLACEMENT_3D('',#3828,#3155,#3156);
#2498=AXIS2_PLACEMENT_3D('',#3829,#3157,#3158);
#2499=AXIS2_PLACEMENT_3D('',#3830,#3159,#3160);
#2500=AXIS2_PLACEMENT_3D('',#3831,#3161,#3162);
#2501=AXIS2_PLACEMENT_3D('',#3832,#3163,#3164);
#2502=AXIS2_PLACEMENT_3D('',#3833,#3165,#3166);
#2503=AXIS2_PLACEMENT_3D('',#3834,#3167,#3168);
#2504=AXIS2_PLACEMENT_3D('',#3835,#3169,#3170);
#2505=AXIS2_PLACEMENT_3D('',#3836,#3171,#3172);
#2506=AXIS2_PLACEMENT_3D('',#3837,#3173,#3174);
#2507=AXIS2_PLACEMENT_3D('',#3838,#3175,#3176);
#2508=AXIS2_PLACEMENT_3D('',#3839,#3177,#3178);
#2509=AXIS2_PLACEMENT_3D('',#3840,#3179,#3180);
#2510=AXIS2_PLACEMENT_3D('',#3841,#3181,#3182);
#2511=AXIS2_PLACEMENT_3D('',#3842,#3183,#3184);
#2512=DIRECTION('',(0.,0.,1.));
#2513=DIRECTION('',(1.,0.,0.));
#2514=DIRECTION('',(0.,-1.,0.));
#2515=DIRECTION('',(0.,0.,-1.));
#2516=DIRECTION('',(0.,1.,0.));
#2517=DIRECTION('',(0.,0.,1.));
#2518=DIRECTION('',(0.,-1.,0.));
#2519=DIRECTION('',(0.,1.,0.));
#2520=DIRECTION('',(0.,0.,1.));
#2521=DIRECTION('',(0.,-1.,0.));
#2522=DIRECTION('',(-0.998006760777125,0.,0.0631070950302021));
#2523=DIRECTION('',(0.0631070950302021,0.,0.998006760777125));
#2524=DIRECTION('',(-0.0631070950302021,0.,-0.998006760777125));
#2525=DIRECTION('',(0.,1.,0.));
#2526=DIRECTION('',(-0.0631070950302021,0.,-0.998006760777125));
#2527=DIRECTION('',(0.,1.,0.));
#2528=DIRECTION('',(-0.998006760777125,0.,0.0631070950302021));
#2529=DIRECTION('',(0.0631070950302021,0.,0.998006760777125));
#2530=DIRECTION('',(-0.0631070950302021,0.,-0.998006760777125));
#2531=DIRECTION('',(0.,1.,0.));
#2532=DIRECTION('',(-0.0631070950302021,0.,-0.998006760777125));
#2533=DIRECTION('',(0.,1.,0.));
#2534=DIRECTION('',(0.,-1.,0.));
#2535=DIRECTION('',(0.,0.,-1.));
#2536=DIRECTION('',(0.,1.,0.));
#2537=DIRECTION('',(0.,0.,1.));
#2538=DIRECTION('',(0.,-1.,0.));
#2539=DIRECTION('',(0.,1.,0.));
#2540=DIRECTION('',(0.,0.,1.));
#2541=DIRECTION('',(0.,-1.,0.));
#2542=DIRECTION('',(0.998006760777125,0.,0.0631070950302033));
#2543=DIRECTION('',(0.0631070950302033,0.,-0.998006760777125));
#2544=DIRECTION('',(-0.0631070950302033,0.,0.998006760777125));
#2545=DIRECTION('',(0.,-1.,0.));
#2546=DIRECTION('',(-0.0631070950302033,0.,0.998006760777125));
#2547=DIRECTION('',(0.,1.,0.));
#2548=DIRECTION('',(0.998006760777125,0.,0.0631070950302033));
#2549=DIRECTION('',(0.0631070950302033,0.,-0.998006760777125));
#2550=DIRECTION('',(-0.0631070950302033,0.,0.998006760777125));
#2551=DIRECTION('',(0.,1.,0.));
#2552=DIRECTION('',(-0.0631070950302033,0.,0.998006760777125));
#2553=DIRECTION('',(0.,1.,0.));
#2554=DIRECTION('',(0.,-1.,0.));
#2555=DIRECTION('',(0.,0.,-1.));
#2556=DIRECTION('',(0.,-1.,0.));
#2557=DIRECTION('',(0.,0.,1.));
#2558=DIRECTION('',(0.,-1.,0.));
#2559=DIRECTION('',(0.,-1.,0.));
#2560=DIRECTION('',(0.,0.,1.));
#2561=DIRECTION('',(0.,-1.,0.));
#2562=DIRECTION('',(0.,-1.,0.));
#2563=DIRECTION('',(0.,0.,-1.));
#2564=DIRECTION('',(0.,-1.,0.));
#2565=DIRECTION('',(0.,1.,0.));
#2566=DIRECTION('',(0.,0.,1.));
#2567=DIRECTION('',(0.,-1.,0.));
#2568=DIRECTION('',(0.,1.,0.));
#2569=DIRECTION('',(0.,0.,1.));
#2570=DIRECTION('',(0.842179263823635,0.,-0.539197633141579));
#2571=DIRECTION('',(-0.539197633141579,0.,-0.842179263823635));
#2572=DIRECTION('',(0.539197633141579,0.,0.842179263823635));
#2573=DIRECTION('',(0.,1.,0.));
#2574=DIRECTION('',(0.539197633141579,0.,0.842179263823635));
#2575=DIRECTION('',(0.,-1.,0.));
#2576=DIRECTION('',(0.842179263823635,0.,0.539197633141579));
#2577=DIRECTION('',(0.539197633141579,0.,-0.842179263823635));
#2578=DIRECTION('',(-0.539197633141579,0.,0.842179263823635));
#2579=DIRECTION('',(0.,1.,0.));
#2580=DIRECTION('',(-0.539197633141579,0.,0.842179263823635));
#2581=DIRECTION('',(0.,-1.,0.));
#2582=DIRECTION('',(0.,0.,-1.));
#2583=DIRECTION('',(0.,-1.,0.));
#2584=DIRECTION('',(0.,0.,1.));
#2585=DIRECTION('',(0.,-1.,0.));
#2586=DIRECTION('',(0.,-1.,0.));
#2587=DIRECTION('',(0.,0.,1.));
#2588=DIRECTION('',(0.,-1.,0.));
#2589=DIRECTION('',(0.,-1.,0.));
#2590=DIRECTION('',(0.,0.,-1.));
#2591=DIRECTION('',(0.,1.,0.));
#2592=DIRECTION('',(0.,0.,1.));
#2593=DIRECTION('',(0.,-1.,0.));
#2594=DIRECTION('',(0.,1.,0.));
#2595=DIRECTION('',(0.,0.,1.));
#2596=DIRECTION('',(-0.709324054196704,0.,-0.704882533574178));
#2597=DIRECTION('',(-0.704882533574178,0.,0.709324054196704));
#2598=DIRECTION('',(0.704882533574178,0.,-0.709324054196704));
#2599=DIRECTION('',(0.,1.,0.));
#2600=DIRECTION('',(0.704882533574178,0.,-0.709324054196704));
#2601=DIRECTION('',(0.,-1.,0.));
#2602=DIRECTION('',(0.,-1.,0.));
#2603=DIRECTION('',(0.,0.,-1.));
#2604=DIRECTION('',(0.,-1.,0.));
#2605=DIRECTION('',(0.,0.,1.));
#2606=DIRECTION('',(0.,-1.,0.));
#2607=DIRECTION('',(0.,-1.,0.));
#2608=DIRECTION('',(0.,0.,1.));
#2609=DIRECTION('',(-0.890179744680664,0.,0.455609506222453));
#2610=DIRECTION('',(0.455609506222453,0.,0.890179744680664));
#2611=DIRECTION('',(-0.455609506222453,0.,-0.890179744680664));
#2612=DIRECTION('',(0.,-1.,0.));
#2613=DIRECTION('',(-0.455609506222453,0.,-0.890179744680664));
#2614=DIRECTION('',(0.,-1.,0.));
#2615=DIRECTION('',(0.,0.,-1.));
#2616=DIRECTION('',(0.,-1.,0.));
#2617=DIRECTION('',(0.,0.,1.));
#2618=DIRECTION('',(0.,-1.,0.));
#2619=DIRECTION('',(0.,-1.,0.));
#2620=DIRECTION('',(0.,0.,1.));
#2621=DIRECTION('',(0.890179744680664,0.,0.455609506222454));
#2622=DIRECTION('',(0.455609506222454,0.,-0.890179744680664));
#2623=DIRECTION('',(-0.455609506222454,0.,0.890179744680664));
#2624=DIRECTION('',(0.,-1.,0.));
#2625=DIRECTION('',(-0.455609506222454,0.,0.890179744680664));
#2626=DIRECTION('',(0.,-1.,0.));
#2627=DIRECTION('',(0.,0.,-1.));
#2628=DIRECTION('',(0.,-1.,0.));
#2629=DIRECTION('',(0.,0.,1.));
#2630=DIRECTION('',(0.,-1.,0.));
#2631=DIRECTION('',(0.,-1.,0.));
#2632=DIRECTION('',(0.,0.,1.));
#2633=DIRECTION('',(-0.709324054196704,0.,0.704882533574178));
#2634=DIRECTION('',(0.704882533574178,0.,0.709324054196704));
#2635=DIRECTION('',(-0.704882533574178,0.,-0.709324054196704));
#2636=DIRECTION('',(0.,1.,0.));
#2637=DIRECTION('',(-0.704882533574178,0.,-0.709324054196704));
#2638=DIRECTION('',(0.,-1.,0.));
#2639=DIRECTION('',(0.,0.,-1.));
#2640=DIRECTION('',(0.,1.,0.));
#2641=DIRECTION('',(0.,0.,1.));
#2642=DIRECTION('',(0.,-1.,0.));
#2643=DIRECTION('',(0.,1.,0.));
#2644=DIRECTION('',(0.,0.,1.));
#2645=DIRECTION('',(0.,-1.,0.));
#2646=DIRECTION('',(-0.709324054196704,0.,-0.704882533574177));
#2647=DIRECTION('',(-0.704882533574177,0.,0.709324054196704));
#2648=DIRECTION('',(0.704882533574177,0.,-0.709324054196704));
#2649=DIRECTION('',(0.,-1.,0.));
#2650=DIRECTION('',(0.704882533574177,0.,-0.709324054196704));
#2651=DIRECTION('',(0.,-1.,0.));
#2652=DIRECTION('',(0.,0.,-1.));
#2653=DIRECTION('',(0.,1.,0.));
#2654=DIRECTION('',(0.,0.,1.));
#2655=DIRECTION('',(0.,-1.,0.));
#2656=DIRECTION('',(0.,1.,0.));
#2657=DIRECTION('',(0.,0.,1.));
#2658=DIRECTION('',(-0.709324054196704,0.,0.704882533574178));
#2659=DIRECTION('',(0.704882533574178,0.,0.709324054196704));
#2660=DIRECTION('',(-0.704882533574178,0.,-0.709324054196704));
#2661=DIRECTION('',(0.,-1.,0.));
#2662=DIRECTION('',(-0.704882533574178,0.,-0.709324054196704));
#2663=DIRECTION('',(0.,-1.,0.));
#2664=DIRECTION('',(0.,-1.,0.));
#2665=DIRECTION('',(0.,0.,-1.));
#2666=DIRECTION('',(0.,1.,0.));
#2667=DIRECTION('',(0.,0.,1.));
#2668=DIRECTION('',(0.,-1.,0.));
#2669=DIRECTION('',(0.,1.,0.));
#2670=DIRECTION('',(0.,0.,1.));
#2671=DIRECTION('',(0.,-1.,0.));
#2672=DIRECTION('',(0.,-1.,0.));
#2673=DIRECTION('',(0.,0.,-1.));
#2674=DIRECTION('',(0.,1.,0.));
#2675=DIRECTION('',(0.,0.,1.));
#2676=DIRECTION('',(0.,-1.,0.));
#2677=DIRECTION('',(0.,1.,0.));
#2678=DIRECTION('',(0.,0.,1.));
#2679=DIRECTION('',(-0.709310495413787,0.,-0.704896177529604));
#2680=DIRECTION('',(-0.704896177529604,0.,0.709310495413787));
#2681=DIRECTION('',(0.704896177529604,0.,-0.709310495413787));
#2682=DIRECTION('',(0.,-1.,0.));
#2683=DIRECTION('',(0.704896177529604,0.,-0.709310495413787));
#2684=DIRECTION('',(0.,-1.,0.));
#2685=DIRECTION('',(0.,0.,-1.));
#2686=DIRECTION('',(0.,1.,0.));
#2687=DIRECTION('',(0.,0.,1.));
#2688=DIRECTION('',(0.,-1.,0.));
#2689=DIRECTION('',(0.,1.,0.));
#2690=DIRECTION('',(0.,0.,1.));
#2691=DIRECTION('',(0.890179744680664,0.,-0.455609506222454));
#2692=DIRECTION('',(-0.455609506222454,0.,-0.890179744680664));
#2693=DIRECTION('',(0.455609506222454,0.,0.890179744680664));
#2694=DIRECTION('',(0.,-1.,0.));
#2695=DIRECTION('',(0.455609506222454,0.,0.890179744680664));
#2696=DIRECTION('',(0.,-1.,0.));
#2697=DIRECTION('',(0.,0.,-1.));
#2698=DIRECTION('',(0.,1.,0.));
#2699=DIRECTION('',(0.,0.,1.));
#2700=DIRECTION('',(0.,-1.,0.));
#2701=DIRECTION('',(0.,1.,0.));
#2702=DIRECTION('',(0.,0.,1.));
#2703=DIRECTION('',(-0.890179744680664,0.,-0.455609506222453));
#2704=DIRECTION('',(-0.455609506222453,0.,0.890179744680664));
#2705=DIRECTION('',(0.455609506222453,0.,-0.890179744680664));
#2706=DIRECTION('',(0.,-1.,0.));
#2707=DIRECTION('',(0.455609506222453,0.,-0.890179744680664));
#2708=DIRECTION('',(0.,-1.,0.));
#2709=DIRECTION('',(0.,0.,-1.));
#2710=DIRECTION('',(0.,1.,0.));
#2711=DIRECTION('',(0.,0.,1.));
#2712=DIRECTION('',(0.,1.,0.));
#2713=DIRECTION('',(0.,0.,1.));
#2714=DIRECTION('',(-0.709310495413787,0.,0.704896177529604));
#2715=DIRECTION('',(0.704896177529604,0.,0.709310495413787));
#2716=DIRECTION('',(-0.704896177529604,0.,-0.709310495413787));
#2717=DIRECTION('',(-0.704896177529604,0.,-0.709310495413787));
#2718=DIRECTION('',(0.,-1.,0.));
#2719=DIRECTION('',(0.,0.,-1.));
#2720=DIRECTION('',(0.,-1.,0.));
#2721=DIRECTION('',(0.,0.,1.));
#2722=DIRECTION('',(0.,-1.,0.));
#2723=DIRECTION('',(0.,0.,1.));
#2724=DIRECTION('',(0.,-1.,0.));
#2725=DIRECTION('',(0.,0.,-1.));
#2726=DIRECTION('',(0.,1.,0.));
#2727=DIRECTION('',(0.,0.,1.));
#2728=DIRECTION('',(0.,1.,0.));
#2729=DIRECTION('',(0.,0.,1.));
#2730=DIRECTION('',(0.,-1.,0.));
#2731=DIRECTION('',(0.,0.,-1.));
#2732=DIRECTION('',(0.,1.,0.));
#2733=DIRECTION('',(0.,0.,1.));
#2734=DIRECTION('',(0.,1.,0.));
#2735=DIRECTION('',(0.,0.,1.));
#2736=DIRECTION('',(0.,1.,0.));
#2737=DIRECTION('',(-1.,0.,0.));
#2738=DIRECTION('',(0.694766616679265,0.,0.719235252436953));
#2739=DIRECTION('',(0.,1.,0.));
#2740=DIRECTION('',(0.,0.,1.));
#2741=DIRECTION('',(0.,1.,0.));
#2742=DIRECTION('',(0.,0.,1.));
#2743=DIRECTION('',(-0.0631070950302033,0.,0.998006760777125));
#2744=DIRECTION('',(0.,1.,0.));
#2745=DIRECTION('',(0.,0.,1.));
#2746=DIRECTION('',(0.898159335065298,0.,-0.439670113647791));
#2747=DIRECTION('',(0.,1.,0.));
#2748=DIRECTION('',(0.,0.,1.));
#2749=DIRECTION('',(0.,1.,0.));
#2750=DIRECTION('',(0.,0.,1.));
#2751=DIRECTION('',(-0.923357802207855,0.,-0.383940580170786));
#2752=DIRECTION('',(0.,1.,0.));
#2753=DIRECTION('',(0.,0.,1.));
#2754=DIRECTION('',(0.,1.,0.));
#2755=DIRECTION('',(0.,0.,1.));
#2756=DIRECTION('',(-0.437491442998573,0.,0.899222573839773));
#2757=DIRECTION('',(0.,1.,0.));
#2758=DIRECTION('',(0.,0.,1.));
#2759=DIRECTION('',(0.,1.,0.));
#2760=DIRECTION('',(0.,0.,1.));
#2761=DIRECTION('',(0.978458620887914,0.,0.206443036235476));
#2762=DIRECTION('',(0.,1.,0.));
#2763=DIRECTION('',(0.,0.,1.));
#2764=DIRECTION('',(0.496835962444984,0.,-0.867844471331912));
#2765=DIRECTION('',(0.,1.,0.));
#2766=DIRECTION('',(0.,0.,1.));
#2767=DIRECTION('',(0.,1.,0.));
#2768=DIRECTION('',(0.,0.,1.));
#2769=DIRECTION('',(0.269623604773202,0.,0.962965789500907));
#2770=DIRECTION('',(0.,1.,0.));
#2771=DIRECTION('',(0.,0.,1.));
#2772=DIRECTION('',(0.978458620887914,0.,0.206443036235477));
#2773=DIRECTION('',(0.,1.,0.));
#2774=DIRECTION('',(0.,0.,1.));
#2775=DIRECTION('',(0.,1.,0.));
#2776=DIRECTION('',(0.,0.,1.));
#2777=DIRECTION('',(-1.,0.,-3.62029247160367E-15));
#2778=DIRECTION('',(0.,1.,0.));
#2779=DIRECTION('',(0.,0.,1.));
#2780=DIRECTION('',(-0.820095527381905,0.,0.572226638639092));
#2781=DIRECTION('',(0.,1.,0.));
#2782=DIRECTION('',(0.,0.,1.));
#2783=DIRECTION('',(0.,1.,0.));
#2784=DIRECTION('',(0.,0.,1.));
#2785=DIRECTION('',(0.,1.,0.));
#2786=DIRECTION('',(0.,0.,1.));
#2787=DIRECTION('',(0.,1.,0.));
#2788=DIRECTION('',(0.,0.,1.));
#2789=DIRECTION('',(0.,1.,0.));
#2790=DIRECTION('',(0.,0.,1.));
#2791=DIRECTION('',(-0.866025403784431,0.,0.500000000000014));
#2792=DIRECTION('',(-0.866025403784448,0.,-0.499999999999983));
#2793=DIRECTION('',(0.,0.,-1.));
#2794=DIRECTION('',(0.86602540378443,0.,-0.500000000000015));
#2795=DIRECTION('',(0.866025403784448,0.,0.499999999999985));
#2796=DIRECTION('',(2.67078150886601E-14,0.,1.));
#2797=DIRECTION('',(0.,1.,0.));
#2798=DIRECTION('',(0.,0.,1.));
#2799=DIRECTION('',(0.,1.,0.));
#2800=DIRECTION('',(0.,0.,1.));
#2801=DIRECTION('',(0.,1.,0.));
#2802=DIRECTION('',(0.,0.,1.));
#2803=DIRECTION('',(-0.0631070950302021,0.,-0.998006760777125));
#2804=DIRECTION('',(0.,1.,0.));
#2805=DIRECTION('',(0.,0.,1.));
#2806=DIRECTION('',(-0.738425792264907,0.,-0.674334745744238));
#2807=DIRECTION('',(0.,1.,0.));
#2808=DIRECTION('',(0.,0.,1.));
#2809=DIRECTION('',(-1.,0.,-2.90132712962855E-15));
#2810=DIRECTION('',(0.,1.,0.));
#2811=DIRECTION('',(0.,0.,1.));
#2812=DIRECTION('',(0.,1.,0.));
#2813=DIRECTION('',(0.,0.,1.));
#2814=DIRECTION('',(0.,1.,0.));
#2815=DIRECTION('',(0.,0.,1.));
#2816=DIRECTION('',(-0.063107095030202,0.,-0.998006760777125));
#2817=DIRECTION('',(-0.242247051371988,0.,0.970214597963552));
#2818=DIRECTION('',(0.,1.,0.));
#2819=DIRECTION('',(0.,0.,1.));
#2820=DIRECTION('',(-0.820095527381899,0.,0.572226638639102));
#2821=DIRECTION('',(0.,1.,0.));
#2822=DIRECTION('',(0.,0.,1.));
#2823=DIRECTION('',(0.0631070950302031,0.,-0.998006760777125));
#2824=DIRECTION('',(0.,1.,0.));
#2825=DIRECTION('',(0.,0.,1.));
#2826=DIRECTION('',(0.,1.,0.));
#2827=DIRECTION('',(0.,0.,1.));
#2828=DIRECTION('',(0.269623604773202,0.,0.962965789500907));
#2829=DIRECTION('',(0.,1.,0.));
#2830=DIRECTION('',(0.,0.,1.));
#2831=DIRECTION('',(-0.738425792264906,0.,-0.674334745744238));
#2832=DIRECTION('',(0.,1.,0.));
#2833=DIRECTION('',(0.,0.,1.));
#2834=DIRECTION('',(0.898159335065297,0.,-0.439670113647792));
#2835=DIRECTION('',(0.,1.,0.));
#2836=DIRECTION('',(0.,0.,1.));
#2837=DIRECTION('',(0.496835962444984,0.,-0.867844471331913));
#2838=DIRECTION('',(0.,1.,0.));
#2839=DIRECTION('',(0.,0.,1.));
#2840=DIRECTION('',(-0.923357802207855,0.,-0.383940580170785));
#2841=DIRECTION('',(0.,1.,0.));
#2842=DIRECTION('',(0.,0.,1.));
#2843=DIRECTION('',(0.906869942205702,0.,-0.421410616766861));
#2844=DIRECTION('',(0.,1.,0.));
#2845=DIRECTION('',(0.,0.,1.));
#2846=DIRECTION('',(0.906869942205702,0.,-0.421410616766861));
#2847=DIRECTION('',(0.,1.,0.));
#2848=DIRECTION('',(0.,0.,1.));
#2849=DIRECTION('',(-0.437491442998574,0.,0.899222573839773));
#2850=DIRECTION('',(0.,1.,0.));
#2851=DIRECTION('',(0.,0.,1.));
#2852=DIRECTION('',(0.694766616679264,0.,0.719235252436954));
#2853=DIRECTION('',(0.,1.,0.));
#2854=DIRECTION('',(0.,0.,1.));
#2855=DIRECTION('',(0.,1.,0.));
#2856=DIRECTION('',(-1.,0.,0.));
#2857=DIRECTION('',(0.,1.,0.));
#2858=DIRECTION('',(0.,0.,1.));
#2859=DIRECTION('',(0.694766616679265,0.,0.719235252436953));
#2860=DIRECTION('',(0.,1.,0.));
#2861=DIRECTION('',(0.,0.,1.));
#2862=DIRECTION('',(-0.0631070950302033,0.,0.998006760777125));
#2863=DIRECTION('',(0.,1.,0.));
#2864=DIRECTION('',(0.,0.,1.));
#2865=DIRECTION('',(0.,1.,0.));
#2866=DIRECTION('',(0.,0.,1.));
#2867=DIRECTION('',(0.496835962444984,0.,-0.867844471331912));
#2868=DIRECTION('',(0.,1.,0.));
#2869=DIRECTION('',(0.,0.,1.));
#2870=DIRECTION('',(0.978458620887914,0.,0.206443036235476));
#2871=DIRECTION('',(0.,1.,0.));
#2872=DIRECTION('',(0.,0.,1.));
#2873=DIRECTION('',(0.,1.,0.));
#2874=DIRECTION('',(0.,0.,1.));
#2875=DIRECTION('',(0.978458620887914,0.,0.206443036235477));
#2876=DIRECTION('',(0.,1.,0.));
#2877=DIRECTION('',(0.,0.,1.));
#2878=DIRECTION('',(0.269623604773202,0.,0.962965789500907));
#2879=DIRECTION('',(0.,1.,0.));
#2880=DIRECTION('',(0.,0.,1.));
#2881=DIRECTION('',(0.,1.,0.));
#2882=DIRECTION('',(0.,0.,1.));
#2883=DIRECTION('',(0.898159335065298,0.,-0.439670113647791));
#2884=DIRECTION('',(0.,1.,0.));
#2885=DIRECTION('',(0.,0.,1.));
#2886=DIRECTION('',(-0.923357802207855,0.,-0.383940580170786));
#2887=DIRECTION('',(0.,1.,0.));
#2888=DIRECTION('',(0.,0.,1.));
#2889=DIRECTION('',(0.,1.,0.));
#2890=DIRECTION('',(0.,0.,1.));
#2891=DIRECTION('',(-0.437491442998573,0.,0.899222573839773));
#2892=DIRECTION('',(0.,1.,0.));
#2893=DIRECTION('',(0.,0.,1.));
#2894=DIRECTION('',(0.,1.,0.));
#2895=DIRECTION('',(0.,0.,1.));
#2896=DIRECTION('',(0.,1.,0.));
#2897=DIRECTION('',(0.,0.,1.));
#2898=DIRECTION('',(-1.,0.,-2.90132712962855E-15));
#2899=DIRECTION('',(0.,1.,0.));
#2900=DIRECTION('',(0.,0.,1.));
#2901=DIRECTION('',(-0.738425792264907,0.,-0.674334745744238));
#2902=DIRECTION('',(0.,1.,0.));
#2903=DIRECTION('',(0.,0.,1.));
#2904=DIRECTION('',(-0.0631070950302021,0.,-0.998006760777125));
#2905=DIRECTION('',(0.,1.,0.));
#2906=DIRECTION('',(0.,0.,1.));
#2907=DIRECTION('',(-0.866025403784448,0.,-0.499999999999983));
#2908=DIRECTION('',(-0.866025403784431,0.,0.500000000000014));
#2909=DIRECTION('',(2.67078150886601E-14,0.,1.));
#2910=DIRECTION('',(0.866025403784448,0.,0.499999999999985));
#2911=DIRECTION('',(0.86602540378443,0.,-0.500000000000015));
#2912=DIRECTION('',(0.,0.,-1.));
#2913=DIRECTION('',(0.,1.,0.));
#2914=DIRECTION('',(0.,0.,1.));
#2915=DIRECTION('',(0.,1.,0.));
#2916=DIRECTION('',(0.,0.,1.));
#2917=DIRECTION('',(-0.820095527381905,0.,0.572226638639092));
#2918=DIRECTION('',(0.,1.,0.));
#2919=DIRECTION('',(0.,0.,1.));
#2920=DIRECTION('',(-1.,0.,-3.62029247160367E-15));
#2921=DIRECTION('',(0.,1.,0.));
#2922=DIRECTION('',(0.,0.,1.));
#2923=DIRECTION('',(0.,1.,0.));
#2924=DIRECTION('',(0.,0.,1.));
#2925=DIRECTION('',(0.,1.,0.));
#2926=DIRECTION('',(0.,0.,1.));
#2927=DIRECTION('',(0.,1.,0.));
#2928=DIRECTION('',(0.,0.,1.));
#2929=DIRECTION('',(0.,1.,0.));
#2930=DIRECTION('',(0.,0.,1.));
#2931=DIRECTION('',(0.,1.,0.));
#2932=DIRECTION('',(0.,0.,1.));
#2933=DIRECTION('',(0.,1.,0.));
#2934=DIRECTION('',(0.,0.,1.));
#2935=DIRECTION('',(0.0631070950302031,0.,-0.998006760777125));
#2936=DIRECTION('',(0.,1.,0.));
#2937=DIRECTION('',(0.,0.,1.));
#2938=DIRECTION('',(-0.820095527381899,0.,0.572226638639102));
#2939=DIRECTION('',(0.,1.,0.));
#2940=DIRECTION('',(0.,0.,1.));
#2941=DIRECTION('',(-0.242247051371988,0.,0.970214597963552));
#2942=DIRECTION('',(-0.063107095030202,0.,-0.998006760777125));
#2943=DIRECTION('',(0.,1.,0.));
#2944=DIRECTION('',(0.,0.,1.));
#2945=DIRECTION('',(0.,1.,0.));
#2946=DIRECTION('',(0.,0.,1.));
#2947=DIRECTION('',(-0.738425792264906,0.,-0.674334745744238));
#2948=DIRECTION('',(0.,1.,0.));
#2949=DIRECTION('',(0.,0.,1.));
#2950=DIRECTION('',(0.269623604773202,0.,0.962965789500907));
#2951=DIRECTION('',(0.,1.,0.));
#2952=DIRECTION('',(0.,0.,1.));
#2953=DIRECTION('',(0.898159335065297,0.,-0.439670113647792));
#2954=DIRECTION('',(0.,1.,0.));
#2955=DIRECTION('',(0.,0.,1.));
#2956=DIRECTION('',(-0.923357802207855,0.,-0.383940580170785));
#2957=DIRECTION('',(0.,1.,0.));
#2958=DIRECTION('',(0.,0.,1.));
#2959=DIRECTION('',(0.496835962444984,0.,-0.867844471331913));
#2960=DIRECTION('',(0.,1.,0.));
#2961=DIRECTION('',(0.,0.,1.));
#2962=DIRECTION('',(0.906869942205702,0.,-0.421410616766861));
#2963=DIRECTION('',(0.,1.,0.));
#2964=DIRECTION('',(0.,0.,1.));
#2965=DIRECTION('',(-0.437491442998574,0.,0.899222573839773));
#2966=DIRECTION('',(0.,1.,0.));
#2967=DIRECTION('',(0.,0.,1.));
#2968=DIRECTION('',(0.906869942205702,0.,-0.421410616766861));
#2969=DIRECTION('',(0.,1.,0.));
#2970=DIRECTION('',(0.,0.,1.));
#2971=DIRECTION('',(0.694766616679264,0.,0.719235252436954));
#2972=DIRECTION('',(0.,1.,0.));
#2973=DIRECTION('',(0.,0.,1.));
#2974=DIRECTION('',(-0.998006760777125,0.,0.0631070950302021));
#2975=DIRECTION('',(0.0631070950302021,0.,0.998006760777125));
#2976=DIRECTION('',(0.,1.,0.));
#2977=DIRECTION('',(0.,1.,0.));
#2978=DIRECTION('',(0.,-1.,0.));
#2979=DIRECTION('',(0.,0.,-1.));
#2980=DIRECTION('',(0.,-1.,0.));
#2981=DIRECTION('',(0.,-1.,0.));
#2982=DIRECTION('',(0.,-1.,0.));
#2983=DIRECTION('',(0.,0.,-1.));
#2984=DIRECTION('',(0.,-1.,0.));
#2985=DIRECTION('',(0.,-1.,0.));
#2986=DIRECTION('',(-0.998006760777125,0.,0.063107095030202));
#2987=DIRECTION('',(0.063107095030202,0.,0.998006760777125));
#2988=DIRECTION('',(0.,-1.,0.));
#2989=DIRECTION('',(0.970214597963552,0.,0.242247051371988));
#2990=DIRECTION('',(0.242247051371988,0.,-0.970214597963552));
#2991=DIRECTION('',(0.,-1.,0.));
#2992=DIRECTION('',(0.,-1.,0.));
#2993=DIRECTION('',(0.,0.,-1.));
#2994=DIRECTION('',(0.,-1.,0.));
#2995=DIRECTION('',(0.572226638639102,0.,0.820095527381899));
#2996=DIRECTION('',(0.820095527381899,0.,-0.572226638639102));
#2997=DIRECTION('',(0.,-1.,0.));
#2998=DIRECTION('',(0.,-1.,0.));
#2999=DIRECTION('',(0.,0.,-1.));
#3000=DIRECTION('',(0.,-1.,0.));
#3001=DIRECTION('',(-0.998006760777125,0.,-0.0631070950302031));
#3002=DIRECTION('',(-0.0631070950302031,0.,0.998006760777125));
#3003=DIRECTION('',(0.998006760777125,0.,0.0631070950302033));
#3004=DIRECTION('',(0.0631070950302033,0.,-0.998006760777125));
#3005=DIRECTION('',(0.,1.,0.));
#3006=DIRECTION('',(0.,1.,0.));
#3007=DIRECTION('',(0.572226638639092,0.,0.820095527381905));
#3008=DIRECTION('',(0.820095527381905,0.,-0.572226638639092));
#3009=DIRECTION('',(0.,1.,0.));
#3010=DIRECTION('',(0.,1.,0.));
#3011=DIRECTION('',(0.,1.,0.));
#3012=DIRECTION('',(0.,0.,1.));
#3013=DIRECTION('',(0.,1.,0.));
#3014=DIRECTION('',(0.,0.,1.));
#3015=DIRECTION('',(-0.500000000000014,0.,-0.866025403784431));
#3016=DIRECTION('',(-0.866025403784431,0.,0.500000000000014));
#3017=DIRECTION('',(0.,1.,0.));
#3018=DIRECTION('',(0.,1.,0.));
#3019=DIRECTION('',(-1.,0.,2.67078150886601E-14));
#3020=DIRECTION('',(2.67078150886601E-14,0.,1.));
#3021=DIRECTION('',(0.,1.,0.));
#3022=DIRECTION('',(-0.499999999999985,0.,0.866025403784447));
#3023=DIRECTION('',(0.866025403784448,0.,0.499999999999985));
#3024=DIRECTION('',(0.,1.,0.));
#3025=DIRECTION('',(0.500000000000015,0.,0.86602540378443));
#3026=DIRECTION('',(0.86602540378443,0.,-0.500000000000015));
#3027=DIRECTION('',(0.,1.,0.));
#3028=DIRECTION('',(1.,0.,0.));
#3029=DIRECTION('',(0.,0.,-1.));
#3030=DIRECTION('',(0.,1.,0.));
#3031=DIRECTION('',(0.499999999999983,0.,-0.866025403784448));
#3032=DIRECTION('',(-0.866025403784448,0.,-0.499999999999983));
#3033=DIRECTION('',(2.90132712962855E-15,0.,-1.));
#3034=DIRECTION('',(-1.,0.,-2.90132712962855E-15));
#3035=DIRECTION('',(0.,1.,0.));
#3036=DIRECTION('',(0.,-1.,0.));
#3037=DIRECTION('',(3.62029247160367E-15,0.,-1.));
#3038=DIRECTION('',(-1.,0.,-3.62029247160367E-15));
#3039=DIRECTION('',(0.,1.,0.));
#3040=DIRECTION('',(0.,1.,0.));
#3041=DIRECTION('',(0.421410616766861,0.,0.906869942205702));
#3042=DIRECTION('',(0.906869942205702,0.,-0.421410616766861));
#3043=DIRECTION('',(0.,1.,0.));
#3044=DIRECTION('',(0.,1.,0.));
#3045=DIRECTION('',(-0.899222573839773,0.,-0.437491442998574));
#3046=DIRECTION('',(-0.437491442998574,0.,0.899222573839773));
#3047=DIRECTION('',(0.,1.,0.));
#3048=DIRECTION('',(0.,1.,0.));
#3049=DIRECTION('',(0.383940580170785,0.,-0.923357802207855));
#3050=DIRECTION('',(-0.923357802207855,0.,-0.383940580170785));
#3051=DIRECTION('',(0.,1.,0.));
#3052=DIRECTION('',(0.,1.,0.));
#3053=DIRECTION('',(0.421410616766861,0.,0.906869942205702));
#3054=DIRECTION('',(0.906869942205702,0.,-0.421410616766861));
#3055=DIRECTION('',(0.,1.,0.));
#3056=DIRECTION('',(0.,1.,0.));
#3057=DIRECTION('',(0.674334745744238,0.,-0.738425792264906));
#3058=DIRECTION('',(-0.738425792264906,0.,-0.674334745744238));
#3059=DIRECTION('',(0.,1.,0.));
#3060=DIRECTION('',(0.,1.,0.));
#3061=DIRECTION('',(0.439670113647792,0.,0.898159335065297));
#3062=DIRECTION('',(0.898159335065297,0.,-0.439670113647792));
#3063=DIRECTION('',(0.,1.,0.));
#3064=DIRECTION('',(0.,1.,0.));
#3065=DIRECTION('',(-0.962965789500907,0.,0.269623604773202));
#3066=DIRECTION('',(0.269623604773202,0.,0.962965789500907));
#3067=DIRECTION('',(0.,-1.,0.));
#3068=DIRECTION('',(0.,1.,0.));
#3069=DIRECTION('',(-0.206443036235477,0.,0.978458620887914));
#3070=DIRECTION('',(0.978458620887914,0.,0.206443036235477));
#3071=DIRECTION('',(0.,1.,0.));
#3072=DIRECTION('',(0.,1.,0.));
#3073=DIRECTION('',(-0.206443036235476,0.,0.978458620887914));
#3074=DIRECTION('',(0.978458620887914,0.,0.206443036235476));
#3075=DIRECTION('',(0.,1.,0.));
#3076=DIRECTION('',(0.,1.,0.));
#3077=DIRECTION('',(0.867844471331912,0.,0.496835962444984));
#3078=DIRECTION('',(0.496835962444984,0.,-0.867844471331912));
#3079=DIRECTION('',(0.,1.,0.));
#3080=DIRECTION('',(0.,1.,0.));
#3081=DIRECTION('',(-0.719235252436953,0.,0.694766616679265));
#3082=DIRECTION('',(0.694766616679265,0.,0.719235252436953));
#3083=DIRECTION('',(0.,1.,0.));
#3084=DIRECTION('',(0.,1.,0.));
#3085=DIRECTION('',(-0.899222573839773,0.,-0.437491442998573));
#3086=DIRECTION('',(-0.437491442998573,0.,0.899222573839773));
#3087=DIRECTION('',(0.,-1.,0.));
#3088=DIRECTION('',(0.,1.,0.));
#3089=DIRECTION('',(0.383940580170786,0.,-0.923357802207855));
#3090=DIRECTION('',(-0.923357802207855,0.,-0.383940580170786));
#3091=DIRECTION('',(0.,1.,0.));
#3092=DIRECTION('',(0.,1.,0.));
#3093=DIRECTION('',(0.439670113647791,0.,0.898159335065298));
#3094=DIRECTION('',(0.898159335065298,0.,-0.439670113647791));
#3095=DIRECTION('',(0.,1.,0.));
#3096=DIRECTION('',(0.,1.,0.));
#3097=DIRECTION('',(0.867844471331913,0.,0.496835962444984));
#3098=DIRECTION('',(0.496835962444984,0.,-0.867844471331913));
#3099=DIRECTION('',(0.,1.,0.));
#3100=DIRECTION('',(0.,1.,0.));
#3101=DIRECTION('',(-0.962965789500906,0.,0.269623604773202));
#3102=DIRECTION('',(0.269623604773202,0.,0.962965789500906));
#3103=DIRECTION('',(0.,1.,0.));
#3104=DIRECTION('',(0.,1.,0.));
#3105=DIRECTION('',(0.674334745744238,0.,-0.738425792264907));
#3106=DIRECTION('',(-0.738425792264907,0.,-0.674334745744238));
#3107=DIRECTION('',(0.,1.,0.));
#3108=DIRECTION('',(0.,1.,0.));
#3109=DIRECTION('',(-0.719235252436954,0.,0.694766616679264));
#3110=DIRECTION('',(0.694766616679264,0.,0.719235252436954));
#3111=DIRECTION('',(0.,1.,0.));
#3112=DIRECTION('',(0.,1.,0.));
#3113=DIRECTION('',(0.,-1.,0.));
#3114=DIRECTION('',(0.,0.,-1.));
#3115=DIRECTION('',(0.,-1.,0.));
#3116=DIRECTION('',(0.,0.,-1.));
#3117=DIRECTION('',(0.,1.,0.));
#3118=DIRECTION('',(0.,0.,1.));
#3119=DIRECTION('',(0.,-1.,0.));
#3120=DIRECTION('',(0.,0.,-1.));
#3121=DIRECTION('',(0.,-1.,0.));
#3122=DIRECTION('',(0.,0.,-1.));
#3123=DIRECTION('',(0.,-1.,0.));
#3124=DIRECTION('',(0.,0.,-1.));
#3125=DIRECTION('',(0.,-1.,0.));
#3126=DIRECTION('',(0.,0.,-1.));
#3127=DIRECTION('',(0.,1.,0.));
#3128=DIRECTION('',(0.,0.,1.));
#3129=DIRECTION('',(0.,1.,0.));
#3130=DIRECTION('',(0.,0.,1.));
#3131=DIRECTION('',(0.,-1.,0.));
#3132=DIRECTION('',(0.,0.,-1.));
#3133=DIRECTION('',(0.,1.,0.));
#3134=DIRECTION('',(0.,0.,1.));
#3135=DIRECTION('',(0.,1.,0.));
#3136=DIRECTION('',(0.,0.,1.));
#3137=DIRECTION('',(0.,1.,0.));
#3138=DIRECTION('',(0.,0.,1.));
#3139=DIRECTION('',(0.,-1.,0.));
#3140=DIRECTION('',(0.,0.,-1.));
#3141=DIRECTION('',(0.,-1.,0.));
#3142=DIRECTION('',(0.,0.,-1.));
#3143=DIRECTION('',(0.,1.,0.));
#3144=DIRECTION('',(0.,0.,1.));
#3145=DIRECTION('',(0.,1.,0.));
#3146=DIRECTION('',(0.,0.,1.));
#3147=DIRECTION('',(0.,-1.,0.));
#3148=DIRECTION('',(0.,0.,-1.));
#3149=DIRECTION('',(0.,-1.,0.));
#3150=DIRECTION('',(0.,0.,-1.));
#3151=DIRECTION('',(0.,-1.,0.));
#3152=DIRECTION('',(0.,0.,-1.));
#3153=DIRECTION('',(0.,1.,0.));
#3154=DIRECTION('',(0.,0.,1.));
#3155=DIRECTION('',(0.,1.,0.));
#3156=DIRECTION('',(0.,0.,1.));
#3157=DIRECTION('',(0.,-1.,0.));
#3158=DIRECTION('',(0.,0.,-1.));
#3159=DIRECTION('',(0.,-1.,0.));
#3160=DIRECTION('',(0.,0.,-1.));
#3161=DIRECTION('',(0.,-1.,0.));
#3162=DIRECTION('',(0.,0.,-1.));
#3163=DIRECTION('',(0.,-1.,0.));
#3164=DIRECTION('',(0.,0.,-1.));
#3165=DIRECTION('',(0.,-1.,0.));
#3166=DIRECTION('',(0.,0.,-1.));
#3167=DIRECTION('',(0.,-1.,0.));
#3168=DIRECTION('',(0.,0.,-1.));
#3169=DIRECTION('',(0.,-1.,0.));
#3170=DIRECTION('',(0.,0.,-1.));
#3171=DIRECTION('',(0.,-1.,0.));
#3172=DIRECTION('',(0.,0.,-1.));
#3173=DIRECTION('',(0.,1.,0.));
#3174=DIRECTION('',(0.,0.,1.));
#3175=DIRECTION('',(0.,1.,0.));
#3176=DIRECTION('',(0.,0.,1.));
#3177=DIRECTION('',(0.,1.,0.));
#3178=DIRECTION('',(0.,0.,1.));
#3179=DIRECTION('',(0.,1.,0.));
#3180=DIRECTION('',(0.,0.,1.));
#3181=DIRECTION('',(0.,-1.,0.));
#3182=DIRECTION('',(0.,0.,-1.));
#3183=DIRECTION('',(0.,-1.,0.));
#3184=DIRECTION('',(0.,0.,-1.));
#3185=CARTESIAN_POINT('',(0.,0.,0.));
#3186=CARTESIAN_POINT('',(0.,0.2163,0.));
#3187=CARTESIAN_POINT('',(0.,0.2163,0.));
#3188=CARTESIAN_POINT('',(0.00428595261399595,0.2163,0.011742257457175));
#3189=CARTESIAN_POINT('',(0.0105272407977954,0.2163,0.00673997041426974));
#3190=CARTESIAN_POINT('',(0.00428595261399595,0.2163,0.011742257457175));
#3191=CARTESIAN_POINT('',(0.00428595261399595,0.2113,0.011742257457175));
#3192=CARTESIAN_POINT('',(0.,0.2113,0.));
#3193=CARTESIAN_POINT('',(0.0105272407977954,0.2113,0.00673997041426974));
#3194=CARTESIAN_POINT('',(0.0105272407977954,0.2163,0.00673997041426974));
#3195=CARTESIAN_POINT('',(-0.0145281911715867,0.2163,0.0302229835614771));
#3196=CARTESIAN_POINT('',(-0.0145281911715867,0.2113,0.0302229835614771));
#3197=CARTESIAN_POINT('',(-0.0143995520129653,0.2113,0.032257346733215));
#3198=CARTESIAN_POINT('',(-0.0162483970940987,0.2113,0.00301879772826461));
#3199=CARTESIAN_POINT('',(-0.0162483970940987,0.2163,0.00301879772826461));
#3200=CARTESIAN_POINT('',(-0.0162483970940987,0.2163,0.00301879772826461));
#3201=CARTESIAN_POINT('',(-0.0145281911715867,0.2163,0.0302229835614771));
#3202=CARTESIAN_POINT('',(-0.0143995520129653,0.2163,0.032257346733215));
#3203=CARTESIAN_POINT('',(-0.0143995520129653,0.2163,0.032257346733215));
#3204=CARTESIAN_POINT('',(-0.0145281911715867,0.2163,0.0302229835614771));
#3205=CARTESIAN_POINT('',(-0.0145281911715867,0.2113,0.0302229835614771));
#3206=CARTESIAN_POINT('',(-0.0131535336794089,0.2113,0.0519624958982412));
#3207=CARTESIAN_POINT('',(-0.0135913651713854,0.2113,0.0450384124989875));
#3208=CARTESIAN_POINT('',(-0.0135913651713854,0.2163,0.0450384124989875));
#3209=CARTESIAN_POINT('',(-0.0135913651713854,0.2163,0.0450384124989875));
#3210=CARTESIAN_POINT('',(-0.0145281911715867,0.2163,0.0302229835614771));
#3211=CARTESIAN_POINT('',(-0.0131535336794089,0.2163,0.0519624958982412));
#3212=CARTESIAN_POINT('',(-0.0131535336794089,0.2113,0.0519624958982412));
#3213=CARTESIAN_POINT('',(-0.0115000000000004,0.2163,0.0781122939587056));
#3214=CARTESIAN_POINT('',(-0.0115000000000004,0.2113,0.0781122939587056));
#3215=CARTESIAN_POINT('',(-0.00706439900205008,0.2113,0.0758046016510133));
#3216=CARTESIAN_POINT('',(-0.0106554724403531,0.2113,0.0731841327193592));
#3217=CARTESIAN_POINT('',(-0.0106554724403531,0.2163,0.0731841327193592));
#3218=CARTESIAN_POINT('',(-0.0106554724403531,0.2163,0.0731841327193592));
#3219=CARTESIAN_POINT('',(-0.0115000000000004,0.2163,0.0781122939587056));
#3220=CARTESIAN_POINT('',(-0.00706439900205008,0.2163,0.0758046016510133));
#3221=CARTESIAN_POINT('',(-0.00706439900205008,0.2163,0.0758046016510133));
#3222=CARTESIAN_POINT('',(0.0145281911715867,0.2163,0.0302229835614771));
#3223=CARTESIAN_POINT('',(0.0145281911715867,0.2113,0.0302229835614771));
#3224=CARTESIAN_POINT('',(0.013090520805483,0.2113,0.0529590125999499));
#3225=CARTESIAN_POINT('',(0.0121589017726324,0.2113,0.0676920959847665));
#3226=CARTESIAN_POINT('',(0.0121589017726324,0.2113,0.0676920959847666));
#3227=CARTESIAN_POINT('',(0.0121589017726324,0.2163,0.0676920959847665));
#3228=CARTESIAN_POINT('',(0.0145281911715867,0.2163,0.0302229835614771));
#3229=CARTESIAN_POINT('',(0.013090520805483,0.2163,0.0529590125999499));
#3230=CARTESIAN_POINT('',(0.013090520805483,0.2163,0.0529590125999499));
#3231=CARTESIAN_POINT('',(0.0145281911715867,0.2163,0.0302229835614771));
#3232=CARTESIAN_POINT('',(0.0145281911715867,0.2163,0.0302229835614771));
#3233=CARTESIAN_POINT('',(0.0140655992994918,0.2163,0.0375386398376891));
#3234=CARTESIAN_POINT('',(0.0134731672583948,0.2163,0.046907652656815));
#3235=CARTESIAN_POINT('',(0.0140655992994918,0.2163,0.0375386398376891));
#3236=CARTESIAN_POINT('',(0.0140655992994918,0.2113,0.0375386398376891));
#3237=CARTESIAN_POINT('',(0.0145281911715867,0.2113,0.0302229835614771));
#3238=CARTESIAN_POINT('',(0.0134731672583948,0.2113,0.046907652656815));
#3239=CARTESIAN_POINT('',(0.0134731672583948,0.2163,0.046907652656815));
#3240=CARTESIAN_POINT('',(0.017556382343173,0.2163,-0.0176663268357515));
#3241=CARTESIAN_POINT('',(0.017556382343173,0.2163,-0.0176663268357515));
#3242=CARTESIAN_POINT('',(0.0211030026141566,0.2163,-0.0211907395036224));
#3243=CARTESIAN_POINT('',(0.0225464161470586,0.2163,-0.0173507913606005));
#3244=CARTESIAN_POINT('',(0.0225464161470586,0.2163,-0.0173507913606005));
#3245=CARTESIAN_POINT('',(0.0225464161470586,0.2113,-0.0173507913606005));
#3246=CARTESIAN_POINT('',(0.017556382343173,0.2113,-0.0176663268357515));
#3247=CARTESIAN_POINT('',(0.0211030026141566,0.2113,-0.0211907395036224));
#3248=CARTESIAN_POINT('',(0.0211030026141566,0.2163,-0.0211907395036224));
#3249=CARTESIAN_POINT('',(-0.017556382343173,0.2163,-0.0176663268357515));
#3250=CARTESIAN_POINT('',(-0.0225464161470586,0.2163,-0.0173507913606006));
#3251=CARTESIAN_POINT('',(-0.0225464161470587,0.2163,-0.0173507913606006));
#3252=CARTESIAN_POINT('',(-0.0225464161470587,0.2113,-0.0173507913606006));
#3253=CARTESIAN_POINT('',(-0.017556382343173,0.2163,-0.0176663268357515));
#3254=CARTESIAN_POINT('',(-0.0211030026141566,0.2163,-0.0211907395036224));
#3255=CARTESIAN_POINT('',(-0.0211030026141566,0.2163,-0.0211907395036224));
#3256=CARTESIAN_POINT('',(-0.0211030026141566,0.2113,-0.0211907395036224));
#3257=CARTESIAN_POINT('',(-0.017556382343173,0.2113,-0.0176663268357515));
#3258=CARTESIAN_POINT('',(-0.0147314622825585,0.2163,0.000173346346653419));
#3259=CARTESIAN_POINT('',(-0.0147314622825585,0.2163,0.000173346346653419));
#3260=CARTESIAN_POINT('',(-0.0134881180571975,0.2163,0.00211534063600693));
#3261=CARTESIAN_POINT('',(-0.0105272407977954,0.2163,0.00673997041426974));
#3262=CARTESIAN_POINT('',(-0.0134881180571975,0.2113,0.00211534063600693));
#3263=CARTESIAN_POINT('',(-0.0134881180571975,0.2113,0.00211534063600693));
#3264=CARTESIAN_POINT('',(-0.0147314622825585,0.2113,0.000173346346653419));
#3265=CARTESIAN_POINT('',(-0.0105272407977954,0.2113,0.00673997041426974));
#3266=CARTESIAN_POINT('',(-0.0105272407977954,0.2163,0.00673997041426974));
#3267=CARTESIAN_POINT('',(0.0147314622825585,0.2163,0.000173346346653419));
#3268=CARTESIAN_POINT('',(0.0147314622825585,0.2113,0.000173346346653419));
#3269=CARTESIAN_POINT('',(0.0134881180571975,0.2113,0.00211534063600696));
#3270=CARTESIAN_POINT('',(0.0134881180571975,0.2163,0.00211534063600696));
#3271=CARTESIAN_POINT('',(0.0134881180571975,0.2163,0.00211534063600696));
#3272=CARTESIAN_POINT('',(0.0147314622825585,0.2163,0.000173346346653419));
#3273=CARTESIAN_POINT('',(-0.0120342617301725,0.2163,-0.014237597634506));
#3274=CARTESIAN_POINT('',(-0.0120342617301725,0.2113,-0.014237597634506));
#3275=CARTESIAN_POINT('',(-0.0130982274732931,0.2113,-0.0131802533682116));
#3276=CARTESIAN_POINT('',(-0.0133085972562495,0.2113,-0.0150288428347934));
#3277=CARTESIAN_POINT('',(-0.0133085972562495,0.2163,-0.0150288428347934));
#3278=CARTESIAN_POINT('',(-0.0133085972562495,0.2163,-0.0150288428347934));
#3279=CARTESIAN_POINT('',(-0.0120342617301725,0.2163,-0.014237597634506));
#3280=CARTESIAN_POINT('',(-0.0130982274732931,0.2163,-0.0131802533682116));
#3281=CARTESIAN_POINT('',(-0.0130982274732931,0.2163,-0.0131802533682116));
#3282=CARTESIAN_POINT('',(-0.017556382343173,0.2163,-0.0176663268357515));
#3283=CARTESIAN_POINT('',(-0.017556382343173,0.2113,-0.0176663268357515));
#3284=CARTESIAN_POINT('',(-0.0133086479899238,0.2113,-0.0203038925437911));
#3285=CARTESIAN_POINT('',(-0.0133086479899238,0.2163,-0.0203038925437911));
#3286=CARTESIAN_POINT('',(-0.0133086479899238,0.2163,-0.0203038925437911));
#3287=CARTESIAN_POINT('',(-0.017556382343173,0.2163,-0.0176663268357515));
#3288=CARTESIAN_POINT('',(-0.00701598483765109,0.2163,-0.0282731402200342));
#3289=CARTESIAN_POINT('',(-0.00701598483765109,0.2163,-0.0282731402200342));
#3290=CARTESIAN_POINT('',(-0.013098313765244,0.2163,-0.0221524860565641));
#3291=CARTESIAN_POINT('',(-0.01072576572242,0.2163,-0.0245399837123495));
#3292=CARTESIAN_POINT('',(-0.013098313765244,0.2113,-0.0221524860565641));
#3293=CARTESIAN_POINT('',(-0.013098313765244,0.2113,-0.0221524860565641));
#3294=CARTESIAN_POINT('',(-0.00701598483765109,0.2113,-0.0282731402200342));
#3295=CARTESIAN_POINT('',(-0.01072576572242,0.2113,-0.0245399837123495));
#3296=CARTESIAN_POINT('',(-0.01072576572242,0.2163,-0.0245399837123495));
#3297=CARTESIAN_POINT('',(-0.00966177964112491,0.2163,-0.0234826599119883));
#3298=CARTESIAN_POINT('',(-0.00966177964112491,0.2113,-0.0234826599119883));
#3299=CARTESIAN_POINT('',(-0.0083265100241039,0.2113,-0.0241660741713219));
#3300=CARTESIAN_POINT('',(-0.0083265100241039,0.2163,-0.0241660741713219));
#3301=CARTESIAN_POINT('',(-0.0083265100241039,0.2163,-0.0241660741713219));
#3302=CARTESIAN_POINT('',(-0.00966177964112491,0.2163,-0.0234826599119883));
#3303=CARTESIAN_POINT('',(-0.00828323323178398,0.2163,-0.0240815190349347));
#3304=CARTESIAN_POINT('',(-0.00828323323178398,0.2113,-0.0240815190349347));
#3305=CARTESIAN_POINT('',(-0.0053497833275819,0.2113,-0.0183500809260004));
#3306=CARTESIAN_POINT('',(-0.0053497833275819,0.2163,-0.0183500809260004));
#3307=CARTESIAN_POINT('',(-0.0053497833275819,0.2163,-0.0183500809260004));
#3308=CARTESIAN_POINT('',(-0.00828323323178398,0.2163,-0.0240815190349347));
#3309=CARTESIAN_POINT('',(-0.00668505294460287,0.2163,-0.0176666666666666));
#3310=CARTESIAN_POINT('',(-0.00668505294460287,0.2113,-0.0176666666666666));
#3311=CARTESIAN_POINT('',(-0.0053497833275819,0.2113,-0.016983252407333));
#3312=CARTESIAN_POINT('',(-0.0053497833275819,0.2163,-0.016983252407333));
#3313=CARTESIAN_POINT('',(-0.0053497833275819,0.2163,-0.016983252407333));
#3314=CARTESIAN_POINT('',(-0.00668505294460287,0.2163,-0.0176666666666666));
#3315=CARTESIAN_POINT('',(-0.00828323323178398,0.2163,-0.0112518142983986));
#3316=CARTESIAN_POINT('',(-0.00828323323178398,0.2113,-0.0112518142983986));
#3317=CARTESIAN_POINT('',(-0.00832665029956298,0.2113,-0.0111669850887741));
#3318=CARTESIAN_POINT('',(-0.00832665029956298,0.2163,-0.0111669850887741));
#3319=CARTESIAN_POINT('',(-0.00832665029956298,0.2163,-0.0111669850887741));
#3320=CARTESIAN_POINT('',(-0.00828323323178398,0.2163,-0.0112518142983986));
#3321=CARTESIAN_POINT('',(-0.00966191991658394,0.2163,-0.0118503993481078));
#3322=CARTESIAN_POINT('',(-0.00966191991658394,0.2113,-0.0118503993481078));
#3323=CARTESIAN_POINT('',(-0.0107258856597046,0.2113,-0.0107930550818134));
#3324=CARTESIAN_POINT('',(-0.0107258856597046,0.2163,-0.0107930550818134));
#3325=CARTESIAN_POINT('',(-0.0107258856597046,0.2163,-0.0107930550818134));
#3326=CARTESIAN_POINT('',(-0.00966191991658394,0.2163,-0.0118503993481078));
#3327=CARTESIAN_POINT('',(0.0154967828436538,0.2163,-0.0268322845085282));
#3328=CARTESIAN_POINT('',(0.0154967828436538,0.2113,-0.0268322845085282));
#3329=CARTESIAN_POINT('',(0.010524601343007,0.2113,-0.0318357961182671));
#3330=CARTESIAN_POINT('',(0.010524601343007,0.2163,-0.0318357961182671));
#3331=CARTESIAN_POINT('',(0.010524601343007,0.2163,-0.0318357961182671));
#3332=CARTESIAN_POINT('',(0.0154967828436538,0.2163,-0.0268322845085282));
#3333=CARTESIAN_POINT('',(-5.55111512312578E-17,0.2163,-0.0353333333333333));
#3334=CARTESIAN_POINT('',(-5.55111512312578E-17,0.2113,-0.0353333333333333));
#3335=CARTESIAN_POINT('',(-0.00810909879575328,0.2113,-0.0314291667486812));
#3336=CARTESIAN_POINT('',(0.00810909879575317,0.2113,-0.0314291667486812));
#3337=CARTESIAN_POINT('',(-0.00810909879575328,0.2163,-0.0314291667486812));
#3338=CARTESIAN_POINT('',(-0.00810909879575328,0.2163,-0.0314291667486812));
#3339=CARTESIAN_POINT('',(-5.55111512312578E-17,0.2163,-0.0353333333333333));
#3340=CARTESIAN_POINT('',(0.00810909879575317,0.2163,-0.0314291667486812));
#3341=CARTESIAN_POINT('',(0.00810909879575317,0.2163,-0.0314291667486812));
#3342=CARTESIAN_POINT('',(-0.00935602061062313,0.2163,-0.0330117401703175));
#3343=CARTESIAN_POINT('',(-0.00935602061062313,0.2163,-0.0330117401703175));
#3344=CARTESIAN_POINT('',(-0.0105246013430071,0.2163,-0.0318357961182671));
#3345=CARTESIAN_POINT('',(-0.0105246013430071,0.2163,-0.0318357961182671));
#3346=CARTESIAN_POINT('',(-0.0105246013430071,0.2113,-0.0318357961182671));
#3347=CARTESIAN_POINT('',(-0.00935602061062313,0.2113,-0.0330117401703175));
#3348=CARTESIAN_POINT('',(0.,0.2163,0.));
#3349=CARTESIAN_POINT('',(0.,0.2113,0.));
#3350=CARTESIAN_POINT('',(-0.00340093639903871,0.2113,0.0120284509231112));
#3351=CARTESIAN_POINT('',(-0.00340093639903871,0.2163,0.0120284509231112));
#3352=CARTESIAN_POINT('',(-0.00340093639903871,0.2163,0.0120284509231112));
#3353=CARTESIAN_POINT('',(0.,0.2163,0.));
#3354=CARTESIAN_POINT('',(0.0101879562387349,0.2163,-0.025081181976149));
#3355=CARTESIAN_POINT('',(0.0101879562387349,0.2113,-0.025081181976149));
#3356=CARTESIAN_POINT('',(0.013098313765244,0.2113,-0.0221524860565641));
#3357=CARTESIAN_POINT('',(0.01072576572242,0.2113,-0.0245399837123495));
#3358=CARTESIAN_POINT('',(0.013098313765244,0.2163,-0.0221524860565641));
#3359=CARTESIAN_POINT('',(0.013098313765244,0.2163,-0.0221524860565641));
#3360=CARTESIAN_POINT('',(0.0101879562387349,0.2163,-0.025081181976149));
#3361=CARTESIAN_POINT('',(0.01072576572242,0.2163,-0.0245399837123495));
#3362=CARTESIAN_POINT('',(0.01072576572242,0.2163,-0.0245399837123495));
#3363=CARTESIAN_POINT('',(0.017556382343173,0.2163,-0.0176663268357515));
#3364=CARTESIAN_POINT('',(0.017556382343173,0.2163,-0.0176663268357515));
#3365=CARTESIAN_POINT('',(0.0133086479899238,0.2163,-0.0203038925437911));
#3366=CARTESIAN_POINT('',(0.0133085972562495,0.2163,-0.0150288428347934));
#3367=CARTESIAN_POINT('',(0.0133086479899238,0.2163,-0.0203038925437911));
#3368=CARTESIAN_POINT('',(0.0133086479899238,0.2113,-0.0203038925437911));
#3369=CARTESIAN_POINT('',(0.017556382343173,0.2113,-0.0176663268357515));
#3370=CARTESIAN_POINT('',(0.0133085972562495,0.2113,-0.0150288428347934));
#3371=CARTESIAN_POINT('',(0.0133085972562495,0.2163,-0.0150288428347934));
#3372=CARTESIAN_POINT('',(0.0120342617301725,0.2163,-0.014237597634506));
#3373=CARTESIAN_POINT('',(0.0120342617301725,0.2113,-0.014237597634506));
#3374=CARTESIAN_POINT('',(0.0130982274732931,0.2113,-0.0131802533682116));
#3375=CARTESIAN_POINT('',(0.0130982274732931,0.2163,-0.0131802533682116));
#3376=CARTESIAN_POINT('',(0.0130982274732931,0.2163,-0.0131802533682116));
#3377=CARTESIAN_POINT('',(0.0120342617301725,0.2163,-0.014237597634506));
#3378=CARTESIAN_POINT('',(0.00701595072776251,0.2163,-0.00705988717934131));
#3379=CARTESIAN_POINT('',(0.00701595072776251,0.2113,-0.00705988717934131));
#3380=CARTESIAN_POINT('',(0.0107258856597046,0.2113,-0.0107930550818134));
#3381=CARTESIAN_POINT('',(0.0107258856597046,0.2163,-0.0107930550818134));
#3382=CARTESIAN_POINT('',(0.0107258856597046,0.2163,-0.0107930550818134));
#3383=CARTESIAN_POINT('',(0.00701595072776251,0.2163,-0.00705988717934131));
#3384=CARTESIAN_POINT('',(0.00966191991658394,0.2163,-0.0118503993481078));
#3385=CARTESIAN_POINT('',(0.00966191991658394,0.2113,-0.0118503993481078));
#3386=CARTESIAN_POINT('',(0.00832665029956298,0.2113,-0.0111669850887741));
#3387=CARTESIAN_POINT('',(0.00832665029956298,0.2163,-0.0111669850887741));
#3388=CARTESIAN_POINT('',(0.00832665029956298,0.2163,-0.0111669850887741));
#3389=CARTESIAN_POINT('',(0.00966191991658394,0.2163,-0.0118503993481078));
#3390=CARTESIAN_POINT('',(0.00828323323178398,0.2163,-0.0112518142983986));
#3391=CARTESIAN_POINT('',(0.00828323323178398,0.2113,-0.0112518142983986));
#3392=CARTESIAN_POINT('',(0.0053497833275819,0.2113,-0.016983252407333));
#3393=CARTESIAN_POINT('',(0.0053497833275819,0.2163,-0.016983252407333));
#3394=CARTESIAN_POINT('',(0.0053497833275819,0.2163,-0.016983252407333));
#3395=CARTESIAN_POINT('',(0.00828323323178398,0.2163,-0.0112518142983986));
#3396=CARTESIAN_POINT('',(0.00668505294460287,0.2163,-0.0176666666666666));
#3397=CARTESIAN_POINT('',(0.00668505294460287,0.2113,-0.0176666666666666));
#3398=CARTESIAN_POINT('',(0.0053497833275819,0.2113,-0.0183500809260004));
#3399=CARTESIAN_POINT('',(0.0053497833275819,0.2163,-0.0183500809260004));
#3400=CARTESIAN_POINT('',(0.0053497833275819,0.2163,-0.0183500809260004));
#3401=CARTESIAN_POINT('',(0.00668505294460287,0.2163,-0.0176666666666666));
#3402=CARTESIAN_POINT('',(0.00828323323178398,0.2163,-0.0240815190349347));
#3403=CARTESIAN_POINT('',(0.00828323323178398,0.2113,-0.0240815190349347));
#3404=CARTESIAN_POINT('',(0.0083265100241039,0.2113,-0.0241660741713219));
#3405=CARTESIAN_POINT('',(0.0083265100241039,0.2163,-0.0241660741713219));
#3406=CARTESIAN_POINT('',(0.0083265100241039,0.2163,-0.0241660741713219));
#3407=CARTESIAN_POINT('',(0.00828323323178398,0.2163,-0.0240815190349347));
#3408=CARTESIAN_POINT('',(0.,0.2163,0.));
#3409=CARTESIAN_POINT('',(0.,0.2163,0.));
#3410=CARTESIAN_POINT('',(0.,0.2163,0.007));
#3411=CARTESIAN_POINT('',(0.,0.2113,0.));
#3412=CARTESIAN_POINT('',(0.,0.2113,0.007));
#3413=CARTESIAN_POINT('',(-0.00701595072776251,0.2163,-0.00705988717934131));
#3414=CARTESIAN_POINT('',(-0.00701595072776251,0.2113,-0.00705988717934131));
#3415=CARTESIAN_POINT('',(-0.00701595072776251,0.2163,-0.00705988717934131));
#3416=CARTESIAN_POINT('',(0.017556382343173,0.2163,-0.0176663268357515));
#3417=CARTESIAN_POINT('',(0.017556382343173,0.2163,-0.0176663268357515));
#3418=CARTESIAN_POINT('',(0.017556382343173,0.2163,-0.0155163268357515));
#3419=CARTESIAN_POINT('',(0.017556382343173,0.2113,-0.0176663268357515));
#3420=CARTESIAN_POINT('',(0.017556382343173,0.2113,-0.0155163268357515));
#3421=CARTESIAN_POINT('',(0.00966177964112491,0.2163,-0.0234826599119883));
#3422=CARTESIAN_POINT('',(0.00966177964112491,0.2113,-0.0234826599119883));
#3423=CARTESIAN_POINT('',(0.00966177964112491,0.2163,-0.0234826599119883));
#3424=CARTESIAN_POINT('',(-0.017556382343173,0.2163,-0.0176663268357515));
#3425=CARTESIAN_POINT('',(-0.017556382343173,0.2163,-0.0176663268357515));
#3426=CARTESIAN_POINT('',(-0.017556382343173,0.2163,-0.0155163268357515));
#3427=CARTESIAN_POINT('',(-0.017556382343173,0.2113,-0.0176663268357515));
#3428=CARTESIAN_POINT('',(-0.017556382343173,0.2113,-0.0155163268357515));
#3429=CARTESIAN_POINT('',(0.,0.2163,-0.00599732470748515));
#3430=CARTESIAN_POINT('',(0.00842256796466567,0.2163,0.0190601997661003));
#3431=CARTESIAN_POINT('',(0.00372141404901999,0.2163,0.0141934782770549));
#3432=CARTESIAN_POINT('',(0.0124541883564371,0.2163,0.0232338077671081));
#3433=CARTESIAN_POINT('',(0.00480026692767543,0.2163,0.013151328352036));
#3434=CARTESIAN_POINT('',(0.014751386952933,0.2163,0.00292413708571934));
#3435=CARTESIAN_POINT('',(0.0162483970940987,0.2163,0.00301879772826466));
#3436=CARTESIAN_POINT('',(0.0145281911715867,0.2163,0.0302229835614771));
#3437=CARTESIAN_POINT('',(0.0150300513762583,0.2163,0.0222863184846345));
#3438=CARTESIAN_POINT('',(0.0135330412350925,0.2163,0.0221916578420892));
#3439=CARTESIAN_POINT('',(-0.00706972169590825,0.2163,0.051292570191773));
#3440=CARTESIAN_POINT('',(-0.0109970183677714,0.2163,0.0532150742582938));
#3441=CARTESIAN_POINT('',(-0.00354999950599316,0.2163,0.049569583417788));
#3442=CARTESIAN_POINT('',(-0.0116565235382431,0.2163,0.0518678352556959));
#3443=CARTESIAN_POINT('',(-0.0120943550302197,0.2163,0.0449437518564422));
#3444=CARTESIAN_POINT('',(-0.0115184441599636,0.2163,0.0435587151531305));
#3445=CARTESIAN_POINT('',(-0.00749762660902087,0.2163,0.0452306076953048));
#3446=CARTESIAN_POINT('',(-0.0036335938062087,0.2163,0.0468373077118783));
#3447=CARTESIAN_POINT('',(-0.00420950467646486,0.2163,0.0482223444151901));
#3448=CARTESIAN_POINT('',(-0.00380904876692334,0.2163,0.0134718650338845));
#3449=CARTESIAN_POINT('',(-0.00246021490616371,0.2163,0.0141281021983824));
#3450=CARTESIAN_POINT('',(-0.00827329830501811,0.2163,0.0260763491858787));
#3451=CARTESIAN_POINT('',(-0.0115537080110399,0.2163,0.0328189232551676));
#3452=CARTESIAN_POINT('',(-0.0129025418717996,0.2163,0.0321626860906697));
#3453=CARTESIAN_POINT('',(-0.014751386952933,0.2163,0.00292413708571932));
#3454=CARTESIAN_POINT('',(0.00948579545139899,0.2163,0.0478205790039851));
#3455=CARTESIAN_POINT('',(0.00740942717525206,0.2163,0.0473824901956083));
#3456=CARTESIAN_POINT('',(0.0116664925628759,0.2163,0.0482806799456015));
#3457=CARTESIAN_POINT('',(0.00771909172960528,0.2163,0.0459148022642764));
#3458=CARTESIAN_POINT('',(0.00641732502260739,0.2163,0.0451695483206089));
#3459=CARTESIAN_POINT('',(0.0106915408113923,0.2163,0.0377035941184967));
#3460=CARTESIAN_POINT('',(0.0112668224513282,0.2163,0.0366987252514763));
#3461=CARTESIAN_POINT('',(0.0125685891583261,0.2163,0.0374439791951438));
#3462=CARTESIAN_POINT('',(0.0119761571172291,0.2163,0.0468129920142697));
#3463=CARTESIAN_POINT('',(0.00906239857552482,0.2163,0.0638430433734508));
#3464=CARTESIAN_POINT('',(0.00584757049141699,0.2163,0.0523612242399716));
#3465=CARTESIAN_POINT('',(0.0101979292223544,0.2163,0.0678986124945095));
#3466=CARTESIAN_POINT('',(0.00729201917566835,0.2163,0.0519567888328118));
#3467=CARTESIAN_POINT('',(0.00760168373002157,0.2163,0.05048910090148));
#3468=CARTESIAN_POINT('',(0.00906936275856157,0.2163,0.0507987635774508));
#3469=CARTESIAN_POINT('',(0.0119031752186705,0.2163,0.0513966640260727));
#3470=CARTESIAN_POINT('',(0.0115935106643173,0.2163,0.0528643519574046));
#3471=CARTESIAN_POINT('',(0.0111608950118553,0.2163,0.0676289888897363));
#3472=CARTESIAN_POINT('',(-1.11022302462516E-16,0.2163,0.0796122939587056));
#3473=CARTESIAN_POINT('',(0.00573371870266487,0.2163,0.0796122939587056));
#3474=CARTESIAN_POINT('',(-0.00573371870266498,0.2163,0.0796122939587056));
#3475=CARTESIAN_POINT('',(0.0056459964462961,0.2163,0.0807750731545326));
#3476=CARTESIAN_POINT('',(0.00631326046911268,0.2163,0.0817313729905489));
#3477=CARTESIAN_POINT('',(0.00369976118154536,0.2163,0.0835549580028762));
#3478=CARTESIAN_POINT('',(-0.00208790243509005,0.2163,0.0875933354678697));
#3479=CARTESIAN_POINT('',(-0.0029462423930487,0.2163,0.0863631921767969));
#3480=CARTESIAN_POINT('',(-0.00429683564212602,0.2163,0.0870158006930965));
#3481=CARTESIAN_POINT('',(-0.011499999637205,0.2163,0.0904963794466944));
#3482=CARTESIAN_POINT('',(-0.0073614251710879,0.2163,0.083650051862624));
#3483=CARTESIAN_POINT('',(-0.00658544245869097,0.2163,0.0823663654406108));
#3484=CARTESIAN_POINT('',(-0.00771957112207011,0.2163,0.0813846566370942));
#3485=CARTESIAN_POINT('',(-0.0115000000000004,0.2163,0.0781122939587056));
#3486=CARTESIAN_POINT('',(-0.00706439900205008,0.2163,0.0804199862663979));
#3487=CARTESIAN_POINT('',(-0.00573371870266498,0.2163,0.0811122939587056));
#3488=CARTESIAN_POINT('',(-0.013299999637205,0.2163,0.0873786879930704));
#3489=CARTESIAN_POINT('',(-0.0114999996372049,0.2163,0.086339457508529));
#3490=CARTESIAN_POINT('',(-0.0150999996372051,0.2163,0.0884179184776118));
#3491=CARTESIAN_POINT('',(-0.00969999963720508,0.2163,0.0873786879930703));
#3492=CARTESIAN_POINT('',(-0.007899999637205,0.2163,0.0884179184776116));
#3493=CARTESIAN_POINT('',(-0.007899999637205,0.2163,0.0904963794466944));
#3494=CARTESIAN_POINT('',(-0.007899999637205,0.2163,0.0925748404157771));
#3495=CARTESIAN_POINT('',(-0.00969999963720491,0.2163,0.0936140709003183));
#3496=CARTESIAN_POINT('',(-0.0114999996372049,0.2163,0.0946533013848597));
#3497=CARTESIAN_POINT('',(-0.013299999637205,0.2163,0.0936140709003184));
#3498=CARTESIAN_POINT('',(-0.015099999637205,0.2163,0.0925748404157771));
#3499=CARTESIAN_POINT('',(-0.015099999637205,0.2163,0.0904963794466944));
#3500=CARTESIAN_POINT('',(0.0115000000000002,0.2163,0.0781122939587057));
#3501=CARTESIAN_POINT('',(0.0115000000000002,0.2163,0.0802622939587057));
#3502=CARTESIAN_POINT('',(-0.0115000000000004,0.2163,0.0781122939587056));
#3503=CARTESIAN_POINT('',(-0.0115000000000004,0.2163,0.0802622939587056));
#3504=CARTESIAN_POINT('',(-0.0104021141724589,0.2163,0.0717056843475553));
#3505=CARTESIAN_POINT('',(-0.0118991243136247,0.2163,0.0718003449901006));
#3506=CARTESIAN_POINT('',(-0.0145281911715867,0.2163,0.0302229835614771));
#3507=CARTESIAN_POINT('',(-0.012538789310606,0.2163,0.0616843668847178));
#3508=CARTESIAN_POINT('',(-0.0110417791694403,0.2163,0.0615897062421725));
#3509=CARTESIAN_POINT('',(-0.0100302770508239,0.2163,0.0604820675537751));
#3510=CARTESIAN_POINT('',(-0.00314400322776575,0.2163,0.066770653023351));
#3511=CARTESIAN_POINT('',(0.00382571715019714,0.2163,0.0731354423741758));
#3512=CARTESIAN_POINT('',(0.00247704765870865,0.2163,0.0746122939587056));
#3513=CARTESIAN_POINT('',(0.00247704765870871,0.2163,0.0766122939587056));
#3514=CARTESIAN_POINT('',(-0.0019334897874197,0.2163,0.0766122939587056));
#3515=CARTESIAN_POINT('',(-0.00573371870266498,0.2163,0.0766122939587056));
#3516=CARTESIAN_POINT('',(-0.00573371870266498,0.2163,0.0751122939587056));
#3517=CARTESIAN_POINT('',(-0.012034327683949,0.2163,-0.0210951622562029));
#3518=CARTESIAN_POINT('',(-0.0094606152617121,0.2163,-0.0307784723179059));
#3519=CARTESIAN_POINT('',(-0.0195427005158221,0.2163,0.0301514507564134));
#3520=CARTESIAN_POINT('',(-0.0165389848845854,0.2163,0.0776536928734274));
#3521=CARTESIAN_POINT('',(-0.0179003506527494,0.2163,0.0831060479545729));
#3522=CARTESIAN_POINT('',(-0.0192617164209135,0.2163,0.0885584030357185));
#3523=CARTESIAN_POINT('',(-0.011499999637205,0.2163,0.0904963794466944));
#3524=CARTESIAN_POINT('',(-0.00692218652809229,0.2163,0.0970571436657497));
#3525=CARTESIAN_POINT('',(0.0143582266471332,0.2163,0.0822086060338165));
#3526=CARTESIAN_POINT('',(0.0145430082319732,0.2163,0.0820796735599216));
#3527=CARTESIAN_POINT('',(0.0115,0.2163,0.0781122939587054));
#3528=CARTESIAN_POINT('',(0.0164900338038859,0.2163,0.0784278294338567));
#3529=CARTESIAN_POINT('',(0.0195182249754723,0.2163,0.0305385190366281));
#3530=CARTESIAN_POINT('',(0.00946061526171199,0.2163,-0.0307784723179059));
#3531=CARTESIAN_POINT('',(0.012034327683949,0.2163,-0.0210951622562029));
#3532=CARTESIAN_POINT('',(0.00537652675746358,0.2163,0.0618055049103755));
#3533=CARTESIAN_POINT('',(0.00259577199185812,0.2163,0.0518739868204734));
#3534=CARTESIAN_POINT('',(0.0072305546485712,0.2163,0.0684272004901038));
#3535=CARTESIAN_POINT('',(0.00578610596431983,0.2163,0.0688316358972637));
#3536=CARTESIAN_POINT('',(0.0047746038457035,0.2163,0.069939274585661));
#3537=CARTESIAN_POINT('',(-0.000813868539570106,0.2163,0.0648358489679515));
#3538=CARTESIAN_POINT('',(-0.00864355747914081,0.2163,0.0576857313046349));
#3539=CARTESIAN_POINT('',(-0.00763205536052447,0.2163,0.0565780926162375));
#3540=CARTESIAN_POINT('',(-0.00829156053099617,0.2163,0.0552308536136396));
#3541=CARTESIAN_POINT('',(-0.00408039476426652,0.2163,0.0531693889503423));
#3542=CARTESIAN_POINT('',(0.000491818137135058,0.2163,0.0509311832250352));
#3543=CARTESIAN_POINT('',(0.00115132330760675,0.2163,0.0522784222276332));
#3544=CARTESIAN_POINT('',(0.00673308998380062,0.2163,0.0385797780074859));
#3545=CARTESIAN_POINT('',(0.00308067227066627,0.2163,0.0449596111092198));
#3546=CARTESIAN_POINT('',(0.00869911314858424,0.2163,0.0351456418679208));
#3547=CARTESIAN_POINT('',(0.00177890556366839,0.2163,0.0442143571655524));
#3548=CARTESIAN_POINT('',(0.00120299469341223,0.2163,0.0455993938688642));
#3549=CARTESIAN_POINT('',(-0.00385080748310962,0.2163,0.0434979769153468));
#3550=CARTESIAN_POINT('',(-0.00697779523577408,0.2163,0.0421977469404939));
#3551=CARTESIAN_POINT('',(-0.00640188436551792,0.2163,0.0408127102371821));
#3552=CARTESIAN_POINT('',(-0.0070340002906682,0.2163,0.0394524053238735));
#3553=CARTESIAN_POINT('',(0.000458490839893022,0.2163,0.0359707425611068));
#3554=CARTESIAN_POINT('',(0.00676523051643607,0.2163,0.0330400830109447));
#3555=CARTESIAN_POINT('',(0.00739734644158635,0.2163,0.0344003879242533));
#3556=CARTESIAN_POINT('',(0.000745761679929458,0.2163,0.032529169699746));
#3557=CARTESIAN_POINT('',(-0.00682639586449224,0.2163,0.036047852404445));
#3558=CARTESIAN_POINT('',(0.0102351731510072,0.2163,0.0281195641381645));
#3559=CARTESIAN_POINT('',(-0.00745851178964252,0.2163,0.0346875474911365));
#3560=CARTESIAN_POINT('',(-0.0088073456504022,0.2163,0.0340313103266386));
#3561=CARTESIAN_POINT('',(-0.0051214583040991,0.2163,0.026455315048402));
#3562=CARTESIAN_POINT('',(-0.000527226398996661,0.2163,0.0170123028372204));
#3563=CARTESIAN_POINT('',(0.000821607461763019,0.2163,0.0176685400017183));
#3564=CARTESIAN_POINT('',(0.00190046034041846,0.2163,0.0166263900766993));
#3565=CARTESIAN_POINT('',(0.00627802371491004,0.2163,0.0211581246522032));
#3566=CARTESIAN_POINT('',(0.0106819101045124,0.2163,0.025717109299837));
#3567=CARTESIAN_POINT('',(0.00960305722585691,0.2163,0.026759259224856));
#3568=CARTESIAN_POINT('',(0.,0.2113,-0.00599732470748515));
#3569=CARTESIAN_POINT('',(0.00480026692767543,0.2113,0.013151328352036));
#3570=CARTESIAN_POINT('',(0.00372141404901999,0.2113,0.0141934782770549));
#3571=CARTESIAN_POINT('',(0.00842256796466567,0.2113,0.0190601997661003));
#3572=CARTESIAN_POINT('',(0.0124541883564371,0.2113,0.0232338077671081));
#3573=CARTESIAN_POINT('',(0.0135330412350925,0.2113,0.0221916578420892));
#3574=CARTESIAN_POINT('',(0.0150300513762583,0.2113,0.0222863184846345));
#3575=CARTESIAN_POINT('',(0.0145281911715867,0.2113,0.0302229835614771));
#3576=CARTESIAN_POINT('',(0.0162483970940987,0.2113,0.00301879772826466));
#3577=CARTESIAN_POINT('',(0.014751386952933,0.2113,0.00292413708571934));
#3578=CARTESIAN_POINT('',(0.0125685891583261,0.2113,0.0374439791951438));
#3579=CARTESIAN_POINT('',(0.0112668224513282,0.2113,0.0366987252514763));
#3580=CARTESIAN_POINT('',(0.0106915408113923,0.2113,0.0377035941184967));
#3581=CARTESIAN_POINT('',(0.00641732502260739,0.2113,0.0451695483206089));
#3582=CARTESIAN_POINT('',(0.00771909172960528,0.2113,0.0459148022642764));
#3583=CARTESIAN_POINT('',(0.00740942717525206,0.2113,0.0473824901956083));
#3584=CARTESIAN_POINT('',(0.00948579545139899,0.2113,0.0478205790039851));
#3585=CARTESIAN_POINT('',(0.0116664925628759,0.2113,0.0482806799456015));
#3586=CARTESIAN_POINT('',(0.0119761571172291,0.2113,0.0468129920142697));
#3587=CARTESIAN_POINT('',(0.0115935106643173,0.2113,0.0528643519574046));
#3588=CARTESIAN_POINT('',(0.0119031752186705,0.2113,0.0513966640260727));
#3589=CARTESIAN_POINT('',(0.00906936275856157,0.2113,0.0507987635774508));
#3590=CARTESIAN_POINT('',(0.00760168373002157,0.2113,0.05048910090148));
#3591=CARTESIAN_POINT('',(0.00729201917566835,0.2113,0.0519567888328118));
#3592=CARTESIAN_POINT('',(0.00584757049141699,0.2113,0.0523612242399716));
#3593=CARTESIAN_POINT('',(0.00906239857552482,0.2113,0.0638430433734508));
#3594=CARTESIAN_POINT('',(0.0101979292223544,0.2113,0.0678986124945095));
#3595=CARTESIAN_POINT('',(0.0111608950118553,0.2113,0.0676289888897363));
#3596=CARTESIAN_POINT('',(-0.0116565235382431,0.2113,0.0518678352556959));
#3597=CARTESIAN_POINT('',(-0.0109970183677714,0.2113,0.0532150742582938));
#3598=CARTESIAN_POINT('',(-0.00706972169590825,0.2113,0.051292570191773));
#3599=CARTESIAN_POINT('',(-0.00354999950599316,0.2113,0.049569583417788));
#3600=CARTESIAN_POINT('',(-0.00420950467646486,0.2113,0.0482223444151901));
#3601=CARTESIAN_POINT('',(-0.0036335938062087,0.2113,0.0468373077118783));
#3602=CARTESIAN_POINT('',(-0.00749762660902087,0.2113,0.0452306076953048));
#3603=CARTESIAN_POINT('',(-0.0115184441599636,0.2113,0.0435587151531305));
#3604=CARTESIAN_POINT('',(-0.0120943550302197,0.2113,0.0449437518564422));
#3605=CARTESIAN_POINT('',(-0.0129025418717996,0.2113,0.0321626860906697));
#3606=CARTESIAN_POINT('',(-0.0115537080110399,0.2113,0.0328189232551676));
#3607=CARTESIAN_POINT('',(-0.00827329830501811,0.2113,0.0260763491858787));
#3608=CARTESIAN_POINT('',(-0.00246021490616371,0.2113,0.0141281021983824));
#3609=CARTESIAN_POINT('',(-0.00380904876692334,0.2113,0.0134718650338845));
#3610=CARTESIAN_POINT('',(-0.014751386952933,0.2113,0.00292413708571932));
#3611=CARTESIAN_POINT('',(-0.00573371870266498,0.2113,0.0751122939587056));
#3612=CARTESIAN_POINT('',(-0.00573371870266498,0.2113,0.0766122939587056));
#3613=CARTESIAN_POINT('',(-0.0019334897874197,0.2113,0.0766122939587056));
#3614=CARTESIAN_POINT('',(0.00247704765870871,0.2113,0.0766122939587056));
#3615=CARTESIAN_POINT('',(0.00247704765870865,0.2113,0.0746122939587056));
#3616=CARTESIAN_POINT('',(0.00382571715019714,0.2113,0.0731354423741758));
#3617=CARTESIAN_POINT('',(-0.00314400322776575,0.2113,0.066770653023351));
#3618=CARTESIAN_POINT('',(-0.0100302770508239,0.2113,0.0604820675537751));
#3619=CARTESIAN_POINT('',(-0.0110417791694403,0.2113,0.0615897062421725));
#3620=CARTESIAN_POINT('',(-0.012538789310606,0.2113,0.0616843668847178));
#3621=CARTESIAN_POINT('',(-0.0145281911715867,0.2113,0.0302229835614771));
#3622=CARTESIAN_POINT('',(-0.0118991243136247,0.2113,0.0718003449901006));
#3623=CARTESIAN_POINT('',(-0.0104021141724589,0.2113,0.0717056843475553));
#3624=CARTESIAN_POINT('',(-0.0428579994606899,0.2113,0.0682349078691927));
#3625=CARTESIAN_POINT('',(-0.007899999637205,0.2113,0.0884179184776117));
#3626=CARTESIAN_POINT('',(-0.0114999996372049,0.2113,0.0863394575085291));
#3627=CARTESIAN_POINT('',(0.037107999642089,0.2113,0.0582756160398584));
#3628=CARTESIAN_POINT('',(-0.0150999996372051,0.2113,0.0884179184776118));
#3629=CARTESIAN_POINT('',(-0.0150999996372075,0.2113,-0.00599732470748474));
#3630=CARTESIAN_POINT('',(-0.015099999637205,0.2113,0.0925748404157771));
#3631=CARTESIAN_POINT('',(-0.04645799946069,0.2113,0.0744702907764406));
#3632=CARTESIAN_POINT('',(-0.0114999996372049,0.2113,0.0946533013848597));
#3633=CARTESIAN_POINT('',(0.0407079996420892,0.2113,0.0645109989471062));
#3634=CARTESIAN_POINT('',(-0.007899999637205,0.2113,0.0925748404157771));
#3635=CARTESIAN_POINT('',(-0.007899999637205,0.2113,-0.00599732470748515));
#3636=CARTESIAN_POINT('',(0.0115000000000002,0.2113,0.0781122939587057));
#3637=CARTESIAN_POINT('',(0.0115000000000002,0.2113,0.0802622939587057));
#3638=CARTESIAN_POINT('',(-0.0115000000000004,0.2113,0.0781122939587056));
#3639=CARTESIAN_POINT('',(-0.0115000000000004,0.2113,0.0802622939587056));
#3640=CARTESIAN_POINT('',(0.00369976118154536,0.2113,0.0835549580028762));
#3641=CARTESIAN_POINT('',(0.00631326046911268,0.2113,0.0817313729905489));
#3642=CARTESIAN_POINT('',(-0.00208790243509005,0.2113,0.0875933354678697));
#3643=CARTESIAN_POINT('',(0.0056459964462961,0.2113,0.0807750731545326));
#3644=CARTESIAN_POINT('',(0.00573371870266487,0.2113,0.0796122939587056));
#3645=CARTESIAN_POINT('',(-1.11022302462516E-16,0.2113,0.0796122939587056));
#3646=CARTESIAN_POINT('',(-0.00573371870266498,0.2113,0.0796122939587056));
#3647=CARTESIAN_POINT('',(-0.00573371870266498,0.2113,0.0811122939587056));
#3648=CARTESIAN_POINT('',(-0.00706439900205008,0.2113,0.0804199862663979));
#3649=CARTESIAN_POINT('',(-0.0115000000000004,0.2113,0.0781122939587056));
#3650=CARTESIAN_POINT('',(-0.00771957112207011,0.2113,0.0813846566370942));
#3651=CARTESIAN_POINT('',(-0.00658544245869097,0.2113,0.0823663654406108));
#3652=CARTESIAN_POINT('',(-0.0073614251710879,0.2113,0.083650051862624));
#3653=CARTESIAN_POINT('',(-0.011499999637205,0.2113,0.0904963794466944));
#3654=CARTESIAN_POINT('',(-0.00429683564212602,0.2113,0.0870158006930965));
#3655=CARTESIAN_POINT('',(-0.0029462423930487,0.2113,0.0863631921767969));
#3656=CARTESIAN_POINT('',(-0.0094606152617121,0.2113,-0.0307784723179059));
#3657=CARTESIAN_POINT('',(0.00946061526171199,0.2113,-0.0307784723179059));
#3658=CARTESIAN_POINT('',(0.0195182249754723,0.2113,0.0305385190366281));
#3659=CARTESIAN_POINT('',(0.0164900338038859,0.2113,0.0784278294338567));
#3660=CARTESIAN_POINT('',(0.0115,0.2113,0.0781122939587054));
#3661=CARTESIAN_POINT('',(0.0145430082319732,0.2113,0.0820796735599216));
#3662=CARTESIAN_POINT('',(0.0143582266471332,0.2113,0.0822086060338165));
#3663=CARTESIAN_POINT('',(-0.00692218652809229,0.2113,0.0970571436657497));
#3664=CARTESIAN_POINT('',(-0.011499999637205,0.2113,0.0904963794466944));
#3665=CARTESIAN_POINT('',(-0.0192617164209135,0.2113,0.0885584030357185));
#3666=CARTESIAN_POINT('',(-0.0179003506527494,0.2113,0.0831060479545729));
#3667=CARTESIAN_POINT('',(-0.0165389848845854,0.2113,0.0776536928734274));
#3668=CARTESIAN_POINT('',(-0.0195427005158221,0.2113,0.0301514507564134));
#3669=CARTESIAN_POINT('',(0.012034327683949,0.2113,-0.0210951622562029));
#3670=CARTESIAN_POINT('',(-0.012034327683949,0.2113,-0.0210951622562029));
#3671=CARTESIAN_POINT('',(-0.000813868539570106,0.2113,0.0648358489679515));
#3672=CARTESIAN_POINT('',(0.0047746038457035,0.2113,0.069939274585661));
#3673=CARTESIAN_POINT('',(-0.00864355747914081,0.2113,0.0576857313046349));
#3674=CARTESIAN_POINT('',(0.00578610596431983,0.2113,0.0688316358972637));
#3675=CARTESIAN_POINT('',(0.0072305546485712,0.2113,0.0684272004901038));
#3676=CARTESIAN_POINT('',(0.00537652675746358,0.2113,0.0618055049103755));
#3677=CARTESIAN_POINT('',(0.00259577199185812,0.2113,0.0518739868204734));
#3678=CARTESIAN_POINT('',(0.00115132330760675,0.2113,0.0522784222276332));
#3679=CARTESIAN_POINT('',(0.000491818137135058,0.2113,0.0509311832250352));
#3680=CARTESIAN_POINT('',(-0.00408039476426652,0.2113,0.0531693889503423));
#3681=CARTESIAN_POINT('',(-0.00829156053099617,0.2113,0.0552308536136396));
#3682=CARTESIAN_POINT('',(-0.00763205536052447,0.2113,0.0565780926162375));
#3683=CARTESIAN_POINT('',(-0.00385080748310962,0.2113,0.0434979769153468));
#3684=CARTESIAN_POINT('',(0.00120299469341223,0.2113,0.0455993938688642));
#3685=CARTESIAN_POINT('',(-0.00697779523577408,0.2113,0.0421977469404939));
#3686=CARTESIAN_POINT('',(0.00177890556366839,0.2113,0.0442143571655524));
#3687=CARTESIAN_POINT('',(0.00308067227066627,0.2113,0.0449596111092198));
#3688=CARTESIAN_POINT('',(0.00673308998380062,0.2113,0.0385797780074859));
#3689=CARTESIAN_POINT('',(0.00869911314858424,0.2113,0.0351456418679208));
#3690=CARTESIAN_POINT('',(0.00739734644158635,0.2113,0.0344003879242533));
#3691=CARTESIAN_POINT('',(0.00676523051643607,0.2113,0.0330400830109447));
#3692=CARTESIAN_POINT('',(0.000458490839893022,0.2113,0.0359707425611068));
#3693=CARTESIAN_POINT('',(-0.0070340002906682,0.2113,0.0394524053238735));
#3694=CARTESIAN_POINT('',(-0.00640188436551792,0.2113,0.0408127102371821));
#3695=CARTESIAN_POINT('',(-0.0051214583040991,0.2113,0.026455315048402));
#3696=CARTESIAN_POINT('',(-0.000527226398996661,0.2113,0.0170123028372204));
#3697=CARTESIAN_POINT('',(-0.0088073456504022,0.2113,0.0340313103266386));
#3698=CARTESIAN_POINT('',(-0.00745851178964252,0.2113,0.0346875474911365));
#3699=CARTESIAN_POINT('',(-0.00682639586449224,0.2113,0.036047852404445));
#3700=CARTESIAN_POINT('',(0.000745761679929458,0.2113,0.032529169699746));
#3701=CARTESIAN_POINT('',(0.0102351731510072,0.2113,0.0281195641381645));
#3702=CARTESIAN_POINT('',(0.00960305722585691,0.2113,0.026759259224856));
#3703=CARTESIAN_POINT('',(0.0106819101045124,0.2113,0.025717109299837));
#3704=CARTESIAN_POINT('',(0.00627802371491004,0.2113,0.0211581246522032));
#3705=CARTESIAN_POINT('',(0.00190046034041846,0.2113,0.0166263900766993));
#3706=CARTESIAN_POINT('',(0.000821607461763019,0.2113,0.0176685400017183));
#3707=CARTESIAN_POINT('',(-0.0145281911715867,0.2163,0.0302229835614771));
#3708=CARTESIAN_POINT('',(-0.012538789310606,0.2163,0.0616843668847178));
#3709=CARTESIAN_POINT('',(-0.0118991243136247,0.2113,0.0718003449901006));
#3710=CARTESIAN_POINT('',(-0.011499999637205,0.2163,0.0904963794466944));
#3711=CARTESIAN_POINT('',(-0.00429683564212602,0.2163,0.0870158006930965));
#3712=CARTESIAN_POINT('',(-0.0073614251710879,0.2163,0.083650051862624));
#3713=CARTESIAN_POINT('',(-0.0115000000000004,0.2163,0.0781122939587056));
#3714=CARTESIAN_POINT('',(-0.00706439900205008,0.2163,0.0804199862663979));
#3715=CARTESIAN_POINT('',(-0.00771957112207011,0.2163,0.0813846566370942));
#3716=CARTESIAN_POINT('',(-0.0195427005158221,0.2163,0.0301514507564134));
#3717=CARTESIAN_POINT('',(-0.0165389848845854,0.2163,0.0776536928734274));
#3718=CARTESIAN_POINT('',(-0.0179003506527494,0.2163,0.0831060479545729));
#3719=CARTESIAN_POINT('',(-0.0192617164209135,0.2163,0.0885584030357185));
#3720=CARTESIAN_POINT('',(-0.011499999637205,0.2163,0.0904963794466944));
#3721=CARTESIAN_POINT('',(-0.00692218652809229,0.2163,0.0970571436657497));
#3722=CARTESIAN_POINT('',(0.0143582266471332,0.2163,0.0822086060338165));
#3723=CARTESIAN_POINT('',(0.0145430082319732,0.2163,0.0820796735599216));
#3724=CARTESIAN_POINT('',(0.0115,0.2163,0.0781122939587054));
#3725=CARTESIAN_POINT('',(0.0164900338038859,0.2163,0.0784278294338567));
#3726=CARTESIAN_POINT('',(0.0195182249754723,0.2163,0.0305385190366281));
#3727=CARTESIAN_POINT('',(0.0145281911715867,0.2163,0.0302229835614771));
#3728=CARTESIAN_POINT('',(0.0162483970940987,0.2163,0.00301879772826466));
#3729=CARTESIAN_POINT('',(0.0150300513762583,0.2163,0.0222863184846345));
#3730=CARTESIAN_POINT('',(0.00369976118154536,0.2163,0.0835549580028762));
#3731=CARTESIAN_POINT('',(-0.00208790243509005,0.2163,0.0875933354678697));
#3732=CARTESIAN_POINT('',(0.00631326046911268,0.2113,0.0817313729905489));
#3733=CARTESIAN_POINT('',(-0.0115000000000004,0.1913,0.0781122939587056));
#3734=CARTESIAN_POINT('',(0.0115000000000002,0.1913,0.0781122939587057));
#3735=CARTESIAN_POINT('',(-0.013299999637205,0.1913,0.0873786879930704));
#3736=CARTESIAN_POINT('',(-0.0114999996372049,0.1913,0.086339457508529));
#3737=CARTESIAN_POINT('',(-0.0150999996372051,0.1913,0.0884179184776118));
#3738=CARTESIAN_POINT('',(-0.015099999637205,0.1913,0.0904963794466944));
#3739=CARTESIAN_POINT('',(-0.015099999637205,0.1913,0.0925748404157771));
#3740=CARTESIAN_POINT('',(-0.013299999637205,0.1913,0.0936140709003184));
#3741=CARTESIAN_POINT('',(-0.0114999996372049,0.1913,0.0946533013848597));
#3742=CARTESIAN_POINT('',(-0.00969999963720491,0.1913,0.0936140709003183));
#3743=CARTESIAN_POINT('',(-0.007899999637205,0.1913,0.0925748404157771));
#3744=CARTESIAN_POINT('',(-0.007899999637205,0.1913,0.0904963794466944));
#3745=CARTESIAN_POINT('',(-0.007899999637205,0.1913,0.0884179184776117));
#3746=CARTESIAN_POINT('',(-0.00969999963720508,0.1913,0.0873786879930703));
#3747=CARTESIAN_POINT('',(-0.0019334897874197,0.2113,0.0766122939587056));
#3748=CARTESIAN_POINT('',(0.00247704765870865,0.2113,0.0766122939587056));
#3749=CARTESIAN_POINT('',(-0.00573371870266498,0.2113,0.0766122939587056));
#3750=CARTESIAN_POINT('',(-1.11022302462516E-16,0.2113,0.0796122939587056));
#3751=CARTESIAN_POINT('',(-0.00573371870266498,0.2113,0.0796122939587056));
#3752=CARTESIAN_POINT('',(0.00573371870266487,0.2163,0.0796122939587056));
#3753=CARTESIAN_POINT('',(0.000745761679929458,0.2113,0.032529169699746));
#3754=CARTESIAN_POINT('',(-0.00682639586449224,0.2163,0.036047852404445));
#3755=CARTESIAN_POINT('',(0.0102351731510072,0.2113,0.0281195641381645));
#3756=CARTESIAN_POINT('',(-0.0051214583040991,0.2113,0.026455315048402));
#3757=CARTESIAN_POINT('',(-0.000527226398996661,0.2113,0.0170123028372204));
#3758=CARTESIAN_POINT('',(-0.0088073456504022,0.2113,0.0340313103266386));
#3759=CARTESIAN_POINT('',(-0.00385080748310962,0.2113,0.0434979769153468));
#3760=CARTESIAN_POINT('',(-0.00697779523577408,0.2163,0.0421977469404939));
#3761=CARTESIAN_POINT('',(0.00120299469341223,0.2113,0.0455993938688642));
#3762=CARTESIAN_POINT('',(0.000458490839893022,0.2113,0.0359707425611068));
#3763=CARTESIAN_POINT('',(-0.0070340002906682,0.2113,0.0394524053238735));
#3764=CARTESIAN_POINT('',(0.00676523051643607,0.2113,0.0330400830109447));
#3765=CARTESIAN_POINT('',(-0.000813868539570106,0.2113,0.0648358489679515));
#3766=CARTESIAN_POINT('',(-0.00864355747914081,0.2163,0.0576857313046349));
#3767=CARTESIAN_POINT('',(0.0047746038457035,0.2113,0.069939274585661));
#3768=CARTESIAN_POINT('',(-0.00408039476426652,0.2113,0.0531693889503423));
#3769=CARTESIAN_POINT('',(-0.00829156053099617,0.2113,0.0552308536136396));
#3770=CARTESIAN_POINT('',(0.000491818137135058,0.2163,0.0509311832250352));
#3771=CARTESIAN_POINT('',(0.00906239857552482,0.2113,0.0638430433734508));
#3772=CARTESIAN_POINT('',(0.0101979292223544,0.2113,0.0678986124945095));
#3773=CARTESIAN_POINT('',(0.00584757049141699,0.2113,0.0523612242399716));
#3774=CARTESIAN_POINT('',(0.00906936275856157,0.2113,0.0507987635774508));
#3775=CARTESIAN_POINT('',(0.0119031752186705,0.2113,0.0513966640260727));
#3776=CARTESIAN_POINT('',(0.00760168373002157,0.2113,0.05048910090148));
#3777=CARTESIAN_POINT('',(0.00948579545139899,0.2113,0.0478205790039851));
#3778=CARTESIAN_POINT('',(0.00740942717525206,0.2113,0.0473824901956083));
#3779=CARTESIAN_POINT('',(0.0116664925628759,0.2113,0.0482806799456015));
#3780=CARTESIAN_POINT('',(0.0106915408113923,0.2113,0.0377035941184967));
#3781=CARTESIAN_POINT('',(0.0112668224513282,0.2113,0.0366987252514763));
#3782=CARTESIAN_POINT('',(0.00641732502260739,0.2113,0.0451695483206089));
#3783=CARTESIAN_POINT('',(0.00842256796466567,0.2113,0.0190601997661003));
#3784=CARTESIAN_POINT('',(0.00372141404901999,0.2163,0.0141934782770549));
#3785=CARTESIAN_POINT('',(0.0124541883564371,0.2113,0.0232338077671081));
#3786=CARTESIAN_POINT('',(-0.00827329830501811,0.2113,0.0260763491858787));
#3787=CARTESIAN_POINT('',(-0.00246021490616371,0.2113,0.0141281021983824));
#3788=CARTESIAN_POINT('',(-0.0115537080110399,0.2113,0.0328189232551676));
#3789=CARTESIAN_POINT('',(-0.00749762660902087,0.2113,0.0452306076953048));
#3790=CARTESIAN_POINT('',(-0.0115184441599636,0.2113,0.0435587151531305));
#3791=CARTESIAN_POINT('',(-0.0036335938062087,0.2163,0.0468373077118783));
#3792=CARTESIAN_POINT('',(-0.00706972169590825,0.2113,0.051292570191773));
#3793=CARTESIAN_POINT('',(-0.0109970183677714,0.2163,0.0532150742582938));
#3794=CARTESIAN_POINT('',(-0.00354999950599316,0.2113,0.049569583417788));
#3795=CARTESIAN_POINT('',(0.00673308998380062,0.2113,0.0385797780074859));
#3796=CARTESIAN_POINT('',(0.00869911314858424,0.2113,0.0351456418679208));
#3797=CARTESIAN_POINT('',(0.00308067227066627,0.2113,0.0449596111092198));
#3798=CARTESIAN_POINT('',(0.00537652675746358,0.2113,0.0618055049103755));
#3799=CARTESIAN_POINT('',(0.00259577199185812,0.2113,0.0518739868204734));
#3800=CARTESIAN_POINT('',(0.0072305546485712,0.2163,0.0684272004901038));
#3801=CARTESIAN_POINT('',(-0.00314400322776575,0.2113,0.066770653023351));
#3802=CARTESIAN_POINT('',(0.00382571715019714,0.2113,0.0731354423741758));
#3803=CARTESIAN_POINT('',(-0.0100302770508239,0.2113,0.0604820675537751));
#3804=CARTESIAN_POINT('',(0.00627802371491004,0.2113,0.0211581246522032));
#3805=CARTESIAN_POINT('',(0.00190046034041846,0.2113,0.0166263900766993));
#3806=CARTESIAN_POINT('',(0.0106819101045124,0.2113,0.025717109299837));
#3807=CARTESIAN_POINT('',(-0.0094606152617121,0.2163,-0.0307784723179059));
#3808=CARTESIAN_POINT('',(0.00946061526171199,0.2163,-0.0307784723179059));
#3809=CARTESIAN_POINT('',(0.014751386952933,0.2163,0.00292413708571934));
#3810=CARTESIAN_POINT('',(0.00480026692767543,0.2163,0.013151328352036));
#3811=CARTESIAN_POINT('',(0.0135330412350925,0.2163,0.0221916578420892));
#3812=CARTESIAN_POINT('',(-0.00380904876692334,0.2163,0.0134718650338845));
#3813=CARTESIAN_POINT('',(-0.014751386952933,0.2163,0.00292413708571932));
#3814=CARTESIAN_POINT('',(-0.0129025418717996,0.2113,0.0321626860906697));
#3815=CARTESIAN_POINT('',(0.000821607461763019,0.2113,0.0176685400017183));
#3816=CARTESIAN_POINT('',(-0.00745851178964252,0.2113,0.0346875474911365));
#3817=CARTESIAN_POINT('',(0.00960305722585691,0.2113,0.026759259224856));
#3818=CARTESIAN_POINT('',(0.0125685891583261,0.2113,0.0374439791951438));
#3819=CARTESIAN_POINT('',(0.00771909172960528,0.2113,0.0459148022642764));
#3820=CARTESIAN_POINT('',(0.0119761571172291,0.2163,0.0468129920142697));
#3821=CARTESIAN_POINT('',(-0.00640188436551792,0.2113,0.0408127102371821));
#3822=CARTESIAN_POINT('',(0.00739734644158635,0.2113,0.0344003879242533));
#3823=CARTESIAN_POINT('',(0.00177890556366839,0.2113,0.0442143571655524));
#3824=CARTESIAN_POINT('',(-0.0120943550302197,0.2163,0.0449437518564422));
#3825=CARTESIAN_POINT('',(-0.0116565235382431,0.2113,0.0518678352556959));
#3826=CARTESIAN_POINT('',(-0.00420950467646486,0.2113,0.0482223444151901));
#3827=CARTESIAN_POINT('',(0.0115935106643173,0.2113,0.0528643519574046));
#3828=CARTESIAN_POINT('',(0.00729201917566835,0.2113,0.0519567888328118));
#3829=CARTESIAN_POINT('',(-0.00763205536052447,0.2113,0.0565780926162375));
#3830=CARTESIAN_POINT('',(0.00115132330760675,0.2113,0.0522784222276332));
#3831=CARTESIAN_POINT('',(0.00578610596431983,0.2113,0.0688316358972637));
#3832=CARTESIAN_POINT('',(-0.0110417791694403,0.2163,0.0615897062421725));
#3833=CARTESIAN_POINT('',(-0.0104021141724589,0.2163,0.0717056843475553));
#3834=CARTESIAN_POINT('',(-0.00573371870266498,0.2163,0.0751122939587056));
#3835=CARTESIAN_POINT('',(-0.00573371870266498,0.2163,0.0811122939587056));
#3836=CARTESIAN_POINT('',(-0.0029462423930487,0.2163,0.0863631921767969));
#3837=CARTESIAN_POINT('',(-0.00658544245869097,0.2163,0.0823663654406108));
#3838=CARTESIAN_POINT('',(0.0111608950118553,0.2113,0.0676289888897363));
#3839=CARTESIAN_POINT('',(0.00247704765870865,0.2113,0.0746122939587056));
#3840=CARTESIAN_POINT('',(0.0056459964462961,0.2113,0.0807750731545326));
#3841=CARTESIAN_POINT('',(-0.012034327683949,0.2163,-0.0210951622562029));
#3842=CARTESIAN_POINT('',(0.012034327683949,0.2163,-0.0210951622562029));
#3843=MECHANICAL_DESIGN_GEOMETRIC_PRESENTATION_REPRESENTATION('',(#2266),
#3844);
#3844=(
GEOMETRIC_REPRESENTATION_CONTEXT(3)
GLOBAL_UNCERTAINTY_ASSIGNED_CONTEXT((#3845))
GLOBAL_UNIT_ASSIGNED_CONTEXT((#3848,#3847,#3846))
REPRESENTATION_CONTEXT('btrshftr Mount Plate 2',
'TOP_LEVEL_ASSEMBLY_PART')
);
#3845=UNCERTAINTY_MEASURE_WITH_UNIT(LENGTH_MEASURE(1.E-8),#3848,
'DISTANCE_ACCURACY_VALUE','Maximum Tolerance applied to model');
#3846=(
NAMED_UNIT(*)
SI_UNIT($,.STERADIAN.)
SOLID_ANGLE_UNIT()
);
#3847=(
NAMED_UNIT(*)
PLANE_ANGLE_UNIT()
SI_UNIT($,.RADIAN.)
);
#3848=(
LENGTH_UNIT()
NAMED_UNIT(*)
SI_UNIT($,.METRE.)
);
#3849=PRODUCT_DEFINITION_SHAPE('','',#3850);
#3850=PRODUCT_DEFINITION('','',#3852,#3851);
#3851=PRODUCT_DEFINITION_CONTEXT('',#3858,'design');
#3852=PRODUCT_DEFINITION_FORMATION_WITH_SPECIFIED_SOURCE('','',#3854,
 .NOT_KNOWN.);
#3853=PRODUCT_RELATED_PRODUCT_CATEGORY('','',(#3854));
#3854=PRODUCT('btrshftr Mount Plate 2','btrshftr Mount Plate 2',
'btrshftr Mount Plate 2',(#3856));
#3855=PRODUCT_CATEGORY('','');
#3856=PRODUCT_CONTEXT('',#3858,'mechanical');
#3857=APPLICATION_PROTOCOL_DEFINITION('international standard',
'ap242_managed_model_based_3d_engineering',2020,#3858);
#3858=APPLICATION_CONTEXT('managed model based 3d engineering');
ENDSEC;
END-ISO-10303-21;
