ISO-10303-21;
HEADER;
/* Generated by software containing ST-Developer
 * from STEP Tools, Inc. (www.steptools.com) 
 */
/* OPTION: using custom renumber hook */

FILE_DESCRIPTION(
/* description */ ('STEP AP242 Edition 2',
'CAx-IF Rec.Pracs.---Representation and Presentation of Product Manufa
cturing Information (PMI)---4.0---2014-10-13',
'CAx-IF Rec.Pracs.---3D Tessellated Geometry---0.4---2014-09-14','2;1',
'CAx-IF Rec.Pracs.---User Defined Attributes---1.5---2016-08-15'),
/* implementation_level */ '2;1');

FILE_NAME(
/* name */ 'Assembly 1 - btrshftr C4 Plate Female',
/* time_stamp */ '2026-06-22T21:39:42Z',
/* author */ (''),
/* organization */ (''),
/* preprocessor_version */ 'ST-DEVELOPER v20',
/* originating_system */ 'ONSHAPE BY PTC INC, 1.216',
/* authorisation */ '  ');

FILE_SCHEMA (('AP242_MANAGED_MODEL_BASED_3D_ENGINEERING_MIM_LF { 1 0 10303 442 3 1 4 }'));
ENDSEC;

DATA;
#10=SHAPE_REPRESENTATION_RELATIONSHIP('','',#1895,#11);
#11=ADVANCED_BREP_SHAPE_REPRESENTATION('',(#1893),#3273);
#12=CYLINDRICAL_SURFACE('',#2025,0.0125);
#13=CYLINDRICAL_SURFACE('',#2027,0.0125);
#14=CYLINDRICAL_SURFACE('',#2029,0.004);
#15=CYLINDRICAL_SURFACE('',#2032,0.004);
#16=CYLINDRICAL_SURFACE('',#2035,0.00215);
#17=CYLINDRICAL_SURFACE('',#2037,0.00215);
#18=CYLINDRICAL_SURFACE('',#2039,0.007);
#19=CYLINDRICAL_SURFACE('',#2040,0.007);
#20=CYLINDRICAL_SURFACE('',#2041,0.007);
#21=CYLINDRICAL_SURFACE('',#2042,0.004);
#22=CYLINDRICAL_SURFACE('',#2044,0.00215000000000012);
#23=CYLINDRICAL_SURFACE('',#2048,0.009);
#24=CYLINDRICAL_SURFACE('',#2051,0.009);
#25=CYLINDRICAL_SURFACE('',#2053,0.009);
#26=CYLINDRICAL_SURFACE('',#2055,0.009);
#27=CYLINDRICAL_SURFACE('',#2058,0.009);
#28=CYLINDRICAL_SURFACE('',#2060,0.009);
#29=CYLINDRICAL_SURFACE('',#2063,0.009);
#30=CYLINDRICAL_SURFACE('',#2065,0.009);
#31=CYLINDRICAL_SURFACE('',#2070,0.00899999999999981);
#32=CYLINDRICAL_SURFACE('',#2075,0.009);
#33=CYLINDRICAL_SURFACE('',#2078,0.009);
#34=CYLINDRICAL_SURFACE('',#2080,0.001);
#35=CYLINDRICAL_SURFACE('',#2081,0.001);
#36=CYLINDRICAL_SURFACE('',#2082,0.001);
#37=CYLINDRICAL_SURFACE('',#2083,0.001);
#38=CYLINDRICAL_SURFACE('',#2084,0.001);
#39=CYLINDRICAL_SURFACE('',#2085,0.001);
#40=CYLINDRICAL_SURFACE('',#2086,0.001);
#41=CYLINDRICAL_SURFACE('',#2087,0.001);
#42=CYLINDRICAL_SURFACE('',#2088,0.001);
#43=CYLINDRICAL_SURFACE('',#2089,0.001);
#44=CYLINDRICAL_SURFACE('',#2090,0.001);
#45=CYLINDRICAL_SURFACE('',#2091,0.001);
#46=CYLINDRICAL_SURFACE('',#2092,0.001);
#47=CYLINDRICAL_SURFACE('',#2093,0.001);
#48=CYLINDRICAL_SURFACE('',#2094,0.001);
#49=CYLINDRICAL_SURFACE('',#2095,0.001);
#50=CYLINDRICAL_SURFACE('',#2096,0.001);
#51=CYLINDRICAL_SURFACE('',#2097,0.001);
#52=CYLINDRICAL_SURFACE('',#2098,0.001);
#53=CYLINDRICAL_SURFACE('',#2099,0.001);
#54=CYLINDRICAL_SURFACE('',#2100,0.001);
#55=CYLINDRICAL_SURFACE('',#2101,0.001);
#56=CYLINDRICAL_SURFACE('',#2102,0.001);
#57=CYLINDRICAL_SURFACE('',#2103,0.001);
#58=CYLINDRICAL_SURFACE('',#2104,0.001);
#59=CYLINDRICAL_SURFACE('',#2105,0.001);
#60=CYLINDRICAL_SURFACE('',#2106,0.001);
#61=CYLINDRICAL_SURFACE('',#2107,0.001);
#62=CYLINDRICAL_SURFACE('',#2108,0.001);
#63=CYLINDRICAL_SURFACE('',#2109,0.001);
#64=CYLINDRICAL_SURFACE('',#2110,0.001);
#65=CYLINDRICAL_SURFACE('',#2111,0.001);
#66=CYLINDRICAL_SURFACE('',#2112,0.001);
#67=CYLINDRICAL_SURFACE('',#2113,0.000846183557689429);
#68=CYLINDRICAL_SURFACE('',#2114,0.000846183557689426);
#69=CYLINDRICAL_SURFACE('',#2115,0.000706220860342754);
#70=CYLINDRICAL_SURFACE('',#2116,0.000600141509448176);
#71=CYLINDRICAL_SURFACE('',#2117,0.00084745041238492);
#72=CIRCLE('',#1898,0.000600141509448176);
#73=CIRCLE('',#1899,0.00899999999999981);
#74=CIRCLE('',#1900,0.001);
#75=CIRCLE('',#1901,0.000706220860342754);
#76=CIRCLE('',#1902,0.001);
#77=CIRCLE('',#1903,0.001);
#78=CIRCLE('',#1904,0.001);
#79=CIRCLE('',#1905,0.009);
#80=CIRCLE('',#1906,0.001);
#81=CIRCLE('',#1907,0.001);
#82=CIRCLE('',#1908,0.009);
#83=CIRCLE('',#1909,0.001);
#84=CIRCLE('',#1910,0.001);
#85=CIRCLE('',#1911,0.009);
#86=CIRCLE('',#1912,0.001);
#87=CIRCLE('',#1913,0.001);
#88=CIRCLE('',#1914,0.009);
#89=CIRCLE('',#1915,0.000846183557689429);
#90=CIRCLE('',#1916,0.001);
#91=CIRCLE('',#1917,0.001);
#92=CIRCLE('',#1918,0.009);
#93=CIRCLE('',#1919,0.001);
#94=CIRCLE('',#1920,0.007);
#95=CIRCLE('',#1921,0.007);
#96=CIRCLE('',#1922,0.007);
#97=CIRCLE('',#1923,0.001);
#98=CIRCLE('',#1924,0.001);
#99=CIRCLE('',#1925,0.009);
#100=CIRCLE('',#1926,0.00084745041238492);
#101=CIRCLE('',#1927,0.004);
#102=CIRCLE('',#1928,0.001);
#103=CIRCLE('',#1929,0.001);
#104=CIRCLE('',#1930,0.001);
#105=CIRCLE('',#1931,0.009);
#106=CIRCLE('',#1932,0.000846183557689426);
#107=CIRCLE('',#1933,0.001);
#108=CIRCLE('',#1934,0.004);
#109=CIRCLE('',#1935,0.001);
#110=CIRCLE('',#1936,0.001);
#111=CIRCLE('',#1937,0.009);
#112=CIRCLE('',#1938,0.001);
#113=CIRCLE('',#1939,0.001);
#114=CIRCLE('',#1940,0.004);
#115=CIRCLE('',#1941,0.0125);
#116=CIRCLE('',#1942,0.0125);
#117=CIRCLE('',#1943,0.00399999999999974);
#118=CIRCLE('',#1944,0.001);
#119=CIRCLE('',#1945,0.001);
#120=CIRCLE('',#1946,0.009);
#121=CIRCLE('',#1947,0.001);
#122=CIRCLE('',#1948,0.001);
#123=CIRCLE('',#1949,0.001);
#124=CIRCLE('',#1950,0.00399999999999974);
#125=CIRCLE('',#1951,0.00400000000000048);
#126=CIRCLE('',#1952,0.001);
#127=CIRCLE('',#1953,0.001);
#128=CIRCLE('',#1954,0.009);
#129=CIRCLE('',#1955,0.001);
#130=CIRCLE('',#1956,0.001);
#131=CIRCLE('',#1957,0.001);
#132=CIRCLE('',#1958,0.00400000000000048);
#133=CIRCLE('',#1960,0.001);
#134=CIRCLE('',#1961,0.00899999999999981);
#135=CIRCLE('',#1962,0.000600141509448176);
#136=CIRCLE('',#1963,0.000706220860342754);
#137=CIRCLE('',#1964,0.001);
#138=CIRCLE('',#1965,0.004);
#139=CIRCLE('',#1966,0.001);
#140=CIRCLE('',#1967,0.001);
#141=CIRCLE('',#1968,0.009);
#142=CIRCLE('',#1969,0.001);
#143=CIRCLE('',#1970,0.009);
#144=CIRCLE('',#1971,0.001);
#145=CIRCLE('',#1972,0.001);
#146=CIRCLE('',#1973,0.000846183557689429);
#147=CIRCLE('',#1974,0.009);
#148=CIRCLE('',#1975,0.001);
#149=CIRCLE('',#1976,0.001);
#150=CIRCLE('',#1977,0.00215000000000012);
#151=CIRCLE('',#1978,0.00215);
#152=CIRCLE('',#1979,0.00215);
#153=CIRCLE('',#1980,0.007);
#154=CIRCLE('',#1981,0.007);
#155=CIRCLE('',#1982,0.007);
#156=CIRCLE('',#1983,0.0125);
#157=CIRCLE('',#1984,0.0125);
#158=CIRCLE('',#1985,0.004);
#159=CIRCLE('',#1986,0.004);
#160=CIRCLE('',#1987,0.004);
#161=CIRCLE('',#1988,0.009);
#162=CIRCLE('',#1989,0.001);
#163=CIRCLE('',#1990,0.001);
#164=CIRCLE('',#1991,0.00084745041238492);
#165=CIRCLE('',#1992,0.001);
#166=CIRCLE('',#1993,0.001);
#167=CIRCLE('',#1994,0.009);
#168=CIRCLE('',#1995,0.001);
#169=CIRCLE('',#1996,0.001);
#170=CIRCLE('',#1997,0.00399999999999974);
#171=CIRCLE('',#1998,0.001);
#172=CIRCLE('',#1999,0.009);
#173=CIRCLE('',#2000,0.001);
#174=CIRCLE('',#2001,0.001);
#175=CIRCLE('',#2002,0.009);
#176=CIRCLE('',#2003,0.001);
#177=CIRCLE('',#2004,0.001);
#178=CIRCLE('',#2005,0.009);
#179=CIRCLE('',#2006,0.001);
#180=CIRCLE('',#2007,0.001);
#181=CIRCLE('',#2008,0.001);
#182=CIRCLE('',#2009,0.001);
#183=CIRCLE('',#2010,0.009);
#184=CIRCLE('',#2011,0.001);
#185=CIRCLE('',#2012,0.001);
#186=CIRCLE('',#2013,0.00400000000000048);
#187=CIRCLE('',#2014,0.001);
#188=CIRCLE('',#2015,0.001);
#189=CIRCLE('',#2016,0.001);
#190=CIRCLE('',#2017,0.00399999999999995);
#191=CIRCLE('',#2018,0.001);
#192=CIRCLE('',#2019,0.000846183557689426);
#193=CIRCLE('',#2020,0.009);
#194=CIRCLE('',#2021,0.001);
#195=CIRCLE('',#2022,0.001);
#196=CIRCLE('',#2023,0.001);
#197=CIRCLE('',#2030,0.004);
#198=CIRCLE('',#2033,0.00400000000000048);
#199=CIRCLE('',#2036,0.00215);
#200=CIRCLE('',#2038,0.00215);
#201=CIRCLE('',#2043,0.00399999999999974);
#202=CIRCLE('',#2045,0.00215000000000012);
#203=ORIENTED_EDGE('',*,*,#753,.T.);
#204=ORIENTED_EDGE('',*,*,#754,.T.);
#205=ORIENTED_EDGE('',*,*,#755,.F.);
#206=ORIENTED_EDGE('',*,*,#756,.F.);
#207=ORIENTED_EDGE('',*,*,#757,.T.);
#208=ORIENTED_EDGE('',*,*,#758,.T.);
#209=ORIENTED_EDGE('',*,*,#759,.T.);
#210=ORIENTED_EDGE('',*,*,#760,.F.);
#211=ORIENTED_EDGE('',*,*,#761,.T.);
#212=ORIENTED_EDGE('',*,*,#762,.F.);
#213=ORIENTED_EDGE('',*,*,#763,.T.);
#214=ORIENTED_EDGE('',*,*,#764,.F.);
#215=ORIENTED_EDGE('',*,*,#765,.F.);
#216=ORIENTED_EDGE('',*,*,#766,.F.);
#217=ORIENTED_EDGE('',*,*,#767,.T.);
#218=ORIENTED_EDGE('',*,*,#768,.F.);
#219=ORIENTED_EDGE('',*,*,#769,.F.);
#220=ORIENTED_EDGE('',*,*,#770,.F.);
#221=ORIENTED_EDGE('',*,*,#771,.F.);
#222=ORIENTED_EDGE('',*,*,#772,.F.);
#223=ORIENTED_EDGE('',*,*,#773,.F.);
#224=ORIENTED_EDGE('',*,*,#774,.F.);
#225=ORIENTED_EDGE('',*,*,#775,.T.);
#226=ORIENTED_EDGE('',*,*,#776,.F.);
#227=ORIENTED_EDGE('',*,*,#777,.F.);
#228=ORIENTED_EDGE('',*,*,#778,.T.);
#229=ORIENTED_EDGE('',*,*,#779,.F.);
#230=ORIENTED_EDGE('',*,*,#780,.F.);
#231=ORIENTED_EDGE('',*,*,#781,.T.);
#232=ORIENTED_EDGE('',*,*,#782,.F.);
#233=ORIENTED_EDGE('',*,*,#783,.F.);
#234=ORIENTED_EDGE('',*,*,#784,.F.);
#235=ORIENTED_EDGE('',*,*,#785,.T.);
#236=ORIENTED_EDGE('',*,*,#786,.T.);
#237=ORIENTED_EDGE('',*,*,#787,.T.);
#238=ORIENTED_EDGE('',*,*,#788,.T.);
#239=ORIENTED_EDGE('',*,*,#789,.F.);
#240=ORIENTED_EDGE('',*,*,#790,.F.);
#241=ORIENTED_EDGE('',*,*,#791,.F.);
#242=ORIENTED_EDGE('',*,*,#792,.F.);
#243=ORIENTED_EDGE('',*,*,#793,.T.);
#244=ORIENTED_EDGE('',*,*,#794,.T.);
#245=ORIENTED_EDGE('',*,*,#795,.T.);
#246=ORIENTED_EDGE('',*,*,#796,.F.);
#247=ORIENTED_EDGE('',*,*,#797,.T.);
#248=ORIENTED_EDGE('',*,*,#798,.F.);
#249=ORIENTED_EDGE('',*,*,#799,.F.);
#250=ORIENTED_EDGE('',*,*,#800,.F.);
#251=ORIENTED_EDGE('',*,*,#801,.F.);
#252=ORIENTED_EDGE('',*,*,#802,.T.);
#253=ORIENTED_EDGE('',*,*,#803,.T.);
#254=ORIENTED_EDGE('',*,*,#804,.F.);
#255=ORIENTED_EDGE('',*,*,#805,.T.);
#256=ORIENTED_EDGE('',*,*,#806,.F.);
#257=ORIENTED_EDGE('',*,*,#807,.F.);
#258=ORIENTED_EDGE('',*,*,#808,.F.);
#259=ORIENTED_EDGE('',*,*,#809,.F.);
#260=ORIENTED_EDGE('',*,*,#810,.F.);
#261=ORIENTED_EDGE('',*,*,#811,.T.);
#262=ORIENTED_EDGE('',*,*,#812,.F.);
#263=ORIENTED_EDGE('',*,*,#813,.T.);
#264=ORIENTED_EDGE('',*,*,#814,.F.);
#265=ORIENTED_EDGE('',*,*,#815,.F.);
#266=ORIENTED_EDGE('',*,*,#816,.F.);
#267=ORIENTED_EDGE('',*,*,#817,.F.);
#268=ORIENTED_EDGE('',*,*,#818,.F.);
#269=ORIENTED_EDGE('',*,*,#819,.T.);
#270=ORIENTED_EDGE('',*,*,#820,.F.);
#271=ORIENTED_EDGE('',*,*,#821,.T.);
#272=ORIENTED_EDGE('',*,*,#822,.F.);
#273=ORIENTED_EDGE('',*,*,#823,.F.);
#274=ORIENTED_EDGE('',*,*,#824,.F.);
#275=ORIENTED_EDGE('',*,*,#825,.F.);
#276=ORIENTED_EDGE('',*,*,#826,.F.);
#277=ORIENTED_EDGE('',*,*,#827,.F.);
#278=ORIENTED_EDGE('',*,*,#828,.F.);
#279=ORIENTED_EDGE('',*,*,#829,.T.);
#280=ORIENTED_EDGE('',*,*,#830,.T.);
#281=ORIENTED_EDGE('',*,*,#831,.T.);
#282=ORIENTED_EDGE('',*,*,#832,.F.);
#283=ORIENTED_EDGE('',*,*,#833,.F.);
#284=ORIENTED_EDGE('',*,*,#834,.F.);
#285=ORIENTED_EDGE('',*,*,#835,.F.);
#286=ORIENTED_EDGE('',*,*,#836,.F.);
#287=ORIENTED_EDGE('',*,*,#837,.T.);
#288=ORIENTED_EDGE('',*,*,#838,.F.);
#289=ORIENTED_EDGE('',*,*,#839,.T.);
#290=ORIENTED_EDGE('',*,*,#840,.F.);
#291=ORIENTED_EDGE('',*,*,#841,.T.);
#292=ORIENTED_EDGE('',*,*,#842,.F.);
#293=ORIENTED_EDGE('',*,*,#843,.F.);
#294=ORIENTED_EDGE('',*,*,#844,.T.);
#295=ORIENTED_EDGE('',*,*,#845,.F.);
#296=ORIENTED_EDGE('',*,*,#846,.F.);
#297=ORIENTED_EDGE('',*,*,#847,.F.);
#298=ORIENTED_EDGE('',*,*,#848,.T.);
#299=ORIENTED_EDGE('',*,*,#849,.F.);
#300=ORIENTED_EDGE('',*,*,#850,.T.);
#301=ORIENTED_EDGE('',*,*,#851,.F.);
#302=ORIENTED_EDGE('',*,*,#852,.F.);
#303=ORIENTED_EDGE('',*,*,#853,.F.);
#304=ORIENTED_EDGE('',*,*,#854,.T.);
#305=ORIENTED_EDGE('',*,*,#855,.F.);
#306=ORIENTED_EDGE('',*,*,#856,.T.);
#307=ORIENTED_EDGE('',*,*,#857,.F.);
#308=ORIENTED_EDGE('',*,*,#858,.F.);
#309=ORIENTED_EDGE('',*,*,#859,.F.);
#310=ORIENTED_EDGE('',*,*,#860,.T.);
#311=ORIENTED_EDGE('',*,*,#861,.F.);
#312=ORIENTED_EDGE('',*,*,#862,.T.);
#313=ORIENTED_EDGE('',*,*,#863,.F.);
#314=ORIENTED_EDGE('',*,*,#864,.F.);
#315=ORIENTED_EDGE('',*,*,#865,.F.);
#316=ORIENTED_EDGE('',*,*,#866,.F.);
#317=ORIENTED_EDGE('',*,*,#867,.F.);
#318=ORIENTED_EDGE('',*,*,#868,.F.);
#319=ORIENTED_EDGE('',*,*,#869,.F.);
#320=ORIENTED_EDGE('',*,*,#870,.F.);
#321=ORIENTED_EDGE('',*,*,#871,.F.);
#322=ORIENTED_EDGE('',*,*,#872,.T.);
#323=ORIENTED_EDGE('',*,*,#873,.T.);
#324=ORIENTED_EDGE('',*,*,#874,.T.);
#325=ORIENTED_EDGE('',*,*,#875,.T.);
#326=ORIENTED_EDGE('',*,*,#876,.T.);
#327=ORIENTED_EDGE('',*,*,#877,.T.);
#328=ORIENTED_EDGE('',*,*,#878,.F.);
#329=ORIENTED_EDGE('',*,*,#879,.T.);
#330=ORIENTED_EDGE('',*,*,#880,.F.);
#331=ORIENTED_EDGE('',*,*,#881,.T.);
#332=ORIENTED_EDGE('',*,*,#882,.T.);
#333=ORIENTED_EDGE('',*,*,#883,.F.);
#334=ORIENTED_EDGE('',*,*,#884,.T.);
#335=ORIENTED_EDGE('',*,*,#885,.F.);
#336=ORIENTED_EDGE('',*,*,#886,.F.);
#337=ORIENTED_EDGE('',*,*,#887,.F.);
#338=ORIENTED_EDGE('',*,*,#888,.T.);
#339=ORIENTED_EDGE('',*,*,#889,.F.);
#340=ORIENTED_EDGE('',*,*,#890,.T.);
#341=ORIENTED_EDGE('',*,*,#891,.F.);
#342=ORIENTED_EDGE('',*,*,#892,.T.);
#343=ORIENTED_EDGE('',*,*,#893,.F.);
#344=ORIENTED_EDGE('',*,*,#894,.F.);
#345=ORIENTED_EDGE('',*,*,#895,.F.);
#346=ORIENTED_EDGE('',*,*,#896,.T.);
#347=ORIENTED_EDGE('',*,*,#897,.F.);
#348=ORIENTED_EDGE('',*,*,#898,.T.);
#349=ORIENTED_EDGE('',*,*,#899,.F.);
#350=ORIENTED_EDGE('',*,*,#900,.T.);
#351=ORIENTED_EDGE('',*,*,#901,.F.);
#352=ORIENTED_EDGE('',*,*,#902,.T.);
#353=ORIENTED_EDGE('',*,*,#903,.F.);
#354=ORIENTED_EDGE('',*,*,#904,.F.);
#355=ORIENTED_EDGE('',*,*,#905,.F.);
#356=ORIENTED_EDGE('',*,*,#906,.T.);
#357=ORIENTED_EDGE('',*,*,#907,.F.);
#358=ORIENTED_EDGE('',*,*,#908,.F.);
#359=ORIENTED_EDGE('',*,*,#909,.F.);
#360=ORIENTED_EDGE('',*,*,#910,.F.);
#361=ORIENTED_EDGE('',*,*,#911,.F.);
#362=ORIENTED_EDGE('',*,*,#912,.F.);
#363=ORIENTED_EDGE('',*,*,#913,.F.);
#364=ORIENTED_EDGE('',*,*,#914,.T.);
#365=ORIENTED_EDGE('',*,*,#915,.F.);
#366=ORIENTED_EDGE('',*,*,#916,.T.);
#367=ORIENTED_EDGE('',*,*,#917,.F.);
#368=ORIENTED_EDGE('',*,*,#918,.T.);
#369=ORIENTED_EDGE('',*,*,#919,.F.);
#370=ORIENTED_EDGE('',*,*,#920,.F.);
#371=ORIENTED_EDGE('',*,*,#921,.F.);
#372=ORIENTED_EDGE('',*,*,#922,.F.);
#373=ORIENTED_EDGE('',*,*,#923,.F.);
#374=ORIENTED_EDGE('',*,*,#924,.T.);
#375=ORIENTED_EDGE('',*,*,#925,.F.);
#376=ORIENTED_EDGE('',*,*,#926,.F.);
#377=ORIENTED_EDGE('',*,*,#927,.F.);
#378=ORIENTED_EDGE('',*,*,#928,.T.);
#379=ORIENTED_EDGE('',*,*,#929,.F.);
#380=ORIENTED_EDGE('',*,*,#930,.T.);
#381=ORIENTED_EDGE('',*,*,#931,.F.);
#382=ORIENTED_EDGE('',*,*,#932,.F.);
#383=ORIENTED_EDGE('',*,*,#933,.F.);
#384=ORIENTED_EDGE('',*,*,#818,.T.);
#385=ORIENTED_EDGE('',*,*,#934,.F.);
#386=ORIENTED_EDGE('',*,*,#872,.F.);
#387=ORIENTED_EDGE('',*,*,#935,.T.);
#388=ORIENTED_EDGE('',*,*,#936,.T.);
#389=ORIENTED_EDGE('',*,*,#937,.T.);
#390=ORIENTED_EDGE('',*,*,#817,.T.);
#391=ORIENTED_EDGE('',*,*,#938,.F.);
#392=ORIENTED_EDGE('',*,*,#873,.F.);
#393=ORIENTED_EDGE('',*,*,#934,.T.);
#394=ORIENTED_EDGE('',*,*,#816,.T.);
#395=ORIENTED_EDGE('',*,*,#939,.F.);
#396=ORIENTED_EDGE('',*,*,#874,.F.);
#397=ORIENTED_EDGE('',*,*,#938,.T.);
#398=ORIENTED_EDGE('',*,*,#815,.T.);
#399=ORIENTED_EDGE('',*,*,#940,.F.);
#400=ORIENTED_EDGE('',*,*,#875,.F.);
#401=ORIENTED_EDGE('',*,*,#939,.T.);
#402=ORIENTED_EDGE('',*,*,#814,.T.);
#403=ORIENTED_EDGE('',*,*,#941,.F.);
#404=ORIENTED_EDGE('',*,*,#876,.F.);
#405=ORIENTED_EDGE('',*,*,#940,.T.);
#406=ORIENTED_EDGE('',*,*,#941,.T.);
#407=ORIENTED_EDGE('',*,*,#813,.F.);
#408=ORIENTED_EDGE('',*,*,#942,.F.);
#409=ORIENTED_EDGE('',*,*,#850,.F.);
#410=ORIENTED_EDGE('',*,*,#943,.F.);
#411=ORIENTED_EDGE('',*,*,#805,.F.);
#412=ORIENTED_EDGE('',*,*,#944,.F.);
#413=ORIENTED_EDGE('',*,*,#924,.F.);
#414=ORIENTED_EDGE('',*,*,#945,.F.);
#415=ORIENTED_EDGE('',*,*,#795,.F.);
#416=ORIENTED_EDGE('',*,*,#946,.F.);
#417=ORIENTED_EDGE('',*,*,#877,.F.);
#418=ORIENTED_EDGE('',*,*,#947,.T.);
#419=ORIENTED_EDGE('',*,*,#794,.F.);
#420=ORIENTED_EDGE('',*,*,#948,.F.);
#421=ORIENTED_EDGE('',*,*,#878,.T.);
#422=ORIENTED_EDGE('',*,*,#946,.T.);
#423=ORIENTED_EDGE('',*,*,#949,.F.);
#424=ORIENTED_EDGE('',*,*,#879,.F.);
#425=ORIENTED_EDGE('',*,*,#948,.T.);
#426=ORIENTED_EDGE('',*,*,#841,.F.);
#427=ORIENTED_EDGE('',*,*,#950,.F.);
#428=ORIENTED_EDGE('',*,*,#918,.F.);
#429=ORIENTED_EDGE('',*,*,#951,.F.);
#430=ORIENTED_EDGE('',*,*,#831,.F.);
#431=ORIENTED_EDGE('',*,*,#952,.T.);
#432=ORIENTED_EDGE('',*,*,#830,.F.);
#433=ORIENTED_EDGE('',*,*,#953,.F.);
#434=ORIENTED_EDGE('',*,*,#880,.T.);
#435=ORIENTED_EDGE('',*,*,#949,.T.);
#436=ORIENTED_EDGE('',*,*,#867,.T.);
#437=ORIENTED_EDGE('',*,*,#954,.F.);
#438=ORIENTED_EDGE('',*,*,#868,.T.);
#439=ORIENTED_EDGE('',*,*,#955,.F.);
#440=ORIENTED_EDGE('',*,*,#869,.T.);
#441=ORIENTED_EDGE('',*,*,#785,.F.);
#442=ORIENTED_EDGE('',*,*,#870,.T.);
#443=ORIENTED_EDGE('',*,*,#786,.F.);
#444=ORIENTED_EDGE('',*,*,#871,.T.);
#445=ORIENTED_EDGE('',*,*,#787,.F.);
#446=ORIENTED_EDGE('',*,*,#935,.F.);
#447=ORIENTED_EDGE('',*,*,#881,.F.);
#448=ORIENTED_EDGE('',*,*,#953,.T.);
#449=ORIENTED_EDGE('',*,*,#829,.F.);
#450=ORIENTED_EDGE('',*,*,#956,.F.);
#451=ORIENTED_EDGE('',*,*,#896,.F.);
#452=ORIENTED_EDGE('',*,*,#957,.F.);
#453=ORIENTED_EDGE('',*,*,#819,.F.);
#454=ORIENTED_EDGE('',*,*,#937,.F.);
#455=ORIENTED_EDGE('',*,*,#958,.T.);
#456=ORIENTED_EDGE('',*,*,#866,.T.);
#457=ORIENTED_EDGE('',*,*,#959,.F.);
#458=ORIENTED_EDGE('',*,*,#788,.F.);
#459=ORIENTED_EDGE('',*,*,#960,.F.);
#460=ORIENTED_EDGE('',*,*,#886,.T.);
#461=ORIENTED_EDGE('',*,*,#961,.F.);
#462=ORIENTED_EDGE('',*,*,#884,.F.);
#463=ORIENTED_EDGE('',*,*,#962,.F.);
#464=ORIENTED_EDGE('',*,*,#790,.T.);
#465=ORIENTED_EDGE('',*,*,#963,.F.);
#466=ORIENTED_EDGE('',*,*,#882,.F.);
#467=ORIENTED_EDGE('',*,*,#964,.F.);
#468=ORIENTED_EDGE('',*,*,#792,.T.);
#469=ORIENTED_EDGE('',*,*,#965,.F.);
#470=ORIENTED_EDGE('',*,*,#888,.F.);
#471=ORIENTED_EDGE('',*,*,#966,.F.);
#472=ORIENTED_EDGE('',*,*,#827,.T.);
#473=ORIENTED_EDGE('',*,*,#967,.F.);
#474=ORIENTED_EDGE('',*,*,#894,.T.);
#475=ORIENTED_EDGE('',*,*,#968,.F.);
#476=ORIENTED_EDGE('',*,*,#821,.F.);
#477=ORIENTED_EDGE('',*,*,#969,.F.);
#478=ORIENTED_EDGE('',*,*,#823,.T.);
#479=ORIENTED_EDGE('',*,*,#970,.F.);
#480=ORIENTED_EDGE('',*,*,#892,.F.);
#481=ORIENTED_EDGE('',*,*,#971,.F.);
#482=ORIENTED_EDGE('',*,*,#890,.F.);
#483=ORIENTED_EDGE('',*,*,#972,.F.);
#484=ORIENTED_EDGE('',*,*,#825,.T.);
#485=ORIENTED_EDGE('',*,*,#973,.F.);
#486=ORIENTED_EDGE('',*,*,#783,.T.);
#487=ORIENTED_EDGE('',*,*,#974,.F.);
#488=ORIENTED_EDGE('',*,*,#856,.F.);
#489=ORIENTED_EDGE('',*,*,#975,.F.);
#490=ORIENTED_EDGE('',*,*,#775,.F.);
#491=ORIENTED_EDGE('',*,*,#976,.F.);
#492=ORIENTED_EDGE('',*,*,#864,.T.);
#493=ORIENTED_EDGE('',*,*,#977,.F.);
#494=ORIENTED_EDGE('',*,*,#862,.F.);
#495=ORIENTED_EDGE('',*,*,#978,.F.);
#496=ORIENTED_EDGE('',*,*,#777,.T.);
#497=ORIENTED_EDGE('',*,*,#979,.F.);
#498=ORIENTED_EDGE('',*,*,#860,.F.);
#499=ORIENTED_EDGE('',*,*,#980,.F.);
#500=ORIENTED_EDGE('',*,*,#779,.T.);
#501=ORIENTED_EDGE('',*,*,#981,.F.);
#502=ORIENTED_EDGE('',*,*,#858,.T.);
#503=ORIENTED_EDGE('',*,*,#982,.F.);
#504=ORIENTED_EDGE('',*,*,#781,.F.);
#505=ORIENTED_EDGE('',*,*,#983,.F.);
#506=ORIENTED_EDGE('',*,*,#898,.F.);
#507=ORIENTED_EDGE('',*,*,#984,.F.);
#508=ORIENTED_EDGE('',*,*,#773,.T.);
#509=ORIENTED_EDGE('',*,*,#985,.F.);
#510=ORIENTED_EDGE('',*,*,#767,.F.);
#511=ORIENTED_EDGE('',*,*,#986,.F.);
#512=ORIENTED_EDGE('',*,*,#904,.T.);
#513=ORIENTED_EDGE('',*,*,#987,.F.);
#514=ORIENTED_EDGE('',*,*,#769,.T.);
#515=ORIENTED_EDGE('',*,*,#988,.F.);
#516=ORIENTED_EDGE('',*,*,#902,.F.);
#517=ORIENTED_EDGE('',*,*,#989,.F.);
#518=ORIENTED_EDGE('',*,*,#900,.F.);
#519=ORIENTED_EDGE('',*,*,#990,.F.);
#520=ORIENTED_EDGE('',*,*,#771,.T.);
#521=ORIENTED_EDGE('',*,*,#991,.F.);
#522=ORIENTED_EDGE('',*,*,#807,.T.);
#523=ORIENTED_EDGE('',*,*,#992,.F.);
#524=ORIENTED_EDGE('',*,*,#848,.F.);
#525=ORIENTED_EDGE('',*,*,#993,.F.);
#526=ORIENTED_EDGE('',*,*,#854,.F.);
#527=ORIENTED_EDGE('',*,*,#994,.F.);
#528=ORIENTED_EDGE('',*,*,#809,.T.);
#529=ORIENTED_EDGE('',*,*,#995,.F.);
#530=ORIENTED_EDGE('',*,*,#852,.T.);
#531=ORIENTED_EDGE('',*,*,#996,.F.);
#532=ORIENTED_EDGE('',*,*,#811,.F.);
#533=ORIENTED_EDGE('',*,*,#997,.F.);
#534=ORIENTED_EDGE('',*,*,#906,.F.);
#535=ORIENTED_EDGE('',*,*,#998,.F.);
#536=ORIENTED_EDGE('',*,*,#765,.T.);
#537=ORIENTED_EDGE('',*,*,#999,.F.);
#538=ORIENTED_EDGE('',*,*,#912,.T.);
#539=ORIENTED_EDGE('',*,*,#1000,.F.);
#540=ORIENTED_EDGE('',*,*,#759,.F.);
#541=ORIENTED_EDGE('',*,*,#1001,.F.);
#542=ORIENTED_EDGE('',*,*,#761,.F.);
#543=ORIENTED_EDGE('',*,*,#1002,.F.);
#544=ORIENTED_EDGE('',*,*,#910,.T.);
#545=ORIENTED_EDGE('',*,*,#1003,.F.);
#546=ORIENTED_EDGE('',*,*,#763,.F.);
#547=ORIENTED_EDGE('',*,*,#1004,.F.);
#548=ORIENTED_EDGE('',*,*,#908,.T.);
#549=ORIENTED_EDGE('',*,*,#1005,.F.);
#550=ORIENTED_EDGE('',*,*,#753,.F.);
#551=ORIENTED_EDGE('',*,*,#1006,.F.);
#552=ORIENTED_EDGE('',*,*,#846,.T.);
#553=ORIENTED_EDGE('',*,*,#1007,.F.);
#554=ORIENTED_EDGE('',*,*,#844,.F.);
#555=ORIENTED_EDGE('',*,*,#1008,.F.);
#556=ORIENTED_EDGE('',*,*,#755,.T.);
#557=ORIENTED_EDGE('',*,*,#1009,.F.);
#558=ORIENTED_EDGE('',*,*,#842,.T.);
#559=ORIENTED_EDGE('',*,*,#1010,.F.);
#560=ORIENTED_EDGE('',*,*,#757,.F.);
#561=ORIENTED_EDGE('',*,*,#1011,.F.);
#562=ORIENTED_EDGE('',*,*,#837,.F.);
#563=ORIENTED_EDGE('',*,*,#1012,.F.);
#564=ORIENTED_EDGE('',*,*,#922,.T.);
#565=ORIENTED_EDGE('',*,*,#1013,.F.);
#566=ORIENTED_EDGE('',*,*,#839,.F.);
#567=ORIENTED_EDGE('',*,*,#1014,.F.);
#568=ORIENTED_EDGE('',*,*,#920,.T.);
#569=ORIENTED_EDGE('',*,*,#1015,.F.);
#570=ORIENTED_EDGE('',*,*,#916,.F.);
#571=ORIENTED_EDGE('',*,*,#1016,.F.);
#572=ORIENTED_EDGE('',*,*,#833,.T.);
#573=ORIENTED_EDGE('',*,*,#1017,.F.);
#574=ORIENTED_EDGE('',*,*,#835,.T.);
#575=ORIENTED_EDGE('',*,*,#1018,.F.);
#576=ORIENTED_EDGE('',*,*,#914,.F.);
#577=ORIENTED_EDGE('',*,*,#1019,.F.);
#578=ORIENTED_EDGE('',*,*,#797,.F.);
#579=ORIENTED_EDGE('',*,*,#1020,.F.);
#580=ORIENTED_EDGE('',*,*,#932,.T.);
#581=ORIENTED_EDGE('',*,*,#1021,.F.);
#582=ORIENTED_EDGE('',*,*,#799,.T.);
#583=ORIENTED_EDGE('',*,*,#1022,.F.);
#584=ORIENTED_EDGE('',*,*,#930,.F.);
#585=ORIENTED_EDGE('',*,*,#1023,.F.);
#586=ORIENTED_EDGE('',*,*,#928,.F.);
#587=ORIENTED_EDGE('',*,*,#1024,.F.);
#588=ORIENTED_EDGE('',*,*,#801,.T.);
#589=ORIENTED_EDGE('',*,*,#1025,.F.);
#590=ORIENTED_EDGE('',*,*,#803,.F.);
#591=ORIENTED_EDGE('',*,*,#1026,.F.);
#592=ORIENTED_EDGE('',*,*,#926,.T.);
#593=ORIENTED_EDGE('',*,*,#1027,.F.);
#594=ORIENTED_EDGE('',*,*,#883,.T.);
#595=ORIENTED_EDGE('',*,*,#965,.T.);
#596=ORIENTED_EDGE('',*,*,#791,.T.);
#597=ORIENTED_EDGE('',*,*,#962,.T.);
#598=ORIENTED_EDGE('',*,*,#843,.T.);
#599=ORIENTED_EDGE('',*,*,#1011,.T.);
#600=ORIENTED_EDGE('',*,*,#756,.T.);
#601=ORIENTED_EDGE('',*,*,#1008,.T.);
#602=ORIENTED_EDGE('',*,*,#917,.T.);
#603=ORIENTED_EDGE('',*,*,#1017,.T.);
#604=ORIENTED_EDGE('',*,*,#832,.T.);
#605=ORIENTED_EDGE('',*,*,#951,.T.);
#606=ORIENTED_EDGE('',*,*,#919,.T.);
#607=ORIENTED_EDGE('',*,*,#950,.T.);
#608=ORIENTED_EDGE('',*,*,#840,.T.);
#609=ORIENTED_EDGE('',*,*,#1015,.T.);
#610=ORIENTED_EDGE('',*,*,#921,.T.);
#611=ORIENTED_EDGE('',*,*,#1014,.T.);
#612=ORIENTED_EDGE('',*,*,#838,.T.);
#613=ORIENTED_EDGE('',*,*,#1013,.T.);
#614=ORIENTED_EDGE('',*,*,#923,.T.);
#615=ORIENTED_EDGE('',*,*,#1012,.T.);
#616=ORIENTED_EDGE('',*,*,#836,.T.);
#617=ORIENTED_EDGE('',*,*,#1019,.T.);
#618=ORIENTED_EDGE('',*,*,#915,.T.);
#619=ORIENTED_EDGE('',*,*,#1018,.T.);
#620=ORIENTED_EDGE('',*,*,#834,.T.);
#621=ORIENTED_EDGE('',*,*,#1016,.T.);
#622=ORIENTED_EDGE('',*,*,#929,.T.);
#623=ORIENTED_EDGE('',*,*,#1025,.T.);
#624=ORIENTED_EDGE('',*,*,#800,.T.);
#625=ORIENTED_EDGE('',*,*,#1023,.T.);
#626=ORIENTED_EDGE('',*,*,#931,.T.);
#627=ORIENTED_EDGE('',*,*,#1022,.T.);
#628=ORIENTED_EDGE('',*,*,#798,.T.);
#629=ORIENTED_EDGE('',*,*,#1021,.T.);
#630=ORIENTED_EDGE('',*,*,#925,.T.);
#631=ORIENTED_EDGE('',*,*,#944,.T.);
#632=ORIENTED_EDGE('',*,*,#804,.T.);
#633=ORIENTED_EDGE('',*,*,#1027,.T.);
#634=ORIENTED_EDGE('',*,*,#933,.T.);
#635=ORIENTED_EDGE('',*,*,#1020,.T.);
#636=ORIENTED_EDGE('',*,*,#796,.T.);
#637=ORIENTED_EDGE('',*,*,#945,.T.);
#638=ORIENTED_EDGE('',*,*,#909,.T.);
#639=ORIENTED_EDGE('',*,*,#1004,.T.);
#640=ORIENTED_EDGE('',*,*,#762,.T.);
#641=ORIENTED_EDGE('',*,*,#1003,.T.);
#642=ORIENTED_EDGE('',*,*,#913,.T.);
#643=ORIENTED_EDGE('',*,*,#1001,.T.);
#644=ORIENTED_EDGE('',*,*,#766,.T.);
#645=ORIENTED_EDGE('',*,*,#998,.T.);
#646=ORIENTED_EDGE('',*,*,#911,.T.);
#647=ORIENTED_EDGE('',*,*,#1002,.T.);
#648=ORIENTED_EDGE('',*,*,#760,.T.);
#649=ORIENTED_EDGE('',*,*,#1000,.T.);
#650=ORIENTED_EDGE('',*,*,#891,.T.);
#651=ORIENTED_EDGE('',*,*,#973,.T.);
#652=ORIENTED_EDGE('',*,*,#824,.T.);
#653=ORIENTED_EDGE('',*,*,#971,.T.);
#654=ORIENTED_EDGE('',*,*,#889,.T.);
#655=ORIENTED_EDGE('',*,*,#967,.T.);
#656=ORIENTED_EDGE('',*,*,#826,.T.);
#657=ORIENTED_EDGE('',*,*,#972,.T.);
#658=ORIENTED_EDGE('',*,*,#897,.T.);
#659=ORIENTED_EDGE('',*,*,#956,.T.);
#660=ORIENTED_EDGE('',*,*,#828,.T.);
#661=ORIENTED_EDGE('',*,*,#966,.T.);
#662=ORIENTED_EDGE('',*,*,#895,.T.);
#663=ORIENTED_EDGE('',*,*,#969,.T.);
#664=ORIENTED_EDGE('',*,*,#820,.T.);
#665=ORIENTED_EDGE('',*,*,#957,.T.);
#666=ORIENTED_EDGE('',*,*,#893,.T.);
#667=ORIENTED_EDGE('',*,*,#970,.T.);
#668=ORIENTED_EDGE('',*,*,#822,.T.);
#669=ORIENTED_EDGE('',*,*,#968,.T.);
#670=ORIENTED_EDGE('',*,*,#853,.T.);
#671=ORIENTED_EDGE('',*,*,#997,.T.);
#672=ORIENTED_EDGE('',*,*,#810,.T.);
#673=ORIENTED_EDGE('',*,*,#994,.T.);
#674=ORIENTED_EDGE('',*,*,#851,.T.);
#675=ORIENTED_EDGE('',*,*,#942,.T.);
#676=ORIENTED_EDGE('',*,*,#812,.T.);
#677=ORIENTED_EDGE('',*,*,#996,.T.);
#678=ORIENTED_EDGE('',*,*,#849,.T.);
#679=ORIENTED_EDGE('',*,*,#992,.T.);
#680=ORIENTED_EDGE('',*,*,#806,.T.);
#681=ORIENTED_EDGE('',*,*,#943,.T.);
#682=ORIENTED_EDGE('',*,*,#863,.T.);
#683=ORIENTED_EDGE('',*,*,#979,.T.);
#684=ORIENTED_EDGE('',*,*,#776,.T.);
#685=ORIENTED_EDGE('',*,*,#977,.T.);
#686=ORIENTED_EDGE('',*,*,#859,.T.);
#687=ORIENTED_EDGE('',*,*,#983,.T.);
#688=ORIENTED_EDGE('',*,*,#780,.T.);
#689=ORIENTED_EDGE('',*,*,#980,.T.);
#690=ORIENTED_EDGE('',*,*,#865,.T.);
#691=ORIENTED_EDGE('',*,*,#976,.T.);
#692=ORIENTED_EDGE('',*,*,#784,.T.);
#693=ORIENTED_EDGE('',*,*,#975,.T.);
#694=ORIENTED_EDGE('',*,*,#857,.T.);
#695=ORIENTED_EDGE('',*,*,#974,.T.);
#696=ORIENTED_EDGE('',*,*,#782,.T.);
#697=ORIENTED_EDGE('',*,*,#982,.T.);
#698=ORIENTED_EDGE('',*,*,#901,.T.);
#699=ORIENTED_EDGE('',*,*,#991,.T.);
#700=ORIENTED_EDGE('',*,*,#770,.T.);
#701=ORIENTED_EDGE('',*,*,#989,.T.);
#702=ORIENTED_EDGE('',*,*,#899,.T.);
#703=ORIENTED_EDGE('',*,*,#985,.T.);
#704=ORIENTED_EDGE('',*,*,#772,.T.);
#705=ORIENTED_EDGE('',*,*,#990,.T.);
#706=ORIENTED_EDGE('',*,*,#903,.T.);
#707=ORIENTED_EDGE('',*,*,#988,.T.);
#708=ORIENTED_EDGE('',*,*,#768,.T.);
#709=ORIENTED_EDGE('',*,*,#987,.T.);
#710=ORIENTED_EDGE('',*,*,#905,.T.);
#711=ORIENTED_EDGE('',*,*,#986,.T.);
#712=ORIENTED_EDGE('',*,*,#774,.T.);
#713=ORIENTED_EDGE('',*,*,#984,.T.);
#714=ORIENTED_EDGE('',*,*,#907,.T.);
#715=ORIENTED_EDGE('',*,*,#999,.T.);
#716=ORIENTED_EDGE('',*,*,#764,.T.);
#717=ORIENTED_EDGE('',*,*,#1005,.T.);
#718=ORIENTED_EDGE('',*,*,#885,.T.);
#719=ORIENTED_EDGE('',*,*,#963,.T.);
#720=ORIENTED_EDGE('',*,*,#789,.T.);
#721=ORIENTED_EDGE('',*,*,#961,.T.);
#722=ORIENTED_EDGE('',*,*,#808,.T.);
#723=ORIENTED_EDGE('',*,*,#993,.T.);
#724=ORIENTED_EDGE('',*,*,#855,.T.);
#725=ORIENTED_EDGE('',*,*,#995,.T.);
#726=ORIENTED_EDGE('',*,*,#778,.F.);
#727=ORIENTED_EDGE('',*,*,#978,.T.);
#728=ORIENTED_EDGE('',*,*,#861,.T.);
#729=ORIENTED_EDGE('',*,*,#981,.T.);
#730=ORIENTED_EDGE('',*,*,#802,.F.);
#731=ORIENTED_EDGE('',*,*,#1024,.T.);
#732=ORIENTED_EDGE('',*,*,#927,.T.);
#733=ORIENTED_EDGE('',*,*,#1026,.T.);
#734=ORIENTED_EDGE('',*,*,#758,.F.);
#735=ORIENTED_EDGE('',*,*,#1010,.T.);
#736=ORIENTED_EDGE('',*,*,#847,.T.);
#737=ORIENTED_EDGE('',*,*,#1006,.T.);
#738=ORIENTED_EDGE('',*,*,#754,.F.);
#739=ORIENTED_EDGE('',*,*,#1007,.T.);
#740=ORIENTED_EDGE('',*,*,#845,.T.);
#741=ORIENTED_EDGE('',*,*,#1009,.T.);
#742=ORIENTED_EDGE('',*,*,#793,.F.);
#743=ORIENTED_EDGE('',*,*,#964,.T.);
#744=ORIENTED_EDGE('',*,*,#887,.T.);
#745=ORIENTED_EDGE('',*,*,#960,.T.);
#746=ORIENTED_EDGE('',*,*,#955,.T.);
#747=ORIENTED_EDGE('',*,*,#947,.F.);
#748=ORIENTED_EDGE('',*,*,#954,.T.);
#749=ORIENTED_EDGE('',*,*,#952,.F.);
#750=ORIENTED_EDGE('',*,*,#959,.T.);
#751=ORIENTED_EDGE('',*,*,#958,.F.);
#752=ORIENTED_EDGE('',*,*,#936,.F.);
#753=EDGE_CURVE('',#1028,#1029,#1216,.T.);
#754=EDGE_CURVE('',#1029,#1030,#72,.T.);
#755=EDGE_CURVE('',#1031,#1030,#73,.T.);
#756=EDGE_CURVE('',#1032,#1031,#74,.F.);
#757=EDGE_CURVE('',#1032,#1033,#1217,.T.);
#758=EDGE_CURVE('',#1033,#1028,#75,.T.);
#759=EDGE_CURVE('',#1034,#1035,#1218,.T.);
#760=EDGE_CURVE('',#1036,#1035,#76,.F.);
#761=EDGE_CURVE('',#1036,#1037,#1219,.T.);
#762=EDGE_CURVE('',#1038,#1037,#77,.F.);
#763=EDGE_CURVE('',#1038,#1039,#1220,.T.);
#764=EDGE_CURVE('',#1040,#1039,#78,.F.);
#765=EDGE_CURVE('',#1041,#1040,#79,.T.);
#766=EDGE_CURVE('',#1034,#1041,#80,.F.);
#767=EDGE_CURVE('',#1042,#1043,#1221,.T.);
#768=EDGE_CURVE('',#1044,#1043,#81,.F.);
#769=EDGE_CURVE('',#1045,#1044,#82,.T.);
#770=EDGE_CURVE('',#1046,#1045,#83,.F.);
#771=EDGE_CURVE('',#1047,#1046,#1222,.T.);
#772=EDGE_CURVE('',#1048,#1047,#84,.F.);
#773=EDGE_CURVE('',#1049,#1048,#85,.T.);
#774=EDGE_CURVE('',#1042,#1049,#86,.F.);
#775=EDGE_CURVE('',#1050,#1051,#1223,.T.);
#776=EDGE_CURVE('',#1052,#1051,#87,.F.);
#777=EDGE_CURVE('',#1053,#1052,#88,.T.);
#778=EDGE_CURVE('',#1053,#1054,#89,.T.);
#779=EDGE_CURVE('',#1055,#1054,#1224,.T.);
#780=EDGE_CURVE('',#1056,#1055,#90,.F.);
#781=EDGE_CURVE('',#1056,#1057,#1225,.T.);
#782=EDGE_CURVE('',#1058,#1057,#91,.F.);
#783=EDGE_CURVE('',#1059,#1058,#92,.T.);
#784=EDGE_CURVE('',#1050,#1059,#93,.F.);
#785=EDGE_CURVE('',#1060,#1060,#94,.T.);
#786=EDGE_CURVE('',#1061,#1061,#95,.T.);
#787=EDGE_CURVE('',#1062,#1062,#96,.T.);
#788=EDGE_CURVE('',#1063,#1064,#1226,.T.);
#789=EDGE_CURVE('',#1065,#1064,#97,.F.);
#790=EDGE_CURVE('',#1066,#1065,#1227,.T.);
#791=EDGE_CURVE('',#1067,#1066,#98,.F.);
#792=EDGE_CURVE('',#1068,#1067,#99,.T.);
#793=EDGE_CURVE('',#1068,#1063,#100,.T.);
#794=EDGE_CURVE('',#1069,#1070,#1228,.T.);
#795=EDGE_CURVE('',#1070,#1071,#101,.T.);
#796=EDGE_CURVE('',#1072,#1071,#102,.F.);
#797=EDGE_CURVE('',#1072,#1073,#1229,.T.);
#798=EDGE_CURVE('',#1074,#1073,#103,.F.);
#799=EDGE_CURVE('',#1075,#1074,#1230,.T.);
#800=EDGE_CURVE('',#1076,#1075,#104,.F.);
#801=EDGE_CURVE('',#1077,#1076,#105,.T.);
#802=EDGE_CURVE('',#1077,#1078,#106,.T.);
#803=EDGE_CURVE('',#1078,#1079,#1231,.T.);
#804=EDGE_CURVE('',#1080,#1079,#107,.F.);
#805=EDGE_CURVE('',#1080,#1081,#108,.T.);
#806=EDGE_CURVE('',#1082,#1081,#109,.F.);
#807=EDGE_CURVE('',#1083,#1082,#1232,.T.);
#808=EDGE_CURVE('',#1084,#1083,#110,.F.);
#809=EDGE_CURVE('',#1085,#1084,#111,.T.);
#810=EDGE_CURVE('',#1086,#1085,#112,.F.);
#811=EDGE_CURVE('',#1086,#1087,#1233,.T.);
#812=EDGE_CURVE('',#1088,#1087,#113,.F.);
#813=EDGE_CURVE('',#1088,#1089,#114,.T.);
#814=EDGE_CURVE('',#1090,#1089,#1234,.T.);
#815=EDGE_CURVE('',#1091,#1090,#115,.T.);
#816=EDGE_CURVE('',#1092,#1091,#1235,.T.);
#817=EDGE_CURVE('',#1093,#1092,#116,.T.);
#818=EDGE_CURVE('',#1094,#1093,#1236,.T.);
#819=EDGE_CURVE('',#1094,#1095,#117,.T.);
#820=EDGE_CURVE('',#1096,#1095,#118,.F.);
#821=EDGE_CURVE('',#1096,#1097,#1237,.T.);
#822=EDGE_CURVE('',#1098,#1097,#119,.F.);
#823=EDGE_CURVE('',#1099,#1098,#120,.T.);
#824=EDGE_CURVE('',#1100,#1099,#121,.F.);
#825=EDGE_CURVE('',#1101,#1100,#1238,.T.);
#826=EDGE_CURVE('',#1102,#1101,#122,.F.);
#827=EDGE_CURVE('',#1103,#1102,#1239,.T.);
#828=EDGE_CURVE('',#1104,#1103,#123,.F.);
#829=EDGE_CURVE('',#1104,#1105,#124,.T.);
#830=EDGE_CURVE('',#1105,#1106,#1240,.T.);
#831=EDGE_CURVE('',#1106,#1107,#125,.T.);
#832=EDGE_CURVE('',#1108,#1107,#126,.F.);
#833=EDGE_CURVE('',#1109,#1108,#1241,.T.);
#834=EDGE_CURVE('',#1110,#1109,#127,.F.);
#835=EDGE_CURVE('',#1111,#1110,#128,.T.);
#836=EDGE_CURVE('',#1112,#1111,#129,.F.);
#837=EDGE_CURVE('',#1112,#1113,#1242,.T.);
#838=EDGE_CURVE('',#1114,#1113,#130,.F.);
#839=EDGE_CURVE('',#1114,#1115,#1243,.T.);
#840=EDGE_CURVE('',#1116,#1115,#131,.F.);
#841=EDGE_CURVE('',#1116,#1069,#132,.T.);
#842=EDGE_CURVE('',#1117,#1118,#1244,.T.);
#843=EDGE_CURVE('',#1119,#1117,#133,.T.);
#844=EDGE_CURVE('',#1119,#1120,#134,.T.);
#845=EDGE_CURVE('',#1121,#1120,#135,.T.);
#846=EDGE_CURVE('',#1122,#1121,#1245,.T.);
#847=EDGE_CURVE('',#1118,#1122,#136,.T.);
#848=EDGE_CURVE('',#1123,#1124,#1246,.T.);
#849=EDGE_CURVE('',#1125,#1124,#137,.T.);
#850=EDGE_CURVE('',#1125,#1126,#138,.T.);
#851=EDGE_CURVE('',#1127,#1126,#139,.T.);
#852=EDGE_CURVE('',#1128,#1127,#1247,.T.);
#853=EDGE_CURVE('',#1129,#1128,#140,.T.);
#854=EDGE_CURVE('',#1129,#1130,#141,.T.);
#855=EDGE_CURVE('',#1123,#1130,#142,.T.);
#856=EDGE_CURVE('',#1131,#1132,#143,.T.);
#857=EDGE_CURVE('',#1133,#1132,#144,.T.);
#858=EDGE_CURVE('',#1134,#1133,#1248,.T.);
#859=EDGE_CURVE('',#1135,#1134,#145,.T.);
#860=EDGE_CURVE('',#1135,#1136,#1249,.T.);
#861=EDGE_CURVE('',#1137,#1136,#146,.T.);
#862=EDGE_CURVE('',#1137,#1138,#147,.T.);
#863=EDGE_CURVE('',#1139,#1138,#148,.T.);
#864=EDGE_CURVE('',#1140,#1139,#1250,.T.);
#865=EDGE_CURVE('',#1131,#1140,#149,.T.);
#866=EDGE_CURVE('',#1141,#1141,#150,.T.);
#867=EDGE_CURVE('',#1142,#1142,#151,.T.);
#868=EDGE_CURVE('',#1143,#1143,#152,.T.);
#869=EDGE_CURVE('',#1144,#1144,#153,.T.);
#870=EDGE_CURVE('',#1145,#1145,#154,.T.);
#871=EDGE_CURVE('',#1146,#1146,#155,.T.);
#872=EDGE_CURVE('',#1147,#1148,#1251,.T.);
#873=EDGE_CURVE('',#1148,#1149,#156,.T.);
#874=EDGE_CURVE('',#1149,#1150,#1252,.T.);
#875=EDGE_CURVE('',#1150,#1151,#157,.T.);
#876=EDGE_CURVE('',#1151,#1152,#1253,.T.);
#877=EDGE_CURVE('',#1152,#1153,#158,.T.);
#878=EDGE_CURVE('',#1154,#1153,#1254,.T.);
#879=EDGE_CURVE('',#1154,#1155,#159,.T.);
#880=EDGE_CURVE('',#1156,#1155,#1255,.T.);
#881=EDGE_CURVE('',#1156,#1147,#160,.T.);
#882=EDGE_CURVE('',#1157,#1158,#161,.T.);
#883=EDGE_CURVE('',#1159,#1158,#162,.T.);
#884=EDGE_CURVE('',#1159,#1160,#1256,.T.);
#885=EDGE_CURVE('',#1161,#1160,#163,.T.);
#886=EDGE_CURVE('',#1162,#1161,#1257,.T.);
#887=EDGE_CURVE('',#1157,#1162,#164,.T.);
#888=EDGE_CURVE('',#1163,#1164,#1258,.T.);
#889=EDGE_CURVE('',#1165,#1164,#165,.T.);
#890=EDGE_CURVE('',#1165,#1166,#1259,.T.);
#891=EDGE_CURVE('',#1167,#1166,#166,.T.);
#892=EDGE_CURVE('',#1167,#1168,#167,.T.);
#893=EDGE_CURVE('',#1169,#1168,#168,.T.);
#894=EDGE_CURVE('',#1170,#1169,#1260,.T.);
#895=EDGE_CURVE('',#1171,#1170,#169,.T.);
#896=EDGE_CURVE('',#1171,#1172,#170,.T.);
#897=EDGE_CURVE('',#1163,#1172,#171,.T.);
#898=EDGE_CURVE('',#1173,#1174,#172,.T.);
#899=EDGE_CURVE('',#1175,#1174,#173,.T.);
#900=EDGE_CURVE('',#1175,#1176,#1261,.T.);
#901=EDGE_CURVE('',#1177,#1176,#174,.T.);
#902=EDGE_CURVE('',#1177,#1178,#175,.T.);
#903=EDGE_CURVE('',#1179,#1178,#176,.T.);
#904=EDGE_CURVE('',#1180,#1179,#1262,.T.);
#905=EDGE_CURVE('',#1173,#1180,#177,.T.);
#906=EDGE_CURVE('',#1181,#1182,#178,.T.);
#907=EDGE_CURVE('',#1183,#1182,#179,.T.);
#908=EDGE_CURVE('',#1184,#1183,#1263,.T.);
#909=EDGE_CURVE('',#1185,#1184,#180,.T.);
#910=EDGE_CURVE('',#1186,#1185,#1264,.T.);
#911=EDGE_CURVE('',#1187,#1186,#181,.T.);
#912=EDGE_CURVE('',#1188,#1187,#1265,.T.);
#913=EDGE_CURVE('',#1181,#1188,#182,.T.);
#914=EDGE_CURVE('',#1189,#1190,#183,.T.);
#915=EDGE_CURVE('',#1191,#1190,#184,.T.);
#916=EDGE_CURVE('',#1191,#1192,#1266,.T.);
#917=EDGE_CURVE('',#1193,#1192,#185,.T.);
#918=EDGE_CURVE('',#1193,#1194,#186,.T.);
#919=EDGE_CURVE('',#1195,#1194,#187,.T.);
#920=EDGE_CURVE('',#1196,#1195,#1267,.T.);
#921=EDGE_CURVE('',#1197,#1196,#188,.T.);
#922=EDGE_CURVE('',#1198,#1197,#1268,.T.);
#923=EDGE_CURVE('',#1189,#1198,#189,.T.);
#924=EDGE_CURVE('',#1199,#1200,#190,.T.);
#925=EDGE_CURVE('',#1201,#1200,#191,.T.);
#926=EDGE_CURVE('',#1202,#1201,#1269,.T.);
#927=EDGE_CURVE('',#1203,#1202,#192,.T.);
#928=EDGE_CURVE('',#1203,#1204,#193,.T.);
#929=EDGE_CURVE('',#1205,#1204,#194,.T.);
#930=EDGE_CURVE('',#1205,#1206,#1270,.T.);
#931=EDGE_CURVE('',#1207,#1206,#195,.T.);
#932=EDGE_CURVE('',#1208,#1207,#1271,.T.);
#933=EDGE_CURVE('',#1199,#1208,#196,.T.);
#934=EDGE_CURVE('',#1148,#1093,#1272,.T.);
#935=EDGE_CURVE('',#1147,#1209,#1273,.T.);
#936=EDGE_CURVE('',#1209,#1210,#1274,.T.);
#937=EDGE_CURVE('',#1210,#1094,#1275,.T.);
#938=EDGE_CURVE('',#1149,#1092,#1276,.T.);
#939=EDGE_CURVE('',#1150,#1091,#1277,.T.);
#940=EDGE_CURVE('',#1151,#1090,#1278,.T.);
#941=EDGE_CURVE('',#1152,#1089,#1279,.T.);
#942=EDGE_CURVE('',#1126,#1088,#1280,.T.);
#943=EDGE_CURVE('',#1081,#1125,#1281,.F.);
#944=EDGE_CURVE('',#1200,#1080,#1282,.T.);
#945=EDGE_CURVE('',#1071,#1199,#1283,.F.);
#946=EDGE_CURVE('',#1153,#1070,#1284,.T.);
#947=EDGE_CURVE('',#1211,#1211,#197,.T.);
#948=EDGE_CURVE('',#1154,#1069,#1285,.T.);
#949=EDGE_CURVE('',#1155,#1106,#1286,.T.);
#950=EDGE_CURVE('',#1194,#1116,#1287,.T.);
#951=EDGE_CURVE('',#1107,#1193,#1288,.F.);
#952=EDGE_CURVE('',#1212,#1212,#198,.T.);
#953=EDGE_CURVE('',#1156,#1105,#1289,.T.);
#954=EDGE_CURVE('',#1213,#1213,#199,.T.);
#955=EDGE_CURVE('',#1214,#1214,#200,.T.);
#956=EDGE_CURVE('',#1172,#1104,#1290,.T.);
#957=EDGE_CURVE('',#1095,#1171,#1291,.F.);
#958=EDGE_CURVE('',#1210,#1209,#201,.T.);
#959=EDGE_CURVE('',#1215,#1215,#202,.T.);
#960=EDGE_CURVE('',#1162,#1063,#1292,.T.);
#961=EDGE_CURVE('',#1064,#1161,#1293,.F.);
#962=EDGE_CURVE('',#1066,#1159,#1294,.T.);
#963=EDGE_CURVE('',#1160,#1065,#1295,.T.);
#964=EDGE_CURVE('',#1068,#1157,#1296,.F.);
#965=EDGE_CURVE('',#1158,#1067,#1297,.T.);
#966=EDGE_CURVE('',#1103,#1163,#1298,.T.);
#967=EDGE_CURVE('',#1164,#1102,#1299,.T.);
#968=EDGE_CURVE('',#1097,#1169,#1300,.F.);
#969=EDGE_CURVE('',#1170,#1096,#1301,.T.);
#970=EDGE_CURVE('',#1168,#1098,#1302,.T.);
#971=EDGE_CURVE('',#1099,#1167,#1303,.F.);
#972=EDGE_CURVE('',#1101,#1165,#1304,.F.);
#973=EDGE_CURVE('',#1166,#1100,#1305,.F.);
#974=EDGE_CURVE('',#1132,#1058,#1306,.T.);
#975=EDGE_CURVE('',#1059,#1131,#1307,.F.);
#976=EDGE_CURVE('',#1140,#1050,#1308,.T.);
#977=EDGE_CURVE('',#1051,#1139,#1309,.F.);
#978=EDGE_CURVE('',#1053,#1137,#1310,.F.);
#979=EDGE_CURVE('',#1138,#1052,#1311,.T.);
#980=EDGE_CURVE('',#1055,#1135,#1312,.F.);
#981=EDGE_CURVE('',#1136,#1054,#1313,.T.);
#982=EDGE_CURVE('',#1057,#1133,#1314,.F.);
#983=EDGE_CURVE('',#1134,#1056,#1315,.T.);
#984=EDGE_CURVE('',#1049,#1173,#1316,.F.);
#985=EDGE_CURVE('',#1174,#1048,#1317,.T.);
#986=EDGE_CURVE('',#1180,#1042,#1318,.T.);
#987=EDGE_CURVE('',#1043,#1179,#1319,.F.);
#988=EDGE_CURVE('',#1178,#1044,#1320,.T.);
#989=EDGE_CURVE('',#1045,#1177,#1321,.F.);
#990=EDGE_CURVE('',#1047,#1175,#1322,.T.);
#991=EDGE_CURVE('',#1176,#1046,#1323,.F.);
#992=EDGE_CURVE('',#1124,#1082,#1324,.F.);
#993=EDGE_CURVE('',#1083,#1123,#1325,.T.);
#994=EDGE_CURVE('',#1085,#1129,#1326,.F.);
#995=EDGE_CURVE('',#1130,#1084,#1327,.T.);
#996=EDGE_CURVE('',#1087,#1127,#1328,.F.);
#997=EDGE_CURVE('',#1128,#1086,#1329,.T.);
#998=EDGE_CURVE('',#1041,#1181,#1330,.F.);
#999=EDGE_CURVE('',#1182,#1040,#1331,.T.);
#1000=EDGE_CURVE('',#1035,#1187,#1332,.F.);
#1001=EDGE_CURVE('',#1188,#1034,#1333,.T.);
#1002=EDGE_CURVE('',#1186,#1036,#1334,.T.);
#1003=EDGE_CURVE('',#1037,#1185,#1335,.F.);
#1004=EDGE_CURVE('',#1184,#1038,#1336,.T.);
#1005=EDGE_CURVE('',#1039,#1183,#1337,.F.);
#1006=EDGE_CURVE('',#1122,#1028,#1338,.T.);
#1007=EDGE_CURVE('',#1029,#1121,#1339,.F.);
#1008=EDGE_CURVE('',#1031,#1119,#1340,.F.);
#1009=EDGE_CURVE('',#1120,#1030,#1341,.T.);
#1010=EDGE_CURVE('',#1033,#1118,#1342,.F.);
#1011=EDGE_CURVE('',#1117,#1032,#1343,.T.);
#1012=EDGE_CURVE('',#1198,#1112,#1344,.T.);
#1013=EDGE_CURVE('',#1113,#1197,#1345,.F.);
#1014=EDGE_CURVE('',#1196,#1114,#1346,.T.);
#1015=EDGE_CURVE('',#1115,#1195,#1347,.F.);
#1016=EDGE_CURVE('',#1109,#1191,#1348,.T.);
#1017=EDGE_CURVE('',#1192,#1108,#1349,.F.);
#1018=EDGE_CURVE('',#1190,#1110,#1350,.T.);
#1019=EDGE_CURVE('',#1111,#1189,#1351,.F.);
#1020=EDGE_CURVE('',#1208,#1072,#1352,.T.);
#1021=EDGE_CURVE('',#1073,#1207,#1353,.F.);
#1022=EDGE_CURVE('',#1206,#1074,#1354,.T.);
#1023=EDGE_CURVE('',#1075,#1205,#1355,.T.);
#1024=EDGE_CURVE('',#1077,#1203,#1356,.F.);
#1025=EDGE_CURVE('',#1204,#1076,#1357,.T.);
#1026=EDGE_CURVE('',#1202,#1078,#1358,.T.);
#1027=EDGE_CURVE('',#1079,#1201,#1359,.F.);
#1028=VERTEX_POINT('',#2718);
#1029=VERTEX_POINT('',#2719);
#1030=VERTEX_POINT('',#2721);
#1031=VERTEX_POINT('',#2723);
#1032=VERTEX_POINT('',#2725);
#1033=VERTEX_POINT('',#2727);
#1034=VERTEX_POINT('',#2730);
#1035=VERTEX_POINT('',#2731);
#1036=VERTEX_POINT('',#2733);
#1037=VERTEX_POINT('',#2735);
#1038=VERTEX_POINT('',#2737);
#1039=VERTEX_POINT('',#2739);
#1040=VERTEX_POINT('',#2741);
#1041=VERTEX_POINT('',#2743);
#1042=VERTEX_POINT('',#2746);
#1043=VERTEX_POINT('',#2747);
#1044=VERTEX_POINT('',#2749);
#1045=VERTEX_POINT('',#2751);
#1046=VERTEX_POINT('',#2753);
#1047=VERTEX_POINT('',#2755);
#1048=VERTEX_POINT('',#2757);
#1049=VERTEX_POINT('',#2759);
#1050=VERTEX_POINT('',#2762);
#1051=VERTEX_POINT('',#2763);
#1052=VERTEX_POINT('',#2765);
#1053=VERTEX_POINT('',#2767);
#1054=VERTEX_POINT('',#2769);
#1055=VERTEX_POINT('',#2771);
#1056=VERTEX_POINT('',#2773);
#1057=VERTEX_POINT('',#2775);
#1058=VERTEX_POINT('',#2777);
#1059=VERTEX_POINT('',#2779);
#1060=VERTEX_POINT('',#2782);
#1061=VERTEX_POINT('',#2784);
#1062=VERTEX_POINT('',#2786);
#1063=VERTEX_POINT('',#2788);
#1064=VERTEX_POINT('',#2789);
#1065=VERTEX_POINT('',#2791);
#1066=VERTEX_POINT('',#2793);
#1067=VERTEX_POINT('',#2795);
#1068=VERTEX_POINT('',#2797);
#1069=VERTEX_POINT('',#2800);
#1070=VERTEX_POINT('',#2801);
#1071=VERTEX_POINT('',#2803);
#1072=VERTEX_POINT('',#2805);
#1073=VERTEX_POINT('',#2807);
#1074=VERTEX_POINT('',#2809);
#1075=VERTEX_POINT('',#2811);
#1076=VERTEX_POINT('',#2813);
#1077=VERTEX_POINT('',#2815);
#1078=VERTEX_POINT('',#2817);
#1079=VERTEX_POINT('',#2819);
#1080=VERTEX_POINT('',#2821);
#1081=VERTEX_POINT('',#2823);
#1082=VERTEX_POINT('',#2825);
#1083=VERTEX_POINT('',#2827);
#1084=VERTEX_POINT('',#2829);
#1085=VERTEX_POINT('',#2831);
#1086=VERTEX_POINT('',#2833);
#1087=VERTEX_POINT('',#2835);
#1088=VERTEX_POINT('',#2837);
#1089=VERTEX_POINT('',#2839);
#1090=VERTEX_POINT('',#2841);
#1091=VERTEX_POINT('',#2843);
#1092=VERTEX_POINT('',#2845);
#1093=VERTEX_POINT('',#2847);
#1094=VERTEX_POINT('',#2849);
#1095=VERTEX_POINT('',#2851);
#1096=VERTEX_POINT('',#2853);
#1097=VERTEX_POINT('',#2855);
#1098=VERTEX_POINT('',#2857);
#1099=VERTEX_POINT('',#2859);
#1100=VERTEX_POINT('',#2861);
#1101=VERTEX_POINT('',#2863);
#1102=VERTEX_POINT('',#2865);
#1103=VERTEX_POINT('',#2867);
#1104=VERTEX_POINT('',#2869);
#1105=VERTEX_POINT('',#2871);
#1106=VERTEX_POINT('',#2873);
#1107=VERTEX_POINT('',#2875);
#1108=VERTEX_POINT('',#2877);
#1109=VERTEX_POINT('',#2879);
#1110=VERTEX_POINT('',#2881);
#1111=VERTEX_POINT('',#2883);
#1112=VERTEX_POINT('',#2885);
#1113=VERTEX_POINT('',#2887);
#1114=VERTEX_POINT('',#2889);
#1115=VERTEX_POINT('',#2891);
#1116=VERTEX_POINT('',#2893);
#1117=VERTEX_POINT('',#2897);
#1118=VERTEX_POINT('',#2898);
#1119=VERTEX_POINT('',#2900);
#1120=VERTEX_POINT('',#2902);
#1121=VERTEX_POINT('',#2904);
#1122=VERTEX_POINT('',#2906);
#1123=VERTEX_POINT('',#2909);
#1124=VERTEX_POINT('',#2910);
#1125=VERTEX_POINT('',#2912);
#1126=VERTEX_POINT('',#2914);
#1127=VERTEX_POINT('',#2916);
#1128=VERTEX_POINT('',#2918);
#1129=VERTEX_POINT('',#2920);
#1130=VERTEX_POINT('',#2922);
#1131=VERTEX_POINT('',#2925);
#1132=VERTEX_POINT('',#2926);
#1133=VERTEX_POINT('',#2928);
#1134=VERTEX_POINT('',#2930);
#1135=VERTEX_POINT('',#2932);
#1136=VERTEX_POINT('',#2934);
#1137=VERTEX_POINT('',#2936);
#1138=VERTEX_POINT('',#2938);
#1139=VERTEX_POINT('',#2940);
#1140=VERTEX_POINT('',#2942);
#1141=VERTEX_POINT('',#2945);
#1142=VERTEX_POINT('',#2947);
#1143=VERTEX_POINT('',#2949);
#1144=VERTEX_POINT('',#2951);
#1145=VERTEX_POINT('',#2953);
#1146=VERTEX_POINT('',#2955);
#1147=VERTEX_POINT('',#2957);
#1148=VERTEX_POINT('',#2958);
#1149=VERTEX_POINT('',#2960);
#1150=VERTEX_POINT('',#2962);
#1151=VERTEX_POINT('',#2964);
#1152=VERTEX_POINT('',#2966);
#1153=VERTEX_POINT('',#2968);
#1154=VERTEX_POINT('',#2970);
#1155=VERTEX_POINT('',#2972);
#1156=VERTEX_POINT('',#2974);
#1157=VERTEX_POINT('',#2977);
#1158=VERTEX_POINT('',#2978);
#1159=VERTEX_POINT('',#2980);
#1160=VERTEX_POINT('',#2982);
#1161=VERTEX_POINT('',#2984);
#1162=VERTEX_POINT('',#2986);
#1163=VERTEX_POINT('',#2989);
#1164=VERTEX_POINT('',#2990);
#1165=VERTEX_POINT('',#2992);
#1166=VERTEX_POINT('',#2994);
#1167=VERTEX_POINT('',#2996);
#1168=VERTEX_POINT('',#2998);
#1169=VERTEX_POINT('',#3000);
#1170=VERTEX_POINT('',#3002);
#1171=VERTEX_POINT('',#3004);
#1172=VERTEX_POINT('',#3006);
#1173=VERTEX_POINT('',#3009);
#1174=VERTEX_POINT('',#3010);
#1175=VERTEX_POINT('',#3012);
#1176=VERTEX_POINT('',#3014);
#1177=VERTEX_POINT('',#3016);
#1178=VERTEX_POINT('',#3018);
#1179=VERTEX_POINT('',#3020);
#1180=VERTEX_POINT('',#3022);
#1181=VERTEX_POINT('',#3025);
#1182=VERTEX_POINT('',#3026);
#1183=VERTEX_POINT('',#3028);
#1184=VERTEX_POINT('',#3030);
#1185=VERTEX_POINT('',#3032);
#1186=VERTEX_POINT('',#3034);
#1187=VERTEX_POINT('',#3036);
#1188=VERTEX_POINT('',#3038);
#1189=VERTEX_POINT('',#3041);
#1190=VERTEX_POINT('',#3042);
#1191=VERTEX_POINT('',#3044);
#1192=VERTEX_POINT('',#3046);
#1193=VERTEX_POINT('',#3048);
#1194=VERTEX_POINT('',#3050);
#1195=VERTEX_POINT('',#3052);
#1196=VERTEX_POINT('',#3054);
#1197=VERTEX_POINT('',#3056);
#1198=VERTEX_POINT('',#3058);
#1199=VERTEX_POINT('',#3061);
#1200=VERTEX_POINT('',#3062);
#1201=VERTEX_POINT('',#3064);
#1202=VERTEX_POINT('',#3066);
#1203=VERTEX_POINT('',#3068);
#1204=VERTEX_POINT('',#3070);
#1205=VERTEX_POINT('',#3072);
#1206=VERTEX_POINT('',#3074);
#1207=VERTEX_POINT('',#3076);
#1208=VERTEX_POINT('',#3078);
#1209=VERTEX_POINT('',#3083);
#1210=VERTEX_POINT('',#3085);
#1211=VERTEX_POINT('',#3102);
#1212=VERTEX_POINT('',#3110);
#1213=VERTEX_POINT('',#3115);
#1214=VERTEX_POINT('',#3118);
#1215=VERTEX_POINT('',#3128);
#1216=LINE('',#2717,#1360);
#1217=LINE('',#2726,#1361);
#1218=LINE('',#2729,#1362);
#1219=LINE('',#2734,#1363);
#1220=LINE('',#2738,#1364);
#1221=LINE('',#2745,#1365);
#1222=LINE('',#2754,#1366);
#1223=LINE('',#2761,#1367);
#1224=LINE('',#2770,#1368);
#1225=LINE('',#2774,#1369);
#1226=LINE('',#2787,#1370);
#1227=LINE('',#2792,#1371);
#1228=LINE('',#2799,#1372);
#1229=LINE('',#2806,#1373);
#1230=LINE('',#2810,#1374);
#1231=LINE('',#2818,#1375);
#1232=LINE('',#2826,#1376);
#1233=LINE('',#2834,#1377);
#1234=LINE('',#2840,#1378);
#1235=LINE('',#2844,#1379);
#1236=LINE('',#2848,#1380);
#1237=LINE('',#2854,#1381);
#1238=LINE('',#2862,#1382);
#1239=LINE('',#2866,#1383);
#1240=LINE('',#2872,#1384);
#1241=LINE('',#2878,#1385);
#1242=LINE('',#2886,#1386);
#1243=LINE('',#2890,#1387);
#1244=LINE('',#2896,#1388);
#1245=LINE('',#2905,#1389);
#1246=LINE('',#2908,#1390);
#1247=LINE('',#2917,#1391);
#1248=LINE('',#2929,#1392);
#1249=LINE('',#2933,#1393);
#1250=LINE('',#2941,#1394);
#1251=LINE('',#2956,#1395);
#1252=LINE('',#2961,#1396);
#1253=LINE('',#2965,#1397);
#1254=LINE('',#2969,#1398);
#1255=LINE('',#2973,#1399);
#1256=LINE('',#2981,#1400);
#1257=LINE('',#2985,#1401);
#1258=LINE('',#2988,#1402);
#1259=LINE('',#2993,#1403);
#1260=LINE('',#3001,#1404);
#1261=LINE('',#3013,#1405);
#1262=LINE('',#3021,#1406);
#1263=LINE('',#3029,#1407);
#1264=LINE('',#3033,#1408);
#1265=LINE('',#3037,#1409);
#1266=LINE('',#3045,#1410);
#1267=LINE('',#3053,#1411);
#1268=LINE('',#3057,#1412);
#1269=LINE('',#3065,#1413);
#1270=LINE('',#3073,#1414);
#1271=LINE('',#3077,#1415);
#1272=LINE('',#3081,#1416);
#1273=LINE('',#3082,#1417);
#1274=LINE('',#3084,#1418);
#1275=LINE('',#3086,#1419);
#1276=LINE('',#3088,#1420);
#1277=LINE('',#3090,#1421);
#1278=LINE('',#3092,#1422);
#1279=LINE('',#3094,#1423);
#1280=LINE('',#3096,#1424);
#1281=LINE('',#3097,#1425);
#1282=LINE('',#3098,#1426);
#1283=LINE('',#3099,#1427);
#1284=LINE('',#3100,#1428);
#1285=LINE('',#3104,#1429);
#1286=LINE('',#3106,#1430);
#1287=LINE('',#3107,#1431);
#1288=LINE('',#3108,#1432);
#1289=LINE('',#3112,#1433);
#1290=LINE('',#3123,#1434);
#1291=LINE('',#3124,#1435);
#1292=LINE('',#3130,#1436);
#1293=LINE('',#3131,#1437);
#1294=LINE('',#3133,#1438);
#1295=LINE('',#3134,#1439);
#1296=LINE('',#3136,#1440);
#1297=LINE('',#3137,#1441);
#1298=LINE('',#3139,#1442);
#1299=LINE('',#3140,#1443);
#1300=LINE('',#3142,#1444);
#1301=LINE('',#3143,#1445);
#1302=LINE('',#3145,#1446);
#1303=LINE('',#3146,#1447);
#1304=LINE('',#3148,#1448);
#1305=LINE('',#3149,#1449);
#1306=LINE('',#3151,#1450);
#1307=LINE('',#3152,#1451);
#1308=LINE('',#3154,#1452);
#1309=LINE('',#3155,#1453);
#1310=LINE('',#3157,#1454);
#1311=LINE('',#3158,#1455);
#1312=LINE('',#3160,#1456);
#1313=LINE('',#3161,#1457);
#1314=LINE('',#3163,#1458);
#1315=LINE('',#3164,#1459);
#1316=LINE('',#3166,#1460);
#1317=LINE('',#3167,#1461);
#1318=LINE('',#3169,#1462);
#1319=LINE('',#3170,#1463);
#1320=LINE('',#3172,#1464);
#1321=LINE('',#3173,#1465);
#1322=LINE('',#3175,#1466);
#1323=LINE('',#3176,#1467);
#1324=LINE('',#3178,#1468);
#1325=LINE('',#3179,#1469);
#1326=LINE('',#3181,#1470);
#1327=LINE('',#3182,#1471);
#1328=LINE('',#3184,#1472);
#1329=LINE('',#3185,#1473);
#1330=LINE('',#3187,#1474);
#1331=LINE('',#3188,#1475);
#1332=LINE('',#3190,#1476);
#1333=LINE('',#3191,#1477);
#1334=LINE('',#3193,#1478);
#1335=LINE('',#3194,#1479);
#1336=LINE('',#3196,#1480);
#1337=LINE('',#3197,#1481);
#1338=LINE('',#3199,#1482);
#1339=LINE('',#3200,#1483);
#1340=LINE('',#3202,#1484);
#1341=LINE('',#3203,#1485);
#1342=LINE('',#3205,#1486);
#1343=LINE('',#3206,#1487);
#1344=LINE('',#3208,#1488);
#1345=LINE('',#3209,#1489);
#1346=LINE('',#3211,#1490);
#1347=LINE('',#3212,#1491);
#1348=LINE('',#3214,#1492);
#1349=LINE('',#3215,#1493);
#1350=LINE('',#3217,#1494);
#1351=LINE('',#3218,#1495);
#1352=LINE('',#3220,#1496);
#1353=LINE('',#3221,#1497);
#1354=LINE('',#3223,#1498);
#1355=LINE('',#3224,#1499);
#1356=LINE('',#3226,#1500);
#1357=LINE('',#3227,#1501);
#1358=LINE('',#3229,#1502);
#1359=LINE('',#3230,#1503);
#1360=VECTOR('',#2125,1.);
#1361=VECTOR('',#2132,1.);
#1362=VECTOR('',#2135,1.);
#1363=VECTOR('',#2138,1.);
#1364=VECTOR('',#2141,1.);
#1365=VECTOR('',#2148,1.);
#1366=VECTOR('',#2155,1.);
#1367=VECTOR('',#2162,1.);
#1368=VECTOR('',#2169,1.);
#1369=VECTOR('',#2172,1.);
#1370=VECTOR('',#2185,1.);
#1371=VECTOR('',#2188,1.);
#1372=VECTOR('',#2195,1.);
#1373=VECTOR('',#2200,1.);
#1374=VECTOR('',#2203,1.);
#1375=VECTOR('',#2210,1.);
#1376=VECTOR('',#2217,1.);
#1377=VECTOR('',#2224,1.);
#1378=VECTOR('',#2229,1.);
#1379=VECTOR('',#2232,1.);
#1380=VECTOR('',#2235,1.);
#1381=VECTOR('',#2240,1.);
#1382=VECTOR('',#2247,1.);
#1383=VECTOR('',#2250,1.);
#1384=VECTOR('',#2255,1.);
#1385=VECTOR('',#2260,1.);
#1386=VECTOR('',#2267,1.);
#1387=VECTOR('',#2270,1.);
#1388=VECTOR('',#2277,1.);
#1389=VECTOR('',#2284,1.);
#1390=VECTOR('',#2287,1.);
#1391=VECTOR('',#2294,1.);
#1392=VECTOR('',#2305,1.);
#1393=VECTOR('',#2308,1.);
#1394=VECTOR('',#2315,1.);
#1395=VECTOR('',#2330,1.);
#1396=VECTOR('',#2333,1.);
#1397=VECTOR('',#2336,1.);
#1398=VECTOR('',#2339,1.);
#1399=VECTOR('',#2342,1.);
#1400=VECTOR('',#2349,1.);
#1401=VECTOR('',#2352,1.);
#1402=VECTOR('',#2355,1.);
#1403=VECTOR('',#2358,1.);
#1404=VECTOR('',#2365,1.);
#1405=VECTOR('',#2376,1.);
#1406=VECTOR('',#2383,1.);
#1407=VECTOR('',#2390,1.);
#1408=VECTOR('',#2393,1.);
#1409=VECTOR('',#2396,1.);
#1410=VECTOR('',#2403,1.);
#1411=VECTOR('',#2410,1.);
#1412=VECTOR('',#2413,1.);
#1413=VECTOR('',#2420,1.);
#1414=VECTOR('',#2427,1.);
#1415=VECTOR('',#2430,1.);
#1416=VECTOR('',#2435,1.);
#1417=VECTOR('',#2436,1.);
#1418=VECTOR('',#2437,1.);
#1419=VECTOR('',#2438,1.);
#1420=VECTOR('',#2441,1.);
#1421=VECTOR('',#2444,1.);
#1422=VECTOR('',#2447,1.);
#1423=VECTOR('',#2450,1.);
#1424=VECTOR('',#2453,1.);
#1425=VECTOR('',#2454,1.);
#1426=VECTOR('',#2455,1.);
#1427=VECTOR('',#2456,1.);
#1428=VECTOR('',#2457,1.);
#1429=VECTOR('',#2462,1.);
#1430=VECTOR('',#2465,1.);
#1431=VECTOR('',#2466,1.);
#1432=VECTOR('',#2467,1.);
#1433=VECTOR('',#2472,1.);
#1434=VECTOR('',#2489,1.);
#1435=VECTOR('',#2490,1.);
#1436=VECTOR('',#2499,1.);
#1437=VECTOR('',#2500,1.);
#1438=VECTOR('',#2503,1.);
#1439=VECTOR('',#2504,1.);
#1440=VECTOR('',#2507,1.);
#1441=VECTOR('',#2508,1.);
#1442=VECTOR('',#2511,1.);
#1443=VECTOR('',#2512,1.);
#1444=VECTOR('',#2515,1.);
#1445=VECTOR('',#2516,1.);
#1446=VECTOR('',#2519,1.);
#1447=VECTOR('',#2520,1.);
#1448=VECTOR('',#2523,1.);
#1449=VECTOR('',#2524,1.);
#1450=VECTOR('',#2527,1.);
#1451=VECTOR('',#2528,1.);
#1452=VECTOR('',#2531,1.);
#1453=VECTOR('',#2532,1.);
#1454=VECTOR('',#2535,1.);
#1455=VECTOR('',#2536,1.);
#1456=VECTOR('',#2539,1.);
#1457=VECTOR('',#2540,1.);
#1458=VECTOR('',#2543,1.);
#1459=VECTOR('',#2544,1.);
#1460=VECTOR('',#2547,1.);
#1461=VECTOR('',#2548,1.);
#1462=VECTOR('',#2551,1.);
#1463=VECTOR('',#2552,1.);
#1464=VECTOR('',#2555,1.);
#1465=VECTOR('',#2556,1.);
#1466=VECTOR('',#2559,1.);
#1467=VECTOR('',#2560,1.);
#1468=VECTOR('',#2563,1.);
#1469=VECTOR('',#2564,1.);
#1470=VECTOR('',#2567,1.);
#1471=VECTOR('',#2568,1.);
#1472=VECTOR('',#2571,1.);
#1473=VECTOR('',#2572,1.);
#1474=VECTOR('',#2575,1.);
#1475=VECTOR('',#2576,1.);
#1476=VECTOR('',#2579,1.);
#1477=VECTOR('',#2580,1.);
#1478=VECTOR('',#2583,1.);
#1479=VECTOR('',#2584,1.);
#1480=VECTOR('',#2587,1.);
#1481=VECTOR('',#2588,1.);
#1482=VECTOR('',#2591,1.);
#1483=VECTOR('',#2592,1.);
#1484=VECTOR('',#2595,1.);
#1485=VECTOR('',#2596,1.);
#1486=VECTOR('',#2599,1.);
#1487=VECTOR('',#2600,1.);
#1488=VECTOR('',#2603,1.);
#1489=VECTOR('',#2604,1.);
#1490=VECTOR('',#2607,1.);
#1491=VECTOR('',#2608,1.);
#1492=VECTOR('',#2611,1.);
#1493=VECTOR('',#2612,1.);
#1494=VECTOR('',#2615,1.);
#1495=VECTOR('',#2616,1.);
#1496=VECTOR('',#2619,1.);
#1497=VECTOR('',#2620,1.);
#1498=VECTOR('',#2623,1.);
#1499=VECTOR('',#2624,1.);
#1500=VECTOR('',#2627,1.);
#1501=VECTOR('',#2628,1.);
#1502=VECTOR('',#2631,1.);
#1503=VECTOR('',#2632,1.);
#1504=EDGE_LOOP('',(#203,#204,#205,#206,#207,#208));
#1505=EDGE_LOOP('',(#209,#210,#211,#212,#213,#214,#215,#216));
#1506=EDGE_LOOP('',(#217,#218,#219,#220,#221,#222,#223,#224));
#1507=EDGE_LOOP('',(#225,#226,#227,#228,#229,#230,#231,#232,#233,#234));
#1508=EDGE_LOOP('',(#235));
#1509=EDGE_LOOP('',(#236));
#1510=EDGE_LOOP('',(#237));
#1511=EDGE_LOOP('',(#238,#239,#240,#241,#242,#243));
#1512=EDGE_LOOP('',(#244,#245,#246,#247,#248,#249,#250,#251,#252,#253,#254,
#255,#256,#257,#258,#259,#260,#261,#262,#263,#264,#265,#266,#267,#268,#269,
#270,#271,#272,#273,#274,#275,#276,#277,#278,#279,#280,#281,#282,#283,#284,
#285,#286,#287,#288,#289,#290,#291));
#1513=EDGE_LOOP('',(#292,#293,#294,#295,#296,#297));
#1514=EDGE_LOOP('',(#298,#299,#300,#301,#302,#303,#304,#305));
#1515=EDGE_LOOP('',(#306,#307,#308,#309,#310,#311,#312,#313,#314,#315));
#1516=EDGE_LOOP('',(#316));
#1517=EDGE_LOOP('',(#317));
#1518=EDGE_LOOP('',(#318));
#1519=EDGE_LOOP('',(#319));
#1520=EDGE_LOOP('',(#320));
#1521=EDGE_LOOP('',(#321));
#1522=EDGE_LOOP('',(#322,#323,#324,#325,#326,#327,#328,#329,#330,#331));
#1523=EDGE_LOOP('',(#332,#333,#334,#335,#336,#337));
#1524=EDGE_LOOP('',(#338,#339,#340,#341,#342,#343,#344,#345,#346,#347));
#1525=EDGE_LOOP('',(#348,#349,#350,#351,#352,#353,#354,#355));
#1526=EDGE_LOOP('',(#356,#357,#358,#359,#360,#361,#362,#363));
#1527=EDGE_LOOP('',(#364,#365,#366,#367,#368,#369,#370,#371,#372,#373));
#1528=EDGE_LOOP('',(#374,#375,#376,#377,#378,#379,#380,#381,#382,#383));
#1529=EDGE_LOOP('',(#384,#385,#386,#387,#388,#389));
#1530=EDGE_LOOP('',(#390,#391,#392,#393));
#1531=EDGE_LOOP('',(#394,#395,#396,#397));
#1532=EDGE_LOOP('',(#398,#399,#400,#401));
#1533=EDGE_LOOP('',(#402,#403,#404,#405));
#1534=EDGE_LOOP('',(#406,#407,#408,#409,#410,#411,#412,#413,#414,#415,#416,
#417));
#1535=EDGE_LOOP('',(#418));
#1536=EDGE_LOOP('',(#419,#420,#421,#422));
#1537=EDGE_LOOP('',(#423,#424,#425,#426,#427,#428,#429,#430));
#1538=EDGE_LOOP('',(#431));
#1539=EDGE_LOOP('',(#432,#433,#434,#435));
#1540=EDGE_LOOP('',(#436));
#1541=EDGE_LOOP('',(#437));
#1542=EDGE_LOOP('',(#438));
#1543=EDGE_LOOP('',(#439));
#1544=EDGE_LOOP('',(#440));
#1545=EDGE_LOOP('',(#441));
#1546=EDGE_LOOP('',(#442));
#1547=EDGE_LOOP('',(#443));
#1548=EDGE_LOOP('',(#444));
#1549=EDGE_LOOP('',(#445));
#1550=EDGE_LOOP('',(#446,#447,#448,#449,#450,#451,#452,#453,#454,#455));
#1551=EDGE_LOOP('',(#456));
#1552=EDGE_LOOP('',(#457));
#1553=EDGE_LOOP('',(#458,#459,#460,#461));
#1554=EDGE_LOOP('',(#462,#463,#464,#465));
#1555=EDGE_LOOP('',(#466,#467,#468,#469));
#1556=EDGE_LOOP('',(#470,#471,#472,#473));
#1557=EDGE_LOOP('',(#474,#475,#476,#477));
#1558=EDGE_LOOP('',(#478,#479,#480,#481));
#1559=EDGE_LOOP('',(#482,#483,#484,#485));
#1560=EDGE_LOOP('',(#486,#487,#488,#489));
#1561=EDGE_LOOP('',(#490,#491,#492,#493));
#1562=EDGE_LOOP('',(#494,#495,#496,#497));
#1563=EDGE_LOOP('',(#498,#499,#500,#501));
#1564=EDGE_LOOP('',(#502,#503,#504,#505));
#1565=EDGE_LOOP('',(#506,#507,#508,#509));
#1566=EDGE_LOOP('',(#510,#511,#512,#513));
#1567=EDGE_LOOP('',(#514,#515,#516,#517));
#1568=EDGE_LOOP('',(#518,#519,#520,#521));
#1569=EDGE_LOOP('',(#522,#523,#524,#525));
#1570=EDGE_LOOP('',(#526,#527,#528,#529));
#1571=EDGE_LOOP('',(#530,#531,#532,#533));
#1572=EDGE_LOOP('',(#534,#535,#536,#537));
#1573=EDGE_LOOP('',(#538,#539,#540,#541));
#1574=EDGE_LOOP('',(#542,#543,#544,#545));
#1575=EDGE_LOOP('',(#546,#547,#548,#549));
#1576=EDGE_LOOP('',(#550,#551,#552,#553));
#1577=EDGE_LOOP('',(#554,#555,#556,#557));
#1578=EDGE_LOOP('',(#558,#559,#560,#561));
#1579=EDGE_LOOP('',(#562,#563,#564,#565));
#1580=EDGE_LOOP('',(#566,#567,#568,#569));
#1581=EDGE_LOOP('',(#570,#571,#572,#573));
#1582=EDGE_LOOP('',(#574,#575,#576,#577));
#1583=EDGE_LOOP('',(#578,#579,#580,#581));
#1584=EDGE_LOOP('',(#582,#583,#584,#585));
#1585=EDGE_LOOP('',(#586,#587,#588,#589));
#1586=EDGE_LOOP('',(#590,#591,#592,#593));
#1587=EDGE_LOOP('',(#594,#595,#596,#597));
#1588=EDGE_LOOP('',(#598,#599,#600,#601));
#1589=EDGE_LOOP('',(#602,#603,#604,#605));
#1590=EDGE_LOOP('',(#606,#607,#608,#609));
#1591=EDGE_LOOP('',(#610,#611,#612,#613));
#1592=EDGE_LOOP('',(#614,#615,#616,#617));
#1593=EDGE_LOOP('',(#618,#619,#620,#621));
#1594=EDGE_LOOP('',(#622,#623,#624,#625));
#1595=EDGE_LOOP('',(#626,#627,#628,#629));
#1596=EDGE_LOOP('',(#630,#631,#632,#633));
#1597=EDGE_LOOP('',(#634,#635,#636,#637));
#1598=EDGE_LOOP('',(#638,#639,#640,#641));
#1599=EDGE_LOOP('',(#642,#643,#644,#645));
#1600=EDGE_LOOP('',(#646,#647,#648,#649));
#1601=EDGE_LOOP('',(#650,#651,#652,#653));
#1602=EDGE_LOOP('',(#654,#655,#656,#657));
#1603=EDGE_LOOP('',(#658,#659,#660,#661));
#1604=EDGE_LOOP('',(#662,#663,#664,#665));
#1605=EDGE_LOOP('',(#666,#667,#668,#669));
#1606=EDGE_LOOP('',(#670,#671,#672,#673));
#1607=EDGE_LOOP('',(#674,#675,#676,#677));
#1608=EDGE_LOOP('',(#678,#679,#680,#681));
#1609=EDGE_LOOP('',(#682,#683,#684,#685));
#1610=EDGE_LOOP('',(#686,#687,#688,#689));
#1611=EDGE_LOOP('',(#690,#691,#692,#693));
#1612=EDGE_LOOP('',(#694,#695,#696,#697));
#1613=EDGE_LOOP('',(#698,#699,#700,#701));
#1614=EDGE_LOOP('',(#702,#703,#704,#705));
#1615=EDGE_LOOP('',(#706,#707,#708,#709));
#1616=EDGE_LOOP('',(#710,#711,#712,#713));
#1617=EDGE_LOOP('',(#714,#715,#716,#717));
#1618=EDGE_LOOP('',(#718,#719,#720,#721));
#1619=EDGE_LOOP('',(#722,#723,#724,#725));
#1620=EDGE_LOOP('',(#726,#727,#728,#729));
#1621=EDGE_LOOP('',(#730,#731,#732,#733));
#1622=EDGE_LOOP('',(#734,#735,#736,#737));
#1623=EDGE_LOOP('',(#738,#739,#740,#741));
#1624=EDGE_LOOP('',(#742,#743,#744,#745));
#1625=EDGE_LOOP('',(#746));
#1626=EDGE_LOOP('',(#747));
#1627=EDGE_LOOP('',(#748));
#1628=EDGE_LOOP('',(#749));
#1629=EDGE_LOOP('',(#750));
#1630=EDGE_LOOP('',(#751,#752));
#1631=FACE_BOUND('',#1504,.T.);
#1632=FACE_BOUND('',#1505,.T.);
#1633=FACE_BOUND('',#1506,.T.);
#1634=FACE_BOUND('',#1507,.T.);
#1635=FACE_BOUND('',#1508,.T.);
#1636=FACE_BOUND('',#1509,.T.);
#1637=FACE_BOUND('',#1510,.T.);
#1638=FACE_BOUND('',#1511,.T.);
#1639=FACE_BOUND('',#1512,.T.);
#1640=FACE_BOUND('',#1513,.T.);
#1641=FACE_BOUND('',#1514,.T.);
#1642=FACE_BOUND('',#1515,.T.);
#1643=FACE_BOUND('',#1516,.T.);
#1644=FACE_BOUND('',#1517,.T.);
#1645=FACE_BOUND('',#1518,.T.);
#1646=FACE_BOUND('',#1519,.T.);
#1647=FACE_BOUND('',#1520,.T.);
#1648=FACE_BOUND('',#1521,.T.);
#1649=FACE_BOUND('',#1522,.T.);
#1650=FACE_BOUND('',#1523,.T.);
#1651=FACE_BOUND('',#1524,.T.);
#1652=FACE_BOUND('',#1525,.T.);
#1653=FACE_BOUND('',#1526,.T.);
#1654=FACE_BOUND('',#1527,.T.);
#1655=FACE_BOUND('',#1528,.T.);
#1656=FACE_BOUND('',#1529,.T.);
#1657=FACE_BOUND('',#1530,.T.);
#1658=FACE_BOUND('',#1531,.T.);
#1659=FACE_BOUND('',#1532,.T.);
#1660=FACE_BOUND('',#1533,.T.);
#1661=FACE_BOUND('',#1534,.T.);
#1662=FACE_BOUND('',#1535,.T.);
#1663=FACE_BOUND('',#1536,.T.);
#1664=FACE_BOUND('',#1537,.T.);
#1665=FACE_BOUND('',#1538,.T.);
#1666=FACE_BOUND('',#1539,.T.);
#1667=FACE_BOUND('',#1540,.T.);
#1668=FACE_BOUND('',#1541,.T.);
#1669=FACE_BOUND('',#1542,.T.);
#1670=FACE_BOUND('',#1543,.T.);
#1671=FACE_BOUND('',#1544,.T.);
#1672=FACE_BOUND('',#1545,.T.);
#1673=FACE_BOUND('',#1546,.T.);
#1674=FACE_BOUND('',#1547,.T.);
#1675=FACE_BOUND('',#1548,.T.);
#1676=FACE_BOUND('',#1549,.T.);
#1677=FACE_BOUND('',#1550,.T.);
#1678=FACE_BOUND('',#1551,.T.);
#1679=FACE_BOUND('',#1552,.T.);
#1680=FACE_BOUND('',#1553,.T.);
#1681=FACE_BOUND('',#1554,.T.);
#1682=FACE_BOUND('',#1555,.T.);
#1683=FACE_BOUND('',#1556,.T.);
#1684=FACE_BOUND('',#1557,.T.);
#1685=FACE_BOUND('',#1558,.T.);
#1686=FACE_BOUND('',#1559,.T.);
#1687=FACE_BOUND('',#1560,.T.);
#1688=FACE_BOUND('',#1561,.T.);
#1689=FACE_BOUND('',#1562,.T.);
#1690=FACE_BOUND('',#1563,.T.);
#1691=FACE_BOUND('',#1564,.T.);
#1692=FACE_BOUND('',#1565,.T.);
#1693=FACE_BOUND('',#1566,.T.);
#1694=FACE_BOUND('',#1567,.T.);
#1695=FACE_BOUND('',#1568,.T.);
#1696=FACE_BOUND('',#1569,.T.);
#1697=FACE_BOUND('',#1570,.T.);
#1698=FACE_BOUND('',#1571,.T.);
#1699=FACE_BOUND('',#1572,.T.);
#1700=FACE_BOUND('',#1573,.T.);
#1701=FACE_BOUND('',#1574,.T.);
#1702=FACE_BOUND('',#1575,.T.);
#1703=FACE_BOUND('',#1576,.T.);
#1704=FACE_BOUND('',#1577,.T.);
#1705=FACE_BOUND('',#1578,.T.);
#1706=FACE_BOUND('',#1579,.T.);
#1707=FACE_BOUND('',#1580,.T.);
#1708=FACE_BOUND('',#1581,.T.);
#1709=FACE_BOUND('',#1582,.T.);
#1710=FACE_BOUND('',#1583,.T.);
#1711=FACE_BOUND('',#1584,.T.);
#1712=FACE_BOUND('',#1585,.T.);
#1713=FACE_BOUND('',#1586,.T.);
#1714=FACE_BOUND('',#1587,.T.);
#1715=FACE_BOUND('',#1588,.T.);
#1716=FACE_BOUND('',#1589,.T.);
#1717=FACE_BOUND('',#1590,.T.);
#1718=FACE_BOUND('',#1591,.T.);
#1719=FACE_BOUND('',#1592,.T.);
#1720=FACE_BOUND('',#1593,.T.);
#1721=FACE_BOUND('',#1594,.T.);
#1722=FACE_BOUND('',#1595,.T.);
#1723=FACE_BOUND('',#1596,.T.);
#1724=FACE_BOUND('',#1597,.T.);
#1725=FACE_BOUND('',#1598,.T.);
#1726=FACE_BOUND('',#1599,.T.);
#1727=FACE_BOUND('',#1600,.T.);
#1728=FACE_BOUND('',#1601,.T.);
#1729=FACE_BOUND('',#1602,.T.);
#1730=FACE_BOUND('',#1603,.T.);
#1731=FACE_BOUND('',#1604,.T.);
#1732=FACE_BOUND('',#1605,.T.);
#1733=FACE_BOUND('',#1606,.T.);
#1734=FACE_BOUND('',#1607,.T.);
#1735=FACE_BOUND('',#1608,.T.);
#1736=FACE_BOUND('',#1609,.T.);
#1737=FACE_BOUND('',#1610,.T.);
#1738=FACE_BOUND('',#1611,.T.);
#1739=FACE_BOUND('',#1612,.T.);
#1740=FACE_BOUND('',#1613,.T.);
#1741=FACE_BOUND('',#1614,.T.);
#1742=FACE_BOUND('',#1615,.T.);
#1743=FACE_BOUND('',#1616,.T.);
#1744=FACE_BOUND('',#1617,.T.);
#1745=FACE_BOUND('',#1618,.T.);
#1746=FACE_BOUND('',#1619,.T.);
#1747=FACE_BOUND('',#1620,.T.);
#1748=FACE_BOUND('',#1621,.T.);
#1749=FACE_BOUND('',#1622,.T.);
#1750=FACE_BOUND('',#1623,.T.);
#1751=FACE_BOUND('',#1624,.T.);
#1752=FACE_BOUND('',#1625,.T.);
#1753=FACE_BOUND('',#1626,.T.);
#1754=FACE_BOUND('',#1627,.T.);
#1755=FACE_BOUND('',#1628,.T.);
#1756=FACE_BOUND('',#1629,.T.);
#1757=FACE_BOUND('',#1630,.T.);
#1758=PLANE('',#1897);
#1759=PLANE('',#1959);
#1760=PLANE('',#2024);
#1761=PLANE('',#2026);
#1762=PLANE('',#2028);
#1763=PLANE('',#2031);
#1764=PLANE('',#2034);
#1765=PLANE('',#2046);
#1766=PLANE('',#2047);
#1767=PLANE('',#2049);
#1768=PLANE('',#2050);
#1769=PLANE('',#2052);
#1770=PLANE('',#2054);
#1771=PLANE('',#2056);
#1772=PLANE('',#2057);
#1773=PLANE('',#2059);
#1774=PLANE('',#2061);
#1775=PLANE('',#2062);
#1776=PLANE('',#2064);
#1777=PLANE('',#2066);
#1778=PLANE('',#2067);
#1779=PLANE('',#2068);
#1780=PLANE('',#2069);
#1781=PLANE('',#2071);
#1782=PLANE('',#2072);
#1783=PLANE('',#2073);
#1784=PLANE('',#2074);
#1785=PLANE('',#2076);
#1786=PLANE('',#2077);
#1787=PLANE('',#2079);
#1788=PLANE('',#2118);
#1789=PLANE('',#2119);
#1790=PLANE('',#2120);
#1791=ADVANCED_FACE('',(#1631,#1632,#1633,#1634,#1635,#1636,#1637,#1638,
#1639),#1758,.T.);
#1792=ADVANCED_FACE('',(#1640,#1641,#1642,#1643,#1644,#1645,#1646,#1647,
#1648,#1649,#1650,#1651,#1652,#1653,#1654,#1655),#1759,.F.);
#1793=ADVANCED_FACE('',(#1656),#1760,.T.);
#1794=ADVANCED_FACE('',(#1657),#12,.T.);
#1795=ADVANCED_FACE('',(#1658),#1761,.T.);
#1796=ADVANCED_FACE('',(#1659),#13,.T.);
#1797=ADVANCED_FACE('',(#1660),#1762,.T.);
#1798=ADVANCED_FACE('',(#1661,#1662),#14,.T.);
#1799=ADVANCED_FACE('',(#1663),#1763,.F.);
#1800=ADVANCED_FACE('',(#1664,#1665),#15,.T.);
#1801=ADVANCED_FACE('',(#1666),#1764,.F.);
#1802=ADVANCED_FACE('',(#1667,#1668),#16,.F.);
#1803=ADVANCED_FACE('',(#1669,#1670),#17,.F.);
#1804=ADVANCED_FACE('',(#1671,#1672),#18,.F.);
#1805=ADVANCED_FACE('',(#1673,#1674),#19,.F.);
#1806=ADVANCED_FACE('',(#1675,#1676),#20,.F.);
#1807=ADVANCED_FACE('',(#1677),#21,.T.);
#1808=ADVANCED_FACE('',(#1678,#1679),#22,.F.);
#1809=ADVANCED_FACE('',(#1680),#1765,.F.);
#1810=ADVANCED_FACE('',(#1681),#1766,.T.);
#1811=ADVANCED_FACE('',(#1682),#23,.T.);
#1812=ADVANCED_FACE('',(#1683),#1767,.T.);
#1813=ADVANCED_FACE('',(#1684),#1768,.F.);
#1814=ADVANCED_FACE('',(#1685),#24,.T.);
#1815=ADVANCED_FACE('',(#1686),#1769,.T.);
#1816=ADVANCED_FACE('',(#1687),#25,.T.);
#1817=ADVANCED_FACE('',(#1688),#1770,.F.);
#1818=ADVANCED_FACE('',(#1689),#26,.T.);
#1819=ADVANCED_FACE('',(#1690),#1771,.T.);
#1820=ADVANCED_FACE('',(#1691),#1772,.F.);
#1821=ADVANCED_FACE('',(#1692),#27,.T.);
#1822=ADVANCED_FACE('',(#1693),#1773,.F.);
#1823=ADVANCED_FACE('',(#1694),#28,.T.);
#1824=ADVANCED_FACE('',(#1695),#1774,.T.);
#1825=ADVANCED_FACE('',(#1696),#1775,.T.);
#1826=ADVANCED_FACE('',(#1697),#29,.T.);
#1827=ADVANCED_FACE('',(#1698),#1776,.F.);
#1828=ADVANCED_FACE('',(#1699),#30,.T.);
#1829=ADVANCED_FACE('',(#1700),#1777,.F.);
#1830=ADVANCED_FACE('',(#1701),#1778,.F.);
#1831=ADVANCED_FACE('',(#1702),#1779,.F.);
#1832=ADVANCED_FACE('',(#1703),#1780,.F.);
#1833=ADVANCED_FACE('',(#1704),#31,.T.);
#1834=ADVANCED_FACE('',(#1705),#1781,.F.);
#1835=ADVANCED_FACE('',(#1706),#1782,.F.);
#1836=ADVANCED_FACE('',(#1707),#1783,.F.);
#1837=ADVANCED_FACE('',(#1708),#1784,.T.);
#1838=ADVANCED_FACE('',(#1709),#32,.T.);
#1839=ADVANCED_FACE('',(#1710),#1785,.F.);
#1840=ADVANCED_FACE('',(#1711),#1786,.T.);
#1841=ADVANCED_FACE('',(#1712),#33,.T.);
#1842=ADVANCED_FACE('',(#1713),#1787,.F.);
#1843=ADVANCED_FACE('',(#1714),#34,.F.);
#1844=ADVANCED_FACE('',(#1715),#35,.F.);
#1845=ADVANCED_FACE('',(#1716),#36,.F.);
#1846=ADVANCED_FACE('',(#1717),#37,.F.);
#1847=ADVANCED_FACE('',(#1718),#38,.F.);
#1848=ADVANCED_FACE('',(#1719),#39,.F.);
#1849=ADVANCED_FACE('',(#1720),#40,.F.);
#1850=ADVANCED_FACE('',(#1721),#41,.F.);
#1851=ADVANCED_FACE('',(#1722),#42,.F.);
#1852=ADVANCED_FACE('',(#1723),#43,.F.);
#1853=ADVANCED_FACE('',(#1724),#44,.F.);
#1854=ADVANCED_FACE('',(#1725),#45,.F.);
#1855=ADVANCED_FACE('',(#1726),#46,.F.);
#1856=ADVANCED_FACE('',(#1727),#47,.F.);
#1857=ADVANCED_FACE('',(#1728),#48,.F.);
#1858=ADVANCED_FACE('',(#1729),#49,.F.);
#1859=ADVANCED_FACE('',(#1730),#50,.F.);
#1860=ADVANCED_FACE('',(#1731),#51,.F.);
#1861=ADVANCED_FACE('',(#1732),#52,.F.);
#1862=ADVANCED_FACE('',(#1733),#53,.F.);
#1863=ADVANCED_FACE('',(#1734),#54,.F.);
#1864=ADVANCED_FACE('',(#1735),#55,.F.);
#1865=ADVANCED_FACE('',(#1736),#56,.F.);
#1866=ADVANCED_FACE('',(#1737),#57,.F.);
#1867=ADVANCED_FACE('',(#1738),#58,.F.);
#1868=ADVANCED_FACE('',(#1739),#59,.F.);
#1869=ADVANCED_FACE('',(#1740),#60,.F.);
#1870=ADVANCED_FACE('',(#1741),#61,.F.);
#1871=ADVANCED_FACE('',(#1742),#62,.F.);
#1872=ADVANCED_FACE('',(#1743),#63,.F.);
#1873=ADVANCED_FACE('',(#1744),#64,.F.);
#1874=ADVANCED_FACE('',(#1745),#65,.F.);
#1875=ADVANCED_FACE('',(#1746),#66,.F.);
#1876=ADVANCED_FACE('',(#1747),#67,.F.);
#1877=ADVANCED_FACE('',(#1748),#68,.F.);
#1878=ADVANCED_FACE('',(#1749),#69,.F.);
#1879=ADVANCED_FACE('',(#1750),#70,.F.);
#1880=ADVANCED_FACE('',(#1751),#71,.F.);
#1881=ADVANCED_FACE('',(#1752,#1753),#1788,.T.);
#1882=ADVANCED_FACE('',(#1754,#1755),#1789,.T.);
#1883=ADVANCED_FACE('',(#1756,#1757),#1790,.T.);
#1884=CLOSED_SHELL('',(#1791,#1792,#1793,#1794,#1795,#1796,#1797,#1798,
#1799,#1800,#1801,#1802,#1803,#1804,#1805,#1806,#1807,#1808,#1809,#1810,
#1811,#1812,#1813,#1814,#1815,#1816,#1817,#1818,#1819,#1820,#1821,#1822,
#1823,#1824,#1825,#1826,#1827,#1828,#1829,#1830,#1831,#1832,#1833,#1834,
#1835,#1836,#1837,#1838,#1839,#1840,#1841,#1842,#1843,#1844,#1845,#1846,
#1847,#1848,#1849,#1850,#1851,#1852,#1853,#1854,#1855,#1856,#1857,#1858,
#1859,#1860,#1861,#1862,#1863,#1864,#1865,#1866,#1867,#1868,#1869,#1870,
#1871,#1872,#1873,#1874,#1875,#1876,#1877,#1878,#1879,#1880,#1881,#1882,
#1883));
#1885=STYLED_ITEM('',(#1886),#1893);
#1886=PRESENTATION_STYLE_ASSIGNMENT((#1887));
#1887=SURFACE_STYLE_USAGE(.BOTH.,#1888);
#1888=SURFACE_SIDE_STYLE('',(#1889));
#1889=SURFACE_STYLE_FILL_AREA(#1890);
#1890=FILL_AREA_STYLE('',(#1891));
#1891=FILL_AREA_STYLE_COLOUR('',#1892);
#1892=COLOUR_RGB('',0.6,0.580392156862745,0.529411764705882);
#1893=MANIFOLD_SOLID_BREP('btrshftr C4 Plate Female',#1884);
#1894=SHAPE_DEFINITION_REPRESENTATION(#3278,#1895);
#1895=SHAPE_REPRESENTATION('btrshftr C4 Plate Female',(#1896),#3273);
#1896=AXIS2_PLACEMENT_3D('',#2715,#2121,#2122);
#1897=AXIS2_PLACEMENT_3D('',#2716,#2123,#2124);
#1898=AXIS2_PLACEMENT_3D('',#2720,#2126,#2127);
#1899=AXIS2_PLACEMENT_3D('',#2722,#2128,#2129);
#1900=AXIS2_PLACEMENT_3D('',#2724,#2130,#2131);
#1901=AXIS2_PLACEMENT_3D('',#2728,#2133,#2134);
#1902=AXIS2_PLACEMENT_3D('',#2732,#2136,#2137);
#1903=AXIS2_PLACEMENT_3D('',#2736,#2139,#2140);
#1904=AXIS2_PLACEMENT_3D('',#2740,#2142,#2143);
#1905=AXIS2_PLACEMENT_3D('',#2742,#2144,#2145);
#1906=AXIS2_PLACEMENT_3D('',#2744,#2146,#2147);
#1907=AXIS2_PLACEMENT_3D('',#2748,#2149,#2150);
#1908=AXIS2_PLACEMENT_3D('',#2750,#2151,#2152);
#1909=AXIS2_PLACEMENT_3D('',#2752,#2153,#2154);
#1910=AXIS2_PLACEMENT_3D('',#2756,#2156,#2157);
#1911=AXIS2_PLACEMENT_3D('',#2758,#2158,#2159);
#1912=AXIS2_PLACEMENT_3D('',#2760,#2160,#2161);
#1913=AXIS2_PLACEMENT_3D('',#2764,#2163,#2164);
#1914=AXIS2_PLACEMENT_3D('',#2766,#2165,#2166);
#1915=AXIS2_PLACEMENT_3D('',#2768,#2167,#2168);
#1916=AXIS2_PLACEMENT_3D('',#2772,#2170,#2171);
#1917=AXIS2_PLACEMENT_3D('',#2776,#2173,#2174);
#1918=AXIS2_PLACEMENT_3D('',#2778,#2175,#2176);
#1919=AXIS2_PLACEMENT_3D('',#2780,#2177,#2178);
#1920=AXIS2_PLACEMENT_3D('',#2781,#2179,#2180);
#1921=AXIS2_PLACEMENT_3D('',#2783,#2181,#2182);
#1922=AXIS2_PLACEMENT_3D('',#2785,#2183,#2184);
#1923=AXIS2_PLACEMENT_3D('',#2790,#2186,#2187);
#1924=AXIS2_PLACEMENT_3D('',#2794,#2189,#2190);
#1925=AXIS2_PLACEMENT_3D('',#2796,#2191,#2192);
#1926=AXIS2_PLACEMENT_3D('',#2798,#2193,#2194);
#1927=AXIS2_PLACEMENT_3D('',#2802,#2196,#2197);
#1928=AXIS2_PLACEMENT_3D('',#2804,#2198,#2199);
#1929=AXIS2_PLACEMENT_3D('',#2808,#2201,#2202);
#1930=AXIS2_PLACEMENT_3D('',#2812,#2204,#2205);
#1931=AXIS2_PLACEMENT_3D('',#2814,#2206,#2207);
#1932=AXIS2_PLACEMENT_3D('',#2816,#2208,#2209);
#1933=AXIS2_PLACEMENT_3D('',#2820,#2211,#2212);
#1934=AXIS2_PLACEMENT_3D('',#2822,#2213,#2214);
#1935=AXIS2_PLACEMENT_3D('',#2824,#2215,#2216);
#1936=AXIS2_PLACEMENT_3D('',#2828,#2218,#2219);
#1937=AXIS2_PLACEMENT_3D('',#2830,#2220,#2221);
#1938=AXIS2_PLACEMENT_3D('',#2832,#2222,#2223);
#1939=AXIS2_PLACEMENT_3D('',#2836,#2225,#2226);
#1940=AXIS2_PLACEMENT_3D('',#2838,#2227,#2228);
#1941=AXIS2_PLACEMENT_3D('',#2842,#2230,#2231);
#1942=AXIS2_PLACEMENT_3D('',#2846,#2233,#2234);
#1943=AXIS2_PLACEMENT_3D('',#2850,#2236,#2237);
#1944=AXIS2_PLACEMENT_3D('',#2852,#2238,#2239);
#1945=AXIS2_PLACEMENT_3D('',#2856,#2241,#2242);
#1946=AXIS2_PLACEMENT_3D('',#2858,#2243,#2244);
#1947=AXIS2_PLACEMENT_3D('',#2860,#2245,#2246);
#1948=AXIS2_PLACEMENT_3D('',#2864,#2248,#2249);
#1949=AXIS2_PLACEMENT_3D('',#2868,#2251,#2252);
#1950=AXIS2_PLACEMENT_3D('',#2870,#2253,#2254);
#1951=AXIS2_PLACEMENT_3D('',#2874,#2256,#2257);
#1952=AXIS2_PLACEMENT_3D('',#2876,#2258,#2259);
#1953=AXIS2_PLACEMENT_3D('',#2880,#2261,#2262);
#1954=AXIS2_PLACEMENT_3D('',#2882,#2263,#2264);
#1955=AXIS2_PLACEMENT_3D('',#2884,#2265,#2266);
#1956=AXIS2_PLACEMENT_3D('',#2888,#2268,#2269);
#1957=AXIS2_PLACEMENT_3D('',#2892,#2271,#2272);
#1958=AXIS2_PLACEMENT_3D('',#2894,#2273,#2274);
#1959=AXIS2_PLACEMENT_3D('',#2895,#2275,#2276);
#1960=AXIS2_PLACEMENT_3D('',#2899,#2278,#2279);
#1961=AXIS2_PLACEMENT_3D('',#2901,#2280,#2281);
#1962=AXIS2_PLACEMENT_3D('',#2903,#2282,#2283);
#1963=AXIS2_PLACEMENT_3D('',#2907,#2285,#2286);
#1964=AXIS2_PLACEMENT_3D('',#2911,#2288,#2289);
#1965=AXIS2_PLACEMENT_3D('',#2913,#2290,#2291);
#1966=AXIS2_PLACEMENT_3D('',#2915,#2292,#2293);
#1967=AXIS2_PLACEMENT_3D('',#2919,#2295,#2296);
#1968=AXIS2_PLACEMENT_3D('',#2921,#2297,#2298);
#1969=AXIS2_PLACEMENT_3D('',#2923,#2299,#2300);
#1970=AXIS2_PLACEMENT_3D('',#2924,#2301,#2302);
#1971=AXIS2_PLACEMENT_3D('',#2927,#2303,#2304);
#1972=AXIS2_PLACEMENT_3D('',#2931,#2306,#2307);
#1973=AXIS2_PLACEMENT_3D('',#2935,#2309,#2310);
#1974=AXIS2_PLACEMENT_3D('',#2937,#2311,#2312);
#1975=AXIS2_PLACEMENT_3D('',#2939,#2313,#2314);
#1976=AXIS2_PLACEMENT_3D('',#2943,#2316,#2317);
#1977=AXIS2_PLACEMENT_3D('',#2944,#2318,#2319);
#1978=AXIS2_PLACEMENT_3D('',#2946,#2320,#2321);
#1979=AXIS2_PLACEMENT_3D('',#2948,#2322,#2323);
#1980=AXIS2_PLACEMENT_3D('',#2950,#2324,#2325);
#1981=AXIS2_PLACEMENT_3D('',#2952,#2326,#2327);
#1982=AXIS2_PLACEMENT_3D('',#2954,#2328,#2329);
#1983=AXIS2_PLACEMENT_3D('',#2959,#2331,#2332);
#1984=AXIS2_PLACEMENT_3D('',#2963,#2334,#2335);
#1985=AXIS2_PLACEMENT_3D('',#2967,#2337,#2338);
#1986=AXIS2_PLACEMENT_3D('',#2971,#2340,#2341);
#1987=AXIS2_PLACEMENT_3D('',#2975,#2343,#2344);
#1988=AXIS2_PLACEMENT_3D('',#2976,#2345,#2346);
#1989=AXIS2_PLACEMENT_3D('',#2979,#2347,#2348);
#1990=AXIS2_PLACEMENT_3D('',#2983,#2350,#2351);
#1991=AXIS2_PLACEMENT_3D('',#2987,#2353,#2354);
#1992=AXIS2_PLACEMENT_3D('',#2991,#2356,#2357);
#1993=AXIS2_PLACEMENT_3D('',#2995,#2359,#2360);
#1994=AXIS2_PLACEMENT_3D('',#2997,#2361,#2362);
#1995=AXIS2_PLACEMENT_3D('',#2999,#2363,#2364);
#1996=AXIS2_PLACEMENT_3D('',#3003,#2366,#2367);
#1997=AXIS2_PLACEMENT_3D('',#3005,#2368,#2369);
#1998=AXIS2_PLACEMENT_3D('',#3007,#2370,#2371);
#1999=AXIS2_PLACEMENT_3D('',#3008,#2372,#2373);
#2000=AXIS2_PLACEMENT_3D('',#3011,#2374,#2375);
#2001=AXIS2_PLACEMENT_3D('',#3015,#2377,#2378);
#2002=AXIS2_PLACEMENT_3D('',#3017,#2379,#2380);
#2003=AXIS2_PLACEMENT_3D('',#3019,#2381,#2382);
#2004=AXIS2_PLACEMENT_3D('',#3023,#2384,#2385);
#2005=AXIS2_PLACEMENT_3D('',#3024,#2386,#2387);
#2006=AXIS2_PLACEMENT_3D('',#3027,#2388,#2389);
#2007=AXIS2_PLACEMENT_3D('',#3031,#2391,#2392);
#2008=AXIS2_PLACEMENT_3D('',#3035,#2394,#2395);
#2009=AXIS2_PLACEMENT_3D('',#3039,#2397,#2398);
#2010=AXIS2_PLACEMENT_3D('',#3040,#2399,#2400);
#2011=AXIS2_PLACEMENT_3D('',#3043,#2401,#2402);
#2012=AXIS2_PLACEMENT_3D('',#3047,#2404,#2405);
#2013=AXIS2_PLACEMENT_3D('',#3049,#2406,#2407);
#2014=AXIS2_PLACEMENT_3D('',#3051,#2408,#2409);
#2015=AXIS2_PLACEMENT_3D('',#3055,#2411,#2412);
#2016=AXIS2_PLACEMENT_3D('',#3059,#2414,#2415);
#2017=AXIS2_PLACEMENT_3D('',#3060,#2416,#2417);
#2018=AXIS2_PLACEMENT_3D('',#3063,#2418,#2419);
#2019=AXIS2_PLACEMENT_3D('',#3067,#2421,#2422);
#2020=AXIS2_PLACEMENT_3D('',#3069,#2423,#2424);
#2021=AXIS2_PLACEMENT_3D('',#3071,#2425,#2426);
#2022=AXIS2_PLACEMENT_3D('',#3075,#2428,#2429);
#2023=AXIS2_PLACEMENT_3D('',#3079,#2431,#2432);
#2024=AXIS2_PLACEMENT_3D('',#3080,#2433,#2434);
#2025=AXIS2_PLACEMENT_3D('',#3087,#2439,#2440);
#2026=AXIS2_PLACEMENT_3D('',#3089,#2442,#2443);
#2027=AXIS2_PLACEMENT_3D('',#3091,#2445,#2446);
#2028=AXIS2_PLACEMENT_3D('',#3093,#2448,#2449);
#2029=AXIS2_PLACEMENT_3D('',#3095,#2451,#2452);
#2030=AXIS2_PLACEMENT_3D('',#3101,#2458,#2459);
#2031=AXIS2_PLACEMENT_3D('',#3103,#2460,#2461);
#2032=AXIS2_PLACEMENT_3D('',#3105,#2463,#2464);
#2033=AXIS2_PLACEMENT_3D('',#3109,#2468,#2469);
#2034=AXIS2_PLACEMENT_3D('',#3111,#2470,#2471);
#2035=AXIS2_PLACEMENT_3D('',#3113,#2473,#2474);
#2036=AXIS2_PLACEMENT_3D('',#3114,#2475,#2476);
#2037=AXIS2_PLACEMENT_3D('',#3116,#2477,#2478);
#2038=AXIS2_PLACEMENT_3D('',#3117,#2479,#2480);
#2039=AXIS2_PLACEMENT_3D('',#3119,#2481,#2482);
#2040=AXIS2_PLACEMENT_3D('',#3120,#2483,#2484);
#2041=AXIS2_PLACEMENT_3D('',#3121,#2485,#2486);
#2042=AXIS2_PLACEMENT_3D('',#3122,#2487,#2488);
#2043=AXIS2_PLACEMENT_3D('',#3125,#2491,#2492);
#2044=AXIS2_PLACEMENT_3D('',#3126,#2493,#2494);
#2045=AXIS2_PLACEMENT_3D('',#3127,#2495,#2496);
#2046=AXIS2_PLACEMENT_3D('',#3129,#2497,#2498);
#2047=AXIS2_PLACEMENT_3D('',#3132,#2501,#2502);
#2048=AXIS2_PLACEMENT_3D('',#3135,#2505,#2506);
#2049=AXIS2_PLACEMENT_3D('',#3138,#2509,#2510);
#2050=AXIS2_PLACEMENT_3D('',#3141,#2513,#2514);
#2051=AXIS2_PLACEMENT_3D('',#3144,#2517,#2518);
#2052=AXIS2_PLACEMENT_3D('',#3147,#2521,#2522);
#2053=AXIS2_PLACEMENT_3D('',#3150,#2525,#2526);
#2054=AXIS2_PLACEMENT_3D('',#3153,#2529,#2530);
#2055=AXIS2_PLACEMENT_3D('',#3156,#2533,#2534);
#2056=AXIS2_PLACEMENT_3D('',#3159,#2537,#2538);
#2057=AXIS2_PLACEMENT_3D('',#3162,#2541,#2542);
#2058=AXIS2_PLACEMENT_3D('',#3165,#2545,#2546);
#2059=AXIS2_PLACEMENT_3D('',#3168,#2549,#2550);
#2060=AXIS2_PLACEMENT_3D('',#3171,#2553,#2554);
#2061=AXIS2_PLACEMENT_3D('',#3174,#2557,#2558);
#2062=AXIS2_PLACEMENT_3D('',#3177,#2561,#2562);
#2063=AXIS2_PLACEMENT_3D('',#3180,#2565,#2566);
#2064=AXIS2_PLACEMENT_3D('',#3183,#2569,#2570);
#2065=AXIS2_PLACEMENT_3D('',#3186,#2573,#2574);
#2066=AXIS2_PLACEMENT_3D('',#3189,#2577,#2578);
#2067=AXIS2_PLACEMENT_3D('',#3192,#2581,#2582);
#2068=AXIS2_PLACEMENT_3D('',#3195,#2585,#2586);
#2069=AXIS2_PLACEMENT_3D('',#3198,#2589,#2590);
#2070=AXIS2_PLACEMENT_3D('',#3201,#2593,#2594);
#2071=AXIS2_PLACEMENT_3D('',#3204,#2597,#2598);
#2072=AXIS2_PLACEMENT_3D('',#3207,#2601,#2602);
#2073=AXIS2_PLACEMENT_3D('',#3210,#2605,#2606);
#2074=AXIS2_PLACEMENT_3D('',#3213,#2609,#2610);
#2075=AXIS2_PLACEMENT_3D('',#3216,#2613,#2614);
#2076=AXIS2_PLACEMENT_3D('',#3219,#2617,#2618);
#2077=AXIS2_PLACEMENT_3D('',#3222,#2621,#2622);
#2078=AXIS2_PLACEMENT_3D('',#3225,#2625,#2626);
#2079=AXIS2_PLACEMENT_3D('',#3228,#2629,#2630);
#2080=AXIS2_PLACEMENT_3D('',#3231,#2633,#2634);
#2081=AXIS2_PLACEMENT_3D('',#3232,#2635,#2636);
#2082=AXIS2_PLACEMENT_3D('',#3233,#2637,#2638);
#2083=AXIS2_PLACEMENT_3D('',#3234,#2639,#2640);
#2084=AXIS2_PLACEMENT_3D('',#3235,#2641,#2642);
#2085=AXIS2_PLACEMENT_3D('',#3236,#2643,#2644);
#2086=AXIS2_PLACEMENT_3D('',#3237,#2645,#2646);
#2087=AXIS2_PLACEMENT_3D('',#3238,#2647,#2648);
#2088=AXIS2_PLACEMENT_3D('',#3239,#2649,#2650);
#2089=AXIS2_PLACEMENT_3D('',#3240,#2651,#2652);
#2090=AXIS2_PLACEMENT_3D('',#3241,#2653,#2654);
#2091=AXIS2_PLACEMENT_3D('',#3242,#2655,#2656);
#2092=AXIS2_PLACEMENT_3D('',#3243,#2657,#2658);
#2093=AXIS2_PLACEMENT_3D('',#3244,#2659,#2660);
#2094=AXIS2_PLACEMENT_3D('',#3245,#2661,#2662);
#2095=AXIS2_PLACEMENT_3D('',#3246,#2663,#2664);
#2096=AXIS2_PLACEMENT_3D('',#3247,#2665,#2666);
#2097=AXIS2_PLACEMENT_3D('',#3248,#2667,#2668);
#2098=AXIS2_PLACEMENT_3D('',#3249,#2669,#2670);
#2099=AXIS2_PLACEMENT_3D('',#3250,#2671,#2672);
#2100=AXIS2_PLACEMENT_3D('',#3251,#2673,#2674);
#2101=AXIS2_PLACEMENT_3D('',#3252,#2675,#2676);
#2102=AXIS2_PLACEMENT_3D('',#3253,#2677,#2678);
#2103=AXIS2_PLACEMENT_3D('',#3254,#2679,#2680);
#2104=AXIS2_PLACEMENT_3D('',#3255,#2681,#2682);
#2105=AXIS2_PLACEMENT_3D('',#3256,#2683,#2684);
#2106=AXIS2_PLACEMENT_3D('',#3257,#2685,#2686);
#2107=AXIS2_PLACEMENT_3D('',#3258,#2687,#2688);
#2108=AXIS2_PLACEMENT_3D('',#3259,#2689,#2690);
#2109=AXIS2_PLACEMENT_3D('',#3260,#2691,#2692);
#2110=AXIS2_PLACEMENT_3D('',#3261,#2693,#2694);
#2111=AXIS2_PLACEMENT_3D('',#3262,#2695,#2696);
#2112=AXIS2_PLACEMENT_3D('',#3263,#2697,#2698);
#2113=AXIS2_PLACEMENT_3D('',#3264,#2699,#2700);
#2114=AXIS2_PLACEMENT_3D('',#3265,#2701,#2702);
#2115=AXIS2_PLACEMENT_3D('',#3266,#2703,#2704);
#2116=AXIS2_PLACEMENT_3D('',#3267,#2705,#2706);
#2117=AXIS2_PLACEMENT_3D('',#3268,#2707,#2708);
#2118=AXIS2_PLACEMENT_3D('',#3269,#2709,#2710);
#2119=AXIS2_PLACEMENT_3D('',#3270,#2711,#2712);
#2120=AXIS2_PLACEMENT_3D('',#3271,#2713,#2714);
#2121=DIRECTION('',(0.,0.,1.));
#2122=DIRECTION('',(1.,0.,0.));
#2123=DIRECTION('',(0.,-1.,0.));
#2124=DIRECTION('',(-1.,0.,0.));
#2125=DIRECTION('',(0.910836971459717,0.,-0.412766291528378));
#2126=DIRECTION('',(0.,1.,0.));
#2127=DIRECTION('',(0.,0.,-1.));
#2128=DIRECTION('',(0.,1.,0.));
#2129=DIRECTION('',(0.,0.,-1.));
#2130=DIRECTION('',(0.,1.,0.));
#2131=DIRECTION('',(0.,0.,-1.));
#2132=DIRECTION('',(-0.55852273620769,0.,0.829489212189691));
#2133=DIRECTION('',(0.,1.,0.));
#2134=DIRECTION('',(0.,0.,-1.));
#2135=DIRECTION('',(1.,0.,0.));
#2136=DIRECTION('',(0.,1.,0.));
#2137=DIRECTION('',(0.,0.,-1.));
#2138=DIRECTION('',(-0.766518978737607,0.,-0.642221655844037));
#2139=DIRECTION('',(0.,1.,0.));
#2140=DIRECTION('',(0.,0.,-1.));
#2141=DIRECTION('',(-0.974173257698359,0.,-0.225801824583786));
#2142=DIRECTION('',(0.,1.,0.));
#2143=DIRECTION('',(0.,0.,-1.));
#2144=DIRECTION('',(0.,1.,0.));
#2145=DIRECTION('',(0.,0.,-1.));
#2146=DIRECTION('',(0.,1.,0.));
#2147=DIRECTION('',(0.,0.,-1.));
#2148=DIRECTION('',(-1.,0.,0.));
#2149=DIRECTION('',(0.,1.,0.));
#2150=DIRECTION('',(0.,0.,-1.));
#2151=DIRECTION('',(0.,1.,0.));
#2152=DIRECTION('',(0.,0.,-1.));
#2153=DIRECTION('',(0.,1.,0.));
#2154=DIRECTION('',(0.,0.,-1.));
#2155=DIRECTION('',(-1.,0.,0.));
#2156=DIRECTION('',(0.,1.,0.));
#2157=DIRECTION('',(0.,0.,-1.));
#2158=DIRECTION('',(0.,1.,0.));
#2159=DIRECTION('',(0.,0.,-1.));
#2160=DIRECTION('',(0.,1.,0.));
#2161=DIRECTION('',(0.,0.,-1.));
#2162=DIRECTION('',(-1.,0.,0.));
#2163=DIRECTION('',(0.,1.,0.));
#2164=DIRECTION('',(0.,0.,-1.));
#2165=DIRECTION('',(0.,1.,0.));
#2166=DIRECTION('',(0.,0.,-1.));
#2167=DIRECTION('',(0.,1.,0.));
#2168=DIRECTION('',(0.,0.,-1.));
#2169=DIRECTION('',(-0.974173257698359,0.,-0.225801824583786));
#2170=DIRECTION('',(0.,1.,0.));
#2171=DIRECTION('',(0.,0.,-1.));
#2172=DIRECTION('',(0.575300636395442,0.,-0.817942038143902));
#2173=DIRECTION('',(0.,1.,0.));
#2174=DIRECTION('',(0.,0.,-1.));
#2175=DIRECTION('',(0.,1.,0.));
#2176=DIRECTION('',(0.,0.,-1.));
#2177=DIRECTION('',(0.,1.,0.));
#2178=DIRECTION('',(0.,0.,-1.));
#2179=DIRECTION('',(0.,1.,0.));
#2180=DIRECTION('',(0.,0.,-1.));
#2181=DIRECTION('',(0.,1.,0.));
#2182=DIRECTION('',(0.,0.,-1.));
#2183=DIRECTION('',(0.,1.,0.));
#2184=DIRECTION('',(0.,0.,-1.));
#2185=DIRECTION('',(0.910836971459718,0.,-0.412766291528378));
#2186=DIRECTION('',(0.,1.,0.));
#2187=DIRECTION('',(0.,0.,-1.));
#2188=DIRECTION('',(1.,0.,0.));
#2189=DIRECTION('',(0.,1.,0.));
#2190=DIRECTION('',(0.,0.,-1.));
#2191=DIRECTION('',(0.,1.,0.));
#2192=DIRECTION('',(0.,0.,-1.));
#2193=DIRECTION('',(0.,1.,0.));
#2194=DIRECTION('',(0.,0.,-1.));
#2195=DIRECTION('',(-0.164398987305357,0.,-0.986393923832144));
#2196=DIRECTION('',(0.,1.,0.));
#2197=DIRECTION('',(0.,0.,-1.));
#2198=DIRECTION('',(0.,1.,0.));
#2199=DIRECTION('',(0.,0.,-1.));
#2200=DIRECTION('',(0.164398987305357,0.,0.986393923832144));
#2201=DIRECTION('',(0.,1.,0.));
#2202=DIRECTION('',(0.,0.,-1.));
#2203=DIRECTION('',(-0.999980293747226,0.,0.0062779070725726));
#2204=DIRECTION('',(0.,1.,0.));
#2205=DIRECTION('',(0.,0.,-1.));
#2206=DIRECTION('',(0.,1.,0.));
#2207=DIRECTION('',(0.,0.,-1.));
#2208=DIRECTION('',(0.,1.,0.));
#2209=DIRECTION('',(0.,0.,-1.));
#2210=DIRECTION('',(-0.974173257698359,0.,-0.225801824583785));
#2211=DIRECTION('',(0.,1.,0.));
#2212=DIRECTION('',(0.,0.,-1.));
#2213=DIRECTION('',(0.,1.,0.));
#2214=DIRECTION('',(0.,0.,-1.));
#2215=DIRECTION('',(0.,1.,0.));
#2216=DIRECTION('',(0.,0.,-1.));
#2217=DIRECTION('',(-0.974173257698359,0.,-0.225801824583785));
#2218=DIRECTION('',(0.,1.,0.));
#2219=DIRECTION('',(0.,0.,-1.));
#2220=DIRECTION('',(0.,1.,0.));
#2221=DIRECTION('',(0.,0.,-1.));
#2222=DIRECTION('',(0.,1.,0.));
#2223=DIRECTION('',(0.,0.,-1.));
#2224=DIRECTION('',(-0.533739673378438,0.,0.845648840277026));
#2225=DIRECTION('',(0.,1.,0.));
#2226=DIRECTION('',(0.,0.,-1.));
#2227=DIRECTION('',(0.,1.,0.));
#2228=DIRECTION('',(0.,0.,-1.));
#2229=DIRECTION('',(-0.533739673378438,0.,0.845648840277026));
#2230=DIRECTION('',(0.,1.,0.));
#2231=DIRECTION('',(0.,0.,-1.));
#2232=DIRECTION('',(-1.,0.,0.));
#2233=DIRECTION('',(0.,1.,0.));
#2234=DIRECTION('',(0.,0.,-1.));
#2235=DIRECTION('',(0.369784386259662,0.,-0.929117596259249));
#2236=DIRECTION('',(0.,1.,0.));
#2237=DIRECTION('',(0.,0.,-1.));
#2238=DIRECTION('',(0.,1.,0.));
#2239=DIRECTION('',(0.,0.,-1.));
#2240=DIRECTION('',(0.369784386259662,0.,-0.929117596259249));
#2241=DIRECTION('',(0.,1.,0.));
#2242=DIRECTION('',(0.,0.,-1.));
#2243=DIRECTION('',(0.,1.,0.));
#2244=DIRECTION('',(0.,0.,-1.));
#2245=DIRECTION('',(0.,1.,0.));
#2246=DIRECTION('',(0.,0.,-1.));
#2247=DIRECTION('',(0.575300636395442,0.,-0.817942038143901));
#2248=DIRECTION('',(0.,1.,0.));
#2249=DIRECTION('',(0.,0.,-1.));
#2250=DIRECTION('',(-0.766518978737607,0.,-0.642221655844037));
#2251=DIRECTION('',(0.,1.,0.));
#2252=DIRECTION('',(0.,0.,-1.));
#2253=DIRECTION('',(0.,1.,0.));
#2254=DIRECTION('',(0.,0.,-1.));
#2255=DIRECTION('',(-0.910836971459717,0.,0.412766291528378));
#2256=DIRECTION('',(0.,1.,0.));
#2257=DIRECTION('',(0.,0.,-1.));
#2258=DIRECTION('',(0.,1.,0.));
#2259=DIRECTION('',(0.,0.,-1.));
#2260=DIRECTION('',(-0.558522736207691,0.,0.829489212189691));
#2261=DIRECTION('',(0.,1.,0.));
#2262=DIRECTION('',(0.,0.,-1.));
#2263=DIRECTION('',(0.,1.,0.));
#2264=DIRECTION('',(0.,0.,-1.));
#2265=DIRECTION('',(0.,1.,0.));
#2266=DIRECTION('',(0.,0.,-1.));
#2267=DIRECTION('',(-0.999980293747226,0.,0.00627790707255517));
#2268=DIRECTION('',(0.,1.,0.));
#2269=DIRECTION('',(0.,0.,-1.));
#2270=DIRECTION('',(0.164398987305358,0.,0.986393923832144));
#2271=DIRECTION('',(0.,1.,0.));
#2272=DIRECTION('',(0.,0.,-1.));
#2273=DIRECTION('',(0.,1.,0.));
#2274=DIRECTION('',(0.,0.,-1.));
#2275=DIRECTION('',(0.,-1.,0.));
#2276=DIRECTION('',(-1.,0.,0.));
#2277=DIRECTION('',(-0.55852273620769,0.,0.829489212189691));
#2278=DIRECTION('',(0.,1.,0.));
#2279=DIRECTION('',(0.,0.,-1.));
#2280=DIRECTION('',(0.,1.,0.));
#2281=DIRECTION('',(0.,0.,-1.));
#2282=DIRECTION('',(0.,1.,0.));
#2283=DIRECTION('',(0.,0.,-1.));
#2284=DIRECTION('',(0.910836971459717,0.,-0.412766291528378));
#2285=DIRECTION('',(0.,1.,0.));
#2286=DIRECTION('',(0.,0.,-1.));
#2287=DIRECTION('',(-0.974173257698359,0.,-0.225801824583785));
#2288=DIRECTION('',(0.,1.,0.));
#2289=DIRECTION('',(0.,0.,-1.));
#2290=DIRECTION('',(0.,1.,0.));
#2291=DIRECTION('',(0.,0.,-1.));
#2292=DIRECTION('',(0.,1.,0.));
#2293=DIRECTION('',(0.,0.,-1.));
#2294=DIRECTION('',(-0.533739673378438,0.,0.845648840277026));
#2295=DIRECTION('',(0.,1.,0.));
#2296=DIRECTION('',(0.,0.,-1.));
#2297=DIRECTION('',(0.,1.,0.));
#2298=DIRECTION('',(0.,0.,-1.));
#2299=DIRECTION('',(0.,1.,0.));
#2300=DIRECTION('',(0.,0.,-1.));
#2301=DIRECTION('',(0.,1.,0.));
#2302=DIRECTION('',(0.,0.,-1.));
#2303=DIRECTION('',(0.,1.,0.));
#2304=DIRECTION('',(0.,0.,-1.));
#2305=DIRECTION('',(0.575300636395442,0.,-0.817942038143902));
#2306=DIRECTION('',(0.,1.,0.));
#2307=DIRECTION('',(0.,0.,-1.));
#2308=DIRECTION('',(-0.974173257698359,0.,-0.225801824583786));
#2309=DIRECTION('',(0.,1.,0.));
#2310=DIRECTION('',(0.,0.,-1.));
#2311=DIRECTION('',(0.,1.,0.));
#2312=DIRECTION('',(0.,0.,-1.));
#2313=DIRECTION('',(0.,1.,0.));
#2314=DIRECTION('',(0.,0.,-1.));
#2315=DIRECTION('',(-1.,0.,0.));
#2316=DIRECTION('',(0.,1.,0.));
#2317=DIRECTION('',(0.,0.,-1.));
#2318=DIRECTION('',(0.,1.,0.));
#2319=DIRECTION('',(0.,0.,-1.));
#2320=DIRECTION('',(0.,1.,0.));
#2321=DIRECTION('',(0.,0.,-1.));
#2322=DIRECTION('',(0.,1.,0.));
#2323=DIRECTION('',(0.,0.,-1.));
#2324=DIRECTION('',(0.,1.,0.));
#2325=DIRECTION('',(0.,0.,-1.));
#2326=DIRECTION('',(0.,1.,0.));
#2327=DIRECTION('',(0.,0.,-1.));
#2328=DIRECTION('',(0.,1.,0.));
#2329=DIRECTION('',(0.,0.,-1.));
#2330=DIRECTION('',(0.369784386259662,0.,-0.929117596259249));
#2331=DIRECTION('',(0.,1.,0.));
#2332=DIRECTION('',(0.,0.,-1.));
#2333=DIRECTION('',(-1.,0.,0.));
#2334=DIRECTION('',(0.,1.,0.));
#2335=DIRECTION('',(0.,0.,-1.));
#2336=DIRECTION('',(-0.533739673378438,0.,0.845648840277026));
#2337=DIRECTION('',(0.,1.,0.));
#2338=DIRECTION('',(0.,0.,-1.));
#2339=DIRECTION('',(-0.164398987305357,0.,-0.986393923832144));
#2340=DIRECTION('',(0.,1.,0.));
#2341=DIRECTION('',(0.,0.,-1.));
#2342=DIRECTION('',(-0.910836971459717,0.,0.412766291528378));
#2343=DIRECTION('',(0.,1.,0.));
#2344=DIRECTION('',(0.,0.,-1.));
#2345=DIRECTION('',(0.,1.,0.));
#2346=DIRECTION('',(0.,0.,-1.));
#2347=DIRECTION('',(0.,1.,0.));
#2348=DIRECTION('',(0.,0.,-1.));
#2349=DIRECTION('',(1.,0.,0.));
#2350=DIRECTION('',(0.,1.,0.));
#2351=DIRECTION('',(0.,0.,-1.));
#2352=DIRECTION('',(0.910836971459718,0.,-0.412766291528378));
#2353=DIRECTION('',(0.,1.,0.));
#2354=DIRECTION('',(0.,0.,-1.));
#2355=DIRECTION('',(-0.766518978737607,0.,-0.642221655844037));
#2356=DIRECTION('',(0.,1.,0.));
#2357=DIRECTION('',(0.,0.,-1.));
#2358=DIRECTION('',(0.575300636395442,0.,-0.817942038143902));
#2359=DIRECTION('',(0.,1.,0.));
#2360=DIRECTION('',(0.,0.,-1.));
#2361=DIRECTION('',(0.,1.,0.));
#2362=DIRECTION('',(0.,0.,-1.));
#2363=DIRECTION('',(0.,1.,0.));
#2364=DIRECTION('',(0.,0.,-1.));
#2365=DIRECTION('',(0.369784386259662,0.,-0.929117596259249));
#2366=DIRECTION('',(0.,1.,0.));
#2367=DIRECTION('',(0.,0.,-1.));
#2368=DIRECTION('',(0.,1.,0.));
#2369=DIRECTION('',(0.,0.,-1.));
#2370=DIRECTION('',(0.,1.,0.));
#2371=DIRECTION('',(0.,0.,-1.));
#2372=DIRECTION('',(0.,1.,0.));
#2373=DIRECTION('',(0.,0.,-1.));
#2374=DIRECTION('',(0.,1.,0.));
#2375=DIRECTION('',(0.,0.,-1.));
#2376=DIRECTION('',(-1.,0.,0.));
#2377=DIRECTION('',(0.,1.,0.));
#2378=DIRECTION('',(0.,0.,-1.));
#2379=DIRECTION('',(0.,1.,0.));
#2380=DIRECTION('',(0.,0.,-1.));
#2381=DIRECTION('',(0.,1.,0.));
#2382=DIRECTION('',(0.,0.,-1.));
#2383=DIRECTION('',(-1.,0.,0.));
#2384=DIRECTION('',(0.,1.,0.));
#2385=DIRECTION('',(0.,0.,-1.));
#2386=DIRECTION('',(0.,1.,0.));
#2387=DIRECTION('',(0.,0.,-1.));
#2388=DIRECTION('',(0.,1.,0.));
#2389=DIRECTION('',(0.,0.,-1.));
#2390=DIRECTION('',(-0.974173257698359,0.,-0.225801824583786));
#2391=DIRECTION('',(0.,1.,0.));
#2392=DIRECTION('',(0.,0.,-1.));
#2393=DIRECTION('',(-0.766518978737607,0.,-0.642221655844037));
#2394=DIRECTION('',(0.,1.,0.));
#2395=DIRECTION('',(0.,0.,-1.));
#2396=DIRECTION('',(1.,0.,0.));
#2397=DIRECTION('',(0.,1.,0.));
#2398=DIRECTION('',(0.,0.,-1.));
#2399=DIRECTION('',(0.,1.,0.));
#2400=DIRECTION('',(0.,0.,-1.));
#2401=DIRECTION('',(0.,1.,0.));
#2402=DIRECTION('',(0.,0.,-1.));
#2403=DIRECTION('',(-0.558522736207691,0.,0.829489212189691));
#2404=DIRECTION('',(0.,1.,0.));
#2405=DIRECTION('',(0.,0.,-1.));
#2406=DIRECTION('',(0.,1.,0.));
#2407=DIRECTION('',(0.,0.,-1.));
#2408=DIRECTION('',(0.,1.,0.));
#2409=DIRECTION('',(0.,0.,-1.));
#2410=DIRECTION('',(0.164398987305358,0.,0.986393923832144));
#2411=DIRECTION('',(0.,1.,0.));
#2412=DIRECTION('',(0.,0.,-1.));
#2413=DIRECTION('',(-0.999980293747226,0.,0.00627790707255517));
#2414=DIRECTION('',(0.,1.,0.));
#2415=DIRECTION('',(0.,0.,-1.));
#2416=DIRECTION('',(0.,1.,0.));
#2417=DIRECTION('',(0.,0.,-1.));
#2418=DIRECTION('',(0.,1.,0.));
#2419=DIRECTION('',(0.,0.,-1.));
#2420=DIRECTION('',(-0.974173257698359,0.,-0.225801824583785));
#2421=DIRECTION('',(0.,1.,0.));
#2422=DIRECTION('',(0.,0.,-1.));
#2423=DIRECTION('',(0.,1.,0.));
#2424=DIRECTION('',(0.,0.,-1.));
#2425=DIRECTION('',(0.,1.,0.));
#2426=DIRECTION('',(0.,0.,-1.));
#2427=DIRECTION('',(-0.999980293747226,0.,0.0062779070725726));
#2428=DIRECTION('',(0.,1.,0.));
#2429=DIRECTION('',(0.,0.,-1.));
#2430=DIRECTION('',(0.164398987305357,0.,0.986393923832144));
#2431=DIRECTION('',(0.,1.,0.));
#2432=DIRECTION('',(0.,0.,-1.));
#2433=DIRECTION('',(0.929117596259249,0.,0.369784386259662));
#2434=DIRECTION('',(-0.369784386259662,0.,0.929117596259249));
#2435=DIRECTION('',(0.,-1.,0.));
#2436=DIRECTION('',(0.,-1.,0.));
#2437=DIRECTION('',(0.369784386259662,0.,-0.929117596259249));
#2438=DIRECTION('',(0.,1.,0.));
#2439=DIRECTION('',(0.,-1.,0.));
#2440=DIRECTION('',(0.,0.,-1.));
#2441=DIRECTION('',(0.,-1.,0.));
#2442=DIRECTION('',(0.,0.,-1.));
#2443=DIRECTION('',(1.,0.,0.));
#2444=DIRECTION('',(0.,-1.,0.));
#2445=DIRECTION('',(0.,-1.,0.));
#2446=DIRECTION('',(0.,0.,-1.));
#2447=DIRECTION('',(0.,-1.,0.));
#2448=DIRECTION('',(-0.845648840277026,0.,-0.533739673378438));
#2449=DIRECTION('',(0.533739673378438,0.,-0.845648840277026));
#2450=DIRECTION('',(0.,-1.,0.));
#2451=DIRECTION('',(0.,-1.,0.));
#2452=DIRECTION('',(0.,0.,-1.));
#2453=DIRECTION('',(0.,-1.,0.));
#2454=DIRECTION('',(0.,-1.,0.));
#2455=DIRECTION('',(0.,-1.,0.));
#2456=DIRECTION('',(0.,-1.,0.));
#2457=DIRECTION('',(0.,-1.,0.));
#2458=DIRECTION('',(0.,1.,0.));
#2459=DIRECTION('',(0.,0.,-1.));
#2460=DIRECTION('',(0.986393923832144,0.,-0.164398987305357));
#2461=DIRECTION('',(0.164398987305357,0.,0.986393923832144));
#2462=DIRECTION('',(0.,-1.,0.));
#2463=DIRECTION('',(0.,-1.,0.));
#2464=DIRECTION('',(0.,0.,-1.));
#2465=DIRECTION('',(0.,-1.,0.));
#2466=DIRECTION('',(0.,-1.,0.));
#2467=DIRECTION('',(0.,-1.,0.));
#2468=DIRECTION('',(0.,1.,0.));
#2469=DIRECTION('',(0.,0.,-1.));
#2470=DIRECTION('',(-0.412766291528378,0.,-0.910836971459717));
#2471=DIRECTION('',(0.910836971459717,0.,-0.412766291528378));
#2472=DIRECTION('',(0.,-1.,0.));
#2473=DIRECTION('',(0.,-1.,0.));
#2474=DIRECTION('',(0.,0.,-1.));
#2475=DIRECTION('',(0.,1.,0.));
#2476=DIRECTION('',(0.,0.,-1.));
#2477=DIRECTION('',(0.,-1.,0.));
#2478=DIRECTION('',(0.,0.,-1.));
#2479=DIRECTION('',(0.,1.,0.));
#2480=DIRECTION('',(0.,0.,-1.));
#2481=DIRECTION('',(0.,-1.,0.));
#2482=DIRECTION('',(0.,0.,-1.));
#2483=DIRECTION('',(0.,-1.,0.));
#2484=DIRECTION('',(0.,0.,-1.));
#2485=DIRECTION('',(0.,-1.,0.));
#2486=DIRECTION('',(0.,0.,-1.));
#2487=DIRECTION('',(0.,-1.,0.));
#2488=DIRECTION('',(0.,0.,-1.));
#2489=DIRECTION('',(0.,-1.,0.));
#2490=DIRECTION('',(0.,-1.,0.));
#2491=DIRECTION('',(0.,1.,0.));
#2492=DIRECTION('',(0.,0.,-1.));
#2493=DIRECTION('',(0.,-1.,0.));
#2494=DIRECTION('',(0.,0.,-1.));
#2495=DIRECTION('',(0.,1.,0.));
#2496=DIRECTION('',(0.,0.,-1.));
#2497=DIRECTION('',(0.412766291528378,0.,0.910836971459718));
#2498=DIRECTION('',(-0.910836971459718,0.,0.412766291528378));
#2499=DIRECTION('',(0.,-1.,0.));
#2500=DIRECTION('',(0.,-1.,0.));
#2501=DIRECTION('',(0.,0.,1.));
#2502=DIRECTION('',(-1.,0.,0.));
#2503=DIRECTION('',(0.,1.,0.));
#2504=DIRECTION('',(0.,-1.,0.));
#2505=DIRECTION('',(0.,-1.,0.));
#2506=DIRECTION('',(0.,0.,-1.));
#2507=DIRECTION('',(0.,-1.,0.));
#2508=DIRECTION('',(0.,-1.,0.));
#2509=DIRECTION('',(0.642221655844037,0.,-0.766518978737607));
#2510=DIRECTION('',(0.766518978737607,0.,0.642221655844037));
#2511=DIRECTION('',(0.,1.,0.));
#2512=DIRECTION('',(0.,-1.,0.));
#2513=DIRECTION('',(0.929117596259249,0.,0.369784386259662));
#2514=DIRECTION('',(-0.369784386259662,0.,0.929117596259249));
#2515=DIRECTION('',(0.,-1.,0.));
#2516=DIRECTION('',(0.,-1.,0.));
#2517=DIRECTION('',(0.,-1.,0.));
#2518=DIRECTION('',(0.,0.,-1.));
#2519=DIRECTION('',(0.,-1.,0.));
#2520=DIRECTION('',(0.,-1.,0.));
#2521=DIRECTION('',(0.817942038143902,0.,0.575300636395442));
#2522=DIRECTION('',(-0.575300636395442,0.,0.817942038143902));
#2523=DIRECTION('',(0.,-1.,0.));
#2524=DIRECTION('',(0.,1.,0.));
#2525=DIRECTION('',(0.,-1.,0.));
#2526=DIRECTION('',(0.,0.,-1.));
#2527=DIRECTION('',(0.,-1.,0.));
#2528=DIRECTION('',(0.,-1.,0.));
#2529=DIRECTION('',(0.,0.,-1.));
#2530=DIRECTION('',(1.,0.,0.));
#2531=DIRECTION('',(0.,-1.,0.));
#2532=DIRECTION('',(0.,-1.,0.));
#2533=DIRECTION('',(0.,-1.,0.));
#2534=DIRECTION('',(0.,0.,-1.));
#2535=DIRECTION('',(0.,-1.,0.));
#2536=DIRECTION('',(0.,-1.,0.));
#2537=DIRECTION('',(0.225801824583786,0.,-0.974173257698359));
#2538=DIRECTION('',(0.974173257698359,0.,0.225801824583786));
#2539=DIRECTION('',(0.,-1.,0.));
#2540=DIRECTION('',(0.,-1.,0.));
#2541=DIRECTION('',(0.817942038143901,0.,0.575300636395442));
#2542=DIRECTION('',(-0.575300636395442,0.,0.817942038143902));
#2543=DIRECTION('',(0.,-1.,0.));
#2544=DIRECTION('',(0.,-1.,0.));
#2545=DIRECTION('',(0.,-1.,0.));
#2546=DIRECTION('',(0.,0.,-1.));
#2547=DIRECTION('',(0.,-1.,0.));
#2548=DIRECTION('',(0.,-1.,0.));
#2549=DIRECTION('',(0.,0.,-1.));
#2550=DIRECTION('',(1.,0.,0.));
#2551=DIRECTION('',(0.,-1.,0.));
#2552=DIRECTION('',(0.,-1.,0.));
#2553=DIRECTION('',(0.,-1.,0.));
#2554=DIRECTION('',(0.,0.,-1.));
#2555=DIRECTION('',(0.,-1.,0.));
#2556=DIRECTION('',(0.,-1.,0.));
#2557=DIRECTION('',(0.,0.,-1.));
#2558=DIRECTION('',(1.,0.,0.));
#2559=DIRECTION('',(0.,1.,0.));
#2560=DIRECTION('',(0.,1.,0.));
#2561=DIRECTION('',(0.225801824583785,0.,-0.974173257698359));
#2562=DIRECTION('',(0.974173257698359,0.,0.225801824583785));
#2563=DIRECTION('',(0.,1.,0.));
#2564=DIRECTION('',(0.,1.,0.));
#2565=DIRECTION('',(0.,-1.,0.));
#2566=DIRECTION('',(0.,0.,-1.));
#2567=DIRECTION('',(0.,-1.,0.));
#2568=DIRECTION('',(0.,-1.,0.));
#2569=DIRECTION('',(-0.845648840277026,0.,-0.533739673378438));
#2570=DIRECTION('',(0.533739673378438,0.,-0.845648840277026));
#2571=DIRECTION('',(0.,-1.,0.));
#2572=DIRECTION('',(0.,-1.,0.));
#2573=DIRECTION('',(0.,-1.,0.));
#2574=DIRECTION('',(0.,0.,-1.));
#2575=DIRECTION('',(0.,-1.,0.));
#2576=DIRECTION('',(0.,-1.,0.));
#2577=DIRECTION('',(0.,0.,1.));
#2578=DIRECTION('',(-1.,0.,0.));
#2579=DIRECTION('',(0.,-1.,0.));
#2580=DIRECTION('',(0.,-1.,0.));
#2581=DIRECTION('',(0.642221655844037,0.,-0.766518978737607));
#2582=DIRECTION('',(0.766518978737607,0.,0.642221655844037));
#2583=DIRECTION('',(0.,-1.,0.));
#2584=DIRECTION('',(0.,-1.,0.));
#2585=DIRECTION('',(0.225801824583786,0.,-0.974173257698359));
#2586=DIRECTION('',(0.974173257698359,0.,0.225801824583786));
#2587=DIRECTION('',(0.,-1.,0.));
#2588=DIRECTION('',(0.,-1.,0.));
#2589=DIRECTION('',(0.412766291528378,0.,0.910836971459717));
#2590=DIRECTION('',(-0.910836971459717,0.,0.412766291528378));
#2591=DIRECTION('',(0.,-1.,0.));
#2592=DIRECTION('',(0.,-1.,0.));
#2593=DIRECTION('',(0.,-1.,0.));
#2594=DIRECTION('',(0.,0.,-1.));
#2595=DIRECTION('',(0.,-1.,0.));
#2596=DIRECTION('',(0.,-1.,0.));
#2597=DIRECTION('',(-0.829489212189691,0.,-0.55852273620769));
#2598=DIRECTION('',(0.55852273620769,0.,-0.829489212189691));
#2599=DIRECTION('',(0.,-1.,0.));
#2600=DIRECTION('',(0.,-1.,0.));
#2601=DIRECTION('',(-0.00627790707255517,0.,-0.999980293747226));
#2602=DIRECTION('',(0.999980293747226,0.,-0.00627790707255517));
#2603=DIRECTION('',(0.,-1.,0.));
#2604=DIRECTION('',(0.,-1.,0.));
#2605=DIRECTION('',(-0.986393923832144,0.,0.164398987305358));
#2606=DIRECTION('',(-0.164398987305358,0.,-0.986393923832144));
#2607=DIRECTION('',(0.,-1.,0.));
#2608=DIRECTION('',(0.,-1.,0.));
#2609=DIRECTION('',(-0.829489212189691,0.,-0.558522736207691));
#2610=DIRECTION('',(0.558522736207691,0.,-0.829489212189691));
#2611=DIRECTION('',(0.,1.,0.));
#2612=DIRECTION('',(0.,1.,0.));
#2613=DIRECTION('',(0.,-1.,0.));
#2614=DIRECTION('',(0.,0.,-1.));
#2615=DIRECTION('',(0.,-1.,0.));
#2616=DIRECTION('',(0.,-1.,0.));
#2617=DIRECTION('',(-0.986393923832144,0.,0.164398987305357));
#2618=DIRECTION('',(-0.164398987305357,0.,-0.986393923832144));
#2619=DIRECTION('',(0.,-1.,0.));
#2620=DIRECTION('',(0.,-1.,0.));
#2621=DIRECTION('',(-0.0062779070725726,0.,-0.999980293747226));
#2622=DIRECTION('',(0.999980293747226,0.,-0.0062779070725726));
#2623=DIRECTION('',(0.,-1.,0.));
#2624=DIRECTION('',(0.,1.,0.));
#2625=DIRECTION('',(0.,-1.,0.));
#2626=DIRECTION('',(0.,0.,-1.));
#2627=DIRECTION('',(0.,-1.,0.));
#2628=DIRECTION('',(0.,-1.,0.));
#2629=DIRECTION('',(0.225801824583785,0.,-0.974173257698359));
#2630=DIRECTION('',(0.974173257698359,0.,0.225801824583785));
#2631=DIRECTION('',(0.,-1.,0.));
#2632=DIRECTION('',(0.,-1.,0.));
#2633=DIRECTION('',(0.,-1.,0.));
#2634=DIRECTION('',(0.,0.,-1.));
#2635=DIRECTION('',(0.,-1.,0.));
#2636=DIRECTION('',(0.,0.,-1.));
#2637=DIRECTION('',(0.,-1.,0.));
#2638=DIRECTION('',(0.,0.,-1.));
#2639=DIRECTION('',(0.,-1.,0.));
#2640=DIRECTION('',(0.,0.,-1.));
#2641=DIRECTION('',(0.,1.,0.));
#2642=DIRECTION('',(0.,0.,1.));
#2643=DIRECTION('',(0.,-1.,0.));
#2644=DIRECTION('',(0.,0.,-1.));
#2645=DIRECTION('',(0.,-1.,0.));
#2646=DIRECTION('',(0.,0.,-1.));
#2647=DIRECTION('',(0.,-1.,0.));
#2648=DIRECTION('',(0.,0.,-1.));
#2649=DIRECTION('',(0.,-1.,0.));
#2650=DIRECTION('',(0.,0.,-1.));
#2651=DIRECTION('',(0.,-1.,0.));
#2652=DIRECTION('',(0.,0.,-1.));
#2653=DIRECTION('',(0.,-1.,0.));
#2654=DIRECTION('',(0.,0.,-1.));
#2655=DIRECTION('',(0.,1.,0.));
#2656=DIRECTION('',(0.,0.,1.));
#2657=DIRECTION('',(0.,-1.,0.));
#2658=DIRECTION('',(0.,0.,-1.));
#2659=DIRECTION('',(0.,1.,0.));
#2660=DIRECTION('',(0.,0.,1.));
#2661=DIRECTION('',(0.,-1.,0.));
#2662=DIRECTION('',(0.,0.,-1.));
#2663=DIRECTION('',(0.,1.,0.));
#2664=DIRECTION('',(0.,0.,1.));
#2665=DIRECTION('',(0.,-1.,0.));
#2666=DIRECTION('',(0.,0.,-1.));
#2667=DIRECTION('',(0.,-1.,0.));
#2668=DIRECTION('',(0.,0.,-1.));
#2669=DIRECTION('',(0.,-1.,0.));
#2670=DIRECTION('',(0.,0.,-1.));
#2671=DIRECTION('',(0.,-1.,0.));
#2672=DIRECTION('',(0.,0.,-1.));
#2673=DIRECTION('',(0.,-1.,0.));
#2674=DIRECTION('',(0.,0.,-1.));
#2675=DIRECTION('',(0.,-1.,0.));
#2676=DIRECTION('',(0.,0.,-1.));
#2677=DIRECTION('',(0.,-1.,0.));
#2678=DIRECTION('',(0.,0.,-1.));
#2679=DIRECTION('',(0.,-1.,0.));
#2680=DIRECTION('',(0.,0.,-1.));
#2681=DIRECTION('',(0.,-1.,0.));
#2682=DIRECTION('',(0.,0.,-1.));
#2683=DIRECTION('',(0.,-1.,0.));
#2684=DIRECTION('',(0.,0.,-1.));
#2685=DIRECTION('',(0.,-1.,0.));
#2686=DIRECTION('',(0.,0.,-1.));
#2687=DIRECTION('',(0.,-1.,0.));
#2688=DIRECTION('',(0.,0.,-1.));
#2689=DIRECTION('',(0.,-1.,0.));
#2690=DIRECTION('',(0.,0.,-1.));
#2691=DIRECTION('',(0.,-1.,0.));
#2692=DIRECTION('',(0.,0.,-1.));
#2693=DIRECTION('',(0.,-1.,0.));
#2694=DIRECTION('',(0.,0.,-1.));
#2695=DIRECTION('',(0.,-1.,0.));
#2696=DIRECTION('',(0.,0.,-1.));
#2697=DIRECTION('',(0.,-1.,0.));
#2698=DIRECTION('',(0.,0.,-1.));
#2699=DIRECTION('',(0.,-1.,0.));
#2700=DIRECTION('',(0.,0.,-1.));
#2701=DIRECTION('',(0.,-1.,0.));
#2702=DIRECTION('',(0.,0.,-1.));
#2703=DIRECTION('',(0.,-1.,0.));
#2704=DIRECTION('',(0.,0.,-1.));
#2705=DIRECTION('',(0.,-1.,0.));
#2706=DIRECTION('',(0.,0.,-1.));
#2707=DIRECTION('',(0.,-1.,0.));
#2708=DIRECTION('',(0.,0.,-1.));
#2709=DIRECTION('',(0.,-1.,0.));
#2710=DIRECTION('',(1.,0.,0.));
#2711=DIRECTION('',(0.,-1.,0.));
#2712=DIRECTION('',(-1.,0.,0.));
#2713=DIRECTION('',(0.,-1.,0.));
#2714=DIRECTION('',(-1.,0.,0.));
#2715=CARTESIAN_POINT('',(0.,0.,0.));
#2716=CARTESIAN_POINT('',(-0.0179495552032005,0.033,0.0746463781758702));
#2717=CARTESIAN_POINT('',(-0.0244297559920177,0.033,0.094516216896575));
#2718=CARTESIAN_POINT('',(-0.0283622366890236,0.033,0.0962983091092009));
#2719=CARTESIAN_POINT('',(-0.0205855787781836,0.033,0.0927741413965113));
#2720=CARTESIAN_POINT('',(-0.0208332969634307,0.033,0.0922275103215983));
#2721=CARTESIAN_POINT('',(-0.0208168904107461,0.033,0.0916275931136506));
#2722=CARTESIAN_POINT('',(-0.0229999765540613,0.033,0.0828963769961294));
#2723=CARTESIAN_POINT('',(-0.0257798868930026,0.033,0.0914562892916756));
#2724=CARTESIAN_POINT('',(-0.0260887658195517,0.033,0.0924073906578475));
#2725=CARTESIAN_POINT('',(-0.0269182550317414,0.033,0.0918488679216398));
#2726=CARTESIAN_POINT('',(-0.0280592838738522,0.033,0.0935434652119034));
#2727=CARTESIAN_POINT('',(-0.0293160781928636,0.033,0.0954099914282571));
#2728=CARTESIAN_POINT('',(-0.0286537408545472,0.033,0.0956550570395846));
#2729=CARTESIAN_POINT('',(-0.00949268520585135,0.033,0.0811463769961292));
#2730=CARTESIAN_POINT('',(-0.0133855342925466,0.033,0.0811463769961292));
#2731=CARTESIAN_POINT('',(-0.00756425316294349,0.033,0.0811463769961292));
#2732=CARTESIAN_POINT('',(-0.00756425316294349,0.033,0.0801463769961292));
#2733=CARTESIAN_POINT('',(-0.00692203150709946,0.033,0.0793798580173916));
#2734=CARTESIAN_POINT('',(-0.00789768306428779,0.033,0.078562416341497));
#2735=CARTESIAN_POINT('',(-0.0107983787741374,0.033,0.0761320921700755));
#2736=CARTESIAN_POINT('',(-0.0114406004299815,0.033,0.0768986111488131));
#2737=CARTESIAN_POINT('',(-0.0112147986053977,0.033,0.0759244378911147));
#2738=CARTESIAN_POINT('',(-0.0161158635167453,0.033,0.074788429085042));
#2739=CARTESIAN_POINT('',(-0.0156605309837932,0.033,0.0748939697739497));
#2740=CARTESIAN_POINT('',(-0.0158863328083769,0.033,0.0758681430316481));
#2741=CARTESIAN_POINT('',(-0.0165976971829453,0.033,0.0765709664280962));
#2742=CARTESIAN_POINT('',(-0.0229999765540613,0.033,0.0828963769961292));
#2743=CARTESIAN_POINT('',(-0.014346978518698,0.033,0.0804213769961292));
#2744=CARTESIAN_POINT('',(-0.0133855342925466,0.033,0.0801463769961292));
#2745=CARTESIAN_POINT('',(-0.0114999882770306,0.033,0.0508963793556104));
#2746=CARTESIAN_POINT('',(-0.006,0.033,0.0508963793556104));
#2747=CARTESIAN_POINT('',(-0.0169999765540613,0.033,0.0508963793556104));
#2748=CARTESIAN_POINT('',(-0.0169999765540613,0.033,0.0518963793556104));
#2749=CARTESIAN_POINT('',(-0.0175999765540613,0.033,0.0526963793556104));
#2750=CARTESIAN_POINT('',(-0.0229999765540613,0.033,0.0598963793556104));
#2751=CARTESIAN_POINT('',(-0.014346978518698,0.033,0.0574213793556104));
#2752=CARTESIAN_POINT('',(-0.0133855342925466,0.033,0.0571463793556104));
#2753=CARTESIAN_POINT('',(-0.0133855342925466,0.033,0.0581463793556104));
#2754=CARTESIAN_POINT('',(-0.0114999882770306,0.033,0.0581463793556104));
#2755=CARTESIAN_POINT('',(-0.00961444226151464,0.033,0.0581463793556104));
#2756=CARTESIAN_POINT('',(-0.00961444226151464,0.033,0.0571463793556104));
#2757=CARTESIAN_POINT('',(-0.00865299803536317,0.033,0.0574213793556104));
#2758=CARTESIAN_POINT('',(5.55111512312578E-17,0.033,0.0598963793556104));
#2759=CARTESIAN_POINT('',(-0.0054,0.033,0.0526963793556104));
#2760=CARTESIAN_POINT('',(-0.006,0.033,0.0518963793556104));
#2761=CARTESIAN_POINT('',(-0.0114999882770306,0.033,0.0616463793556104));
#2762=CARTESIAN_POINT('',(-0.00961444226151464,0.033,0.0616463793556104));
#2763=CARTESIAN_POINT('',(-0.0133855342925466,0.033,0.0616463793556104));
#2764=CARTESIAN_POINT('',(-0.0133855342925466,0.033,0.0626463793556104));
#2765=CARTESIAN_POINT('',(-0.014346978518698,0.033,0.0623713793556104));
#2766=CARTESIAN_POINT('',(-0.0229999765540613,0.033,0.0598963793556104));
#2767=CARTESIAN_POINT('',(-0.0205249765540613,0.033,0.0685493773909736));
#2768=CARTESIAN_POINT('',(-0.020284708587386,0.033,0.0693607329958065));
#2769=CARTESIAN_POINT('',(-0.020475778378645,0.033,0.0701850623888116));
#2770=CARTESIAN_POINT('',(-0.0160909809700541,0.033,0.0712014065015923));
#2771=CARTESIAN_POINT('',(-0.0115881999649641,0.033,0.0722450978148323));
#2772=CARTESIAN_POINT('',(-0.0113623981403803,0.033,0.0712709245571339));
#2773=CARTESIAN_POINT('',(-0.0105444561022364,0.033,0.0718462251935294));
#2774=CARTESIAN_POINT('',(-0.0087211327838457,0.033,0.0692538887751586));
#2775=CARTESIAN_POINT('',(-0.0069625933183884,0.033,0.0667536597409186));
#2776=CARTESIAN_POINT('',(-0.0077805353565323,0.033,0.0661783591045231));
#2777=CARTESIAN_POINT('',(-0.00700248182087907,0.033,0.0655501611296319));
#2778=CARTESIAN_POINT('',(1.04083408558608E-16,0.033,0.0598963793556104));
#2779=CARTESIAN_POINT('',(-0.00865299803536317,0.033,0.0623713793556104));
#2780=CARTESIAN_POINT('',(-0.00961444226151464,0.033,0.0626463793556104));
#2781=CARTESIAN_POINT('',(-0.0229999765540613,0.033,0.0828963769961292));
#2782=CARTESIAN_POINT('',(-0.0229999765540613,0.033,0.0758963769961292));
#2783=CARTESIAN_POINT('',(-0.0229999765540613,0.033,0.0598963793556104));
#2784=CARTESIAN_POINT('',(-0.0229999765540613,0.033,0.0528963793556104));
#2785=CARTESIAN_POINT('',(6.24500451351651E-17,0.033,0.0598963793556104));
#2786=CARTESIAN_POINT('',(6.24500451351651E-17,0.033,0.0528963793556104));
#2787=CARTESIAN_POINT('',(-0.0098928729286385,0.033,0.0879285008722282));
#2788=CARTESIAN_POINT('',(-0.0155517683530329,0.033,0.0904929568085422));
#2789=CARTESIAN_POINT('',(-0.00686690196914183,0.033,0.0865572139675889));
#2790=CARTESIAN_POINT('',(-0.00727966826067022,0.033,0.0856463769961292));
#2791=CARTESIAN_POINT('',(-0.00727966826067023,0.033,0.0846463769961292));
#2792=CARTESIAN_POINT('',(-0.00888431420252056,0.033,0.0846463769961292));
#2793=CARTESIAN_POINT('',(-0.0133855342925466,0.033,0.0846463769961292));
#2794=CARTESIAN_POINT('',(-0.0133855342925466,0.033,0.0856463769961292));
#2795=CARTESIAN_POINT('',(-0.014346978518698,0.033,0.0853713769961292));
#2796=CARTESIAN_POINT('',(-0.0229999765540612,0.033,0.0828963769961292));
#2797=CARTESIAN_POINT('',(-0.0165300646620131,0.033,0.0891525931136506));
#2798=CARTESIAN_POINT('',(-0.0159015673170072,0.033,0.0897210676414633));
#2799=CARTESIAN_POINT('',(-0.0395455522493898,0.033,0.0835539729453515));
#2800=CARTESIAN_POINT('',(-0.0370455522493898,0.033,0.0985539729453515));
#2801=CARTESIAN_POINT('',(-0.0420455522493898,0.033,0.0685539729453515));
#2802=CARTESIAN_POINT('',(-0.0380999765540613,0.033,0.0678963769961301));
#2803=CARTESIAN_POINT('',(-0.0370511192763609,0.033,0.071756415650213));
#2804=CARTESIAN_POINT('',(-0.0367889049569358,0.033,0.0727214253137338));
#2805=CARTESIAN_POINT('',(-0.037775298880768,0.033,0.0728858243010391));
#2806=CARTESIAN_POINT('',(-0.0371626381615102,0.033,0.0765617886165859));
#2807=CARTESIAN_POINT('',(-0.0365246966329719,0.033,0.0803894377878158));
#2808=CARTESIAN_POINT('',(-0.0355383027091397,0.033,0.0802250388005104));
#2809=CARTESIAN_POINT('',(-0.0355320248020671,0.033,0.0812250190942577));
#2810=CARTESIAN_POINT('',(-0.0362443504573493,0.033,0.0812294910966533));
#2811=CARTESIAN_POINT('',(-0.0326252156883235,0.033,0.0812067700571437));
#2812=CARTESIAN_POINT('',(-0.032631493595396,0.033,0.0802067897633965));
#2813=CARTESIAN_POINT('',(-0.0316683418912626,0.033,0.0804757484866698));
#2814=CARTESIAN_POINT('',(-0.0229999765540613,0.033,0.0828963769961292));
#2815=CARTESIAN_POINT('',(-0.0254749765540612,0.033,0.074243378960766));
#2816=CARTESIAN_POINT('',(-0.0257152445207366,0.033,0.0734320233559331));
#2817=CARTESIAN_POINT('',(-0.0255241747294775,0.033,0.072607693962928));
#2818=CARTESIAN_POINT('',(-0.0298705640936578,0.033,0.0716002523799983));
#2819=CARTESIAN_POINT('',(-0.0344271543865068,0.033,0.0705440887110869));
#2820=CARTESIAN_POINT('',(-0.0346529562110906,0.033,0.0715182619687852));
#2821=CARTESIAN_POINT('',(-0.0353423602796847,0.033,0.0707938849742542));
#2822=CARTESIAN_POINT('',(-0.0380999765540613,0.033,0.0678963769961301));
#2823=CARTESIAN_POINT('',(-0.034348832251516,0.033,0.0665075226403814));
#2824=CARTESIAN_POINT('',(-0.0334110461758797,0.033,0.0661603090514443));
#2825=CARTESIAN_POINT('',(-0.0336368480004635,0.033,0.0671344823091426));
#2826=CARTESIAN_POINT('',(-0.0294754109006363,0.033,0.0680990541474743));
#2827=CARTESIAN_POINT('',(-0.0303394221243294,0.033,0.0678987865777899));
#2828=CARTESIAN_POINT('',(-0.0301136202997456,0.033,0.0669246133200915));
#2829=CARTESIAN_POINT('',(-0.0294022559251735,0.033,0.0662217899236472));
#2830=CARTESIAN_POINT('',(-0.0229999765540613,0.033,0.0598963793556104));
#2831=CARTESIAN_POINT('',(-0.0319707677920849,0.033,0.0606208823326908));
#2832=CARTESIAN_POINT('',(-0.0329675223740876,0.033,0.0607013826634775));
#2833=CARTESIAN_POINT('',(-0.0338131712143645,0.033,0.0601676429900991));
#2834=CARTESIAN_POINT('',(-0.0335356010760307,0.033,0.0597278651783959));
#2835=CARTESIAN_POINT('',(-0.035867479625715,0.033,0.0634224572980438));
#2836=CARTESIAN_POINT('',(-0.0350218307854381,0.033,0.0639561969714223));
#2837=CARTESIAN_POINT('',(-0.0356374599391627,0.033,0.0647442329763638));
#2838=CARTESIAN_POINT('',(-0.0380999765540613,0.033,0.0678963769961301));
#2839=CARTESIAN_POINT('',(-0.0414825719151694,0.033,0.0657614183026163));
#2840=CARTESIAN_POINT('',(-0.0375595060526785,0.033,0.0595457737432631));
#2841=CARTESIAN_POINT('',(-0.0336364401901878,0.033,0.0533301291839097));
#2842=CARTESIAN_POINT('',(-0.0229999765540613,0.033,0.0598963793556104));
#2843=CARTESIAN_POINT('',(-0.0229999765540613,0.033,0.0473963793556104));
#2844=CARTESIAN_POINT('',(-0.0114999882770306,0.033,0.0473963793556104));
#2845=CARTESIAN_POINT('',(6.24500451351651E-17,0.033,0.0473963793556104));
#2846=CARTESIAN_POINT('',(6.24500451351651E-17,0.033,0.0598963793556104));
#2847=CARTESIAN_POINT('',(0.0116139699532407,0.033,0.0645186841838562));
#2848=CARTESIAN_POINT('',(0.00769999319086351,0.033,0.074352914120003));
#2849=CARTESIAN_POINT('',(0.0037860164284843,0.033,0.0841871440561549));
#2850=CARTESIAN_POINT('',(3.46944695195361E-17,0.033,0.0828963769961301));
#2851=CARTESIAN_POINT('',(0.00109617941441236,0.033,0.0790495093494054));
#2852=CARTESIAN_POINT('',(0.00137022426801546,0.033,0.0780877924377242));
#2853=CARTESIAN_POINT('',(0.00229934186427472,0.033,0.0784575768239839));
#2854=CARTESIAN_POINT('',(0.00514485214628772,0.033,0.0713079681017313));
#2855=CARTESIAN_POINT('',(0.00614335204877534,0.033,0.0687991444095028));
#2856=CARTESIAN_POINT('',(0.00521423445251609,0.033,0.0684293600232432));
#2857=CARTESIAN_POINT('',(0.00469281100726449,0.033,0.0675760619564799));
#2858=CARTESIAN_POINT('',(6.24500451351651E-17,0.033,0.0598963793556104));
#2859=CARTESIAN_POINT('',(-0.00295366873206675,0.033,0.0683978992797893));
#2860=CARTESIAN_POINT('',(-0.00328185414674085,0.033,0.0693425126046981));
#2861=CARTESIAN_POINT('',(-0.00409979618488474,0.033,0.0687672119683026));
#2862=CARTESIAN_POINT('',(-0.00573483456434241,0.033,0.0710918515392171));
#2863=CARTESIAN_POINT('',(-0.00729351269844822,0.033,0.0733079248218903));
#2864=CARTESIAN_POINT('',(-0.00647557066030431,0.033,0.0738832254582857));
#2865=CARTESIAN_POINT('',(-0.00711779231614834,0.033,0.0746497444370233));
#2866=CARTESIAN_POINT('',(-0.00472768504695102,0.033,0.0766522762603016));
#2867=CARTESIAN_POINT('',(-0.00207695989220874,0.033,0.0788731646470049));
#2868=CARTESIAN_POINT('',(-0.0014347382363647,0.033,0.0781066456682673));
#2869=CARTESIAN_POINT('',(-0.00114779058909174,0.033,0.0790645919338399));
#2870=CARTESIAN_POINT('',(3.46944695195361E-17,0.033,0.0828963769961301));
#2871=CARTESIAN_POINT('',(0.00165106516611345,0.033,0.0865397248819687));
#2872=CARTESIAN_POINT('',(-0.0232546196510193,0.033,0.0978262969931856));
#2873=CARTESIAN_POINT('',(-0.0314489113879478,0.033,0.101539724881969));
#2874=CARTESIAN_POINT('',(-0.0330999765540612,0.033,0.0978963769961304));
#2875=CARTESIAN_POINT('',(-0.033059019028986,0.033,0.093896586691484));
#2876=CARTESIAN_POINT('',(-0.0330487796477172,0.033,0.0928966391153225));
#2877=CARTESIAN_POINT('',(-0.0322192904355275,0.033,0.0934551618515302));
#2878=CARTESIAN_POINT('',(-0.0309624961165161,0.033,0.0915886356351765));
#2879=CARTESIAN_POINT('',(-0.0298214672744053,0.033,0.0898940383449128));
#2880=CARTESIAN_POINT('',(-0.030650956486595,0.033,0.0893355156087052));
#2881=CARTESIAN_POINT('',(-0.0298858584933416,0.033,0.0886916017474476));
#2882=CARTESIAN_POINT('',(-0.0229999765540613,0.033,0.0828963769961292));
#2883=CARTESIAN_POINT('',(-0.0316372662512534,0.033,0.0854256509407186));
#2884=CARTESIAN_POINT('',(-0.0325969651064969,0.033,0.0857066813790063));
#2885=CARTESIAN_POINT('',(-0.0326032430135695,0.033,0.0847067010852591));
#2886=CARTESIAN_POINT('',(-0.0338094220038147,0.033,0.0847142735140969));
#2887=CARTESIAN_POINT('',(-0.0346288540450592,0.033,0.0847194179336814));
#2888=CARTESIAN_POINT('',(-0.0346225761379867,0.033,0.0857193982274286));
#2889=CARTESIAN_POINT('',(-0.0356089700618188,0.033,0.0858837972147339));
#2890=CARTESIAN_POINT('',(-0.0350237088704446,0.033,0.0893953643629795));
#2891=CARTESIAN_POINT('',(-0.0344110481511868,0.033,0.0930713286785262));
#2892=CARTESIAN_POINT('',(-0.0334246542273546,0.033,0.0929069296912209));
#2893=CARTESIAN_POINT('',(-0.0333597186926959,0.033,0.0939048191522027));
#2894=CARTESIAN_POINT('',(-0.0330999765540612,0.033,0.0978963769961304));
#2895=CARTESIAN_POINT('',(-0.0179495552032005,0.037,0.0746463781758702));
#2896=CARTESIAN_POINT('',(-0.0161507731015454,0.037,0.0758575581243179));
#2897=CARTESIAN_POINT('',(-0.0269182550317414,0.037,0.0918488679216398));
#2898=CARTESIAN_POINT('',(-0.0293160781928636,0.037,0.0954099914282571));
#2899=CARTESIAN_POINT('',(-0.0260887658195517,0.037,0.0924073906578475));
#2900=CARTESIAN_POINT('',(-0.0257798868930026,0.037,0.0914562892916756));
#2901=CARTESIAN_POINT('',(-0.0229999765540613,0.037,0.0828963769961294));
#2902=CARTESIAN_POINT('',(-0.0208168904107461,0.037,0.0916275931136506));
#2903=CARTESIAN_POINT('',(-0.0208332969634307,0.037,0.0922275103215983));
#2904=CARTESIAN_POINT('',(-0.0205855787781836,0.037,0.0927741413965113));
#2905=CARTESIAN_POINT('',(-0.0115833057877578,0.037,0.088694558601767));
#2906=CARTESIAN_POINT('',(-0.0283622366890236,0.037,0.0962983091092009));
#2907=CARTESIAN_POINT('',(-0.0286537408545472,0.037,0.0956550570395846));
#2908=CARTESIAN_POINT('',(-0.017097002314586,0.037,0.0709682226676383));
#2909=CARTESIAN_POINT('',(-0.0303394221243294,0.037,0.0678987865777899));
#2910=CARTESIAN_POINT('',(-0.0336368480004635,0.037,0.0671344823091426));
#2911=CARTESIAN_POINT('',(-0.0334110461758797,0.037,0.0661603090514443));
#2912=CARTESIAN_POINT('',(-0.034348832251516,0.037,0.0665075226403814));
#2913=CARTESIAN_POINT('',(-0.0380999765540613,0.037,0.0678963769961301));
#2914=CARTESIAN_POINT('',(-0.0356374599391627,0.037,0.0647442329763638));
#2915=CARTESIAN_POINT('',(-0.0350218307854381,0.037,0.0639561969714223));
#2916=CARTESIAN_POINT('',(-0.035867479625715,0.037,0.0634224572980438));
#2917=CARTESIAN_POINT('',(-0.0358290442551384,0.037,0.0633615608944694));
#2918=CARTESIAN_POINT('',(-0.0338131712143645,0.037,0.0601676429900991));
#2919=CARTESIAN_POINT('',(-0.0329675223740876,0.037,0.0607013826634775));
#2920=CARTESIAN_POINT('',(-0.0319707677920849,0.037,0.0606208823326908));
#2921=CARTESIAN_POINT('',(-0.0229999765540613,0.037,0.0598963793556104));
#2922=CARTESIAN_POINT('',(-0.0294022559251735,0.037,0.0662217899236472));
#2923=CARTESIAN_POINT('',(-0.0301136202997456,0.037,0.0669246133200915));
#2924=CARTESIAN_POINT('',(1.04083408558608E-16,0.037,0.0598963793556104));
#2925=CARTESIAN_POINT('',(-0.00865299803536317,0.037,0.0623713793556104));
#2926=CARTESIAN_POINT('',(-0.00700248182087907,0.037,0.0655501611296319));
#2927=CARTESIAN_POINT('',(-0.0077805353565323,0.037,0.0661783591045231));
#2928=CARTESIAN_POINT('',(-0.0069625933183884,0.037,0.0667536597409186));
#2929=CARTESIAN_POINT('',(-0.0143129750384138,0.037,0.0772041717425786));
#2930=CARTESIAN_POINT('',(-0.0105444561022364,0.037,0.0718462251935294));
#2931=CARTESIAN_POINT('',(-0.0113623981403803,0.037,0.0712709245571339));
#2932=CARTESIAN_POINT('',(-0.0115881999649641,0.037,0.0722450978148323));
#2933=CARTESIAN_POINT('',(-0.017097002314586,0.037,0.0709682226676383));
#2934=CARTESIAN_POINT('',(-0.020475778378645,0.037,0.0701850623888116));
#2935=CARTESIAN_POINT('',(-0.020284708587386,0.037,0.0693607329958065));
#2936=CARTESIAN_POINT('',(-0.0205249765540613,0.037,0.0685493773909736));
#2937=CARTESIAN_POINT('',(-0.0229999765540613,0.037,0.0598963793556104));
#2938=CARTESIAN_POINT('',(-0.014346978518698,0.037,0.0623713793556104));
#2939=CARTESIAN_POINT('',(-0.0133855342925466,0.037,0.0626463793556104));
#2940=CARTESIAN_POINT('',(-0.0133855342925466,0.037,0.0616463793556104));
#2941=CARTESIAN_POINT('',(-0.0179495552032005,0.037,0.0616463793556104));
#2942=CARTESIAN_POINT('',(-0.00961444226151464,0.037,0.0616463793556104));
#2943=CARTESIAN_POINT('',(-0.00961444226151464,0.037,0.0626463793556104));
#2944=CARTESIAN_POINT('',(1.7347234759768E-16,0.037,0.0828963769961301));
#2945=CARTESIAN_POINT('',(1.7347234759768E-16,0.037,0.08074637699613));
#2946=CARTESIAN_POINT('',(-0.0330999765540613,0.037,0.0978963769961301));
#2947=CARTESIAN_POINT('',(-0.0330999765540613,0.037,0.0957463769961301));
#2948=CARTESIAN_POINT('',(-0.0380999765540612,0.037,0.0678963769961301));
#2949=CARTESIAN_POINT('',(-0.0380999765540612,0.037,0.0657463769961301));
#2950=CARTESIAN_POINT('',(-0.0229999765540613,0.037,0.0828963769961292));
#2951=CARTESIAN_POINT('',(-0.0229999765540613,0.037,0.0758963769961292));
#2952=CARTESIAN_POINT('',(-0.0229999765540613,0.037,0.0598963793556104));
#2953=CARTESIAN_POINT('',(-0.0229999765540613,0.037,0.0528963793556104));
#2954=CARTESIAN_POINT('',(6.24500451351651E-17,0.037,0.0598963793556104));
#2955=CARTESIAN_POINT('',(6.24500451351651E-17,0.037,0.0528963793556104));
#2956=CARTESIAN_POINT('',(0.00769999319086351,0.037,0.074352914120003));
#2957=CARTESIAN_POINT('',(0.00363755881489751,0.037,0.084560157591089));
#2958=CARTESIAN_POINT('',(0.0116139699532407,0.037,0.0645186841838562));
#2959=CARTESIAN_POINT('',(6.24500451351651E-17,0.037,0.0598963793556104));
#2960=CARTESIAN_POINT('',(6.24500451351651E-17,0.037,0.0473963793556104));
#2961=CARTESIAN_POINT('',(-0.0114999882770306,0.037,0.0473963793556104));
#2962=CARTESIAN_POINT('',(-0.0229999765540613,0.037,0.0473963793556104));
#2963=CARTESIAN_POINT('',(-0.0229999765540613,0.037,0.0598963793556104));
#2964=CARTESIAN_POINT('',(-0.0336364401901878,0.037,0.0533301291839097));
#2965=CARTESIAN_POINT('',(-0.0375595060526785,0.037,0.0595457737432631));
#2966=CARTESIAN_POINT('',(-0.0414825719151694,0.037,0.0657614183026163));
#2967=CARTESIAN_POINT('',(-0.0380999765540613,0.037,0.0678963769961301));
#2968=CARTESIAN_POINT('',(-0.0420455522493899,0.037,0.0685539729453515));
#2969=CARTESIAN_POINT('',(-0.0395455522493898,0.037,0.0835539729453515));
#2970=CARTESIAN_POINT('',(-0.0370455522493898,0.037,0.0985539729453515));
#2971=CARTESIAN_POINT('',(-0.0330999765540613,0.037,0.0978963769961301));
#2972=CARTESIAN_POINT('',(-0.0314489113879478,0.037,0.101539724881969));
#2973=CARTESIAN_POINT('',(-0.0232546196510193,0.037,0.0978262969931856));
#2974=CARTESIAN_POINT('',(0.00165106516611351,0.037,0.086539724881969));
#2975=CARTESIAN_POINT('',(3.46944695195361E-17,0.037,0.0828963769961301));
#2976=CARTESIAN_POINT('',(-0.0229999765540612,0.037,0.0828963769961292));
#2977=CARTESIAN_POINT('',(-0.0165300646620131,0.037,0.0891525931136506));
#2978=CARTESIAN_POINT('',(-0.014346978518698,0.037,0.0853713769961292));
#2979=CARTESIAN_POINT('',(-0.0133855342925466,0.037,0.0856463769961292));
#2980=CARTESIAN_POINT('',(-0.0133855342925466,0.037,0.0846463769961292));
#2981=CARTESIAN_POINT('',(-0.0179495552032005,0.037,0.0846463769961292));
#2982=CARTESIAN_POINT('',(-0.00727966826067023,0.037,0.0846463769961292));
#2983=CARTESIAN_POINT('',(-0.00727966826067022,0.037,0.0856463769961292));
#2984=CARTESIAN_POINT('',(-0.00686690196914182,0.037,0.0865572139675889));
#2985=CARTESIAN_POINT('',(-0.0115833057877578,0.037,0.088694558601767));
#2986=CARTESIAN_POINT('',(-0.0155517683530329,0.037,0.0904929568085422));
#2987=CARTESIAN_POINT('',(-0.0159015673170072,0.037,0.0897210676414633));
#2988=CARTESIAN_POINT('',(-0.0134836662931154,0.037,0.0693161490013104));
#2989=CARTESIAN_POINT('',(-0.00207695989220873,0.037,0.0788731646470049));
#2990=CARTESIAN_POINT('',(-0.00711779231614834,0.037,0.0746497444370233));
#2991=CARTESIAN_POINT('',(-0.00647557066030431,0.037,0.0738832254582857));
#2992=CARTESIAN_POINT('',(-0.00729351269844822,0.037,0.0733079248218903));
#2993=CARTESIAN_POINT('',(-0.0114501779049101,0.037,0.0792177239699627));
#2994=CARTESIAN_POINT('',(-0.00409979618488474,0.037,0.0687672119683026));
#2995=CARTESIAN_POINT('',(-0.00328185414674085,0.037,0.0693425126046981));
#2996=CARTESIAN_POINT('',(-0.00295366873206675,0.037,0.0683978992797893));
#2997=CARTESIAN_POINT('',(6.24500451351651E-17,0.037,0.0598963793556104));
#2998=CARTESIAN_POINT('',(0.00469281100726449,0.037,0.0675760619564799));
#2999=CARTESIAN_POINT('',(0.00521423445251609,0.037,0.0684293600232432));
#3000=CARTESIAN_POINT('',(0.00614335204877534,0.037,0.0687991444095028));
#3001=CARTESIAN_POINT('',(0.000839923349811242,0.037,0.0821245013142526));
#3002=CARTESIAN_POINT('',(0.00229934186427472,0.037,0.0784575768239839));
#3003=CARTESIAN_POINT('',(0.00137022426801546,0.037,0.0780877924377242));
#3004=CARTESIAN_POINT('',(0.00109617941441236,0.037,0.0790495093494055));
#3005=CARTESIAN_POINT('',(3.46944695195361E-17,0.037,0.0828963769961301));
#3006=CARTESIAN_POINT('',(-0.00114779058909173,0.037,0.0790645919338399));
#3007=CARTESIAN_POINT('',(-0.0014347382363647,0.037,0.0781066456682673));
#3008=CARTESIAN_POINT('',(5.55111512312578E-17,0.037,0.0598963793556104));
#3009=CARTESIAN_POINT('',(-0.0054,0.037,0.0526963793556104));
#3010=CARTESIAN_POINT('',(-0.00865299803536317,0.037,0.0574213793556104));
#3011=CARTESIAN_POINT('',(-0.00961444226151464,0.037,0.0571463793556104));
#3012=CARTESIAN_POINT('',(-0.00961444226151464,0.037,0.0581463793556104));
#3013=CARTESIAN_POINT('',(-0.0179495552032005,0.037,0.0581463793556104));
#3014=CARTESIAN_POINT('',(-0.0133855342925466,0.037,0.0581463793556104));
#3015=CARTESIAN_POINT('',(-0.0133855342925466,0.037,0.0571463793556104));
#3016=CARTESIAN_POINT('',(-0.014346978518698,0.037,0.0574213793556104));
#3017=CARTESIAN_POINT('',(-0.0229999765540613,0.037,0.0598963793556104));
#3018=CARTESIAN_POINT('',(-0.0175999765540613,0.037,0.0526963793556104));
#3019=CARTESIAN_POINT('',(-0.0169999765540613,0.037,0.0518963793556104));
#3020=CARTESIAN_POINT('',(-0.0169999765540613,0.037,0.0508963793556104));
#3021=CARTESIAN_POINT('',(-0.0179495552032005,0.037,0.0508963793556104));
#3022=CARTESIAN_POINT('',(-0.006,0.037,0.0508963793556104));
#3023=CARTESIAN_POINT('',(-0.006,0.037,0.0518963793556104));
#3024=CARTESIAN_POINT('',(-0.0229999765540613,0.037,0.0828963769961292));
#3025=CARTESIAN_POINT('',(-0.014346978518698,0.037,0.0804213769961292));
#3026=CARTESIAN_POINT('',(-0.0165976971829453,0.037,0.0765709664280962));
#3027=CARTESIAN_POINT('',(-0.0158863328083769,0.037,0.0758681430316481));
#3028=CARTESIAN_POINT('',(-0.0156605309837932,0.037,0.0748939697739497));
#3029=CARTESIAN_POINT('',(-0.0178873087006293,0.037,0.0743778290695825));
#3030=CARTESIAN_POINT('',(-0.0112147986053977,0.037,0.0759244378911147));
#3031=CARTESIAN_POINT('',(-0.0114406004299815,0.037,0.0768986111488131));
#3032=CARTESIAN_POINT('',(-0.0107983787741374,0.037,0.0761320921700755));
#3033=CARTESIAN_POINT('',(-0.0157314420885695,0.037,0.071998965426892));
#3034=CARTESIAN_POINT('',(-0.00692203150709946,0.037,0.0793798580173916));
#3035=CARTESIAN_POINT('',(-0.00756425316294349,0.037,0.0801463769961292));
#3036=CARTESIAN_POINT('',(-0.00756425316294349,0.037,0.0811463769961292));
#3037=CARTESIAN_POINT('',(-0.0179495552032005,0.037,0.0811463769961292));
#3038=CARTESIAN_POINT('',(-0.0133855342925466,0.037,0.0811463769961292));
#3039=CARTESIAN_POINT('',(-0.0133855342925466,0.037,0.0801463769961292));
#3040=CARTESIAN_POINT('',(-0.0229999765540613,0.037,0.0828963769961292));
#3041=CARTESIAN_POINT('',(-0.0316372662512534,0.037,0.0854256509407186));
#3042=CARTESIAN_POINT('',(-0.0298858584933416,0.037,0.0886916017474476));
#3043=CARTESIAN_POINT('',(-0.030650956486595,0.037,0.0893355156087052));
#3044=CARTESIAN_POINT('',(-0.0298214672744053,0.037,0.0898940383449128));
#3045=CARTESIAN_POINT('',(-0.0190539853442093,0.037,0.073902728547591));
#3046=CARTESIAN_POINT('',(-0.0322192904355275,0.037,0.0934551618515302));
#3047=CARTESIAN_POINT('',(-0.0330487796477172,0.037,0.0928966391153225));
#3048=CARTESIAN_POINT('',(-0.033059019028986,0.037,0.093896586691484));
#3049=CARTESIAN_POINT('',(-0.0330999765540612,0.037,0.0978963769961304));
#3050=CARTESIAN_POINT('',(-0.0333597186926959,0.037,0.0939048191522027));
#3051=CARTESIAN_POINT('',(-0.0334246542273546,0.037,0.0929069296912209));
#3052=CARTESIAN_POINT('',(-0.0344110481511868,0.037,0.0930713286785262));
#3053=CARTESIAN_POINT('',(-0.0369539727476178,0.037,0.0778137810999398));
#3054=CARTESIAN_POINT('',(-0.0356089700618188,0.037,0.0858837972147339));
#3055=CARTESIAN_POINT('',(-0.0346225761379867,0.037,0.0857193982274286));
#3056=CARTESIAN_POINT('',(-0.0346288540450592,0.037,0.0847194179336814));
#3057=CARTESIAN_POINT('',(-0.01788697620832,0.037,0.0846143119091564));
#3058=CARTESIAN_POINT('',(-0.0326032430135695,0.037,0.0847067010852591));
#3059=CARTESIAN_POINT('',(-0.0325969651064969,0.037,0.0857066813790063));
#3060=CARTESIAN_POINT('',(-0.0380999765540613,0.037,0.0678963769961301));
#3061=CARTESIAN_POINT('',(-0.0370511192763609,0.037,0.071756415650213));
#3062=CARTESIAN_POINT('',(-0.0353423602796847,0.037,0.0707938849742542));
#3063=CARTESIAN_POINT('',(-0.0346529562110906,0.037,0.0715182619687852));
#3064=CARTESIAN_POINT('',(-0.0344271543865068,0.037,0.0705440887110869));
#3065=CARTESIAN_POINT('',(-0.0178873087006293,0.037,0.0743778290695825));
#3066=CARTESIAN_POINT('',(-0.0255241747294775,0.037,0.072607693962928));
#3067=CARTESIAN_POINT('',(-0.0257152445207366,0.037,0.0734320233559331));
#3068=CARTESIAN_POINT('',(-0.0254749765540612,0.037,0.074243378960766));
#3069=CARTESIAN_POINT('',(-0.0229999765540613,0.037,0.0828963769961292));
#3070=CARTESIAN_POINT('',(-0.0316683418912626,0.037,0.0804757484866698));
#3071=CARTESIAN_POINT('',(-0.032631493595396,0.037,0.0802067897633965));
#3072=CARTESIAN_POINT('',(-0.0326252156883235,0.037,0.0812067700571437));
#3073=CARTESIAN_POINT('',(-0.0179089488830738,0.037,0.0811143808810407));
#3074=CARTESIAN_POINT('',(-0.0355320248020671,0.037,0.0812250190942577));
#3075=CARTESIAN_POINT('',(-0.0355383027091397,0.037,0.0802250388005104));
#3076=CARTESIAN_POINT('',(-0.0365246966329719,0.037,0.0803894377878158));
#3077=CARTESIAN_POINT('',(-0.0369539727476178,0.037,0.0778137810999398));
#3078=CARTESIAN_POINT('',(-0.037775298880768,0.037,0.0728858243010391));
#3079=CARTESIAN_POINT('',(-0.0367889049569358,0.037,0.0727214253137338));
#3080=CARTESIAN_POINT('',(0.00769999319086351,0.037,0.074352914120003));
#3081=CARTESIAN_POINT('',(0.0116139699532407,0.037,0.0645186841838562));
#3082=CARTESIAN_POINT('',(0.00363755881489751,0.037,0.084560157591089));
#3083=CARTESIAN_POINT('',(0.00363755881489751,0.016,0.084560157591089));
#3084=CARTESIAN_POINT('',(0.00769999319086351,0.016,0.074352914120003));
#3085=CARTESIAN_POINT('',(0.0037860164284843,0.016,0.0841871440561549));
#3086=CARTESIAN_POINT('',(0.0037860164284843,0.022,0.0841871440561549));
#3087=CARTESIAN_POINT('',(6.24500451351651E-17,0.037,0.0598963793556104));
#3088=CARTESIAN_POINT('',(6.24500451351651E-17,0.037,0.0473963793556104));
#3089=CARTESIAN_POINT('',(-0.0114999882770306,0.037,0.0473963793556104));
#3090=CARTESIAN_POINT('',(-0.0229999765540613,0.037,0.0473963793556104));
#3091=CARTESIAN_POINT('',(-0.0229999765540613,0.037,0.0598963793556104));
#3092=CARTESIAN_POINT('',(-0.0336364401901878,0.037,0.0533301291839097));
#3093=CARTESIAN_POINT('',(-0.0375595060526785,0.037,0.0595457737432631));
#3094=CARTESIAN_POINT('',(-0.0414825719151694,0.037,0.0657614183026163));
#3095=CARTESIAN_POINT('',(-0.0380999765540613,0.037,0.0678963769961301));
#3096=CARTESIAN_POINT('',(-0.0356374599391627,0.058,0.0647442329763638));
#3097=CARTESIAN_POINT('',(-0.034348832251516,0.058,0.0665075226403814));
#3098=CARTESIAN_POINT('',(-0.0353423602796847,0.058,0.0707938849742542));
#3099=CARTESIAN_POINT('',(-0.0370511192763609,0.058,0.071756415650213));
#3100=CARTESIAN_POINT('',(-0.0420455522493899,0.037,0.0685539729453515));
#3101=CARTESIAN_POINT('',(-0.0380999765540613,0.016,0.0678963769961301));
#3102=CARTESIAN_POINT('',(-0.0380999765540613,0.016,0.0638963769961301));
#3103=CARTESIAN_POINT('',(-0.0395455522493898,0.037,0.0835539729453515));
#3104=CARTESIAN_POINT('',(-0.0370455522493898,0.037,0.0985539729453515));
#3105=CARTESIAN_POINT('',(-0.0330999765540613,0.037,0.0978963769961301));
#3106=CARTESIAN_POINT('',(-0.0314489113879478,0.037,0.101539724881969));
#3107=CARTESIAN_POINT('',(-0.0333597186926959,0.058,0.0939048191522027));
#3108=CARTESIAN_POINT('',(-0.033059019028986,0.058,0.093896586691484));
#3109=CARTESIAN_POINT('',(-0.0330999765540612,0.016,0.0978963769961304));
#3110=CARTESIAN_POINT('',(-0.0330999765540612,0.016,0.0938963769961299));
#3111=CARTESIAN_POINT('',(-0.0232546196510193,0.037,0.0978262969931856));
#3112=CARTESIAN_POINT('',(0.00165106516611351,0.037,0.086539724881969));
#3113=CARTESIAN_POINT('',(-0.0330999765540613,0.037,0.0978963769961301));
#3114=CARTESIAN_POINT('',(-0.0330999765540613,0.016,0.0978963769961301));
#3115=CARTESIAN_POINT('',(-0.0330999765540613,0.016,0.0957463769961301));
#3116=CARTESIAN_POINT('',(-0.0380999765540612,0.037,0.0678963769961301));
#3117=CARTESIAN_POINT('',(-0.0380999765540612,0.016,0.0678963769961301));
#3118=CARTESIAN_POINT('',(-0.0380999765540612,0.016,0.0657463769961301));
#3119=CARTESIAN_POINT('',(-0.0229999765540613,0.037,0.0828963769961292));
#3120=CARTESIAN_POINT('',(-0.0229999765540613,0.037,0.0598963793556104));
#3121=CARTESIAN_POINT('',(6.24500451351651E-17,0.037,0.0598963793556104));
#3122=CARTESIAN_POINT('',(3.46944695195361E-17,0.037,0.0828963769961301));
#3123=CARTESIAN_POINT('',(-0.00114779058909173,0.058,0.0790645919338399));
#3124=CARTESIAN_POINT('',(0.00109617941441236,0.058,0.0790495093494055));
#3125=CARTESIAN_POINT('',(3.46944695195361E-17,0.016,0.0828963769961301));
#3126=CARTESIAN_POINT('',(1.7347234759768E-16,0.037,0.0828963769961301));
#3127=CARTESIAN_POINT('',(1.7347234759768E-16,0.016,0.0828963769961301));
#3128=CARTESIAN_POINT('',(1.7347234759768E-16,0.016,0.08074637699613));
#3129=CARTESIAN_POINT('',(-0.0098928729286385,0.058,0.0879285008722282));
#3130=CARTESIAN_POINT('',(-0.0155517683530329,0.033,0.0904929568085422));
#3131=CARTESIAN_POINT('',(-0.00686690196914185,0.058,0.0865572139675889));
#3132=CARTESIAN_POINT('',(-0.00888431420252056,0.058,0.0846463769961292));
#3133=CARTESIAN_POINT('',(-0.0133855342925466,0.037,0.0846463769961292));
#3134=CARTESIAN_POINT('',(-0.00727966826067022,0.058,0.0846463769961292));
#3135=CARTESIAN_POINT('',(-0.0229999765540612,0.058,0.0828963769961292));
#3136=CARTESIAN_POINT('',(-0.0165300646620131,0.058,0.0891525931136506));
#3137=CARTESIAN_POINT('',(-0.014346978518698,0.058,0.0853713769961292));
#3138=CARTESIAN_POINT('',(-0.00472768504695102,0.058,0.0766522762603016));
#3139=CARTESIAN_POINT('',(-0.00207695989220874,0.037,0.0788731646470049));
#3140=CARTESIAN_POINT('',(-0.00711779231614834,0.033,0.0746497444370233));
#3141=CARTESIAN_POINT('',(0.00514485214628772,0.058,0.0713079681017313));
#3142=CARTESIAN_POINT('',(0.00614335204877534,0.058,0.0687991444095028));
#3143=CARTESIAN_POINT('',(0.00229934186427472,0.058,0.0784575768239839));
#3144=CARTESIAN_POINT('',(6.24500451351651E-17,0.058,0.0598963793556104));
#3145=CARTESIAN_POINT('',(0.00469281100726449,0.058,0.0675760619564799));
#3146=CARTESIAN_POINT('',(-0.00295366873206676,0.058,0.0683978992797893));
#3147=CARTESIAN_POINT('',(-0.00573483456434241,0.058,0.0710918515392171));
#3148=CARTESIAN_POINT('',(-0.00729351269844822,0.037,0.0733079248218903));
#3149=CARTESIAN_POINT('',(-0.00409979618488474,0.033,0.0687672119683026));
#3150=CARTESIAN_POINT('',(1.04083408558608E-16,0.058,0.0598963793556104));
#3151=CARTESIAN_POINT('',(-0.00700248182087907,0.058,0.0655501611296319));
#3152=CARTESIAN_POINT('',(-0.00865299803536317,0.058,0.0623713793556104));
#3153=CARTESIAN_POINT('',(-0.0114999882770306,0.058,0.0616463793556104));
#3154=CARTESIAN_POINT('',(-0.00961444226151464,0.058,0.0616463793556104));
#3155=CARTESIAN_POINT('',(-0.0133855342925466,0.058,0.0616463793556104));
#3156=CARTESIAN_POINT('',(-0.0229999765540613,0.058,0.0598963793556104));
#3157=CARTESIAN_POINT('',(-0.0205249765540613,0.058,0.0685493773909736));
#3158=CARTESIAN_POINT('',(-0.014346978518698,0.058,0.0623713793556104));
#3159=CARTESIAN_POINT('',(-0.0160909809700541,0.058,0.0712014065015923));
#3160=CARTESIAN_POINT('',(-0.0115881999649641,0.058,0.0722450978148323));
#3161=CARTESIAN_POINT('',(-0.020475778378645,0.033,0.0701850623888116));
#3162=CARTESIAN_POINT('',(-0.0087211327838457,0.058,0.0692538887751586));
#3163=CARTESIAN_POINT('',(-0.0069625933183884,0.058,0.0667536597409186));
#3164=CARTESIAN_POINT('',(-0.0105444561022364,0.058,0.0718462251935294));
#3165=CARTESIAN_POINT('',(5.55111512312578E-17,0.058,0.0598963793556104));
#3166=CARTESIAN_POINT('',(-0.00539999999999994,0.058,0.0526963793556104));
#3167=CARTESIAN_POINT('',(-0.00865299803536317,0.058,0.0574213793556104));
#3168=CARTESIAN_POINT('',(-0.0114999882770306,0.058,0.0508963793556104));
#3169=CARTESIAN_POINT('',(-0.006,0.058,0.0508963793556104));
#3170=CARTESIAN_POINT('',(-0.0169999765540613,0.058,0.0508963793556104));
#3171=CARTESIAN_POINT('',(-0.0229999765540613,0.058,0.0598963793556104));
#3172=CARTESIAN_POINT('',(-0.0175999765540613,0.058,0.0526963793556104));
#3173=CARTESIAN_POINT('',(-0.014346978518698,0.058,0.0574213793556104));
#3174=CARTESIAN_POINT('',(-0.0114999882770306,0.058,0.0581463793556104));
#3175=CARTESIAN_POINT('',(-0.00961444226151464,0.037,0.0581463793556104));
#3176=CARTESIAN_POINT('',(-0.0133855342925466,0.033,0.0581463793556104));
#3177=CARTESIAN_POINT('',(-0.0294754109006363,0.058,0.0680990541474743));
#3178=CARTESIAN_POINT('',(-0.0336368480004635,0.033,0.0671344823091426));
#3179=CARTESIAN_POINT('',(-0.0303394221243294,0.058,0.0678987865777899));
#3180=CARTESIAN_POINT('',(-0.0229999765540613,0.058,0.0598963793556104));
#3181=CARTESIAN_POINT('',(-0.0319707677920849,0.058,0.0606208823326908));
#3182=CARTESIAN_POINT('',(-0.0294022559251772,0.058,0.0662217899236434));
#3183=CARTESIAN_POINT('',(-0.0335356010760307,0.058,0.0597278651783959));
#3184=CARTESIAN_POINT('',(-0.035867479625715,0.058,0.0634224572980438));
#3185=CARTESIAN_POINT('',(-0.0338131712143645,0.058,0.0601676429900991));
#3186=CARTESIAN_POINT('',(-0.0229999765540613,0.058,0.0828963769961292));
#3187=CARTESIAN_POINT('',(-0.014346978518698,0.058,0.0804213769961292));
#3188=CARTESIAN_POINT('',(-0.0165976971829453,0.058,0.0765709664280962));
#3189=CARTESIAN_POINT('',(-0.00949268520585135,0.058,0.0811463769961292));
#3190=CARTESIAN_POINT('',(-0.00756425316294349,0.037,0.0811463769961292));
#3191=CARTESIAN_POINT('',(-0.0133855342925466,0.058,0.0811463769961292));
#3192=CARTESIAN_POINT('',(-0.00789768306428779,0.058,0.078562416341497));
#3193=CARTESIAN_POINT('',(-0.00692203150709946,0.033,0.0793798580173916));
#3194=CARTESIAN_POINT('',(-0.0107983787741374,0.037,0.0761320921700755));
#3195=CARTESIAN_POINT('',(-0.0161158635167453,0.058,0.074788429085042));
#3196=CARTESIAN_POINT('',(-0.0112147986053977,0.033,0.0759244378911147));
#3197=CARTESIAN_POINT('',(-0.0156605309837932,0.058,0.0748939697739497));
#3198=CARTESIAN_POINT('',(-0.0244297559920177,0.058,0.094516216896575));
#3199=CARTESIAN_POINT('',(-0.0283622366890236,0.058,0.0962983091092009));
#3200=CARTESIAN_POINT('',(-0.0205855787781836,0.058,0.0927741413965113));
#3201=CARTESIAN_POINT('',(-0.0229999765540613,0.058,0.0828963769961294));
#3202=CARTESIAN_POINT('',(-0.0257798868930026,0.058,0.0914562892916756));
#3203=CARTESIAN_POINT('',(-0.0208168904107461,0.058,0.0916275931136506));
#3204=CARTESIAN_POINT('',(-0.0280592838738522,0.058,0.0935434652119034));
#3205=CARTESIAN_POINT('',(-0.0293160781928636,0.058,0.0954099914282571));
#3206=CARTESIAN_POINT('',(-0.0269182550317414,0.058,0.0918488679216398));
#3207=CARTESIAN_POINT('',(-0.0338094220038147,0.058,0.0847142735140969));
#3208=CARTESIAN_POINT('',(-0.0326032430135695,0.058,0.0847067010852591));
#3209=CARTESIAN_POINT('',(-0.0346288540450592,0.037,0.0847194179336814));
#3210=CARTESIAN_POINT('',(-0.0350237088704446,0.058,0.0893953643629795));
#3211=CARTESIAN_POINT('',(-0.0356089700618188,0.033,0.0858837972147339));
#3212=CARTESIAN_POINT('',(-0.0344110481511868,0.058,0.0930713286785262));
#3213=CARTESIAN_POINT('',(-0.0309624961165161,0.058,0.0915886356351765));
#3214=CARTESIAN_POINT('',(-0.0298214672744053,0.037,0.0898940383449128));
#3215=CARTESIAN_POINT('',(-0.0322192904355275,0.033,0.0934551618515302));
#3216=CARTESIAN_POINT('',(-0.0229999765540613,0.058,0.0828963769961292));
#3217=CARTESIAN_POINT('',(-0.0298858584933416,0.058,0.0886916017474476));
#3218=CARTESIAN_POINT('',(-0.0316372662512534,0.058,0.0854256509407186));
#3219=CARTESIAN_POINT('',(-0.0371626381615102,0.058,0.0765617886165859));
#3220=CARTESIAN_POINT('',(-0.037775298880768,0.058,0.0728858243010391));
#3221=CARTESIAN_POINT('',(-0.0365246966329719,0.058,0.0803894377878158));
#3222=CARTESIAN_POINT('',(-0.0362443504573493,0.058,0.0812294910966533));
#3223=CARTESIAN_POINT('',(-0.0355320248020671,0.058,0.0812250190942577));
#3224=CARTESIAN_POINT('',(-0.0326252156883235,0.037,0.0812067700571437));
#3225=CARTESIAN_POINT('',(-0.0229999765540613,0.058,0.0828963769961292));
#3226=CARTESIAN_POINT('',(-0.0254749765540612,0.058,0.074243378960766));
#3227=CARTESIAN_POINT('',(-0.0316683418912626,0.058,0.0804757484866698));
#3228=CARTESIAN_POINT('',(-0.0298705640936578,0.058,0.0716002523799983));
#3229=CARTESIAN_POINT('',(-0.0255241747294775,0.033,0.072607693962928));
#3230=CARTESIAN_POINT('',(-0.0344271543865068,0.058,0.0705440887110869));
#3231=CARTESIAN_POINT('',(-0.0133855342925466,0.058,0.0856463769961292));
#3232=CARTESIAN_POINT('',(-0.0260887658195517,0.058,0.0924073906578475));
#3233=CARTESIAN_POINT('',(-0.0330487796477172,0.058,0.0928966391153225));
#3234=CARTESIAN_POINT('',(-0.0334246542273546,0.058,0.0929069296912209));
#3235=CARTESIAN_POINT('',(-0.0346225761379867,0.058,0.0857193982274286));
#3236=CARTESIAN_POINT('',(-0.0325969651064969,0.058,0.0857066813790063));
#3237=CARTESIAN_POINT('',(-0.030650956486595,0.058,0.0893355156087052));
#3238=CARTESIAN_POINT('',(-0.032631493595396,0.058,0.0802067897633965));
#3239=CARTESIAN_POINT('',(-0.0355383027091397,0.058,0.0802250388005104));
#3240=CARTESIAN_POINT('',(-0.0346529562110906,0.058,0.0715182619687852));
#3241=CARTESIAN_POINT('',(-0.0367889049569358,0.058,0.0727214253137338));
#3242=CARTESIAN_POINT('',(-0.0114406004299815,0.058,0.0768986111488131));
#3243=CARTESIAN_POINT('',(-0.0133855342925466,0.058,0.0801463769961292));
#3244=CARTESIAN_POINT('',(-0.00756425316294349,0.058,0.0801463769961292));
#3245=CARTESIAN_POINT('',(-0.00328185414674085,0.058,0.0693425126046981));
#3246=CARTESIAN_POINT('',(-0.00647557066030431,0.058,0.0738832254582857));
#3247=CARTESIAN_POINT('',(-0.0014347382363647,0.058,0.0781066456682673));
#3248=CARTESIAN_POINT('',(0.00137022426801546,0.058,0.0780877924377242));
#3249=CARTESIAN_POINT('',(0.00521423445251609,0.058,0.0684293600232432));
#3250=CARTESIAN_POINT('',(-0.0329675223740876,0.058,0.0607013826634775));
#3251=CARTESIAN_POINT('',(-0.0350218307854381,0.058,0.0639561969714223));
#3252=CARTESIAN_POINT('',(-0.0334110461758797,0.058,0.0661603090514443));
#3253=CARTESIAN_POINT('',(-0.0133855342925466,0.058,0.0626463793556104));
#3254=CARTESIAN_POINT('',(-0.0113623981403803,0.058,0.0712709245571339));
#3255=CARTESIAN_POINT('',(-0.00961444226151464,0.058,0.0626463793556104));
#3256=CARTESIAN_POINT('',(-0.0077805353565323,0.058,0.0661783591045231));
#3257=CARTESIAN_POINT('',(-0.0133855342925466,0.058,0.0571463793556104));
#3258=CARTESIAN_POINT('',(-0.00961444226151464,0.058,0.0571463793556104));
#3259=CARTESIAN_POINT('',(-0.0169999765540613,0.058,0.0518963793556104));
#3260=CARTESIAN_POINT('',(-0.006,0.058,0.0518963793556104));
#3261=CARTESIAN_POINT('',(-0.0158863328083769,0.058,0.0758681430316481));
#3262=CARTESIAN_POINT('',(-0.00727966826067022,0.058,0.0856463769961292));
#3263=CARTESIAN_POINT('',(-0.0301136202997456,0.058,0.0669246133200915));
#3264=CARTESIAN_POINT('',(-0.020284708587386,0.037,0.0693607329958065));
#3265=CARTESIAN_POINT('',(-0.0257152445207366,0.037,0.0734320233559331));
#3266=CARTESIAN_POINT('',(-0.0286537408545472,0.037,0.0956550570395846));
#3267=CARTESIAN_POINT('',(-0.0208332969634307,0.037,0.0922275103215983));
#3268=CARTESIAN_POINT('',(-0.0159015673170072,0.037,0.0897210676414633));
#3269=CARTESIAN_POINT('',(-0.0147999882770306,0.016,0.0744680521187897));
#3270=CARTESIAN_POINT('',(-0.0147999882770306,0.016,0.0746463781758703));
#3271=CARTESIAN_POINT('',(-0.0147999882770306,0.016,0.0746463781758703));
#3272=MECHANICAL_DESIGN_GEOMETRIC_PRESENTATION_REPRESENTATION('',(#1885),
#3273);
#3273=(
GEOMETRIC_REPRESENTATION_CONTEXT(3)
GLOBAL_UNCERTAINTY_ASSIGNED_CONTEXT((#3274))
GLOBAL_UNIT_ASSIGNED_CONTEXT((#3277,#3276,#3275))
REPRESENTATION_CONTEXT('btrshftr C4 Plate Female',
'TOP_LEVEL_ASSEMBLY_PART')
);
#3274=UNCERTAINTY_MEASURE_WITH_UNIT(LENGTH_MEASURE(1.E-8),#3277,
'DISTANCE_ACCURACY_VALUE','Maximum Tolerance applied to model');
#3275=(
NAMED_UNIT(*)
SI_UNIT($,.STERADIAN.)
SOLID_ANGLE_UNIT()
);
#3276=(
NAMED_UNIT(*)
PLANE_ANGLE_UNIT()
SI_UNIT($,.RADIAN.)
);
#3277=(
LENGTH_UNIT()
NAMED_UNIT(*)
SI_UNIT($,.METRE.)
);
#3278=PRODUCT_DEFINITION_SHAPE('','',#3279);
#3279=PRODUCT_DEFINITION('','',#3281,#3280);
#3280=PRODUCT_DEFINITION_CONTEXT('',#3287,'design');
#3281=PRODUCT_DEFINITION_FORMATION_WITH_SPECIFIED_SOURCE('','',#3283,
 .NOT_KNOWN.);
#3282=PRODUCT_RELATED_PRODUCT_CATEGORY('','',(#3283));
#3283=PRODUCT('btrshftr C4 Plate Female','btrshftr C4 Plate Female',
'btrshftr C4 Plate Female',(#3285));
#3284=PRODUCT_CATEGORY('','');
#3285=PRODUCT_CONTEXT('',#3287,'mechanical');
#3286=APPLICATION_PROTOCOL_DEFINITION('international standard',
'ap242_managed_model_based_3d_engineering',2020,#3287);
#3287=APPLICATION_CONTEXT('managed model based 3d engineering');
ENDSEC;
END-ISO-10303-21;
