ISO-10303-21;
HEADER;
/* Generated by software containing ST-Developer
 * from STEP Tools, Inc. (www.steptools.com) 
 */
/* OPTION: using custom renumber hook */

FILE_DESCRIPTION(
/* description */ ('STEP AP242 Edition 2',
'CAx-IF Rec.Pracs.---Representation and Presentation of Product Manufa
cturing Information (PMI)---4.0---2014-10-13',
'CAx-IF Rec.Pracs.---3D Tessellated Geometry---0.4---2014-09-14','2;1',
'CAx-IF Rec.Pracs.---User Defined Attributes---1.5---2016-08-15'),
/* implementation_level */ '2;1');

FILE_NAME(
/* name */ 'Assembly 1 - btrshftr C3 Plate Female',
/* time_stamp */ '2026-06-22T21:39:41Z',
/* author */ (''),
/* organization */ (''),
/* preprocessor_version */ 'ST-DEVELOPER v20',
/* originating_system */ 'ONSHAPE BY PTC INC, 1.216',
/* authorisation */ '  ');

FILE_SCHEMA (('AP242_MANAGED_MODEL_BASED_3D_ENGINEERING_MIM_LF { 1 0 10303 442 3 1 4 }'));
ENDSEC;

DATA;
#10=SHAPE_REPRESENTATION_RELATIONSHIP('','',#4055,#11);
#11=ADVANCED_BREP_SHAPE_REPRESENTATION('',(#4053),#6949);
#12=CYLINDRICAL_SURFACE('',#4311,0.01);
#13=CYLINDRICAL_SURFACE('',#4313,0.0005);
#14=CYLINDRICAL_SURFACE('',#4320,0.004);
#15=CYLINDRICAL_SURFACE('',#4321,0.00399999999999801);
#16=CYLINDRICAL_SURFACE('',#4322,0.01);
#17=CYLINDRICAL_SURFACE('',#4323,0.00399999999999808);
#18=CYLINDRICAL_SURFACE('',#4325,0.0019);
#19=CYLINDRICAL_SURFACE('',#4328,0.0019);
#20=CYLINDRICAL_SURFACE('',#4331,0.0019);
#21=CYLINDRICAL_SURFACE('',#4333,0.007);
#22=CYLINDRICAL_SURFACE('',#4334,0.007);
#23=CYLINDRICAL_SURFACE('',#4335,0.0019);
#24=CYLINDRICAL_SURFACE('',#4336,0.0019);
#25=CYLINDRICAL_SURFACE('',#4340,0.01);
#26=CYLINDRICAL_SURFACE('',#4341,0.007);
#27=CYLINDRICAL_SURFACE('',#4342,0.0005);
#28=CYLINDRICAL_SURFACE('',#4343,0.0005);
#29=CYLINDRICAL_SURFACE('',#4344,0.002);
#30=CYLINDRICAL_SURFACE('',#4345,0.002);
#31=CYLINDRICAL_SURFACE('',#4350,0.002);
#32=CYLINDRICAL_SURFACE('',#4351,0.002);
#33=CYLINDRICAL_SURFACE('',#4352,0.0005);
#34=CYLINDRICAL_SURFACE('',#4355,0.0049);
#35=CYLINDRICAL_SURFACE('',#4357,0.0019);
#36=CYLINDRICAL_SURFACE('',#4359,0.00490000000000006);
#37=CYLINDRICAL_SURFACE('',#4361,0.0019);
#38=CYLINDRICAL_SURFACE('',#4362,0.005);
#39=CYLINDRICAL_SURFACE('',#4363,0.005);
#40=CYLINDRICAL_SURFACE('',#4364,0.005);
#41=CYLINDRICAL_SURFACE('',#4365,0.005);
#42=CYLINDRICAL_SURFACE('',#4392,0.001);
#43=CYLINDRICAL_SURFACE('',#4393,0.001);
#44=CYLINDRICAL_SURFACE('',#4394,0.001);
#45=CYLINDRICAL_SURFACE('',#4395,0.001);
#46=CYLINDRICAL_SURFACE('',#4396,0.001);
#47=CYLINDRICAL_SURFACE('',#4397,0.001);
#48=CYLINDRICAL_SURFACE('',#4398,0.001);
#49=CYLINDRICAL_SURFACE('',#4399,0.001);
#50=CYLINDRICAL_SURFACE('',#4400,0.001);
#51=CYLINDRICAL_SURFACE('',#4401,0.001);
#52=CYLINDRICAL_SURFACE('',#4402,0.001);
#53=CYLINDRICAL_SURFACE('',#4403,0.001);
#54=CYLINDRICAL_SURFACE('',#4404,0.001);
#55=CYLINDRICAL_SURFACE('',#4405,0.001);
#56=CYLINDRICAL_SURFACE('',#4406,0.001);
#57=CYLINDRICAL_SURFACE('',#4407,0.001);
#58=CYLINDRICAL_SURFACE('',#4408,0.001);
#59=CYLINDRICAL_SURFACE('',#4409,0.001);
#60=CYLINDRICAL_SURFACE('',#4410,0.001);
#61=CYLINDRICAL_SURFACE('',#4411,0.001);
#62=CYLINDRICAL_SURFACE('',#4412,0.001);
#63=CYLINDRICAL_SURFACE('',#4413,0.001);
#64=CYLINDRICAL_SURFACE('',#4414,0.001);
#65=CYLINDRICAL_SURFACE('',#4415,0.001);
#66=CYLINDRICAL_SURFACE('',#4416,0.001);
#67=CYLINDRICAL_SURFACE('',#4417,0.001);
#68=CYLINDRICAL_SURFACE('',#4418,0.001);
#69=CYLINDRICAL_SURFACE('',#4419,0.001);
#70=CYLINDRICAL_SURFACE('',#4420,0.001);
#71=CYLINDRICAL_SURFACE('',#4421,0.001);
#72=CYLINDRICAL_SURFACE('',#4422,0.001);
#73=CYLINDRICAL_SURFACE('',#4423,0.001);
#74=CYLINDRICAL_SURFACE('',#4424,0.001);
#75=CYLINDRICAL_SURFACE('',#4425,0.001);
#76=CYLINDRICAL_SURFACE('',#4426,0.001);
#77=CYLINDRICAL_SURFACE('',#4427,0.001);
#78=CYLINDRICAL_SURFACE('',#4428,0.001);
#79=CYLINDRICAL_SURFACE('',#4429,0.0019);
#80=CYLINDRICAL_SURFACE('',#4430,0.00399999999999988);
#81=CYLINDRICAL_SURFACE('',#4432,0.01);
#82=CYLINDRICAL_SURFACE('',#4434,0.01);
#83=CYLINDRICAL_SURFACE('',#4437,0.004);
#84=CYLINDRICAL_SURFACE('',#4440,0.01);
#85=CYLINDRICAL_SURFACE('',#4441,0.00899999999999924);
#86=CYLINDRICAL_SURFACE('',#4443,0.01);
#87=CYLINDRICAL_SURFACE('',#4445,0.01);
#88=CYLINDRICAL_SURFACE('',#4446,0.01);
#89=CYLINDRICAL_SURFACE('',#4448,0.0049000000000001);
#90=CYLINDRICAL_SURFACE('',#4450,0.01);
#91=CYLINDRICAL_SURFACE('',#4452,0.01);
#92=CYLINDRICAL_SURFACE('',#4455,0.01);
#93=CYLINDRICAL_SURFACE('',#4458,0.01);
#94=CYLINDRICAL_SURFACE('',#4461,0.004);
#95=CYLINDRICAL_SURFACE('',#4464,0.0049);
#96=CYLINDRICAL_SURFACE('',#4466,0.0059);
#97=CYLINDRICAL_SURFACE('',#4467,0.01);
#98=CYLINDRICAL_SURFACE('',#4468,0.001);
#99=CYLINDRICAL_SURFACE('',#4469,0.001);
#100=CYLINDRICAL_SURFACE('',#4470,0.001);
#101=CYLINDRICAL_SURFACE('',#4471,0.001);
#102=CYLINDRICAL_SURFACE('',#4472,0.001);
#103=CYLINDRICAL_SURFACE('',#4473,0.001);
#104=CYLINDRICAL_SURFACE('',#4474,0.001);
#105=CYLINDRICAL_SURFACE('',#4475,0.001);
#106=CYLINDRICAL_SURFACE('',#4476,0.001);
#107=CYLINDRICAL_SURFACE('',#4477,0.001);
#108=CYLINDRICAL_SURFACE('',#4478,0.001);
#109=CYLINDRICAL_SURFACE('',#4479,0.001);
#110=CYLINDRICAL_SURFACE('',#4480,0.001);
#111=CYLINDRICAL_SURFACE('',#4481,0.001);
#112=CYLINDRICAL_SURFACE('',#4482,0.001);
#113=CYLINDRICAL_SURFACE('',#4483,0.001);
#114=CYLINDRICAL_SURFACE('',#4484,0.001);
#115=CYLINDRICAL_SURFACE('',#4485,0.001);
#116=CYLINDRICAL_SURFACE('',#4486,0.001);
#117=CYLINDRICAL_SURFACE('',#4487,0.001);
#118=CYLINDRICAL_SURFACE('',#4488,0.001);
#119=CYLINDRICAL_SURFACE('',#4489,0.001);
#120=CYLINDRICAL_SURFACE('',#4490,0.001);
#121=CYLINDRICAL_SURFACE('',#4491,0.001);
#122=CYLINDRICAL_SURFACE('',#4492,0.001);
#123=CYLINDRICAL_SURFACE('',#4493,0.001);
#124=CYLINDRICAL_SURFACE('',#4494,0.001);
#125=CYLINDRICAL_SURFACE('',#4495,0.001);
#126=CYLINDRICAL_SURFACE('',#4496,0.001);
#127=CYLINDRICAL_SURFACE('',#4497,0.001);
#128=CYLINDRICAL_SURFACE('',#4498,0.001);
#129=CYLINDRICAL_SURFACE('',#4499,0.001);
#130=CYLINDRICAL_SURFACE('',#4500,0.001);
#131=CYLINDRICAL_SURFACE('',#4501,0.001);
#132=CYLINDRICAL_SURFACE('',#4502,0.001);
#133=CYLINDRICAL_SURFACE('',#4503,0.001);
#134=CYLINDRICAL_SURFACE('',#4504,0.001);
#135=CIRCLE('',#4058,0.001);
#136=CIRCLE('',#4059,0.001);
#137=CIRCLE('',#4060,0.01);
#138=CIRCLE('',#4061,0.001);
#139=CIRCLE('',#4062,0.0059);
#140=CIRCLE('',#4063,0.001);
#141=CIRCLE('',#4064,0.001);
#142=CIRCLE('',#4065,0.0049);
#143=CIRCLE('',#4066,0.001);
#144=CIRCLE('',#4067,0.001);
#145=CIRCLE('',#4068,0.01);
#146=CIRCLE('',#4069,0.001);
#147=CIRCLE('',#4070,0.001);
#148=CIRCLE('',#4071,0.01);
#149=CIRCLE('',#4072,0.001);
#150=CIRCLE('',#4073,0.001);
#151=CIRCLE('',#4074,0.00899999999999924);
#152=CIRCLE('',#4075,0.001);
#153=CIRCLE('',#4076,0.01);
#154=CIRCLE('',#4077,0.001);
#155=CIRCLE('',#4078,0.001);
#156=CIRCLE('',#4079,0.01);
#157=CIRCLE('',#4080,0.001);
#158=CIRCLE('',#4081,0.001);
#159=CIRCLE('',#4082,0.00399999999999988);
#160=CIRCLE('',#4083,0.001);
#161=CIRCLE('',#4084,0.001);
#162=CIRCLE('',#4085,0.01);
#163=CIRCLE('',#4086,0.001);
#164=CIRCLE('',#4087,0.001);
#165=CIRCLE('',#4088,0.01);
#166=CIRCLE('',#4089,0.001);
#167=CIRCLE('',#4090,0.0019);
#168=CIRCLE('',#4091,0.001);
#169=CIRCLE('',#4092,0.001);
#170=CIRCLE('',#4093,0.001);
#171=CIRCLE('',#4094,0.001);
#172=CIRCLE('',#4095,0.001);
#173=CIRCLE('',#4096,0.001);
#174=CIRCLE('',#4097,0.001);
#175=CIRCLE('',#4098,0.001);
#176=CIRCLE('',#4099,0.0019);
#177=CIRCLE('',#4100,0.0019);
#178=CIRCLE('',#4101,0.007);
#179=CIRCLE('',#4102,0.007);
#180=CIRCLE('',#4103,0.007);
#181=CIRCLE('',#4104,0.001);
#182=CIRCLE('',#4105,0.001);
#183=CIRCLE('',#4106,0.001);
#184=CIRCLE('',#4107,0.001);
#185=CIRCLE('',#4108,0.001);
#186=CIRCLE('',#4109,0.001);
#187=CIRCLE('',#4110,0.001);
#188=CIRCLE('',#4111,0.001);
#189=CIRCLE('',#4112,0.001);
#190=CIRCLE('',#4113,0.001);
#191=CIRCLE('',#4114,0.001);
#192=CIRCLE('',#4115,0.001);
#193=CIRCLE('',#4116,0.001);
#194=CIRCLE('',#4117,0.001);
#195=CIRCLE('',#4118,0.001);
#196=CIRCLE('',#4119,0.001);
#197=CIRCLE('',#4120,0.01);
#198=CIRCLE('',#4121,0.001);
#199=CIRCLE('',#4122,0.001);
#200=CIRCLE('',#4123,0.001);
#201=CIRCLE('',#4124,0.001);
#202=CIRCLE('',#4125,0.001);
#203=CIRCLE('',#4126,0.001);
#204=CIRCLE('',#4127,0.001);
#205=CIRCLE('',#4128,0.001);
#206=CIRCLE('',#4129,0.001);
#207=CIRCLE('',#4130,0.01);
#208=CIRCLE('',#4131,0.001);
#209=CIRCLE('',#4132,0.001);
#210=CIRCLE('',#4133,0.001);
#211=CIRCLE('',#4134,0.001);
#212=CIRCLE('',#4135,0.005);
#213=CIRCLE('',#4136,0.0049);
#214=CIRCLE('',#4137,0.005);
#215=CIRCLE('',#4138,0.0005);
#216=CIRCLE('',#4139,0.0019);
#217=CIRCLE('',#4140,0.002);
#218=CIRCLE('',#4141,0.002);
#219=CIRCLE('',#4142,0.0019);
#220=CIRCLE('',#4143,0.0005);
#221=CIRCLE('',#4144,0.004);
#222=CIRCLE('',#4145,0.01);
#223=CIRCLE('',#4146,0.005);
#224=CIRCLE('',#4147,0.00490000000000006);
#225=CIRCLE('',#4148,0.005);
#226=CIRCLE('',#4149,0.00399999999999801);
#227=CIRCLE('',#4150,0.0005);
#228=CIRCLE('',#4151,0.0019);
#229=CIRCLE('',#4152,0.002);
#230=CIRCLE('',#4153,0.002);
#231=CIRCLE('',#4154,0.0019);
#232=CIRCLE('',#4155,0.0019);
#233=CIRCLE('',#4156,0.0005);
#234=CIRCLE('',#4157,0.00399999999999808);
#235=CIRCLE('',#4158,0.004);
#236=CIRCLE('',#4159,0.001);
#237=CIRCLE('',#4160,0.001);
#238=CIRCLE('',#4161,0.01);
#239=CIRCLE('',#4162,0.001);
#240=CIRCLE('',#4163,0.001);
#241=CIRCLE('',#4164,0.001);
#242=CIRCLE('',#4165,0.001);
#243=CIRCLE('',#4166,0.01);
#244=CIRCLE('',#4167,0.001);
#245=CIRCLE('',#4168,0.001);
#246=CIRCLE('',#4169,0.01);
#247=CIRCLE('',#4170,0.001);
#248=CIRCLE('',#4171,0.001);
#249=CIRCLE('',#4172,0.0049000000000001);
#250=CIRCLE('',#4173,0.001);
#251=CIRCLE('',#4174,0.01);
#252=CIRCLE('',#4175,0.001);
#253=CIRCLE('',#4176,0.001);
#254=CIRCLE('',#4177,0.004);
#255=CIRCLE('',#4178,0.001);
#256=CIRCLE('',#4179,0.001);
#257=CIRCLE('',#4180,0.001);
#258=CIRCLE('',#4182,0.001);
#259=CIRCLE('',#4183,0.001);
#260=CIRCLE('',#4184,0.0049);
#261=CIRCLE('',#4185,0.001);
#262=CIRCLE('',#4186,0.001);
#263=CIRCLE('',#4187,0.0059);
#264=CIRCLE('',#4188,0.001);
#265=CIRCLE('',#4189,0.01);
#266=CIRCLE('',#4190,0.001);
#267=CIRCLE('',#4191,0.0019);
#268=CIRCLE('',#4192,0.005);
#269=CIRCLE('',#4193,0.00399999999999808);
#270=CIRCLE('',#4194,0.0005);
#271=CIRCLE('',#4195,0.0019);
#272=CIRCLE('',#4196,0.0019);
#273=CIRCLE('',#4197,0.002);
#274=CIRCLE('',#4198,0.002);
#275=CIRCLE('',#4199,0.0019);
#276=CIRCLE('',#4200,0.0005);
#277=CIRCLE('',#4201,0.00399999999999801);
#278=CIRCLE('',#4202,0.005);
#279=CIRCLE('',#4203,0.00490000000000006);
#280=CIRCLE('',#4204,0.005);
#281=CIRCLE('',#4205,0.01);
#282=CIRCLE('',#4206,0.004);
#283=CIRCLE('',#4207,0.0005);
#284=CIRCLE('',#4208,0.0019);
#285=CIRCLE('',#4209,0.002);
#286=CIRCLE('',#4210,0.002);
#287=CIRCLE('',#4211,0.0019);
#288=CIRCLE('',#4212,0.0005);
#289=CIRCLE('',#4213,0.005);
#290=CIRCLE('',#4214,0.0049);
#291=CIRCLE('',#4215,0.001);
#292=CIRCLE('',#4216,0.001);
#293=CIRCLE('',#4217,0.001);
#294=CIRCLE('',#4218,0.001);
#295=CIRCLE('',#4219,0.001);
#296=CIRCLE('',#4220,0.001);
#297=CIRCLE('',#4221,0.001);
#298=CIRCLE('',#4222,0.001);
#299=CIRCLE('',#4223,0.001);
#300=CIRCLE('',#4224,0.001);
#301=CIRCLE('',#4225,0.001);
#302=CIRCLE('',#4226,0.01);
#303=CIRCLE('',#4227,0.001);
#304=CIRCLE('',#4228,0.001);
#305=CIRCLE('',#4229,0.01);
#306=CIRCLE('',#4230,0.001);
#307=CIRCLE('',#4231,0.001);
#308=CIRCLE('',#4232,0.001);
#309=CIRCLE('',#4233,0.001);
#310=CIRCLE('',#4234,0.001);
#311=CIRCLE('',#4235,0.001);
#312=CIRCLE('',#4236,0.001);
#313=CIRCLE('',#4237,0.001);
#314=CIRCLE('',#4238,0.001);
#315=CIRCLE('',#4239,0.001);
#316=CIRCLE('',#4240,0.001);
#317=CIRCLE('',#4241,0.001);
#318=CIRCLE('',#4242,0.001);
#319=CIRCLE('',#4243,0.001);
#320=CIRCLE('',#4244,0.001);
#321=CIRCLE('',#4245,0.001);
#322=CIRCLE('',#4246,0.007);
#323=CIRCLE('',#4247,0.007);
#324=CIRCLE('',#4248,0.007);
#325=CIRCLE('',#4249,0.0019);
#326=CIRCLE('',#4250,0.0019);
#327=CIRCLE('',#4251,0.001);
#328=CIRCLE('',#4252,0.001);
#329=CIRCLE('',#4253,0.001);
#330=CIRCLE('',#4254,0.001);
#331=CIRCLE('',#4255,0.001);
#332=CIRCLE('',#4256,0.001);
#333=CIRCLE('',#4257,0.001);
#334=CIRCLE('',#4258,0.001);
#335=CIRCLE('',#4259,0.001);
#336=CIRCLE('',#4260,0.00399999999999988);
#337=CIRCLE('',#4261,0.001);
#338=CIRCLE('',#4262,0.001);
#339=CIRCLE('',#4263,0.01);
#340=CIRCLE('',#4264,0.001);
#341=CIRCLE('',#4265,0.001);
#342=CIRCLE('',#4266,0.01);
#343=CIRCLE('',#4267,0.001);
#344=CIRCLE('',#4268,0.001);
#345=CIRCLE('',#4269,0.01);
#346=CIRCLE('',#4270,0.001);
#347=CIRCLE('',#4271,0.001);
#348=CIRCLE('',#4272,0.004);
#349=CIRCLE('',#4273,0.001);
#350=CIRCLE('',#4274,0.001);
#351=CIRCLE('',#4275,0.001);
#352=CIRCLE('',#4276,0.01);
#353=CIRCLE('',#4277,0.001);
#354=CIRCLE('',#4278,0.00899999999999924);
#355=CIRCLE('',#4279,0.001);
#356=CIRCLE('',#4280,0.01);
#357=CIRCLE('',#4281,0.001);
#358=CIRCLE('',#4282,0.001);
#359=CIRCLE('',#4283,0.01);
#360=CIRCLE('',#4284,0.001);
#361=CIRCLE('',#4285,0.001);
#362=CIRCLE('',#4286,0.0049000000000001);
#363=CIRCLE('',#4287,0.001);
#364=CIRCLE('',#4288,0.001);
#365=CIRCLE('',#4289,0.01);
#366=CIRCLE('',#4290,0.001);
#367=CIRCLE('',#4291,0.01);
#368=CIRCLE('',#4292,0.001);
#369=CIRCLE('',#4293,0.001);
#370=CIRCLE('',#4294,0.01);
#371=CIRCLE('',#4295,0.001);
#372=CIRCLE('',#4296,0.001);
#373=CIRCLE('',#4297,0.001);
#374=CIRCLE('',#4298,0.001);
#375=CIRCLE('',#4299,0.004);
#376=CIRCLE('',#4300,0.001);
#377=CIRCLE('',#4301,0.001);
#378=CIRCLE('',#4302,0.01);
#379=CIRCLE('',#4303,0.001);
#380=CIRCLE('',#4304,0.001);
#381=ORIENTED_EDGE('',*,*,#1569,.F.);
#382=ORIENTED_EDGE('',*,*,#1570,.T.);
#383=ORIENTED_EDGE('',*,*,#1571,.F.);
#384=ORIENTED_EDGE('',*,*,#1572,.T.);
#385=ORIENTED_EDGE('',*,*,#1573,.T.);
#386=ORIENTED_EDGE('',*,*,#1574,.T.);
#387=ORIENTED_EDGE('',*,*,#1575,.F.);
#388=ORIENTED_EDGE('',*,*,#1576,.T.);
#389=ORIENTED_EDGE('',*,*,#1577,.F.);
#390=ORIENTED_EDGE('',*,*,#1578,.T.);
#391=ORIENTED_EDGE('',*,*,#1579,.T.);
#392=ORIENTED_EDGE('',*,*,#1580,.T.);
#393=ORIENTED_EDGE('',*,*,#1581,.F.);
#394=ORIENTED_EDGE('',*,*,#1582,.T.);
#395=ORIENTED_EDGE('',*,*,#1583,.T.);
#396=ORIENTED_EDGE('',*,*,#1584,.T.);
#397=ORIENTED_EDGE('',*,*,#1585,.T.);
#398=ORIENTED_EDGE('',*,*,#1586,.T.);
#399=ORIENTED_EDGE('',*,*,#1587,.T.);
#400=ORIENTED_EDGE('',*,*,#1588,.T.);
#401=ORIENTED_EDGE('',*,*,#1589,.T.);
#402=ORIENTED_EDGE('',*,*,#1590,.T.);
#403=ORIENTED_EDGE('',*,*,#1591,.F.);
#404=ORIENTED_EDGE('',*,*,#1592,.T.);
#405=ORIENTED_EDGE('',*,*,#1593,.T.);
#406=ORIENTED_EDGE('',*,*,#1594,.T.);
#407=ORIENTED_EDGE('',*,*,#1595,.F.);
#408=ORIENTED_EDGE('',*,*,#1596,.T.);
#409=ORIENTED_EDGE('',*,*,#1597,.T.);
#410=ORIENTED_EDGE('',*,*,#1598,.T.);
#411=ORIENTED_EDGE('',*,*,#1599,.F.);
#412=ORIENTED_EDGE('',*,*,#1600,.F.);
#413=ORIENTED_EDGE('',*,*,#1601,.T.);
#414=ORIENTED_EDGE('',*,*,#1602,.T.);
#415=ORIENTED_EDGE('',*,*,#1603,.T.);
#416=ORIENTED_EDGE('',*,*,#1604,.F.);
#417=ORIENTED_EDGE('',*,*,#1605,.T.);
#418=ORIENTED_EDGE('',*,*,#1606,.T.);
#419=ORIENTED_EDGE('',*,*,#1607,.T.);
#420=ORIENTED_EDGE('',*,*,#1608,.T.);
#421=ORIENTED_EDGE('',*,*,#1609,.T.);
#422=ORIENTED_EDGE('',*,*,#1610,.T.);
#423=ORIENTED_EDGE('',*,*,#1611,.T.);
#424=ORIENTED_EDGE('',*,*,#1612,.T.);
#425=ORIENTED_EDGE('',*,*,#1613,.T.);
#426=ORIENTED_EDGE('',*,*,#1614,.T.);
#427=ORIENTED_EDGE('',*,*,#1615,.T.);
#428=ORIENTED_EDGE('',*,*,#1616,.T.);
#429=ORIENTED_EDGE('',*,*,#1617,.T.);
#430=ORIENTED_EDGE('',*,*,#1618,.T.);
#431=ORIENTED_EDGE('',*,*,#1619,.T.);
#432=ORIENTED_EDGE('',*,*,#1620,.T.);
#433=ORIENTED_EDGE('',*,*,#1621,.T.);
#434=ORIENTED_EDGE('',*,*,#1622,.T.);
#435=ORIENTED_EDGE('',*,*,#1623,.T.);
#436=ORIENTED_EDGE('',*,*,#1624,.T.);
#437=ORIENTED_EDGE('',*,*,#1625,.T.);
#438=ORIENTED_EDGE('',*,*,#1626,.T.);
#439=ORIENTED_EDGE('',*,*,#1627,.T.);
#440=ORIENTED_EDGE('',*,*,#1628,.T.);
#441=ORIENTED_EDGE('',*,*,#1629,.T.);
#442=ORIENTED_EDGE('',*,*,#1630,.F.);
#443=ORIENTED_EDGE('',*,*,#1631,.T.);
#444=ORIENTED_EDGE('',*,*,#1632,.T.);
#445=ORIENTED_EDGE('',*,*,#1633,.T.);
#446=ORIENTED_EDGE('',*,*,#1634,.F.);
#447=ORIENTED_EDGE('',*,*,#1635,.T.);
#448=ORIENTED_EDGE('',*,*,#1636,.T.);
#449=ORIENTED_EDGE('',*,*,#1637,.T.);
#450=ORIENTED_EDGE('',*,*,#1638,.F.);
#451=ORIENTED_EDGE('',*,*,#1639,.T.);
#452=ORIENTED_EDGE('',*,*,#1640,.F.);
#453=ORIENTED_EDGE('',*,*,#1641,.T.);
#454=ORIENTED_EDGE('',*,*,#1642,.T.);
#455=ORIENTED_EDGE('',*,*,#1643,.T.);
#456=ORIENTED_EDGE('',*,*,#1644,.F.);
#457=ORIENTED_EDGE('',*,*,#1645,.T.);
#458=ORIENTED_EDGE('',*,*,#1646,.T.);
#459=ORIENTED_EDGE('',*,*,#1647,.T.);
#460=ORIENTED_EDGE('',*,*,#1648,.F.);
#461=ORIENTED_EDGE('',*,*,#1649,.T.);
#462=ORIENTED_EDGE('',*,*,#1650,.F.);
#463=ORIENTED_EDGE('',*,*,#1651,.T.);
#464=ORIENTED_EDGE('',*,*,#1652,.F.);
#465=ORIENTED_EDGE('',*,*,#1653,.T.);
#466=ORIENTED_EDGE('',*,*,#1654,.T.);
#467=ORIENTED_EDGE('',*,*,#1655,.T.);
#468=ORIENTED_EDGE('',*,*,#1656,.F.);
#469=ORIENTED_EDGE('',*,*,#1657,.T.);
#470=ORIENTED_EDGE('',*,*,#1658,.T.);
#471=ORIENTED_EDGE('',*,*,#1659,.T.);
#472=ORIENTED_EDGE('',*,*,#1660,.F.);
#473=ORIENTED_EDGE('',*,*,#1661,.T.);
#474=ORIENTED_EDGE('',*,*,#1662,.F.);
#475=ORIENTED_EDGE('',*,*,#1663,.T.);
#476=ORIENTED_EDGE('',*,*,#1664,.F.);
#477=ORIENTED_EDGE('',*,*,#1665,.T.);
#478=ORIENTED_EDGE('',*,*,#1666,.F.);
#479=ORIENTED_EDGE('',*,*,#1667,.T.);
#480=ORIENTED_EDGE('',*,*,#1668,.F.);
#481=ORIENTED_EDGE('',*,*,#1669,.T.);
#482=ORIENTED_EDGE('',*,*,#1670,.F.);
#483=ORIENTED_EDGE('',*,*,#1671,.T.);
#484=ORIENTED_EDGE('',*,*,#1672,.T.);
#485=ORIENTED_EDGE('',*,*,#1673,.T.);
#486=ORIENTED_EDGE('',*,*,#1674,.F.);
#487=ORIENTED_EDGE('',*,*,#1675,.T.);
#488=ORIENTED_EDGE('',*,*,#1676,.F.);
#489=ORIENTED_EDGE('',*,*,#1677,.T.);
#490=ORIENTED_EDGE('',*,*,#1678,.F.);
#491=ORIENTED_EDGE('',*,*,#1679,.T.);
#492=ORIENTED_EDGE('',*,*,#1680,.F.);
#493=ORIENTED_EDGE('',*,*,#1681,.T.);
#494=ORIENTED_EDGE('',*,*,#1682,.F.);
#495=ORIENTED_EDGE('',*,*,#1683,.T.);
#496=ORIENTED_EDGE('',*,*,#1684,.F.);
#497=ORIENTED_EDGE('',*,*,#1685,.T.);
#498=ORIENTED_EDGE('',*,*,#1686,.T.);
#499=ORIENTED_EDGE('',*,*,#1687,.T.);
#500=ORIENTED_EDGE('',*,*,#1688,.F.);
#501=ORIENTED_EDGE('',*,*,#1689,.T.);
#502=ORIENTED_EDGE('',*,*,#1690,.T.);
#503=ORIENTED_EDGE('',*,*,#1691,.T.);
#504=ORIENTED_EDGE('',*,*,#1692,.T.);
#505=ORIENTED_EDGE('',*,*,#1693,.T.);
#506=ORIENTED_EDGE('',*,*,#1694,.F.);
#507=ORIENTED_EDGE('',*,*,#1695,.T.);
#508=ORIENTED_EDGE('',*,*,#1696,.T.);
#509=ORIENTED_EDGE('',*,*,#1697,.T.);
#510=ORIENTED_EDGE('',*,*,#1698,.T.);
#511=ORIENTED_EDGE('',*,*,#1699,.F.);
#512=ORIENTED_EDGE('',*,*,#1700,.T.);
#513=ORIENTED_EDGE('',*,*,#1701,.T.);
#514=ORIENTED_EDGE('',*,*,#1702,.T.);
#515=ORIENTED_EDGE('',*,*,#1703,.F.);
#516=ORIENTED_EDGE('',*,*,#1704,.T.);
#517=ORIENTED_EDGE('',*,*,#1705,.F.);
#518=ORIENTED_EDGE('',*,*,#1706,.T.);
#519=ORIENTED_EDGE('',*,*,#1707,.T.);
#520=ORIENTED_EDGE('',*,*,#1708,.T.);
#521=ORIENTED_EDGE('',*,*,#1709,.T.);
#522=ORIENTED_EDGE('',*,*,#1710,.F.);
#523=ORIENTED_EDGE('',*,*,#1711,.F.);
#524=ORIENTED_EDGE('',*,*,#1712,.F.);
#525=ORIENTED_EDGE('',*,*,#1713,.T.);
#526=ORIENTED_EDGE('',*,*,#1714,.T.);
#527=ORIENTED_EDGE('',*,*,#1715,.T.);
#528=ORIENTED_EDGE('',*,*,#1716,.F.);
#529=ORIENTED_EDGE('',*,*,#1717,.T.);
#530=ORIENTED_EDGE('',*,*,#1718,.T.);
#531=ORIENTED_EDGE('',*,*,#1719,.T.);
#532=ORIENTED_EDGE('',*,*,#1720,.T.);
#533=ORIENTED_EDGE('',*,*,#1721,.T.);
#534=ORIENTED_EDGE('',*,*,#1722,.T.);
#535=ORIENTED_EDGE('',*,*,#1723,.T.);
#536=ORIENTED_EDGE('',*,*,#1724,.T.);
#537=ORIENTED_EDGE('',*,*,#1725,.T.);
#538=ORIENTED_EDGE('',*,*,#1726,.T.);
#539=ORIENTED_EDGE('',*,*,#1727,.F.);
#540=ORIENTED_EDGE('',*,*,#1728,.T.);
#541=ORIENTED_EDGE('',*,*,#1729,.T.);
#542=ORIENTED_EDGE('',*,*,#1730,.T.);
#543=ORIENTED_EDGE('',*,*,#1731,.T.);
#544=ORIENTED_EDGE('',*,*,#1732,.T.);
#545=ORIENTED_EDGE('',*,*,#1733,.T.);
#546=ORIENTED_EDGE('',*,*,#1734,.T.);
#547=ORIENTED_EDGE('',*,*,#1735,.F.);
#548=ORIENTED_EDGE('',*,*,#1736,.T.);
#549=ORIENTED_EDGE('',*,*,#1737,.T.);
#550=ORIENTED_EDGE('',*,*,#1738,.T.);
#551=ORIENTED_EDGE('',*,*,#1739,.T.);
#552=ORIENTED_EDGE('',*,*,#1740,.T.);
#553=ORIENTED_EDGE('',*,*,#1741,.T.);
#554=ORIENTED_EDGE('',*,*,#1742,.T.);
#555=ORIENTED_EDGE('',*,*,#1743,.T.);
#556=ORIENTED_EDGE('',*,*,#1744,.T.);
#557=ORIENTED_EDGE('',*,*,#1745,.F.);
#558=ORIENTED_EDGE('',*,*,#1746,.T.);
#559=ORIENTED_EDGE('',*,*,#1747,.F.);
#560=ORIENTED_EDGE('',*,*,#1748,.T.);
#561=ORIENTED_EDGE('',*,*,#1749,.T.);
#562=ORIENTED_EDGE('',*,*,#1750,.T.);
#563=ORIENTED_EDGE('',*,*,#1751,.F.);
#564=ORIENTED_EDGE('',*,*,#1752,.T.);
#565=ORIENTED_EDGE('',*,*,#1753,.T.);
#566=ORIENTED_EDGE('',*,*,#1754,.T.);
#567=ORIENTED_EDGE('',*,*,#1755,.T.);
#568=ORIENTED_EDGE('',*,*,#1756,.T.);
#569=ORIENTED_EDGE('',*,*,#1757,.T.);
#570=ORIENTED_EDGE('',*,*,#1758,.T.);
#571=ORIENTED_EDGE('',*,*,#1759,.T.);
#572=ORIENTED_EDGE('',*,*,#1760,.T.);
#573=ORIENTED_EDGE('',*,*,#1761,.T.);
#574=ORIENTED_EDGE('',*,*,#1762,.T.);
#575=ORIENTED_EDGE('',*,*,#1763,.T.);
#576=ORIENTED_EDGE('',*,*,#1764,.T.);
#577=ORIENTED_EDGE('',*,*,#1765,.F.);
#578=ORIENTED_EDGE('',*,*,#1766,.T.);
#579=ORIENTED_EDGE('',*,*,#1767,.F.);
#580=ORIENTED_EDGE('',*,*,#1768,.T.);
#581=ORIENTED_EDGE('',*,*,#1769,.F.);
#582=ORIENTED_EDGE('',*,*,#1770,.T.);
#583=ORIENTED_EDGE('',*,*,#1771,.F.);
#584=ORIENTED_EDGE('',*,*,#1772,.T.);
#585=ORIENTED_EDGE('',*,*,#1773,.T.);
#586=ORIENTED_EDGE('',*,*,#1774,.T.);
#587=ORIENTED_EDGE('',*,*,#1775,.F.);
#588=ORIENTED_EDGE('',*,*,#1776,.T.);
#589=ORIENTED_EDGE('',*,*,#1777,.F.);
#590=ORIENTED_EDGE('',*,*,#1778,.T.);
#591=ORIENTED_EDGE('',*,*,#1779,.T.);
#592=ORIENTED_EDGE('',*,*,#1780,.T.);
#593=ORIENTED_EDGE('',*,*,#1781,.F.);
#594=ORIENTED_EDGE('',*,*,#1782,.F.);
#595=ORIENTED_EDGE('',*,*,#1783,.T.);
#596=ORIENTED_EDGE('',*,*,#1784,.F.);
#597=ORIENTED_EDGE('',*,*,#1785,.T.);
#598=ORIENTED_EDGE('',*,*,#1786,.F.);
#599=ORIENTED_EDGE('',*,*,#1787,.T.);
#600=ORIENTED_EDGE('',*,*,#1788,.F.);
#601=ORIENTED_EDGE('',*,*,#1789,.F.);
#602=ORIENTED_EDGE('',*,*,#1790,.F.);
#603=ORIENTED_EDGE('',*,*,#1791,.F.);
#604=ORIENTED_EDGE('',*,*,#1792,.F.);
#605=ORIENTED_EDGE('',*,*,#1793,.T.);
#606=ORIENTED_EDGE('',*,*,#1794,.T.);
#607=ORIENTED_EDGE('',*,*,#1795,.F.);
#608=ORIENTED_EDGE('',*,*,#1796,.T.);
#609=ORIENTED_EDGE('',*,*,#1797,.F.);
#610=ORIENTED_EDGE('',*,*,#1798,.F.);
#611=ORIENTED_EDGE('',*,*,#1799,.F.);
#612=ORIENTED_EDGE('',*,*,#1800,.T.);
#613=ORIENTED_EDGE('',*,*,#1801,.F.);
#614=ORIENTED_EDGE('',*,*,#1802,.F.);
#615=ORIENTED_EDGE('',*,*,#1803,.T.);
#616=ORIENTED_EDGE('',*,*,#1804,.T.);
#617=ORIENTED_EDGE('',*,*,#1805,.F.);
#618=ORIENTED_EDGE('',*,*,#1806,.F.);
#619=ORIENTED_EDGE('',*,*,#1807,.T.);
#620=ORIENTED_EDGE('',*,*,#1808,.T.);
#621=ORIENTED_EDGE('',*,*,#1809,.T.);
#622=ORIENTED_EDGE('',*,*,#1810,.T.);
#623=ORIENTED_EDGE('',*,*,#1811,.F.);
#624=ORIENTED_EDGE('',*,*,#1812,.T.);
#625=ORIENTED_EDGE('',*,*,#1813,.F.);
#626=ORIENTED_EDGE('',*,*,#1814,.F.);
#627=ORIENTED_EDGE('',*,*,#1815,.T.);
#628=ORIENTED_EDGE('',*,*,#1816,.T.);
#629=ORIENTED_EDGE('',*,*,#1817,.T.);
#630=ORIENTED_EDGE('',*,*,#1818,.T.);
#631=ORIENTED_EDGE('',*,*,#1819,.F.);
#632=ORIENTED_EDGE('',*,*,#1820,.F.);
#633=ORIENTED_EDGE('',*,*,#1821,.T.);
#634=ORIENTED_EDGE('',*,*,#1822,.T.);
#635=ORIENTED_EDGE('',*,*,#1823,.F.);
#636=ORIENTED_EDGE('',*,*,#1824,.T.);
#637=ORIENTED_EDGE('',*,*,#1825,.F.);
#638=ORIENTED_EDGE('',*,*,#1826,.T.);
#639=ORIENTED_EDGE('',*,*,#1827,.T.);
#640=ORIENTED_EDGE('',*,*,#1828,.T.);
#641=ORIENTED_EDGE('',*,*,#1829,.T.);
#642=ORIENTED_EDGE('',*,*,#1830,.T.);
#643=ORIENTED_EDGE('',*,*,#1831,.T.);
#644=ORIENTED_EDGE('',*,*,#1832,.T.);
#645=ORIENTED_EDGE('',*,*,#1833,.T.);
#646=ORIENTED_EDGE('',*,*,#1834,.T.);
#647=ORIENTED_EDGE('',*,*,#1835,.F.);
#648=ORIENTED_EDGE('',*,*,#1836,.T.);
#649=ORIENTED_EDGE('',*,*,#1837,.T.);
#650=ORIENTED_EDGE('',*,*,#1838,.T.);
#651=ORIENTED_EDGE('',*,*,#1839,.T.);
#652=ORIENTED_EDGE('',*,*,#1840,.T.);
#653=ORIENTED_EDGE('',*,*,#1841,.T.);
#654=ORIENTED_EDGE('',*,*,#1842,.T.);
#655=ORIENTED_EDGE('',*,*,#1843,.T.);
#656=ORIENTED_EDGE('',*,*,#1844,.T.);
#657=ORIENTED_EDGE('',*,*,#1845,.T.);
#658=ORIENTED_EDGE('',*,*,#1846,.T.);
#659=ORIENTED_EDGE('',*,*,#1847,.T.);
#660=ORIENTED_EDGE('',*,*,#1848,.T.);
#661=ORIENTED_EDGE('',*,*,#1849,.T.);
#662=ORIENTED_EDGE('',*,*,#1850,.T.);
#663=ORIENTED_EDGE('',*,*,#1851,.F.);
#664=ORIENTED_EDGE('',*,*,#1852,.T.);
#665=ORIENTED_EDGE('',*,*,#1853,.T.);
#666=ORIENTED_EDGE('',*,*,#1854,.T.);
#667=ORIENTED_EDGE('',*,*,#1855,.F.);
#668=ORIENTED_EDGE('',*,*,#1856,.T.);
#669=ORIENTED_EDGE('',*,*,#1857,.T.);
#670=ORIENTED_EDGE('',*,*,#1858,.T.);
#671=ORIENTED_EDGE('',*,*,#1859,.F.);
#672=ORIENTED_EDGE('',*,*,#1860,.T.);
#673=ORIENTED_EDGE('',*,*,#1861,.T.);
#674=ORIENTED_EDGE('',*,*,#1862,.T.);
#675=ORIENTED_EDGE('',*,*,#1863,.F.);
#676=ORIENTED_EDGE('',*,*,#1864,.T.);
#677=ORIENTED_EDGE('',*,*,#1865,.T.);
#678=ORIENTED_EDGE('',*,*,#1866,.T.);
#679=ORIENTED_EDGE('',*,*,#1867,.F.);
#680=ORIENTED_EDGE('',*,*,#1868,.T.);
#681=ORIENTED_EDGE('',*,*,#1869,.T.);
#682=ORIENTED_EDGE('',*,*,#1870,.T.);
#683=ORIENTED_EDGE('',*,*,#1871,.T.);
#684=ORIENTED_EDGE('',*,*,#1872,.T.);
#685=ORIENTED_EDGE('',*,*,#1873,.T.);
#686=ORIENTED_EDGE('',*,*,#1874,.T.);
#687=ORIENTED_EDGE('',*,*,#1875,.T.);
#688=ORIENTED_EDGE('',*,*,#1876,.T.);
#689=ORIENTED_EDGE('',*,*,#1877,.T.);
#690=ORIENTED_EDGE('',*,*,#1878,.T.);
#691=ORIENTED_EDGE('',*,*,#1879,.F.);
#692=ORIENTED_EDGE('',*,*,#1880,.T.);
#693=ORIENTED_EDGE('',*,*,#1881,.T.);
#694=ORIENTED_EDGE('',*,*,#1882,.T.);
#695=ORIENTED_EDGE('',*,*,#1883,.F.);
#696=ORIENTED_EDGE('',*,*,#1884,.T.);
#697=ORIENTED_EDGE('',*,*,#1885,.F.);
#698=ORIENTED_EDGE('',*,*,#1886,.F.);
#699=ORIENTED_EDGE('',*,*,#1887,.F.);
#700=ORIENTED_EDGE('',*,*,#1888,.T.);
#701=ORIENTED_EDGE('',*,*,#1889,.F.);
#702=ORIENTED_EDGE('',*,*,#1890,.F.);
#703=ORIENTED_EDGE('',*,*,#1891,.T.);
#704=ORIENTED_EDGE('',*,*,#1892,.F.);
#705=ORIENTED_EDGE('',*,*,#1893,.T.);
#706=ORIENTED_EDGE('',*,*,#1894,.F.);
#707=ORIENTED_EDGE('',*,*,#1895,.T.);
#708=ORIENTED_EDGE('',*,*,#1896,.F.);
#709=ORIENTED_EDGE('',*,*,#1897,.T.);
#710=ORIENTED_EDGE('',*,*,#1898,.F.);
#711=ORIENTED_EDGE('',*,*,#1899,.T.);
#712=ORIENTED_EDGE('',*,*,#1900,.F.);
#713=ORIENTED_EDGE('',*,*,#1901,.T.);
#714=ORIENTED_EDGE('',*,*,#1902,.F.);
#715=ORIENTED_EDGE('',*,*,#1903,.T.);
#716=ORIENTED_EDGE('',*,*,#1904,.F.);
#717=ORIENTED_EDGE('',*,*,#1905,.T.);
#718=ORIENTED_EDGE('',*,*,#1906,.F.);
#719=ORIENTED_EDGE('',*,*,#1907,.T.);
#720=ORIENTED_EDGE('',*,*,#1908,.T.);
#721=ORIENTED_EDGE('',*,*,#1909,.T.);
#722=ORIENTED_EDGE('',*,*,#1910,.F.);
#723=ORIENTED_EDGE('',*,*,#1911,.T.);
#724=ORIENTED_EDGE('',*,*,#1912,.T.);
#725=ORIENTED_EDGE('',*,*,#1913,.T.);
#726=ORIENTED_EDGE('',*,*,#1914,.T.);
#727=ORIENTED_EDGE('',*,*,#1915,.T.);
#728=ORIENTED_EDGE('',*,*,#1916,.T.);
#729=ORIENTED_EDGE('',*,*,#1917,.T.);
#730=ORIENTED_EDGE('',*,*,#1918,.T.);
#731=ORIENTED_EDGE('',*,*,#1919,.T.);
#732=ORIENTED_EDGE('',*,*,#1920,.T.);
#733=ORIENTED_EDGE('',*,*,#1921,.T.);
#734=ORIENTED_EDGE('',*,*,#1922,.T.);
#735=ORIENTED_EDGE('',*,*,#1923,.T.);
#736=ORIENTED_EDGE('',*,*,#1924,.T.);
#737=ORIENTED_EDGE('',*,*,#1925,.T.);
#738=ORIENTED_EDGE('',*,*,#1926,.F.);
#739=ORIENTED_EDGE('',*,*,#1927,.T.);
#740=ORIENTED_EDGE('',*,*,#1928,.F.);
#741=ORIENTED_EDGE('',*,*,#1929,.T.);
#742=ORIENTED_EDGE('',*,*,#1930,.T.);
#743=ORIENTED_EDGE('',*,*,#1931,.T.);
#744=ORIENTED_EDGE('',*,*,#1932,.F.);
#745=ORIENTED_EDGE('',*,*,#1933,.F.);
#746=ORIENTED_EDGE('',*,*,#1934,.T.);
#747=ORIENTED_EDGE('',*,*,#1935,.T.);
#748=ORIENTED_EDGE('',*,*,#1936,.T.);
#749=ORIENTED_EDGE('',*,*,#1937,.F.);
#750=ORIENTED_EDGE('',*,*,#1938,.T.);
#751=ORIENTED_EDGE('',*,*,#1939,.T.);
#752=ORIENTED_EDGE('',*,*,#1940,.T.);
#753=ORIENTED_EDGE('',*,*,#1941,.F.);
#754=ORIENTED_EDGE('',*,*,#1942,.T.);
#755=ORIENTED_EDGE('',*,*,#1943,.T.);
#756=ORIENTED_EDGE('',*,*,#1944,.T.);
#757=ORIENTED_EDGE('',*,*,#1945,.T.);
#758=ORIENTED_EDGE('',*,*,#1946,.T.);
#759=ORIENTED_EDGE('',*,*,#1947,.T.);
#760=ORIENTED_EDGE('',*,*,#1948,.T.);
#761=ORIENTED_EDGE('',*,*,#1949,.T.);
#762=ORIENTED_EDGE('',*,*,#1950,.T.);
#763=ORIENTED_EDGE('',*,*,#1951,.T.);
#764=ORIENTED_EDGE('',*,*,#1952,.T.);
#765=ORIENTED_EDGE('',*,*,#1953,.T.);
#766=ORIENTED_EDGE('',*,*,#1954,.T.);
#767=ORIENTED_EDGE('',*,*,#1955,.F.);
#768=ORIENTED_EDGE('',*,*,#1956,.T.);
#769=ORIENTED_EDGE('',*,*,#1957,.T.);
#770=ORIENTED_EDGE('',*,*,#1958,.T.);
#771=ORIENTED_EDGE('',*,*,#1959,.F.);
#772=ORIENTED_EDGE('',*,*,#1960,.T.);
#773=ORIENTED_EDGE('',*,*,#1961,.T.);
#774=ORIENTED_EDGE('',*,*,#1962,.T.);
#775=ORIENTED_EDGE('',*,*,#1963,.T.);
#776=ORIENTED_EDGE('',*,*,#1964,.T.);
#777=ORIENTED_EDGE('',*,*,#1965,.T.);
#778=ORIENTED_EDGE('',*,*,#1966,.T.);
#779=ORIENTED_EDGE('',*,*,#1967,.F.);
#780=ORIENTED_EDGE('',*,*,#1968,.T.);
#781=ORIENTED_EDGE('',*,*,#1859,.T.);
#782=ORIENTED_EDGE('',*,*,#1969,.T.);
#783=ORIENTED_EDGE('',*,*,#1654,.F.);
#784=ORIENTED_EDGE('',*,*,#1970,.T.);
#785=ORIENTED_EDGE('',*,*,#1855,.T.);
#786=ORIENTED_EDGE('',*,*,#1971,.T.);
#787=ORIENTED_EDGE('',*,*,#1690,.F.);
#788=ORIENTED_EDGE('',*,*,#1972,.T.);
#789=ORIENTED_EDGE('',*,*,#1867,.T.);
#790=ORIENTED_EDGE('',*,*,#1973,.T.);
#791=ORIENTED_EDGE('',*,*,#1646,.F.);
#792=ORIENTED_EDGE('',*,*,#1974,.T.);
#793=ORIENTED_EDGE('',*,*,#1676,.T.);
#794=ORIENTED_EDGE('',*,*,#1975,.T.);
#795=ORIENTED_EDGE('',*,*,#1831,.F.);
#796=ORIENTED_EDGE('',*,*,#1976,.T.);
#797=ORIENTED_EDGE('',*,*,#1668,.T.);
#798=ORIENTED_EDGE('',*,*,#1977,.T.);
#799=ORIENTED_EDGE('',*,*,#1839,.F.);
#800=ORIENTED_EDGE('',*,*,#1978,.T.);
#801=ORIENTED_EDGE('',*,*,#1660,.T.);
#802=ORIENTED_EDGE('',*,*,#1979,.T.);
#803=ORIENTED_EDGE('',*,*,#1847,.F.);
#804=ORIENTED_EDGE('',*,*,#1980,.T.);
#805=ORIENTED_EDGE('',*,*,#1853,.F.);
#806=ORIENTED_EDGE('',*,*,#1981,.T.);
#807=ORIENTED_EDGE('',*,*,#1684,.T.);
#808=ORIENTED_EDGE('',*,*,#1982,.T.);
#809=ORIENTED_EDGE('',*,*,#1784,.T.);
#810=ORIENTED_EDGE('',*,*,#1983,.T.);
#811=ORIENTED_EDGE('',*,*,#1736,.F.);
#812=ORIENTED_EDGE('',*,*,#1984,.T.);
#813=ORIENTED_EDGE('',*,*,#1698,.F.);
#814=ORIENTED_EDGE('',*,*,#1985,.T.);
#815=ORIENTED_EDGE('',*,*,#1822,.F.);
#816=ORIENTED_EDGE('',*,*,#1986,.F.);
#817=ORIENTED_EDGE('',*,*,#1703,.T.);
#818=ORIENTED_EDGE('',*,*,#1987,.T.);
#819=ORIENTED_EDGE('',*,*,#1817,.F.);
#820=ORIENTED_EDGE('',*,*,#1988,.T.);
#821=ORIENTED_EDGE('',*,*,#1989,.T.);
#822=ORIENTED_EDGE('',*,*,#1795,.T.);
#823=ORIENTED_EDGE('',*,*,#1990,.T.);
#824=ORIENTED_EDGE('',*,*,#1725,.F.);
#825=ORIENTED_EDGE('',*,*,#1991,.F.);
#826=ORIENTED_EDGE('',*,*,#1710,.T.);
#827=ORIENTED_EDGE('',*,*,#1992,.T.);
#828=ORIENTED_EDGE('',*,*,#1810,.F.);
#829=ORIENTED_EDGE('',*,*,#1808,.F.);
#830=ORIENTED_EDGE('',*,*,#1993,.T.);
#831=ORIENTED_EDGE('',*,*,#1712,.T.);
#832=ORIENTED_EDGE('',*,*,#1994,.T.);
#833=ORIENTED_EDGE('',*,*,#1718,.F.);
#834=ORIENTED_EDGE('',*,*,#1995,.T.);
#835=ORIENTED_EDGE('',*,*,#1802,.T.);
#836=ORIENTED_EDGE('',*,*,#1996,.F.);
#837=ORIENTED_EDGE('',*,*,#1984,.F.);
#838=ORIENTED_EDGE('',*,*,#1735,.T.);
#839=ORIENTED_EDGE('',*,*,#1997,.T.);
#840=ORIENTED_EDGE('',*,*,#1785,.F.);
#841=ORIENTED_EDGE('',*,*,#1709,.F.);
#842=ORIENTED_EDGE('',*,*,#1998,.T.);
#843=ORIENTED_EDGE('',*,*,#1811,.T.);
#844=ORIENTED_EDGE('',*,*,#1992,.F.);
#845=ORIENTED_EDGE('',*,*,#1996,.T.);
#846=ORIENTED_EDGE('',*,*,#1801,.T.);
#847=ORIENTED_EDGE('',*,*,#1999,.T.);
#848=ORIENTED_EDGE('',*,*,#1719,.F.);
#849=ORIENTED_EDGE('',*,*,#1994,.F.);
#850=ORIENTED_EDGE('',*,*,#1711,.T.);
#851=ORIENTED_EDGE('',*,*,#1991,.T.);
#852=ORIENTED_EDGE('',*,*,#1809,.F.);
#853=ORIENTED_EDGE('',*,*,#1734,.F.);
#854=ORIENTED_EDGE('',*,*,#2000,.T.);
#855=ORIENTED_EDGE('',*,*,#1786,.T.);
#856=ORIENTED_EDGE('',*,*,#1997,.F.);
#857=ORIENTED_EDGE('',*,*,#2001,.T.);
#858=ORIENTED_EDGE('',*,*,#1788,.T.);
#859=ORIENTED_EDGE('',*,*,#2002,.T.);
#860=ORIENTED_EDGE('',*,*,#1732,.F.);
#861=ORIENTED_EDGE('',*,*,#2001,.F.);
#862=ORIENTED_EDGE('',*,*,#1731,.F.);
#863=ORIENTED_EDGE('',*,*,#2003,.T.);
#864=ORIENTED_EDGE('',*,*,#1789,.T.);
#865=ORIENTED_EDGE('',*,*,#2003,.F.);
#866=ORIENTED_EDGE('',*,*,#1730,.F.);
#867=ORIENTED_EDGE('',*,*,#2004,.T.);
#868=ORIENTED_EDGE('',*,*,#1790,.T.);
#869=ORIENTED_EDGE('',*,*,#2004,.F.);
#870=ORIENTED_EDGE('',*,*,#1729,.F.);
#871=ORIENTED_EDGE('',*,*,#2005,.T.);
#872=ORIENTED_EDGE('',*,*,#1791,.T.);
#873=ORIENTED_EDGE('',*,*,#2005,.F.);
#874=ORIENTED_EDGE('',*,*,#1728,.F.);
#875=ORIENTED_EDGE('',*,*,#2006,.T.);
#876=ORIENTED_EDGE('',*,*,#1792,.T.);
#877=ORIENTED_EDGE('',*,*,#1727,.T.);
#878=ORIENTED_EDGE('',*,*,#2007,.T.);
#879=ORIENTED_EDGE('',*,*,#1793,.F.);
#880=ORIENTED_EDGE('',*,*,#2006,.F.);
#881=ORIENTED_EDGE('',*,*,#2008,.T.);
#882=ORIENTED_EDGE('',*,*,#1797,.T.);
#883=ORIENTED_EDGE('',*,*,#2009,.T.);
#884=ORIENTED_EDGE('',*,*,#1723,.F.);
#885=ORIENTED_EDGE('',*,*,#2008,.F.);
#886=ORIENTED_EDGE('',*,*,#1722,.F.);
#887=ORIENTED_EDGE('',*,*,#2010,.T.);
#888=ORIENTED_EDGE('',*,*,#1798,.T.);
#889=ORIENTED_EDGE('',*,*,#1721,.F.);
#890=ORIENTED_EDGE('',*,*,#2011,.T.);
#891=ORIENTED_EDGE('',*,*,#1799,.T.);
#892=ORIENTED_EDGE('',*,*,#2010,.F.);
#893=ORIENTED_EDGE('',*,*,#1632,.F.);
#894=ORIENTED_EDGE('',*,*,#1886,.T.);
#895=ORIENTED_EDGE('',*,*,#1633,.F.);
#896=ORIENTED_EDGE('',*,*,#1887,.T.);
#897=ORIENTED_EDGE('',*,*,#1706,.F.);
#898=ORIENTED_EDGE('',*,*,#2012,.T.);
#899=ORIENTED_EDGE('',*,*,#1814,.T.);
#900=ORIENTED_EDGE('',*,*,#2013,.F.);
#901=ORIENTED_EDGE('',*,*,#1700,.F.);
#902=ORIENTED_EDGE('',*,*,#2014,.T.);
#903=ORIENTED_EDGE('',*,*,#1820,.T.);
#904=ORIENTED_EDGE('',*,*,#2015,.F.);
#905=ORIENTED_EDGE('',*,*,#2016,.T.);
#906=ORIENTED_EDGE('',*,*,#1875,.F.);
#907=ORIENTED_EDGE('',*,*,#2017,.T.);
#908=ORIENTED_EDGE('',*,*,#1640,.T.);
#909=ORIENTED_EDGE('',*,*,#1883,.T.);
#910=ORIENTED_EDGE('',*,*,#2018,.T.);
#911=ORIENTED_EDGE('',*,*,#1642,.F.);
#912=ORIENTED_EDGE('',*,*,#2019,.T.);
#913=ORIENTED_EDGE('',*,*,#1877,.F.);
#914=ORIENTED_EDGE('',*,*,#2020,.T.);
#915=ORIENTED_EDGE('',*,*,#1638,.T.);
#916=ORIENTED_EDGE('',*,*,#2021,.T.);
#917=ORIENTED_EDGE('',*,*,#1849,.F.);
#918=ORIENTED_EDGE('',*,*,#2022,.T.);
#919=ORIENTED_EDGE('',*,*,#1666,.T.);
#920=ORIENTED_EDGE('',*,*,#2023,.T.);
#921=ORIENTED_EDGE('',*,*,#1631,.F.);
#922=ORIENTED_EDGE('',*,*,#1885,.T.);
#923=ORIENTED_EDGE('',*,*,#1733,.F.);
#924=ORIENTED_EDGE('',*,*,#2002,.F.);
#925=ORIENTED_EDGE('',*,*,#1787,.F.);
#926=ORIENTED_EDGE('',*,*,#2000,.F.);
#927=ORIENTED_EDGE('',*,*,#1720,.F.);
#928=ORIENTED_EDGE('',*,*,#1999,.F.);
#929=ORIENTED_EDGE('',*,*,#1800,.F.);
#930=ORIENTED_EDGE('',*,*,#2011,.F.);
#931=ORIENTED_EDGE('',*,*,#1726,.F.);
#932=ORIENTED_EDGE('',*,*,#1990,.F.);
#933=ORIENTED_EDGE('',*,*,#1794,.F.);
#934=ORIENTED_EDGE('',*,*,#2007,.F.);
#935=ORIENTED_EDGE('',*,*,#1724,.F.);
#936=ORIENTED_EDGE('',*,*,#2009,.F.);
#937=ORIENTED_EDGE('',*,*,#1796,.F.);
#938=ORIENTED_EDGE('',*,*,#1989,.F.);
#939=ORIENTED_EDGE('',*,*,#1813,.T.);
#940=ORIENTED_EDGE('',*,*,#2024,.T.);
#941=ORIENTED_EDGE('',*,*,#1707,.F.);
#942=ORIENTED_EDGE('',*,*,#2013,.T.);
#943=ORIENTED_EDGE('',*,*,#1705,.T.);
#944=ORIENTED_EDGE('',*,*,#2025,.T.);
#945=ORIENTED_EDGE('',*,*,#1815,.F.);
#946=ORIENTED_EDGE('',*,*,#2012,.F.);
#947=ORIENTED_EDGE('',*,*,#1819,.T.);
#948=ORIENTED_EDGE('',*,*,#2026,.T.);
#949=ORIENTED_EDGE('',*,*,#1701,.F.);
#950=ORIENTED_EDGE('',*,*,#2015,.T.);
#951=ORIENTED_EDGE('',*,*,#1699,.T.);
#952=ORIENTED_EDGE('',*,*,#1986,.T.);
#953=ORIENTED_EDGE('',*,*,#1821,.F.);
#954=ORIENTED_EDGE('',*,*,#2014,.F.);
#955=ORIENTED_EDGE('',*,*,#1702,.F.);
#956=ORIENTED_EDGE('',*,*,#2026,.F.);
#957=ORIENTED_EDGE('',*,*,#1818,.F.);
#958=ORIENTED_EDGE('',*,*,#1987,.F.);
#959=ORIENTED_EDGE('',*,*,#1704,.F.);
#960=ORIENTED_EDGE('',*,*,#1988,.F.);
#961=ORIENTED_EDGE('',*,*,#1816,.F.);
#962=ORIENTED_EDGE('',*,*,#2025,.F.);
#963=ORIENTED_EDGE('',*,*,#1708,.F.);
#964=ORIENTED_EDGE('',*,*,#2024,.F.);
#965=ORIENTED_EDGE('',*,*,#1812,.F.);
#966=ORIENTED_EDGE('',*,*,#1998,.F.);
#967=ORIENTED_EDGE('',*,*,#1697,.F.);
#968=ORIENTED_EDGE('',*,*,#2027,.T.);
#969=ORIENTED_EDGE('',*,*,#1823,.T.);
#970=ORIENTED_EDGE('',*,*,#1985,.F.);
#971=ORIENTED_EDGE('',*,*,#1825,.T.);
#972=ORIENTED_EDGE('',*,*,#2028,.T.);
#973=ORIENTED_EDGE('',*,*,#1695,.F.);
#974=ORIENTED_EDGE('',*,*,#2029,.T.);
#975=ORIENTED_EDGE('',*,*,#1826,.F.);
#976=ORIENTED_EDGE('',*,*,#2029,.F.);
#977=ORIENTED_EDGE('',*,*,#1694,.T.);
#978=ORIENTED_EDGE('',*,*,#2030,.T.);
#979=ORIENTED_EDGE('',*,*,#1693,.F.);
#980=ORIENTED_EDGE('',*,*,#2031,.F.);
#981=ORIENTED_EDGE('',*,*,#1782,.T.);
#982=ORIENTED_EDGE('',*,*,#2030,.F.);
#983=ORIENTED_EDGE('',*,*,#1629,.F.);
#984=ORIENTED_EDGE('',*,*,#1889,.T.);
#985=ORIENTED_EDGE('',*,*,#1804,.F.);
#986=ORIENTED_EDGE('',*,*,#2032,.T.);
#987=ORIENTED_EDGE('',*,*,#1716,.T.);
#988=ORIENTED_EDGE('',*,*,#2033,.T.);
#989=ORIENTED_EDGE('',*,*,#1805,.T.);
#990=ORIENTED_EDGE('',*,*,#2033,.F.);
#991=ORIENTED_EDGE('',*,*,#1715,.F.);
#992=ORIENTED_EDGE('',*,*,#2034,.T.);
#993=ORIENTED_EDGE('',*,*,#1714,.F.);
#994=ORIENTED_EDGE('',*,*,#2035,.T.);
#995=ORIENTED_EDGE('',*,*,#1806,.T.);
#996=ORIENTED_EDGE('',*,*,#2034,.F.);
#997=ORIENTED_EDGE('',*,*,#1630,.T.);
#998=ORIENTED_EDGE('',*,*,#1888,.F.);
#999=ORIENTED_EDGE('',*,*,#1696,.F.);
#1000=ORIENTED_EDGE('',*,*,#2028,.F.);
#1001=ORIENTED_EDGE('',*,*,#1824,.F.);
#1002=ORIENTED_EDGE('',*,*,#2027,.F.);
#1003=ORIENTED_EDGE('',*,*,#1783,.F.);
#1004=ORIENTED_EDGE('',*,*,#2031,.T.);
#1005=ORIENTED_EDGE('',*,*,#1692,.F.);
#1006=ORIENTED_EDGE('',*,*,#1983,.F.);
#1007=ORIENTED_EDGE('',*,*,#1713,.F.);
#1008=ORIENTED_EDGE('',*,*,#1993,.F.);
#1009=ORIENTED_EDGE('',*,*,#1807,.F.);
#1010=ORIENTED_EDGE('',*,*,#2035,.F.);
#1011=ORIENTED_EDGE('',*,*,#1717,.F.);
#1012=ORIENTED_EDGE('',*,*,#2032,.F.);
#1013=ORIENTED_EDGE('',*,*,#1803,.F.);
#1014=ORIENTED_EDGE('',*,*,#1995,.F.);
#1015=ORIENTED_EDGE('',*,*,#1615,.F.);
#1016=ORIENTED_EDGE('',*,*,#2036,.T.);
#1017=ORIENTED_EDGE('',*,*,#1898,.T.);
#1018=ORIENTED_EDGE('',*,*,#2037,.T.);
#1019=ORIENTED_EDGE('',*,*,#1904,.T.);
#1020=ORIENTED_EDGE('',*,*,#2038,.T.);
#1021=ORIENTED_EDGE('',*,*,#1617,.F.);
#1022=ORIENTED_EDGE('',*,*,#2039,.T.);
#1023=ORIENTED_EDGE('',*,*,#1902,.T.);
#1024=ORIENTED_EDGE('',*,*,#2040,.T.);
#1025=ORIENTED_EDGE('',*,*,#1619,.F.);
#1026=ORIENTED_EDGE('',*,*,#2041,.T.);
#1027=ORIENTED_EDGE('',*,*,#1890,.T.);
#1028=ORIENTED_EDGE('',*,*,#2042,.T.);
#1029=ORIENTED_EDGE('',*,*,#1623,.F.);
#1030=ORIENTED_EDGE('',*,*,#2043,.T.);
#1031=ORIENTED_EDGE('',*,*,#1896,.T.);
#1032=ORIENTED_EDGE('',*,*,#2044,.T.);
#1033=ORIENTED_EDGE('',*,*,#1625,.F.);
#1034=ORIENTED_EDGE('',*,*,#2045,.T.);
#1035=ORIENTED_EDGE('',*,*,#1627,.F.);
#1036=ORIENTED_EDGE('',*,*,#2046,.T.);
#1037=ORIENTED_EDGE('',*,*,#1894,.T.);
#1038=ORIENTED_EDGE('',*,*,#2047,.T.);
#1039=ORIENTED_EDGE('',*,*,#1652,.T.);
#1040=ORIENTED_EDGE('',*,*,#2048,.T.);
#1041=ORIENTED_EDGE('',*,*,#1861,.F.);
#1042=ORIENTED_EDGE('',*,*,#2049,.T.);
#1043=ORIENTED_EDGE('',*,*,#1881,.F.);
#1044=ORIENTED_EDGE('',*,*,#2050,.T.);
#1045=ORIENTED_EDGE('',*,*,#1634,.T.);
#1046=ORIENTED_EDGE('',*,*,#2051,.T.);
#1047=ORIENTED_EDGE('',*,*,#1879,.T.);
#1048=ORIENTED_EDGE('',*,*,#2052,.T.);
#1049=ORIENTED_EDGE('',*,*,#1636,.F.);
#1050=ORIENTED_EDGE('',*,*,#2053,.T.);
#1051=ORIENTED_EDGE('',*,*,#1829,.F.);
#1052=ORIENTED_EDGE('',*,*,#2054,.T.);
#1053=ORIENTED_EDGE('',*,*,#1678,.T.);
#1054=ORIENTED_EDGE('',*,*,#2055,.T.);
#1055=ORIENTED_EDGE('',*,*,#1827,.F.);
#1056=ORIENTED_EDGE('',*,*,#2056,.T.);
#1057=ORIENTED_EDGE('',*,*,#1680,.T.);
#1058=ORIENTED_EDGE('',*,*,#2057,.T.);
#1059=ORIENTED_EDGE('',*,*,#1833,.F.);
#1060=ORIENTED_EDGE('',*,*,#2058,.T.);
#1061=ORIENTED_EDGE('',*,*,#1682,.T.);
#1062=ORIENTED_EDGE('',*,*,#2059,.T.);
#1063=ORIENTED_EDGE('',*,*,#1670,.T.);
#1064=ORIENTED_EDGE('',*,*,#2060,.T.);
#1065=ORIENTED_EDGE('',*,*,#1837,.F.);
#1066=ORIENTED_EDGE('',*,*,#2061,.T.);
#1067=ORIENTED_EDGE('',*,*,#1835,.T.);
#1068=ORIENTED_EDGE('',*,*,#2062,.T.);
#1069=ORIENTED_EDGE('',*,*,#1672,.F.);
#1070=ORIENTED_EDGE('',*,*,#2063,.T.);
#1071=ORIENTED_EDGE('',*,*,#1841,.F.);
#1072=ORIENTED_EDGE('',*,*,#2064,.T.);
#1073=ORIENTED_EDGE('',*,*,#1674,.T.);
#1074=ORIENTED_EDGE('',*,*,#2065,.T.);
#1075=ORIENTED_EDGE('',*,*,#1845,.F.);
#1076=ORIENTED_EDGE('',*,*,#2066,.T.);
#1077=ORIENTED_EDGE('',*,*,#1662,.T.);
#1078=ORIENTED_EDGE('',*,*,#2067,.T.);
#1079=ORIENTED_EDGE('',*,*,#1843,.F.);
#1080=ORIENTED_EDGE('',*,*,#2068,.T.);
#1081=ORIENTED_EDGE('',*,*,#1664,.T.);
#1082=ORIENTED_EDGE('',*,*,#2069,.T.);
#1083=ORIENTED_EDGE('',*,*,#1686,.F.);
#1084=ORIENTED_EDGE('',*,*,#2070,.T.);
#1085=ORIENTED_EDGE('',*,*,#1851,.T.);
#1086=ORIENTED_EDGE('',*,*,#2071,.T.);
#1087=ORIENTED_EDGE('',*,*,#1857,.F.);
#1088=ORIENTED_EDGE('',*,*,#2072,.T.);
#1089=ORIENTED_EDGE('',*,*,#1688,.T.);
#1090=ORIENTED_EDGE('',*,*,#2073,.T.);
#1091=ORIENTED_EDGE('',*,*,#1873,.F.);
#1092=ORIENTED_EDGE('',*,*,#2074,.T.);
#1093=ORIENTED_EDGE('',*,*,#1648,.T.);
#1094=ORIENTED_EDGE('',*,*,#2075,.T.);
#1095=ORIENTED_EDGE('',*,*,#1650,.T.);
#1096=ORIENTED_EDGE('',*,*,#2076,.T.);
#1097=ORIENTED_EDGE('',*,*,#1871,.F.);
#1098=ORIENTED_EDGE('',*,*,#2077,.T.);
#1099=ORIENTED_EDGE('',*,*,#1644,.T.);
#1100=ORIENTED_EDGE('',*,*,#2078,.T.);
#1101=ORIENTED_EDGE('',*,*,#1869,.F.);
#1102=ORIENTED_EDGE('',*,*,#2079,.T.);
#1103=ORIENTED_EDGE('',*,*,#1656,.T.);
#1104=ORIENTED_EDGE('',*,*,#2080,.T.);
#1105=ORIENTED_EDGE('',*,*,#1865,.F.);
#1106=ORIENTED_EDGE('',*,*,#2081,.T.);
#1107=ORIENTED_EDGE('',*,*,#1621,.F.);
#1108=ORIENTED_EDGE('',*,*,#2082,.T.);
#1109=ORIENTED_EDGE('',*,*,#1892,.T.);
#1110=ORIENTED_EDGE('',*,*,#2083,.T.);
#1111=ORIENTED_EDGE('',*,*,#1658,.F.);
#1112=ORIENTED_EDGE('',*,*,#2084,.T.);
#1113=ORIENTED_EDGE('',*,*,#1863,.T.);
#1114=ORIENTED_EDGE('',*,*,#2085,.T.);
#1115=ORIENTED_EDGE('',*,*,#1900,.T.);
#1116=ORIENTED_EDGE('',*,*,#2086,.T.);
#1117=ORIENTED_EDGE('',*,*,#1613,.F.);
#1118=ORIENTED_EDGE('',*,*,#2087,.T.);
#1119=ORIENTED_EDGE('',*,*,#1852,.F.);
#1120=ORIENTED_EDGE('',*,*,#2070,.F.);
#1121=ORIENTED_EDGE('',*,*,#1685,.F.);
#1122=ORIENTED_EDGE('',*,*,#1981,.F.);
#1123=ORIENTED_EDGE('',*,*,#1691,.F.);
#1124=ORIENTED_EDGE('',*,*,#1971,.F.);
#1125=ORIENTED_EDGE('',*,*,#1854,.F.);
#1126=ORIENTED_EDGE('',*,*,#1982,.F.);
#1127=ORIENTED_EDGE('',*,*,#1856,.F.);
#1128=ORIENTED_EDGE('',*,*,#1972,.F.);
#1129=ORIENTED_EDGE('',*,*,#1689,.F.);
#1130=ORIENTED_EDGE('',*,*,#2072,.F.);
#1131=ORIENTED_EDGE('',*,*,#1858,.F.);
#1132=ORIENTED_EDGE('',*,*,#2073,.F.);
#1133=ORIENTED_EDGE('',*,*,#1687,.F.);
#1134=ORIENTED_EDGE('',*,*,#2071,.F.);
#1135=ORIENTED_EDGE('',*,*,#1667,.F.);
#1136=ORIENTED_EDGE('',*,*,#2022,.F.);
#1137=ORIENTED_EDGE('',*,*,#1848,.F.);
#1138=ORIENTED_EDGE('',*,*,#1979,.F.);
#1139=ORIENTED_EDGE('',*,*,#1850,.F.);
#1140=ORIENTED_EDGE('',*,*,#2023,.F.);
#1141=ORIENTED_EDGE('',*,*,#1665,.F.);
#1142=ORIENTED_EDGE('',*,*,#2068,.F.);
#1143=ORIENTED_EDGE('',*,*,#1844,.F.);
#1144=ORIENTED_EDGE('',*,*,#2069,.F.);
#1145=ORIENTED_EDGE('',*,*,#1663,.F.);
#1146=ORIENTED_EDGE('',*,*,#2066,.F.);
#1147=ORIENTED_EDGE('',*,*,#1846,.F.);
#1148=ORIENTED_EDGE('',*,*,#2067,.F.);
#1149=ORIENTED_EDGE('',*,*,#1661,.F.);
#1150=ORIENTED_EDGE('',*,*,#1980,.F.);
#1151=ORIENTED_EDGE('',*,*,#1899,.F.);
#1152=ORIENTED_EDGE('',*,*,#2036,.F.);
#1153=ORIENTED_EDGE('',*,*,#1614,.F.);
#1154=ORIENTED_EDGE('',*,*,#2086,.F.);
#1155=ORIENTED_EDGE('',*,*,#1901,.F.);
#1156=ORIENTED_EDGE('',*,*,#2087,.F.);
#1157=ORIENTED_EDGE('',*,*,#1620,.F.);
#1158=ORIENTED_EDGE('',*,*,#2040,.F.);
#1159=ORIENTED_EDGE('',*,*,#1903,.F.);
#1160=ORIENTED_EDGE('',*,*,#2041,.F.);
#1161=ORIENTED_EDGE('',*,*,#1618,.F.);
#1162=ORIENTED_EDGE('',*,*,#2038,.F.);
#1163=ORIENTED_EDGE('',*,*,#1905,.F.);
#1164=ORIENTED_EDGE('',*,*,#2039,.F.);
#1165=ORIENTED_EDGE('',*,*,#1616,.F.);
#1166=ORIENTED_EDGE('',*,*,#2037,.F.);
#1167=ORIENTED_EDGE('',*,*,#1872,.F.);
#1168=ORIENTED_EDGE('',*,*,#2076,.F.);
#1169=ORIENTED_EDGE('',*,*,#1649,.F.);
#1170=ORIENTED_EDGE('',*,*,#2074,.F.);
#1171=ORIENTED_EDGE('',*,*,#1870,.F.);
#1172=ORIENTED_EDGE('',*,*,#2078,.F.);
#1173=ORIENTED_EDGE('',*,*,#1651,.F.);
#1174=ORIENTED_EDGE('',*,*,#2077,.F.);
#1175=ORIENTED_EDGE('',*,*,#1874,.F.);
#1176=ORIENTED_EDGE('',*,*,#2075,.F.);
#1177=ORIENTED_EDGE('',*,*,#1647,.F.);
#1178=ORIENTED_EDGE('',*,*,#1973,.F.);
#1179=ORIENTED_EDGE('',*,*,#1868,.F.);
#1180=ORIENTED_EDGE('',*,*,#1974,.F.);
#1181=ORIENTED_EDGE('',*,*,#1645,.F.);
#1182=ORIENTED_EDGE('',*,*,#2079,.F.);
#1183=ORIENTED_EDGE('',*,*,#1840,.F.);
#1184=ORIENTED_EDGE('',*,*,#1977,.F.);
#1185=ORIENTED_EDGE('',*,*,#1675,.F.);
#1186=ORIENTED_EDGE('',*,*,#2064,.F.);
#1187=ORIENTED_EDGE('',*,*,#1842,.F.);
#1188=ORIENTED_EDGE('',*,*,#2065,.F.);
#1189=ORIENTED_EDGE('',*,*,#1673,.F.);
#1190=ORIENTED_EDGE('',*,*,#2062,.F.);
#1191=ORIENTED_EDGE('',*,*,#1838,.F.);
#1192=ORIENTED_EDGE('',*,*,#2060,.F.);
#1193=ORIENTED_EDGE('',*,*,#1669,.F.);
#1194=ORIENTED_EDGE('',*,*,#1978,.F.);
#1195=ORIENTED_EDGE('',*,*,#1836,.F.);
#1196=ORIENTED_EDGE('',*,*,#2063,.F.);
#1197=ORIENTED_EDGE('',*,*,#1671,.F.);
#1198=ORIENTED_EDGE('',*,*,#2061,.F.);
#1199=ORIENTED_EDGE('',*,*,#1895,.F.);
#1200=ORIENTED_EDGE('',*,*,#2046,.F.);
#1201=ORIENTED_EDGE('',*,*,#1626,.F.);
#1202=ORIENTED_EDGE('',*,*,#2044,.F.);
#1203=ORIENTED_EDGE('',*,*,#1893,.F.);
#1204=ORIENTED_EDGE('',*,*,#2082,.F.);
#1205=ORIENTED_EDGE('',*,*,#1628,.F.);
#1206=ORIENTED_EDGE('',*,*,#2047,.F.);
#1207=ORIENTED_EDGE('',*,*,#1897,.F.);
#1208=ORIENTED_EDGE('',*,*,#2045,.F.);
#1209=ORIENTED_EDGE('',*,*,#1624,.F.);
#1210=ORIENTED_EDGE('',*,*,#2042,.F.);
#1211=ORIENTED_EDGE('',*,*,#1891,.F.);
#1212=ORIENTED_EDGE('',*,*,#2043,.F.);
#1213=ORIENTED_EDGE('',*,*,#1622,.F.);
#1214=ORIENTED_EDGE('',*,*,#2083,.F.);
#1215=ORIENTED_EDGE('',*,*,#1866,.F.);
#1216=ORIENTED_EDGE('',*,*,#2080,.F.);
#1217=ORIENTED_EDGE('',*,*,#1655,.F.);
#1218=ORIENTED_EDGE('',*,*,#1969,.F.);
#1219=ORIENTED_EDGE('',*,*,#1864,.F.);
#1220=ORIENTED_EDGE('',*,*,#2084,.F.);
#1221=ORIENTED_EDGE('',*,*,#1657,.F.);
#1222=ORIENTED_EDGE('',*,*,#2081,.F.);
#1223=ORIENTED_EDGE('',*,*,#1862,.F.);
#1224=ORIENTED_EDGE('',*,*,#2048,.F.);
#1225=ORIENTED_EDGE('',*,*,#1659,.F.);
#1226=ORIENTED_EDGE('',*,*,#2085,.F.);
#1227=ORIENTED_EDGE('',*,*,#1860,.F.);
#1228=ORIENTED_EDGE('',*,*,#1970,.F.);
#1229=ORIENTED_EDGE('',*,*,#1653,.F.);
#1230=ORIENTED_EDGE('',*,*,#2049,.F.);
#1231=ORIENTED_EDGE('',*,*,#1832,.F.);
#1232=ORIENTED_EDGE('',*,*,#1975,.F.);
#1233=ORIENTED_EDGE('',*,*,#1683,.F.);
#1234=ORIENTED_EDGE('',*,*,#2058,.F.);
#1235=ORIENTED_EDGE('',*,*,#1834,.F.);
#1236=ORIENTED_EDGE('',*,*,#2059,.F.);
#1237=ORIENTED_EDGE('',*,*,#1681,.F.);
#1238=ORIENTED_EDGE('',*,*,#2056,.F.);
#1239=ORIENTED_EDGE('',*,*,#1828,.F.);
#1240=ORIENTED_EDGE('',*,*,#2057,.F.);
#1241=ORIENTED_EDGE('',*,*,#1679,.F.);
#1242=ORIENTED_EDGE('',*,*,#2054,.F.);
#1243=ORIENTED_EDGE('',*,*,#1830,.F.);
#1244=ORIENTED_EDGE('',*,*,#2055,.F.);
#1245=ORIENTED_EDGE('',*,*,#1677,.F.);
#1246=ORIENTED_EDGE('',*,*,#1976,.F.);
#1247=ORIENTED_EDGE('',*,*,#1639,.F.);
#1248=ORIENTED_EDGE('',*,*,#2020,.F.);
#1249=ORIENTED_EDGE('',*,*,#1876,.F.);
#1250=ORIENTED_EDGE('',*,*,#2016,.F.);
#1251=ORIENTED_EDGE('',*,*,#1878,.F.);
#1252=ORIENTED_EDGE('',*,*,#2021,.F.);
#1253=ORIENTED_EDGE('',*,*,#1637,.F.);
#1254=ORIENTED_EDGE('',*,*,#2052,.F.);
#1255=ORIENTED_EDGE('',*,*,#1880,.F.);
#1256=ORIENTED_EDGE('',*,*,#2053,.F.);
#1257=ORIENTED_EDGE('',*,*,#1635,.F.);
#1258=ORIENTED_EDGE('',*,*,#2050,.F.);
#1259=ORIENTED_EDGE('',*,*,#1882,.F.);
#1260=ORIENTED_EDGE('',*,*,#2051,.F.);
#1261=ORIENTED_EDGE('',*,*,#1643,.F.);
#1262=ORIENTED_EDGE('',*,*,#2018,.F.);
#1263=ORIENTED_EDGE('',*,*,#1641,.F.);
#1264=ORIENTED_EDGE('',*,*,#2017,.F.);
#1265=ORIENTED_EDGE('',*,*,#1884,.F.);
#1266=ORIENTED_EDGE('',*,*,#2019,.F.);
#1267=ORIENTED_EDGE('',*,*,#1781,.T.);
#1268=ORIENTED_EDGE('',*,*,#1612,.F.);
#1269=ORIENTED_EDGE('',*,*,#1602,.F.);
#1270=ORIENTED_EDGE('',*,*,#2088,.T.);
#1271=ORIENTED_EDGE('',*,*,#1908,.F.);
#1272=ORIENTED_EDGE('',*,*,#2089,.T.);
#1273=ORIENTED_EDGE('',*,*,#1600,.T.);
#1274=ORIENTED_EDGE('',*,*,#2090,.T.);
#1275=ORIENTED_EDGE('',*,*,#1910,.T.);
#1276=ORIENTED_EDGE('',*,*,#2091,.T.);
#1277=ORIENTED_EDGE('',*,*,#1912,.F.);
#1278=ORIENTED_EDGE('',*,*,#2092,.T.);
#1279=ORIENTED_EDGE('',*,*,#1610,.F.);
#1280=ORIENTED_EDGE('',*,*,#2093,.T.);
#1281=ORIENTED_EDGE('',*,*,#1608,.F.);
#1282=ORIENTED_EDGE('',*,*,#2094,.T.);
#1283=ORIENTED_EDGE('',*,*,#1914,.F.);
#1284=ORIENTED_EDGE('',*,*,#2095,.T.);
#1285=ORIENTED_EDGE('',*,*,#1606,.F.);
#1286=ORIENTED_EDGE('',*,*,#2096,.T.);
#1287=ORIENTED_EDGE('',*,*,#1916,.F.);
#1288=ORIENTED_EDGE('',*,*,#2097,.T.);
#1289=ORIENTED_EDGE('',*,*,#1604,.T.);
#1290=ORIENTED_EDGE('',*,*,#2098,.T.);
#1291=ORIENTED_EDGE('',*,*,#1906,.T.);
#1292=ORIENTED_EDGE('',*,*,#2099,.T.);
#1293=ORIENTED_EDGE('',*,*,#1922,.F.);
#1294=ORIENTED_EDGE('',*,*,#2100,.T.);
#1295=ORIENTED_EDGE('',*,*,#1739,.F.);
#1296=ORIENTED_EDGE('',*,*,#2101,.T.);
#1297=ORIENTED_EDGE('',*,*,#1737,.F.);
#1298=ORIENTED_EDGE('',*,*,#2102,.T.);
#1299=ORIENTED_EDGE('',*,*,#1924,.F.);
#1300=ORIENTED_EDGE('',*,*,#2103,.T.);
#1301=ORIENTED_EDGE('',*,*,#1745,.T.);
#1302=ORIENTED_EDGE('',*,*,#2104,.T.);
#1303=ORIENTED_EDGE('',*,*,#1926,.T.);
#1304=ORIENTED_EDGE('',*,*,#2105,.T.);
#1305=ORIENTED_EDGE('',*,*,#1918,.F.);
#1306=ORIENTED_EDGE('',*,*,#2106,.T.);
#1307=ORIENTED_EDGE('',*,*,#1743,.F.);
#1308=ORIENTED_EDGE('',*,*,#2107,.T.);
#1309=ORIENTED_EDGE('',*,*,#1920,.F.);
#1310=ORIENTED_EDGE('',*,*,#2108,.T.);
#1311=ORIENTED_EDGE('',*,*,#1741,.F.);
#1312=ORIENTED_EDGE('',*,*,#2109,.T.);
#1313=ORIENTED_EDGE('',*,*,#1932,.T.);
#1314=ORIENTED_EDGE('',*,*,#2110,.T.);
#1315=ORIENTED_EDGE('',*,*,#1591,.T.);
#1316=ORIENTED_EDGE('',*,*,#2111,.F.);
#1317=ORIENTED_EDGE('',*,*,#1599,.T.);
#1318=ORIENTED_EDGE('',*,*,#2112,.T.);
#1319=ORIENTED_EDGE('',*,*,#1933,.T.);
#1320=ORIENTED_EDGE('',*,*,#2111,.T.);
#1321=ORIENTED_EDGE('',*,*,#1597,.F.);
#1322=ORIENTED_EDGE('',*,*,#2113,.T.);
#1323=ORIENTED_EDGE('',*,*,#1935,.F.);
#1324=ORIENTED_EDGE('',*,*,#2114,.T.);
#1325=ORIENTED_EDGE('',*,*,#1928,.T.);
#1326=ORIENTED_EDGE('',*,*,#2115,.T.);
#1327=ORIENTED_EDGE('',*,*,#1595,.T.);
#1328=ORIENTED_EDGE('',*,*,#2116,.T.);
#1329=ORIENTED_EDGE('',*,*,#1930,.F.);
#1330=ORIENTED_EDGE('',*,*,#2117,.T.);
#1331=ORIENTED_EDGE('',*,*,#1593,.F.);
#1332=ORIENTED_EDGE('',*,*,#2118,.T.);
#1333=ORIENTED_EDGE('',*,*,#1939,.F.);
#1334=ORIENTED_EDGE('',*,*,#2119,.T.);
#1335=ORIENTED_EDGE('',*,*,#1749,.F.);
#1336=ORIENTED_EDGE('',*,*,#2120,.T.);
#1337=ORIENTED_EDGE('',*,*,#1941,.T.);
#1338=ORIENTED_EDGE('',*,*,#2121,.T.);
#1339=ORIENTED_EDGE('',*,*,#1747,.T.);
#1340=ORIENTED_EDGE('',*,*,#2122,.T.);
#1341=ORIENTED_EDGE('',*,*,#1943,.F.);
#1342=ORIENTED_EDGE('',*,*,#2123,.T.);
#1343=ORIENTED_EDGE('',*,*,#1757,.F.);
#1344=ORIENTED_EDGE('',*,*,#2124,.T.);
#1345=ORIENTED_EDGE('',*,*,#1945,.F.);
#1346=ORIENTED_EDGE('',*,*,#2125,.T.);
#1347=ORIENTED_EDGE('',*,*,#1755,.F.);
#1348=ORIENTED_EDGE('',*,*,#2126,.T.);
#1349=ORIENTED_EDGE('',*,*,#1753,.F.);
#1350=ORIENTED_EDGE('',*,*,#2127,.T.);
#1351=ORIENTED_EDGE('',*,*,#1947,.F.);
#1352=ORIENTED_EDGE('',*,*,#2128,.T.);
#1353=ORIENTED_EDGE('',*,*,#1751,.T.);
#1354=ORIENTED_EDGE('',*,*,#2129,.T.);
#1355=ORIENTED_EDGE('',*,*,#1937,.T.);
#1356=ORIENTED_EDGE('',*,*,#2130,.T.);
#1357=ORIENTED_EDGE('',*,*,#1583,.F.);
#1358=ORIENTED_EDGE('',*,*,#2131,.T.);
#1359=ORIENTED_EDGE('',*,*,#1953,.F.);
#1360=ORIENTED_EDGE('',*,*,#2132,.T.);
#1361=ORIENTED_EDGE('',*,*,#1581,.T.);
#1362=ORIENTED_EDGE('',*,*,#2133,.T.);
#1363=ORIENTED_EDGE('',*,*,#1955,.T.);
#1364=ORIENTED_EDGE('',*,*,#2134,.T.);
#1365=ORIENTED_EDGE('',*,*,#1589,.F.);
#1366=ORIENTED_EDGE('',*,*,#2135,.T.);
#1367=ORIENTED_EDGE('',*,*,#1957,.F.);
#1368=ORIENTED_EDGE('',*,*,#2136,.T.);
#1369=ORIENTED_EDGE('',*,*,#1949,.F.);
#1370=ORIENTED_EDGE('',*,*,#2137,.T.);
#1371=ORIENTED_EDGE('',*,*,#1587,.F.);
#1372=ORIENTED_EDGE('',*,*,#2138,.T.);
#1373=ORIENTED_EDGE('',*,*,#1951,.F.);
#1374=ORIENTED_EDGE('',*,*,#2139,.T.);
#1375=ORIENTED_EDGE('',*,*,#1585,.F.);
#1376=ORIENTED_EDGE('',*,*,#2140,.T.);
#1377=ORIENTED_EDGE('',*,*,#1963,.F.);
#1378=ORIENTED_EDGE('',*,*,#2141,.T.);
#1379=ORIENTED_EDGE('',*,*,#1761,.F.);
#1380=ORIENTED_EDGE('',*,*,#2142,.T.);
#1381=ORIENTED_EDGE('',*,*,#1965,.F.);
#1382=ORIENTED_EDGE('',*,*,#2143,.T.);
#1383=ORIENTED_EDGE('',*,*,#1759,.F.);
#1384=ORIENTED_EDGE('',*,*,#2144,.T.);
#1385=ORIENTED_EDGE('',*,*,#1967,.T.);
#1386=ORIENTED_EDGE('',*,*,#2145,.T.);
#1387=ORIENTED_EDGE('',*,*,#1767,.T.);
#1388=ORIENTED_EDGE('',*,*,#2146,.T.);
#1389=ORIENTED_EDGE('',*,*,#1765,.T.);
#1390=ORIENTED_EDGE('',*,*,#2147,.T.);
#1391=ORIENTED_EDGE('',*,*,#1959,.T.);
#1392=ORIENTED_EDGE('',*,*,#2148,.T.);
#1393=ORIENTED_EDGE('',*,*,#1961,.F.);
#1394=ORIENTED_EDGE('',*,*,#2149,.T.);
#1395=ORIENTED_EDGE('',*,*,#1763,.F.);
#1396=ORIENTED_EDGE('',*,*,#2150,.T.);
#1397=ORIENTED_EDGE('',*,*,#1769,.T.);
#1398=ORIENTED_EDGE('',*,*,#2151,.T.);
#1399=ORIENTED_EDGE('',*,*,#1571,.T.);
#1400=ORIENTED_EDGE('',*,*,#2152,.T.);
#1401=ORIENTED_EDGE('',*,*,#1569,.T.);
#1402=ORIENTED_EDGE('',*,*,#2153,.T.);
#1403=ORIENTED_EDGE('',*,*,#1771,.T.);
#1404=ORIENTED_EDGE('',*,*,#2154,.T.);
#1405=ORIENTED_EDGE('',*,*,#1773,.F.);
#1406=ORIENTED_EDGE('',*,*,#2155,.T.);
#1407=ORIENTED_EDGE('',*,*,#1579,.F.);
#1408=ORIENTED_EDGE('',*,*,#2156,.T.);
#1409=ORIENTED_EDGE('',*,*,#1775,.T.);
#1410=ORIENTED_EDGE('',*,*,#2157,.T.);
#1411=ORIENTED_EDGE('',*,*,#1577,.T.);
#1412=ORIENTED_EDGE('',*,*,#2158,.T.);
#1413=ORIENTED_EDGE('',*,*,#1777,.T.);
#1414=ORIENTED_EDGE('',*,*,#2159,.T.);
#1415=ORIENTED_EDGE('',*,*,#1575,.T.);
#1416=ORIENTED_EDGE('',*,*,#2160,.T.);
#1417=ORIENTED_EDGE('',*,*,#1779,.F.);
#1418=ORIENTED_EDGE('',*,*,#2161,.T.);
#1419=ORIENTED_EDGE('',*,*,#1573,.F.);
#1420=ORIENTED_EDGE('',*,*,#2162,.T.);
#1421=ORIENTED_EDGE('',*,*,#1936,.F.);
#1422=ORIENTED_EDGE('',*,*,#2113,.F.);
#1423=ORIENTED_EDGE('',*,*,#1596,.F.);
#1424=ORIENTED_EDGE('',*,*,#2115,.F.);
#1425=ORIENTED_EDGE('',*,*,#1929,.F.);
#1426=ORIENTED_EDGE('',*,*,#2116,.F.);
#1427=ORIENTED_EDGE('',*,*,#1594,.F.);
#1428=ORIENTED_EDGE('',*,*,#2117,.F.);
#1429=ORIENTED_EDGE('',*,*,#1931,.F.);
#1430=ORIENTED_EDGE('',*,*,#2118,.F.);
#1431=ORIENTED_EDGE('',*,*,#1592,.F.);
#1432=ORIENTED_EDGE('',*,*,#2110,.F.);
#1433=ORIENTED_EDGE('',*,*,#1911,.F.);
#1434=ORIENTED_EDGE('',*,*,#2090,.F.);
#1435=ORIENTED_EDGE('',*,*,#1611,.F.);
#1436=ORIENTED_EDGE('',*,*,#2092,.F.);
#1437=ORIENTED_EDGE('',*,*,#1909,.F.);
#1438=ORIENTED_EDGE('',*,*,#2088,.F.);
#1439=ORIENTED_EDGE('',*,*,#1601,.F.);
#1440=ORIENTED_EDGE('',*,*,#2091,.F.);
#1441=ORIENTED_EDGE('',*,*,#1907,.F.);
#1442=ORIENTED_EDGE('',*,*,#2098,.F.);
#1443=ORIENTED_EDGE('',*,*,#1603,.F.);
#1444=ORIENTED_EDGE('',*,*,#2089,.F.);
#1445=ORIENTED_EDGE('',*,*,#1917,.F.);
#1446=ORIENTED_EDGE('',*,*,#2096,.F.);
#1447=ORIENTED_EDGE('',*,*,#1605,.F.);
#1448=ORIENTED_EDGE('',*,*,#2099,.F.);
#1449=ORIENTED_EDGE('',*,*,#1915,.F.);
#1450=ORIENTED_EDGE('',*,*,#2094,.F.);
#1451=ORIENTED_EDGE('',*,*,#1607,.F.);
#1452=ORIENTED_EDGE('',*,*,#2097,.F.);
#1453=ORIENTED_EDGE('',*,*,#1913,.F.);
#1454=ORIENTED_EDGE('',*,*,#2093,.F.);
#1455=ORIENTED_EDGE('',*,*,#1609,.F.);
#1456=ORIENTED_EDGE('',*,*,#2095,.F.);
#1457=ORIENTED_EDGE('',*,*,#1772,.F.);
#1458=ORIENTED_EDGE('',*,*,#2153,.F.);
#1459=ORIENTED_EDGE('',*,*,#1580,.F.);
#1460=ORIENTED_EDGE('',*,*,#2155,.F.);
#1461=ORIENTED_EDGE('',*,*,#1774,.F.);
#1462=ORIENTED_EDGE('',*,*,#2156,.F.);
#1463=ORIENTED_EDGE('',*,*,#1578,.F.);
#1464=ORIENTED_EDGE('',*,*,#2157,.F.);
#1465=ORIENTED_EDGE('',*,*,#1776,.F.);
#1466=ORIENTED_EDGE('',*,*,#2158,.F.);
#1467=ORIENTED_EDGE('',*,*,#1576,.F.);
#1468=ORIENTED_EDGE('',*,*,#2159,.F.);
#1469=ORIENTED_EDGE('',*,*,#1778,.F.);
#1470=ORIENTED_EDGE('',*,*,#2160,.F.);
#1471=ORIENTED_EDGE('',*,*,#1574,.F.);
#1472=ORIENTED_EDGE('',*,*,#2161,.F.);
#1473=ORIENTED_EDGE('',*,*,#1780,.F.);
#1474=ORIENTED_EDGE('',*,*,#2162,.F.);
#1475=ORIENTED_EDGE('',*,*,#1572,.F.);
#1476=ORIENTED_EDGE('',*,*,#2151,.F.);
#1477=ORIENTED_EDGE('',*,*,#1770,.F.);
#1478=ORIENTED_EDGE('',*,*,#2152,.F.);
#1479=ORIENTED_EDGE('',*,*,#1570,.F.);
#1480=ORIENTED_EDGE('',*,*,#2154,.F.);
#1481=ORIENTED_EDGE('',*,*,#1927,.F.);
#1482=ORIENTED_EDGE('',*,*,#2104,.F.);
#1483=ORIENTED_EDGE('',*,*,#1744,.F.);
#1484=ORIENTED_EDGE('',*,*,#2106,.F.);
#1485=ORIENTED_EDGE('',*,*,#1919,.F.);
#1486=ORIENTED_EDGE('',*,*,#2107,.F.);
#1487=ORIENTED_EDGE('',*,*,#1742,.F.);
#1488=ORIENTED_EDGE('',*,*,#2108,.F.);
#1489=ORIENTED_EDGE('',*,*,#1921,.F.);
#1490=ORIENTED_EDGE('',*,*,#2109,.F.);
#1491=ORIENTED_EDGE('',*,*,#1740,.F.);
#1492=ORIENTED_EDGE('',*,*,#2100,.F.);
#1493=ORIENTED_EDGE('',*,*,#1925,.F.);
#1494=ORIENTED_EDGE('',*,*,#2102,.F.);
#1495=ORIENTED_EDGE('',*,*,#1746,.F.);
#1496=ORIENTED_EDGE('',*,*,#2105,.F.);
#1497=ORIENTED_EDGE('',*,*,#1923,.F.);
#1498=ORIENTED_EDGE('',*,*,#2101,.F.);
#1499=ORIENTED_EDGE('',*,*,#1738,.F.);
#1500=ORIENTED_EDGE('',*,*,#2103,.F.);
#1501=ORIENTED_EDGE('',*,*,#1960,.F.);
#1502=ORIENTED_EDGE('',*,*,#2147,.F.);
#1503=ORIENTED_EDGE('',*,*,#1764,.F.);
#1504=ORIENTED_EDGE('',*,*,#2149,.F.);
#1505=ORIENTED_EDGE('',*,*,#1962,.F.);
#1506=ORIENTED_EDGE('',*,*,#2150,.F.);
#1507=ORIENTED_EDGE('',*,*,#1762,.F.);
#1508=ORIENTED_EDGE('',*,*,#2141,.F.);
#1509=ORIENTED_EDGE('',*,*,#1964,.F.);
#1510=ORIENTED_EDGE('',*,*,#2142,.F.);
#1511=ORIENTED_EDGE('',*,*,#1760,.F.);
#1512=ORIENTED_EDGE('',*,*,#2143,.F.);
#1513=ORIENTED_EDGE('',*,*,#1966,.F.);
#1514=ORIENTED_EDGE('',*,*,#2144,.F.);
#1515=ORIENTED_EDGE('',*,*,#1768,.F.);
#1516=ORIENTED_EDGE('',*,*,#2145,.F.);
#1517=ORIENTED_EDGE('',*,*,#1968,.F.);
#1518=ORIENTED_EDGE('',*,*,#2146,.F.);
#1519=ORIENTED_EDGE('',*,*,#1766,.F.);
#1520=ORIENTED_EDGE('',*,*,#2148,.F.);
#1521=ORIENTED_EDGE('',*,*,#1958,.F.);
#1522=ORIENTED_EDGE('',*,*,#2135,.F.);
#1523=ORIENTED_EDGE('',*,*,#1588,.F.);
#1524=ORIENTED_EDGE('',*,*,#2137,.F.);
#1525=ORIENTED_EDGE('',*,*,#1956,.F.);
#1526=ORIENTED_EDGE('',*,*,#2133,.F.);
#1527=ORIENTED_EDGE('',*,*,#1590,.F.);
#1528=ORIENTED_EDGE('',*,*,#2136,.F.);
#1529=ORIENTED_EDGE('',*,*,#1954,.F.);
#1530=ORIENTED_EDGE('',*,*,#2131,.F.);
#1531=ORIENTED_EDGE('',*,*,#1582,.F.);
#1532=ORIENTED_EDGE('',*,*,#2134,.F.);
#1533=ORIENTED_EDGE('',*,*,#1950,.F.);
#1534=ORIENTED_EDGE('',*,*,#2138,.F.);
#1535=ORIENTED_EDGE('',*,*,#1586,.F.);
#1536=ORIENTED_EDGE('',*,*,#2139,.F.);
#1537=ORIENTED_EDGE('',*,*,#1952,.F.);
#1538=ORIENTED_EDGE('',*,*,#2140,.F.);
#1539=ORIENTED_EDGE('',*,*,#1584,.F.);
#1540=ORIENTED_EDGE('',*,*,#2132,.F.);
#1541=ORIENTED_EDGE('',*,*,#1938,.F.);
#1542=ORIENTED_EDGE('',*,*,#2129,.F.);
#1543=ORIENTED_EDGE('',*,*,#1750,.F.);
#1544=ORIENTED_EDGE('',*,*,#2119,.F.);
#1545=ORIENTED_EDGE('',*,*,#1948,.F.);
#1546=ORIENTED_EDGE('',*,*,#2127,.F.);
#1547=ORIENTED_EDGE('',*,*,#1752,.F.);
#1548=ORIENTED_EDGE('',*,*,#2130,.F.);
#1549=ORIENTED_EDGE('',*,*,#1934,.F.);
#1550=ORIENTED_EDGE('',*,*,#2112,.F.);
#1551=ORIENTED_EDGE('',*,*,#1598,.F.);
#1552=ORIENTED_EDGE('',*,*,#2114,.F.);
#1553=ORIENTED_EDGE('',*,*,#1940,.F.);
#1554=ORIENTED_EDGE('',*,*,#2120,.F.);
#1555=ORIENTED_EDGE('',*,*,#1748,.F.);
#1556=ORIENTED_EDGE('',*,*,#2121,.F.);
#1557=ORIENTED_EDGE('',*,*,#1942,.F.);
#1558=ORIENTED_EDGE('',*,*,#2122,.F.);
#1559=ORIENTED_EDGE('',*,*,#1758,.F.);
#1560=ORIENTED_EDGE('',*,*,#2123,.F.);
#1561=ORIENTED_EDGE('',*,*,#1944,.F.);
#1562=ORIENTED_EDGE('',*,*,#2124,.F.);
#1563=ORIENTED_EDGE('',*,*,#1756,.F.);
#1564=ORIENTED_EDGE('',*,*,#2125,.F.);
#1565=ORIENTED_EDGE('',*,*,#1946,.F.);
#1566=ORIENTED_EDGE('',*,*,#2126,.F.);
#1567=ORIENTED_EDGE('',*,*,#1754,.F.);
#1568=ORIENTED_EDGE('',*,*,#2128,.F.);
#1569=EDGE_CURVE('',#2163,#2164,#2563,.T.);
#1570=EDGE_CURVE('',#2163,#2165,#135,.T.);
#1571=EDGE_CURVE('',#2166,#2165,#2564,.T.);
#1572=EDGE_CURVE('',#2166,#2167,#136,.T.);
#1573=EDGE_CURVE('',#2167,#2168,#137,.T.);
#1574=EDGE_CURVE('',#2168,#2169,#138,.T.);
#1575=EDGE_CURVE('',#2170,#2169,#139,.T.);
#1576=EDGE_CURVE('',#2170,#2171,#140,.T.);
#1577=EDGE_CURVE('',#2172,#2171,#2565,.T.);
#1578=EDGE_CURVE('',#2172,#2173,#141,.T.);
#1579=EDGE_CURVE('',#2173,#2174,#142,.T.);
#1580=EDGE_CURVE('',#2174,#2164,#143,.T.);
#1581=EDGE_CURVE('',#2175,#2176,#2566,.T.);
#1582=EDGE_CURVE('',#2175,#2177,#144,.T.);
#1583=EDGE_CURVE('',#2177,#2178,#145,.T.);
#1584=EDGE_CURVE('',#2178,#2179,#146,.T.);
#1585=EDGE_CURVE('',#2179,#2180,#2567,.T.);
#1586=EDGE_CURVE('',#2180,#2181,#147,.T.);
#1587=EDGE_CURVE('',#2181,#2182,#148,.T.);
#1588=EDGE_CURVE('',#2182,#2183,#149,.T.);
#1589=EDGE_CURVE('',#2183,#2184,#2568,.T.);
#1590=EDGE_CURVE('',#2184,#2176,#150,.T.);
#1591=EDGE_CURVE('',#2185,#2186,#151,.T.);
#1592=EDGE_CURVE('',#2185,#2187,#152,.T.);
#1593=EDGE_CURVE('',#2187,#2188,#153,.T.);
#1594=EDGE_CURVE('',#2188,#2189,#154,.T.);
#1595=EDGE_CURVE('',#2190,#2189,#2569,.T.);
#1596=EDGE_CURVE('',#2190,#2191,#155,.T.);
#1597=EDGE_CURVE('',#2191,#2192,#156,.T.);
#1598=EDGE_CURVE('',#2192,#2193,#157,.T.);
#1599=EDGE_CURVE('',#2186,#2193,#2570,.T.);
#1600=EDGE_CURVE('',#2194,#2195,#2571,.T.);
#1601=EDGE_CURVE('',#2194,#2196,#158,.T.);
#1602=EDGE_CURVE('',#2196,#2197,#159,.T.);
#1603=EDGE_CURVE('',#2197,#2198,#160,.T.);
#1604=EDGE_CURVE('',#2199,#2198,#2572,.T.);
#1605=EDGE_CURVE('',#2199,#2200,#161,.T.);
#1606=EDGE_CURVE('',#2200,#2201,#162,.T.);
#1607=EDGE_CURVE('',#2201,#2202,#163,.T.);
#1608=EDGE_CURVE('',#2202,#2203,#2573,.T.);
#1609=EDGE_CURVE('',#2203,#2204,#164,.T.);
#1610=EDGE_CURVE('',#2204,#2205,#165,.T.);
#1611=EDGE_CURVE('',#2205,#2195,#166,.T.);
#1612=EDGE_CURVE('',#2206,#2206,#167,.T.);
#1613=EDGE_CURVE('',#2207,#2208,#2574,.T.);
#1614=EDGE_CURVE('',#2208,#2209,#168,.T.);
#1615=EDGE_CURVE('',#2209,#2210,#2575,.T.);
#1616=EDGE_CURVE('',#2210,#2211,#169,.T.);
#1617=EDGE_CURVE('',#2211,#2212,#2576,.T.);
#1618=EDGE_CURVE('',#2212,#2213,#170,.T.);
#1619=EDGE_CURVE('',#2213,#2214,#2577,.T.);
#1620=EDGE_CURVE('',#2214,#2207,#171,.T.);
#1621=EDGE_CURVE('',#2215,#2216,#2578,.T.);
#1622=EDGE_CURVE('',#2216,#2217,#172,.T.);
#1623=EDGE_CURVE('',#2217,#2218,#2579,.T.);
#1624=EDGE_CURVE('',#2218,#2219,#173,.T.);
#1625=EDGE_CURVE('',#2219,#2220,#2580,.T.);
#1626=EDGE_CURVE('',#2220,#2221,#174,.T.);
#1627=EDGE_CURVE('',#2221,#2222,#2581,.T.);
#1628=EDGE_CURVE('',#2222,#2215,#175,.T.);
#1629=EDGE_CURVE('',#2223,#2223,#176,.T.);
#1630=EDGE_CURVE('',#2224,#2224,#177,.T.);
#1631=EDGE_CURVE('',#2225,#2225,#178,.T.);
#1632=EDGE_CURVE('',#2226,#2226,#179,.T.);
#1633=EDGE_CURVE('',#2227,#2227,#180,.T.);
#1634=EDGE_CURVE('',#2228,#2229,#2582,.T.);
#1635=EDGE_CURVE('',#2228,#2230,#181,.T.);
#1636=EDGE_CURVE('',#2230,#2231,#2583,.T.);
#1637=EDGE_CURVE('',#2231,#2232,#182,.T.);
#1638=EDGE_CURVE('',#2233,#2232,#2584,.T.);
#1639=EDGE_CURVE('',#2233,#2234,#183,.T.);
#1640=EDGE_CURVE('',#2235,#2234,#2585,.T.);
#1641=EDGE_CURVE('',#2235,#2236,#184,.T.);
#1642=EDGE_CURVE('',#2236,#2237,#2586,.T.);
#1643=EDGE_CURVE('',#2237,#2229,#185,.T.);
#1644=EDGE_CURVE('',#2238,#2239,#2587,.T.);
#1645=EDGE_CURVE('',#2238,#2240,#186,.T.);
#1646=EDGE_CURVE('',#2240,#2241,#2588,.T.);
#1647=EDGE_CURVE('',#2241,#2242,#187,.T.);
#1648=EDGE_CURVE('',#2243,#2242,#2589,.T.);
#1649=EDGE_CURVE('',#2243,#2244,#188,.T.);
#1650=EDGE_CURVE('',#2245,#2244,#2590,.T.);
#1651=EDGE_CURVE('',#2245,#2239,#189,.T.);
#1652=EDGE_CURVE('',#2246,#2247,#2591,.T.);
#1653=EDGE_CURVE('',#2246,#2248,#190,.T.);
#1654=EDGE_CURVE('',#2248,#2249,#2592,.T.);
#1655=EDGE_CURVE('',#2249,#2250,#191,.T.);
#1656=EDGE_CURVE('',#2251,#2250,#2593,.T.);
#1657=EDGE_CURVE('',#2251,#2252,#192,.T.);
#1658=EDGE_CURVE('',#2252,#2253,#2594,.T.);
#1659=EDGE_CURVE('',#2253,#2247,#193,.T.);
#1660=EDGE_CURVE('',#2254,#2255,#2595,.T.);
#1661=EDGE_CURVE('',#2254,#2256,#194,.T.);
#1662=EDGE_CURVE('',#2257,#2256,#2596,.T.);
#1663=EDGE_CURVE('',#2257,#2258,#195,.T.);
#1664=EDGE_CURVE('',#2259,#2258,#2597,.T.);
#1665=EDGE_CURVE('',#2259,#2260,#196,.T.);
#1666=EDGE_CURVE('',#2261,#2260,#197,.T.);
#1667=EDGE_CURVE('',#2261,#2255,#198,.T.);
#1668=EDGE_CURVE('',#2262,#2263,#2598,.T.);
#1669=EDGE_CURVE('',#2262,#2264,#199,.T.);
#1670=EDGE_CURVE('',#2265,#2264,#2599,.T.);
#1671=EDGE_CURVE('',#2265,#2266,#200,.T.);
#1672=EDGE_CURVE('',#2266,#2267,#2600,.T.);
#1673=EDGE_CURVE('',#2267,#2268,#201,.T.);
#1674=EDGE_CURVE('',#2269,#2268,#2601,.T.);
#1675=EDGE_CURVE('',#2269,#2263,#202,.T.);
#1676=EDGE_CURVE('',#2270,#2271,#2602,.T.);
#1677=EDGE_CURVE('',#2270,#2272,#203,.T.);
#1678=EDGE_CURVE('',#2273,#2272,#2603,.T.);
#1679=EDGE_CURVE('',#2273,#2274,#204,.T.);
#1680=EDGE_CURVE('',#2275,#2274,#2604,.T.);
#1681=EDGE_CURVE('',#2275,#2276,#205,.T.);
#1682=EDGE_CURVE('',#2277,#2276,#2605,.T.);
#1683=EDGE_CURVE('',#2277,#2271,#206,.T.);
#1684=EDGE_CURVE('',#2278,#2279,#207,.T.);
#1685=EDGE_CURVE('',#2278,#2280,#208,.T.);
#1686=EDGE_CURVE('',#2280,#2281,#2606,.T.);
#1687=EDGE_CURVE('',#2281,#2282,#209,.T.);
#1688=EDGE_CURVE('',#2283,#2282,#2607,.T.);
#1689=EDGE_CURVE('',#2283,#2284,#210,.T.);
#1690=EDGE_CURVE('',#2284,#2285,#2608,.T.);
#1691=EDGE_CURVE('',#2285,#2279,#211,.T.);
#1692=EDGE_CURVE('',#2286,#2287,#212,.T.);
#1693=EDGE_CURVE('',#2287,#2288,#2609,.T.);
#1694=EDGE_CURVE('',#2289,#2288,#213,.T.);
#1695=EDGE_CURVE('',#2289,#2290,#2610,.T.);
#1696=EDGE_CURVE('',#2290,#2291,#214,.F.);
#1697=EDGE_CURVE('',#2291,#2292,#2611,.T.);
#1698=EDGE_CURVE('',#2292,#2293,#215,.F.);
#1699=EDGE_CURVE('',#2294,#2293,#2612,.T.);
#1700=EDGE_CURVE('',#2294,#2295,#216,.T.);
#1701=EDGE_CURVE('',#2295,#2296,#2613,.T.);
#1702=EDGE_CURVE('',#2296,#2297,#217,.F.);
#1703=EDGE_CURVE('',#2298,#2297,#2614,.T.);
#1704=EDGE_CURVE('',#2298,#2299,#218,.F.);
#1705=EDGE_CURVE('',#2300,#2299,#2615,.T.);
#1706=EDGE_CURVE('',#2300,#2301,#219,.T.);
#1707=EDGE_CURVE('',#2301,#2302,#2616,.T.);
#1708=EDGE_CURVE('',#2302,#2303,#220,.F.);
#1709=EDGE_CURVE('',#2303,#2304,#221,.T.);
#1710=EDGE_CURVE('',#2305,#2304,#2617,.T.);
#1711=EDGE_CURVE('',#2306,#2305,#222,.T.);
#1712=EDGE_CURVE('',#2307,#2306,#2618,.T.);
#1713=EDGE_CURVE('',#2307,#2308,#223,.T.);
#1714=EDGE_CURVE('',#2308,#2309,#2619,.T.);
#1715=EDGE_CURVE('',#2309,#2310,#224,.T.);
#1716=EDGE_CURVE('',#2311,#2310,#2620,.T.);
#1717=EDGE_CURVE('',#2311,#2312,#225,.T.);
#1718=EDGE_CURVE('',#2312,#2313,#2621,.T.);
#1719=EDGE_CURVE('',#2313,#2314,#226,.T.);
#1720=EDGE_CURVE('',#2314,#2315,#227,.F.);
#1721=EDGE_CURVE('',#2315,#2316,#2622,.T.);
#1722=EDGE_CURVE('',#2316,#2317,#228,.T.);
#1723=EDGE_CURVE('',#2317,#2318,#2623,.T.);
#1724=EDGE_CURVE('',#2318,#2319,#229,.F.);
#1725=EDGE_CURVE('',#2319,#2320,#2624,.T.);
#1726=EDGE_CURVE('',#2320,#2321,#230,.F.);
#1727=EDGE_CURVE('',#2322,#2321,#2625,.T.);
#1728=EDGE_CURVE('',#2322,#2323,#231,.T.);
#1729=EDGE_CURVE('',#2323,#2324,#2626,.T.);
#1730=EDGE_CURVE('',#2324,#2325,#2627,.T.);
#1731=EDGE_CURVE('',#2325,#2326,#232,.T.);
#1732=EDGE_CURVE('',#2326,#2327,#2628,.T.);
#1733=EDGE_CURVE('',#2327,#2328,#233,.F.);
#1734=EDGE_CURVE('',#2328,#2329,#234,.T.);
#1735=EDGE_CURVE('',#2330,#2329,#2629,.T.);
#1736=EDGE_CURVE('',#2330,#2286,#2630,.T.);
#1737=EDGE_CURVE('',#2331,#2332,#235,.T.);
#1738=EDGE_CURVE('',#2332,#2333,#236,.T.);
#1739=EDGE_CURVE('',#2333,#2334,#2631,.T.);
#1740=EDGE_CURVE('',#2334,#2335,#237,.T.);
#1741=EDGE_CURVE('',#2335,#2336,#238,.T.);
#1742=EDGE_CURVE('',#2336,#2337,#239,.T.);
#1743=EDGE_CURVE('',#2337,#2338,#2632,.T.);
#1744=EDGE_CURVE('',#2338,#2339,#240,.T.);
#1745=EDGE_CURVE('',#2340,#2339,#2633,.T.);
#1746=EDGE_CURVE('',#2340,#2331,#241,.T.);
#1747=EDGE_CURVE('',#2341,#2342,#2634,.T.);
#1748=EDGE_CURVE('',#2341,#2343,#242,.T.);
#1749=EDGE_CURVE('',#2343,#2344,#243,.T.);
#1750=EDGE_CURVE('',#2344,#2345,#244,.T.);
#1751=EDGE_CURVE('',#2346,#2345,#2635,.T.);
#1752=EDGE_CURVE('',#2346,#2347,#245,.T.);
#1753=EDGE_CURVE('',#2347,#2348,#246,.T.);
#1754=EDGE_CURVE('',#2348,#2349,#247,.T.);
#1755=EDGE_CURVE('',#2349,#2350,#2636,.T.);
#1756=EDGE_CURVE('',#2350,#2351,#248,.T.);
#1757=EDGE_CURVE('',#2351,#2352,#249,.T.);
#1758=EDGE_CURVE('',#2352,#2342,#250,.T.);
#1759=EDGE_CURVE('',#2353,#2354,#251,.T.);
#1760=EDGE_CURVE('',#2354,#2355,#252,.T.);
#1761=EDGE_CURVE('',#2355,#2356,#2637,.T.);
#1762=EDGE_CURVE('',#2356,#2357,#253,.T.);
#1763=EDGE_CURVE('',#2357,#2358,#254,.T.);
#1764=EDGE_CURVE('',#2358,#2359,#255,.T.);
#1765=EDGE_CURVE('',#2360,#2359,#2638,.T.);
#1766=EDGE_CURVE('',#2360,#2361,#256,.T.);
#1767=EDGE_CURVE('',#2362,#2361,#2639,.T.);
#1768=EDGE_CURVE('',#2362,#2353,#257,.T.);
#1769=EDGE_CURVE('',#2363,#2364,#2640,.T.);
#1770=EDGE_CURVE('',#2363,#2365,#258,.F.);
#1771=EDGE_CURVE('',#2366,#2365,#2641,.T.);
#1772=EDGE_CURVE('',#2366,#2367,#259,.F.);
#1773=EDGE_CURVE('',#2367,#2368,#260,.T.);
#1774=EDGE_CURVE('',#2368,#2369,#261,.F.);
#1775=EDGE_CURVE('',#2370,#2369,#2642,.T.);
#1776=EDGE_CURVE('',#2370,#2371,#262,.F.);
#1777=EDGE_CURVE('',#2372,#2371,#263,.F.);
#1778=EDGE_CURVE('',#2372,#2373,#264,.F.);
#1779=EDGE_CURVE('',#2373,#2374,#265,.T.);
#1780=EDGE_CURVE('',#2374,#2364,#266,.F.);
#1781=EDGE_CURVE('',#2375,#2375,#267,.T.);
#1782=EDGE_CURVE('',#2376,#2377,#2643,.T.);
#1783=EDGE_CURVE('',#2376,#2378,#268,.F.);
#1784=EDGE_CURVE('',#2379,#2378,#2644,.T.);
#1785=EDGE_CURVE('',#2379,#2380,#2645,.T.);
#1786=EDGE_CURVE('',#2381,#2380,#269,.T.);
#1787=EDGE_CURVE('',#2381,#2382,#270,.T.);
#1788=EDGE_CURVE('',#2383,#2382,#2646,.T.);
#1789=EDGE_CURVE('',#2384,#2383,#271,.T.);
#1790=EDGE_CURVE('',#2385,#2384,#2647,.T.);
#1791=EDGE_CURVE('',#2386,#2385,#2648,.T.);
#1792=EDGE_CURVE('',#2387,#2386,#272,.T.);
#1793=EDGE_CURVE('',#2387,#2388,#2649,.T.);
#1794=EDGE_CURVE('',#2388,#2389,#273,.T.);
#1795=EDGE_CURVE('',#2390,#2389,#2650,.T.);
#1796=EDGE_CURVE('',#2390,#2391,#274,.T.);
#1797=EDGE_CURVE('',#2392,#2391,#2651,.T.);
#1798=EDGE_CURVE('',#2393,#2392,#275,.T.);
#1799=EDGE_CURVE('',#2394,#2393,#2652,.T.);
#1800=EDGE_CURVE('',#2394,#2395,#276,.T.);
#1801=EDGE_CURVE('',#2396,#2395,#277,.T.);
#1802=EDGE_CURVE('',#2397,#2396,#2653,.T.);
#1803=EDGE_CURVE('',#2397,#2398,#278,.F.);
#1804=EDGE_CURVE('',#2398,#2399,#2654,.T.);
#1805=EDGE_CURVE('',#2400,#2399,#279,.T.);
#1806=EDGE_CURVE('',#2401,#2400,#2655,.T.);
#1807=EDGE_CURVE('',#2401,#2402,#280,.F.);
#1808=EDGE_CURVE('',#2402,#2403,#2656,.T.);
#1809=EDGE_CURVE('',#2403,#2404,#281,.T.);
#1810=EDGE_CURVE('',#2404,#2405,#2657,.T.);
#1811=EDGE_CURVE('',#2406,#2405,#282,.T.);
#1812=EDGE_CURVE('',#2406,#2407,#283,.T.);
#1813=EDGE_CURVE('',#2408,#2407,#2658,.T.);
#1814=EDGE_CURVE('',#2409,#2408,#284,.T.);
#1815=EDGE_CURVE('',#2409,#2410,#2659,.T.);
#1816=EDGE_CURVE('',#2410,#2411,#285,.T.);
#1817=EDGE_CURVE('',#2411,#2412,#2660,.T.);
#1818=EDGE_CURVE('',#2412,#2413,#286,.T.);
#1819=EDGE_CURVE('',#2414,#2413,#2661,.T.);
#1820=EDGE_CURVE('',#2415,#2414,#287,.T.);
#1821=EDGE_CURVE('',#2415,#2416,#2662,.T.);
#1822=EDGE_CURVE('',#2416,#2417,#288,.T.);
#1823=EDGE_CURVE('',#2418,#2417,#2663,.T.);
#1824=EDGE_CURVE('',#2418,#2419,#289,.T.);
#1825=EDGE_CURVE('',#2420,#2419,#2664,.T.);
#1826=EDGE_CURVE('',#2420,#2377,#290,.T.);
#1827=EDGE_CURVE('',#2421,#2422,#2665,.T.);
#1828=EDGE_CURVE('',#2422,#2423,#291,.F.);
#1829=EDGE_CURVE('',#2423,#2424,#2666,.T.);
#1830=EDGE_CURVE('',#2424,#2425,#292,.F.);
#1831=EDGE_CURVE('',#2425,#2426,#2667,.T.);
#1832=EDGE_CURVE('',#2426,#2427,#293,.F.);
#1833=EDGE_CURVE('',#2427,#2428,#2668,.T.);
#1834=EDGE_CURVE('',#2428,#2421,#294,.F.);
#1835=EDGE_CURVE('',#2429,#2430,#2669,.T.);
#1836=EDGE_CURVE('',#2429,#2431,#295,.F.);
#1837=EDGE_CURVE('',#2431,#2432,#2670,.T.);
#1838=EDGE_CURVE('',#2432,#2433,#296,.F.);
#1839=EDGE_CURVE('',#2433,#2434,#2671,.T.);
#1840=EDGE_CURVE('',#2434,#2435,#297,.F.);
#1841=EDGE_CURVE('',#2435,#2436,#2672,.T.);
#1842=EDGE_CURVE('',#2436,#2430,#298,.F.);
#1843=EDGE_CURVE('',#2437,#2438,#2673,.T.);
#1844=EDGE_CURVE('',#2438,#2439,#299,.F.);
#1845=EDGE_CURVE('',#2439,#2440,#2674,.T.);
#1846=EDGE_CURVE('',#2440,#2441,#300,.F.);
#1847=EDGE_CURVE('',#2441,#2442,#2675,.T.);
#1848=EDGE_CURVE('',#2442,#2443,#301,.F.);
#1849=EDGE_CURVE('',#2443,#2444,#302,.T.);
#1850=EDGE_CURVE('',#2444,#2437,#303,.F.);
#1851=EDGE_CURVE('',#2445,#2446,#2676,.T.);
#1852=EDGE_CURVE('',#2445,#2447,#304,.F.);
#1853=EDGE_CURVE('',#2447,#2448,#305,.T.);
#1854=EDGE_CURVE('',#2448,#2449,#306,.F.);
#1855=EDGE_CURVE('',#2450,#2449,#2677,.T.);
#1856=EDGE_CURVE('',#2450,#2451,#307,.F.);
#1857=EDGE_CURVE('',#2451,#2452,#2678,.T.);
#1858=EDGE_CURVE('',#2452,#2446,#308,.F.);
#1859=EDGE_CURVE('',#2453,#2454,#2679,.T.);
#1860=EDGE_CURVE('',#2453,#2455,#309,.F.);
#1861=EDGE_CURVE('',#2455,#2456,#2680,.T.);
#1862=EDGE_CURVE('',#2456,#2457,#310,.F.);
#1863=EDGE_CURVE('',#2458,#2457,#2681,.T.);
#1864=EDGE_CURVE('',#2458,#2459,#311,.F.);
#1865=EDGE_CURVE('',#2459,#2460,#2682,.T.);
#1866=EDGE_CURVE('',#2460,#2454,#312,.F.);
#1867=EDGE_CURVE('',#2461,#2462,#2683,.T.);
#1868=EDGE_CURVE('',#2461,#2463,#313,.F.);
#1869=EDGE_CURVE('',#2463,#2464,#2684,.T.);
#1870=EDGE_CURVE('',#2464,#2465,#314,.F.);
#1871=EDGE_CURVE('',#2465,#2466,#2685,.T.);
#1872=EDGE_CURVE('',#2466,#2467,#315,.F.);
#1873=EDGE_CURVE('',#2467,#2468,#2686,.T.);
#1874=EDGE_CURVE('',#2468,#2462,#316,.F.);
#1875=EDGE_CURVE('',#2469,#2470,#2687,.T.);
#1876=EDGE_CURVE('',#2470,#2471,#317,.F.);
#1877=EDGE_CURVE('',#2471,#2472,#2688,.T.);
#1878=EDGE_CURVE('',#2472,#2473,#318,.F.);
#1879=EDGE_CURVE('',#2474,#2473,#2689,.T.);
#1880=EDGE_CURVE('',#2474,#2475,#319,.F.);
#1881=EDGE_CURVE('',#2475,#2476,#2690,.T.);
#1882=EDGE_CURVE('',#2476,#2477,#320,.F.);
#1883=EDGE_CURVE('',#2478,#2477,#2691,.T.);
#1884=EDGE_CURVE('',#2478,#2469,#321,.F.);
#1885=EDGE_CURVE('',#2479,#2479,#322,.T.);
#1886=EDGE_CURVE('',#2480,#2480,#323,.T.);
#1887=EDGE_CURVE('',#2481,#2481,#324,.T.);
#1888=EDGE_CURVE('',#2482,#2482,#325,.T.);
#1889=EDGE_CURVE('',#2483,#2483,#326,.T.);
#1890=EDGE_CURVE('',#2484,#2485,#2692,.T.);
#1891=EDGE_CURVE('',#2484,#2486,#327,.F.);
#1892=EDGE_CURVE('',#2487,#2486,#2693,.T.);
#1893=EDGE_CURVE('',#2487,#2488,#328,.F.);
#1894=EDGE_CURVE('',#2489,#2488,#2694,.T.);
#1895=EDGE_CURVE('',#2489,#2490,#329,.F.);
#1896=EDGE_CURVE('',#2491,#2490,#2695,.T.);
#1897=EDGE_CURVE('',#2491,#2485,#330,.F.);
#1898=EDGE_CURVE('',#2492,#2493,#2696,.T.);
#1899=EDGE_CURVE('',#2492,#2494,#331,.F.);
#1900=EDGE_CURVE('',#2495,#2494,#2697,.T.);
#1901=EDGE_CURVE('',#2495,#2496,#332,.F.);
#1902=EDGE_CURVE('',#2497,#2496,#2698,.T.);
#1903=EDGE_CURVE('',#2497,#2498,#333,.F.);
#1904=EDGE_CURVE('',#2499,#2498,#2699,.T.);
#1905=EDGE_CURVE('',#2499,#2493,#334,.F.);
#1906=EDGE_CURVE('',#2500,#2501,#2700,.T.);
#1907=EDGE_CURVE('',#2500,#2502,#335,.F.);
#1908=EDGE_CURVE('',#2502,#2503,#336,.T.);
#1909=EDGE_CURVE('',#2503,#2504,#337,.F.);
#1910=EDGE_CURVE('',#2505,#2504,#2701,.T.);
#1911=EDGE_CURVE('',#2505,#2506,#338,.F.);
#1912=EDGE_CURVE('',#2506,#2507,#339,.T.);
#1913=EDGE_CURVE('',#2507,#2508,#340,.F.);
#1914=EDGE_CURVE('',#2508,#2509,#2702,.T.);
#1915=EDGE_CURVE('',#2509,#2510,#341,.F.);
#1916=EDGE_CURVE('',#2510,#2511,#342,.T.);
#1917=EDGE_CURVE('',#2511,#2501,#343,.F.);
#1918=EDGE_CURVE('',#2512,#2513,#2703,.T.);
#1919=EDGE_CURVE('',#2513,#2514,#344,.F.);
#1920=EDGE_CURVE('',#2514,#2515,#345,.T.);
#1921=EDGE_CURVE('',#2515,#2516,#346,.F.);
#1922=EDGE_CURVE('',#2516,#2517,#2704,.T.);
#1923=EDGE_CURVE('',#2517,#2518,#347,.F.);
#1924=EDGE_CURVE('',#2518,#2519,#348,.T.);
#1925=EDGE_CURVE('',#2519,#2520,#349,.F.);
#1926=EDGE_CURVE('',#2521,#2520,#2705,.T.);
#1927=EDGE_CURVE('',#2521,#2512,#350,.F.);
#1928=EDGE_CURVE('',#2522,#2523,#2706,.T.);
#1929=EDGE_CURVE('',#2522,#2524,#351,.F.);
#1930=EDGE_CURVE('',#2524,#2525,#352,.T.);
#1931=EDGE_CURVE('',#2525,#2526,#353,.F.);
#1932=EDGE_CURVE('',#2527,#2526,#354,.F.);
#1933=EDGE_CURVE('',#2528,#2527,#2707,.T.);
#1934=EDGE_CURVE('',#2528,#2529,#355,.F.);
#1935=EDGE_CURVE('',#2529,#2530,#356,.T.);
#1936=EDGE_CURVE('',#2530,#2523,#357,.F.);
#1937=EDGE_CURVE('',#2531,#2532,#2708,.T.);
#1938=EDGE_CURVE('',#2531,#2533,#358,.F.);
#1939=EDGE_CURVE('',#2533,#2534,#359,.T.);
#1940=EDGE_CURVE('',#2534,#2535,#360,.F.);
#1941=EDGE_CURVE('',#2536,#2535,#2709,.T.);
#1942=EDGE_CURVE('',#2536,#2537,#361,.F.);
#1943=EDGE_CURVE('',#2537,#2538,#362,.T.);
#1944=EDGE_CURVE('',#2538,#2539,#363,.F.);
#1945=EDGE_CURVE('',#2539,#2540,#2710,.T.);
#1946=EDGE_CURVE('',#2540,#2541,#364,.F.);
#1947=EDGE_CURVE('',#2541,#2542,#365,.T.);
#1948=EDGE_CURVE('',#2542,#2532,#366,.F.);
#1949=EDGE_CURVE('',#2543,#2544,#367,.T.);
#1950=EDGE_CURVE('',#2544,#2545,#368,.F.);
#1951=EDGE_CURVE('',#2545,#2546,#2711,.T.);
#1952=EDGE_CURVE('',#2546,#2547,#369,.F.);
#1953=EDGE_CURVE('',#2547,#2548,#370,.T.);
#1954=EDGE_CURVE('',#2548,#2549,#371,.F.);
#1955=EDGE_CURVE('',#2550,#2549,#2712,.T.);
#1956=EDGE_CURVE('',#2550,#2551,#372,.F.);
#1957=EDGE_CURVE('',#2551,#2552,#2713,.T.);
#1958=EDGE_CURVE('',#2552,#2543,#373,.F.);
#1959=EDGE_CURVE('',#2553,#2554,#2714,.T.);
#1960=EDGE_CURVE('',#2553,#2555,#374,.F.);
#1961=EDGE_CURVE('',#2555,#2556,#375,.T.);
#1962=EDGE_CURVE('',#2556,#2557,#376,.F.);
#1963=EDGE_CURVE('',#2557,#2558,#2715,.T.);
#1964=EDGE_CURVE('',#2558,#2559,#377,.F.);
#1965=EDGE_CURVE('',#2559,#2560,#378,.T.);
#1966=EDGE_CURVE('',#2560,#2561,#379,.F.);
#1967=EDGE_CURVE('',#2562,#2561,#2716,.T.);
#1968=EDGE_CURVE('',#2562,#2554,#380,.F.);
#1969=EDGE_CURVE('',#2454,#2249,#2717,.T.);
#1970=EDGE_CURVE('',#2248,#2453,#2718,.F.);
#1971=EDGE_CURVE('',#2449,#2285,#2719,.F.);
#1972=EDGE_CURVE('',#2284,#2450,#2720,.F.);
#1973=EDGE_CURVE('',#2462,#2241,#2721,.T.);
#1974=EDGE_CURVE('',#2240,#2461,#2722,.F.);
#1975=EDGE_CURVE('',#2271,#2426,#2723,.F.);
#1976=EDGE_CURVE('',#2425,#2270,#2724,.T.);
#1977=EDGE_CURVE('',#2263,#2434,#2725,.F.);
#1978=EDGE_CURVE('',#2433,#2262,#2726,.T.);
#1979=EDGE_CURVE('',#2255,#2442,#2727,.F.);
#1980=EDGE_CURVE('',#2441,#2254,#2728,.T.);
#1981=EDGE_CURVE('',#2447,#2278,#2729,.F.);
#1982=EDGE_CURVE('',#2279,#2448,#2730,.T.);
#1983=EDGE_CURVE('',#2378,#2286,#2731,.F.);
#1984=EDGE_CURVE('',#2330,#2379,#2732,.T.);
#1985=EDGE_CURVE('',#2292,#2417,#2733,.T.);
#1986=EDGE_CURVE('',#2293,#2416,#2734,.F.);
#1987=EDGE_CURVE('',#2297,#2412,#2735,.T.);
#1988=EDGE_CURVE('',#2411,#2298,#2736,.F.);
#1989=EDGE_CURVE('',#2319,#2390,#2737,.T.);
#1990=EDGE_CURVE('',#2389,#2320,#2738,.F.);
#1991=EDGE_CURVE('',#2305,#2404,#2739,.T.);
#1992=EDGE_CURVE('',#2304,#2405,#2740,.T.);
#1993=EDGE_CURVE('',#2402,#2307,#2741,.F.);
#1994=EDGE_CURVE('',#2306,#2403,#2742,.T.);
#1995=EDGE_CURVE('',#2312,#2397,#2743,.T.);
#1996=EDGE_CURVE('',#2313,#2396,#2744,.T.);
#1997=EDGE_CURVE('',#2329,#2380,#2745,.T.);
#1998=EDGE_CURVE('',#2303,#2406,#2746,.T.);
#1999=EDGE_CURVE('',#2395,#2314,#2747,.F.);
#2000=EDGE_CURVE('',#2328,#2381,#2748,.T.);
#2001=EDGE_CURVE('',#2326,#2383,#2749,.T.);
#2002=EDGE_CURVE('',#2382,#2327,#2750,.F.);
#2003=EDGE_CURVE('',#2325,#2384,#2751,.T.);
#2004=EDGE_CURVE('',#2324,#2385,#2752,.T.);
#2005=EDGE_CURVE('',#2323,#2386,#2753,.T.);
#2006=EDGE_CURVE('',#2322,#2387,#2754,.T.);
#2007=EDGE_CURVE('',#2321,#2388,#2755,.T.);
#2008=EDGE_CURVE('',#2317,#2392,#2756,.T.);
#2009=EDGE_CURVE('',#2391,#2318,#2757,.F.);
#2010=EDGE_CURVE('',#2316,#2393,#2758,.T.);
#2011=EDGE_CURVE('',#2315,#2394,#2759,.T.);
#2012=EDGE_CURVE('',#2300,#2409,#2760,.T.);
#2013=EDGE_CURVE('',#2301,#2408,#2761,.T.);
#2014=EDGE_CURVE('',#2294,#2415,#2762,.T.);
#2015=EDGE_CURVE('',#2295,#2414,#2763,.T.);
#2016=EDGE_CURVE('',#2234,#2470,#2764,.T.);
#2017=EDGE_CURVE('',#2469,#2235,#2765,.F.);
#2018=EDGE_CURVE('',#2477,#2237,#2766,.T.);
#2019=EDGE_CURVE('',#2236,#2478,#2767,.T.);
#2020=EDGE_CURVE('',#2471,#2233,#2768,.F.);
#2021=EDGE_CURVE('',#2232,#2472,#2769,.F.);
#2022=EDGE_CURVE('',#2443,#2261,#2770,.F.);
#2023=EDGE_CURVE('',#2260,#2444,#2771,.T.);
#2024=EDGE_CURVE('',#2407,#2302,#2772,.F.);
#2025=EDGE_CURVE('',#2299,#2410,#2773,.T.);
#2026=EDGE_CURVE('',#2413,#2296,#2774,.F.);
#2027=EDGE_CURVE('',#2291,#2418,#2775,.T.);
#2028=EDGE_CURVE('',#2419,#2290,#2776,.F.);
#2029=EDGE_CURVE('',#2289,#2420,#2777,.T.);
#2030=EDGE_CURVE('',#2288,#2377,#2778,.T.);
#2031=EDGE_CURVE('',#2376,#2287,#2779,.T.);
#2032=EDGE_CURVE('',#2398,#2311,#2780,.F.);
#2033=EDGE_CURVE('',#2310,#2399,#2781,.T.);
#2034=EDGE_CURVE('',#2309,#2400,#2782,.T.);
#2035=EDGE_CURVE('',#2308,#2401,#2783,.T.);
#2036=EDGE_CURVE('',#2209,#2492,#2784,.F.);
#2037=EDGE_CURVE('',#2493,#2210,#2785,.T.);
#2038=EDGE_CURVE('',#2498,#2212,#2786,.T.);
#2039=EDGE_CURVE('',#2211,#2499,#2787,.F.);
#2040=EDGE_CURVE('',#2496,#2214,#2788,.T.);
#2041=EDGE_CURVE('',#2213,#2497,#2789,.F.);
#2042=EDGE_CURVE('',#2485,#2218,#2790,.T.);
#2043=EDGE_CURVE('',#2217,#2484,#2791,.F.);
#2044=EDGE_CURVE('',#2490,#2220,#2792,.T.);
#2045=EDGE_CURVE('',#2219,#2491,#2793,.F.);
#2046=EDGE_CURVE('',#2221,#2489,#2794,.F.);
#2047=EDGE_CURVE('',#2488,#2222,#2795,.T.);
#2048=EDGE_CURVE('',#2247,#2456,#2796,.F.);
#2049=EDGE_CURVE('',#2455,#2246,#2797,.T.);
#2050=EDGE_CURVE('',#2475,#2228,#2798,.T.);
#2051=EDGE_CURVE('',#2229,#2476,#2799,.F.);
#2052=EDGE_CURVE('',#2473,#2231,#2800,.T.);
#2053=EDGE_CURVE('',#2230,#2474,#2801,.F.);
#2054=EDGE_CURVE('',#2423,#2273,#2802,.T.);
#2055=EDGE_CURVE('',#2272,#2424,#2803,.F.);
#2056=EDGE_CURVE('',#2421,#2275,#2804,.T.);
#2057=EDGE_CURVE('',#2274,#2422,#2805,.F.);
#2058=EDGE_CURVE('',#2427,#2277,#2806,.T.);
#2059=EDGE_CURVE('',#2276,#2428,#2807,.F.);
#2060=EDGE_CURVE('',#2264,#2432,#2808,.F.);
#2061=EDGE_CURVE('',#2431,#2265,#2809,.T.);
#2062=EDGE_CURVE('',#2430,#2267,#2810,.T.);
#2063=EDGE_CURVE('',#2266,#2429,#2811,.F.);
#2064=EDGE_CURVE('',#2435,#2269,#2812,.T.);
#2065=EDGE_CURVE('',#2268,#2436,#2813,.F.);
#2066=EDGE_CURVE('',#2439,#2257,#2814,.T.);
#2067=EDGE_CURVE('',#2256,#2440,#2815,.F.);
#2068=EDGE_CURVE('',#2437,#2259,#2816,.F.);
#2069=EDGE_CURVE('',#2258,#2438,#2817,.F.);
#2070=EDGE_CURVE('',#2280,#2445,#2818,.F.);
#2071=EDGE_CURVE('',#2446,#2281,#2819,.T.);
#2072=EDGE_CURVE('',#2451,#2283,#2820,.T.);
#2073=EDGE_CURVE('',#2282,#2452,#2821,.F.);
#2074=EDGE_CURVE('',#2467,#2243,#2822,.T.);
#2075=EDGE_CURVE('',#2242,#2468,#2823,.F.);
#2076=EDGE_CURVE('',#2244,#2466,#2824,.F.);
#2077=EDGE_CURVE('',#2465,#2245,#2825,.T.);
#2078=EDGE_CURVE('',#2239,#2464,#2826,.F.);
#2079=EDGE_CURVE('',#2463,#2238,#2827,.T.);
#2080=EDGE_CURVE('',#2250,#2460,#2828,.F.);
#2081=EDGE_CURVE('',#2459,#2251,#2829,.T.);
#2082=EDGE_CURVE('',#2215,#2487,#2830,.F.);
#2083=EDGE_CURVE('',#2486,#2216,#2831,.T.);
#2084=EDGE_CURVE('',#2252,#2458,#2832,.F.);
#2085=EDGE_CURVE('',#2457,#2253,#2833,.T.);
#2086=EDGE_CURVE('',#2494,#2208,#2834,.T.);
#2087=EDGE_CURVE('',#2207,#2495,#2835,.F.);
#2088=EDGE_CURVE('',#2196,#2503,#2836,.F.);
#2089=EDGE_CURVE('',#2502,#2197,#2837,.T.);
#2090=EDGE_CURVE('',#2195,#2505,#2838,.F.);
#2091=EDGE_CURVE('',#2504,#2194,#2839,.T.);
#2092=EDGE_CURVE('',#2506,#2205,#2840,.T.);
#2093=EDGE_CURVE('',#2204,#2507,#2841,.F.);
#2094=EDGE_CURVE('',#2202,#2509,#2842,.T.);
#2095=EDGE_CURVE('',#2508,#2203,#2843,.F.);
#2096=EDGE_CURVE('',#2200,#2511,#2844,.F.);
#2097=EDGE_CURVE('',#2510,#2201,#2845,.T.);
#2098=EDGE_CURVE('',#2198,#2500,#2846,.F.);
#2099=EDGE_CURVE('',#2501,#2199,#2847,.T.);
#2100=EDGE_CURVE('',#2516,#2334,#2848,.F.);
#2101=EDGE_CURVE('',#2333,#2517,#2849,.T.);
#2102=EDGE_CURVE('',#2331,#2519,#2850,.F.);
#2103=EDGE_CURVE('',#2518,#2332,#2851,.T.);
#2104=EDGE_CURVE('',#2339,#2521,#2852,.F.);
#2105=EDGE_CURVE('',#2520,#2340,#2853,.T.);
#2106=EDGE_CURVE('',#2512,#2338,#2854,.T.);
#2107=EDGE_CURVE('',#2337,#2513,#2855,.T.);
#2108=EDGE_CURVE('',#2514,#2336,#2856,.T.);
#2109=EDGE_CURVE('',#2335,#2515,#2857,.F.);
#2110=EDGE_CURVE('',#2526,#2185,#2858,.T.);
#2111=EDGE_CURVE('',#2527,#2186,#2859,.T.);
#2112=EDGE_CURVE('',#2193,#2528,#2860,.F.);
#2113=EDGE_CURVE('',#2191,#2530,#2861,.F.);
#2114=EDGE_CURVE('',#2529,#2192,#2862,.T.);
#2115=EDGE_CURVE('',#2523,#2190,#2863,.T.);
#2116=EDGE_CURVE('',#2189,#2522,#2864,.F.);
#2117=EDGE_CURVE('',#2524,#2188,#2865,.T.);
#2118=EDGE_CURVE('',#2187,#2525,#2866,.F.);
#2119=EDGE_CURVE('',#2533,#2344,#2867,.T.);
#2120=EDGE_CURVE('',#2343,#2534,#2868,.F.);
#2121=EDGE_CURVE('',#2535,#2341,#2869,.T.);
#2122=EDGE_CURVE('',#2342,#2536,#2870,.F.);
#2123=EDGE_CURVE('',#2537,#2352,#2871,.T.);
#2124=EDGE_CURVE('',#2351,#2538,#2872,.F.);
#2125=EDGE_CURVE('',#2539,#2350,#2873,.F.);
#2126=EDGE_CURVE('',#2349,#2540,#2874,.T.);
#2127=EDGE_CURVE('',#2347,#2542,#2875,.F.);
#2128=EDGE_CURVE('',#2541,#2348,#2876,.T.);
#2129=EDGE_CURVE('',#2345,#2531,#2877,.F.);
#2130=EDGE_CURVE('',#2532,#2346,#2878,.T.);
#2131=EDGE_CURVE('',#2177,#2548,#2879,.F.);
#2132=EDGE_CURVE('',#2547,#2178,#2880,.T.);
#2133=EDGE_CURVE('',#2176,#2550,#2881,.F.);
#2134=EDGE_CURVE('',#2549,#2175,#2882,.T.);
#2135=EDGE_CURVE('',#2183,#2552,#2883,.T.);
#2136=EDGE_CURVE('',#2551,#2184,#2884,.T.);
#2137=EDGE_CURVE('',#2543,#2182,#2885,.T.);
#2138=EDGE_CURVE('',#2181,#2544,#2886,.F.);
#2139=EDGE_CURVE('',#2545,#2180,#2887,.F.);
#2140=EDGE_CURVE('',#2179,#2546,#2888,.T.);
#2141=EDGE_CURVE('',#2557,#2356,#2889,.F.);
#2142=EDGE_CURVE('',#2355,#2558,#2890,.T.);
#2143=EDGE_CURVE('',#2559,#2354,#2891,.T.);
#2144=EDGE_CURVE('',#2353,#2560,#2892,.F.);
#2145=EDGE_CURVE('',#2561,#2362,#2893,.T.);
#2146=EDGE_CURVE('',#2361,#2562,#2894,.F.);
#2147=EDGE_CURVE('',#2359,#2553,#2895,.F.);
#2148=EDGE_CURVE('',#2554,#2360,#2896,.T.);
#2149=EDGE_CURVE('',#2555,#2358,#2897,.T.);
#2150=EDGE_CURVE('',#2357,#2556,#2898,.F.);
#2151=EDGE_CURVE('',#2364,#2166,#2899,.T.);
#2152=EDGE_CURVE('',#2165,#2363,#2900,.F.);
#2153=EDGE_CURVE('',#2164,#2366,#2901,.F.);
#2154=EDGE_CURVE('',#2365,#2163,#2902,.T.);
#2155=EDGE_CURVE('',#2367,#2174,#2903,.T.);
#2156=EDGE_CURVE('',#2173,#2368,#2904,.F.);
#2157=EDGE_CURVE('',#2369,#2172,#2905,.T.);
#2158=EDGE_CURVE('',#2171,#2370,#2906,.T.);
#2159=EDGE_CURVE('',#2371,#2170,#2907,.T.);
#2160=EDGE_CURVE('',#2169,#2372,#2908,.F.);
#2161=EDGE_CURVE('',#2373,#2168,#2909,.T.);
#2162=EDGE_CURVE('',#2167,#2374,#2910,.F.);
#2163=VERTEX_POINT('',#5754);
#2164=VERTEX_POINT('',#5755);
#2165=VERTEX_POINT('',#5757);
#2166=VERTEX_POINT('',#5759);
#2167=VERTEX_POINT('',#5761);
#2168=VERTEX_POINT('',#5763);
#2169=VERTEX_POINT('',#5765);
#2170=VERTEX_POINT('',#5767);
#2171=VERTEX_POINT('',#5769);
#2172=VERTEX_POINT('',#5771);
#2173=VERTEX_POINT('',#5773);
#2174=VERTEX_POINT('',#5775);
#2175=VERTEX_POINT('',#5778);
#2176=VERTEX_POINT('',#5779);
#2177=VERTEX_POINT('',#5781);
#2178=VERTEX_POINT('',#5783);
#2179=VERTEX_POINT('',#5785);
#2180=VERTEX_POINT('',#5787);
#2181=VERTEX_POINT('',#5789);
#2182=VERTEX_POINT('',#5791);
#2183=VERTEX_POINT('',#5793);
#2184=VERTEX_POINT('',#5795);
#2185=VERTEX_POINT('',#5798);
#2186=VERTEX_POINT('',#5799);
#2187=VERTEX_POINT('',#5801);
#2188=VERTEX_POINT('',#5803);
#2189=VERTEX_POINT('',#5805);
#2190=VERTEX_POINT('',#5807);
#2191=VERTEX_POINT('',#5809);
#2192=VERTEX_POINT('',#5811);
#2193=VERTEX_POINT('',#5813);
#2194=VERTEX_POINT('',#5816);
#2195=VERTEX_POINT('',#5817);
#2196=VERTEX_POINT('',#5819);
#2197=VERTEX_POINT('',#5821);
#2198=VERTEX_POINT('',#5823);
#2199=VERTEX_POINT('',#5825);
#2200=VERTEX_POINT('',#5827);
#2201=VERTEX_POINT('',#5829);
#2202=VERTEX_POINT('',#5831);
#2203=VERTEX_POINT('',#5833);
#2204=VERTEX_POINT('',#5835);
#2205=VERTEX_POINT('',#5837);
#2206=VERTEX_POINT('',#5840);
#2207=VERTEX_POINT('',#5842);
#2208=VERTEX_POINT('',#5843);
#2209=VERTEX_POINT('',#5845);
#2210=VERTEX_POINT('',#5847);
#2211=VERTEX_POINT('',#5849);
#2212=VERTEX_POINT('',#5851);
#2213=VERTEX_POINT('',#5853);
#2214=VERTEX_POINT('',#5855);
#2215=VERTEX_POINT('',#5858);
#2216=VERTEX_POINT('',#5859);
#2217=VERTEX_POINT('',#5861);
#2218=VERTEX_POINT('',#5863);
#2219=VERTEX_POINT('',#5865);
#2220=VERTEX_POINT('',#5867);
#2221=VERTEX_POINT('',#5869);
#2222=VERTEX_POINT('',#5871);
#2223=VERTEX_POINT('',#5874);
#2224=VERTEX_POINT('',#5876);
#2225=VERTEX_POINT('',#5878);
#2226=VERTEX_POINT('',#5880);
#2227=VERTEX_POINT('',#5882);
#2228=VERTEX_POINT('',#5884);
#2229=VERTEX_POINT('',#5885);
#2230=VERTEX_POINT('',#5887);
#2231=VERTEX_POINT('',#5889);
#2232=VERTEX_POINT('',#5891);
#2233=VERTEX_POINT('',#5893);
#2234=VERTEX_POINT('',#5895);
#2235=VERTEX_POINT('',#5897);
#2236=VERTEX_POINT('',#5899);
#2237=VERTEX_POINT('',#5901);
#2238=VERTEX_POINT('',#5904);
#2239=VERTEX_POINT('',#5905);
#2240=VERTEX_POINT('',#5907);
#2241=VERTEX_POINT('',#5909);
#2242=VERTEX_POINT('',#5911);
#2243=VERTEX_POINT('',#5913);
#2244=VERTEX_POINT('',#5915);
#2245=VERTEX_POINT('',#5917);
#2246=VERTEX_POINT('',#5920);
#2247=VERTEX_POINT('',#5921);
#2248=VERTEX_POINT('',#5923);
#2249=VERTEX_POINT('',#5925);
#2250=VERTEX_POINT('',#5927);
#2251=VERTEX_POINT('',#5929);
#2252=VERTEX_POINT('',#5931);
#2253=VERTEX_POINT('',#5933);
#2254=VERTEX_POINT('',#5936);
#2255=VERTEX_POINT('',#5937);
#2256=VERTEX_POINT('',#5939);
#2257=VERTEX_POINT('',#5941);
#2258=VERTEX_POINT('',#5943);
#2259=VERTEX_POINT('',#5945);
#2260=VERTEX_POINT('',#5947);
#2261=VERTEX_POINT('',#5949);
#2262=VERTEX_POINT('',#5952);
#2263=VERTEX_POINT('',#5953);
#2264=VERTEX_POINT('',#5955);
#2265=VERTEX_POINT('',#5957);
#2266=VERTEX_POINT('',#5959);
#2267=VERTEX_POINT('',#5961);
#2268=VERTEX_POINT('',#5963);
#2269=VERTEX_POINT('',#5965);
#2270=VERTEX_POINT('',#5968);
#2271=VERTEX_POINT('',#5969);
#2272=VERTEX_POINT('',#5971);
#2273=VERTEX_POINT('',#5973);
#2274=VERTEX_POINT('',#5975);
#2275=VERTEX_POINT('',#5977);
#2276=VERTEX_POINT('',#5979);
#2277=VERTEX_POINT('',#5981);
#2278=VERTEX_POINT('',#5984);
#2279=VERTEX_POINT('',#5985);
#2280=VERTEX_POINT('',#5987);
#2281=VERTEX_POINT('',#5989);
#2282=VERTEX_POINT('',#5991);
#2283=VERTEX_POINT('',#5993);
#2284=VERTEX_POINT('',#5995);
#2285=VERTEX_POINT('',#5997);
#2286=VERTEX_POINT('',#6000);
#2287=VERTEX_POINT('',#6001);
#2288=VERTEX_POINT('',#6003);
#2289=VERTEX_POINT('',#6005);
#2290=VERTEX_POINT('',#6007);
#2291=VERTEX_POINT('',#6009);
#2292=VERTEX_POINT('',#6011);
#2293=VERTEX_POINT('',#6013);
#2294=VERTEX_POINT('',#6015);
#2295=VERTEX_POINT('',#6017);
#2296=VERTEX_POINT('',#6019);
#2297=VERTEX_POINT('',#6021);
#2298=VERTEX_POINT('',#6023);
#2299=VERTEX_POINT('',#6025);
#2300=VERTEX_POINT('',#6027);
#2301=VERTEX_POINT('',#6029);
#2302=VERTEX_POINT('',#6031);
#2303=VERTEX_POINT('',#6033);
#2304=VERTEX_POINT('',#6035);
#2305=VERTEX_POINT('',#6037);
#2306=VERTEX_POINT('',#6039);
#2307=VERTEX_POINT('',#6041);
#2308=VERTEX_POINT('',#6043);
#2309=VERTEX_POINT('',#6045);
#2310=VERTEX_POINT('',#6047);
#2311=VERTEX_POINT('',#6049);
#2312=VERTEX_POINT('',#6051);
#2313=VERTEX_POINT('',#6053);
#2314=VERTEX_POINT('',#6055);
#2315=VERTEX_POINT('',#6057);
#2316=VERTEX_POINT('',#6059);
#2317=VERTEX_POINT('',#6061);
#2318=VERTEX_POINT('',#6063);
#2319=VERTEX_POINT('',#6065);
#2320=VERTEX_POINT('',#6067);
#2321=VERTEX_POINT('',#6069);
#2322=VERTEX_POINT('',#6071);
#2323=VERTEX_POINT('',#6073);
#2324=VERTEX_POINT('',#6075);
#2325=VERTEX_POINT('',#6077);
#2326=VERTEX_POINT('',#6079);
#2327=VERTEX_POINT('',#6081);
#2328=VERTEX_POINT('',#6083);
#2329=VERTEX_POINT('',#6085);
#2330=VERTEX_POINT('',#6087);
#2331=VERTEX_POINT('',#6090);
#2332=VERTEX_POINT('',#6091);
#2333=VERTEX_POINT('',#6093);
#2334=VERTEX_POINT('',#6095);
#2335=VERTEX_POINT('',#6097);
#2336=VERTEX_POINT('',#6099);
#2337=VERTEX_POINT('',#6101);
#2338=VERTEX_POINT('',#6103);
#2339=VERTEX_POINT('',#6105);
#2340=VERTEX_POINT('',#6107);
#2341=VERTEX_POINT('',#6110);
#2342=VERTEX_POINT('',#6111);
#2343=VERTEX_POINT('',#6113);
#2344=VERTEX_POINT('',#6115);
#2345=VERTEX_POINT('',#6117);
#2346=VERTEX_POINT('',#6119);
#2347=VERTEX_POINT('',#6121);
#2348=VERTEX_POINT('',#6123);
#2349=VERTEX_POINT('',#6125);
#2350=VERTEX_POINT('',#6127);
#2351=VERTEX_POINT('',#6129);
#2352=VERTEX_POINT('',#6131);
#2353=VERTEX_POINT('',#6134);
#2354=VERTEX_POINT('',#6135);
#2355=VERTEX_POINT('',#6137);
#2356=VERTEX_POINT('',#6139);
#2357=VERTEX_POINT('',#6141);
#2358=VERTEX_POINT('',#6143);
#2359=VERTEX_POINT('',#6145);
#2360=VERTEX_POINT('',#6147);
#2361=VERTEX_POINT('',#6149);
#2362=VERTEX_POINT('',#6151);
#2363=VERTEX_POINT('',#6155);
#2364=VERTEX_POINT('',#6156);
#2365=VERTEX_POINT('',#6158);
#2366=VERTEX_POINT('',#6160);
#2367=VERTEX_POINT('',#6162);
#2368=VERTEX_POINT('',#6164);
#2369=VERTEX_POINT('',#6166);
#2370=VERTEX_POINT('',#6168);
#2371=VERTEX_POINT('',#6170);
#2372=VERTEX_POINT('',#6172);
#2373=VERTEX_POINT('',#6174);
#2374=VERTEX_POINT('',#6176);
#2375=VERTEX_POINT('',#6179);
#2376=VERTEX_POINT('',#6181);
#2377=VERTEX_POINT('',#6182);
#2378=VERTEX_POINT('',#6184);
#2379=VERTEX_POINT('',#6186);
#2380=VERTEX_POINT('',#6188);
#2381=VERTEX_POINT('',#6190);
#2382=VERTEX_POINT('',#6192);
#2383=VERTEX_POINT('',#6194);
#2384=VERTEX_POINT('',#6196);
#2385=VERTEX_POINT('',#6198);
#2386=VERTEX_POINT('',#6200);
#2387=VERTEX_POINT('',#6202);
#2388=VERTEX_POINT('',#6204);
#2389=VERTEX_POINT('',#6206);
#2390=VERTEX_POINT('',#6208);
#2391=VERTEX_POINT('',#6210);
#2392=VERTEX_POINT('',#6212);
#2393=VERTEX_POINT('',#6214);
#2394=VERTEX_POINT('',#6216);
#2395=VERTEX_POINT('',#6218);
#2396=VERTEX_POINT('',#6220);
#2397=VERTEX_POINT('',#6222);
#2398=VERTEX_POINT('',#6224);
#2399=VERTEX_POINT('',#6226);
#2400=VERTEX_POINT('',#6228);
#2401=VERTEX_POINT('',#6230);
#2402=VERTEX_POINT('',#6232);
#2403=VERTEX_POINT('',#6234);
#2404=VERTEX_POINT('',#6236);
#2405=VERTEX_POINT('',#6238);
#2406=VERTEX_POINT('',#6240);
#2407=VERTEX_POINT('',#6242);
#2408=VERTEX_POINT('',#6244);
#2409=VERTEX_POINT('',#6246);
#2410=VERTEX_POINT('',#6248);
#2411=VERTEX_POINT('',#6250);
#2412=VERTEX_POINT('',#6252);
#2413=VERTEX_POINT('',#6254);
#2414=VERTEX_POINT('',#6256);
#2415=VERTEX_POINT('',#6258);
#2416=VERTEX_POINT('',#6260);
#2417=VERTEX_POINT('',#6262);
#2418=VERTEX_POINT('',#6264);
#2419=VERTEX_POINT('',#6266);
#2420=VERTEX_POINT('',#6268);
#2421=VERTEX_POINT('',#6271);
#2422=VERTEX_POINT('',#6272);
#2423=VERTEX_POINT('',#6274);
#2424=VERTEX_POINT('',#6276);
#2425=VERTEX_POINT('',#6278);
#2426=VERTEX_POINT('',#6280);
#2427=VERTEX_POINT('',#6282);
#2428=VERTEX_POINT('',#6284);
#2429=VERTEX_POINT('',#6287);
#2430=VERTEX_POINT('',#6288);
#2431=VERTEX_POINT('',#6290);
#2432=VERTEX_POINT('',#6292);
#2433=VERTEX_POINT('',#6294);
#2434=VERTEX_POINT('',#6296);
#2435=VERTEX_POINT('',#6298);
#2436=VERTEX_POINT('',#6300);
#2437=VERTEX_POINT('',#6303);
#2438=VERTEX_POINT('',#6304);
#2439=VERTEX_POINT('',#6306);
#2440=VERTEX_POINT('',#6308);
#2441=VERTEX_POINT('',#6310);
#2442=VERTEX_POINT('',#6312);
#2443=VERTEX_POINT('',#6314);
#2444=VERTEX_POINT('',#6316);
#2445=VERTEX_POINT('',#6319);
#2446=VERTEX_POINT('',#6320);
#2447=VERTEX_POINT('',#6322);
#2448=VERTEX_POINT('',#6324);
#2449=VERTEX_POINT('',#6326);
#2450=VERTEX_POINT('',#6328);
#2451=VERTEX_POINT('',#6330);
#2452=VERTEX_POINT('',#6332);
#2453=VERTEX_POINT('',#6335);
#2454=VERTEX_POINT('',#6336);
#2455=VERTEX_POINT('',#6338);
#2456=VERTEX_POINT('',#6340);
#2457=VERTEX_POINT('',#6342);
#2458=VERTEX_POINT('',#6344);
#2459=VERTEX_POINT('',#6346);
#2460=VERTEX_POINT('',#6348);
#2461=VERTEX_POINT('',#6351);
#2462=VERTEX_POINT('',#6352);
#2463=VERTEX_POINT('',#6354);
#2464=VERTEX_POINT('',#6356);
#2465=VERTEX_POINT('',#6358);
#2466=VERTEX_POINT('',#6360);
#2467=VERTEX_POINT('',#6362);
#2468=VERTEX_POINT('',#6364);
#2469=VERTEX_POINT('',#6367);
#2470=VERTEX_POINT('',#6368);
#2471=VERTEX_POINT('',#6370);
#2472=VERTEX_POINT('',#6372);
#2473=VERTEX_POINT('',#6374);
#2474=VERTEX_POINT('',#6376);
#2475=VERTEX_POINT('',#6378);
#2476=VERTEX_POINT('',#6380);
#2477=VERTEX_POINT('',#6382);
#2478=VERTEX_POINT('',#6384);
#2479=VERTEX_POINT('',#6387);
#2480=VERTEX_POINT('',#6389);
#2481=VERTEX_POINT('',#6391);
#2482=VERTEX_POINT('',#6393);
#2483=VERTEX_POINT('',#6395);
#2484=VERTEX_POINT('',#6397);
#2485=VERTEX_POINT('',#6398);
#2486=VERTEX_POINT('',#6400);
#2487=VERTEX_POINT('',#6402);
#2488=VERTEX_POINT('',#6404);
#2489=VERTEX_POINT('',#6406);
#2490=VERTEX_POINT('',#6408);
#2491=VERTEX_POINT('',#6410);
#2492=VERTEX_POINT('',#6413);
#2493=VERTEX_POINT('',#6414);
#2494=VERTEX_POINT('',#6416);
#2495=VERTEX_POINT('',#6418);
#2496=VERTEX_POINT('',#6420);
#2497=VERTEX_POINT('',#6422);
#2498=VERTEX_POINT('',#6424);
#2499=VERTEX_POINT('',#6426);
#2500=VERTEX_POINT('',#6429);
#2501=VERTEX_POINT('',#6430);
#2502=VERTEX_POINT('',#6432);
#2503=VERTEX_POINT('',#6434);
#2504=VERTEX_POINT('',#6436);
#2505=VERTEX_POINT('',#6438);
#2506=VERTEX_POINT('',#6440);
#2507=VERTEX_POINT('',#6442);
#2508=VERTEX_POINT('',#6444);
#2509=VERTEX_POINT('',#6446);
#2510=VERTEX_POINT('',#6448);
#2511=VERTEX_POINT('',#6450);
#2512=VERTEX_POINT('',#6453);
#2513=VERTEX_POINT('',#6454);
#2514=VERTEX_POINT('',#6456);
#2515=VERTEX_POINT('',#6458);
#2516=VERTEX_POINT('',#6460);
#2517=VERTEX_POINT('',#6462);
#2518=VERTEX_POINT('',#6464);
#2519=VERTEX_POINT('',#6466);
#2520=VERTEX_POINT('',#6468);
#2521=VERTEX_POINT('',#6470);
#2522=VERTEX_POINT('',#6473);
#2523=VERTEX_POINT('',#6474);
#2524=VERTEX_POINT('',#6476);
#2525=VERTEX_POINT('',#6478);
#2526=VERTEX_POINT('',#6480);
#2527=VERTEX_POINT('',#6482);
#2528=VERTEX_POINT('',#6484);
#2529=VERTEX_POINT('',#6486);
#2530=VERTEX_POINT('',#6488);
#2531=VERTEX_POINT('',#6491);
#2532=VERTEX_POINT('',#6492);
#2533=VERTEX_POINT('',#6494);
#2534=VERTEX_POINT('',#6496);
#2535=VERTEX_POINT('',#6498);
#2536=VERTEX_POINT('',#6500);
#2537=VERTEX_POINT('',#6502);
#2538=VERTEX_POINT('',#6504);
#2539=VERTEX_POINT('',#6506);
#2540=VERTEX_POINT('',#6508);
#2541=VERTEX_POINT('',#6510);
#2542=VERTEX_POINT('',#6512);
#2543=VERTEX_POINT('',#6515);
#2544=VERTEX_POINT('',#6516);
#2545=VERTEX_POINT('',#6518);
#2546=VERTEX_POINT('',#6520);
#2547=VERTEX_POINT('',#6522);
#2548=VERTEX_POINT('',#6524);
#2549=VERTEX_POINT('',#6526);
#2550=VERTEX_POINT('',#6528);
#2551=VERTEX_POINT('',#6530);
#2552=VERTEX_POINT('',#6532);
#2553=VERTEX_POINT('',#6535);
#2554=VERTEX_POINT('',#6536);
#2555=VERTEX_POINT('',#6538);
#2556=VERTEX_POINT('',#6540);
#2557=VERTEX_POINT('',#6542);
#2558=VERTEX_POINT('',#6544);
#2559=VERTEX_POINT('',#6546);
#2560=VERTEX_POINT('',#6548);
#2561=VERTEX_POINT('',#6550);
#2562=VERTEX_POINT('',#6552);
#2563=LINE('',#5753,#2911);
#2564=LINE('',#5758,#2912);
#2565=LINE('',#5770,#2913);
#2566=LINE('',#5777,#2914);
#2567=LINE('',#5786,#2915);
#2568=LINE('',#5794,#2916);
#2569=LINE('',#5806,#2917);
#2570=LINE('',#5814,#2918);
#2571=LINE('',#5815,#2919);
#2572=LINE('',#5824,#2920);
#2573=LINE('',#5832,#2921);
#2574=LINE('',#5841,#2922);
#2575=LINE('',#5846,#2923);
#2576=LINE('',#5850,#2924);
#2577=LINE('',#5854,#2925);
#2578=LINE('',#5857,#2926);
#2579=LINE('',#5862,#2927);
#2580=LINE('',#5866,#2928);
#2581=LINE('',#5870,#2929);
#2582=LINE('',#5883,#2930);
#2583=LINE('',#5888,#2931);
#2584=LINE('',#5892,#2932);
#2585=LINE('',#5896,#2933);
#2586=LINE('',#5900,#2934);
#2587=LINE('',#5903,#2935);
#2588=LINE('',#5908,#2936);
#2589=LINE('',#5912,#2937);
#2590=LINE('',#5916,#2938);
#2591=LINE('',#5919,#2939);
#2592=LINE('',#5924,#2940);
#2593=LINE('',#5928,#2941);
#2594=LINE('',#5932,#2942);
#2595=LINE('',#5935,#2943);
#2596=LINE('',#5940,#2944);
#2597=LINE('',#5944,#2945);
#2598=LINE('',#5951,#2946);
#2599=LINE('',#5956,#2947);
#2600=LINE('',#5960,#2948);
#2601=LINE('',#5964,#2949);
#2602=LINE('',#5967,#2950);
#2603=LINE('',#5972,#2951);
#2604=LINE('',#5976,#2952);
#2605=LINE('',#5980,#2953);
#2606=LINE('',#5988,#2954);
#2607=LINE('',#5992,#2955);
#2608=LINE('',#5996,#2956);
#2609=LINE('',#6002,#2957);
#2610=LINE('',#6006,#2958);
#2611=LINE('',#6010,#2959);
#2612=LINE('',#6014,#2960);
#2613=LINE('',#6018,#2961);
#2614=LINE('',#6022,#2962);
#2615=LINE('',#6026,#2963);
#2616=LINE('',#6030,#2964);
#2617=LINE('',#6036,#2965);
#2618=LINE('',#6040,#2966);
#2619=LINE('',#6044,#2967);
#2620=LINE('',#6048,#2968);
#2621=LINE('',#6052,#2969);
#2622=LINE('',#6058,#2970);
#2623=LINE('',#6062,#2971);
#2624=LINE('',#6066,#2972);
#2625=LINE('',#6070,#2973);
#2626=LINE('',#6074,#2974);
#2627=LINE('',#6076,#2975);
#2628=LINE('',#6080,#2976);
#2629=LINE('',#6086,#2977);
#2630=LINE('',#6088,#2978);
#2631=LINE('',#6094,#2979);
#2632=LINE('',#6102,#2980);
#2633=LINE('',#6106,#2981);
#2634=LINE('',#6109,#2982);
#2635=LINE('',#6118,#2983);
#2636=LINE('',#6126,#2984);
#2637=LINE('',#6138,#2985);
#2638=LINE('',#6146,#2986);
#2639=LINE('',#6150,#2987);
#2640=LINE('',#6154,#2988);
#2641=LINE('',#6159,#2989);
#2642=LINE('',#6167,#2990);
#2643=LINE('',#6180,#2991);
#2644=LINE('',#6185,#2992);
#2645=LINE('',#6187,#2993);
#2646=LINE('',#6193,#2994);
#2647=LINE('',#6197,#2995);
#2648=LINE('',#6199,#2996);
#2649=LINE('',#6203,#2997);
#2650=LINE('',#6207,#2998);
#2651=LINE('',#6211,#2999);
#2652=LINE('',#6215,#3000);
#2653=LINE('',#6221,#3001);
#2654=LINE('',#6225,#3002);
#2655=LINE('',#6229,#3003);
#2656=LINE('',#6233,#3004);
#2657=LINE('',#6237,#3005);
#2658=LINE('',#6243,#3006);
#2659=LINE('',#6247,#3007);
#2660=LINE('',#6251,#3008);
#2661=LINE('',#6255,#3009);
#2662=LINE('',#6259,#3010);
#2663=LINE('',#6263,#3011);
#2664=LINE('',#6267,#3012);
#2665=LINE('',#6270,#3013);
#2666=LINE('',#6275,#3014);
#2667=LINE('',#6279,#3015);
#2668=LINE('',#6283,#3016);
#2669=LINE('',#6286,#3017);
#2670=LINE('',#6291,#3018);
#2671=LINE('',#6295,#3019);
#2672=LINE('',#6299,#3020);
#2673=LINE('',#6302,#3021);
#2674=LINE('',#6307,#3022);
#2675=LINE('',#6311,#3023);
#2676=LINE('',#6318,#3024);
#2677=LINE('',#6327,#3025);
#2678=LINE('',#6331,#3026);
#2679=LINE('',#6334,#3027);
#2680=LINE('',#6339,#3028);
#2681=LINE('',#6343,#3029);
#2682=LINE('',#6347,#3030);
#2683=LINE('',#6350,#3031);
#2684=LINE('',#6355,#3032);
#2685=LINE('',#6359,#3033);
#2686=LINE('',#6363,#3034);
#2687=LINE('',#6366,#3035);
#2688=LINE('',#6371,#3036);
#2689=LINE('',#6375,#3037);
#2690=LINE('',#6379,#3038);
#2691=LINE('',#6383,#3039);
#2692=LINE('',#6396,#3040);
#2693=LINE('',#6401,#3041);
#2694=LINE('',#6405,#3042);
#2695=LINE('',#6409,#3043);
#2696=LINE('',#6412,#3044);
#2697=LINE('',#6417,#3045);
#2698=LINE('',#6421,#3046);
#2699=LINE('',#6425,#3047);
#2700=LINE('',#6428,#3048);
#2701=LINE('',#6437,#3049);
#2702=LINE('',#6445,#3050);
#2703=LINE('',#6452,#3051);
#2704=LINE('',#6461,#3052);
#2705=LINE('',#6469,#3053);
#2706=LINE('',#6472,#3054);
#2707=LINE('',#6483,#3055);
#2708=LINE('',#6490,#3056);
#2709=LINE('',#6499,#3057);
#2710=LINE('',#6507,#3058);
#2711=LINE('',#6519,#3059);
#2712=LINE('',#6527,#3060);
#2713=LINE('',#6531,#3061);
#2714=LINE('',#6534,#3062);
#2715=LINE('',#6543,#3063);
#2716=LINE('',#6551,#3064);
#2717=LINE('',#6555,#3065);
#2718=LINE('',#6556,#3066);
#2719=LINE('',#6558,#3067);
#2720=LINE('',#6559,#3068);
#2721=LINE('',#6561,#3069);
#2722=LINE('',#6562,#3070);
#2723=LINE('',#6564,#3071);
#2724=LINE('',#6565,#3072);
#2725=LINE('',#6567,#3073);
#2726=LINE('',#6568,#3074);
#2727=LINE('',#6570,#3075);
#2728=LINE('',#6571,#3076);
#2729=LINE('',#6573,#3077);
#2730=LINE('',#6574,#3078);
#2731=LINE('',#6576,#3079);
#2732=LINE('',#6577,#3080);
#2733=LINE('',#6579,#3081);
#2734=LINE('',#6580,#3082);
#2735=LINE('',#6582,#3083);
#2736=LINE('',#6583,#3084);
#2737=LINE('',#6585,#3085);
#2738=LINE('',#6586,#3086);
#2739=LINE('',#6588,#3087);
#2740=LINE('',#6589,#3088);
#2741=LINE('',#6591,#3089);
#2742=LINE('',#6592,#3090);
#2743=LINE('',#6594,#3091);
#2744=LINE('',#6595,#3092);
#2745=LINE('',#6597,#3093);
#2746=LINE('',#6599,#3094);
#2747=LINE('',#6601,#3095);
#2748=LINE('',#6604,#3096);
#2749=LINE('',#6606,#3097);
#2750=LINE('',#6607,#3098);
#2751=LINE('',#6609,#3099);
#2752=LINE('',#6611,#3100);
#2753=LINE('',#6613,#3101);
#2754=LINE('',#6615,#3102);
#2755=LINE('',#6617,#3103);
#2756=LINE('',#6619,#3104);
#2757=LINE('',#6620,#3105);
#2758=LINE('',#6622,#3106);
#2759=LINE('',#6624,#3107);
#2760=LINE('',#6628,#3108);
#2761=LINE('',#6629,#3109);
#2762=LINE('',#6631,#3110);
#2763=LINE('',#6632,#3111);
#2764=LINE('',#6634,#3112);
#2765=LINE('',#6635,#3113);
#2766=LINE('',#6637,#3114);
#2767=LINE('',#6638,#3115);
#2768=LINE('',#6640,#3116);
#2769=LINE('',#6641,#3117);
#2770=LINE('',#6643,#3118);
#2771=LINE('',#6644,#3119);
#2772=LINE('',#6651,#3120);
#2773=LINE('',#6653,#3121);
#2774=LINE('',#6655,#3122);
#2775=LINE('',#6661,#3123);
#2776=LINE('',#6663,#3124);
#2777=LINE('',#6664,#3125);
#2778=LINE('',#6666,#3126);
#2779=LINE('',#6668,#3127);
#2780=LINE('',#6671,#3128);
#2781=LINE('',#6672,#3129);
#2782=LINE('',#6674,#3130);
#2783=LINE('',#6676,#3131);
#2784=LINE('',#6683,#3132);
#2785=LINE('',#6684,#3133);
#2786=LINE('',#6686,#3134);
#2787=LINE('',#6687,#3135);
#2788=LINE('',#6689,#3136);
#2789=LINE('',#6690,#3137);
#2790=LINE('',#6692,#3138);
#2791=LINE('',#6693,#3139);
#2792=LINE('',#6695,#3140);
#2793=LINE('',#6696,#3141);
#2794=LINE('',#6698,#3142);
#2795=LINE('',#6699,#3143);
#2796=LINE('',#6701,#3144);
#2797=LINE('',#6702,#3145);
#2798=LINE('',#6704,#3146);
#2799=LINE('',#6705,#3147);
#2800=LINE('',#6707,#3148);
#2801=LINE('',#6708,#3149);
#2802=LINE('',#6710,#3150);
#2803=LINE('',#6711,#3151);
#2804=LINE('',#6713,#3152);
#2805=LINE('',#6714,#3153);
#2806=LINE('',#6716,#3154);
#2807=LINE('',#6717,#3155);
#2808=LINE('',#6719,#3156);
#2809=LINE('',#6720,#3157);
#2810=LINE('',#6722,#3158);
#2811=LINE('',#6723,#3159);
#2812=LINE('',#6725,#3160);
#2813=LINE('',#6726,#3161);
#2814=LINE('',#6728,#3162);
#2815=LINE('',#6729,#3163);
#2816=LINE('',#6731,#3164);
#2817=LINE('',#6732,#3165);
#2818=LINE('',#6734,#3166);
#2819=LINE('',#6735,#3167);
#2820=LINE('',#6737,#3168);
#2821=LINE('',#6738,#3169);
#2822=LINE('',#6740,#3170);
#2823=LINE('',#6741,#3171);
#2824=LINE('',#6743,#3172);
#2825=LINE('',#6744,#3173);
#2826=LINE('',#6746,#3174);
#2827=LINE('',#6747,#3175);
#2828=LINE('',#6749,#3176);
#2829=LINE('',#6750,#3177);
#2830=LINE('',#6752,#3178);
#2831=LINE('',#6753,#3179);
#2832=LINE('',#6755,#3180);
#2833=LINE('',#6756,#3181);
#2834=LINE('',#6758,#3182);
#2835=LINE('',#6759,#3183);
#2836=LINE('',#6799,#3184);
#2837=LINE('',#6800,#3185);
#2838=LINE('',#6802,#3186);
#2839=LINE('',#6803,#3187);
#2840=LINE('',#6805,#3188);
#2841=LINE('',#6806,#3189);
#2842=LINE('',#6808,#3190);
#2843=LINE('',#6809,#3191);
#2844=LINE('',#6811,#3192);
#2845=LINE('',#6812,#3193);
#2846=LINE('',#6814,#3194);
#2847=LINE('',#6815,#3195);
#2848=LINE('',#6817,#3196);
#2849=LINE('',#6818,#3197);
#2850=LINE('',#6820,#3198);
#2851=LINE('',#6821,#3199);
#2852=LINE('',#6823,#3200);
#2853=LINE('',#6824,#3201);
#2854=LINE('',#6826,#3202);
#2855=LINE('',#6827,#3203);
#2856=LINE('',#6829,#3204);
#2857=LINE('',#6830,#3205);
#2858=LINE('',#6832,#3206);
#2859=LINE('',#6833,#3207);
#2860=LINE('',#6835,#3208);
#2861=LINE('',#6837,#3209);
#2862=LINE('',#6838,#3210);
#2863=LINE('',#6840,#3211);
#2864=LINE('',#6841,#3212);
#2865=LINE('',#6843,#3213);
#2866=LINE('',#6844,#3214);
#2867=LINE('',#6846,#3215);
#2868=LINE('',#6847,#3216);
#2869=LINE('',#6849,#3217);
#2870=LINE('',#6850,#3218);
#2871=LINE('',#6852,#3219);
#2872=LINE('',#6853,#3220);
#2873=LINE('',#6855,#3221);
#2874=LINE('',#6856,#3222);
#2875=LINE('',#6858,#3223);
#2876=LINE('',#6859,#3224);
#2877=LINE('',#6861,#3225);
#2878=LINE('',#6862,#3226);
#2879=LINE('',#6864,#3227);
#2880=LINE('',#6865,#3228);
#2881=LINE('',#6867,#3229);
#2882=LINE('',#6868,#3230);
#2883=LINE('',#6870,#3231);
#2884=LINE('',#6871,#3232);
#2885=LINE('',#6873,#3233);
#2886=LINE('',#6874,#3234);
#2887=LINE('',#6876,#3235);
#2888=LINE('',#6877,#3236);
#2889=LINE('',#6879,#3237);
#2890=LINE('',#6880,#3238);
#2891=LINE('',#6882,#3239);
#2892=LINE('',#6883,#3240);
#2893=LINE('',#6885,#3241);
#2894=LINE('',#6886,#3242);
#2895=LINE('',#6888,#3243);
#2896=LINE('',#6889,#3244);
#2897=LINE('',#6891,#3245);
#2898=LINE('',#6892,#3246);
#2899=LINE('',#6894,#3247);
#2900=LINE('',#6895,#3248);
#2901=LINE('',#6897,#3249);
#2902=LINE('',#6898,#3250);
#2903=LINE('',#6900,#3251);
#2904=LINE('',#6901,#3252);
#2905=LINE('',#6903,#3253);
#2906=LINE('',#6904,#3254);
#2907=LINE('',#6906,#3255);
#2908=LINE('',#6907,#3256);
#2909=LINE('',#6909,#3257);
#2910=LINE('',#6910,#3258);
#2911=VECTOR('',#4509,1.);
#2912=VECTOR('',#4512,1.);
#2913=VECTOR('',#4523,1.);
#2914=VECTOR('',#4530,1.);
#2915=VECTOR('',#4537,1.);
#2916=VECTOR('',#4544,1.);
#2917=VECTOR('',#4555,1.);
#2918=VECTOR('',#4562,1.);
#2919=VECTOR('',#4563,1.);
#2920=VECTOR('',#4570,1.);
#2921=VECTOR('',#4577,1.);
#2922=VECTOR('',#4586,1.);
#2923=VECTOR('',#4589,1.);
#2924=VECTOR('',#4592,1.);
#2925=VECTOR('',#4595,1.);
#2926=VECTOR('',#4598,1.);
#2927=VECTOR('',#4601,1.);
#2928=VECTOR('',#4604,1.);
#2929=VECTOR('',#4607,1.);
#2930=VECTOR('',#4620,1.);
#2931=VECTOR('',#4623,1.);
#2932=VECTOR('',#4626,1.);
#2933=VECTOR('',#4629,1.);
#2934=VECTOR('',#4632,1.);
#2935=VECTOR('',#4635,1.);
#2936=VECTOR('',#4638,1.);
#2937=VECTOR('',#4641,1.);
#2938=VECTOR('',#4644,1.);
#2939=VECTOR('',#4647,1.);
#2940=VECTOR('',#4650,1.);
#2941=VECTOR('',#4653,1.);
#2942=VECTOR('',#4656,1.);
#2943=VECTOR('',#4659,1.);
#2944=VECTOR('',#4662,1.);
#2945=VECTOR('',#4665,1.);
#2946=VECTOR('',#4672,1.);
#2947=VECTOR('',#4675,1.);
#2948=VECTOR('',#4678,1.);
#2949=VECTOR('',#4681,1.);
#2950=VECTOR('',#4684,1.);
#2951=VECTOR('',#4687,1.);
#2952=VECTOR('',#4690,1.);
#2953=VECTOR('',#4693,1.);
#2954=VECTOR('',#4700,1.);
#2955=VECTOR('',#4703,1.);
#2956=VECTOR('',#4706,1.);
#2957=VECTOR('',#4711,1.);
#2958=VECTOR('',#4714,1.);
#2959=VECTOR('',#4717,1.);
#2960=VECTOR('',#4720,1.);
#2961=VECTOR('',#4723,1.);
#2962=VECTOR('',#4726,1.);
#2963=VECTOR('',#4729,1.);
#2964=VECTOR('',#4732,1.);
#2965=VECTOR('',#4737,1.);
#2966=VECTOR('',#4740,1.);
#2967=VECTOR('',#4743,1.);
#2968=VECTOR('',#4746,1.);
#2969=VECTOR('',#4749,1.);
#2970=VECTOR('',#4754,1.);
#2971=VECTOR('',#4757,1.);
#2972=VECTOR('',#4760,1.);
#2973=VECTOR('',#4763,1.);
#2974=VECTOR('',#4766,1.);
#2975=VECTOR('',#4767,1.);
#2976=VECTOR('',#4770,1.);
#2977=VECTOR('',#4775,1.);
#2978=VECTOR('',#4776,1.);
#2979=VECTOR('',#4781,1.);
#2980=VECTOR('',#4788,1.);
#2981=VECTOR('',#4791,1.);
#2982=VECTOR('',#4794,1.);
#2983=VECTOR('',#4801,1.);
#2984=VECTOR('',#4808,1.);
#2985=VECTOR('',#4819,1.);
#2986=VECTOR('',#4826,1.);
#2987=VECTOR('',#4829,1.);
#2988=VECTOR('',#4834,1.);
#2989=VECTOR('',#4837,1.);
#2990=VECTOR('',#4844,1.);
#2991=VECTOR('',#4857,1.);
#2992=VECTOR('',#4860,1.);
#2993=VECTOR('',#4861,1.);
#2994=VECTOR('',#4866,1.);
#2995=VECTOR('',#4869,1.);
#2996=VECTOR('',#4870,1.);
#2997=VECTOR('',#4873,1.);
#2998=VECTOR('',#4876,1.);
#2999=VECTOR('',#4879,1.);
#3000=VECTOR('',#4882,1.);
#3001=VECTOR('',#4887,1.);
#3002=VECTOR('',#4890,1.);
#3003=VECTOR('',#4893,1.);
#3004=VECTOR('',#4896,1.);
#3005=VECTOR('',#4899,1.);
#3006=VECTOR('',#4904,1.);
#3007=VECTOR('',#4907,1.);
#3008=VECTOR('',#4910,1.);
#3009=VECTOR('',#4913,1.);
#3010=VECTOR('',#4916,1.);
#3011=VECTOR('',#4919,1.);
#3012=VECTOR('',#4922,1.);
#3013=VECTOR('',#4925,1.);
#3014=VECTOR('',#4928,1.);
#3015=VECTOR('',#4931,1.);
#3016=VECTOR('',#4934,1.);
#3017=VECTOR('',#4937,1.);
#3018=VECTOR('',#4940,1.);
#3019=VECTOR('',#4943,1.);
#3020=VECTOR('',#4946,1.);
#3021=VECTOR('',#4949,1.);
#3022=VECTOR('',#4952,1.);
#3023=VECTOR('',#4955,1.);
#3024=VECTOR('',#4962,1.);
#3025=VECTOR('',#4969,1.);
#3026=VECTOR('',#4972,1.);
#3027=VECTOR('',#4975,1.);
#3028=VECTOR('',#4978,1.);
#3029=VECTOR('',#4981,1.);
#3030=VECTOR('',#4984,1.);
#3031=VECTOR('',#4987,1.);
#3032=VECTOR('',#4990,1.);
#3033=VECTOR('',#4993,1.);
#3034=VECTOR('',#4996,1.);
#3035=VECTOR('',#4999,1.);
#3036=VECTOR('',#5002,1.);
#3037=VECTOR('',#5005,1.);
#3038=VECTOR('',#5008,1.);
#3039=VECTOR('',#5011,1.);
#3040=VECTOR('',#5024,1.);
#3041=VECTOR('',#5027,1.);
#3042=VECTOR('',#5030,1.);
#3043=VECTOR('',#5033,1.);
#3044=VECTOR('',#5036,1.);
#3045=VECTOR('',#5039,1.);
#3046=VECTOR('',#5042,1.);
#3047=VECTOR('',#5045,1.);
#3048=VECTOR('',#5048,1.);
#3049=VECTOR('',#5055,1.);
#3050=VECTOR('',#5062,1.);
#3051=VECTOR('',#5069,1.);
#3052=VECTOR('',#5076,1.);
#3053=VECTOR('',#5083,1.);
#3054=VECTOR('',#5086,1.);
#3055=VECTOR('',#5095,1.);
#3056=VECTOR('',#5102,1.);
#3057=VECTOR('',#5109,1.);
#3058=VECTOR('',#5116,1.);
#3059=VECTOR('',#5127,1.);
#3060=VECTOR('',#5134,1.);
#3061=VECTOR('',#5137,1.);
#3062=VECTOR('',#5140,1.);
#3063=VECTOR('',#5147,1.);
#3064=VECTOR('',#5154,1.);
#3065=VECTOR('',#5159,1.);
#3066=VECTOR('',#5160,1.);
#3067=VECTOR('',#5163,1.);
#3068=VECTOR('',#5164,1.);
#3069=VECTOR('',#5167,1.);
#3070=VECTOR('',#5168,1.);
#3071=VECTOR('',#5171,1.);
#3072=VECTOR('',#5172,1.);
#3073=VECTOR('',#5175,1.);
#3074=VECTOR('',#5176,1.);
#3075=VECTOR('',#5179,1.);
#3076=VECTOR('',#5180,1.);
#3077=VECTOR('',#5183,1.);
#3078=VECTOR('',#5184,1.);
#3079=VECTOR('',#5187,1.);
#3080=VECTOR('',#5188,1.);
#3081=VECTOR('',#5191,1.);
#3082=VECTOR('',#5192,1.);
#3083=VECTOR('',#5195,1.);
#3084=VECTOR('',#5196,1.);
#3085=VECTOR('',#5199,1.);
#3086=VECTOR('',#5200,1.);
#3087=VECTOR('',#5203,1.);
#3088=VECTOR('',#5204,1.);
#3089=VECTOR('',#5207,1.);
#3090=VECTOR('',#5208,1.);
#3091=VECTOR('',#5211,1.);
#3092=VECTOR('',#5212,1.);
#3093=VECTOR('',#5215,1.);
#3094=VECTOR('',#5218,1.);
#3095=VECTOR('',#5221,1.);
#3096=VECTOR('',#5226,1.);
#3097=VECTOR('',#5229,1.);
#3098=VECTOR('',#5230,1.);
#3099=VECTOR('',#5233,1.);
#3100=VECTOR('',#5236,1.);
#3101=VECTOR('',#5239,1.);
#3102=VECTOR('',#5242,1.);
#3103=VECTOR('',#5245,1.);
#3104=VECTOR('',#5248,1.);
#3105=VECTOR('',#5249,1.);
#3106=VECTOR('',#5252,1.);
#3107=VECTOR('',#5255,1.);
#3108=VECTOR('',#5262,1.);
#3109=VECTOR('',#5263,1.);
#3110=VECTOR('',#5266,1.);
#3111=VECTOR('',#5267,1.);
#3112=VECTOR('',#5270,1.);
#3113=VECTOR('',#5271,1.);
#3114=VECTOR('',#5274,1.);
#3115=VECTOR('',#5275,1.);
#3116=VECTOR('',#5278,1.);
#3117=VECTOR('',#5279,1.);
#3118=VECTOR('',#5282,1.);
#3119=VECTOR('',#5283,1.);
#3120=VECTOR('',#5296,1.);
#3121=VECTOR('',#5299,1.);
#3122=VECTOR('',#5302,1.);
#3123=VECTOR('',#5313,1.);
#3124=VECTOR('',#5316,1.);
#3125=VECTOR('',#5317,1.);
#3126=VECTOR('',#5320,1.);
#3127=VECTOR('',#5323,1.);
#3128=VECTOR('',#5328,1.);
#3129=VECTOR('',#5329,1.);
#3130=VECTOR('',#5332,1.);
#3131=VECTOR('',#5335,1.);
#3132=VECTOR('',#5348,1.);
#3133=VECTOR('',#5349,1.);
#3134=VECTOR('',#5352,1.);
#3135=VECTOR('',#5353,1.);
#3136=VECTOR('',#5356,1.);
#3137=VECTOR('',#5357,1.);
#3138=VECTOR('',#5360,1.);
#3139=VECTOR('',#5361,1.);
#3140=VECTOR('',#5364,1.);
#3141=VECTOR('',#5365,1.);
#3142=VECTOR('',#5368,1.);
#3143=VECTOR('',#5369,1.);
#3144=VECTOR('',#5372,1.);
#3145=VECTOR('',#5373,1.);
#3146=VECTOR('',#5376,1.);
#3147=VECTOR('',#5377,1.);
#3148=VECTOR('',#5380,1.);
#3149=VECTOR('',#5381,1.);
#3150=VECTOR('',#5384,1.);
#3151=VECTOR('',#5385,1.);
#3152=VECTOR('',#5388,1.);
#3153=VECTOR('',#5389,1.);
#3154=VECTOR('',#5392,1.);
#3155=VECTOR('',#5393,1.);
#3156=VECTOR('',#5396,1.);
#3157=VECTOR('',#5397,1.);
#3158=VECTOR('',#5400,1.);
#3159=VECTOR('',#5401,1.);
#3160=VECTOR('',#5404,1.);
#3161=VECTOR('',#5405,1.);
#3162=VECTOR('',#5408,1.);
#3163=VECTOR('',#5409,1.);
#3164=VECTOR('',#5412,1.);
#3165=VECTOR('',#5413,1.);
#3166=VECTOR('',#5416,1.);
#3167=VECTOR('',#5417,1.);
#3168=VECTOR('',#5420,1.);
#3169=VECTOR('',#5421,1.);
#3170=VECTOR('',#5424,1.);
#3171=VECTOR('',#5425,1.);
#3172=VECTOR('',#5428,1.);
#3173=VECTOR('',#5429,1.);
#3174=VECTOR('',#5432,1.);
#3175=VECTOR('',#5433,1.);
#3176=VECTOR('',#5436,1.);
#3177=VECTOR('',#5437,1.);
#3178=VECTOR('',#5440,1.);
#3179=VECTOR('',#5441,1.);
#3180=VECTOR('',#5444,1.);
#3181=VECTOR('',#5445,1.);
#3182=VECTOR('',#5448,1.);
#3183=VECTOR('',#5449,1.);
#3184=VECTOR('',#5528,1.);
#3185=VECTOR('',#5529,1.);
#3186=VECTOR('',#5532,1.);
#3187=VECTOR('',#5533,1.);
#3188=VECTOR('',#5536,1.);
#3189=VECTOR('',#5537,1.);
#3190=VECTOR('',#5540,1.);
#3191=VECTOR('',#5541,1.);
#3192=VECTOR('',#5544,1.);
#3193=VECTOR('',#5545,1.);
#3194=VECTOR('',#5548,1.);
#3195=VECTOR('',#5549,1.);
#3196=VECTOR('',#5552,1.);
#3197=VECTOR('',#5553,1.);
#3198=VECTOR('',#5556,1.);
#3199=VECTOR('',#5557,1.);
#3200=VECTOR('',#5560,1.);
#3201=VECTOR('',#5561,1.);
#3202=VECTOR('',#5564,1.);
#3203=VECTOR('',#5565,1.);
#3204=VECTOR('',#5568,1.);
#3205=VECTOR('',#5569,1.);
#3206=VECTOR('',#5572,1.);
#3207=VECTOR('',#5573,1.);
#3208=VECTOR('',#5576,1.);
#3209=VECTOR('',#5579,1.);
#3210=VECTOR('',#5580,1.);
#3211=VECTOR('',#5583,1.);
#3212=VECTOR('',#5584,1.);
#3213=VECTOR('',#5587,1.);
#3214=VECTOR('',#5588,1.);
#3215=VECTOR('',#5591,1.);
#3216=VECTOR('',#5592,1.);
#3217=VECTOR('',#5595,1.);
#3218=VECTOR('',#5596,1.);
#3219=VECTOR('',#5599,1.);
#3220=VECTOR('',#5600,1.);
#3221=VECTOR('',#5603,1.);
#3222=VECTOR('',#5604,1.);
#3223=VECTOR('',#5607,1.);
#3224=VECTOR('',#5608,1.);
#3225=VECTOR('',#5611,1.);
#3226=VECTOR('',#5612,1.);
#3227=VECTOR('',#5615,1.);
#3228=VECTOR('',#5616,1.);
#3229=VECTOR('',#5619,1.);
#3230=VECTOR('',#5620,1.);
#3231=VECTOR('',#5623,1.);
#3232=VECTOR('',#5624,1.);
#3233=VECTOR('',#5627,1.);
#3234=VECTOR('',#5628,1.);
#3235=VECTOR('',#5631,1.);
#3236=VECTOR('',#5632,1.);
#3237=VECTOR('',#5635,1.);
#3238=VECTOR('',#5636,1.);
#3239=VECTOR('',#5639,1.);
#3240=VECTOR('',#5640,1.);
#3241=VECTOR('',#5643,1.);
#3242=VECTOR('',#5644,1.);
#3243=VECTOR('',#5647,1.);
#3244=VECTOR('',#5648,1.);
#3245=VECTOR('',#5651,1.);
#3246=VECTOR('',#5652,1.);
#3247=VECTOR('',#5655,1.);
#3248=VECTOR('',#5656,1.);
#3249=VECTOR('',#5659,1.);
#3250=VECTOR('',#5660,1.);
#3251=VECTOR('',#5663,1.);
#3252=VECTOR('',#5664,1.);
#3253=VECTOR('',#5667,1.);
#3254=VECTOR('',#5668,1.);
#3255=VECTOR('',#5671,1.);
#3256=VECTOR('',#5672,1.);
#3257=VECTOR('',#5675,1.);
#3258=VECTOR('',#5676,1.);
#3259=EDGE_LOOP('',(#381,#382,#383,#384,#385,#386,#387,#388,#389,#390,#391,
#392));
#3260=EDGE_LOOP('',(#393,#394,#395,#396,#397,#398,#399,#400,#401,#402));
#3261=EDGE_LOOP('',(#403,#404,#405,#406,#407,#408,#409,#410,#411));
#3262=EDGE_LOOP('',(#412,#413,#414,#415,#416,#417,#418,#419,#420,#421,#422,
#423));
#3263=EDGE_LOOP('',(#424));
#3264=EDGE_LOOP('',(#425,#426,#427,#428,#429,#430,#431,#432));
#3265=EDGE_LOOP('',(#433,#434,#435,#436,#437,#438,#439,#440));
#3266=EDGE_LOOP('',(#441));
#3267=EDGE_LOOP('',(#442));
#3268=EDGE_LOOP('',(#443));
#3269=EDGE_LOOP('',(#444));
#3270=EDGE_LOOP('',(#445));
#3271=EDGE_LOOP('',(#446,#447,#448,#449,#450,#451,#452,#453,#454,#455));
#3272=EDGE_LOOP('',(#456,#457,#458,#459,#460,#461,#462,#463));
#3273=EDGE_LOOP('',(#464,#465,#466,#467,#468,#469,#470,#471));
#3274=EDGE_LOOP('',(#472,#473,#474,#475,#476,#477,#478,#479));
#3275=EDGE_LOOP('',(#480,#481,#482,#483,#484,#485,#486,#487));
#3276=EDGE_LOOP('',(#488,#489,#490,#491,#492,#493,#494,#495));
#3277=EDGE_LOOP('',(#496,#497,#498,#499,#500,#501,#502,#503));
#3278=EDGE_LOOP('',(#504,#505,#506,#507,#508,#509,#510,#511,#512,#513,#514,
#515,#516,#517,#518,#519,#520,#521,#522,#523,#524,#525,#526,#527,#528,#529,
#530,#531,#532,#533,#534,#535,#536,#537,#538,#539,#540,#541,#542,#543,#544,
#545,#546,#547,#548));
#3279=EDGE_LOOP('',(#549,#550,#551,#552,#553,#554,#555,#556,#557,#558));
#3280=EDGE_LOOP('',(#559,#560,#561,#562,#563,#564,#565,#566,#567,#568,#569,
#570));
#3281=EDGE_LOOP('',(#571,#572,#573,#574,#575,#576,#577,#578,#579,#580));
#3282=EDGE_LOOP('',(#581,#582,#583,#584,#585,#586,#587,#588,#589,#590,#591,
#592));
#3283=EDGE_LOOP('',(#593));
#3284=EDGE_LOOP('',(#594,#595,#596,#597,#598,#599,#600,#601,#602,#603,#604,
#605,#606,#607,#608,#609,#610,#611,#612,#613,#614,#615,#616,#617,#618,#619,
#620,#621,#622,#623,#624,#625,#626,#627,#628,#629,#630,#631,#632,#633,#634,
#635,#636,#637,#638));
#3285=EDGE_LOOP('',(#639,#640,#641,#642,#643,#644,#645,#646));
#3286=EDGE_LOOP('',(#647,#648,#649,#650,#651,#652,#653,#654));
#3287=EDGE_LOOP('',(#655,#656,#657,#658,#659,#660,#661,#662));
#3288=EDGE_LOOP('',(#663,#664,#665,#666,#667,#668,#669,#670));
#3289=EDGE_LOOP('',(#671,#672,#673,#674,#675,#676,#677,#678));
#3290=EDGE_LOOP('',(#679,#680,#681,#682,#683,#684,#685,#686));
#3291=EDGE_LOOP('',(#687,#688,#689,#690,#691,#692,#693,#694,#695,#696));
#3292=EDGE_LOOP('',(#697));
#3293=EDGE_LOOP('',(#698));
#3294=EDGE_LOOP('',(#699));
#3295=EDGE_LOOP('',(#700));
#3296=EDGE_LOOP('',(#701));
#3297=EDGE_LOOP('',(#702,#703,#704,#705,#706,#707,#708,#709));
#3298=EDGE_LOOP('',(#710,#711,#712,#713,#714,#715,#716,#717));
#3299=EDGE_LOOP('',(#718,#719,#720,#721,#722,#723,#724,#725,#726,#727,#728,
#729));
#3300=EDGE_LOOP('',(#730,#731,#732,#733,#734,#735,#736,#737,#738,#739));
#3301=EDGE_LOOP('',(#740,#741,#742,#743,#744,#745,#746,#747,#748));
#3302=EDGE_LOOP('',(#749,#750,#751,#752,#753,#754,#755,#756,#757,#758,#759,
#760));
#3303=EDGE_LOOP('',(#761,#762,#763,#764,#765,#766,#767,#768,#769,#770));
#3304=EDGE_LOOP('',(#771,#772,#773,#774,#775,#776,#777,#778,#779,#780));
#3305=EDGE_LOOP('',(#781,#782,#783,#784));
#3306=EDGE_LOOP('',(#785,#786,#787,#788));
#3307=EDGE_LOOP('',(#789,#790,#791,#792));
#3308=EDGE_LOOP('',(#793,#794,#795,#796));
#3309=EDGE_LOOP('',(#797,#798,#799,#800));
#3310=EDGE_LOOP('',(#801,#802,#803,#804));
#3311=EDGE_LOOP('',(#805,#806,#807,#808));
#3312=EDGE_LOOP('',(#809,#810,#811,#812));
#3313=EDGE_LOOP('',(#813,#814,#815,#816));
#3314=EDGE_LOOP('',(#817,#818,#819,#820));
#3315=EDGE_LOOP('',(#821,#822,#823,#824));
#3316=EDGE_LOOP('',(#825,#826,#827,#828));
#3317=EDGE_LOOP('',(#829,#830,#831,#832));
#3318=EDGE_LOOP('',(#833,#834,#835,#836));
#3319=EDGE_LOOP('',(#837,#838,#839,#840));
#3320=EDGE_LOOP('',(#841,#842,#843,#844));
#3321=EDGE_LOOP('',(#845,#846,#847,#848));
#3322=EDGE_LOOP('',(#849,#850,#851,#852));
#3323=EDGE_LOOP('',(#853,#854,#855,#856));
#3324=EDGE_LOOP('',(#857,#858,#859,#860));
#3325=EDGE_LOOP('',(#861,#862,#863,#864));
#3326=EDGE_LOOP('',(#865,#866,#867,#868));
#3327=EDGE_LOOP('',(#869,#870,#871,#872));
#3328=EDGE_LOOP('',(#873,#874,#875,#876));
#3329=EDGE_LOOP('',(#877,#878,#879,#880));
#3330=EDGE_LOOP('',(#881,#882,#883,#884));
#3331=EDGE_LOOP('',(#885,#886,#887,#888));
#3332=EDGE_LOOP('',(#889,#890,#891,#892));
#3333=EDGE_LOOP('',(#893));
#3334=EDGE_LOOP('',(#894));
#3335=EDGE_LOOP('',(#895));
#3336=EDGE_LOOP('',(#896));
#3337=EDGE_LOOP('',(#897,#898,#899,#900));
#3338=EDGE_LOOP('',(#901,#902,#903,#904));
#3339=EDGE_LOOP('',(#905,#906,#907,#908));
#3340=EDGE_LOOP('',(#909,#910,#911,#912));
#3341=EDGE_LOOP('',(#913,#914,#915,#916));
#3342=EDGE_LOOP('',(#917,#918,#919,#920));
#3343=EDGE_LOOP('',(#921));
#3344=EDGE_LOOP('',(#922));
#3345=EDGE_LOOP('',(#923,#924,#925,#926));
#3346=EDGE_LOOP('',(#927,#928,#929,#930));
#3347=EDGE_LOOP('',(#931,#932,#933,#934));
#3348=EDGE_LOOP('',(#935,#936,#937,#938));
#3349=EDGE_LOOP('',(#939,#940,#941,#942));
#3350=EDGE_LOOP('',(#943,#944,#945,#946));
#3351=EDGE_LOOP('',(#947,#948,#949,#950));
#3352=EDGE_LOOP('',(#951,#952,#953,#954));
#3353=EDGE_LOOP('',(#955,#956,#957,#958));
#3354=EDGE_LOOP('',(#959,#960,#961,#962));
#3355=EDGE_LOOP('',(#963,#964,#965,#966));
#3356=EDGE_LOOP('',(#967,#968,#969,#970));
#3357=EDGE_LOOP('',(#971,#972,#973,#974));
#3358=EDGE_LOOP('',(#975,#976,#977,#978));
#3359=EDGE_LOOP('',(#979,#980,#981,#982));
#3360=EDGE_LOOP('',(#983));
#3361=EDGE_LOOP('',(#984));
#3362=EDGE_LOOP('',(#985,#986,#987,#988));
#3363=EDGE_LOOP('',(#989,#990,#991,#992));
#3364=EDGE_LOOP('',(#993,#994,#995,#996));
#3365=EDGE_LOOP('',(#997));
#3366=EDGE_LOOP('',(#998));
#3367=EDGE_LOOP('',(#999,#1000,#1001,#1002));
#3368=EDGE_LOOP('',(#1003,#1004,#1005,#1006));
#3369=EDGE_LOOP('',(#1007,#1008,#1009,#1010));
#3370=EDGE_LOOP('',(#1011,#1012,#1013,#1014));
#3371=EDGE_LOOP('',(#1015,#1016,#1017,#1018));
#3372=EDGE_LOOP('',(#1019,#1020,#1021,#1022));
#3373=EDGE_LOOP('',(#1023,#1024,#1025,#1026));
#3374=EDGE_LOOP('',(#1027,#1028,#1029,#1030));
#3375=EDGE_LOOP('',(#1031,#1032,#1033,#1034));
#3376=EDGE_LOOP('',(#1035,#1036,#1037,#1038));
#3377=EDGE_LOOP('',(#1039,#1040,#1041,#1042));
#3378=EDGE_LOOP('',(#1043,#1044,#1045,#1046));
#3379=EDGE_LOOP('',(#1047,#1048,#1049,#1050));
#3380=EDGE_LOOP('',(#1051,#1052,#1053,#1054));
#3381=EDGE_LOOP('',(#1055,#1056,#1057,#1058));
#3382=EDGE_LOOP('',(#1059,#1060,#1061,#1062));
#3383=EDGE_LOOP('',(#1063,#1064,#1065,#1066));
#3384=EDGE_LOOP('',(#1067,#1068,#1069,#1070));
#3385=EDGE_LOOP('',(#1071,#1072,#1073,#1074));
#3386=EDGE_LOOP('',(#1075,#1076,#1077,#1078));
#3387=EDGE_LOOP('',(#1079,#1080,#1081,#1082));
#3388=EDGE_LOOP('',(#1083,#1084,#1085,#1086));
#3389=EDGE_LOOP('',(#1087,#1088,#1089,#1090));
#3390=EDGE_LOOP('',(#1091,#1092,#1093,#1094));
#3391=EDGE_LOOP('',(#1095,#1096,#1097,#1098));
#3392=EDGE_LOOP('',(#1099,#1100,#1101,#1102));
#3393=EDGE_LOOP('',(#1103,#1104,#1105,#1106));
#3394=EDGE_LOOP('',(#1107,#1108,#1109,#1110));
#3395=EDGE_LOOP('',(#1111,#1112,#1113,#1114));
#3396=EDGE_LOOP('',(#1115,#1116,#1117,#1118));
#3397=EDGE_LOOP('',(#1119,#1120,#1121,#1122));
#3398=EDGE_LOOP('',(#1123,#1124,#1125,#1126));
#3399=EDGE_LOOP('',(#1127,#1128,#1129,#1130));
#3400=EDGE_LOOP('',(#1131,#1132,#1133,#1134));
#3401=EDGE_LOOP('',(#1135,#1136,#1137,#1138));
#3402=EDGE_LOOP('',(#1139,#1140,#1141,#1142));
#3403=EDGE_LOOP('',(#1143,#1144,#1145,#1146));
#3404=EDGE_LOOP('',(#1147,#1148,#1149,#1150));
#3405=EDGE_LOOP('',(#1151,#1152,#1153,#1154));
#3406=EDGE_LOOP('',(#1155,#1156,#1157,#1158));
#3407=EDGE_LOOP('',(#1159,#1160,#1161,#1162));
#3408=EDGE_LOOP('',(#1163,#1164,#1165,#1166));
#3409=EDGE_LOOP('',(#1167,#1168,#1169,#1170));
#3410=EDGE_LOOP('',(#1171,#1172,#1173,#1174));
#3411=EDGE_LOOP('',(#1175,#1176,#1177,#1178));
#3412=EDGE_LOOP('',(#1179,#1180,#1181,#1182));
#3413=EDGE_LOOP('',(#1183,#1184,#1185,#1186));
#3414=EDGE_LOOP('',(#1187,#1188,#1189,#1190));
#3415=EDGE_LOOP('',(#1191,#1192,#1193,#1194));
#3416=EDGE_LOOP('',(#1195,#1196,#1197,#1198));
#3417=EDGE_LOOP('',(#1199,#1200,#1201,#1202));
#3418=EDGE_LOOP('',(#1203,#1204,#1205,#1206));
#3419=EDGE_LOOP('',(#1207,#1208,#1209,#1210));
#3420=EDGE_LOOP('',(#1211,#1212,#1213,#1214));
#3421=EDGE_LOOP('',(#1215,#1216,#1217,#1218));
#3422=EDGE_LOOP('',(#1219,#1220,#1221,#1222));
#3423=EDGE_LOOP('',(#1223,#1224,#1225,#1226));
#3424=EDGE_LOOP('',(#1227,#1228,#1229,#1230));
#3425=EDGE_LOOP('',(#1231,#1232,#1233,#1234));
#3426=EDGE_LOOP('',(#1235,#1236,#1237,#1238));
#3427=EDGE_LOOP('',(#1239,#1240,#1241,#1242));
#3428=EDGE_LOOP('',(#1243,#1244,#1245,#1246));
#3429=EDGE_LOOP('',(#1247,#1248,#1249,#1250));
#3430=EDGE_LOOP('',(#1251,#1252,#1253,#1254));
#3431=EDGE_LOOP('',(#1255,#1256,#1257,#1258));
#3432=EDGE_LOOP('',(#1259,#1260,#1261,#1262));
#3433=EDGE_LOOP('',(#1263,#1264,#1265,#1266));
#3434=EDGE_LOOP('',(#1267));
#3435=EDGE_LOOP('',(#1268));
#3436=EDGE_LOOP('',(#1269,#1270,#1271,#1272));
#3437=EDGE_LOOP('',(#1273,#1274,#1275,#1276));
#3438=EDGE_LOOP('',(#1277,#1278,#1279,#1280));
#3439=EDGE_LOOP('',(#1281,#1282,#1283,#1284));
#3440=EDGE_LOOP('',(#1285,#1286,#1287,#1288));
#3441=EDGE_LOOP('',(#1289,#1290,#1291,#1292));
#3442=EDGE_LOOP('',(#1293,#1294,#1295,#1296));
#3443=EDGE_LOOP('',(#1297,#1298,#1299,#1300));
#3444=EDGE_LOOP('',(#1301,#1302,#1303,#1304));
#3445=EDGE_LOOP('',(#1305,#1306,#1307,#1308));
#3446=EDGE_LOOP('',(#1309,#1310,#1311,#1312));
#3447=EDGE_LOOP('',(#1313,#1314,#1315,#1316));
#3448=EDGE_LOOP('',(#1317,#1318,#1319,#1320));
#3449=EDGE_LOOP('',(#1321,#1322,#1323,#1324));
#3450=EDGE_LOOP('',(#1325,#1326,#1327,#1328));
#3451=EDGE_LOOP('',(#1329,#1330,#1331,#1332));
#3452=EDGE_LOOP('',(#1333,#1334,#1335,#1336));
#3453=EDGE_LOOP('',(#1337,#1338,#1339,#1340));
#3454=EDGE_LOOP('',(#1341,#1342,#1343,#1344));
#3455=EDGE_LOOP('',(#1345,#1346,#1347,#1348));
#3456=EDGE_LOOP('',(#1349,#1350,#1351,#1352));
#3457=EDGE_LOOP('',(#1353,#1354,#1355,#1356));
#3458=EDGE_LOOP('',(#1357,#1358,#1359,#1360));
#3459=EDGE_LOOP('',(#1361,#1362,#1363,#1364));
#3460=EDGE_LOOP('',(#1365,#1366,#1367,#1368));
#3461=EDGE_LOOP('',(#1369,#1370,#1371,#1372));
#3462=EDGE_LOOP('',(#1373,#1374,#1375,#1376));
#3463=EDGE_LOOP('',(#1377,#1378,#1379,#1380));
#3464=EDGE_LOOP('',(#1381,#1382,#1383,#1384));
#3465=EDGE_LOOP('',(#1385,#1386,#1387,#1388));
#3466=EDGE_LOOP('',(#1389,#1390,#1391,#1392));
#3467=EDGE_LOOP('',(#1393,#1394,#1395,#1396));
#3468=EDGE_LOOP('',(#1397,#1398,#1399,#1400));
#3469=EDGE_LOOP('',(#1401,#1402,#1403,#1404));
#3470=EDGE_LOOP('',(#1405,#1406,#1407,#1408));
#3471=EDGE_LOOP('',(#1409,#1410,#1411,#1412));
#3472=EDGE_LOOP('',(#1413,#1414,#1415,#1416));
#3473=EDGE_LOOP('',(#1417,#1418,#1419,#1420));
#3474=EDGE_LOOP('',(#1421,#1422,#1423,#1424));
#3475=EDGE_LOOP('',(#1425,#1426,#1427,#1428));
#3476=EDGE_LOOP('',(#1429,#1430,#1431,#1432));
#3477=EDGE_LOOP('',(#1433,#1434,#1435,#1436));
#3478=EDGE_LOOP('',(#1437,#1438,#1439,#1440));
#3479=EDGE_LOOP('',(#1441,#1442,#1443,#1444));
#3480=EDGE_LOOP('',(#1445,#1446,#1447,#1448));
#3481=EDGE_LOOP('',(#1449,#1450,#1451,#1452));
#3482=EDGE_LOOP('',(#1453,#1454,#1455,#1456));
#3483=EDGE_LOOP('',(#1457,#1458,#1459,#1460));
#3484=EDGE_LOOP('',(#1461,#1462,#1463,#1464));
#3485=EDGE_LOOP('',(#1465,#1466,#1467,#1468));
#3486=EDGE_LOOP('',(#1469,#1470,#1471,#1472));
#3487=EDGE_LOOP('',(#1473,#1474,#1475,#1476));
#3488=EDGE_LOOP('',(#1477,#1478,#1479,#1480));
#3489=EDGE_LOOP('',(#1481,#1482,#1483,#1484));
#3490=EDGE_LOOP('',(#1485,#1486,#1487,#1488));
#3491=EDGE_LOOP('',(#1489,#1490,#1491,#1492));
#3492=EDGE_LOOP('',(#1493,#1494,#1495,#1496));
#3493=EDGE_LOOP('',(#1497,#1498,#1499,#1500));
#3494=EDGE_LOOP('',(#1501,#1502,#1503,#1504));
#3495=EDGE_LOOP('',(#1505,#1506,#1507,#1508));
#3496=EDGE_LOOP('',(#1509,#1510,#1511,#1512));
#3497=EDGE_LOOP('',(#1513,#1514,#1515,#1516));
#3498=EDGE_LOOP('',(#1517,#1518,#1519,#1520));
#3499=EDGE_LOOP('',(#1521,#1522,#1523,#1524));
#3500=EDGE_LOOP('',(#1525,#1526,#1527,#1528));
#3501=EDGE_LOOP('',(#1529,#1530,#1531,#1532));
#3502=EDGE_LOOP('',(#1533,#1534,#1535,#1536));
#3503=EDGE_LOOP('',(#1537,#1538,#1539,#1540));
#3504=EDGE_LOOP('',(#1541,#1542,#1543,#1544));
#3505=EDGE_LOOP('',(#1545,#1546,#1547,#1548));
#3506=EDGE_LOOP('',(#1549,#1550,#1551,#1552));
#3507=EDGE_LOOP('',(#1553,#1554,#1555,#1556));
#3508=EDGE_LOOP('',(#1557,#1558,#1559,#1560));
#3509=EDGE_LOOP('',(#1561,#1562,#1563,#1564));
#3510=EDGE_LOOP('',(#1565,#1566,#1567,#1568));
#3511=FACE_BOUND('',#3259,.T.);
#3512=FACE_BOUND('',#3260,.T.);
#3513=FACE_BOUND('',#3261,.T.);
#3514=FACE_BOUND('',#3262,.T.);
#3515=FACE_BOUND('',#3263,.T.);
#3516=FACE_BOUND('',#3264,.T.);
#3517=FACE_BOUND('',#3265,.T.);
#3518=FACE_BOUND('',#3266,.T.);
#3519=FACE_BOUND('',#3267,.T.);
#3520=FACE_BOUND('',#3268,.T.);
#3521=FACE_BOUND('',#3269,.T.);
#3522=FACE_BOUND('',#3270,.T.);
#3523=FACE_BOUND('',#3271,.T.);
#3524=FACE_BOUND('',#3272,.T.);
#3525=FACE_BOUND('',#3273,.T.);
#3526=FACE_BOUND('',#3274,.T.);
#3527=FACE_BOUND('',#3275,.T.);
#3528=FACE_BOUND('',#3276,.T.);
#3529=FACE_BOUND('',#3277,.T.);
#3530=FACE_BOUND('',#3278,.T.);
#3531=FACE_BOUND('',#3279,.T.);
#3532=FACE_BOUND('',#3280,.T.);
#3533=FACE_BOUND('',#3281,.T.);
#3534=FACE_BOUND('',#3282,.T.);
#3535=FACE_BOUND('',#3283,.T.);
#3536=FACE_BOUND('',#3284,.T.);
#3537=FACE_BOUND('',#3285,.T.);
#3538=FACE_BOUND('',#3286,.T.);
#3539=FACE_BOUND('',#3287,.T.);
#3540=FACE_BOUND('',#3288,.T.);
#3541=FACE_BOUND('',#3289,.T.);
#3542=FACE_BOUND('',#3290,.T.);
#3543=FACE_BOUND('',#3291,.T.);
#3544=FACE_BOUND('',#3292,.T.);
#3545=FACE_BOUND('',#3293,.T.);
#3546=FACE_BOUND('',#3294,.T.);
#3547=FACE_BOUND('',#3295,.T.);
#3548=FACE_BOUND('',#3296,.T.);
#3549=FACE_BOUND('',#3297,.T.);
#3550=FACE_BOUND('',#3298,.T.);
#3551=FACE_BOUND('',#3299,.T.);
#3552=FACE_BOUND('',#3300,.T.);
#3553=FACE_BOUND('',#3301,.T.);
#3554=FACE_BOUND('',#3302,.T.);
#3555=FACE_BOUND('',#3303,.T.);
#3556=FACE_BOUND('',#3304,.T.);
#3557=FACE_BOUND('',#3305,.T.);
#3558=FACE_BOUND('',#3306,.T.);
#3559=FACE_BOUND('',#3307,.T.);
#3560=FACE_BOUND('',#3308,.T.);
#3561=FACE_BOUND('',#3309,.T.);
#3562=FACE_BOUND('',#3310,.T.);
#3563=FACE_BOUND('',#3311,.T.);
#3564=FACE_BOUND('',#3312,.T.);
#3565=FACE_BOUND('',#3313,.T.);
#3566=FACE_BOUND('',#3314,.T.);
#3567=FACE_BOUND('',#3315,.T.);
#3568=FACE_BOUND('',#3316,.T.);
#3569=FACE_BOUND('',#3317,.T.);
#3570=FACE_BOUND('',#3318,.T.);
#3571=FACE_BOUND('',#3319,.T.);
#3572=FACE_BOUND('',#3320,.T.);
#3573=FACE_BOUND('',#3321,.T.);
#3574=FACE_BOUND('',#3322,.T.);
#3575=FACE_BOUND('',#3323,.T.);
#3576=FACE_BOUND('',#3324,.T.);
#3577=FACE_BOUND('',#3325,.T.);
#3578=FACE_BOUND('',#3326,.T.);
#3579=FACE_BOUND('',#3327,.T.);
#3580=FACE_BOUND('',#3328,.T.);
#3581=FACE_BOUND('',#3329,.T.);
#3582=FACE_BOUND('',#3330,.T.);
#3583=FACE_BOUND('',#3331,.T.);
#3584=FACE_BOUND('',#3332,.T.);
#3585=FACE_BOUND('',#3333,.T.);
#3586=FACE_BOUND('',#3334,.T.);
#3587=FACE_BOUND('',#3335,.T.);
#3588=FACE_BOUND('',#3336,.T.);
#3589=FACE_BOUND('',#3337,.T.);
#3590=FACE_BOUND('',#3338,.T.);
#3591=FACE_BOUND('',#3339,.T.);
#3592=FACE_BOUND('',#3340,.T.);
#3593=FACE_BOUND('',#3341,.T.);
#3594=FACE_BOUND('',#3342,.T.);
#3595=FACE_BOUND('',#3343,.T.);
#3596=FACE_BOUND('',#3344,.T.);
#3597=FACE_BOUND('',#3345,.T.);
#3598=FACE_BOUND('',#3346,.T.);
#3599=FACE_BOUND('',#3347,.T.);
#3600=FACE_BOUND('',#3348,.T.);
#3601=FACE_BOUND('',#3349,.T.);
#3602=FACE_BOUND('',#3350,.T.);
#3603=FACE_BOUND('',#3351,.T.);
#3604=FACE_BOUND('',#3352,.T.);
#3605=FACE_BOUND('',#3353,.T.);
#3606=FACE_BOUND('',#3354,.T.);
#3607=FACE_BOUND('',#3355,.T.);
#3608=FACE_BOUND('',#3356,.T.);
#3609=FACE_BOUND('',#3357,.T.);
#3610=FACE_BOUND('',#3358,.T.);
#3611=FACE_BOUND('',#3359,.T.);
#3612=FACE_BOUND('',#3360,.T.);
#3613=FACE_BOUND('',#3361,.T.);
#3614=FACE_BOUND('',#3362,.T.);
#3615=FACE_BOUND('',#3363,.T.);
#3616=FACE_BOUND('',#3364,.T.);
#3617=FACE_BOUND('',#3365,.T.);
#3618=FACE_BOUND('',#3366,.T.);
#3619=FACE_BOUND('',#3367,.T.);
#3620=FACE_BOUND('',#3368,.T.);
#3621=FACE_BOUND('',#3369,.T.);
#3622=FACE_BOUND('',#3370,.T.);
#3623=FACE_BOUND('',#3371,.T.);
#3624=FACE_BOUND('',#3372,.T.);
#3625=FACE_BOUND('',#3373,.T.);
#3626=FACE_BOUND('',#3374,.T.);
#3627=FACE_BOUND('',#3375,.T.);
#3628=FACE_BOUND('',#3376,.T.);
#3629=FACE_BOUND('',#3377,.T.);
#3630=FACE_BOUND('',#3378,.T.);
#3631=FACE_BOUND('',#3379,.T.);
#3632=FACE_BOUND('',#3380,.T.);
#3633=FACE_BOUND('',#3381,.T.);
#3634=FACE_BOUND('',#3382,.T.);
#3635=FACE_BOUND('',#3383,.T.);
#3636=FACE_BOUND('',#3384,.T.);
#3637=FACE_BOUND('',#3385,.T.);
#3638=FACE_BOUND('',#3386,.T.);
#3639=FACE_BOUND('',#3387,.T.);
#3640=FACE_BOUND('',#3388,.T.);
#3641=FACE_BOUND('',#3389,.T.);
#3642=FACE_BOUND('',#3390,.T.);
#3643=FACE_BOUND('',#3391,.T.);
#3644=FACE_BOUND('',#3392,.T.);
#3645=FACE_BOUND('',#3393,.T.);
#3646=FACE_BOUND('',#3394,.T.);
#3647=FACE_BOUND('',#3395,.T.);
#3648=FACE_BOUND('',#3396,.T.);
#3649=FACE_BOUND('',#3397,.T.);
#3650=FACE_BOUND('',#3398,.T.);
#3651=FACE_BOUND('',#3399,.T.);
#3652=FACE_BOUND('',#3400,.T.);
#3653=FACE_BOUND('',#3401,.T.);
#3654=FACE_BOUND('',#3402,.T.);
#3655=FACE_BOUND('',#3403,.T.);
#3656=FACE_BOUND('',#3404,.T.);
#3657=FACE_BOUND('',#3405,.T.);
#3658=FACE_BOUND('',#3406,.T.);
#3659=FACE_BOUND('',#3407,.T.);
#3660=FACE_BOUND('',#3408,.T.);
#3661=FACE_BOUND('',#3409,.T.);
#3662=FACE_BOUND('',#3410,.T.);
#3663=FACE_BOUND('',#3411,.T.);
#3664=FACE_BOUND('',#3412,.T.);
#3665=FACE_BOUND('',#3413,.T.);
#3666=FACE_BOUND('',#3414,.T.);
#3667=FACE_BOUND('',#3415,.T.);
#3668=FACE_BOUND('',#3416,.T.);
#3669=FACE_BOUND('',#3417,.T.);
#3670=FACE_BOUND('',#3418,.T.);
#3671=FACE_BOUND('',#3419,.T.);
#3672=FACE_BOUND('',#3420,.T.);
#3673=FACE_BOUND('',#3421,.T.);
#3674=FACE_BOUND('',#3422,.T.);
#3675=FACE_BOUND('',#3423,.T.);
#3676=FACE_BOUND('',#3424,.T.);
#3677=FACE_BOUND('',#3425,.T.);
#3678=FACE_BOUND('',#3426,.T.);
#3679=FACE_BOUND('',#3427,.T.);
#3680=FACE_BOUND('',#3428,.T.);
#3681=FACE_BOUND('',#3429,.T.);
#3682=FACE_BOUND('',#3430,.T.);
#3683=FACE_BOUND('',#3431,.T.);
#3684=FACE_BOUND('',#3432,.T.);
#3685=FACE_BOUND('',#3433,.T.);
#3686=FACE_BOUND('',#3434,.T.);
#3687=FACE_BOUND('',#3435,.T.);
#3688=FACE_BOUND('',#3436,.T.);
#3689=FACE_BOUND('',#3437,.T.);
#3690=FACE_BOUND('',#3438,.T.);
#3691=FACE_BOUND('',#3439,.T.);
#3692=FACE_BOUND('',#3440,.T.);
#3693=FACE_BOUND('',#3441,.T.);
#3694=FACE_BOUND('',#3442,.T.);
#3695=FACE_BOUND('',#3443,.T.);
#3696=FACE_BOUND('',#3444,.T.);
#3697=FACE_BOUND('',#3445,.T.);
#3698=FACE_BOUND('',#3446,.T.);
#3699=FACE_BOUND('',#3447,.T.);
#3700=FACE_BOUND('',#3448,.T.);
#3701=FACE_BOUND('',#3449,.T.);
#3702=FACE_BOUND('',#3450,.T.);
#3703=FACE_BOUND('',#3451,.T.);
#3704=FACE_BOUND('',#3452,.T.);
#3705=FACE_BOUND('',#3453,.T.);
#3706=FACE_BOUND('',#3454,.T.);
#3707=FACE_BOUND('',#3455,.T.);
#3708=FACE_BOUND('',#3456,.T.);
#3709=FACE_BOUND('',#3457,.T.);
#3710=FACE_BOUND('',#3458,.T.);
#3711=FACE_BOUND('',#3459,.T.);
#3712=FACE_BOUND('',#3460,.T.);
#3713=FACE_BOUND('',#3461,.T.);
#3714=FACE_BOUND('',#3462,.T.);
#3715=FACE_BOUND('',#3463,.T.);
#3716=FACE_BOUND('',#3464,.T.);
#3717=FACE_BOUND('',#3465,.T.);
#3718=FACE_BOUND('',#3466,.T.);
#3719=FACE_BOUND('',#3467,.T.);
#3720=FACE_BOUND('',#3468,.T.);
#3721=FACE_BOUND('',#3469,.T.);
#3722=FACE_BOUND('',#3470,.T.);
#3723=FACE_BOUND('',#3471,.T.);
#3724=FACE_BOUND('',#3472,.T.);
#3725=FACE_BOUND('',#3473,.T.);
#3726=FACE_BOUND('',#3474,.T.);
#3727=FACE_BOUND('',#3475,.T.);
#3728=FACE_BOUND('',#3476,.T.);
#3729=FACE_BOUND('',#3477,.T.);
#3730=FACE_BOUND('',#3478,.T.);
#3731=FACE_BOUND('',#3479,.T.);
#3732=FACE_BOUND('',#3480,.T.);
#3733=FACE_BOUND('',#3481,.T.);
#3734=FACE_BOUND('',#3482,.T.);
#3735=FACE_BOUND('',#3483,.T.);
#3736=FACE_BOUND('',#3484,.T.);
#3737=FACE_BOUND('',#3485,.T.);
#3738=FACE_BOUND('',#3486,.T.);
#3739=FACE_BOUND('',#3487,.T.);
#3740=FACE_BOUND('',#3488,.T.);
#3741=FACE_BOUND('',#3489,.T.);
#3742=FACE_BOUND('',#3490,.T.);
#3743=FACE_BOUND('',#3491,.T.);
#3744=FACE_BOUND('',#3492,.T.);
#3745=FACE_BOUND('',#3493,.T.);
#3746=FACE_BOUND('',#3494,.T.);
#3747=FACE_BOUND('',#3495,.T.);
#3748=FACE_BOUND('',#3496,.T.);
#3749=FACE_BOUND('',#3497,.T.);
#3750=FACE_BOUND('',#3498,.T.);
#3751=FACE_BOUND('',#3499,.T.);
#3752=FACE_BOUND('',#3500,.T.);
#3753=FACE_BOUND('',#3501,.T.);
#3754=FACE_BOUND('',#3502,.T.);
#3755=FACE_BOUND('',#3503,.T.);
#3756=FACE_BOUND('',#3504,.T.);
#3757=FACE_BOUND('',#3505,.T.);
#3758=FACE_BOUND('',#3506,.T.);
#3759=FACE_BOUND('',#3507,.T.);
#3760=FACE_BOUND('',#3508,.T.);
#3761=FACE_BOUND('',#3509,.T.);
#3762=FACE_BOUND('',#3510,.T.);
#3763=PLANE('',#4057);
#3764=PLANE('',#4181);
#3765=PLANE('',#4305);
#3766=PLANE('',#4306);
#3767=PLANE('',#4307);
#3768=PLANE('',#4308);
#3769=PLANE('',#4309);
#3770=PLANE('',#4310);
#3771=PLANE('',#4312);
#3772=PLANE('',#4314);
#3773=PLANE('',#4315);
#3774=PLANE('',#4316);
#3775=PLANE('',#4317);
#3776=PLANE('',#4318);
#3777=PLANE('',#4319);
#3778=PLANE('',#4324);
#3779=PLANE('',#4326);
#3780=PLANE('',#4327);
#3781=PLANE('',#4329);
#3782=PLANE('',#4330);
#3783=PLANE('',#4332);
#3784=PLANE('',#4337);
#3785=PLANE('',#4338);
#3786=PLANE('',#4339);
#3787=PLANE('',#4346);
#3788=PLANE('',#4347);
#3789=PLANE('',#4348);
#3790=PLANE('',#4349);
#3791=PLANE('',#4353);
#3792=PLANE('',#4354);
#3793=PLANE('',#4356);
#3794=PLANE('',#4358);
#3795=PLANE('',#4360);
#3796=PLANE('',#4366);
#3797=PLANE('',#4367);
#3798=PLANE('',#4368);
#3799=PLANE('',#4369);
#3800=PLANE('',#4370);
#3801=PLANE('',#4371);
#3802=PLANE('',#4372);
#3803=PLANE('',#4373);
#3804=PLANE('',#4374);
#3805=PLANE('',#4375);
#3806=PLANE('',#4376);
#3807=PLANE('',#4377);
#3808=PLANE('',#4378);
#3809=PLANE('',#4379);
#3810=PLANE('',#4380);
#3811=PLANE('',#4381);
#3812=PLANE('',#4382);
#3813=PLANE('',#4383);
#3814=PLANE('',#4384);
#3815=PLANE('',#4385);
#3816=PLANE('',#4386);
#3817=PLANE('',#4387);
#3818=PLANE('',#4388);
#3819=PLANE('',#4389);
#3820=PLANE('',#4390);
#3821=PLANE('',#4391);
#3822=PLANE('',#4431);
#3823=PLANE('',#4433);
#3824=PLANE('',#4435);
#3825=PLANE('',#4436);
#3826=PLANE('',#4438);
#3827=PLANE('',#4439);
#3828=PLANE('',#4442);
#3829=PLANE('',#4444);
#3830=PLANE('',#4447);
#3831=PLANE('',#4449);
#3832=PLANE('',#4451);
#3833=PLANE('',#4453);
#3834=PLANE('',#4454);
#3835=PLANE('',#4456);
#3836=PLANE('',#4457);
#3837=PLANE('',#4459);
#3838=PLANE('',#4460);
#3839=PLANE('',#4462);
#3840=PLANE('',#4463);
#3841=PLANE('',#4465);
#3842=ADVANCED_FACE('',(#3511,#3512,#3513,#3514,#3515,#3516,#3517,#3518,
#3519,#3520,#3521,#3522,#3523,#3524,#3525,#3526,#3527,#3528,#3529,#3530,
#3531,#3532,#3533),#3763,.F.);
#3843=ADVANCED_FACE('',(#3534,#3535,#3536,#3537,#3538,#3539,#3540,#3541,
#3542,#3543,#3544,#3545,#3546,#3547,#3548,#3549,#3550,#3551,#3552,#3553,
#3554,#3555,#3556),#3764,.T.);
#3844=ADVANCED_FACE('',(#3557),#3765,.F.);
#3845=ADVANCED_FACE('',(#3558),#3766,.F.);
#3846=ADVANCED_FACE('',(#3559),#3767,.F.);
#3847=ADVANCED_FACE('',(#3560),#3768,.T.);
#3848=ADVANCED_FACE('',(#3561),#3769,.T.);
#3849=ADVANCED_FACE('',(#3562),#3770,.T.);
#3850=ADVANCED_FACE('',(#3563),#12,.T.);
#3851=ADVANCED_FACE('',(#3564),#3771,.F.);
#3852=ADVANCED_FACE('',(#3565),#13,.T.);
#3853=ADVANCED_FACE('',(#3566),#3772,.T.);
#3854=ADVANCED_FACE('',(#3567),#3773,.F.);
#3855=ADVANCED_FACE('',(#3568),#3774,.T.);
#3856=ADVANCED_FACE('',(#3569),#3775,.T.);
#3857=ADVANCED_FACE('',(#3570),#3776,.F.);
#3858=ADVANCED_FACE('',(#3571),#3777,.T.);
#3859=ADVANCED_FACE('',(#3572),#14,.T.);
#3860=ADVANCED_FACE('',(#3573),#15,.T.);
#3861=ADVANCED_FACE('',(#3574),#16,.T.);
#3862=ADVANCED_FACE('',(#3575),#17,.T.);
#3863=ADVANCED_FACE('',(#3576),#3778,.F.);
#3864=ADVANCED_FACE('',(#3577),#18,.F.);
#3865=ADVANCED_FACE('',(#3578),#3779,.F.);
#3866=ADVANCED_FACE('',(#3579),#3780,.F.);
#3867=ADVANCED_FACE('',(#3580),#19,.F.);
#3868=ADVANCED_FACE('',(#3581),#3781,.T.);
#3869=ADVANCED_FACE('',(#3582),#3782,.F.);
#3870=ADVANCED_FACE('',(#3583),#20,.F.);
#3871=ADVANCED_FACE('',(#3584),#3783,.F.);
#3872=ADVANCED_FACE('',(#3585,#3586),#21,.F.);
#3873=ADVANCED_FACE('',(#3587,#3588),#22,.F.);
#3874=ADVANCED_FACE('',(#3589),#23,.F.);
#3875=ADVANCED_FACE('',(#3590),#24,.F.);
#3876=ADVANCED_FACE('',(#3591),#3784,.T.);
#3877=ADVANCED_FACE('',(#3592),#3785,.F.);
#3878=ADVANCED_FACE('',(#3593),#3786,.T.);
#3879=ADVANCED_FACE('',(#3594),#25,.T.);
#3880=ADVANCED_FACE('',(#3595,#3596),#26,.F.);
#3881=ADVANCED_FACE('',(#3597),#27,.T.);
#3882=ADVANCED_FACE('',(#3598),#28,.T.);
#3883=ADVANCED_FACE('',(#3599),#29,.T.);
#3884=ADVANCED_FACE('',(#3600),#30,.T.);
#3885=ADVANCED_FACE('',(#3601),#3787,.F.);
#3886=ADVANCED_FACE('',(#3602),#3788,.T.);
#3887=ADVANCED_FACE('',(#3603),#3789,.F.);
#3888=ADVANCED_FACE('',(#3604),#3790,.T.);
#3889=ADVANCED_FACE('',(#3605),#31,.T.);
#3890=ADVANCED_FACE('',(#3606),#32,.T.);
#3891=ADVANCED_FACE('',(#3607),#33,.T.);
#3892=ADVANCED_FACE('',(#3608),#3791,.F.);
#3893=ADVANCED_FACE('',(#3609),#3792,.F.);
#3894=ADVANCED_FACE('',(#3610),#34,.T.);
#3895=ADVANCED_FACE('',(#3611),#3793,.F.);
#3896=ADVANCED_FACE('',(#3612,#3613),#35,.F.);
#3897=ADVANCED_FACE('',(#3614),#3794,.T.);
#3898=ADVANCED_FACE('',(#3615),#36,.T.);
#3899=ADVANCED_FACE('',(#3616),#3795,.F.);
#3900=ADVANCED_FACE('',(#3617,#3618),#37,.F.);
#3901=ADVANCED_FACE('',(#3619),#38,.T.);
#3902=ADVANCED_FACE('',(#3620),#39,.F.);
#3903=ADVANCED_FACE('',(#3621),#40,.F.);
#3904=ADVANCED_FACE('',(#3622),#41,.F.);
#3905=ADVANCED_FACE('',(#3623),#3796,.T.);
#3906=ADVANCED_FACE('',(#3624),#3797,.T.);
#3907=ADVANCED_FACE('',(#3625),#3798,.T.);
#3908=ADVANCED_FACE('',(#3626),#3799,.T.);
#3909=ADVANCED_FACE('',(#3627),#3800,.T.);
#3910=ADVANCED_FACE('',(#3628),#3801,.T.);
#3911=ADVANCED_FACE('',(#3629),#3802,.F.);
#3912=ADVANCED_FACE('',(#3630),#3803,.F.);
#3913=ADVANCED_FACE('',(#3631),#3804,.T.);
#3914=ADVANCED_FACE('',(#3632),#3805,.F.);
#3915=ADVANCED_FACE('',(#3633),#3806,.F.);
#3916=ADVANCED_FACE('',(#3634),#3807,.F.);
#3917=ADVANCED_FACE('',(#3635),#3808,.F.);
#3918=ADVANCED_FACE('',(#3636),#3809,.T.);
#3919=ADVANCED_FACE('',(#3637),#3810,.F.);
#3920=ADVANCED_FACE('',(#3638),#3811,.F.);
#3921=ADVANCED_FACE('',(#3639),#3812,.F.);
#3922=ADVANCED_FACE('',(#3640),#3813,.T.);
#3923=ADVANCED_FACE('',(#3641),#3814,.F.);
#3924=ADVANCED_FACE('',(#3642),#3815,.F.);
#3925=ADVANCED_FACE('',(#3643),#3816,.F.);
#3926=ADVANCED_FACE('',(#3644),#3817,.F.);
#3927=ADVANCED_FACE('',(#3645),#3818,.F.);
#3928=ADVANCED_FACE('',(#3646),#3819,.T.);
#3929=ADVANCED_FACE('',(#3647),#3820,.T.);
#3930=ADVANCED_FACE('',(#3648),#3821,.T.);
#3931=ADVANCED_FACE('',(#3649),#42,.F.);
#3932=ADVANCED_FACE('',(#3650),#43,.F.);
#3933=ADVANCED_FACE('',(#3651),#44,.F.);
#3934=ADVANCED_FACE('',(#3652),#45,.F.);
#3935=ADVANCED_FACE('',(#3653),#46,.F.);
#3936=ADVANCED_FACE('',(#3654),#47,.F.);
#3937=ADVANCED_FACE('',(#3655),#48,.F.);
#3938=ADVANCED_FACE('',(#3656),#49,.F.);
#3939=ADVANCED_FACE('',(#3657),#50,.F.);
#3940=ADVANCED_FACE('',(#3658),#51,.F.);
#3941=ADVANCED_FACE('',(#3659),#52,.F.);
#3942=ADVANCED_FACE('',(#3660),#53,.F.);
#3943=ADVANCED_FACE('',(#3661),#54,.F.);
#3944=ADVANCED_FACE('',(#3662),#55,.F.);
#3945=ADVANCED_FACE('',(#3663),#56,.F.);
#3946=ADVANCED_FACE('',(#3664),#57,.F.);
#3947=ADVANCED_FACE('',(#3665),#58,.F.);
#3948=ADVANCED_FACE('',(#3666),#59,.F.);
#3949=ADVANCED_FACE('',(#3667),#60,.F.);
#3950=ADVANCED_FACE('',(#3668),#61,.F.);
#3951=ADVANCED_FACE('',(#3669),#62,.F.);
#3952=ADVANCED_FACE('',(#3670),#63,.F.);
#3953=ADVANCED_FACE('',(#3671),#64,.F.);
#3954=ADVANCED_FACE('',(#3672),#65,.F.);
#3955=ADVANCED_FACE('',(#3673),#66,.F.);
#3956=ADVANCED_FACE('',(#3674),#67,.F.);
#3957=ADVANCED_FACE('',(#3675),#68,.F.);
#3958=ADVANCED_FACE('',(#3676),#69,.F.);
#3959=ADVANCED_FACE('',(#3677),#70,.F.);
#3960=ADVANCED_FACE('',(#3678),#71,.F.);
#3961=ADVANCED_FACE('',(#3679),#72,.F.);
#3962=ADVANCED_FACE('',(#3680),#73,.F.);
#3963=ADVANCED_FACE('',(#3681),#74,.F.);
#3964=ADVANCED_FACE('',(#3682),#75,.F.);
#3965=ADVANCED_FACE('',(#3683),#76,.F.);
#3966=ADVANCED_FACE('',(#3684),#77,.F.);
#3967=ADVANCED_FACE('',(#3685),#78,.F.);
#3968=ADVANCED_FACE('',(#3686,#3687),#79,.F.);
#3969=ADVANCED_FACE('',(#3688),#80,.T.);
#3970=ADVANCED_FACE('',(#3689),#3822,.F.);
#3971=ADVANCED_FACE('',(#3690),#81,.T.);
#3972=ADVANCED_FACE('',(#3691),#3823,.T.);
#3973=ADVANCED_FACE('',(#3692),#82,.T.);
#3974=ADVANCED_FACE('',(#3693),#3824,.F.);
#3975=ADVANCED_FACE('',(#3694),#3825,.T.);
#3976=ADVANCED_FACE('',(#3695),#83,.T.);
#3977=ADVANCED_FACE('',(#3696),#3826,.F.);
#3978=ADVANCED_FACE('',(#3697),#3827,.T.);
#3979=ADVANCED_FACE('',(#3698),#84,.T.);
#3980=ADVANCED_FACE('',(#3699),#85,.T.);
#3981=ADVANCED_FACE('',(#3700),#3828,.F.);
#3982=ADVANCED_FACE('',(#3701),#86,.T.);
#3983=ADVANCED_FACE('',(#3702),#3829,.F.);
#3984=ADVANCED_FACE('',(#3703),#87,.T.);
#3985=ADVANCED_FACE('',(#3704),#88,.T.);
#3986=ADVANCED_FACE('',(#3705),#3830,.F.);
#3987=ADVANCED_FACE('',(#3706),#89,.T.);
#3988=ADVANCED_FACE('',(#3707),#3831,.T.);
#3989=ADVANCED_FACE('',(#3708),#90,.T.);
#3990=ADVANCED_FACE('',(#3709),#3832,.F.);
#3991=ADVANCED_FACE('',(#3710),#91,.T.);
#3992=ADVANCED_FACE('',(#3711),#3833,.F.);
#3993=ADVANCED_FACE('',(#3712),#3834,.T.);
#3994=ADVANCED_FACE('',(#3713),#92,.T.);
#3995=ADVANCED_FACE('',(#3714),#3835,.T.);
#3996=ADVANCED_FACE('',(#3715),#3836,.T.);
#3997=ADVANCED_FACE('',(#3716),#93,.T.);
#3998=ADVANCED_FACE('',(#3717),#3837,.F.);
#3999=ADVANCED_FACE('',(#3718),#3838,.F.);
#4000=ADVANCED_FACE('',(#3719),#94,.T.);
#4001=ADVANCED_FACE('',(#3720),#3839,.F.);
#4002=ADVANCED_FACE('',(#3721),#3840,.F.);
#4003=ADVANCED_FACE('',(#3722),#95,.T.);
#4004=ADVANCED_FACE('',(#3723),#3841,.F.);
#4005=ADVANCED_FACE('',(#3724),#96,.T.);
#4006=ADVANCED_FACE('',(#3725),#97,.T.);
#4007=ADVANCED_FACE('',(#3726),#98,.F.);
#4008=ADVANCED_FACE('',(#3727),#99,.F.);
#4009=ADVANCED_FACE('',(#3728),#100,.F.);
#4010=ADVANCED_FACE('',(#3729),#101,.F.);
#4011=ADVANCED_FACE('',(#3730),#102,.F.);
#4012=ADVANCED_FACE('',(#3731),#103,.F.);
#4013=ADVANCED_FACE('',(#3732),#104,.F.);
#4014=ADVANCED_FACE('',(#3733),#105,.F.);
#4015=ADVANCED_FACE('',(#3734),#106,.F.);
#4016=ADVANCED_FACE('',(#3735),#107,.F.);
#4017=ADVANCED_FACE('',(#3736),#108,.F.);
#4018=ADVANCED_FACE('',(#3737),#109,.F.);
#4019=ADVANCED_FACE('',(#3738),#110,.F.);
#4020=ADVANCED_FACE('',(#3739),#111,.F.);
#4021=ADVANCED_FACE('',(#3740),#112,.F.);
#4022=ADVANCED_FACE('',(#3741),#113,.F.);
#4023=ADVANCED_FACE('',(#3742),#114,.F.);
#4024=ADVANCED_FACE('',(#3743),#115,.F.);
#4025=ADVANCED_FACE('',(#3744),#116,.F.);
#4026=ADVANCED_FACE('',(#3745),#117,.F.);
#4027=ADVANCED_FACE('',(#3746),#118,.F.);
#4028=ADVANCED_FACE('',(#3747),#119,.F.);
#4029=ADVANCED_FACE('',(#3748),#120,.F.);
#4030=ADVANCED_FACE('',(#3749),#121,.F.);
#4031=ADVANCED_FACE('',(#3750),#122,.F.);
#4032=ADVANCED_FACE('',(#3751),#123,.F.);
#4033=ADVANCED_FACE('',(#3752),#124,.F.);
#4034=ADVANCED_FACE('',(#3753),#125,.F.);
#4035=ADVANCED_FACE('',(#3754),#126,.F.);
#4036=ADVANCED_FACE('',(#3755),#127,.F.);
#4037=ADVANCED_FACE('',(#3756),#128,.F.);
#4038=ADVANCED_FACE('',(#3757),#129,.F.);
#4039=ADVANCED_FACE('',(#3758),#130,.F.);
#4040=ADVANCED_FACE('',(#3759),#131,.F.);
#4041=ADVANCED_FACE('',(#3760),#132,.F.);
#4042=ADVANCED_FACE('',(#3761),#133,.F.);
#4043=ADVANCED_FACE('',(#3762),#134,.F.);
#4044=CLOSED_SHELL('',(#3842,#3843,#3844,#3845,#3846,#3847,#3848,#3849,
#3850,#3851,#3852,#3853,#3854,#3855,#3856,#3857,#3858,#3859,#3860,#3861,
#3862,#3863,#3864,#3865,#3866,#3867,#3868,#3869,#3870,#3871,#3872,#3873,
#3874,#3875,#3876,#3877,#3878,#3879,#3880,#3881,#3882,#3883,#3884,#3885,
#3886,#3887,#3888,#3889,#3890,#3891,#3892,#3893,#3894,#3895,#3896,#3897,
#3898,#3899,#3900,#3901,#3902,#3903,#3904,#3905,#3906,#3907,#3908,#3909,
#3910,#3911,#3912,#3913,#3914,#3915,#3916,#3917,#3918,#3919,#3920,#3921,
#3922,#3923,#3924,#3925,#3926,#3927,#3928,#3929,#3930,#3931,#3932,#3933,
#3934,#3935,#3936,#3937,#3938,#3939,#3940,#3941,#3942,#3943,#3944,#3945,
#3946,#3947,#3948,#3949,#3950,#3951,#3952,#3953,#3954,#3955,#3956,#3957,
#3958,#3959,#3960,#3961,#3962,#3963,#3964,#3965,#3966,#3967,#3968,#3969,
#3970,#3971,#3972,#3973,#3974,#3975,#3976,#3977,#3978,#3979,#3980,#3981,
#3982,#3983,#3984,#3985,#3986,#3987,#3988,#3989,#3990,#3991,#3992,#3993,
#3994,#3995,#3996,#3997,#3998,#3999,#4000,#4001,#4002,#4003,#4004,#4005,
#4006,#4007,#4008,#4009,#4010,#4011,#4012,#4013,#4014,#4015,#4016,#4017,
#4018,#4019,#4020,#4021,#4022,#4023,#4024,#4025,#4026,#4027,#4028,#4029,
#4030,#4031,#4032,#4033,#4034,#4035,#4036,#4037,#4038,#4039,#4040,#4041,
#4042,#4043));
#4045=STYLED_ITEM('',(#4046),#4053);
#4046=PRESENTATION_STYLE_ASSIGNMENT((#4047));
#4047=SURFACE_STYLE_USAGE(.BOTH.,#4048);
#4048=SURFACE_SIDE_STYLE('',(#4049));
#4049=SURFACE_STYLE_FILL_AREA(#4050);
#4050=FILL_AREA_STYLE('',(#4051));
#4051=FILL_AREA_STYLE_COLOUR('',#4052);
#4052=COLOUR_RGB('',0.6,0.580392156862745,0.529411764705882);
#4053=MANIFOLD_SOLID_BREP('btrshftr C3 Plate Female',#4044);
#4054=SHAPE_DEFINITION_REPRESENTATION(#6954,#4055);
#4055=SHAPE_REPRESENTATION('btrshftr C3 Plate Female',(#4056),#6949);
#4056=AXIS2_PLACEMENT_3D('',#5751,#4505,#4506);
#4057=AXIS2_PLACEMENT_3D('',#5752,#4507,#4508);
#4058=AXIS2_PLACEMENT_3D('',#5756,#4510,#4511);
#4059=AXIS2_PLACEMENT_3D('',#5760,#4513,#4514);
#4060=AXIS2_PLACEMENT_3D('',#5762,#4515,#4516);
#4061=AXIS2_PLACEMENT_3D('',#5764,#4517,#4518);
#4062=AXIS2_PLACEMENT_3D('',#5766,#4519,#4520);
#4063=AXIS2_PLACEMENT_3D('',#5768,#4521,#4522);
#4064=AXIS2_PLACEMENT_3D('',#5772,#4524,#4525);
#4065=AXIS2_PLACEMENT_3D('',#5774,#4526,#4527);
#4066=AXIS2_PLACEMENT_3D('',#5776,#4528,#4529);
#4067=AXIS2_PLACEMENT_3D('',#5780,#4531,#4532);
#4068=AXIS2_PLACEMENT_3D('',#5782,#4533,#4534);
#4069=AXIS2_PLACEMENT_3D('',#5784,#4535,#4536);
#4070=AXIS2_PLACEMENT_3D('',#5788,#4538,#4539);
#4071=AXIS2_PLACEMENT_3D('',#5790,#4540,#4541);
#4072=AXIS2_PLACEMENT_3D('',#5792,#4542,#4543);
#4073=AXIS2_PLACEMENT_3D('',#5796,#4545,#4546);
#4074=AXIS2_PLACEMENT_3D('',#5797,#4547,#4548);
#4075=AXIS2_PLACEMENT_3D('',#5800,#4549,#4550);
#4076=AXIS2_PLACEMENT_3D('',#5802,#4551,#4552);
#4077=AXIS2_PLACEMENT_3D('',#5804,#4553,#4554);
#4078=AXIS2_PLACEMENT_3D('',#5808,#4556,#4557);
#4079=AXIS2_PLACEMENT_3D('',#5810,#4558,#4559);
#4080=AXIS2_PLACEMENT_3D('',#5812,#4560,#4561);
#4081=AXIS2_PLACEMENT_3D('',#5818,#4564,#4565);
#4082=AXIS2_PLACEMENT_3D('',#5820,#4566,#4567);
#4083=AXIS2_PLACEMENT_3D('',#5822,#4568,#4569);
#4084=AXIS2_PLACEMENT_3D('',#5826,#4571,#4572);
#4085=AXIS2_PLACEMENT_3D('',#5828,#4573,#4574);
#4086=AXIS2_PLACEMENT_3D('',#5830,#4575,#4576);
#4087=AXIS2_PLACEMENT_3D('',#5834,#4578,#4579);
#4088=AXIS2_PLACEMENT_3D('',#5836,#4580,#4581);
#4089=AXIS2_PLACEMENT_3D('',#5838,#4582,#4583);
#4090=AXIS2_PLACEMENT_3D('',#5839,#4584,#4585);
#4091=AXIS2_PLACEMENT_3D('',#5844,#4587,#4588);
#4092=AXIS2_PLACEMENT_3D('',#5848,#4590,#4591);
#4093=AXIS2_PLACEMENT_3D('',#5852,#4593,#4594);
#4094=AXIS2_PLACEMENT_3D('',#5856,#4596,#4597);
#4095=AXIS2_PLACEMENT_3D('',#5860,#4599,#4600);
#4096=AXIS2_PLACEMENT_3D('',#5864,#4602,#4603);
#4097=AXIS2_PLACEMENT_3D('',#5868,#4605,#4606);
#4098=AXIS2_PLACEMENT_3D('',#5872,#4608,#4609);
#4099=AXIS2_PLACEMENT_3D('',#5873,#4610,#4611);
#4100=AXIS2_PLACEMENT_3D('',#5875,#4612,#4613);
#4101=AXIS2_PLACEMENT_3D('',#5877,#4614,#4615);
#4102=AXIS2_PLACEMENT_3D('',#5879,#4616,#4617);
#4103=AXIS2_PLACEMENT_3D('',#5881,#4618,#4619);
#4104=AXIS2_PLACEMENT_3D('',#5886,#4621,#4622);
#4105=AXIS2_PLACEMENT_3D('',#5890,#4624,#4625);
#4106=AXIS2_PLACEMENT_3D('',#5894,#4627,#4628);
#4107=AXIS2_PLACEMENT_3D('',#5898,#4630,#4631);
#4108=AXIS2_PLACEMENT_3D('',#5902,#4633,#4634);
#4109=AXIS2_PLACEMENT_3D('',#5906,#4636,#4637);
#4110=AXIS2_PLACEMENT_3D('',#5910,#4639,#4640);
#4111=AXIS2_PLACEMENT_3D('',#5914,#4642,#4643);
#4112=AXIS2_PLACEMENT_3D('',#5918,#4645,#4646);
#4113=AXIS2_PLACEMENT_3D('',#5922,#4648,#4649);
#4114=AXIS2_PLACEMENT_3D('',#5926,#4651,#4652);
#4115=AXIS2_PLACEMENT_3D('',#5930,#4654,#4655);
#4116=AXIS2_PLACEMENT_3D('',#5934,#4657,#4658);
#4117=AXIS2_PLACEMENT_3D('',#5938,#4660,#4661);
#4118=AXIS2_PLACEMENT_3D('',#5942,#4663,#4664);
#4119=AXIS2_PLACEMENT_3D('',#5946,#4666,#4667);
#4120=AXIS2_PLACEMENT_3D('',#5948,#4668,#4669);
#4121=AXIS2_PLACEMENT_3D('',#5950,#4670,#4671);
#4122=AXIS2_PLACEMENT_3D('',#5954,#4673,#4674);
#4123=AXIS2_PLACEMENT_3D('',#5958,#4676,#4677);
#4124=AXIS2_PLACEMENT_3D('',#5962,#4679,#4680);
#4125=AXIS2_PLACEMENT_3D('',#5966,#4682,#4683);
#4126=AXIS2_PLACEMENT_3D('',#5970,#4685,#4686);
#4127=AXIS2_PLACEMENT_3D('',#5974,#4688,#4689);
#4128=AXIS2_PLACEMENT_3D('',#5978,#4691,#4692);
#4129=AXIS2_PLACEMENT_3D('',#5982,#4694,#4695);
#4130=AXIS2_PLACEMENT_3D('',#5983,#4696,#4697);
#4131=AXIS2_PLACEMENT_3D('',#5986,#4698,#4699);
#4132=AXIS2_PLACEMENT_3D('',#5990,#4701,#4702);
#4133=AXIS2_PLACEMENT_3D('',#5994,#4704,#4705);
#4134=AXIS2_PLACEMENT_3D('',#5998,#4707,#4708);
#4135=AXIS2_PLACEMENT_3D('',#5999,#4709,#4710);
#4136=AXIS2_PLACEMENT_3D('',#6004,#4712,#4713);
#4137=AXIS2_PLACEMENT_3D('',#6008,#4715,#4716);
#4138=AXIS2_PLACEMENT_3D('',#6012,#4718,#4719);
#4139=AXIS2_PLACEMENT_3D('',#6016,#4721,#4722);
#4140=AXIS2_PLACEMENT_3D('',#6020,#4724,#4725);
#4141=AXIS2_PLACEMENT_3D('',#6024,#4727,#4728);
#4142=AXIS2_PLACEMENT_3D('',#6028,#4730,#4731);
#4143=AXIS2_PLACEMENT_3D('',#6032,#4733,#4734);
#4144=AXIS2_PLACEMENT_3D('',#6034,#4735,#4736);
#4145=AXIS2_PLACEMENT_3D('',#6038,#4738,#4739);
#4146=AXIS2_PLACEMENT_3D('',#6042,#4741,#4742);
#4147=AXIS2_PLACEMENT_3D('',#6046,#4744,#4745);
#4148=AXIS2_PLACEMENT_3D('',#6050,#4747,#4748);
#4149=AXIS2_PLACEMENT_3D('',#6054,#4750,#4751);
#4150=AXIS2_PLACEMENT_3D('',#6056,#4752,#4753);
#4151=AXIS2_PLACEMENT_3D('',#6060,#4755,#4756);
#4152=AXIS2_PLACEMENT_3D('',#6064,#4758,#4759);
#4153=AXIS2_PLACEMENT_3D('',#6068,#4761,#4762);
#4154=AXIS2_PLACEMENT_3D('',#6072,#4764,#4765);
#4155=AXIS2_PLACEMENT_3D('',#6078,#4768,#4769);
#4156=AXIS2_PLACEMENT_3D('',#6082,#4771,#4772);
#4157=AXIS2_PLACEMENT_3D('',#6084,#4773,#4774);
#4158=AXIS2_PLACEMENT_3D('',#6089,#4777,#4778);
#4159=AXIS2_PLACEMENT_3D('',#6092,#4779,#4780);
#4160=AXIS2_PLACEMENT_3D('',#6096,#4782,#4783);
#4161=AXIS2_PLACEMENT_3D('',#6098,#4784,#4785);
#4162=AXIS2_PLACEMENT_3D('',#6100,#4786,#4787);
#4163=AXIS2_PLACEMENT_3D('',#6104,#4789,#4790);
#4164=AXIS2_PLACEMENT_3D('',#6108,#4792,#4793);
#4165=AXIS2_PLACEMENT_3D('',#6112,#4795,#4796);
#4166=AXIS2_PLACEMENT_3D('',#6114,#4797,#4798);
#4167=AXIS2_PLACEMENT_3D('',#6116,#4799,#4800);
#4168=AXIS2_PLACEMENT_3D('',#6120,#4802,#4803);
#4169=AXIS2_PLACEMENT_3D('',#6122,#4804,#4805);
#4170=AXIS2_PLACEMENT_3D('',#6124,#4806,#4807);
#4171=AXIS2_PLACEMENT_3D('',#6128,#4809,#4810);
#4172=AXIS2_PLACEMENT_3D('',#6130,#4811,#4812);
#4173=AXIS2_PLACEMENT_3D('',#6132,#4813,#4814);
#4174=AXIS2_PLACEMENT_3D('',#6133,#4815,#4816);
#4175=AXIS2_PLACEMENT_3D('',#6136,#4817,#4818);
#4176=AXIS2_PLACEMENT_3D('',#6140,#4820,#4821);
#4177=AXIS2_PLACEMENT_3D('',#6142,#4822,#4823);
#4178=AXIS2_PLACEMENT_3D('',#6144,#4824,#4825);
#4179=AXIS2_PLACEMENT_3D('',#6148,#4827,#4828);
#4180=AXIS2_PLACEMENT_3D('',#6152,#4830,#4831);
#4181=AXIS2_PLACEMENT_3D('',#6153,#4832,#4833);
#4182=AXIS2_PLACEMENT_3D('',#6157,#4835,#4836);
#4183=AXIS2_PLACEMENT_3D('',#6161,#4838,#4839);
#4184=AXIS2_PLACEMENT_3D('',#6163,#4840,#4841);
#4185=AXIS2_PLACEMENT_3D('',#6165,#4842,#4843);
#4186=AXIS2_PLACEMENT_3D('',#6169,#4845,#4846);
#4187=AXIS2_PLACEMENT_3D('',#6171,#4847,#4848);
#4188=AXIS2_PLACEMENT_3D('',#6173,#4849,#4850);
#4189=AXIS2_PLACEMENT_3D('',#6175,#4851,#4852);
#4190=AXIS2_PLACEMENT_3D('',#6177,#4853,#4854);
#4191=AXIS2_PLACEMENT_3D('',#6178,#4855,#4856);
#4192=AXIS2_PLACEMENT_3D('',#6183,#4858,#4859);
#4193=AXIS2_PLACEMENT_3D('',#6189,#4862,#4863);
#4194=AXIS2_PLACEMENT_3D('',#6191,#4864,#4865);
#4195=AXIS2_PLACEMENT_3D('',#6195,#4867,#4868);
#4196=AXIS2_PLACEMENT_3D('',#6201,#4871,#4872);
#4197=AXIS2_PLACEMENT_3D('',#6205,#4874,#4875);
#4198=AXIS2_PLACEMENT_3D('',#6209,#4877,#4878);
#4199=AXIS2_PLACEMENT_3D('',#6213,#4880,#4881);
#4200=AXIS2_PLACEMENT_3D('',#6217,#4883,#4884);
#4201=AXIS2_PLACEMENT_3D('',#6219,#4885,#4886);
#4202=AXIS2_PLACEMENT_3D('',#6223,#4888,#4889);
#4203=AXIS2_PLACEMENT_3D('',#6227,#4891,#4892);
#4204=AXIS2_PLACEMENT_3D('',#6231,#4894,#4895);
#4205=AXIS2_PLACEMENT_3D('',#6235,#4897,#4898);
#4206=AXIS2_PLACEMENT_3D('',#6239,#4900,#4901);
#4207=AXIS2_PLACEMENT_3D('',#6241,#4902,#4903);
#4208=AXIS2_PLACEMENT_3D('',#6245,#4905,#4906);
#4209=AXIS2_PLACEMENT_3D('',#6249,#4908,#4909);
#4210=AXIS2_PLACEMENT_3D('',#6253,#4911,#4912);
#4211=AXIS2_PLACEMENT_3D('',#6257,#4914,#4915);
#4212=AXIS2_PLACEMENT_3D('',#6261,#4917,#4918);
#4213=AXIS2_PLACEMENT_3D('',#6265,#4920,#4921);
#4214=AXIS2_PLACEMENT_3D('',#6269,#4923,#4924);
#4215=AXIS2_PLACEMENT_3D('',#6273,#4926,#4927);
#4216=AXIS2_PLACEMENT_3D('',#6277,#4929,#4930);
#4217=AXIS2_PLACEMENT_3D('',#6281,#4932,#4933);
#4218=AXIS2_PLACEMENT_3D('',#6285,#4935,#4936);
#4219=AXIS2_PLACEMENT_3D('',#6289,#4938,#4939);
#4220=AXIS2_PLACEMENT_3D('',#6293,#4941,#4942);
#4221=AXIS2_PLACEMENT_3D('',#6297,#4944,#4945);
#4222=AXIS2_PLACEMENT_3D('',#6301,#4947,#4948);
#4223=AXIS2_PLACEMENT_3D('',#6305,#4950,#4951);
#4224=AXIS2_PLACEMENT_3D('',#6309,#4953,#4954);
#4225=AXIS2_PLACEMENT_3D('',#6313,#4956,#4957);
#4226=AXIS2_PLACEMENT_3D('',#6315,#4958,#4959);
#4227=AXIS2_PLACEMENT_3D('',#6317,#4960,#4961);
#4228=AXIS2_PLACEMENT_3D('',#6321,#4963,#4964);
#4229=AXIS2_PLACEMENT_3D('',#6323,#4965,#4966);
#4230=AXIS2_PLACEMENT_3D('',#6325,#4967,#4968);
#4231=AXIS2_PLACEMENT_3D('',#6329,#4970,#4971);
#4232=AXIS2_PLACEMENT_3D('',#6333,#4973,#4974);
#4233=AXIS2_PLACEMENT_3D('',#6337,#4976,#4977);
#4234=AXIS2_PLACEMENT_3D('',#6341,#4979,#4980);
#4235=AXIS2_PLACEMENT_3D('',#6345,#4982,#4983);
#4236=AXIS2_PLACEMENT_3D('',#6349,#4985,#4986);
#4237=AXIS2_PLACEMENT_3D('',#6353,#4988,#4989);
#4238=AXIS2_PLACEMENT_3D('',#6357,#4991,#4992);
#4239=AXIS2_PLACEMENT_3D('',#6361,#4994,#4995);
#4240=AXIS2_PLACEMENT_3D('',#6365,#4997,#4998);
#4241=AXIS2_PLACEMENT_3D('',#6369,#5000,#5001);
#4242=AXIS2_PLACEMENT_3D('',#6373,#5003,#5004);
#4243=AXIS2_PLACEMENT_3D('',#6377,#5006,#5007);
#4244=AXIS2_PLACEMENT_3D('',#6381,#5009,#5010);
#4245=AXIS2_PLACEMENT_3D('',#6385,#5012,#5013);
#4246=AXIS2_PLACEMENT_3D('',#6386,#5014,#5015);
#4247=AXIS2_PLACEMENT_3D('',#6388,#5016,#5017);
#4248=AXIS2_PLACEMENT_3D('',#6390,#5018,#5019);
#4249=AXIS2_PLACEMENT_3D('',#6392,#5020,#5021);
#4250=AXIS2_PLACEMENT_3D('',#6394,#5022,#5023);
#4251=AXIS2_PLACEMENT_3D('',#6399,#5025,#5026);
#4252=AXIS2_PLACEMENT_3D('',#6403,#5028,#5029);
#4253=AXIS2_PLACEMENT_3D('',#6407,#5031,#5032);
#4254=AXIS2_PLACEMENT_3D('',#6411,#5034,#5035);
#4255=AXIS2_PLACEMENT_3D('',#6415,#5037,#5038);
#4256=AXIS2_PLACEMENT_3D('',#6419,#5040,#5041);
#4257=AXIS2_PLACEMENT_3D('',#6423,#5043,#5044);
#4258=AXIS2_PLACEMENT_3D('',#6427,#5046,#5047);
#4259=AXIS2_PLACEMENT_3D('',#6431,#5049,#5050);
#4260=AXIS2_PLACEMENT_3D('',#6433,#5051,#5052);
#4261=AXIS2_PLACEMENT_3D('',#6435,#5053,#5054);
#4262=AXIS2_PLACEMENT_3D('',#6439,#5056,#5057);
#4263=AXIS2_PLACEMENT_3D('',#6441,#5058,#5059);
#4264=AXIS2_PLACEMENT_3D('',#6443,#5060,#5061);
#4265=AXIS2_PLACEMENT_3D('',#6447,#5063,#5064);
#4266=AXIS2_PLACEMENT_3D('',#6449,#5065,#5066);
#4267=AXIS2_PLACEMENT_3D('',#6451,#5067,#5068);
#4268=AXIS2_PLACEMENT_3D('',#6455,#5070,#5071);
#4269=AXIS2_PLACEMENT_3D('',#6457,#5072,#5073);
#4270=AXIS2_PLACEMENT_3D('',#6459,#5074,#5075);
#4271=AXIS2_PLACEMENT_3D('',#6463,#5077,#5078);
#4272=AXIS2_PLACEMENT_3D('',#6465,#5079,#5080);
#4273=AXIS2_PLACEMENT_3D('',#6467,#5081,#5082);
#4274=AXIS2_PLACEMENT_3D('',#6471,#5084,#5085);
#4275=AXIS2_PLACEMENT_3D('',#6475,#5087,#5088);
#4276=AXIS2_PLACEMENT_3D('',#6477,#5089,#5090);
#4277=AXIS2_PLACEMENT_3D('',#6479,#5091,#5092);
#4278=AXIS2_PLACEMENT_3D('',#6481,#5093,#5094);
#4279=AXIS2_PLACEMENT_3D('',#6485,#5096,#5097);
#4280=AXIS2_PLACEMENT_3D('',#6487,#5098,#5099);
#4281=AXIS2_PLACEMENT_3D('',#6489,#5100,#5101);
#4282=AXIS2_PLACEMENT_3D('',#6493,#5103,#5104);
#4283=AXIS2_PLACEMENT_3D('',#6495,#5105,#5106);
#4284=AXIS2_PLACEMENT_3D('',#6497,#5107,#5108);
#4285=AXIS2_PLACEMENT_3D('',#6501,#5110,#5111);
#4286=AXIS2_PLACEMENT_3D('',#6503,#5112,#5113);
#4287=AXIS2_PLACEMENT_3D('',#6505,#5114,#5115);
#4288=AXIS2_PLACEMENT_3D('',#6509,#5117,#5118);
#4289=AXIS2_PLACEMENT_3D('',#6511,#5119,#5120);
#4290=AXIS2_PLACEMENT_3D('',#6513,#5121,#5122);
#4291=AXIS2_PLACEMENT_3D('',#6514,#5123,#5124);
#4292=AXIS2_PLACEMENT_3D('',#6517,#5125,#5126);
#4293=AXIS2_PLACEMENT_3D('',#6521,#5128,#5129);
#4294=AXIS2_PLACEMENT_3D('',#6523,#5130,#5131);
#4295=AXIS2_PLACEMENT_3D('',#6525,#5132,#5133);
#4296=AXIS2_PLACEMENT_3D('',#6529,#5135,#5136);
#4297=AXIS2_PLACEMENT_3D('',#6533,#5138,#5139);
#4298=AXIS2_PLACEMENT_3D('',#6537,#5141,#5142);
#4299=AXIS2_PLACEMENT_3D('',#6539,#5143,#5144);
#4300=AXIS2_PLACEMENT_3D('',#6541,#5145,#5146);
#4301=AXIS2_PLACEMENT_3D('',#6545,#5148,#5149);
#4302=AXIS2_PLACEMENT_3D('',#6547,#5150,#5151);
#4303=AXIS2_PLACEMENT_3D('',#6549,#5152,#5153);
#4304=AXIS2_PLACEMENT_3D('',#6553,#5155,#5156);
#4305=AXIS2_PLACEMENT_3D('',#6554,#5157,#5158);
#4306=AXIS2_PLACEMENT_3D('',#6557,#5161,#5162);
#4307=AXIS2_PLACEMENT_3D('',#6560,#5165,#5166);
#4308=AXIS2_PLACEMENT_3D('',#6563,#5169,#5170);
#4309=AXIS2_PLACEMENT_3D('',#6566,#5173,#5174);
#4310=AXIS2_PLACEMENT_3D('',#6569,#5177,#5178);
#4311=AXIS2_PLACEMENT_3D('',#6572,#5181,#5182);
#4312=AXIS2_PLACEMENT_3D('',#6575,#5185,#5186);
#4313=AXIS2_PLACEMENT_3D('',#6578,#5189,#5190);
#4314=AXIS2_PLACEMENT_3D('',#6581,#5193,#5194);
#4315=AXIS2_PLACEMENT_3D('',#6584,#5197,#5198);
#4316=AXIS2_PLACEMENT_3D('',#6587,#5201,#5202);
#4317=AXIS2_PLACEMENT_3D('',#6590,#5205,#5206);
#4318=AXIS2_PLACEMENT_3D('',#6593,#5209,#5210);
#4319=AXIS2_PLACEMENT_3D('',#6596,#5213,#5214);
#4320=AXIS2_PLACEMENT_3D('',#6598,#5216,#5217);
#4321=AXIS2_PLACEMENT_3D('',#6600,#5219,#5220);
#4322=AXIS2_PLACEMENT_3D('',#6602,#5222,#5223);
#4323=AXIS2_PLACEMENT_3D('',#6603,#5224,#5225);
#4324=AXIS2_PLACEMENT_3D('',#6605,#5227,#5228);
#4325=AXIS2_PLACEMENT_3D('',#6608,#5231,#5232);
#4326=AXIS2_PLACEMENT_3D('',#6610,#5234,#5235);
#4327=AXIS2_PLACEMENT_3D('',#6612,#5237,#5238);
#4328=AXIS2_PLACEMENT_3D('',#6614,#5240,#5241);
#4329=AXIS2_PLACEMENT_3D('',#6616,#5243,#5244);
#4330=AXIS2_PLACEMENT_3D('',#6618,#5246,#5247);
#4331=AXIS2_PLACEMENT_3D('',#6621,#5250,#5251);
#4332=AXIS2_PLACEMENT_3D('',#6623,#5253,#5254);
#4333=AXIS2_PLACEMENT_3D('',#6625,#5256,#5257);
#4334=AXIS2_PLACEMENT_3D('',#6626,#5258,#5259);
#4335=AXIS2_PLACEMENT_3D('',#6627,#5260,#5261);
#4336=AXIS2_PLACEMENT_3D('',#6630,#5264,#5265);
#4337=AXIS2_PLACEMENT_3D('',#6633,#5268,#5269);
#4338=AXIS2_PLACEMENT_3D('',#6636,#5272,#5273);
#4339=AXIS2_PLACEMENT_3D('',#6639,#5276,#5277);
#4340=AXIS2_PLACEMENT_3D('',#6642,#5280,#5281);
#4341=AXIS2_PLACEMENT_3D('',#6645,#5284,#5285);
#4342=AXIS2_PLACEMENT_3D('',#6646,#5286,#5287);
#4343=AXIS2_PLACEMENT_3D('',#6647,#5288,#5289);
#4344=AXIS2_PLACEMENT_3D('',#6648,#5290,#5291);
#4345=AXIS2_PLACEMENT_3D('',#6649,#5292,#5293);
#4346=AXIS2_PLACEMENT_3D('',#6650,#5294,#5295);
#4347=AXIS2_PLACEMENT_3D('',#6652,#5297,#5298);
#4348=AXIS2_PLACEMENT_3D('',#6654,#5300,#5301);
#4349=AXIS2_PLACEMENT_3D('',#6656,#5303,#5304);
#4350=AXIS2_PLACEMENT_3D('',#6657,#5305,#5306);
#4351=AXIS2_PLACEMENT_3D('',#6658,#5307,#5308);
#4352=AXIS2_PLACEMENT_3D('',#6659,#5309,#5310);
#4353=AXIS2_PLACEMENT_3D('',#6660,#5311,#5312);
#4354=AXIS2_PLACEMENT_3D('',#6662,#5314,#5315);
#4355=AXIS2_PLACEMENT_3D('',#6665,#5318,#5319);
#4356=AXIS2_PLACEMENT_3D('',#6667,#5321,#5322);
#4357=AXIS2_PLACEMENT_3D('',#6669,#5324,#5325);
#4358=AXIS2_PLACEMENT_3D('',#6670,#5326,#5327);
#4359=AXIS2_PLACEMENT_3D('',#6673,#5330,#5331);
#4360=AXIS2_PLACEMENT_3D('',#6675,#5333,#5334);
#4361=AXIS2_PLACEMENT_3D('',#6677,#5336,#5337);
#4362=AXIS2_PLACEMENT_3D('',#6678,#5338,#5339);
#4363=AXIS2_PLACEMENT_3D('',#6679,#5340,#5341);
#4364=AXIS2_PLACEMENT_3D('',#6680,#5342,#5343);
#4365=AXIS2_PLACEMENT_3D('',#6681,#5344,#5345);
#4366=AXIS2_PLACEMENT_3D('',#6682,#5346,#5347);
#4367=AXIS2_PLACEMENT_3D('',#6685,#5350,#5351);
#4368=AXIS2_PLACEMENT_3D('',#6688,#5354,#5355);
#4369=AXIS2_PLACEMENT_3D('',#6691,#5358,#5359);
#4370=AXIS2_PLACEMENT_3D('',#6694,#5362,#5363);
#4371=AXIS2_PLACEMENT_3D('',#6697,#5366,#5367);
#4372=AXIS2_PLACEMENT_3D('',#6700,#5370,#5371);
#4373=AXIS2_PLACEMENT_3D('',#6703,#5374,#5375);
#4374=AXIS2_PLACEMENT_3D('',#6706,#5378,#5379);
#4375=AXIS2_PLACEMENT_3D('',#6709,#5382,#5383);
#4376=AXIS2_PLACEMENT_3D('',#6712,#5386,#5387);
#4377=AXIS2_PLACEMENT_3D('',#6715,#5390,#5391);
#4378=AXIS2_PLACEMENT_3D('',#6718,#5394,#5395);
#4379=AXIS2_PLACEMENT_3D('',#6721,#5398,#5399);
#4380=AXIS2_PLACEMENT_3D('',#6724,#5402,#5403);
#4381=AXIS2_PLACEMENT_3D('',#6727,#5406,#5407);
#4382=AXIS2_PLACEMENT_3D('',#6730,#5410,#5411);
#4383=AXIS2_PLACEMENT_3D('',#6733,#5414,#5415);
#4384=AXIS2_PLACEMENT_3D('',#6736,#5418,#5419);
#4385=AXIS2_PLACEMENT_3D('',#6739,#5422,#5423);
#4386=AXIS2_PLACEMENT_3D('',#6742,#5426,#5427);
#4387=AXIS2_PLACEMENT_3D('',#6745,#5430,#5431);
#4388=AXIS2_PLACEMENT_3D('',#6748,#5434,#5435);
#4389=AXIS2_PLACEMENT_3D('',#6751,#5438,#5439);
#4390=AXIS2_PLACEMENT_3D('',#6754,#5442,#5443);
#4391=AXIS2_PLACEMENT_3D('',#6757,#5446,#5447);
#4392=AXIS2_PLACEMENT_3D('',#6760,#5450,#5451);
#4393=AXIS2_PLACEMENT_3D('',#6761,#5452,#5453);
#4394=AXIS2_PLACEMENT_3D('',#6762,#5454,#5455);
#4395=AXIS2_PLACEMENT_3D('',#6763,#5456,#5457);
#4396=AXIS2_PLACEMENT_3D('',#6764,#5458,#5459);
#4397=AXIS2_PLACEMENT_3D('',#6765,#5460,#5461);
#4398=AXIS2_PLACEMENT_3D('',#6766,#5462,#5463);
#4399=AXIS2_PLACEMENT_3D('',#6767,#5464,#5465);
#4400=AXIS2_PLACEMENT_3D('',#6768,#5466,#5467);
#4401=AXIS2_PLACEMENT_3D('',#6769,#5468,#5469);
#4402=AXIS2_PLACEMENT_3D('',#6770,#5470,#5471);
#4403=AXIS2_PLACEMENT_3D('',#6771,#5472,#5473);
#4404=AXIS2_PLACEMENT_3D('',#6772,#5474,#5475);
#4405=AXIS2_PLACEMENT_3D('',#6773,#5476,#5477);
#4406=AXIS2_PLACEMENT_3D('',#6774,#5478,#5479);
#4407=AXIS2_PLACEMENT_3D('',#6775,#5480,#5481);
#4408=AXIS2_PLACEMENT_3D('',#6776,#5482,#5483);
#4409=AXIS2_PLACEMENT_3D('',#6777,#5484,#5485);
#4410=AXIS2_PLACEMENT_3D('',#6778,#5486,#5487);
#4411=AXIS2_PLACEMENT_3D('',#6779,#5488,#5489);
#4412=AXIS2_PLACEMENT_3D('',#6780,#5490,#5491);
#4413=AXIS2_PLACEMENT_3D('',#6781,#5492,#5493);
#4414=AXIS2_PLACEMENT_3D('',#6782,#5494,#5495);
#4415=AXIS2_PLACEMENT_3D('',#6783,#5496,#5497);
#4416=AXIS2_PLACEMENT_3D('',#6784,#5498,#5499);
#4417=AXIS2_PLACEMENT_3D('',#6785,#5500,#5501);
#4418=AXIS2_PLACEMENT_3D('',#6786,#5502,#5503);
#4419=AXIS2_PLACEMENT_3D('',#6787,#5504,#5505);
#4420=AXIS2_PLACEMENT_3D('',#6788,#5506,#5507);
#4421=AXIS2_PLACEMENT_3D('',#6789,#5508,#5509);
#4422=AXIS2_PLACEMENT_3D('',#6790,#5510,#5511);
#4423=AXIS2_PLACEMENT_3D('',#6791,#5512,#5513);
#4424=AXIS2_PLACEMENT_3D('',#6792,#5514,#5515);
#4425=AXIS2_PLACEMENT_3D('',#6793,#5516,#5517);
#4426=AXIS2_PLACEMENT_3D('',#6794,#5518,#5519);
#4427=AXIS2_PLACEMENT_3D('',#6795,#5520,#5521);
#4428=AXIS2_PLACEMENT_3D('',#6796,#5522,#5523);
#4429=AXIS2_PLACEMENT_3D('',#6797,#5524,#5525);
#4430=AXIS2_PLACEMENT_3D('',#6798,#5526,#5527);
#4431=AXIS2_PLACEMENT_3D('',#6801,#5530,#5531);
#4432=AXIS2_PLACEMENT_3D('',#6804,#5534,#5535);
#4433=AXIS2_PLACEMENT_3D('',#6807,#5538,#5539);
#4434=AXIS2_PLACEMENT_3D('',#6810,#5542,#5543);
#4435=AXIS2_PLACEMENT_3D('',#6813,#5546,#5547);
#4436=AXIS2_PLACEMENT_3D('',#6816,#5550,#5551);
#4437=AXIS2_PLACEMENT_3D('',#6819,#5554,#5555);
#4438=AXIS2_PLACEMENT_3D('',#6822,#5558,#5559);
#4439=AXIS2_PLACEMENT_3D('',#6825,#5562,#5563);
#4440=AXIS2_PLACEMENT_3D('',#6828,#5566,#5567);
#4441=AXIS2_PLACEMENT_3D('',#6831,#5570,#5571);
#4442=AXIS2_PLACEMENT_3D('',#6834,#5574,#5575);
#4443=AXIS2_PLACEMENT_3D('',#6836,#5577,#5578);
#4444=AXIS2_PLACEMENT_3D('',#6839,#5581,#5582);
#4445=AXIS2_PLACEMENT_3D('',#6842,#5585,#5586);
#4446=AXIS2_PLACEMENT_3D('',#6845,#5589,#5590);
#4447=AXIS2_PLACEMENT_3D('',#6848,#5593,#5594);
#4448=AXIS2_PLACEMENT_3D('',#6851,#5597,#5598);
#4449=AXIS2_PLACEMENT_3D('',#6854,#5601,#5602);
#4450=AXIS2_PLACEMENT_3D('',#6857,#5605,#5606);
#4451=AXIS2_PLACEMENT_3D('',#6860,#5609,#5610);
#4452=AXIS2_PLACEMENT_3D('',#6863,#5613,#5614);
#4453=AXIS2_PLACEMENT_3D('',#6866,#5617,#5618);
#4454=AXIS2_PLACEMENT_3D('',#6869,#5621,#5622);
#4455=AXIS2_PLACEMENT_3D('',#6872,#5625,#5626);
#4456=AXIS2_PLACEMENT_3D('',#6875,#5629,#5630);
#4457=AXIS2_PLACEMENT_3D('',#6878,#5633,#5634);
#4458=AXIS2_PLACEMENT_3D('',#6881,#5637,#5638);
#4459=AXIS2_PLACEMENT_3D('',#6884,#5641,#5642);
#4460=AXIS2_PLACEMENT_3D('',#6887,#5645,#5646);
#4461=AXIS2_PLACEMENT_3D('',#6890,#5649,#5650);
#4462=AXIS2_PLACEMENT_3D('',#6893,#5653,#5654);
#4463=AXIS2_PLACEMENT_3D('',#6896,#5657,#5658);
#4464=AXIS2_PLACEMENT_3D('',#6899,#5661,#5662);
#4465=AXIS2_PLACEMENT_3D('',#6902,#5665,#5666);
#4466=AXIS2_PLACEMENT_3D('',#6905,#5669,#5670);
#4467=AXIS2_PLACEMENT_3D('',#6908,#5673,#5674);
#4468=AXIS2_PLACEMENT_3D('',#6911,#5677,#5678);
#4469=AXIS2_PLACEMENT_3D('',#6912,#5679,#5680);
#4470=AXIS2_PLACEMENT_3D('',#6913,#5681,#5682);
#4471=AXIS2_PLACEMENT_3D('',#6914,#5683,#5684);
#4472=AXIS2_PLACEMENT_3D('',#6915,#5685,#5686);
#4473=AXIS2_PLACEMENT_3D('',#6916,#5687,#5688);
#4474=AXIS2_PLACEMENT_3D('',#6917,#5689,#5690);
#4475=AXIS2_PLACEMENT_3D('',#6918,#5691,#5692);
#4476=AXIS2_PLACEMENT_3D('',#6919,#5693,#5694);
#4477=AXIS2_PLACEMENT_3D('',#6920,#5695,#5696);
#4478=AXIS2_PLACEMENT_3D('',#6921,#5697,#5698);
#4479=AXIS2_PLACEMENT_3D('',#6922,#5699,#5700);
#4480=AXIS2_PLACEMENT_3D('',#6923,#5701,#5702);
#4481=AXIS2_PLACEMENT_3D('',#6924,#5703,#5704);
#4482=AXIS2_PLACEMENT_3D('',#6925,#5705,#5706);
#4483=AXIS2_PLACEMENT_3D('',#6926,#5707,#5708);
#4484=AXIS2_PLACEMENT_3D('',#6927,#5709,#5710);
#4485=AXIS2_PLACEMENT_3D('',#6928,#5711,#5712);
#4486=AXIS2_PLACEMENT_3D('',#6929,#5713,#5714);
#4487=AXIS2_PLACEMENT_3D('',#6930,#5715,#5716);
#4488=AXIS2_PLACEMENT_3D('',#6931,#5717,#5718);
#4489=AXIS2_PLACEMENT_3D('',#6932,#5719,#5720);
#4490=AXIS2_PLACEMENT_3D('',#6933,#5721,#5722);
#4491=AXIS2_PLACEMENT_3D('',#6934,#5723,#5724);
#4492=AXIS2_PLACEMENT_3D('',#6935,#5725,#5726);
#4493=AXIS2_PLACEMENT_3D('',#6936,#5727,#5728);
#4494=AXIS2_PLACEMENT_3D('',#6937,#5729,#5730);
#4495=AXIS2_PLACEMENT_3D('',#6938,#5731,#5732);
#4496=AXIS2_PLACEMENT_3D('',#6939,#5733,#5734);
#4497=AXIS2_PLACEMENT_3D('',#6940,#5735,#5736);
#4498=AXIS2_PLACEMENT_3D('',#6941,#5737,#5738);
#4499=AXIS2_PLACEMENT_3D('',#6942,#5739,#5740);
#4500=AXIS2_PLACEMENT_3D('',#6943,#5741,#5742);
#4501=AXIS2_PLACEMENT_3D('',#6944,#5743,#5744);
#4502=AXIS2_PLACEMENT_3D('',#6945,#5745,#5746);
#4503=AXIS2_PLACEMENT_3D('',#6946,#5747,#5748);
#4504=AXIS2_PLACEMENT_3D('',#6947,#5749,#5750);
#4505=DIRECTION('',(0.,0.,1.));
#4506=DIRECTION('',(1.,0.,0.));
#4507=DIRECTION('',(0.,-1.,0.));
#4508=DIRECTION('',(1.,0.,0.));
#4509=DIRECTION('',(-0.946262977296756,0.,-0.323398172223468));
#4510=DIRECTION('',(0.,-1.,0.));
#4511=DIRECTION('',(0.,0.,-1.));
#4512=DIRECTION('',(0.,0.,-1.));
#4513=DIRECTION('',(0.,-1.,0.));
#4514=DIRECTION('',(0.,0.,-1.));
#4515=DIRECTION('',(0.,1.,0.));
#4516=DIRECTION('',(0.,0.,1.));
#4517=DIRECTION('',(0.,-1.,0.));
#4518=DIRECTION('',(0.,0.,-1.));
#4519=DIRECTION('',(0.,-1.,0.));
#4520=DIRECTION('',(0.,0.,1.));
#4521=DIRECTION('',(0.,-1.,0.));
#4522=DIRECTION('',(0.,0.,-1.));
#4523=DIRECTION('',(0.108863348489014,0.,0.994056724415543));
#4524=DIRECTION('',(0.,-1.,0.));
#4525=DIRECTION('',(0.,0.,-1.));
#4526=DIRECTION('',(0.,1.,0.));
#4527=DIRECTION('',(0.,0.,1.));
#4528=DIRECTION('',(0.,-1.,0.));
#4529=DIRECTION('',(0.,0.,-1.));
#4530=DIRECTION('',(-0.946262977296755,0.,-0.323398172223469));
#4531=DIRECTION('',(0.,-1.,0.));
#4532=DIRECTION('',(0.,0.,-1.));
#4533=DIRECTION('',(0.,1.,0.));
#4534=DIRECTION('',(0.,0.,1.));
#4535=DIRECTION('',(0.,-1.,0.));
#4536=DIRECTION('',(0.,0.,-1.));
#4537=DIRECTION('',(-1.,0.,0.));
#4538=DIRECTION('',(0.,-1.,0.));
#4539=DIRECTION('',(0.,0.,-1.));
#4540=DIRECTION('',(0.,1.,0.));
#4541=DIRECTION('',(0.,0.,1.));
#4542=DIRECTION('',(0.,-1.,0.));
#4543=DIRECTION('',(0.,0.,-1.));
#4544=DIRECTION('',(0.52716128773379,0.,-0.849765248003737));
#4545=DIRECTION('',(0.,-1.,0.));
#4546=DIRECTION('',(0.,0.,-1.));
#4547=DIRECTION('',(0.,-1.,0.));
#4548=DIRECTION('',(0.,0.,1.));
#4549=DIRECTION('',(0.,-1.,0.));
#4550=DIRECTION('',(0.,0.,-1.));
#4551=DIRECTION('',(0.,1.,0.));
#4552=DIRECTION('',(0.,0.,1.));
#4553=DIRECTION('',(0.,-1.,0.));
#4554=DIRECTION('',(0.,0.,-1.));
#4555=DIRECTION('',(-1.,0.,0.));
#4556=DIRECTION('',(0.,-1.,0.));
#4557=DIRECTION('',(0.,0.,-1.));
#4558=DIRECTION('',(0.,1.,0.));
#4559=DIRECTION('',(0.,0.,1.));
#4560=DIRECTION('',(0.,-1.,0.));
#4561=DIRECTION('',(0.,0.,-1.));
#4562=DIRECTION('',(0.947647526011231,0.,0.319318283918714));
#4563=DIRECTION('',(-0.675254067189288,0.,0.737585211853061));
#4564=DIRECTION('',(0.,-1.,0.));
#4565=DIRECTION('',(0.,0.,-1.));
#4566=DIRECTION('',(0.,1.,0.));
#4567=DIRECTION('',(0.,0.,1.));
#4568=DIRECTION('',(0.,-1.,0.));
#4569=DIRECTION('',(0.,0.,-1.));
#4570=DIRECTION('',(-0.575778619290962,0.,-0.817605639393096));
#4571=DIRECTION('',(0.,-1.,0.));
#4572=DIRECTION('',(0.,0.,-1.));
#4573=DIRECTION('',(0.,1.,0.));
#4574=DIRECTION('',(0.,0.,1.));
#4575=DIRECTION('',(0.,-1.,0.));
#4576=DIRECTION('',(0.,0.,-1.));
#4577=DIRECTION('',(-1.,0.,0.));
#4578=DIRECTION('',(0.,-1.,0.));
#4579=DIRECTION('',(0.,0.,-1.));
#4580=DIRECTION('',(0.,1.,0.));
#4581=DIRECTION('',(0.,0.,1.));
#4582=DIRECTION('',(0.,-1.,0.));
#4583=DIRECTION('',(0.,0.,-1.));
#4584=DIRECTION('',(0.,-1.,0.));
#4585=DIRECTION('',(0.,0.,-1.));
#4586=DIRECTION('',(0.292525264734264,0.,-0.956257794473932));
#4587=DIRECTION('',(0.,-1.,0.));
#4588=DIRECTION('',(0.,0.,-1.));
#4589=DIRECTION('',(0.765218511985282,0.,0.64377063377808));
#4590=DIRECTION('',(0.,-1.,0.));
#4591=DIRECTION('',(0.,0.,-1.));
#4592=DIRECTION('',(-0.585720271372545,0.,0.810513271762575));
#4593=DIRECTION('',(0.,-1.,0.));
#4594=DIRECTION('',(0.,0.,-1.));
#4595=DIRECTION('',(-0.526727777335066,0.,-0.850034027897508));
#4596=DIRECTION('',(0.,-1.,0.));
#4597=DIRECTION('',(0.,0.,-1.));
#4598=DIRECTION('',(0.668142490190971,0.,0.744033341189364));
#4599=DIRECTION('',(0.,-1.,0.));
#4600=DIRECTION('',(0.,0.,-1.));
#4601=DIRECTION('',(-0.740450329879637,0.,0.672111083810658));
#4602=DIRECTION('',(0.,-1.,0.));
#4603=DIRECTION('',(0.,0.,-1.));
#4604=DIRECTION('',(-0.278567455822143,0.,-0.960416666117773));
#4605=DIRECTION('',(0.,-1.,0.));
#4606=DIRECTION('',(0.,0.,-1.));
#4607=DIRECTION('',(0.46776005092859,0.,-0.883855494272272));
#4608=DIRECTION('',(0.,-1.,0.));
#4609=DIRECTION('',(0.,0.,-1.));
#4610=DIRECTION('',(0.,-1.,0.));
#4611=DIRECTION('',(0.,0.,-1.));
#4612=DIRECTION('',(0.,1.,0.));
#4613=DIRECTION('',(0.,0.,-1.));
#4614=DIRECTION('',(0.,-1.,0.));
#4615=DIRECTION('',(0.,0.,-1.));
#4616=DIRECTION('',(0.,-1.,0.));
#4617=DIRECTION('',(0.,0.,-1.));
#4618=DIRECTION('',(0.,-1.,0.));
#4619=DIRECTION('',(0.,0.,-1.));
#4620=DIRECTION('',(0.445445452232931,0.,0.895309080198006));
#4621=DIRECTION('',(0.,-1.,0.));
#4622=DIRECTION('',(0.,0.,-1.));
#4623=DIRECTION('',(0.375789387070695,0.,-0.926705096870105));
#4624=DIRECTION('',(0.,-1.,0.));
#4625=DIRECTION('',(0.,0.,-1.));
#4626=DIRECTION('',(-0.999844863644933,0.,0.0176138764287111));
#4627=DIRECTION('',(0.,-1.,0.));
#4628=DIRECTION('',(0.,0.,-1.));
#4629=DIRECTION('',(0.,0.,-1.));
#4630=DIRECTION('',(0.,-1.,0.));
#4631=DIRECTION('',(0.,0.,-1.));
#4632=DIRECTION('',(-0.99861323460116,0.,0.0526460604357888));
#4633=DIRECTION('',(0.,-1.,0.));
#4634=DIRECTION('',(0.,0.,-1.));
#4635=DIRECTION('',(-0.278567455822141,0.,-0.960416666117774));
#4636=DIRECTION('',(0.,-1.,0.));
#4637=DIRECTION('',(0.,0.,-1.));
#4638=DIRECTION('',(-0.99861323460116,0.,0.0526460604357888));
#4639=DIRECTION('',(0.,-1.,0.));
#4640=DIRECTION('',(0.,0.,-1.));
#4641=DIRECTION('',(-0.585720271372545,0.,0.810513271762574));
#4642=DIRECTION('',(0.,-1.,0.));
#4643=DIRECTION('',(0.,0.,-1.));
#4644=DIRECTION('',(-0.998617793057263,0.,-0.0525595223479207));
#4645=DIRECTION('',(0.,-1.,0.));
#4646=DIRECTION('',(0.,0.,-1.));
#4647=DIRECTION('',(-0.445445452232932,0.,-0.895309080198006));
#4648=DIRECTION('',(0.,-1.,0.));
#4649=DIRECTION('',(0.,0.,-1.));
#4650=DIRECTION('',(-0.99861323460116,0.,0.0526460604357888));
#4651=DIRECTION('',(0.,-1.,0.));
#4652=DIRECTION('',(0.,0.,-1.));
#4653=DIRECTION('',(-0.740450329879637,0.,0.672111083810658));
#4654=DIRECTION('',(0.,-1.,0.));
#4655=DIRECTION('',(0.,0.,-1.));
#4656=DIRECTION('',(0.999865657656681,0.,-0.0163910536199795));
#4657=DIRECTION('',(0.,-1.,0.));
#4658=DIRECTION('',(0.,0.,-1.));
#4659=DIRECTION('',(-0.999844863644933,0.,0.0176138764287111));
#4660=DIRECTION('',(0.,-1.,0.));
#4661=DIRECTION('',(0.,0.,-1.));
#4662=DIRECTION('',(0.292525264734265,0.,-0.956257794473932));
#4663=DIRECTION('',(0.,-1.,0.));
#4664=DIRECTION('',(0.,0.,-1.));
#4665=DIRECTION('',(0.999664745550958,0.,0.0258920161929918));
#4666=DIRECTION('',(0.,-1.,0.));
#4667=DIRECTION('',(0.,0.,-1.));
#4668=DIRECTION('',(0.,-1.,0.));
#4669=DIRECTION('',(0.,0.,-1.));
#4670=DIRECTION('',(0.,-1.,0.));
#4671=DIRECTION('',(0.,0.,-1.));
#4672=DIRECTION('',(-0.999844863644933,0.,0.0176138764287111));
#4673=DIRECTION('',(0.,-1.,0.));
#4674=DIRECTION('',(0.,0.,-1.));
#4675=DIRECTION('',(0.467760050928589,0.,-0.883855494272273));
#4676=DIRECTION('',(0.,-1.,0.));
#4677=DIRECTION('',(0.,0.,-1.));
#4678=DIRECTION('',(-0.998617793057263,0.,-0.0525595223479205));
#4679=DIRECTION('',(0.,-1.,0.));
#4680=DIRECTION('',(0.,0.,-1.));
#4681=DIRECTION('',(0.765218511985282,0.,0.643770633778081));
#4682=DIRECTION('',(0.,-1.,0.));
#4683=DIRECTION('',(0.,0.,-1.));
#4684=DIRECTION('',(-0.999844863644933,0.,0.0176138764287111));
#4685=DIRECTION('',(0.,-1.,0.));
#4686=DIRECTION('',(0.,0.,-1.));
#4687=DIRECTION('',(0.375789387070696,0.,-0.926705096870105));
#4688=DIRECTION('',(0.,-1.,0.));
#4689=DIRECTION('',(0.,0.,-1.));
#4690=DIRECTION('',(0.999865657656681,0.,-0.0163910536199793));
#4691=DIRECTION('',(0.,-1.,0.));
#4692=DIRECTION('',(0.,0.,-1.));
#4693=DIRECTION('',(0.668142490190971,0.,0.744033341189364));
#4694=DIRECTION('',(0.,-1.,0.));
#4695=DIRECTION('',(0.,0.,-1.));
#4696=DIRECTION('',(0.,-1.,0.));
#4697=DIRECTION('',(0.,0.,-1.));
#4698=DIRECTION('',(0.,-1.,0.));
#4699=DIRECTION('',(0.,0.,-1.));
#4700=DIRECTION('',(0.999664745550958,0.,0.0258920161930053));
#4701=DIRECTION('',(0.,-1.,0.));
#4702=DIRECTION('',(0.,0.,-1.));
#4703=DIRECTION('',(-0.526727777335067,0.,-0.850034027897508));
#4704=DIRECTION('',(0.,-1.,0.));
#4705=DIRECTION('',(0.,0.,-1.));
#4706=DIRECTION('',(-0.99861323460116,0.,0.0526460604357888));
#4707=DIRECTION('',(0.,-1.,0.));
#4708=DIRECTION('',(0.,0.,-1.));
#4709=DIRECTION('',(0.,-1.,0.));
#4710=DIRECTION('',(0.,0.,-1.));
#4711=DIRECTION('',(-0.946262977296756,0.,-0.323398172223468));
#4712=DIRECTION('',(0.,-1.,0.));
#4713=DIRECTION('',(0.,0.,-1.));
#4714=DIRECTION('',(0.,0.,1.));
#4715=DIRECTION('',(0.,-1.,0.));
#4716=DIRECTION('',(0.,0.,-1.));
#4717=DIRECTION('',(0.108863348489014,0.,0.994056724415543));
#4718=DIRECTION('',(0.,-1.,0.));
#4719=DIRECTION('',(0.,0.,-1.));
#4720=DIRECTION('',(-1.,0.,0.));
#4721=DIRECTION('',(0.,-1.,0.));
#4722=DIRECTION('',(0.,0.,-1.));
#4723=DIRECTION('',(-1.,0.,0.));
#4724=DIRECTION('',(0.,-1.,0.));
#4725=DIRECTION('',(0.,0.,-1.));
#4726=DIRECTION('',(0.,0.,-1.));
#4727=DIRECTION('',(0.,-1.,0.));
#4728=DIRECTION('',(0.,0.,-1.));
#4729=DIRECTION('',(-1.,0.,0.));
#4730=DIRECTION('',(0.,-1.,0.));
#4731=DIRECTION('',(0.,0.,-1.));
#4732=DIRECTION('',(-1.,0.,0.));
#4733=DIRECTION('',(0.,-1.,0.));
#4734=DIRECTION('',(0.,0.,-1.));
#4735=DIRECTION('',(0.,1.,0.));
#4736=DIRECTION('',(0.,0.,-1.));
#4737=DIRECTION('',(-0.95719593637445,0.,-0.289440735537071));
#4738=DIRECTION('',(0.,-1.,0.));
#4739=DIRECTION('',(0.,0.,-1.));
#4740=DIRECTION('',(-1.,0.,0.));
#4741=DIRECTION('',(0.,-1.,0.));
#4742=DIRECTION('',(0.,0.,-1.));
#4743=DIRECTION('',(0.947647526011232,0.,0.319318283918714));
#4744=DIRECTION('',(0.,1.,0.));
#4745=DIRECTION('',(0.,0.,-1.));
#4746=DIRECTION('',(-0.821521142294101,0.,0.570178053562039));
#4747=DIRECTION('',(0.,-1.,0.));
#4748=DIRECTION('',(0.,0.,-1.));
#4749=DIRECTION('',(0.99861323460116,0.,-0.0526460604357794));
#4750=DIRECTION('',(0.,1.,0.));
#4751=DIRECTION('',(0.,0.,-1.));
#4752=DIRECTION('',(0.,-1.,0.));
#4753=DIRECTION('',(0.,0.,-1.));
#4754=DIRECTION('',(-1.,0.,0.));
#4755=DIRECTION('',(0.,-1.,0.));
#4756=DIRECTION('',(0.,0.,-1.));
#4757=DIRECTION('',(1.,0.,0.));
#4758=DIRECTION('',(0.,-1.,0.));
#4759=DIRECTION('',(0.,0.,-1.));
#4760=DIRECTION('',(2.23835287222813E-15,0.,-1.));
#4761=DIRECTION('',(0.,-1.,0.));
#4762=DIRECTION('',(0.,0.,-1.));
#4763=DIRECTION('',(1.,0.,0.));
#4764=DIRECTION('',(0.,-1.,0.));
#4765=DIRECTION('',(0.,0.,-1.));
#4766=DIRECTION('',(-0.999844863644909,0.,0.0176138764300315));
#4767=DIRECTION('',(0.,0.,-1.));
#4768=DIRECTION('',(0.,-1.,0.));
#4769=DIRECTION('',(0.,0.,-1.));
#4770=DIRECTION('',(1.,0.,0.));
#4771=DIRECTION('',(0.,-1.,0.));
#4772=DIRECTION('',(0.,0.,-1.));
#4773=DIRECTION('',(0.,1.,0.));
#4774=DIRECTION('',(0.,0.,-1.));
#4775=DIRECTION('',(0.999844863644933,0.,-0.0176138764287113));
#4776=DIRECTION('',(-1.,0.,3.6806306794638E-14));
#4777=DIRECTION('',(0.,1.,0.));
#4778=DIRECTION('',(0.,0.,1.));
#4779=DIRECTION('',(0.,-1.,0.));
#4780=DIRECTION('',(0.,0.,-1.));
#4781=DIRECTION('',(-0.675254067189288,0.,0.737585211853061));
#4782=DIRECTION('',(0.,-1.,0.));
#4783=DIRECTION('',(0.,0.,-1.));
#4784=DIRECTION('',(0.,1.,0.));
#4785=DIRECTION('',(0.,0.,1.));
#4786=DIRECTION('',(0.,-1.,0.));
#4787=DIRECTION('',(0.,0.,-1.));
#4788=DIRECTION('',(0.,0.,-1.));
#4789=DIRECTION('',(0.,-1.,0.));
#4790=DIRECTION('',(0.,0.,-1.));
#4791=DIRECTION('',(-0.946262977296755,0.,-0.323398172223469));
#4792=DIRECTION('',(0.,-1.,0.));
#4793=DIRECTION('',(0.,0.,-1.));
#4794=DIRECTION('',(0.947647526011231,0.,0.319318283918714));
#4795=DIRECTION('',(0.,-1.,0.));
#4796=DIRECTION('',(0.,0.,-1.));
#4797=DIRECTION('',(0.,1.,0.));
#4798=DIRECTION('',(0.,0.,1.));
#4799=DIRECTION('',(0.,-1.,0.));
#4800=DIRECTION('',(0.,0.,-1.));
#4801=DIRECTION('',(-1.,0.,0.));
#4802=DIRECTION('',(0.,-1.,0.));
#4803=DIRECTION('',(0.,0.,-1.));
#4804=DIRECTION('',(0.,1.,0.));
#4805=DIRECTION('',(0.,0.,1.));
#4806=DIRECTION('',(0.,-1.,0.));
#4807=DIRECTION('',(0.,0.,-1.));
#4808=DIRECTION('',(-0.821521142294101,0.,0.570178053562039));
#4809=DIRECTION('',(0.,-1.,0.));
#4810=DIRECTION('',(0.,0.,-1.));
#4811=DIRECTION('',(0.,1.,0.));
#4812=DIRECTION('',(0.,0.,1.));
#4813=DIRECTION('',(0.,-1.,0.));
#4814=DIRECTION('',(0.,0.,-1.));
#4815=DIRECTION('',(0.,1.,0.));
#4816=DIRECTION('',(0.,0.,1.));
#4817=DIRECTION('',(0.,-1.,0.));
#4818=DIRECTION('',(0.,0.,-1.));
#4819=DIRECTION('',(-0.575778619290963,0.,-0.817605639393095));
#4820=DIRECTION('',(0.,-1.,0.));
#4821=DIRECTION('',(0.,0.,-1.));
#4822=DIRECTION('',(0.,1.,0.));
#4823=DIRECTION('',(0.,0.,1.));
#4824=DIRECTION('',(0.,-1.,0.));
#4825=DIRECTION('',(0.,0.,-1.));
#4826=DIRECTION('',(-0.946262977296756,0.,-0.323398172223468));
#4827=DIRECTION('',(0.,-1.,0.));
#4828=DIRECTION('',(0.,0.,-1.));
#4829=DIRECTION('',(0.527161287733791,0.,-0.849765248003736));
#4830=DIRECTION('',(0.,-1.,0.));
#4831=DIRECTION('',(0.,0.,-1.));
#4832=DIRECTION('',(0.,-1.,0.));
#4833=DIRECTION('',(1.,0.,0.));
#4834=DIRECTION('',(0.,0.,1.));
#4835=DIRECTION('',(0.,-1.,0.));
#4836=DIRECTION('',(0.,0.,-1.));
#4837=DIRECTION('',(0.946262977296756,0.,0.323398172223468));
#4838=DIRECTION('',(0.,-1.,0.));
#4839=DIRECTION('',(0.,0.,-1.));
#4840=DIRECTION('',(0.,-1.,0.));
#4841=DIRECTION('',(0.,0.,-1.));
#4842=DIRECTION('',(0.,-1.,0.));
#4843=DIRECTION('',(0.,0.,-1.));
#4844=DIRECTION('',(-0.108863348489014,0.,-0.994056724415543));
#4845=DIRECTION('',(0.,-1.,0.));
#4846=DIRECTION('',(0.,0.,-1.));
#4847=DIRECTION('',(0.,-1.,0.));
#4848=DIRECTION('',(0.,0.,-1.));
#4849=DIRECTION('',(0.,-1.,0.));
#4850=DIRECTION('',(0.,0.,-1.));
#4851=DIRECTION('',(0.,-1.,0.));
#4852=DIRECTION('',(0.,0.,-1.));
#4853=DIRECTION('',(0.,-1.,0.));
#4854=DIRECTION('',(0.,0.,-1.));
#4855=DIRECTION('',(0.,-1.,0.));
#4856=DIRECTION('',(0.,0.,-1.));
#4857=DIRECTION('',(-0.946262977296756,0.,-0.323398172223468));
#4858=DIRECTION('',(0.,-1.,0.));
#4859=DIRECTION('',(0.,0.,-1.));
#4860=DIRECTION('',(-1.,0.,3.6806306794638E-14));
#4861=DIRECTION('',(0.999844863644933,0.,-0.0176138764287113));
#4862=DIRECTION('',(0.,1.,0.));
#4863=DIRECTION('',(0.,0.,-1.));
#4864=DIRECTION('',(0.,-1.,0.));
#4865=DIRECTION('',(0.,0.,-1.));
#4866=DIRECTION('',(1.,0.,0.));
#4867=DIRECTION('',(0.,-1.,0.));
#4868=DIRECTION('',(0.,0.,-1.));
#4869=DIRECTION('',(0.,0.,-1.));
#4870=DIRECTION('',(-0.999844863644909,0.,0.0176138764300315));
#4871=DIRECTION('',(0.,-1.,0.));
#4872=DIRECTION('',(0.,0.,-1.));
#4873=DIRECTION('',(1.,0.,0.));
#4874=DIRECTION('',(0.,-1.,0.));
#4875=DIRECTION('',(0.,0.,-1.));
#4876=DIRECTION('',(2.23835287222813E-15,0.,-1.));
#4877=DIRECTION('',(0.,-1.,0.));
#4878=DIRECTION('',(0.,0.,-1.));
#4879=DIRECTION('',(1.,0.,0.));
#4880=DIRECTION('',(0.,-1.,0.));
#4881=DIRECTION('',(0.,0.,-1.));
#4882=DIRECTION('',(-1.,0.,0.));
#4883=DIRECTION('',(0.,-1.,0.));
#4884=DIRECTION('',(0.,0.,-1.));
#4885=DIRECTION('',(0.,1.,0.));
#4886=DIRECTION('',(0.,0.,-1.));
#4887=DIRECTION('',(0.99861323460116,0.,-0.0526460604357794));
#4888=DIRECTION('',(0.,-1.,0.));
#4889=DIRECTION('',(0.,0.,-1.));
#4890=DIRECTION('',(-0.821521142294101,0.,0.570178053562039));
#4891=DIRECTION('',(0.,1.,0.));
#4892=DIRECTION('',(0.,0.,-1.));
#4893=DIRECTION('',(0.947647526011232,0.,0.319318283918714));
#4894=DIRECTION('',(0.,-1.,0.));
#4895=DIRECTION('',(0.,0.,-1.));
#4896=DIRECTION('',(-1.,0.,0.));
#4897=DIRECTION('',(0.,-1.,0.));
#4898=DIRECTION('',(0.,0.,-1.));
#4899=DIRECTION('',(-0.95719593637445,0.,-0.289440735537071));
#4900=DIRECTION('',(0.,1.,0.));
#4901=DIRECTION('',(0.,0.,-1.));
#4902=DIRECTION('',(0.,-1.,0.));
#4903=DIRECTION('',(0.,0.,-1.));
#4904=DIRECTION('',(-1.,0.,0.));
#4905=DIRECTION('',(0.,-1.,0.));
#4906=DIRECTION('',(0.,0.,-1.));
#4907=DIRECTION('',(-1.,0.,0.));
#4908=DIRECTION('',(0.,-1.,0.));
#4909=DIRECTION('',(0.,0.,-1.));
#4910=DIRECTION('',(0.,0.,-1.));
#4911=DIRECTION('',(0.,-1.,0.));
#4912=DIRECTION('',(0.,0.,-1.));
#4913=DIRECTION('',(-1.,0.,0.));
#4914=DIRECTION('',(0.,-1.,0.));
#4915=DIRECTION('',(0.,0.,-1.));
#4916=DIRECTION('',(-1.,0.,0.));
#4917=DIRECTION('',(0.,-1.,0.));
#4918=DIRECTION('',(0.,0.,-1.));
#4919=DIRECTION('',(0.108863348489014,0.,0.994056724415543));
#4920=DIRECTION('',(0.,-1.,0.));
#4921=DIRECTION('',(0.,0.,-1.));
#4922=DIRECTION('',(0.,0.,1.));
#4923=DIRECTION('',(0.,-1.,0.));
#4924=DIRECTION('',(0.,0.,-1.));
#4925=DIRECTION('',(0.999865657656681,0.,-0.0163910536199793));
#4926=DIRECTION('',(0.,-1.,0.));
#4927=DIRECTION('',(0.,0.,-1.));
#4928=DIRECTION('',(0.375789387070696,0.,-0.926705096870105));
#4929=DIRECTION('',(0.,-1.,0.));
#4930=DIRECTION('',(0.,0.,-1.));
#4931=DIRECTION('',(-0.999844863644933,0.,0.0176138764287111));
#4932=DIRECTION('',(0.,-1.,0.));
#4933=DIRECTION('',(0.,0.,-1.));
#4934=DIRECTION('',(0.668142490190971,0.,0.744033341189364));
#4935=DIRECTION('',(0.,-1.,0.));
#4936=DIRECTION('',(0.,0.,-1.));
#4937=DIRECTION('',(-0.998617793057263,0.,-0.0525595223479205));
#4938=DIRECTION('',(0.,-1.,0.));
#4939=DIRECTION('',(0.,0.,-1.));
#4940=DIRECTION('',(0.467760050928589,0.,-0.883855494272273));
#4941=DIRECTION('',(0.,-1.,0.));
#4942=DIRECTION('',(0.,0.,-1.));
#4943=DIRECTION('',(-0.999844863644933,0.,0.0176138764287111));
#4944=DIRECTION('',(0.,-1.,0.));
#4945=DIRECTION('',(0.,0.,-1.));
#4946=DIRECTION('',(0.765218511985282,0.,0.643770633778081));
#4947=DIRECTION('',(0.,-1.,0.));
#4948=DIRECTION('',(0.,0.,-1.));
#4949=DIRECTION('',(0.999664745550958,0.,0.0258920161929918));
#4950=DIRECTION('',(0.,-1.,0.));
#4951=DIRECTION('',(0.,0.,-1.));
#4952=DIRECTION('',(0.292525264734265,0.,-0.956257794473932));
#4953=DIRECTION('',(0.,-1.,0.));
#4954=DIRECTION('',(0.,0.,-1.));
#4955=DIRECTION('',(-0.999844863644933,0.,0.0176138764287111));
#4956=DIRECTION('',(0.,-1.,0.));
#4957=DIRECTION('',(0.,0.,-1.));
#4958=DIRECTION('',(0.,-1.,0.));
#4959=DIRECTION('',(0.,0.,-1.));
#4960=DIRECTION('',(0.,-1.,0.));
#4961=DIRECTION('',(0.,0.,-1.));
#4962=DIRECTION('',(0.999664745550958,0.,0.0258920161930053));
#4963=DIRECTION('',(0.,-1.,0.));
#4964=DIRECTION('',(0.,0.,-1.));
#4965=DIRECTION('',(0.,-1.,0.));
#4966=DIRECTION('',(0.,0.,-1.));
#4967=DIRECTION('',(0.,-1.,0.));
#4968=DIRECTION('',(0.,0.,-1.));
#4969=DIRECTION('',(-0.99861323460116,0.,0.0526460604357888));
#4970=DIRECTION('',(0.,-1.,0.));
#4971=DIRECTION('',(0.,0.,-1.));
#4972=DIRECTION('',(-0.526727777335067,0.,-0.850034027897508));
#4973=DIRECTION('',(0.,-1.,0.));
#4974=DIRECTION('',(0.,0.,-1.));
#4975=DIRECTION('',(-0.99861323460116,0.,0.0526460604357888));
#4976=DIRECTION('',(0.,-1.,0.));
#4977=DIRECTION('',(0.,0.,-1.));
#4978=DIRECTION('',(-0.445445452232932,0.,-0.895309080198006));
#4979=DIRECTION('',(0.,-1.,0.));
#4980=DIRECTION('',(0.,0.,-1.));
#4981=DIRECTION('',(0.999865657656681,0.,-0.0163910536199795));
#4982=DIRECTION('',(0.,-1.,0.));
#4983=DIRECTION('',(0.,0.,-1.));
#4984=DIRECTION('',(-0.740450329879637,0.,0.672111083810658));
#4985=DIRECTION('',(0.,-1.,0.));
#4986=DIRECTION('',(0.,0.,-1.));
#4987=DIRECTION('',(-0.99861323460116,0.,0.0526460604357888));
#4988=DIRECTION('',(0.,-1.,0.));
#4989=DIRECTION('',(0.,0.,-1.));
#4990=DIRECTION('',(-0.278567455822141,0.,-0.960416666117774));
#4991=DIRECTION('',(0.,-1.,0.));
#4992=DIRECTION('',(0.,0.,-1.));
#4993=DIRECTION('',(-0.998617793057263,0.,-0.0525595223479207));
#4994=DIRECTION('',(0.,-1.,0.));
#4995=DIRECTION('',(0.,0.,-1.));
#4996=DIRECTION('',(-0.585720271372545,0.,0.810513271762574));
#4997=DIRECTION('',(0.,-1.,0.));
#4998=DIRECTION('',(0.,0.,-1.));
#4999=DIRECTION('',(0.,0.,-1.));
#5000=DIRECTION('',(0.,-1.,0.));
#5001=DIRECTION('',(0.,0.,-1.));
#5002=DIRECTION('',(-0.999844863644933,0.,0.0176138764287111));
#5003=DIRECTION('',(0.,-1.,0.));
#5004=DIRECTION('',(0.,0.,-1.));
#5005=DIRECTION('',(0.375789387070695,0.,-0.926705096870105));
#5006=DIRECTION('',(0.,-1.,0.));
#5007=DIRECTION('',(0.,0.,-1.));
#5008=DIRECTION('',(0.445445452232931,0.,0.895309080198006));
#5009=DIRECTION('',(0.,-1.,0.));
#5010=DIRECTION('',(0.,0.,-1.));
#5011=DIRECTION('',(-0.99861323460116,0.,0.0526460604357888));
#5012=DIRECTION('',(0.,-1.,0.));
#5013=DIRECTION('',(0.,0.,-1.));
#5014=DIRECTION('',(0.,-1.,0.));
#5015=DIRECTION('',(0.,0.,-1.));
#5016=DIRECTION('',(0.,-1.,0.));
#5017=DIRECTION('',(0.,0.,-1.));
#5018=DIRECTION('',(0.,-1.,0.));
#5019=DIRECTION('',(0.,0.,-1.));
#5020=DIRECTION('',(0.,1.,0.));
#5021=DIRECTION('',(0.,0.,-1.));
#5022=DIRECTION('',(0.,-1.,0.));
#5023=DIRECTION('',(0.,0.,-1.));
#5024=DIRECTION('',(-0.740450329879637,0.,0.672111083810658));
#5025=DIRECTION('',(0.,-1.,0.));
#5026=DIRECTION('',(0.,0.,-1.));
#5027=DIRECTION('',(0.668142490190971,0.,0.744033341189364));
#5028=DIRECTION('',(0.,-1.,0.));
#5029=DIRECTION('',(0.,0.,-1.));
#5030=DIRECTION('',(0.46776005092859,0.,-0.883855494272272));
#5031=DIRECTION('',(0.,-1.,0.));
#5032=DIRECTION('',(0.,0.,-1.));
#5033=DIRECTION('',(-0.278567455822143,0.,-0.960416666117773));
#5034=DIRECTION('',(0.,-1.,0.));
#5035=DIRECTION('',(0.,0.,-1.));
#5036=DIRECTION('',(0.765218511985282,0.,0.64377063377808));
#5037=DIRECTION('',(0.,-1.,0.));
#5038=DIRECTION('',(0.,0.,-1.));
#5039=DIRECTION('',(0.292525264734264,0.,-0.956257794473932));
#5040=DIRECTION('',(0.,-1.,0.));
#5041=DIRECTION('',(0.,0.,-1.));
#5042=DIRECTION('',(-0.526727777335066,0.,-0.850034027897508));
#5043=DIRECTION('',(0.,-1.,0.));
#5044=DIRECTION('',(0.,0.,-1.));
#5045=DIRECTION('',(-0.585720271372545,0.,0.810513271762575));
#5046=DIRECTION('',(0.,-1.,0.));
#5047=DIRECTION('',(0.,0.,-1.));
#5048=DIRECTION('',(0.575778619290962,0.,0.817605639393096));
#5049=DIRECTION('',(0.,-1.,0.));
#5050=DIRECTION('',(0.,0.,-1.));
#5051=DIRECTION('',(0.,-1.,0.));
#5052=DIRECTION('',(0.,0.,-1.));
#5053=DIRECTION('',(0.,-1.,0.));
#5054=DIRECTION('',(0.,0.,-1.));
#5055=DIRECTION('',(0.675254067189288,0.,-0.737585211853061));
#5056=DIRECTION('',(0.,-1.,0.));
#5057=DIRECTION('',(0.,0.,-1.));
#5058=DIRECTION('',(0.,-1.,0.));
#5059=DIRECTION('',(0.,0.,-1.));
#5060=DIRECTION('',(0.,-1.,0.));
#5061=DIRECTION('',(0.,0.,-1.));
#5062=DIRECTION('',(1.,0.,0.));
#5063=DIRECTION('',(0.,-1.,0.));
#5064=DIRECTION('',(0.,0.,-1.));
#5065=DIRECTION('',(0.,-1.,0.));
#5066=DIRECTION('',(0.,0.,-1.));
#5067=DIRECTION('',(0.,-1.,0.));
#5068=DIRECTION('',(0.,0.,-1.));
#5069=DIRECTION('',(0.,0.,1.));
#5070=DIRECTION('',(0.,-1.,0.));
#5071=DIRECTION('',(0.,0.,-1.));
#5072=DIRECTION('',(0.,-1.,0.));
#5073=DIRECTION('',(0.,0.,-1.));
#5074=DIRECTION('',(0.,-1.,0.));
#5075=DIRECTION('',(0.,0.,-1.));
#5076=DIRECTION('',(0.675254067189288,0.,-0.737585211853061));
#5077=DIRECTION('',(0.,-1.,0.));
#5078=DIRECTION('',(0.,0.,-1.));
#5079=DIRECTION('',(0.,-1.,0.));
#5080=DIRECTION('',(0.,0.,-1.));
#5081=DIRECTION('',(0.,-1.,0.));
#5082=DIRECTION('',(0.,0.,-1.));
#5083=DIRECTION('',(0.946262977296755,0.,0.323398172223469));
#5084=DIRECTION('',(0.,-1.,0.));
#5085=DIRECTION('',(0.,0.,-1.));
#5086=DIRECTION('',(1.,0.,0.));
#5087=DIRECTION('',(0.,-1.,0.));
#5088=DIRECTION('',(0.,0.,-1.));
#5089=DIRECTION('',(0.,-1.,0.));
#5090=DIRECTION('',(0.,0.,-1.));
#5091=DIRECTION('',(0.,-1.,0.));
#5092=DIRECTION('',(0.,0.,-1.));
#5093=DIRECTION('',(0.,-1.,0.));
#5094=DIRECTION('',(0.,0.,-1.));
#5095=DIRECTION('',(-0.947647526011232,0.,-0.319318283918714));
#5096=DIRECTION('',(0.,-1.,0.));
#5097=DIRECTION('',(0.,0.,-1.));
#5098=DIRECTION('',(0.,-1.,0.));
#5099=DIRECTION('',(0.,0.,-1.));
#5100=DIRECTION('',(0.,-1.,0.));
#5101=DIRECTION('',(0.,0.,-1.));
#5102=DIRECTION('',(1.,0.,0.));
#5103=DIRECTION('',(0.,-1.,0.));
#5104=DIRECTION('',(0.,0.,-1.));
#5105=DIRECTION('',(0.,-1.,0.));
#5106=DIRECTION('',(0.,0.,-1.));
#5107=DIRECTION('',(0.,-1.,0.));
#5108=DIRECTION('',(0.,0.,-1.));
#5109=DIRECTION('',(-0.947647526011231,0.,-0.319318283918714));
#5110=DIRECTION('',(0.,-1.,0.));
#5111=DIRECTION('',(0.,0.,-1.));
#5112=DIRECTION('',(0.,-1.,0.));
#5113=DIRECTION('',(0.,0.,-1.));
#5114=DIRECTION('',(0.,-1.,0.));
#5115=DIRECTION('',(0.,0.,-1.));
#5116=DIRECTION('',(0.821521142294101,0.,-0.570178053562039));
#5117=DIRECTION('',(0.,-1.,0.));
#5118=DIRECTION('',(0.,0.,-1.));
#5119=DIRECTION('',(0.,-1.,0.));
#5120=DIRECTION('',(0.,0.,-1.));
#5121=DIRECTION('',(0.,-1.,0.));
#5122=DIRECTION('',(0.,0.,-1.));
#5123=DIRECTION('',(0.,-1.,0.));
#5124=DIRECTION('',(0.,0.,-1.));
#5125=DIRECTION('',(0.,-1.,0.));
#5126=DIRECTION('',(0.,0.,-1.));
#5127=DIRECTION('',(1.,0.,0.));
#5128=DIRECTION('',(0.,-1.,0.));
#5129=DIRECTION('',(0.,0.,-1.));
#5130=DIRECTION('',(0.,-1.,0.));
#5131=DIRECTION('',(0.,0.,-1.));
#5132=DIRECTION('',(0.,-1.,0.));
#5133=DIRECTION('',(0.,0.,-1.));
#5134=DIRECTION('',(0.946262977296755,0.,0.323398172223469));
#5135=DIRECTION('',(0.,-1.,0.));
#5136=DIRECTION('',(0.,0.,-1.));
#5137=DIRECTION('',(-0.52716128773379,0.,0.849765248003737));
#5138=DIRECTION('',(0.,-1.,0.));
#5139=DIRECTION('',(0.,0.,-1.));
#5140=DIRECTION('',(0.946262977296756,0.,0.323398172223468));
#5141=DIRECTION('',(0.,-1.,0.));
#5142=DIRECTION('',(0.,0.,-1.));
#5143=DIRECTION('',(0.,-1.,0.));
#5144=DIRECTION('',(0.,0.,-1.));
#5145=DIRECTION('',(0.,-1.,0.));
#5146=DIRECTION('',(0.,0.,-1.));
#5147=DIRECTION('',(0.575778619290963,0.,0.817605639393095));
#5148=DIRECTION('',(0.,-1.,0.));
#5149=DIRECTION('',(0.,0.,-1.));
#5150=DIRECTION('',(0.,-1.,0.));
#5151=DIRECTION('',(0.,0.,-1.));
#5152=DIRECTION('',(0.,-1.,0.));
#5153=DIRECTION('',(0.,0.,-1.));
#5154=DIRECTION('',(-0.527161287733791,0.,0.849765248003736));
#5155=DIRECTION('',(0.,-1.,0.));
#5156=DIRECTION('',(0.,0.,-1.));
#5157=DIRECTION('',(0.0526460604357888,0.,0.99861323460116));
#5158=DIRECTION('',(0.99861323460116,0.,-0.0526460604357888));
#5159=DIRECTION('',(0.,1.,0.));
#5160=DIRECTION('',(0.,1.,0.));
#5161=DIRECTION('',(0.0526460604357888,0.,0.99861323460116));
#5162=DIRECTION('',(0.99861323460116,0.,-0.0526460604357888));
#5163=DIRECTION('',(0.,-1.,0.));
#5164=DIRECTION('',(0.,1.,0.));
#5165=DIRECTION('',(0.0526460604357888,0.,0.99861323460116));
#5166=DIRECTION('',(0.99861323460116,0.,-0.0526460604357888));
#5167=DIRECTION('',(0.,1.,0.));
#5168=DIRECTION('',(0.,1.,0.));
#5169=DIRECTION('',(0.0176138764287111,0.,0.999844863644933));
#5170=DIRECTION('',(0.999844863644933,0.,-0.0176138764287111));
#5171=DIRECTION('',(0.,1.,0.));
#5172=DIRECTION('',(0.,1.,0.));
#5173=DIRECTION('',(0.0176138764287111,0.,0.999844863644933));
#5174=DIRECTION('',(0.999844863644933,0.,-0.0176138764287111));
#5175=DIRECTION('',(0.,1.,0.));
#5176=DIRECTION('',(0.,1.,0.));
#5177=DIRECTION('',(0.0176138764287111,0.,0.999844863644933));
#5178=DIRECTION('',(0.999844863644933,0.,-0.0176138764287111));
#5179=DIRECTION('',(0.,1.,0.));
#5180=DIRECTION('',(0.,1.,0.));
#5181=DIRECTION('',(0.,-1.,0.));
#5182=DIRECTION('',(0.,0.,-1.));
#5183=DIRECTION('',(0.,-1.,0.));
#5184=DIRECTION('',(0.,-1.,0.));
#5185=DIRECTION('',(3.6806306794638E-14,0.,1.));
#5186=DIRECTION('',(1.,0.,-3.6806306794638E-14));
#5187=DIRECTION('',(0.,-1.,0.));
#5188=DIRECTION('',(0.,-1.,0.));
#5189=DIRECTION('',(0.,-1.,0.));
#5190=DIRECTION('',(0.,0.,-1.));
#5191=DIRECTION('',(0.,-1.,0.));
#5192=DIRECTION('',(0.,1.,0.));
#5193=DIRECTION('',(-1.,0.,0.));
#5194=DIRECTION('',(0.,0.,1.));
#5195=DIRECTION('',(0.,-1.,0.));
#5196=DIRECTION('',(0.,-1.,0.));
#5197=DIRECTION('',(-1.,0.,-2.23835287222813E-15));
#5198=DIRECTION('',(-2.23835287222813E-15,0.,1.));
#5199=DIRECTION('',(0.,-1.,0.));
#5200=DIRECTION('',(0.,-1.,0.));
#5201=DIRECTION('',(-0.289440735537071,0.,0.95719593637445));
#5202=DIRECTION('',(0.95719593637445,0.,0.289440735537071));
#5203=DIRECTION('',(0.,-1.,0.));
#5204=DIRECTION('',(0.,-1.,0.));
#5205=DIRECTION('',(0.,0.,1.));
#5206=DIRECTION('',(1.,0.,0.));
#5207=DIRECTION('',(0.,-1.,0.));
#5208=DIRECTION('',(0.,-1.,0.));
#5209=DIRECTION('',(-0.0526460604357794,0.,-0.99861323460116));
#5210=DIRECTION('',(-0.99861323460116,0.,0.0526460604357794));
#5211=DIRECTION('',(0.,-1.,0.));
#5212=DIRECTION('',(0.,-1.,0.));
#5213=DIRECTION('',(-0.0176138764287113,0.,-0.999844863644933));
#5214=DIRECTION('',(-0.999844863644933,0.,0.0176138764287113));
#5215=DIRECTION('',(0.,-1.,0.));
#5216=DIRECTION('',(0.,-1.,0.));
#5217=DIRECTION('',(0.,0.,-1.));
#5218=DIRECTION('',(0.,-1.,0.));
#5219=DIRECTION('',(0.,-1.,0.));
#5220=DIRECTION('',(0.,0.,-1.));
#5221=DIRECTION('',(0.,-1.,0.));
#5222=DIRECTION('',(0.,-1.,0.));
#5223=DIRECTION('',(0.,0.,-1.));
#5224=DIRECTION('',(0.,-1.,0.));
#5225=DIRECTION('',(0.,0.,-1.));
#5226=DIRECTION('',(0.,-1.,0.));
#5227=DIRECTION('',(0.,0.,-1.));
#5228=DIRECTION('',(-1.,0.,0.));
#5229=DIRECTION('',(0.,-1.,0.));
#5230=DIRECTION('',(0.,-1.,0.));
#5231=DIRECTION('',(0.,-1.,0.));
#5232=DIRECTION('',(0.,0.,-1.));
#5233=DIRECTION('',(0.,-1.,0.));
#5234=DIRECTION('',(-1.,0.,0.));
#5235=DIRECTION('',(0.,0.,1.));
#5236=DIRECTION('',(0.,-1.,0.));
#5237=DIRECTION('',(0.0176138764300315,0.,0.99984486364491));
#5238=DIRECTION('',(0.99984486364491,0.,-0.0176138764300315));
#5239=DIRECTION('',(0.,-1.,0.));
#5240=DIRECTION('',(0.,-1.,0.));
#5241=DIRECTION('',(0.,0.,-1.));
#5242=DIRECTION('',(0.,-1.,0.));
#5243=DIRECTION('',(0.,0.,-1.));
#5244=DIRECTION('',(-1.,0.,0.));
#5245=DIRECTION('',(0.,-1.,0.));
#5246=DIRECTION('',(0.,0.,-1.));
#5247=DIRECTION('',(-1.,0.,0.));
#5248=DIRECTION('',(0.,-1.,0.));
#5249=DIRECTION('',(0.,-1.,0.));
#5250=DIRECTION('',(0.,-1.,0.));
#5251=DIRECTION('',(0.,0.,-1.));
#5252=DIRECTION('',(0.,-1.,0.));
#5253=DIRECTION('',(0.,0.,1.));
#5254=DIRECTION('',(1.,0.,0.));
#5255=DIRECTION('',(0.,-1.,0.));
#5256=DIRECTION('',(0.,-1.,0.));
#5257=DIRECTION('',(0.,0.,-1.));
#5258=DIRECTION('',(0.,-1.,0.));
#5259=DIRECTION('',(0.,0.,-1.));
#5260=DIRECTION('',(0.,-1.,0.));
#5261=DIRECTION('',(0.,0.,-1.));
#5262=DIRECTION('',(0.,-1.,0.));
#5263=DIRECTION('',(0.,-1.,0.));
#5264=DIRECTION('',(0.,-1.,0.));
#5265=DIRECTION('',(0.,0.,-1.));
#5266=DIRECTION('',(0.,-1.,0.));
#5267=DIRECTION('',(0.,-1.,0.));
#5268=DIRECTION('',(-1.,0.,0.));
#5269=DIRECTION('',(0.,0.,1.));
#5270=DIRECTION('',(0.,-1.,0.));
#5271=DIRECTION('',(0.,-1.,0.));
#5272=DIRECTION('',(0.0526460604357888,0.,0.99861323460116));
#5273=DIRECTION('',(0.99861323460116,0.,-0.0526460604357888));
#5274=DIRECTION('',(0.,1.,0.));
#5275=DIRECTION('',(0.,-1.,0.));
#5276=DIRECTION('',(0.0176138764287111,0.,0.999844863644933));
#5277=DIRECTION('',(0.999844863644933,0.,-0.0176138764287111));
#5278=DIRECTION('',(0.,-1.,0.));
#5279=DIRECTION('',(0.,1.,0.));
#5280=DIRECTION('',(0.,-1.,0.));
#5281=DIRECTION('',(0.,0.,-1.));
#5282=DIRECTION('',(0.,-1.,0.));
#5283=DIRECTION('',(0.,-1.,0.));
#5284=DIRECTION('',(0.,-1.,0.));
#5285=DIRECTION('',(0.,0.,-1.));
#5286=DIRECTION('',(0.,-1.,0.));
#5287=DIRECTION('',(0.,0.,-1.));
#5288=DIRECTION('',(0.,-1.,0.));
#5289=DIRECTION('',(0.,0.,-1.));
#5290=DIRECTION('',(0.,1.,0.));
#5291=DIRECTION('',(0.,0.,1.));
#5292=DIRECTION('',(0.,-1.,0.));
#5293=DIRECTION('',(0.,0.,-1.));
#5294=DIRECTION('',(0.,0.,1.));
#5295=DIRECTION('',(1.,0.,0.));
#5296=DIRECTION('',(0.,-1.,0.));
#5297=DIRECTION('',(0.,0.,1.));
#5298=DIRECTION('',(1.,0.,0.));
#5299=DIRECTION('',(0.,-1.,0.));
#5300=DIRECTION('',(0.,0.,1.));
#5301=DIRECTION('',(1.,0.,0.));
#5302=DIRECTION('',(0.,-1.,0.));
#5303=DIRECTION('',(0.,0.,1.));
#5304=DIRECTION('',(1.,0.,0.));
#5305=DIRECTION('',(0.,1.,0.));
#5306=DIRECTION('',(0.,0.,1.));
#5307=DIRECTION('',(0.,-1.,0.));
#5308=DIRECTION('',(0.,0.,-1.));
#5309=DIRECTION('',(0.,-1.,0.));
#5310=DIRECTION('',(0.,0.,-1.));
#5311=DIRECTION('',(0.994056724415543,0.,-0.108863348489014));
#5312=DIRECTION('',(-0.108863348489014,0.,-0.994056724415543));
#5313=DIRECTION('',(0.,-1.,0.));
#5314=DIRECTION('',(1.,0.,0.));
#5315=DIRECTION('',(0.,0.,-1.));
#5316=DIRECTION('',(0.,-1.,0.));
#5317=DIRECTION('',(0.,-1.,0.));
#5318=DIRECTION('',(0.,-1.,0.));
#5319=DIRECTION('',(0.,0.,-1.));
#5320=DIRECTION('',(0.,-1.,0.));
#5321=DIRECTION('',(-0.323398172223468,0.,0.946262977296756));
#5322=DIRECTION('',(0.946262977296756,0.,0.323398172223468));
#5323=DIRECTION('',(0.,1.,0.));
#5324=DIRECTION('',(0.,-1.,0.));
#5325=DIRECTION('',(0.,0.,-1.));
#5326=DIRECTION('',(0.570178053562039,0.,0.821521142294101));
#5327=DIRECTION('',(0.821521142294101,0.,-0.570178053562039));
#5328=DIRECTION('',(0.,-1.,0.));
#5329=DIRECTION('',(0.,-1.,0.));
#5330=DIRECTION('',(0.,-1.,0.));
#5331=DIRECTION('',(0.,0.,-1.));
#5332=DIRECTION('',(0.,-1.,0.));
#5333=DIRECTION('',(0.319318283918714,0.,-0.947647526011231));
#5334=DIRECTION('',(-0.947647526011232,0.,-0.319318283918714));
#5335=DIRECTION('',(0.,-1.,0.));
#5336=DIRECTION('',(0.,-1.,0.));
#5337=DIRECTION('',(0.,0.,-1.));
#5338=DIRECTION('',(0.,-1.,0.));
#5339=DIRECTION('',(0.,0.,-1.));
#5340=DIRECTION('',(0.,-1.,0.));
#5341=DIRECTION('',(0.,0.,-1.));
#5342=DIRECTION('',(0.,-1.,0.));
#5343=DIRECTION('',(0.,0.,-1.));
#5344=DIRECTION('',(0.,-1.,0.));
#5345=DIRECTION('',(0.,0.,-1.));
#5346=DIRECTION('',(-0.64377063377808,0.,0.765218511985282));
#5347=DIRECTION('',(0.765218511985282,0.,0.64377063377808));
#5348=DIRECTION('',(0.,1.,0.));
#5349=DIRECTION('',(0.,1.,0.));
#5350=DIRECTION('',(-0.810513271762574,0.,-0.585720271372544));
#5351=DIRECTION('',(-0.585720271372545,0.,0.810513271762575));
#5352=DIRECTION('',(0.,1.,0.));
#5353=DIRECTION('',(0.,1.,0.));
#5354=DIRECTION('',(0.850034027897508,0.,-0.526727777335066));
#5355=DIRECTION('',(-0.526727777335066,0.,-0.850034027897508));
#5356=DIRECTION('',(0.,1.,0.));
#5357=DIRECTION('',(0.,1.,0.));
#5358=DIRECTION('',(-0.672111083810658,0.,-0.740450329879637));
#5359=DIRECTION('',(-0.740450329879637,0.,0.672111083810658));
#5360=DIRECTION('',(0.,1.,0.));
#5361=DIRECTION('',(0.,1.,0.));
#5362=DIRECTION('',(0.960416666117773,0.,-0.278567455822143));
#5363=DIRECTION('',(-0.278567455822143,0.,-0.960416666117773));
#5364=DIRECTION('',(0.,1.,0.));
#5365=DIRECTION('',(0.,1.,0.));
#5366=DIRECTION('',(0.883855494272273,0.,0.46776005092859));
#5367=DIRECTION('',(0.46776005092859,0.,-0.883855494272273));
#5368=DIRECTION('',(0.,1.,0.));
#5369=DIRECTION('',(0.,1.,0.));
#5370=DIRECTION('',(0.895309080198005,0.,-0.445445452232932));
#5371=DIRECTION('',(-0.445445452232932,0.,-0.895309080198006));
#5372=DIRECTION('',(0.,1.,0.));
#5373=DIRECTION('',(0.,1.,0.));
#5374=DIRECTION('',(-0.895309080198006,0.,0.445445452232931));
#5375=DIRECTION('',(0.445445452232931,0.,0.895309080198006));
#5376=DIRECTION('',(0.,1.,0.));
#5377=DIRECTION('',(0.,1.,0.));
#5378=DIRECTION('',(0.926705096870105,0.,0.375789387070695));
#5379=DIRECTION('',(0.375789387070695,0.,-0.926705096870105));
#5380=DIRECTION('',(0.,1.,0.));
#5381=DIRECTION('',(0.,1.,0.));
#5382=DIRECTION('',(0.926705096870104,0.,0.375789387070696));
#5383=DIRECTION('',(0.375789387070696,0.,-0.926705096870105));
#5384=DIRECTION('',(0.,1.,0.));
#5385=DIRECTION('',(0.,1.,0.));
#5386=DIRECTION('',(0.0163910536199793,0.,0.999865657656681));
#5387=DIRECTION('',(0.999865657656681,0.,-0.0163910536199793));
#5388=DIRECTION('',(0.,1.,0.));
#5389=DIRECTION('',(0.,1.,0.));
#5390=DIRECTION('',(-0.744033341189364,0.,0.668142490190971));
#5391=DIRECTION('',(0.668142490190971,0.,0.744033341189364));
#5392=DIRECTION('',(0.,1.,0.));
#5393=DIRECTION('',(0.,1.,0.));
#5394=DIRECTION('',(0.883855494272273,0.,0.467760050928589));
#5395=DIRECTION('',(0.467760050928589,0.,-0.883855494272273));
#5396=DIRECTION('',(0.,1.,0.));
#5397=DIRECTION('',(0.,1.,0.));
#5398=DIRECTION('',(0.0525595223479205,0.,-0.998617793057263));
#5399=DIRECTION('',(-0.998617793057263,0.,-0.0525595223479205));
#5400=DIRECTION('',(0.,1.,0.));
#5401=DIRECTION('',(0.,1.,0.));
#5402=DIRECTION('',(-0.643770633778081,0.,0.765218511985281));
#5403=DIRECTION('',(0.765218511985282,0.,0.643770633778081));
#5404=DIRECTION('',(0.,1.,0.));
#5405=DIRECTION('',(0.,1.,0.));
#5406=DIRECTION('',(0.956257794473932,0.,0.292525264734264));
#5407=DIRECTION('',(0.292525264734264,0.,-0.956257794473932));
#5408=DIRECTION('',(0.,1.,0.));
#5409=DIRECTION('',(0.,1.,0.));
#5410=DIRECTION('',(-0.0258920161929918,0.,0.999664745550958));
#5411=DIRECTION('',(0.999664745550958,0.,0.0258920161929918));
#5412=DIRECTION('',(0.,-1.,0.));
#5413=DIRECTION('',(0.,1.,0.));
#5414=DIRECTION('',(-0.0258920161930053,0.,0.999664745550958));
#5415=DIRECTION('',(0.999664745550958,0.,0.0258920161930053));
#5416=DIRECTION('',(0.,1.,0.));
#5417=DIRECTION('',(0.,1.,0.));
#5418=DIRECTION('',(0.850034027897508,0.,-0.526727777335067));
#5419=DIRECTION('',(-0.526727777335067,0.,-0.850034027897508));
#5420=DIRECTION('',(0.,1.,0.));
#5421=DIRECTION('',(0.,1.,0.));
#5422=DIRECTION('',(-0.810513271762574,0.,-0.585720271372545));
#5423=DIRECTION('',(-0.585720271372545,0.,0.810513271762574));
#5424=DIRECTION('',(0.,1.,0.));
#5425=DIRECTION('',(0.,1.,0.));
#5426=DIRECTION('',(0.0525595223479207,0.,-0.998617793057263));
#5427=DIRECTION('',(-0.998617793057263,0.,-0.0525595223479207));
#5428=DIRECTION('',(0.,1.,0.));
#5429=DIRECTION('',(0.,1.,0.));
#5430=DIRECTION('',(0.960416666117774,0.,-0.278567455822141));
#5431=DIRECTION('',(-0.278567455822141,0.,-0.960416666117774));
#5432=DIRECTION('',(0.,1.,0.));
#5433=DIRECTION('',(0.,1.,0.));
#5434=DIRECTION('',(-0.672111083810657,0.,-0.740450329879637));
#5435=DIRECTION('',(-0.740450329879637,0.,0.672111083810658));
#5436=DIRECTION('',(0.,1.,0.));
#5437=DIRECTION('',(0.,1.,0.));
#5438=DIRECTION('',(-0.744033341189364,0.,0.668142490190971));
#5439=DIRECTION('',(0.668142490190971,0.,0.744033341189364));
#5440=DIRECTION('',(0.,1.,0.));
#5441=DIRECTION('',(0.,1.,0.));
#5442=DIRECTION('',(0.0163910536199795,0.,0.999865657656681));
#5443=DIRECTION('',(0.999865657656681,0.,-0.0163910536199795));
#5444=DIRECTION('',(0.,1.,0.));
#5445=DIRECTION('',(0.,1.,0.));
#5446=DIRECTION('',(0.956257794473932,0.,0.292525264734264));
#5447=DIRECTION('',(0.292525264734264,0.,-0.956257794473932));
#5448=DIRECTION('',(0.,1.,0.));
#5449=DIRECTION('',(0.,1.,0.));
#5450=DIRECTION('',(0.,-1.,0.));
#5451=DIRECTION('',(0.,0.,-1.));
#5452=DIRECTION('',(0.,-1.,0.));
#5453=DIRECTION('',(0.,0.,-1.));
#5454=DIRECTION('',(0.,-1.,0.));
#5455=DIRECTION('',(0.,0.,-1.));
#5456=DIRECTION('',(0.,1.,0.));
#5457=DIRECTION('',(0.,0.,1.));
#5458=DIRECTION('',(0.,-1.,0.));
#5459=DIRECTION('',(0.,0.,-1.));
#5460=DIRECTION('',(0.,-1.,0.));
#5461=DIRECTION('',(0.,0.,-1.));
#5462=DIRECTION('',(0.,-1.,0.));
#5463=DIRECTION('',(0.,0.,-1.));
#5464=DIRECTION('',(0.,1.,0.));
#5465=DIRECTION('',(0.,0.,1.));
#5466=DIRECTION('',(0.,-1.,0.));
#5467=DIRECTION('',(0.,0.,-1.));
#5468=DIRECTION('',(0.,-1.,0.));
#5469=DIRECTION('',(0.,0.,-1.));
#5470=DIRECTION('',(0.,-1.,0.));
#5471=DIRECTION('',(0.,0.,-1.));
#5472=DIRECTION('',(0.,-1.,0.));
#5473=DIRECTION('',(0.,0.,-1.));
#5474=DIRECTION('',(0.,-1.,0.));
#5475=DIRECTION('',(0.,0.,-1.));
#5476=DIRECTION('',(0.,-1.,0.));
#5477=DIRECTION('',(0.,0.,-1.));
#5478=DIRECTION('',(0.,-1.,0.));
#5479=DIRECTION('',(0.,0.,-1.));
#5480=DIRECTION('',(0.,-1.,0.));
#5481=DIRECTION('',(0.,0.,-1.));
#5482=DIRECTION('',(0.,1.,0.));
#5483=DIRECTION('',(0.,0.,1.));
#5484=DIRECTION('',(0.,1.,0.));
#5485=DIRECTION('',(0.,0.,1.));
#5486=DIRECTION('',(0.,1.,0.));
#5487=DIRECTION('',(0.,0.,1.));
#5488=DIRECTION('',(0.,1.,0.));
#5489=DIRECTION('',(0.,0.,1.));
#5490=DIRECTION('',(0.,-1.,0.));
#5491=DIRECTION('',(0.,0.,-1.));
#5492=DIRECTION('',(0.,-1.,0.));
#5493=DIRECTION('',(0.,0.,-1.));
#5494=DIRECTION('',(0.,-1.,0.));
#5495=DIRECTION('',(0.,0.,-1.));
#5496=DIRECTION('',(0.,-1.,0.));
#5497=DIRECTION('',(0.,0.,-1.));
#5498=DIRECTION('',(0.,-1.,0.));
#5499=DIRECTION('',(0.,0.,-1.));
#5500=DIRECTION('',(0.,1.,0.));
#5501=DIRECTION('',(0.,0.,1.));
#5502=DIRECTION('',(0.,1.,0.));
#5503=DIRECTION('',(0.,0.,1.));
#5504=DIRECTION('',(0.,-1.,0.));
#5505=DIRECTION('',(0.,0.,-1.));
#5506=DIRECTION('',(0.,1.,0.));
#5507=DIRECTION('',(0.,0.,1.));
#5508=DIRECTION('',(0.,-1.,0.));
#5509=DIRECTION('',(0.,0.,-1.));
#5510=DIRECTION('',(0.,-1.,0.));
#5511=DIRECTION('',(0.,0.,-1.));
#5512=DIRECTION('',(0.,1.,0.));
#5513=DIRECTION('',(0.,0.,1.));
#5514=DIRECTION('',(0.,1.,0.));
#5515=DIRECTION('',(0.,0.,1.));
#5516=DIRECTION('',(0.,-1.,0.));
#5517=DIRECTION('',(0.,0.,-1.));
#5518=DIRECTION('',(0.,1.,0.));
#5519=DIRECTION('',(0.,0.,1.));
#5520=DIRECTION('',(0.,-1.,0.));
#5521=DIRECTION('',(0.,0.,-1.));
#5522=DIRECTION('',(0.,-1.,0.));
#5523=DIRECTION('',(0.,0.,-1.));
#5524=DIRECTION('',(0.,1.,0.));
#5525=DIRECTION('',(0.,0.,1.));
#5526=DIRECTION('',(0.,1.,0.));
#5527=DIRECTION('',(0.,0.,1.));
#5528=DIRECTION('',(0.,1.,0.));
#5529=DIRECTION('',(0.,1.,0.));
#5530=DIRECTION('',(-0.737585211853061,0.,-0.675254067189288));
#5531=DIRECTION('',(-0.675254067189288,0.,0.737585211853061));
#5532=DIRECTION('',(0.,1.,0.));
#5533=DIRECTION('',(0.,1.,0.));
#5534=DIRECTION('',(0.,1.,0.));
#5535=DIRECTION('',(0.,0.,1.));
#5536=DIRECTION('',(0.,1.,0.));
#5537=DIRECTION('',(0.,1.,0.));
#5538=DIRECTION('',(0.,0.,-1.));
#5539=DIRECTION('',(-1.,0.,0.));
#5540=DIRECTION('',(0.,-1.,0.));
#5541=DIRECTION('',(0.,-1.,0.));
#5542=DIRECTION('',(0.,1.,0.));
#5543=DIRECTION('',(0.,0.,1.));
#5544=DIRECTION('',(0.,1.,0.));
#5545=DIRECTION('',(0.,1.,0.));
#5546=DIRECTION('',(0.817605639393096,0.,-0.575778619290962));
#5547=DIRECTION('',(-0.575778619290962,0.,-0.817605639393096));
#5548=DIRECTION('',(0.,1.,0.));
#5549=DIRECTION('',(0.,1.,0.));
#5550=DIRECTION('',(-0.737585211853061,0.,-0.675254067189288));
#5551=DIRECTION('',(-0.675254067189288,0.,0.737585211853061));
#5552=DIRECTION('',(0.,-1.,0.));
#5553=DIRECTION('',(0.,-1.,0.));
#5554=DIRECTION('',(0.,1.,0.));
#5555=DIRECTION('',(0.,0.,1.));
#5556=DIRECTION('',(0.,1.,0.));
#5557=DIRECTION('',(0.,1.,0.));
#5558=DIRECTION('',(0.323398172223469,0.,-0.946262977296755));
#5559=DIRECTION('',(-0.946262977296755,0.,-0.323398172223469));
#5560=DIRECTION('',(0.,1.,0.));
#5561=DIRECTION('',(0.,1.,0.));
#5562=DIRECTION('',(1.,0.,0.));
#5563=DIRECTION('',(0.,0.,-1.));
#5564=DIRECTION('',(0.,1.,0.));
#5565=DIRECTION('',(0.,-1.,0.));
#5566=DIRECTION('',(0.,1.,0.));
#5567=DIRECTION('',(0.,0.,1.));
#5568=DIRECTION('',(0.,1.,0.));
#5569=DIRECTION('',(0.,1.,0.));
#5570=DIRECTION('',(0.,1.,0.));
#5571=DIRECTION('',(0.,0.,1.));
#5572=DIRECTION('',(0.,1.,0.));
#5573=DIRECTION('',(0.,1.,0.));
#5574=DIRECTION('',(-0.319318283918714,0.,0.947647526011232));
#5575=DIRECTION('',(0.947647526011232,0.,0.319318283918714));
#5576=DIRECTION('',(0.,1.,0.));
#5577=DIRECTION('',(0.,1.,0.));
#5578=DIRECTION('',(0.,0.,1.));
#5579=DIRECTION('',(0.,1.,0.));
#5580=DIRECTION('',(0.,1.,0.));
#5581=DIRECTION('',(0.,0.,-1.));
#5582=DIRECTION('',(-1.,0.,0.));
#5583=DIRECTION('',(0.,1.,0.));
#5584=DIRECTION('',(0.,1.,0.));
#5585=DIRECTION('',(0.,1.,0.));
#5586=DIRECTION('',(0.,0.,1.));
#5587=DIRECTION('',(0.,1.,0.));
#5588=DIRECTION('',(0.,1.,0.));
#5589=DIRECTION('',(0.,1.,0.));
#5590=DIRECTION('',(0.,0.,1.));
#5591=DIRECTION('',(0.,1.,0.));
#5592=DIRECTION('',(0.,1.,0.));
#5593=DIRECTION('',(-0.319318283918714,0.,0.947647526011231));
#5594=DIRECTION('',(0.947647526011231,0.,0.319318283918714));
#5595=DIRECTION('',(0.,1.,0.));
#5596=DIRECTION('',(0.,1.,0.));
#5597=DIRECTION('',(0.,1.,0.));
#5598=DIRECTION('',(0.,0.,1.));
#5599=DIRECTION('',(0.,1.,0.));
#5600=DIRECTION('',(0.,1.,0.));
#5601=DIRECTION('',(-0.570178053562039,0.,-0.821521142294101));
#5602=DIRECTION('',(-0.821521142294101,0.,0.570178053562039));
#5603=DIRECTION('',(0.,-1.,0.));
#5604=DIRECTION('',(0.,-1.,0.));
#5605=DIRECTION('',(0.,1.,0.));
#5606=DIRECTION('',(0.,0.,1.));
#5607=DIRECTION('',(0.,1.,0.));
#5608=DIRECTION('',(0.,1.,0.));
#5609=DIRECTION('',(0.,0.,-1.));
#5610=DIRECTION('',(-1.,0.,0.));
#5611=DIRECTION('',(0.,1.,0.));
#5612=DIRECTION('',(0.,1.,0.));
#5613=DIRECTION('',(0.,1.,0.));
#5614=DIRECTION('',(0.,0.,1.));
#5615=DIRECTION('',(0.,1.,0.));
#5616=DIRECTION('',(0.,1.,0.));
#5617=DIRECTION('',(0.323398172223469,0.,-0.946262977296755));
#5618=DIRECTION('',(-0.946262977296755,0.,-0.323398172223469));
#5619=DIRECTION('',(0.,1.,0.));
#5620=DIRECTION('',(0.,1.,0.));
#5621=DIRECTION('',(0.849765248003737,0.,0.52716128773379));
#5622=DIRECTION('',(0.52716128773379,0.,-0.849765248003737));
#5623=DIRECTION('',(0.,-1.,0.));
#5624=DIRECTION('',(0.,1.,0.));
#5625=DIRECTION('',(0.,1.,0.));
#5626=DIRECTION('',(0.,0.,1.));
#5627=DIRECTION('',(0.,1.,0.));
#5628=DIRECTION('',(0.,1.,0.));
#5629=DIRECTION('',(0.,0.,-1.));
#5630=DIRECTION('',(-1.,0.,0.));
#5631=DIRECTION('',(0.,-1.,0.));
#5632=DIRECTION('',(0.,-1.,0.));
#5633=DIRECTION('',(0.817605639393095,0.,-0.575778619290963));
#5634=DIRECTION('',(-0.575778619290963,0.,-0.817605639393095));
#5635=DIRECTION('',(0.,-1.,0.));
#5636=DIRECTION('',(0.,-1.,0.));
#5637=DIRECTION('',(0.,1.,0.));
#5638=DIRECTION('',(0.,0.,1.));
#5639=DIRECTION('',(0.,1.,0.));
#5640=DIRECTION('',(0.,1.,0.));
#5641=DIRECTION('',(0.849765248003736,0.,0.527161287733791));
#5642=DIRECTION('',(0.527161287733791,0.,-0.849765248003736));
#5643=DIRECTION('',(0.,1.,0.));
#5644=DIRECTION('',(0.,1.,0.));
#5645=DIRECTION('',(0.323398172223468,0.,-0.946262977296756));
#5646=DIRECTION('',(-0.946262977296756,0.,-0.323398172223468));
#5647=DIRECTION('',(0.,1.,0.));
#5648=DIRECTION('',(0.,1.,0.));
#5649=DIRECTION('',(0.,1.,0.));
#5650=DIRECTION('',(0.,0.,1.));
#5651=DIRECTION('',(0.,1.,0.));
#5652=DIRECTION('',(0.,1.,0.));
#5653=DIRECTION('',(1.,0.,0.));
#5654=DIRECTION('',(0.,0.,-1.));
#5655=DIRECTION('',(0.,1.,0.));
#5656=DIRECTION('',(0.,1.,0.));
#5657=DIRECTION('',(0.323398172223468,0.,-0.946262977296756));
#5658=DIRECTION('',(-0.946262977296756,0.,-0.323398172223468));
#5659=DIRECTION('',(0.,1.,0.));
#5660=DIRECTION('',(0.,1.,0.));
#5661=DIRECTION('',(0.,1.,0.));
#5662=DIRECTION('',(0.,0.,1.));
#5663=DIRECTION('',(0.,1.,0.));
#5664=DIRECTION('',(0.,1.,0.));
#5665=DIRECTION('',(-0.994056724415543,0.,0.108863348489014));
#5666=DIRECTION('',(0.108863348489014,0.,0.994056724415543));
#5667=DIRECTION('',(0.,1.,0.));
#5668=DIRECTION('',(0.,-1.,0.));
#5669=DIRECTION('',(0.,1.,0.));
#5670=DIRECTION('',(0.,0.,1.));
#5671=DIRECTION('',(0.,1.,0.));
#5672=DIRECTION('',(0.,1.,0.));
#5673=DIRECTION('',(0.,1.,0.));
#5674=DIRECTION('',(0.,0.,1.));
#5675=DIRECTION('',(0.,1.,0.));
#5676=DIRECTION('',(0.,1.,0.));
#5677=DIRECTION('',(0.,1.,0.));
#5678=DIRECTION('',(0.,0.,1.));
#5679=DIRECTION('',(0.,1.,0.));
#5680=DIRECTION('',(0.,0.,1.));
#5681=DIRECTION('',(0.,-1.,0.));
#5682=DIRECTION('',(0.,0.,-1.));
#5683=DIRECTION('',(0.,1.,0.));
#5684=DIRECTION('',(0.,0.,1.));
#5685=DIRECTION('',(0.,1.,0.));
#5686=DIRECTION('',(0.,0.,1.));
#5687=DIRECTION('',(0.,1.,0.));
#5688=DIRECTION('',(0.,0.,1.));
#5689=DIRECTION('',(0.,1.,0.));
#5690=DIRECTION('',(0.,0.,1.));
#5691=DIRECTION('',(0.,1.,0.));
#5692=DIRECTION('',(0.,0.,1.));
#5693=DIRECTION('',(0.,1.,0.));
#5694=DIRECTION('',(0.,0.,1.));
#5695=DIRECTION('',(0.,1.,0.));
#5696=DIRECTION('',(0.,0.,1.));
#5697=DIRECTION('',(0.,1.,0.));
#5698=DIRECTION('',(0.,0.,1.));
#5699=DIRECTION('',(0.,1.,0.));
#5700=DIRECTION('',(0.,0.,1.));
#5701=DIRECTION('',(0.,-1.,0.));
#5702=DIRECTION('',(0.,0.,-1.));
#5703=DIRECTION('',(0.,1.,0.));
#5704=DIRECTION('',(0.,0.,1.));
#5705=DIRECTION('',(0.,-1.,0.));
#5706=DIRECTION('',(0.,0.,-1.));
#5707=DIRECTION('',(0.,1.,0.));
#5708=DIRECTION('',(0.,0.,1.));
#5709=DIRECTION('',(0.,1.,0.));
#5710=DIRECTION('',(0.,0.,1.));
#5711=DIRECTION('',(0.,1.,0.));
#5712=DIRECTION('',(0.,0.,1.));
#5713=DIRECTION('',(0.,1.,0.));
#5714=DIRECTION('',(0.,0.,1.));
#5715=DIRECTION('',(0.,1.,0.));
#5716=DIRECTION('',(0.,0.,1.));
#5717=DIRECTION('',(0.,1.,0.));
#5718=DIRECTION('',(0.,0.,1.));
#5719=DIRECTION('',(0.,1.,0.));
#5720=DIRECTION('',(0.,0.,1.));
#5721=DIRECTION('',(0.,1.,0.));
#5722=DIRECTION('',(0.,0.,1.));
#5723=DIRECTION('',(0.,1.,0.));
#5724=DIRECTION('',(0.,0.,1.));
#5725=DIRECTION('',(0.,-1.,0.));
#5726=DIRECTION('',(0.,0.,-1.));
#5727=DIRECTION('',(0.,1.,0.));
#5728=DIRECTION('',(0.,0.,1.));
#5729=DIRECTION('',(0.,1.,0.));
#5730=DIRECTION('',(0.,0.,1.));
#5731=DIRECTION('',(0.,1.,0.));
#5732=DIRECTION('',(0.,0.,1.));
#5733=DIRECTION('',(0.,1.,0.));
#5734=DIRECTION('',(0.,0.,1.));
#5735=DIRECTION('',(0.,1.,0.));
#5736=DIRECTION('',(0.,0.,1.));
#5737=DIRECTION('',(0.,1.,0.));
#5738=DIRECTION('',(0.,0.,1.));
#5739=DIRECTION('',(0.,1.,0.));
#5740=DIRECTION('',(0.,0.,1.));
#5741=DIRECTION('',(0.,1.,0.));
#5742=DIRECTION('',(0.,0.,1.));
#5743=DIRECTION('',(0.,1.,0.));
#5744=DIRECTION('',(0.,0.,1.));
#5745=DIRECTION('',(0.,1.,0.));
#5746=DIRECTION('',(0.,0.,1.));
#5747=DIRECTION('',(0.,1.,0.));
#5748=DIRECTION('',(0.,0.,1.));
#5749=DIRECTION('',(0.,1.,0.));
#5750=DIRECTION('',(0.,0.,1.));
#5751=CARTESIAN_POINT('',(0.,0.,0.));
#5752=CARTESIAN_POINT('',(0.00564835724192284,0.048451400236435,0.0843963781758704));
#5753=CARTESIAN_POINT('',(-0.0493755677949952,0.048451400236435,0.0629472052110333));
#5754=CARTESIAN_POINT('',(-0.0481766018277771,0.048451400236435,0.0633569680482777));
#5755=CARTESIAN_POINT('',(-0.0502267920543284,0.048451400236435,0.0626562878062257));
#5756=CARTESIAN_POINT('',(-0.0485000000000006,0.048451400236435,0.0643032310255744));
#5757=CARTESIAN_POINT('',(-0.0475000000000006,0.048451400236435,0.0643032310255744));
#5758=CARTESIAN_POINT('',(-0.0475000000000006,0.048451400236435,0.0638445285200099));
#5759=CARTESIAN_POINT('',(-0.0475000000000006,0.048451400236435,0.0741842367127965));
#5760=CARTESIAN_POINT('',(-0.0485000000000006,0.048451400236435,0.0741842367127965));
#5761=CARTESIAN_POINT('',(-0.0482727272727279,0.048451400236435,0.0751580678621432));
#5762=CARTESIAN_POINT('',(-0.0460000000000006,0.048451400236435,0.0848963793556108));
#5763=CARTESIAN_POINT('',(-0.0501687359534345,0.048451400236435,0.0758067346678054));
#5764=CARTESIAN_POINT('',(-0.0505856095487779,0.048451400236435,0.0748977701990249));
#5765=CARTESIAN_POINT('',(-0.0514862424480943,0.048451400236435,0.0753323508942575));
#5766=CARTESIAN_POINT('',(-0.0567999765540613,0.048451400236435,0.0778963769961301));
#5767=CARTESIAN_POINT('',(-0.0555133233316754,0.048451400236435,0.0721383805142517));
#5768=CARTESIAN_POINT('',(-0.0552952465143218,0.048451400236435,0.0711624489071536));
#5769=CARTESIAN_POINT('',(-0.0562893032387373,0.048451400236435,0.0712713122556426));
#5770=CARTESIAN_POINT('',(-0.0565121108288648,0.048451400236435,0.0692368039818191));
#5771=CARTESIAN_POINT('',(-0.0566918800155293,0.048451400236435,0.0675952894470667));
#5772=CARTESIAN_POINT('',(-0.0556978232911137,0.048451400236435,0.0674864260985777));
#5773=CARTESIAN_POINT('',(-0.0557659888349932,0.048451400236435,0.0664887520743455));
#5774=CARTESIAN_POINT('',(-0.0561000000000022,0.048451400236435,0.0616001493556078));
#5775=CARTESIAN_POINT('',(-0.0514908359508655,0.048451400236435,0.0632631607109946));
#5776=CARTESIAN_POINT('',(-0.0505501902265519,0.048451400236435,0.0636025507835225));
#5777=CARTESIAN_POINT('',(-0.0108352186767145,0.048451400236435,0.076118890842561));
#5778=CARTESIAN_POINT('',(-0.00821460586090135,0.048451400236435,0.0770145207203783));
#5779=CARTESIAN_POINT('',(-0.0141695013849601,0.048451400236435,0.074979354625469));
#5780=CARTESIAN_POINT('',(-0.00853800403312482,0.048451400236435,0.0779607836976751));
#5781=CARTESIAN_POINT('',(-0.00776182184829534,0.048451400236435,0.0785912923938509));
#5782=CARTESIAN_POINT('',(-5.01768765426291E-16,0.048451400236435,0.0848963793556091));
#5783=CARTESIAN_POINT('',(-0.0097383114934683,0.048451400236435,0.082623652082883));
#5784=CARTESIAN_POINT('',(-0.0107121426428151,0.048451400236435,0.0823963793556104));
#5785=CARTESIAN_POINT('',(-0.0107121426428151,0.048451400236435,0.0833963793556104));
#5786=CARTESIAN_POINT('',(-0.0115000000000004,0.048451400236435,0.0833963793556104));
#5787=CARTESIAN_POINT('',(-0.0122878573571858,0.048451400236435,0.0833963793556104));
#5788=CARTESIAN_POINT('',(-0.0122878573571858,0.048451400236435,0.0823963793556104));
#5789=CARTESIAN_POINT('',(-0.0132616885065325,0.048451400236435,0.0826236520828831));
#5790=CARTESIAN_POINT('',(-0.023,0.048451400236435,0.0848963793556104));
#5791=CARTESIAN_POINT('',(-0.015935054518197,0.048451400236435,0.0778191945099849));
#5792=CARTESIAN_POINT('',(-0.0152285599700166,0.048451400236435,0.0771114760254224));
#5793=CARTESIAN_POINT('',(-0.0160783252180204,0.048451400236435,0.0765843147376886));
#5794=CARTESIAN_POINT('',(-0.0150138118227242,0.048451400236435,0.0748683570025409));
#5795=CARTESIAN_POINT('',(-0.0153426648051873,0.048451400236435,0.0753984563150319));
#5796=CARTESIAN_POINT('',(-0.0144928995571836,0.048451400236435,0.0759256176027657));
#5797=CARTESIAN_POINT('',(-0.0377551954604531,0.048451400236435,0.0998963793556083));
#5798=CARTESIAN_POINT('',(-0.0364097061527347,0.048451400236435,0.0909975222086033));
#5799=CARTESIAN_POINT('',(-0.0348813309051849,0.048451400236435,0.091367551621508));
#5800=CARTESIAN_POINT('',(-0.0362602073407659,0.048451400236435,0.0900087603033804));
#5801=CARTESIAN_POINT('',(-0.03714564303706,0.048451400236435,0.0895439983990378));
#5802=CARTESIAN_POINT('',(-0.0460000000000006,0.048451400236435,0.0848963793556108));
#5803=CARTESIAN_POINT('',(-0.036261688506533,0.048451400236435,0.0871691066283377));
#5804=CARTESIAN_POINT('',(-0.0352878573571863,0.048451400236435,0.0873963793556104));
#5805=CARTESIAN_POINT('',(-0.0352878573571863,0.048451400236435,0.0863963793556104));
#5806=CARTESIAN_POINT('',(-0.0345,0.048451400236435,0.0863963793556104));
#5807=CARTESIAN_POINT('',(-0.0337121426428143,0.048451400236435,0.0863963793556104));
#5808=CARTESIAN_POINT('',(-0.0337121426428143,0.048451400236435,0.0873963793556104));
#5809=CARTESIAN_POINT('',(-0.0327383114934676,0.048451400236435,0.0871691066283377));
#5810=CARTESIAN_POINT('',(-0.023,0.048451400236435,0.0848963793556104));
#5811=CARTESIAN_POINT('',(-0.0311290353038778,0.048451400236435,0.0907203629603528));
#5812=CARTESIAN_POINT('',(-0.0319419388342656,0.048451400236435,0.0913027613208271));
#5813=CARTESIAN_POINT('',(-0.0322612571181843,0.048451400236435,0.0922504088468383));
#5814=CARTESIAN_POINT('',(-0.031099629234209,0.048451400236435,0.0926418297204034));
#5815=CARTESIAN_POINT('',(-0.036307505527992,0.048451400236435,0.0765305791879273));
#5816=CARTESIAN_POINT('',(-0.0348175580631956,0.048451400236435,0.0749030981109955));
#5817=CARTESIAN_POINT('',(-0.0376602042943488,0.048451400236435,0.0780081424557943));
#5818=CARTESIAN_POINT('',(-0.0340799728513425,0.048451400236435,0.0755783521781848));
#5819=CARTESIAN_POINT('',(-0.0338639782810744,0.048451400236435,0.0746019576136697));
#5820=CARTESIAN_POINT('',(-0.0330000000000018,0.048451400236435,0.0706963793556093));
#5821=CARTESIAN_POINT('',(-0.0326406556337403,0.048451400236435,0.0746802056101585));
#5822=CARTESIAN_POINT('',(-0.032550819542175,0.048451400236435,0.0756761621737958));
#5823=CARTESIAN_POINT('',(-0.0317332139027819,0.048451400236435,0.0751003835545048));
#5824=CARTESIAN_POINT('',(-0.0310052076181269,0.048451400236435,0.0761341524787148));
#5825=CARTESIAN_POINT('',(-0.0303942311596171,0.048451400236435,0.0770017390497986));
#5826=CARTESIAN_POINT('',(-0.0312118367990102,0.048451400236435,0.0775775176690896));
#5827=CARTESIAN_POINT('',(-0.0304653061809184,0.048451400236435,0.0782428687315006));
#5828=CARTESIAN_POINT('',(-0.023,0.048451400236435,0.0848963793556104));
#5829=CARTESIAN_POINT('',(-0.0327383114934676,0.048451400236435,0.0826236520828831));
#5830=CARTESIAN_POINT('',(-0.0337121426428143,0.048451400236435,0.0823963793556104));
#5831=CARTESIAN_POINT('',(-0.0337121426428143,0.048451400236435,0.0833963793556104));
#5832=CARTESIAN_POINT('',(-0.0345000000000003,0.048451400236435,0.0833963793556104));
#5833=CARTESIAN_POINT('',(-0.0352878573571864,0.048451400236435,0.0833963793556104));
#5834=CARTESIAN_POINT('',(-0.0352878573571864,0.048451400236435,0.0823963793556104));
#5835=CARTESIAN_POINT('',(-0.0362616885065331,0.048451400236435,0.0826236520828832));
#5836=CARTESIAN_POINT('',(-0.0460000000000006,0.048451400236435,0.0848963793556108));
#5837=CARTESIAN_POINT('',(-0.0377478355295417,0.048451400236435,0.0792482131441315));
#5838=CARTESIAN_POINT('',(-0.0369226190824958,0.048451400236435,0.0786833965229836));
#5839=CARTESIAN_POINT('',(-0.0330000000000018,0.048451400236435,0.0706963793556092));
#5840=CARTESIAN_POINT('',(-0.0330000000000018,0.048451400236435,0.0687963793556092));
#5841=CARTESIAN_POINT('',(0.0197901193470123,0.048451400236435,0.0827163501983406));
#5842=CARTESIAN_POINT('',(0.0194473476023604,0.048451400236435,0.0838368624824558));
#5843=CARTESIAN_POINT('',(0.0198230701698619,0.048451400236435,0.0826086347802799));
#5844=CARTESIAN_POINT('',(0.0207793279643358,0.048451400236435,0.0829011600450142));
#5845=CARTESIAN_POINT('',(0.0214230985981138,0.048451400236435,0.0821359415330289));
#5846=CARTESIAN_POINT('',(0.0218460708853024,0.048451400236435,0.0824917838618919));
#5847=CARTESIAN_POINT('',(0.0227157341915558,0.048451400236435,0.0832234228500651));
#5848=CARTESIAN_POINT('',(0.0220719635577777,0.048451400236435,0.0839886413620504));
#5849=CARTESIAN_POINT('',(0.0228824768295403,0.048451400236435,0.0845743616334229));
#5850=CARTESIAN_POINT('',(0.0222448038581774,0.048451400236435,0.0854567664802327));
#5851=CARTESIAN_POINT('',(0.0219373359855606,0.048451400236435,0.0858822371418722));
#5852=CARTESIAN_POINT('',(0.021126822713798,0.048451400236435,0.0852965168704996));
#5853=CARTESIAN_POINT('',(0.0202767886859006,0.048451400236435,0.0858232446478347));
#5854=CARTESIAN_POINT('',(0.0201888523198874,0.048451400236435,0.0856813328166815));
#5855=CARTESIAN_POINT('',(0.0195535713689369,0.048451400236435,0.0846561155245251));
#5856=CARTESIAN_POINT('',(0.0204036053968344,0.048451400236435,0.0841293877471901));
#5857=CARTESIAN_POINT('',(0.0356931416328218,0.048451400236435,0.0821792860274264));
#5858=CARTESIAN_POINT('',(0.0354981057945077,0.048451400236435,0.081962097076622));
#5859=CARTESIAN_POINT('',(0.0361811286853557,0.048451400236435,0.0827227010062436));
#5860=CARTESIAN_POINT('',(0.0354370953441663,0.048451400236435,0.0833908434964346));
#5861=CARTESIAN_POINT('',(0.036109206427977,0.048451400236435,0.0841312938263142));
#5862=CARTESIAN_POINT('',(0.0352080097860792,0.048451400236435,0.0849493152752491));
#5863=CARTESIAN_POINT('',(0.0347565572133129,0.048451400236435,0.0853591014090744));
#5864=CARTESIAN_POINT('',(0.0340844461295022,0.048451400236435,0.0846186510791948));
#5865=CARTESIAN_POINT('',(0.0331240294633844,0.048451400236435,0.0848972185350169));
#5866=CARTESIAN_POINT('',(0.0332230632126682,0.048451400236435,0.0852386570675241));
#5867=CARTESIAN_POINT('',(0.0329885439341641,0.048451400236435,0.0844301052467938));
#5868=CARTESIAN_POINT('',(0.0339489606002819,0.048451400236435,0.0841515377909717));
#5869=CARTESIAN_POINT('',(0.0330651051060096,0.048451400236435,0.0836837777400431));
#5870=CARTESIAN_POINT('',(0.0337081950594108,0.048451400236435,0.0824686278197014));
#5871=CARTESIAN_POINT('',(0.0338702169590461,0.048451400236435,0.0821624795158844));
#5872=CARTESIAN_POINT('',(0.0347540724533184,0.048451400236435,0.0826302395668129));
#5873=CARTESIAN_POINT('',(-0.0561000000000022,0.048451400236435,0.0616001493556078));
#5874=CARTESIAN_POINT('',(-0.0561000000000022,0.048451400236435,0.0597001493556078));
#5875=CARTESIAN_POINT('',(-0.0115000000000005,0.048451400236435,0.0982963793556092));
#5876=CARTESIAN_POINT('',(-0.0115000000000005,0.048451400236435,0.0963963793556092));
#5877=CARTESIAN_POINT('',(-4.91794105439425E-16,0.048451400236435,0.0848963793556091));
#5878=CARTESIAN_POINT('',(-4.91794105439425E-16,0.048451400236435,0.0778963793556091));
#5879=CARTESIAN_POINT('',(-0.023,0.048451400236435,0.0848963793556104));
#5880=CARTESIAN_POINT('',(-0.023,0.048451400236435,0.0778963793556104));
#5881=CARTESIAN_POINT('',(-0.0460000000000006,0.048451400236435,0.0848963793556108));
#5882=CARTESIAN_POINT('',(-0.0460000000000006,0.048451400236435,0.0778963793556108));
#5883=CARTESIAN_POINT('',(0.0496336943280764,0.048451400236435,0.0890654006818138));
#5884=CARTESIAN_POINT('',(0.0470186882880973,0.048451400236435,0.0838094515176014));
#5885=CARTESIAN_POINT('',(0.0489576830194963,0.048451400236435,0.0877066730085277));
#5886=CARTESIAN_POINT('',(0.0479139973682954,0.048451400236435,0.0833640060653684));
#5887=CARTESIAN_POINT('',(0.0469872922714252,0.048451400236435,0.0829882166782977));
#5888=CARTESIAN_POINT('',(0.0473024640732143,0.048451400236435,0.0822109959127399));
#5889=CARTESIAN_POINT('',(0.0487480023887835,0.048451400236435,0.0786462658515711));
#5890=CARTESIAN_POINT('',(0.0496747074856536,0.048451400236435,0.0790220552386418));
#5891=CARTESIAN_POINT('',(0.0496570936092249,0.048451400236435,0.0780222103749969));
#5892=CARTESIAN_POINT('',(0.0303471213186859,0.048451400236435,0.0783623866144662));
#5893=CARTESIAN_POINT('',(0.0517823626776346,0.048451400236435,0.0779847703399376));
#5894=CARTESIAN_POINT('',(0.0517999765540633,0.048451400236435,0.0789846152035825));
#5895=CARTESIAN_POINT('',(0.0527999765540633,0.048451400236435,0.0789846152035825));
#5896=CARTESIAN_POINT('',(0.0527999765540633,0.048451400236435,0.0828963769961301));
#5897=CARTESIAN_POINT('',(0.0527999765540633,0.048451400236435,0.087158584152722));
#5898=CARTESIAN_POINT('',(0.0517999765540633,0.048451400236435,0.087158584152722));
#5899=CARTESIAN_POINT('',(0.0518526226144991,0.048451400236435,0.0881571973873232));
#5900=CARTESIAN_POINT('',(0.00612653133999283,0.048451400236435,0.0905678389463563));
#5901=CARTESIAN_POINT('',(0.0499056381601301,0.048451400236435,0.0882598407908959));
#5902=CARTESIAN_POINT('',(0.0498529920996943,0.048451400236435,0.0872612275562948));
#5903=CARTESIAN_POINT('',(0.0310751991937429,0.048451400236435,0.0886028533513423));
#5904=CARTESIAN_POINT('',(0.0309096157551715,0.048451400236435,0.0880319715390078));
#5905=CARTESIAN_POINT('',(0.0303205048170836,0.048451400236435,0.0860008945007299));
#5906=CARTESIAN_POINT('',(0.0299491990890536,0.048451400236435,0.08831053899483));
#5907=CARTESIAN_POINT('',(0.0300018451494895,0.048451400236435,0.0893091522294311));
#5908=CARTESIAN_POINT('',(0.00612653133999283,0.048451400236435,0.0905678389463563));
#5909=CARTESIAN_POINT('',(0.0249789445878299,0.048451400236435,0.0895739553758041));
#5910=CARTESIAN_POINT('',(0.024926298527394,0.048451400236435,0.088575342141203));
#5911=CARTESIAN_POINT('',(0.0241157852556315,0.048451400236435,0.0879896218698304));
#5912=CARTESIAN_POINT('',(0.0235336582805886,0.048451400236435,0.0887951627776389));
#5913=CARTESIAN_POINT('',(0.0258765783066264,0.048451400236435,0.085553055805087));
#5914=CARTESIAN_POINT('',(0.0266870915783889,0.048451400236435,0.0861387760764596));
#5915=CARTESIAN_POINT('',(0.0267396511007369,0.048451400236435,0.0851401582834023));
#5916=CARTESIAN_POINT('',(0.0281590714098848,0.048451400236435,0.0852148655978307));
#5917=CARTESIAN_POINT('',(0.0294126476733138,0.048451400236435,0.0852808441634948));
#5918=CARTESIAN_POINT('',(0.0293600881509658,0.048451400236435,0.0862794619565521));
#5919=CARTESIAN_POINT('',(0.0452634290159537,0.048451400236435,0.0870163546937081));
#5920=CARTESIAN_POINT('',(0.0453063766043029,0.048451400236435,0.0871026758484732));
#5921=CARTESIAN_POINT('',(0.0445332888093664,0.048451400236435,0.0855488323438931));
#5922=CARTESIAN_POINT('',(0.0444110675241049,0.048451400236435,0.0875481213007062));
#5923=CARTESIAN_POINT('',(0.0444637135845407,0.048451400236435,0.0885467345353073));
#5924=CARTESIAN_POINT('',(0.00612653133999283,0.048451400236435,0.0905678389463563));
#5925=CARTESIAN_POINT('',(0.0379719663694002,0.048451400236435,0.0888889740574569));
#5926=CARTESIAN_POINT('',(0.0379193203089644,0.048451400236435,0.0878903608228558));
#5927=CARTESIAN_POINT('',(0.0372472092251537,0.048451400236435,0.0871499104929761));
#5928=CARTESIAN_POINT('',(0.0357881091704889,0.048451400236435,0.0884743441241805));
#5929=CARTESIAN_POINT('',(0.0392693231554895,0.048451400236435,0.0853144258825127));
#5930=CARTESIAN_POINT('',(0.0399414342393002,0.048451400236435,0.0860548762123924));
#5931=CARTESIAN_POINT('',(0.0399250431856802,0.048451400236435,0.0850550105547357));
#5932=CARTESIAN_POINT('',(0.0419003070527747,0.048451400236435,0.0850226295486363));
#5933=CARTESIAN_POINT('',(0.0436215886755484,0.048451400236435,0.0849944121384693));
#5934=CARTESIAN_POINT('',(0.0436379797291684,0.048451400236435,0.085994277796126));
#5935=CARTESIAN_POINT('',(0.0303471213186859,0.048451400236435,0.0783623866144662));
#5936=CARTESIAN_POINT('',(0.0165411783502777,0.048451400236435,0.0786056005192122));
#5937=CARTESIAN_POINT('',(0.00969157441775712,0.048451400236435,0.0787262673162723));
#5938=CARTESIAN_POINT('',(0.0165587922267064,0.048451400236435,0.0796054453828572));
#5939=CARTESIAN_POINT('',(0.0175150500211803,0.048451400236435,0.0798979706475914));
#5940=CARTESIAN_POINT('',(0.0176137798699102,0.048451400236435,0.0795752252345381));
#5941=CARTESIAN_POINT('',(0.0167256123853431,0.048451400236435,0.0824786225895909));
#5942=CARTESIAN_POINT('',(0.0157693545908691,0.048451400236435,0.0821860973248566));
#5943=CARTESIAN_POINT('',(0.0157434625746761,0.048451400236435,0.0831857620704075));
#5944=CARTESIAN_POINT('',(0.0162949903392234,0.048451400236435,0.0832000470253128));
#5945=CARTESIAN_POINT('',(0.0106002330835836,0.048451400236435,0.083052548828808));
#5946=CARTESIAN_POINT('',(0.0106261250997766,0.048451400236435,0.082052884083257));
#5947=CARTESIAN_POINT('',(0.00966011372706959,0.048451400236435,0.0823113836534708));
#5948=CARTESIAN_POINT('',(-4.82253126321552E-16,0.048451400236435,0.0848963793556091));
#5949=CARTESIAN_POINT('',(0.00882653481289617,0.048451400236435,0.0801961364686165));
#5950=CARTESIAN_POINT('',(0.00970918829418583,0.048451400236435,0.0797261121799173));
#5951=CARTESIAN_POINT('',(0.0303471213186859,0.048451400236435,0.0783623866144662));
#5952=CARTESIAN_POINT('',(0.0308132889983355,0.048451400236435,0.0783541743205364));
#5953=CARTESIAN_POINT('',(0.0244454852281844,0.048451400236435,0.0784663534323246));
#5954=CARTESIAN_POINT('',(0.0308309028747642,0.048451400236435,0.0793540191841813));
#5955=CARTESIAN_POINT('',(0.0317147583690364,0.048451400236435,0.0798217792351099));
#5956=CARTESIAN_POINT('',(0.0321442284798181,0.048451400236435,0.0790102744554979));
#5957=CARTESIAN_POINT('',(0.0306870815946683,0.048451400236435,0.0817636247637268));
#5958=CARTESIAN_POINT('',(0.0298032261003961,0.048451400236435,0.0812958647127982));
#5959=CARTESIAN_POINT('',(0.0297506665780481,0.048451400236435,0.0822944825058555));
#5960=CARTESIAN_POINT('',(0.0282138932314204,0.048451400236435,0.0822135986345512));
#5961=CARTESIAN_POINT('',(0.0263741335117296,0.048451400236435,0.082116767902339));
#5962=CARTESIAN_POINT('',(0.0264266930340776,0.048451400236435,0.0811181501092817));
#5963=CARTESIAN_POINT('',(0.0257829224002995,0.048451400236435,0.081883368621267));
#5964=CARTESIAN_POINT('',(0.0223818489499885,0.048451400236435,0.0790220797523503));
#5965=CARTESIAN_POINT('',(0.023819328470835,0.048451400236435,0.0802314168079549));
#5966=CARTESIAN_POINT('',(0.0244630991046131,0.048451400236435,0.0794661982959696));
#5967=CARTESIAN_POINT('',(0.0303471213186859,0.048451400236435,0.0783623866144662));
#5968=CARTESIAN_POINT('',(0.0442228128564715,0.048451400236435,0.0781179439764168));
#5969=CARTESIAN_POINT('',(0.0383946048511738,0.048451400236435,0.0782206172403789));
#5970=CARTESIAN_POINT('',(0.0442404267329003,0.048451400236435,0.0791177888400617));
#5971=CARTESIAN_POINT('',(0.0451671318297704,0.048451400236435,0.0794935782271324));
#5972=CARTESIAN_POINT('',(0.0450663690973089,0.048451400236435,0.0797420613960544));
#5973=CARTESIAN_POINT('',(0.0444054079631249,0.048451400236435,0.0813720064476059));
#5974=CARTESIAN_POINT('',(0.0434787028662547,0.048451400236435,0.0809962170605352));
#5975=CARTESIAN_POINT('',(0.0434950939198747,0.048451400236435,0.0819960827181919));
#5976=CARTESIAN_POINT('',(0.0418872585908306,0.048451400236435,0.0820224403742316));
#5977=CARTESIAN_POINT('',(0.0400736072826866,0.048451400236435,0.0820521720242909));
#5978=CARTESIAN_POINT('',(0.0400572162290667,0.048451400236435,0.0810523063666342));
#5979=CARTESIAN_POINT('',(0.0393131828878772,0.048451400236435,0.0817204488568252));
#5980=CARTESIAN_POINT('',(0.036758931668665,0.048451400236435,0.0788760734477349));
#5981=CARTESIAN_POINT('',(0.0376681853864131,0.048451400236435,0.0798886045942148));
#5982=CARTESIAN_POINT('',(0.0384122187276024,0.048451400236435,0.0792204621040238));
#5983=CARTESIAN_POINT('',(-4.82253126321552E-16,0.048451400236435,0.0848963793556091));
#5984=CARTESIAN_POINT('',(0.00980489130297695,0.048451400236435,0.0868621124343352));
#5985=CARTESIAN_POINT('',(0.00913993306876717,0.048451400236435,0.0889536719872106));
#5986=CARTESIAN_POINT('',(0.0107853804332747,0.048451400236435,0.0870586857422079));
#5987=CARTESIAN_POINT('',(0.0108112724494677,0.048451400236435,0.0860590209966569));
#5988=CARTESIAN_POINT('',(0.0165009299167251,0.048451400236435,0.0862063871050753));
#5989=CARTESIAN_POINT('',(0.0164530821005442,0.048451400236435,0.0862051478131658));
#5990=CARTESIAN_POINT('',(0.0164271900843512,0.048451400236435,0.0872048125587168));
#5991=CARTESIAN_POINT('',(0.0172772241122486,0.048451400236435,0.0866780847813817));
#5992=CARTESIAN_POINT('',(0.018932247239008,0.048451400236435,0.0893489634311094));
#5993=CARTESIAN_POINT('',(0.0183684770782883,0.048451400236435,0.0884391503528063));
#5994=CARTESIAN_POINT('',(0.0175184430503908,0.048451400236435,0.0889658781301413));
#5995=CARTESIAN_POINT('',(0.0175710891108266,0.048451400236435,0.0899644913647425));
#5996=CARTESIAN_POINT('',(0.00612653133999283,0.048451400236435,0.0905678389463563));
#5997=CARTESIAN_POINT('',(0.0101065724360797,0.048451400236435,0.0903580144849719));
#5998=CARTESIAN_POINT('',(0.0100539263756439,0.048451400236435,0.0893594012503708));
#5999=CARTESIAN_POINT('',(-0.00173014841463864,0.048451400236435,0.0698963793556091));
#6000=CARTESIAN_POINT('',(-0.00173014841463846,0.048451400236435,0.0748963793556091));
#6001=CARTESIAN_POINT('',(-0.00207935889343544,0.048451400236435,0.0748841696520729));
#6002=CARTESIAN_POINT('',(-0.0427576744780548,0.048451400236435,0.0609818050612308));
#6003=CARTESIAN_POINT('',(-0.0545153489561072,0.048451400236435,0.0569634607668537));
#6004=CARTESIAN_POINT('',(-0.0561000000000022,0.048451400236435,0.0616001493556078));
#6005=CARTESIAN_POINT('',(-0.0610000000000022,0.048451400236435,0.0616001493556078));
#6006=CARTESIAN_POINT('',(-0.0610000000000022,0.048451400236435,0.0642501493556078));
#6007=CARTESIAN_POINT('',(-0.0610000000000022,0.048451400236435,0.0647271798177906));
#6008=CARTESIAN_POINT('',(-0.0560000000000022,0.048451400236435,0.0647271798177906));
#6009=CARTESIAN_POINT('',(-0.0609702836220799,0.048451400236435,0.0652714965602357));
#6010=CARTESIAN_POINT('',(-0.0604222763784214,0.048451400236435,0.0702754790129912));
#6011=CARTESIAN_POINT('',(-0.0598445527568405,0.048451400236435,0.0755508086703745));
#6012=CARTESIAN_POINT('',(-0.0593475243946327,0.048451400236435,0.07549637699613));
#6013=CARTESIAN_POINT('',(-0.0593475243946327,0.048451400236435,0.07599637699613));
#6014=CARTESIAN_POINT('',(0.00564835724192284,0.048451400236435,0.07599637699613));
#6015=CARTESIAN_POINT('',(-0.0567999765540613,0.048451400236435,0.07599637699613));
#6016=CARTESIAN_POINT('',(-0.0567999765540613,0.048451400236435,0.07789637699613));
#6017=CARTESIAN_POINT('',(-0.0567999765540613,0.048451400236435,0.07979637699613));
#6018=CARTESIAN_POINT('',(0.00564835724192284,0.048451400236435,0.07979637699613));
#6019=CARTESIAN_POINT('',(-0.0587999765540613,0.048451400236435,0.07979637699613));
#6020=CARTESIAN_POINT('',(-0.0587999765540613,0.048451400236435,0.08179637699613));
#6021=CARTESIAN_POINT('',(-0.0607999765540613,0.048451400236435,0.08179637699613));
#6022=CARTESIAN_POINT('',(-0.0607999765540613,0.048451400236435,0.0828963769961301));
#6023=CARTESIAN_POINT('',(-0.0607999765540613,0.048451400236435,0.0839963769961301));
#6024=CARTESIAN_POINT('',(-0.0587999765540613,0.048451400236435,0.0839963769961301));
#6025=CARTESIAN_POINT('',(-0.0587999765540613,0.048451400236435,0.0859963769961301));
#6026=CARTESIAN_POINT('',(0.00564835724192284,0.048451400236435,0.0859963769961301));
#6027=CARTESIAN_POINT('',(-0.0567999765540613,0.048451400236435,0.0859963769961301));
#6028=CARTESIAN_POINT('',(-0.0567999765540613,0.048451400236435,0.0878963769961301));
#6029=CARTESIAN_POINT('',(-0.0567999765540613,0.048451400236435,0.0897963769961301));
#6030=CARTESIAN_POINT('',(0.00564835724192284,0.048451400236435,0.0897963769961301));
#6031=CARTESIAN_POINT('',(-0.0593475243946327,0.048451400236435,0.0897963769961301));
#6032=CARTESIAN_POINT('',(-0.0593475243946327,0.048451400236435,0.0902963769961301));
#6033=CARTESIAN_POINT('',(-0.0597114598004287,0.048451400236435,0.0906392341389872));
#6034=CARTESIAN_POINT('',(-0.0567999765540614,0.048451400236435,0.0878963769961301));
#6035=CARTESIAN_POINT('',(-0.0579577394962096,0.048451400236435,0.0917251607416279));
#6036=CARTESIAN_POINT('',(-0.0488936949572693,0.048451400236435,0.0944659827808738));
#6037=CARTESIAN_POINT('',(-0.0486813359584545,0.048451400236435,0.0945301967442633));
#6038=CARTESIAN_POINT('',(-0.0460000000000006,0.048451400236435,0.0848963793556108));
#6039=CARTESIAN_POINT('',(-0.0460000000000006,0.048451400236435,0.0948963793556091));
#6040=CARTESIAN_POINT('',(-0.0115000000000002,0.048451400236435,0.0948963793556091));
#6041=CARTESIAN_POINT('',(-0.0377551954604533,0.048451400236435,0.0948963793556091));
#6042=CARTESIAN_POINT('',(-0.0377551954604533,0.048451400236435,0.0998963793556091));
#6043=CARTESIAN_POINT('',(-0.0361586040408597,0.048451400236435,0.0951581417255529));
#6044=CARTESIAN_POINT('',(-0.0220323297956022,0.048451400236435,0.0999181157943369));
#6045=CARTESIAN_POINT('',(-0.0130646595912022,0.048451400236435,0.102939852233064));
#6046=CARTESIAN_POINT('',(-0.0115000000000006,0.048451400236435,0.0982963793556092));
#6047=CARTESIAN_POINT('',(-0.00870612753754654,0.048451400236435,0.10232183295285));
#6048=CARTESIAN_POINT('',(-0.00509424799152038,0.048451400236435,0.0998150022174869));
#6049=CARTESIAN_POINT('',(0.000988427774895496,0.048451400236435,0.0955933114412045));
#6050=CARTESIAN_POINT('',(0.00383931804270569,0.048451400236435,0.099700917152675));
#6051=CARTESIAN_POINT('',(0.0035760877405268,0.048451400236435,0.0947078509796692));
#6052=CARTESIAN_POINT('',(0.00052573052700718,0.048451400236435,0.094868663278815));
#6053=CARTESIAN_POINT('',(0.0570105607958044,0.048451400236435,0.0918908299345327));
#6054=CARTESIAN_POINT('',(0.0567999765540614,0.048451400236435,0.0878963769961301));
#6055=CARTESIAN_POINT('',(0.0597114598004258,0.048451400236435,0.0906392341389874));
#6056=CARTESIAN_POINT('',(0.05934752439463,0.048451400236435,0.0902963769961301));
#6057=CARTESIAN_POINT('',(0.05934752439463,0.048451400236435,0.0897963769961301));
#6058=CARTESIAN_POINT('',(0.05855994814474,0.048451400236435,0.0897963769961301));
#6059=CARTESIAN_POINT('',(0.0567999765540613,0.048451400236435,0.0897963769961301));
#6060=CARTESIAN_POINT('',(0.0567999765540613,0.048451400236435,0.0878963769961301));
#6061=CARTESIAN_POINT('',(0.0567999765540613,0.048451400236435,0.0859963769961301));
#6062=CARTESIAN_POINT('',(0.0577499765540613,0.048451400236435,0.0859963769961301));
#6063=CARTESIAN_POINT('',(0.0587999765540594,0.048451400236435,0.0859963769961301));
#6064=CARTESIAN_POINT('',(0.0587999765540594,0.048451400236435,0.0839963769961301));
#6065=CARTESIAN_POINT('',(0.0607999765540594,0.048451400236435,0.0839963769961301));
#6066=CARTESIAN_POINT('',(0.0607999765540594,0.048451400236435,0.0828963769961301));
#6067=CARTESIAN_POINT('',(0.0607999765540594,0.048451400236435,0.0817963769961301));
#6068=CARTESIAN_POINT('',(0.0587999765540594,0.048451400236435,0.0817963769961301));
#6069=CARTESIAN_POINT('',(0.0587999765540594,0.048451400236435,0.0797963769961301));
#6070=CARTESIAN_POINT('',(0.060559948144739,0.048451400236435,0.0797963769961301));
#6071=CARTESIAN_POINT('',(0.0567999765540613,0.048451400236435,0.0797963769961301));
#6072=CARTESIAN_POINT('',(0.0567999765540613,0.048451400236435,0.07789637699613));
#6073=CARTESIAN_POINT('',(0.0549002713131359,0.048451400236435,0.0779298433613446));
#6074=CARTESIAN_POINT('',(0.0549001239335986,0.048451400236435,0.0779298459576724));
#6075=CARTESIAN_POINT('',(0.0548999765540613,0.048451400236435,0.0779298485540001));
#6076=CARTESIAN_POINT('',(0.0548999765540613,0.048451400236435,0.0779131127750651));
#6077=CARTESIAN_POINT('',(0.0548999765540613,0.048451400236435,0.07789637699613));
#6078=CARTESIAN_POINT('',(0.0567999765540613,0.048451400236435,0.07789637699613));
#6079=CARTESIAN_POINT('',(0.0567999765540613,0.048451400236435,0.07599637699613));
#6080=CARTESIAN_POINT('',(0.05855994814474,0.048451400236435,0.07599637699613));
#6081=CARTESIAN_POINT('',(0.05934752439463,0.048451400236435,0.07599637699613));
#6082=CARTESIAN_POINT('',(0.05934752439463,0.048451400236435,0.07549637699613));
#6083=CARTESIAN_POINT('',(0.0597114598004258,0.048451400236435,0.0751535198532727));
#6084=CARTESIAN_POINT('',(0.0567999765540613,0.048451400236435,0.0778963769961301));
#6085=CARTESIAN_POINT('',(0.0567295210483465,0.048451400236435,0.0738969975415522));
#6086=CARTESIAN_POINT('',(0.028364760524173,0.048451400236435,0.0743966884485803));
#6087=CARTESIAN_POINT('',(-5.89805981832114E-17,0.0484514,0.0748963793556091));
#6088=CARTESIAN_POINT('',(-0.0345000000000005,0.048451400236435,0.0748963793556103));
#6089=CARTESIAN_POINT('',(-0.0330000000000018,0.048451400236435,0.0706963793556092));
#6090=CARTESIAN_POINT('',(-0.0364344896883135,0.048451400236435,0.0686459451135814));
#6091=CARTESIAN_POINT('',(-0.0368143191284867,0.048451400236435,0.0719009413449125));
#6092=CARTESIAN_POINT('',(-0.0377678989106078,0.048451400236435,0.0722020818422384));
#6093=CARTESIAN_POINT('',(-0.0370303136987548,0.048451400236435,0.0728773359094277));
#6094=CARTESIAN_POINT('',(-0.0385202611635512,0.048451400236435,0.0745048169863594));
#6095=CARTESIAN_POINT('',(-0.039872959929908,0.048451400236435,0.0759823802542265));
#6096=CARTESIAN_POINT('',(-0.0406105451417611,0.048451400236435,0.0753071261870372));
#6097=CARTESIAN_POINT('',(-0.0411004955834193,0.048451400236435,0.0761788764750893));
#6098=CARTESIAN_POINT('',(-0.0460000000000006,0.048451400236435,0.0848963793556107));
#6099=CARTESIAN_POINT('',(-0.0437272727272733,0.048451400236435,0.0751580678621432));
#6100=CARTESIAN_POINT('',(-0.0435000000000006,0.048451400236435,0.0741842367127965));
#6101=CARTESIAN_POINT('',(-0.0445000000000006,0.048451400236435,0.0741842367127965));
#6102=CARTESIAN_POINT('',(-0.0445000000000006,0.048451400236435,0.0698115079219277));
#6103=CARTESIAN_POINT('',(-0.0445000000000006,0.048451400236435,0.0660120486586353));
#6104=CARTESIAN_POINT('',(-0.0435000000000006,0.048451400236435,0.0660120486586353));
#6105=CARTESIAN_POINT('',(-0.0431766018277771,0.048451400236435,0.0650657856813385));
#6106=CARTESIAN_POINT('',(-0.040049393910012,0.048451400236435,0.0661345512877634));
#6107=CARTESIAN_POINT('',(-0.036969713938168,0.048451400236435,0.0671870735757777));
#6108=CARTESIAN_POINT('',(-0.0372931121103914,0.048451400236435,0.0681333365530744));
#6109=CARTESIAN_POINT('',(-0.0196759306901283,0.048451400236435,0.0964911468082183));
#6110=CARTESIAN_POINT('',(-0.02007805163596,0.048451400236435,0.0963556485698689));
#6111=CARTESIAN_POINT('',(-0.017377703710185,0.048451400236435,0.0972655548820515));
#6112=CARTESIAN_POINT('',(-0.0197587333520412,0.048451400236435,0.0954080010438576));
#6113=CARTESIAN_POINT('',(-0.0200533939564011,0.048451400236435,0.0944523990721988));
#6114=CARTESIAN_POINT('',(-0.023,0.048451400236435,0.0848963793556104));
#6115=CARTESIAN_POINT('',(-0.0132616885065325,0.048451400236435,0.0871691066283377));
#6116=CARTESIAN_POINT('',(-0.0122878573571858,0.048451400236435,0.0873963793556104));
#6117=CARTESIAN_POINT('',(-0.0122878573571858,0.048451400236435,0.0863963793556104));
#6118=CARTESIAN_POINT('',(-0.0115000000000002,0.048451400236435,0.0863963793556104));
#6119=CARTESIAN_POINT('',(-0.0107121426428145,0.048451400236435,0.0863963793556104));
#6120=CARTESIAN_POINT('',(-0.0107121426428145,0.048451400236435,0.0873963793556104));
#6121=CARTESIAN_POINT('',(-0.00973831149346774,0.048451400236435,0.0871691066283375));
#6122=CARTESIAN_POINT('',(-5.33210628428371E-16,0.048451400236435,0.0848963793556091));
#6123=CARTESIAN_POINT('',(-0.00528963602021311,0.048451400236435,0.0933828244755441));
#6124=CARTESIAN_POINT('',(-0.00581859962223436,0.048451400236435,0.0942314689875376));
#6125=CARTESIAN_POINT('',(-0.00524842156867232,0.048451400236435,0.0950529901298317));
#6126=CARTESIAN_POINT('',(-0.00545929953301954,0.048451400236435,0.0951993503159066));
#6127=CARTESIAN_POINT('',(-0.00614056126662478,0.048451400236435,0.0956721811041059));
#6128=CARTESIAN_POINT('',(-0.00671073932018682,0.048451400236435,0.0948506599618118));
#6129=CARTESIAN_POINT('',(-0.00752247841846033,0.048451400236435,0.0954346801980486));
#6130=CARTESIAN_POINT('',(-0.0115000000000006,0.048451400236435,0.0982963793556092));
#6131=CARTESIAN_POINT('',(-0.0161162862014755,0.048451400236435,0.0966532415932554));
#6132=CARTESIAN_POINT('',(-0.0170583854262663,0.048451400236435,0.0963179073560403));
#6133=CARTESIAN_POINT('',(-0.023,0.048451400236435,0.0848963793556104));
#6134=CARTESIAN_POINT('',(-0.0197976238273048,0.048451400236435,0.0754230068384677));
#6135=CARTESIAN_POINT('',(-0.0267489169109498,0.048451400236435,0.0756256931892689));
#6136=CARTESIAN_POINT('',(-0.0271238086020448,0.048451400236435,0.0746986245726348));
#6137=CARTESIAN_POINT('',(-0.0279414142414379,0.048451400236435,0.0752744031919257));
#6138=CARTESIAN_POINT('',(-0.0285523906999476,0.048451400236435,0.074406816620842));
#6139=CARTESIAN_POINT('',(-0.0292803969846026,0.048451400236435,0.073373047696632));
#6140=CARTESIAN_POINT('',(-0.0284627913452095,0.048451400236435,0.072797269077341));
#6141=CARTESIAN_POINT('',(-0.0293702330761679,0.048451400236435,0.0723770911329946));
#6142=CARTESIAN_POINT('',(-0.0330000000000018,0.048451400236435,0.0706963793556092));
#6143=CARTESIAN_POINT('',(-0.0290289653696794,0.048451400236435,0.07117688322113));
#6144=CARTESIAN_POINT('',(-0.0280362067120988,0.048451400236435,0.0712970091875101));
#6145=CARTESIAN_POINT('',(-0.0277128085398753,0.048451400236435,0.0703507462102134));
#6146=CARTESIAN_POINT('',(-0.0234597427189764,0.048451400236435,0.0718042889840775));
#6147=CARTESIAN_POINT('',(-0.0190242014320841,0.048451400236435,0.0733201952167196));
#6148=CARTESIAN_POINT('',(-0.0193475996043076,0.048451400236435,0.0742664581940164));
#6149=CARTESIAN_POINT('',(-0.0184978343563038,0.048451400236435,0.0747936194817502));
#6150=CARTESIAN_POINT('',(-0.0184492144101397,0.048451400236435,0.0747152458576404));
#6151=CARTESIAN_POINT('',(-0.0186276209620316,0.048451400236435,0.0750028308744872));
#6152=CARTESIAN_POINT('',(-0.0194773862100353,0.048451400236435,0.0744756695867535));
#6153=CARTESIAN_POINT('',(0.00564835724192284,0.0424514002364351,0.0843963781758704));
#6154=CARTESIAN_POINT('',(-0.0475000000000006,0.0424514002364351,0.0843963781758704));
#6155=CARTESIAN_POINT('',(-0.0475000000000006,0.0424514002364351,0.0643032310255744));
#6156=CARTESIAN_POINT('',(-0.0475000000000006,0.0424514002364351,0.0741842367127965));
#6157=CARTESIAN_POINT('',(-0.0485000000000006,0.0424514002364351,0.0643032310255744));
#6158=CARTESIAN_POINT('',(-0.0481766018277771,0.0424514002364351,0.0633569680482777));
#6159=CARTESIAN_POINT('',(0.00645747407714068,0.0424514002364351,0.0820289025027392));
#6160=CARTESIAN_POINT('',(-0.0502267920543284,0.0424514002364351,0.0626562878062257));
#6161=CARTESIAN_POINT('',(-0.0505501902265519,0.0424514002364351,0.0636025507835225));
#6162=CARTESIAN_POINT('',(-0.0514908359508655,0.0424514002364351,0.0632631607109946));
#6163=CARTESIAN_POINT('',(-0.0561000000000022,0.0424514002364351,0.0616001493556078));
#6164=CARTESIAN_POINT('',(-0.0557659888349932,0.0424514002364351,0.0664887520743455));
#6165=CARTESIAN_POINT('',(-0.0556978232911137,0.0424514002364351,0.0674864260985777));
#6166=CARTESIAN_POINT('',(-0.0566918800155293,0.0424514002364351,0.0675952894470667));
#6167=CARTESIAN_POINT('',(-0.054134919219192,0.0424514002364351,0.0909434971675234));
#6168=CARTESIAN_POINT('',(-0.0562893032387374,0.0424514002364351,0.0712713122556426));
#6169=CARTESIAN_POINT('',(-0.0552952465143218,0.0424514002364351,0.0711624489071536));
#6170=CARTESIAN_POINT('',(-0.0555133233316754,0.0424514002364351,0.0721383805142517));
#6171=CARTESIAN_POINT('',(-0.0567999765540613,0.0424514002364351,0.0778963769961301));
#6172=CARTESIAN_POINT('',(-0.0514862424480943,0.0424514002364351,0.0753323508942575));
#6173=CARTESIAN_POINT('',(-0.0505856095487779,0.0424514002364351,0.0748977701990249));
#6174=CARTESIAN_POINT('',(-0.0501687359534345,0.0424514002364351,0.0758067346678054));
#6175=CARTESIAN_POINT('',(-0.0460000000000006,0.0424514002364351,0.0848963793556108));
#6176=CARTESIAN_POINT('',(-0.0482727272727279,0.0424514002364351,0.0751580678621432));
#6177=CARTESIAN_POINT('',(-0.0485000000000006,0.0424514002364351,0.0741842367127965));
#6178=CARTESIAN_POINT('',(-0.0330000000000018,0.0424514002364351,0.0706963793556092));
#6179=CARTESIAN_POINT('',(-0.0330000000000018,0.0424514002364351,0.0687963793556092));
#6180=CARTESIAN_POINT('',(-0.0427576744780548,0.0424514002364351,0.0609818050612308));
#6181=CARTESIAN_POINT('',(-0.00207935889343544,0.0424514002364351,0.0748841696520729));
#6182=CARTESIAN_POINT('',(-0.0545153489561072,0.0424514002364351,0.0569634607668537));
#6183=CARTESIAN_POINT('',(-0.00173014841463864,0.0424514002364351,0.0698963793556091));
#6184=CARTESIAN_POINT('',(-0.00173014841463846,0.0424514002364351,0.0748963793556091));
#6185=CARTESIAN_POINT('',(-0.0345000000000005,0.0424514002364351,0.0748963793556103));
#6186=CARTESIAN_POINT('',(-5.51276753807285E-17,0.0424514002364351,0.0748963793556091));
#6187=CARTESIAN_POINT('',(0.028364760524173,0.0424514002364351,0.0743966884485803));
#6188=CARTESIAN_POINT('',(0.0567295210483465,0.0424514002364351,0.0738969975415522));
#6189=CARTESIAN_POINT('',(0.0567999765540613,0.0424514002364351,0.0778963769961301));
#6190=CARTESIAN_POINT('',(0.0597114598004258,0.0424514002364351,0.0751535198532727));
#6191=CARTESIAN_POINT('',(0.05934752439463,0.0424514002364351,0.07549637699613));
#6192=CARTESIAN_POINT('',(0.05934752439463,0.0424514002364351,0.07599637699613));
#6193=CARTESIAN_POINT('',(0.05855994814474,0.0424514002364351,0.07599637699613));
#6194=CARTESIAN_POINT('',(0.0567999765540613,0.0424514002364351,0.07599637699613));
#6195=CARTESIAN_POINT('',(0.0567999765540613,0.0424514002364351,0.07789637699613));
#6196=CARTESIAN_POINT('',(0.0548999765540613,0.0424514002364351,0.07789637699613));
#6197=CARTESIAN_POINT('',(0.0548999765540613,0.0424514002364351,0.0779131127750651));
#6198=CARTESIAN_POINT('',(0.0548999765540613,0.0424514002364351,0.0779298459576724));
#6199=CARTESIAN_POINT('',(0.0549001239335986,0.0424514002364351,0.0779298459576724));
#6200=CARTESIAN_POINT('',(0.0549002713131359,0.0424514002364351,0.0779298433613446));
#6201=CARTESIAN_POINT('',(0.0567999765540613,0.0424514002364351,0.07789637699613));
#6202=CARTESIAN_POINT('',(0.0567999765540613,0.0424514002364351,0.0797963769961301));
#6203=CARTESIAN_POINT('',(0.060559948144739,0.0424514002364351,0.0797963769961301));
#6204=CARTESIAN_POINT('',(0.0587999765540594,0.0424514002364351,0.0797963769961301));
#6205=CARTESIAN_POINT('',(0.0587999765540594,0.0424514002364351,0.0817963769961301));
#6206=CARTESIAN_POINT('',(0.0607999765540594,0.0424514002364351,0.0817963769961301));
#6207=CARTESIAN_POINT('',(0.0607999765540594,0.0424514002364351,0.0828963769961301));
#6208=CARTESIAN_POINT('',(0.0607999765540594,0.0424514002364351,0.0839963769961301));
#6209=CARTESIAN_POINT('',(0.0587999765540594,0.0424514002364351,0.0839963769961301));
#6210=CARTESIAN_POINT('',(0.0587999765540594,0.0424514002364351,0.0859963769961301));
#6211=CARTESIAN_POINT('',(0.0577499765540613,0.0424514002364351,0.0859963769961301));
#6212=CARTESIAN_POINT('',(0.0567999765540613,0.0424514002364351,0.0859963769961301));
#6213=CARTESIAN_POINT('',(0.0567999765540613,0.0424514002364351,0.0878963769961301));
#6214=CARTESIAN_POINT('',(0.0567999765540613,0.0424514002364351,0.0897963769961301));
#6215=CARTESIAN_POINT('',(0.05855994814474,0.0424514002364351,0.0897963769961301));
#6216=CARTESIAN_POINT('',(0.05934752439463,0.0424514002364351,0.0897963769961301));
#6217=CARTESIAN_POINT('',(0.05934752439463,0.0424514002364351,0.0902963769961301));
#6218=CARTESIAN_POINT('',(0.0597114598004258,0.0424514002364351,0.0906392341389874));
#6219=CARTESIAN_POINT('',(0.0567999765540614,0.0424514002364351,0.0878963769961301));
#6220=CARTESIAN_POINT('',(0.0570105607958044,0.0424514002364351,0.0918908299345327));
#6221=CARTESIAN_POINT('',(0.00052573052700718,0.0424514002364351,0.094868663278815));
#6222=CARTESIAN_POINT('',(0.0035760877405268,0.0424514002364351,0.0947078509796692));
#6223=CARTESIAN_POINT('',(0.00383931804270569,0.0424514002364351,0.099700917152675));
#6224=CARTESIAN_POINT('',(0.000988427774895496,0.0424514002364351,0.0955933114412045));
#6225=CARTESIAN_POINT('',(-0.00509424799152038,0.0424514002364351,0.0998150022174869));
#6226=CARTESIAN_POINT('',(-0.00870612753754654,0.0424514002364351,0.10232183295285));
#6227=CARTESIAN_POINT('',(-0.0115000000000006,0.0424514002364351,0.0982963793556092));
#6228=CARTESIAN_POINT('',(-0.0130646595912022,0.0424514002364351,0.102939852233064));
#6229=CARTESIAN_POINT('',(-0.0220323297956022,0.0424514002364351,0.0999181157943369));
#6230=CARTESIAN_POINT('',(-0.0361586040408597,0.0424514002364351,0.0951581417255529));
#6231=CARTESIAN_POINT('',(-0.0377551954604533,0.0424514002364351,0.0998963793556091));
#6232=CARTESIAN_POINT('',(-0.0377551954604533,0.0424514002364351,0.0948963793556091));
#6233=CARTESIAN_POINT('',(-0.0115000000000002,0.0424514002364351,0.0948963793556091));
#6234=CARTESIAN_POINT('',(-0.0460000000000006,0.0424514002364351,0.0948963793556108));
#6235=CARTESIAN_POINT('',(-0.0460000000000006,0.0424514002364351,0.0848963793556108));
#6236=CARTESIAN_POINT('',(-0.0486813359584545,0.0424514002364351,0.0945301967442633));
#6237=CARTESIAN_POINT('',(-0.0488936949572693,0.0424514002364351,0.0944659827808738));
#6238=CARTESIAN_POINT('',(-0.0579577394962096,0.0424514002364351,0.0917251607416279));
#6239=CARTESIAN_POINT('',(-0.0567999765540614,0.0424514002364351,0.0878963769961301));
#6240=CARTESIAN_POINT('',(-0.0597114598004287,0.0424514002364351,0.0906392341389872));
#6241=CARTESIAN_POINT('',(-0.0593475243946327,0.0424514002364351,0.0902963769961301));
#6242=CARTESIAN_POINT('',(-0.0593475243946327,0.0424514002364351,0.0897963769961301));
#6243=CARTESIAN_POINT('',(-0.0613947084504576,0.0424514002364351,0.0897963769961301));
#6244=CARTESIAN_POINT('',(-0.0567999765540613,0.0424514002364351,0.0897963769961301));
#6245=CARTESIAN_POINT('',(-0.0567999765540613,0.0424514002364351,0.0878963769961301));
#6246=CARTESIAN_POINT('',(-0.0567999765540613,0.0424514002364351,0.0859963769961301));
#6247=CARTESIAN_POINT('',(-0.0626457359607861,0.0424514002364351,0.0859963769961301));
#6248=CARTESIAN_POINT('',(-0.0587999765540613,0.0424514002364351,0.0859963769961301));
#6249=CARTESIAN_POINT('',(-0.0587999765540613,0.0424514002364351,0.0839963769961301));
#6250=CARTESIAN_POINT('',(-0.0607999765540613,0.0424514002364351,0.0839963769961301));
#6251=CARTESIAN_POINT('',(-0.0607999765540613,0.0424514002364351,0.0828963769961301));
#6252=CARTESIAN_POINT('',(-0.0607999765540613,0.0424514002364351,0.08179637699613));
#6253=CARTESIAN_POINT('',(-0.0587999765540613,0.0424514002364351,0.08179637699613));
#6254=CARTESIAN_POINT('',(-0.0587999765540613,0.0424514002364351,0.07979637699613));
#6255=CARTESIAN_POINT('',(-0.062754977391385,0.0424514002364351,0.07979637699613));
#6256=CARTESIAN_POINT('',(-0.0567999765540613,0.0424514002364351,0.07979637699613));
#6257=CARTESIAN_POINT('',(-0.0567999765540613,0.0424514002364351,0.07789637699613));
#6258=CARTESIAN_POINT('',(-0.0567999765540613,0.0424514002364351,0.07599637699613));
#6259=CARTESIAN_POINT('',(-0.0624673943525113,0.0424514002364351,0.07599637699613));
#6260=CARTESIAN_POINT('',(-0.0593475243946327,0.0424514002364351,0.07599637699613));
#6261=CARTESIAN_POINT('',(-0.0593475243946327,0.0424514002364351,0.07549637699613));
#6262=CARTESIAN_POINT('',(-0.0598445527568405,0.0424514002364351,0.0755508086703745));
#6263=CARTESIAN_POINT('',(-0.0604222763784214,0.0424514002364351,0.0702754790129912));
#6264=CARTESIAN_POINT('',(-0.0609702836220799,0.0424514002364351,0.0652714965602357));
#6265=CARTESIAN_POINT('',(-0.0560000000000022,0.0424514002364351,0.0647271798177906));
#6266=CARTESIAN_POINT('',(-0.0610000000000022,0.0424514002364351,0.0647271798177906));
#6267=CARTESIAN_POINT('',(-0.0610000000000022,0.0424514002364351,0.0642501493556078));
#6268=CARTESIAN_POINT('',(-0.0610000000000022,0.0424514002364351,0.0616001493556078));
#6269=CARTESIAN_POINT('',(-0.0561000000000022,0.0424514002364351,0.0616001493556078));
#6270=CARTESIAN_POINT('',(0.0418872585908306,0.0424514002364351,0.0820224403742316));
#6271=CARTESIAN_POINT('',(0.0400736072826866,0.0424514002364351,0.0820521720242909));
#6272=CARTESIAN_POINT('',(0.0434950939198747,0.0424514002364351,0.0819960827181919));
#6273=CARTESIAN_POINT('',(0.0434787028662547,0.0424514002364351,0.0809962170605352));
#6274=CARTESIAN_POINT('',(0.0444054079631249,0.0424514002364351,0.0813720064476059));
#6275=CARTESIAN_POINT('',(0.0450663690973089,0.0424514002364351,0.0797420613960544));
#6276=CARTESIAN_POINT('',(0.0451671318297704,0.0424514002364351,0.0794935782271324));
#6277=CARTESIAN_POINT('',(0.0442404267329003,0.0424514002364351,0.0791177888400617));
#6278=CARTESIAN_POINT('',(0.0442228128564715,0.0424514002364351,0.0781179439764168));
#6279=CARTESIAN_POINT('',(0.0303471213186859,0.0424514002364351,0.0783623866144662));
#6280=CARTESIAN_POINT('',(0.0383946048511738,0.0424514002364351,0.0782206172403789));
#6281=CARTESIAN_POINT('',(0.0384122187276024,0.0424514002364351,0.0792204621040238));
#6282=CARTESIAN_POINT('',(0.0376681853864131,0.0424514002364351,0.0798886045942148));
#6283=CARTESIAN_POINT('',(0.036758931668665,0.0424514002364351,0.0788760734477349));
#6284=CARTESIAN_POINT('',(0.0393131828878772,0.0424514002364351,0.0817204488568252));
#6285=CARTESIAN_POINT('',(0.0400572162290667,0.0424514002364351,0.0810523063666342));
#6286=CARTESIAN_POINT('',(0.0282138932314204,0.0424514002364351,0.0822135986345512));
#6287=CARTESIAN_POINT('',(0.0297506665780481,0.0424514002364351,0.0822944825058555));
#6288=CARTESIAN_POINT('',(0.0263741335117296,0.0424514002364351,0.082116767902339));
#6289=CARTESIAN_POINT('',(0.0298032261003961,0.0424514002364351,0.0812958647127982));
#6290=CARTESIAN_POINT('',(0.0306870815946683,0.0424514002364351,0.0817636247637268));
#6291=CARTESIAN_POINT('',(0.0321442284798181,0.0424514002364351,0.0790102744554979));
#6292=CARTESIAN_POINT('',(0.0317147583690364,0.0424514002364351,0.0798217792351099));
#6293=CARTESIAN_POINT('',(0.0308309028747642,0.0424514002364351,0.0793540191841813));
#6294=CARTESIAN_POINT('',(0.0308132889983355,0.0424514002364351,0.0783541743205364));
#6295=CARTESIAN_POINT('',(0.0303471213186859,0.0424514002364351,0.0783623866144662));
#6296=CARTESIAN_POINT('',(0.0244454852281844,0.0424514002364351,0.0784663534323246));
#6297=CARTESIAN_POINT('',(0.0244630991046131,0.0424514002364351,0.0794661982959696));
#6298=CARTESIAN_POINT('',(0.023819328470835,0.0424514002364351,0.0802314168079549));
#6299=CARTESIAN_POINT('',(0.0223818489499885,0.0424514002364351,0.0790220797523503));
#6300=CARTESIAN_POINT('',(0.0257829224002995,0.0424514002364351,0.081883368621267));
#6301=CARTESIAN_POINT('',(0.0264266930340776,0.0424514002364351,0.0811181501092817));
#6302=CARTESIAN_POINT('',(0.0162949903392234,0.0424514002364351,0.0832000470253128));
#6303=CARTESIAN_POINT('',(0.0106002330835836,0.0424514002364351,0.083052548828808));
#6304=CARTESIAN_POINT('',(0.0157434625746761,0.0424514002364351,0.0831857620704075));
#6305=CARTESIAN_POINT('',(0.0157693545908691,0.0424514002364351,0.0821860973248566));
#6306=CARTESIAN_POINT('',(0.0167256123853431,0.0424514002364351,0.0824786225895909));
#6307=CARTESIAN_POINT('',(0.0176137798699102,0.0424514002364351,0.0795752252345381));
#6308=CARTESIAN_POINT('',(0.0175150500211803,0.0424514002364351,0.0798979706475914));
#6309=CARTESIAN_POINT('',(0.0165587922267064,0.0424514002364351,0.0796054453828572));
#6310=CARTESIAN_POINT('',(0.0165411783502777,0.0424514002364351,0.0786056005192122));
#6311=CARTESIAN_POINT('',(0.0303471213186859,0.0424514002364351,0.0783623866144662));
#6312=CARTESIAN_POINT('',(0.00969157441775712,0.0424514002364351,0.0787262673162723));
#6313=CARTESIAN_POINT('',(0.00970918829418583,0.0424514002364351,0.0797261121799173));
#6314=CARTESIAN_POINT('',(0.00882653481289617,0.0424514002364351,0.0801961364686165));
#6315=CARTESIAN_POINT('',(-4.82253126321552E-16,0.0424514002364351,0.0848963793556091));
#6316=CARTESIAN_POINT('',(0.00966011372706959,0.0424514002364351,0.0823113836534708));
#6317=CARTESIAN_POINT('',(0.0106261250997766,0.0424514002364351,0.082052884083257));
#6318=CARTESIAN_POINT('',(0.0165009299167251,0.0424514002364351,0.0862063871050753));
#6319=CARTESIAN_POINT('',(0.0108112724494677,0.0424514002364351,0.0860590209966569));
#6320=CARTESIAN_POINT('',(0.0164530821005442,0.0424514002364351,0.0862051478131658));
#6321=CARTESIAN_POINT('',(0.0107853804332747,0.0424514002364351,0.0870586857422079));
#6322=CARTESIAN_POINT('',(0.00980489130297695,0.0424514002364351,0.0868621124343352));
#6323=CARTESIAN_POINT('',(-4.82253126321552E-16,0.0424514002364351,0.0848963793556091));
#6324=CARTESIAN_POINT('',(0.00913993306876717,0.0424514002364351,0.0889536719872106));
#6325=CARTESIAN_POINT('',(0.0100539263756439,0.0424514002364351,0.0893594012503708));
#6326=CARTESIAN_POINT('',(0.0101065724360797,0.0424514002364351,0.0903580144849719));
#6327=CARTESIAN_POINT('',(0.00612653133999283,0.0424514002364351,0.0905678389463563));
#6328=CARTESIAN_POINT('',(0.0175710891108266,0.0424514002364351,0.0899644913647425));
#6329=CARTESIAN_POINT('',(0.0175184430503908,0.0424514002364351,0.0889658781301413));
#6330=CARTESIAN_POINT('',(0.0183684770782883,0.0424514002364351,0.0884391503528063));
#6331=CARTESIAN_POINT('',(0.018932247239008,0.0424514002364351,0.0893489634311094));
#6332=CARTESIAN_POINT('',(0.0172772241122486,0.0424514002364351,0.0866780847813817));
#6333=CARTESIAN_POINT('',(0.0164271900843512,0.0424514002364351,0.0872048125587168));
#6334=CARTESIAN_POINT('',(0.00612653133999283,0.0424514002364351,0.0905678389463563));
#6335=CARTESIAN_POINT('',(0.0444637135845407,0.0424514002364351,0.0885467345353073));
#6336=CARTESIAN_POINT('',(0.0379719663694002,0.0424514002364351,0.0888889740574569));
#6337=CARTESIAN_POINT('',(0.0444110675241049,0.0424514002364351,0.0875481213007062));
#6338=CARTESIAN_POINT('',(0.0453063766043029,0.0424514002364351,0.0871026758484732));
#6339=CARTESIAN_POINT('',(0.0452634290159537,0.0424514002364351,0.0870163546937081));
#6340=CARTESIAN_POINT('',(0.0445332888093664,0.0424514002364351,0.0855488323438931));
#6341=CARTESIAN_POINT('',(0.0436379797291684,0.0424514002364351,0.085994277796126));
#6342=CARTESIAN_POINT('',(0.0436215886755484,0.0424514002364351,0.0849944121384693));
#6343=CARTESIAN_POINT('',(0.0419003070527747,0.0424514002364351,0.0850226295486363));
#6344=CARTESIAN_POINT('',(0.0399250431856802,0.0424514002364351,0.0850550105547357));
#6345=CARTESIAN_POINT('',(0.0399414342393002,0.0424514002364351,0.0860548762123924));
#6346=CARTESIAN_POINT('',(0.0392693231554895,0.0424514002364351,0.0853144258825127));
#6347=CARTESIAN_POINT('',(0.0357881091704889,0.0424514002364351,0.0884743441241805));
#6348=CARTESIAN_POINT('',(0.0372472092251537,0.0424514002364351,0.0871499104929761));
#6349=CARTESIAN_POINT('',(0.0379193203089644,0.0424514002364351,0.0878903608228558));
#6350=CARTESIAN_POINT('',(0.00612653133999283,0.0424514002364351,0.0905678389463563));
#6351=CARTESIAN_POINT('',(0.0300018451494895,0.0424514002364351,0.0893091522294311));
#6352=CARTESIAN_POINT('',(0.0249789445878299,0.0424514002364351,0.0895739553758041));
#6353=CARTESIAN_POINT('',(0.0299491990890536,0.0424514002364351,0.08831053899483));
#6354=CARTESIAN_POINT('',(0.0309096157551715,0.0424514002364351,0.0880319715390078));
#6355=CARTESIAN_POINT('',(0.0310751991937429,0.0424514002364351,0.0886028533513423));
#6356=CARTESIAN_POINT('',(0.0303205048170836,0.0424514002364351,0.0860008945007299));
#6357=CARTESIAN_POINT('',(0.0293600881509658,0.0424514002364351,0.0862794619565521));
#6358=CARTESIAN_POINT('',(0.0294126476733138,0.0424514002364351,0.0852808441634948));
#6359=CARTESIAN_POINT('',(0.0281590714098848,0.0424514002364351,0.0852148655978307));
#6360=CARTESIAN_POINT('',(0.0267396511007369,0.0424514002364351,0.0851401582834023));
#6361=CARTESIAN_POINT('',(0.0266870915783889,0.0424514002364351,0.0861387760764596));
#6362=CARTESIAN_POINT('',(0.0258765783066264,0.0424514002364351,0.085553055805087));
#6363=CARTESIAN_POINT('',(0.0235336582805886,0.0424514002364351,0.0887951627776389));
#6364=CARTESIAN_POINT('',(0.0241157852556315,0.0424514002364351,0.0879896218698304));
#6365=CARTESIAN_POINT('',(0.024926298527394,0.0424514002364351,0.088575342141203));
#6366=CARTESIAN_POINT('',(0.0527999765540633,0.0424514002364351,0.0828963769961301));
#6367=CARTESIAN_POINT('',(0.0527999765540633,0.0424514002364351,0.087158584152722));
#6368=CARTESIAN_POINT('',(0.0527999765540633,0.0424514002364351,0.0789846152035825));
#6369=CARTESIAN_POINT('',(0.0517999765540633,0.0424514002364351,0.0789846152035825));
#6370=CARTESIAN_POINT('',(0.0517823626776346,0.0424514002364351,0.0779847703399376));
#6371=CARTESIAN_POINT('',(0.0303471213186859,0.0424514002364351,0.0783623866144662));
#6372=CARTESIAN_POINT('',(0.0496570936092249,0.0424514002364351,0.0780222103749969));
#6373=CARTESIAN_POINT('',(0.0496747074856536,0.0424514002364351,0.0790220552386418));
#6374=CARTESIAN_POINT('',(0.0487480023887835,0.0424514002364351,0.0786462658515711));
#6375=CARTESIAN_POINT('',(0.0473024640732143,0.0424514002364351,0.0822109959127399));
#6376=CARTESIAN_POINT('',(0.0469872922714252,0.0424514002364351,0.0829882166782977));
#6377=CARTESIAN_POINT('',(0.0479139973682954,0.0424514002364351,0.0833640060653684));
#6378=CARTESIAN_POINT('',(0.0470186882880973,0.0424514002364351,0.0838094515176014));
#6379=CARTESIAN_POINT('',(0.0496336943280764,0.0424514002364351,0.0890654006818138));
#6380=CARTESIAN_POINT('',(0.0489576830194963,0.0424514002364351,0.0877066730085277));
#6381=CARTESIAN_POINT('',(0.0498529920996943,0.0424514002364351,0.0872612275562948));
#6382=CARTESIAN_POINT('',(0.0499056381601301,0.0424514002364351,0.0882598407908959));
#6383=CARTESIAN_POINT('',(0.00612653133999283,0.0424514002364351,0.0905678389463563));
#6384=CARTESIAN_POINT('',(0.0518526226144991,0.0424514002364351,0.0881571973873232));
#6385=CARTESIAN_POINT('',(0.0517999765540633,0.0424514002364351,0.087158584152722));
#6386=CARTESIAN_POINT('',(-4.91794105439425E-16,0.0424514002364351,0.0848963793556091));
#6387=CARTESIAN_POINT('',(-4.91794105439425E-16,0.0424514002364351,0.0778963793556091));
#6388=CARTESIAN_POINT('',(-0.023,0.0424514002364351,0.0848963793556104));
#6389=CARTESIAN_POINT('',(-0.023,0.0424514002364351,0.0778963793556104));
#6390=CARTESIAN_POINT('',(-0.0460000000000006,0.0424514002364351,0.0848963793556108));
#6391=CARTESIAN_POINT('',(-0.0460000000000006,0.0424514002364351,0.0778963793556108));
#6392=CARTESIAN_POINT('',(-0.0115000000000005,0.0424514002364351,0.0982963793556092));
#6393=CARTESIAN_POINT('',(-0.0115000000000005,0.0424514002364351,0.0963963793556092));
#6394=CARTESIAN_POINT('',(-0.0561000000000022,0.0424514002364351,0.0616001493556078));
#6395=CARTESIAN_POINT('',(-0.0561000000000022,0.0424514002364351,0.0597001493556078));
#6396=CARTESIAN_POINT('',(0.0352080097860792,0.0424514002364351,0.0849493152752491));
#6397=CARTESIAN_POINT('',(0.036109206427977,0.0424514002364351,0.0841312938263142));
#6398=CARTESIAN_POINT('',(0.0347565572133129,0.0424514002364351,0.0853591014090744));
#6399=CARTESIAN_POINT('',(0.0354370953441663,0.0424514002364351,0.0833908434964346));
#6400=CARTESIAN_POINT('',(0.0361811286853557,0.0424514002364351,0.0827227010062436));
#6401=CARTESIAN_POINT('',(0.0356931416328218,0.0424514002364351,0.0821792860274264));
#6402=CARTESIAN_POINT('',(0.0354981057945077,0.0424514002364351,0.081962097076622));
#6403=CARTESIAN_POINT('',(0.0347540724533184,0.0424514002364351,0.0826302395668129));
#6404=CARTESIAN_POINT('',(0.0338702169590461,0.0424514002364351,0.0821624795158844));
#6405=CARTESIAN_POINT('',(0.0337081950594108,0.0424514002364351,0.0824686278197014));
#6406=CARTESIAN_POINT('',(0.0330651051060096,0.0424514002364351,0.0836837777400431));
#6407=CARTESIAN_POINT('',(0.0339489606002819,0.0424514002364351,0.0841515377909717));
#6408=CARTESIAN_POINT('',(0.0329885439341641,0.0424514002364351,0.0844301052467938));
#6409=CARTESIAN_POINT('',(0.0332230632126682,0.0424514002364351,0.0852386570675241));
#6410=CARTESIAN_POINT('',(0.0331240294633844,0.0424514002364351,0.0848972185350169));
#6411=CARTESIAN_POINT('',(0.0340844461295022,0.0424514002364351,0.0846186510791948));
#6412=CARTESIAN_POINT('',(0.0218460708853024,0.0424514002364351,0.0824917838618919));
#6413=CARTESIAN_POINT('',(0.0214230985981138,0.0424514002364351,0.0821359415330289));
#6414=CARTESIAN_POINT('',(0.0227157341915558,0.0424514002364351,0.0832234228500651));
#6415=CARTESIAN_POINT('',(0.0207793279643358,0.0424514002364351,0.0829011600450142));
#6416=CARTESIAN_POINT('',(0.0198230701698619,0.0424514002364351,0.0826086347802799));
#6417=CARTESIAN_POINT('',(0.0197901193470123,0.0424514002364351,0.0827163501983406));
#6418=CARTESIAN_POINT('',(0.0194473476023604,0.0424514002364351,0.0838368624824558));
#6419=CARTESIAN_POINT('',(0.0204036053968344,0.0424514002364351,0.0841293877471901));
#6420=CARTESIAN_POINT('',(0.0195535713689369,0.0424514002364351,0.0846561155245251));
#6421=CARTESIAN_POINT('',(0.0201888523198874,0.0424514002364351,0.0856813328166815));
#6422=CARTESIAN_POINT('',(0.0202767886859006,0.0424514002364351,0.0858232446478347));
#6423=CARTESIAN_POINT('',(0.021126822713798,0.0424514002364351,0.0852965168704996));
#6424=CARTESIAN_POINT('',(0.0219373359855606,0.0424514002364351,0.0858822371418722));
#6425=CARTESIAN_POINT('',(0.0222448038581774,0.0424514002364351,0.0854567664802327));
#6426=CARTESIAN_POINT('',(0.0228824768295403,0.0424514002364351,0.0845743616334229));
#6427=CARTESIAN_POINT('',(0.0220719635577777,0.0424514002364351,0.0839886413620504));
#6428=CARTESIAN_POINT('',(-0.0149642563682876,0.0424514002364351,0.0989123032534846));
#6429=CARTESIAN_POINT('',(-0.0317332139027819,0.0424514002364351,0.0751003835545048));
#6430=CARTESIAN_POINT('',(-0.0303942311596171,0.0424514002364351,0.0770017390497986));
#6431=CARTESIAN_POINT('',(-0.032550819542175,0.0424514002364351,0.0756761621737958));
#6432=CARTESIAN_POINT('',(-0.0326406556337403,0.0424514002364351,0.0746802056101585));
#6433=CARTESIAN_POINT('',(-0.0330000000000018,0.0424514002364351,0.0706963793556093));
#6434=CARTESIAN_POINT('',(-0.0338639782810744,0.0424514002364351,0.0746019576136697));
#6435=CARTESIAN_POINT('',(-0.0340799728513425,0.0424514002364351,0.0755783521781848));
#6436=CARTESIAN_POINT('',(-0.0348175580631956,0.0424514002364351,0.0749030981109955));
#6437=CARTESIAN_POINT('',(-0.0210945918787911,0.0424514002364351,0.0599133965864892));
#6438=CARTESIAN_POINT('',(-0.0376602042943488,0.0424514002364351,0.0780081424557943));
#6439=CARTESIAN_POINT('',(-0.0369226190824958,0.0424514002364351,0.0786833965229836));
#6440=CARTESIAN_POINT('',(-0.0377478355295417,0.0424514002364351,0.0792482131441315));
#6441=CARTESIAN_POINT('',(-0.0460000000000006,0.0424514002364351,0.0848963793556108));
#6442=CARTESIAN_POINT('',(-0.0362616885065331,0.0424514002364351,0.0826236520828832));
#6443=CARTESIAN_POINT('',(-0.0352878573571864,0.0424514002364351,0.0823963793556104));
#6444=CARTESIAN_POINT('',(-0.0352878573571864,0.0424514002364351,0.0833963793556104));
#6445=CARTESIAN_POINT('',(0.00564835724192284,0.0424514002364351,0.0833963793556104));
#6446=CARTESIAN_POINT('',(-0.0337121426428143,0.0424514002364351,0.0833963793556104));
#6447=CARTESIAN_POINT('',(-0.0337121426428143,0.0424514002364351,0.0823963793556104));
#6448=CARTESIAN_POINT('',(-0.0327383114934676,0.0424514002364351,0.0826236520828831));
#6449=CARTESIAN_POINT('',(-0.023,0.0424514002364351,0.0848963793556104));
#6450=CARTESIAN_POINT('',(-0.0304653061809184,0.0424514002364351,0.0782428687315006));
#6451=CARTESIAN_POINT('',(-0.0312118367990102,0.0424514002364351,0.0775775176690896));
#6452=CARTESIAN_POINT('',(-0.0445000000000006,0.0424514002364351,0.0843963781758704));
#6453=CARTESIAN_POINT('',(-0.0445000000000006,0.0424514002364351,0.0660120486586353));
#6454=CARTESIAN_POINT('',(-0.0445000000000006,0.0424514002364351,0.0741842367127965));
#6455=CARTESIAN_POINT('',(-0.0435000000000006,0.0424514002364351,0.0741842367127965));
#6456=CARTESIAN_POINT('',(-0.0437272727272733,0.0424514002364351,0.0751580678621432));
#6457=CARTESIAN_POINT('',(-0.0460000000000006,0.0424514002364351,0.0848963793556107));
#6458=CARTESIAN_POINT('',(-0.0411004955834193,0.0424514002364351,0.0761788764750893));
#6459=CARTESIAN_POINT('',(-0.0406105451417611,0.0424514002364351,0.0753071261870372));
#6460=CARTESIAN_POINT('',(-0.039872959929908,0.0424514002364351,0.0759823802542265));
#6461=CARTESIAN_POINT('',(-0.0233073475143503,0.0424514002364351,0.0578876343849214));
#6462=CARTESIAN_POINT('',(-0.0370303136987548,0.0424514002364351,0.0728773359094277));
#6463=CARTESIAN_POINT('',(-0.0377678989106078,0.0424514002364351,0.0722020818422384));
#6464=CARTESIAN_POINT('',(-0.0368143191284867,0.0424514002364351,0.0719009413449125));
#6465=CARTESIAN_POINT('',(-0.0330000000000018,0.0424514002364351,0.0706963793556092));
#6466=CARTESIAN_POINT('',(-0.0364344896883135,0.0424514002364351,0.0686459451135814));
#6467=CARTESIAN_POINT('',(-0.0372931121103914,0.0424514002364351,0.0681333365530744));
#6468=CARTESIAN_POINT('',(-0.036969713938168,0.0424514002364351,0.0671870735757777));
#6469=CARTESIAN_POINT('',(0.00645747407714067,0.0424514002364351,0.0820289025027392));
#6470=CARTESIAN_POINT('',(-0.0431766018277771,0.0424514002364351,0.0650657856813385));
#6471=CARTESIAN_POINT('',(-0.0435000000000006,0.0424514002364351,0.0660120486586353));
#6472=CARTESIAN_POINT('',(0.00564835724192284,0.0424514002364351,0.0863963793556104));
#6473=CARTESIAN_POINT('',(-0.0352878573571863,0.0424514002364351,0.0863963793556104));
#6474=CARTESIAN_POINT('',(-0.0337121426428143,0.0424514002364351,0.0863963793556104));
#6475=CARTESIAN_POINT('',(-0.0352878573571863,0.0424514002364351,0.0873963793556104));
#6476=CARTESIAN_POINT('',(-0.036261688506533,0.0424514002364351,0.0871691066283377));
#6477=CARTESIAN_POINT('',(-0.0460000000000006,0.0424514002364351,0.0848963793556108));
#6478=CARTESIAN_POINT('',(-0.03714564303706,0.0424514002364351,0.0895439983990378));
#6479=CARTESIAN_POINT('',(-0.0362602073407659,0.0424514002364351,0.0900087603033804));
#6480=CARTESIAN_POINT('',(-0.0364097061527347,0.0424514002364351,0.0909975222086033));
#6481=CARTESIAN_POINT('',(-0.0377551954604531,0.0424514002364351,0.0998963793556083));
#6482=CARTESIAN_POINT('',(-0.0348813309051849,0.0424514002364351,0.091367551621508));
#6483=CARTESIAN_POINT('',(-0.000593703949208131,0.0424514002364351,0.102921073261892));
#6484=CARTESIAN_POINT('',(-0.0322612571181843,0.0424514002364351,0.0922504088468383));
#6485=CARTESIAN_POINT('',(-0.0319419388342656,0.0424514002364351,0.0913027613208271));
#6486=CARTESIAN_POINT('',(-0.0311290353038778,0.0424514002364351,0.0907203629603528));
#6487=CARTESIAN_POINT('',(-0.023,0.0424514002364351,0.0848963793556104));
#6488=CARTESIAN_POINT('',(-0.0327383114934676,0.0424514002364351,0.0871691066283377));
#6489=CARTESIAN_POINT('',(-0.0337121426428143,0.0424514002364351,0.0873963793556104));
#6490=CARTESIAN_POINT('',(0.00564835724192284,0.0424514002364351,0.0863963793556104));
#6491=CARTESIAN_POINT('',(-0.0122878573571858,0.0424514002364351,0.0863963793556104));
#6492=CARTESIAN_POINT('',(-0.0107121426428145,0.0424514002364351,0.0863963793556104));
#6493=CARTESIAN_POINT('',(-0.0122878573571858,0.0424514002364351,0.0873963793556104));
#6494=CARTESIAN_POINT('',(-0.0132616885065325,0.0424514002364351,0.0871691066283377));
#6495=CARTESIAN_POINT('',(-0.023,0.0424514002364351,0.0848963793556104));
#6496=CARTESIAN_POINT('',(-0.0200533939564011,0.0424514002364351,0.0944523990721988));
#6497=CARTESIAN_POINT('',(-0.0197587333520412,0.0424514002364351,0.0954080010438576));
#6498=CARTESIAN_POINT('',(-0.02007805163596,0.0424514002364351,0.0963556485698689));
#6499=CARTESIAN_POINT('',(-0.000593703949208138,0.0424514002364351,0.102921073261892));
#6500=CARTESIAN_POINT('',(-0.017377703710185,0.0424514002364351,0.0972655548820515));
#6501=CARTESIAN_POINT('',(-0.0170583854262663,0.0424514002364351,0.0963179073560403));
#6502=CARTESIAN_POINT('',(-0.0161162862014755,0.0424514002364351,0.0966532415932554));
#6503=CARTESIAN_POINT('',(-0.0115000000000006,0.0424514002364351,0.0982963793556092));
#6504=CARTESIAN_POINT('',(-0.00752247841846033,0.0424514002364351,0.0954346801980486));
#6505=CARTESIAN_POINT('',(-0.00671073932018682,0.0424514002364351,0.0948506599618118));
#6506=CARTESIAN_POINT('',(-0.00614056126662478,0.0424514002364351,0.0956721811041059));
#6507=CARTESIAN_POINT('',(0.00709748066907399,0.0424514002364351,0.0864842970737675));
#6508=CARTESIAN_POINT('',(-0.00524842156867232,0.0424514002364351,0.0950529901298317));
#6509=CARTESIAN_POINT('',(-0.00581859962223436,0.0424514002364351,0.0942314689875376));
#6510=CARTESIAN_POINT('',(-0.00528963602021311,0.0424514002364351,0.0933828244755441));
#6511=CARTESIAN_POINT('',(-5.33210628428371E-16,0.0424514002364351,0.0848963793556091));
#6512=CARTESIAN_POINT('',(-0.00973831149346774,0.0424514002364351,0.0871691066283375));
#6513=CARTESIAN_POINT('',(-0.0107121426428145,0.0424514002364351,0.0873963793556104));
#6514=CARTESIAN_POINT('',(-0.023,0.0424514002364351,0.0848963793556104));
#6515=CARTESIAN_POINT('',(-0.015935054518197,0.0424514002364351,0.0778191945099849));
#6516=CARTESIAN_POINT('',(-0.0132616885065325,0.0424514002364351,0.0826236520828831));
#6517=CARTESIAN_POINT('',(-0.0122878573571858,0.0424514002364351,0.0823963793556104));
#6518=CARTESIAN_POINT('',(-0.0122878573571858,0.0424514002364351,0.0833963793556104));
#6519=CARTESIAN_POINT('',(0.00564835724192284,0.0424514002364351,0.0833963793556104));
#6520=CARTESIAN_POINT('',(-0.0107121426428151,0.0424514002364351,0.0833963793556104));
#6521=CARTESIAN_POINT('',(-0.0107121426428151,0.0424514002364351,0.0823963793556104));
#6522=CARTESIAN_POINT('',(-0.0097383114934683,0.0424514002364351,0.082623652082883));
#6523=CARTESIAN_POINT('',(-5.01768765426291E-16,0.0424514002364351,0.0848963793556091));
#6524=CARTESIAN_POINT('',(-0.00776182184829534,0.0424514002364351,0.0785912923938509));
#6525=CARTESIAN_POINT('',(-0.00853800403312482,0.0424514002364351,0.0779607836976751));
#6526=CARTESIAN_POINT('',(-0.00821460586090135,0.0424514002364351,0.0770145207203783));
#6527=CARTESIAN_POINT('',(0.00645747407714068,0.0424514002364351,0.0820289025027392));
#6528=CARTESIAN_POINT('',(-0.0141695013849601,0.0424514002364351,0.074979354625469));
#6529=CARTESIAN_POINT('',(-0.0144928995571836,0.0424514002364351,0.0759256176027657));
#6530=CARTESIAN_POINT('',(-0.0153426648051873,0.0424514002364351,0.0753984563150319));
#6531=CARTESIAN_POINT('',(-0.0135400194320553,0.0424514002364351,0.0724926560823413));
#6532=CARTESIAN_POINT('',(-0.0160783252180204,0.0424514002364351,0.0765843147376886));
#6533=CARTESIAN_POINT('',(-0.0152285599700166,0.0424514002364351,0.0771114760254224));
#6534=CARTESIAN_POINT('',(0.00645747407714068,0.0424514002364351,0.0820289025027392));
#6535=CARTESIAN_POINT('',(-0.0277128085398753,0.0424514002364351,0.0703507462102134));
#6536=CARTESIAN_POINT('',(-0.0190242014320841,0.0424514002364351,0.0733201952167196));
#6537=CARTESIAN_POINT('',(-0.0280362067120988,0.0424514002364351,0.0712970091875101));
#6538=CARTESIAN_POINT('',(-0.0290289653696794,0.0424514002364351,0.07117688322113));
#6539=CARTESIAN_POINT('',(-0.0330000000000018,0.0424514002364351,0.0706963793556092));
#6540=CARTESIAN_POINT('',(-0.0293702330761679,0.0424514002364351,0.0723770911329946));
#6541=CARTESIAN_POINT('',(-0.0284627913452095,0.0424514002364351,0.072797269077341));
#6542=CARTESIAN_POINT('',(-0.0292803969846026,0.0424514002364351,0.073373047696632));
#6543=CARTESIAN_POINT('',(-0.0125114394501083,0.0424514002364351,0.0971849673956118));
#6544=CARTESIAN_POINT('',(-0.0279414142414379,0.0424514002364351,0.0752744031919257));
#6545=CARTESIAN_POINT('',(-0.0271238086020448,0.0424514002364351,0.0746986245726348));
#6546=CARTESIAN_POINT('',(-0.0267489169109498,0.0424514002364351,0.0756256931892689));
#6547=CARTESIAN_POINT('',(-0.023,0.0424514002364351,0.0848963793556104));
#6548=CARTESIAN_POINT('',(-0.0197976238273048,0.0424514002364351,0.0754230068384677));
#6549=CARTESIAN_POINT('',(-0.0194773862100353,0.0424514002364351,0.0744756695867535));
#6550=CARTESIAN_POINT('',(-0.0186276209620316,0.0424514002364351,0.0750028308744872));
#6551=CARTESIAN_POINT('',(-0.0160893151760664,0.0424514002364351,0.0709111722191399));
#6552=CARTESIAN_POINT('',(-0.0184978343563038,0.0424514002364351,0.0747936194817502));
#6553=CARTESIAN_POINT('',(-0.0193475996043076,0.0424514002364351,0.0742664581940164));
#6554=CARTESIAN_POINT('',(0.00612653133999283,0.049451400236435,0.0905678389463563));
#6555=CARTESIAN_POINT('',(0.0379719663694002,0.048451400236435,0.0888889740574569));
#6556=CARTESIAN_POINT('',(0.0444637135845407,0.0424514002364351,0.0885467345353073));
#6557=CARTESIAN_POINT('',(0.00612653133999283,0.049451400236435,0.0905678389463563));
#6558=CARTESIAN_POINT('',(0.0101065724360797,0.049451400236435,0.0903580144849719));
#6559=CARTESIAN_POINT('',(0.0175710891108266,0.0424514002364351,0.0899644913647425));
#6560=CARTESIAN_POINT('',(0.00612653133999283,0.049451400236435,0.0905678389463563));
#6561=CARTESIAN_POINT('',(0.0249789445878299,0.048451400236435,0.0895739553758041));
#6562=CARTESIAN_POINT('',(0.0300018451494895,0.0424514002364351,0.0893091522294311));
#6563=CARTESIAN_POINT('',(0.0303471213186859,0.049451400236435,0.0783623866144662));
#6564=CARTESIAN_POINT('',(0.0383946048511738,0.049451400236435,0.0782206172403789));
#6565=CARTESIAN_POINT('',(0.0442228128564715,0.049451400236435,0.0781179439764168));
#6566=CARTESIAN_POINT('',(0.0303471213186859,0.049451400236435,0.0783623866144662));
#6567=CARTESIAN_POINT('',(0.0244454852281844,0.049451400236435,0.0784663534323246));
#6568=CARTESIAN_POINT('',(0.0308132889983355,0.049451400236435,0.0783541743205364));
#6569=CARTESIAN_POINT('',(0.0303471213186859,0.049451400236435,0.0783623866144662));
#6570=CARTESIAN_POINT('',(0.00969157441775712,0.0424514002364351,0.0787262673162723));
#6571=CARTESIAN_POINT('',(0.0165411783502777,0.049451400236435,0.0786056005192122));
#6572=CARTESIAN_POINT('',(-4.82253126321552E-16,0.049451400236435,0.0848963793556091));
#6573=CARTESIAN_POINT('',(0.00980489130297695,0.049451400236435,0.0868621124343352));
#6574=CARTESIAN_POINT('',(0.00913993306876717,0.049451400236435,0.0889536719872106));
#6575=CARTESIAN_POINT('',(-0.0345000000000005,0.049451400236435,0.0748963793556103));
#6576=CARTESIAN_POINT('',(-0.00173014841463846,0.049451400236435,0.0748963793556091));
#6577=CARTESIAN_POINT('',(-5.51276753807285E-17,0.049451400236435,0.0748963793556091));
#6578=CARTESIAN_POINT('',(-0.0593475243946327,0.049451400236435,0.07549637699613));
#6579=CARTESIAN_POINT('',(-0.0598445527568405,0.048451400236435,0.0755508086703745));
#6580=CARTESIAN_POINT('',(-0.0593475243946327,0.0424514002364351,0.07599637699613));
#6581=CARTESIAN_POINT('',(-0.0607999765540613,0.049451400236435,0.0828963769961301));
#6582=CARTESIAN_POINT('',(-0.0607999765540613,0.0424514002364351,0.08179637699613));
#6583=CARTESIAN_POINT('',(-0.0607999765540613,0.049451400236435,0.0839963769961301));
#6584=CARTESIAN_POINT('',(0.0607999765540594,0.049451400236435,0.0828963769961301));
#6585=CARTESIAN_POINT('',(0.0607999765540594,0.049451400236435,0.0839963769961301));
#6586=CARTESIAN_POINT('',(0.0607999765540594,0.048451400236435,0.0817963769961301));
#6587=CARTESIAN_POINT('',(-0.0488936949572693,0.049451400236435,0.0944659827808738));
#6588=CARTESIAN_POINT('',(-0.0486813359584545,0.049451400236435,0.0945301967442633));
#6589=CARTESIAN_POINT('',(-0.0579577394962096,0.049451400236435,0.0917251607416279));
#6590=CARTESIAN_POINT('',(-0.0115000000000002,0.049451400236435,0.0948963793556091));
#6591=CARTESIAN_POINT('',(-0.0377551954604533,0.049451400236435,0.0948963793556091));
#6592=CARTESIAN_POINT('',(-0.0460000000000006,0.049451400236435,0.0948963793556108));
#6593=CARTESIAN_POINT('',(0.00052573052700718,0.049451400236435,0.094868663278815));
#6594=CARTESIAN_POINT('',(0.0035760877405268,0.049451400236435,0.0947078509796692));
#6595=CARTESIAN_POINT('',(0.0570105607958044,0.049451400236435,0.0918908299345327));
#6596=CARTESIAN_POINT('',(0.028364760524173,0.049451400236435,0.0743966884485803));
#6597=CARTESIAN_POINT('',(0.0567295210483465,0.049451400236435,0.0738969975415522));
#6598=CARTESIAN_POINT('',(-0.0567999765540614,0.049451400236435,0.0878963769961301));
#6599=CARTESIAN_POINT('',(-0.0597114598004287,0.049451400236435,0.0906392341389872));
#6600=CARTESIAN_POINT('',(0.0567999765540614,0.049451400236435,0.0878963769961301));
#6601=CARTESIAN_POINT('',(0.0597114598004258,0.049451400236435,0.0906392341389874));
#6602=CARTESIAN_POINT('',(-0.0460000000000006,0.049451400236435,0.0848963793556108));
#6603=CARTESIAN_POINT('',(0.0567999765540613,0.049451400236435,0.0778963769961301));
#6604=CARTESIAN_POINT('',(0.0597114598004258,0.049451400236435,0.0751535198532727));
#6605=CARTESIAN_POINT('',(0.05855994814474,0.049451400236435,0.07599637699613));
#6606=CARTESIAN_POINT('',(0.0567999765540613,0.049451400236435,0.07599637699613));
#6607=CARTESIAN_POINT('',(0.05934752439463,0.049451400236435,0.07599637699613));
#6608=CARTESIAN_POINT('',(0.0567999765540613,0.049451400236435,0.07789637699613));
#6609=CARTESIAN_POINT('',(0.0548999765540613,0.049451400236435,0.07789637699613));
#6610=CARTESIAN_POINT('',(0.0548999765540613,0.049451400236435,0.0779131127750651));
#6611=CARTESIAN_POINT('',(0.0548999765540613,0.049451400236435,0.0779298485540001));
#6612=CARTESIAN_POINT('',(0.0549001239335986,0.049451400236435,0.0779298459576724));
#6613=CARTESIAN_POINT('',(0.0549002713131359,0.049451400236435,0.0779298433613446));
#6614=CARTESIAN_POINT('',(0.0567999765540613,0.049451400236435,0.07789637699613));
#6615=CARTESIAN_POINT('',(0.0567999765540613,0.049451400236435,0.0797963769961301));
#6616=CARTESIAN_POINT('',(0.060559948144739,0.049451400236435,0.0797963769961301));
#6617=CARTESIAN_POINT('',(0.0587999765540594,0.044451400236435,0.0797963769961301));
#6618=CARTESIAN_POINT('',(0.0577499765540613,0.049451400236435,0.0859963769961301));
#6619=CARTESIAN_POINT('',(0.0567999765540613,0.049451400236435,0.0859963769961301));
#6620=CARTESIAN_POINT('',(0.0587999765540594,0.049451400236435,0.0859963769961301));
#6621=CARTESIAN_POINT('',(0.0567999765540613,0.049451400236435,0.0878963769961301));
#6622=CARTESIAN_POINT('',(0.0567999765540613,0.049451400236435,0.0897963769961301));
#6623=CARTESIAN_POINT('',(0.05855994814474,0.049451400236435,0.0897963769961301));
#6624=CARTESIAN_POINT('',(0.05934752439463,0.049451400236435,0.0897963769961301));
#6625=CARTESIAN_POINT('',(-0.023,0.049451400236435,0.0848963793556104));
#6626=CARTESIAN_POINT('',(-0.0460000000000006,0.049451400236435,0.0848963793556108));
#6627=CARTESIAN_POINT('',(-0.0567999765540613,0.049451400236435,0.0878963769961301));
#6628=CARTESIAN_POINT('',(-0.0567999765540613,0.0674514002364351,0.0859963769961301));
#6629=CARTESIAN_POINT('',(-0.0567999765540613,0.0674514002364351,0.0897963769961301));
#6630=CARTESIAN_POINT('',(-0.0567999765540613,0.049451400236435,0.07789637699613));
#6631=CARTESIAN_POINT('',(-0.0567999765540613,0.0674514002364351,0.07599637699613));
#6632=CARTESIAN_POINT('',(-0.0567999765540613,0.0674514002364351,0.07979637699613));
#6633=CARTESIAN_POINT('',(0.0527999765540633,0.049451400236435,0.0828963769961301));
#6634=CARTESIAN_POINT('',(0.0527999765540633,0.044451400236435,0.0789846152035825));
#6635=CARTESIAN_POINT('',(0.0527999765540633,0.049451400236435,0.087158584152722));
#6636=CARTESIAN_POINT('',(0.00612653133999283,0.049451400236435,0.0905678389463563));
#6637=CARTESIAN_POINT('',(0.0499056381601301,0.048451400236435,0.0882598407908959));
#6638=CARTESIAN_POINT('',(0.0518526226144991,0.049451400236435,0.0881571973873232));
#6639=CARTESIAN_POINT('',(0.0303471213186859,0.049451400236435,0.0783623866144662));
#6640=CARTESIAN_POINT('',(0.0517823626776346,0.048451400236435,0.0779847703399376));
#6641=CARTESIAN_POINT('',(0.0496570936092249,0.0424514002364351,0.0780222103749969));
#6642=CARTESIAN_POINT('',(-4.82253126321552E-16,0.049451400236435,0.0848963793556091));
#6643=CARTESIAN_POINT('',(0.00882653481289617,0.049451400236435,0.0801961364686165));
#6644=CARTESIAN_POINT('',(0.00966011372706959,0.049451400236435,0.0823113836534708));
#6645=CARTESIAN_POINT('',(-4.91794105439425E-16,0.049451400236435,0.0848963793556091));
#6646=CARTESIAN_POINT('',(0.05934752439463,0.049451400236435,0.07549637699613));
#6647=CARTESIAN_POINT('',(0.05934752439463,0.049451400236435,0.0902963769961301));
#6648=CARTESIAN_POINT('',(0.0587999765540594,0.049451400236435,0.0817963769961301));
#6649=CARTESIAN_POINT('',(0.0587999765540594,0.049451400236435,0.0839963769961301));
#6650=CARTESIAN_POINT('',(-0.0613947084504576,0.0674514002364351,0.0897963769961301));
#6651=CARTESIAN_POINT('',(-0.0593475243946327,0.0674514002364351,0.0897963769961301));
#6652=CARTESIAN_POINT('',(-0.0626457359607861,0.0674514002364351,0.0859963769961301));
#6653=CARTESIAN_POINT('',(-0.0587999765540613,0.0674514002364351,0.0859963769961301));
#6654=CARTESIAN_POINT('',(-0.062754977391385,0.0674514002364351,0.07979637699613));
#6655=CARTESIAN_POINT('',(-0.0587999765540613,0.048451400236435,0.07979637699613));
#6656=CARTESIAN_POINT('',(-0.0624673943525113,0.0674514002364351,0.07599637699613));
#6657=CARTESIAN_POINT('',(-0.0587999765540613,0.049451400236435,0.08179637699613));
#6658=CARTESIAN_POINT('',(-0.0587999765540613,0.0674514002364351,0.0839963769961301));
#6659=CARTESIAN_POINT('',(-0.0593475243946327,0.049451400236435,0.0902963769961301));
#6660=CARTESIAN_POINT('',(-0.0604222763784214,0.048451400236435,0.0702754790129912));
#6661=CARTESIAN_POINT('',(-0.0609702836220799,0.048451400236435,0.0652714965602357));
#6662=CARTESIAN_POINT('',(-0.0610000000000022,0.048451400236435,0.0642501493556078));
#6663=CARTESIAN_POINT('',(-0.0610000000000022,0.048451400236435,0.0647271798177906));
#6664=CARTESIAN_POINT('',(-0.0610000000000022,0.048451400236435,0.0616001493556078));
#6665=CARTESIAN_POINT('',(-0.0561000000000022,0.048451400236435,0.0616001493556078));
#6666=CARTESIAN_POINT('',(-0.0545153489561072,0.048451400236435,0.0569634607668537));
#6667=CARTESIAN_POINT('',(-0.0427576744780548,0.048451400236435,0.0609818050612308));
#6668=CARTESIAN_POINT('',(-0.00207935889343544,0.0424514002364351,0.0748841696520729));
#6669=CARTESIAN_POINT('',(-0.0561000000000022,0.048451400236435,0.0616001493556078));
#6670=CARTESIAN_POINT('',(-0.00509424799152038,0.048451400236435,0.0998150022174869));
#6671=CARTESIAN_POINT('',(0.000988427774895495,0.048451400236435,0.0955933114412045));
#6672=CARTESIAN_POINT('',(-0.00870612753754654,0.048451400236435,0.10232183295285));
#6673=CARTESIAN_POINT('',(-0.0115000000000006,0.048451400236435,0.0982963793556092));
#6674=CARTESIAN_POINT('',(-0.0130646595912022,0.048451400236435,0.102939852233064));
#6675=CARTESIAN_POINT('',(-0.0220323297956022,0.048451400236435,0.0999181157943369));
#6676=CARTESIAN_POINT('',(-0.0361586040408597,0.048451400236435,0.0951581417255529));
#6677=CARTESIAN_POINT('',(-0.0115000000000005,0.048451400236435,0.0982963793556092));
#6678=CARTESIAN_POINT('',(-0.0560000000000022,0.048451400236435,0.0647271798177906));
#6679=CARTESIAN_POINT('',(-0.00173014841463864,0.048451400236435,0.0698963793556091));
#6680=CARTESIAN_POINT('',(-0.0377551954604533,0.048451400236435,0.0998963793556091));
#6681=CARTESIAN_POINT('',(0.00383931804270569,0.049451400236435,0.099700917152675));
#6682=CARTESIAN_POINT('',(0.0218460708853024,0.0424514002364351,0.0824917838618919));
#6683=CARTESIAN_POINT('',(0.0214230985981138,0.0424514002364351,0.0821359415330289));
#6684=CARTESIAN_POINT('',(0.0227157341915558,0.048451400236435,0.0832234228500651));
#6685=CARTESIAN_POINT('',(0.0222448038581774,0.0424514002364351,0.0854567664802327));
#6686=CARTESIAN_POINT('',(0.0219373359855606,0.048451400236435,0.0858822371418722));
#6687=CARTESIAN_POINT('',(0.0228824768295403,0.0424514002364351,0.0845743616334229));
#6688=CARTESIAN_POINT('',(0.0201888523198874,0.0424514002364351,0.0856813328166815));
#6689=CARTESIAN_POINT('',(0.0195535713689369,0.048451400236435,0.0846561155245251));
#6690=CARTESIAN_POINT('',(0.0202767886859006,0.0424514002364351,0.0858232446478347));
#6691=CARTESIAN_POINT('',(0.0352080097860792,0.0424514002364351,0.0849493152752491));
#6692=CARTESIAN_POINT('',(0.0347565572133129,0.048451400236435,0.0853591014090744));
#6693=CARTESIAN_POINT('',(0.036109206427977,0.0424514002364351,0.0841312938263142));
#6694=CARTESIAN_POINT('',(0.0332230632126682,0.0424514002364351,0.0852386570675241));
#6695=CARTESIAN_POINT('',(0.0329885439341641,0.048451400236435,0.0844301052467938));
#6696=CARTESIAN_POINT('',(0.0331240294633844,0.0424514002364351,0.0848972185350169));
#6697=CARTESIAN_POINT('',(0.0337081950594108,0.0424514002364351,0.0824686278197014));
#6698=CARTESIAN_POINT('',(0.0330651051060096,0.0424514002364351,0.0836837777400431));
#6699=CARTESIAN_POINT('',(0.0338702169590461,0.048451400236435,0.0821624795158844));
#6700=CARTESIAN_POINT('',(0.0452634290159537,0.0424514002364351,0.0870163546937081));
#6701=CARTESIAN_POINT('',(0.0445332888093664,0.0424514002364351,0.0855488323438931));
#6702=CARTESIAN_POINT('',(0.0453063766043029,0.048451400236435,0.0871026758484732));
#6703=CARTESIAN_POINT('',(0.0496336943280764,0.0424514002364351,0.0890654006818138));
#6704=CARTESIAN_POINT('',(0.0470186882880973,0.0424514002364351,0.0838094515176014));
#6705=CARTESIAN_POINT('',(0.0489576830194963,0.0424514002364351,0.0877066730085277));
#6706=CARTESIAN_POINT('',(0.0473024640732143,0.0424514002364351,0.0822109959127399));
#6707=CARTESIAN_POINT('',(0.0487480023887835,0.048451400236435,0.0786462658515711));
#6708=CARTESIAN_POINT('',(0.0469872922714252,0.0424514002364351,0.0829882166782977));
#6709=CARTESIAN_POINT('',(0.0450663690973089,0.0424514002364351,0.0797420613960544));
#6710=CARTESIAN_POINT('',(0.0444054079631249,0.048451400236435,0.0813720064476059));
#6711=CARTESIAN_POINT('',(0.0451671318297704,0.0424514002364351,0.0794935782271324));
#6712=CARTESIAN_POINT('',(0.0418872585908306,0.0424514002364351,0.0820224403742316));
#6713=CARTESIAN_POINT('',(0.0400736072826866,0.048451400236435,0.0820521720242909));
#6714=CARTESIAN_POINT('',(0.0434950939198747,0.0424514002364351,0.0819960827181919));
#6715=CARTESIAN_POINT('',(0.036758931668665,0.0424514002364351,0.0788760734477349));
#6716=CARTESIAN_POINT('',(0.0376681853864131,0.0424514002364351,0.0798886045942148));
#6717=CARTESIAN_POINT('',(0.0393131828878772,0.0424514002364351,0.0817204488568252));
#6718=CARTESIAN_POINT('',(0.0321442284798181,0.0424514002364351,0.0790102744554979));
#6719=CARTESIAN_POINT('',(0.0317147583690364,0.0424514002364351,0.0798217792351099));
#6720=CARTESIAN_POINT('',(0.0306870815946683,0.0424514002364351,0.0817636247637268));
#6721=CARTESIAN_POINT('',(0.0282138932314204,0.0424514002364351,0.0822135986345512));
#6722=CARTESIAN_POINT('',(0.0263741335117296,0.0424514002364351,0.082116767902339));
#6723=CARTESIAN_POINT('',(0.0297506665780481,0.0424514002364351,0.0822944825058555));
#6724=CARTESIAN_POINT('',(0.0223818489499885,0.0424514002364351,0.0790220797523503));
#6725=CARTESIAN_POINT('',(0.023819328470835,0.0424514002364351,0.0802314168079549));
#6726=CARTESIAN_POINT('',(0.0257829224002995,0.0424514002364351,0.081883368621267));
#6727=CARTESIAN_POINT('',(0.0176137798699102,0.0424514002364351,0.0795752252345381));
#6728=CARTESIAN_POINT('',(0.0167256123853431,0.048451400236435,0.0824786225895909));
#6729=CARTESIAN_POINT('',(0.0175150500211803,0.0424514002364351,0.0798979706475914));
#6730=CARTESIAN_POINT('',(0.0162949903392234,0.0424514002364351,0.0832000470253128));
#6731=CARTESIAN_POINT('',(0.0106002330835836,0.0424514002364351,0.083052548828808));
#6732=CARTESIAN_POINT('',(0.0157434625746761,0.0424514002364351,0.0831857620704075));
#6733=CARTESIAN_POINT('',(0.0165009299167251,0.0424514002364351,0.0862063871050753));
#6734=CARTESIAN_POINT('',(0.0108112724494677,0.0424514002364351,0.0860590209966569));
#6735=CARTESIAN_POINT('',(0.0164530821005442,0.0424514002364351,0.0862051478131658));
#6736=CARTESIAN_POINT('',(0.018932247239008,0.0424514002364351,0.0893489634311094));
#6737=CARTESIAN_POINT('',(0.0183684770782883,0.048451400236435,0.0884391503528063));
#6738=CARTESIAN_POINT('',(0.0172772241122486,0.0424514002364351,0.0866780847813817));
#6739=CARTESIAN_POINT('',(0.0235336582805886,0.0424514002364351,0.0887951627776389));
#6740=CARTESIAN_POINT('',(0.0258765783066264,0.048451400236435,0.085553055805087));
#6741=CARTESIAN_POINT('',(0.0241157852556315,0.0424514002364351,0.0879896218698304));
#6742=CARTESIAN_POINT('',(0.0281590714098848,0.0424514002364351,0.0852148655978307));
#6743=CARTESIAN_POINT('',(0.0267396511007369,0.0424514002364351,0.0851401582834023));
#6744=CARTESIAN_POINT('',(0.0294126476733138,0.048451400236435,0.0852808441634948));
#6745=CARTESIAN_POINT('',(0.0310751991937429,0.0424514002364351,0.0886028533513423));
#6746=CARTESIAN_POINT('',(0.0303205048170836,0.0424514002364351,0.0860008945007299));
#6747=CARTESIAN_POINT('',(0.0309096157551715,0.048451400236435,0.0880319715390078));
#6748=CARTESIAN_POINT('',(0.0357881091704889,0.0424514002364351,0.0884743441241805));
#6749=CARTESIAN_POINT('',(0.0372472092251537,0.0424514002364351,0.0871499104929761));
#6750=CARTESIAN_POINT('',(0.0392693231554895,0.0424514002364351,0.0853144258825127));
#6751=CARTESIAN_POINT('',(0.0356931416328218,0.0424514002364351,0.0821792860274264));
#6752=CARTESIAN_POINT('',(0.0354981057945077,0.0424514002364351,0.081962097076622));
#6753=CARTESIAN_POINT('',(0.0361811286853557,0.048451400236435,0.0827227010062436));
#6754=CARTESIAN_POINT('',(0.0419003070527747,0.0424514002364351,0.0850226295486363));
#6755=CARTESIAN_POINT('',(0.0399250431856802,0.0424514002364351,0.0850550105547357));
#6756=CARTESIAN_POINT('',(0.0436215886755484,0.0424514002364351,0.0849944121384693));
#6757=CARTESIAN_POINT('',(0.0197901193470123,0.0424514002364351,0.0827163501983406));
#6758=CARTESIAN_POINT('',(0.0198230701698619,0.048451400236435,0.0826086347802799));
#6759=CARTESIAN_POINT('',(0.0194473476023604,0.0424514002364351,0.0838368624824558));
#6760=CARTESIAN_POINT('',(0.0107853804332747,0.049451400236435,0.0870586857422079));
#6761=CARTESIAN_POINT('',(0.0100539263756439,0.049451400236435,0.0893594012503708));
#6762=CARTESIAN_POINT('',(0.0175184430503908,0.0424514002364351,0.0889658781301413));
#6763=CARTESIAN_POINT('',(0.0164271900843512,0.0424514002364351,0.0872048125587168));
#6764=CARTESIAN_POINT('',(0.00970918829418583,0.049451400236435,0.0797261121799173));
#6765=CARTESIAN_POINT('',(0.0106261250997766,0.049451400236435,0.082052884083257));
#6766=CARTESIAN_POINT('',(0.0157693545908691,0.0424514002364351,0.0821860973248566));
#6767=CARTESIAN_POINT('',(0.0165587922267064,0.049451400236435,0.0796054453828572));
#6768=CARTESIAN_POINT('',(0.0207793279643358,0.0424514002364351,0.0829011600450142));
#6769=CARTESIAN_POINT('',(0.0204036053968344,0.0424514002364351,0.0841293877471901));
#6770=CARTESIAN_POINT('',(0.021126822713798,0.0424514002364351,0.0852965168704996));
#6771=CARTESIAN_POINT('',(0.0220719635577777,0.0424514002364351,0.0839886413620504));
#6772=CARTESIAN_POINT('',(0.0266870915783889,0.0424514002364351,0.0861387760764596));
#6773=CARTESIAN_POINT('',(0.0293600881509658,0.0424514002364351,0.0862794619565521));
#6774=CARTESIAN_POINT('',(0.024926298527394,0.049451400236435,0.088575342141203));
#6775=CARTESIAN_POINT('',(0.0299491990890536,0.0424514002364351,0.08831053899483));
#6776=CARTESIAN_POINT('',(0.0244630991046131,0.0424514002364351,0.0794661982959696));
#6777=CARTESIAN_POINT('',(0.0264266930340776,0.0424514002364351,0.0811181501092817));
#6778=CARTESIAN_POINT('',(0.0308309028747642,0.049451400236435,0.0793540191841813));
#6779=CARTESIAN_POINT('',(0.0298032261003961,0.0424514002364351,0.0812958647127982));
#6780=CARTESIAN_POINT('',(0.0339489606002819,0.0424514002364351,0.0841515377909717));
#6781=CARTESIAN_POINT('',(0.0347540724533184,0.0424514002364351,0.0826302395668129));
#6782=CARTESIAN_POINT('',(0.0340844461295022,0.0424514002364351,0.0846186510791948));
#6783=CARTESIAN_POINT('',(0.0354370953441663,0.0424514002364351,0.0833908434964346));
#6784=CARTESIAN_POINT('',(0.0379193203089644,0.049451400236435,0.0878903608228558));
#6785=CARTESIAN_POINT('',(0.0399414342393002,0.0424514002364351,0.0860548762123924));
#6786=CARTESIAN_POINT('',(0.0436379797291684,0.0424514002364351,0.085994277796126));
#6787=CARTESIAN_POINT('',(0.0444110675241049,0.0424514002364351,0.0875481213007062));
#6788=CARTESIAN_POINT('',(0.0384122187276024,0.0424514002364351,0.0792204621040238));
#6789=CARTESIAN_POINT('',(0.0400572162290667,0.0424514002364351,0.0810523063666342));
#6790=CARTESIAN_POINT('',(0.0434787028662547,0.0424514002364351,0.0809962170605352));
#6791=CARTESIAN_POINT('',(0.0442404267329003,0.049451400236435,0.0791177888400617));
#6792=CARTESIAN_POINT('',(0.0517999765540633,0.049451400236435,0.0789846152035825));
#6793=CARTESIAN_POINT('',(0.0496747074856536,0.0424514002364351,0.0790220552386418));
#6794=CARTESIAN_POINT('',(0.0479139973682954,0.0424514002364351,0.0833640060653684));
#6795=CARTESIAN_POINT('',(0.0498529920996943,0.049451400236435,0.0872612275562948));
#6796=CARTESIAN_POINT('',(0.0517999765540633,0.049451400236435,0.087158584152722));
#6797=CARTESIAN_POINT('',(-0.0330000000000018,0.0381714197635652,0.0706963793556092));
#6798=CARTESIAN_POINT('',(-0.0330000000000018,0.023451400236435,0.0706963793556093));
#6799=CARTESIAN_POINT('',(-0.0338639782810744,0.023451400236435,0.0746019576136697));
#6800=CARTESIAN_POINT('',(-0.0326406556337403,0.023451400236435,0.0746802056101585));
#6801=CARTESIAN_POINT('',(-0.036307505527992,0.023451400236435,0.0765305791879273));
#6802=CARTESIAN_POINT('',(-0.0376602042943488,0.023451400236435,0.0780081424557943));
#6803=CARTESIAN_POINT('',(-0.0348175580631956,0.023451400236435,0.0749030981109955));
#6804=CARTESIAN_POINT('',(-0.0460000000000006,0.023451400236435,0.0848963793556108));
#6805=CARTESIAN_POINT('',(-0.0377478355295417,0.023451400236435,0.0792482131441315));
#6806=CARTESIAN_POINT('',(-0.0362616885065331,0.023451400236435,0.0826236520828832));
#6807=CARTESIAN_POINT('',(-0.0345000000000003,0.023451400236435,0.0833963793556104));
#6808=CARTESIAN_POINT('',(-0.0337121426428143,0.0424514002364351,0.0833963793556104));
#6809=CARTESIAN_POINT('',(-0.0352878573571864,0.048451400236435,0.0833963793556104));
#6810=CARTESIAN_POINT('',(-0.023,0.023451400236435,0.0848963793556104));
#6811=CARTESIAN_POINT('',(-0.0304653061809184,0.023451400236435,0.0782428687315006));
#6812=CARTESIAN_POINT('',(-0.0327383114934676,0.023451400236435,0.0826236520828831));
#6813=CARTESIAN_POINT('',(-0.0310052076181269,0.023451400236435,0.0761341524787148));
#6814=CARTESIAN_POINT('',(-0.0317332139027819,0.023451400236435,0.0751003835545048));
#6815=CARTESIAN_POINT('',(-0.0303942311596171,0.023451400236435,0.0770017390497986));
#6816=CARTESIAN_POINT('',(-0.0385202611635512,0.023451400236435,0.0745048169863594));
#6817=CARTESIAN_POINT('',(-0.039872959929908,0.048451400236435,0.0759823802542265));
#6818=CARTESIAN_POINT('',(-0.0370303136987548,0.0424514002364351,0.0728773359094277));
#6819=CARTESIAN_POINT('',(-0.0330000000000018,0.023451400236435,0.0706963793556092));
#6820=CARTESIAN_POINT('',(-0.0364344896883135,0.023451400236435,0.0686459451135814));
#6821=CARTESIAN_POINT('',(-0.0368143191284867,0.023451400236435,0.0719009413449125));
#6822=CARTESIAN_POINT('',(-0.040049393910012,0.023451400236435,0.0661345512877634));
#6823=CARTESIAN_POINT('',(-0.0431766018277771,0.023451400236435,0.0650657856813385));
#6824=CARTESIAN_POINT('',(-0.036969713938168,0.023451400236435,0.0671870735757777));
#6825=CARTESIAN_POINT('',(-0.0445000000000006,0.023451400236435,0.0698115079219277));
#6826=CARTESIAN_POINT('',(-0.0445000000000006,0.023451400236435,0.0660120486586353));
#6827=CARTESIAN_POINT('',(-0.0445000000000006,0.0424514002364351,0.0741842367127965));
#6828=CARTESIAN_POINT('',(-0.0460000000000006,0.023451400236435,0.0848963793556107));
#6829=CARTESIAN_POINT('',(-0.0437272727272733,0.023451400236435,0.0751580678621432));
#6830=CARTESIAN_POINT('',(-0.0411004955834193,0.023451400236435,0.0761788764750893));
#6831=CARTESIAN_POINT('',(-0.0377551954604531,0.023451400236435,0.0998963793556083));
#6832=CARTESIAN_POINT('',(-0.0364097061527347,0.023451400236435,0.0909975222086033));
#6833=CARTESIAN_POINT('',(-0.0348813309051849,0.023451400236435,0.091367551621508));
#6834=CARTESIAN_POINT('',(-0.031099629234209,0.023451400236435,0.0926418297204034));
#6835=CARTESIAN_POINT('',(-0.0322612571181843,0.023451400236435,0.0922504088468383));
#6836=CARTESIAN_POINT('',(-0.023,0.023451400236435,0.0848963793556104));
#6837=CARTESIAN_POINT('',(-0.0327383114934676,0.023451400236435,0.0871691066283377));
#6838=CARTESIAN_POINT('',(-0.0311290353038778,0.023451400236435,0.0907203629603528));
#6839=CARTESIAN_POINT('',(-0.0345,0.023451400236435,0.0863963793556104));
#6840=CARTESIAN_POINT('',(-0.0337121426428143,0.023451400236435,0.0863963793556104));
#6841=CARTESIAN_POINT('',(-0.0352878573571863,0.023451400236435,0.0863963793556104));
#6842=CARTESIAN_POINT('',(-0.0460000000000006,0.023451400236435,0.0848963793556108));
#6843=CARTESIAN_POINT('',(-0.036261688506533,0.023451400236435,0.0871691066283377));
#6844=CARTESIAN_POINT('',(-0.03714564303706,0.023451400236435,0.0895439983990378));
#6845=CARTESIAN_POINT('',(-0.023,0.023451400236435,0.0848963793556104));
#6846=CARTESIAN_POINT('',(-0.0132616885065325,0.023451400236435,0.0871691066283377));
#6847=CARTESIAN_POINT('',(-0.0200533939564011,0.023451400236435,0.0944523990721988));
#6848=CARTESIAN_POINT('',(-0.0196759306901283,0.023451400236435,0.0964911468082183));
#6849=CARTESIAN_POINT('',(-0.02007805163596,0.023451400236435,0.0963556485698689));
#6850=CARTESIAN_POINT('',(-0.017377703710185,0.023451400236435,0.0972655548820515));
#6851=CARTESIAN_POINT('',(-0.0115000000000006,0.023451400236435,0.0982963793556092));
#6852=CARTESIAN_POINT('',(-0.0161162862014755,0.023451400236435,0.0966532415932554));
#6853=CARTESIAN_POINT('',(-0.00752247841846033,0.023451400236435,0.0954346801980486));
#6854=CARTESIAN_POINT('',(-0.00545929953301954,0.023451400236435,0.0951993503159066));
#6855=CARTESIAN_POINT('',(-0.00614056126662478,0.048451400236435,0.0956721811041059));
#6856=CARTESIAN_POINT('',(-0.00524842156867232,0.0424514002364351,0.0950529901298317));
#6857=CARTESIAN_POINT('',(-5.33210628428371E-16,0.023451400236435,0.0848963793556091));
#6858=CARTESIAN_POINT('',(-0.00973831149346774,0.023451400236435,0.0871691066283375));
#6859=CARTESIAN_POINT('',(-0.0052896360202131,0.023451400236435,0.0933828244755441));
#6860=CARTESIAN_POINT('',(-0.0115000000000002,0.023451400236435,0.0863963793556104));
#6861=CARTESIAN_POINT('',(-0.0122878573571858,0.023451400236435,0.0863963793556104));
#6862=CARTESIAN_POINT('',(-0.0107121426428145,0.023451400236435,0.0863963793556104));
#6863=CARTESIAN_POINT('',(-5.01768765426291E-16,0.023451400236435,0.0848963793556091));
#6864=CARTESIAN_POINT('',(-0.00776182184829534,0.023451400236435,0.0785912923938509));
#6865=CARTESIAN_POINT('',(-0.00973831149346831,0.023451400236435,0.082623652082883));
#6866=CARTESIAN_POINT('',(-0.0108352186767145,0.023451400236435,0.076118890842561));
#6867=CARTESIAN_POINT('',(-0.0141695013849601,0.023451400236435,0.074979354625469));
#6868=CARTESIAN_POINT('',(-0.00821460586090135,0.023451400236435,0.0770145207203783));
#6869=CARTESIAN_POINT('',(-0.0150138118227242,0.023451400236435,0.0748683570025409));
#6870=CARTESIAN_POINT('',(-0.0160783252180204,0.0424514002364351,0.0765843147376886));
#6871=CARTESIAN_POINT('',(-0.0153426648051873,0.023451400236435,0.0753984563150319));
#6872=CARTESIAN_POINT('',(-0.023,0.023451400236435,0.0848963793556104));
#6873=CARTESIAN_POINT('',(-0.015935054518197,0.023451400236435,0.0778191945099849));
#6874=CARTESIAN_POINT('',(-0.0132616885065325,0.023451400236435,0.0826236520828831));
#6875=CARTESIAN_POINT('',(-0.0115000000000004,0.023451400236435,0.0833963793556104));
#6876=CARTESIAN_POINT('',(-0.0122878573571858,0.048451400236435,0.0833963793556104));
#6877=CARTESIAN_POINT('',(-0.0107121426428151,0.0424514002364351,0.0833963793556104));
#6878=CARTESIAN_POINT('',(-0.0285523906999476,0.023451400236435,0.074406816620842));
#6879=CARTESIAN_POINT('',(-0.0292803969846026,0.048451400236435,0.073373047696632));
#6880=CARTESIAN_POINT('',(-0.0279414142414379,0.0424514002364351,0.0752744031919257));
#6881=CARTESIAN_POINT('',(-0.023,0.023451400236435,0.0848963793556104));
#6882=CARTESIAN_POINT('',(-0.0267489169109498,0.023451400236435,0.0756256931892689));
#6883=CARTESIAN_POINT('',(-0.0197976238273048,0.023451400236435,0.0754230068384677));
#6884=CARTESIAN_POINT('',(-0.0184492144101397,0.023451400236435,0.0747152458576404));
#6885=CARTESIAN_POINT('',(-0.0186276209620316,0.023451400236435,0.0750028308744872));
#6886=CARTESIAN_POINT('',(-0.0184978343563038,0.0424514002364351,0.0747936194817502));
#6887=CARTESIAN_POINT('',(-0.0234597427189764,0.023451400236435,0.0718042889840775));
#6888=CARTESIAN_POINT('',(-0.0277128085398753,0.023451400236435,0.0703507462102134));
#6889=CARTESIAN_POINT('',(-0.0190242014320841,0.048451400236435,0.0733201952167196));
#6890=CARTESIAN_POINT('',(-0.0330000000000018,0.023451400236435,0.0706963793556092));
#6891=CARTESIAN_POINT('',(-0.0290289653696794,0.023451400236435,0.07117688322113));
#6892=CARTESIAN_POINT('',(-0.0293702330761679,0.023451400236435,0.0723770911329946));
#6893=CARTESIAN_POINT('',(-0.0475000000000006,0.023451400236435,0.0638445285200099));
#6894=CARTESIAN_POINT('',(-0.0475000000000006,0.023451400236435,0.0741842367127965));
#6895=CARTESIAN_POINT('',(-0.0475000000000006,0.0424514002364351,0.0643032310255744));
#6896=CARTESIAN_POINT('',(-0.0493755677949952,0.023451400236435,0.0629472052110333));
#6897=CARTESIAN_POINT('',(-0.0502267920543284,0.023451400236435,0.0626562878062257));
#6898=CARTESIAN_POINT('',(-0.0481766018277771,0.048451400236435,0.0633569680482777));
#6899=CARTESIAN_POINT('',(-0.0561000000000022,0.023451400236435,0.0616001493556078));
#6900=CARTESIAN_POINT('',(-0.0514908359508655,0.023451400236435,0.0632631607109946));
#6901=CARTESIAN_POINT('',(-0.0557659888349932,0.023451400236435,0.0664887520743455));
#6902=CARTESIAN_POINT('',(-0.0565121108288648,0.023451400236435,0.0692368039818191));
#6903=CARTESIAN_POINT('',(-0.0566918800155293,0.023451400236435,0.0675952894470667));
#6904=CARTESIAN_POINT('',(-0.0562893032387373,0.0424514002364351,0.0712713122556426));
#6905=CARTESIAN_POINT('',(-0.0567999765540613,0.023451400236435,0.0778963769961301));
#6906=CARTESIAN_POINT('',(-0.0555133233316754,0.023451400236435,0.0721383805142517));
#6907=CARTESIAN_POINT('',(-0.0514862424480943,0.023451400236435,0.0753323508942575));
#6908=CARTESIAN_POINT('',(-0.0460000000000006,0.023451400236435,0.0848963793556108));
#6909=CARTESIAN_POINT('',(-0.0501687359534345,0.023451400236435,0.0758067346678054));
#6910=CARTESIAN_POINT('',(-0.0482727272727279,0.023451400236435,0.0751580678621432));
#6911=CARTESIAN_POINT('',(-0.0337121426428143,0.023451400236435,0.0873963793556104));
#6912=CARTESIAN_POINT('',(-0.0352878573571863,0.023451400236435,0.0873963793556104));
#6913=CARTESIAN_POINT('',(-0.0362602073407659,0.023451400236435,0.0900087603033804));
#6914=CARTESIAN_POINT('',(-0.0369226190824958,0.023451400236435,0.0786833965229836));
#6915=CARTESIAN_POINT('',(-0.0340799728513425,0.023451400236435,0.0755783521781848));
#6916=CARTESIAN_POINT('',(-0.032550819542175,0.023451400236435,0.0756761621737958));
#6917=CARTESIAN_POINT('',(-0.0312118367990102,0.023451400236435,0.0775775176690896));
#6918=CARTESIAN_POINT('',(-0.0337121426428143,0.023451400236435,0.0823963793556104));
#6919=CARTESIAN_POINT('',(-0.0352878573571864,0.023451400236435,0.0823963793556104));
#6920=CARTESIAN_POINT('',(-0.0505501902265519,0.023451400236435,0.0636025507835225));
#6921=CARTESIAN_POINT('',(-0.0556978232911137,0.023451400236435,0.0674864260985777));
#6922=CARTESIAN_POINT('',(-0.0552952465143218,0.023451400236435,0.0711624489071536));
#6923=CARTESIAN_POINT('',(-0.0505856095487779,0.023451400236435,0.0748977701990249));
#6924=CARTESIAN_POINT('',(-0.0485000000000006,0.023451400236435,0.0741842367127965));
#6925=CARTESIAN_POINT('',(-0.0485000000000006,0.023451400236435,0.0643032310255744));
#6926=CARTESIAN_POINT('',(-0.0435000000000006,0.023451400236435,0.0660120486586353));
#6927=CARTESIAN_POINT('',(-0.0435000000000006,0.023451400236435,0.0741842367127965));
#6928=CARTESIAN_POINT('',(-0.0406105451417611,0.023451400236435,0.0753071261870372));
#6929=CARTESIAN_POINT('',(-0.0372931121103914,0.023451400236435,0.0681333365530744));
#6930=CARTESIAN_POINT('',(-0.0377678989106078,0.023451400236435,0.0722020818422384));
#6931=CARTESIAN_POINT('',(-0.0280362067120988,0.023451400236435,0.0712970091875101));
#6932=CARTESIAN_POINT('',(-0.0284627913452095,0.023451400236435,0.072797269077341));
#6933=CARTESIAN_POINT('',(-0.0271238086020448,0.023451400236435,0.0746986245726348));
#6934=CARTESIAN_POINT('',(-0.0194773862100353,0.023451400236435,0.0744756695867535));
#6935=CARTESIAN_POINT('',(-0.0193475996043076,0.023451400236435,0.0742664581940164));
#6936=CARTESIAN_POINT('',(-0.0152285599700166,0.023451400236435,0.0771114760254224));
#6937=CARTESIAN_POINT('',(-0.0144928995571836,0.023451400236435,0.0759256176027657));
#6938=CARTESIAN_POINT('',(-0.00853800403312482,0.023451400236435,0.0779607836976751));
#6939=CARTESIAN_POINT('',(-0.0122878573571858,0.023451400236435,0.0823963793556104));
#6940=CARTESIAN_POINT('',(-0.0107121426428151,0.023451400236435,0.0823963793556104));
#6941=CARTESIAN_POINT('',(-0.0122878573571858,0.023451400236435,0.0873963793556104));
#6942=CARTESIAN_POINT('',(-0.0107121426428145,0.023451400236435,0.0873963793556104));
#6943=CARTESIAN_POINT('',(-0.0319419388342656,0.023451400236435,0.0913027613208271));
#6944=CARTESIAN_POINT('',(-0.0197587333520412,0.023451400236435,0.0954080010438576));
#6945=CARTESIAN_POINT('',(-0.0170583854262663,0.023451400236435,0.0963179073560403));
#6946=CARTESIAN_POINT('',(-0.00671073932018682,0.023451400236435,0.0948506599618118));
#6947=CARTESIAN_POINT('',(-0.00581859962223436,0.023451400236435,0.0942314689875376));
#6948=MECHANICAL_DESIGN_GEOMETRIC_PRESENTATION_REPRESENTATION('',(#4045),
#6949);
#6949=(
GEOMETRIC_REPRESENTATION_CONTEXT(3)
GLOBAL_UNCERTAINTY_ASSIGNED_CONTEXT((#6950))
GLOBAL_UNIT_ASSIGNED_CONTEXT((#6953,#6952,#6951))
REPRESENTATION_CONTEXT('btrshftr C3 Plate Female',
'TOP_LEVEL_ASSEMBLY_PART')
);
#6950=UNCERTAINTY_MEASURE_WITH_UNIT(LENGTH_MEASURE(1.E-8),#6953,
'DISTANCE_ACCURACY_VALUE','Maximum Tolerance applied to model');
#6951=(
NAMED_UNIT(*)
SI_UNIT($,.STERADIAN.)
SOLID_ANGLE_UNIT()
);
#6952=(
NAMED_UNIT(*)
PLANE_ANGLE_UNIT()
SI_UNIT($,.RADIAN.)
);
#6953=(
LENGTH_UNIT()
NAMED_UNIT(*)
SI_UNIT($,.METRE.)
);
#6954=PRODUCT_DEFINITION_SHAPE('','',#6955);
#6955=PRODUCT_DEFINITION('','',#6957,#6956);
#6956=PRODUCT_DEFINITION_CONTEXT('',#6963,'design');
#6957=PRODUCT_DEFINITION_FORMATION_WITH_SPECIFIED_SOURCE('','',#6959,
 .NOT_KNOWN.);
#6958=PRODUCT_RELATED_PRODUCT_CATEGORY('','',(#6959));
#6959=PRODUCT('btrshftr C3 Plate Female','btrshftr C3 Plate Female',
'btrshftr C3 Plate Female',(#6961));
#6960=PRODUCT_CATEGORY('','');
#6961=PRODUCT_CONTEXT('',#6963,'mechanical');
#6962=APPLICATION_PROTOCOL_DEFINITION('international standard',
'ap242_managed_model_based_3d_engineering',2020,#6963);
#6963=APPLICATION_CONTEXT('managed model based 3d engineering');
ENDSEC;
END-ISO-10303-21;
