ISO-10303-21;
HEADER;
/* Generated by software containing ST-Developer
 * from STEP Tools, Inc. (www.steptools.com) 
 */
/* OPTION: using custom renumber hook */

FILE_DESCRIPTION(
/* description */ ('STEP AP242 Edition 2',
'CAx-IF Rec.Pracs.---Representation and Presentation of Product Manufa
cturing Information (PMI)---4.0---2014-10-13',
'CAx-IF Rec.Pracs.---3D Tessellated Geometry---0.4---2014-09-14','2;1',
'CAx-IF Rec.Pracs.---User Defined Attributes---1.5---2016-08-15'),
/* implementation_level */ '2;1');

FILE_NAME(
/* name */ 'Assembly 1 - btrshftr C4-C5 Butterfly Plate',
/* time_stamp */ '2026-06-22T21:39:42Z',
/* author */ (''),
/* organization */ (''),
/* preprocessor_version */ 'ST-DEVELOPER v20',
/* originating_system */ 'ONSHAPE BY PTC INC, 1.216',
/* authorisation */ '  ');

FILE_SCHEMA (('AP242_MANAGED_MODEL_BASED_3D_ENGINEERING_MIM_LF { 1 0 10303 442 3 1 4 }'));
ENDSEC;

DATA;
#10=SHAPE_REPRESENTATION_RELATIONSHIP('','',#2109,#11);
#11=ADVANCED_BREP_SHAPE_REPRESENTATION('',(#2107),#3608);
#12=CYLINDRICAL_SURFACE('',#2145,0.01);
#13=CYLINDRICAL_SURFACE('',#2248,0.0125);
#14=CYLINDRICAL_SURFACE('',#2249,0.004);
#15=CYLINDRICAL_SURFACE('',#2251,0.004);
#16=CYLINDRICAL_SURFACE('',#2253,0.007);
#17=CYLINDRICAL_SURFACE('',#2254,0.0019);
#18=CYLINDRICAL_SURFACE('',#2255,0.0019);
#19=CYLINDRICAL_SURFACE('',#2260,0.0019);
#20=CYLINDRICAL_SURFACE('',#2261,0.0019);
#21=CYLINDRICAL_SURFACE('',#2262,0.0019);
#22=CYLINDRICAL_SURFACE('',#2263,0.0019);
#23=CYLINDRICAL_SURFACE('',#2268,0.0019);
#24=CYLINDRICAL_SURFACE('',#2269,0.0019);
#25=CYLINDRICAL_SURFACE('',#2270,0.00215);
#26=CYLINDRICAL_SURFACE('',#2271,0.00215);
#27=CYLINDRICAL_SURFACE('',#2272,0.00215);
#28=CYLINDRICAL_SURFACE('',#2273,0.00215);
#29=CYLINDRICAL_SURFACE('',#2279,0.006);
#30=CYLINDRICAL_SURFACE('',#2280,0.00215);
#31=CYLINDRICAL_SURFACE('',#2282,0.006);
#32=CYLINDRICAL_SURFACE('',#2283,0.00215);
#33=CYLINDRICAL_SURFACE('',#2286,0.001);
#34=CYLINDRICAL_SURFACE('',#2287,0.001);
#35=CYLINDRICAL_SURFACE('',#2288,0.001);
#36=CYLINDRICAL_SURFACE('',#2289,0.001);
#37=CYLINDRICAL_SURFACE('',#2290,0.001);
#38=CYLINDRICAL_SURFACE('',#2291,0.001);
#39=CYLINDRICAL_SURFACE('',#2292,0.001);
#40=CYLINDRICAL_SURFACE('',#2293,0.001);
#41=CYLINDRICAL_SURFACE('',#2294,0.01);
#42=CYLINDRICAL_SURFACE('',#2295,0.01);
#43=CYLINDRICAL_SURFACE('',#2296,0.01);
#44=CYLINDRICAL_SURFACE('',#2297,0.007);
#45=CYLINDRICAL_SURFACE('',#2298,0.01);
#46=CYLINDRICAL_SURFACE('',#2299,0.01);
#47=CYLINDRICAL_SURFACE('',#2303,0.0019);
#48=CYLINDRICAL_SURFACE('',#2304,0.005);
#49=CYLINDRICAL_SURFACE('',#2307,0.006);
#50=CYLINDRICAL_SURFACE('',#2309,0.0105);
#51=CYLINDRICAL_SURFACE('',#2310,0.002);
#52=CYLINDRICAL_SURFACE('',#2311,0.002);
#53=CYLINDRICAL_SURFACE('',#2312,0.002);
#54=CYLINDRICAL_SURFACE('',#2313,0.002);
#55=CYLINDRICAL_SURFACE('',#2314,0.002);
#56=CYLINDRICAL_SURFACE('',#2315,0.002);
#57=CYLINDRICAL_SURFACE('',#2316,0.005);
#58=CYLINDRICAL_SURFACE('',#2319,0.006);
#59=CYLINDRICAL_SURFACE('',#2321,0.0105);
#60=CYLINDRICAL_SURFACE('',#2322,0.007);
#61=CYLINDRICAL_SURFACE('',#2323,0.002);
#62=CYLINDRICAL_SURFACE('',#2324,0.002);
#63=CYLINDRICAL_SURFACE('',#2325,0.002);
#64=CYLINDRICAL_SURFACE('',#2326,0.002);
#65=CYLINDRICAL_SURFACE('',#2327,0.002);
#66=CYLINDRICAL_SURFACE('',#2328,0.002);
#67=CYLINDRICAL_SURFACE('',#2329,0.00499999999999845);
#68=CYLINDRICAL_SURFACE('',#2332,0.005);
#69=CYLINDRICAL_SURFACE('',#2339,0.002);
#70=CYLINDRICAL_SURFACE('',#2340,0.002);
#71=CYLINDRICAL_SURFACE('',#2341,0.002);
#72=CYLINDRICAL_SURFACE('',#2342,0.002);
#73=CYLINDRICAL_SURFACE('',#2347,0.002);
#74=CYLINDRICAL_SURFACE('',#2348,0.002);
#75=CYLINDRICAL_SURFACE('',#2349,0.002);
#76=CYLINDRICAL_SURFACE('',#2350,0.002);
#77=LINE('',#3000,#240);
#78=LINE('',#3005,#241);
#79=LINE('',#3009,#242);
#80=LINE('',#3013,#243);
#81=LINE('',#3026,#244);
#82=LINE('',#3039,#245);
#83=LINE('',#3047,#246);
#84=LINE('',#3050,#247);
#85=LINE('',#3057,#248);
#86=LINE('',#3061,#249);
#87=LINE('',#3065,#250);
#88=LINE('',#3069,#251);
#89=LINE('',#3071,#252);
#90=LINE('',#3075,#253);
#91=LINE('',#3079,#254);
#92=LINE('',#3083,#255);
#93=LINE('',#3087,#256);
#94=LINE('',#3091,#257);
#95=LINE('',#3095,#258);
#96=LINE('',#3099,#259);
#97=LINE('',#3102,#260);
#98=LINE('',#3103,#261);
#99=LINE('',#3105,#262);
#100=LINE('',#3108,#263);
#101=LINE('',#3109,#264);
#102=LINE('',#3111,#265);
#103=LINE('',#3115,#266);
#104=LINE('',#3123,#267);
#105=LINE('',#3130,#268);
#106=LINE('',#3134,#269);
#107=LINE('',#3138,#270);
#108=LINE('',#3142,#271);
#109=LINE('',#3144,#272);
#110=LINE('',#3148,#273);
#111=LINE('',#3152,#274);
#112=LINE('',#3156,#275);
#113=LINE('',#3160,#276);
#114=LINE('',#3164,#277);
#115=LINE('',#3168,#278);
#116=LINE('',#3170,#279);
#117=LINE('',#3174,#280);
#118=LINE('',#3178,#281);
#119=LINE('',#3182,#282);
#120=LINE('',#3186,#283);
#121=LINE('',#3190,#284);
#122=LINE('',#3197,#285);
#123=LINE('',#3210,#286);
#124=LINE('',#3218,#287);
#125=LINE('',#3234,#288);
#126=LINE('',#3239,#289);
#127=LINE('',#3243,#290);
#128=LINE('',#3247,#291);
#129=LINE('',#3263,#292);
#130=LINE('',#3267,#293);
#131=LINE('',#3275,#294);
#132=LINE('',#3283,#295);
#133=LINE('',#3287,#296);
#134=LINE('',#3291,#297);
#135=LINE('',#3295,#298);
#136=LINE('',#3299,#299);
#137=LINE('',#3303,#300);
#138=LINE('',#3307,#301);
#139=LINE('',#3311,#302);
#140=LINE('',#3315,#303);
#141=LINE('',#3319,#304);
#142=LINE('',#3323,#305);
#143=LINE('',#3325,#306);
#144=LINE('',#3326,#307);
#145=LINE('',#3338,#308);
#146=LINE('',#3343,#309);
#147=LINE('',#3347,#310);
#148=LINE('',#3351,#311);
#149=LINE('',#3356,#312);
#150=LINE('',#3360,#313);
#151=LINE('',#3365,#314);
#152=LINE('',#3369,#315);
#153=LINE('',#3374,#316);
#154=LINE('',#3378,#317);
#155=LINE('',#3382,#318);
#156=LINE('',#3386,#319);
#157=LINE('',#3390,#320);
#158=LINE('',#3402,#321);
#159=LINE('',#3406,#322);
#160=LINE('',#3414,#323);
#161=LINE('',#3422,#324);
#162=LINE('',#3423,#325);
#163=LINE('',#3424,#326);
#164=LINE('',#3425,#327);
#165=LINE('',#3427,#328);
#166=LINE('',#3428,#329);
#167=LINE('',#3430,#330);
#168=LINE('',#3431,#331);
#169=LINE('',#3432,#332);
#170=LINE('',#3434,#333);
#171=LINE('',#3436,#334);
#172=LINE('',#3437,#335);
#173=LINE('',#3440,#336);
#174=LINE('',#3441,#337);
#175=LINE('',#3443,#338);
#176=LINE('',#3444,#339);
#177=LINE('',#3446,#340);
#178=LINE('',#3447,#341);
#179=LINE('',#3449,#342);
#180=LINE('',#3450,#343);
#181=LINE('',#3452,#344);
#182=LINE('',#3453,#345);
#183=LINE('',#3455,#346);
#184=LINE('',#3456,#347);
#185=LINE('',#3460,#348);
#186=LINE('',#3461,#349);
#187=LINE('',#3463,#350);
#188=LINE('',#3464,#351);
#189=LINE('',#3466,#352);
#190=LINE('',#3467,#353);
#191=LINE('',#3469,#354);
#192=LINE('',#3470,#355);
#193=LINE('',#3472,#356);
#194=LINE('',#3473,#357);
#195=LINE('',#3475,#358);
#196=LINE('',#3476,#359);
#197=LINE('',#3486,#360);
#198=LINE('',#3487,#361);
#199=LINE('',#3489,#362);
#200=LINE('',#3491,#363);
#201=LINE('',#3492,#364);
#202=LINE('',#3494,#365);
#203=LINE('',#3498,#366);
#204=LINE('',#3504,#367);
#205=LINE('',#3505,#368);
#206=LINE('',#3515,#369);
#207=LINE('',#3520,#370);
#208=LINE('',#3527,#371);
#209=LINE('',#3528,#372);
#210=LINE('',#3530,#373);
#211=LINE('',#3531,#374);
#212=LINE('',#3533,#375);
#213=LINE('',#3534,#376);
#214=LINE('',#3536,#377);
#215=LINE('',#3537,#378);
#216=LINE('',#3539,#379);
#217=LINE('',#3540,#380);
#218=LINE('',#3542,#381);
#219=LINE('',#3543,#382);
#220=LINE('',#3551,#383);
#221=LINE('',#3552,#384);
#222=LINE('',#3554,#385);
#223=LINE('',#3555,#386);
#224=LINE('',#3557,#387);
#225=LINE('',#3558,#388);
#226=LINE('',#3560,#389);
#227=LINE('',#3561,#390);
#228=LINE('',#3563,#391);
#229=LINE('',#3564,#392);
#230=LINE('',#3566,#393);
#231=LINE('',#3567,#394);
#232=LINE('',#3584,#395);
#233=LINE('',#3586,#396);
#234=LINE('',#3588,#397);
#235=LINE('',#3590,#398);
#236=LINE('',#3596,#399);
#237=LINE('',#3598,#400);
#238=LINE('',#3600,#401);
#239=LINE('',#3602,#402);
#240=VECTOR('',#2357,1.);
#241=VECTOR('',#2360,1.);
#242=VECTOR('',#2363,1.);
#243=VECTOR('',#2366,1.);
#244=VECTOR('',#2379,1.);
#245=VECTOR('',#2390,1.);
#246=VECTOR('',#2397,1.);
#247=VECTOR('',#2400,1.);
#248=VECTOR('',#2405,1.);
#249=VECTOR('',#2408,1.);
#250=VECTOR('',#2411,1.);
#251=VECTOR('',#2414,1.);
#252=VECTOR('',#2415,1.);
#253=VECTOR('',#2418,1.);
#254=VECTOR('',#2421,1.);
#255=VECTOR('',#2424,1.);
#256=VECTOR('',#2427,1.);
#257=VECTOR('',#2430,1.);
#258=VECTOR('',#2433,1.);
#259=VECTOR('',#2438,1.);
#260=VECTOR('',#2439,1.);
#261=VECTOR('',#2440,1.);
#262=VECTOR('',#2443,1.);
#263=VECTOR('',#2444,1.);
#264=VECTOR('',#2445,1.);
#265=VECTOR('',#2448,1.);
#266=VECTOR('',#2451,1.);
#267=VECTOR('',#2460,1.);
#268=VECTOR('',#2465,1.);
#269=VECTOR('',#2468,1.);
#270=VECTOR('',#2471,1.);
#271=VECTOR('',#2474,1.);
#272=VECTOR('',#2475,1.);
#273=VECTOR('',#2478,1.);
#274=VECTOR('',#2481,1.);
#275=VECTOR('',#2484,1.);
#276=VECTOR('',#2487,1.);
#277=VECTOR('',#2490,1.);
#278=VECTOR('',#2493,1.);
#279=VECTOR('',#2496,1.);
#280=VECTOR('',#2499,1.);
#281=VECTOR('',#2502,1.);
#282=VECTOR('',#2505,1.);
#283=VECTOR('',#2508,1.);
#284=VECTOR('',#2511,1.);
#285=VECTOR('',#2518,1.);
#286=VECTOR('',#2529,1.);
#287=VECTOR('',#2536,1.);
#288=VECTOR('',#2553,1.);
#289=VECTOR('',#2556,1.);
#290=VECTOR('',#2559,1.);
#291=VECTOR('',#2562,1.);
#292=VECTOR('',#2577,1.);
#293=VECTOR('',#2580,1.);
#294=VECTOR('',#2587,1.);
#295=VECTOR('',#2594,1.);
#296=VECTOR('',#2597,1.);
#297=VECTOR('',#2600,1.);
#298=VECTOR('',#2603,1.);
#299=VECTOR('',#2606,1.);
#300=VECTOR('',#2609,1.);
#301=VECTOR('',#2612,1.);
#302=VECTOR('',#2615,1.);
#303=VECTOR('',#2618,1.);
#304=VECTOR('',#2621,1.);
#305=VECTOR('',#2624,1.);
#306=VECTOR('',#2627,1.);
#307=VECTOR('',#2628,1.);
#308=VECTOR('',#2641,1.);
#309=VECTOR('',#2644,1.);
#310=VECTOR('',#2647,1.);
#311=VECTOR('',#2650,1.);
#312=VECTOR('',#2655,1.);
#313=VECTOR('',#2658,1.);
#314=VECTOR('',#2663,1.);
#315=VECTOR('',#2666,1.);
#316=VECTOR('',#2671,1.);
#317=VECTOR('',#2674,1.);
#318=VECTOR('',#2677,1.);
#319=VECTOR('',#2680,1.);
#320=VECTOR('',#2683,1.);
#321=VECTOR('',#2694,1.);
#322=VECTOR('',#2697,1.);
#323=VECTOR('',#2704,1.);
#324=VECTOR('',#2713,1.);
#325=VECTOR('',#2714,1.);
#326=VECTOR('',#2715,1.);
#327=VECTOR('',#2716,1.);
#328=VECTOR('',#2719,1.);
#329=VECTOR('',#2720,1.);
#330=VECTOR('',#2723,1.);
#331=VECTOR('',#2724,1.);
#332=VECTOR('',#2725,1.);
#333=VECTOR('',#2728,1.);
#334=VECTOR('',#2731,1.);
#335=VECTOR('',#2732,1.);
#336=VECTOR('',#2737,1.);
#337=VECTOR('',#2738,1.);
#338=VECTOR('',#2741,1.);
#339=VECTOR('',#2742,1.);
#340=VECTOR('',#2745,1.);
#341=VECTOR('',#2746,1.);
#342=VECTOR('',#2749,1.);
#343=VECTOR('',#2750,1.);
#344=VECTOR('',#2753,1.);
#345=VECTOR('',#2754,1.);
#346=VECTOR('',#2757,1.);
#347=VECTOR('',#2758,1.);
#348=VECTOR('',#2765,1.);
#349=VECTOR('',#2766,1.);
#350=VECTOR('',#2769,1.);
#351=VECTOR('',#2770,1.);
#352=VECTOR('',#2773,1.);
#353=VECTOR('',#2774,1.);
#354=VECTOR('',#2777,1.);
#355=VECTOR('',#2778,1.);
#356=VECTOR('',#2781,1.);
#357=VECTOR('',#2782,1.);
#358=VECTOR('',#2785,1.);
#359=VECTOR('',#2786,1.);
#360=VECTOR('',#2803,1.);
#361=VECTOR('',#2804,1.);
#362=VECTOR('',#2807,1.);
#363=VECTOR('',#2810,1.);
#364=VECTOR('',#2811,1.);
#365=VECTOR('',#2814,1.);
#366=VECTOR('',#2821,1.);
#367=VECTOR('',#2830,1.);
#368=VECTOR('',#2831,1.);
#369=VECTOR('',#2850,1.);
#370=VECTOR('',#2859,1.);
#371=VECTOR('',#2872,1.);
#372=VECTOR('',#2873,1.);
#373=VECTOR('',#2876,1.);
#374=VECTOR('',#2877,1.);
#375=VECTOR('',#2880,1.);
#376=VECTOR('',#2881,1.);
#377=VECTOR('',#2884,1.);
#378=VECTOR('',#2885,1.);
#379=VECTOR('',#2888,1.);
#380=VECTOR('',#2889,1.);
#381=VECTOR('',#2892,1.);
#382=VECTOR('',#2893,1.);
#383=VECTOR('',#2908,1.);
#384=VECTOR('',#2909,1.);
#385=VECTOR('',#2912,1.);
#386=VECTOR('',#2913,1.);
#387=VECTOR('',#2916,1.);
#388=VECTOR('',#2917,1.);
#389=VECTOR('',#2920,1.);
#390=VECTOR('',#2921,1.);
#391=VECTOR('',#2924,1.);
#392=VECTOR('',#2925,1.);
#393=VECTOR('',#2928,1.);
#394=VECTOR('',#2929,1.);
#395=VECTOR('',#2958,1.);
#396=VECTOR('',#2961,1.);
#397=VECTOR('',#2964,1.);
#398=VECTOR('',#2967,1.);
#399=VECTOR('',#2978,1.);
#400=VECTOR('',#2981,1.);
#401=VECTOR('',#2984,1.);
#402=VECTOR('',#2987,1.);
#403=ORIENTED_EDGE('',*,*,#995,.T.);
#404=ORIENTED_EDGE('',*,*,#996,.F.);
#405=ORIENTED_EDGE('',*,*,#997,.T.);
#406=ORIENTED_EDGE('',*,*,#998,.F.);
#407=ORIENTED_EDGE('',*,*,#999,.T.);
#408=ORIENTED_EDGE('',*,*,#1000,.F.);
#409=ORIENTED_EDGE('',*,*,#1001,.T.);
#410=ORIENTED_EDGE('',*,*,#1002,.T.);
#411=ORIENTED_EDGE('',*,*,#1003,.T.);
#412=ORIENTED_EDGE('',*,*,#1004,.F.);
#413=ORIENTED_EDGE('',*,*,#1005,.F.);
#414=ORIENTED_EDGE('',*,*,#1006,.F.);
#415=ORIENTED_EDGE('',*,*,#1007,.F.);
#416=ORIENTED_EDGE('',*,*,#1008,.F.);
#417=ORIENTED_EDGE('',*,*,#1009,.F.);
#418=ORIENTED_EDGE('',*,*,#1010,.T.);
#419=ORIENTED_EDGE('',*,*,#1011,.T.);
#420=ORIENTED_EDGE('',*,*,#1012,.T.);
#421=ORIENTED_EDGE('',*,*,#1013,.T.);
#422=ORIENTED_EDGE('',*,*,#1014,.T.);
#423=ORIENTED_EDGE('',*,*,#1015,.T.);
#424=ORIENTED_EDGE('',*,*,#1016,.T.);
#425=ORIENTED_EDGE('',*,*,#1017,.T.);
#426=ORIENTED_EDGE('',*,*,#1018,.T.);
#427=ORIENTED_EDGE('',*,*,#1019,.F.);
#428=ORIENTED_EDGE('',*,*,#1020,.T.);
#429=ORIENTED_EDGE('',*,*,#1021,.F.);
#430=ORIENTED_EDGE('',*,*,#1022,.T.);
#431=ORIENTED_EDGE('',*,*,#1023,.T.);
#432=ORIENTED_EDGE('',*,*,#1024,.T.);
#433=ORIENTED_EDGE('',*,*,#1025,.F.);
#434=ORIENTED_EDGE('',*,*,#1026,.T.);
#435=ORIENTED_EDGE('',*,*,#1027,.F.);
#436=ORIENTED_EDGE('',*,*,#1028,.F.);
#437=ORIENTED_EDGE('',*,*,#1029,.F.);
#438=ORIENTED_EDGE('',*,*,#1030,.T.);
#439=ORIENTED_EDGE('',*,*,#1031,.T.);
#440=ORIENTED_EDGE('',*,*,#1032,.F.);
#441=ORIENTED_EDGE('',*,*,#1033,.F.);
#442=ORIENTED_EDGE('',*,*,#1034,.T.);
#443=ORIENTED_EDGE('',*,*,#1035,.F.);
#444=ORIENTED_EDGE('',*,*,#1036,.T.);
#445=ORIENTED_EDGE('',*,*,#1037,.T.);
#446=ORIENTED_EDGE('',*,*,#1038,.F.);
#447=ORIENTED_EDGE('',*,*,#1039,.F.);
#448=ORIENTED_EDGE('',*,*,#1040,.T.);
#449=ORIENTED_EDGE('',*,*,#1041,.F.);
#450=ORIENTED_EDGE('',*,*,#1042,.T.);
#451=ORIENTED_EDGE('',*,*,#1043,.T.);
#452=ORIENTED_EDGE('',*,*,#1044,.F.);
#453=ORIENTED_EDGE('',*,*,#1045,.F.);
#454=ORIENTED_EDGE('',*,*,#1046,.T.);
#455=ORIENTED_EDGE('',*,*,#1035,.T.);
#456=ORIENTED_EDGE('',*,*,#1047,.T.);
#457=ORIENTED_EDGE('',*,*,#1048,.F.);
#458=ORIENTED_EDGE('',*,*,#1049,.T.);
#459=ORIENTED_EDGE('',*,*,#1041,.T.);
#460=ORIENTED_EDGE('',*,*,#1050,.T.);
#461=ORIENTED_EDGE('',*,*,#1023,.F.);
#462=ORIENTED_EDGE('',*,*,#1051,.T.);
#463=ORIENTED_EDGE('',*,*,#1052,.F.);
#464=ORIENTED_EDGE('',*,*,#1053,.F.);
#465=ORIENTED_EDGE('',*,*,#1054,.F.);
#466=ORIENTED_EDGE('',*,*,#1055,.F.);
#467=ORIENTED_EDGE('',*,*,#1056,.T.);
#468=ORIENTED_EDGE('',*,*,#1057,.T.);
#469=ORIENTED_EDGE('',*,*,#1058,.T.);
#470=ORIENTED_EDGE('',*,*,#1059,.T.);
#471=ORIENTED_EDGE('',*,*,#1060,.F.);
#472=ORIENTED_EDGE('',*,*,#1061,.F.);
#473=ORIENTED_EDGE('',*,*,#1062,.T.);
#474=ORIENTED_EDGE('',*,*,#1063,.F.);
#475=ORIENTED_EDGE('',*,*,#1064,.F.);
#476=ORIENTED_EDGE('',*,*,#1065,.F.);
#477=ORIENTED_EDGE('',*,*,#1066,.F.);
#478=ORIENTED_EDGE('',*,*,#1067,.T.);
#479=ORIENTED_EDGE('',*,*,#1068,.T.);
#480=ORIENTED_EDGE('',*,*,#1069,.T.);
#481=ORIENTED_EDGE('',*,*,#1070,.F.);
#482=ORIENTED_EDGE('',*,*,#1071,.T.);
#483=ORIENTED_EDGE('',*,*,#1072,.T.);
#484=ORIENTED_EDGE('',*,*,#1073,.F.);
#485=ORIENTED_EDGE('',*,*,#1074,.T.);
#486=ORIENTED_EDGE('',*,*,#1075,.F.);
#487=ORIENTED_EDGE('',*,*,#1076,.T.);
#488=ORIENTED_EDGE('',*,*,#1077,.F.);
#489=ORIENTED_EDGE('',*,*,#1078,.T.);
#490=ORIENTED_EDGE('',*,*,#1079,.T.);
#491=ORIENTED_EDGE('',*,*,#1080,.F.);
#492=ORIENTED_EDGE('',*,*,#1081,.T.);
#493=ORIENTED_EDGE('',*,*,#1082,.T.);
#494=ORIENTED_EDGE('',*,*,#1083,.T.);
#495=ORIENTED_EDGE('',*,*,#1084,.T.);
#496=ORIENTED_EDGE('',*,*,#1085,.F.);
#497=ORIENTED_EDGE('',*,*,#1086,.F.);
#498=ORIENTED_EDGE('',*,*,#1087,.T.);
#499=ORIENTED_EDGE('',*,*,#1088,.T.);
#500=ORIENTED_EDGE('',*,*,#1089,.T.);
#501=ORIENTED_EDGE('',*,*,#1090,.T.);
#502=ORIENTED_EDGE('',*,*,#1091,.F.);
#503=ORIENTED_EDGE('',*,*,#1092,.F.);
#504=ORIENTED_EDGE('',*,*,#1093,.F.);
#505=ORIENTED_EDGE('',*,*,#1094,.F.);
#506=ORIENTED_EDGE('',*,*,#1095,.F.);
#507=ORIENTED_EDGE('',*,*,#1096,.T.);
#508=ORIENTED_EDGE('',*,*,#1097,.T.);
#509=ORIENTED_EDGE('',*,*,#1098,.T.);
#510=ORIENTED_EDGE('',*,*,#1099,.T.);
#511=ORIENTED_EDGE('',*,*,#1100,.T.);
#512=ORIENTED_EDGE('',*,*,#1101,.T.);
#513=ORIENTED_EDGE('',*,*,#1102,.T.);
#514=ORIENTED_EDGE('',*,*,#1103,.T.);
#515=ORIENTED_EDGE('',*,*,#1104,.T.);
#516=ORIENTED_EDGE('',*,*,#1105,.F.);
#517=ORIENTED_EDGE('',*,*,#1106,.T.);
#518=ORIENTED_EDGE('',*,*,#1107,.F.);
#519=ORIENTED_EDGE('',*,*,#1108,.F.);
#520=ORIENTED_EDGE('',*,*,#1109,.F.);
#521=ORIENTED_EDGE('',*,*,#1110,.T.);
#522=ORIENTED_EDGE('',*,*,#1111,.T.);
#523=ORIENTED_EDGE('',*,*,#1112,.T.);
#524=ORIENTED_EDGE('',*,*,#1113,.T.);
#525=ORIENTED_EDGE('',*,*,#1114,.T.);
#526=ORIENTED_EDGE('',*,*,#1115,.T.);
#527=ORIENTED_EDGE('',*,*,#1116,.T.);
#528=ORIENTED_EDGE('',*,*,#1117,.F.);
#529=ORIENTED_EDGE('',*,*,#1118,.T.);
#530=ORIENTED_EDGE('',*,*,#1119,.T.);
#531=ORIENTED_EDGE('',*,*,#1120,.T.);
#532=ORIENTED_EDGE('',*,*,#1121,.F.);
#533=ORIENTED_EDGE('',*,*,#1122,.T.);
#534=ORIENTED_EDGE('',*,*,#1123,.T.);
#535=ORIENTED_EDGE('',*,*,#1124,.T.);
#536=ORIENTED_EDGE('',*,*,#1125,.T.);
#537=ORIENTED_EDGE('',*,*,#1126,.T.);
#538=ORIENTED_EDGE('',*,*,#1127,.F.);
#539=ORIENTED_EDGE('',*,*,#1128,.T.);
#540=ORIENTED_EDGE('',*,*,#1129,.F.);
#541=ORIENTED_EDGE('',*,*,#1130,.T.);
#542=ORIENTED_EDGE('',*,*,#1131,.T.);
#543=ORIENTED_EDGE('',*,*,#1132,.T.);
#544=ORIENTED_EDGE('',*,*,#1133,.T.);
#545=ORIENTED_EDGE('',*,*,#1134,.T.);
#546=ORIENTED_EDGE('',*,*,#1135,.T.);
#547=ORIENTED_EDGE('',*,*,#1136,.T.);
#548=ORIENTED_EDGE('',*,*,#1137,.T.);
#549=ORIENTED_EDGE('',*,*,#1138,.T.);
#550=ORIENTED_EDGE('',*,*,#1139,.F.);
#551=ORIENTED_EDGE('',*,*,#1140,.T.);
#552=ORIENTED_EDGE('',*,*,#1141,.F.);
#553=ORIENTED_EDGE('',*,*,#1142,.T.);
#554=ORIENTED_EDGE('',*,*,#1143,.T.);
#555=ORIENTED_EDGE('',*,*,#1144,.T.);
#556=ORIENTED_EDGE('',*,*,#1145,.F.);
#557=ORIENTED_EDGE('',*,*,#1146,.T.);
#558=ORIENTED_EDGE('',*,*,#1147,.F.);
#559=ORIENTED_EDGE('',*,*,#1148,.T.);
#560=ORIENTED_EDGE('',*,*,#1149,.F.);
#561=ORIENTED_EDGE('',*,*,#1150,.F.);
#562=ORIENTED_EDGE('',*,*,#1151,.F.);
#563=ORIENTED_EDGE('',*,*,#1152,.T.);
#564=ORIENTED_EDGE('',*,*,#1153,.T.);
#565=ORIENTED_EDGE('',*,*,#1154,.T.);
#566=ORIENTED_EDGE('',*,*,#1155,.F.);
#567=ORIENTED_EDGE('',*,*,#1156,.T.);
#568=ORIENTED_EDGE('',*,*,#1157,.T.);
#569=ORIENTED_EDGE('',*,*,#1141,.T.);
#570=ORIENTED_EDGE('',*,*,#1158,.T.);
#571=ORIENTED_EDGE('',*,*,#1089,.F.);
#572=ORIENTED_EDGE('',*,*,#1159,.T.);
#573=ORIENTED_EDGE('',*,*,#1160,.F.);
#574=ORIENTED_EDGE('',*,*,#1161,.F.);
#575=ORIENTED_EDGE('',*,*,#1162,.T.);
#576=ORIENTED_EDGE('',*,*,#1163,.T.);
#577=ORIENTED_EDGE('',*,*,#1164,.T.);
#578=ORIENTED_EDGE('',*,*,#1165,.T.);
#579=ORIENTED_EDGE('',*,*,#1166,.T.);
#580=ORIENTED_EDGE('',*,*,#1167,.T.);
#581=ORIENTED_EDGE('',*,*,#1168,.T.);
#582=ORIENTED_EDGE('',*,*,#1169,.T.);
#583=ORIENTED_EDGE('',*,*,#1170,.T.);
#584=ORIENTED_EDGE('',*,*,#1171,.F.);
#585=ORIENTED_EDGE('',*,*,#1172,.T.);
#586=ORIENTED_EDGE('',*,*,#1052,.T.);
#587=ORIENTED_EDGE('',*,*,#1173,.T.);
#588=ORIENTED_EDGE('',*,*,#1174,.F.);
#589=ORIENTED_EDGE('',*,*,#1175,.T.);
#590=ORIENTED_EDGE('',*,*,#1176,.T.);
#591=ORIENTED_EDGE('',*,*,#1177,.T.);
#592=ORIENTED_EDGE('',*,*,#1048,.T.);
#593=ORIENTED_EDGE('',*,*,#1178,.T.);
#594=ORIENTED_EDGE('',*,*,#1179,.F.);
#595=ORIENTED_EDGE('',*,*,#1180,.T.);
#596=ORIENTED_EDGE('',*,*,#1181,.T.);
#597=ORIENTED_EDGE('',*,*,#1182,.T.);
#598=ORIENTED_EDGE('',*,*,#1045,.T.);
#599=ORIENTED_EDGE('',*,*,#1183,.T.);
#600=ORIENTED_EDGE('',*,*,#1184,.F.);
#601=ORIENTED_EDGE('',*,*,#1185,.F.);
#602=ORIENTED_EDGE('',*,*,#1186,.F.);
#603=ORIENTED_EDGE('',*,*,#1187,.T.);
#604=ORIENTED_EDGE('',*,*,#1188,.T.);
#605=ORIENTED_EDGE('',*,*,#1189,.T.);
#606=ORIENTED_EDGE('',*,*,#1190,.F.);
#607=ORIENTED_EDGE('',*,*,#1191,.T.);
#608=ORIENTED_EDGE('',*,*,#1192,.T.);
#609=ORIENTED_EDGE('',*,*,#1193,.T.);
#610=ORIENTED_EDGE('',*,*,#1194,.T.);
#611=ORIENTED_EDGE('',*,*,#1195,.F.);
#612=ORIENTED_EDGE('',*,*,#1196,.F.);
#613=ORIENTED_EDGE('',*,*,#1197,.T.);
#614=ORIENTED_EDGE('',*,*,#1198,.T.);
#615=ORIENTED_EDGE('',*,*,#1199,.T.);
#616=ORIENTED_EDGE('',*,*,#1200,.T.);
#617=ORIENTED_EDGE('',*,*,#1201,.T.);
#618=ORIENTED_EDGE('',*,*,#1202,.F.);
#619=ORIENTED_EDGE('',*,*,#1203,.T.);
#620=ORIENTED_EDGE('',*,*,#1204,.F.);
#621=ORIENTED_EDGE('',*,*,#1205,.T.);
#622=ORIENTED_EDGE('',*,*,#1206,.F.);
#623=ORIENTED_EDGE('',*,*,#1207,.T.);
#624=ORIENTED_EDGE('',*,*,#1208,.F.);
#625=ORIENTED_EDGE('',*,*,#1027,.T.);
#626=ORIENTED_EDGE('',*,*,#1209,.T.);
#627=ORIENTED_EDGE('',*,*,#1189,.F.);
#628=ORIENTED_EDGE('',*,*,#1210,.T.);
#629=ORIENTED_EDGE('',*,*,#1063,.T.);
#630=ORIENTED_EDGE('',*,*,#1211,.T.);
#631=ORIENTED_EDGE('',*,*,#1154,.F.);
#632=ORIENTED_EDGE('',*,*,#1212,.F.);
#633=ORIENTED_EDGE('',*,*,#1029,.T.);
#634=ORIENTED_EDGE('',*,*,#1213,.T.);
#635=ORIENTED_EDGE('',*,*,#1152,.F.);
#636=ORIENTED_EDGE('',*,*,#1214,.F.);
#637=ORIENTED_EDGE('',*,*,#1066,.T.);
#638=ORIENTED_EDGE('',*,*,#1215,.T.);
#639=ORIENTED_EDGE('',*,*,#1186,.T.);
#640=ORIENTED_EDGE('',*,*,#1216,.F.);
#641=ORIENTED_EDGE('',*,*,#1031,.F.);
#642=ORIENTED_EDGE('',*,*,#1215,.F.);
#643=ORIENTED_EDGE('',*,*,#1065,.T.);
#644=ORIENTED_EDGE('',*,*,#1217,.F.);
#645=ORIENTED_EDGE('',*,*,#1187,.F.);
#646=ORIENTED_EDGE('',*,*,#1033,.T.);
#647=ORIENTED_EDGE('',*,*,#1218,.T.);
#648=ORIENTED_EDGE('',*,*,#1184,.T.);
#649=ORIENTED_EDGE('',*,*,#1219,.T.);
#650=ORIENTED_EDGE('',*,*,#1162,.F.);
#651=ORIENTED_EDGE('',*,*,#1110,.F.);
#652=ORIENTED_EDGE('',*,*,#1138,.F.);
#653=ORIENTED_EDGE('',*,*,#1220,.T.);
#654=ORIENTED_EDGE('',*,*,#1092,.T.);
#655=ORIENTED_EDGE('',*,*,#1221,.F.);
#656=ORIENTED_EDGE('',*,*,#1144,.F.);
#657=ORIENTED_EDGE('',*,*,#1222,.T.);
#658=ORIENTED_EDGE('',*,*,#1086,.T.);
#659=ORIENTED_EDGE('',*,*,#1223,.F.);
#660=ORIENTED_EDGE('',*,*,#1115,.F.);
#661=ORIENTED_EDGE('',*,*,#1224,.T.);
#662=ORIENTED_EDGE('',*,*,#1073,.T.);
#663=ORIENTED_EDGE('',*,*,#1225,.T.);
#664=ORIENTED_EDGE('',*,*,#1117,.T.);
#665=ORIENTED_EDGE('',*,*,#1226,.T.);
#666=ORIENTED_EDGE('',*,*,#1071,.F.);
#667=ORIENTED_EDGE('',*,*,#1079,.F.);
#668=ORIENTED_EDGE('',*,*,#1227,.T.);
#669=ORIENTED_EDGE('',*,*,#1077,.T.);
#670=ORIENTED_EDGE('',*,*,#1228,.T.);
#671=ORIENTED_EDGE('',*,*,#1119,.F.);
#672=ORIENTED_EDGE('',*,*,#1229,.T.);
#673=ORIENTED_EDGE('',*,*,#1075,.T.);
#674=ORIENTED_EDGE('',*,*,#1230,.T.);
#675=ORIENTED_EDGE('',*,*,#1113,.F.);
#676=ORIENTED_EDGE('',*,*,#1231,.T.);
#677=ORIENTED_EDGE('',*,*,#1112,.F.);
#678=ORIENTED_EDGE('',*,*,#1093,.T.);
#679=ORIENTED_EDGE('',*,*,#1111,.F.);
#680=ORIENTED_EDGE('',*,*,#1094,.T.);
#681=ORIENTED_EDGE('',*,*,#1044,.T.);
#682=ORIENTED_EDGE('',*,*,#1232,.T.);
#683=ORIENTED_EDGE('',*,*,#1175,.F.);
#684=ORIENTED_EDGE('',*,*,#1233,.F.);
#685=ORIENTED_EDGE('',*,*,#1038,.T.);
#686=ORIENTED_EDGE('',*,*,#1234,.T.);
#687=ORIENTED_EDGE('',*,*,#1180,.F.);
#688=ORIENTED_EDGE('',*,*,#1235,.F.);
#689=ORIENTED_EDGE('',*,*,#996,.T.);
#690=ORIENTED_EDGE('',*,*,#1236,.T.);
#691=ORIENTED_EDGE('',*,*,#1169,.F.);
#692=ORIENTED_EDGE('',*,*,#1237,.T.);
#693=ORIENTED_EDGE('',*,*,#1002,.F.);
#694=ORIENTED_EDGE('',*,*,#1238,.T.);
#695=ORIENTED_EDGE('',*,*,#1171,.T.);
#696=ORIENTED_EDGE('',*,*,#1239,.T.);
#697=ORIENTED_EDGE('',*,*,#1000,.T.);
#698=ORIENTED_EDGE('',*,*,#1240,.T.);
#699=ORIENTED_EDGE('',*,*,#1165,.F.);
#700=ORIENTED_EDGE('',*,*,#1241,.T.);
#701=ORIENTED_EDGE('',*,*,#1167,.F.);
#702=ORIENTED_EDGE('',*,*,#1242,.T.);
#703=ORIENTED_EDGE('',*,*,#998,.T.);
#704=ORIENTED_EDGE('',*,*,#1243,.T.);
#705=ORIENTED_EDGE('',*,*,#1004,.T.);
#706=ORIENTED_EDGE('',*,*,#1164,.F.);
#707=ORIENTED_EDGE('',*,*,#1005,.T.);
#708=ORIENTED_EDGE('',*,*,#1163,.F.);
#709=ORIENTED_EDGE('',*,*,#1006,.T.);
#710=ORIENTED_EDGE('',*,*,#1193,.F.);
#711=ORIENTED_EDGE('',*,*,#1007,.T.);
#712=ORIENTED_EDGE('',*,*,#1194,.F.);
#713=ORIENTED_EDGE('',*,*,#1109,.T.);
#714=ORIENTED_EDGE('',*,*,#1056,.F.);
#715=ORIENTED_EDGE('',*,*,#1108,.T.);
#716=ORIENTED_EDGE('',*,*,#1244,.T.);
#717=ORIENTED_EDGE('',*,*,#1069,.F.);
#718=ORIENTED_EDGE('',*,*,#1245,.T.);
#719=ORIENTED_EDGE('',*,*,#1149,.T.);
#720=ORIENTED_EDGE('',*,*,#1246,.T.);
#721=ORIENTED_EDGE('',*,*,#1081,.F.);
#722=ORIENTED_EDGE('',*,*,#1024,.F.);
#723=ORIENTED_EDGE('',*,*,#1053,.T.);
#724=ORIENTED_EDGE('',*,*,#1192,.F.);
#725=ORIENTED_EDGE('',*,*,#1247,.F.);
#726=ORIENTED_EDGE('',*,*,#1060,.T.);
#727=ORIENTED_EDGE('',*,*,#1248,.T.);
#728=ORIENTED_EDGE('',*,*,#1157,.F.);
#729=ORIENTED_EDGE('',*,*,#1249,.F.);
#730=ORIENTED_EDGE('',*,*,#1190,.T.);
#731=ORIENTED_EDGE('',*,*,#1209,.F.);
#732=ORIENTED_EDGE('',*,*,#1026,.F.);
#733=ORIENTED_EDGE('',*,*,#1250,.T.);
#734=ORIENTED_EDGE('',*,*,#1191,.F.);
#735=ORIENTED_EDGE('',*,*,#1250,.F.);
#736=ORIENTED_EDGE('',*,*,#1025,.T.);
#737=ORIENTED_EDGE('',*,*,#1247,.T.);
#738=ORIENTED_EDGE('',*,*,#995,.F.);
#739=ORIENTED_EDGE('',*,*,#1195,.T.);
#740=ORIENTED_EDGE('',*,*,#1155,.T.);
#741=ORIENTED_EDGE('',*,*,#1211,.F.);
#742=ORIENTED_EDGE('',*,*,#1062,.F.);
#743=ORIENTED_EDGE('',*,*,#1251,.T.);
#744=ORIENTED_EDGE('',*,*,#1156,.F.);
#745=ORIENTED_EDGE('',*,*,#1251,.F.);
#746=ORIENTED_EDGE('',*,*,#1061,.T.);
#747=ORIENTED_EDGE('',*,*,#1249,.T.);
#748=ORIENTED_EDGE('',*,*,#1121,.T.);
#749=ORIENTED_EDGE('',*,*,#1252,.F.);
#750=ORIENTED_EDGE('',*,*,#1147,.T.);
#751=ORIENTED_EDGE('',*,*,#1253,.T.);
#752=ORIENTED_EDGE('',*,*,#1083,.F.);
#753=ORIENTED_EDGE('',*,*,#1254,.T.);
#754=ORIENTED_EDGE('',*,*,#1166,.F.);
#755=ORIENTED_EDGE('',*,*,#1240,.F.);
#756=ORIENTED_EDGE('',*,*,#999,.F.);
#757=ORIENTED_EDGE('',*,*,#1242,.F.);
#758=ORIENTED_EDGE('',*,*,#1172,.F.);
#759=ORIENTED_EDGE('',*,*,#1238,.F.);
#760=ORIENTED_EDGE('',*,*,#1001,.F.);
#761=ORIENTED_EDGE('',*,*,#1241,.F.);
#762=ORIENTED_EDGE('',*,*,#1170,.F.);
#763=ORIENTED_EDGE('',*,*,#1236,.F.);
#764=ORIENTED_EDGE('',*,*,#1003,.F.);
#765=ORIENTED_EDGE('',*,*,#1239,.F.);
#766=ORIENTED_EDGE('',*,*,#1168,.F.);
#767=ORIENTED_EDGE('',*,*,#1243,.F.);
#768=ORIENTED_EDGE('',*,*,#997,.F.);
#769=ORIENTED_EDGE('',*,*,#1237,.F.);
#770=ORIENTED_EDGE('',*,*,#1074,.F.);
#771=ORIENTED_EDGE('',*,*,#1224,.F.);
#772=ORIENTED_EDGE('',*,*,#1114,.F.);
#773=ORIENTED_EDGE('',*,*,#1230,.F.);
#774=ORIENTED_EDGE('',*,*,#1072,.F.);
#775=ORIENTED_EDGE('',*,*,#1226,.F.);
#776=ORIENTED_EDGE('',*,*,#1116,.F.);
#777=ORIENTED_EDGE('',*,*,#1225,.F.);
#778=ORIENTED_EDGE('',*,*,#1076,.F.);
#779=ORIENTED_EDGE('',*,*,#1231,.F.);
#780=ORIENTED_EDGE('',*,*,#1120,.F.);
#781=ORIENTED_EDGE('',*,*,#1228,.F.);
#782=ORIENTED_EDGE('',*,*,#1078,.F.);
#783=ORIENTED_EDGE('',*,*,#1229,.F.);
#784=ORIENTED_EDGE('',*,*,#1118,.F.);
#785=ORIENTED_EDGE('',*,*,#1227,.F.);
#786=ORIENTED_EDGE('',*,*,#1059,.F.);
#787=ORIENTED_EDGE('',*,*,#1255,.T.);
#788=ORIENTED_EDGE('',*,*,#1135,.F.);
#789=ORIENTED_EDGE('',*,*,#1248,.F.);
#790=ORIENTED_EDGE('',*,*,#1082,.F.);
#791=ORIENTED_EDGE('',*,*,#1246,.F.);
#792=ORIENTED_EDGE('',*,*,#1148,.F.);
#793=ORIENTED_EDGE('',*,*,#1254,.F.);
#794=ORIENTED_EDGE('',*,*,#1034,.F.);
#795=ORIENTED_EDGE('',*,*,#1219,.F.);
#796=ORIENTED_EDGE('',*,*,#1183,.F.);
#797=ORIENTED_EDGE('',*,*,#1047,.F.);
#798=ORIENTED_EDGE('',*,*,#1008,.T.);
#799=ORIENTED_EDGE('',*,*,#1161,.T.);
#800=ORIENTED_EDGE('',*,*,#1068,.F.);
#801=ORIENTED_EDGE('',*,*,#1256,.T.);
#802=ORIENTED_EDGE('',*,*,#1150,.T.);
#803=ORIENTED_EDGE('',*,*,#1245,.F.);
#804=ORIENTED_EDGE('',*,*,#1032,.T.);
#805=ORIENTED_EDGE('',*,*,#1216,.T.);
#806=ORIENTED_EDGE('',*,*,#1185,.T.);
#807=ORIENTED_EDGE('',*,*,#1218,.F.);
#808=ORIENTED_EDGE('',*,*,#1064,.T.);
#809=ORIENTED_EDGE('',*,*,#1210,.F.);
#810=ORIENTED_EDGE('',*,*,#1188,.F.);
#811=ORIENTED_EDGE('',*,*,#1217,.T.);
#812=ORIENTED_EDGE('',*,*,#1030,.F.);
#813=ORIENTED_EDGE('',*,*,#1212,.T.);
#814=ORIENTED_EDGE('',*,*,#1151,.T.);
#815=ORIENTED_EDGE('',*,*,#1256,.F.);
#816=ORIENTED_EDGE('',*,*,#1067,.F.);
#817=ORIENTED_EDGE('',*,*,#1214,.T.);
#818=ORIENTED_EDGE('',*,*,#1213,.F.);
#819=ORIENTED_EDGE('',*,*,#1028,.T.);
#820=ORIENTED_EDGE('',*,*,#1208,.T.);
#821=ORIENTED_EDGE('',*,*,#1153,.F.);
#822=ORIENTED_EDGE('',*,*,#1122,.F.);
#823=ORIENTED_EDGE('',*,*,#1160,.T.);
#824=ORIENTED_EDGE('',*,*,#1196,.T.);
#825=ORIENTED_EDGE('',*,*,#1257,.T.);
#826=ORIENTED_EDGE('',*,*,#1011,.F.);
#827=ORIENTED_EDGE('',*,*,#1258,.T.);
#828=ORIENTED_EDGE('',*,*,#1198,.F.);
#829=ORIENTED_EDGE('',*,*,#1259,.T.);
#830=ORIENTED_EDGE('',*,*,#1009,.T.);
#831=ORIENTED_EDGE('',*,*,#1260,.T.);
#832=ORIENTED_EDGE('',*,*,#1019,.T.);
#833=ORIENTED_EDGE('',*,*,#1261,.T.);
#834=ORIENTED_EDGE('',*,*,#1200,.F.);
#835=ORIENTED_EDGE('',*,*,#1262,.T.);
#836=ORIENTED_EDGE('',*,*,#1202,.T.);
#837=ORIENTED_EDGE('',*,*,#1263,.T.);
#838=ORIENTED_EDGE('',*,*,#1017,.F.);
#839=ORIENTED_EDGE('',*,*,#1264,.T.);
#840=ORIENTED_EDGE('',*,*,#1204,.T.);
#841=ORIENTED_EDGE('',*,*,#1265,.T.);
#842=ORIENTED_EDGE('',*,*,#1015,.F.);
#843=ORIENTED_EDGE('',*,*,#1266,.T.);
#844=ORIENTED_EDGE('',*,*,#1013,.F.);
#845=ORIENTED_EDGE('',*,*,#1267,.T.);
#846=ORIENTED_EDGE('',*,*,#1206,.T.);
#847=ORIENTED_EDGE('',*,*,#1268,.T.);
#848=ORIENTED_EDGE('',*,*,#1201,.F.);
#849=ORIENTED_EDGE('',*,*,#1261,.F.);
#850=ORIENTED_EDGE('',*,*,#1018,.F.);
#851=ORIENTED_EDGE('',*,*,#1263,.F.);
#852=ORIENTED_EDGE('',*,*,#1203,.F.);
#853=ORIENTED_EDGE('',*,*,#1264,.F.);
#854=ORIENTED_EDGE('',*,*,#1016,.F.);
#855=ORIENTED_EDGE('',*,*,#1265,.F.);
#856=ORIENTED_EDGE('',*,*,#1205,.F.);
#857=ORIENTED_EDGE('',*,*,#1266,.F.);
#858=ORIENTED_EDGE('',*,*,#1014,.F.);
#859=ORIENTED_EDGE('',*,*,#1268,.F.);
#860=ORIENTED_EDGE('',*,*,#1197,.F.);
#861=ORIENTED_EDGE('',*,*,#1258,.F.);
#862=ORIENTED_EDGE('',*,*,#1010,.F.);
#863=ORIENTED_EDGE('',*,*,#1259,.F.);
#864=ORIENTED_EDGE('',*,*,#1199,.F.);
#865=ORIENTED_EDGE('',*,*,#1260,.F.);
#866=ORIENTED_EDGE('',*,*,#1020,.F.);
#867=ORIENTED_EDGE('',*,*,#1262,.F.);
#868=ORIENTED_EDGE('',*,*,#1207,.F.);
#869=ORIENTED_EDGE('',*,*,#1267,.F.);
#870=ORIENTED_EDGE('',*,*,#1012,.F.);
#871=ORIENTED_EDGE('',*,*,#1257,.F.);
#872=ORIENTED_EDGE('',*,*,#1125,.F.);
#873=ORIENTED_EDGE('',*,*,#1269,.T.);
#874=ORIENTED_EDGE('',*,*,#1097,.F.);
#875=ORIENTED_EDGE('',*,*,#1270,.T.);
#876=ORIENTED_EDGE('',*,*,#1127,.T.);
#877=ORIENTED_EDGE('',*,*,#1271,.T.);
#878=ORIENTED_EDGE('',*,*,#1095,.T.);
#879=ORIENTED_EDGE('',*,*,#1272,.T.);
#880=ORIENTED_EDGE('',*,*,#1105,.T.);
#881=ORIENTED_EDGE('',*,*,#1273,.T.);
#882=ORIENTED_EDGE('',*,*,#1129,.T.);
#883=ORIENTED_EDGE('',*,*,#1274,.T.);
#884=ORIENTED_EDGE('',*,*,#1103,.F.);
#885=ORIENTED_EDGE('',*,*,#1275,.T.);
#886=ORIENTED_EDGE('',*,*,#1131,.F.);
#887=ORIENTED_EDGE('',*,*,#1276,.T.);
#888=ORIENTED_EDGE('',*,*,#1133,.F.);
#889=ORIENTED_EDGE('',*,*,#1277,.T.);
#890=ORIENTED_EDGE('',*,*,#1101,.F.);
#891=ORIENTED_EDGE('',*,*,#1278,.T.);
#892=ORIENTED_EDGE('',*,*,#1099,.F.);
#893=ORIENTED_EDGE('',*,*,#1279,.T.);
#894=ORIENTED_EDGE('',*,*,#1123,.F.);
#895=ORIENTED_EDGE('',*,*,#1280,.T.);
#896=ORIENTED_EDGE('',*,*,#1107,.T.);
#897=ORIENTED_EDGE('',*,*,#1055,.T.);
#898=ORIENTED_EDGE('',*,*,#1132,.F.);
#899=ORIENTED_EDGE('',*,*,#1275,.F.);
#900=ORIENTED_EDGE('',*,*,#1102,.F.);
#901=ORIENTED_EDGE('',*,*,#1277,.F.);
#902=ORIENTED_EDGE('',*,*,#1134,.F.);
#903=ORIENTED_EDGE('',*,*,#1278,.F.);
#904=ORIENTED_EDGE('',*,*,#1100,.F.);
#905=ORIENTED_EDGE('',*,*,#1280,.F.);
#906=ORIENTED_EDGE('',*,*,#1130,.F.);
#907=ORIENTED_EDGE('',*,*,#1273,.F.);
#908=ORIENTED_EDGE('',*,*,#1104,.F.);
#909=ORIENTED_EDGE('',*,*,#1276,.F.);
#910=ORIENTED_EDGE('',*,*,#1126,.F.);
#911=ORIENTED_EDGE('',*,*,#1270,.F.);
#912=ORIENTED_EDGE('',*,*,#1096,.F.);
#913=ORIENTED_EDGE('',*,*,#1271,.F.);
#914=ORIENTED_EDGE('',*,*,#1128,.F.);
#915=ORIENTED_EDGE('',*,*,#1272,.F.);
#916=ORIENTED_EDGE('',*,*,#1106,.F.);
#917=ORIENTED_EDGE('',*,*,#1274,.F.);
#918=ORIENTED_EDGE('',*,*,#1124,.F.);
#919=ORIENTED_EDGE('',*,*,#1279,.F.);
#920=ORIENTED_EDGE('',*,*,#1098,.F.);
#921=ORIENTED_EDGE('',*,*,#1269,.F.);
#922=ORIENTED_EDGE('',*,*,#1054,.T.);
#923=ORIENTED_EDGE('',*,*,#1281,.F.);
#924=ORIENTED_EDGE('',*,*,#1252,.T.);
#925=ORIENTED_EDGE('',*,*,#1281,.T.);
#926=ORIENTED_EDGE('',*,*,#1070,.T.);
#927=ORIENTED_EDGE('',*,*,#1080,.T.);
#928=ORIENTED_EDGE('',*,*,#1282,.F.);
#929=ORIENTED_EDGE('',*,*,#1244,.F.);
#930=ORIENTED_EDGE('',*,*,#1282,.T.);
#931=ORIENTED_EDGE('',*,*,#1137,.F.);
#932=ORIENTED_EDGE('',*,*,#1283,.T.);
#933=ORIENTED_EDGE('',*,*,#1057,.F.);
#934=ORIENTED_EDGE('',*,*,#1220,.F.);
#935=ORIENTED_EDGE('',*,*,#1091,.T.);
#936=ORIENTED_EDGE('',*,*,#1284,.T.);
#937=ORIENTED_EDGE('',*,*,#1139,.T.);
#938=ORIENTED_EDGE('',*,*,#1221,.T.);
#939=ORIENTED_EDGE('',*,*,#1085,.T.);
#940=ORIENTED_EDGE('',*,*,#1285,.T.);
#941=ORIENTED_EDGE('',*,*,#1145,.T.);
#942=ORIENTED_EDGE('',*,*,#1223,.T.);
#943=ORIENTED_EDGE('',*,*,#1143,.F.);
#944=ORIENTED_EDGE('',*,*,#1286,.T.);
#945=ORIENTED_EDGE('',*,*,#1087,.F.);
#946=ORIENTED_EDGE('',*,*,#1222,.F.);
#947=ORIENTED_EDGE('',*,*,#1136,.F.);
#948=ORIENTED_EDGE('',*,*,#1255,.F.);
#949=ORIENTED_EDGE('',*,*,#1058,.F.);
#950=ORIENTED_EDGE('',*,*,#1283,.F.);
#951=ORIENTED_EDGE('',*,*,#1140,.F.);
#952=ORIENTED_EDGE('',*,*,#1284,.F.);
#953=ORIENTED_EDGE('',*,*,#1090,.F.);
#954=ORIENTED_EDGE('',*,*,#1158,.F.);
#955=ORIENTED_EDGE('',*,*,#1142,.F.);
#956=ORIENTED_EDGE('',*,*,#1159,.F.);
#957=ORIENTED_EDGE('',*,*,#1088,.F.);
#958=ORIENTED_EDGE('',*,*,#1286,.F.);
#959=ORIENTED_EDGE('',*,*,#1146,.F.);
#960=ORIENTED_EDGE('',*,*,#1285,.F.);
#961=ORIENTED_EDGE('',*,*,#1084,.F.);
#962=ORIENTED_EDGE('',*,*,#1253,.F.);
#963=ORIENTED_EDGE('',*,*,#1174,.T.);
#964=ORIENTED_EDGE('',*,*,#1287,.T.);
#965=ORIENTED_EDGE('',*,*,#1021,.T.);
#966=ORIENTED_EDGE('',*,*,#1233,.T.);
#967=ORIENTED_EDGE('',*,*,#1043,.F.);
#968=ORIENTED_EDGE('',*,*,#1288,.T.);
#969=ORIENTED_EDGE('',*,*,#1176,.F.);
#970=ORIENTED_EDGE('',*,*,#1232,.F.);
#971=ORIENTED_EDGE('',*,*,#1179,.T.);
#972=ORIENTED_EDGE('',*,*,#1289,.T.);
#973=ORIENTED_EDGE('',*,*,#1039,.T.);
#974=ORIENTED_EDGE('',*,*,#1235,.T.);
#975=ORIENTED_EDGE('',*,*,#1037,.F.);
#976=ORIENTED_EDGE('',*,*,#1290,.T.);
#977=ORIENTED_EDGE('',*,*,#1181,.F.);
#978=ORIENTED_EDGE('',*,*,#1234,.F.);
#979=ORIENTED_EDGE('',*,*,#1022,.F.);
#980=ORIENTED_EDGE('',*,*,#1287,.F.);
#981=ORIENTED_EDGE('',*,*,#1173,.F.);
#982=ORIENTED_EDGE('',*,*,#1051,.F.);
#983=ORIENTED_EDGE('',*,*,#1042,.F.);
#984=ORIENTED_EDGE('',*,*,#1049,.F.);
#985=ORIENTED_EDGE('',*,*,#1177,.F.);
#986=ORIENTED_EDGE('',*,*,#1288,.F.);
#987=ORIENTED_EDGE('',*,*,#1040,.F.);
#988=ORIENTED_EDGE('',*,*,#1289,.F.);
#989=ORIENTED_EDGE('',*,*,#1178,.F.);
#990=ORIENTED_EDGE('',*,*,#1050,.F.);
#991=ORIENTED_EDGE('',*,*,#1036,.F.);
#992=ORIENTED_EDGE('',*,*,#1046,.F.);
#993=ORIENTED_EDGE('',*,*,#1182,.F.);
#994=ORIENTED_EDGE('',*,*,#1290,.F.);
#995=EDGE_CURVE('',#1291,#1291,#1498,.T.);
#996=EDGE_CURVE('',#1292,#1293,#77,.T.);
#997=EDGE_CURVE('',#1292,#1294,#1499,.F.);
#998=EDGE_CURVE('',#1295,#1294,#78,.T.);
#999=EDGE_CURVE('',#1295,#1296,#1500,.F.);
#1000=EDGE_CURVE('',#1297,#1296,#79,.T.);
#1001=EDGE_CURVE('',#1297,#1298,#1501,.F.);
#1002=EDGE_CURVE('',#1298,#1299,#80,.T.);
#1003=EDGE_CURVE('',#1299,#1293,#1502,.F.);
#1004=EDGE_CURVE('',#1300,#1300,#1503,.T.);
#1005=EDGE_CURVE('',#1301,#1301,#1504,.T.);
#1006=EDGE_CURVE('',#1302,#1302,#1505,.T.);
#1007=EDGE_CURVE('',#1303,#1303,#1506,.T.);
#1008=EDGE_CURVE('',#1304,#1304,#1507,.T.);
#1009=EDGE_CURVE('',#1305,#1306,#81,.T.);
#1010=EDGE_CURVE('',#1305,#1307,#1508,.F.);
#1011=EDGE_CURVE('',#1307,#1308,#1509,.T.);
#1012=EDGE_CURVE('',#1308,#1309,#1510,.F.);
#1013=EDGE_CURVE('',#1309,#1310,#1511,.T.);
#1014=EDGE_CURVE('',#1310,#1311,#1512,.F.);
#1015=EDGE_CURVE('',#1311,#1312,#82,.T.);
#1016=EDGE_CURVE('',#1312,#1313,#1513,.F.);
#1017=EDGE_CURVE('',#1313,#1314,#1514,.T.);
#1018=EDGE_CURVE('',#1314,#1315,#1515,.F.);
#1019=EDGE_CURVE('',#1316,#1315,#83,.T.);
#1020=EDGE_CURVE('',#1316,#1306,#1516,.F.);
#1021=EDGE_CURVE('',#1317,#1318,#84,.T.);
#1022=EDGE_CURVE('',#1317,#1319,#1517,.T.);
#1023=EDGE_CURVE('',#1319,#1320,#1518,.T.);
#1024=EDGE_CURVE('',#1320,#1321,#85,.T.);
#1025=EDGE_CURVE('',#1322,#1321,#1519,.T.);
#1026=EDGE_CURVE('',#1322,#1323,#86,.T.);
#1027=EDGE_CURVE('',#1324,#1323,#1520,.T.);
#1028=EDGE_CURVE('',#1325,#1324,#87,.T.);
#1029=EDGE_CURVE('',#1326,#1325,#1521,.T.);
#1030=EDGE_CURVE('',#1326,#1327,#88,.T.);
#1031=EDGE_CURVE('',#1327,#1328,#89,.T.);
#1032=EDGE_CURVE('',#1329,#1328,#1522,.F.);
#1033=EDGE_CURVE('',#1330,#1329,#90,.T.);
#1034=EDGE_CURVE('',#1330,#1331,#1523,.T.);
#1035=EDGE_CURVE('',#1332,#1331,#91,.T.);
#1036=EDGE_CURVE('',#1332,#1333,#1524,.T.);
#1037=EDGE_CURVE('',#1333,#1334,#92,.T.);
#1038=EDGE_CURVE('',#1335,#1334,#1525,.T.);
#1039=EDGE_CURVE('',#1336,#1335,#93,.T.);
#1040=EDGE_CURVE('',#1336,#1337,#1526,.T.);
#1041=EDGE_CURVE('',#1338,#1337,#94,.T.);
#1042=EDGE_CURVE('',#1338,#1339,#1527,.T.);
#1043=EDGE_CURVE('',#1339,#1340,#95,.T.);
#1044=EDGE_CURVE('',#1318,#1340,#1528,.T.);
#1045=EDGE_CURVE('',#1341,#1342,#96,.T.);
#1046=EDGE_CURVE('',#1341,#1332,#97,.F.);
#1047=EDGE_CURVE('',#1331,#1342,#98,.T.);
#1048=EDGE_CURVE('',#1343,#1344,#99,.T.);
#1049=EDGE_CURVE('',#1343,#1338,#100,.F.);
#1050=EDGE_CURVE('',#1337,#1344,#101,.T.);
#1051=EDGE_CURVE('',#1319,#1345,#102,.F.);
#1052=EDGE_CURVE('',#1346,#1345,#1529,.F.);
#1053=EDGE_CURVE('',#1320,#1346,#103,.T.);
#1054=EDGE_CURVE('',#1347,#1347,#1530,.T.);
#1055=EDGE_CURVE('',#1348,#1348,#1531,.T.);
#1056=EDGE_CURVE('',#1349,#1349,#1532,.T.);
#1057=EDGE_CURVE('',#1350,#1351,#104,.T.);
#1058=EDGE_CURVE('',#1351,#1352,#1533,.F.);
#1059=EDGE_CURVE('',#1352,#1353,#1534,.F.);
#1060=EDGE_CURVE('',#1354,#1353,#105,.T.);
#1061=EDGE_CURVE('',#1355,#1354,#1535,.T.);
#1062=EDGE_CURVE('',#1355,#1356,#106,.T.);
#1063=EDGE_CURVE('',#1357,#1356,#1536,.T.);
#1064=EDGE_CURVE('',#1358,#1357,#107,.T.);
#1065=EDGE_CURVE('',#1359,#1358,#1537,.T.);
#1066=EDGE_CURVE('',#1360,#1359,#108,.T.);
#1067=EDGE_CURVE('',#1360,#1361,#109,.T.);
#1068=EDGE_CURVE('',#1361,#1362,#1538,.F.);
#1069=EDGE_CURVE('',#1362,#1363,#110,.T.);
#1070=EDGE_CURVE('',#1364,#1363,#1539,.T.);
#1071=EDGE_CURVE('',#1364,#1365,#111,.T.);
#1072=EDGE_CURVE('',#1365,#1366,#1540,.T.);
#1073=EDGE_CURVE('',#1367,#1366,#112,.T.);
#1074=EDGE_CURVE('',#1367,#1368,#1541,.T.);
#1075=EDGE_CURVE('',#1369,#1368,#113,.T.);
#1076=EDGE_CURVE('',#1369,#1370,#1542,.T.);
#1077=EDGE_CURVE('',#1371,#1370,#114,.T.);
#1078=EDGE_CURVE('',#1371,#1372,#1543,.T.);
#1079=EDGE_CURVE('',#1372,#1364,#115,.T.);
#1080=EDGE_CURVE('',#1363,#1364,#1544,.T.);
#1081=EDGE_CURVE('',#1363,#1373,#116,.T.);
#1082=EDGE_CURVE('',#1373,#1374,#1545,.F.);
#1083=EDGE_CURVE('',#1374,#1375,#117,.T.);
#1084=EDGE_CURVE('',#1375,#1376,#1546,.F.);
#1085=EDGE_CURVE('',#1377,#1376,#118,.T.);
#1086=EDGE_CURVE('',#1378,#1377,#1547,.T.);
#1087=EDGE_CURVE('',#1378,#1379,#119,.T.);
#1088=EDGE_CURVE('',#1379,#1380,#1548,.F.);
#1089=EDGE_CURVE('',#1380,#1381,#120,.T.);
#1090=EDGE_CURVE('',#1381,#1382,#1549,.F.);
#1091=EDGE_CURVE('',#1383,#1382,#121,.T.);
#1092=EDGE_CURVE('',#1350,#1383,#1550,.T.);
#1093=EDGE_CURVE('',#1384,#1384,#1551,.T.);
#1094=EDGE_CURVE('',#1385,#1385,#1552,.T.);
#1095=EDGE_CURVE('',#1386,#1387,#122,.T.);
#1096=EDGE_CURVE('',#1386,#1388,#1553,.T.);
#1097=EDGE_CURVE('',#1388,#1389,#1554,.T.);
#1098=EDGE_CURVE('',#1389,#1390,#1555,.T.);
#1099=EDGE_CURVE('',#1390,#1391,#1556,.T.);
#1100=EDGE_CURVE('',#1391,#1392,#1557,.T.);
#1101=EDGE_CURVE('',#1392,#1393,#123,.T.);
#1102=EDGE_CURVE('',#1393,#1394,#1558,.T.);
#1103=EDGE_CURVE('',#1394,#1395,#1559,.T.);
#1104=EDGE_CURVE('',#1395,#1396,#1560,.T.);
#1105=EDGE_CURVE('',#1397,#1396,#124,.T.);
#1106=EDGE_CURVE('',#1397,#1387,#1561,.T.);
#1107=EDGE_CURVE('',#1398,#1398,#1562,.T.);
#1108=EDGE_CURVE('',#1399,#1399,#1563,.T.);
#1109=EDGE_CURVE('',#1400,#1400,#1564,.T.);
#1110=EDGE_CURVE('',#1401,#1401,#1565,.T.);
#1111=EDGE_CURVE('',#1402,#1402,#1566,.T.);
#1112=EDGE_CURVE('',#1403,#1403,#1567,.T.);
#1113=EDGE_CURVE('',#1404,#1405,#125,.T.);
#1114=EDGE_CURVE('',#1405,#1406,#1568,.F.);
#1115=EDGE_CURVE('',#1406,#1407,#126,.T.);
#1116=EDGE_CURVE('',#1407,#1408,#1569,.F.);
#1117=EDGE_CURVE('',#1409,#1408,#127,.T.);
#1118=EDGE_CURVE('',#1409,#1410,#1570,.F.);
#1119=EDGE_CURVE('',#1410,#1411,#128,.T.);
#1120=EDGE_CURVE('',#1411,#1404,#1571,.F.);
#1121=EDGE_CURVE('',#1412,#1412,#1572,.T.);
#1122=EDGE_CURVE('',#1413,#1413,#1573,.T.);
#1123=EDGE_CURVE('',#1414,#1415,#1574,.T.);
#1124=EDGE_CURVE('',#1415,#1416,#1575,.F.);
#1125=EDGE_CURVE('',#1416,#1417,#1576,.T.);
#1126=EDGE_CURVE('',#1417,#1418,#1577,.F.);
#1127=EDGE_CURVE('',#1419,#1418,#129,.T.);
#1128=EDGE_CURVE('',#1419,#1420,#1578,.F.);
#1129=EDGE_CURVE('',#1421,#1420,#130,.T.);
#1130=EDGE_CURVE('',#1421,#1422,#1579,.F.);
#1131=EDGE_CURVE('',#1422,#1423,#1580,.T.);
#1132=EDGE_CURVE('',#1423,#1424,#1581,.F.);
#1133=EDGE_CURVE('',#1424,#1425,#131,.T.);
#1134=EDGE_CURVE('',#1425,#1414,#1582,.F.);
#1135=EDGE_CURVE('',#1426,#1427,#1583,.T.);
#1136=EDGE_CURVE('',#1427,#1428,#1584,.T.);
#1137=EDGE_CURVE('',#1428,#1429,#132,.T.);
#1138=EDGE_CURVE('',#1429,#1430,#1585,.T.);
#1139=EDGE_CURVE('',#1431,#1430,#133,.T.);
#1140=EDGE_CURVE('',#1431,#1432,#1586,.T.);
#1141=EDGE_CURVE('',#1433,#1432,#134,.T.);
#1142=EDGE_CURVE('',#1433,#1434,#1587,.T.);
#1143=EDGE_CURVE('',#1434,#1435,#135,.T.);
#1144=EDGE_CURVE('',#1435,#1436,#1588,.T.);
#1145=EDGE_CURVE('',#1437,#1436,#136,.T.);
#1146=EDGE_CURVE('',#1437,#1438,#1589,.T.);
#1147=EDGE_CURVE('',#1439,#1438,#137,.T.);
#1148=EDGE_CURVE('',#1439,#1440,#1590,.T.);
#1149=EDGE_CURVE('',#1441,#1440,#138,.T.);
#1150=EDGE_CURVE('',#1442,#1441,#1591,.T.);
#1151=EDGE_CURVE('',#1443,#1442,#139,.T.);
#1152=EDGE_CURVE('',#1443,#1444,#1592,.T.);
#1153=EDGE_CURVE('',#1444,#1445,#140,.T.);
#1154=EDGE_CURVE('',#1445,#1446,#1593,.T.);
#1155=EDGE_CURVE('',#1447,#1446,#141,.T.);
#1156=EDGE_CURVE('',#1447,#1448,#1594,.T.);
#1157=EDGE_CURVE('',#1448,#1426,#142,.T.);
#1158=EDGE_CURVE('',#1432,#1381,#143,.T.);
#1159=EDGE_CURVE('',#1380,#1433,#144,.F.);
#1160=EDGE_CURVE('',#1449,#1449,#1595,.T.);
#1161=EDGE_CURVE('',#1450,#1450,#1596,.T.);
#1162=EDGE_CURVE('',#1451,#1451,#1597,.T.);
#1163=EDGE_CURVE('',#1452,#1452,#1598,.T.);
#1164=EDGE_CURVE('',#1453,#1453,#1599,.T.);
#1165=EDGE_CURVE('',#1454,#1455,#145,.T.);
#1166=EDGE_CURVE('',#1455,#1456,#1600,.T.);
#1167=EDGE_CURVE('',#1456,#1457,#146,.T.);
#1168=EDGE_CURVE('',#1457,#1458,#1601,.T.);
#1169=EDGE_CURVE('',#1458,#1459,#147,.T.);
#1170=EDGE_CURVE('',#1459,#1460,#1602,.T.);
#1171=EDGE_CURVE('',#1461,#1460,#148,.T.);
#1172=EDGE_CURVE('',#1461,#1454,#1603,.T.);
#1173=EDGE_CURVE('',#1345,#1462,#1604,.F.);
#1174=EDGE_CURVE('',#1463,#1462,#149,.T.);
#1175=EDGE_CURVE('',#1463,#1464,#1605,.T.);
#1176=EDGE_CURVE('',#1464,#1465,#150,.T.);
#1177=EDGE_CURVE('',#1465,#1343,#1606,.F.);
#1178=EDGE_CURVE('',#1344,#1466,#1607,.F.);
#1179=EDGE_CURVE('',#1467,#1466,#151,.T.);
#1180=EDGE_CURVE('',#1467,#1468,#1608,.T.);
#1181=EDGE_CURVE('',#1468,#1469,#152,.T.);
#1182=EDGE_CURVE('',#1469,#1341,#1609,.F.);
#1183=EDGE_CURVE('',#1342,#1470,#1610,.F.);
#1184=EDGE_CURVE('',#1471,#1470,#153,.T.);
#1185=EDGE_CURVE('',#1472,#1471,#1611,.T.);
#1186=EDGE_CURVE('',#1473,#1472,#154,.T.);
#1187=EDGE_CURVE('',#1473,#1474,#1612,.T.);
#1188=EDGE_CURVE('',#1474,#1475,#155,.T.);
#1189=EDGE_CURVE('',#1475,#1476,#1613,.T.);
#1190=EDGE_CURVE('',#1477,#1476,#156,.T.);
#1191=EDGE_CURVE('',#1477,#1478,#1614,.T.);
#1192=EDGE_CURVE('',#1478,#1346,#157,.T.);
#1193=EDGE_CURVE('',#1479,#1479,#1615,.T.);
#1194=EDGE_CURVE('',#1480,#1480,#1616,.T.);
#1195=EDGE_CURVE('',#1481,#1481,#1617,.T.);
#1196=EDGE_CURVE('',#1482,#1483,#1618,.T.);
#1197=EDGE_CURVE('',#1482,#1484,#1619,.T.);
#1198=EDGE_CURVE('',#1484,#1485,#158,.T.);
#1199=EDGE_CURVE('',#1485,#1486,#1620,.T.);
#1200=EDGE_CURVE('',#1486,#1487,#159,.T.);
#1201=EDGE_CURVE('',#1487,#1488,#1621,.T.);
#1202=EDGE_CURVE('',#1489,#1488,#1622,.T.);
#1203=EDGE_CURVE('',#1489,#1490,#1623,.T.);
#1204=EDGE_CURVE('',#1491,#1490,#160,.T.);
#1205=EDGE_CURVE('',#1491,#1492,#1624,.T.);
#1206=EDGE_CURVE('',#1493,#1492,#1625,.T.);
#1207=EDGE_CURVE('',#1493,#1483,#1626,.T.);
#1208=EDGE_CURVE('',#1324,#1445,#161,.T.);
#1209=EDGE_CURVE('',#1323,#1476,#162,.T.);
#1210=EDGE_CURVE('',#1475,#1357,#163,.T.);
#1211=EDGE_CURVE('',#1356,#1446,#164,.T.);
#1212=EDGE_CURVE('',#1326,#1443,#165,.T.);
#1213=EDGE_CURVE('',#1325,#1444,#166,.T.);
#1214=EDGE_CURVE('',#1360,#1327,#167,.T.);
#1215=EDGE_CURVE('',#1359,#1473,#168,.T.);
#1216=EDGE_CURVE('',#1328,#1472,#169,.T.);
#1217=EDGE_CURVE('',#1474,#1358,#170,.T.);
#1218=EDGE_CURVE('',#1329,#1471,#171,.T.);
#1219=EDGE_CURVE('',#1470,#1330,#172,.F.);
#1220=EDGE_CURVE('',#1429,#1350,#173,.T.);
#1221=EDGE_CURVE('',#1430,#1383,#174,.T.);
#1222=EDGE_CURVE('',#1435,#1378,#175,.T.);
#1223=EDGE_CURVE('',#1436,#1377,#176,.T.);
#1224=EDGE_CURVE('',#1406,#1367,#177,.F.);
#1225=EDGE_CURVE('',#1366,#1407,#178,.T.);
#1226=EDGE_CURVE('',#1408,#1365,#179,.F.);
#1227=EDGE_CURVE('',#1372,#1409,#180,.T.);
#1228=EDGE_CURVE('',#1370,#1411,#181,.T.);
#1229=EDGE_CURVE('',#1410,#1371,#182,.F.);
#1230=EDGE_CURVE('',#1368,#1405,#183,.T.);
#1231=EDGE_CURVE('',#1404,#1369,#184,.F.);
#1232=EDGE_CURVE('',#1340,#1464,#185,.T.);
#1233=EDGE_CURVE('',#1318,#1463,#186,.T.);
#1234=EDGE_CURVE('',#1334,#1468,#187,.T.);
#1235=EDGE_CURVE('',#1335,#1467,#188,.T.);
#1236=EDGE_CURVE('',#1293,#1459,#189,.F.);
#1237=EDGE_CURVE('',#1458,#1292,#190,.T.);
#1238=EDGE_CURVE('',#1298,#1461,#191,.F.);
#1239=EDGE_CURVE('',#1460,#1299,#192,.T.);
#1240=EDGE_CURVE('',#1296,#1455,#193,.F.);
#1241=EDGE_CURVE('',#1454,#1297,#194,.T.);
#1242=EDGE_CURVE('',#1456,#1295,#195,.T.);
#1243=EDGE_CURVE('',#1294,#1457,#196,.F.);
#1244=EDGE_CURVE('',#1494,#1494,#1627,.T.);
#1245=EDGE_CURVE('',#1362,#1441,#197,.T.);
#1246=EDGE_CURVE('',#1440,#1373,#198,.F.);
#1247=EDGE_CURVE('',#1321,#1478,#199,.T.);
#1248=EDGE_CURVE('',#1353,#1426,#200,.T.);
#1249=EDGE_CURVE('',#1354,#1448,#201,.T.);
#1250=EDGE_CURVE('',#1322,#1477,#202,.T.);
#1251=EDGE_CURVE('',#1355,#1447,#203,.T.);
#1252=EDGE_CURVE('',#1495,#1495,#1628,.T.);
#1253=EDGE_CURVE('',#1438,#1375,#204,.T.);
#1254=EDGE_CURVE('',#1374,#1439,#205,.T.);
#1255=EDGE_CURVE('',#1352,#1427,#206,.F.);
#1256=EDGE_CURVE('',#1361,#1442,#207,.T.);
#1257=EDGE_CURVE('',#1483,#1308,#208,.T.);
#1258=EDGE_CURVE('',#1307,#1482,#209,.F.);
#1259=EDGE_CURVE('',#1484,#1305,#210,.T.);
#1260=EDGE_CURVE('',#1306,#1485,#211,.F.);
#1261=EDGE_CURVE('',#1315,#1487,#212,.F.);
#1262=EDGE_CURVE('',#1486,#1316,#213,.T.);
#1263=EDGE_CURVE('',#1488,#1314,#214,.T.);
#1264=EDGE_CURVE('',#1313,#1489,#215,.F.);
#1265=EDGE_CURVE('',#1490,#1312,#216,.F.);
#1266=EDGE_CURVE('',#1311,#1491,#217,.T.);
#1267=EDGE_CURVE('',#1309,#1493,#218,.F.);
#1268=EDGE_CURVE('',#1492,#1310,#219,.T.);
#1269=EDGE_CURVE('',#1416,#1389,#220,.T.);
#1270=EDGE_CURVE('',#1388,#1417,#221,.F.);
#1271=EDGE_CURVE('',#1418,#1386,#222,.T.);
#1272=EDGE_CURVE('',#1387,#1419,#223,.F.);
#1273=EDGE_CURVE('',#1396,#1421,#224,.F.);
#1274=EDGE_CURVE('',#1420,#1397,#225,.T.);
#1275=EDGE_CURVE('',#1394,#1423,#226,.F.);
#1276=EDGE_CURVE('',#1422,#1395,#227,.T.);
#1277=EDGE_CURVE('',#1424,#1393,#228,.F.);
#1278=EDGE_CURVE('',#1392,#1425,#229,.T.);
#1279=EDGE_CURVE('',#1390,#1415,#230,.F.);
#1280=EDGE_CURVE('',#1414,#1391,#231,.T.);
#1281=EDGE_CURVE('',#1496,#1496,#1629,.T.);
#1282=EDGE_CURVE('',#1497,#1497,#1630,.T.);
#1283=EDGE_CURVE('',#1428,#1351,#232,.T.);
#1284=EDGE_CURVE('',#1382,#1431,#233,.F.);
#1285=EDGE_CURVE('',#1376,#1437,#234,.F.);
#1286=EDGE_CURVE('',#1434,#1379,#235,.T.);
#1287=EDGE_CURVE('',#1462,#1317,#236,.F.);
#1288=EDGE_CURVE('',#1339,#1465,#237,.T.);
#1289=EDGE_CURVE('',#1466,#1336,#238,.F.);
#1290=EDGE_CURVE('',#1333,#1469,#239,.T.);
#1291=VERTEX_POINT('',#2999);
#1292=VERTEX_POINT('',#3001);
#1293=VERTEX_POINT('',#3002);
#1294=VERTEX_POINT('',#3004);
#1295=VERTEX_POINT('',#3006);
#1296=VERTEX_POINT('',#3008);
#1297=VERTEX_POINT('',#3010);
#1298=VERTEX_POINT('',#3012);
#1299=VERTEX_POINT('',#3014);
#1300=VERTEX_POINT('',#3017);
#1301=VERTEX_POINT('',#3019);
#1302=VERTEX_POINT('',#3021);
#1303=VERTEX_POINT('',#3023);
#1304=VERTEX_POINT('',#3025);
#1305=VERTEX_POINT('',#3027);
#1306=VERTEX_POINT('',#3028);
#1307=VERTEX_POINT('',#3030);
#1308=VERTEX_POINT('',#3032);
#1309=VERTEX_POINT('',#3034);
#1310=VERTEX_POINT('',#3036);
#1311=VERTEX_POINT('',#3038);
#1312=VERTEX_POINT('',#3040);
#1313=VERTEX_POINT('',#3042);
#1314=VERTEX_POINT('',#3044);
#1315=VERTEX_POINT('',#3046);
#1316=VERTEX_POINT('',#3048);
#1317=VERTEX_POINT('',#3051);
#1318=VERTEX_POINT('',#3052);
#1319=VERTEX_POINT('',#3054);
#1320=VERTEX_POINT('',#3056);
#1321=VERTEX_POINT('',#3058);
#1322=VERTEX_POINT('',#3060);
#1323=VERTEX_POINT('',#3062);
#1324=VERTEX_POINT('',#3064);
#1325=VERTEX_POINT('',#3066);
#1326=VERTEX_POINT('',#3068);
#1327=VERTEX_POINT('',#3070);
#1328=VERTEX_POINT('',#3072);
#1329=VERTEX_POINT('',#3074);
#1330=VERTEX_POINT('',#3076);
#1331=VERTEX_POINT('',#3078);
#1332=VERTEX_POINT('',#3080);
#1333=VERTEX_POINT('',#3082);
#1334=VERTEX_POINT('',#3084);
#1335=VERTEX_POINT('',#3086);
#1336=VERTEX_POINT('',#3088);
#1337=VERTEX_POINT('',#3090);
#1338=VERTEX_POINT('',#3092);
#1339=VERTEX_POINT('',#3094);
#1340=VERTEX_POINT('',#3096);
#1341=VERTEX_POINT('',#3100);
#1342=VERTEX_POINT('',#3101);
#1343=VERTEX_POINT('',#3106);
#1344=VERTEX_POINT('',#3107);
#1345=VERTEX_POINT('',#3112);
#1346=VERTEX_POINT('',#3114);
#1347=VERTEX_POINT('',#3118);
#1348=VERTEX_POINT('',#3120);
#1349=VERTEX_POINT('',#3122);
#1350=VERTEX_POINT('',#3124);
#1351=VERTEX_POINT('',#3125);
#1352=VERTEX_POINT('',#3127);
#1353=VERTEX_POINT('',#3129);
#1354=VERTEX_POINT('',#3131);
#1355=VERTEX_POINT('',#3133);
#1356=VERTEX_POINT('',#3135);
#1357=VERTEX_POINT('',#3137);
#1358=VERTEX_POINT('',#3139);
#1359=VERTEX_POINT('',#3141);
#1360=VERTEX_POINT('',#3143);
#1361=VERTEX_POINT('',#3145);
#1362=VERTEX_POINT('',#3147);
#1363=VERTEX_POINT('',#3149);
#1364=VERTEX_POINT('',#3151);
#1365=VERTEX_POINT('',#3153);
#1366=VERTEX_POINT('',#3155);
#1367=VERTEX_POINT('',#3157);
#1368=VERTEX_POINT('',#3159);
#1369=VERTEX_POINT('',#3161);
#1370=VERTEX_POINT('',#3163);
#1371=VERTEX_POINT('',#3165);
#1372=VERTEX_POINT('',#3167);
#1373=VERTEX_POINT('',#3171);
#1374=VERTEX_POINT('',#3173);
#1375=VERTEX_POINT('',#3175);
#1376=VERTEX_POINT('',#3177);
#1377=VERTEX_POINT('',#3179);
#1378=VERTEX_POINT('',#3181);
#1379=VERTEX_POINT('',#3183);
#1380=VERTEX_POINT('',#3185);
#1381=VERTEX_POINT('',#3187);
#1382=VERTEX_POINT('',#3189);
#1383=VERTEX_POINT('',#3191);
#1384=VERTEX_POINT('',#3194);
#1385=VERTEX_POINT('',#3196);
#1386=VERTEX_POINT('',#3198);
#1387=VERTEX_POINT('',#3199);
#1388=VERTEX_POINT('',#3201);
#1389=VERTEX_POINT('',#3203);
#1390=VERTEX_POINT('',#3205);
#1391=VERTEX_POINT('',#3207);
#1392=VERTEX_POINT('',#3209);
#1393=VERTEX_POINT('',#3211);
#1394=VERTEX_POINT('',#3213);
#1395=VERTEX_POINT('',#3215);
#1396=VERTEX_POINT('',#3217);
#1397=VERTEX_POINT('',#3219);
#1398=VERTEX_POINT('',#3223);
#1399=VERTEX_POINT('',#3225);
#1400=VERTEX_POINT('',#3227);
#1401=VERTEX_POINT('',#3229);
#1402=VERTEX_POINT('',#3231);
#1403=VERTEX_POINT('',#3233);
#1404=VERTEX_POINT('',#3235);
#1405=VERTEX_POINT('',#3236);
#1406=VERTEX_POINT('',#3238);
#1407=VERTEX_POINT('',#3240);
#1408=VERTEX_POINT('',#3242);
#1409=VERTEX_POINT('',#3244);
#1410=VERTEX_POINT('',#3246);
#1411=VERTEX_POINT('',#3248);
#1412=VERTEX_POINT('',#3251);
#1413=VERTEX_POINT('',#3253);
#1414=VERTEX_POINT('',#3255);
#1415=VERTEX_POINT('',#3256);
#1416=VERTEX_POINT('',#3258);
#1417=VERTEX_POINT('',#3260);
#1418=VERTEX_POINT('',#3262);
#1419=VERTEX_POINT('',#3264);
#1420=VERTEX_POINT('',#3266);
#1421=VERTEX_POINT('',#3268);
#1422=VERTEX_POINT('',#3270);
#1423=VERTEX_POINT('',#3272);
#1424=VERTEX_POINT('',#3274);
#1425=VERTEX_POINT('',#3276);
#1426=VERTEX_POINT('',#3279);
#1427=VERTEX_POINT('',#3280);
#1428=VERTEX_POINT('',#3282);
#1429=VERTEX_POINT('',#3284);
#1430=VERTEX_POINT('',#3286);
#1431=VERTEX_POINT('',#3288);
#1432=VERTEX_POINT('',#3290);
#1433=VERTEX_POINT('',#3292);
#1434=VERTEX_POINT('',#3294);
#1435=VERTEX_POINT('',#3296);
#1436=VERTEX_POINT('',#3298);
#1437=VERTEX_POINT('',#3300);
#1438=VERTEX_POINT('',#3302);
#1439=VERTEX_POINT('',#3304);
#1440=VERTEX_POINT('',#3306);
#1441=VERTEX_POINT('',#3308);
#1442=VERTEX_POINT('',#3310);
#1443=VERTEX_POINT('',#3312);
#1444=VERTEX_POINT('',#3314);
#1445=VERTEX_POINT('',#3316);
#1446=VERTEX_POINT('',#3318);
#1447=VERTEX_POINT('',#3320);
#1448=VERTEX_POINT('',#3322);
#1449=VERTEX_POINT('',#3329);
#1450=VERTEX_POINT('',#3331);
#1451=VERTEX_POINT('',#3333);
#1452=VERTEX_POINT('',#3335);
#1453=VERTEX_POINT('',#3337);
#1454=VERTEX_POINT('',#3339);
#1455=VERTEX_POINT('',#3340);
#1456=VERTEX_POINT('',#3342);
#1457=VERTEX_POINT('',#3344);
#1458=VERTEX_POINT('',#3346);
#1459=VERTEX_POINT('',#3348);
#1460=VERTEX_POINT('',#3350);
#1461=VERTEX_POINT('',#3352);
#1462=VERTEX_POINT('',#3355);
#1463=VERTEX_POINT('',#3357);
#1464=VERTEX_POINT('',#3359);
#1465=VERTEX_POINT('',#3361);
#1466=VERTEX_POINT('',#3364);
#1467=VERTEX_POINT('',#3366);
#1468=VERTEX_POINT('',#3368);
#1469=VERTEX_POINT('',#3370);
#1470=VERTEX_POINT('',#3373);
#1471=VERTEX_POINT('',#3375);
#1472=VERTEX_POINT('',#3377);
#1473=VERTEX_POINT('',#3379);
#1474=VERTEX_POINT('',#3381);
#1475=VERTEX_POINT('',#3383);
#1476=VERTEX_POINT('',#3385);
#1477=VERTEX_POINT('',#3387);
#1478=VERTEX_POINT('',#3389);
#1479=VERTEX_POINT('',#3392);
#1480=VERTEX_POINT('',#3394);
#1481=VERTEX_POINT('',#3396);
#1482=VERTEX_POINT('',#3398);
#1483=VERTEX_POINT('',#3399);
#1484=VERTEX_POINT('',#3401);
#1485=VERTEX_POINT('',#3403);
#1486=VERTEX_POINT('',#3405);
#1487=VERTEX_POINT('',#3407);
#1488=VERTEX_POINT('',#3409);
#1489=VERTEX_POINT('',#3411);
#1490=VERTEX_POINT('',#3413);
#1491=VERTEX_POINT('',#3415);
#1492=VERTEX_POINT('',#3417);
#1493=VERTEX_POINT('',#3419);
#1494=VERTEX_POINT('',#3484);
#1495=VERTEX_POINT('',#3502);
#1496=VERTEX_POINT('',#3577);
#1497=VERTEX_POINT('',#3581);
#1498=CIRCLE('',#2112,0.00215);
#1499=CIRCLE('',#2113,0.001);
#1500=CIRCLE('',#2114,0.001);
#1501=CIRCLE('',#2115,0.001);
#1502=CIRCLE('',#2116,0.001);
#1503=CIRCLE('',#2117,0.0019);
#1504=CIRCLE('',#2118,0.0019);
#1505=CIRCLE('',#2119,0.00215);
#1506=CIRCLE('',#2120,0.00215);
#1507=CIRCLE('',#2121,0.007);
#1508=CIRCLE('',#2122,0.002);
#1509=CIRCLE('',#2123,0.005);
#1510=CIRCLE('',#2124,0.002);
#1511=CIRCLE('',#2125,0.0105);
#1512=CIRCLE('',#2126,0.002);
#1513=CIRCLE('',#2127,0.002);
#1514=CIRCLE('',#2128,0.006);
#1515=CIRCLE('',#2129,0.002);
#1516=CIRCLE('',#2130,0.002);
#1517=CIRCLE('',#2131,0.002);
#1518=CIRCLE('',#2132,0.01);
#1519=CIRCLE('',#2133,0.006);
#1520=CIRCLE('',#2134,0.0125);
#1521=CIRCLE('',#2135,0.004);
#1522=CIRCLE('',#2136,0.01);
#1523=CIRCLE('',#2137,0.01);
#1524=CIRCLE('',#2138,0.002);
#1525=CIRCLE('',#2139,0.0019);
#1526=CIRCLE('',#2140,0.002);
#1527=CIRCLE('',#2141,0.002);
#1528=CIRCLE('',#2142,0.0019);
#1529=CIRCLE('',#2146,0.01);
#1530=CIRCLE('',#2148,0.00499999999999845);
#1531=CIRCLE('',#2149,0.007);
#1532=CIRCLE('',#2150,0.00215);
#1533=CIRCLE('',#2151,0.002);
#1534=CIRCLE('',#2152,0.01);
#1535=CIRCLE('',#2153,0.006);
#1536=CIRCLE('',#2154,0.0125);
#1537=CIRCLE('',#2155,0.004);
#1538=CIRCLE('',#2156,0.01);
#1539=CIRCLE('',#2157,0.005);
#1540=CIRCLE('',#2158,0.001);
#1541=CIRCLE('',#2159,0.001);
#1542=CIRCLE('',#2160,0.001);
#1543=CIRCLE('',#2161,0.001);
#1544=CIRCLE('',#2162,0.005);
#1545=CIRCLE('',#2163,0.01);
#1546=CIRCLE('',#2164,0.002);
#1547=CIRCLE('',#2165,0.0019);
#1548=CIRCLE('',#2166,0.002);
#1549=CIRCLE('',#2167,0.002);
#1550=CIRCLE('',#2168,0.0019);
#1551=CIRCLE('',#2169,0.0019);
#1552=CIRCLE('',#2170,0.0019);
#1553=CIRCLE('',#2171,0.002);
#1554=CIRCLE('',#2172,0.005);
#1555=CIRCLE('',#2173,0.002);
#1556=CIRCLE('',#2174,0.0105);
#1557=CIRCLE('',#2175,0.002);
#1558=CIRCLE('',#2176,0.002);
#1559=CIRCLE('',#2177,0.006);
#1560=CIRCLE('',#2178,0.002);
#1561=CIRCLE('',#2179,0.002);
#1562=CIRCLE('',#2181,0.007);
#1563=CIRCLE('',#2182,0.00215);
#1564=CIRCLE('',#2183,0.00215);
#1565=CIRCLE('',#2184,0.007);
#1566=CIRCLE('',#2185,0.0019);
#1567=CIRCLE('',#2186,0.0019);
#1568=CIRCLE('',#2187,0.001);
#1569=CIRCLE('',#2188,0.001);
#1570=CIRCLE('',#2189,0.001);
#1571=CIRCLE('',#2190,0.001);
#1572=CIRCLE('',#2191,0.00215);
#1573=CIRCLE('',#2192,0.0019);
#1574=CIRCLE('',#2193,0.0105);
#1575=CIRCLE('',#2194,0.002);
#1576=CIRCLE('',#2195,0.005);
#1577=CIRCLE('',#2196,0.002);
#1578=CIRCLE('',#2197,0.002);
#1579=CIRCLE('',#2198,0.002);
#1580=CIRCLE('',#2199,0.006);
#1581=CIRCLE('',#2200,0.002);
#1582=CIRCLE('',#2201,0.002);
#1583=CIRCLE('',#2202,0.01);
#1584=CIRCLE('',#2203,0.002);
#1585=CIRCLE('',#2204,0.0019);
#1586=CIRCLE('',#2205,0.002);
#1587=CIRCLE('',#2206,0.002);
#1588=CIRCLE('',#2207,0.0019);
#1589=CIRCLE('',#2208,0.002);
#1590=CIRCLE('',#2209,0.01);
#1591=CIRCLE('',#2210,0.01);
#1592=CIRCLE('',#2211,0.004);
#1593=CIRCLE('',#2212,0.0125);
#1594=CIRCLE('',#2213,0.006);
#1595=CIRCLE('',#2216,0.0019);
#1596=CIRCLE('',#2217,0.007);
#1597=CIRCLE('',#2218,0.007);
#1598=CIRCLE('',#2219,0.0019);
#1599=CIRCLE('',#2220,0.0019);
#1600=CIRCLE('',#2221,0.001);
#1601=CIRCLE('',#2222,0.001);
#1602=CIRCLE('',#2223,0.001);
#1603=CIRCLE('',#2224,0.001);
#1604=CIRCLE('',#2225,0.002);
#1605=CIRCLE('',#2226,0.0019);
#1606=CIRCLE('',#2227,0.002);
#1607=CIRCLE('',#2228,0.002);
#1608=CIRCLE('',#2229,0.0019);
#1609=CIRCLE('',#2230,0.002);
#1610=CIRCLE('',#2231,0.01);
#1611=CIRCLE('',#2232,0.01);
#1612=CIRCLE('',#2233,0.004);
#1613=CIRCLE('',#2234,0.0125);
#1614=CIRCLE('',#2235,0.006);
#1615=CIRCLE('',#2236,0.00215);
#1616=CIRCLE('',#2237,0.00215);
#1617=CIRCLE('',#2238,0.00215);
#1618=CIRCLE('',#2239,0.005);
#1619=CIRCLE('',#2240,0.002);
#1620=CIRCLE('',#2241,0.002);
#1621=CIRCLE('',#2242,0.002);
#1622=CIRCLE('',#2243,0.006);
#1623=CIRCLE('',#2244,0.002);
#1624=CIRCLE('',#2245,0.002);
#1625=CIRCLE('',#2246,0.0105);
#1626=CIRCLE('',#2247,0.002);
#1627=CIRCLE('',#2274,0.00215000000000008);
#1628=CIRCLE('',#2284,0.00215);
#1629=CIRCLE('',#2330,0.00499999999999845);
#1630=CIRCLE('',#2333,0.005);
#1631=EDGE_LOOP('',(#403));
#1632=EDGE_LOOP('',(#404,#405,#406,#407,#408,#409,#410,#411));
#1633=EDGE_LOOP('',(#412));
#1634=EDGE_LOOP('',(#413));
#1635=EDGE_LOOP('',(#414));
#1636=EDGE_LOOP('',(#415));
#1637=EDGE_LOOP('',(#416));
#1638=EDGE_LOOP('',(#417,#418,#419,#420,#421,#422,#423,#424,#425,#426,#427,
#428));
#1639=EDGE_LOOP('',(#429,#430,#431,#432,#433,#434,#435,#436,#437,#438,#439,
#440,#441,#442,#443,#444,#445,#446,#447,#448,#449,#450,#451,#452));
#1640=EDGE_LOOP('',(#453,#454,#455,#456));
#1641=EDGE_LOOP('',(#457,#458,#459,#460));
#1642=EDGE_LOOP('',(#461,#462,#463,#464));
#1643=EDGE_LOOP('',(#465));
#1644=EDGE_LOOP('',(#466));
#1645=EDGE_LOOP('',(#467));
#1646=EDGE_LOOP('',(#468,#469,#470,#471,#472,#473,#474,#475,#476,#477,#478,
#479,#480,#481,#482,#483,#484,#485,#486,#487,#488,#489,#490,#491,#492,#493,
#494,#495,#496,#497,#498,#499,#500,#501,#502,#503));
#1647=EDGE_LOOP('',(#504));
#1648=EDGE_LOOP('',(#505));
#1649=EDGE_LOOP('',(#506,#507,#508,#509,#510,#511,#512,#513,#514,#515,#516,
#517));
#1650=EDGE_LOOP('',(#518));
#1651=EDGE_LOOP('',(#519));
#1652=EDGE_LOOP('',(#520));
#1653=EDGE_LOOP('',(#521));
#1654=EDGE_LOOP('',(#522));
#1655=EDGE_LOOP('',(#523));
#1656=EDGE_LOOP('',(#524,#525,#526,#527,#528,#529,#530,#531));
#1657=EDGE_LOOP('',(#532));
#1658=EDGE_LOOP('',(#533));
#1659=EDGE_LOOP('',(#534,#535,#536,#537,#538,#539,#540,#541,#542,#543,#544,
#545));
#1660=EDGE_LOOP('',(#546,#547,#548,#549,#550,#551,#552,#553,#554,#555,#556,
#557,#558,#559,#560,#561,#562,#563,#564,#565,#566,#567,#568));
#1661=EDGE_LOOP('',(#569,#570,#571,#572));
#1662=EDGE_LOOP('',(#573));
#1663=EDGE_LOOP('',(#574));
#1664=EDGE_LOOP('',(#575));
#1665=EDGE_LOOP('',(#576));
#1666=EDGE_LOOP('',(#577));
#1667=EDGE_LOOP('',(#578,#579,#580,#581,#582,#583,#584,#585));
#1668=EDGE_LOOP('',(#586,#587,#588,#589,#590,#591,#592,#593,#594,#595,#596,
#597,#598,#599,#600,#601,#602,#603,#604,#605,#606,#607,#608));
#1669=EDGE_LOOP('',(#609));
#1670=EDGE_LOOP('',(#610));
#1671=EDGE_LOOP('',(#611));
#1672=EDGE_LOOP('',(#612,#613,#614,#615,#616,#617,#618,#619,#620,#621,#622,
#623));
#1673=EDGE_LOOP('',(#624,#625,#626,#627,#628,#629,#630,#631));
#1674=EDGE_LOOP('',(#632,#633,#634,#635));
#1675=EDGE_LOOP('',(#636,#637,#638,#639,#640,#641));
#1676=EDGE_LOOP('',(#642,#643,#644,#645));
#1677=EDGE_LOOP('',(#646,#647,#648,#649));
#1678=EDGE_LOOP('',(#650));
#1679=EDGE_LOOP('',(#651));
#1680=EDGE_LOOP('',(#652,#653,#654,#655));
#1681=EDGE_LOOP('',(#656,#657,#658,#659));
#1682=EDGE_LOOP('',(#660,#661,#662,#663));
#1683=EDGE_LOOP('',(#664,#665,#666,#667,#668));
#1684=EDGE_LOOP('',(#669,#670,#671,#672));
#1685=EDGE_LOOP('',(#673,#674,#675,#676));
#1686=EDGE_LOOP('',(#677));
#1687=EDGE_LOOP('',(#678));
#1688=EDGE_LOOP('',(#679));
#1689=EDGE_LOOP('',(#680));
#1690=EDGE_LOOP('',(#681,#682,#683,#684));
#1691=EDGE_LOOP('',(#685,#686,#687,#688));
#1692=EDGE_LOOP('',(#689,#690,#691,#692));
#1693=EDGE_LOOP('',(#693,#694,#695,#696));
#1694=EDGE_LOOP('',(#697,#698,#699,#700));
#1695=EDGE_LOOP('',(#701,#702,#703,#704));
#1696=EDGE_LOOP('',(#705));
#1697=EDGE_LOOP('',(#706));
#1698=EDGE_LOOP('',(#707));
#1699=EDGE_LOOP('',(#708));
#1700=EDGE_LOOP('',(#709));
#1701=EDGE_LOOP('',(#710));
#1702=EDGE_LOOP('',(#711));
#1703=EDGE_LOOP('',(#712));
#1704=EDGE_LOOP('',(#713));
#1705=EDGE_LOOP('',(#714));
#1706=EDGE_LOOP('',(#715));
#1707=EDGE_LOOP('',(#716));
#1708=EDGE_LOOP('',(#717,#718,#719,#720,#721));
#1709=EDGE_LOOP('',(#722,#723,#724,#725));
#1710=EDGE_LOOP('',(#726,#727,#728,#729));
#1711=EDGE_LOOP('',(#730,#731,#732,#733));
#1712=EDGE_LOOP('',(#734,#735,#736,#737));
#1713=EDGE_LOOP('',(#738));
#1714=EDGE_LOOP('',(#739));
#1715=EDGE_LOOP('',(#740,#741,#742,#743));
#1716=EDGE_LOOP('',(#744,#745,#746,#747));
#1717=EDGE_LOOP('',(#748));
#1718=EDGE_LOOP('',(#749));
#1719=EDGE_LOOP('',(#750,#751,#752,#753));
#1720=EDGE_LOOP('',(#754,#755,#756,#757));
#1721=EDGE_LOOP('',(#758,#759,#760,#761));
#1722=EDGE_LOOP('',(#762,#763,#764,#765));
#1723=EDGE_LOOP('',(#766,#767,#768,#769));
#1724=EDGE_LOOP('',(#770,#771,#772,#773));
#1725=EDGE_LOOP('',(#774,#775,#776,#777));
#1726=EDGE_LOOP('',(#778,#779,#780,#781));
#1727=EDGE_LOOP('',(#782,#783,#784,#785));
#1728=EDGE_LOOP('',(#786,#787,#788,#789));
#1729=EDGE_LOOP('',(#790,#791,#792,#793));
#1730=EDGE_LOOP('',(#794,#795,#796,#797));
#1731=EDGE_LOOP('',(#798));
#1732=EDGE_LOOP('',(#799));
#1733=EDGE_LOOP('',(#800,#801,#802,#803));
#1734=EDGE_LOOP('',(#804,#805,#806,#807));
#1735=EDGE_LOOP('',(#808,#809,#810,#811));
#1736=EDGE_LOOP('',(#812,#813,#814,#815,#816,#817));
#1737=EDGE_LOOP('',(#818,#819,#820,#821));
#1738=EDGE_LOOP('',(#822));
#1739=EDGE_LOOP('',(#823));
#1740=EDGE_LOOP('',(#824,#825,#826,#827));
#1741=EDGE_LOOP('',(#828,#829,#830,#831));
#1742=EDGE_LOOP('',(#832,#833,#834,#835));
#1743=EDGE_LOOP('',(#836,#837,#838,#839));
#1744=EDGE_LOOP('',(#840,#841,#842,#843));
#1745=EDGE_LOOP('',(#844,#845,#846,#847));
#1746=EDGE_LOOP('',(#848,#849,#850,#851));
#1747=EDGE_LOOP('',(#852,#853,#854,#855));
#1748=EDGE_LOOP('',(#856,#857,#858,#859));
#1749=EDGE_LOOP('',(#860,#861,#862,#863));
#1750=EDGE_LOOP('',(#864,#865,#866,#867));
#1751=EDGE_LOOP('',(#868,#869,#870,#871));
#1752=EDGE_LOOP('',(#872,#873,#874,#875));
#1753=EDGE_LOOP('',(#876,#877,#878,#879));
#1754=EDGE_LOOP('',(#880,#881,#882,#883));
#1755=EDGE_LOOP('',(#884,#885,#886,#887));
#1756=EDGE_LOOP('',(#888,#889,#890,#891));
#1757=EDGE_LOOP('',(#892,#893,#894,#895));
#1758=EDGE_LOOP('',(#896));
#1759=EDGE_LOOP('',(#897));
#1760=EDGE_LOOP('',(#898,#899,#900,#901));
#1761=EDGE_LOOP('',(#902,#903,#904,#905));
#1762=EDGE_LOOP('',(#906,#907,#908,#909));
#1763=EDGE_LOOP('',(#910,#911,#912,#913));
#1764=EDGE_LOOP('',(#914,#915,#916,#917));
#1765=EDGE_LOOP('',(#918,#919,#920,#921));
#1766=EDGE_LOOP('',(#922));
#1767=EDGE_LOOP('',(#923));
#1768=EDGE_LOOP('',(#924));
#1769=EDGE_LOOP('',(#925));
#1770=EDGE_LOOP('',(#926,#927));
#1771=EDGE_LOOP('',(#928));
#1772=EDGE_LOOP('',(#929));
#1773=EDGE_LOOP('',(#930));
#1774=EDGE_LOOP('',(#931,#932,#933,#934));
#1775=EDGE_LOOP('',(#935,#936,#937,#938));
#1776=EDGE_LOOP('',(#939,#940,#941,#942));
#1777=EDGE_LOOP('',(#943,#944,#945,#946));
#1778=EDGE_LOOP('',(#947,#948,#949,#950));
#1779=EDGE_LOOP('',(#951,#952,#953,#954));
#1780=EDGE_LOOP('',(#955,#956,#957,#958));
#1781=EDGE_LOOP('',(#959,#960,#961,#962));
#1782=EDGE_LOOP('',(#963,#964,#965,#966));
#1783=EDGE_LOOP('',(#967,#968,#969,#970));
#1784=EDGE_LOOP('',(#971,#972,#973,#974));
#1785=EDGE_LOOP('',(#975,#976,#977,#978));
#1786=EDGE_LOOP('',(#979,#980,#981,#982));
#1787=EDGE_LOOP('',(#983,#984,#985,#986));
#1788=EDGE_LOOP('',(#987,#988,#989,#990));
#1789=EDGE_LOOP('',(#991,#992,#993,#994));
#1790=FACE_BOUND('',#1631,.T.);
#1791=FACE_BOUND('',#1632,.T.);
#1792=FACE_BOUND('',#1633,.T.);
#1793=FACE_BOUND('',#1634,.T.);
#1794=FACE_BOUND('',#1635,.T.);
#1795=FACE_BOUND('',#1636,.T.);
#1796=FACE_BOUND('',#1637,.T.);
#1797=FACE_BOUND('',#1638,.T.);
#1798=FACE_BOUND('',#1639,.T.);
#1799=FACE_BOUND('',#1640,.T.);
#1800=FACE_BOUND('',#1641,.T.);
#1801=FACE_BOUND('',#1642,.T.);
#1802=FACE_BOUND('',#1643,.T.);
#1803=FACE_BOUND('',#1644,.T.);
#1804=FACE_BOUND('',#1645,.T.);
#1805=FACE_BOUND('',#1646,.T.);
#1806=FACE_BOUND('',#1647,.T.);
#1807=FACE_BOUND('',#1648,.T.);
#1808=FACE_BOUND('',#1649,.T.);
#1809=FACE_BOUND('',#1650,.T.);
#1810=FACE_BOUND('',#1651,.T.);
#1811=FACE_BOUND('',#1652,.T.);
#1812=FACE_BOUND('',#1653,.T.);
#1813=FACE_BOUND('',#1654,.T.);
#1814=FACE_BOUND('',#1655,.T.);
#1815=FACE_BOUND('',#1656,.T.);
#1816=FACE_BOUND('',#1657,.T.);
#1817=FACE_BOUND('',#1658,.T.);
#1818=FACE_BOUND('',#1659,.T.);
#1819=FACE_BOUND('',#1660,.T.);
#1820=FACE_BOUND('',#1661,.T.);
#1821=FACE_BOUND('',#1662,.T.);
#1822=FACE_BOUND('',#1663,.T.);
#1823=FACE_BOUND('',#1664,.T.);
#1824=FACE_BOUND('',#1665,.T.);
#1825=FACE_BOUND('',#1666,.T.);
#1826=FACE_BOUND('',#1667,.T.);
#1827=FACE_BOUND('',#1668,.T.);
#1828=FACE_BOUND('',#1669,.T.);
#1829=FACE_BOUND('',#1670,.T.);
#1830=FACE_BOUND('',#1671,.T.);
#1831=FACE_BOUND('',#1672,.T.);
#1832=FACE_BOUND('',#1673,.T.);
#1833=FACE_BOUND('',#1674,.T.);
#1834=FACE_BOUND('',#1675,.T.);
#1835=FACE_BOUND('',#1676,.T.);
#1836=FACE_BOUND('',#1677,.T.);
#1837=FACE_BOUND('',#1678,.T.);
#1838=FACE_BOUND('',#1679,.T.);
#1839=FACE_BOUND('',#1680,.T.);
#1840=FACE_BOUND('',#1681,.T.);
#1841=FACE_BOUND('',#1682,.T.);
#1842=FACE_BOUND('',#1683,.T.);
#1843=FACE_BOUND('',#1684,.T.);
#1844=FACE_BOUND('',#1685,.T.);
#1845=FACE_BOUND('',#1686,.T.);
#1846=FACE_BOUND('',#1687,.T.);
#1847=FACE_BOUND('',#1688,.T.);
#1848=FACE_BOUND('',#1689,.T.);
#1849=FACE_BOUND('',#1690,.T.);
#1850=FACE_BOUND('',#1691,.T.);
#1851=FACE_BOUND('',#1692,.T.);
#1852=FACE_BOUND('',#1693,.T.);
#1853=FACE_BOUND('',#1694,.T.);
#1854=FACE_BOUND('',#1695,.T.);
#1855=FACE_BOUND('',#1696,.T.);
#1856=FACE_BOUND('',#1697,.T.);
#1857=FACE_BOUND('',#1698,.T.);
#1858=FACE_BOUND('',#1699,.T.);
#1859=FACE_BOUND('',#1700,.T.);
#1860=FACE_BOUND('',#1701,.T.);
#1861=FACE_BOUND('',#1702,.T.);
#1862=FACE_BOUND('',#1703,.T.);
#1863=FACE_BOUND('',#1704,.T.);
#1864=FACE_BOUND('',#1705,.T.);
#1865=FACE_BOUND('',#1706,.T.);
#1866=FACE_BOUND('',#1707,.T.);
#1867=FACE_BOUND('',#1708,.T.);
#1868=FACE_BOUND('',#1709,.T.);
#1869=FACE_BOUND('',#1710,.T.);
#1870=FACE_BOUND('',#1711,.T.);
#1871=FACE_BOUND('',#1712,.T.);
#1872=FACE_BOUND('',#1713,.T.);
#1873=FACE_BOUND('',#1714,.T.);
#1874=FACE_BOUND('',#1715,.T.);
#1875=FACE_BOUND('',#1716,.T.);
#1876=FACE_BOUND('',#1717,.T.);
#1877=FACE_BOUND('',#1718,.T.);
#1878=FACE_BOUND('',#1719,.T.);
#1879=FACE_BOUND('',#1720,.T.);
#1880=FACE_BOUND('',#1721,.T.);
#1881=FACE_BOUND('',#1722,.T.);
#1882=FACE_BOUND('',#1723,.T.);
#1883=FACE_BOUND('',#1724,.T.);
#1884=FACE_BOUND('',#1725,.T.);
#1885=FACE_BOUND('',#1726,.T.);
#1886=FACE_BOUND('',#1727,.T.);
#1887=FACE_BOUND('',#1728,.T.);
#1888=FACE_BOUND('',#1729,.T.);
#1889=FACE_BOUND('',#1730,.T.);
#1890=FACE_BOUND('',#1731,.T.);
#1891=FACE_BOUND('',#1732,.T.);
#1892=FACE_BOUND('',#1733,.T.);
#1893=FACE_BOUND('',#1734,.T.);
#1894=FACE_BOUND('',#1735,.T.);
#1895=FACE_BOUND('',#1736,.T.);
#1896=FACE_BOUND('',#1737,.T.);
#1897=FACE_BOUND('',#1738,.T.);
#1898=FACE_BOUND('',#1739,.T.);
#1899=FACE_BOUND('',#1740,.T.);
#1900=FACE_BOUND('',#1741,.T.);
#1901=FACE_BOUND('',#1742,.T.);
#1902=FACE_BOUND('',#1743,.T.);
#1903=FACE_BOUND('',#1744,.T.);
#1904=FACE_BOUND('',#1745,.T.);
#1905=FACE_BOUND('',#1746,.T.);
#1906=FACE_BOUND('',#1747,.T.);
#1907=FACE_BOUND('',#1748,.T.);
#1908=FACE_BOUND('',#1749,.T.);
#1909=FACE_BOUND('',#1750,.T.);
#1910=FACE_BOUND('',#1751,.T.);
#1911=FACE_BOUND('',#1752,.T.);
#1912=FACE_BOUND('',#1753,.T.);
#1913=FACE_BOUND('',#1754,.T.);
#1914=FACE_BOUND('',#1755,.T.);
#1915=FACE_BOUND('',#1756,.T.);
#1916=FACE_BOUND('',#1757,.T.);
#1917=FACE_BOUND('',#1758,.T.);
#1918=FACE_BOUND('',#1759,.T.);
#1919=FACE_BOUND('',#1760,.T.);
#1920=FACE_BOUND('',#1761,.T.);
#1921=FACE_BOUND('',#1762,.T.);
#1922=FACE_BOUND('',#1763,.T.);
#1923=FACE_BOUND('',#1764,.T.);
#1924=FACE_BOUND('',#1765,.T.);
#1925=FACE_BOUND('',#1766,.T.);
#1926=FACE_BOUND('',#1767,.T.);
#1927=FACE_BOUND('',#1768,.T.);
#1928=FACE_BOUND('',#1769,.T.);
#1929=FACE_BOUND('',#1770,.T.);
#1930=FACE_BOUND('',#1771,.T.);
#1931=FACE_BOUND('',#1772,.T.);
#1932=FACE_BOUND('',#1773,.T.);
#1933=FACE_BOUND('',#1774,.T.);
#1934=FACE_BOUND('',#1775,.T.);
#1935=FACE_BOUND('',#1776,.T.);
#1936=FACE_BOUND('',#1777,.T.);
#1937=FACE_BOUND('',#1778,.T.);
#1938=FACE_BOUND('',#1779,.T.);
#1939=FACE_BOUND('',#1780,.T.);
#1940=FACE_BOUND('',#1781,.T.);
#1941=FACE_BOUND('',#1782,.T.);
#1942=FACE_BOUND('',#1783,.T.);
#1943=FACE_BOUND('',#1784,.T.);
#1944=FACE_BOUND('',#1785,.T.);
#1945=FACE_BOUND('',#1786,.T.);
#1946=FACE_BOUND('',#1787,.T.);
#1947=FACE_BOUND('',#1788,.T.);
#1948=FACE_BOUND('',#1789,.T.);
#1949=PLANE('',#2111);
#1950=PLANE('',#2143);
#1951=PLANE('',#2144);
#1952=PLANE('',#2147);
#1953=PLANE('',#2180);
#1954=PLANE('',#2214);
#1955=PLANE('',#2215);
#1956=PLANE('',#2250);
#1957=PLANE('',#2252);
#1958=PLANE('',#2256);
#1959=PLANE('',#2257);
#1960=PLANE('',#2258);
#1961=PLANE('',#2259);
#1962=PLANE('',#2264);
#1963=PLANE('',#2265);
#1964=PLANE('',#2266);
#1965=PLANE('',#2267);
#1966=PLANE('',#2275);
#1967=PLANE('',#2276);
#1968=PLANE('',#2277);
#1969=PLANE('',#2278);
#1970=PLANE('',#2281);
#1971=PLANE('',#2285);
#1972=PLANE('',#2300);
#1973=PLANE('',#2301);
#1974=PLANE('',#2302);
#1975=PLANE('',#2305);
#1976=PLANE('',#2306);
#1977=PLANE('',#2308);
#1978=PLANE('',#2317);
#1979=PLANE('',#2318);
#1980=PLANE('',#2320);
#1981=PLANE('',#2331);
#1982=PLANE('',#2334);
#1983=PLANE('',#2335);
#1984=PLANE('',#2336);
#1985=PLANE('',#2337);
#1986=PLANE('',#2338);
#1987=PLANE('',#2343);
#1988=PLANE('',#2344);
#1989=PLANE('',#2345);
#1990=PLANE('',#2346);
#1991=ADVANCED_FACE('',(#1790,#1791,#1792,#1793,#1794,#1795,#1796,#1797,
#1798),#1949,.T.);
#1992=ADVANCED_FACE('',(#1799),#1950,.F.);
#1993=ADVANCED_FACE('',(#1800),#1951,.F.);
#1994=ADVANCED_FACE('',(#1801),#12,.T.);
#1995=ADVANCED_FACE('',(#1802,#1803,#1804,#1805,#1806,#1807,#1808),#1952,
 .F.);
#1996=ADVANCED_FACE('',(#1809,#1810,#1811,#1812,#1813,#1814,#1815,#1816,
#1817,#1818,#1819),#1953,.T.);
#1997=ADVANCED_FACE('',(#1820),#1954,.F.);
#1998=ADVANCED_FACE('',(#1821,#1822,#1823,#1824,#1825,#1826,#1827,#1828,
#1829,#1830,#1831),#1955,.F.);
#1999=ADVANCED_FACE('',(#1832),#13,.T.);
#2000=ADVANCED_FACE('',(#1833),#14,.T.);
#2001=ADVANCED_FACE('',(#1834),#1956,.F.);
#2002=ADVANCED_FACE('',(#1835),#15,.T.);
#2003=ADVANCED_FACE('',(#1836),#1957,.F.);
#2004=ADVANCED_FACE('',(#1837,#1838),#16,.F.);
#2005=ADVANCED_FACE('',(#1839),#17,.F.);
#2006=ADVANCED_FACE('',(#1840),#18,.F.);
#2007=ADVANCED_FACE('',(#1841),#1958,.F.);
#2008=ADVANCED_FACE('',(#1842),#1959,.T.);
#2009=ADVANCED_FACE('',(#1843),#1960,.F.);
#2010=ADVANCED_FACE('',(#1844),#1961,.F.);
#2011=ADVANCED_FACE('',(#1845,#1846),#19,.F.);
#2012=ADVANCED_FACE('',(#1847,#1848),#20,.F.);
#2013=ADVANCED_FACE('',(#1849),#21,.F.);
#2014=ADVANCED_FACE('',(#1850),#22,.F.);
#2015=ADVANCED_FACE('',(#1851),#1962,.F.);
#2016=ADVANCED_FACE('',(#1852),#1963,.T.);
#2017=ADVANCED_FACE('',(#1853),#1964,.F.);
#2018=ADVANCED_FACE('',(#1854),#1965,.F.);
#2019=ADVANCED_FACE('',(#1855,#1856),#23,.F.);
#2020=ADVANCED_FACE('',(#1857,#1858),#24,.F.);
#2021=ADVANCED_FACE('',(#1859,#1860),#25,.F.);
#2022=ADVANCED_FACE('',(#1861,#1862),#26,.F.);
#2023=ADVANCED_FACE('',(#1863,#1864),#27,.F.);
#2024=ADVANCED_FACE('',(#1865,#1866),#28,.F.);
#2025=ADVANCED_FACE('',(#1867),#1966,.F.);
#2026=ADVANCED_FACE('',(#1868),#1967,.T.);
#2027=ADVANCED_FACE('',(#1869),#1968,.T.);
#2028=ADVANCED_FACE('',(#1870),#1969,.F.);
#2029=ADVANCED_FACE('',(#1871),#29,.T.);
#2030=ADVANCED_FACE('',(#1872,#1873),#30,.F.);
#2031=ADVANCED_FACE('',(#1874),#1970,.F.);
#2032=ADVANCED_FACE('',(#1875),#31,.T.);
#2033=ADVANCED_FACE('',(#1876,#1877),#32,.F.);
#2034=ADVANCED_FACE('',(#1878),#1971,.F.);
#2035=ADVANCED_FACE('',(#1879),#33,.F.);
#2036=ADVANCED_FACE('',(#1880),#34,.F.);
#2037=ADVANCED_FACE('',(#1881),#35,.F.);
#2038=ADVANCED_FACE('',(#1882),#36,.F.);
#2039=ADVANCED_FACE('',(#1883),#37,.F.);
#2040=ADVANCED_FACE('',(#1884),#38,.F.);
#2041=ADVANCED_FACE('',(#1885),#39,.F.);
#2042=ADVANCED_FACE('',(#1886),#40,.F.);
#2043=ADVANCED_FACE('',(#1887),#41,.T.);
#2044=ADVANCED_FACE('',(#1888),#42,.T.);
#2045=ADVANCED_FACE('',(#1889),#43,.T.);
#2046=ADVANCED_FACE('',(#1890,#1891),#44,.F.);
#2047=ADVANCED_FACE('',(#1892),#45,.T.);
#2048=ADVANCED_FACE('',(#1893),#46,.T.);
#2049=ADVANCED_FACE('',(#1894),#1972,.F.);
#2050=ADVANCED_FACE('',(#1895),#1973,.F.);
#2051=ADVANCED_FACE('',(#1896),#1974,.T.);
#2052=ADVANCED_FACE('',(#1897,#1898),#47,.F.);
#2053=ADVANCED_FACE('',(#1899),#48,.T.);
#2054=ADVANCED_FACE('',(#1900),#1975,.F.);
#2055=ADVANCED_FACE('',(#1901),#1976,.F.);
#2056=ADVANCED_FACE('',(#1902),#49,.T.);
#2057=ADVANCED_FACE('',(#1903),#1977,.T.);
#2058=ADVANCED_FACE('',(#1904),#50,.T.);
#2059=ADVANCED_FACE('',(#1905),#51,.F.);
#2060=ADVANCED_FACE('',(#1906),#52,.F.);
#2061=ADVANCED_FACE('',(#1907),#53,.F.);
#2062=ADVANCED_FACE('',(#1908),#54,.F.);
#2063=ADVANCED_FACE('',(#1909),#55,.F.);
#2064=ADVANCED_FACE('',(#1910),#56,.F.);
#2065=ADVANCED_FACE('',(#1911),#57,.T.);
#2066=ADVANCED_FACE('',(#1912),#1978,.F.);
#2067=ADVANCED_FACE('',(#1913),#1979,.F.);
#2068=ADVANCED_FACE('',(#1914),#58,.T.);
#2069=ADVANCED_FACE('',(#1915),#1980,.T.);
#2070=ADVANCED_FACE('',(#1916),#59,.T.);
#2071=ADVANCED_FACE('',(#1917,#1918),#60,.F.);
#2072=ADVANCED_FACE('',(#1919),#61,.F.);
#2073=ADVANCED_FACE('',(#1920),#62,.F.);
#2074=ADVANCED_FACE('',(#1921),#63,.F.);
#2075=ADVANCED_FACE('',(#1922),#64,.F.);
#2076=ADVANCED_FACE('',(#1923),#65,.F.);
#2077=ADVANCED_FACE('',(#1924),#66,.F.);
#2078=ADVANCED_FACE('',(#1925,#1926),#67,.T.);
#2079=ADVANCED_FACE('',(#1927,#1928),#1981,.F.);
#2080=ADVANCED_FACE('',(#1929,#1930),#68,.T.);
#2081=ADVANCED_FACE('',(#1931,#1932),#1982,.F.);
#2082=ADVANCED_FACE('',(#1933),#1983,.T.);
#2083=ADVANCED_FACE('',(#1934),#1984,.F.);
#2084=ADVANCED_FACE('',(#1935),#1985,.F.);
#2085=ADVANCED_FACE('',(#1936),#1986,.T.);
#2086=ADVANCED_FACE('',(#1937),#69,.T.);
#2087=ADVANCED_FACE('',(#1938),#70,.T.);
#2088=ADVANCED_FACE('',(#1939),#71,.T.);
#2089=ADVANCED_FACE('',(#1940),#72,.T.);
#2090=ADVANCED_FACE('',(#1941),#1987,.F.);
#2091=ADVANCED_FACE('',(#1942),#1988,.T.);
#2092=ADVANCED_FACE('',(#1943),#1989,.F.);
#2093=ADVANCED_FACE('',(#1944),#1990,.T.);
#2094=ADVANCED_FACE('',(#1945),#73,.T.);
#2095=ADVANCED_FACE('',(#1946),#74,.T.);
#2096=ADVANCED_FACE('',(#1947),#75,.T.);
#2097=ADVANCED_FACE('',(#1948),#76,.T.);
#2098=CLOSED_SHELL('',(#1991,#1992,#1993,#1994,#1995,#1996,#1997,#1998,
#1999,#2000,#2001,#2002,#2003,#2004,#2005,#2006,#2007,#2008,#2009,#2010,
#2011,#2012,#2013,#2014,#2015,#2016,#2017,#2018,#2019,#2020,#2021,#2022,
#2023,#2024,#2025,#2026,#2027,#2028,#2029,#2030,#2031,#2032,#2033,#2034,
#2035,#2036,#2037,#2038,#2039,#2040,#2041,#2042,#2043,#2044,#2045,#2046,
#2047,#2048,#2049,#2050,#2051,#2052,#2053,#2054,#2055,#2056,#2057,#2058,
#2059,#2060,#2061,#2062,#2063,#2064,#2065,#2066,#2067,#2068,#2069,#2070,
#2071,#2072,#2073,#2074,#2075,#2076,#2077,#2078,#2079,#2080,#2081,#2082,
#2083,#2084,#2085,#2086,#2087,#2088,#2089,#2090,#2091,#2092,#2093,#2094,
#2095,#2096,#2097));
#2099=STYLED_ITEM('',(#2100),#2107);
#2100=PRESENTATION_STYLE_ASSIGNMENT((#2101));
#2101=SURFACE_STYLE_USAGE(.BOTH.,#2102);
#2102=SURFACE_SIDE_STYLE('',(#2103));
#2103=SURFACE_STYLE_FILL_AREA(#2104);
#2104=FILL_AREA_STYLE('',(#2105));
#2105=FILL_AREA_STYLE_COLOUR('',#2106);
#2106=COLOUR_RGB('',0.6,0.580392156862745,0.529411764705882);
#2107=MANIFOLD_SOLID_BREP('btrshftr C4-C5 Butterfly Plate',#2098);
#2108=SHAPE_DEFINITION_REPRESENTATION(#3613,#2109);
#2109=SHAPE_REPRESENTATION('btrshftr C4-C5 Butterfly Plate',(#2110),#3608);
#2110=AXIS2_PLACEMENT_3D('',#2996,#2351,#2352);
#2111=AXIS2_PLACEMENT_3D('',#2997,#2353,#2354);
#2112=AXIS2_PLACEMENT_3D('',#2998,#2355,#2356);
#2113=AXIS2_PLACEMENT_3D('',#3003,#2358,#2359);
#2114=AXIS2_PLACEMENT_3D('',#3007,#2361,#2362);
#2115=AXIS2_PLACEMENT_3D('',#3011,#2364,#2365);
#2116=AXIS2_PLACEMENT_3D('',#3015,#2367,#2368);
#2117=AXIS2_PLACEMENT_3D('',#3016,#2369,#2370);
#2118=AXIS2_PLACEMENT_3D('',#3018,#2371,#2372);
#2119=AXIS2_PLACEMENT_3D('',#3020,#2373,#2374);
#2120=AXIS2_PLACEMENT_3D('',#3022,#2375,#2376);
#2121=AXIS2_PLACEMENT_3D('',#3024,#2377,#2378);
#2122=AXIS2_PLACEMENT_3D('',#3029,#2380,#2381);
#2123=AXIS2_PLACEMENT_3D('',#3031,#2382,#2383);
#2124=AXIS2_PLACEMENT_3D('',#3033,#2384,#2385);
#2125=AXIS2_PLACEMENT_3D('',#3035,#2386,#2387);
#2126=AXIS2_PLACEMENT_3D('',#3037,#2388,#2389);
#2127=AXIS2_PLACEMENT_3D('',#3041,#2391,#2392);
#2128=AXIS2_PLACEMENT_3D('',#3043,#2393,#2394);
#2129=AXIS2_PLACEMENT_3D('',#3045,#2395,#2396);
#2130=AXIS2_PLACEMENT_3D('',#3049,#2398,#2399);
#2131=AXIS2_PLACEMENT_3D('',#3053,#2401,#2402);
#2132=AXIS2_PLACEMENT_3D('',#3055,#2403,#2404);
#2133=AXIS2_PLACEMENT_3D('',#3059,#2406,#2407);
#2134=AXIS2_PLACEMENT_3D('',#3063,#2409,#2410);
#2135=AXIS2_PLACEMENT_3D('',#3067,#2412,#2413);
#2136=AXIS2_PLACEMENT_3D('',#3073,#2416,#2417);
#2137=AXIS2_PLACEMENT_3D('',#3077,#2419,#2420);
#2138=AXIS2_PLACEMENT_3D('',#3081,#2422,#2423);
#2139=AXIS2_PLACEMENT_3D('',#3085,#2425,#2426);
#2140=AXIS2_PLACEMENT_3D('',#3089,#2428,#2429);
#2141=AXIS2_PLACEMENT_3D('',#3093,#2431,#2432);
#2142=AXIS2_PLACEMENT_3D('',#3097,#2434,#2435);
#2143=AXIS2_PLACEMENT_3D('',#3098,#2436,#2437);
#2144=AXIS2_PLACEMENT_3D('',#3104,#2441,#2442);
#2145=AXIS2_PLACEMENT_3D('',#3110,#2446,#2447);
#2146=AXIS2_PLACEMENT_3D('',#3113,#2449,#2450);
#2147=AXIS2_PLACEMENT_3D('',#3116,#2452,#2453);
#2148=AXIS2_PLACEMENT_3D('',#3117,#2454,#2455);
#2149=AXIS2_PLACEMENT_3D('',#3119,#2456,#2457);
#2150=AXIS2_PLACEMENT_3D('',#3121,#2458,#2459);
#2151=AXIS2_PLACEMENT_3D('',#3126,#2461,#2462);
#2152=AXIS2_PLACEMENT_3D('',#3128,#2463,#2464);
#2153=AXIS2_PLACEMENT_3D('',#3132,#2466,#2467);
#2154=AXIS2_PLACEMENT_3D('',#3136,#2469,#2470);
#2155=AXIS2_PLACEMENT_3D('',#3140,#2472,#2473);
#2156=AXIS2_PLACEMENT_3D('',#3146,#2476,#2477);
#2157=AXIS2_PLACEMENT_3D('',#3150,#2479,#2480);
#2158=AXIS2_PLACEMENT_3D('',#3154,#2482,#2483);
#2159=AXIS2_PLACEMENT_3D('',#3158,#2485,#2486);
#2160=AXIS2_PLACEMENT_3D('',#3162,#2488,#2489);
#2161=AXIS2_PLACEMENT_3D('',#3166,#2491,#2492);
#2162=AXIS2_PLACEMENT_3D('',#3169,#2494,#2495);
#2163=AXIS2_PLACEMENT_3D('',#3172,#2497,#2498);
#2164=AXIS2_PLACEMENT_3D('',#3176,#2500,#2501);
#2165=AXIS2_PLACEMENT_3D('',#3180,#2503,#2504);
#2166=AXIS2_PLACEMENT_3D('',#3184,#2506,#2507);
#2167=AXIS2_PLACEMENT_3D('',#3188,#2509,#2510);
#2168=AXIS2_PLACEMENT_3D('',#3192,#2512,#2513);
#2169=AXIS2_PLACEMENT_3D('',#3193,#2514,#2515);
#2170=AXIS2_PLACEMENT_3D('',#3195,#2516,#2517);
#2171=AXIS2_PLACEMENT_3D('',#3200,#2519,#2520);
#2172=AXIS2_PLACEMENT_3D('',#3202,#2521,#2522);
#2173=AXIS2_PLACEMENT_3D('',#3204,#2523,#2524);
#2174=AXIS2_PLACEMENT_3D('',#3206,#2525,#2526);
#2175=AXIS2_PLACEMENT_3D('',#3208,#2527,#2528);
#2176=AXIS2_PLACEMENT_3D('',#3212,#2530,#2531);
#2177=AXIS2_PLACEMENT_3D('',#3214,#2532,#2533);
#2178=AXIS2_PLACEMENT_3D('',#3216,#2534,#2535);
#2179=AXIS2_PLACEMENT_3D('',#3220,#2537,#2538);
#2180=AXIS2_PLACEMENT_3D('',#3221,#2539,#2540);
#2181=AXIS2_PLACEMENT_3D('',#3222,#2541,#2542);
#2182=AXIS2_PLACEMENT_3D('',#3224,#2543,#2544);
#2183=AXIS2_PLACEMENT_3D('',#3226,#2545,#2546);
#2184=AXIS2_PLACEMENT_3D('',#3228,#2547,#2548);
#2185=AXIS2_PLACEMENT_3D('',#3230,#2549,#2550);
#2186=AXIS2_PLACEMENT_3D('',#3232,#2551,#2552);
#2187=AXIS2_PLACEMENT_3D('',#3237,#2554,#2555);
#2188=AXIS2_PLACEMENT_3D('',#3241,#2557,#2558);
#2189=AXIS2_PLACEMENT_3D('',#3245,#2560,#2561);
#2190=AXIS2_PLACEMENT_3D('',#3249,#2563,#2564);
#2191=AXIS2_PLACEMENT_3D('',#3250,#2565,#2566);
#2192=AXIS2_PLACEMENT_3D('',#3252,#2567,#2568);
#2193=AXIS2_PLACEMENT_3D('',#3254,#2569,#2570);
#2194=AXIS2_PLACEMENT_3D('',#3257,#2571,#2572);
#2195=AXIS2_PLACEMENT_3D('',#3259,#2573,#2574);
#2196=AXIS2_PLACEMENT_3D('',#3261,#2575,#2576);
#2197=AXIS2_PLACEMENT_3D('',#3265,#2578,#2579);
#2198=AXIS2_PLACEMENT_3D('',#3269,#2581,#2582);
#2199=AXIS2_PLACEMENT_3D('',#3271,#2583,#2584);
#2200=AXIS2_PLACEMENT_3D('',#3273,#2585,#2586);
#2201=AXIS2_PLACEMENT_3D('',#3277,#2588,#2589);
#2202=AXIS2_PLACEMENT_3D('',#3278,#2590,#2591);
#2203=AXIS2_PLACEMENT_3D('',#3281,#2592,#2593);
#2204=AXIS2_PLACEMENT_3D('',#3285,#2595,#2596);
#2205=AXIS2_PLACEMENT_3D('',#3289,#2598,#2599);
#2206=AXIS2_PLACEMENT_3D('',#3293,#2601,#2602);
#2207=AXIS2_PLACEMENT_3D('',#3297,#2604,#2605);
#2208=AXIS2_PLACEMENT_3D('',#3301,#2607,#2608);
#2209=AXIS2_PLACEMENT_3D('',#3305,#2610,#2611);
#2210=AXIS2_PLACEMENT_3D('',#3309,#2613,#2614);
#2211=AXIS2_PLACEMENT_3D('',#3313,#2616,#2617);
#2212=AXIS2_PLACEMENT_3D('',#3317,#2619,#2620);
#2213=AXIS2_PLACEMENT_3D('',#3321,#2622,#2623);
#2214=AXIS2_PLACEMENT_3D('',#3324,#2625,#2626);
#2215=AXIS2_PLACEMENT_3D('',#3327,#2629,#2630);
#2216=AXIS2_PLACEMENT_3D('',#3328,#2631,#2632);
#2217=AXIS2_PLACEMENT_3D('',#3330,#2633,#2634);
#2218=AXIS2_PLACEMENT_3D('',#3332,#2635,#2636);
#2219=AXIS2_PLACEMENT_3D('',#3334,#2637,#2638);
#2220=AXIS2_PLACEMENT_3D('',#3336,#2639,#2640);
#2221=AXIS2_PLACEMENT_3D('',#3341,#2642,#2643);
#2222=AXIS2_PLACEMENT_3D('',#3345,#2645,#2646);
#2223=AXIS2_PLACEMENT_3D('',#3349,#2648,#2649);
#2224=AXIS2_PLACEMENT_3D('',#3353,#2651,#2652);
#2225=AXIS2_PLACEMENT_3D('',#3354,#2653,#2654);
#2226=AXIS2_PLACEMENT_3D('',#3358,#2656,#2657);
#2227=AXIS2_PLACEMENT_3D('',#3362,#2659,#2660);
#2228=AXIS2_PLACEMENT_3D('',#3363,#2661,#2662);
#2229=AXIS2_PLACEMENT_3D('',#3367,#2664,#2665);
#2230=AXIS2_PLACEMENT_3D('',#3371,#2667,#2668);
#2231=AXIS2_PLACEMENT_3D('',#3372,#2669,#2670);
#2232=AXIS2_PLACEMENT_3D('',#3376,#2672,#2673);
#2233=AXIS2_PLACEMENT_3D('',#3380,#2675,#2676);
#2234=AXIS2_PLACEMENT_3D('',#3384,#2678,#2679);
#2235=AXIS2_PLACEMENT_3D('',#3388,#2681,#2682);
#2236=AXIS2_PLACEMENT_3D('',#3391,#2684,#2685);
#2237=AXIS2_PLACEMENT_3D('',#3393,#2686,#2687);
#2238=AXIS2_PLACEMENT_3D('',#3395,#2688,#2689);
#2239=AXIS2_PLACEMENT_3D('',#3397,#2690,#2691);
#2240=AXIS2_PLACEMENT_3D('',#3400,#2692,#2693);
#2241=AXIS2_PLACEMENT_3D('',#3404,#2695,#2696);
#2242=AXIS2_PLACEMENT_3D('',#3408,#2698,#2699);
#2243=AXIS2_PLACEMENT_3D('',#3410,#2700,#2701);
#2244=AXIS2_PLACEMENT_3D('',#3412,#2702,#2703);
#2245=AXIS2_PLACEMENT_3D('',#3416,#2705,#2706);
#2246=AXIS2_PLACEMENT_3D('',#3418,#2707,#2708);
#2247=AXIS2_PLACEMENT_3D('',#3420,#2709,#2710);
#2248=AXIS2_PLACEMENT_3D('',#3421,#2711,#2712);
#2249=AXIS2_PLACEMENT_3D('',#3426,#2717,#2718);
#2250=AXIS2_PLACEMENT_3D('',#3429,#2721,#2722);
#2251=AXIS2_PLACEMENT_3D('',#3433,#2726,#2727);
#2252=AXIS2_PLACEMENT_3D('',#3435,#2729,#2730);
#2253=AXIS2_PLACEMENT_3D('',#3438,#2733,#2734);
#2254=AXIS2_PLACEMENT_3D('',#3439,#2735,#2736);
#2255=AXIS2_PLACEMENT_3D('',#3442,#2739,#2740);
#2256=AXIS2_PLACEMENT_3D('',#3445,#2743,#2744);
#2257=AXIS2_PLACEMENT_3D('',#3448,#2747,#2748);
#2258=AXIS2_PLACEMENT_3D('',#3451,#2751,#2752);
#2259=AXIS2_PLACEMENT_3D('',#3454,#2755,#2756);
#2260=AXIS2_PLACEMENT_3D('',#3457,#2759,#2760);
#2261=AXIS2_PLACEMENT_3D('',#3458,#2761,#2762);
#2262=AXIS2_PLACEMENT_3D('',#3459,#2763,#2764);
#2263=AXIS2_PLACEMENT_3D('',#3462,#2767,#2768);
#2264=AXIS2_PLACEMENT_3D('',#3465,#2771,#2772);
#2265=AXIS2_PLACEMENT_3D('',#3468,#2775,#2776);
#2266=AXIS2_PLACEMENT_3D('',#3471,#2779,#2780);
#2267=AXIS2_PLACEMENT_3D('',#3474,#2783,#2784);
#2268=AXIS2_PLACEMENT_3D('',#3477,#2787,#2788);
#2269=AXIS2_PLACEMENT_3D('',#3478,#2789,#2790);
#2270=AXIS2_PLACEMENT_3D('',#3479,#2791,#2792);
#2271=AXIS2_PLACEMENT_3D('',#3480,#2793,#2794);
#2272=AXIS2_PLACEMENT_3D('',#3481,#2795,#2796);
#2273=AXIS2_PLACEMENT_3D('',#3482,#2797,#2798);
#2274=AXIS2_PLACEMENT_3D('',#3483,#2799,#2800);
#2275=AXIS2_PLACEMENT_3D('',#3485,#2801,#2802);
#2276=AXIS2_PLACEMENT_3D('',#3488,#2805,#2806);
#2277=AXIS2_PLACEMENT_3D('',#3490,#2808,#2809);
#2278=AXIS2_PLACEMENT_3D('',#3493,#2812,#2813);
#2279=AXIS2_PLACEMENT_3D('',#3495,#2815,#2816);
#2280=AXIS2_PLACEMENT_3D('',#3496,#2817,#2818);
#2281=AXIS2_PLACEMENT_3D('',#3497,#2819,#2820);
#2282=AXIS2_PLACEMENT_3D('',#3499,#2822,#2823);
#2283=AXIS2_PLACEMENT_3D('',#3500,#2824,#2825);
#2284=AXIS2_PLACEMENT_3D('',#3501,#2826,#2827);
#2285=AXIS2_PLACEMENT_3D('',#3503,#2828,#2829);
#2286=AXIS2_PLACEMENT_3D('',#3506,#2832,#2833);
#2287=AXIS2_PLACEMENT_3D('',#3507,#2834,#2835);
#2288=AXIS2_PLACEMENT_3D('',#3508,#2836,#2837);
#2289=AXIS2_PLACEMENT_3D('',#3509,#2838,#2839);
#2290=AXIS2_PLACEMENT_3D('',#3510,#2840,#2841);
#2291=AXIS2_PLACEMENT_3D('',#3511,#2842,#2843);
#2292=AXIS2_PLACEMENT_3D('',#3512,#2844,#2845);
#2293=AXIS2_PLACEMENT_3D('',#3513,#2846,#2847);
#2294=AXIS2_PLACEMENT_3D('',#3514,#2848,#2849);
#2295=AXIS2_PLACEMENT_3D('',#3516,#2851,#2852);
#2296=AXIS2_PLACEMENT_3D('',#3517,#2853,#2854);
#2297=AXIS2_PLACEMENT_3D('',#3518,#2855,#2856);
#2298=AXIS2_PLACEMENT_3D('',#3519,#2857,#2858);
#2299=AXIS2_PLACEMENT_3D('',#3521,#2860,#2861);
#2300=AXIS2_PLACEMENT_3D('',#3522,#2862,#2863);
#2301=AXIS2_PLACEMENT_3D('',#3523,#2864,#2865);
#2302=AXIS2_PLACEMENT_3D('',#3524,#2866,#2867);
#2303=AXIS2_PLACEMENT_3D('',#3525,#2868,#2869);
#2304=AXIS2_PLACEMENT_3D('',#3526,#2870,#2871);
#2305=AXIS2_PLACEMENT_3D('',#3529,#2874,#2875);
#2306=AXIS2_PLACEMENT_3D('',#3532,#2878,#2879);
#2307=AXIS2_PLACEMENT_3D('',#3535,#2882,#2883);
#2308=AXIS2_PLACEMENT_3D('',#3538,#2886,#2887);
#2309=AXIS2_PLACEMENT_3D('',#3541,#2890,#2891);
#2310=AXIS2_PLACEMENT_3D('',#3544,#2894,#2895);
#2311=AXIS2_PLACEMENT_3D('',#3545,#2896,#2897);
#2312=AXIS2_PLACEMENT_3D('',#3546,#2898,#2899);
#2313=AXIS2_PLACEMENT_3D('',#3547,#2900,#2901);
#2314=AXIS2_PLACEMENT_3D('',#3548,#2902,#2903);
#2315=AXIS2_PLACEMENT_3D('',#3549,#2904,#2905);
#2316=AXIS2_PLACEMENT_3D('',#3550,#2906,#2907);
#2317=AXIS2_PLACEMENT_3D('',#3553,#2910,#2911);
#2318=AXIS2_PLACEMENT_3D('',#3556,#2914,#2915);
#2319=AXIS2_PLACEMENT_3D('',#3559,#2918,#2919);
#2320=AXIS2_PLACEMENT_3D('',#3562,#2922,#2923);
#2321=AXIS2_PLACEMENT_3D('',#3565,#2926,#2927);
#2322=AXIS2_PLACEMENT_3D('',#3568,#2930,#2931);
#2323=AXIS2_PLACEMENT_3D('',#3569,#2932,#2933);
#2324=AXIS2_PLACEMENT_3D('',#3570,#2934,#2935);
#2325=AXIS2_PLACEMENT_3D('',#3571,#2936,#2937);
#2326=AXIS2_PLACEMENT_3D('',#3572,#2938,#2939);
#2327=AXIS2_PLACEMENT_3D('',#3573,#2940,#2941);
#2328=AXIS2_PLACEMENT_3D('',#3574,#2942,#2943);
#2329=AXIS2_PLACEMENT_3D('',#3575,#2944,#2945);
#2330=AXIS2_PLACEMENT_3D('',#3576,#2946,#2947);
#2331=AXIS2_PLACEMENT_3D('',#3578,#2948,#2949);
#2332=AXIS2_PLACEMENT_3D('',#3579,#2950,#2951);
#2333=AXIS2_PLACEMENT_3D('',#3580,#2952,#2953);
#2334=AXIS2_PLACEMENT_3D('',#3582,#2954,#2955);
#2335=AXIS2_PLACEMENT_3D('',#3583,#2956,#2957);
#2336=AXIS2_PLACEMENT_3D('',#3585,#2959,#2960);
#2337=AXIS2_PLACEMENT_3D('',#3587,#2962,#2963);
#2338=AXIS2_PLACEMENT_3D('',#3589,#2965,#2966);
#2339=AXIS2_PLACEMENT_3D('',#3591,#2968,#2969);
#2340=AXIS2_PLACEMENT_3D('',#3592,#2970,#2971);
#2341=AXIS2_PLACEMENT_3D('',#3593,#2972,#2973);
#2342=AXIS2_PLACEMENT_3D('',#3594,#2974,#2975);
#2343=AXIS2_PLACEMENT_3D('',#3595,#2976,#2977);
#2344=AXIS2_PLACEMENT_3D('',#3597,#2979,#2980);
#2345=AXIS2_PLACEMENT_3D('',#3599,#2982,#2983);
#2346=AXIS2_PLACEMENT_3D('',#3601,#2985,#2986);
#2347=AXIS2_PLACEMENT_3D('',#3603,#2988,#2989);
#2348=AXIS2_PLACEMENT_3D('',#3604,#2990,#2991);
#2349=AXIS2_PLACEMENT_3D('',#3605,#2992,#2993);
#2350=AXIS2_PLACEMENT_3D('',#3606,#2994,#2995);
#2351=DIRECTION('',(0.,0.,1.));
#2352=DIRECTION('',(1.,0.,0.));
#2353=DIRECTION('',(0.,1.,0.));
#2354=DIRECTION('',(-1.,0.,0.));
#2355=DIRECTION('',(0.,-1.,0.));
#2356=DIRECTION('',(0.,0.,-1.));
#2357=DIRECTION('',(0.,0.,1.));
#2358=DIRECTION('',(0.,1.,0.));
#2359=DIRECTION('',(0.,0.,1.));
#2360=DIRECTION('',(-1.,0.,0.));
#2361=DIRECTION('',(0.,1.,0.));
#2362=DIRECTION('',(0.,0.,1.));
#2363=DIRECTION('',(0.,0.,-1.));
#2364=DIRECTION('',(0.,1.,0.));
#2365=DIRECTION('',(0.,0.,1.));
#2366=DIRECTION('',(-1.,0.,0.));
#2367=DIRECTION('',(0.,1.,0.));
#2368=DIRECTION('',(0.,0.,1.));
#2369=DIRECTION('',(0.,1.,0.));
#2370=DIRECTION('',(0.,0.,1.));
#2371=DIRECTION('',(0.,1.,0.));
#2372=DIRECTION('',(0.,0.,1.));
#2373=DIRECTION('',(0.,1.,0.));
#2374=DIRECTION('',(0.,0.,1.));
#2375=DIRECTION('',(0.,1.,0.));
#2376=DIRECTION('',(0.,0.,1.));
#2377=DIRECTION('',(0.,1.,0.));
#2378=DIRECTION('',(0.,0.,1.));
#2379=DIRECTION('',(1.,0.,0.));
#2380=DIRECTION('',(0.,1.,0.));
#2381=DIRECTION('',(0.,0.,1.));
#2382=DIRECTION('',(0.,1.,0.));
#2383=DIRECTION('',(0.,0.,1.));
#2384=DIRECTION('',(0.,1.,0.));
#2385=DIRECTION('',(0.,0.,1.));
#2386=DIRECTION('',(0.,1.,0.));
#2387=DIRECTION('',(0.,0.,1.));
#2388=DIRECTION('',(0.,1.,0.));
#2389=DIRECTION('',(0.,0.,1.));
#2390=DIRECTION('',(0.538066214159253,0.,-0.842902573955217));
#2391=DIRECTION('',(0.,1.,0.));
#2392=DIRECTION('',(0.,0.,1.));
#2393=DIRECTION('',(0.,1.,0.));
#2394=DIRECTION('',(0.,0.,1.));
#2395=DIRECTION('',(0.,1.,0.));
#2396=DIRECTION('',(0.,0.,1.));
#2397=DIRECTION('',(-0.535320732973763,0.,-0.844648869559673));
#2398=DIRECTION('',(0.,1.,0.));
#2399=DIRECTION('',(0.,0.,1.));
#2400=DIRECTION('',(-1.,0.,0.));
#2401=DIRECTION('',(0.,1.,0.));
#2402=DIRECTION('',(0.,0.,1.));
#2403=DIRECTION('',(0.,1.,0.));
#2404=DIRECTION('',(0.,0.,1.));
#2405=DIRECTION('',(-0.533739673378438,0.,-0.845648840277026));
#2406=DIRECTION('',(0.,-1.,0.));
#2407=DIRECTION('',(0.,0.,-1.));
#2408=DIRECTION('',(-0.779118639494677,0.,0.626876499473353));
#2409=DIRECTION('',(0.,1.,0.));
#2410=DIRECTION('',(0.,0.,1.));
#2411=DIRECTION('',(0.,0.,-1.));
#2412=DIRECTION('',(0.,1.,0.));
#2413=DIRECTION('',(0.,0.,1.));
#2414=DIRECTION('',(-0.591300485227042,0.,0.806451322877125));
#2415=DIRECTION('',(0.591300485227042,0.,0.806451322877125));
#2416=DIRECTION('',(0.,1.,0.));
#2417=DIRECTION('',(0.,0.,1.));
#2418=DIRECTION('',(-1.,0.,0.));
#2419=DIRECTION('',(0.,1.,0.));
#2420=DIRECTION('',(0.,0.,1.));
#2421=DIRECTION('',(0.,0.,1.));
#2422=DIRECTION('',(0.,1.,0.));
#2423=DIRECTION('',(0.,0.,1.));
#2424=DIRECTION('',(-1.,0.,0.));
#2425=DIRECTION('',(0.,1.,0.));
#2426=DIRECTION('',(0.,0.,1.));
#2427=DIRECTION('',(-1.,0.,0.));
#2428=DIRECTION('',(0.,1.,0.));
#2429=DIRECTION('',(0.,0.,1.));
#2430=DIRECTION('',(0.,0.,1.));
#2431=DIRECTION('',(0.,1.,0.));
#2432=DIRECTION('',(0.,0.,1.));
#2433=DIRECTION('',(-1.,0.,0.));
#2434=DIRECTION('',(0.,1.,0.));
#2435=DIRECTION('',(0.,0.,1.));
#2436=DIRECTION('',(-1.,0.,0.));
#2437=DIRECTION('',(0.,0.,1.));
#2438=DIRECTION('',(0.,0.,1.));
#2439=DIRECTION('',(0.,-1.,0.));
#2440=DIRECTION('',(0.,-1.,0.));
#2441=DIRECTION('',(-1.,0.,0.));
#2442=DIRECTION('',(0.,0.,1.));
#2443=DIRECTION('',(0.,0.,1.));
#2444=DIRECTION('',(0.,-1.,0.));
#2445=DIRECTION('',(0.,-1.,0.));
#2446=DIRECTION('',(0.,1.,0.));
#2447=DIRECTION('',(0.,0.,1.));
#2448=DIRECTION('',(0.,1.,0.));
#2449=DIRECTION('',(0.,1.,0.));
#2450=DIRECTION('',(0.,0.,1.));
#2451=DIRECTION('',(0.,-1.,0.));
#2452=DIRECTION('',(0.,1.,0.));
#2453=DIRECTION('',(1.,0.,0.));
#2454=DIRECTION('',(0.,-1.,0.));
#2455=DIRECTION('',(0.,0.,-1.));
#2456=DIRECTION('',(0.,-1.,0.));
#2457=DIRECTION('',(0.,0.,-1.));
#2458=DIRECTION('',(0.,1.,0.));
#2459=DIRECTION('',(0.,0.,1.));
#2460=DIRECTION('',(-1.,0.,0.));
#2461=DIRECTION('',(0.,1.,0.));
#2462=DIRECTION('',(0.,0.,1.));
#2463=DIRECTION('',(0.,1.,0.));
#2464=DIRECTION('',(0.,0.,1.));
#2465=DIRECTION('',(-0.533739673378437,0.,0.845648840277026));
#2466=DIRECTION('',(0.,1.,0.));
#2467=DIRECTION('',(0.,0.,1.));
#2468=DIRECTION('',(0.779118639494676,0.,0.626876499473353));
#2469=DIRECTION('',(0.,-1.,0.));
#2470=DIRECTION('',(0.,0.,-1.));
#2471=DIRECTION('',(0.,0.,-1.));
#2472=DIRECTION('',(0.,-1.,0.));
#2473=DIRECTION('',(0.,0.,-1.));
#2474=DIRECTION('',(-0.591300485227042,0.,-0.806451322877125));
#2475=DIRECTION('',(-0.591300485227042,0.,0.806451322877125));
#2476=DIRECTION('',(0.,1.,0.));
#2477=DIRECTION('',(0.,0.,1.));
#2478=DIRECTION('',(-1.,0.,0.));
#2479=DIRECTION('',(0.,-1.,0.));
#2480=DIRECTION('',(0.,0.,-1.));
#2481=DIRECTION('',(1.,0.,0.));
#2482=DIRECTION('',(0.,1.,0.));
#2483=DIRECTION('',(0.,0.,1.));
#2484=DIRECTION('',(0.,0.,1.));
#2485=DIRECTION('',(0.,1.,0.));
#2486=DIRECTION('',(0.,0.,1.));
#2487=DIRECTION('',(1.,0.,0.));
#2488=DIRECTION('',(0.,1.,0.));
#2489=DIRECTION('',(0.,0.,1.));
#2490=DIRECTION('',(0.,0.,-1.));
#2491=DIRECTION('',(0.,1.,0.));
#2492=DIRECTION('',(0.,0.,1.));
#2493=DIRECTION('',(1.,0.,0.));
#2494=DIRECTION('',(0.,-1.,0.));
#2495=DIRECTION('',(0.,0.,-1.));
#2496=DIRECTION('',(-1.,0.,0.));
#2497=DIRECTION('',(0.,1.,0.));
#2498=DIRECTION('',(0.,0.,1.));
#2499=DIRECTION('',(4.73830259354361E-16,0.,-1.));
#2500=DIRECTION('',(0.,1.,0.));
#2501=DIRECTION('',(0.,0.,1.));
#2502=DIRECTION('',(-1.,0.,0.));
#2503=DIRECTION('',(0.,-1.,0.));
#2504=DIRECTION('',(0.,0.,1.));
#2505=DIRECTION('',(-1.,0.,0.));
#2506=DIRECTION('',(0.,1.,0.));
#2507=DIRECTION('',(0.,0.,1.));
#2508=DIRECTION('',(4.73830259354361E-16,0.,-1.));
#2509=DIRECTION('',(0.,1.,0.));
#2510=DIRECTION('',(0.,0.,1.));
#2511=DIRECTION('',(-1.,0.,0.));
#2512=DIRECTION('',(0.,-1.,0.));
#2513=DIRECTION('',(0.,0.,1.));
#2514=DIRECTION('',(0.,-1.,0.));
#2515=DIRECTION('',(0.,0.,1.));
#2516=DIRECTION('',(0.,-1.,0.));
#2517=DIRECTION('',(0.,0.,1.));
#2518=DIRECTION('',(-1.,0.,0.));
#2519=DIRECTION('',(0.,1.,0.));
#2520=DIRECTION('',(0.,0.,1.));
#2521=DIRECTION('',(0.,-1.,0.));
#2522=DIRECTION('',(0.,0.,-1.));
#2523=DIRECTION('',(0.,1.,0.));
#2524=DIRECTION('',(0.,0.,1.));
#2525=DIRECTION('',(0.,-1.,0.));
#2526=DIRECTION('',(0.,0.,-1.));
#2527=DIRECTION('',(0.,1.,0.));
#2528=DIRECTION('',(0.,0.,1.));
#2529=DIRECTION('',(-0.538066214159253,0.,-0.842902573955216));
#2530=DIRECTION('',(0.,1.,0.));
#2531=DIRECTION('',(0.,0.,1.));
#2532=DIRECTION('',(0.,-1.,0.));
#2533=DIRECTION('',(0.,0.,-1.));
#2534=DIRECTION('',(0.,1.,0.));
#2535=DIRECTION('',(0.,0.,1.));
#2536=DIRECTION('',(0.535320732973763,0.,-0.844648869559673));
#2537=DIRECTION('',(0.,1.,0.));
#2538=DIRECTION('',(0.,0.,1.));
#2539=DIRECTION('',(0.,1.,0.));
#2540=DIRECTION('',(1.,0.,0.));
#2541=DIRECTION('',(0.,1.,0.));
#2542=DIRECTION('',(0.,0.,1.));
#2543=DIRECTION('',(0.,1.,0.));
#2544=DIRECTION('',(0.,0.,1.));
#2545=DIRECTION('',(0.,1.,0.));
#2546=DIRECTION('',(0.,0.,1.));
#2547=DIRECTION('',(0.,-1.,0.));
#2548=DIRECTION('',(0.,0.,1.));
#2549=DIRECTION('',(0.,-1.,0.));
#2550=DIRECTION('',(0.,0.,1.));
#2551=DIRECTION('',(0.,-1.,0.));
#2552=DIRECTION('',(0.,0.,1.));
#2553=DIRECTION('',(1.,0.,0.));
#2554=DIRECTION('',(0.,1.,0.));
#2555=DIRECTION('',(0.,0.,1.));
#2556=DIRECTION('',(0.,0.,1.));
#2557=DIRECTION('',(0.,1.,0.));
#2558=DIRECTION('',(0.,0.,1.));
#2559=DIRECTION('',(1.,0.,0.));
#2560=DIRECTION('',(0.,1.,0.));
#2561=DIRECTION('',(0.,0.,1.));
#2562=DIRECTION('',(0.,0.,-1.));
#2563=DIRECTION('',(0.,1.,0.));
#2564=DIRECTION('',(0.,0.,1.));
#2565=DIRECTION('',(0.,1.,0.));
#2566=DIRECTION('',(0.,0.,1.));
#2567=DIRECTION('',(0.,-1.,0.));
#2568=DIRECTION('',(0.,0.,-1.));
#2569=DIRECTION('',(0.,1.,0.));
#2570=DIRECTION('',(0.,0.,1.));
#2571=DIRECTION('',(0.,1.,0.));
#2572=DIRECTION('',(0.,0.,1.));
#2573=DIRECTION('',(0.,1.,0.));
#2574=DIRECTION('',(0.,0.,1.));
#2575=DIRECTION('',(0.,1.,0.));
#2576=DIRECTION('',(0.,0.,1.));
#2577=DIRECTION('',(1.,0.,0.));
#2578=DIRECTION('',(0.,1.,0.));
#2579=DIRECTION('',(0.,0.,1.));
#2580=DIRECTION('',(-0.535320732973763,0.,0.844648869559673));
#2581=DIRECTION('',(0.,1.,0.));
#2582=DIRECTION('',(0.,0.,1.));
#2583=DIRECTION('',(0.,1.,0.));
#2584=DIRECTION('',(0.,0.,1.));
#2585=DIRECTION('',(0.,1.,0.));
#2586=DIRECTION('',(0.,0.,1.));
#2587=DIRECTION('',(0.538066214159253,0.,0.842902573955216));
#2588=DIRECTION('',(0.,1.,0.));
#2589=DIRECTION('',(0.,0.,1.));
#2590=DIRECTION('',(0.,1.,0.));
#2591=DIRECTION('',(0.,0.,1.));
#2592=DIRECTION('',(0.,1.,0.));
#2593=DIRECTION('',(0.,0.,1.));
#2594=DIRECTION('',(1.,0.,0.));
#2595=DIRECTION('',(0.,-1.,0.));
#2596=DIRECTION('',(0.,0.,1.));
#2597=DIRECTION('',(1.,0.,0.));
#2598=DIRECTION('',(0.,1.,0.));
#2599=DIRECTION('',(0.,0.,1.));
#2600=DIRECTION('',(4.73830259354361E-16,0.,-1.));
#2601=DIRECTION('',(0.,1.,0.));
#2602=DIRECTION('',(0.,0.,1.));
#2603=DIRECTION('',(1.,0.,0.));
#2604=DIRECTION('',(0.,-1.,0.));
#2605=DIRECTION('',(0.,0.,1.));
#2606=DIRECTION('',(1.,0.,0.));
#2607=DIRECTION('',(0.,1.,0.));
#2608=DIRECTION('',(0.,0.,1.));
#2609=DIRECTION('',(4.73830259354361E-16,0.,-1.));
#2610=DIRECTION('',(0.,1.,0.));
#2611=DIRECTION('',(0.,0.,1.));
#2612=DIRECTION('',(-1.,0.,0.));
#2613=DIRECTION('',(0.,-1.,0.));
#2614=DIRECTION('',(0.,0.,1.));
#2615=DIRECTION('',(-0.591300485227042,0.,0.806451322877125));
#2616=DIRECTION('',(0.,1.,0.));
#2617=DIRECTION('',(0.,0.,1.));
#2618=DIRECTION('',(0.,0.,-1.));
#2619=DIRECTION('',(0.,1.,0.));
#2620=DIRECTION('',(0.,0.,1.));
#2621=DIRECTION('',(0.779118639494676,0.,0.626876499473353));
#2622=DIRECTION('',(0.,1.,0.));
#2623=DIRECTION('',(0.,0.,1.));
#2624=DIRECTION('',(-0.533739673378437,0.,0.845648840277026));
#2625=DIRECTION('',(1.,0.,4.73830259354361E-16));
#2626=DIRECTION('',(4.73830259354361E-16,0.,-1.));
#2627=DIRECTION('',(0.,-1.,0.));
#2628=DIRECTION('',(0.,-1.,0.));
#2629=DIRECTION('',(0.,1.,0.));
#2630=DIRECTION('',(-1.,0.,0.));
#2631=DIRECTION('',(0.,-1.,0.));
#2632=DIRECTION('',(0.,0.,-1.));
#2633=DIRECTION('',(0.,-1.,0.));
#2634=DIRECTION('',(0.,0.,-1.));
#2635=DIRECTION('',(0.,1.,0.));
#2636=DIRECTION('',(0.,0.,1.));
#2637=DIRECTION('',(0.,1.,0.));
#2638=DIRECTION('',(0.,0.,1.));
#2639=DIRECTION('',(0.,1.,0.));
#2640=DIRECTION('',(0.,0.,1.));
#2641=DIRECTION('',(0.,0.,-1.));
#2642=DIRECTION('',(0.,1.,0.));
#2643=DIRECTION('',(0.,0.,1.));
#2644=DIRECTION('',(-1.,0.,0.));
#2645=DIRECTION('',(0.,1.,0.));
#2646=DIRECTION('',(0.,0.,1.));
#2647=DIRECTION('',(0.,0.,1.));
#2648=DIRECTION('',(0.,1.,0.));
#2649=DIRECTION('',(0.,0.,1.));
#2650=DIRECTION('',(-1.,0.,0.));
#2651=DIRECTION('',(0.,1.,0.));
#2652=DIRECTION('',(0.,0.,1.));
#2653=DIRECTION('',(0.,1.,0.));
#2654=DIRECTION('',(0.,0.,1.));
#2655=DIRECTION('',(1.,0.,0.));
#2656=DIRECTION('',(0.,1.,0.));
#2657=DIRECTION('',(0.,0.,1.));
#2658=DIRECTION('',(1.,0.,0.));
#2659=DIRECTION('',(0.,1.,0.));
#2660=DIRECTION('',(0.,0.,1.));
#2661=DIRECTION('',(0.,1.,0.));
#2662=DIRECTION('',(0.,0.,1.));
#2663=DIRECTION('',(1.,0.,0.));
#2664=DIRECTION('',(0.,1.,0.));
#2665=DIRECTION('',(0.,0.,1.));
#2666=DIRECTION('',(1.,0.,0.));
#2667=DIRECTION('',(0.,1.,0.));
#2668=DIRECTION('',(0.,0.,1.));
#2669=DIRECTION('',(0.,1.,0.));
#2670=DIRECTION('',(0.,0.,1.));
#2671=DIRECTION('',(1.,0.,0.));
#2672=DIRECTION('',(0.,1.,0.));
#2673=DIRECTION('',(0.,0.,-1.));
#2674=DIRECTION('',(0.591300485227042,0.,0.806451322877125));
#2675=DIRECTION('',(0.,-1.,0.));
#2676=DIRECTION('',(0.,0.,-1.));
#2677=DIRECTION('',(0.,0.,-1.));
#2678=DIRECTION('',(0.,-1.,0.));
#2679=DIRECTION('',(0.,0.,-1.));
#2680=DIRECTION('',(-0.779118639494677,0.,0.626876499473353));
#2681=DIRECTION('',(0.,-1.,0.));
#2682=DIRECTION('',(0.,0.,-1.));
#2683=DIRECTION('',(0.533739673378438,0.,0.845648840277026));
#2684=DIRECTION('',(0.,1.,0.));
#2685=DIRECTION('',(0.,0.,1.));
#2686=DIRECTION('',(0.,1.,0.));
#2687=DIRECTION('',(0.,0.,1.));
#2688=DIRECTION('',(0.,-1.,0.));
#2689=DIRECTION('',(0.,0.,-1.));
#2690=DIRECTION('',(0.,1.,0.));
#2691=DIRECTION('',(0.,0.,1.));
#2692=DIRECTION('',(0.,1.,0.));
#2693=DIRECTION('',(0.,0.,1.));
#2694=DIRECTION('',(1.,0.,0.));
#2695=DIRECTION('',(0.,1.,0.));
#2696=DIRECTION('',(0.,0.,1.));
#2697=DIRECTION('',(-0.535320732973763,0.,-0.844648869559673));
#2698=DIRECTION('',(0.,1.,0.));
#2699=DIRECTION('',(0.,0.,1.));
#2700=DIRECTION('',(0.,1.,0.));
#2701=DIRECTION('',(0.,0.,1.));
#2702=DIRECTION('',(0.,1.,0.));
#2703=DIRECTION('',(0.,0.,1.));
#2704=DIRECTION('',(0.538066214159253,0.,-0.842902573955217));
#2705=DIRECTION('',(0.,1.,0.));
#2706=DIRECTION('',(0.,0.,1.));
#2707=DIRECTION('',(0.,1.,0.));
#2708=DIRECTION('',(0.,0.,1.));
#2709=DIRECTION('',(0.,1.,0.));
#2710=DIRECTION('',(0.,0.,1.));
#2711=DIRECTION('',(0.,1.,0.));
#2712=DIRECTION('',(0.,0.,1.));
#2713=DIRECTION('',(0.,1.,0.));
#2714=DIRECTION('',(0.,-1.,0.));
#2715=DIRECTION('',(0.,1.,0.));
#2716=DIRECTION('',(0.,1.,0.));
#2717=DIRECTION('',(0.,-1.,0.));
#2718=DIRECTION('',(0.,0.,-1.));
#2719=DIRECTION('',(0.,1.,0.));
#2720=DIRECTION('',(0.,1.,0.));
#2721=DIRECTION('',(0.806451322877125,0.,-0.591300485227042));
#2722=DIRECTION('',(-0.591300485227042,0.,-0.806451322877125));
#2723=DIRECTION('',(0.,1.,0.));
#2724=DIRECTION('',(0.,-1.,0.));
#2725=DIRECTION('',(0.,-1.,0.));
#2726=DIRECTION('',(0.,1.,0.));
#2727=DIRECTION('',(0.,0.,1.));
#2728=DIRECTION('',(0.,1.,0.));
#2729=DIRECTION('',(0.,0.,-1.));
#2730=DIRECTION('',(-1.,0.,0.));
#2731=DIRECTION('',(0.,-1.,0.));
#2732=DIRECTION('',(0.,-1.,0.));
#2733=DIRECTION('',(0.,-1.,0.));
#2734=DIRECTION('',(0.,0.,-1.));
#2735=DIRECTION('',(0.,1.,0.));
#2736=DIRECTION('',(0.,0.,1.));
#2737=DIRECTION('',(0.,-1.,0.));
#2738=DIRECTION('',(0.,-1.,0.));
#2739=DIRECTION('',(0.,1.,0.));
#2740=DIRECTION('',(0.,0.,1.));
#2741=DIRECTION('',(0.,-1.,0.));
#2742=DIRECTION('',(0.,-1.,0.));
#2743=DIRECTION('',(1.,0.,0.));
#2744=DIRECTION('',(0.,0.,1.));
#2745=DIRECTION('',(0.,1.,0.));
#2746=DIRECTION('',(0.,1.,0.));
#2747=DIRECTION('',(0.,0.,-1.));
#2748=DIRECTION('',(1.,0.,0.));
#2749=DIRECTION('',(0.,1.,0.));
#2750=DIRECTION('',(0.,1.,0.));
#2751=DIRECTION('',(-1.,0.,0.));
#2752=DIRECTION('',(0.,0.,-1.));
#2753=DIRECTION('',(0.,1.,0.));
#2754=DIRECTION('',(0.,1.,0.));
#2755=DIRECTION('',(0.,0.,-1.));
#2756=DIRECTION('',(1.,0.,0.));
#2757=DIRECTION('',(0.,1.,0.));
#2758=DIRECTION('',(0.,1.,0.));
#2759=DIRECTION('',(0.,1.,0.));
#2760=DIRECTION('',(0.,0.,1.));
#2761=DIRECTION('',(0.,1.,0.));
#2762=DIRECTION('',(0.,0.,1.));
#2763=DIRECTION('',(0.,1.,0.));
#2764=DIRECTION('',(0.,0.,1.));
#2765=DIRECTION('',(0.,-1.,0.));
#2766=DIRECTION('',(0.,-1.,0.));
#2767=DIRECTION('',(0.,1.,0.));
#2768=DIRECTION('',(0.,0.,1.));
#2769=DIRECTION('',(0.,-1.,0.));
#2770=DIRECTION('',(0.,-1.,0.));
#2771=DIRECTION('',(-1.,0.,0.));
#2772=DIRECTION('',(0.,0.,1.));
#2773=DIRECTION('',(0.,1.,0.));
#2774=DIRECTION('',(0.,1.,0.));
#2775=DIRECTION('',(0.,0.,-1.));
#2776=DIRECTION('',(-1.,0.,0.));
#2777=DIRECTION('',(0.,1.,0.));
#2778=DIRECTION('',(0.,1.,0.));
#2779=DIRECTION('',(1.,0.,0.));
#2780=DIRECTION('',(0.,0.,-1.));
#2781=DIRECTION('',(0.,1.,0.));
#2782=DIRECTION('',(0.,1.,0.));
#2783=DIRECTION('',(0.,0.,-1.));
#2784=DIRECTION('',(-1.,0.,0.));
#2785=DIRECTION('',(0.,1.,0.));
#2786=DIRECTION('',(0.,1.,0.));
#2787=DIRECTION('',(0.,1.,0.));
#2788=DIRECTION('',(0.,0.,1.));
#2789=DIRECTION('',(0.,1.,0.));
#2790=DIRECTION('',(0.,0.,1.));
#2791=DIRECTION('',(0.,-1.,0.));
#2792=DIRECTION('',(0.,0.,-1.));
#2793=DIRECTION('',(0.,-1.,0.));
#2794=DIRECTION('',(0.,0.,-1.));
#2795=DIRECTION('',(0.,1.,0.));
#2796=DIRECTION('',(0.,0.,1.));
#2797=DIRECTION('',(0.,1.,0.));
#2798=DIRECTION('',(0.,0.,1.));
#2799=DIRECTION('',(0.,-1.,0.));
#2800=DIRECTION('',(0.,0.,-1.));
#2801=DIRECTION('',(0.,0.,-1.));
#2802=DIRECTION('',(-1.,0.,0.));
#2803=DIRECTION('',(0.,1.,0.));
#2804=DIRECTION('',(0.,1.,0.));
#2805=DIRECTION('',(0.845648840277026,0.,-0.533739673378438));
#2806=DIRECTION('',(-0.533739673378438,0.,-0.845648840277026));
#2807=DIRECTION('',(0.,-1.,0.));
#2808=DIRECTION('',(-0.845648840277026,0.,-0.533739673378437));
#2809=DIRECTION('',(-0.533739673378437,0.,0.845648840277026));
#2810=DIRECTION('',(0.,1.,0.));
#2811=DIRECTION('',(0.,1.,0.));
#2812=DIRECTION('',(0.626876499473353,0.,0.779118639494677));
#2813=DIRECTION('',(0.779118639494677,0.,-0.626876499473353));
#2814=DIRECTION('',(0.,-1.,0.));
#2815=DIRECTION('',(0.,-1.,0.));
#2816=DIRECTION('',(0.,0.,-1.));
#2817=DIRECTION('',(0.,-1.,0.));
#2818=DIRECTION('',(0.,0.,-1.));
#2819=DIRECTION('',(-0.626876499473353,0.,0.779118639494676));
#2820=DIRECTION('',(0.779118639494676,0.,0.626876499473353));
#2821=DIRECTION('',(0.,1.,0.));
#2822=DIRECTION('',(0.,1.,0.));
#2823=DIRECTION('',(0.,0.,1.));
#2824=DIRECTION('',(0.,1.,0.));
#2825=DIRECTION('',(0.,0.,1.));
#2826=DIRECTION('',(0.,1.,0.));
#2827=DIRECTION('',(0.,0.,-1.));
#2828=DIRECTION('',(1.,0.,4.73830259354361E-16));
#2829=DIRECTION('',(4.73830259354361E-16,0.,-1.));
#2830=DIRECTION('',(0.,-1.,0.));
#2831=DIRECTION('',(0.,1.,0.));
#2832=DIRECTION('',(0.,-1.,0.));
#2833=DIRECTION('',(0.,0.,-1.));
#2834=DIRECTION('',(0.,1.,0.));
#2835=DIRECTION('',(0.,0.,1.));
#2836=DIRECTION('',(0.,1.,0.));
#2837=DIRECTION('',(0.,0.,1.));
#2838=DIRECTION('',(0.,-1.,0.));
#2839=DIRECTION('',(0.,0.,-1.));
#2840=DIRECTION('',(0.,-1.,0.));
#2841=DIRECTION('',(0.,0.,-1.));
#2842=DIRECTION('',(0.,1.,0.));
#2843=DIRECTION('',(0.,0.,1.));
#2844=DIRECTION('',(0.,-1.,0.));
#2845=DIRECTION('',(0.,0.,-1.));
#2846=DIRECTION('',(0.,1.,0.));
#2847=DIRECTION('',(0.,0.,1.));
#2848=DIRECTION('',(0.,-1.,0.));
#2849=DIRECTION('',(0.,0.,-1.));
#2850=DIRECTION('',(0.,-1.,0.));
#2851=DIRECTION('',(0.,1.,0.));
#2852=DIRECTION('',(0.,0.,1.));
#2853=DIRECTION('',(0.,-1.,0.));
#2854=DIRECTION('',(0.,0.,-1.));
#2855=DIRECTION('',(0.,-1.,0.));
#2856=DIRECTION('',(0.,0.,-1.));
#2857=DIRECTION('',(0.,1.,0.));
#2858=DIRECTION('',(0.,0.,1.));
#2859=DIRECTION('',(0.,1.,0.));
#2860=DIRECTION('',(0.,-1.,0.));
#2861=DIRECTION('',(0.,0.,-1.));
#2862=DIRECTION('',(1.,0.,0.));
#2863=DIRECTION('',(0.,0.,-1.));
#2864=DIRECTION('',(-0.806451322877125,0.,-0.591300485227042));
#2865=DIRECTION('',(-0.591300485227042,0.,0.806451322877125));
#2866=DIRECTION('',(1.,0.,0.));
#2867=DIRECTION('',(0.,0.,-1.));
#2868=DIRECTION('',(0.,-1.,0.));
#2869=DIRECTION('',(0.,0.,-1.));
#2870=DIRECTION('',(0.,1.,0.));
#2871=DIRECTION('',(0.,0.,1.));
#2872=DIRECTION('',(0.,1.,0.));
#2873=DIRECTION('',(0.,1.,0.));
#2874=DIRECTION('',(0.,0.,1.));
#2875=DIRECTION('',(1.,0.,0.));
#2876=DIRECTION('',(0.,1.,0.));
#2877=DIRECTION('',(0.,1.,0.));
#2878=DIRECTION('',(0.844648869559673,0.,-0.535320732973763));
#2879=DIRECTION('',(-0.535320732973763,0.,-0.844648869559673));
#2880=DIRECTION('',(0.,1.,0.));
#2881=DIRECTION('',(0.,1.,0.));
#2882=DIRECTION('',(0.,1.,0.));
#2883=DIRECTION('',(0.,0.,1.));
#2884=DIRECTION('',(0.,1.,0.));
#2885=DIRECTION('',(0.,1.,0.));
#2886=DIRECTION('',(0.842902573955217,0.,0.538066214159253));
#2887=DIRECTION('',(0.538066214159253,0.,-0.842902573955217));
#2888=DIRECTION('',(0.,-1.,0.));
#2889=DIRECTION('',(0.,-1.,0.));
#2890=DIRECTION('',(0.,1.,0.));
#2891=DIRECTION('',(0.,0.,1.));
#2892=DIRECTION('',(0.,1.,0.));
#2893=DIRECTION('',(0.,1.,0.));
#2894=DIRECTION('',(0.,1.,0.));
#2895=DIRECTION('',(0.,0.,1.));
#2896=DIRECTION('',(0.,1.,0.));
#2897=DIRECTION('',(0.,0.,1.));
#2898=DIRECTION('',(0.,1.,0.));
#2899=DIRECTION('',(0.,0.,1.));
#2900=DIRECTION('',(0.,1.,0.));
#2901=DIRECTION('',(0.,0.,1.));
#2902=DIRECTION('',(0.,-1.,0.));
#2903=DIRECTION('',(0.,0.,-1.));
#2904=DIRECTION('',(0.,-1.,0.));
#2905=DIRECTION('',(0.,0.,-1.));
#2906=DIRECTION('',(0.,-1.,0.));
#2907=DIRECTION('',(0.,0.,-1.));
#2908=DIRECTION('',(0.,-1.,0.));
#2909=DIRECTION('',(0.,-1.,0.));
#2910=DIRECTION('',(0.,0.,1.));
#2911=DIRECTION('',(1.,0.,0.));
#2912=DIRECTION('',(0.,-1.,0.));
#2913=DIRECTION('',(0.,-1.,0.));
#2914=DIRECTION('',(-0.844648869559673,0.,-0.535320732973763));
#2915=DIRECTION('',(-0.535320732973763,0.,0.844648869559673));
#2916=DIRECTION('',(0.,-1.,0.));
#2917=DIRECTION('',(0.,-1.,0.));
#2918=DIRECTION('',(0.,-1.,0.));
#2919=DIRECTION('',(0.,0.,-1.));
#2920=DIRECTION('',(0.,-1.,0.));
#2921=DIRECTION('',(0.,-1.,0.));
#2922=DIRECTION('',(-0.842902573955216,0.,0.538066214159253));
#2923=DIRECTION('',(0.538066214159253,0.,0.842902573955216));
#2924=DIRECTION('',(0.,1.,0.));
#2925=DIRECTION('',(0.,1.,0.));
#2926=DIRECTION('',(0.,-1.,0.));
#2927=DIRECTION('',(0.,0.,-1.));
#2928=DIRECTION('',(0.,-1.,0.));
#2929=DIRECTION('',(0.,-1.,0.));
#2930=DIRECTION('',(0.,-1.,0.));
#2931=DIRECTION('',(0.,0.,-1.));
#2932=DIRECTION('',(0.,-1.,0.));
#2933=DIRECTION('',(0.,0.,-1.));
#2934=DIRECTION('',(0.,-1.,0.));
#2935=DIRECTION('',(0.,0.,-1.));
#2936=DIRECTION('',(0.,-1.,0.));
#2937=DIRECTION('',(0.,0.,-1.));
#2938=DIRECTION('',(0.,-1.,0.));
#2939=DIRECTION('',(0.,0.,-1.));
#2940=DIRECTION('',(0.,1.,0.));
#2941=DIRECTION('',(0.,0.,1.));
#2942=DIRECTION('',(0.,1.,0.));
#2943=DIRECTION('',(0.,0.,1.));
#2944=DIRECTION('',(0.,-1.,0.));
#2945=DIRECTION('',(0.,0.,-1.));
#2946=DIRECTION('',(0.,-1.,0.));
#2947=DIRECTION('',(0.,0.,-1.));
#2948=DIRECTION('',(0.,1.,0.));
#2949=DIRECTION('',(-1.,0.,0.));
#2950=DIRECTION('',(0.,-1.,0.));
#2951=DIRECTION('',(0.,0.,-1.));
#2952=DIRECTION('',(0.,-1.,0.));
#2953=DIRECTION('',(0.,0.,-1.));
#2954=DIRECTION('',(0.,1.,0.));
#2955=DIRECTION('',(-1.,0.,0.));
#2956=DIRECTION('',(0.,0.,1.));
#2957=DIRECTION('',(1.,0.,0.));
#2958=DIRECTION('',(0.,-1.,0.));
#2959=DIRECTION('',(0.,0.,1.));
#2960=DIRECTION('',(1.,0.,0.));
#2961=DIRECTION('',(0.,-1.,0.));
#2962=DIRECTION('',(0.,0.,1.));
#2963=DIRECTION('',(1.,0.,0.));
#2964=DIRECTION('',(0.,-1.,0.));
#2965=DIRECTION('',(0.,0.,1.));
#2966=DIRECTION('',(1.,0.,0.));
#2967=DIRECTION('',(0.,-1.,0.));
#2968=DIRECTION('',(0.,-1.,0.));
#2969=DIRECTION('',(0.,0.,-1.));
#2970=DIRECTION('',(0.,-1.,0.));
#2971=DIRECTION('',(0.,0.,-1.));
#2972=DIRECTION('',(0.,1.,0.));
#2973=DIRECTION('',(0.,0.,1.));
#2974=DIRECTION('',(0.,-1.,0.));
#2975=DIRECTION('',(0.,0.,-1.));
#2976=DIRECTION('',(0.,0.,-1.));
#2977=DIRECTION('',(-1.,0.,0.));
#2978=DIRECTION('',(0.,-1.,0.));
#2979=DIRECTION('',(0.,0.,-1.));
#2980=DIRECTION('',(-1.,0.,0.));
#2981=DIRECTION('',(0.,-1.,0.));
#2982=DIRECTION('',(0.,0.,-1.));
#2983=DIRECTION('',(-1.,0.,0.));
#2984=DIRECTION('',(0.,-1.,0.));
#2985=DIRECTION('',(0.,0.,-1.));
#2986=DIRECTION('',(-1.,0.,0.));
#2987=DIRECTION('',(0.,-1.,0.));
#2988=DIRECTION('',(0.,1.,0.));
#2989=DIRECTION('',(0.,0.,1.));
#2990=DIRECTION('',(0.,1.,0.));
#2991=DIRECTION('',(0.,0.,1.));
#2992=DIRECTION('',(0.,-1.,0.));
#2993=DIRECTION('',(0.,0.,-1.));
#2994=DIRECTION('',(0.,1.,0.));
#2995=DIRECTION('',(0.,0.,1.));
#2996=CARTESIAN_POINT('',(0.,0.,0.));
#2997=CARTESIAN_POINT('',(0.0245266548842191,0.0118486,0.0837993198678487));
#2998=CARTESIAN_POINT('',(0.0340877863527082,0.0118486,0.0425269117878193));
#2999=CARTESIAN_POINT('',(0.0340877863527082,0.0118486,0.0403769117878193));
#3000=CARTESIAN_POINT('',(0.0117999765540613,0.0118486,0.0753963769961301));
#3001=CARTESIAN_POINT('',(0.0117999765540613,0.0118486,0.0738963769961301));
#3002=CARTESIAN_POINT('',(0.0117999765540613,0.0118486,0.0918963769961301));
#3003=CARTESIAN_POINT('',(0.0127999765540613,0.0118486,0.0738963769961301));
#3004=CARTESIAN_POINT('',(0.0127999765540613,0.0118486,0.0728963769961301));
#3005=CARTESIAN_POINT('',(0.0498999765540613,0.0118486,0.0728963769961301));
#3006=CARTESIAN_POINT('',(0.0527999765540613,0.0118486,0.0728963769961301));
#3007=CARTESIAN_POINT('',(0.0527999765540613,0.0118486,0.0738963769961301));
#3008=CARTESIAN_POINT('',(0.0537999765540613,0.0118486,0.0738963769961301));
#3009=CARTESIAN_POINT('',(0.0537999765540613,0.0118486,0.0753963769961301));
#3010=CARTESIAN_POINT('',(0.0537999765540613,0.0118486,0.0918963769961301));
#3011=CARTESIAN_POINT('',(0.0527999765540613,0.0118486,0.0918963769961301));
#3012=CARTESIAN_POINT('',(0.0527999765540613,0.0118486,0.0928963769961301));
#3013=CARTESIAN_POINT('',(0.0234999765540613,0.0118486,0.0928963769961301));
#3014=CARTESIAN_POINT('',(0.0127999765540613,0.0118486,0.0928963769961301));
#3015=CARTESIAN_POINT('',(0.0127999765540613,0.0118486,0.0918963769961301));
#3016=CARTESIAN_POINT('',(0.00879997655406131,0.0118486,0.0778963769961301));
#3017=CARTESIAN_POINT('',(0.00879997655406131,0.0118486,0.0797963769961301));
#3018=CARTESIAN_POINT('',(0.00879997655406131,0.0118486,0.0878963769961301));
#3019=CARTESIAN_POINT('',(0.00879997655406131,0.0118486,0.0897963769961301));
#3020=CARTESIAN_POINT('',(0.0380999765540613,0.0118486,0.0678963769961301));
#3021=CARTESIAN_POINT('',(0.0380999765540613,0.0118486,0.0700463769961301));
#3022=CARTESIAN_POINT('',(0.0330999765540613,0.0118486,0.0978963769961301));
#3023=CARTESIAN_POINT('',(0.0330999765540613,0.0118486,0.10004637699613));
#3024=CARTESIAN_POINT('',(0.023,0.0118486,0.0598963793556104));
#3025=CARTESIAN_POINT('',(0.023,0.0118486,0.0668963793556104));
#3026=CARTESIAN_POINT('',(0.0466331988549135,0.0118486,0.0678963769961301));
#3027=CARTESIAN_POINT('',(0.0448081804865607,0.0118486,0.0678963769961301));
#3028=CARTESIAN_POINT('',(0.0465310152769319,0.0118486,0.0678963769961301));
#3029=CARTESIAN_POINT('',(0.0448081804865607,0.0118486,0.0658963769961301));
#3030=CARTESIAN_POINT('',(0.0428915507915609,0.0118486,0.0664678055675586));
#3031=CARTESIAN_POINT('',(0.0380999765540614,0.0118486,0.0678963769961301));
#3032=CARTESIAN_POINT('',(0.0361748625454869,0.0118486,0.0632818416940666));
#3033=CARTESIAN_POINT('',(0.035404816942057,0.0118486,0.0614360275732412));
#3034=CARTESIAN_POINT('',(0.0334200462313279,0.0118486,0.0611896838584202));
#3035=CARTESIAN_POINT('',(0.023,0.0118486,0.0598963793556104));
#3036=CARTESIAN_POINT('',(0.0299929866300463,0.0118486,0.052063874137483));
#3037=CARTESIAN_POINT('',(0.0313249840833884,0.0118486,0.0505719683816491));
#3038=CARTESIAN_POINT('',(0.029639178935478,0.0118486,0.0494958359533306));
#3039=CARTESIAN_POINT('',(0.0297545421582124,0.0118486,0.0493151147803156));
#3040=CARTESIAN_POINT('',(0.0299199433795169,0.0118486,0.0490560070506272));
#3041=CARTESIAN_POINT('',(0.0316057485274273,0.0118486,0.0501321394789457));
#3042=CARTESIAN_POINT('',(0.0322262579837475,0.0118486,0.0482308325561641));
#3043=CARTESIAN_POINT('',(0.0340877863527082,0.0118486,0.0425269117878193));
#3044=CARTESIAN_POINT('',(0.0359307454738991,0.0118486,0.0482368593950763));
#3045=CARTESIAN_POINT('',(0.0365450651809627,0.0118486,0.0501401752641619));
#3046=CARTESIAN_POINT('',(0.038234362920082,0.0118486,0.0490695337982144));
#3047=CARTESIAN_POINT('',(0.0437330659531582,0.0118486,0.0577455910006537));
#3048=CARTESIAN_POINT('',(0.0482203130160512,0.0118486,0.0648257355301826));
#3049=CARTESIAN_POINT('',(0.0465310152769319,0.0118486,0.0658963769961301));
#3050=CARTESIAN_POINT('',(0.0245266548842191,0.0118486,0.07599637699613));
#3051=CARTESIAN_POINT('',(0.0583982126759476,0.0118486,0.07599637699613));
#3052=CARTESIAN_POINT('',(0.0567999765540613,0.0118486,0.07599637699613));
#3053=CARTESIAN_POINT('',(0.0583982126759476,0.0118486,0.07399637699613));
#3054=CARTESIAN_POINT('',(0.0602977717064191,0.0118486,0.0733705371685751));
#3055=CARTESIAN_POINT('',(0.0507999765540613,0.0118486,0.0764997363063496));
#3056=CARTESIAN_POINT('',(0.0592564649568316,0.0118486,0.0711623395725653));
#3057=CARTESIAN_POINT('',(0.0550664858923375,0.0118486,0.064523801885744));
#3058=CARTESIAN_POINT('',(0.0391616793943704,0.0118486,0.0393244737475487));
#3059=CARTESIAN_POINT('',(0.0340877863527082,0.0118486,0.0425269117878193));
#3060=CARTESIAN_POINT('',(0.030326527355868,0.0118486,0.0378521999508512));
#3061=CARTESIAN_POINT('',(0.0183701738703014,0.0118486,0.0474722457815598));
#3062=CARTESIAN_POINT('',(0.0107842799702514,0.0118486,0.0535758330561806));
#3063=CARTESIAN_POINT('',(1.90819582357449E-17,0.0118486,0.0598963793556104));
#3064=CARTESIAN_POINT('',(0.004,0.0118486,0.0717390986379374));
#3065=CARTESIAN_POINT('',(0.004,0.0118486,0.0837993198678487));
#3066=CARTESIAN_POINT('',(0.004,0.0118486,0.0828963769961301));
#3067=CARTESIAN_POINT('',(1.99493199737333E-17,0.0118486,0.0828963769961301));
#3068=CARTESIAN_POINT('',(0.00295742663519933,0.0118486,0.085589632961948));
#3069=CARTESIAN_POINT('',(0.0113525308691497,0.0118486,0.0741398826500383));
#3070=CARTESIAN_POINT('',(1.90819582357449E-17,0.0118486,0.0896231500684877));
#3071=CARTESIAN_POINT('',(0.00163874921311271,0.0118486,0.091858175244006));
#3072=CARTESIAN_POINT('',(0.00673546332529005,0.0118486,0.0988093818484005));
#3073=CARTESIAN_POINT('',(0.0147999765540613,0.0118486,0.0928963769961301));
#3074=CARTESIAN_POINT('',(0.0147999765540613,0.0118486,0.10289637699613));
#3075=CARTESIAN_POINT('',(0.0245266548842191,0.0118486,0.10289637699613));
#3076=CARTESIAN_POINT('',(0.0507999765540613,0.0118486,0.10289637699613));
#3077=CARTESIAN_POINT('',(0.0507999765540613,0.0118486,0.0928963769961301));
#3078=CARTESIAN_POINT('',(0.0607999765540613,0.0118486,0.0928963769961301));
#3079=CARTESIAN_POINT('',(0.0607999765540613,0.0118486,0.105443306341216));
#3080=CARTESIAN_POINT('',(0.0607999765540613,0.0118486,0.0917963769961301));
#3081=CARTESIAN_POINT('',(0.0587999765540613,0.0118486,0.0917963769961301));
#3082=CARTESIAN_POINT('',(0.0587999765540613,0.0118486,0.0897963769961301));
#3083=CARTESIAN_POINT('',(0.0245266548842191,0.0118486,0.0897963769961301));
#3084=CARTESIAN_POINT('',(0.0567999765540613,0.0118486,0.0897963769961301));
#3085=CARTESIAN_POINT('',(0.0567999765540613,0.0118486,0.0878963769961301));
#3086=CARTESIAN_POINT('',(0.0567999765540613,0.0118486,0.0859963769961301));
#3087=CARTESIAN_POINT('',(0.0245266548842191,0.0118486,0.0859963769961301));
#3088=CARTESIAN_POINT('',(0.0587999765540613,0.0118486,0.0859963769961301));
#3089=CARTESIAN_POINT('',(0.0587999765540613,0.0118486,0.0839963769961301));
#3090=CARTESIAN_POINT('',(0.0607999765540613,0.0118486,0.0839963769961301));
#3091=CARTESIAN_POINT('',(0.0607999765540613,0.0118486,0.105443306341216));
#3092=CARTESIAN_POINT('',(0.0607999765540613,0.0118486,0.08179637699613));
#3093=CARTESIAN_POINT('',(0.0587999765540613,0.0118486,0.08179637699613));
#3094=CARTESIAN_POINT('',(0.0587999765540613,0.0118486,0.07979637699613));
#3095=CARTESIAN_POINT('',(0.0245266548842191,0.0118486,0.07979637699613));
#3096=CARTESIAN_POINT('',(0.0567999765540613,0.0118486,0.0797963769961301));
#3097=CARTESIAN_POINT('',(0.0567999765540613,0.0118486,0.07789637699613));
#3098=CARTESIAN_POINT('',(0.0607999765540613,0.00700000000000009,0.105443306341216));
#3099=CARTESIAN_POINT('',(0.0607999765540613,0.00700000000000009,0.105443306341216));
#3100=CARTESIAN_POINT('',(0.0607999765540613,0.00700000000000009,0.0917963769961301));
#3101=CARTESIAN_POINT('',(0.0607999765540613,0.00700000000000009,0.0928963769961301));
#3102=CARTESIAN_POINT('',(0.0607999765540613,0.0118486,0.0917963769961301));
#3103=CARTESIAN_POINT('',(0.0607999765540613,0.00700000000000009,0.0928963769961301));
#3104=CARTESIAN_POINT('',(0.0607999765540613,0.00700000000000009,0.105443306341216));
#3105=CARTESIAN_POINT('',(0.0607999765540613,0.00700000000000009,0.105443306341216));
#3106=CARTESIAN_POINT('',(0.0607999765540613,0.00700000000000009,0.08179637699613));
#3107=CARTESIAN_POINT('',(0.0607999765540613,0.00700000000000009,0.0839963769961301));
#3108=CARTESIAN_POINT('',(0.0607999765540613,0.0118486,0.08179637699613));
#3109=CARTESIAN_POINT('',(0.0607999765540613,0.00700000000000009,0.0839963769961301));
#3110=CARTESIAN_POINT('',(0.0507999765540613,0.032,0.0764997363063496));
#3111=CARTESIAN_POINT('',(0.0602977717064191,0.032,0.0733705371685751));
#3112=CARTESIAN_POINT('',(0.0602977717064191,0.00700000000000009,0.0733705371685751));
#3113=CARTESIAN_POINT('',(0.0507999765540613,0.00700000000000009,0.0764997363063496));
#3114=CARTESIAN_POINT('',(0.0592564649568316,0.00700000000000009,0.0711623395725653));
#3115=CARTESIAN_POINT('',(0.0592564649568316,0.00700000000000009,0.0711623395725653));
#3116=CARTESIAN_POINT('',(-0.0245266548842191,0.0111514,0.0837993198678487));
#3117=CARTESIAN_POINT('',(-0.0340877863527097,0.0111514,0.0425269117878192));
#3118=CARTESIAN_POINT('',(-0.0340877863527097,0.0111514,0.0375269117878207));
#3119=CARTESIAN_POINT('',(-0.023,0.0111514,0.0598963793556104));
#3120=CARTESIAN_POINT('',(-0.023,0.0111514,0.0528963793556104));
#3121=CARTESIAN_POINT('',(-0.0380999765540612,0.0111514,0.0678963769961301));
#3122=CARTESIAN_POINT('',(-0.0380999765540612,0.0111514,0.0700463769961301));
#3123=CARTESIAN_POINT('',(-0.0594576595659173,0.0111514,0.07599637699613));
#3124=CARTESIAN_POINT('',(-0.0567999765540613,0.0111514,0.07599637699613));
#3125=CARTESIAN_POINT('',(-0.0583982126759476,0.0111514,0.07599637699613));
#3126=CARTESIAN_POINT('',(-0.0583982126759476,0.0111514,0.07399637699613));
#3127=CARTESIAN_POINT('',(-0.0602977717064191,0.0111514,0.0733705371685751));
#3128=CARTESIAN_POINT('',(-0.0507999765540613,0.0111514,0.0764997363063496));
#3129=CARTESIAN_POINT('',(-0.0592564649568316,0.0111514,0.0711623395725652));
#3130=CARTESIAN_POINT('',(-0.0550664858923376,0.0111514,0.0645238018857441));
#3131=CARTESIAN_POINT('',(-0.0391616793943704,0.0111514,0.0393244737475487));
#3132=CARTESIAN_POINT('',(-0.0340877863527082,0.0111514,0.0425269117878193));
#3133=CARTESIAN_POINT('',(-0.0303265273558681,0.0111514,0.0378521999508512));
#3134=CARTESIAN_POINT('',(-0.0183701738703013,0.0111514,0.0474722457815598));
#3135=CARTESIAN_POINT('',(-0.0107842799702513,0.0111514,0.0535758330561806));
#3136=CARTESIAN_POINT('',(1.90819582357449E-17,0.0111514,0.0598963793556104));
#3137=CARTESIAN_POINT('',(-0.004,0.0111514,0.0717390986379374));
#3138=CARTESIAN_POINT('',(-0.004,0.0111514,0.0769355302989324));
#3139=CARTESIAN_POINT('',(-0.004,0.0111514,0.0828963769961301));
#3140=CARTESIAN_POINT('',(1.99493199737333E-17,0.0111514,0.0828963769961301));
#3141=CARTESIAN_POINT('',(-0.00295742663519931,0.0111514,0.085589632961948));
#3142=CARTESIAN_POINT('',(-0.0113525308691497,0.0111514,0.0741398826500383));
#3143=CARTESIAN_POINT('',(1.81061762805079E-17,0.0111514,0.0896231500684877));
#3144=CARTESIAN_POINT('',(-0.00163874921311268,0.0111514,0.091858175244006));
#3145=CARTESIAN_POINT('',(-0.00673546332529005,0.0111514,0.0988093818484005));
#3146=CARTESIAN_POINT('',(-0.0147999765540613,0.0111514,0.0928963769961301));
#3147=CARTESIAN_POINT('',(-0.0147999765540613,0.0111514,0.10289637699613));
#3148=CARTESIAN_POINT('',(-0.0245266548842191,0.0111514,0.10289637699613));
#3149=CARTESIAN_POINT('',(-0.0330999765540613,0.0111514,0.10289637699613));
#3150=CARTESIAN_POINT('',(-0.0330999765540613,0.0111514,0.0978963769961301));
#3151=CARTESIAN_POINT('',(-0.0330999765540613,0.0111514,0.0928963769961301));
#3152=CARTESIAN_POINT('',(-0.0245266548842191,0.0111514,0.0928963769961301));
#3153=CARTESIAN_POINT('',(-0.0127999765540613,0.0111514,0.0928963769961301));
#3154=CARTESIAN_POINT('',(-0.0127999765540613,0.0111514,0.0918963769961301));
#3155=CARTESIAN_POINT('',(-0.0117999765540613,0.0111514,0.0918963769961301));
#3156=CARTESIAN_POINT('',(-0.0117999765540613,0.0111514,0.0837993198678487));
#3157=CARTESIAN_POINT('',(-0.0117999765540613,0.0111514,0.0738963769961301));
#3158=CARTESIAN_POINT('',(-0.0127999765540613,0.0111514,0.0738963769961301));
#3159=CARTESIAN_POINT('',(-0.0127999765540613,0.0111514,0.0728963769961301));
#3160=CARTESIAN_POINT('',(-0.0245266548842191,0.0111514,0.0728963769961301));
#3161=CARTESIAN_POINT('',(-0.0527999765540613,0.0111514,0.0728963769961301));
#3162=CARTESIAN_POINT('',(-0.0527999765540613,0.0111514,0.0738963769961301));
#3163=CARTESIAN_POINT('',(-0.0537999765540613,0.0111514,0.0738963769961301));
#3164=CARTESIAN_POINT('',(-0.0537999765540613,0.0111514,0.0837993198678487));
#3165=CARTESIAN_POINT('',(-0.0537999765540613,0.0111514,0.0918963769961301));
#3166=CARTESIAN_POINT('',(-0.0527999765540613,0.0111514,0.0918963769961301));
#3167=CARTESIAN_POINT('',(-0.0527999765540613,0.0111514,0.0928963769961301));
#3168=CARTESIAN_POINT('',(-0.0245266548842191,0.0111514,0.0928963769961301));
#3169=CARTESIAN_POINT('',(-0.0330999765540613,0.0111514,0.0978963769961301));
#3170=CARTESIAN_POINT('',(-0.0245266548842191,0.0111514,0.10289637699613));
#3171=CARTESIAN_POINT('',(-0.0507999765540613,0.0111514,0.10289637699613));
#3172=CARTESIAN_POINT('',(-0.0507999765540613,0.0111514,0.0928963769961301));
#3173=CARTESIAN_POINT('',(-0.0607999765540613,0.0111514,0.0928963769961301));
#3174=CARTESIAN_POINT('',(-0.0607999765540613,0.0111514,0.0882521161729354));
#3175=CARTESIAN_POINT('',(-0.0607999765540613,0.0111514,0.0917963769961301));
#3176=CARTESIAN_POINT('',(-0.0587999765540613,0.0111514,0.0917963769961301));
#3177=CARTESIAN_POINT('',(-0.0587999765540613,0.0111514,0.0897963769961301));
#3178=CARTESIAN_POINT('',(-0.0587999765540613,0.0111514,0.0897963769961301));
#3179=CARTESIAN_POINT('',(-0.0567999765540613,0.0111514,0.0897963769961301));
#3180=CARTESIAN_POINT('',(-0.0567999765540613,0.0111514,0.0878963769961301));
#3181=CARTESIAN_POINT('',(-0.0567999765540613,0.0111514,0.0859963769961301));
#3182=CARTESIAN_POINT('',(-0.0587999765540613,0.0111514,0.0859963769961301));
#3183=CARTESIAN_POINT('',(-0.0587999765540613,0.0111514,0.0859963769961301));
#3184=CARTESIAN_POINT('',(-0.0587999765540613,0.0111514,0.0839963769961301));
#3185=CARTESIAN_POINT('',(-0.0607999765540613,0.0111514,0.0839963769961301));
#3186=CARTESIAN_POINT('',(-0.0607999765540613,0.0111514,0.0882521161729354));
#3187=CARTESIAN_POINT('',(-0.0607999765540613,0.0111514,0.0817963769961301));
#3188=CARTESIAN_POINT('',(-0.0587999765540613,0.0111514,0.0817963769961301));
#3189=CARTESIAN_POINT('',(-0.0587999765540613,0.0111514,0.0797963769961301));
#3190=CARTESIAN_POINT('',(-0.0587999765540613,0.0111514,0.0797963769961301));
#3191=CARTESIAN_POINT('',(-0.0567999765540613,0.0111514,0.0797963769961301));
#3192=CARTESIAN_POINT('',(-0.0567999765540613,0.0111514,0.07789637699613));
#3193=CARTESIAN_POINT('',(-0.00879997655406131,0.0111514,0.0778963769961301));
#3194=CARTESIAN_POINT('',(-0.00879997655406131,0.0111514,0.0797963769961301));
#3195=CARTESIAN_POINT('',(-0.00879997655406131,0.0111514,0.0878963769961301));
#3196=CARTESIAN_POINT('',(-0.00879997655406131,0.0111514,0.0897963769961301));
#3197=CARTESIAN_POINT('',(-0.0466331988549135,0.0111514,0.0678963769961301));
#3198=CARTESIAN_POINT('',(-0.0448081804865607,0.0111514,0.0678963769961301));
#3199=CARTESIAN_POINT('',(-0.0465310152769319,0.0111514,0.0678963769961301));
#3200=CARTESIAN_POINT('',(-0.0448081804865607,0.0111514,0.0658963769961301));
#3201=CARTESIAN_POINT('',(-0.0428915507915609,0.0111514,0.0664678055675586));
#3202=CARTESIAN_POINT('',(-0.0380999765540614,0.0111514,0.0678963769961301));
#3203=CARTESIAN_POINT('',(-0.0361748625454869,0.0111514,0.0632818416940666));
#3204=CARTESIAN_POINT('',(-0.035404816942057,0.0111514,0.0614360275732412));
#3205=CARTESIAN_POINT('',(-0.0334200462313279,0.0111514,0.0611896838584203));
#3206=CARTESIAN_POINT('',(-0.023,0.0111514,0.0598963793556104));
#3207=CARTESIAN_POINT('',(-0.0299929866300463,0.0111514,0.0520638741374829));
#3208=CARTESIAN_POINT('',(-0.0313249840833884,0.0111514,0.0505719683816491));
#3209=CARTESIAN_POINT('',(-0.029639178935478,0.0111514,0.0494958359533306));
#3210=CARTESIAN_POINT('',(-0.0297545421582124,0.0111514,0.0493151147803156));
#3211=CARTESIAN_POINT('',(-0.0299199433795169,0.0111514,0.0490560070506272));
#3212=CARTESIAN_POINT('',(-0.0316057485274273,0.0111514,0.0501321394789457));
#3213=CARTESIAN_POINT('',(-0.0322262579837475,0.0111514,0.0482308325561641));
#3214=CARTESIAN_POINT('',(-0.0340877863527082,0.0111514,0.0425269117878194));
#3215=CARTESIAN_POINT('',(-0.0359307454738991,0.0111514,0.0482368593950763));
#3216=CARTESIAN_POINT('',(-0.0365450651809627,0.0111514,0.0501401752641619));
#3217=CARTESIAN_POINT('',(-0.038234362920082,0.0111514,0.0490695337982144));
#3218=CARTESIAN_POINT('',(-0.0437330659531582,0.0111514,0.0577455910006537));
#3219=CARTESIAN_POINT('',(-0.0482203130160512,0.0111514,0.0648257355301826));
#3220=CARTESIAN_POINT('',(-0.0465310152769319,0.0111514,0.0658963769961301));
#3221=CARTESIAN_POINT('',(-0.0245266548842191,0.016,0.0837993198678487));
#3222=CARTESIAN_POINT('',(-0.023,0.016,0.0598963793556104));
#3223=CARTESIAN_POINT('',(-0.023,0.016,0.0668963793556104));
#3224=CARTESIAN_POINT('',(-0.0330999765540613,0.016,0.0978963769961301));
#3225=CARTESIAN_POINT('',(-0.0330999765540613,0.016,0.10004637699613));
#3226=CARTESIAN_POINT('',(-0.0380999765540612,0.016,0.0678963769961301));
#3227=CARTESIAN_POINT('',(-0.0380999765540612,0.016,0.0700463769961301));
#3228=CARTESIAN_POINT('',(1.98201579153407E-17,0.016,0.0598963793556104));
#3229=CARTESIAN_POINT('',(1.98201579153407E-17,0.016,0.0668963793556104));
#3230=CARTESIAN_POINT('',(-0.00879997655406131,0.016,0.0878963769961301));
#3231=CARTESIAN_POINT('',(-0.00879997655406131,0.016,0.0897963769961301));
#3232=CARTESIAN_POINT('',(-0.00879997655406131,0.016,0.0778963769961301));
#3233=CARTESIAN_POINT('',(-0.00879997655406131,0.016,0.0797963769961301));
#3234=CARTESIAN_POINT('',(-0.0498999765540613,0.016,0.0728963769961301));
#3235=CARTESIAN_POINT('',(-0.0527999765540613,0.016,0.0728963769961301));
#3236=CARTESIAN_POINT('',(-0.0127999765540613,0.016,0.0728963769961301));
#3237=CARTESIAN_POINT('',(-0.0127999765540613,0.016,0.0738963769961301));
#3238=CARTESIAN_POINT('',(-0.0117999765540613,0.016,0.0738963769961301));
#3239=CARTESIAN_POINT('',(-0.0117999765540613,0.016,0.0753963769961301));
#3240=CARTESIAN_POINT('',(-0.0117999765540613,0.016,0.0918963769961301));
#3241=CARTESIAN_POINT('',(-0.0127999765540613,0.016,0.0918963769961301));
#3242=CARTESIAN_POINT('',(-0.0127999765540613,0.016,0.0928963769961301));
#3243=CARTESIAN_POINT('',(-0.0234999765540613,0.016,0.0928963769961301));
#3244=CARTESIAN_POINT('',(-0.0527999765540613,0.016,0.0928963769961301));
#3245=CARTESIAN_POINT('',(-0.0527999765540613,0.016,0.0918963769961301));
#3246=CARTESIAN_POINT('',(-0.0537999765540613,0.016,0.0918963769961301));
#3247=CARTESIAN_POINT('',(-0.0537999765540613,0.016,0.0753963769961301));
#3248=CARTESIAN_POINT('',(-0.0537999765540613,0.016,0.0738963769961301));
#3249=CARTESIAN_POINT('',(-0.0527999765540613,0.016,0.0738963769961301));
#3250=CARTESIAN_POINT('',(-0.0340877863527082,0.016,0.0425269117878193));
#3251=CARTESIAN_POINT('',(-0.0340877863527082,0.016,0.0446769117878193));
#3252=CARTESIAN_POINT('',(1.97324795392362E-17,0.016,0.0828963769961301));
#3253=CARTESIAN_POINT('',(1.97324795392362E-17,0.016,0.0809963769961301));
#3254=CARTESIAN_POINT('',(-0.023,0.016,0.0598963793556104));
#3255=CARTESIAN_POINT('',(-0.0299929866300463,0.016,0.0520638741374829));
#3256=CARTESIAN_POINT('',(-0.0334200462313279,0.016,0.0611896838584203));
#3257=CARTESIAN_POINT('',(-0.035404816942057,0.016,0.0614360275732412));
#3258=CARTESIAN_POINT('',(-0.0361748625454869,0.016,0.0632818416940666));
#3259=CARTESIAN_POINT('',(-0.0380999765540614,0.016,0.0678963769961301));
#3260=CARTESIAN_POINT('',(-0.0428915507915609,0.016,0.0664678055675586));
#3261=CARTESIAN_POINT('',(-0.0448081804865607,0.016,0.0658963769961301));
#3262=CARTESIAN_POINT('',(-0.0448081804865607,0.016,0.0678963769961301));
#3263=CARTESIAN_POINT('',(-0.0245266548842191,0.016,0.0678963769961301));
#3264=CARTESIAN_POINT('',(-0.0465310152769319,0.016,0.0678963769961301));
#3265=CARTESIAN_POINT('',(-0.0465310152769319,0.016,0.0658963769961301));
#3266=CARTESIAN_POINT('',(-0.0482203130160512,0.016,0.0648257355301826));
#3267=CARTESIAN_POINT('',(-0.05000952092164,0.016,0.0676488139984265));
#3268=CARTESIAN_POINT('',(-0.038234362920082,0.016,0.0490695337982144));
#3269=CARTESIAN_POINT('',(-0.0365450651809627,0.016,0.0501401752641619));
#3270=CARTESIAN_POINT('',(-0.0359307454738991,0.016,0.0482368593950763));
#3271=CARTESIAN_POINT('',(-0.0340877863527082,0.016,0.0425269117878194));
#3272=CARTESIAN_POINT('',(-0.0322262579837475,0.016,0.0482308325561641));
#3273=CARTESIAN_POINT('',(-0.0316057485274273,0.016,0.0501321394789457));
#3274=CARTESIAN_POINT('',(-0.0299199433795169,0.016,0.0490560070506272));
#3275=CARTESIAN_POINT('',(-0.0126011124541849,0.016,0.0761866589680079));
#3276=CARTESIAN_POINT('',(-0.029639178935478,0.016,0.0494958359533306));
#3277=CARTESIAN_POINT('',(-0.0313249840833884,0.016,0.0505719683816491));
#3278=CARTESIAN_POINT('',(-0.0507999765540613,0.016,0.0764997363063496));
#3279=CARTESIAN_POINT('',(-0.0592564649568316,0.016,0.0711623395725652));
#3280=CARTESIAN_POINT('',(-0.0602977717064191,0.016,0.0733705371685751));
#3281=CARTESIAN_POINT('',(-0.0583982126759476,0.016,0.07399637699613));
#3282=CARTESIAN_POINT('',(-0.0583982126759476,0.016,0.07599637699613));
#3283=CARTESIAN_POINT('',(-0.0245266548842191,0.016,0.07599637699613));
#3284=CARTESIAN_POINT('',(-0.0567999765540613,0.016,0.07599637699613));
#3285=CARTESIAN_POINT('',(-0.0567999765540613,0.016,0.07789637699613));
#3286=CARTESIAN_POINT('',(-0.0567999765540613,0.016,0.0797963769961301));
#3287=CARTESIAN_POINT('',(-0.0245266548842191,0.016,0.0797963769961301));
#3288=CARTESIAN_POINT('',(-0.0587999765540613,0.016,0.0797963769961301));
#3289=CARTESIAN_POINT('',(-0.0587999765540613,0.016,0.0817963769961301));
#3290=CARTESIAN_POINT('',(-0.0607999765540613,0.016,0.0817963769961301));
#3291=CARTESIAN_POINT('',(-0.0607999765540613,0.016,0.0882521161729354));
#3292=CARTESIAN_POINT('',(-0.0607999765540613,0.016,0.0839963769961301));
#3293=CARTESIAN_POINT('',(-0.0587999765540613,0.016,0.0839963769961301));
#3294=CARTESIAN_POINT('',(-0.0587999765540613,0.016,0.0859963769961301));
#3295=CARTESIAN_POINT('',(-0.0245266548842191,0.016,0.0859963769961301));
#3296=CARTESIAN_POINT('',(-0.0567999765540613,0.016,0.0859963769961301));
#3297=CARTESIAN_POINT('',(-0.0567999765540613,0.016,0.0878963769961301));
#3298=CARTESIAN_POINT('',(-0.0567999765540613,0.016,0.0897963769961301));
#3299=CARTESIAN_POINT('',(-0.0245266548842191,0.016,0.0897963769961301));
#3300=CARTESIAN_POINT('',(-0.0587999765540613,0.016,0.0897963769961301));
#3301=CARTESIAN_POINT('',(-0.0587999765540613,0.016,0.0917963769961301));
#3302=CARTESIAN_POINT('',(-0.0607999765540613,0.016,0.0917963769961301));
#3303=CARTESIAN_POINT('',(-0.0607999765540613,0.016,0.0882521161729354));
#3304=CARTESIAN_POINT('',(-0.0607999765540613,0.016,0.0928963769961301));
#3305=CARTESIAN_POINT('',(-0.0507999765540613,0.016,0.0928963769961301));
#3306=CARTESIAN_POINT('',(-0.0507999765540613,0.016,0.10289637699613));
#3307=CARTESIAN_POINT('',(-0.0469499765540613,0.016,0.10289637699613));
#3308=CARTESIAN_POINT('',(-0.0147999765540613,0.016,0.10289637699613));
#3309=CARTESIAN_POINT('',(-0.0147999765540613,0.016,0.0928963769961301));
#3310=CARTESIAN_POINT('',(-0.00673546332529005,0.016,0.0988093818484005));
#3311=CARTESIAN_POINT('',(-0.00163874921311268,0.016,0.091858175244006));
#3312=CARTESIAN_POINT('',(0.00295742663519933,0.016,0.085589632961948));
#3313=CARTESIAN_POINT('',(1.99493199737333E-17,0.016,0.0828963769961301));
#3314=CARTESIAN_POINT('',(0.004,0.016,0.0828963769961301));
#3315=CARTESIAN_POINT('',(0.004,0.016,0.0765686286088047));
#3316=CARTESIAN_POINT('',(0.004,0.016,0.0717390986379374));
#3317=CARTESIAN_POINT('',(1.90819582357449E-17,0.016,0.0598963793556104));
#3318=CARTESIAN_POINT('',(-0.0107842799702513,0.016,0.0535758330561806));
#3319=CARTESIAN_POINT('',(-0.0183701738703013,0.016,0.0474722457815598));
#3320=CARTESIAN_POINT('',(-0.0303265273558681,0.016,0.0378521999508512));
#3321=CARTESIAN_POINT('',(-0.0340877863527082,0.016,0.0425269117878193));
#3322=CARTESIAN_POINT('',(-0.0391616793943704,0.016,0.0393244737475487));
#3323=CARTESIAN_POINT('',(-0.0579869230748924,0.016,0.0691508971528001));
#3324=CARTESIAN_POINT('',(-0.0607999765540613,0.0111514,0.0882521161729354));
#3325=CARTESIAN_POINT('',(-0.0607999765540613,0.0111514,0.0817963769961301));
#3326=CARTESIAN_POINT('',(-0.0607999765540613,0.016,0.0839963769961301));
#3327=CARTESIAN_POINT('',(0.0245266548842191,0.00700000000000009,0.0837993198678487));
#3328=CARTESIAN_POINT('',(1.97324795392362E-17,0.00700000000000009,0.0828963769961301));
#3329=CARTESIAN_POINT('',(1.97324795392362E-17,0.00700000000000009,0.0809963769961301));
#3330=CARTESIAN_POINT('',(0.023,0.00700000000000009,0.0598963793556104));
#3331=CARTESIAN_POINT('',(0.023,0.00700000000000009,0.0528963793556104));
#3332=CARTESIAN_POINT('',(-1.98201579153407E-17,0.00700000000000009,0.0598963793556104));
#3333=CARTESIAN_POINT('',(-1.98201579153407E-17,0.00700000000000009,0.0668963793556104));
#3334=CARTESIAN_POINT('',(0.00879997655406131,0.00700000000000009,0.0878963769961301));
#3335=CARTESIAN_POINT('',(0.00879997655406131,0.00700000000000009,0.0897963769961301));
#3336=CARTESIAN_POINT('',(0.00879997655406131,0.00700000000000009,0.0778963769961301));
#3337=CARTESIAN_POINT('',(0.00879997655406131,0.00700000000000009,0.0797963769961301));
#3338=CARTESIAN_POINT('',(0.0537999765540613,0.00700000000000009,0.0837993198678487));
#3339=CARTESIAN_POINT('',(0.0537999765540613,0.00700000000000009,0.0918963769961301));
#3340=CARTESIAN_POINT('',(0.0537999765540613,0.00700000000000009,0.0738963769961301));
#3341=CARTESIAN_POINT('',(0.0527999765540613,0.00700000000000009,0.0738963769961301));
#3342=CARTESIAN_POINT('',(0.0527999765540613,0.00700000000000009,0.0728963769961301));
#3343=CARTESIAN_POINT('',(0.0245266548842191,0.00700000000000009,0.0728963769961301));
#3344=CARTESIAN_POINT('',(0.0127999765540613,0.00700000000000009,0.0728963769961301));
#3345=CARTESIAN_POINT('',(0.0127999765540613,0.00700000000000009,0.0738963769961301));
#3346=CARTESIAN_POINT('',(0.0117999765540613,0.00700000000000009,0.0738963769961301));
#3347=CARTESIAN_POINT('',(0.0117999765540613,0.00700000000000009,0.0837993198678487));
#3348=CARTESIAN_POINT('',(0.0117999765540613,0.00700000000000009,0.0918963769961301));
#3349=CARTESIAN_POINT('',(0.0127999765540613,0.00700000000000009,0.0918963769961301));
#3350=CARTESIAN_POINT('',(0.0127999765540613,0.00700000000000009,0.0928963769961301));
#3351=CARTESIAN_POINT('',(0.0245266548842191,0.00700000000000009,0.0928963769961301));
#3352=CARTESIAN_POINT('',(0.0527999765540613,0.00700000000000009,0.0928963769961301));
#3353=CARTESIAN_POINT('',(0.0527999765540613,0.00700000000000009,0.0918963769961301));
#3354=CARTESIAN_POINT('',(0.0583982126759476,0.00700000000000009,0.07399637699613));
#3355=CARTESIAN_POINT('',(0.0583982126759476,0.00700000000000009,0.07599637699613));
#3356=CARTESIAN_POINT('',(0.0587999765540613,0.00700000000000009,0.07599637699613));
#3357=CARTESIAN_POINT('',(0.0567999765540613,0.00700000000000009,0.07599637699613));
#3358=CARTESIAN_POINT('',(0.0567999765540613,0.00700000000000009,0.07789637699613));
#3359=CARTESIAN_POINT('',(0.0567999765540613,0.00700000000000009,0.07979637699613));
#3360=CARTESIAN_POINT('',(0.0587999765540613,0.00700000000000009,0.07979637699613));
#3361=CARTESIAN_POINT('',(0.0587999765540613,0.00700000000000009,0.07979637699613));
#3362=CARTESIAN_POINT('',(0.0587999765540613,0.00700000000000009,0.08179637699613));
#3363=CARTESIAN_POINT('',(0.0587999765540613,0.00700000000000009,0.0839963769961301));
#3364=CARTESIAN_POINT('',(0.0587999765540613,0.00700000000000009,0.0859963769961301));
#3365=CARTESIAN_POINT('',(0.0587999765540613,0.00700000000000009,0.0859963769961301));
#3366=CARTESIAN_POINT('',(0.0567999765540613,0.00700000000000009,0.0859963769961301));
#3367=CARTESIAN_POINT('',(0.0567999765540613,0.00700000000000009,0.0878963769961301));
#3368=CARTESIAN_POINT('',(0.0567999765540613,0.00700000000000009,0.0897963769961301));
#3369=CARTESIAN_POINT('',(0.0587999765540613,0.00700000000000009,0.0897963769961301));
#3370=CARTESIAN_POINT('',(0.0587999765540613,0.00700000000000009,0.0897963769961301));
#3371=CARTESIAN_POINT('',(0.0587999765540613,0.00700000000000009,0.0917963769961301));
#3372=CARTESIAN_POINT('',(0.0507999765540613,0.00700000000000009,0.0928963769961301));
#3373=CARTESIAN_POINT('',(0.0507999765540613,0.00700000000000009,0.10289637699613));
#3374=CARTESIAN_POINT('',(0.0469499765540613,0.00700000000000009,0.10289637699613));
#3375=CARTESIAN_POINT('',(0.0147999765540613,0.00700000000000009,0.10289637699613));
#3376=CARTESIAN_POINT('',(0.0147999765540613,0.00700000000000009,0.0928963769961301));
#3377=CARTESIAN_POINT('',(0.00673546332529005,0.00700000000000009,0.0988093818484005));
#3378=CARTESIAN_POINT('',(0.00163874921311271,0.00700000000000009,0.091858175244006));
#3379=CARTESIAN_POINT('',(-0.00295742663519931,0.00700000000000009,0.085589632961948));
#3380=CARTESIAN_POINT('',(1.99493199737333E-17,0.00700000000000009,0.0828963769961301));
#3381=CARTESIAN_POINT('',(-0.004,0.00700000000000009,0.0828963769961301));
#3382=CARTESIAN_POINT('',(-0.004,0.00700000000000009,0.0769355302989324));
#3383=CARTESIAN_POINT('',(-0.004,0.00700000000000009,0.0717390986379374));
#3384=CARTESIAN_POINT('',(1.90819582357449E-17,0.00700000000000009,0.0598963793556104));
#3385=CARTESIAN_POINT('',(0.0107842799702514,0.00700000000000009,0.0535758330561806));
#3386=CARTESIAN_POINT('',(0.0183701738703014,0.00700000000000009,0.0474722457815598));
#3387=CARTESIAN_POINT('',(0.030326527355868,0.00700000000000009,0.0378521999508512));
#3388=CARTESIAN_POINT('',(0.0340877863527082,0.00700000000000009,0.0425269117878193));
#3389=CARTESIAN_POINT('',(0.0391616793943704,0.00700000000000009,0.0393244737475487));
#3390=CARTESIAN_POINT('',(0.0579869230748924,0.00700000000000009,0.0691508971528001));
#3391=CARTESIAN_POINT('',(0.0380999765540613,0.00700000000000009,0.0678963769961301));
#3392=CARTESIAN_POINT('',(0.0380999765540613,0.00700000000000009,0.0700463769961301));
#3393=CARTESIAN_POINT('',(0.0330999765540613,0.00700000000000009,0.0978963769961301));
#3394=CARTESIAN_POINT('',(0.0330999765540613,0.00700000000000009,0.10004637699613));
#3395=CARTESIAN_POINT('',(0.0340877863527082,0.00700000000000009,0.0425269117878193));
#3396=CARTESIAN_POINT('',(0.0340877863527082,0.00700000000000009,0.0403769117878193));
#3397=CARTESIAN_POINT('',(0.0380999765540614,0.00700000000000009,0.0678963769961301));
#3398=CARTESIAN_POINT('',(0.0428915507915609,0.00700000000000009,0.0664678055675586));
#3399=CARTESIAN_POINT('',(0.0361748625454869,0.00700000000000009,0.0632818416940666));
#3400=CARTESIAN_POINT('',(0.0448081804865607,0.00700000000000009,0.0658963769961301));
#3401=CARTESIAN_POINT('',(0.0448081804865607,0.00700000000000009,0.0678963769961301));
#3402=CARTESIAN_POINT('',(0.0245266548842191,0.00700000000000009,0.0678963769961301));
#3403=CARTESIAN_POINT('',(0.0465310152769319,0.00700000000000009,0.0678963769961301));
#3404=CARTESIAN_POINT('',(0.0465310152769319,0.00700000000000009,0.0658963769961301));
#3405=CARTESIAN_POINT('',(0.0482203130160512,0.00700000000000009,0.0648257355301826));
#3406=CARTESIAN_POINT('',(0.05000952092164,0.00700000000000009,0.0676488139984265));
#3407=CARTESIAN_POINT('',(0.038234362920082,0.00700000000000009,0.0490695337982144));
#3408=CARTESIAN_POINT('',(0.0365450651809627,0.00700000000000009,0.0501401752641619));
#3409=CARTESIAN_POINT('',(0.0359307454738991,0.00700000000000009,0.0482368593950763));
#3410=CARTESIAN_POINT('',(0.0340877863527082,0.00700000000000009,0.0425269117878193));
#3411=CARTESIAN_POINT('',(0.0322262579837475,0.00700000000000009,0.0482308325561641));
#3412=CARTESIAN_POINT('',(0.0316057485274273,0.00700000000000009,0.0501321394789457));
#3413=CARTESIAN_POINT('',(0.0299199433795169,0.00700000000000009,0.0490560070506272));
#3414=CARTESIAN_POINT('',(0.0126011124541849,0.00700000000000009,0.0761866589680079));
#3415=CARTESIAN_POINT('',(0.029639178935478,0.00700000000000009,0.0494958359533306));
#3416=CARTESIAN_POINT('',(0.0313249840833884,0.00700000000000009,0.0505719683816491));
#3417=CARTESIAN_POINT('',(0.0299929866300463,0.00700000000000009,0.052063874137483));
#3418=CARTESIAN_POINT('',(0.023,0.00700000000000009,0.0598963793556104));
#3419=CARTESIAN_POINT('',(0.0334200462313279,0.00700000000000009,0.0611896838584202));
#3420=CARTESIAN_POINT('',(0.035404816942057,0.00700000000000009,0.0614360275732412));
#3421=CARTESIAN_POINT('',(1.90819582357449E-17,0.00700000000000009,0.0598963793556104));
#3422=CARTESIAN_POINT('',(0.004,0.0111514,0.0717390986379374));
#3423=CARTESIAN_POINT('',(0.0107842799702514,0.0118486,0.0535758330561806));
#3424=CARTESIAN_POINT('',(-0.004,0.00700000000000009,0.0717390986379374));
#3425=CARTESIAN_POINT('',(-0.0107842799702513,0.0111514,0.0535758330561806));
#3426=CARTESIAN_POINT('',(1.99493199737333E-17,0.016,0.0828963769961301));
#3427=CARTESIAN_POINT('',(0.00295742663519932,0.0111514,0.085589632961948));
#3428=CARTESIAN_POINT('',(0.004,0.0111514,0.0828963769961301));
#3429=CARTESIAN_POINT('',(0.00163874921311271,0.0118486,0.091858175244006));
#3430=CARTESIAN_POINT('',(1.69135538907739E-17,0.0118486,0.0896231500684877));
#3431=CARTESIAN_POINT('',(-0.00295742663519931,0.0118486,0.085589632961948));
#3432=CARTESIAN_POINT('',(0.00673546332529005,0.0118486,0.0988093818484005));
#3433=CARTESIAN_POINT('',(1.99493199737333E-17,0.00700000000000009,0.0828963769961301));
#3434=CARTESIAN_POINT('',(-0.004,0.00700000000000009,0.0828963769961301));
#3435=CARTESIAN_POINT('',(0.0469499765540613,0.032,0.10289637699613));
#3436=CARTESIAN_POINT('',(0.0147999765540613,0.032,0.10289637699613));
#3437=CARTESIAN_POINT('',(0.0507999765540613,0.032,0.10289637699613));
#3438=CARTESIAN_POINT('',(1.98201579153407E-17,0.016,0.0598963793556104));
#3439=CARTESIAN_POINT('',(-0.0567999765540613,-0.009,0.07789637699613));
#3440=CARTESIAN_POINT('',(-0.0567999765540613,0.0361514,0.07599637699613));
#3441=CARTESIAN_POINT('',(-0.0567999765540613,0.0361514,0.0797963769961301));
#3442=CARTESIAN_POINT('',(-0.0567999765540613,-0.009,0.0878963769961301));
#3443=CARTESIAN_POINT('',(-0.0567999765540613,0.0361514,0.0859963769961301));
#3444=CARTESIAN_POINT('',(-0.0567999765540613,0.0361514,0.0897963769961301));
#3445=CARTESIAN_POINT('',(-0.0117999765540613,-0.009,0.0753963769961301));
#3446=CARTESIAN_POINT('',(-0.0117999765540613,0.0111514,0.0738963769961301));
#3447=CARTESIAN_POINT('',(-0.0117999765540613,-0.009,0.0918963769961301));
#3448=CARTESIAN_POINT('',(-0.0234999765540613,-0.009,0.0928963769961301));
#3449=CARTESIAN_POINT('',(-0.0127999765540613,-0.009,0.0928963769961301));
#3450=CARTESIAN_POINT('',(-0.0527999765540613,-0.009,0.0928963769961301));
#3451=CARTESIAN_POINT('',(-0.0537999765540613,-0.009,0.0753963769961301));
#3452=CARTESIAN_POINT('',(-0.0537999765540613,0.016,0.0738963769961301));
#3453=CARTESIAN_POINT('',(-0.0537999765540613,-0.009,0.0918963769961301));
#3454=CARTESIAN_POINT('',(-0.0498999765540613,-0.009,0.0728963769961301));
#3455=CARTESIAN_POINT('',(-0.0127999765540613,0.016,0.0728963769961301));
#3456=CARTESIAN_POINT('',(-0.0527999765540613,0.0111514,0.0728963769961301));
#3457=CARTESIAN_POINT('',(-0.00879997655406131,-0.009,0.0778963769961301));
#3458=CARTESIAN_POINT('',(-0.00879997655406131,-0.009,0.0878963769961301));
#3459=CARTESIAN_POINT('',(0.0567999765540613,-0.0131514,0.07789637699613));
#3460=CARTESIAN_POINT('',(0.0567999765540613,0.032,0.07979637699613));
#3461=CARTESIAN_POINT('',(0.0567999765540613,0.032,0.07599637699613));
#3462=CARTESIAN_POINT('',(0.0567999765540613,-0.0131514,0.0878963769961301));
#3463=CARTESIAN_POINT('',(0.0567999765540613,0.032,0.0897963769961301));
#3464=CARTESIAN_POINT('',(0.0567999765540613,0.032,0.0859963769961301));
#3465=CARTESIAN_POINT('',(0.0117999765540613,-0.0131514,0.0753963769961301));
#3466=CARTESIAN_POINT('',(0.0117999765540613,-0.0131514,0.0918963769961301));
#3467=CARTESIAN_POINT('',(0.0117999765540613,0.0118486,0.0738963769961301));
#3468=CARTESIAN_POINT('',(0.0234999765540613,-0.0131514,0.0928963769961301));
#3469=CARTESIAN_POINT('',(0.0527999765540613,-0.0131514,0.0928963769961301));
#3470=CARTESIAN_POINT('',(0.0127999765540613,-0.0131514,0.0928963769961301));
#3471=CARTESIAN_POINT('',(0.0537999765540613,-0.0131514,0.0753963769961301));
#3472=CARTESIAN_POINT('',(0.0537999765540613,0.00700000000000009,0.0738963769961301));
#3473=CARTESIAN_POINT('',(0.0537999765540613,-0.0131514,0.0918963769961301));
#3474=CARTESIAN_POINT('',(0.0498999765540613,-0.0131514,0.0728963769961301));
#3475=CARTESIAN_POINT('',(0.0527999765540613,0.0118486,0.0728963769961301));
#3476=CARTESIAN_POINT('',(0.0127999765540613,0.00700000000000009,0.0728963769961301));
#3477=CARTESIAN_POINT('',(0.00879997655406131,-0.0131514,0.0778963769961301));
#3478=CARTESIAN_POINT('',(0.00879997655406131,-0.0131514,0.0878963769961301));
#3479=CARTESIAN_POINT('',(0.0380999765540613,0.0263,0.0678963769961301));
#3480=CARTESIAN_POINT('',(0.0330999765540613,0.0263,0.0978963769961301));
#3481=CARTESIAN_POINT('',(-0.0380999765540612,-0.009,0.0678963769961301));
#3482=CARTESIAN_POINT('',(-0.0330999765540613,-0.009,0.0978963769961301));
#3483=CARTESIAN_POINT('',(-0.0330999765540614,0.00700000000000009,0.09789637699613));
#3484=CARTESIAN_POINT('',(-0.0330999765540614,0.00700000000000009,0.0957463769961299));
#3485=CARTESIAN_POINT('',(0.0469499765540613,0.032,0.10289637699613));
#3486=CARTESIAN_POINT('',(-0.0147999765540613,-0.009,0.10289637699613));
#3487=CARTESIAN_POINT('',(-0.0507999765540613,-0.009,0.10289637699613));
#3488=CARTESIAN_POINT('',(0.0579869230748924,0.032,0.0691508971528001));
#3489=CARTESIAN_POINT('',(0.0391616793943704,0.0118486,0.0393244737475487));
#3490=CARTESIAN_POINT('',(-0.0579869230748924,-0.009,0.0691508971528001));
#3491=CARTESIAN_POINT('',(-0.0592564649568316,0.016,0.0711623395725652));
#3492=CARTESIAN_POINT('',(-0.0391616793943704,0.0111514,0.0393244737475487));
#3493=CARTESIAN_POINT('',(0.0183701738703014,0.0118486,0.0474722457815598));
#3494=CARTESIAN_POINT('',(0.030326527355868,0.0118486,0.0378521999508512));
#3495=CARTESIAN_POINT('',(0.0340877863527082,0.0118486,0.0425269117878193));
#3496=CARTESIAN_POINT('',(0.0340877863527082,0.0118486,0.0425269117878193));
#3497=CARTESIAN_POINT('',(-0.0183701738703013,0.0111514,0.0474722457815598));
#3498=CARTESIAN_POINT('',(-0.0303265273558681,0.0111514,0.0378521999508512));
#3499=CARTESIAN_POINT('',(-0.0340877863527082,0.0111514,0.0425269117878193));
#3500=CARTESIAN_POINT('',(-0.0340877863527082,0.0111514,0.0425269117878193));
#3501=CARTESIAN_POINT('',(-0.0340877863527081,0.00700000000000009,0.0425269117878193));
#3502=CARTESIAN_POINT('',(-0.0340877863527081,0.00700000000000009,0.0403769117878193));
#3503=CARTESIAN_POINT('',(-0.0607999765540613,0.0111514,0.0882521161729354));
#3504=CARTESIAN_POINT('',(-0.0607999765540613,0.0111514,0.0917963769961301));
#3505=CARTESIAN_POINT('',(-0.0607999765540613,0.0111514,0.0928963769961301));
#3506=CARTESIAN_POINT('',(0.0527999765540613,-0.0131514,0.0738963769961301));
#3507=CARTESIAN_POINT('',(0.0527999765540613,-0.0131514,0.0918963769961301));
#3508=CARTESIAN_POINT('',(0.0127999765540613,-0.0131514,0.0918963769961301));
#3509=CARTESIAN_POINT('',(0.0127999765540613,-0.0131514,0.0738963769961301));
#3510=CARTESIAN_POINT('',(-0.0127999765540613,-0.009,0.0738963769961301));
#3511=CARTESIAN_POINT('',(-0.0127999765540613,-0.009,0.0918963769961301));
#3512=CARTESIAN_POINT('',(-0.0527999765540613,-0.009,0.0738963769961301));
#3513=CARTESIAN_POINT('',(-0.0527999765540613,-0.009,0.0918963769961301));
#3514=CARTESIAN_POINT('',(-0.0507999765540613,-0.009,0.0764997363063496));
#3515=CARTESIAN_POINT('',(-0.0602977717064191,-0.009,0.0733705371685751));
#3516=CARTESIAN_POINT('',(-0.0507999765540613,0.0111514,0.0928963769961301));
#3517=CARTESIAN_POINT('',(0.0507999765540613,0.00700000000000009,0.0928963769961301));
#3518=CARTESIAN_POINT('',(0.023,0.032,0.0598963793556104));
#3519=CARTESIAN_POINT('',(-0.0147999765540613,-0.009,0.0928963769961301));
#3520=CARTESIAN_POINT('',(-0.00673546332529002,0.0111514,0.0988093818484005));
#3521=CARTESIAN_POINT('',(0.0147999765540613,0.032,0.0928963769961301));
#3522=CARTESIAN_POINT('',(-0.004,0.00700000000000009,0.0769355302989324));
#3523=CARTESIAN_POINT('',(-0.00163874921311268,0.0111514,0.091858175244006));
#3524=CARTESIAN_POINT('',(0.004,0.0111514,0.0765686286088047));
#3525=CARTESIAN_POINT('',(1.97324795392362E-17,0.016,0.0828963769961301));
#3526=CARTESIAN_POINT('',(0.0380999765540614,-0.0131514,0.0678963769961301));
#3527=CARTESIAN_POINT('',(0.0361748625454869,-0.0131514,0.0632818416940666));
#3528=CARTESIAN_POINT('',(0.0428915507915609,-0.0131514,0.0664678055675586));
#3529=CARTESIAN_POINT('',(0.0466331988549135,-0.0131514,0.0678963769961301));
#3530=CARTESIAN_POINT('',(0.0448081804865607,-0.0131514,0.0678963769961301));
#3531=CARTESIAN_POINT('',(0.0465310152769319,0.00700000000000009,0.0678963769961301));
#3532=CARTESIAN_POINT('',(0.0437330659531582,-0.0131514,0.0577455910006537));
#3533=CARTESIAN_POINT('',(0.038234362920082,-0.0131514,0.0490695337982144));
#3534=CARTESIAN_POINT('',(0.0482203130160512,0.0118486,0.0648257355301826));
#3535=CARTESIAN_POINT('',(0.0340877863527082,-0.0131514,0.0425269117878193));
#3536=CARTESIAN_POINT('',(0.0359307454738991,-0.0131514,0.0482368593950763));
#3537=CARTESIAN_POINT('',(0.0322262579837475,-0.0131514,0.0482308325561641));
#3538=CARTESIAN_POINT('',(0.0297545421582124,-0.0131514,0.0493151147803156));
#3539=CARTESIAN_POINT('',(0.0299199433795169,0.0118486,0.0490560070506272));
#3540=CARTESIAN_POINT('',(0.029639178935478,0.00700000000000009,0.0494958359533306));
#3541=CARTESIAN_POINT('',(0.023,-0.0131514,0.0598963793556104));
#3542=CARTESIAN_POINT('',(0.0334200462313279,-0.0131514,0.0611896838584203));
#3543=CARTESIAN_POINT('',(0.0299929866300463,-0.0131514,0.052063874137483));
#3544=CARTESIAN_POINT('',(0.0365450651809627,-0.0131514,0.0501401752641619));
#3545=CARTESIAN_POINT('',(0.0316057485274273,-0.0131514,0.0501321394789457));
#3546=CARTESIAN_POINT('',(0.0313249840833884,-0.0131514,0.0505719683816491));
#3547=CARTESIAN_POINT('',(0.0448081804865607,-0.0131514,0.0658963769961301));
#3548=CARTESIAN_POINT('',(0.0465310152769319,-0.0131514,0.0658963769961301));
#3549=CARTESIAN_POINT('',(0.035404816942057,-0.0131514,0.0614360275732412));
#3550=CARTESIAN_POINT('',(-0.0380999765540614,0.0361514,0.0678963769961301));
#3551=CARTESIAN_POINT('',(-0.0361748625454869,0.0361514,0.0632818416940666));
#3552=CARTESIAN_POINT('',(-0.0428915507915609,0.0361514,0.0664678055675586));
#3553=CARTESIAN_POINT('',(-0.0466331988549135,0.0361514,0.0678963769961301));
#3554=CARTESIAN_POINT('',(-0.0448081804865607,0.0361514,0.0678963769961301));
#3555=CARTESIAN_POINT('',(-0.0465310152769319,0.016,0.0678963769961301));
#3556=CARTESIAN_POINT('',(-0.0437330659531582,0.0361514,0.0577455910006537));
#3557=CARTESIAN_POINT('',(-0.038234362920082,0.0361514,0.0490695337982144));
#3558=CARTESIAN_POINT('',(-0.0482203130160512,0.0111514,0.0648257355301826));
#3559=CARTESIAN_POINT('',(-0.0340877863527082,0.0361514,0.0425269117878194));
#3560=CARTESIAN_POINT('',(-0.0322262579837475,0.0361514,0.0482308325561641));
#3561=CARTESIAN_POINT('',(-0.0359307454738991,0.0361514,0.0482368593950763));
#3562=CARTESIAN_POINT('',(-0.0297545421582124,0.0361514,0.0493151147803156));
#3563=CARTESIAN_POINT('',(-0.0299199433795169,0.0111514,0.0490560070506272));
#3564=CARTESIAN_POINT('',(-0.029639178935478,0.016,0.0494958359533306));
#3565=CARTESIAN_POINT('',(-0.023,0.0361514,0.0598963793556104));
#3566=CARTESIAN_POINT('',(-0.0334200462313279,0.0361514,0.0611896838584203));
#3567=CARTESIAN_POINT('',(-0.0299929866300463,0.0361514,0.0520638741374829));
#3568=CARTESIAN_POINT('',(-0.023,0.0361514,0.0598963793556104));
#3569=CARTESIAN_POINT('',(-0.0316057485274273,0.0361514,0.0501321394789457));
#3570=CARTESIAN_POINT('',(-0.0313249840833884,0.0361514,0.0505719683816491));
#3571=CARTESIAN_POINT('',(-0.0365450651809627,0.0361514,0.0501401752641619));
#3572=CARTESIAN_POINT('',(-0.0448081804865607,0.0361514,0.0658963769961301));
#3573=CARTESIAN_POINT('',(-0.0465310152769319,0.0361514,0.0658963769961301));
#3574=CARTESIAN_POINT('',(-0.035404816942057,0.0361514,0.0614360275732412));
#3575=CARTESIAN_POINT('',(-0.0340877863527097,0.0111514,0.0425269117878192));
#3576=CARTESIAN_POINT('',(-0.0340877863527097,0.00700000000000009,0.0425269117878192));
#3577=CARTESIAN_POINT('',(-0.0340877863527097,0.00700000000000009,0.0375269117878207));
#3578=CARTESIAN_POINT('',(2.08166817117217E-17,0.00700000000000009,0.0300849169458999));
#3579=CARTESIAN_POINT('',(-0.0330999765540613,0.0111514,0.0978963769961301));
#3580=CARTESIAN_POINT('',(-0.0330999765540613,0.00700000000000009,0.0978963769961301));
#3581=CARTESIAN_POINT('',(-0.0330999765540613,0.00700000000000009,0.0928963769961301));
#3582=CARTESIAN_POINT('',(-3.97751989393569E-7,0.00700000000000009,0.0300849169458999));
#3583=CARTESIAN_POINT('',(-0.0594576595659173,0.0361514,0.07599637699613));
#3584=CARTESIAN_POINT('',(-0.0583982126759476,0.0361514,0.07599637699613));
#3585=CARTESIAN_POINT('',(-0.0587999765540613,0.0361514,0.0797963769961301));
#3586=CARTESIAN_POINT('',(-0.0587999765540613,0.0361514,0.0797963769961301));
#3587=CARTESIAN_POINT('',(-0.0587999765540613,0.0361514,0.0897963769961301));
#3588=CARTESIAN_POINT('',(-0.0587999765540613,0.0361514,0.0897963769961301));
#3589=CARTESIAN_POINT('',(-0.0587999765540613,0.0361514,0.0859963769961301));
#3590=CARTESIAN_POINT('',(-0.0587999765540613,0.0111514,0.0859963769961301));
#3591=CARTESIAN_POINT('',(-0.0583982126759476,-0.009,0.07399637699613));
#3592=CARTESIAN_POINT('',(-0.0587999765540613,0.0111514,0.0817963769961301));
#3593=CARTESIAN_POINT('',(-0.0587999765540613,0.0361514,0.0839963769961301));
#3594=CARTESIAN_POINT('',(-0.0587999765540613,0.0111514,0.0917963769961301));
#3595=CARTESIAN_POINT('',(0.0587999765540613,0.032,0.07599637699613));
#3596=CARTESIAN_POINT('',(0.0583982126759476,0.0118486,0.07599637699613));
#3597=CARTESIAN_POINT('',(0.0587999765540613,0.032,0.07979637699613));
#3598=CARTESIAN_POINT('',(0.0587999765540613,0.00700000000000009,0.07979637699613));
#3599=CARTESIAN_POINT('',(0.0587999765540613,0.032,0.0859963769961301));
#3600=CARTESIAN_POINT('',(0.0587999765540613,0.032,0.0859963769961301));
#3601=CARTESIAN_POINT('',(0.0587999765540613,0.032,0.0897963769961301));
#3602=CARTESIAN_POINT('',(0.0587999765540613,0.00700000000000009,0.0897963769961301));
#3603=CARTESIAN_POINT('',(0.0583982126759476,0.032,0.07399637699613));
#3604=CARTESIAN_POINT('',(0.0587999765540613,0.032,0.08179637699613));
#3605=CARTESIAN_POINT('',(0.0587999765540613,0.00700000000000009,0.0839963769961301));
#3606=CARTESIAN_POINT('',(0.0587999765540613,0.032,0.0917963769961301));
#3607=MECHANICAL_DESIGN_GEOMETRIC_PRESENTATION_REPRESENTATION('',(#2099),
#3608);
#3608=(
GEOMETRIC_REPRESENTATION_CONTEXT(3)
GLOBAL_UNCERTAINTY_ASSIGNED_CONTEXT((#3609))
GLOBAL_UNIT_ASSIGNED_CONTEXT((#3612,#3611,#3610))
REPRESENTATION_CONTEXT('btrshftr C4-C5 Butterfly Plate',
'TOP_LEVEL_ASSEMBLY_PART')
);
#3609=UNCERTAINTY_MEASURE_WITH_UNIT(LENGTH_MEASURE(1.E-8),#3612,
'DISTANCE_ACCURACY_VALUE','Maximum Tolerance applied to model');
#3610=(
NAMED_UNIT(*)
SI_UNIT($,.STERADIAN.)
SOLID_ANGLE_UNIT()
);
#3611=(
NAMED_UNIT(*)
PLANE_ANGLE_UNIT()
SI_UNIT($,.RADIAN.)
);
#3612=(
LENGTH_UNIT()
NAMED_UNIT(*)
SI_UNIT($,.METRE.)
);
#3613=PRODUCT_DEFINITION_SHAPE('','',#3614);
#3614=PRODUCT_DEFINITION('','',#3616,#3615);
#3615=PRODUCT_DEFINITION_CONTEXT('',#3622,'design');
#3616=PRODUCT_DEFINITION_FORMATION_WITH_SPECIFIED_SOURCE('','',#3618,
 .NOT_KNOWN.);
#3617=PRODUCT_RELATED_PRODUCT_CATEGORY('','',(#3618));
#3618=PRODUCT('btrshftr C4-C5 Butterfly Plate',
'btrshftr C4-C5 Butterfly Plate','btrshftr C4-C5 Butterfly Plate',(#3620));
#3619=PRODUCT_CATEGORY('','');
#3620=PRODUCT_CONTEXT('',#3622,'mechanical');
#3621=APPLICATION_PROTOCOL_DEFINITION('international standard',
'ap242_managed_model_based_3d_engineering',2020,#3622);
#3622=APPLICATION_CONTEXT('managed model based 3d engineering');
ENDSEC;
END-ISO-10303-21;
