ISO-10303-21;
HEADER;
/* Generated by software containing ST-Developer
 * from STEP Tools, Inc. (www.steptools.com) 
 */
/* OPTION: using custom renumber hook */

FILE_DESCRIPTION(
/* description */ ('STEP AP242 Edition 2',
'CAx-IF Rec.Pracs.---Representation and Presentation of Product Manufa
cturing Information (PMI)---4.0---2014-10-13',
'CAx-IF Rec.Pracs.---3D Tessellated Geometry---0.4---2014-09-14','2;1',
'CAx-IF Rec.Pracs.---User Defined Attributes---1.5---2016-08-15'),
/* implementation_level */ '2;1');

FILE_NAME(
/* name */ 'Assembly 1 - btrshfter C5 Plate Female',
/* time_stamp */ '2026-06-22T21:39:39Z',
/* author */ (''),
/* organization */ (''),
/* preprocessor_version */ 'ST-DEVELOPER v20',
/* originating_system */ 'ONSHAPE BY PTC INC, 1.216',
/* authorisation */ '  ');

FILE_SCHEMA (('AP242_MANAGED_MODEL_BASED_3D_ENGINEERING_MIM_LF { 1 0 10303 442 3 1 4 }'));
ENDSEC;

DATA;
#10=SHAPE_REPRESENTATION_RELATIONSHIP('','',#1896,#11);
#11=ADVANCED_BREP_SHAPE_REPRESENTATION('',(#1894),#3273);
#12=CYLINDRICAL_SURFACE('',#2027,0.0125);
#13=CYLINDRICAL_SURFACE('',#2029,0.0125);
#14=CYLINDRICAL_SURFACE('',#2031,0.004);
#15=CYLINDRICAL_SURFACE('',#2033,0.004);
#16=CYLINDRICAL_SURFACE('',#2036,0.00215);
#17=CYLINDRICAL_SURFACE('',#2038,0.00215);
#18=CYLINDRICAL_SURFACE('',#2039,0.007);
#19=CYLINDRICAL_SURFACE('',#2040,0.007);
#20=CYLINDRICAL_SURFACE('',#2041,0.007);
#21=CYLINDRICAL_SURFACE('',#2042,0.004);
#22=CYLINDRICAL_SURFACE('',#2044,0.00215000000000012);
#23=CYLINDRICAL_SURFACE('',#2048,0.009);
#24=CYLINDRICAL_SURFACE('',#2051,0.009);
#25=CYLINDRICAL_SURFACE('',#2053,0.009);
#26=CYLINDRICAL_SURFACE('',#2055,0.009);
#27=CYLINDRICAL_SURFACE('',#2058,0.009);
#28=CYLINDRICAL_SURFACE('',#2060,0.009);
#29=CYLINDRICAL_SURFACE('',#2063,0.009);
#30=CYLINDRICAL_SURFACE('',#2065,0.004);
#31=CYLINDRICAL_SURFACE('',#2066,0.009);
#32=CYLINDRICAL_SURFACE('',#2071,0.00899999999999981);
#33=CYLINDRICAL_SURFACE('',#2076,0.009);
#34=CYLINDRICAL_SURFACE('',#2077,0.00399999999999995);
#35=CYLINDRICAL_SURFACE('',#2080,0.009);
#36=CYLINDRICAL_SURFACE('',#2082,0.001);
#37=CYLINDRICAL_SURFACE('',#2083,0.001);
#38=CYLINDRICAL_SURFACE('',#2084,0.001);
#39=CYLINDRICAL_SURFACE('',#2085,0.001);
#40=CYLINDRICAL_SURFACE('',#2086,0.001);
#41=CYLINDRICAL_SURFACE('',#2087,0.001);
#42=CYLINDRICAL_SURFACE('',#2088,0.001);
#43=CYLINDRICAL_SURFACE('',#2089,0.001);
#44=CYLINDRICAL_SURFACE('',#2090,0.001);
#45=CYLINDRICAL_SURFACE('',#2091,0.001);
#46=CYLINDRICAL_SURFACE('',#2092,0.001);
#47=CYLINDRICAL_SURFACE('',#2093,0.001);
#48=CYLINDRICAL_SURFACE('',#2094,0.001);
#49=CYLINDRICAL_SURFACE('',#2095,0.001);
#50=CYLINDRICAL_SURFACE('',#2096,0.001);
#51=CYLINDRICAL_SURFACE('',#2097,0.001);
#52=CYLINDRICAL_SURFACE('',#2098,0.001);
#53=CYLINDRICAL_SURFACE('',#2099,0.001);
#54=CYLINDRICAL_SURFACE('',#2100,0.001);
#55=CYLINDRICAL_SURFACE('',#2101,0.001);
#56=CYLINDRICAL_SURFACE('',#2102,0.001);
#57=CYLINDRICAL_SURFACE('',#2103,0.001);
#58=CYLINDRICAL_SURFACE('',#2104,0.001);
#59=CYLINDRICAL_SURFACE('',#2105,0.001);
#60=CYLINDRICAL_SURFACE('',#2106,0.001);
#61=CYLINDRICAL_SURFACE('',#2107,0.001);
#62=CYLINDRICAL_SURFACE('',#2108,0.001);
#63=CYLINDRICAL_SURFACE('',#2109,0.001);
#64=CYLINDRICAL_SURFACE('',#2110,0.001);
#65=CYLINDRICAL_SURFACE('',#2111,0.001);
#66=CYLINDRICAL_SURFACE('',#2112,0.001);
#67=CYLINDRICAL_SURFACE('',#2113,0.001);
#68=CYLINDRICAL_SURFACE('',#2114,0.001);
#69=CYLINDRICAL_SURFACE('',#2115,0.000846183557689429);
#70=CYLINDRICAL_SURFACE('',#2116,0.000846183557689426);
#71=CYLINDRICAL_SURFACE('',#2117,0.000706220860342754);
#72=CYLINDRICAL_SURFACE('',#2118,0.000600141509448176);
#73=CYLINDRICAL_SURFACE('',#2119,0.00084745041238492);
#74=CIRCLE('',#1899,0.000706220860342754);
#75=CIRCLE('',#1900,0.000600141509448176);
#76=CIRCLE('',#1901,0.00899999999999981);
#77=CIRCLE('',#1902,0.001);
#78=CIRCLE('',#1903,0.001);
#79=CIRCLE('',#1904,0.009);
#80=CIRCLE('',#1905,0.001);
#81=CIRCLE('',#1906,0.001);
#82=CIRCLE('',#1907,0.004);
#83=CIRCLE('',#1908,0.001);
#84=CIRCLE('',#1909,0.009);
#85=CIRCLE('',#1910,0.001);
#86=CIRCLE('',#1911,0.001);
#87=CIRCLE('',#1912,0.009);
#88=CIRCLE('',#1913,0.000846183557689429);
#89=CIRCLE('',#1914,0.001);
#90=CIRCLE('',#1915,0.001);
#91=CIRCLE('',#1916,0.00215000000000012);
#92=CIRCLE('',#1917,0.00215);
#93=CIRCLE('',#1918,0.00215);
#94=CIRCLE('',#1919,0.007);
#95=CIRCLE('',#1920,0.007);
#96=CIRCLE('',#1921,0.007);
#97=CIRCLE('',#1922,0.004);
#98=CIRCLE('',#1923,0.004);
#99=CIRCLE('',#1924,0.004);
#100=CIRCLE('',#1925,0.0125);
#101=CIRCLE('',#1926,0.0125);
#102=CIRCLE('',#1927,0.009);
#103=CIRCLE('',#1928,0.00084745041238492);
#104=CIRCLE('',#1929,0.001);
#105=CIRCLE('',#1930,0.001);
#106=CIRCLE('',#1931,0.001);
#107=CIRCLE('',#1932,0.00399999999999974);
#108=CIRCLE('',#1933,0.001);
#109=CIRCLE('',#1934,0.001);
#110=CIRCLE('',#1935,0.009);
#111=CIRCLE('',#1936,0.001);
#112=CIRCLE('',#1937,0.001);
#113=CIRCLE('',#1938,0.009);
#114=CIRCLE('',#1939,0.001);
#115=CIRCLE('',#1940,0.001);
#116=CIRCLE('',#1941,0.009);
#117=CIRCLE('',#1942,0.001);
#118=CIRCLE('',#1943,0.001);
#119=CIRCLE('',#1944,0.009);
#120=CIRCLE('',#1945,0.001);
#121=CIRCLE('',#1946,0.001);
#122=CIRCLE('',#1947,0.001);
#123=CIRCLE('',#1948,0.001);
#124=CIRCLE('',#1949,0.009);
#125=CIRCLE('',#1950,0.001);
#126=CIRCLE('',#1951,0.001);
#127=CIRCLE('',#1952,0.001);
#128=CIRCLE('',#1953,0.00400000000000048);
#129=CIRCLE('',#1954,0.001);
#130=CIRCLE('',#1955,0.001);
#131=CIRCLE('',#1956,0.00399999999999995);
#132=CIRCLE('',#1957,0.001);
#133=CIRCLE('',#1958,0.001);
#134=CIRCLE('',#1959,0.001);
#135=CIRCLE('',#1960,0.009);
#136=CIRCLE('',#1961,0.000846183557689426);
#137=CIRCLE('',#1962,0.001);
#138=CIRCLE('',#1964,0.00400000000000048);
#139=CIRCLE('',#1965,0.001);
#140=CIRCLE('',#1966,0.001);
#141=CIRCLE('',#1967,0.001);
#142=CIRCLE('',#1968,0.009);
#143=CIRCLE('',#1969,0.001);
#144=CIRCLE('',#1970,0.001);
#145=CIRCLE('',#1971,0.00400000000000048);
#146=CIRCLE('',#1972,0.00399999999999974);
#147=CIRCLE('',#1973,0.001);
#148=CIRCLE('',#1974,0.001);
#149=CIRCLE('',#1975,0.001);
#150=CIRCLE('',#1976,0.009);
#151=CIRCLE('',#1977,0.001);
#152=CIRCLE('',#1978,0.001);
#153=CIRCLE('',#1979,0.00399999999999974);
#154=CIRCLE('',#1980,0.0125);
#155=CIRCLE('',#1981,0.0125);
#156=CIRCLE('',#1982,0.004);
#157=CIRCLE('',#1983,0.00084745041238492);
#158=CIRCLE('',#1984,0.009);
#159=CIRCLE('',#1985,0.001);
#160=CIRCLE('',#1986,0.001);
#161=CIRCLE('',#1987,0.007);
#162=CIRCLE('',#1988,0.007);
#163=CIRCLE('',#1989,0.007);
#164=CIRCLE('',#1990,0.00215);
#165=CIRCLE('',#1991,0.001);
#166=CIRCLE('',#1992,0.009);
#167=CIRCLE('',#1993,0.001);
#168=CIRCLE('',#1994,0.001);
#169=CIRCLE('',#1995,0.000846183557689429);
#170=CIRCLE('',#1996,0.009);
#171=CIRCLE('',#1997,0.001);
#172=CIRCLE('',#1998,0.001);
#173=CIRCLE('',#1999,0.009);
#174=CIRCLE('',#2000,0.001);
#175=CIRCLE('',#2001,0.001);
#176=CIRCLE('',#2002,0.009);
#177=CIRCLE('',#2003,0.001);
#178=CIRCLE('',#2004,0.009);
#179=CIRCLE('',#2005,0.001);
#180=CIRCLE('',#2006,0.001);
#181=CIRCLE('',#2007,0.004);
#182=CIRCLE('',#2008,0.001);
#183=CIRCLE('',#2009,0.001);
#184=CIRCLE('',#2010,0.001);
#185=CIRCLE('',#2011,0.009);
#186=CIRCLE('',#2012,0.001);
#187=CIRCLE('',#2013,0.001);
#188=CIRCLE('',#2014,0.001);
#189=CIRCLE('',#2015,0.000706220860342754);
#190=CIRCLE('',#2016,0.001);
#191=CIRCLE('',#2017,0.00899999999999981);
#192=CIRCLE('',#2018,0.000600141509448176);
#193=CIRCLE('',#2019,0.001);
#194=CIRCLE('',#2020,0.00399999999999995);
#195=CIRCLE('',#2021,0.001);
#196=CIRCLE('',#2022,0.000846183557689426);
#197=CIRCLE('',#2023,0.009);
#198=CIRCLE('',#2024,0.001);
#199=CIRCLE('',#2025,0.001);
#200=CIRCLE('',#2034,0.00400000000000048);
#201=CIRCLE('',#2037,0.00215);
#202=CIRCLE('',#2043,0.00399999999999974);
#203=CIRCLE('',#2045,0.00215000000000012);
#204=ORIENTED_EDGE('',*,*,#752,.T.);
#205=ORIENTED_EDGE('',*,*,#753,.T.);
#206=ORIENTED_EDGE('',*,*,#754,.T.);
#207=ORIENTED_EDGE('',*,*,#755,.T.);
#208=ORIENTED_EDGE('',*,*,#756,.F.);
#209=ORIENTED_EDGE('',*,*,#757,.T.);
#210=ORIENTED_EDGE('',*,*,#758,.F.);
#211=ORIENTED_EDGE('',*,*,#759,.T.);
#212=ORIENTED_EDGE('',*,*,#760,.F.);
#213=ORIENTED_EDGE('',*,*,#761,.T.);
#214=ORIENTED_EDGE('',*,*,#762,.T.);
#215=ORIENTED_EDGE('',*,*,#763,.T.);
#216=ORIENTED_EDGE('',*,*,#764,.F.);
#217=ORIENTED_EDGE('',*,*,#765,.T.);
#218=ORIENTED_EDGE('',*,*,#766,.F.);
#219=ORIENTED_EDGE('',*,*,#767,.T.);
#220=ORIENTED_EDGE('',*,*,#768,.T.);
#221=ORIENTED_EDGE('',*,*,#769,.T.);
#222=ORIENTED_EDGE('',*,*,#770,.F.);
#223=ORIENTED_EDGE('',*,*,#771,.T.);
#224=ORIENTED_EDGE('',*,*,#772,.F.);
#225=ORIENTED_EDGE('',*,*,#773,.T.);
#226=ORIENTED_EDGE('',*,*,#774,.T.);
#227=ORIENTED_EDGE('',*,*,#775,.T.);
#228=ORIENTED_EDGE('',*,*,#776,.T.);
#229=ORIENTED_EDGE('',*,*,#777,.T.);
#230=ORIENTED_EDGE('',*,*,#778,.T.);
#231=ORIENTED_EDGE('',*,*,#779,.T.);
#232=ORIENTED_EDGE('',*,*,#780,.T.);
#233=ORIENTED_EDGE('',*,*,#781,.T.);
#234=ORIENTED_EDGE('',*,*,#782,.F.);
#235=ORIENTED_EDGE('',*,*,#783,.F.);
#236=ORIENTED_EDGE('',*,*,#784,.T.);
#237=ORIENTED_EDGE('',*,*,#785,.F.);
#238=ORIENTED_EDGE('',*,*,#786,.T.);
#239=ORIENTED_EDGE('',*,*,#787,.F.);
#240=ORIENTED_EDGE('',*,*,#788,.F.);
#241=ORIENTED_EDGE('',*,*,#789,.F.);
#242=ORIENTED_EDGE('',*,*,#790,.F.);
#243=ORIENTED_EDGE('',*,*,#791,.F.);
#244=ORIENTED_EDGE('',*,*,#792,.F.);
#245=ORIENTED_EDGE('',*,*,#793,.T.);
#246=ORIENTED_EDGE('',*,*,#794,.T.);
#247=ORIENTED_EDGE('',*,*,#795,.T.);
#248=ORIENTED_EDGE('',*,*,#796,.F.);
#249=ORIENTED_EDGE('',*,*,#797,.T.);
#250=ORIENTED_EDGE('',*,*,#798,.F.);
#251=ORIENTED_EDGE('',*,*,#799,.T.);
#252=ORIENTED_EDGE('',*,*,#800,.F.);
#253=ORIENTED_EDGE('',*,*,#801,.T.);
#254=ORIENTED_EDGE('',*,*,#802,.T.);
#255=ORIENTED_EDGE('',*,*,#803,.T.);
#256=ORIENTED_EDGE('',*,*,#804,.F.);
#257=ORIENTED_EDGE('',*,*,#805,.T.);
#258=ORIENTED_EDGE('',*,*,#806,.F.);
#259=ORIENTED_EDGE('',*,*,#807,.T.);
#260=ORIENTED_EDGE('',*,*,#808,.F.);
#261=ORIENTED_EDGE('',*,*,#809,.T.);
#262=ORIENTED_EDGE('',*,*,#810,.T.);
#263=ORIENTED_EDGE('',*,*,#811,.T.);
#264=ORIENTED_EDGE('',*,*,#812,.F.);
#265=ORIENTED_EDGE('',*,*,#813,.T.);
#266=ORIENTED_EDGE('',*,*,#814,.F.);
#267=ORIENTED_EDGE('',*,*,#815,.T.);
#268=ORIENTED_EDGE('',*,*,#816,.F.);
#269=ORIENTED_EDGE('',*,*,#817,.T.);
#270=ORIENTED_EDGE('',*,*,#818,.T.);
#271=ORIENTED_EDGE('',*,*,#819,.T.);
#272=ORIENTED_EDGE('',*,*,#820,.T.);
#273=ORIENTED_EDGE('',*,*,#821,.T.);
#274=ORIENTED_EDGE('',*,*,#822,.T.);
#275=ORIENTED_EDGE('',*,*,#823,.T.);
#276=ORIENTED_EDGE('',*,*,#824,.F.);
#277=ORIENTED_EDGE('',*,*,#825,.T.);
#278=ORIENTED_EDGE('',*,*,#826,.T.);
#279=ORIENTED_EDGE('',*,*,#827,.T.);
#280=ORIENTED_EDGE('',*,*,#828,.T.);
#281=ORIENTED_EDGE('',*,*,#829,.T.);
#282=ORIENTED_EDGE('',*,*,#830,.F.);
#283=ORIENTED_EDGE('',*,*,#831,.T.);
#284=ORIENTED_EDGE('',*,*,#832,.F.);
#285=ORIENTED_EDGE('',*,*,#833,.T.);
#286=ORIENTED_EDGE('',*,*,#834,.F.);
#287=ORIENTED_EDGE('',*,*,#835,.T.);
#288=ORIENTED_EDGE('',*,*,#836,.T.);
#289=ORIENTED_EDGE('',*,*,#837,.T.);
#290=ORIENTED_EDGE('',*,*,#838,.F.);
#291=ORIENTED_EDGE('',*,*,#839,.T.);
#292=ORIENTED_EDGE('',*,*,#840,.F.);
#293=ORIENTED_EDGE('',*,*,#841,.T.);
#294=ORIENTED_EDGE('',*,*,#842,.T.);
#295=ORIENTED_EDGE('',*,*,#843,.T.);
#296=ORIENTED_EDGE('',*,*,#844,.F.);
#297=ORIENTED_EDGE('',*,*,#845,.T.);
#298=ORIENTED_EDGE('',*,*,#846,.F.);
#299=ORIENTED_EDGE('',*,*,#847,.T.);
#300=ORIENTED_EDGE('',*,*,#848,.F.);
#301=ORIENTED_EDGE('',*,*,#849,.T.);
#302=ORIENTED_EDGE('',*,*,#850,.T.);
#303=ORIENTED_EDGE('',*,*,#851,.T.);
#304=ORIENTED_EDGE('',*,*,#852,.T.);
#305=ORIENTED_EDGE('',*,*,#853,.T.);
#306=ORIENTED_EDGE('',*,*,#854,.F.);
#307=ORIENTED_EDGE('',*,*,#855,.F.);
#308=ORIENTED_EDGE('',*,*,#856,.F.);
#309=ORIENTED_EDGE('',*,*,#857,.T.);
#310=ORIENTED_EDGE('',*,*,#858,.T.);
#311=ORIENTED_EDGE('',*,*,#859,.T.);
#312=ORIENTED_EDGE('',*,*,#860,.T.);
#313=ORIENTED_EDGE('',*,*,#861,.T.);
#314=ORIENTED_EDGE('',*,*,#862,.T.);
#315=ORIENTED_EDGE('',*,*,#863,.T.);
#316=ORIENTED_EDGE('',*,*,#864,.F.);
#317=ORIENTED_EDGE('',*,*,#865,.T.);
#318=ORIENTED_EDGE('',*,*,#866,.F.);
#319=ORIENTED_EDGE('',*,*,#867,.T.);
#320=ORIENTED_EDGE('',*,*,#868,.T.);
#321=ORIENTED_EDGE('',*,*,#869,.T.);
#322=ORIENTED_EDGE('',*,*,#870,.T.);
#323=ORIENTED_EDGE('',*,*,#871,.T.);
#324=ORIENTED_EDGE('',*,*,#872,.T.);
#325=ORIENTED_EDGE('',*,*,#873,.F.);
#326=ORIENTED_EDGE('',*,*,#874,.F.);
#327=ORIENTED_EDGE('',*,*,#875,.F.);
#328=ORIENTED_EDGE('',*,*,#876,.T.);
#329=ORIENTED_EDGE('',*,*,#877,.T.);
#330=ORIENTED_EDGE('',*,*,#878,.T.);
#331=ORIENTED_EDGE('',*,*,#879,.T.);
#332=ORIENTED_EDGE('',*,*,#880,.F.);
#333=ORIENTED_EDGE('',*,*,#881,.F.);
#334=ORIENTED_EDGE('',*,*,#882,.F.);
#335=ORIENTED_EDGE('',*,*,#883,.F.);
#336=ORIENTED_EDGE('',*,*,#884,.F.);
#337=ORIENTED_EDGE('',*,*,#885,.T.);
#338=ORIENTED_EDGE('',*,*,#886,.T.);
#339=ORIENTED_EDGE('',*,*,#887,.T.);
#340=ORIENTED_EDGE('',*,*,#888,.F.);
#341=ORIENTED_EDGE('',*,*,#889,.T.);
#342=ORIENTED_EDGE('',*,*,#890,.T.);
#343=ORIENTED_EDGE('',*,*,#891,.F.);
#344=ORIENTED_EDGE('',*,*,#892,.T.);
#345=ORIENTED_EDGE('',*,*,#893,.T.);
#346=ORIENTED_EDGE('',*,*,#894,.F.);
#347=ORIENTED_EDGE('',*,*,#895,.T.);
#348=ORIENTED_EDGE('',*,*,#896,.T.);
#349=ORIENTED_EDGE('',*,*,#897,.T.);
#350=ORIENTED_EDGE('',*,*,#898,.T.);
#351=ORIENTED_EDGE('',*,*,#899,.T.);
#352=ORIENTED_EDGE('',*,*,#900,.T.);
#353=ORIENTED_EDGE('',*,*,#901,.T.);
#354=ORIENTED_EDGE('',*,*,#902,.T.);
#355=ORIENTED_EDGE('',*,*,#903,.T.);
#356=ORIENTED_EDGE('',*,*,#904,.T.);
#357=ORIENTED_EDGE('',*,*,#905,.T.);
#358=ORIENTED_EDGE('',*,*,#906,.T.);
#359=ORIENTED_EDGE('',*,*,#907,.T.);
#360=ORIENTED_EDGE('',*,*,#908,.F.);
#361=ORIENTED_EDGE('',*,*,#909,.T.);
#362=ORIENTED_EDGE('',*,*,#910,.F.);
#363=ORIENTED_EDGE('',*,*,#911,.T.);
#364=ORIENTED_EDGE('',*,*,#912,.T.);
#365=ORIENTED_EDGE('',*,*,#913,.T.);
#366=ORIENTED_EDGE('',*,*,#914,.F.);
#367=ORIENTED_EDGE('',*,*,#915,.T.);
#368=ORIENTED_EDGE('',*,*,#916,.F.);
#369=ORIENTED_EDGE('',*,*,#917,.T.);
#370=ORIENTED_EDGE('',*,*,#918,.F.);
#371=ORIENTED_EDGE('',*,*,#919,.F.);
#372=ORIENTED_EDGE('',*,*,#920,.F.);
#373=ORIENTED_EDGE('',*,*,#921,.T.);
#374=ORIENTED_EDGE('',*,*,#922,.T.);
#375=ORIENTED_EDGE('',*,*,#923,.F.);
#376=ORIENTED_EDGE('',*,*,#924,.F.);
#377=ORIENTED_EDGE('',*,*,#925,.T.);
#378=ORIENTED_EDGE('',*,*,#926,.T.);
#379=ORIENTED_EDGE('',*,*,#927,.T.);
#380=ORIENTED_EDGE('',*,*,#928,.F.);
#381=ORIENTED_EDGE('',*,*,#929,.F.);
#382=ORIENTED_EDGE('',*,*,#930,.T.);
#383=ORIENTED_EDGE('',*,*,#931,.T.);
#384=ORIENTED_EDGE('',*,*,#932,.T.);
#385=ORIENTED_EDGE('',*,*,#933,.T.);
#386=ORIENTED_EDGE('',*,*,#867,.F.);
#387=ORIENTED_EDGE('',*,*,#934,.F.);
#388=ORIENTED_EDGE('',*,*,#935,.F.);
#389=ORIENTED_EDGE('',*,*,#936,.F.);
#390=ORIENTED_EDGE('',*,*,#782,.T.);
#391=ORIENTED_EDGE('',*,*,#937,.T.);
#392=ORIENTED_EDGE('',*,*,#868,.F.);
#393=ORIENTED_EDGE('',*,*,#937,.F.);
#394=ORIENTED_EDGE('',*,*,#791,.T.);
#395=ORIENTED_EDGE('',*,*,#938,.T.);
#396=ORIENTED_EDGE('',*,*,#869,.F.);
#397=ORIENTED_EDGE('',*,*,#938,.F.);
#398=ORIENTED_EDGE('',*,*,#790,.T.);
#399=ORIENTED_EDGE('',*,*,#939,.T.);
#400=ORIENTED_EDGE('',*,*,#870,.F.);
#401=ORIENTED_EDGE('',*,*,#939,.F.);
#402=ORIENTED_EDGE('',*,*,#789,.T.);
#403=ORIENTED_EDGE('',*,*,#940,.T.);
#404=ORIENTED_EDGE('',*,*,#871,.F.);
#405=ORIENTED_EDGE('',*,*,#940,.F.);
#406=ORIENTED_EDGE('',*,*,#788,.T.);
#407=ORIENTED_EDGE('',*,*,#941,.T.);
#408=ORIENTED_EDGE('',*,*,#872,.F.);
#409=ORIENTED_EDGE('',*,*,#941,.F.);
#410=ORIENTED_EDGE('',*,*,#787,.T.);
#411=ORIENTED_EDGE('',*,*,#942,.T.);
#412=ORIENTED_EDGE('',*,*,#873,.T.);
#413=ORIENTED_EDGE('',*,*,#942,.F.);
#414=ORIENTED_EDGE('',*,*,#786,.F.);
#415=ORIENTED_EDGE('',*,*,#943,.T.);
#416=ORIENTED_EDGE('',*,*,#944,.T.);
#417=ORIENTED_EDGE('',*,*,#854,.T.);
#418=ORIENTED_EDGE('',*,*,#945,.T.);
#419=ORIENTED_EDGE('',*,*,#830,.T.);
#420=ORIENTED_EDGE('',*,*,#946,.T.);
#421=ORIENTED_EDGE('',*,*,#844,.T.);
#422=ORIENTED_EDGE('',*,*,#943,.F.);
#423=ORIENTED_EDGE('',*,*,#785,.T.);
#424=ORIENTED_EDGE('',*,*,#947,.F.);
#425=ORIENTED_EDGE('',*,*,#855,.T.);
#426=ORIENTED_EDGE('',*,*,#944,.F.);
#427=ORIENTED_EDGE('',*,*,#784,.F.);
#428=ORIENTED_EDGE('',*,*,#948,.T.);
#429=ORIENTED_EDGE('',*,*,#777,.F.);
#430=ORIENTED_EDGE('',*,*,#949,.T.);
#431=ORIENTED_EDGE('',*,*,#778,.F.);
#432=ORIENTED_EDGE('',*,*,#883,.T.);
#433=ORIENTED_EDGE('',*,*,#779,.F.);
#434=ORIENTED_EDGE('',*,*,#882,.T.);
#435=ORIENTED_EDGE('',*,*,#780,.F.);
#436=ORIENTED_EDGE('',*,*,#881,.T.);
#437=ORIENTED_EDGE('',*,*,#781,.F.);
#438=ORIENTED_EDGE('',*,*,#880,.T.);
#439=ORIENTED_EDGE('',*,*,#936,.T.);
#440=ORIENTED_EDGE('',*,*,#950,.F.);
#441=ORIENTED_EDGE('',*,*,#934,.T.);
#442=ORIENTED_EDGE('',*,*,#866,.T.);
#443=ORIENTED_EDGE('',*,*,#951,.T.);
#444=ORIENTED_EDGE('',*,*,#800,.T.);
#445=ORIENTED_EDGE('',*,*,#952,.T.);
#446=ORIENTED_EDGE('',*,*,#856,.T.);
#447=ORIENTED_EDGE('',*,*,#948,.F.);
#448=ORIENTED_EDGE('',*,*,#783,.T.);
#449=ORIENTED_EDGE('',*,*,#776,.F.);
#450=ORIENTED_EDGE('',*,*,#953,.T.);
#451=ORIENTED_EDGE('',*,*,#874,.T.);
#452=ORIENTED_EDGE('',*,*,#954,.T.);
#453=ORIENTED_EDGE('',*,*,#794,.F.);
#454=ORIENTED_EDGE('',*,*,#955,.T.);
#455=ORIENTED_EDGE('',*,*,#796,.T.);
#456=ORIENTED_EDGE('',*,*,#956,.T.);
#457=ORIENTED_EDGE('',*,*,#878,.F.);
#458=ORIENTED_EDGE('',*,*,#957,.T.);
#459=ORIENTED_EDGE('',*,*,#792,.T.);
#460=ORIENTED_EDGE('',*,*,#958,.T.);
#461=ORIENTED_EDGE('',*,*,#876,.F.);
#462=ORIENTED_EDGE('',*,*,#959,.T.);
#463=ORIENTED_EDGE('',*,*,#798,.T.);
#464=ORIENTED_EDGE('',*,*,#960,.T.);
#465=ORIENTED_EDGE('',*,*,#858,.F.);
#466=ORIENTED_EDGE('',*,*,#961,.T.);
#467=ORIENTED_EDGE('',*,*,#802,.F.);
#468=ORIENTED_EDGE('',*,*,#962,.T.);
#469=ORIENTED_EDGE('',*,*,#864,.T.);
#470=ORIENTED_EDGE('',*,*,#963,.T.);
#471=ORIENTED_EDGE('',*,*,#862,.F.);
#472=ORIENTED_EDGE('',*,*,#964,.T.);
#473=ORIENTED_EDGE('',*,*,#804,.T.);
#474=ORIENTED_EDGE('',*,*,#965,.T.);
#475=ORIENTED_EDGE('',*,*,#806,.T.);
#476=ORIENTED_EDGE('',*,*,#966,.T.);
#477=ORIENTED_EDGE('',*,*,#860,.F.);
#478=ORIENTED_EDGE('',*,*,#967,.T.);
#479=ORIENTED_EDGE('',*,*,#886,.F.);
#480=ORIENTED_EDGE('',*,*,#968,.T.);
#481=ORIENTED_EDGE('',*,*,#766,.T.);
#482=ORIENTED_EDGE('',*,*,#969,.T.);
#483=ORIENTED_EDGE('',*,*,#884,.T.);
#484=ORIENTED_EDGE('',*,*,#970,.T.);
#485=ORIENTED_EDGE('',*,*,#768,.F.);
#486=ORIENTED_EDGE('',*,*,#971,.T.);
#487=ORIENTED_EDGE('',*,*,#770,.T.);
#488=ORIENTED_EDGE('',*,*,#972,.T.);
#489=ORIENTED_EDGE('',*,*,#892,.F.);
#490=ORIENTED_EDGE('',*,*,#973,.T.);
#491=ORIENTED_EDGE('',*,*,#772,.T.);
#492=ORIENTED_EDGE('',*,*,#974,.T.);
#493=ORIENTED_EDGE('',*,*,#890,.F.);
#494=ORIENTED_EDGE('',*,*,#975,.T.);
#495=ORIENTED_EDGE('',*,*,#774,.F.);
#496=ORIENTED_EDGE('',*,*,#976,.T.);
#497=ORIENTED_EDGE('',*,*,#888,.T.);
#498=ORIENTED_EDGE('',*,*,#977,.T.);
#499=ORIENTED_EDGE('',*,*,#808,.T.);
#500=ORIENTED_EDGE('',*,*,#978,.T.);
#501=ORIENTED_EDGE('',*,*,#896,.F.);
#502=ORIENTED_EDGE('',*,*,#979,.T.);
#503=ORIENTED_EDGE('',*,*,#894,.T.);
#504=ORIENTED_EDGE('',*,*,#980,.T.);
#505=ORIENTED_EDGE('',*,*,#810,.F.);
#506=ORIENTED_EDGE('',*,*,#981,.T.);
#507=ORIENTED_EDGE('',*,*,#900,.F.);
#508=ORIENTED_EDGE('',*,*,#982,.T.);
#509=ORIENTED_EDGE('',*,*,#812,.T.);
#510=ORIENTED_EDGE('',*,*,#983,.T.);
#511=ORIENTED_EDGE('',*,*,#814,.T.);
#512=ORIENTED_EDGE('',*,*,#984,.T.);
#513=ORIENTED_EDGE('',*,*,#898,.F.);
#514=ORIENTED_EDGE('',*,*,#985,.T.);
#515=ORIENTED_EDGE('',*,*,#904,.F.);
#516=ORIENTED_EDGE('',*,*,#986,.T.);
#517=ORIENTED_EDGE('',*,*,#758,.T.);
#518=ORIENTED_EDGE('',*,*,#987,.T.);
#519=ORIENTED_EDGE('',*,*,#760,.T.);
#520=ORIENTED_EDGE('',*,*,#988,.T.);
#521=ORIENTED_EDGE('',*,*,#902,.F.);
#522=ORIENTED_EDGE('',*,*,#989,.T.);
#523=ORIENTED_EDGE('',*,*,#762,.F.);
#524=ORIENTED_EDGE('',*,*,#990,.T.);
#525=ORIENTED_EDGE('',*,*,#908,.T.);
#526=ORIENTED_EDGE('',*,*,#991,.T.);
#527=ORIENTED_EDGE('',*,*,#764,.T.);
#528=ORIENTED_EDGE('',*,*,#992,.T.);
#529=ORIENTED_EDGE('',*,*,#906,.F.);
#530=ORIENTED_EDGE('',*,*,#993,.T.);
#531=ORIENTED_EDGE('',*,*,#816,.T.);
#532=ORIENTED_EDGE('',*,*,#994,.T.);
#533=ORIENTED_EDGE('',*,*,#912,.F.);
#534=ORIENTED_EDGE('',*,*,#995,.T.);
#535=ORIENTED_EDGE('',*,*,#818,.F.);
#536=ORIENTED_EDGE('',*,*,#996,.T.);
#537=ORIENTED_EDGE('',*,*,#910,.T.);
#538=ORIENTED_EDGE('',*,*,#997,.T.);
#539=ORIENTED_EDGE('',*,*,#916,.T.);
#540=ORIENTED_EDGE('',*,*,#998,.T.);
#541=ORIENTED_EDGE('',*,*,#820,.F.);
#542=ORIENTED_EDGE('',*,*,#999,.T.);
#543=ORIENTED_EDGE('',*,*,#914,.T.);
#544=ORIENTED_EDGE('',*,*,#1000,.T.);
#545=ORIENTED_EDGE('',*,*,#822,.F.);
#546=ORIENTED_EDGE('',*,*,#1001,.T.);
#547=ORIENTED_EDGE('',*,*,#918,.T.);
#548=ORIENTED_EDGE('',*,*,#1002,.T.);
#549=ORIENTED_EDGE('',*,*,#754,.F.);
#550=ORIENTED_EDGE('',*,*,#1003,.T.);
#551=ORIENTED_EDGE('',*,*,#756,.T.);
#552=ORIENTED_EDGE('',*,*,#1004,.T.);
#553=ORIENTED_EDGE('',*,*,#922,.F.);
#554=ORIENTED_EDGE('',*,*,#1005,.T.);
#555=ORIENTED_EDGE('',*,*,#752,.F.);
#556=ORIENTED_EDGE('',*,*,#1006,.T.);
#557=ORIENTED_EDGE('',*,*,#920,.T.);
#558=ORIENTED_EDGE('',*,*,#1007,.T.);
#559=ORIENTED_EDGE('',*,*,#848,.T.);
#560=ORIENTED_EDGE('',*,*,#1008,.T.);
#561=ORIENTED_EDGE('',*,*,#826,.F.);
#562=ORIENTED_EDGE('',*,*,#1009,.T.);
#563=ORIENTED_EDGE('',*,*,#846,.T.);
#564=ORIENTED_EDGE('',*,*,#1010,.T.);
#565=ORIENTED_EDGE('',*,*,#828,.F.);
#566=ORIENTED_EDGE('',*,*,#1011,.T.);
#567=ORIENTED_EDGE('',*,*,#832,.T.);
#568=ORIENTED_EDGE('',*,*,#1012,.T.);
#569=ORIENTED_EDGE('',*,*,#852,.F.);
#570=ORIENTED_EDGE('',*,*,#1013,.T.);
#571=ORIENTED_EDGE('',*,*,#850,.F.);
#572=ORIENTED_EDGE('',*,*,#1014,.T.);
#573=ORIENTED_EDGE('',*,*,#824,.T.);
#574=ORIENTED_EDGE('',*,*,#1015,.T.);
#575=ORIENTED_EDGE('',*,*,#834,.T.);
#576=ORIENTED_EDGE('',*,*,#1016,.T.);
#577=ORIENTED_EDGE('',*,*,#926,.F.);
#578=ORIENTED_EDGE('',*,*,#1017,.T.);
#579=ORIENTED_EDGE('',*,*,#924,.T.);
#580=ORIENTED_EDGE('',*,*,#1018,.T.);
#581=ORIENTED_EDGE('',*,*,#836,.F.);
#582=ORIENTED_EDGE('',*,*,#1019,.T.);
#583=ORIENTED_EDGE('',*,*,#932,.F.);
#584=ORIENTED_EDGE('',*,*,#1020,.T.);
#585=ORIENTED_EDGE('',*,*,#838,.T.);
#586=ORIENTED_EDGE('',*,*,#1021,.T.);
#587=ORIENTED_EDGE('',*,*,#840,.T.);
#588=ORIENTED_EDGE('',*,*,#1022,.T.);
#589=ORIENTED_EDGE('',*,*,#930,.F.);
#590=ORIENTED_EDGE('',*,*,#1023,.T.);
#591=ORIENTED_EDGE('',*,*,#928,.T.);
#592=ORIENTED_EDGE('',*,*,#1024,.T.);
#593=ORIENTED_EDGE('',*,*,#842,.F.);
#594=ORIENTED_EDGE('',*,*,#1025,.T.);
#595=ORIENTED_EDGE('',*,*,#797,.F.);
#596=ORIENTED_EDGE('',*,*,#957,.F.);
#597=ORIENTED_EDGE('',*,*,#877,.F.);
#598=ORIENTED_EDGE('',*,*,#958,.F.);
#599=ORIENTED_EDGE('',*,*,#757,.F.);
#600=ORIENTED_EDGE('',*,*,#1005,.F.);
#601=ORIENTED_EDGE('',*,*,#921,.F.);
#602=ORIENTED_EDGE('',*,*,#1006,.F.);
#603=ORIENTED_EDGE('',*,*,#831,.F.);
#604=ORIENTED_EDGE('',*,*,#945,.F.);
#605=ORIENTED_EDGE('',*,*,#853,.F.);
#606=ORIENTED_EDGE('',*,*,#1012,.F.);
#607=ORIENTED_EDGE('',*,*,#829,.F.);
#608=ORIENTED_EDGE('',*,*,#1010,.F.);
#609=ORIENTED_EDGE('',*,*,#845,.F.);
#610=ORIENTED_EDGE('',*,*,#946,.F.);
#611=ORIENTED_EDGE('',*,*,#827,.F.);
#612=ORIENTED_EDGE('',*,*,#1008,.F.);
#613=ORIENTED_EDGE('',*,*,#847,.F.);
#614=ORIENTED_EDGE('',*,*,#1011,.F.);
#615=ORIENTED_EDGE('',*,*,#825,.F.);
#616=ORIENTED_EDGE('',*,*,#1014,.F.);
#617=ORIENTED_EDGE('',*,*,#849,.F.);
#618=ORIENTED_EDGE('',*,*,#1009,.F.);
#619=ORIENTED_EDGE('',*,*,#833,.F.);
#620=ORIENTED_EDGE('',*,*,#1013,.F.);
#621=ORIENTED_EDGE('',*,*,#851,.F.);
#622=ORIENTED_EDGE('',*,*,#1015,.F.);
#623=ORIENTED_EDGE('',*,*,#839,.F.);
#624=ORIENTED_EDGE('',*,*,#1020,.F.);
#625=ORIENTED_EDGE('',*,*,#931,.F.);
#626=ORIENTED_EDGE('',*,*,#1022,.F.);
#627=ORIENTED_EDGE('',*,*,#837,.F.);
#628=ORIENTED_EDGE('',*,*,#1018,.F.);
#629=ORIENTED_EDGE('',*,*,#933,.F.);
#630=ORIENTED_EDGE('',*,*,#1021,.F.);
#631=ORIENTED_EDGE('',*,*,#843,.F.);
#632=ORIENTED_EDGE('',*,*,#1024,.F.);
#633=ORIENTED_EDGE('',*,*,#927,.F.);
#634=ORIENTED_EDGE('',*,*,#1016,.F.);
#635=ORIENTED_EDGE('',*,*,#835,.F.);
#636=ORIENTED_EDGE('',*,*,#1017,.F.);
#637=ORIENTED_EDGE('',*,*,#925,.F.);
#638=ORIENTED_EDGE('',*,*,#1019,.F.);
#639=ORIENTED_EDGE('',*,*,#821,.F.);
#640=ORIENTED_EDGE('',*,*,#998,.F.);
#641=ORIENTED_EDGE('',*,*,#915,.F.);
#642=ORIENTED_EDGE('',*,*,#1001,.F.);
#643=ORIENTED_EDGE('',*,*,#817,.F.);
#644=ORIENTED_EDGE('',*,*,#995,.F.);
#645=ORIENTED_EDGE('',*,*,#911,.F.);
#646=ORIENTED_EDGE('',*,*,#996,.F.);
#647=ORIENTED_EDGE('',*,*,#819,.F.);
#648=ORIENTED_EDGE('',*,*,#997,.F.);
#649=ORIENTED_EDGE('',*,*,#917,.F.);
#650=ORIENTED_EDGE('',*,*,#999,.F.);
#651=ORIENTED_EDGE('',*,*,#805,.F.);
#652=ORIENTED_EDGE('',*,*,#964,.F.);
#653=ORIENTED_EDGE('',*,*,#861,.F.);
#654=ORIENTED_EDGE('',*,*,#966,.F.);
#655=ORIENTED_EDGE('',*,*,#807,.F.);
#656=ORIENTED_EDGE('',*,*,#967,.F.);
#657=ORIENTED_EDGE('',*,*,#859,.F.);
#658=ORIENTED_EDGE('',*,*,#960,.F.);
#659=ORIENTED_EDGE('',*,*,#799,.F.);
#660=ORIENTED_EDGE('',*,*,#961,.F.);
#661=ORIENTED_EDGE('',*,*,#857,.F.);
#662=ORIENTED_EDGE('',*,*,#952,.F.);
#663=ORIENTED_EDGE('',*,*,#801,.F.);
#664=ORIENTED_EDGE('',*,*,#951,.F.);
#665=ORIENTED_EDGE('',*,*,#865,.F.);
#666=ORIENTED_EDGE('',*,*,#962,.F.);
#667=ORIENTED_EDGE('',*,*,#803,.F.);
#668=ORIENTED_EDGE('',*,*,#963,.F.);
#669=ORIENTED_EDGE('',*,*,#863,.F.);
#670=ORIENTED_EDGE('',*,*,#965,.F.);
#671=ORIENTED_EDGE('',*,*,#761,.F.);
#672=ORIENTED_EDGE('',*,*,#989,.F.);
#673=ORIENTED_EDGE('',*,*,#909,.F.);
#674=ORIENTED_EDGE('',*,*,#990,.F.);
#675=ORIENTED_EDGE('',*,*,#763,.F.);
#676=ORIENTED_EDGE('',*,*,#991,.F.);
#677=ORIENTED_EDGE('',*,*,#907,.F.);
#678=ORIENTED_EDGE('',*,*,#992,.F.);
#679=ORIENTED_EDGE('',*,*,#765,.F.);
#680=ORIENTED_EDGE('',*,*,#993,.F.);
#681=ORIENTED_EDGE('',*,*,#905,.F.);
#682=ORIENTED_EDGE('',*,*,#987,.F.);
#683=ORIENTED_EDGE('',*,*,#769,.F.);
#684=ORIENTED_EDGE('',*,*,#970,.F.);
#685=ORIENTED_EDGE('',*,*,#893,.F.);
#686=ORIENTED_EDGE('',*,*,#972,.F.);
#687=ORIENTED_EDGE('',*,*,#773,.F.);
#688=ORIENTED_EDGE('',*,*,#975,.F.);
#689=ORIENTED_EDGE('',*,*,#889,.F.);
#690=ORIENTED_EDGE('',*,*,#976,.F.);
#691=ORIENTED_EDGE('',*,*,#767,.F.);
#692=ORIENTED_EDGE('',*,*,#968,.F.);
#693=ORIENTED_EDGE('',*,*,#885,.F.);
#694=ORIENTED_EDGE('',*,*,#971,.F.);
#695=ORIENTED_EDGE('',*,*,#775,.F.);
#696=ORIENTED_EDGE('',*,*,#977,.F.);
#697=ORIENTED_EDGE('',*,*,#887,.F.);
#698=ORIENTED_EDGE('',*,*,#969,.F.);
#699=ORIENTED_EDGE('',*,*,#813,.F.);
#700=ORIENTED_EDGE('',*,*,#982,.F.);
#701=ORIENTED_EDGE('',*,*,#899,.F.);
#702=ORIENTED_EDGE('',*,*,#984,.F.);
#703=ORIENTED_EDGE('',*,*,#815,.F.);
#704=ORIENTED_EDGE('',*,*,#985,.F.);
#705=ORIENTED_EDGE('',*,*,#897,.F.);
#706=ORIENTED_EDGE('',*,*,#978,.F.);
#707=ORIENTED_EDGE('',*,*,#811,.F.);
#708=ORIENTED_EDGE('',*,*,#980,.F.);
#709=ORIENTED_EDGE('',*,*,#901,.F.);
#710=ORIENTED_EDGE('',*,*,#983,.F.);
#711=ORIENTED_EDGE('',*,*,#809,.F.);
#712=ORIENTED_EDGE('',*,*,#979,.F.);
#713=ORIENTED_EDGE('',*,*,#895,.F.);
#714=ORIENTED_EDGE('',*,*,#981,.F.);
#715=ORIENTED_EDGE('',*,*,#823,.F.);
#716=ORIENTED_EDGE('',*,*,#1000,.F.);
#717=ORIENTED_EDGE('',*,*,#913,.F.);
#718=ORIENTED_EDGE('',*,*,#994,.F.);
#719=ORIENTED_EDGE('',*,*,#795,.F.);
#720=ORIENTED_EDGE('',*,*,#954,.F.);
#721=ORIENTED_EDGE('',*,*,#879,.F.);
#722=ORIENTED_EDGE('',*,*,#956,.F.);
#723=ORIENTED_EDGE('',*,*,#903,.F.);
#724=ORIENTED_EDGE('',*,*,#988,.F.);
#725=ORIENTED_EDGE('',*,*,#759,.F.);
#726=ORIENTED_EDGE('',*,*,#986,.F.);
#727=ORIENTED_EDGE('',*,*,#891,.T.);
#728=ORIENTED_EDGE('',*,*,#974,.F.);
#729=ORIENTED_EDGE('',*,*,#771,.F.);
#730=ORIENTED_EDGE('',*,*,#973,.F.);
#731=ORIENTED_EDGE('',*,*,#929,.T.);
#732=ORIENTED_EDGE('',*,*,#1025,.F.);
#733=ORIENTED_EDGE('',*,*,#841,.F.);
#734=ORIENTED_EDGE('',*,*,#1023,.F.);
#735=ORIENTED_EDGE('',*,*,#919,.T.);
#736=ORIENTED_EDGE('',*,*,#1003,.F.);
#737=ORIENTED_EDGE('',*,*,#753,.F.);
#738=ORIENTED_EDGE('',*,*,#1007,.F.);
#739=ORIENTED_EDGE('',*,*,#923,.T.);
#740=ORIENTED_EDGE('',*,*,#1004,.F.);
#741=ORIENTED_EDGE('',*,*,#755,.F.);
#742=ORIENTED_EDGE('',*,*,#1002,.F.);
#743=ORIENTED_EDGE('',*,*,#875,.T.);
#744=ORIENTED_EDGE('',*,*,#955,.F.);
#745=ORIENTED_EDGE('',*,*,#793,.F.);
#746=ORIENTED_EDGE('',*,*,#959,.F.);
#747=ORIENTED_EDGE('',*,*,#953,.F.);
#748=ORIENTED_EDGE('',*,*,#950,.T.);
#749=ORIENTED_EDGE('',*,*,#935,.T.);
#750=ORIENTED_EDGE('',*,*,#949,.F.);
#751=ORIENTED_EDGE('',*,*,#947,.T.);
#752=EDGE_CURVE('',#1026,#1027,#1213,.T.);
#753=EDGE_CURVE('',#1027,#1028,#74,.T.);
#754=EDGE_CURVE('',#1028,#1029,#1214,.T.);
#755=EDGE_CURVE('',#1029,#1030,#75,.T.);
#756=EDGE_CURVE('',#1031,#1030,#76,.T.);
#757=EDGE_CURVE('',#1031,#1026,#77,.T.);
#758=EDGE_CURVE('',#1032,#1033,#1215,.T.);
#759=EDGE_CURVE('',#1032,#1034,#78,.T.);
#760=EDGE_CURVE('',#1035,#1034,#79,.T.);
#761=EDGE_CURVE('',#1035,#1036,#80,.T.);
#762=EDGE_CURVE('',#1036,#1037,#1216,.T.);
#763=EDGE_CURVE('',#1037,#1038,#81,.T.);
#764=EDGE_CURVE('',#1039,#1038,#82,.T.);
#765=EDGE_CURVE('',#1039,#1033,#83,.T.);
#766=EDGE_CURVE('',#1040,#1041,#84,.T.);
#767=EDGE_CURVE('',#1040,#1042,#85,.T.);
#768=EDGE_CURVE('',#1042,#1043,#1217,.T.);
#769=EDGE_CURVE('',#1043,#1044,#86,.T.);
#770=EDGE_CURVE('',#1045,#1044,#87,.T.);
#771=EDGE_CURVE('',#1045,#1046,#88,.T.);
#772=EDGE_CURVE('',#1047,#1046,#1218,.T.);
#773=EDGE_CURVE('',#1047,#1048,#89,.T.);
#774=EDGE_CURVE('',#1048,#1049,#1219,.T.);
#775=EDGE_CURVE('',#1049,#1041,#90,.T.);
#776=EDGE_CURVE('',#1050,#1050,#91,.T.);
#777=EDGE_CURVE('',#1051,#1051,#92,.T.);
#778=EDGE_CURVE('',#1052,#1052,#93,.T.);
#779=EDGE_CURVE('',#1053,#1053,#94,.T.);
#780=EDGE_CURVE('',#1054,#1054,#95,.T.);
#781=EDGE_CURVE('',#1055,#1055,#96,.T.);
#782=EDGE_CURVE('',#1056,#1057,#1220,.T.);
#783=EDGE_CURVE('',#1058,#1056,#97,.T.);
#784=EDGE_CURVE('',#1058,#1059,#1221,.T.);
#785=EDGE_CURVE('',#1060,#1059,#98,.T.);
#786=EDGE_CURVE('',#1060,#1061,#1222,.T.);
#787=EDGE_CURVE('',#1062,#1061,#99,.T.);
#788=EDGE_CURVE('',#1063,#1062,#1223,.T.);
#789=EDGE_CURVE('',#1064,#1063,#100,.T.);
#790=EDGE_CURVE('',#1065,#1064,#1224,.T.);
#791=EDGE_CURVE('',#1057,#1065,#101,.T.);
#792=EDGE_CURVE('',#1066,#1067,#102,.T.);
#793=EDGE_CURVE('',#1066,#1068,#103,.T.);
#794=EDGE_CURVE('',#1068,#1069,#1225,.T.);
#795=EDGE_CURVE('',#1069,#1070,#104,.T.);
#796=EDGE_CURVE('',#1071,#1070,#1226,.T.);
#797=EDGE_CURVE('',#1071,#1067,#105,.T.);
#798=EDGE_CURVE('',#1072,#1073,#1227,.T.);
#799=EDGE_CURVE('',#1072,#1074,#106,.T.);
#800=EDGE_CURVE('',#1075,#1074,#107,.T.);
#801=EDGE_CURVE('',#1075,#1076,#108,.T.);
#802=EDGE_CURVE('',#1076,#1077,#1228,.T.);
#803=EDGE_CURVE('',#1077,#1078,#109,.T.);
#804=EDGE_CURVE('',#1079,#1078,#110,.T.);
#805=EDGE_CURVE('',#1079,#1080,#111,.T.);
#806=EDGE_CURVE('',#1081,#1080,#1229,.T.);
#807=EDGE_CURVE('',#1081,#1073,#112,.T.);
#808=EDGE_CURVE('',#1082,#1083,#113,.T.);
#809=EDGE_CURVE('',#1082,#1084,#114,.T.);
#810=EDGE_CURVE('',#1084,#1085,#1230,.T.);
#811=EDGE_CURVE('',#1085,#1086,#115,.T.);
#812=EDGE_CURVE('',#1087,#1086,#116,.T.);
#813=EDGE_CURVE('',#1087,#1088,#117,.T.);
#814=EDGE_CURVE('',#1089,#1088,#1231,.T.);
#815=EDGE_CURVE('',#1089,#1083,#118,.T.);
#816=EDGE_CURVE('',#1090,#1091,#119,.T.);
#817=EDGE_CURVE('',#1090,#1092,#120,.T.);
#818=EDGE_CURVE('',#1092,#1093,#1232,.T.);
#819=EDGE_CURVE('',#1093,#1094,#121,.T.);
#820=EDGE_CURVE('',#1094,#1095,#1233,.T.);
#821=EDGE_CURVE('',#1095,#1096,#122,.T.);
#822=EDGE_CURVE('',#1096,#1097,#1234,.T.);
#823=EDGE_CURVE('',#1097,#1091,#123,.T.);
#824=EDGE_CURVE('',#1098,#1099,#124,.T.);
#825=EDGE_CURVE('',#1098,#1100,#125,.T.);
#826=EDGE_CURVE('',#1100,#1101,#1235,.T.);
#827=EDGE_CURVE('',#1101,#1102,#126,.T.);
#828=EDGE_CURVE('',#1102,#1103,#1236,.T.);
#829=EDGE_CURVE('',#1103,#1104,#127,.T.);
#830=EDGE_CURVE('',#1105,#1104,#128,.T.);
#831=EDGE_CURVE('',#1105,#1106,#129,.T.);
#832=EDGE_CURVE('',#1107,#1106,#1237,.T.);
#833=EDGE_CURVE('',#1107,#1099,#130,.T.);
#834=EDGE_CURVE('',#1108,#1109,#131,.T.);
#835=EDGE_CURVE('',#1108,#1110,#132,.T.);
#836=EDGE_CURVE('',#1110,#1111,#1238,.T.);
#837=EDGE_CURVE('',#1111,#1112,#133,.T.);
#838=EDGE_CURVE('',#1113,#1112,#1239,.T.);
#839=EDGE_CURVE('',#1113,#1114,#134,.T.);
#840=EDGE_CURVE('',#1115,#1114,#135,.T.);
#841=EDGE_CURVE('',#1115,#1116,#136,.T.);
#842=EDGE_CURVE('',#1116,#1117,#1240,.T.);
#843=EDGE_CURVE('',#1117,#1109,#137,.T.);
#844=EDGE_CURVE('',#1118,#1119,#138,.T.);
#845=EDGE_CURVE('',#1118,#1120,#139,.F.);
#846=EDGE_CURVE('',#1121,#1120,#1241,.T.);
#847=EDGE_CURVE('',#1121,#1122,#140,.F.);
#848=EDGE_CURVE('',#1123,#1122,#1242,.T.);
#849=EDGE_CURVE('',#1123,#1124,#141,.F.);
#850=EDGE_CURVE('',#1124,#1125,#142,.T.);
#851=EDGE_CURVE('',#1125,#1126,#143,.F.);
#852=EDGE_CURVE('',#1126,#1127,#1243,.T.);
#853=EDGE_CURVE('',#1127,#1128,#144,.F.);
#854=EDGE_CURVE('',#1129,#1128,#145,.T.);
#855=EDGE_CURVE('',#1130,#1129,#1244,.T.);
#856=EDGE_CURVE('',#1131,#1130,#146,.T.);
#857=EDGE_CURVE('',#1131,#1132,#147,.F.);
#858=EDGE_CURVE('',#1132,#1133,#1245,.T.);
#859=EDGE_CURVE('',#1133,#1134,#148,.F.);
#860=EDGE_CURVE('',#1134,#1135,#1246,.T.);
#861=EDGE_CURVE('',#1135,#1136,#149,.F.);
#862=EDGE_CURVE('',#1136,#1137,#150,.T.);
#863=EDGE_CURVE('',#1137,#1138,#151,.F.);
#864=EDGE_CURVE('',#1139,#1138,#1247,.T.);
#865=EDGE_CURVE('',#1139,#1140,#152,.F.);
#866=EDGE_CURVE('',#1141,#1140,#153,.T.);
#867=EDGE_CURVE('',#1141,#1142,#1248,.T.);
#868=EDGE_CURVE('',#1142,#1143,#154,.T.);
#869=EDGE_CURVE('',#1143,#1144,#1249,.T.);
#870=EDGE_CURVE('',#1144,#1145,#155,.T.);
#871=EDGE_CURVE('',#1145,#1146,#1250,.T.);
#872=EDGE_CURVE('',#1146,#1147,#156,.T.);
#873=EDGE_CURVE('',#1119,#1147,#1251,.T.);
#874=EDGE_CURVE('',#1148,#1149,#1252,.T.);
#875=EDGE_CURVE('',#1150,#1148,#157,.T.);
#876=EDGE_CURVE('',#1150,#1151,#158,.T.);
#877=EDGE_CURVE('',#1151,#1152,#159,.F.);
#878=EDGE_CURVE('',#1152,#1153,#1253,.T.);
#879=EDGE_CURVE('',#1153,#1149,#160,.F.);
#880=EDGE_CURVE('',#1154,#1154,#161,.T.);
#881=EDGE_CURVE('',#1155,#1155,#162,.T.);
#882=EDGE_CURVE('',#1156,#1156,#163,.T.);
#883=EDGE_CURVE('',#1157,#1157,#164,.T.);
#884=EDGE_CURVE('',#1158,#1159,#1254,.T.);
#885=EDGE_CURVE('',#1158,#1160,#165,.F.);
#886=EDGE_CURVE('',#1160,#1161,#166,.T.);
#887=EDGE_CURVE('',#1161,#1162,#167,.F.);
#888=EDGE_CURVE('',#1163,#1162,#1255,.T.);
#889=EDGE_CURVE('',#1163,#1164,#168,.F.);
#890=EDGE_CURVE('',#1164,#1165,#1256,.T.);
#891=EDGE_CURVE('',#1166,#1165,#169,.T.);
#892=EDGE_CURVE('',#1166,#1167,#170,.T.);
#893=EDGE_CURVE('',#1167,#1159,#171,.F.);
#894=EDGE_CURVE('',#1168,#1169,#1257,.T.);
#895=EDGE_CURVE('',#1168,#1170,#172,.F.);
#896=EDGE_CURVE('',#1170,#1171,#173,.T.);
#897=EDGE_CURVE('',#1171,#1172,#174,.F.);
#898=EDGE_CURVE('',#1172,#1173,#1258,.T.);
#899=EDGE_CURVE('',#1173,#1174,#175,.F.);
#900=EDGE_CURVE('',#1174,#1175,#176,.T.);
#901=EDGE_CURVE('',#1175,#1169,#177,.F.);
#902=EDGE_CURVE('',#1176,#1177,#178,.T.);
#903=EDGE_CURVE('',#1177,#1178,#179,.F.);
#904=EDGE_CURVE('',#1178,#1179,#1259,.T.);
#905=EDGE_CURVE('',#1179,#1180,#180,.F.);
#906=EDGE_CURVE('',#1180,#1181,#181,.T.);
#907=EDGE_CURVE('',#1181,#1182,#182,.F.);
#908=EDGE_CURVE('',#1183,#1182,#1260,.T.);
#909=EDGE_CURVE('',#1183,#1176,#183,.F.);
#910=EDGE_CURVE('',#1184,#1185,#1261,.T.);
#911=EDGE_CURVE('',#1184,#1186,#184,.F.);
#912=EDGE_CURVE('',#1186,#1187,#185,.T.);
#913=EDGE_CURVE('',#1187,#1188,#186,.F.);
#914=EDGE_CURVE('',#1189,#1188,#1262,.T.);
#915=EDGE_CURVE('',#1189,#1190,#187,.F.);
#916=EDGE_CURVE('',#1191,#1190,#1263,.T.);
#917=EDGE_CURVE('',#1191,#1185,#188,.F.);
#918=EDGE_CURVE('',#1192,#1193,#1264,.T.);
#919=EDGE_CURVE('',#1194,#1192,#189,.T.);
#920=EDGE_CURVE('',#1195,#1194,#1265,.T.);
#921=EDGE_CURVE('',#1195,#1196,#190,.F.);
#922=EDGE_CURVE('',#1196,#1197,#191,.T.);
#923=EDGE_CURVE('',#1193,#1197,#192,.T.);
#924=EDGE_CURVE('',#1198,#1199,#1266,.T.);
#925=EDGE_CURVE('',#1198,#1200,#193,.F.);
#926=EDGE_CURVE('',#1200,#1201,#194,.T.);
#927=EDGE_CURVE('',#1201,#1202,#195,.F.);
#928=EDGE_CURVE('',#1203,#1202,#1267,.T.);
#929=EDGE_CURVE('',#1204,#1203,#196,.T.);
#930=EDGE_CURVE('',#1204,#1205,#197,.T.);
#931=EDGE_CURVE('',#1205,#1206,#198,.F.);
#932=EDGE_CURVE('',#1206,#1207,#1268,.T.);
#933=EDGE_CURVE('',#1207,#1199,#199,.F.);
#934=EDGE_CURVE('',#1208,#1141,#1269,.T.);
#935=EDGE_CURVE('',#1209,#1208,#1270,.T.);
#936=EDGE_CURVE('',#1056,#1209,#1271,.T.);
#937=EDGE_CURVE('',#1057,#1142,#1272,.T.);
#938=EDGE_CURVE('',#1065,#1143,#1273,.T.);
#939=EDGE_CURVE('',#1064,#1144,#1274,.T.);
#940=EDGE_CURVE('',#1063,#1145,#1275,.T.);
#941=EDGE_CURVE('',#1062,#1146,#1276,.T.);
#942=EDGE_CURVE('',#1061,#1147,#1277,.T.);
#943=EDGE_CURVE('',#1060,#1119,#1278,.T.);
#944=EDGE_CURVE('',#1059,#1129,#1279,.T.);
#945=EDGE_CURVE('',#1128,#1105,#1280,.F.);
#946=EDGE_CURVE('',#1104,#1118,#1281,.T.);
#947=EDGE_CURVE('',#1210,#1210,#200,.T.);
#948=EDGE_CURVE('',#1058,#1130,#1282,.T.);
#949=EDGE_CURVE('',#1211,#1211,#201,.T.);
#950=EDGE_CURVE('',#1208,#1209,#202,.T.);
#951=EDGE_CURVE('',#1140,#1075,#1283,.F.);
#952=EDGE_CURVE('',#1074,#1131,#1284,.T.);
#953=EDGE_CURVE('',#1212,#1212,#203,.T.);
#954=EDGE_CURVE('',#1149,#1069,#1285,.F.);
#955=EDGE_CURVE('',#1068,#1148,#1286,.T.);
#956=EDGE_CURVE('',#1070,#1153,#1287,.T.);
#957=EDGE_CURVE('',#1152,#1071,#1288,.T.);
#958=EDGE_CURVE('',#1067,#1151,#1289,.T.);
#959=EDGE_CURVE('',#1150,#1066,#1290,.F.);
#960=EDGE_CURVE('',#1073,#1133,#1291,.T.);
#961=EDGE_CURVE('',#1132,#1072,#1292,.T.);
#962=EDGE_CURVE('',#1076,#1139,#1293,.T.);
#963=EDGE_CURVE('',#1138,#1077,#1294,.F.);
#964=EDGE_CURVE('',#1136,#1079,#1295,.F.);
#965=EDGE_CURVE('',#1078,#1137,#1296,.T.);
#966=EDGE_CURVE('',#1080,#1135,#1297,.F.);
#967=EDGE_CURVE('',#1134,#1081,#1298,.F.);
#968=EDGE_CURVE('',#1160,#1040,#1299,.F.);
#969=EDGE_CURVE('',#1041,#1161,#1300,.T.);
#970=EDGE_CURVE('',#1159,#1043,#1301,.F.);
#971=EDGE_CURVE('',#1042,#1158,#1302,.T.);
#972=EDGE_CURVE('',#1044,#1167,#1303,.T.);
#973=EDGE_CURVE('',#1166,#1045,#1304,.F.);
#974=EDGE_CURVE('',#1046,#1165,#1305,.T.);
#975=EDGE_CURVE('',#1164,#1047,#1306,.F.);
#976=EDGE_CURVE('',#1048,#1163,#1307,.T.);
#977=EDGE_CURVE('',#1162,#1049,#1308,.F.);
#978=EDGE_CURVE('',#1083,#1171,#1309,.T.);
#979=EDGE_CURVE('',#1170,#1082,#1310,.F.);
#980=EDGE_CURVE('',#1169,#1085,#1311,.F.);
#981=EDGE_CURVE('',#1084,#1168,#1312,.T.);
#982=EDGE_CURVE('',#1174,#1087,#1313,.F.);
#983=EDGE_CURVE('',#1086,#1175,#1314,.T.);
#984=EDGE_CURVE('',#1088,#1173,#1315,.F.);
#985=EDGE_CURVE('',#1172,#1089,#1316,.T.);
#986=EDGE_CURVE('',#1178,#1032,#1317,.T.);
#987=EDGE_CURVE('',#1033,#1179,#1318,.F.);
#988=EDGE_CURVE('',#1034,#1177,#1319,.T.);
#989=EDGE_CURVE('',#1176,#1035,#1320,.F.);
#990=EDGE_CURVE('',#1036,#1183,#1321,.T.);
#991=EDGE_CURVE('',#1182,#1037,#1322,.F.);
#992=EDGE_CURVE('',#1038,#1181,#1323,.T.);
#993=EDGE_CURVE('',#1180,#1039,#1324,.F.);
#994=EDGE_CURVE('',#1091,#1187,#1325,.T.);
#995=EDGE_CURVE('',#1186,#1090,#1326,.F.);
#996=EDGE_CURVE('',#1092,#1184,#1327,.T.);
#997=EDGE_CURVE('',#1185,#1093,#1328,.F.);
#998=EDGE_CURVE('',#1190,#1095,#1329,.F.);
#999=EDGE_CURVE('',#1094,#1191,#1330,.T.);
#1000=EDGE_CURVE('',#1188,#1097,#1331,.F.);
#1001=EDGE_CURVE('',#1096,#1189,#1332,.T.);
#1002=EDGE_CURVE('',#1193,#1029,#1333,.F.);
#1003=EDGE_CURVE('',#1028,#1192,#1334,.T.);
#1004=EDGE_CURVE('',#1030,#1197,#1335,.T.);
#1005=EDGE_CURVE('',#1196,#1031,#1336,.F.);
#1006=EDGE_CURVE('',#1026,#1195,#1337,.T.);
#1007=EDGE_CURVE('',#1194,#1027,#1338,.F.);
#1008=EDGE_CURVE('',#1122,#1101,#1339,.F.);
#1009=EDGE_CURVE('',#1100,#1123,#1340,.T.);
#1010=EDGE_CURVE('',#1120,#1103,#1341,.F.);
#1011=EDGE_CURVE('',#1102,#1121,#1342,.T.);
#1012=EDGE_CURVE('',#1106,#1127,#1343,.F.);
#1013=EDGE_CURVE('',#1126,#1107,#1344,.T.);
#1014=EDGE_CURVE('',#1124,#1098,#1345,.F.);
#1015=EDGE_CURVE('',#1099,#1125,#1346,.T.);
#1016=EDGE_CURVE('',#1109,#1201,#1347,.T.);
#1017=EDGE_CURVE('',#1200,#1108,#1348,.F.);
#1018=EDGE_CURVE('',#1199,#1111,#1349,.F.);
#1019=EDGE_CURVE('',#1110,#1198,#1350,.T.);
#1020=EDGE_CURVE('',#1206,#1113,#1351,.T.);
#1021=EDGE_CURVE('',#1112,#1207,#1352,.T.);
#1022=EDGE_CURVE('',#1114,#1205,#1353,.T.);
#1023=EDGE_CURVE('',#1204,#1115,#1354,.F.);
#1024=EDGE_CURVE('',#1202,#1117,#1355,.F.);
#1025=EDGE_CURVE('',#1116,#1203,#1356,.T.);
#1026=VERTEX_POINT('',#2719);
#1027=VERTEX_POINT('',#2720);
#1028=VERTEX_POINT('',#2722);
#1029=VERTEX_POINT('',#2724);
#1030=VERTEX_POINT('',#2726);
#1031=VERTEX_POINT('',#2728);
#1032=VERTEX_POINT('',#2731);
#1033=VERTEX_POINT('',#2732);
#1034=VERTEX_POINT('',#2734);
#1035=VERTEX_POINT('',#2736);
#1036=VERTEX_POINT('',#2738);
#1037=VERTEX_POINT('',#2740);
#1038=VERTEX_POINT('',#2742);
#1039=VERTEX_POINT('',#2744);
#1040=VERTEX_POINT('',#2747);
#1041=VERTEX_POINT('',#2748);
#1042=VERTEX_POINT('',#2750);
#1043=VERTEX_POINT('',#2752);
#1044=VERTEX_POINT('',#2754);
#1045=VERTEX_POINT('',#2756);
#1046=VERTEX_POINT('',#2758);
#1047=VERTEX_POINT('',#2760);
#1048=VERTEX_POINT('',#2762);
#1049=VERTEX_POINT('',#2764);
#1050=VERTEX_POINT('',#2767);
#1051=VERTEX_POINT('',#2769);
#1052=VERTEX_POINT('',#2771);
#1053=VERTEX_POINT('',#2773);
#1054=VERTEX_POINT('',#2775);
#1055=VERTEX_POINT('',#2777);
#1056=VERTEX_POINT('',#2779);
#1057=VERTEX_POINT('',#2780);
#1058=VERTEX_POINT('',#2782);
#1059=VERTEX_POINT('',#2784);
#1060=VERTEX_POINT('',#2786);
#1061=VERTEX_POINT('',#2788);
#1062=VERTEX_POINT('',#2790);
#1063=VERTEX_POINT('',#2792);
#1064=VERTEX_POINT('',#2794);
#1065=VERTEX_POINT('',#2796);
#1066=VERTEX_POINT('',#2799);
#1067=VERTEX_POINT('',#2800);
#1068=VERTEX_POINT('',#2802);
#1069=VERTEX_POINT('',#2804);
#1070=VERTEX_POINT('',#2806);
#1071=VERTEX_POINT('',#2808);
#1072=VERTEX_POINT('',#2811);
#1073=VERTEX_POINT('',#2812);
#1074=VERTEX_POINT('',#2814);
#1075=VERTEX_POINT('',#2816);
#1076=VERTEX_POINT('',#2818);
#1077=VERTEX_POINT('',#2820);
#1078=VERTEX_POINT('',#2822);
#1079=VERTEX_POINT('',#2824);
#1080=VERTEX_POINT('',#2826);
#1081=VERTEX_POINT('',#2828);
#1082=VERTEX_POINT('',#2831);
#1083=VERTEX_POINT('',#2832);
#1084=VERTEX_POINT('',#2834);
#1085=VERTEX_POINT('',#2836);
#1086=VERTEX_POINT('',#2838);
#1087=VERTEX_POINT('',#2840);
#1088=VERTEX_POINT('',#2842);
#1089=VERTEX_POINT('',#2844);
#1090=VERTEX_POINT('',#2847);
#1091=VERTEX_POINT('',#2848);
#1092=VERTEX_POINT('',#2850);
#1093=VERTEX_POINT('',#2852);
#1094=VERTEX_POINT('',#2854);
#1095=VERTEX_POINT('',#2856);
#1096=VERTEX_POINT('',#2858);
#1097=VERTEX_POINT('',#2860);
#1098=VERTEX_POINT('',#2863);
#1099=VERTEX_POINT('',#2864);
#1100=VERTEX_POINT('',#2866);
#1101=VERTEX_POINT('',#2868);
#1102=VERTEX_POINT('',#2870);
#1103=VERTEX_POINT('',#2872);
#1104=VERTEX_POINT('',#2874);
#1105=VERTEX_POINT('',#2876);
#1106=VERTEX_POINT('',#2878);
#1107=VERTEX_POINT('',#2880);
#1108=VERTEX_POINT('',#2883);
#1109=VERTEX_POINT('',#2884);
#1110=VERTEX_POINT('',#2886);
#1111=VERTEX_POINT('',#2888);
#1112=VERTEX_POINT('',#2890);
#1113=VERTEX_POINT('',#2892);
#1114=VERTEX_POINT('',#2894);
#1115=VERTEX_POINT('',#2896);
#1116=VERTEX_POINT('',#2898);
#1117=VERTEX_POINT('',#2900);
#1118=VERTEX_POINT('',#2904);
#1119=VERTEX_POINT('',#2905);
#1120=VERTEX_POINT('',#2907);
#1121=VERTEX_POINT('',#2909);
#1122=VERTEX_POINT('',#2911);
#1123=VERTEX_POINT('',#2913);
#1124=VERTEX_POINT('',#2915);
#1125=VERTEX_POINT('',#2917);
#1126=VERTEX_POINT('',#2919);
#1127=VERTEX_POINT('',#2921);
#1128=VERTEX_POINT('',#2923);
#1129=VERTEX_POINT('',#2925);
#1130=VERTEX_POINT('',#2927);
#1131=VERTEX_POINT('',#2929);
#1132=VERTEX_POINT('',#2931);
#1133=VERTEX_POINT('',#2933);
#1134=VERTEX_POINT('',#2935);
#1135=VERTEX_POINT('',#2937);
#1136=VERTEX_POINT('',#2939);
#1137=VERTEX_POINT('',#2941);
#1138=VERTEX_POINT('',#2943);
#1139=VERTEX_POINT('',#2945);
#1140=VERTEX_POINT('',#2947);
#1141=VERTEX_POINT('',#2949);
#1142=VERTEX_POINT('',#2951);
#1143=VERTEX_POINT('',#2953);
#1144=VERTEX_POINT('',#2955);
#1145=VERTEX_POINT('',#2957);
#1146=VERTEX_POINT('',#2959);
#1147=VERTEX_POINT('',#2961);
#1148=VERTEX_POINT('',#2964);
#1149=VERTEX_POINT('',#2965);
#1150=VERTEX_POINT('',#2967);
#1151=VERTEX_POINT('',#2969);
#1152=VERTEX_POINT('',#2971);
#1153=VERTEX_POINT('',#2973);
#1154=VERTEX_POINT('',#2976);
#1155=VERTEX_POINT('',#2978);
#1156=VERTEX_POINT('',#2980);
#1157=VERTEX_POINT('',#2982);
#1158=VERTEX_POINT('',#2984);
#1159=VERTEX_POINT('',#2985);
#1160=VERTEX_POINT('',#2987);
#1161=VERTEX_POINT('',#2989);
#1162=VERTEX_POINT('',#2991);
#1163=VERTEX_POINT('',#2993);
#1164=VERTEX_POINT('',#2995);
#1165=VERTEX_POINT('',#2997);
#1166=VERTEX_POINT('',#2999);
#1167=VERTEX_POINT('',#3001);
#1168=VERTEX_POINT('',#3004);
#1169=VERTEX_POINT('',#3005);
#1170=VERTEX_POINT('',#3007);
#1171=VERTEX_POINT('',#3009);
#1172=VERTEX_POINT('',#3011);
#1173=VERTEX_POINT('',#3013);
#1174=VERTEX_POINT('',#3015);
#1175=VERTEX_POINT('',#3017);
#1176=VERTEX_POINT('',#3020);
#1177=VERTEX_POINT('',#3021);
#1178=VERTEX_POINT('',#3023);
#1179=VERTEX_POINT('',#3025);
#1180=VERTEX_POINT('',#3027);
#1181=VERTEX_POINT('',#3029);
#1182=VERTEX_POINT('',#3031);
#1183=VERTEX_POINT('',#3033);
#1184=VERTEX_POINT('',#3036);
#1185=VERTEX_POINT('',#3037);
#1186=VERTEX_POINT('',#3039);
#1187=VERTEX_POINT('',#3041);
#1188=VERTEX_POINT('',#3043);
#1189=VERTEX_POINT('',#3045);
#1190=VERTEX_POINT('',#3047);
#1191=VERTEX_POINT('',#3049);
#1192=VERTEX_POINT('',#3052);
#1193=VERTEX_POINT('',#3053);
#1194=VERTEX_POINT('',#3055);
#1195=VERTEX_POINT('',#3057);
#1196=VERTEX_POINT('',#3059);
#1197=VERTEX_POINT('',#3061);
#1198=VERTEX_POINT('',#3064);
#1199=VERTEX_POINT('',#3065);
#1200=VERTEX_POINT('',#3067);
#1201=VERTEX_POINT('',#3069);
#1202=VERTEX_POINT('',#3071);
#1203=VERTEX_POINT('',#3073);
#1204=VERTEX_POINT('',#3075);
#1205=VERTEX_POINT('',#3077);
#1206=VERTEX_POINT('',#3079);
#1207=VERTEX_POINT('',#3081);
#1208=VERTEX_POINT('',#3085);
#1209=VERTEX_POINT('',#3087);
#1210=VERTEX_POINT('',#3107);
#1211=VERTEX_POINT('',#3112);
#1212=VERTEX_POINT('',#3123);
#1213=LINE('',#2718,#1357);
#1214=LINE('',#2723,#1358);
#1215=LINE('',#2730,#1359);
#1216=LINE('',#2739,#1360);
#1217=LINE('',#2751,#1361);
#1218=LINE('',#2759,#1362);
#1219=LINE('',#2763,#1363);
#1220=LINE('',#2778,#1364);
#1221=LINE('',#2783,#1365);
#1222=LINE('',#2787,#1366);
#1223=LINE('',#2791,#1367);
#1224=LINE('',#2795,#1368);
#1225=LINE('',#2803,#1369);
#1226=LINE('',#2807,#1370);
#1227=LINE('',#2810,#1371);
#1228=LINE('',#2819,#1372);
#1229=LINE('',#2827,#1373);
#1230=LINE('',#2835,#1374);
#1231=LINE('',#2843,#1375);
#1232=LINE('',#2851,#1376);
#1233=LINE('',#2855,#1377);
#1234=LINE('',#2859,#1378);
#1235=LINE('',#2867,#1379);
#1236=LINE('',#2871,#1380);
#1237=LINE('',#2879,#1381);
#1238=LINE('',#2887,#1382);
#1239=LINE('',#2891,#1383);
#1240=LINE('',#2899,#1384);
#1241=LINE('',#2908,#1385);
#1242=LINE('',#2912,#1386);
#1243=LINE('',#2920,#1387);
#1244=LINE('',#2926,#1388);
#1245=LINE('',#2932,#1389);
#1246=LINE('',#2936,#1390);
#1247=LINE('',#2944,#1391);
#1248=LINE('',#2950,#1392);
#1249=LINE('',#2954,#1393);
#1250=LINE('',#2958,#1394);
#1251=LINE('',#2962,#1395);
#1252=LINE('',#2963,#1396);
#1253=LINE('',#2972,#1397);
#1254=LINE('',#2983,#1398);
#1255=LINE('',#2992,#1399);
#1256=LINE('',#2996,#1400);
#1257=LINE('',#3003,#1401);
#1258=LINE('',#3012,#1402);
#1259=LINE('',#3024,#1403);
#1260=LINE('',#3032,#1404);
#1261=LINE('',#3035,#1405);
#1262=LINE('',#3044,#1406);
#1263=LINE('',#3048,#1407);
#1264=LINE('',#3051,#1408);
#1265=LINE('',#3056,#1409);
#1266=LINE('',#3063,#1410);
#1267=LINE('',#3072,#1411);
#1268=LINE('',#3080,#1412);
#1269=LINE('',#3084,#1413);
#1270=LINE('',#3086,#1414);
#1271=LINE('',#3088,#1415);
#1272=LINE('',#3089,#1416);
#1273=LINE('',#3091,#1417);
#1274=LINE('',#3093,#1418);
#1275=LINE('',#3095,#1419);
#1276=LINE('',#3097,#1420);
#1277=LINE('',#3099,#1421);
#1278=LINE('',#3101,#1422);
#1279=LINE('',#3103,#1423);
#1280=LINE('',#3104,#1424);
#1281=LINE('',#3105,#1425);
#1282=LINE('',#3109,#1426);
#1283=LINE('',#3119,#1427);
#1284=LINE('',#3120,#1428);
#1285=LINE('',#3125,#1429);
#1286=LINE('',#3126,#1430);
#1287=LINE('',#3128,#1431);
#1288=LINE('',#3129,#1432);
#1289=LINE('',#3131,#1433);
#1290=LINE('',#3132,#1434);
#1291=LINE('',#3134,#1435);
#1292=LINE('',#3135,#1436);
#1293=LINE('',#3137,#1437);
#1294=LINE('',#3138,#1438);
#1295=LINE('',#3140,#1439);
#1296=LINE('',#3141,#1440);
#1297=LINE('',#3143,#1441);
#1298=LINE('',#3144,#1442);
#1299=LINE('',#3146,#1443);
#1300=LINE('',#3147,#1444);
#1301=LINE('',#3149,#1445);
#1302=LINE('',#3150,#1446);
#1303=LINE('',#3152,#1447);
#1304=LINE('',#3153,#1448);
#1305=LINE('',#3155,#1449);
#1306=LINE('',#3156,#1450);
#1307=LINE('',#3158,#1451);
#1308=LINE('',#3159,#1452);
#1309=LINE('',#3161,#1453);
#1310=LINE('',#3162,#1454);
#1311=LINE('',#3164,#1455);
#1312=LINE('',#3165,#1456);
#1313=LINE('',#3167,#1457);
#1314=LINE('',#3168,#1458);
#1315=LINE('',#3170,#1459);
#1316=LINE('',#3171,#1460);
#1317=LINE('',#3173,#1461);
#1318=LINE('',#3174,#1462);
#1319=LINE('',#3176,#1463);
#1320=LINE('',#3177,#1464);
#1321=LINE('',#3179,#1465);
#1322=LINE('',#3180,#1466);
#1323=LINE('',#3182,#1467);
#1324=LINE('',#3183,#1468);
#1325=LINE('',#3185,#1469);
#1326=LINE('',#3186,#1470);
#1327=LINE('',#3188,#1471);
#1328=LINE('',#3189,#1472);
#1329=LINE('',#3191,#1473);
#1330=LINE('',#3192,#1474);
#1331=LINE('',#3194,#1475);
#1332=LINE('',#3195,#1476);
#1333=LINE('',#3197,#1477);
#1334=LINE('',#3198,#1478);
#1335=LINE('',#3200,#1479);
#1336=LINE('',#3201,#1480);
#1337=LINE('',#3203,#1481);
#1338=LINE('',#3204,#1482);
#1339=LINE('',#3206,#1483);
#1340=LINE('',#3207,#1484);
#1341=LINE('',#3209,#1485);
#1342=LINE('',#3210,#1486);
#1343=LINE('',#3212,#1487);
#1344=LINE('',#3213,#1488);
#1345=LINE('',#3215,#1489);
#1346=LINE('',#3216,#1490);
#1347=LINE('',#3218,#1491);
#1348=LINE('',#3219,#1492);
#1349=LINE('',#3221,#1493);
#1350=LINE('',#3222,#1494);
#1351=LINE('',#3224,#1495);
#1352=LINE('',#3225,#1496);
#1353=LINE('',#3227,#1497);
#1354=LINE('',#3228,#1498);
#1355=LINE('',#3230,#1499);
#1356=LINE('',#3231,#1500);
#1357=VECTOR('',#2126,1.);
#1358=VECTOR('',#2129,1.);
#1359=VECTOR('',#2136,1.);
#1360=VECTOR('',#2143,1.);
#1361=VECTOR('',#2154,1.);
#1362=VECTOR('',#2161,1.);
#1363=VECTOR('',#2164,1.);
#1364=VECTOR('',#2179,1.);
#1365=VECTOR('',#2182,1.);
#1366=VECTOR('',#2185,1.);
#1367=VECTOR('',#2188,1.);
#1368=VECTOR('',#2191,1.);
#1369=VECTOR('',#2198,1.);
#1370=VECTOR('',#2201,1.);
#1371=VECTOR('',#2204,1.);
#1372=VECTOR('',#2211,1.);
#1373=VECTOR('',#2218,1.);
#1374=VECTOR('',#2225,1.);
#1375=VECTOR('',#2232,1.);
#1376=VECTOR('',#2239,1.);
#1377=VECTOR('',#2242,1.);
#1378=VECTOR('',#2245,1.);
#1379=VECTOR('',#2252,1.);
#1380=VECTOR('',#2255,1.);
#1381=VECTOR('',#2262,1.);
#1382=VECTOR('',#2269,1.);
#1383=VECTOR('',#2272,1.);
#1384=VECTOR('',#2279,1.);
#1385=VECTOR('',#2288,1.);
#1386=VECTOR('',#2291,1.);
#1387=VECTOR('',#2298,1.);
#1388=VECTOR('',#2303,1.);
#1389=VECTOR('',#2308,1.);
#1390=VECTOR('',#2311,1.);
#1391=VECTOR('',#2318,1.);
#1392=VECTOR('',#2323,1.);
#1393=VECTOR('',#2326,1.);
#1394=VECTOR('',#2329,1.);
#1395=VECTOR('',#2332,1.);
#1396=VECTOR('',#2333,1.);
#1397=VECTOR('',#2340,1.);
#1398=VECTOR('',#2351,1.);
#1399=VECTOR('',#2358,1.);
#1400=VECTOR('',#2361,1.);
#1401=VECTOR('',#2368,1.);
#1402=VECTOR('',#2375,1.);
#1403=VECTOR('',#2386,1.);
#1404=VECTOR('',#2393,1.);
#1405=VECTOR('',#2396,1.);
#1406=VECTOR('',#2403,1.);
#1407=VECTOR('',#2406,1.);
#1408=VECTOR('',#2409,1.);
#1409=VECTOR('',#2412,1.);
#1410=VECTOR('',#2419,1.);
#1411=VECTOR('',#2426,1.);
#1412=VECTOR('',#2433,1.);
#1413=VECTOR('',#2438,1.);
#1414=VECTOR('',#2439,1.);
#1415=VECTOR('',#2440,1.);
#1416=VECTOR('',#2441,1.);
#1417=VECTOR('',#2444,1.);
#1418=VECTOR('',#2447,1.);
#1419=VECTOR('',#2450,1.);
#1420=VECTOR('',#2453,1.);
#1421=VECTOR('',#2456,1.);
#1422=VECTOR('',#2459,1.);
#1423=VECTOR('',#2462,1.);
#1424=VECTOR('',#2463,1.);
#1425=VECTOR('',#2464,1.);
#1426=VECTOR('',#2469,1.);
#1427=VECTOR('',#2486,1.);
#1428=VECTOR('',#2487,1.);
#1429=VECTOR('',#2494,1.);
#1430=VECTOR('',#2495,1.);
#1431=VECTOR('',#2498,1.);
#1432=VECTOR('',#2499,1.);
#1433=VECTOR('',#2502,1.);
#1434=VECTOR('',#2503,1.);
#1435=VECTOR('',#2506,1.);
#1436=VECTOR('',#2507,1.);
#1437=VECTOR('',#2510,1.);
#1438=VECTOR('',#2511,1.);
#1439=VECTOR('',#2514,1.);
#1440=VECTOR('',#2515,1.);
#1441=VECTOR('',#2518,1.);
#1442=VECTOR('',#2519,1.);
#1443=VECTOR('',#2522,1.);
#1444=VECTOR('',#2523,1.);
#1445=VECTOR('',#2526,1.);
#1446=VECTOR('',#2527,1.);
#1447=VECTOR('',#2530,1.);
#1448=VECTOR('',#2531,1.);
#1449=VECTOR('',#2534,1.);
#1450=VECTOR('',#2535,1.);
#1451=VECTOR('',#2538,1.);
#1452=VECTOR('',#2539,1.);
#1453=VECTOR('',#2542,1.);
#1454=VECTOR('',#2543,1.);
#1455=VECTOR('',#2546,1.);
#1456=VECTOR('',#2547,1.);
#1457=VECTOR('',#2550,1.);
#1458=VECTOR('',#2551,1.);
#1459=VECTOR('',#2554,1.);
#1460=VECTOR('',#2555,1.);
#1461=VECTOR('',#2558,1.);
#1462=VECTOR('',#2559,1.);
#1463=VECTOR('',#2562,1.);
#1464=VECTOR('',#2563,1.);
#1465=VECTOR('',#2566,1.);
#1466=VECTOR('',#2567,1.);
#1467=VECTOR('',#2570,1.);
#1468=VECTOR('',#2571,1.);
#1469=VECTOR('',#2574,1.);
#1470=VECTOR('',#2575,1.);
#1471=VECTOR('',#2578,1.);
#1472=VECTOR('',#2579,1.);
#1473=VECTOR('',#2582,1.);
#1474=VECTOR('',#2583,1.);
#1475=VECTOR('',#2586,1.);
#1476=VECTOR('',#2587,1.);
#1477=VECTOR('',#2590,1.);
#1478=VECTOR('',#2591,1.);
#1479=VECTOR('',#2594,1.);
#1480=VECTOR('',#2595,1.);
#1481=VECTOR('',#2598,1.);
#1482=VECTOR('',#2599,1.);
#1483=VECTOR('',#2602,1.);
#1484=VECTOR('',#2603,1.);
#1485=VECTOR('',#2606,1.);
#1486=VECTOR('',#2607,1.);
#1487=VECTOR('',#2610,1.);
#1488=VECTOR('',#2611,1.);
#1489=VECTOR('',#2614,1.);
#1490=VECTOR('',#2615,1.);
#1491=VECTOR('',#2618,1.);
#1492=VECTOR('',#2619,1.);
#1493=VECTOR('',#2622,1.);
#1494=VECTOR('',#2623,1.);
#1495=VECTOR('',#2626,1.);
#1496=VECTOR('',#2627,1.);
#1497=VECTOR('',#2630,1.);
#1498=VECTOR('',#2631,1.);
#1499=VECTOR('',#2634,1.);
#1500=VECTOR('',#2635,1.);
#1501=EDGE_LOOP('',(#204,#205,#206,#207,#208,#209));
#1502=EDGE_LOOP('',(#210,#211,#212,#213,#214,#215,#216,#217));
#1503=EDGE_LOOP('',(#218,#219,#220,#221,#222,#223,#224,#225,#226,#227));
#1504=EDGE_LOOP('',(#228));
#1505=EDGE_LOOP('',(#229));
#1506=EDGE_LOOP('',(#230));
#1507=EDGE_LOOP('',(#231));
#1508=EDGE_LOOP('',(#232));
#1509=EDGE_LOOP('',(#233));
#1510=EDGE_LOOP('',(#234,#235,#236,#237,#238,#239,#240,#241,#242,#243));
#1511=EDGE_LOOP('',(#244,#245,#246,#247,#248,#249));
#1512=EDGE_LOOP('',(#250,#251,#252,#253,#254,#255,#256,#257,#258,#259));
#1513=EDGE_LOOP('',(#260,#261,#262,#263,#264,#265,#266,#267));
#1514=EDGE_LOOP('',(#268,#269,#270,#271,#272,#273,#274,#275));
#1515=EDGE_LOOP('',(#276,#277,#278,#279,#280,#281,#282,#283,#284,#285));
#1516=EDGE_LOOP('',(#286,#287,#288,#289,#290,#291,#292,#293,#294,#295));
#1517=EDGE_LOOP('',(#296,#297,#298,#299,#300,#301,#302,#303,#304,#305,#306,
#307,#308,#309,#310,#311,#312,#313,#314,#315,#316,#317,#318,#319,#320,#321,
#322,#323,#324,#325));
#1518=EDGE_LOOP('',(#326,#327,#328,#329,#330,#331));
#1519=EDGE_LOOP('',(#332));
#1520=EDGE_LOOP('',(#333));
#1521=EDGE_LOOP('',(#334));
#1522=EDGE_LOOP('',(#335));
#1523=EDGE_LOOP('',(#336,#337,#338,#339,#340,#341,#342,#343,#344,#345));
#1524=EDGE_LOOP('',(#346,#347,#348,#349,#350,#351,#352,#353));
#1525=EDGE_LOOP('',(#354,#355,#356,#357,#358,#359,#360,#361));
#1526=EDGE_LOOP('',(#362,#363,#364,#365,#366,#367,#368,#369));
#1527=EDGE_LOOP('',(#370,#371,#372,#373,#374,#375));
#1528=EDGE_LOOP('',(#376,#377,#378,#379,#380,#381,#382,#383,#384,#385));
#1529=EDGE_LOOP('',(#386,#387,#388,#389,#390,#391));
#1530=EDGE_LOOP('',(#392,#393,#394,#395));
#1531=EDGE_LOOP('',(#396,#397,#398,#399));
#1532=EDGE_LOOP('',(#400,#401,#402,#403));
#1533=EDGE_LOOP('',(#404,#405,#406,#407));
#1534=EDGE_LOOP('',(#408,#409,#410,#411));
#1535=EDGE_LOOP('',(#412,#413,#414,#415));
#1536=EDGE_LOOP('',(#416,#417,#418,#419,#420,#421,#422,#423));
#1537=EDGE_LOOP('',(#424));
#1538=EDGE_LOOP('',(#425,#426,#427,#428));
#1539=EDGE_LOOP('',(#429));
#1540=EDGE_LOOP('',(#430));
#1541=EDGE_LOOP('',(#431));
#1542=EDGE_LOOP('',(#432));
#1543=EDGE_LOOP('',(#433));
#1544=EDGE_LOOP('',(#434));
#1545=EDGE_LOOP('',(#435));
#1546=EDGE_LOOP('',(#436));
#1547=EDGE_LOOP('',(#437));
#1548=EDGE_LOOP('',(#438));
#1549=EDGE_LOOP('',(#439,#440,#441,#442,#443,#444,#445,#446,#447,#448));
#1550=EDGE_LOOP('',(#449));
#1551=EDGE_LOOP('',(#450));
#1552=EDGE_LOOP('',(#451,#452,#453,#454));
#1553=EDGE_LOOP('',(#455,#456,#457,#458));
#1554=EDGE_LOOP('',(#459,#460,#461,#462));
#1555=EDGE_LOOP('',(#463,#464,#465,#466));
#1556=EDGE_LOOP('',(#467,#468,#469,#470));
#1557=EDGE_LOOP('',(#471,#472,#473,#474));
#1558=EDGE_LOOP('',(#475,#476,#477,#478));
#1559=EDGE_LOOP('',(#479,#480,#481,#482));
#1560=EDGE_LOOP('',(#483,#484,#485,#486));
#1561=EDGE_LOOP('',(#487,#488,#489,#490));
#1562=EDGE_LOOP('',(#491,#492,#493,#494));
#1563=EDGE_LOOP('',(#495,#496,#497,#498));
#1564=EDGE_LOOP('',(#499,#500,#501,#502));
#1565=EDGE_LOOP('',(#503,#504,#505,#506));
#1566=EDGE_LOOP('',(#507,#508,#509,#510));
#1567=EDGE_LOOP('',(#511,#512,#513,#514));
#1568=EDGE_LOOP('',(#515,#516,#517,#518));
#1569=EDGE_LOOP('',(#519,#520,#521,#522));
#1570=EDGE_LOOP('',(#523,#524,#525,#526));
#1571=EDGE_LOOP('',(#527,#528,#529,#530));
#1572=EDGE_LOOP('',(#531,#532,#533,#534));
#1573=EDGE_LOOP('',(#535,#536,#537,#538));
#1574=EDGE_LOOP('',(#539,#540,#541,#542));
#1575=EDGE_LOOP('',(#543,#544,#545,#546));
#1576=EDGE_LOOP('',(#547,#548,#549,#550));
#1577=EDGE_LOOP('',(#551,#552,#553,#554));
#1578=EDGE_LOOP('',(#555,#556,#557,#558));
#1579=EDGE_LOOP('',(#559,#560,#561,#562));
#1580=EDGE_LOOP('',(#563,#564,#565,#566));
#1581=EDGE_LOOP('',(#567,#568,#569,#570));
#1582=EDGE_LOOP('',(#571,#572,#573,#574));
#1583=EDGE_LOOP('',(#575,#576,#577,#578));
#1584=EDGE_LOOP('',(#579,#580,#581,#582));
#1585=EDGE_LOOP('',(#583,#584,#585,#586));
#1586=EDGE_LOOP('',(#587,#588,#589,#590));
#1587=EDGE_LOOP('',(#591,#592,#593,#594));
#1588=EDGE_LOOP('',(#595,#596,#597,#598));
#1589=EDGE_LOOP('',(#599,#600,#601,#602));
#1590=EDGE_LOOP('',(#603,#604,#605,#606));
#1591=EDGE_LOOP('',(#607,#608,#609,#610));
#1592=EDGE_LOOP('',(#611,#612,#613,#614));
#1593=EDGE_LOOP('',(#615,#616,#617,#618));
#1594=EDGE_LOOP('',(#619,#620,#621,#622));
#1595=EDGE_LOOP('',(#623,#624,#625,#626));
#1596=EDGE_LOOP('',(#627,#628,#629,#630));
#1597=EDGE_LOOP('',(#631,#632,#633,#634));
#1598=EDGE_LOOP('',(#635,#636,#637,#638));
#1599=EDGE_LOOP('',(#639,#640,#641,#642));
#1600=EDGE_LOOP('',(#643,#644,#645,#646));
#1601=EDGE_LOOP('',(#647,#648,#649,#650));
#1602=EDGE_LOOP('',(#651,#652,#653,#654));
#1603=EDGE_LOOP('',(#655,#656,#657,#658));
#1604=EDGE_LOOP('',(#659,#660,#661,#662));
#1605=EDGE_LOOP('',(#663,#664,#665,#666));
#1606=EDGE_LOOP('',(#667,#668,#669,#670));
#1607=EDGE_LOOP('',(#671,#672,#673,#674));
#1608=EDGE_LOOP('',(#675,#676,#677,#678));
#1609=EDGE_LOOP('',(#679,#680,#681,#682));
#1610=EDGE_LOOP('',(#683,#684,#685,#686));
#1611=EDGE_LOOP('',(#687,#688,#689,#690));
#1612=EDGE_LOOP('',(#691,#692,#693,#694));
#1613=EDGE_LOOP('',(#695,#696,#697,#698));
#1614=EDGE_LOOP('',(#699,#700,#701,#702));
#1615=EDGE_LOOP('',(#703,#704,#705,#706));
#1616=EDGE_LOOP('',(#707,#708,#709,#710));
#1617=EDGE_LOOP('',(#711,#712,#713,#714));
#1618=EDGE_LOOP('',(#715,#716,#717,#718));
#1619=EDGE_LOOP('',(#719,#720,#721,#722));
#1620=EDGE_LOOP('',(#723,#724,#725,#726));
#1621=EDGE_LOOP('',(#727,#728,#729,#730));
#1622=EDGE_LOOP('',(#731,#732,#733,#734));
#1623=EDGE_LOOP('',(#735,#736,#737,#738));
#1624=EDGE_LOOP('',(#739,#740,#741,#742));
#1625=EDGE_LOOP('',(#743,#744,#745,#746));
#1626=EDGE_LOOP('',(#747));
#1627=EDGE_LOOP('',(#748,#749));
#1628=EDGE_LOOP('',(#750));
#1629=EDGE_LOOP('',(#751));
#1630=FACE_BOUND('',#1501,.T.);
#1631=FACE_BOUND('',#1502,.T.);
#1632=FACE_BOUND('',#1503,.T.);
#1633=FACE_BOUND('',#1504,.T.);
#1634=FACE_BOUND('',#1505,.T.);
#1635=FACE_BOUND('',#1506,.T.);
#1636=FACE_BOUND('',#1507,.T.);
#1637=FACE_BOUND('',#1508,.T.);
#1638=FACE_BOUND('',#1509,.T.);
#1639=FACE_BOUND('',#1510,.T.);
#1640=FACE_BOUND('',#1511,.T.);
#1641=FACE_BOUND('',#1512,.T.);
#1642=FACE_BOUND('',#1513,.T.);
#1643=FACE_BOUND('',#1514,.T.);
#1644=FACE_BOUND('',#1515,.T.);
#1645=FACE_BOUND('',#1516,.T.);
#1646=FACE_BOUND('',#1517,.T.);
#1647=FACE_BOUND('',#1518,.T.);
#1648=FACE_BOUND('',#1519,.T.);
#1649=FACE_BOUND('',#1520,.T.);
#1650=FACE_BOUND('',#1521,.T.);
#1651=FACE_BOUND('',#1522,.T.);
#1652=FACE_BOUND('',#1523,.T.);
#1653=FACE_BOUND('',#1524,.T.);
#1654=FACE_BOUND('',#1525,.T.);
#1655=FACE_BOUND('',#1526,.T.);
#1656=FACE_BOUND('',#1527,.T.);
#1657=FACE_BOUND('',#1528,.T.);
#1658=FACE_BOUND('',#1529,.T.);
#1659=FACE_BOUND('',#1530,.T.);
#1660=FACE_BOUND('',#1531,.T.);
#1661=FACE_BOUND('',#1532,.T.);
#1662=FACE_BOUND('',#1533,.T.);
#1663=FACE_BOUND('',#1534,.T.);
#1664=FACE_BOUND('',#1535,.T.);
#1665=FACE_BOUND('',#1536,.T.);
#1666=FACE_BOUND('',#1537,.T.);
#1667=FACE_BOUND('',#1538,.T.);
#1668=FACE_BOUND('',#1539,.T.);
#1669=FACE_BOUND('',#1540,.T.);
#1670=FACE_BOUND('',#1541,.T.);
#1671=FACE_BOUND('',#1542,.T.);
#1672=FACE_BOUND('',#1543,.T.);
#1673=FACE_BOUND('',#1544,.T.);
#1674=FACE_BOUND('',#1545,.T.);
#1675=FACE_BOUND('',#1546,.T.);
#1676=FACE_BOUND('',#1547,.T.);
#1677=FACE_BOUND('',#1548,.T.);
#1678=FACE_BOUND('',#1549,.T.);
#1679=FACE_BOUND('',#1550,.T.);
#1680=FACE_BOUND('',#1551,.T.);
#1681=FACE_BOUND('',#1552,.T.);
#1682=FACE_BOUND('',#1553,.T.);
#1683=FACE_BOUND('',#1554,.T.);
#1684=FACE_BOUND('',#1555,.T.);
#1685=FACE_BOUND('',#1556,.T.);
#1686=FACE_BOUND('',#1557,.T.);
#1687=FACE_BOUND('',#1558,.T.);
#1688=FACE_BOUND('',#1559,.T.);
#1689=FACE_BOUND('',#1560,.T.);
#1690=FACE_BOUND('',#1561,.T.);
#1691=FACE_BOUND('',#1562,.T.);
#1692=FACE_BOUND('',#1563,.T.);
#1693=FACE_BOUND('',#1564,.T.);
#1694=FACE_BOUND('',#1565,.T.);
#1695=FACE_BOUND('',#1566,.T.);
#1696=FACE_BOUND('',#1567,.T.);
#1697=FACE_BOUND('',#1568,.T.);
#1698=FACE_BOUND('',#1569,.T.);
#1699=FACE_BOUND('',#1570,.T.);
#1700=FACE_BOUND('',#1571,.T.);
#1701=FACE_BOUND('',#1572,.T.);
#1702=FACE_BOUND('',#1573,.T.);
#1703=FACE_BOUND('',#1574,.T.);
#1704=FACE_BOUND('',#1575,.T.);
#1705=FACE_BOUND('',#1576,.T.);
#1706=FACE_BOUND('',#1577,.T.);
#1707=FACE_BOUND('',#1578,.T.);
#1708=FACE_BOUND('',#1579,.T.);
#1709=FACE_BOUND('',#1580,.T.);
#1710=FACE_BOUND('',#1581,.T.);
#1711=FACE_BOUND('',#1582,.T.);
#1712=FACE_BOUND('',#1583,.T.);
#1713=FACE_BOUND('',#1584,.T.);
#1714=FACE_BOUND('',#1585,.T.);
#1715=FACE_BOUND('',#1586,.T.);
#1716=FACE_BOUND('',#1587,.T.);
#1717=FACE_BOUND('',#1588,.T.);
#1718=FACE_BOUND('',#1589,.T.);
#1719=FACE_BOUND('',#1590,.T.);
#1720=FACE_BOUND('',#1591,.T.);
#1721=FACE_BOUND('',#1592,.T.);
#1722=FACE_BOUND('',#1593,.T.);
#1723=FACE_BOUND('',#1594,.T.);
#1724=FACE_BOUND('',#1595,.T.);
#1725=FACE_BOUND('',#1596,.T.);
#1726=FACE_BOUND('',#1597,.T.);
#1727=FACE_BOUND('',#1598,.T.);
#1728=FACE_BOUND('',#1599,.T.);
#1729=FACE_BOUND('',#1600,.T.);
#1730=FACE_BOUND('',#1601,.T.);
#1731=FACE_BOUND('',#1602,.T.);
#1732=FACE_BOUND('',#1603,.T.);
#1733=FACE_BOUND('',#1604,.T.);
#1734=FACE_BOUND('',#1605,.T.);
#1735=FACE_BOUND('',#1606,.T.);
#1736=FACE_BOUND('',#1607,.T.);
#1737=FACE_BOUND('',#1608,.T.);
#1738=FACE_BOUND('',#1609,.T.);
#1739=FACE_BOUND('',#1610,.T.);
#1740=FACE_BOUND('',#1611,.T.);
#1741=FACE_BOUND('',#1612,.T.);
#1742=FACE_BOUND('',#1613,.T.);
#1743=FACE_BOUND('',#1614,.T.);
#1744=FACE_BOUND('',#1615,.T.);
#1745=FACE_BOUND('',#1616,.T.);
#1746=FACE_BOUND('',#1617,.T.);
#1747=FACE_BOUND('',#1618,.T.);
#1748=FACE_BOUND('',#1619,.T.);
#1749=FACE_BOUND('',#1620,.T.);
#1750=FACE_BOUND('',#1621,.T.);
#1751=FACE_BOUND('',#1622,.T.);
#1752=FACE_BOUND('',#1623,.T.);
#1753=FACE_BOUND('',#1624,.T.);
#1754=FACE_BOUND('',#1625,.T.);
#1755=FACE_BOUND('',#1626,.T.);
#1756=FACE_BOUND('',#1627,.T.);
#1757=FACE_BOUND('',#1628,.T.);
#1758=FACE_BOUND('',#1629,.T.);
#1759=PLANE('',#1898);
#1760=PLANE('',#1963);
#1761=PLANE('',#2026);
#1762=PLANE('',#2028);
#1763=PLANE('',#2030);
#1764=PLANE('',#2032);
#1765=PLANE('',#2035);
#1766=PLANE('',#2046);
#1767=PLANE('',#2047);
#1768=PLANE('',#2049);
#1769=PLANE('',#2050);
#1770=PLANE('',#2052);
#1771=PLANE('',#2054);
#1772=PLANE('',#2056);
#1773=PLANE('',#2057);
#1774=PLANE('',#2059);
#1775=PLANE('',#2061);
#1776=PLANE('',#2062);
#1777=PLANE('',#2064);
#1778=PLANE('',#2067);
#1779=PLANE('',#2068);
#1780=PLANE('',#2069);
#1781=PLANE('',#2070);
#1782=PLANE('',#2072);
#1783=PLANE('',#2073);
#1784=PLANE('',#2074);
#1785=PLANE('',#2075);
#1786=PLANE('',#2078);
#1787=PLANE('',#2079);
#1788=PLANE('',#2081);
#1789=PLANE('',#2120);
#1790=PLANE('',#2121);
#1791=ADVANCED_FACE('',(#1630,#1631,#1632,#1633,#1634,#1635,#1636,#1637,
#1638,#1639,#1640,#1641,#1642,#1643,#1644,#1645),#1759,.F.);
#1792=ADVANCED_FACE('',(#1646,#1647,#1648,#1649,#1650,#1651,#1652,#1653,
#1654,#1655,#1656,#1657),#1760,.T.);
#1793=ADVANCED_FACE('',(#1658),#1761,.T.);
#1794=ADVANCED_FACE('',(#1659),#12,.T.);
#1795=ADVANCED_FACE('',(#1660),#1762,.T.);
#1796=ADVANCED_FACE('',(#1661),#13,.T.);
#1797=ADVANCED_FACE('',(#1662),#1763,.T.);
#1798=ADVANCED_FACE('',(#1663),#14,.T.);
#1799=ADVANCED_FACE('',(#1664),#1764,.F.);
#1800=ADVANCED_FACE('',(#1665,#1666),#15,.T.);
#1801=ADVANCED_FACE('',(#1667),#1765,.F.);
#1802=ADVANCED_FACE('',(#1668,#1669),#16,.F.);
#1803=ADVANCED_FACE('',(#1670,#1671),#17,.F.);
#1804=ADVANCED_FACE('',(#1672,#1673),#18,.F.);
#1805=ADVANCED_FACE('',(#1674,#1675),#19,.F.);
#1806=ADVANCED_FACE('',(#1676,#1677),#20,.F.);
#1807=ADVANCED_FACE('',(#1678),#21,.T.);
#1808=ADVANCED_FACE('',(#1679,#1680),#22,.F.);
#1809=ADVANCED_FACE('',(#1681),#1766,.F.);
#1810=ADVANCED_FACE('',(#1682),#1767,.T.);
#1811=ADVANCED_FACE('',(#1683),#23,.T.);
#1812=ADVANCED_FACE('',(#1684),#1768,.T.);
#1813=ADVANCED_FACE('',(#1685),#1769,.F.);
#1814=ADVANCED_FACE('',(#1686),#24,.T.);
#1815=ADVANCED_FACE('',(#1687),#1770,.T.);
#1816=ADVANCED_FACE('',(#1688),#25,.T.);
#1817=ADVANCED_FACE('',(#1689),#1771,.F.);
#1818=ADVANCED_FACE('',(#1690),#26,.T.);
#1819=ADVANCED_FACE('',(#1691),#1772,.T.);
#1820=ADVANCED_FACE('',(#1692),#1773,.F.);
#1821=ADVANCED_FACE('',(#1693),#27,.T.);
#1822=ADVANCED_FACE('',(#1694),#1774,.F.);
#1823=ADVANCED_FACE('',(#1695),#28,.T.);
#1824=ADVANCED_FACE('',(#1696),#1775,.T.);
#1825=ADVANCED_FACE('',(#1697),#1776,.T.);
#1826=ADVANCED_FACE('',(#1698),#29,.T.);
#1827=ADVANCED_FACE('',(#1699),#1777,.F.);
#1828=ADVANCED_FACE('',(#1700),#30,.T.);
#1829=ADVANCED_FACE('',(#1701),#31,.T.);
#1830=ADVANCED_FACE('',(#1702),#1778,.F.);
#1831=ADVANCED_FACE('',(#1703),#1779,.F.);
#1832=ADVANCED_FACE('',(#1704),#1780,.F.);
#1833=ADVANCED_FACE('',(#1705),#1781,.F.);
#1834=ADVANCED_FACE('',(#1706),#32,.T.);
#1835=ADVANCED_FACE('',(#1707),#1782,.F.);
#1836=ADVANCED_FACE('',(#1708),#1783,.F.);
#1837=ADVANCED_FACE('',(#1709),#1784,.F.);
#1838=ADVANCED_FACE('',(#1710),#1785,.T.);
#1839=ADVANCED_FACE('',(#1711),#33,.T.);
#1840=ADVANCED_FACE('',(#1712),#34,.T.);
#1841=ADVANCED_FACE('',(#1713),#1786,.F.);
#1842=ADVANCED_FACE('',(#1714),#1787,.T.);
#1843=ADVANCED_FACE('',(#1715),#35,.T.);
#1844=ADVANCED_FACE('',(#1716),#1788,.F.);
#1845=ADVANCED_FACE('',(#1717),#36,.F.);
#1846=ADVANCED_FACE('',(#1718),#37,.F.);
#1847=ADVANCED_FACE('',(#1719),#38,.F.);
#1848=ADVANCED_FACE('',(#1720),#39,.F.);
#1849=ADVANCED_FACE('',(#1721),#40,.F.);
#1850=ADVANCED_FACE('',(#1722),#41,.F.);
#1851=ADVANCED_FACE('',(#1723),#42,.F.);
#1852=ADVANCED_FACE('',(#1724),#43,.F.);
#1853=ADVANCED_FACE('',(#1725),#44,.F.);
#1854=ADVANCED_FACE('',(#1726),#45,.F.);
#1855=ADVANCED_FACE('',(#1727),#46,.F.);
#1856=ADVANCED_FACE('',(#1728),#47,.F.);
#1857=ADVANCED_FACE('',(#1729),#48,.F.);
#1858=ADVANCED_FACE('',(#1730),#49,.F.);
#1859=ADVANCED_FACE('',(#1731),#50,.F.);
#1860=ADVANCED_FACE('',(#1732),#51,.F.);
#1861=ADVANCED_FACE('',(#1733),#52,.F.);
#1862=ADVANCED_FACE('',(#1734),#53,.F.);
#1863=ADVANCED_FACE('',(#1735),#54,.F.);
#1864=ADVANCED_FACE('',(#1736),#55,.F.);
#1865=ADVANCED_FACE('',(#1737),#56,.F.);
#1866=ADVANCED_FACE('',(#1738),#57,.F.);
#1867=ADVANCED_FACE('',(#1739),#58,.F.);
#1868=ADVANCED_FACE('',(#1740),#59,.F.);
#1869=ADVANCED_FACE('',(#1741),#60,.F.);
#1870=ADVANCED_FACE('',(#1742),#61,.F.);
#1871=ADVANCED_FACE('',(#1743),#62,.F.);
#1872=ADVANCED_FACE('',(#1744),#63,.F.);
#1873=ADVANCED_FACE('',(#1745),#64,.F.);
#1874=ADVANCED_FACE('',(#1746),#65,.F.);
#1875=ADVANCED_FACE('',(#1747),#66,.F.);
#1876=ADVANCED_FACE('',(#1748),#67,.F.);
#1877=ADVANCED_FACE('',(#1749),#68,.F.);
#1878=ADVANCED_FACE('',(#1750),#69,.F.);
#1879=ADVANCED_FACE('',(#1751),#70,.F.);
#1880=ADVANCED_FACE('',(#1752),#71,.F.);
#1881=ADVANCED_FACE('',(#1753),#72,.F.);
#1882=ADVANCED_FACE('',(#1754),#73,.F.);
#1883=ADVANCED_FACE('',(#1755,#1756),#1789,.T.);
#1884=ADVANCED_FACE('',(#1757,#1758),#1790,.T.);
#1885=CLOSED_SHELL('',(#1791,#1792,#1793,#1794,#1795,#1796,#1797,#1798,
#1799,#1800,#1801,#1802,#1803,#1804,#1805,#1806,#1807,#1808,#1809,#1810,
#1811,#1812,#1813,#1814,#1815,#1816,#1817,#1818,#1819,#1820,#1821,#1822,
#1823,#1824,#1825,#1826,#1827,#1828,#1829,#1830,#1831,#1832,#1833,#1834,
#1835,#1836,#1837,#1838,#1839,#1840,#1841,#1842,#1843,#1844,#1845,#1846,
#1847,#1848,#1849,#1850,#1851,#1852,#1853,#1854,#1855,#1856,#1857,#1858,
#1859,#1860,#1861,#1862,#1863,#1864,#1865,#1866,#1867,#1868,#1869,#1870,
#1871,#1872,#1873,#1874,#1875,#1876,#1877,#1878,#1879,#1880,#1881,#1882,
#1883,#1884));
#1886=STYLED_ITEM('',(#1887),#1894);
#1887=PRESENTATION_STYLE_ASSIGNMENT((#1888));
#1888=SURFACE_STYLE_USAGE(.BOTH.,#1889);
#1889=SURFACE_SIDE_STYLE('',(#1890));
#1890=SURFACE_STYLE_FILL_AREA(#1891);
#1891=FILL_AREA_STYLE('',(#1892));
#1892=FILL_AREA_STYLE_COLOUR('',#1893);
#1893=COLOUR_RGB('',0.6,0.580392156862745,0.529411764705882);
#1894=MANIFOLD_SOLID_BREP('btrshfter C5 Plate Female',#1885);
#1895=SHAPE_DEFINITION_REPRESENTATION(#3278,#1896);
#1896=SHAPE_REPRESENTATION('btrshfter C5 Plate Female',(#1897),#3273);
#1897=AXIS2_PLACEMENT_3D('',#2716,#2122,#2123);
#1898=AXIS2_PLACEMENT_3D('',#2717,#2124,#2125);
#1899=AXIS2_PLACEMENT_3D('',#2721,#2127,#2128);
#1900=AXIS2_PLACEMENT_3D('',#2725,#2130,#2131);
#1901=AXIS2_PLACEMENT_3D('',#2727,#2132,#2133);
#1902=AXIS2_PLACEMENT_3D('',#2729,#2134,#2135);
#1903=AXIS2_PLACEMENT_3D('',#2733,#2137,#2138);
#1904=AXIS2_PLACEMENT_3D('',#2735,#2139,#2140);
#1905=AXIS2_PLACEMENT_3D('',#2737,#2141,#2142);
#1906=AXIS2_PLACEMENT_3D('',#2741,#2144,#2145);
#1907=AXIS2_PLACEMENT_3D('',#2743,#2146,#2147);
#1908=AXIS2_PLACEMENT_3D('',#2745,#2148,#2149);
#1909=AXIS2_PLACEMENT_3D('',#2746,#2150,#2151);
#1910=AXIS2_PLACEMENT_3D('',#2749,#2152,#2153);
#1911=AXIS2_PLACEMENT_3D('',#2753,#2155,#2156);
#1912=AXIS2_PLACEMENT_3D('',#2755,#2157,#2158);
#1913=AXIS2_PLACEMENT_3D('',#2757,#2159,#2160);
#1914=AXIS2_PLACEMENT_3D('',#2761,#2162,#2163);
#1915=AXIS2_PLACEMENT_3D('',#2765,#2165,#2166);
#1916=AXIS2_PLACEMENT_3D('',#2766,#2167,#2168);
#1917=AXIS2_PLACEMENT_3D('',#2768,#2169,#2170);
#1918=AXIS2_PLACEMENT_3D('',#2770,#2171,#2172);
#1919=AXIS2_PLACEMENT_3D('',#2772,#2173,#2174);
#1920=AXIS2_PLACEMENT_3D('',#2774,#2175,#2176);
#1921=AXIS2_PLACEMENT_3D('',#2776,#2177,#2178);
#1922=AXIS2_PLACEMENT_3D('',#2781,#2180,#2181);
#1923=AXIS2_PLACEMENT_3D('',#2785,#2183,#2184);
#1924=AXIS2_PLACEMENT_3D('',#2789,#2186,#2187);
#1925=AXIS2_PLACEMENT_3D('',#2793,#2189,#2190);
#1926=AXIS2_PLACEMENT_3D('',#2797,#2192,#2193);
#1927=AXIS2_PLACEMENT_3D('',#2798,#2194,#2195);
#1928=AXIS2_PLACEMENT_3D('',#2801,#2196,#2197);
#1929=AXIS2_PLACEMENT_3D('',#2805,#2199,#2200);
#1930=AXIS2_PLACEMENT_3D('',#2809,#2202,#2203);
#1931=AXIS2_PLACEMENT_3D('',#2813,#2205,#2206);
#1932=AXIS2_PLACEMENT_3D('',#2815,#2207,#2208);
#1933=AXIS2_PLACEMENT_3D('',#2817,#2209,#2210);
#1934=AXIS2_PLACEMENT_3D('',#2821,#2212,#2213);
#1935=AXIS2_PLACEMENT_3D('',#2823,#2214,#2215);
#1936=AXIS2_PLACEMENT_3D('',#2825,#2216,#2217);
#1937=AXIS2_PLACEMENT_3D('',#2829,#2219,#2220);
#1938=AXIS2_PLACEMENT_3D('',#2830,#2221,#2222);
#1939=AXIS2_PLACEMENT_3D('',#2833,#2223,#2224);
#1940=AXIS2_PLACEMENT_3D('',#2837,#2226,#2227);
#1941=AXIS2_PLACEMENT_3D('',#2839,#2228,#2229);
#1942=AXIS2_PLACEMENT_3D('',#2841,#2230,#2231);
#1943=AXIS2_PLACEMENT_3D('',#2845,#2233,#2234);
#1944=AXIS2_PLACEMENT_3D('',#2846,#2235,#2236);
#1945=AXIS2_PLACEMENT_3D('',#2849,#2237,#2238);
#1946=AXIS2_PLACEMENT_3D('',#2853,#2240,#2241);
#1947=AXIS2_PLACEMENT_3D('',#2857,#2243,#2244);
#1948=AXIS2_PLACEMENT_3D('',#2861,#2246,#2247);
#1949=AXIS2_PLACEMENT_3D('',#2862,#2248,#2249);
#1950=AXIS2_PLACEMENT_3D('',#2865,#2250,#2251);
#1951=AXIS2_PLACEMENT_3D('',#2869,#2253,#2254);
#1952=AXIS2_PLACEMENT_3D('',#2873,#2256,#2257);
#1953=AXIS2_PLACEMENT_3D('',#2875,#2258,#2259);
#1954=AXIS2_PLACEMENT_3D('',#2877,#2260,#2261);
#1955=AXIS2_PLACEMENT_3D('',#2881,#2263,#2264);
#1956=AXIS2_PLACEMENT_3D('',#2882,#2265,#2266);
#1957=AXIS2_PLACEMENT_3D('',#2885,#2267,#2268);
#1958=AXIS2_PLACEMENT_3D('',#2889,#2270,#2271);
#1959=AXIS2_PLACEMENT_3D('',#2893,#2273,#2274);
#1960=AXIS2_PLACEMENT_3D('',#2895,#2275,#2276);
#1961=AXIS2_PLACEMENT_3D('',#2897,#2277,#2278);
#1962=AXIS2_PLACEMENT_3D('',#2901,#2280,#2281);
#1963=AXIS2_PLACEMENT_3D('',#2902,#2282,#2283);
#1964=AXIS2_PLACEMENT_3D('',#2903,#2284,#2285);
#1965=AXIS2_PLACEMENT_3D('',#2906,#2286,#2287);
#1966=AXIS2_PLACEMENT_3D('',#2910,#2289,#2290);
#1967=AXIS2_PLACEMENT_3D('',#2914,#2292,#2293);
#1968=AXIS2_PLACEMENT_3D('',#2916,#2294,#2295);
#1969=AXIS2_PLACEMENT_3D('',#2918,#2296,#2297);
#1970=AXIS2_PLACEMENT_3D('',#2922,#2299,#2300);
#1971=AXIS2_PLACEMENT_3D('',#2924,#2301,#2302);
#1972=AXIS2_PLACEMENT_3D('',#2928,#2304,#2305);
#1973=AXIS2_PLACEMENT_3D('',#2930,#2306,#2307);
#1974=AXIS2_PLACEMENT_3D('',#2934,#2309,#2310);
#1975=AXIS2_PLACEMENT_3D('',#2938,#2312,#2313);
#1976=AXIS2_PLACEMENT_3D('',#2940,#2314,#2315);
#1977=AXIS2_PLACEMENT_3D('',#2942,#2316,#2317);
#1978=AXIS2_PLACEMENT_3D('',#2946,#2319,#2320);
#1979=AXIS2_PLACEMENT_3D('',#2948,#2321,#2322);
#1980=AXIS2_PLACEMENT_3D('',#2952,#2324,#2325);
#1981=AXIS2_PLACEMENT_3D('',#2956,#2327,#2328);
#1982=AXIS2_PLACEMENT_3D('',#2960,#2330,#2331);
#1983=AXIS2_PLACEMENT_3D('',#2966,#2334,#2335);
#1984=AXIS2_PLACEMENT_3D('',#2968,#2336,#2337);
#1985=AXIS2_PLACEMENT_3D('',#2970,#2338,#2339);
#1986=AXIS2_PLACEMENT_3D('',#2974,#2341,#2342);
#1987=AXIS2_PLACEMENT_3D('',#2975,#2343,#2344);
#1988=AXIS2_PLACEMENT_3D('',#2977,#2345,#2346);
#1989=AXIS2_PLACEMENT_3D('',#2979,#2347,#2348);
#1990=AXIS2_PLACEMENT_3D('',#2981,#2349,#2350);
#1991=AXIS2_PLACEMENT_3D('',#2986,#2352,#2353);
#1992=AXIS2_PLACEMENT_3D('',#2988,#2354,#2355);
#1993=AXIS2_PLACEMENT_3D('',#2990,#2356,#2357);
#1994=AXIS2_PLACEMENT_3D('',#2994,#2359,#2360);
#1995=AXIS2_PLACEMENT_3D('',#2998,#2362,#2363);
#1996=AXIS2_PLACEMENT_3D('',#3000,#2364,#2365);
#1997=AXIS2_PLACEMENT_3D('',#3002,#2366,#2367);
#1998=AXIS2_PLACEMENT_3D('',#3006,#2369,#2370);
#1999=AXIS2_PLACEMENT_3D('',#3008,#2371,#2372);
#2000=AXIS2_PLACEMENT_3D('',#3010,#2373,#2374);
#2001=AXIS2_PLACEMENT_3D('',#3014,#2376,#2377);
#2002=AXIS2_PLACEMENT_3D('',#3016,#2378,#2379);
#2003=AXIS2_PLACEMENT_3D('',#3018,#2380,#2381);
#2004=AXIS2_PLACEMENT_3D('',#3019,#2382,#2383);
#2005=AXIS2_PLACEMENT_3D('',#3022,#2384,#2385);
#2006=AXIS2_PLACEMENT_3D('',#3026,#2387,#2388);
#2007=AXIS2_PLACEMENT_3D('',#3028,#2389,#2390);
#2008=AXIS2_PLACEMENT_3D('',#3030,#2391,#2392);
#2009=AXIS2_PLACEMENT_3D('',#3034,#2394,#2395);
#2010=AXIS2_PLACEMENT_3D('',#3038,#2397,#2398);
#2011=AXIS2_PLACEMENT_3D('',#3040,#2399,#2400);
#2012=AXIS2_PLACEMENT_3D('',#3042,#2401,#2402);
#2013=AXIS2_PLACEMENT_3D('',#3046,#2404,#2405);
#2014=AXIS2_PLACEMENT_3D('',#3050,#2407,#2408);
#2015=AXIS2_PLACEMENT_3D('',#3054,#2410,#2411);
#2016=AXIS2_PLACEMENT_3D('',#3058,#2413,#2414);
#2017=AXIS2_PLACEMENT_3D('',#3060,#2415,#2416);
#2018=AXIS2_PLACEMENT_3D('',#3062,#2417,#2418);
#2019=AXIS2_PLACEMENT_3D('',#3066,#2420,#2421);
#2020=AXIS2_PLACEMENT_3D('',#3068,#2422,#2423);
#2021=AXIS2_PLACEMENT_3D('',#3070,#2424,#2425);
#2022=AXIS2_PLACEMENT_3D('',#3074,#2427,#2428);
#2023=AXIS2_PLACEMENT_3D('',#3076,#2429,#2430);
#2024=AXIS2_PLACEMENT_3D('',#3078,#2431,#2432);
#2025=AXIS2_PLACEMENT_3D('',#3082,#2434,#2435);
#2026=AXIS2_PLACEMENT_3D('',#3083,#2436,#2437);
#2027=AXIS2_PLACEMENT_3D('',#3090,#2442,#2443);
#2028=AXIS2_PLACEMENT_3D('',#3092,#2445,#2446);
#2029=AXIS2_PLACEMENT_3D('',#3094,#2448,#2449);
#2030=AXIS2_PLACEMENT_3D('',#3096,#2451,#2452);
#2031=AXIS2_PLACEMENT_3D('',#3098,#2454,#2455);
#2032=AXIS2_PLACEMENT_3D('',#3100,#2457,#2458);
#2033=AXIS2_PLACEMENT_3D('',#3102,#2460,#2461);
#2034=AXIS2_PLACEMENT_3D('',#3106,#2465,#2466);
#2035=AXIS2_PLACEMENT_3D('',#3108,#2467,#2468);
#2036=AXIS2_PLACEMENT_3D('',#3110,#2470,#2471);
#2037=AXIS2_PLACEMENT_3D('',#3111,#2472,#2473);
#2038=AXIS2_PLACEMENT_3D('',#3113,#2474,#2475);
#2039=AXIS2_PLACEMENT_3D('',#3114,#2476,#2477);
#2040=AXIS2_PLACEMENT_3D('',#3115,#2478,#2479);
#2041=AXIS2_PLACEMENT_3D('',#3116,#2480,#2481);
#2042=AXIS2_PLACEMENT_3D('',#3117,#2482,#2483);
#2043=AXIS2_PLACEMENT_3D('',#3118,#2484,#2485);
#2044=AXIS2_PLACEMENT_3D('',#3121,#2488,#2489);
#2045=AXIS2_PLACEMENT_3D('',#3122,#2490,#2491);
#2046=AXIS2_PLACEMENT_3D('',#3124,#2492,#2493);
#2047=AXIS2_PLACEMENT_3D('',#3127,#2496,#2497);
#2048=AXIS2_PLACEMENT_3D('',#3130,#2500,#2501);
#2049=AXIS2_PLACEMENT_3D('',#3133,#2504,#2505);
#2050=AXIS2_PLACEMENT_3D('',#3136,#2508,#2509);
#2051=AXIS2_PLACEMENT_3D('',#3139,#2512,#2513);
#2052=AXIS2_PLACEMENT_3D('',#3142,#2516,#2517);
#2053=AXIS2_PLACEMENT_3D('',#3145,#2520,#2521);
#2054=AXIS2_PLACEMENT_3D('',#3148,#2524,#2525);
#2055=AXIS2_PLACEMENT_3D('',#3151,#2528,#2529);
#2056=AXIS2_PLACEMENT_3D('',#3154,#2532,#2533);
#2057=AXIS2_PLACEMENT_3D('',#3157,#2536,#2537);
#2058=AXIS2_PLACEMENT_3D('',#3160,#2540,#2541);
#2059=AXIS2_PLACEMENT_3D('',#3163,#2544,#2545);
#2060=AXIS2_PLACEMENT_3D('',#3166,#2548,#2549);
#2061=AXIS2_PLACEMENT_3D('',#3169,#2552,#2553);
#2062=AXIS2_PLACEMENT_3D('',#3172,#2556,#2557);
#2063=AXIS2_PLACEMENT_3D('',#3175,#2560,#2561);
#2064=AXIS2_PLACEMENT_3D('',#3178,#2564,#2565);
#2065=AXIS2_PLACEMENT_3D('',#3181,#2568,#2569);
#2066=AXIS2_PLACEMENT_3D('',#3184,#2572,#2573);
#2067=AXIS2_PLACEMENT_3D('',#3187,#2576,#2577);
#2068=AXIS2_PLACEMENT_3D('',#3190,#2580,#2581);
#2069=AXIS2_PLACEMENT_3D('',#3193,#2584,#2585);
#2070=AXIS2_PLACEMENT_3D('',#3196,#2588,#2589);
#2071=AXIS2_PLACEMENT_3D('',#3199,#2592,#2593);
#2072=AXIS2_PLACEMENT_3D('',#3202,#2596,#2597);
#2073=AXIS2_PLACEMENT_3D('',#3205,#2600,#2601);
#2074=AXIS2_PLACEMENT_3D('',#3208,#2604,#2605);
#2075=AXIS2_PLACEMENT_3D('',#3211,#2608,#2609);
#2076=AXIS2_PLACEMENT_3D('',#3214,#2612,#2613);
#2077=AXIS2_PLACEMENT_3D('',#3217,#2616,#2617);
#2078=AXIS2_PLACEMENT_3D('',#3220,#2620,#2621);
#2079=AXIS2_PLACEMENT_3D('',#3223,#2624,#2625);
#2080=AXIS2_PLACEMENT_3D('',#3226,#2628,#2629);
#2081=AXIS2_PLACEMENT_3D('',#3229,#2632,#2633);
#2082=AXIS2_PLACEMENT_3D('',#3232,#2636,#2637);
#2083=AXIS2_PLACEMENT_3D('',#3233,#2638,#2639);
#2084=AXIS2_PLACEMENT_3D('',#3234,#2640,#2641);
#2085=AXIS2_PLACEMENT_3D('',#3235,#2642,#2643);
#2086=AXIS2_PLACEMENT_3D('',#3236,#2644,#2645);
#2087=AXIS2_PLACEMENT_3D('',#3237,#2646,#2647);
#2088=AXIS2_PLACEMENT_3D('',#3238,#2648,#2649);
#2089=AXIS2_PLACEMENT_3D('',#3239,#2650,#2651);
#2090=AXIS2_PLACEMENT_3D('',#3240,#2652,#2653);
#2091=AXIS2_PLACEMENT_3D('',#3241,#2654,#2655);
#2092=AXIS2_PLACEMENT_3D('',#3242,#2656,#2657);
#2093=AXIS2_PLACEMENT_3D('',#3243,#2658,#2659);
#2094=AXIS2_PLACEMENT_3D('',#3244,#2660,#2661);
#2095=AXIS2_PLACEMENT_3D('',#3245,#2662,#2663);
#2096=AXIS2_PLACEMENT_3D('',#3246,#2664,#2665);
#2097=AXIS2_PLACEMENT_3D('',#3247,#2666,#2667);
#2098=AXIS2_PLACEMENT_3D('',#3248,#2668,#2669);
#2099=AXIS2_PLACEMENT_3D('',#3249,#2670,#2671);
#2100=AXIS2_PLACEMENT_3D('',#3250,#2672,#2673);
#2101=AXIS2_PLACEMENT_3D('',#3251,#2674,#2675);
#2102=AXIS2_PLACEMENT_3D('',#3252,#2676,#2677);
#2103=AXIS2_PLACEMENT_3D('',#3253,#2678,#2679);
#2104=AXIS2_PLACEMENT_3D('',#3254,#2680,#2681);
#2105=AXIS2_PLACEMENT_3D('',#3255,#2682,#2683);
#2106=AXIS2_PLACEMENT_3D('',#3256,#2684,#2685);
#2107=AXIS2_PLACEMENT_3D('',#3257,#2686,#2687);
#2108=AXIS2_PLACEMENT_3D('',#3258,#2688,#2689);
#2109=AXIS2_PLACEMENT_3D('',#3259,#2690,#2691);
#2110=AXIS2_PLACEMENT_3D('',#3260,#2692,#2693);
#2111=AXIS2_PLACEMENT_3D('',#3261,#2694,#2695);
#2112=AXIS2_PLACEMENT_3D('',#3262,#2696,#2697);
#2113=AXIS2_PLACEMENT_3D('',#3263,#2698,#2699);
#2114=AXIS2_PLACEMENT_3D('',#3264,#2700,#2701);
#2115=AXIS2_PLACEMENT_3D('',#3265,#2702,#2703);
#2116=AXIS2_PLACEMENT_3D('',#3266,#2704,#2705);
#2117=AXIS2_PLACEMENT_3D('',#3267,#2706,#2707);
#2118=AXIS2_PLACEMENT_3D('',#3268,#2708,#2709);
#2119=AXIS2_PLACEMENT_3D('',#3269,#2710,#2711);
#2120=AXIS2_PLACEMENT_3D('',#3270,#2712,#2713);
#2121=AXIS2_PLACEMENT_3D('',#3271,#2714,#2715);
#2122=DIRECTION('',(0.,0.,1.));
#2123=DIRECTION('',(1.,0.,0.));
#2124=DIRECTION('',(0.,-1.,0.));
#2125=DIRECTION('',(1.,0.,0.));
#2126=DIRECTION('',(0.55852273620769,0.,0.829489212189691));
#2127=DIRECTION('',(0.,-1.,0.));
#2128=DIRECTION('',(0.,0.,-1.));
#2129=DIRECTION('',(-0.910836971459717,0.,-0.412766291528378));
#2130=DIRECTION('',(0.,-1.,0.));
#2131=DIRECTION('',(0.,0.,-1.));
#2132=DIRECTION('',(0.,-1.,0.));
#2133=DIRECTION('',(0.,0.,-1.));
#2134=DIRECTION('',(0.,-1.,0.));
#2135=DIRECTION('',(0.,0.,-1.));
#2136=DIRECTION('',(0.974173257698359,0.,-0.225801824583785));
#2137=DIRECTION('',(0.,-1.,0.));
#2138=DIRECTION('',(0.,0.,-1.));
#2139=DIRECTION('',(0.,-1.,0.));
#2140=DIRECTION('',(0.,0.,-1.));
#2141=DIRECTION('',(0.,-1.,0.));
#2142=DIRECTION('',(0.,0.,-1.));
#2143=DIRECTION('',(0.533739673378438,0.,0.845648840277026));
#2144=DIRECTION('',(0.,-1.,0.));
#2145=DIRECTION('',(0.,0.,-1.));
#2146=DIRECTION('',(0.,-1.,0.));
#2147=DIRECTION('',(0.,0.,-1.));
#2148=DIRECTION('',(0.,-1.,0.));
#2149=DIRECTION('',(0.,0.,-1.));
#2150=DIRECTION('',(0.,-1.,0.));
#2151=DIRECTION('',(0.,0.,-1.));
#2152=DIRECTION('',(0.,-1.,0.));
#2153=DIRECTION('',(0.,0.,-1.));
#2154=DIRECTION('',(1.,0.,0.));
#2155=DIRECTION('',(0.,-1.,0.));
#2156=DIRECTION('',(0.,0.,-1.));
#2157=DIRECTION('',(0.,-1.,0.));
#2158=DIRECTION('',(0.,0.,-1.));
#2159=DIRECTION('',(0.,-1.,0.));
#2160=DIRECTION('',(0.,0.,-1.));
#2161=DIRECTION('',(0.974173257698359,0.,-0.225801824583786));
#2162=DIRECTION('',(0.,-1.,0.));
#2163=DIRECTION('',(0.,0.,-1.));
#2164=DIRECTION('',(-0.575300636395442,0.,-0.817942038143902));
#2165=DIRECTION('',(0.,-1.,0.));
#2166=DIRECTION('',(0.,0.,-1.));
#2167=DIRECTION('',(0.,-1.,0.));
#2168=DIRECTION('',(0.,0.,-1.));
#2169=DIRECTION('',(0.,-1.,0.));
#2170=DIRECTION('',(0.,0.,-1.));
#2171=DIRECTION('',(0.,-1.,0.));
#2172=DIRECTION('',(0.,0.,-1.));
#2173=DIRECTION('',(0.,-1.,0.));
#2174=DIRECTION('',(0.,0.,-1.));
#2175=DIRECTION('',(0.,-1.,0.));
#2176=DIRECTION('',(0.,0.,-1.));
#2177=DIRECTION('',(0.,-1.,0.));
#2178=DIRECTION('',(0.,0.,-1.));
#2179=DIRECTION('',(-0.369784386259662,0.,-0.929117596259249));
#2180=DIRECTION('',(0.,-1.,0.));
#2181=DIRECTION('',(0.,0.,-1.));
#2182=DIRECTION('',(0.910836971459717,0.,0.412766291528378));
#2183=DIRECTION('',(0.,-1.,0.));
#2184=DIRECTION('',(0.,0.,-1.));
#2185=DIRECTION('',(0.164398987305357,0.,-0.986393923832144));
#2186=DIRECTION('',(0.,-1.,0.));
#2187=DIRECTION('',(0.,0.,-1.));
#2188=DIRECTION('',(0.533739673378438,0.,0.845648840277026));
#2189=DIRECTION('',(0.,-1.,0.));
#2190=DIRECTION('',(0.,0.,-1.));
#2191=DIRECTION('',(1.,0.,0.));
#2192=DIRECTION('',(0.,-1.,0.));
#2193=DIRECTION('',(0.,0.,-1.));
#2194=DIRECTION('',(0.,-1.,0.));
#2195=DIRECTION('',(0.,0.,-1.));
#2196=DIRECTION('',(0.,-1.,0.));
#2197=DIRECTION('',(0.,0.,-1.));
#2198=DIRECTION('',(-0.910836971459718,0.,-0.412766291528378));
#2199=DIRECTION('',(0.,-1.,0.));
#2200=DIRECTION('',(0.,0.,-1.));
#2201=DIRECTION('',(-1.,0.,0.));
#2202=DIRECTION('',(0.,-1.,0.));
#2203=DIRECTION('',(0.,0.,-1.));
#2204=DIRECTION('',(0.766518978737607,0.,-0.642221655844037));
#2205=DIRECTION('',(0.,-1.,0.));
#2206=DIRECTION('',(0.,0.,-1.));
#2207=DIRECTION('',(0.,-1.,0.));
#2208=DIRECTION('',(0.,0.,-1.));
#2209=DIRECTION('',(0.,-1.,0.));
#2210=DIRECTION('',(0.,0.,-1.));
#2211=DIRECTION('',(-0.369784386259662,0.,-0.929117596259249));
#2212=DIRECTION('',(0.,-1.,0.));
#2213=DIRECTION('',(0.,0.,-1.));
#2214=DIRECTION('',(0.,-1.,0.));
#2215=DIRECTION('',(0.,0.,-1.));
#2216=DIRECTION('',(0.,-1.,0.));
#2217=DIRECTION('',(0.,0.,-1.));
#2218=DIRECTION('',(-0.575300636395442,0.,-0.817942038143902));
#2219=DIRECTION('',(0.,-1.,0.));
#2220=DIRECTION('',(0.,0.,-1.));
#2221=DIRECTION('',(0.,-1.,0.));
#2222=DIRECTION('',(0.,0.,-1.));
#2223=DIRECTION('',(0.,-1.,0.));
#2224=DIRECTION('',(0.,0.,-1.));
#2225=DIRECTION('',(1.,0.,0.));
#2226=DIRECTION('',(0.,-1.,0.));
#2227=DIRECTION('',(0.,0.,-1.));
#2228=DIRECTION('',(0.,-1.,0.));
#2229=DIRECTION('',(0.,0.,-1.));
#2230=DIRECTION('',(0.,-1.,0.));
#2231=DIRECTION('',(0.,0.,-1.));
#2232=DIRECTION('',(1.,0.,0.));
#2233=DIRECTION('',(0.,-1.,0.));
#2234=DIRECTION('',(0.,0.,-1.));
#2235=DIRECTION('',(0.,-1.,0.));
#2236=DIRECTION('',(0.,0.,-1.));
#2237=DIRECTION('',(0.,-1.,0.));
#2238=DIRECTION('',(0.,0.,-1.));
#2239=DIRECTION('',(-1.,0.,0.));
#2240=DIRECTION('',(0.,-1.,0.));
#2241=DIRECTION('',(0.,0.,-1.));
#2242=DIRECTION('',(0.766518978737607,0.,-0.642221655844037));
#2243=DIRECTION('',(0.,-1.,0.));
#2244=DIRECTION('',(0.,0.,-1.));
#2245=DIRECTION('',(0.974173257698359,0.,-0.225801824583786));
#2246=DIRECTION('',(0.,-1.,0.));
#2247=DIRECTION('',(0.,0.,-1.));
#2248=DIRECTION('',(0.,-1.,0.));
#2249=DIRECTION('',(0.,0.,-1.));
#2250=DIRECTION('',(0.,-1.,0.));
#2251=DIRECTION('',(0.,0.,-1.));
#2252=DIRECTION('',(0.999980293747226,0.,0.00627790707255517));
#2253=DIRECTION('',(0.,-1.,0.));
#2254=DIRECTION('',(0.,0.,-1.));
#2255=DIRECTION('',(-0.164398987305358,0.,0.986393923832144));
#2256=DIRECTION('',(0.,-1.,0.));
#2257=DIRECTION('',(0.,0.,-1.));
#2258=DIRECTION('',(0.,-1.,0.));
#2259=DIRECTION('',(0.,0.,-1.));
#2260=DIRECTION('',(0.,-1.,0.));
#2261=DIRECTION('',(0.,0.,-1.));
#2262=DIRECTION('',(0.558522736207691,0.,0.829489212189691));
#2263=DIRECTION('',(0.,-1.,0.));
#2264=DIRECTION('',(0.,0.,-1.));
#2265=DIRECTION('',(0.,-1.,0.));
#2266=DIRECTION('',(0.,0.,-1.));
#2267=DIRECTION('',(0.,-1.,0.));
#2268=DIRECTION('',(0.,0.,-1.));
#2269=DIRECTION('',(-0.164398987305357,0.,0.986393923832144));
#2270=DIRECTION('',(0.,-1.,0.));
#2271=DIRECTION('',(0.,0.,-1.));
#2272=DIRECTION('',(0.999980293747226,0.,0.0062779070725726));
#2273=DIRECTION('',(0.,-1.,0.));
#2274=DIRECTION('',(0.,0.,-1.));
#2275=DIRECTION('',(0.,-1.,0.));
#2276=DIRECTION('',(0.,0.,-1.));
#2277=DIRECTION('',(0.,-1.,0.));
#2278=DIRECTION('',(0.,0.,-1.));
#2279=DIRECTION('',(0.974173257698359,0.,-0.225801824583785));
#2280=DIRECTION('',(0.,-1.,0.));
#2281=DIRECTION('',(0.,0.,-1.));
#2282=DIRECTION('',(0.,-1.,0.));
#2283=DIRECTION('',(1.,0.,0.));
#2284=DIRECTION('',(0.,-1.,0.));
#2285=DIRECTION('',(0.,0.,-1.));
#2286=DIRECTION('',(0.,-1.,0.));
#2287=DIRECTION('',(0.,0.,-1.));
#2288=DIRECTION('',(-0.164398987305358,0.,0.986393923832144));
#2289=DIRECTION('',(0.,-1.,0.));
#2290=DIRECTION('',(0.,0.,-1.));
#2291=DIRECTION('',(0.999980293747226,0.,0.00627790707255517));
#2292=DIRECTION('',(0.,-1.,0.));
#2293=DIRECTION('',(0.,0.,-1.));
#2294=DIRECTION('',(0.,-1.,0.));
#2295=DIRECTION('',(0.,0.,-1.));
#2296=DIRECTION('',(0.,-1.,0.));
#2297=DIRECTION('',(0.,0.,-1.));
#2298=DIRECTION('',(0.558522736207691,0.,0.829489212189691));
#2299=DIRECTION('',(0.,-1.,0.));
#2300=DIRECTION('',(0.,0.,-1.));
#2301=DIRECTION('',(0.,-1.,0.));
#2302=DIRECTION('',(0.,0.,-1.));
#2303=DIRECTION('',(0.910836971459717,0.,0.412766291528378));
#2304=DIRECTION('',(0.,-1.,0.));
#2305=DIRECTION('',(0.,0.,-1.));
#2306=DIRECTION('',(0.,-1.,0.));
#2307=DIRECTION('',(0.,0.,-1.));
#2308=DIRECTION('',(0.766518978737607,0.,-0.642221655844037));
#2309=DIRECTION('',(0.,-1.,0.));
#2310=DIRECTION('',(0.,0.,-1.));
#2311=DIRECTION('',(-0.575300636395442,0.,-0.817942038143901));
#2312=DIRECTION('',(0.,-1.,0.));
#2313=DIRECTION('',(0.,0.,-1.));
#2314=DIRECTION('',(0.,-1.,0.));
#2315=DIRECTION('',(0.,0.,-1.));
#2316=DIRECTION('',(0.,-1.,0.));
#2317=DIRECTION('',(0.,0.,-1.));
#2318=DIRECTION('',(-0.369784386259662,0.,-0.929117596259249));
#2319=DIRECTION('',(0.,-1.,0.));
#2320=DIRECTION('',(0.,0.,-1.));
#2321=DIRECTION('',(0.,-1.,0.));
#2322=DIRECTION('',(0.,0.,-1.));
#2323=DIRECTION('',(-0.369784386259662,0.,-0.929117596259249));
#2324=DIRECTION('',(0.,-1.,0.));
#2325=DIRECTION('',(0.,0.,-1.));
#2326=DIRECTION('',(1.,0.,0.));
#2327=DIRECTION('',(0.,-1.,0.));
#2328=DIRECTION('',(0.,0.,-1.));
#2329=DIRECTION('',(0.533739673378438,0.,0.845648840277026));
#2330=DIRECTION('',(0.,-1.,0.));
#2331=DIRECTION('',(0.,0.,-1.));
#2332=DIRECTION('',(0.164398987305357,0.,-0.986393923832144));
#2333=DIRECTION('',(-0.910836971459718,0.,-0.412766291528378));
#2334=DIRECTION('',(0.,-1.,0.));
#2335=DIRECTION('',(0.,0.,-1.));
#2336=DIRECTION('',(0.,-1.,0.));
#2337=DIRECTION('',(0.,0.,-1.));
#2338=DIRECTION('',(0.,-1.,0.));
#2339=DIRECTION('',(0.,0.,-1.));
#2340=DIRECTION('',(-1.,0.,0.));
#2341=DIRECTION('',(0.,-1.,0.));
#2342=DIRECTION('',(0.,0.,-1.));
#2343=DIRECTION('',(0.,-1.,0.));
#2344=DIRECTION('',(0.,0.,-1.));
#2345=DIRECTION('',(0.,-1.,0.));
#2346=DIRECTION('',(0.,0.,-1.));
#2347=DIRECTION('',(0.,-1.,0.));
#2348=DIRECTION('',(0.,0.,-1.));
#2349=DIRECTION('',(0.,-1.,0.));
#2350=DIRECTION('',(0.,0.,-1.));
#2351=DIRECTION('',(1.,0.,0.));
#2352=DIRECTION('',(0.,-1.,0.));
#2353=DIRECTION('',(0.,0.,-1.));
#2354=DIRECTION('',(0.,-1.,0.));
#2355=DIRECTION('',(0.,0.,-1.));
#2356=DIRECTION('',(0.,-1.,0.));
#2357=DIRECTION('',(0.,0.,-1.));
#2358=DIRECTION('',(-0.575300636395442,0.,-0.817942038143902));
#2359=DIRECTION('',(0.,-1.,0.));
#2360=DIRECTION('',(0.,0.,-1.));
#2361=DIRECTION('',(0.974173257698359,0.,-0.225801824583786));
#2362=DIRECTION('',(0.,-1.,0.));
#2363=DIRECTION('',(0.,0.,-1.));
#2364=DIRECTION('',(0.,-1.,0.));
#2365=DIRECTION('',(0.,0.,-1.));
#2366=DIRECTION('',(0.,-1.,0.));
#2367=DIRECTION('',(0.,0.,-1.));
#2368=DIRECTION('',(1.,0.,0.));
#2369=DIRECTION('',(0.,-1.,0.));
#2370=DIRECTION('',(0.,0.,-1.));
#2371=DIRECTION('',(0.,-1.,0.));
#2372=DIRECTION('',(0.,0.,-1.));
#2373=DIRECTION('',(0.,-1.,0.));
#2374=DIRECTION('',(0.,0.,-1.));
#2375=DIRECTION('',(1.,0.,0.));
#2376=DIRECTION('',(0.,-1.,0.));
#2377=DIRECTION('',(0.,0.,-1.));
#2378=DIRECTION('',(0.,-1.,0.));
#2379=DIRECTION('',(0.,0.,-1.));
#2380=DIRECTION('',(0.,-1.,0.));
#2381=DIRECTION('',(0.,0.,-1.));
#2382=DIRECTION('',(0.,-1.,0.));
#2383=DIRECTION('',(0.,0.,-1.));
#2384=DIRECTION('',(0.,-1.,0.));
#2385=DIRECTION('',(0.,0.,-1.));
#2386=DIRECTION('',(0.974173257698359,0.,-0.225801824583785));
#2387=DIRECTION('',(0.,-1.,0.));
#2388=DIRECTION('',(0.,0.,-1.));
#2389=DIRECTION('',(0.,-1.,0.));
#2390=DIRECTION('',(0.,0.,-1.));
#2391=DIRECTION('',(0.,-1.,0.));
#2392=DIRECTION('',(0.,0.,-1.));
#2393=DIRECTION('',(0.533739673378438,0.,0.845648840277026));
#2394=DIRECTION('',(0.,-1.,0.));
#2395=DIRECTION('',(0.,0.,-1.));
#2396=DIRECTION('',(-1.,0.,0.));
#2397=DIRECTION('',(0.,-1.,0.));
#2398=DIRECTION('',(0.,0.,-1.));
#2399=DIRECTION('',(0.,-1.,0.));
#2400=DIRECTION('',(0.,0.,-1.));
#2401=DIRECTION('',(0.,-1.,0.));
#2402=DIRECTION('',(0.,0.,-1.));
#2403=DIRECTION('',(0.974173257698359,0.,-0.225801824583786));
#2404=DIRECTION('',(0.,-1.,0.));
#2405=DIRECTION('',(0.,0.,-1.));
#2406=DIRECTION('',(0.766518978737607,0.,-0.642221655844037));
#2407=DIRECTION('',(0.,-1.,0.));
#2408=DIRECTION('',(0.,0.,-1.));
#2409=DIRECTION('',(-0.910836971459717,0.,-0.412766291528378));
#2410=DIRECTION('',(0.,-1.,0.));
#2411=DIRECTION('',(0.,0.,-1.));
#2412=DIRECTION('',(0.55852273620769,0.,0.829489212189691));
#2413=DIRECTION('',(0.,-1.,0.));
#2414=DIRECTION('',(0.,0.,-1.));
#2415=DIRECTION('',(0.,-1.,0.));
#2416=DIRECTION('',(0.,0.,-1.));
#2417=DIRECTION('',(0.,-1.,0.));
#2418=DIRECTION('',(0.,0.,-1.));
#2419=DIRECTION('',(-0.164398987305357,0.,0.986393923832144));
#2420=DIRECTION('',(0.,-1.,0.));
#2421=DIRECTION('',(0.,0.,-1.));
#2422=DIRECTION('',(0.,-1.,0.));
#2423=DIRECTION('',(0.,0.,-1.));
#2424=DIRECTION('',(0.,-1.,0.));
#2425=DIRECTION('',(0.,0.,-1.));
#2426=DIRECTION('',(0.974173257698359,0.,-0.225801824583785));
#2427=DIRECTION('',(0.,-1.,0.));
#2428=DIRECTION('',(0.,0.,-1.));
#2429=DIRECTION('',(0.,-1.,0.));
#2430=DIRECTION('',(0.,0.,-1.));
#2431=DIRECTION('',(0.,-1.,0.));
#2432=DIRECTION('',(0.,0.,-1.));
#2433=DIRECTION('',(0.999980293747226,0.,0.0062779070725726));
#2434=DIRECTION('',(0.,-1.,0.));
#2435=DIRECTION('',(0.,0.,-1.));
#2436=DIRECTION('',(-0.929117596259249,0.,0.369784386259662));
#2437=DIRECTION('',(0.369784386259662,0.,0.929117596259249));
#2438=DIRECTION('',(0.,1.,0.));
#2439=DIRECTION('',(-0.369784386259662,0.,-0.929117596259249));
#2440=DIRECTION('',(0.,-1.,0.));
#2441=DIRECTION('',(0.,-1.,0.));
#2442=DIRECTION('',(0.,-1.,0.));
#2443=DIRECTION('',(0.,0.,-1.));
#2444=DIRECTION('',(0.,-1.,0.));
#2445=DIRECTION('',(0.,0.,-1.));
#2446=DIRECTION('',(-1.,0.,0.));
#2447=DIRECTION('',(0.,-1.,0.));
#2448=DIRECTION('',(0.,-1.,0.));
#2449=DIRECTION('',(0.,0.,-1.));
#2450=DIRECTION('',(0.,-1.,0.));
#2451=DIRECTION('',(0.845648840277026,0.,-0.533739673378438));
#2452=DIRECTION('',(-0.533739673378438,0.,-0.845648840277026));
#2453=DIRECTION('',(0.,-1.,0.));
#2454=DIRECTION('',(0.,-1.,0.));
#2455=DIRECTION('',(0.,0.,-1.));
#2456=DIRECTION('',(0.,-1.,0.));
#2457=DIRECTION('',(-0.986393923832144,0.,-0.164398987305357));
#2458=DIRECTION('',(-0.164398987305357,0.,0.986393923832144));
#2459=DIRECTION('',(0.,-1.,0.));
#2460=DIRECTION('',(0.,-1.,0.));
#2461=DIRECTION('',(0.,0.,-1.));
#2462=DIRECTION('',(0.,-1.,0.));
#2463=DIRECTION('',(0.,-1.,0.));
#2464=DIRECTION('',(0.,-1.,0.));
#2465=DIRECTION('',(0.,-1.,0.));
#2466=DIRECTION('',(0.,0.,-1.));
#2467=DIRECTION('',(0.412766291528378,0.,-0.910836971459717));
#2468=DIRECTION('',(-0.910836971459717,0.,-0.412766291528378));
#2469=DIRECTION('',(0.,-1.,0.));
#2470=DIRECTION('',(0.,-1.,0.));
#2471=DIRECTION('',(0.,0.,-1.));
#2472=DIRECTION('',(0.,-1.,0.));
#2473=DIRECTION('',(0.,0.,-1.));
#2474=DIRECTION('',(0.,-1.,0.));
#2475=DIRECTION('',(0.,0.,-1.));
#2476=DIRECTION('',(0.,-1.,0.));
#2477=DIRECTION('',(0.,0.,-1.));
#2478=DIRECTION('',(0.,-1.,0.));
#2479=DIRECTION('',(0.,0.,-1.));
#2480=DIRECTION('',(0.,-1.,0.));
#2481=DIRECTION('',(0.,0.,-1.));
#2482=DIRECTION('',(0.,-1.,0.));
#2483=DIRECTION('',(0.,0.,-1.));
#2484=DIRECTION('',(0.,-1.,0.));
#2485=DIRECTION('',(0.,0.,-1.));
#2486=DIRECTION('',(0.,-1.,0.));
#2487=DIRECTION('',(0.,-1.,0.));
#2488=DIRECTION('',(0.,-1.,0.));
#2489=DIRECTION('',(0.,0.,-1.));
#2490=DIRECTION('',(0.,-1.,0.));
#2491=DIRECTION('',(0.,0.,-1.));
#2492=DIRECTION('',(-0.412766291528378,0.,0.910836971459718));
#2493=DIRECTION('',(0.910836971459718,0.,0.412766291528378));
#2494=DIRECTION('',(0.,-1.,0.));
#2495=DIRECTION('',(0.,-1.,0.));
#2496=DIRECTION('',(0.,0.,1.));
#2497=DIRECTION('',(1.,0.,0.));
#2498=DIRECTION('',(0.,-1.,0.));
#2499=DIRECTION('',(0.,1.,0.));
#2500=DIRECTION('',(0.,-1.,0.));
#2501=DIRECTION('',(0.,0.,-1.));
#2502=DIRECTION('',(0.,-1.,0.));
#2503=DIRECTION('',(0.,-1.,0.));
#2504=DIRECTION('',(-0.642221655844037,0.,-0.766518978737607));
#2505=DIRECTION('',(-0.766518978737607,0.,0.642221655844037));
#2506=DIRECTION('',(0.,-1.,0.));
#2507=DIRECTION('',(0.,1.,0.));
#2508=DIRECTION('',(-0.929117596259249,0.,0.369784386259662));
#2509=DIRECTION('',(0.369784386259662,0.,0.929117596259249));
#2510=DIRECTION('',(0.,-1.,0.));
#2511=DIRECTION('',(0.,-1.,0.));
#2512=DIRECTION('',(0.,-1.,0.));
#2513=DIRECTION('',(0.,0.,-1.));
#2514=DIRECTION('',(0.,-1.,0.));
#2515=DIRECTION('',(0.,-1.,0.));
#2516=DIRECTION('',(-0.817942038143902,0.,0.575300636395442));
#2517=DIRECTION('',(0.575300636395442,0.,0.817942038143902));
#2518=DIRECTION('',(0.,1.,0.));
#2519=DIRECTION('',(0.,-1.,0.));
#2520=DIRECTION('',(0.,-1.,0.));
#2521=DIRECTION('',(0.,0.,-1.));
#2522=DIRECTION('',(0.,-1.,0.));
#2523=DIRECTION('',(0.,-1.,0.));
#2524=DIRECTION('',(0.,0.,-1.));
#2525=DIRECTION('',(-1.,0.,0.));
#2526=DIRECTION('',(0.,-1.,0.));
#2527=DIRECTION('',(0.,-1.,0.));
#2528=DIRECTION('',(0.,-1.,0.));
#2529=DIRECTION('',(0.,0.,-1.));
#2530=DIRECTION('',(0.,-1.,0.));
#2531=DIRECTION('',(0.,-1.,0.));
#2532=DIRECTION('',(-0.225801824583786,0.,-0.974173257698359));
#2533=DIRECTION('',(-0.974173257698359,0.,0.225801824583786));
#2534=DIRECTION('',(0.,-1.,0.));
#2535=DIRECTION('',(0.,-1.,0.));
#2536=DIRECTION('',(-0.817942038143901,0.,0.575300636395442));
#2537=DIRECTION('',(0.575300636395442,0.,0.817942038143902));
#2538=DIRECTION('',(0.,-1.,0.));
#2539=DIRECTION('',(0.,-1.,0.));
#2540=DIRECTION('',(0.,-1.,0.));
#2541=DIRECTION('',(0.,0.,-1.));
#2542=DIRECTION('',(0.,-1.,0.));
#2543=DIRECTION('',(0.,-1.,0.));
#2544=DIRECTION('',(0.,0.,-1.));
#2545=DIRECTION('',(-1.,0.,0.));
#2546=DIRECTION('',(0.,-1.,0.));
#2547=DIRECTION('',(0.,-1.,0.));
#2548=DIRECTION('',(0.,-1.,0.));
#2549=DIRECTION('',(0.,0.,-1.));
#2550=DIRECTION('',(0.,-1.,0.));
#2551=DIRECTION('',(0.,-1.,0.));
#2552=DIRECTION('',(0.,0.,-1.));
#2553=DIRECTION('',(-1.,0.,0.));
#2554=DIRECTION('',(0.,1.,0.));
#2555=DIRECTION('',(0.,1.,0.));
#2556=DIRECTION('',(-0.225801824583785,0.,-0.974173257698359));
#2557=DIRECTION('',(-0.974173257698359,0.,0.225801824583785));
#2558=DIRECTION('',(0.,1.,0.));
#2559=DIRECTION('',(0.,1.,0.));
#2560=DIRECTION('',(0.,-1.,0.));
#2561=DIRECTION('',(0.,0.,-1.));
#2562=DIRECTION('',(0.,-1.,0.));
#2563=DIRECTION('',(0.,-1.,0.));
#2564=DIRECTION('',(0.845648840277026,0.,-0.533739673378438));
#2565=DIRECTION('',(-0.533739673378438,0.,-0.845648840277026));
#2566=DIRECTION('',(0.,-1.,0.));
#2567=DIRECTION('',(0.,-1.,0.));
#2568=DIRECTION('',(0.,-1.,0.));
#2569=DIRECTION('',(0.,0.,-1.));
#2570=DIRECTION('',(0.,-1.,0.));
#2571=DIRECTION('',(0.,-1.,0.));
#2572=DIRECTION('',(0.,-1.,0.));
#2573=DIRECTION('',(0.,0.,-1.));
#2574=DIRECTION('',(0.,-1.,0.));
#2575=DIRECTION('',(0.,-1.,0.));
#2576=DIRECTION('',(0.,0.,1.));
#2577=DIRECTION('',(1.,0.,0.));
#2578=DIRECTION('',(0.,-1.,0.));
#2579=DIRECTION('',(0.,-1.,0.));
#2580=DIRECTION('',(-0.642221655844037,0.,-0.766518978737607));
#2581=DIRECTION('',(-0.766518978737607,0.,0.642221655844037));
#2582=DIRECTION('',(0.,-1.,0.));
#2583=DIRECTION('',(0.,-1.,0.));
#2584=DIRECTION('',(-0.225801824583786,0.,-0.974173257698359));
#2585=DIRECTION('',(-0.974173257698359,0.,0.225801824583786));
#2586=DIRECTION('',(0.,-1.,0.));
#2587=DIRECTION('',(0.,-1.,0.));
#2588=DIRECTION('',(-0.412766291528378,0.,0.910836971459717));
#2589=DIRECTION('',(0.910836971459717,0.,0.412766291528378));
#2590=DIRECTION('',(0.,-1.,0.));
#2591=DIRECTION('',(0.,-1.,0.));
#2592=DIRECTION('',(0.,-1.,0.));
#2593=DIRECTION('',(0.,0.,-1.));
#2594=DIRECTION('',(0.,-1.,0.));
#2595=DIRECTION('',(0.,-1.,0.));
#2596=DIRECTION('',(0.829489212189691,0.,-0.55852273620769));
#2597=DIRECTION('',(-0.55852273620769,0.,-0.829489212189691));
#2598=DIRECTION('',(0.,-1.,0.));
#2599=DIRECTION('',(0.,-1.,0.));
#2600=DIRECTION('',(0.00627790707255517,0.,-0.999980293747226));
#2601=DIRECTION('',(-0.999980293747226,0.,-0.00627790707255517));
#2602=DIRECTION('',(0.,-1.,0.));
#2603=DIRECTION('',(0.,-1.,0.));
#2604=DIRECTION('',(0.986393923832144,0.,0.164398987305358));
#2605=DIRECTION('',(0.164398987305358,0.,-0.986393923832144));
#2606=DIRECTION('',(0.,-1.,0.));
#2607=DIRECTION('',(0.,-1.,0.));
#2608=DIRECTION('',(0.829489212189691,0.,-0.558522736207691));
#2609=DIRECTION('',(-0.558522736207691,0.,-0.829489212189691));
#2610=DIRECTION('',(0.,1.,0.));
#2611=DIRECTION('',(0.,1.,0.));
#2612=DIRECTION('',(0.,-1.,0.));
#2613=DIRECTION('',(0.,0.,-1.));
#2614=DIRECTION('',(0.,-1.,0.));
#2615=DIRECTION('',(0.,-1.,0.));
#2616=DIRECTION('',(0.,-1.,0.));
#2617=DIRECTION('',(0.,0.,-1.));
#2618=DIRECTION('',(0.,-1.,0.));
#2619=DIRECTION('',(0.,-1.,0.));
#2620=DIRECTION('',(0.986393923832144,0.,0.164398987305357));
#2621=DIRECTION('',(0.164398987305357,0.,-0.986393923832144));
#2622=DIRECTION('',(0.,-1.,0.));
#2623=DIRECTION('',(0.,-1.,0.));
#2624=DIRECTION('',(0.0062779070725726,0.,-0.999980293747226));
#2625=DIRECTION('',(-0.999980293747226,0.,-0.0062779070725726));
#2626=DIRECTION('',(0.,1.,0.));
#2627=DIRECTION('',(0.,-1.,0.));
#2628=DIRECTION('',(0.,-1.,0.));
#2629=DIRECTION('',(0.,0.,-1.));
#2630=DIRECTION('',(0.,-1.,0.));
#2631=DIRECTION('',(0.,-1.,0.));
#2632=DIRECTION('',(-0.225801824583785,0.,-0.974173257698359));
#2633=DIRECTION('',(-0.974173257698359,0.,0.225801824583785));
#2634=DIRECTION('',(0.,-1.,0.));
#2635=DIRECTION('',(0.,-1.,0.));
#2636=DIRECTION('',(0.,-1.,0.));
#2637=DIRECTION('',(0.,0.,-1.));
#2638=DIRECTION('',(0.,-1.,0.));
#2639=DIRECTION('',(0.,0.,-1.));
#2640=DIRECTION('',(0.,-1.,0.));
#2641=DIRECTION('',(0.,0.,-1.));
#2642=DIRECTION('',(0.,-1.,0.));
#2643=DIRECTION('',(0.,0.,-1.));
#2644=DIRECTION('',(0.,1.,0.));
#2645=DIRECTION('',(0.,0.,1.));
#2646=DIRECTION('',(0.,-1.,0.));
#2647=DIRECTION('',(0.,0.,-1.));
#2648=DIRECTION('',(0.,-1.,0.));
#2649=DIRECTION('',(0.,0.,-1.));
#2650=DIRECTION('',(0.,-1.,0.));
#2651=DIRECTION('',(0.,0.,-1.));
#2652=DIRECTION('',(0.,-1.,0.));
#2653=DIRECTION('',(0.,0.,-1.));
#2654=DIRECTION('',(0.,-1.,0.));
#2655=DIRECTION('',(0.,0.,-1.));
#2656=DIRECTION('',(0.,-1.,0.));
#2657=DIRECTION('',(0.,0.,-1.));
#2658=DIRECTION('',(0.,1.,0.));
#2659=DIRECTION('',(0.,0.,1.));
#2660=DIRECTION('',(0.,-1.,0.));
#2661=DIRECTION('',(0.,0.,-1.));
#2662=DIRECTION('',(0.,1.,0.));
#2663=DIRECTION('',(0.,0.,1.));
#2664=DIRECTION('',(0.,-1.,0.));
#2665=DIRECTION('',(0.,0.,-1.));
#2666=DIRECTION('',(0.,1.,0.));
#2667=DIRECTION('',(0.,0.,1.));
#2668=DIRECTION('',(0.,-1.,0.));
#2669=DIRECTION('',(0.,0.,-1.));
#2670=DIRECTION('',(0.,-1.,0.));
#2671=DIRECTION('',(0.,0.,-1.));
#2672=DIRECTION('',(0.,-1.,0.));
#2673=DIRECTION('',(0.,0.,-1.));
#2674=DIRECTION('',(0.,-1.,0.));
#2675=DIRECTION('',(0.,0.,-1.));
#2676=DIRECTION('',(0.,-1.,0.));
#2677=DIRECTION('',(0.,0.,-1.));
#2678=DIRECTION('',(0.,-1.,0.));
#2679=DIRECTION('',(0.,0.,-1.));
#2680=DIRECTION('',(0.,-1.,0.));
#2681=DIRECTION('',(0.,0.,-1.));
#2682=DIRECTION('',(0.,-1.,0.));
#2683=DIRECTION('',(0.,0.,-1.));
#2684=DIRECTION('',(0.,-1.,0.));
#2685=DIRECTION('',(0.,0.,-1.));
#2686=DIRECTION('',(0.,-1.,0.));
#2687=DIRECTION('',(0.,0.,-1.));
#2688=DIRECTION('',(0.,-1.,0.));
#2689=DIRECTION('',(0.,0.,-1.));
#2690=DIRECTION('',(0.,-1.,0.));
#2691=DIRECTION('',(0.,0.,-1.));
#2692=DIRECTION('',(0.,-1.,0.));
#2693=DIRECTION('',(0.,0.,-1.));
#2694=DIRECTION('',(0.,-1.,0.));
#2695=DIRECTION('',(0.,0.,-1.));
#2696=DIRECTION('',(0.,-1.,0.));
#2697=DIRECTION('',(0.,0.,-1.));
#2698=DIRECTION('',(0.,-1.,0.));
#2699=DIRECTION('',(0.,0.,-1.));
#2700=DIRECTION('',(0.,-1.,0.));
#2701=DIRECTION('',(0.,0.,-1.));
#2702=DIRECTION('',(0.,-1.,0.));
#2703=DIRECTION('',(0.,0.,-1.));
#2704=DIRECTION('',(0.,-1.,0.));
#2705=DIRECTION('',(0.,0.,-1.));
#2706=DIRECTION('',(0.,-1.,0.));
#2707=DIRECTION('',(0.,0.,-1.));
#2708=DIRECTION('',(0.,-1.,0.));
#2709=DIRECTION('',(0.,0.,-1.));
#2710=DIRECTION('',(0.,-1.,0.));
#2711=DIRECTION('',(0.,0.,-1.));
#2712=DIRECTION('',(0.,-1.,0.));
#2713=DIRECTION('',(1.,0.,0.));
#2714=DIRECTION('',(0.,-1.,0.));
#2715=DIRECTION('',(1.,0.,0.));
#2716=CARTESIAN_POINT('',(0.,0.,0.));
#2717=CARTESIAN_POINT('',(0.0179495552032005,-0.01,0.0746463781758702));
#2718=CARTESIAN_POINT('',(0.0161507731015454,-0.01,0.0758575581243179));
#2719=CARTESIAN_POINT('',(0.0269182550317414,-0.01,0.0918488679216398));
#2720=CARTESIAN_POINT('',(0.0293160781928637,-0.01,0.0954099914282571));
#2721=CARTESIAN_POINT('',(0.0286537408545473,-0.01,0.0956550570395846));
#2722=CARTESIAN_POINT('',(0.0283622366890236,-0.01,0.0962983091092009));
#2723=CARTESIAN_POINT('',(0.0115833057877579,-0.01,0.088694558601767));
#2724=CARTESIAN_POINT('',(0.0205855787781837,-0.01,0.0927741413965113));
#2725=CARTESIAN_POINT('',(0.0208332969634309,-0.01,0.0922275103215983));
#2726=CARTESIAN_POINT('',(0.0208168904107462,-0.01,0.0916275931136506));
#2727=CARTESIAN_POINT('',(0.0229999765540614,-0.01,0.0828963769961294));
#2728=CARTESIAN_POINT('',(0.0257798868930027,-0.01,0.0914562892916756));
#2729=CARTESIAN_POINT('',(0.0260887658195517,-0.01,0.0924073906578475));
#2730=CARTESIAN_POINT('',(0.0170970023145861,-0.01,0.0709682226676383));
#2731=CARTESIAN_POINT('',(0.0303394221243295,-0.01,0.0678987865777899));
#2732=CARTESIAN_POINT('',(0.0336368480004635,-0.01,0.0671344823091426));
#2733=CARTESIAN_POINT('',(0.0301136202997457,-0.01,0.0669246133200915));
#2734=CARTESIAN_POINT('',(0.0294022559251736,-0.01,0.0662217899236472));
#2735=CARTESIAN_POINT('',(0.0229999765540614,-0.01,0.0598963793556104));
#2736=CARTESIAN_POINT('',(0.031970767792085,-0.01,0.0606208823326908));
#2737=CARTESIAN_POINT('',(0.0329675223740876,-0.01,0.0607013826634775));
#2738=CARTESIAN_POINT('',(0.0338131712143646,-0.01,0.0601676429900991));
#2739=CARTESIAN_POINT('',(0.0358290442551385,-0.01,0.0633615608944694));
#2740=CARTESIAN_POINT('',(0.0358674796257151,-0.01,0.0634224572980438));
#2741=CARTESIAN_POINT('',(0.0350218307854381,-0.01,0.0639561969714223));
#2742=CARTESIAN_POINT('',(0.0356374599391628,-0.01,0.0647442329763638));
#2743=CARTESIAN_POINT('',(0.0380999765540614,-0.01,0.0678963769961301));
#2744=CARTESIAN_POINT('',(0.0343488322515161,-0.01,0.0665075226403814));
#2745=CARTESIAN_POINT('',(0.0334110461758798,-0.01,0.0661603090514443));
#2746=CARTESIAN_POINT('',(-4.25007251614318E-17,-0.01,0.0598963793556104));
#2747=CARTESIAN_POINT('',(0.00865299803536323,-0.01,0.0623713793556104));
#2748=CARTESIAN_POINT('',(0.00700248182087913,-0.01,0.0655501611296319));
#2749=CARTESIAN_POINT('',(0.0096144422615147,-0.01,0.0626463793556104));
#2750=CARTESIAN_POINT('',(0.0096144422615147,-0.01,0.0616463793556104));
#2751=CARTESIAN_POINT('',(0.0179495552032005,-0.01,0.0616463793556104));
#2752=CARTESIAN_POINT('',(0.0133855342925466,-0.01,0.0616463793556104));
#2753=CARTESIAN_POINT('',(0.0133855342925466,-0.01,0.0626463793556104));
#2754=CARTESIAN_POINT('',(0.0143469785186981,-0.01,0.0623713793556104));
#2755=CARTESIAN_POINT('',(0.0229999765540614,-0.01,0.0598963793556104));
#2756=CARTESIAN_POINT('',(0.0205249765540613,-0.01,0.0685493773909736));
#2757=CARTESIAN_POINT('',(0.0202847085873861,-0.01,0.0693607329958065));
#2758=CARTESIAN_POINT('',(0.0204757783786451,-0.01,0.0701850623888116));
#2759=CARTESIAN_POINT('',(0.0170970023145861,-0.01,0.0709682226676383));
#2760=CARTESIAN_POINT('',(0.0115881999649642,-0.01,0.0722450978148323));
#2761=CARTESIAN_POINT('',(0.0113623981403804,-0.01,0.0712709245571339));
#2762=CARTESIAN_POINT('',(0.0105444561022365,-0.01,0.0718462251935294));
#2763=CARTESIAN_POINT('',(0.0143129750384138,-0.01,0.0772041717425786));
#2764=CARTESIAN_POINT('',(0.00696259331838846,-0.01,0.0667536597409186));
#2765=CARTESIAN_POINT('',(0.00778053535653236,-0.01,0.0661783591045231));
#2766=CARTESIAN_POINT('',(-1.07769695945059E-16,-0.01,0.0828963769961301));
#2767=CARTESIAN_POINT('',(-1.07769695945059E-16,-0.01,0.08074637699613));
#2768=CARTESIAN_POINT('',(0.0330999765540613,-0.01,0.0978963769961301));
#2769=CARTESIAN_POINT('',(0.0330999765540613,-0.01,0.0957463769961301));
#2770=CARTESIAN_POINT('',(0.0380999765540613,-0.01,0.0678963769961301));
#2771=CARTESIAN_POINT('',(0.0380999765540613,-0.01,0.0657463769961301));
#2772=CARTESIAN_POINT('',(0.0229999765540614,-0.01,0.0828963769961292));
#2773=CARTESIAN_POINT('',(0.0229999765540614,-0.01,0.0758963769961292));
#2774=CARTESIAN_POINT('',(0.0229999765540614,-0.01,0.0598963793556104));
#2775=CARTESIAN_POINT('',(0.0229999765540614,-0.01,0.0528963793556104));
#2776=CARTESIAN_POINT('',(2.67999808924886E-18,-0.01,0.0598963793556104));
#2777=CARTESIAN_POINT('',(2.67999808924886E-18,-0.01,0.0528963793556104));
#2778=CARTESIAN_POINT('',(-0.00769999319086345,-0.01,0.074352914120003));
#2779=CARTESIAN_POINT('',(-0.00363755881489745,-0.01,0.084560157591089));
#2780=CARTESIAN_POINT('',(-0.0116139699532406,-0.01,0.0645186841838562));
#2781=CARTESIAN_POINT('',(2.84060969191202E-17,-0.01,0.0828963769961301));
#2782=CARTESIAN_POINT('',(-0.00165106516611345,-0.01,0.086539724881969));
#2783=CARTESIAN_POINT('',(0.0232546196510194,-0.01,0.0978262969931856));
#2784=CARTESIAN_POINT('',(0.0314489113879479,-0.01,0.101539724881969));
#2785=CARTESIAN_POINT('',(0.0330999765540613,-0.01,0.0978963769961301));
#2786=CARTESIAN_POINT('',(0.0370455522493899,-0.01,0.0985539729453515));
#2787=CARTESIAN_POINT('',(0.0395455522493899,-0.01,0.0835539729453515));
#2788=CARTESIAN_POINT('',(0.0420455522493899,-0.01,0.0685539729453515));
#2789=CARTESIAN_POINT('',(0.0380999765540614,-0.01,0.0678963769961301));
#2790=CARTESIAN_POINT('',(0.0414825719151694,-0.01,0.0657614183026163));
#2791=CARTESIAN_POINT('',(0.0375595060526786,-0.01,0.0595457737432631));
#2792=CARTESIAN_POINT('',(0.0336364401901878,-0.01,0.0533301291839097));
#2793=CARTESIAN_POINT('',(0.0229999765540614,-0.01,0.0598963793556104));
#2794=CARTESIAN_POINT('',(0.0229999765540614,-0.01,0.0473963793556104));
#2795=CARTESIAN_POINT('',(0.0114999882770307,-0.01,0.0473963793556104));
#2796=CARTESIAN_POINT('',(0.,-0.01,0.0473963793556104));
#2797=CARTESIAN_POINT('',(-2.01546811218905E-18,-0.01,0.0598963793556104));
#2798=CARTESIAN_POINT('',(0.0229999765540613,-0.01,0.0828963769961292));
#2799=CARTESIAN_POINT('',(0.0165300646620132,-0.01,0.0891525931136506));
#2800=CARTESIAN_POINT('',(0.0143469785186981,-0.01,0.0853713769961292));
#2801=CARTESIAN_POINT('',(0.0159015673170072,-0.01,0.0897210676414633));
#2802=CARTESIAN_POINT('',(0.015551768353033,-0.01,0.0904929568085422));
#2803=CARTESIAN_POINT('',(0.0115833057877579,-0.01,0.088694558601767));
#2804=CARTESIAN_POINT('',(0.00686690196914189,-0.01,0.0865572139675889));
#2805=CARTESIAN_POINT('',(0.00727966826067028,-0.01,0.0856463769961292));
#2806=CARTESIAN_POINT('',(0.00727966826067029,-0.01,0.0846463769961292));
#2807=CARTESIAN_POINT('',(0.0179495552032005,-0.01,0.0846463769961292));
#2808=CARTESIAN_POINT('',(0.0133855342925466,-0.01,0.0846463769961292));
#2809=CARTESIAN_POINT('',(0.0133855342925466,-0.01,0.0856463769961292));
#2810=CARTESIAN_POINT('',(0.0134836662931154,-0.01,0.0693161490013104));
#2811=CARTESIAN_POINT('',(0.00207695989220879,-0.01,0.0788731646470049));
#2812=CARTESIAN_POINT('',(0.0071177923161484,-0.01,0.0746497444370233));
#2813=CARTESIAN_POINT('',(0.00143473823636476,-0.01,0.0781066456682673));
#2814=CARTESIAN_POINT('',(0.00114779058909179,-0.01,0.0790645919338399));
#2815=CARTESIAN_POINT('',(2.99239799605999E-17,-0.01,0.0828963769961301));
#2816=CARTESIAN_POINT('',(-0.0010961794144123,-0.01,0.0790495093494055));
#2817=CARTESIAN_POINT('',(-0.0013702242680154,-0.01,0.0780877924377242));
#2818=CARTESIAN_POINT('',(-0.00229934186427465,-0.01,0.0784575768239839));
#2819=CARTESIAN_POINT('',(-0.000839923349811183,-0.01,0.0821245013142526));
#2820=CARTESIAN_POINT('',(-0.00614335204877528,-0.01,0.0687991444095028));
#2821=CARTESIAN_POINT('',(-0.00521423445251603,-0.01,0.0684293600232432));
#2822=CARTESIAN_POINT('',(-0.00469281100726443,-0.01,0.0675760619564799));
#2823=CARTESIAN_POINT('',(0.,-0.01,0.0598963793556104));
#2824=CARTESIAN_POINT('',(0.00295366873206682,-0.01,0.0683978992797893));
#2825=CARTESIAN_POINT('',(0.00328185414674091,-0.01,0.0693425126046981));
#2826=CARTESIAN_POINT('',(0.0040997961848848,-0.01,0.0687672119683026));
#2827=CARTESIAN_POINT('',(0.0114501779049102,-0.01,0.0792177239699627));
#2828=CARTESIAN_POINT('',(0.00729351269844828,-0.01,0.0733079248218903));
#2829=CARTESIAN_POINT('',(0.00647557066030437,-0.01,0.0738832254582857));
#2830=CARTESIAN_POINT('',(1.03278601654996E-17,-0.01,0.0598963793556104));
#2831=CARTESIAN_POINT('',(0.0054,-0.01,0.0526963793556104));
#2832=CARTESIAN_POINT('',(0.00865299803536324,-0.01,0.0574213793556104));
#2833=CARTESIAN_POINT('',(0.006,-0.01,0.0518963793556104));
#2834=CARTESIAN_POINT('',(0.006,-0.01,0.0508963793556104));
#2835=CARTESIAN_POINT('',(0.0179495552032005,-0.01,0.0508963793556104));
#2836=CARTESIAN_POINT('',(0.0169999765540613,-0.01,0.0508963793556104));
#2837=CARTESIAN_POINT('',(0.0169999765540613,-0.01,0.0518963793556104));
#2838=CARTESIAN_POINT('',(0.0175999765540613,-0.01,0.0526963793556104));
#2839=CARTESIAN_POINT('',(0.0229999765540614,-0.01,0.0598963793556104));
#2840=CARTESIAN_POINT('',(0.0143469785186981,-0.01,0.0574213793556104));
#2841=CARTESIAN_POINT('',(0.0133855342925466,-0.01,0.0571463793556104));
#2842=CARTESIAN_POINT('',(0.0133855342925466,-0.01,0.0581463793556104));
#2843=CARTESIAN_POINT('',(0.0179495552032005,-0.01,0.0581463793556104));
#2844=CARTESIAN_POINT('',(0.00961444226151471,-0.01,0.0581463793556104));
#2845=CARTESIAN_POINT('',(0.00961444226151471,-0.01,0.0571463793556104));
#2846=CARTESIAN_POINT('',(0.0229999765540614,-0.01,0.0828963769961292));
#2847=CARTESIAN_POINT('',(0.0143469785186981,-0.01,0.0804213769961292));
#2848=CARTESIAN_POINT('',(0.0165976971829454,-0.01,0.0765709664280962));
#2849=CARTESIAN_POINT('',(0.0133855342925466,-0.01,0.0801463769961292));
#2850=CARTESIAN_POINT('',(0.0133855342925466,-0.01,0.0811463769961292));
#2851=CARTESIAN_POINT('',(0.0179495552032005,-0.01,0.0811463769961292));
#2852=CARTESIAN_POINT('',(0.00756425316294356,-0.01,0.0811463769961292));
#2853=CARTESIAN_POINT('',(0.00756425316294356,-0.01,0.0801463769961292));
#2854=CARTESIAN_POINT('',(0.00692203150709952,-0.01,0.0793798580173916));
#2855=CARTESIAN_POINT('',(0.0157314420885696,-0.01,0.071998965426892));
#2856=CARTESIAN_POINT('',(0.0107983787741375,-0.01,0.0761320921700755));
#2857=CARTESIAN_POINT('',(0.0114406004299815,-0.01,0.0768986111488131));
#2858=CARTESIAN_POINT('',(0.0112147986053977,-0.01,0.0759244378911147));
#2859=CARTESIAN_POINT('',(0.0178873087006293,-0.01,0.0743778290695825));
#2860=CARTESIAN_POINT('',(0.0156605309837932,-0.01,0.0748939697739497));
#2861=CARTESIAN_POINT('',(0.015886332808377,-0.01,0.0758681430316481));
#2862=CARTESIAN_POINT('',(0.0229999765540614,-0.01,0.0828963769961292));
#2863=CARTESIAN_POINT('',(0.0316372662512535,-0.01,0.0854256509407186));
#2864=CARTESIAN_POINT('',(0.0298858584933417,-0.01,0.0886916017474476));
#2865=CARTESIAN_POINT('',(0.0325969651064971,-0.01,0.0857066813790063));
#2866=CARTESIAN_POINT('',(0.0326032430135696,-0.01,0.0847067010852591));
#2867=CARTESIAN_POINT('',(0.0178869762083201,-0.01,0.0846143119091564));
#2868=CARTESIAN_POINT('',(0.0346288540450592,-0.01,0.0847194179336814));
#2869=CARTESIAN_POINT('',(0.0346225761379867,-0.01,0.0857193982274286));
#2870=CARTESIAN_POINT('',(0.0356089700618188,-0.01,0.0858837972147339));
#2871=CARTESIAN_POINT('',(0.0369539727476178,-0.01,0.0778137810999398));
#2872=CARTESIAN_POINT('',(0.0344110481511868,-0.01,0.0930713286785262));
#2873=CARTESIAN_POINT('',(0.0334246542273547,-0.01,0.0929069296912209));
#2874=CARTESIAN_POINT('',(0.033359718692696,-0.01,0.0939048191522027));
#2875=CARTESIAN_POINT('',(0.0330999765540613,-0.01,0.0978963769961304));
#2876=CARTESIAN_POINT('',(0.0330590190289861,-0.01,0.093896586691484));
#2877=CARTESIAN_POINT('',(0.0330487796477172,-0.01,0.0928966391153225));
#2878=CARTESIAN_POINT('',(0.0322192904355276,-0.01,0.0934551618515302));
#2879=CARTESIAN_POINT('',(0.0190539853442093,-0.01,0.073902728547591));
#2880=CARTESIAN_POINT('',(0.0298214672744053,-0.01,0.0898940383449128));
#2881=CARTESIAN_POINT('',(0.030650956486595,-0.01,0.0893355156087052));
#2882=CARTESIAN_POINT('',(0.0380999765540614,-0.01,0.0678963769961301));
#2883=CARTESIAN_POINT('',(0.037051119276361,-0.01,0.071756415650213));
#2884=CARTESIAN_POINT('',(0.0353423602796848,-0.01,0.0707938849742542));
#2885=CARTESIAN_POINT('',(0.0367889049569359,-0.01,0.0727214253137338));
#2886=CARTESIAN_POINT('',(0.037775298880768,-0.01,0.0728858243010391));
#2887=CARTESIAN_POINT('',(0.0369539727476179,-0.01,0.0778137810999398));
#2888=CARTESIAN_POINT('',(0.0365246966329719,-0.01,0.0803894377878158));
#2889=CARTESIAN_POINT('',(0.0355383027091398,-0.01,0.0802250388005104));
#2890=CARTESIAN_POINT('',(0.0355320248020672,-0.01,0.0812250190942577));
#2891=CARTESIAN_POINT('',(0.0179089488830739,-0.01,0.0811143808810407));
#2892=CARTESIAN_POINT('',(0.0326252156883235,-0.01,0.0812067700571437));
#2893=CARTESIAN_POINT('',(0.032631493595396,-0.01,0.0802067897633965));
#2894=CARTESIAN_POINT('',(0.0316683418912626,-0.01,0.0804757484866698));
#2895=CARTESIAN_POINT('',(0.0229999765540614,-0.01,0.0828963769961292));
#2896=CARTESIAN_POINT('',(0.0254749765540613,-0.01,0.074243378960766));
#2897=CARTESIAN_POINT('',(0.0257152445207366,-0.01,0.0734320233559331));
#2898=CARTESIAN_POINT('',(0.0255241747294775,-0.01,0.072607693962928));
#2899=CARTESIAN_POINT('',(0.0178873087006293,-0.01,0.0743778290695825));
#2900=CARTESIAN_POINT('',(0.0344271543865068,-0.01,0.0705440887110869));
#2901=CARTESIAN_POINT('',(0.0346529562110906,-0.01,0.0715182619687852));
#2902=CARTESIAN_POINT('',(0.0179495552032005,-0.014,0.0746463781758702));
#2903=CARTESIAN_POINT('',(0.0330999765540613,-0.014,0.0978963769961304));
#2904=CARTESIAN_POINT('',(0.033359718692696,-0.014,0.0939048191522027));
#2905=CARTESIAN_POINT('',(0.0370455522493899,-0.014,0.0985539729453515));
#2906=CARTESIAN_POINT('',(0.0334246542273547,-0.014,0.0929069296912209));
#2907=CARTESIAN_POINT('',(0.0344110481511868,-0.014,0.0930713286785262));
#2908=CARTESIAN_POINT('',(0.0350237088704446,-0.014,0.0893953643629795));
#2909=CARTESIAN_POINT('',(0.0356089700618188,-0.014,0.0858837972147339));
#2910=CARTESIAN_POINT('',(0.0346225761379867,-0.014,0.0857193982274286));
#2911=CARTESIAN_POINT('',(0.0346288540450592,-0.014,0.0847194179336814));
#2912=CARTESIAN_POINT('',(0.0338094220038147,-0.014,0.0847142735140969));
#2913=CARTESIAN_POINT('',(0.0326032430135696,-0.014,0.0847067010852591));
#2914=CARTESIAN_POINT('',(0.0325969651064971,-0.014,0.0857066813790063));
#2915=CARTESIAN_POINT('',(0.0316372662512535,-0.014,0.0854256509407186));
#2916=CARTESIAN_POINT('',(0.0229999765540614,-0.014,0.0828963769961292));
#2917=CARTESIAN_POINT('',(0.0298858584933417,-0.014,0.0886916017474476));
#2918=CARTESIAN_POINT('',(0.030650956486595,-0.014,0.0893355156087052));
#2919=CARTESIAN_POINT('',(0.0298214672744053,-0.014,0.0898940383449128));
#2920=CARTESIAN_POINT('',(0.0309624961165161,-0.014,0.0915886356351765));
#2921=CARTESIAN_POINT('',(0.0322192904355276,-0.014,0.0934551618515302));
#2922=CARTESIAN_POINT('',(0.0330487796477172,-0.014,0.0928966391153225));
#2923=CARTESIAN_POINT('',(0.0330590190289861,-0.014,0.093896586691484));
#2924=CARTESIAN_POINT('',(0.0330999765540613,-0.014,0.0978963769961304));
#2925=CARTESIAN_POINT('',(0.0314489113879479,-0.014,0.101539724881969));
#2926=CARTESIAN_POINT('',(0.0232546196510194,-0.014,0.0978262969931856));
#2927=CARTESIAN_POINT('',(-0.00165106516611338,-0.014,0.0865397248819687));
#2928=CARTESIAN_POINT('',(2.99239799605999E-17,-0.014,0.0828963769961301));
#2929=CARTESIAN_POINT('',(0.0011477905890918,-0.014,0.0790645919338399));
#2930=CARTESIAN_POINT('',(0.00143473823636476,-0.014,0.0781066456682673));
#2931=CARTESIAN_POINT('',(0.00207695989220879,-0.014,0.0788731646470049));
#2932=CARTESIAN_POINT('',(0.00472768504695108,-0.014,0.0766522762603016));
#2933=CARTESIAN_POINT('',(0.00711779231614841,-0.014,0.0746497444370233));
#2934=CARTESIAN_POINT('',(0.00647557066030437,-0.014,0.0738832254582857));
#2935=CARTESIAN_POINT('',(0.00729351269844828,-0.014,0.0733079248218903));
#2936=CARTESIAN_POINT('',(0.00573483456434247,-0.014,0.0710918515392171));
#2937=CARTESIAN_POINT('',(0.0040997961848848,-0.014,0.0687672119683026));
#2938=CARTESIAN_POINT('',(0.00328185414674091,-0.014,0.0693425126046981));
#2939=CARTESIAN_POINT('',(0.00295366873206682,-0.014,0.0683978992797893));
#2940=CARTESIAN_POINT('',(0.,-0.014,0.0598963793556104));
#2941=CARTESIAN_POINT('',(-0.00469281100726443,-0.014,0.0675760619564799));
#2942=CARTESIAN_POINT('',(-0.00521423445251603,-0.014,0.0684293600232432));
#2943=CARTESIAN_POINT('',(-0.00614335204877528,-0.014,0.0687991444095028));
#2944=CARTESIAN_POINT('',(-0.00514485214628766,-0.014,0.0713079681017313));
#2945=CARTESIAN_POINT('',(-0.00229934186427465,-0.014,0.0784575768239839));
#2946=CARTESIAN_POINT('',(-0.0013702242680154,-0.014,0.0780877924377242));
#2947=CARTESIAN_POINT('',(-0.0010961794144123,-0.014,0.0790495093494054));
#2948=CARTESIAN_POINT('',(2.99239799605999E-17,-0.014,0.0828963769961301));
#2949=CARTESIAN_POINT('',(-0.00378601642848423,-0.014,0.0841871440561549));
#2950=CARTESIAN_POINT('',(-0.00769999319086345,-0.014,0.074352914120003));
#2951=CARTESIAN_POINT('',(-0.0116139699532406,-0.014,0.0645186841838562));
#2952=CARTESIAN_POINT('',(-2.01546811218905E-18,-0.014,0.0598963793556104));
#2953=CARTESIAN_POINT('',(0.,-0.014,0.0473963793556104));
#2954=CARTESIAN_POINT('',(0.0114999882770307,-0.014,0.0473963793556104));
#2955=CARTESIAN_POINT('',(0.0229999765540614,-0.014,0.0473963793556104));
#2956=CARTESIAN_POINT('',(0.0229999765540614,-0.014,0.0598963793556104));
#2957=CARTESIAN_POINT('',(0.0336364401901878,-0.014,0.0533301291839097));
#2958=CARTESIAN_POINT('',(0.0375595060526786,-0.014,0.0595457737432631));
#2959=CARTESIAN_POINT('',(0.0414825719151694,-0.014,0.0657614183026163));
#2960=CARTESIAN_POINT('',(0.0380999765540614,-0.014,0.0678963769961301));
#2961=CARTESIAN_POINT('',(0.0420455522493899,-0.014,0.0685539729453515));
#2962=CARTESIAN_POINT('',(0.0395455522493899,-0.014,0.0835539729453515));
#2963=CARTESIAN_POINT('',(0.00989287292863856,-0.014,0.0879285008722282));
#2964=CARTESIAN_POINT('',(0.015551768353033,-0.014,0.0904929568085422));
#2965=CARTESIAN_POINT('',(0.0068669019691419,-0.014,0.0865572139675889));
#2966=CARTESIAN_POINT('',(0.0159015673170072,-0.014,0.0897210676414633));
#2967=CARTESIAN_POINT('',(0.0165300646620132,-0.014,0.0891525931136506));
#2968=CARTESIAN_POINT('',(0.0229999765540613,-0.014,0.0828963769961292));
#2969=CARTESIAN_POINT('',(0.0143469785186981,-0.014,0.0853713769961292));
#2970=CARTESIAN_POINT('',(0.0133855342925466,-0.014,0.0856463769961292));
#2971=CARTESIAN_POINT('',(0.0133855342925466,-0.014,0.0846463769961292));
#2972=CARTESIAN_POINT('',(0.00888431420252062,-0.014,0.0846463769961292));
#2973=CARTESIAN_POINT('',(0.00727966826067029,-0.014,0.0846463769961292));
#2974=CARTESIAN_POINT('',(0.00727966826067028,-0.014,0.0856463769961292));
#2975=CARTESIAN_POINT('',(2.67999808924886E-18,-0.014,0.0598963793556104));
#2976=CARTESIAN_POINT('',(2.67999808924886E-18,-0.014,0.0528963793556104));
#2977=CARTESIAN_POINT('',(0.0229999765540614,-0.014,0.0598963793556104));
#2978=CARTESIAN_POINT('',(0.0229999765540614,-0.014,0.0528963793556104));
#2979=CARTESIAN_POINT('',(0.0229999765540614,-0.014,0.0828963769961292));
#2980=CARTESIAN_POINT('',(0.0229999765540614,-0.014,0.0758963769961292));
#2981=CARTESIAN_POINT('',(0.0380999765540613,-0.014,0.0678963769961301));
#2982=CARTESIAN_POINT('',(0.0380999765540613,-0.014,0.0657463769961301));
#2983=CARTESIAN_POINT('',(0.0114999882770307,-0.014,0.0616463793556104));
#2984=CARTESIAN_POINT('',(0.0096144422615147,-0.014,0.0616463793556104));
#2985=CARTESIAN_POINT('',(0.0133855342925466,-0.014,0.0616463793556104));
#2986=CARTESIAN_POINT('',(0.0096144422615147,-0.014,0.0626463793556104));
#2987=CARTESIAN_POINT('',(0.00865299803536323,-0.014,0.0623713793556104));
#2988=CARTESIAN_POINT('',(-4.25007251614318E-17,-0.014,0.0598963793556104));
#2989=CARTESIAN_POINT('',(0.00700248182087913,-0.014,0.0655501611296319));
#2990=CARTESIAN_POINT('',(0.00778053535653236,-0.014,0.0661783591045231));
#2991=CARTESIAN_POINT('',(0.00696259331838846,-0.014,0.0667536597409186));
#2992=CARTESIAN_POINT('',(0.00872113278384576,-0.014,0.0692538887751586));
#2993=CARTESIAN_POINT('',(0.0105444561022365,-0.014,0.0718462251935294));
#2994=CARTESIAN_POINT('',(0.0113623981403804,-0.014,0.0712709245571339));
#2995=CARTESIAN_POINT('',(0.0115881999649642,-0.014,0.0722450978148323));
#2996=CARTESIAN_POINT('',(0.0160909809700541,-0.014,0.0712014065015923));
#2997=CARTESIAN_POINT('',(0.0204757783786451,-0.014,0.0701850623888116));
#2998=CARTESIAN_POINT('',(0.0202847085873861,-0.014,0.0693607329958065));
#2999=CARTESIAN_POINT('',(0.0205249765540613,-0.014,0.0685493773909736));
#3000=CARTESIAN_POINT('',(0.0229999765540614,-0.014,0.0598963793556104));
#3001=CARTESIAN_POINT('',(0.0143469785186981,-0.014,0.0623713793556104));
#3002=CARTESIAN_POINT('',(0.0133855342925466,-0.014,0.0626463793556104));
#3003=CARTESIAN_POINT('',(0.0114999882770307,-0.014,0.0508963793556104));
#3004=CARTESIAN_POINT('',(0.006,-0.014,0.0508963793556104));
#3005=CARTESIAN_POINT('',(0.0169999765540613,-0.014,0.0508963793556104));
#3006=CARTESIAN_POINT('',(0.006,-0.014,0.0518963793556104));
#3007=CARTESIAN_POINT('',(0.0054,-0.014,0.0526963793556104));
#3008=CARTESIAN_POINT('',(1.03278601654996E-17,-0.014,0.0598963793556104));
#3009=CARTESIAN_POINT('',(0.00865299803536324,-0.014,0.0574213793556104));
#3010=CARTESIAN_POINT('',(0.00961444226151471,-0.014,0.0571463793556104));
#3011=CARTESIAN_POINT('',(0.00961444226151471,-0.014,0.0581463793556104));
#3012=CARTESIAN_POINT('',(0.0114999882770307,-0.014,0.0581463793556104));
#3013=CARTESIAN_POINT('',(0.0133855342925466,-0.014,0.0581463793556104));
#3014=CARTESIAN_POINT('',(0.0133855342925466,-0.014,0.0571463793556104));
#3015=CARTESIAN_POINT('',(0.0143469785186981,-0.014,0.0574213793556104));
#3016=CARTESIAN_POINT('',(0.0229999765540614,-0.014,0.0598963793556104));
#3017=CARTESIAN_POINT('',(0.0175999765540613,-0.014,0.0526963793556104));
#3018=CARTESIAN_POINT('',(0.0169999765540613,-0.014,0.0518963793556104));
#3019=CARTESIAN_POINT('',(0.0229999765540614,-0.014,0.0598963793556104));
#3020=CARTESIAN_POINT('',(0.031970767792085,-0.014,0.0606208823326908));
#3021=CARTESIAN_POINT('',(0.0294022559251736,-0.014,0.0662217899236472));
#3022=CARTESIAN_POINT('',(0.0301136202997457,-0.014,0.0669246133200915));
#3023=CARTESIAN_POINT('',(0.0303394221243295,-0.014,0.0678987865777899));
#3024=CARTESIAN_POINT('',(0.0294754109006363,-0.014,0.0680990541474743));
#3025=CARTESIAN_POINT('',(0.0336368480004635,-0.014,0.0671344823091426));
#3026=CARTESIAN_POINT('',(0.0334110461758798,-0.014,0.0661603090514443));
#3027=CARTESIAN_POINT('',(0.0343488322515161,-0.014,0.0665075226403814));
#3028=CARTESIAN_POINT('',(0.0380999765540614,-0.014,0.0678963769961301));
#3029=CARTESIAN_POINT('',(0.0356374599391628,-0.014,0.0647442329763638));
#3030=CARTESIAN_POINT('',(0.0350218307854381,-0.014,0.0639561969714223));
#3031=CARTESIAN_POINT('',(0.0358674796257151,-0.014,0.0634224572980438));
#3032=CARTESIAN_POINT('',(0.0335356010760307,-0.014,0.0597278651783959));
#3033=CARTESIAN_POINT('',(0.0338131712143646,-0.014,0.0601676429900991));
#3034=CARTESIAN_POINT('',(0.0329675223740876,-0.014,0.0607013826634775));
#3035=CARTESIAN_POINT('',(0.00949268520585142,-0.014,0.0811463769961292));
#3036=CARTESIAN_POINT('',(0.0133855342925466,-0.014,0.0811463769961292));
#3037=CARTESIAN_POINT('',(0.00756425316294356,-0.014,0.0811463769961292));
#3038=CARTESIAN_POINT('',(0.0133855342925466,-0.014,0.0801463769961292));
#3039=CARTESIAN_POINT('',(0.0143469785186981,-0.014,0.0804213769961292));
#3040=CARTESIAN_POINT('',(0.0229999765540614,-0.014,0.0828963769961292));
#3041=CARTESIAN_POINT('',(0.0165976971829454,-0.014,0.0765709664280962));
#3042=CARTESIAN_POINT('',(0.015886332808377,-0.014,0.0758681430316481));
#3043=CARTESIAN_POINT('',(0.0156605309837932,-0.014,0.0748939697739497));
#3044=CARTESIAN_POINT('',(0.0161158635167454,-0.014,0.074788429085042));
#3045=CARTESIAN_POINT('',(0.0112147986053977,-0.014,0.0759244378911147));
#3046=CARTESIAN_POINT('',(0.0114406004299815,-0.014,0.0768986111488131));
#3047=CARTESIAN_POINT('',(0.0107983787741375,-0.014,0.0761320921700755));
#3048=CARTESIAN_POINT('',(0.00789768306428785,-0.014,0.078562416341497));
#3049=CARTESIAN_POINT('',(0.00692203150709952,-0.014,0.0793798580173916));
#3050=CARTESIAN_POINT('',(0.00756425316294356,-0.014,0.0801463769961292));
#3051=CARTESIAN_POINT('',(0.0244297559920178,-0.014,0.094516216896575));
#3052=CARTESIAN_POINT('',(0.0283622366890236,-0.014,0.0962983091092009));
#3053=CARTESIAN_POINT('',(0.0205855787781837,-0.014,0.0927741413965113));
#3054=CARTESIAN_POINT('',(0.0286537408545473,-0.014,0.0956550570395846));
#3055=CARTESIAN_POINT('',(0.0293160781928637,-0.014,0.0954099914282571));
#3056=CARTESIAN_POINT('',(0.0280592838738523,-0.014,0.0935434652119034));
#3057=CARTESIAN_POINT('',(0.0269182550317414,-0.014,0.0918488679216398));
#3058=CARTESIAN_POINT('',(0.0260887658195517,-0.014,0.0924073906578475));
#3059=CARTESIAN_POINT('',(0.0257798868930027,-0.014,0.0914562892916756));
#3060=CARTESIAN_POINT('',(0.0229999765540614,-0.014,0.0828963769961294));
#3061=CARTESIAN_POINT('',(0.0208168904107462,-0.014,0.0916275931136506));
#3062=CARTESIAN_POINT('',(0.0208332969634309,-0.014,0.0922275103215983));
#3063=CARTESIAN_POINT('',(0.0371626381615102,-0.014,0.0765617886165859));
#3064=CARTESIAN_POINT('',(0.037775298880768,-0.014,0.0728858243010391));
#3065=CARTESIAN_POINT('',(0.0365246966329719,-0.014,0.0803894377878158));
#3066=CARTESIAN_POINT('',(0.0367889049569359,-0.014,0.0727214253137338));
#3067=CARTESIAN_POINT('',(0.037051119276361,-0.014,0.071756415650213));
#3068=CARTESIAN_POINT('',(0.0380999765540614,-0.014,0.0678963769961301));
#3069=CARTESIAN_POINT('',(0.0353423602796848,-0.014,0.0707938849742542));
#3070=CARTESIAN_POINT('',(0.0346529562110906,-0.014,0.0715182619687852));
#3071=CARTESIAN_POINT('',(0.0344271543865068,-0.014,0.0705440887110869));
#3072=CARTESIAN_POINT('',(0.0298705640936579,-0.014,0.0716002523799983));
#3073=CARTESIAN_POINT('',(0.0255241747294775,-0.014,0.072607693962928));
#3074=CARTESIAN_POINT('',(0.0257152445207366,-0.014,0.0734320233559331));
#3075=CARTESIAN_POINT('',(0.0254749765540613,-0.014,0.074243378960766));
#3076=CARTESIAN_POINT('',(0.0229999765540614,-0.014,0.0828963769961292));
#3077=CARTESIAN_POINT('',(0.0316683418912626,-0.014,0.0804757484866698));
#3078=CARTESIAN_POINT('',(0.032631493595396,-0.014,0.0802067897633965));
#3079=CARTESIAN_POINT('',(0.0326252156883235,-0.014,0.0812067700571437));
#3080=CARTESIAN_POINT('',(0.0362443504573493,-0.014,0.0812294910966533));
#3081=CARTESIAN_POINT('',(0.0355320248020672,-0.014,0.0812250190942577));
#3082=CARTESIAN_POINT('',(0.0355383027091398,-0.014,0.0802250388005104));
#3083=CARTESIAN_POINT('',(-0.00769999319086345,-0.01,0.074352914120003));
#3084=CARTESIAN_POINT('',(-0.00378601642848423,-0.025,0.0841871440561549));
#3085=CARTESIAN_POINT('',(-0.00378601642848423,-0.025,0.0841871440561549));
#3086=CARTESIAN_POINT('',(-0.00769999319086345,-0.025,0.074352914120003));
#3087=CARTESIAN_POINT('',(-0.00363755881489745,-0.025,0.084560157591089));
#3088=CARTESIAN_POINT('',(-0.00363755881489745,-0.01,0.084560157591089));
#3089=CARTESIAN_POINT('',(-0.0116139699532406,-0.01,0.0645186841838562));
#3090=CARTESIAN_POINT('',(-2.01546811218905E-18,-0.01,0.0598963793556104));
#3091=CARTESIAN_POINT('',(0.,-0.01,0.0473963793556104));
#3092=CARTESIAN_POINT('',(0.0114999882770307,-0.01,0.0473963793556104));
#3093=CARTESIAN_POINT('',(0.0229999765540614,-0.01,0.0473963793556104));
#3094=CARTESIAN_POINT('',(0.0229999765540614,-0.01,0.0598963793556104));
#3095=CARTESIAN_POINT('',(0.0336364401901878,-0.01,0.0533301291839097));
#3096=CARTESIAN_POINT('',(0.0375595060526786,-0.01,0.0595457737432631));
#3097=CARTESIAN_POINT('',(0.0414825719151694,-0.01,0.0657614183026163));
#3098=CARTESIAN_POINT('',(0.0380999765540614,-0.01,0.0678963769961301));
#3099=CARTESIAN_POINT('',(0.0420455522493899,-0.01,0.0685539729453515));
#3100=CARTESIAN_POINT('',(0.0395455522493899,-0.01,0.0835539729453515));
#3101=CARTESIAN_POINT('',(0.0370455522493899,-0.01,0.0985539729453515));
#3102=CARTESIAN_POINT('',(0.0330999765540613,-0.01,0.0978963769961301));
#3103=CARTESIAN_POINT('',(0.0314489113879479,-0.01,0.101539724881969));
#3104=CARTESIAN_POINT('',(0.0330590190289861,0.011,0.093896586691484));
#3105=CARTESIAN_POINT('',(0.033359718692696,0.011,0.0939048191522027));
#3106=CARTESIAN_POINT('',(0.0330999765540613,-0.025,0.0978963769961304));
#3107=CARTESIAN_POINT('',(0.0330999765540613,-0.025,0.0938963769961299));
#3108=CARTESIAN_POINT('',(0.0232546196510194,-0.01,0.0978262969931856));
#3109=CARTESIAN_POINT('',(-0.00165106516611345,-0.01,0.086539724881969));
#3110=CARTESIAN_POINT('',(0.0330999765540613,-0.01,0.0978963769961301));
#3111=CARTESIAN_POINT('',(0.0330999765540613,-0.025,0.0978963769961301));
#3112=CARTESIAN_POINT('',(0.0330999765540613,-0.025,0.0957463769961301));
#3113=CARTESIAN_POINT('',(0.0380999765540613,-0.01,0.0678963769961301));
#3114=CARTESIAN_POINT('',(0.0229999765540614,-0.01,0.0828963769961292));
#3115=CARTESIAN_POINT('',(0.0229999765540614,-0.01,0.0598963793556104));
#3116=CARTESIAN_POINT('',(2.67999808924886E-18,-0.01,0.0598963793556104));
#3117=CARTESIAN_POINT('',(2.84060969191202E-17,-0.01,0.0828963769961301));
#3118=CARTESIAN_POINT('',(2.99239799605999E-17,-0.025,0.0828963769961301));
#3119=CARTESIAN_POINT('',(-0.0010961794144123,0.011,0.0790495093494055));
#3120=CARTESIAN_POINT('',(0.00114779058909179,0.011,0.0790645919338399));
#3121=CARTESIAN_POINT('',(-1.07769695945059E-16,-0.01,0.0828963769961301));
#3122=CARTESIAN_POINT('',(-1.07769695945059E-16,-0.025,0.0828963769961301));
#3123=CARTESIAN_POINT('',(-1.07769695945059E-16,-0.025,0.08074637699613));
#3124=CARTESIAN_POINT('',(0.00989287292863856,0.011,0.0879285008722282));
#3125=CARTESIAN_POINT('',(0.00686690196914191,0.011,0.0865572139675889));
#3126=CARTESIAN_POINT('',(0.015551768353033,-0.014,0.0904929568085422));
#3127=CARTESIAN_POINT('',(0.00888431420252062,0.011,0.0846463769961292));
#3128=CARTESIAN_POINT('',(0.00727966826067028,0.011,0.0846463769961292));
#3129=CARTESIAN_POINT('',(0.0133855342925466,-0.01,0.0846463769961292));
#3130=CARTESIAN_POINT('',(0.0229999765540613,0.011,0.0828963769961292));
#3131=CARTESIAN_POINT('',(0.0143469785186981,0.011,0.0853713769961292));
#3132=CARTESIAN_POINT('',(0.0165300646620132,0.011,0.0891525931136506));
#3133=CARTESIAN_POINT('',(0.00472768504695108,0.011,0.0766522762603016));
#3134=CARTESIAN_POINT('',(0.00711779231614841,-0.014,0.0746497444370233));
#3135=CARTESIAN_POINT('',(0.00207695989220879,-0.01,0.0788731646470049));
#3136=CARTESIAN_POINT('',(-0.00514485214628766,0.011,0.0713079681017313));
#3137=CARTESIAN_POINT('',(-0.00229934186427465,0.011,0.0784575768239839));
#3138=CARTESIAN_POINT('',(-0.00614335204877528,0.011,0.0687991444095028));
#3139=CARTESIAN_POINT('',(0.,0.011,0.0598963793556104));
#3140=CARTESIAN_POINT('',(0.00295366873206682,0.011,0.0683978992797893));
#3141=CARTESIAN_POINT('',(-0.00469281100726443,0.011,0.0675760619564799));
#3142=CARTESIAN_POINT('',(0.00573483456434247,0.011,0.0710918515392171));
#3143=CARTESIAN_POINT('',(0.0040997961848848,-0.014,0.0687672119683026));
#3144=CARTESIAN_POINT('',(0.00729351269844828,-0.01,0.0733079248218903));
#3145=CARTESIAN_POINT('',(-4.25007251614318E-17,0.011,0.0598963793556104));
#3146=CARTESIAN_POINT('',(0.00865299803536323,0.011,0.0623713793556104));
#3147=CARTESIAN_POINT('',(0.00700248182087913,0.011,0.0655501611296319));
#3148=CARTESIAN_POINT('',(0.0114999882770307,0.011,0.0616463793556104));
#3149=CARTESIAN_POINT('',(0.0133855342925466,0.011,0.0616463793556104));
#3150=CARTESIAN_POINT('',(0.0096144422615147,0.011,0.0616463793556104));
#3151=CARTESIAN_POINT('',(0.0229999765540614,0.011,0.0598963793556104));
#3152=CARTESIAN_POINT('',(0.0143469785186981,0.011,0.0623713793556104));
#3153=CARTESIAN_POINT('',(0.0205249765540613,0.011,0.0685493773909736));
#3154=CARTESIAN_POINT('',(0.0160909809700541,0.011,0.0712014065015923));
#3155=CARTESIAN_POINT('',(0.0204757783786451,-0.014,0.0701850623888116));
#3156=CARTESIAN_POINT('',(0.0115881999649642,0.011,0.0722450978148323));
#3157=CARTESIAN_POINT('',(0.00872113278384576,0.011,0.0692538887751586));
#3158=CARTESIAN_POINT('',(0.0105444561022365,0.011,0.0718462251935294));
#3159=CARTESIAN_POINT('',(0.00696259331838846,0.011,0.0667536597409186));
#3160=CARTESIAN_POINT('',(1.03278601654996E-17,0.011,0.0598963793556104));
#3161=CARTESIAN_POINT('',(0.00865299803536324,0.011,0.0574213793556104));
#3162=CARTESIAN_POINT('',(0.0054,0.011,0.0526963793556104));
#3163=CARTESIAN_POINT('',(0.0114999882770307,0.011,0.0508963793556104));
#3164=CARTESIAN_POINT('',(0.0169999765540613,0.011,0.0508963793556104));
#3165=CARTESIAN_POINT('',(0.006,0.011,0.0508963793556104));
#3166=CARTESIAN_POINT('',(0.0229999765540614,0.011,0.0598963793556104));
#3167=CARTESIAN_POINT('',(0.0143469785186981,0.011,0.0574213793556104));
#3168=CARTESIAN_POINT('',(0.0175999765540613,0.011,0.0526963793556104));
#3169=CARTESIAN_POINT('',(0.0114999882770307,0.011,0.0581463793556104));
#3170=CARTESIAN_POINT('',(0.0133855342925466,-0.014,0.0581463793556104));
#3171=CARTESIAN_POINT('',(0.00961444226151471,-0.01,0.0581463793556104));
#3172=CARTESIAN_POINT('',(0.0294754109006363,0.011,0.0680990541474743));
#3173=CARTESIAN_POINT('',(0.0303394221243295,0.011,0.0678987865777899));
#3174=CARTESIAN_POINT('',(0.0336368480004635,-0.014,0.0671344823091426));
#3175=CARTESIAN_POINT('',(0.0229999765540614,0.011,0.0598963793556104));
#3176=CARTESIAN_POINT('',(0.0294022559251772,0.011,0.0662217899236434));
#3177=CARTESIAN_POINT('',(0.031970767792085,0.011,0.0606208823326908));
#3178=CARTESIAN_POINT('',(0.0335356010760307,0.011,0.0597278651783959));
#3179=CARTESIAN_POINT('',(0.0338131712143646,0.011,0.0601676429900991));
#3180=CARTESIAN_POINT('',(0.0358674796257151,0.011,0.0634224572980438));
#3181=CARTESIAN_POINT('',(0.0380999765540614,0.011,0.0678963769961301));
#3182=CARTESIAN_POINT('',(0.0356374599391628,0.011,0.0647442329763638));
#3183=CARTESIAN_POINT('',(0.0343488322515161,0.011,0.0665075226403814));
#3184=CARTESIAN_POINT('',(0.0229999765540614,0.011,0.0828963769961292));
#3185=CARTESIAN_POINT('',(0.0165976971829454,0.011,0.0765709664280962));
#3186=CARTESIAN_POINT('',(0.0143469785186981,0.011,0.0804213769961292));
#3187=CARTESIAN_POINT('',(0.00949268520585142,0.011,0.0811463769961292));
#3188=CARTESIAN_POINT('',(0.0133855342925466,0.011,0.0811463769961292));
#3189=CARTESIAN_POINT('',(0.00756425316294356,-0.01,0.0811463769961292));
#3190=CARTESIAN_POINT('',(0.00789768306428785,0.011,0.078562416341497));
#3191=CARTESIAN_POINT('',(0.0107983787741375,-0.01,0.0761320921700755));
#3192=CARTESIAN_POINT('',(0.00692203150709952,-0.014,0.0793798580173916));
#3193=CARTESIAN_POINT('',(0.0161158635167454,0.011,0.074788429085042));
#3194=CARTESIAN_POINT('',(0.0156605309837932,0.011,0.0748939697739497));
#3195=CARTESIAN_POINT('',(0.0112147986053977,-0.014,0.0759244378911147));
#3196=CARTESIAN_POINT('',(0.0244297559920178,0.011,0.094516216896575));
#3197=CARTESIAN_POINT('',(0.0205855787781837,0.011,0.0927741413965113));
#3198=CARTESIAN_POINT('',(0.0283622366890236,0.011,0.0962983091092009));
#3199=CARTESIAN_POINT('',(0.0229999765540614,0.011,0.0828963769961294));
#3200=CARTESIAN_POINT('',(0.0208168904107462,0.011,0.0916275931136506));
#3201=CARTESIAN_POINT('',(0.0257798868930027,0.011,0.0914562892916756));
#3202=CARTESIAN_POINT('',(0.0280592838738523,0.011,0.0935434652119034));
#3203=CARTESIAN_POINT('',(0.0269182550317414,0.011,0.0918488679216398));
#3204=CARTESIAN_POINT('',(0.0293160781928637,0.011,0.0954099914282571));
#3205=CARTESIAN_POINT('',(0.0338094220038147,0.011,0.0847142735140969));
#3206=CARTESIAN_POINT('',(0.0346288540450592,-0.01,0.0847194179336814));
#3207=CARTESIAN_POINT('',(0.0326032430135696,0.011,0.0847067010852591));
#3208=CARTESIAN_POINT('',(0.0350237088704446,0.011,0.0893953643629795));
#3209=CARTESIAN_POINT('',(0.0344110481511868,0.011,0.0930713286785262));
#3210=CARTESIAN_POINT('',(0.0356089700618188,-0.014,0.0858837972147339));
#3211=CARTESIAN_POINT('',(0.0309624961165161,0.011,0.0915886356351765));
#3212=CARTESIAN_POINT('',(0.0322192904355276,-0.014,0.0934551618515302));
#3213=CARTESIAN_POINT('',(0.0298214672744053,-0.01,0.0898940383449128));
#3214=CARTESIAN_POINT('',(0.0229999765540614,0.011,0.0828963769961292));
#3215=CARTESIAN_POINT('',(0.0316372662512535,0.011,0.0854256509407186));
#3216=CARTESIAN_POINT('',(0.0298858584933417,0.011,0.0886916017474476));
#3217=CARTESIAN_POINT('',(0.0380999765540614,0.011,0.0678963769961301));
#3218=CARTESIAN_POINT('',(0.0353423602796848,0.011,0.0707938849742542));
#3219=CARTESIAN_POINT('',(0.037051119276361,0.011,0.071756415650213));
#3220=CARTESIAN_POINT('',(0.0371626381615102,0.011,0.0765617886165859));
#3221=CARTESIAN_POINT('',(0.0365246966329719,0.011,0.0803894377878158));
#3222=CARTESIAN_POINT('',(0.037775298880768,0.011,0.0728858243010391));
#3223=CARTESIAN_POINT('',(0.0362443504573493,0.011,0.0812294910966533));
#3224=CARTESIAN_POINT('',(0.0326252156883235,-0.01,0.0812067700571437));
#3225=CARTESIAN_POINT('',(0.0355320248020672,0.011,0.0812250190942577));
#3226=CARTESIAN_POINT('',(0.0229999765540614,0.011,0.0828963769961292));
#3227=CARTESIAN_POINT('',(0.0316683418912626,0.011,0.0804757484866698));
#3228=CARTESIAN_POINT('',(0.0254749765540613,0.011,0.074243378960766));
#3229=CARTESIAN_POINT('',(0.0298705640936579,0.011,0.0716002523799983));
#3230=CARTESIAN_POINT('',(0.0344271543865068,0.011,0.0705440887110869));
#3231=CARTESIAN_POINT('',(0.0255241747294775,-0.014,0.072607693962928));
#3232=CARTESIAN_POINT('',(0.0133855342925466,0.011,0.0856463769961292));
#3233=CARTESIAN_POINT('',(0.0260887658195517,0.011,0.0924073906578475));
#3234=CARTESIAN_POINT('',(0.0330487796477172,0.011,0.0928966391153225));
#3235=CARTESIAN_POINT('',(0.0334246542273547,0.011,0.0929069296912209));
#3236=CARTESIAN_POINT('',(0.0346225761379867,0.011,0.0857193982274286));
#3237=CARTESIAN_POINT('',(0.0325969651064971,0.011,0.0857066813790063));
#3238=CARTESIAN_POINT('',(0.030650956486595,0.011,0.0893355156087052));
#3239=CARTESIAN_POINT('',(0.032631493595396,0.011,0.0802067897633965));
#3240=CARTESIAN_POINT('',(0.0355383027091398,0.011,0.0802250388005104));
#3241=CARTESIAN_POINT('',(0.0346529562110906,0.011,0.0715182619687852));
#3242=CARTESIAN_POINT('',(0.0367889049569359,0.011,0.0727214253137338));
#3243=CARTESIAN_POINT('',(0.0114406004299815,0.011,0.0768986111488131));
#3244=CARTESIAN_POINT('',(0.0133855342925466,0.011,0.0801463769961292));
#3245=CARTESIAN_POINT('',(0.00756425316294356,0.011,0.0801463769961292));
#3246=CARTESIAN_POINT('',(0.00328185414674091,0.011,0.0693425126046981));
#3247=CARTESIAN_POINT('',(0.00647557066030437,0.011,0.0738832254582857));
#3248=CARTESIAN_POINT('',(0.00143473823636476,0.011,0.0781066456682673));
#3249=CARTESIAN_POINT('',(-0.0013702242680154,0.011,0.0780877924377242));
#3250=CARTESIAN_POINT('',(-0.00521423445251603,0.011,0.0684293600232432));
#3251=CARTESIAN_POINT('',(0.0329675223740876,0.011,0.0607013826634775));
#3252=CARTESIAN_POINT('',(0.0350218307854381,0.011,0.0639561969714223));
#3253=CARTESIAN_POINT('',(0.0334110461758798,0.011,0.0661603090514443));
#3254=CARTESIAN_POINT('',(0.0133855342925466,0.011,0.0626463793556104));
#3255=CARTESIAN_POINT('',(0.0113623981403804,0.011,0.0712709245571339));
#3256=CARTESIAN_POINT('',(0.0096144422615147,0.011,0.0626463793556104));
#3257=CARTESIAN_POINT('',(0.00778053535653236,0.011,0.0661783591045231));
#3258=CARTESIAN_POINT('',(0.0133855342925466,0.011,0.0571463793556104));
#3259=CARTESIAN_POINT('',(0.00961444226151471,0.011,0.0571463793556104));
#3260=CARTESIAN_POINT('',(0.0169999765540613,0.011,0.0518963793556104));
#3261=CARTESIAN_POINT('',(0.006,0.011,0.0518963793556104));
#3262=CARTESIAN_POINT('',(0.015886332808377,0.011,0.0758681430316481));
#3263=CARTESIAN_POINT('',(0.00727966826067028,0.011,0.0856463769961292));
#3264=CARTESIAN_POINT('',(0.0301136202997457,0.011,0.0669246133200915));
#3265=CARTESIAN_POINT('',(0.0202847085873861,-0.01,0.0693607329958065));
#3266=CARTESIAN_POINT('',(0.0257152445207366,-0.01,0.0734320233559331));
#3267=CARTESIAN_POINT('',(0.0286537408545473,-0.01,0.0956550570395846));
#3268=CARTESIAN_POINT('',(0.0208332969634309,-0.01,0.0922275103215983));
#3269=CARTESIAN_POINT('',(0.0159015673170072,-0.01,0.0897210676414633));
#3270=CARTESIAN_POINT('',(0.0147999882770307,-0.025,0.0746463781758703));
#3271=CARTESIAN_POINT('',(0.0147999882770307,-0.025,0.0746463781758703));
#3272=MECHANICAL_DESIGN_GEOMETRIC_PRESENTATION_REPRESENTATION('',(#1886),
#3273);
#3273=(
GEOMETRIC_REPRESENTATION_CONTEXT(3)
GLOBAL_UNCERTAINTY_ASSIGNED_CONTEXT((#3274))
GLOBAL_UNIT_ASSIGNED_CONTEXT((#3277,#3276,#3275))
REPRESENTATION_CONTEXT('btrshfter C5 Plate Female',
'TOP_LEVEL_ASSEMBLY_PART')
);
#3274=UNCERTAINTY_MEASURE_WITH_UNIT(LENGTH_MEASURE(1.E-8),#3277,
'DISTANCE_ACCURACY_VALUE','Maximum Tolerance applied to model');
#3275=(
NAMED_UNIT(*)
SI_UNIT($,.STERADIAN.)
SOLID_ANGLE_UNIT()
);
#3276=(
NAMED_UNIT(*)
PLANE_ANGLE_UNIT()
SI_UNIT($,.RADIAN.)
);
#3277=(
LENGTH_UNIT()
NAMED_UNIT(*)
SI_UNIT($,.METRE.)
);
#3278=PRODUCT_DEFINITION_SHAPE('','',#3279);
#3279=PRODUCT_DEFINITION('','',#3281,#3280);
#3280=PRODUCT_DEFINITION_CONTEXT('',#3287,'design');
#3281=PRODUCT_DEFINITION_FORMATION_WITH_SPECIFIED_SOURCE('','',#3283,
 .NOT_KNOWN.);
#3282=PRODUCT_RELATED_PRODUCT_CATEGORY('','',(#3283));
#3283=PRODUCT('btrshfter C5 Plate Female','btrshfter C5 Plate Female',
'btrshfter C5 Plate Female',(#3285));
#3284=PRODUCT_CATEGORY('','');
#3285=PRODUCT_CONTEXT('',#3287,'mechanical');
#3286=APPLICATION_PROTOCOL_DEFINITION('international standard',
'ap242_managed_model_based_3d_engineering',2020,#3287);
#3287=APPLICATION_CONTEXT('managed model based 3d engineering');
ENDSEC;
END-ISO-10303-21;
