ISO-10303-21;
HEADER;
/* Generated by software containing ST-Developer
 * from STEP Tools, Inc. (www.steptools.com) 
 */
/* OPTION: using custom renumber hook */

FILE_DESCRIPTION(
/* description */ ('STEP AP242 Edition 2',
'CAx-IF Rec.Pracs.---Representation and Presentation of Product Manufa
cturing Information (PMI)---4.0---2014-10-13',
'CAx-IF Rec.Pracs.---3D Tessellated Geometry---0.4---2014-09-14','2;1',
'CAx-IF Rec.Pracs.---User Defined Attributes---1.5---2016-08-15'),
/* implementation_level */ '2;1');

FILE_NAME(
/* name */ 'Assembly 1 - btrshftr C1-C2 Shifter Plate Male',
/* time_stamp */ '2026-06-22T21:39:40Z',
/* author */ (''),
/* organization */ (''),
/* preprocessor_version */ 'ST-DEVELOPER v20',
/* originating_system */ 'ONSHAPE BY PTC INC, 1.216',
/* authorisation */ '  ');

FILE_SCHEMA (('AP242_MANAGED_MODEL_BASED_3D_ENGINEERING_MIM_LF { 1 0 10303 442 3 1 4 }'));
ENDSEC;

DATA;
#10=SHAPE_REPRESENTATION_RELATIONSHIP('','',#2086,#11);
#11=ADVANCED_BREP_SHAPE_REPRESENTATION('',(#2084),#3516);
#12=CYLINDRICAL_SURFACE('',#2153,0.002);
#13=CYLINDRICAL_SURFACE('',#2156,0.001);
#14=CYLINDRICAL_SURFACE('',#2159,0.001);
#15=CYLINDRICAL_SURFACE('',#2162,0.002);
#16=CYLINDRICAL_SURFACE('',#2165,0.002);
#17=CYLINDRICAL_SURFACE('',#2168,0.001);
#18=CYLINDRICAL_SURFACE('',#2171,0.001);
#19=CYLINDRICAL_SURFACE('',#2174,0.002);
#20=CYLINDRICAL_SURFACE('',#2176,0.002);
#21=CYLINDRICAL_SURFACE('',#2179,0.001);
#22=CYLINDRICAL_SURFACE('',#2181,0.00300000000000005);
#23=CYLINDRICAL_SURFACE('',#2183,0.001);
#24=CYLINDRICAL_SURFACE('',#2186,0.001);
#25=CYLINDRICAL_SURFACE('',#2188,0.00299999999999993);
#26=CYLINDRICAL_SURFACE('',#2190,0.001);
#27=CYLINDRICAL_SURFACE('',#2193,0.001);
#28=CYLINDRICAL_SURFACE('',#2196,0.001);
#29=CYLINDRICAL_SURFACE('',#2199,0.000919970150130845);
#30=CYLINDRICAL_SURFACE('',#2202,0.00091997015013099);
#31=CYLINDRICAL_SURFACE('',#2206,0.001);
#32=CYLINDRICAL_SURFACE('',#2209,0.001);
#33=CYLINDRICAL_SURFACE('',#2211,0.003);
#34=CYLINDRICAL_SURFACE('',#2213,0.001);
#35=CYLINDRICAL_SURFACE('',#2216,0.001);
#36=CYLINDRICAL_SURFACE('',#2218,0.0029999999999997);
#37=CYLINDRICAL_SURFACE('',#2220,0.001);
#38=CYLINDRICAL_SURFACE('',#2223,0.0019);
#39=CYLINDRICAL_SURFACE('',#2226,0.0019);
#40=CYLINDRICAL_SURFACE('',#2228,0.0019);
#41=CYLINDRICAL_SURFACE('',#2231,0.0019);
#42=CYLINDRICAL_SURFACE('',#2234,0.0019);
#43=CYLINDRICAL_SURFACE('',#2236,0.0019);
#44=CYLINDRICAL_SURFACE('',#2238,0.0019);
#45=CYLINDRICAL_SURFACE('',#2241,0.0019);
#46=CYLINDRICAL_SURFACE('',#2244,0.0019);
#47=CYLINDRICAL_SURFACE('',#2247,0.0019);
#48=CYLINDRICAL_SURFACE('',#2250,0.0019);
#49=CYLINDRICAL_SURFACE('',#2252,0.0019);
#50=CYLINDRICAL_SURFACE('',#2255,0.003);
#51=CYLINDRICAL_SURFACE('',#2257,0.001);
#52=CYLINDRICAL_SURFACE('',#2260,0.001);
#53=CYLINDRICAL_SURFACE('',#2263,0.001);
#54=CYLINDRICAL_SURFACE('',#2265,0.00299999999999993);
#55=CYLINDRICAL_SURFACE('',#2268,0.001);
#56=CYLINDRICAL_SURFACE('',#2271,0.001);
#57=CYLINDRICAL_SURFACE('',#2274,0.0019);
#58=CYLINDRICAL_SURFACE('',#2283,0.002);
#59=CYLINDRICAL_SURFACE('',#2284,0.002);
#60=CYLINDRICAL_SURFACE('',#2285,0.0019);
#61=CYLINDRICAL_SURFACE('',#2289,0.0049);
#62=CYLINDRICAL_SURFACE('',#2291,0.005);
#63=CYLINDRICAL_SURFACE('',#2297,0.005);
#64=CYLINDRICAL_SURFACE('',#2298,0.005);
#65=CYLINDRICAL_SURFACE('',#2299,0.0019);
#66=CYLINDRICAL_SURFACE('',#2300,0.00189999999999997);
#67=CIRCLE('',#2089,0.005);
#68=CIRCLE('',#2090,0.005);
#69=CIRCLE('',#2091,0.0049);
#70=CIRCLE('',#2092,0.005);
#71=CIRCLE('',#2093,0.0019);
#72=CIRCLE('',#2094,0.00189999999999997);
#73=CIRCLE('',#2096,0.0019);
#74=CIRCLE('',#2097,0.005);
#75=CIRCLE('',#2098,0.005);
#76=CIRCLE('',#2099,0.0049);
#77=CIRCLE('',#2100,0.005);
#78=CIRCLE('',#2101,0.00189999999999997);
#79=CIRCLE('',#2104,0.0019);
#80=CIRCLE('',#2105,0.001);
#81=CIRCLE('',#2106,0.001);
#82=CIRCLE('',#2107,0.00299999999999993);
#83=CIRCLE('',#2108,0.001);
#84=CIRCLE('',#2109,0.001);
#85=CIRCLE('',#2110,0.001);
#86=CIRCLE('',#2111,0.003);
#87=CIRCLE('',#2112,0.0019);
#88=CIRCLE('',#2113,0.0019);
#89=CIRCLE('',#2114,0.0019);
#90=CIRCLE('',#2115,0.0019);
#91=CIRCLE('',#2116,0.0019);
#92=CIRCLE('',#2117,0.0019);
#93=CIRCLE('',#2118,0.0019);
#94=CIRCLE('',#2119,0.0019);
#95=CIRCLE('',#2120,0.0019);
#96=CIRCLE('',#2121,0.0019);
#97=CIRCLE('',#2122,0.0019);
#98=CIRCLE('',#2123,0.0019);
#99=CIRCLE('',#2124,0.001);
#100=CIRCLE('',#2125,0.0029999999999997);
#101=CIRCLE('',#2126,0.001);
#102=CIRCLE('',#2127,0.001);
#103=CIRCLE('',#2128,0.003);
#104=CIRCLE('',#2129,0.001);
#105=CIRCLE('',#2130,0.001);
#106=CIRCLE('',#2131,0.00091997015013099);
#107=CIRCLE('',#2132,0.000919970150130845);
#108=CIRCLE('',#2133,0.001);
#109=CIRCLE('',#2134,0.001);
#110=CIRCLE('',#2135,0.001);
#111=CIRCLE('',#2136,0.00299999999999993);
#112=CIRCLE('',#2137,0.001);
#113=CIRCLE('',#2138,0.001);
#114=CIRCLE('',#2139,0.00300000000000005);
#115=CIRCLE('',#2140,0.001);
#116=CIRCLE('',#2141,0.0019);
#117=CIRCLE('',#2142,0.002);
#118=CIRCLE('',#2143,0.002);
#119=CIRCLE('',#2144,0.001);
#120=CIRCLE('',#2145,0.001);
#121=CIRCLE('',#2146,0.002);
#122=CIRCLE('',#2147,0.002);
#123=CIRCLE('',#2148,0.001);
#124=CIRCLE('',#2149,0.001);
#125=CIRCLE('',#2150,0.002);
#126=CIRCLE('',#2151,0.002);
#127=CIRCLE('',#2152,0.002);
#128=CIRCLE('',#2154,0.002);
#129=CIRCLE('',#2157,0.001);
#130=CIRCLE('',#2160,0.001);
#131=CIRCLE('',#2163,0.002);
#132=CIRCLE('',#2166,0.002);
#133=CIRCLE('',#2169,0.001);
#134=CIRCLE('',#2172,0.001);
#135=CIRCLE('',#2175,0.002);
#136=CIRCLE('',#2177,0.002);
#137=CIRCLE('',#2180,0.001);
#138=CIRCLE('',#2182,0.00300000000000005);
#139=CIRCLE('',#2184,0.001);
#140=CIRCLE('',#2187,0.001);
#141=CIRCLE('',#2189,0.00299999999999993);
#142=CIRCLE('',#2191,0.001);
#143=CIRCLE('',#2194,0.001);
#144=CIRCLE('',#2197,0.001);
#145=CIRCLE('',#2200,0.000919970150130845);
#146=CIRCLE('',#2203,0.00091997015013099);
#147=CIRCLE('',#2207,0.001);
#148=CIRCLE('',#2210,0.001);
#149=CIRCLE('',#2212,0.003);
#150=CIRCLE('',#2214,0.001);
#151=CIRCLE('',#2217,0.001);
#152=CIRCLE('',#2219,0.0029999999999997);
#153=CIRCLE('',#2221,0.001);
#154=CIRCLE('',#2224,0.0019);
#155=CIRCLE('',#2227,0.0019);
#156=CIRCLE('',#2229,0.0019);
#157=CIRCLE('',#2232,0.0019);
#158=CIRCLE('',#2235,0.0019);
#159=CIRCLE('',#2237,0.0019);
#160=CIRCLE('',#2239,0.0019);
#161=CIRCLE('',#2242,0.0019);
#162=CIRCLE('',#2245,0.0019);
#163=CIRCLE('',#2248,0.0019);
#164=CIRCLE('',#2251,0.0019);
#165=CIRCLE('',#2253,0.0019);
#166=CIRCLE('',#2256,0.003);
#167=CIRCLE('',#2258,0.001);
#168=CIRCLE('',#2261,0.001);
#169=CIRCLE('',#2264,0.001);
#170=CIRCLE('',#2266,0.00299999999999993);
#171=CIRCLE('',#2269,0.001);
#172=CIRCLE('',#2272,0.001);
#173=CIRCLE('',#2275,0.0019);
#174=CIRCLE('',#2277,0.0019);
#175=CIRCLE('',#2278,0.002);
#176=CIRCLE('',#2279,0.002);
#177=ORIENTED_EDGE('',*,*,#767,.T.);
#178=ORIENTED_EDGE('',*,*,#768,.T.);
#179=ORIENTED_EDGE('',*,*,#769,.T.);
#180=ORIENTED_EDGE('',*,*,#770,.T.);
#181=ORIENTED_EDGE('',*,*,#771,.T.);
#182=ORIENTED_EDGE('',*,*,#772,.T.);
#183=ORIENTED_EDGE('',*,*,#773,.F.);
#184=ORIENTED_EDGE('',*,*,#774,.T.);
#185=ORIENTED_EDGE('',*,*,#775,.F.);
#186=ORIENTED_EDGE('',*,*,#776,.T.);
#187=ORIENTED_EDGE('',*,*,#777,.F.);
#188=ORIENTED_EDGE('',*,*,#778,.F.);
#189=ORIENTED_EDGE('',*,*,#779,.F.);
#190=ORIENTED_EDGE('',*,*,#780,.F.);
#191=ORIENTED_EDGE('',*,*,#781,.F.);
#192=ORIENTED_EDGE('',*,*,#782,.F.);
#193=ORIENTED_EDGE('',*,*,#783,.F.);
#194=ORIENTED_EDGE('',*,*,#784,.T.);
#195=ORIENTED_EDGE('',*,*,#785,.T.);
#196=ORIENTED_EDGE('',*,*,#786,.T.);
#197=ORIENTED_EDGE('',*,*,#787,.T.);
#198=ORIENTED_EDGE('',*,*,#788,.T.);
#199=ORIENTED_EDGE('',*,*,#789,.T.);
#200=ORIENTED_EDGE('',*,*,#790,.T.);
#201=ORIENTED_EDGE('',*,*,#791,.T.);
#202=ORIENTED_EDGE('',*,*,#792,.T.);
#203=ORIENTED_EDGE('',*,*,#793,.T.);
#204=ORIENTED_EDGE('',*,*,#794,.F.);
#205=ORIENTED_EDGE('',*,*,#795,.F.);
#206=ORIENTED_EDGE('',*,*,#796,.T.);
#207=ORIENTED_EDGE('',*,*,#797,.F.);
#208=ORIENTED_EDGE('',*,*,#798,.T.);
#209=ORIENTED_EDGE('',*,*,#799,.F.);
#210=ORIENTED_EDGE('',*,*,#800,.F.);
#211=ORIENTED_EDGE('',*,*,#801,.T.);
#212=ORIENTED_EDGE('',*,*,#802,.F.);
#213=ORIENTED_EDGE('',*,*,#794,.T.);
#214=ORIENTED_EDGE('',*,*,#803,.T.);
#215=ORIENTED_EDGE('',*,*,#767,.F.);
#216=ORIENTED_EDGE('',*,*,#804,.F.);
#217=ORIENTED_EDGE('',*,*,#805,.T.);
#218=ORIENTED_EDGE('',*,*,#806,.T.);
#219=ORIENTED_EDGE('',*,*,#807,.T.);
#220=ORIENTED_EDGE('',*,*,#808,.F.);
#221=ORIENTED_EDGE('',*,*,#809,.F.);
#222=ORIENTED_EDGE('',*,*,#810,.F.);
#223=ORIENTED_EDGE('',*,*,#811,.T.);
#224=ORIENTED_EDGE('',*,*,#812,.F.);
#225=ORIENTED_EDGE('',*,*,#813,.F.);
#226=ORIENTED_EDGE('',*,*,#814,.T.);
#227=ORIENTED_EDGE('',*,*,#815,.F.);
#228=ORIENTED_EDGE('',*,*,#816,.F.);
#229=ORIENTED_EDGE('',*,*,#817,.F.);
#230=ORIENTED_EDGE('',*,*,#818,.F.);
#231=ORIENTED_EDGE('',*,*,#819,.T.);
#232=ORIENTED_EDGE('',*,*,#820,.T.);
#233=ORIENTED_EDGE('',*,*,#821,.T.);
#234=ORIENTED_EDGE('',*,*,#822,.T.);
#235=ORIENTED_EDGE('',*,*,#823,.T.);
#236=ORIENTED_EDGE('',*,*,#824,.T.);
#237=ORIENTED_EDGE('',*,*,#825,.T.);
#238=ORIENTED_EDGE('',*,*,#826,.F.);
#239=ORIENTED_EDGE('',*,*,#827,.T.);
#240=ORIENTED_EDGE('',*,*,#828,.F.);
#241=ORIENTED_EDGE('',*,*,#829,.T.);
#242=ORIENTED_EDGE('',*,*,#830,.T.);
#243=ORIENTED_EDGE('',*,*,#831,.T.);
#244=ORIENTED_EDGE('',*,*,#832,.T.);
#245=ORIENTED_EDGE('',*,*,#833,.T.);
#246=ORIENTED_EDGE('',*,*,#834,.T.);
#247=ORIENTED_EDGE('',*,*,#835,.T.);
#248=ORIENTED_EDGE('',*,*,#836,.T.);
#249=ORIENTED_EDGE('',*,*,#837,.F.);
#250=ORIENTED_EDGE('',*,*,#838,.T.);
#251=ORIENTED_EDGE('',*,*,#839,.F.);
#252=ORIENTED_EDGE('',*,*,#840,.F.);
#253=ORIENTED_EDGE('',*,*,#841,.F.);
#254=ORIENTED_EDGE('',*,*,#842,.F.);
#255=ORIENTED_EDGE('',*,*,#843,.F.);
#256=ORIENTED_EDGE('',*,*,#844,.F.);
#257=ORIENTED_EDGE('',*,*,#845,.F.);
#258=ORIENTED_EDGE('',*,*,#846,.F.);
#259=ORIENTED_EDGE('',*,*,#847,.T.);
#260=ORIENTED_EDGE('',*,*,#848,.F.);
#261=ORIENTED_EDGE('',*,*,#849,.T.);
#262=ORIENTED_EDGE('',*,*,#850,.T.);
#263=ORIENTED_EDGE('',*,*,#851,.T.);
#264=ORIENTED_EDGE('',*,*,#852,.T.);
#265=ORIENTED_EDGE('',*,*,#853,.T.);
#266=ORIENTED_EDGE('',*,*,#854,.F.);
#267=ORIENTED_EDGE('',*,*,#855,.F.);
#268=ORIENTED_EDGE('',*,*,#856,.F.);
#269=ORIENTED_EDGE('',*,*,#857,.F.);
#270=ORIENTED_EDGE('',*,*,#858,.F.);
#271=ORIENTED_EDGE('',*,*,#859,.F.);
#272=ORIENTED_EDGE('',*,*,#860,.F.);
#273=ORIENTED_EDGE('',*,*,#861,.F.);
#274=ORIENTED_EDGE('',*,*,#862,.F.);
#275=ORIENTED_EDGE('',*,*,#863,.F.);
#276=ORIENTED_EDGE('',*,*,#864,.F.);
#277=ORIENTED_EDGE('',*,*,#865,.F.);
#278=ORIENTED_EDGE('',*,*,#866,.T.);
#279=ORIENTED_EDGE('',*,*,#867,.T.);
#280=ORIENTED_EDGE('',*,*,#868,.T.);
#281=ORIENTED_EDGE('',*,*,#869,.F.);
#282=ORIENTED_EDGE('',*,*,#870,.F.);
#283=ORIENTED_EDGE('',*,*,#795,.T.);
#284=ORIENTED_EDGE('',*,*,#806,.F.);
#285=ORIENTED_EDGE('',*,*,#871,.T.);
#286=ORIENTED_EDGE('',*,*,#872,.T.);
#287=ORIENTED_EDGE('',*,*,#873,.T.);
#288=ORIENTED_EDGE('',*,*,#874,.T.);
#289=ORIENTED_EDGE('',*,*,#875,.T.);
#290=ORIENTED_EDGE('',*,*,#876,.T.);
#291=ORIENTED_EDGE('',*,*,#877,.T.);
#292=ORIENTED_EDGE('',*,*,#878,.T.);
#293=ORIENTED_EDGE('',*,*,#879,.T.);
#294=ORIENTED_EDGE('',*,*,#880,.T.);
#295=ORIENTED_EDGE('',*,*,#881,.T.);
#296=ORIENTED_EDGE('',*,*,#882,.T.);
#297=ORIENTED_EDGE('',*,*,#883,.T.);
#298=ORIENTED_EDGE('',*,*,#884,.T.);
#299=ORIENTED_EDGE('',*,*,#885,.T.);
#300=ORIENTED_EDGE('',*,*,#886,.T.);
#301=ORIENTED_EDGE('',*,*,#887,.T.);
#302=ORIENTED_EDGE('',*,*,#888,.F.);
#303=ORIENTED_EDGE('',*,*,#889,.T.);
#304=ORIENTED_EDGE('',*,*,#890,.F.);
#305=ORIENTED_EDGE('',*,*,#891,.F.);
#306=ORIENTED_EDGE('',*,*,#885,.F.);
#307=ORIENTED_EDGE('',*,*,#892,.F.);
#308=ORIENTED_EDGE('',*,*,#893,.T.);
#309=ORIENTED_EDGE('',*,*,#892,.T.);
#310=ORIENTED_EDGE('',*,*,#884,.F.);
#311=ORIENTED_EDGE('',*,*,#894,.T.);
#312=ORIENTED_EDGE('',*,*,#895,.F.);
#313=ORIENTED_EDGE('',*,*,#894,.F.);
#314=ORIENTED_EDGE('',*,*,#883,.F.);
#315=ORIENTED_EDGE('',*,*,#896,.F.);
#316=ORIENTED_EDGE('',*,*,#882,.F.);
#317=ORIENTED_EDGE('',*,*,#897,.T.);
#318=ORIENTED_EDGE('',*,*,#898,.T.);
#319=ORIENTED_EDGE('',*,*,#896,.T.);
#320=ORIENTED_EDGE('',*,*,#899,.F.);
#321=ORIENTED_EDGE('',*,*,#897,.F.);
#322=ORIENTED_EDGE('',*,*,#881,.F.);
#323=ORIENTED_EDGE('',*,*,#900,.F.);
#324=ORIENTED_EDGE('',*,*,#880,.F.);
#325=ORIENTED_EDGE('',*,*,#901,.T.);
#326=ORIENTED_EDGE('',*,*,#902,.T.);
#327=ORIENTED_EDGE('',*,*,#900,.T.);
#328=ORIENTED_EDGE('',*,*,#903,.F.);
#329=ORIENTED_EDGE('',*,*,#901,.F.);
#330=ORIENTED_EDGE('',*,*,#879,.F.);
#331=ORIENTED_EDGE('',*,*,#904,.F.);
#332=ORIENTED_EDGE('',*,*,#905,.T.);
#333=ORIENTED_EDGE('',*,*,#904,.T.);
#334=ORIENTED_EDGE('',*,*,#878,.F.);
#335=ORIENTED_EDGE('',*,*,#906,.T.);
#336=ORIENTED_EDGE('',*,*,#907,.F.);
#337=ORIENTED_EDGE('',*,*,#906,.F.);
#338=ORIENTED_EDGE('',*,*,#877,.F.);
#339=ORIENTED_EDGE('',*,*,#908,.F.);
#340=ORIENTED_EDGE('',*,*,#909,.T.);
#341=ORIENTED_EDGE('',*,*,#908,.T.);
#342=ORIENTED_EDGE('',*,*,#876,.F.);
#343=ORIENTED_EDGE('',*,*,#910,.T.);
#344=ORIENTED_EDGE('',*,*,#911,.F.);
#345=ORIENTED_EDGE('',*,*,#910,.F.);
#346=ORIENTED_EDGE('',*,*,#875,.F.);
#347=ORIENTED_EDGE('',*,*,#912,.F.);
#348=ORIENTED_EDGE('',*,*,#874,.F.);
#349=ORIENTED_EDGE('',*,*,#913,.T.);
#350=ORIENTED_EDGE('',*,*,#914,.T.);
#351=ORIENTED_EDGE('',*,*,#912,.T.);
#352=ORIENTED_EDGE('',*,*,#915,.F.);
#353=ORIENTED_EDGE('',*,*,#913,.F.);
#354=ORIENTED_EDGE('',*,*,#873,.F.);
#355=ORIENTED_EDGE('',*,*,#916,.F.);
#356=ORIENTED_EDGE('',*,*,#872,.F.);
#357=ORIENTED_EDGE('',*,*,#917,.T.);
#358=ORIENTED_EDGE('',*,*,#918,.T.);
#359=ORIENTED_EDGE('',*,*,#916,.T.);
#360=ORIENTED_EDGE('',*,*,#919,.F.);
#361=ORIENTED_EDGE('',*,*,#917,.F.);
#362=ORIENTED_EDGE('',*,*,#871,.F.);
#363=ORIENTED_EDGE('',*,*,#805,.F.);
#364=ORIENTED_EDGE('',*,*,#920,.F.);
#365=ORIENTED_EDGE('',*,*,#921,.F.);
#366=ORIENTED_EDGE('',*,*,#887,.F.);
#367=ORIENTED_EDGE('',*,*,#922,.F.);
#368=ORIENTED_EDGE('',*,*,#923,.T.);
#369=ORIENTED_EDGE('',*,*,#922,.T.);
#370=ORIENTED_EDGE('',*,*,#886,.F.);
#371=ORIENTED_EDGE('',*,*,#891,.T.);
#372=ORIENTED_EDGE('',*,*,#924,.T.);
#373=ORIENTED_EDGE('',*,*,#865,.T.);
#374=ORIENTED_EDGE('',*,*,#925,.F.);
#375=ORIENTED_EDGE('',*,*,#926,.F.);
#376=ORIENTED_EDGE('',*,*,#925,.T.);
#377=ORIENTED_EDGE('',*,*,#864,.T.);
#378=ORIENTED_EDGE('',*,*,#927,.F.);
#379=ORIENTED_EDGE('',*,*,#928,.F.);
#380=ORIENTED_EDGE('',*,*,#927,.T.);
#381=ORIENTED_EDGE('',*,*,#863,.T.);
#382=ORIENTED_EDGE('',*,*,#929,.F.);
#383=ORIENTED_EDGE('',*,*,#930,.F.);
#384=ORIENTED_EDGE('',*,*,#929,.T.);
#385=ORIENTED_EDGE('',*,*,#862,.T.);
#386=ORIENTED_EDGE('',*,*,#931,.F.);
#387=ORIENTED_EDGE('',*,*,#932,.F.);
#388=ORIENTED_EDGE('',*,*,#931,.T.);
#389=ORIENTED_EDGE('',*,*,#861,.T.);
#390=ORIENTED_EDGE('',*,*,#933,.F.);
#391=ORIENTED_EDGE('',*,*,#934,.F.);
#392=ORIENTED_EDGE('',*,*,#933,.T.);
#393=ORIENTED_EDGE('',*,*,#860,.T.);
#394=ORIENTED_EDGE('',*,*,#935,.F.);
#395=ORIENTED_EDGE('',*,*,#936,.F.);
#396=ORIENTED_EDGE('',*,*,#935,.T.);
#397=ORIENTED_EDGE('',*,*,#859,.T.);
#398=ORIENTED_EDGE('',*,*,#937,.F.);
#399=ORIENTED_EDGE('',*,*,#938,.F.);
#400=ORIENTED_EDGE('',*,*,#937,.T.);
#401=ORIENTED_EDGE('',*,*,#858,.T.);
#402=ORIENTED_EDGE('',*,*,#939,.F.);
#403=ORIENTED_EDGE('',*,*,#940,.F.);
#404=ORIENTED_EDGE('',*,*,#939,.T.);
#405=ORIENTED_EDGE('',*,*,#857,.T.);
#406=ORIENTED_EDGE('',*,*,#941,.F.);
#407=ORIENTED_EDGE('',*,*,#942,.F.);
#408=ORIENTED_EDGE('',*,*,#941,.T.);
#409=ORIENTED_EDGE('',*,*,#856,.T.);
#410=ORIENTED_EDGE('',*,*,#924,.F.);
#411=ORIENTED_EDGE('',*,*,#943,.F.);
#412=ORIENTED_EDGE('',*,*,#944,.T.);
#413=ORIENTED_EDGE('',*,*,#855,.T.);
#414=ORIENTED_EDGE('',*,*,#945,.F.);
#415=ORIENTED_EDGE('',*,*,#946,.F.);
#416=ORIENTED_EDGE('',*,*,#945,.T.);
#417=ORIENTED_EDGE('',*,*,#854,.T.);
#418=ORIENTED_EDGE('',*,*,#947,.F.);
#419=ORIENTED_EDGE('',*,*,#948,.F.);
#420=ORIENTED_EDGE('',*,*,#949,.T.);
#421=ORIENTED_EDGE('',*,*,#947,.T.);
#422=ORIENTED_EDGE('',*,*,#853,.F.);
#423=ORIENTED_EDGE('',*,*,#950,.F.);
#424=ORIENTED_EDGE('',*,*,#951,.T.);
#425=ORIENTED_EDGE('',*,*,#950,.T.);
#426=ORIENTED_EDGE('',*,*,#852,.F.);
#427=ORIENTED_EDGE('',*,*,#952,.F.);
#428=ORIENTED_EDGE('',*,*,#953,.T.);
#429=ORIENTED_EDGE('',*,*,#952,.T.);
#430=ORIENTED_EDGE('',*,*,#851,.F.);
#431=ORIENTED_EDGE('',*,*,#954,.F.);
#432=ORIENTED_EDGE('',*,*,#955,.T.);
#433=ORIENTED_EDGE('',*,*,#954,.T.);
#434=ORIENTED_EDGE('',*,*,#850,.F.);
#435=ORIENTED_EDGE('',*,*,#944,.F.);
#436=ORIENTED_EDGE('',*,*,#956,.T.);
#437=ORIENTED_EDGE('',*,*,#957,.T.);
#438=ORIENTED_EDGE('',*,*,#849,.F.);
#439=ORIENTED_EDGE('',*,*,#958,.F.);
#440=ORIENTED_EDGE('',*,*,#958,.T.);
#441=ORIENTED_EDGE('',*,*,#848,.T.);
#442=ORIENTED_EDGE('',*,*,#959,.F.);
#443=ORIENTED_EDGE('',*,*,#960,.F.);
#444=ORIENTED_EDGE('',*,*,#961,.T.);
#445=ORIENTED_EDGE('',*,*,#959,.T.);
#446=ORIENTED_EDGE('',*,*,#847,.F.);
#447=ORIENTED_EDGE('',*,*,#962,.F.);
#448=ORIENTED_EDGE('',*,*,#962,.T.);
#449=ORIENTED_EDGE('',*,*,#846,.T.);
#450=ORIENTED_EDGE('',*,*,#963,.F.);
#451=ORIENTED_EDGE('',*,*,#964,.F.);
#452=ORIENTED_EDGE('',*,*,#963,.T.);
#453=ORIENTED_EDGE('',*,*,#845,.T.);
#454=ORIENTED_EDGE('',*,*,#965,.F.);
#455=ORIENTED_EDGE('',*,*,#966,.F.);
#456=ORIENTED_EDGE('',*,*,#965,.T.);
#457=ORIENTED_EDGE('',*,*,#844,.T.);
#458=ORIENTED_EDGE('',*,*,#967,.F.);
#459=ORIENTED_EDGE('',*,*,#968,.F.);
#460=ORIENTED_EDGE('',*,*,#967,.T.);
#461=ORIENTED_EDGE('',*,*,#843,.T.);
#462=ORIENTED_EDGE('',*,*,#969,.F.);
#463=ORIENTED_EDGE('',*,*,#970,.F.);
#464=ORIENTED_EDGE('',*,*,#969,.T.);
#465=ORIENTED_EDGE('',*,*,#842,.T.);
#466=ORIENTED_EDGE('',*,*,#971,.F.);
#467=ORIENTED_EDGE('',*,*,#972,.F.);
#468=ORIENTED_EDGE('',*,*,#971,.T.);
#469=ORIENTED_EDGE('',*,*,#841,.T.);
#470=ORIENTED_EDGE('',*,*,#973,.F.);
#471=ORIENTED_EDGE('',*,*,#974,.F.);
#472=ORIENTED_EDGE('',*,*,#973,.T.);
#473=ORIENTED_EDGE('',*,*,#840,.T.);
#474=ORIENTED_EDGE('',*,*,#957,.F.);
#475=ORIENTED_EDGE('',*,*,#975,.F.);
#476=ORIENTED_EDGE('',*,*,#839,.T.);
#477=ORIENTED_EDGE('',*,*,#976,.F.);
#478=ORIENTED_EDGE('',*,*,#977,.F.);
#479=ORIENTED_EDGE('',*,*,#978,.T.);
#480=ORIENTED_EDGE('',*,*,#838,.F.);
#481=ORIENTED_EDGE('',*,*,#979,.F.);
#482=ORIENTED_EDGE('',*,*,#980,.T.);
#483=ORIENTED_EDGE('',*,*,#976,.T.);
#484=ORIENTED_EDGE('',*,*,#837,.T.);
#485=ORIENTED_EDGE('',*,*,#981,.F.);
#486=ORIENTED_EDGE('',*,*,#982,.F.);
#487=ORIENTED_EDGE('',*,*,#979,.T.);
#488=ORIENTED_EDGE('',*,*,#836,.F.);
#489=ORIENTED_EDGE('',*,*,#978,.F.);
#490=ORIENTED_EDGE('',*,*,#983,.T.);
#491=ORIENTED_EDGE('',*,*,#981,.T.);
#492=ORIENTED_EDGE('',*,*,#835,.F.);
#493=ORIENTED_EDGE('',*,*,#984,.F.);
#494=ORIENTED_EDGE('',*,*,#985,.T.);
#495=ORIENTED_EDGE('',*,*,#986,.T.);
#496=ORIENTED_EDGE('',*,*,#834,.F.);
#497=ORIENTED_EDGE('',*,*,#987,.F.);
#498=ORIENTED_EDGE('',*,*,#988,.T.);
#499=ORIENTED_EDGE('',*,*,#984,.T.);
#500=ORIENTED_EDGE('',*,*,#833,.F.);
#501=ORIENTED_EDGE('',*,*,#989,.F.);
#502=ORIENTED_EDGE('',*,*,#990,.T.);
#503=ORIENTED_EDGE('',*,*,#987,.T.);
#504=ORIENTED_EDGE('',*,*,#832,.F.);
#505=ORIENTED_EDGE('',*,*,#986,.F.);
#506=ORIENTED_EDGE('',*,*,#991,.T.);
#507=ORIENTED_EDGE('',*,*,#989,.T.);
#508=ORIENTED_EDGE('',*,*,#992,.T.);
#509=ORIENTED_EDGE('',*,*,#831,.F.);
#510=ORIENTED_EDGE('',*,*,#993,.T.);
#511=ORIENTED_EDGE('',*,*,#830,.F.);
#512=ORIENTED_EDGE('',*,*,#829,.F.);
#513=ORIENTED_EDGE('',*,*,#994,.F.);
#514=ORIENTED_EDGE('',*,*,#995,.T.);
#515=ORIENTED_EDGE('',*,*,#996,.T.);
#516=ORIENTED_EDGE('',*,*,#828,.T.);
#517=ORIENTED_EDGE('',*,*,#997,.F.);
#518=ORIENTED_EDGE('',*,*,#998,.F.);
#519=ORIENTED_EDGE('',*,*,#994,.T.);
#520=ORIENTED_EDGE('',*,*,#827,.F.);
#521=ORIENTED_EDGE('',*,*,#999,.F.);
#522=ORIENTED_EDGE('',*,*,#1000,.T.);
#523=ORIENTED_EDGE('',*,*,#997,.T.);
#524=ORIENTED_EDGE('',*,*,#826,.T.);
#525=ORIENTED_EDGE('',*,*,#996,.F.);
#526=ORIENTED_EDGE('',*,*,#1001,.F.);
#527=ORIENTED_EDGE('',*,*,#999,.T.);
#528=ORIENTED_EDGE('',*,*,#825,.F.);
#529=ORIENTED_EDGE('',*,*,#1002,.F.);
#530=ORIENTED_EDGE('',*,*,#1003,.T.);
#531=ORIENTED_EDGE('',*,*,#1004,.T.);
#532=ORIENTED_EDGE('',*,*,#824,.F.);
#533=ORIENTED_EDGE('',*,*,#1005,.F.);
#534=ORIENTED_EDGE('',*,*,#1006,.T.);
#535=ORIENTED_EDGE('',*,*,#1002,.T.);
#536=ORIENTED_EDGE('',*,*,#823,.F.);
#537=ORIENTED_EDGE('',*,*,#1007,.F.);
#538=ORIENTED_EDGE('',*,*,#1008,.T.);
#539=ORIENTED_EDGE('',*,*,#1005,.T.);
#540=ORIENTED_EDGE('',*,*,#822,.F.);
#541=ORIENTED_EDGE('',*,*,#1004,.F.);
#542=ORIENTED_EDGE('',*,*,#1009,.T.);
#543=ORIENTED_EDGE('',*,*,#1007,.T.);
#544=ORIENTED_EDGE('',*,*,#1010,.T.);
#545=ORIENTED_EDGE('',*,*,#821,.F.);
#546=ORIENTED_EDGE('',*,*,#1011,.T.);
#547=ORIENTED_EDGE('',*,*,#820,.F.);
#548=ORIENTED_EDGE('',*,*,#1012,.T.);
#549=ORIENTED_EDGE('',*,*,#1013,.T.);
#550=ORIENTED_EDGE('',*,*,#819,.F.);
#551=ORIENTED_EDGE('',*,*,#1014,.F.);
#552=ORIENTED_EDGE('',*,*,#1014,.T.);
#553=ORIENTED_EDGE('',*,*,#818,.T.);
#554=ORIENTED_EDGE('',*,*,#1015,.F.);
#555=ORIENTED_EDGE('',*,*,#1016,.F.);
#556=ORIENTED_EDGE('',*,*,#1015,.T.);
#557=ORIENTED_EDGE('',*,*,#817,.T.);
#558=ORIENTED_EDGE('',*,*,#1017,.F.);
#559=ORIENTED_EDGE('',*,*,#1018,.F.);
#560=ORIENTED_EDGE('',*,*,#1017,.T.);
#561=ORIENTED_EDGE('',*,*,#816,.T.);
#562=ORIENTED_EDGE('',*,*,#1019,.F.);
#563=ORIENTED_EDGE('',*,*,#1020,.F.);
#564=ORIENTED_EDGE('',*,*,#1019,.T.);
#565=ORIENTED_EDGE('',*,*,#815,.T.);
#566=ORIENTED_EDGE('',*,*,#1021,.F.);
#567=ORIENTED_EDGE('',*,*,#1022,.F.);
#568=ORIENTED_EDGE('',*,*,#1023,.T.);
#569=ORIENTED_EDGE('',*,*,#1021,.T.);
#570=ORIENTED_EDGE('',*,*,#814,.F.);
#571=ORIENTED_EDGE('',*,*,#1024,.F.);
#572=ORIENTED_EDGE('',*,*,#1024,.T.);
#573=ORIENTED_EDGE('',*,*,#813,.T.);
#574=ORIENTED_EDGE('',*,*,#1025,.F.);
#575=ORIENTED_EDGE('',*,*,#1026,.F.);
#576=ORIENTED_EDGE('',*,*,#1025,.T.);
#577=ORIENTED_EDGE('',*,*,#812,.T.);
#578=ORIENTED_EDGE('',*,*,#1027,.F.);
#579=ORIENTED_EDGE('',*,*,#1028,.F.);
#580=ORIENTED_EDGE('',*,*,#1029,.T.);
#581=ORIENTED_EDGE('',*,*,#1027,.T.);
#582=ORIENTED_EDGE('',*,*,#811,.F.);
#583=ORIENTED_EDGE('',*,*,#1030,.F.);
#584=ORIENTED_EDGE('',*,*,#1030,.T.);
#585=ORIENTED_EDGE('',*,*,#810,.T.);
#586=ORIENTED_EDGE('',*,*,#1031,.F.);
#587=ORIENTED_EDGE('',*,*,#1032,.F.);
#588=ORIENTED_EDGE('',*,*,#1031,.T.);
#589=ORIENTED_EDGE('',*,*,#809,.T.);
#590=ORIENTED_EDGE('',*,*,#1033,.F.);
#591=ORIENTED_EDGE('',*,*,#1034,.F.);
#592=ORIENTED_EDGE('',*,*,#1033,.T.);
#593=ORIENTED_EDGE('',*,*,#808,.T.);
#594=ORIENTED_EDGE('',*,*,#1013,.F.);
#595=ORIENTED_EDGE('',*,*,#1035,.F.);
#596=ORIENTED_EDGE('',*,*,#1036,.T.);
#597=ORIENTED_EDGE('',*,*,#1037,.T.);
#598=ORIENTED_EDGE('',*,*,#888,.T.);
#599=ORIENTED_EDGE('',*,*,#921,.T.);
#600=ORIENTED_EDGE('',*,*,#1038,.T.);
#601=ORIENTED_EDGE('',*,*,#866,.F.);
#602=ORIENTED_EDGE('',*,*,#1039,.F.);
#603=ORIENTED_EDGE('',*,*,#1040,.F.);
#604=ORIENTED_EDGE('',*,*,#1041,.T.);
#605=ORIENTED_EDGE('',*,*,#1042,.F.);
#606=ORIENTED_EDGE('',*,*,#1043,.T.);
#607=ORIENTED_EDGE('',*,*,#1036,.F.);
#608=ORIENTED_EDGE('',*,*,#920,.T.);
#609=ORIENTED_EDGE('',*,*,#923,.F.);
#610=ORIENTED_EDGE('',*,*,#890,.T.);
#611=ORIENTED_EDGE('',*,*,#893,.F.);
#612=ORIENTED_EDGE('',*,*,#895,.T.);
#613=ORIENTED_EDGE('',*,*,#898,.F.);
#614=ORIENTED_EDGE('',*,*,#899,.T.);
#615=ORIENTED_EDGE('',*,*,#902,.F.);
#616=ORIENTED_EDGE('',*,*,#903,.T.);
#617=ORIENTED_EDGE('',*,*,#905,.F.);
#618=ORIENTED_EDGE('',*,*,#907,.T.);
#619=ORIENTED_EDGE('',*,*,#909,.F.);
#620=ORIENTED_EDGE('',*,*,#911,.T.);
#621=ORIENTED_EDGE('',*,*,#914,.F.);
#622=ORIENTED_EDGE('',*,*,#915,.T.);
#623=ORIENTED_EDGE('',*,*,#918,.F.);
#624=ORIENTED_EDGE('',*,*,#919,.T.);
#625=ORIENTED_EDGE('',*,*,#804,.T.);
#626=ORIENTED_EDGE('',*,*,#776,.F.);
#627=ORIENTED_EDGE('',*,*,#1044,.T.);
#628=ORIENTED_EDGE('',*,*,#1038,.F.);
#629=ORIENTED_EDGE('',*,*,#953,.F.);
#630=ORIENTED_EDGE('',*,*,#955,.F.);
#631=ORIENTED_EDGE('',*,*,#946,.T.);
#632=ORIENTED_EDGE('',*,*,#948,.T.);
#633=ORIENTED_EDGE('',*,*,#949,.F.);
#634=ORIENTED_EDGE('',*,*,#951,.F.);
#635=ORIENTED_EDGE('',*,*,#983,.F.);
#636=ORIENTED_EDGE('',*,*,#977,.T.);
#637=ORIENTED_EDGE('',*,*,#980,.F.);
#638=ORIENTED_EDGE('',*,*,#982,.T.);
#639=ORIENTED_EDGE('',*,*,#991,.F.);
#640=ORIENTED_EDGE('',*,*,#985,.F.);
#641=ORIENTED_EDGE('',*,*,#988,.F.);
#642=ORIENTED_EDGE('',*,*,#990,.F.);
#643=ORIENTED_EDGE('',*,*,#992,.F.);
#644=ORIENTED_EDGE('',*,*,#993,.F.);
#645=ORIENTED_EDGE('',*,*,#1001,.T.);
#646=ORIENTED_EDGE('',*,*,#995,.F.);
#647=ORIENTED_EDGE('',*,*,#998,.T.);
#648=ORIENTED_EDGE('',*,*,#1000,.F.);
#649=ORIENTED_EDGE('',*,*,#1009,.F.);
#650=ORIENTED_EDGE('',*,*,#1003,.F.);
#651=ORIENTED_EDGE('',*,*,#1006,.F.);
#652=ORIENTED_EDGE('',*,*,#1008,.F.);
#653=ORIENTED_EDGE('',*,*,#1010,.F.);
#654=ORIENTED_EDGE('',*,*,#1011,.F.);
#655=ORIENTED_EDGE('',*,*,#974,.T.);
#656=ORIENTED_EDGE('',*,*,#975,.T.);
#657=ORIENTED_EDGE('',*,*,#956,.F.);
#658=ORIENTED_EDGE('',*,*,#960,.T.);
#659=ORIENTED_EDGE('',*,*,#961,.F.);
#660=ORIENTED_EDGE('',*,*,#964,.T.);
#661=ORIENTED_EDGE('',*,*,#966,.T.);
#662=ORIENTED_EDGE('',*,*,#968,.T.);
#663=ORIENTED_EDGE('',*,*,#970,.T.);
#664=ORIENTED_EDGE('',*,*,#972,.T.);
#665=ORIENTED_EDGE('',*,*,#1034,.T.);
#666=ORIENTED_EDGE('',*,*,#1035,.T.);
#667=ORIENTED_EDGE('',*,*,#1012,.F.);
#668=ORIENTED_EDGE('',*,*,#1016,.T.);
#669=ORIENTED_EDGE('',*,*,#1018,.T.);
#670=ORIENTED_EDGE('',*,*,#1020,.T.);
#671=ORIENTED_EDGE('',*,*,#1022,.T.);
#672=ORIENTED_EDGE('',*,*,#1023,.F.);
#673=ORIENTED_EDGE('',*,*,#1026,.T.);
#674=ORIENTED_EDGE('',*,*,#1028,.T.);
#675=ORIENTED_EDGE('',*,*,#1029,.F.);
#676=ORIENTED_EDGE('',*,*,#1032,.T.);
#677=ORIENTED_EDGE('',*,*,#942,.T.);
#678=ORIENTED_EDGE('',*,*,#943,.T.);
#679=ORIENTED_EDGE('',*,*,#926,.T.);
#680=ORIENTED_EDGE('',*,*,#928,.T.);
#681=ORIENTED_EDGE('',*,*,#930,.T.);
#682=ORIENTED_EDGE('',*,*,#932,.T.);
#683=ORIENTED_EDGE('',*,*,#934,.T.);
#684=ORIENTED_EDGE('',*,*,#936,.T.);
#685=ORIENTED_EDGE('',*,*,#938,.T.);
#686=ORIENTED_EDGE('',*,*,#940,.T.);
#687=ORIENTED_EDGE('',*,*,#1042,.T.);
#688=ORIENTED_EDGE('',*,*,#1045,.T.);
#689=ORIENTED_EDGE('',*,*,#867,.F.);
#690=ORIENTED_EDGE('',*,*,#1046,.T.);
#691=ORIENTED_EDGE('',*,*,#775,.T.);
#692=ORIENTED_EDGE('',*,*,#1047,.F.);
#693=ORIENTED_EDGE('',*,*,#796,.F.);
#694=ORIENTED_EDGE('',*,*,#870,.T.);
#695=ORIENTED_EDGE('',*,*,#1048,.F.);
#696=ORIENTED_EDGE('',*,*,#1044,.F.);
#697=ORIENTED_EDGE('',*,*,#869,.T.);
#698=ORIENTED_EDGE('',*,*,#1049,.T.);
#699=ORIENTED_EDGE('',*,*,#1040,.T.);
#700=ORIENTED_EDGE('',*,*,#1048,.T.);
#701=ORIENTED_EDGE('',*,*,#1041,.F.);
#702=ORIENTED_EDGE('',*,*,#1049,.F.);
#703=ORIENTED_EDGE('',*,*,#868,.F.);
#704=ORIENTED_EDGE('',*,*,#1045,.F.);
#705=ORIENTED_EDGE('',*,*,#1043,.F.);
#706=ORIENTED_EDGE('',*,*,#1046,.F.);
#707=ORIENTED_EDGE('',*,*,#889,.F.);
#708=ORIENTED_EDGE('',*,*,#1037,.F.);
#709=ORIENTED_EDGE('',*,*,#1039,.T.);
#710=ORIENTED_EDGE('',*,*,#807,.F.);
#711=ORIENTED_EDGE('',*,*,#769,.F.);
#712=ORIENTED_EDGE('',*,*,#1050,.T.);
#713=ORIENTED_EDGE('',*,*,#792,.F.);
#714=ORIENTED_EDGE('',*,*,#1051,.T.);
#715=ORIENTED_EDGE('',*,*,#777,.T.);
#716=ORIENTED_EDGE('',*,*,#1052,.F.);
#717=ORIENTED_EDGE('',*,*,#787,.F.);
#718=ORIENTED_EDGE('',*,*,#1053,.T.);
#719=ORIENTED_EDGE('',*,*,#771,.F.);
#720=ORIENTED_EDGE('',*,*,#1054,.T.);
#721=ORIENTED_EDGE('',*,*,#800,.T.);
#722=ORIENTED_EDGE('',*,*,#1055,.T.);
#723=ORIENTED_EDGE('',*,*,#772,.F.);
#724=ORIENTED_EDGE('',*,*,#1055,.F.);
#725=ORIENTED_EDGE('',*,*,#799,.T.);
#726=ORIENTED_EDGE('',*,*,#1056,.T.);
#727=ORIENTED_EDGE('',*,*,#773,.T.);
#728=ORIENTED_EDGE('',*,*,#1056,.F.);
#729=ORIENTED_EDGE('',*,*,#798,.F.);
#730=ORIENTED_EDGE('',*,*,#1057,.T.);
#731=ORIENTED_EDGE('',*,*,#774,.F.);
#732=ORIENTED_EDGE('',*,*,#1057,.F.);
#733=ORIENTED_EDGE('',*,*,#797,.T.);
#734=ORIENTED_EDGE('',*,*,#1047,.T.);
#735=ORIENTED_EDGE('',*,*,#780,.T.);
#736=ORIENTED_EDGE('',*,*,#1058,.F.);
#737=ORIENTED_EDGE('',*,*,#790,.F.);
#738=ORIENTED_EDGE('',*,*,#1059,.T.);
#739=ORIENTED_EDGE('',*,*,#781,.T.);
#740=ORIENTED_EDGE('',*,*,#1059,.F.);
#741=ORIENTED_EDGE('',*,*,#789,.F.);
#742=ORIENTED_EDGE('',*,*,#1060,.T.);
#743=ORIENTED_EDGE('',*,*,#782,.T.);
#744=ORIENTED_EDGE('',*,*,#1060,.F.);
#745=ORIENTED_EDGE('',*,*,#788,.F.);
#746=ORIENTED_EDGE('',*,*,#1052,.T.);
#747=ORIENTED_EDGE('',*,*,#1058,.T.);
#748=ORIENTED_EDGE('',*,*,#779,.T.);
#749=ORIENTED_EDGE('',*,*,#1061,.F.);
#750=ORIENTED_EDGE('',*,*,#791,.F.);
#751=ORIENTED_EDGE('',*,*,#1061,.T.);
#752=ORIENTED_EDGE('',*,*,#778,.T.);
#753=ORIENTED_EDGE('',*,*,#1053,.F.);
#754=ORIENTED_EDGE('',*,*,#786,.F.);
#755=ORIENTED_EDGE('',*,*,#768,.F.);
#756=ORIENTED_EDGE('',*,*,#803,.F.);
#757=ORIENTED_EDGE('',*,*,#793,.F.);
#758=ORIENTED_EDGE('',*,*,#1050,.F.);
#759=ORIENTED_EDGE('',*,*,#801,.F.);
#760=ORIENTED_EDGE('',*,*,#1054,.F.);
#761=ORIENTED_EDGE('',*,*,#770,.F.);
#762=ORIENTED_EDGE('',*,*,#1051,.F.);
#763=ORIENTED_EDGE('',*,*,#783,.T.);
#764=ORIENTED_EDGE('',*,*,#785,.F.);
#765=ORIENTED_EDGE('',*,*,#784,.F.);
#766=ORIENTED_EDGE('',*,*,#802,.T.);
#767=EDGE_CURVE('',#1062,#1063,#1264,.T.);
#768=EDGE_CURVE('',#1063,#1064,#67,.T.);
#769=EDGE_CURVE('',#1064,#1065,#1265,.T.);
#770=EDGE_CURVE('',#1065,#1066,#68,.T.);
#771=EDGE_CURVE('',#1066,#1067,#1266,.T.);
#772=EDGE_CURVE('',#1067,#1068,#69,.T.);
#773=EDGE_CURVE('',#1069,#1068,#1267,.T.);
#774=EDGE_CURVE('',#1069,#1070,#70,.F.);
#775=EDGE_CURVE('',#1071,#1070,#1268,.T.);
#776=EDGE_CURVE('',#1071,#1062,#1269,.T.);
#777=EDGE_CURVE('',#1072,#1073,#1270,.T.);
#778=EDGE_CURVE('',#1074,#1072,#1271,.T.);
#779=EDGE_CURVE('',#1075,#1074,#1272,.T.);
#780=EDGE_CURVE('',#1076,#1075,#1273,.T.);
#781=EDGE_CURVE('',#1077,#1076,#1274,.T.);
#782=EDGE_CURVE('',#1073,#1077,#1275,.T.);
#783=EDGE_CURVE('',#1078,#1078,#71,.T.);
#784=EDGE_CURVE('',#1079,#1079,#72,.T.);
#785=EDGE_CURVE('',#1080,#1080,#73,.T.);
#786=EDGE_CURVE('',#1081,#1082,#1276,.T.);
#787=EDGE_CURVE('',#1082,#1083,#1277,.T.);
#788=EDGE_CURVE('',#1083,#1084,#1278,.T.);
#789=EDGE_CURVE('',#1084,#1085,#1279,.T.);
#790=EDGE_CURVE('',#1085,#1086,#1280,.T.);
#791=EDGE_CURVE('',#1086,#1081,#1281,.T.);
#792=EDGE_CURVE('',#1087,#1088,#1282,.T.);
#793=EDGE_CURVE('',#1088,#1089,#74,.F.);
#794=EDGE_CURVE('',#1090,#1089,#1283,.T.);
#795=EDGE_CURVE('',#1091,#1090,#1284,.T.);
#796=EDGE_CURVE('',#1091,#1092,#1285,.T.);
#797=EDGE_CURVE('',#1093,#1092,#75,.F.);
#798=EDGE_CURVE('',#1093,#1094,#1286,.T.);
#799=EDGE_CURVE('',#1095,#1094,#76,.T.);
#800=EDGE_CURVE('',#1096,#1095,#1287,.T.);
#801=EDGE_CURVE('',#1096,#1087,#77,.F.);
#802=EDGE_CURVE('',#1097,#1097,#78,.F.);
#803=EDGE_CURVE('',#1089,#1063,#1288,.F.);
#804=EDGE_CURVE('',#1098,#1062,#1289,.T.);
#805=EDGE_CURVE('',#1098,#1099,#1290,.T.);
#806=EDGE_CURVE('',#1099,#1090,#1291,.T.);
#807=EDGE_CURVE('',#1100,#1100,#79,.T.);
#808=EDGE_CURVE('',#1101,#1102,#80,.F.);
#809=EDGE_CURVE('',#1103,#1101,#1292,.T.);
#810=EDGE_CURVE('',#1104,#1103,#81,.F.);
#811=EDGE_CURVE('',#1104,#1105,#1293,.T.);
#812=EDGE_CURVE('',#1106,#1105,#82,.T.);
#813=EDGE_CURVE('',#1107,#1106,#83,.F.);
#814=EDGE_CURVE('',#1107,#1108,#1294,.T.);
#815=EDGE_CURVE('',#1109,#1108,#84,.F.);
#816=EDGE_CURVE('',#1110,#1109,#1295,.T.);
#817=EDGE_CURVE('',#1111,#1110,#85,.F.);
#818=EDGE_CURVE('',#1112,#1111,#86,.T.);
#819=EDGE_CURVE('',#1112,#1102,#1296,.T.);
#820=EDGE_CURVE('',#1113,#1113,#87,.T.);
#821=EDGE_CURVE('',#1114,#1114,#88,.T.);
#822=EDGE_CURVE('',#1115,#1116,#1297,.T.);
#823=EDGE_CURVE('',#1116,#1117,#89,.T.);
#824=EDGE_CURVE('',#1117,#1118,#1298,.T.);
#825=EDGE_CURVE('',#1118,#1115,#90,.T.);
#826=EDGE_CURVE('',#1119,#1120,#1299,.T.);
#827=EDGE_CURVE('',#1119,#1121,#91,.T.);
#828=EDGE_CURVE('',#1122,#1121,#1300,.T.);
#829=EDGE_CURVE('',#1122,#1120,#92,.T.);
#830=EDGE_CURVE('',#1123,#1123,#93,.T.);
#831=EDGE_CURVE('',#1124,#1124,#94,.T.);
#832=EDGE_CURVE('',#1125,#1126,#1301,.T.);
#833=EDGE_CURVE('',#1126,#1127,#95,.T.);
#834=EDGE_CURVE('',#1127,#1128,#1302,.T.);
#835=EDGE_CURVE('',#1128,#1125,#96,.T.);
#836=EDGE_CURVE('',#1129,#1130,#97,.T.);
#837=EDGE_CURVE('',#1131,#1130,#1303,.T.);
#838=EDGE_CURVE('',#1131,#1132,#98,.T.);
#839=EDGE_CURVE('',#1129,#1132,#1304,.T.);
#840=EDGE_CURVE('',#1133,#1134,#99,.F.);
#841=EDGE_CURVE('',#1135,#1133,#100,.T.);
#842=EDGE_CURVE('',#1136,#1135,#101,.F.);
#843=EDGE_CURVE('',#1137,#1136,#1305,.T.);
#844=EDGE_CURVE('',#1138,#1137,#102,.F.);
#845=EDGE_CURVE('',#1139,#1138,#103,.T.);
#846=EDGE_CURVE('',#1140,#1139,#104,.F.);
#847=EDGE_CURVE('',#1140,#1141,#1306,.T.);
#848=EDGE_CURVE('',#1142,#1141,#105,.F.);
#849=EDGE_CURVE('',#1142,#1134,#1307,.T.);
#850=EDGE_CURVE('',#1143,#1144,#1308,.T.);
#851=EDGE_CURVE('',#1144,#1145,#106,.T.);
#852=EDGE_CURVE('',#1145,#1146,#1309,.T.);
#853=EDGE_CURVE('',#1146,#1147,#107,.T.);
#854=EDGE_CURVE('',#1148,#1147,#1310,.T.);
#855=EDGE_CURVE('',#1143,#1148,#108,.F.);
#856=EDGE_CURVE('',#1149,#1150,#1311,.T.);
#857=EDGE_CURVE('',#1151,#1149,#109,.F.);
#858=EDGE_CURVE('',#1152,#1151,#1312,.T.);
#859=EDGE_CURVE('',#1153,#1152,#110,.F.);
#860=EDGE_CURVE('',#1154,#1153,#111,.T.);
#861=EDGE_CURVE('',#1155,#1154,#112,.F.);
#862=EDGE_CURVE('',#1156,#1155,#1313,.T.);
#863=EDGE_CURVE('',#1157,#1156,#113,.F.);
#864=EDGE_CURVE('',#1158,#1157,#114,.T.);
#865=EDGE_CURVE('',#1150,#1158,#115,.F.);
#866=EDGE_CURVE('',#1159,#1159,#116,.T.);
#867=EDGE_CURVE('',#1160,#1161,#1314,.T.);
#868=EDGE_CURVE('',#1161,#1162,#117,.F.);
#869=EDGE_CURVE('',#1163,#1162,#1315,.T.);
#870=EDGE_CURVE('',#1091,#1163,#1316,.T.);
#871=EDGE_CURVE('',#1099,#1164,#118,.F.);
#872=EDGE_CURVE('',#1164,#1165,#1317,.T.);
#873=EDGE_CURVE('',#1165,#1166,#119,.T.);
#874=EDGE_CURVE('',#1166,#1167,#1318,.T.);
#875=EDGE_CURVE('',#1167,#1168,#120,.T.);
#876=EDGE_CURVE('',#1168,#1169,#1319,.T.);
#877=EDGE_CURVE('',#1169,#1170,#121,.F.);
#878=EDGE_CURVE('',#1170,#1171,#1320,.T.);
#879=EDGE_CURVE('',#1171,#1172,#122,.F.);
#880=EDGE_CURVE('',#1172,#1173,#1321,.T.);
#881=EDGE_CURVE('',#1173,#1174,#123,.T.);
#882=EDGE_CURVE('',#1174,#1175,#1322,.T.);
#883=EDGE_CURVE('',#1175,#1176,#124,.T.);
#884=EDGE_CURVE('',#1176,#1177,#1323,.T.);
#885=EDGE_CURVE('',#1177,#1178,#125,.F.);
#886=EDGE_CURVE('',#1178,#1179,#1324,.T.);
#887=EDGE_CURVE('',#1179,#1180,#126,.F.);
#888=EDGE_CURVE('',#1181,#1180,#1325,.T.);
#889=EDGE_CURVE('',#1181,#1160,#127,.T.);
#890=EDGE_CURVE('',#1182,#1183,#128,.T.);
#891=EDGE_CURVE('',#1178,#1182,#1326,.F.);
#892=EDGE_CURVE('',#1183,#1177,#1327,.T.);
#893=EDGE_CURVE('',#1184,#1183,#1328,.T.);
#894=EDGE_CURVE('',#1176,#1184,#1329,.F.);
#895=EDGE_CURVE('',#1184,#1185,#129,.F.);
#896=EDGE_CURVE('',#1185,#1175,#1330,.T.);
#897=EDGE_CURVE('',#1174,#1186,#1331,.F.);
#898=EDGE_CURVE('',#1186,#1185,#1332,.T.);
#899=EDGE_CURVE('',#1186,#1187,#130,.F.);
#900=EDGE_CURVE('',#1187,#1173,#1333,.T.);
#901=EDGE_CURVE('',#1172,#1188,#1334,.F.);
#902=EDGE_CURVE('',#1188,#1187,#1335,.T.);
#903=EDGE_CURVE('',#1188,#1189,#131,.T.);
#904=EDGE_CURVE('',#1189,#1171,#1336,.T.);
#905=EDGE_CURVE('',#1190,#1189,#1337,.T.);
#906=EDGE_CURVE('',#1170,#1190,#1338,.F.);
#907=EDGE_CURVE('',#1190,#1191,#132,.T.);
#908=EDGE_CURVE('',#1191,#1169,#1339,.T.);
#909=EDGE_CURVE('',#1192,#1191,#1340,.T.);
#910=EDGE_CURVE('',#1168,#1192,#1341,.F.);
#911=EDGE_CURVE('',#1192,#1193,#133,.F.);
#912=EDGE_CURVE('',#1193,#1167,#1342,.T.);
#913=EDGE_CURVE('',#1166,#1194,#1343,.F.);
#914=EDGE_CURVE('',#1194,#1193,#1344,.T.);
#915=EDGE_CURVE('',#1194,#1195,#134,.F.);
#916=EDGE_CURVE('',#1195,#1165,#1345,.T.);
#917=EDGE_CURVE('',#1164,#1196,#1346,.F.);
#918=EDGE_CURVE('',#1196,#1195,#1347,.T.);
#919=EDGE_CURVE('',#1196,#1098,#135,.T.);
#920=EDGE_CURVE('',#1197,#1198,#136,.T.);
#921=EDGE_CURVE('',#1180,#1197,#1348,.F.);
#922=EDGE_CURVE('',#1198,#1179,#1349,.T.);
#923=EDGE_CURVE('',#1182,#1198,#1350,.T.);
#924=EDGE_CURVE('',#1199,#1150,#1351,.T.);
#925=EDGE_CURVE('',#1200,#1158,#1352,.T.);
#926=EDGE_CURVE('',#1199,#1200,#137,.F.);
#927=EDGE_CURVE('',#1201,#1157,#1353,.T.);
#928=EDGE_CURVE('',#1200,#1201,#138,.T.);
#929=EDGE_CURVE('',#1202,#1156,#1354,.T.);
#930=EDGE_CURVE('',#1201,#1202,#139,.F.);
#931=EDGE_CURVE('',#1203,#1155,#1355,.T.);
#932=EDGE_CURVE('',#1202,#1203,#1356,.T.);
#933=EDGE_CURVE('',#1204,#1154,#1357,.T.);
#934=EDGE_CURVE('',#1203,#1204,#140,.F.);
#935=EDGE_CURVE('',#1205,#1153,#1358,.T.);
#936=EDGE_CURVE('',#1204,#1205,#141,.T.);
#937=EDGE_CURVE('',#1206,#1152,#1359,.T.);
#938=EDGE_CURVE('',#1205,#1206,#142,.F.);
#939=EDGE_CURVE('',#1207,#1151,#1360,.T.);
#940=EDGE_CURVE('',#1206,#1207,#1361,.T.);
#941=EDGE_CURVE('',#1208,#1149,#1362,.T.);
#942=EDGE_CURVE('',#1207,#1208,#143,.F.);
#943=EDGE_CURVE('',#1208,#1199,#1363,.T.);
#944=EDGE_CURVE('',#1209,#1143,#1364,.T.);
#945=EDGE_CURVE('',#1210,#1148,#1365,.T.);
#946=EDGE_CURVE('',#1209,#1210,#144,.F.);
#947=EDGE_CURVE('',#1211,#1147,#1366,.T.);
#948=EDGE_CURVE('',#1210,#1211,#1367,.T.);
#949=EDGE_CURVE('',#1212,#1211,#145,.T.);
#950=EDGE_CURVE('',#1212,#1146,#1368,.T.);
#951=EDGE_CURVE('',#1213,#1212,#1369,.T.);
#952=EDGE_CURVE('',#1213,#1145,#1370,.T.);
#953=EDGE_CURVE('',#1214,#1213,#146,.T.);
#954=EDGE_CURVE('',#1214,#1144,#1371,.T.);
#955=EDGE_CURVE('',#1209,#1214,#1372,.T.);
#956=EDGE_CURVE('',#1215,#1216,#1373,.T.);
#957=EDGE_CURVE('',#1216,#1134,#1374,.T.);
#958=EDGE_CURVE('',#1215,#1142,#1375,.T.);
#959=EDGE_CURVE('',#1217,#1141,#1376,.T.);
#960=EDGE_CURVE('',#1215,#1217,#147,.F.);
#961=EDGE_CURVE('',#1218,#1217,#1377,.T.);
#962=EDGE_CURVE('',#1218,#1140,#1378,.T.);
#963=EDGE_CURVE('',#1219,#1139,#1379,.T.);
#964=EDGE_CURVE('',#1218,#1219,#148,.F.);
#965=EDGE_CURVE('',#1220,#1138,#1380,.T.);
#966=EDGE_CURVE('',#1219,#1220,#149,.T.);
#967=EDGE_CURVE('',#1221,#1137,#1381,.T.);
#968=EDGE_CURVE('',#1220,#1221,#150,.F.);
#969=EDGE_CURVE('',#1222,#1136,#1382,.T.);
#970=EDGE_CURVE('',#1221,#1222,#1383,.T.);
#971=EDGE_CURVE('',#1223,#1135,#1384,.T.);
#972=EDGE_CURVE('',#1222,#1223,#151,.F.);
#973=EDGE_CURVE('',#1224,#1133,#1385,.T.);
#974=EDGE_CURVE('',#1223,#1224,#152,.T.);
#975=EDGE_CURVE('',#1224,#1216,#153,.F.);
#976=EDGE_CURVE('',#1225,#1132,#1386,.T.);
#977=EDGE_CURVE('',#1226,#1225,#1387,.T.);
#978=EDGE_CURVE('',#1226,#1129,#1388,.T.);
#979=EDGE_CURVE('',#1227,#1131,#1389,.T.);
#980=EDGE_CURVE('',#1227,#1225,#154,.T.);
#981=EDGE_CURVE('',#1228,#1130,#1390,.T.);
#982=EDGE_CURVE('',#1227,#1228,#1391,.T.);
#983=EDGE_CURVE('',#1226,#1228,#155,.T.);
#984=EDGE_CURVE('',#1229,#1128,#1392,.T.);
#985=EDGE_CURVE('',#1229,#1230,#156,.T.);
#986=EDGE_CURVE('',#1230,#1125,#1393,.T.);
#987=EDGE_CURVE('',#1231,#1127,#1394,.T.);
#988=EDGE_CURVE('',#1231,#1229,#1395,.T.);
#989=EDGE_CURVE('',#1232,#1126,#1396,.T.);
#990=EDGE_CURVE('',#1232,#1231,#157,.T.);
#991=EDGE_CURVE('',#1230,#1232,#1397,.T.);
#992=EDGE_CURVE('',#1233,#1233,#158,.T.);
#993=EDGE_CURVE('',#1234,#1234,#159,.T.);
#994=EDGE_CURVE('',#1235,#1122,#1398,.T.);
#995=EDGE_CURVE('',#1235,#1236,#160,.T.);
#996=EDGE_CURVE('',#1236,#1120,#1399,.T.);
#997=EDGE_CURVE('',#1237,#1121,#1400,.T.);
#998=EDGE_CURVE('',#1235,#1237,#1401,.T.);
#999=EDGE_CURVE('',#1238,#1119,#1402,.T.);
#1000=EDGE_CURVE('',#1238,#1237,#161,.T.);
#1001=EDGE_CURVE('',#1238,#1236,#1403,.T.);
#1002=EDGE_CURVE('',#1239,#1118,#1404,.T.);
#1003=EDGE_CURVE('',#1239,#1240,#162,.T.);
#1004=EDGE_CURVE('',#1240,#1115,#1405,.T.);
#1005=EDGE_CURVE('',#1241,#1117,#1406,.T.);
#1006=EDGE_CURVE('',#1241,#1239,#1407,.T.);
#1007=EDGE_CURVE('',#1242,#1116,#1408,.T.);
#1008=EDGE_CURVE('',#1242,#1241,#163,.T.);
#1009=EDGE_CURVE('',#1240,#1242,#1409,.T.);
#1010=EDGE_CURVE('',#1243,#1243,#164,.T.);
#1011=EDGE_CURVE('',#1244,#1244,#165,.T.);
#1012=EDGE_CURVE('',#1245,#1246,#1410,.T.);
#1013=EDGE_CURVE('',#1246,#1102,#1411,.T.);
#1014=EDGE_CURVE('',#1245,#1112,#1412,.T.);
#1015=EDGE_CURVE('',#1247,#1111,#1413,.T.);
#1016=EDGE_CURVE('',#1245,#1247,#166,.T.);
#1017=EDGE_CURVE('',#1248,#1110,#1414,.T.);
#1018=EDGE_CURVE('',#1247,#1248,#167,.F.);
#1019=EDGE_CURVE('',#1249,#1109,#1415,.T.);
#1020=EDGE_CURVE('',#1248,#1249,#1416,.T.);
#1021=EDGE_CURVE('',#1250,#1108,#1417,.T.);
#1022=EDGE_CURVE('',#1249,#1250,#168,.F.);
#1023=EDGE_CURVE('',#1251,#1250,#1418,.T.);
#1024=EDGE_CURVE('',#1251,#1107,#1419,.T.);
#1025=EDGE_CURVE('',#1252,#1106,#1420,.T.);
#1026=EDGE_CURVE('',#1251,#1252,#169,.F.);
#1027=EDGE_CURVE('',#1253,#1105,#1421,.T.);
#1028=EDGE_CURVE('',#1252,#1253,#170,.T.);
#1029=EDGE_CURVE('',#1254,#1253,#1422,.T.);
#1030=EDGE_CURVE('',#1254,#1104,#1423,.T.);
#1031=EDGE_CURVE('',#1255,#1103,#1424,.T.);
#1032=EDGE_CURVE('',#1254,#1255,#171,.F.);
#1033=EDGE_CURVE('',#1256,#1101,#1425,.T.);
#1034=EDGE_CURVE('',#1255,#1256,#1426,.T.);
#1035=EDGE_CURVE('',#1256,#1246,#172,.F.);
#1036=EDGE_CURVE('',#1197,#1257,#1427,.T.);
#1037=EDGE_CURVE('',#1257,#1181,#1428,.T.);
#1038=EDGE_CURVE('',#1258,#1258,#173,.T.);
#1039=EDGE_CURVE('',#1259,#1259,#174,.T.);
#1040=EDGE_CURVE('',#1260,#1261,#1429,.T.);
#1041=EDGE_CURVE('',#1260,#1262,#175,.T.);
#1042=EDGE_CURVE('',#1263,#1262,#1430,.T.);
#1043=EDGE_CURVE('',#1263,#1257,#176,.F.);
#1044=EDGE_CURVE('',#1071,#1261,#1431,.T.);
#1045=EDGE_CURVE('',#1262,#1161,#1432,.T.);
#1046=EDGE_CURVE('',#1160,#1263,#1433,.F.);
#1047=EDGE_CURVE('',#1092,#1070,#1434,.T.);
#1048=EDGE_CURVE('',#1261,#1163,#1435,.T.);
#1049=EDGE_CURVE('',#1162,#1260,#1436,.F.);
#1050=EDGE_CURVE('',#1064,#1088,#1437,.T.);
#1051=EDGE_CURVE('',#1087,#1065,#1438,.T.);
#1052=EDGE_CURVE('',#1083,#1073,#1439,.T.);
#1053=EDGE_CURVE('',#1082,#1072,#1440,.T.);
#1054=EDGE_CURVE('',#1066,#1096,#1441,.F.);
#1055=EDGE_CURVE('',#1095,#1067,#1442,.T.);
#1056=EDGE_CURVE('',#1094,#1068,#1443,.T.);
#1057=EDGE_CURVE('',#1093,#1069,#1444,.T.);
#1058=EDGE_CURVE('',#1086,#1075,#1445,.T.);
#1059=EDGE_CURVE('',#1085,#1076,#1446,.T.);
#1060=EDGE_CURVE('',#1084,#1077,#1447,.T.);
#1061=EDGE_CURVE('',#1081,#1074,#1448,.T.);
#1062=VERTEX_POINT('',#2917);
#1063=VERTEX_POINT('',#2918);
#1064=VERTEX_POINT('',#2920);
#1065=VERTEX_POINT('',#2922);
#1066=VERTEX_POINT('',#2924);
#1067=VERTEX_POINT('',#2926);
#1068=VERTEX_POINT('',#2928);
#1069=VERTEX_POINT('',#2930);
#1070=VERTEX_POINT('',#2932);
#1071=VERTEX_POINT('',#2934);
#1072=VERTEX_POINT('',#2937);
#1073=VERTEX_POINT('',#2938);
#1074=VERTEX_POINT('',#2940);
#1075=VERTEX_POINT('',#2942);
#1076=VERTEX_POINT('',#2944);
#1077=VERTEX_POINT('',#2946);
#1078=VERTEX_POINT('',#2949);
#1079=VERTEX_POINT('',#2951);
#1080=VERTEX_POINT('',#2954);
#1081=VERTEX_POINT('',#2956);
#1082=VERTEX_POINT('',#2957);
#1083=VERTEX_POINT('',#2959);
#1084=VERTEX_POINT('',#2961);
#1085=VERTEX_POINT('',#2963);
#1086=VERTEX_POINT('',#2965);
#1087=VERTEX_POINT('',#2968);
#1088=VERTEX_POINT('',#2969);
#1089=VERTEX_POINT('',#2971);
#1090=VERTEX_POINT('',#2973);
#1091=VERTEX_POINT('',#2975);
#1092=VERTEX_POINT('',#2977);
#1093=VERTEX_POINT('',#2979);
#1094=VERTEX_POINT('',#2981);
#1095=VERTEX_POINT('',#2983);
#1096=VERTEX_POINT('',#2985);
#1097=VERTEX_POINT('',#2988);
#1098=VERTEX_POINT('',#2992);
#1099=VERTEX_POINT('',#2994);
#1100=VERTEX_POINT('',#2998);
#1101=VERTEX_POINT('',#3000);
#1102=VERTEX_POINT('',#3001);
#1103=VERTEX_POINT('',#3003);
#1104=VERTEX_POINT('',#3005);
#1105=VERTEX_POINT('',#3007);
#1106=VERTEX_POINT('',#3009);
#1107=VERTEX_POINT('',#3011);
#1108=VERTEX_POINT('',#3013);
#1109=VERTEX_POINT('',#3015);
#1110=VERTEX_POINT('',#3017);
#1111=VERTEX_POINT('',#3019);
#1112=VERTEX_POINT('',#3021);
#1113=VERTEX_POINT('',#3024);
#1114=VERTEX_POINT('',#3026);
#1115=VERTEX_POINT('',#3028);
#1116=VERTEX_POINT('',#3029);
#1117=VERTEX_POINT('',#3031);
#1118=VERTEX_POINT('',#3033);
#1119=VERTEX_POINT('',#3036);
#1120=VERTEX_POINT('',#3037);
#1121=VERTEX_POINT('',#3039);
#1122=VERTEX_POINT('',#3041);
#1123=VERTEX_POINT('',#3044);
#1124=VERTEX_POINT('',#3046);
#1125=VERTEX_POINT('',#3048);
#1126=VERTEX_POINT('',#3049);
#1127=VERTEX_POINT('',#3051);
#1128=VERTEX_POINT('',#3053);
#1129=VERTEX_POINT('',#3056);
#1130=VERTEX_POINT('',#3057);
#1131=VERTEX_POINT('',#3059);
#1132=VERTEX_POINT('',#3061);
#1133=VERTEX_POINT('',#3064);
#1134=VERTEX_POINT('',#3065);
#1135=VERTEX_POINT('',#3067);
#1136=VERTEX_POINT('',#3069);
#1137=VERTEX_POINT('',#3071);
#1138=VERTEX_POINT('',#3073);
#1139=VERTEX_POINT('',#3075);
#1140=VERTEX_POINT('',#3077);
#1141=VERTEX_POINT('',#3079);
#1142=VERTEX_POINT('',#3081);
#1143=VERTEX_POINT('',#3084);
#1144=VERTEX_POINT('',#3085);
#1145=VERTEX_POINT('',#3087);
#1146=VERTEX_POINT('',#3089);
#1147=VERTEX_POINT('',#3091);
#1148=VERTEX_POINT('',#3093);
#1149=VERTEX_POINT('',#3096);
#1150=VERTEX_POINT('',#3097);
#1151=VERTEX_POINT('',#3099);
#1152=VERTEX_POINT('',#3101);
#1153=VERTEX_POINT('',#3103);
#1154=VERTEX_POINT('',#3105);
#1155=VERTEX_POINT('',#3107);
#1156=VERTEX_POINT('',#3109);
#1157=VERTEX_POINT('',#3111);
#1158=VERTEX_POINT('',#3113);
#1159=VERTEX_POINT('',#3116);
#1160=VERTEX_POINT('',#3118);
#1161=VERTEX_POINT('',#3119);
#1162=VERTEX_POINT('',#3121);
#1163=VERTEX_POINT('',#3123);
#1164=VERTEX_POINT('',#3126);
#1165=VERTEX_POINT('',#3128);
#1166=VERTEX_POINT('',#3130);
#1167=VERTEX_POINT('',#3132);
#1168=VERTEX_POINT('',#3134);
#1169=VERTEX_POINT('',#3136);
#1170=VERTEX_POINT('',#3138);
#1171=VERTEX_POINT('',#3140);
#1172=VERTEX_POINT('',#3142);
#1173=VERTEX_POINT('',#3144);
#1174=VERTEX_POINT('',#3146);
#1175=VERTEX_POINT('',#3148);
#1176=VERTEX_POINT('',#3150);
#1177=VERTEX_POINT('',#3152);
#1178=VERTEX_POINT('',#3154);
#1179=VERTEX_POINT('',#3156);
#1180=VERTEX_POINT('',#3158);
#1181=VERTEX_POINT('',#3160);
#1182=VERTEX_POINT('',#3164);
#1183=VERTEX_POINT('',#3165);
#1184=VERTEX_POINT('',#3170);
#1185=VERTEX_POINT('',#3174);
#1186=VERTEX_POINT('',#3178);
#1187=VERTEX_POINT('',#3182);
#1188=VERTEX_POINT('',#3186);
#1189=VERTEX_POINT('',#3190);
#1190=VERTEX_POINT('',#3194);
#1191=VERTEX_POINT('',#3198);
#1192=VERTEX_POINT('',#3202);
#1193=VERTEX_POINT('',#3206);
#1194=VERTEX_POINT('',#3210);
#1195=VERTEX_POINT('',#3214);
#1196=VERTEX_POINT('',#3218);
#1197=VERTEX_POINT('',#3224);
#1198=VERTEX_POINT('',#3225);
#1199=VERTEX_POINT('',#3232);
#1200=VERTEX_POINT('',#3234);
#1201=VERTEX_POINT('',#3238);
#1202=VERTEX_POINT('',#3242);
#1203=VERTEX_POINT('',#3246);
#1204=VERTEX_POINT('',#3250);
#1205=VERTEX_POINT('',#3254);
#1206=VERTEX_POINT('',#3258);
#1207=VERTEX_POINT('',#3262);
#1208=VERTEX_POINT('',#3266);
#1209=VERTEX_POINT('',#3272);
#1210=VERTEX_POINT('',#3274);
#1211=VERTEX_POINT('',#3278);
#1212=VERTEX_POINT('',#3282);
#1213=VERTEX_POINT('',#3286);
#1214=VERTEX_POINT('',#3290);
#1215=VERTEX_POINT('',#3296);
#1216=VERTEX_POINT('',#3297);
#1217=VERTEX_POINT('',#3302);
#1218=VERTEX_POINT('',#3306);
#1219=VERTEX_POINT('',#3310);
#1220=VERTEX_POINT('',#3314);
#1221=VERTEX_POINT('',#3318);
#1222=VERTEX_POINT('',#3322);
#1223=VERTEX_POINT('',#3326);
#1224=VERTEX_POINT('',#3330);
#1225=VERTEX_POINT('',#3336);
#1226=VERTEX_POINT('',#3338);
#1227=VERTEX_POINT('',#3342);
#1228=VERTEX_POINT('',#3346);
#1229=VERTEX_POINT('',#3352);
#1230=VERTEX_POINT('',#3354);
#1231=VERTEX_POINT('',#3358);
#1232=VERTEX_POINT('',#3362);
#1233=VERTEX_POINT('',#3368);
#1234=VERTEX_POINT('',#3371);
#1235=VERTEX_POINT('',#3374);
#1236=VERTEX_POINT('',#3376);
#1237=VERTEX_POINT('',#3380);
#1238=VERTEX_POINT('',#3384);
#1239=VERTEX_POINT('',#3390);
#1240=VERTEX_POINT('',#3392);
#1241=VERTEX_POINT('',#3396);
#1242=VERTEX_POINT('',#3400);
#1243=VERTEX_POINT('',#3406);
#1244=VERTEX_POINT('',#3409);
#1245=VERTEX_POINT('',#3412);
#1246=VERTEX_POINT('',#3413);
#1247=VERTEX_POINT('',#3418);
#1248=VERTEX_POINT('',#3422);
#1249=VERTEX_POINT('',#3426);
#1250=VERTEX_POINT('',#3430);
#1251=VERTEX_POINT('',#3434);
#1252=VERTEX_POINT('',#3438);
#1253=VERTEX_POINT('',#3442);
#1254=VERTEX_POINT('',#3446);
#1255=VERTEX_POINT('',#3450);
#1256=VERTEX_POINT('',#3454);
#1257=VERTEX_POINT('',#3460);
#1258=VERTEX_POINT('',#3464);
#1259=VERTEX_POINT('',#3467);
#1260=VERTEX_POINT('',#3469);
#1261=VERTEX_POINT('',#3470);
#1262=VERTEX_POINT('',#3472);
#1263=VERTEX_POINT('',#3474);
#1264=LINE('',#2916,#1449);
#1265=LINE('',#2921,#1450);
#1266=LINE('',#2925,#1451);
#1267=LINE('',#2929,#1452);
#1268=LINE('',#2933,#1453);
#1269=LINE('',#2935,#1454);
#1270=LINE('',#2936,#1455);
#1271=LINE('',#2939,#1456);
#1272=LINE('',#2941,#1457);
#1273=LINE('',#2943,#1458);
#1274=LINE('',#2945,#1459);
#1275=LINE('',#2947,#1460);
#1276=LINE('',#2955,#1461);
#1277=LINE('',#2958,#1462);
#1278=LINE('',#2960,#1463);
#1279=LINE('',#2962,#1464);
#1280=LINE('',#2964,#1465);
#1281=LINE('',#2966,#1466);
#1282=LINE('',#2967,#1467);
#1283=LINE('',#2972,#1468);
#1284=LINE('',#2974,#1469);
#1285=LINE('',#2976,#1470);
#1286=LINE('',#2980,#1471);
#1287=LINE('',#2984,#1472);
#1288=LINE('',#2990,#1473);
#1289=LINE('',#2991,#1474);
#1290=LINE('',#2993,#1475);
#1291=LINE('',#2995,#1476);
#1292=LINE('',#3002,#1477);
#1293=LINE('',#3006,#1478);
#1294=LINE('',#3012,#1479);
#1295=LINE('',#3016,#1480);
#1296=LINE('',#3022,#1481);
#1297=LINE('',#3027,#1482);
#1298=LINE('',#3032,#1483);
#1299=LINE('',#3035,#1484);
#1300=LINE('',#3040,#1485);
#1301=LINE('',#3047,#1486);
#1302=LINE('',#3052,#1487);
#1303=LINE('',#3058,#1488);
#1304=LINE('',#3062,#1489);
#1305=LINE('',#3070,#1490);
#1306=LINE('',#3078,#1491);
#1307=LINE('',#3082,#1492);
#1308=LINE('',#3083,#1493);
#1309=LINE('',#3088,#1494);
#1310=LINE('',#3092,#1495);
#1311=LINE('',#3095,#1496);
#1312=LINE('',#3100,#1497);
#1313=LINE('',#3108,#1498);
#1314=LINE('',#3117,#1499);
#1315=LINE('',#3122,#1500);
#1316=LINE('',#3124,#1501);
#1317=LINE('',#3127,#1502);
#1318=LINE('',#3131,#1503);
#1319=LINE('',#3135,#1504);
#1320=LINE('',#3139,#1505);
#1321=LINE('',#3143,#1506);
#1322=LINE('',#3147,#1507);
#1323=LINE('',#3151,#1508);
#1324=LINE('',#3155,#1509);
#1325=LINE('',#3159,#1510);
#1326=LINE('',#3166,#1511);
#1327=LINE('',#3167,#1512);
#1328=LINE('',#3169,#1513);
#1329=LINE('',#3171,#1514);
#1330=LINE('',#3175,#1515);
#1331=LINE('',#3177,#1516);
#1332=LINE('',#3179,#1517);
#1333=LINE('',#3183,#1518);
#1334=LINE('',#3185,#1519);
#1335=LINE('',#3187,#1520);
#1336=LINE('',#3191,#1521);
#1337=LINE('',#3193,#1522);
#1338=LINE('',#3195,#1523);
#1339=LINE('',#3199,#1524);
#1340=LINE('',#3201,#1525);
#1341=LINE('',#3203,#1526);
#1342=LINE('',#3207,#1527);
#1343=LINE('',#3209,#1528);
#1344=LINE('',#3211,#1529);
#1345=LINE('',#3215,#1530);
#1346=LINE('',#3217,#1531);
#1347=LINE('',#3219,#1532);
#1348=LINE('',#3226,#1533);
#1349=LINE('',#3227,#1534);
#1350=LINE('',#3229,#1535);
#1351=LINE('',#3231,#1536);
#1352=LINE('',#3233,#1537);
#1353=LINE('',#3237,#1538);
#1354=LINE('',#3241,#1539);
#1355=LINE('',#3245,#1540);
#1356=LINE('',#3247,#1541);
#1357=LINE('',#3249,#1542);
#1358=LINE('',#3253,#1543);
#1359=LINE('',#3257,#1544);
#1360=LINE('',#3261,#1545);
#1361=LINE('',#3263,#1546);
#1362=LINE('',#3265,#1547);
#1363=LINE('',#3269,#1548);
#1364=LINE('',#3271,#1549);
#1365=LINE('',#3273,#1550);
#1366=LINE('',#3277,#1551);
#1367=LINE('',#3279,#1552);
#1368=LINE('',#3283,#1553);
#1369=LINE('',#3285,#1554);
#1370=LINE('',#3287,#1555);
#1371=LINE('',#3291,#1556);
#1372=LINE('',#3293,#1557);
#1373=LINE('',#3295,#1558);
#1374=LINE('',#3298,#1559);
#1375=LINE('',#3299,#1560);
#1376=LINE('',#3301,#1561);
#1377=LINE('',#3305,#1562);
#1378=LINE('',#3307,#1563);
#1379=LINE('',#3309,#1564);
#1380=LINE('',#3313,#1565);
#1381=LINE('',#3317,#1566);
#1382=LINE('',#3321,#1567);
#1383=LINE('',#3323,#1568);
#1384=LINE('',#3325,#1569);
#1385=LINE('',#3329,#1570);
#1386=LINE('',#3335,#1571);
#1387=LINE('',#3337,#1572);
#1388=LINE('',#3339,#1573);
#1389=LINE('',#3341,#1574);
#1390=LINE('',#3345,#1575);
#1391=LINE('',#3347,#1576);
#1392=LINE('',#3351,#1577);
#1393=LINE('',#3355,#1578);
#1394=LINE('',#3357,#1579);
#1395=LINE('',#3359,#1580);
#1396=LINE('',#3361,#1581);
#1397=LINE('',#3365,#1582);
#1398=LINE('',#3373,#1583);
#1399=LINE('',#3377,#1584);
#1400=LINE('',#3379,#1585);
#1401=LINE('',#3381,#1586);
#1402=LINE('',#3383,#1587);
#1403=LINE('',#3387,#1588);
#1404=LINE('',#3389,#1589);
#1405=LINE('',#3393,#1590);
#1406=LINE('',#3395,#1591);
#1407=LINE('',#3397,#1592);
#1408=LINE('',#3399,#1593);
#1409=LINE('',#3403,#1594);
#1410=LINE('',#3411,#1595);
#1411=LINE('',#3414,#1596);
#1412=LINE('',#3415,#1597);
#1413=LINE('',#3417,#1598);
#1414=LINE('',#3421,#1599);
#1415=LINE('',#3425,#1600);
#1416=LINE('',#3427,#1601);
#1417=LINE('',#3429,#1602);
#1418=LINE('',#3433,#1603);
#1419=LINE('',#3435,#1604);
#1420=LINE('',#3437,#1605);
#1421=LINE('',#3441,#1606);
#1422=LINE('',#3445,#1607);
#1423=LINE('',#3447,#1608);
#1424=LINE('',#3449,#1609);
#1425=LINE('',#3453,#1610);
#1426=LINE('',#3455,#1611);
#1427=LINE('',#3459,#1612);
#1428=LINE('',#3461,#1613);
#1429=LINE('',#3468,#1614);
#1430=LINE('',#3473,#1615);
#1431=LINE('',#3476,#1616);
#1432=LINE('',#3478,#1617);
#1433=LINE('',#3479,#1618);
#1434=LINE('',#3481,#1619);
#1435=LINE('',#3482,#1620);
#1436=LINE('',#3484,#1621);
#1437=LINE('',#3489,#1622);
#1438=LINE('',#3490,#1623);
#1439=LINE('',#3492,#1624);
#1440=LINE('',#3493,#1625);
#1441=LINE('',#3495,#1626);
#1442=LINE('',#3496,#1627);
#1443=LINE('',#3498,#1628);
#1444=LINE('',#3500,#1629);
#1445=LINE('',#3503,#1630);
#1446=LINE('',#3504,#1631);
#1447=LINE('',#3506,#1632);
#1448=LINE('',#3509,#1633);
#1449=VECTOR('',#2305,1.);
#1450=VECTOR('',#2308,1.);
#1451=VECTOR('',#2311,1.);
#1452=VECTOR('',#2314,1.);
#1453=VECTOR('',#2317,1.);
#1454=VECTOR('',#2318,1.);
#1455=VECTOR('',#2319,1.);
#1456=VECTOR('',#2320,1.);
#1457=VECTOR('',#2321,1.);
#1458=VECTOR('',#2322,1.);
#1459=VECTOR('',#2323,1.);
#1460=VECTOR('',#2324,1.);
#1461=VECTOR('',#2333,1.);
#1462=VECTOR('',#2334,1.);
#1463=VECTOR('',#2335,1.);
#1464=VECTOR('',#2336,1.);
#1465=VECTOR('',#2337,1.);
#1466=VECTOR('',#2338,1.);
#1467=VECTOR('',#2339,1.);
#1468=VECTOR('',#2342,1.);
#1469=VECTOR('',#2343,1.);
#1470=VECTOR('',#2344,1.);
#1471=VECTOR('',#2347,1.);
#1472=VECTOR('',#2350,1.);
#1473=VECTOR('',#2357,1.);
#1474=VECTOR('',#2358,1.);
#1475=VECTOR('',#2359,1.);
#1476=VECTOR('',#2360,1.);
#1477=VECTOR('',#2367,1.);
#1478=VECTOR('',#2370,1.);
#1479=VECTOR('',#2375,1.);
#1480=VECTOR('',#2378,1.);
#1481=VECTOR('',#2383,1.);
#1482=VECTOR('',#2388,1.);
#1483=VECTOR('',#2391,1.);
#1484=VECTOR('',#2394,1.);
#1485=VECTOR('',#2397,1.);
#1486=VECTOR('',#2404,1.);
#1487=VECTOR('',#2407,1.);
#1488=VECTOR('',#2412,1.);
#1489=VECTOR('',#2415,1.);
#1490=VECTOR('',#2422,1.);
#1491=VECTOR('',#2429,1.);
#1492=VECTOR('',#2432,1.);
#1493=VECTOR('',#2433,1.);
#1494=VECTOR('',#2436,1.);
#1495=VECTOR('',#2439,1.);
#1496=VECTOR('',#2442,1.);
#1497=VECTOR('',#2445,1.);
#1498=VECTOR('',#2452,1.);
#1499=VECTOR('',#2461,1.);
#1500=VECTOR('',#2464,1.);
#1501=VECTOR('',#2465,1.);
#1502=VECTOR('',#2468,1.);
#1503=VECTOR('',#2471,1.);
#1504=VECTOR('',#2474,1.);
#1505=VECTOR('',#2477,1.);
#1506=VECTOR('',#2480,1.);
#1507=VECTOR('',#2483,1.);
#1508=VECTOR('',#2486,1.);
#1509=VECTOR('',#2489,1.);
#1510=VECTOR('',#2492,1.);
#1511=VECTOR('',#2499,1.);
#1512=VECTOR('',#2500,1.);
#1513=VECTOR('',#2503,1.);
#1514=VECTOR('',#2504,1.);
#1515=VECTOR('',#2509,1.);
#1516=VECTOR('',#2512,1.);
#1517=VECTOR('',#2513,1.);
#1518=VECTOR('',#2518,1.);
#1519=VECTOR('',#2521,1.);
#1520=VECTOR('',#2522,1.);
#1521=VECTOR('',#2527,1.);
#1522=VECTOR('',#2530,1.);
#1523=VECTOR('',#2531,1.);
#1524=VECTOR('',#2536,1.);
#1525=VECTOR('',#2539,1.);
#1526=VECTOR('',#2540,1.);
#1527=VECTOR('',#2545,1.);
#1528=VECTOR('',#2548,1.);
#1529=VECTOR('',#2549,1.);
#1530=VECTOR('',#2554,1.);
#1531=VECTOR('',#2557,1.);
#1532=VECTOR('',#2558,1.);
#1533=VECTOR('',#2567,1.);
#1534=VECTOR('',#2568,1.);
#1535=VECTOR('',#2571,1.);
#1536=VECTOR('',#2574,1.);
#1537=VECTOR('',#2575,1.);
#1538=VECTOR('',#2580,1.);
#1539=VECTOR('',#2585,1.);
#1540=VECTOR('',#2590,1.);
#1541=VECTOR('',#2591,1.);
#1542=VECTOR('',#2594,1.);
#1543=VECTOR('',#2599,1.);
#1544=VECTOR('',#2604,1.);
#1545=VECTOR('',#2609,1.);
#1546=VECTOR('',#2610,1.);
#1547=VECTOR('',#2613,1.);
#1548=VECTOR('',#2618,1.);
#1549=VECTOR('',#2621,1.);
#1550=VECTOR('',#2622,1.);
#1551=VECTOR('',#2627,1.);
#1552=VECTOR('',#2628,1.);
#1553=VECTOR('',#2633,1.);
#1554=VECTOR('',#2636,1.);
#1555=VECTOR('',#2637,1.);
#1556=VECTOR('',#2642,1.);
#1557=VECTOR('',#2645,1.);
#1558=VECTOR('',#2648,1.);
#1559=VECTOR('',#2649,1.);
#1560=VECTOR('',#2650,1.);
#1561=VECTOR('',#2653,1.);
#1562=VECTOR('',#2658,1.);
#1563=VECTOR('',#2659,1.);
#1564=VECTOR('',#2662,1.);
#1565=VECTOR('',#2667,1.);
#1566=VECTOR('',#2672,1.);
#1567=VECTOR('',#2677,1.);
#1568=VECTOR('',#2678,1.);
#1569=VECTOR('',#2681,1.);
#1570=VECTOR('',#2686,1.);
#1571=VECTOR('',#2695,1.);
#1572=VECTOR('',#2696,1.);
#1573=VECTOR('',#2697,1.);
#1574=VECTOR('',#2700,1.);
#1575=VECTOR('',#2705,1.);
#1576=VECTOR('',#2706,1.);
#1577=VECTOR('',#2713,1.);
#1578=VECTOR('',#2716,1.);
#1579=VECTOR('',#2719,1.);
#1580=VECTOR('',#2720,1.);
#1581=VECTOR('',#2723,1.);
#1582=VECTOR('',#2728,1.);
#1583=VECTOR('',#2739,1.);
#1584=VECTOR('',#2742,1.);
#1585=VECTOR('',#2745,1.);
#1586=VECTOR('',#2746,1.);
#1587=VECTOR('',#2749,1.);
#1588=VECTOR('',#2754,1.);
#1589=VECTOR('',#2757,1.);
#1590=VECTOR('',#2760,1.);
#1591=VECTOR('',#2763,1.);
#1592=VECTOR('',#2764,1.);
#1593=VECTOR('',#2767,1.);
#1594=VECTOR('',#2772,1.);
#1595=VECTOR('',#2783,1.);
#1596=VECTOR('',#2784,1.);
#1597=VECTOR('',#2785,1.);
#1598=VECTOR('',#2788,1.);
#1599=VECTOR('',#2793,1.);
#1600=VECTOR('',#2798,1.);
#1601=VECTOR('',#2799,1.);
#1602=VECTOR('',#2802,1.);
#1603=VECTOR('',#2807,1.);
#1604=VECTOR('',#2808,1.);
#1605=VECTOR('',#2811,1.);
#1606=VECTOR('',#2816,1.);
#1607=VECTOR('',#2821,1.);
#1608=VECTOR('',#2822,1.);
#1609=VECTOR('',#2825,1.);
#1610=VECTOR('',#2830,1.);
#1611=VECTOR('',#2831,1.);
#1612=VECTOR('',#2838,1.);
#1613=VECTOR('',#2839,1.);
#1614=VECTOR('',#2848,1.);
#1615=VECTOR('',#2851,1.);
#1616=VECTOR('',#2854,1.);
#1617=VECTOR('',#2857,1.);
#1618=VECTOR('',#2858,1.);
#1619=VECTOR('',#2861,1.);
#1620=VECTOR('',#2862,1.);
#1621=VECTOR('',#2865,1.);
#1622=VECTOR('',#2874,1.);
#1623=VECTOR('',#2875,1.);
#1624=VECTOR('',#2878,1.);
#1625=VECTOR('',#2879,1.);
#1626=VECTOR('',#2882,1.);
#1627=VECTOR('',#2883,1.);
#1628=VECTOR('',#2886,1.);
#1629=VECTOR('',#2889,1.);
#1630=VECTOR('',#2894,1.);
#1631=VECTOR('',#2895,1.);
#1632=VECTOR('',#2898,1.);
#1633=VECTOR('',#2903,1.);
#1634=EDGE_LOOP('',(#177,#178,#179,#180,#181,#182,#183,#184,#185,#186));
#1635=EDGE_LOOP('',(#187,#188,#189,#190,#191,#192));
#1636=EDGE_LOOP('',(#193));
#1637=EDGE_LOOP('',(#194));
#1638=EDGE_LOOP('',(#195));
#1639=EDGE_LOOP('',(#196,#197,#198,#199,#200,#201));
#1640=EDGE_LOOP('',(#202,#203,#204,#205,#206,#207,#208,#209,#210,#211));
#1641=EDGE_LOOP('',(#212));
#1642=EDGE_LOOP('',(#213,#214,#215,#216,#217,#218));
#1643=EDGE_LOOP('',(#219));
#1644=EDGE_LOOP('',(#220,#221,#222,#223,#224,#225,#226,#227,#228,#229,#230,
#231));
#1645=EDGE_LOOP('',(#232));
#1646=EDGE_LOOP('',(#233));
#1647=EDGE_LOOP('',(#234,#235,#236,#237));
#1648=EDGE_LOOP('',(#238,#239,#240,#241));
#1649=EDGE_LOOP('',(#242));
#1650=EDGE_LOOP('',(#243));
#1651=EDGE_LOOP('',(#244,#245,#246,#247));
#1652=EDGE_LOOP('',(#248,#249,#250,#251));
#1653=EDGE_LOOP('',(#252,#253,#254,#255,#256,#257,#258,#259,#260,#261));
#1654=EDGE_LOOP('',(#262,#263,#264,#265,#266,#267));
#1655=EDGE_LOOP('',(#268,#269,#270,#271,#272,#273,#274,#275,#276,#277));
#1656=EDGE_LOOP('',(#278));
#1657=EDGE_LOOP('',(#279,#280,#281,#282,#283,#284,#285,#286,#287,#288,#289,
#290,#291,#292,#293,#294,#295,#296,#297,#298,#299,#300,#301,#302,#303));
#1658=EDGE_LOOP('',(#304,#305,#306,#307));
#1659=EDGE_LOOP('',(#308,#309,#310,#311));
#1660=EDGE_LOOP('',(#312,#313,#314,#315));
#1661=EDGE_LOOP('',(#316,#317,#318,#319));
#1662=EDGE_LOOP('',(#320,#321,#322,#323));
#1663=EDGE_LOOP('',(#324,#325,#326,#327));
#1664=EDGE_LOOP('',(#328,#329,#330,#331));
#1665=EDGE_LOOP('',(#332,#333,#334,#335));
#1666=EDGE_LOOP('',(#336,#337,#338,#339));
#1667=EDGE_LOOP('',(#340,#341,#342,#343));
#1668=EDGE_LOOP('',(#344,#345,#346,#347));
#1669=EDGE_LOOP('',(#348,#349,#350,#351));
#1670=EDGE_LOOP('',(#352,#353,#354,#355));
#1671=EDGE_LOOP('',(#356,#357,#358,#359));
#1672=EDGE_LOOP('',(#360,#361,#362,#363));
#1673=EDGE_LOOP('',(#364,#365,#366,#367));
#1674=EDGE_LOOP('',(#368,#369,#370,#371));
#1675=EDGE_LOOP('',(#372,#373,#374,#375));
#1676=EDGE_LOOP('',(#376,#377,#378,#379));
#1677=EDGE_LOOP('',(#380,#381,#382,#383));
#1678=EDGE_LOOP('',(#384,#385,#386,#387));
#1679=EDGE_LOOP('',(#388,#389,#390,#391));
#1680=EDGE_LOOP('',(#392,#393,#394,#395));
#1681=EDGE_LOOP('',(#396,#397,#398,#399));
#1682=EDGE_LOOP('',(#400,#401,#402,#403));
#1683=EDGE_LOOP('',(#404,#405,#406,#407));
#1684=EDGE_LOOP('',(#408,#409,#410,#411));
#1685=EDGE_LOOP('',(#412,#413,#414,#415));
#1686=EDGE_LOOP('',(#416,#417,#418,#419));
#1687=EDGE_LOOP('',(#420,#421,#422,#423));
#1688=EDGE_LOOP('',(#424,#425,#426,#427));
#1689=EDGE_LOOP('',(#428,#429,#430,#431));
#1690=EDGE_LOOP('',(#432,#433,#434,#435));
#1691=EDGE_LOOP('',(#436,#437,#438,#439));
#1692=EDGE_LOOP('',(#440,#441,#442,#443));
#1693=EDGE_LOOP('',(#444,#445,#446,#447));
#1694=EDGE_LOOP('',(#448,#449,#450,#451));
#1695=EDGE_LOOP('',(#452,#453,#454,#455));
#1696=EDGE_LOOP('',(#456,#457,#458,#459));
#1697=EDGE_LOOP('',(#460,#461,#462,#463));
#1698=EDGE_LOOP('',(#464,#465,#466,#467));
#1699=EDGE_LOOP('',(#468,#469,#470,#471));
#1700=EDGE_LOOP('',(#472,#473,#474,#475));
#1701=EDGE_LOOP('',(#476,#477,#478,#479));
#1702=EDGE_LOOP('',(#480,#481,#482,#483));
#1703=EDGE_LOOP('',(#484,#485,#486,#487));
#1704=EDGE_LOOP('',(#488,#489,#490,#491));
#1705=EDGE_LOOP('',(#492,#493,#494,#495));
#1706=EDGE_LOOP('',(#496,#497,#498,#499));
#1707=EDGE_LOOP('',(#500,#501,#502,#503));
#1708=EDGE_LOOP('',(#504,#505,#506,#507));
#1709=EDGE_LOOP('',(#508));
#1710=EDGE_LOOP('',(#509));
#1711=EDGE_LOOP('',(#510));
#1712=EDGE_LOOP('',(#511));
#1713=EDGE_LOOP('',(#512,#513,#514,#515));
#1714=EDGE_LOOP('',(#516,#517,#518,#519));
#1715=EDGE_LOOP('',(#520,#521,#522,#523));
#1716=EDGE_LOOP('',(#524,#525,#526,#527));
#1717=EDGE_LOOP('',(#528,#529,#530,#531));
#1718=EDGE_LOOP('',(#532,#533,#534,#535));
#1719=EDGE_LOOP('',(#536,#537,#538,#539));
#1720=EDGE_LOOP('',(#540,#541,#542,#543));
#1721=EDGE_LOOP('',(#544));
#1722=EDGE_LOOP('',(#545));
#1723=EDGE_LOOP('',(#546));
#1724=EDGE_LOOP('',(#547));
#1725=EDGE_LOOP('',(#548,#549,#550,#551));
#1726=EDGE_LOOP('',(#552,#553,#554,#555));
#1727=EDGE_LOOP('',(#556,#557,#558,#559));
#1728=EDGE_LOOP('',(#560,#561,#562,#563));
#1729=EDGE_LOOP('',(#564,#565,#566,#567));
#1730=EDGE_LOOP('',(#568,#569,#570,#571));
#1731=EDGE_LOOP('',(#572,#573,#574,#575));
#1732=EDGE_LOOP('',(#576,#577,#578,#579));
#1733=EDGE_LOOP('',(#580,#581,#582,#583));
#1734=EDGE_LOOP('',(#584,#585,#586,#587));
#1735=EDGE_LOOP('',(#588,#589,#590,#591));
#1736=EDGE_LOOP('',(#592,#593,#594,#595));
#1737=EDGE_LOOP('',(#596,#597,#598,#599));
#1738=EDGE_LOOP('',(#600));
#1739=EDGE_LOOP('',(#601));
#1740=EDGE_LOOP('',(#602));
#1741=EDGE_LOOP('',(#603,#604,#605,#606,#607,#608,#609,#610,#611,#612,#613,
#614,#615,#616,#617,#618,#619,#620,#621,#622,#623,#624,#625,#626,#627));
#1742=EDGE_LOOP('',(#628));
#1743=EDGE_LOOP('',(#629,#630,#631,#632,#633,#634));
#1744=EDGE_LOOP('',(#635,#636,#637,#638));
#1745=EDGE_LOOP('',(#639,#640,#641,#642));
#1746=EDGE_LOOP('',(#643));
#1747=EDGE_LOOP('',(#644));
#1748=EDGE_LOOP('',(#645,#646,#647,#648));
#1749=EDGE_LOOP('',(#649,#650,#651,#652));
#1750=EDGE_LOOP('',(#653));
#1751=EDGE_LOOP('',(#654));
#1752=EDGE_LOOP('',(#655,#656,#657,#658,#659,#660,#661,#662,#663,#664));
#1753=EDGE_LOOP('',(#665,#666,#667,#668,#669,#670,#671,#672,#673,#674,#675,
#676));
#1754=EDGE_LOOP('',(#677,#678,#679,#680,#681,#682,#683,#684,#685,#686));
#1755=EDGE_LOOP('',(#687,#688,#689,#690));
#1756=EDGE_LOOP('',(#691,#692,#693,#694,#695,#696));
#1757=EDGE_LOOP('',(#697,#698,#699,#700));
#1758=EDGE_LOOP('',(#701,#702,#703,#704));
#1759=EDGE_LOOP('',(#705,#706,#707,#708));
#1760=EDGE_LOOP('',(#709));
#1761=EDGE_LOOP('',(#710));
#1762=EDGE_LOOP('',(#711,#712,#713,#714));
#1763=EDGE_LOOP('',(#715,#716,#717,#718));
#1764=EDGE_LOOP('',(#719,#720,#721,#722));
#1765=EDGE_LOOP('',(#723,#724,#725,#726));
#1766=EDGE_LOOP('',(#727,#728,#729,#730));
#1767=EDGE_LOOP('',(#731,#732,#733,#734));
#1768=EDGE_LOOP('',(#735,#736,#737,#738));
#1769=EDGE_LOOP('',(#739,#740,#741,#742));
#1770=EDGE_LOOP('',(#743,#744,#745,#746));
#1771=EDGE_LOOP('',(#747,#748,#749,#750));
#1772=EDGE_LOOP('',(#751,#752,#753,#754));
#1773=EDGE_LOOP('',(#755,#756,#757,#758));
#1774=EDGE_LOOP('',(#759,#760,#761,#762));
#1775=EDGE_LOOP('',(#763));
#1776=EDGE_LOOP('',(#764));
#1777=EDGE_LOOP('',(#765));
#1778=EDGE_LOOP('',(#766));
#1779=FACE_BOUND('',#1634,.T.);
#1780=FACE_BOUND('',#1635,.T.);
#1781=FACE_BOUND('',#1636,.T.);
#1782=FACE_BOUND('',#1637,.T.);
#1783=FACE_BOUND('',#1638,.T.);
#1784=FACE_BOUND('',#1639,.T.);
#1785=FACE_BOUND('',#1640,.T.);
#1786=FACE_BOUND('',#1641,.T.);
#1787=FACE_BOUND('',#1642,.T.);
#1788=FACE_BOUND('',#1643,.T.);
#1789=FACE_BOUND('',#1644,.T.);
#1790=FACE_BOUND('',#1645,.T.);
#1791=FACE_BOUND('',#1646,.T.);
#1792=FACE_BOUND('',#1647,.T.);
#1793=FACE_BOUND('',#1648,.T.);
#1794=FACE_BOUND('',#1649,.T.);
#1795=FACE_BOUND('',#1650,.T.);
#1796=FACE_BOUND('',#1651,.T.);
#1797=FACE_BOUND('',#1652,.T.);
#1798=FACE_BOUND('',#1653,.T.);
#1799=FACE_BOUND('',#1654,.T.);
#1800=FACE_BOUND('',#1655,.T.);
#1801=FACE_BOUND('',#1656,.T.);
#1802=FACE_BOUND('',#1657,.T.);
#1803=FACE_BOUND('',#1658,.T.);
#1804=FACE_BOUND('',#1659,.T.);
#1805=FACE_BOUND('',#1660,.T.);
#1806=FACE_BOUND('',#1661,.T.);
#1807=FACE_BOUND('',#1662,.T.);
#1808=FACE_BOUND('',#1663,.T.);
#1809=FACE_BOUND('',#1664,.T.);
#1810=FACE_BOUND('',#1665,.T.);
#1811=FACE_BOUND('',#1666,.T.);
#1812=FACE_BOUND('',#1667,.T.);
#1813=FACE_BOUND('',#1668,.T.);
#1814=FACE_BOUND('',#1669,.T.);
#1815=FACE_BOUND('',#1670,.T.);
#1816=FACE_BOUND('',#1671,.T.);
#1817=FACE_BOUND('',#1672,.T.);
#1818=FACE_BOUND('',#1673,.T.);
#1819=FACE_BOUND('',#1674,.T.);
#1820=FACE_BOUND('',#1675,.T.);
#1821=FACE_BOUND('',#1676,.T.);
#1822=FACE_BOUND('',#1677,.T.);
#1823=FACE_BOUND('',#1678,.T.);
#1824=FACE_BOUND('',#1679,.T.);
#1825=FACE_BOUND('',#1680,.T.);
#1826=FACE_BOUND('',#1681,.T.);
#1827=FACE_BOUND('',#1682,.T.);
#1828=FACE_BOUND('',#1683,.T.);
#1829=FACE_BOUND('',#1684,.T.);
#1830=FACE_BOUND('',#1685,.T.);
#1831=FACE_BOUND('',#1686,.T.);
#1832=FACE_BOUND('',#1687,.T.);
#1833=FACE_BOUND('',#1688,.T.);
#1834=FACE_BOUND('',#1689,.T.);
#1835=FACE_BOUND('',#1690,.T.);
#1836=FACE_BOUND('',#1691,.T.);
#1837=FACE_BOUND('',#1692,.T.);
#1838=FACE_BOUND('',#1693,.T.);
#1839=FACE_BOUND('',#1694,.T.);
#1840=FACE_BOUND('',#1695,.T.);
#1841=FACE_BOUND('',#1696,.T.);
#1842=FACE_BOUND('',#1697,.T.);
#1843=FACE_BOUND('',#1698,.T.);
#1844=FACE_BOUND('',#1699,.T.);
#1845=FACE_BOUND('',#1700,.T.);
#1846=FACE_BOUND('',#1701,.T.);
#1847=FACE_BOUND('',#1702,.T.);
#1848=FACE_BOUND('',#1703,.T.);
#1849=FACE_BOUND('',#1704,.T.);
#1850=FACE_BOUND('',#1705,.T.);
#1851=FACE_BOUND('',#1706,.T.);
#1852=FACE_BOUND('',#1707,.T.);
#1853=FACE_BOUND('',#1708,.T.);
#1854=FACE_BOUND('',#1709,.T.);
#1855=FACE_BOUND('',#1710,.T.);
#1856=FACE_BOUND('',#1711,.T.);
#1857=FACE_BOUND('',#1712,.T.);
#1858=FACE_BOUND('',#1713,.T.);
#1859=FACE_BOUND('',#1714,.T.);
#1860=FACE_BOUND('',#1715,.T.);
#1861=FACE_BOUND('',#1716,.T.);
#1862=FACE_BOUND('',#1717,.T.);
#1863=FACE_BOUND('',#1718,.T.);
#1864=FACE_BOUND('',#1719,.T.);
#1865=FACE_BOUND('',#1720,.T.);
#1866=FACE_BOUND('',#1721,.T.);
#1867=FACE_BOUND('',#1722,.T.);
#1868=FACE_BOUND('',#1723,.T.);
#1869=FACE_BOUND('',#1724,.T.);
#1870=FACE_BOUND('',#1725,.T.);
#1871=FACE_BOUND('',#1726,.T.);
#1872=FACE_BOUND('',#1727,.T.);
#1873=FACE_BOUND('',#1728,.T.);
#1874=FACE_BOUND('',#1729,.T.);
#1875=FACE_BOUND('',#1730,.T.);
#1876=FACE_BOUND('',#1731,.T.);
#1877=FACE_BOUND('',#1732,.T.);
#1878=FACE_BOUND('',#1733,.T.);
#1879=FACE_BOUND('',#1734,.T.);
#1880=FACE_BOUND('',#1735,.T.);
#1881=FACE_BOUND('',#1736,.T.);
#1882=FACE_BOUND('',#1737,.T.);
#1883=FACE_BOUND('',#1738,.T.);
#1884=FACE_BOUND('',#1739,.T.);
#1885=FACE_BOUND('',#1740,.T.);
#1886=FACE_BOUND('',#1741,.T.);
#1887=FACE_BOUND('',#1742,.T.);
#1888=FACE_BOUND('',#1743,.T.);
#1889=FACE_BOUND('',#1744,.T.);
#1890=FACE_BOUND('',#1745,.T.);
#1891=FACE_BOUND('',#1746,.T.);
#1892=FACE_BOUND('',#1747,.T.);
#1893=FACE_BOUND('',#1748,.T.);
#1894=FACE_BOUND('',#1749,.T.);
#1895=FACE_BOUND('',#1750,.T.);
#1896=FACE_BOUND('',#1751,.T.);
#1897=FACE_BOUND('',#1752,.T.);
#1898=FACE_BOUND('',#1753,.T.);
#1899=FACE_BOUND('',#1754,.T.);
#1900=FACE_BOUND('',#1755,.T.);
#1901=FACE_BOUND('',#1756,.T.);
#1902=FACE_BOUND('',#1757,.T.);
#1903=FACE_BOUND('',#1758,.T.);
#1904=FACE_BOUND('',#1759,.T.);
#1905=FACE_BOUND('',#1760,.T.);
#1906=FACE_BOUND('',#1761,.T.);
#1907=FACE_BOUND('',#1762,.T.);
#1908=FACE_BOUND('',#1763,.T.);
#1909=FACE_BOUND('',#1764,.T.);
#1910=FACE_BOUND('',#1765,.T.);
#1911=FACE_BOUND('',#1766,.T.);
#1912=FACE_BOUND('',#1767,.T.);
#1913=FACE_BOUND('',#1768,.T.);
#1914=FACE_BOUND('',#1769,.T.);
#1915=FACE_BOUND('',#1770,.T.);
#1916=FACE_BOUND('',#1771,.T.);
#1917=FACE_BOUND('',#1772,.T.);
#1918=FACE_BOUND('',#1773,.T.);
#1919=FACE_BOUND('',#1774,.T.);
#1920=FACE_BOUND('',#1775,.T.);
#1921=FACE_BOUND('',#1776,.T.);
#1922=FACE_BOUND('',#1777,.T.);
#1923=FACE_BOUND('',#1778,.T.);
#1924=PLANE('',#2088);
#1925=PLANE('',#2095);
#1926=PLANE('',#2102);
#1927=PLANE('',#2103);
#1928=PLANE('',#2155);
#1929=PLANE('',#2158);
#1930=PLANE('',#2161);
#1931=PLANE('',#2164);
#1932=PLANE('',#2167);
#1933=PLANE('',#2170);
#1934=PLANE('',#2173);
#1935=PLANE('',#2178);
#1936=PLANE('',#2185);
#1937=PLANE('',#2192);
#1938=PLANE('',#2195);
#1939=PLANE('',#2198);
#1940=PLANE('',#2201);
#1941=PLANE('',#2204);
#1942=PLANE('',#2205);
#1943=PLANE('',#2208);
#1944=PLANE('',#2215);
#1945=PLANE('',#2222);
#1946=PLANE('',#2225);
#1947=PLANE('',#2230);
#1948=PLANE('',#2233);
#1949=PLANE('',#2240);
#1950=PLANE('',#2243);
#1951=PLANE('',#2246);
#1952=PLANE('',#2249);
#1953=PLANE('',#2254);
#1954=PLANE('',#2259);
#1955=PLANE('',#2262);
#1956=PLANE('',#2267);
#1957=PLANE('',#2270);
#1958=PLANE('',#2273);
#1959=PLANE('',#2276);
#1960=PLANE('',#2280);
#1961=PLANE('',#2281);
#1962=PLANE('',#2282);
#1963=PLANE('',#2286);
#1964=PLANE('',#2287);
#1965=PLANE('',#2288);
#1966=PLANE('',#2290);
#1967=PLANE('',#2292);
#1968=PLANE('',#2293);
#1969=PLANE('',#2294);
#1970=PLANE('',#2295);
#1971=PLANE('',#2296);
#1972=ADVANCED_FACE('',(#1779,#1780,#1781,#1782),#1924,.T.);
#1973=ADVANCED_FACE('',(#1783,#1784,#1785,#1786),#1925,.F.);
#1974=ADVANCED_FACE('',(#1787),#1926,.F.);
#1975=ADVANCED_FACE('',(#1788,#1789,#1790,#1791,#1792,#1793,#1794,#1795,
#1796,#1797,#1798,#1799,#1800,#1801,#1802),#1927,.F.);
#1976=ADVANCED_FACE('',(#1803),#12,.T.);
#1977=ADVANCED_FACE('',(#1804),#1928,.T.);
#1978=ADVANCED_FACE('',(#1805),#13,.F.);
#1979=ADVANCED_FACE('',(#1806),#1929,.T.);
#1980=ADVANCED_FACE('',(#1807),#14,.F.);
#1981=ADVANCED_FACE('',(#1808),#1930,.T.);
#1982=ADVANCED_FACE('',(#1809),#15,.T.);
#1983=ADVANCED_FACE('',(#1810),#1931,.T.);
#1984=ADVANCED_FACE('',(#1811),#16,.T.);
#1985=ADVANCED_FACE('',(#1812),#1932,.T.);
#1986=ADVANCED_FACE('',(#1813),#17,.F.);
#1987=ADVANCED_FACE('',(#1814),#1933,.T.);
#1988=ADVANCED_FACE('',(#1815),#18,.F.);
#1989=ADVANCED_FACE('',(#1816),#1934,.T.);
#1990=ADVANCED_FACE('',(#1817),#19,.T.);
#1991=ADVANCED_FACE('',(#1818),#20,.T.);
#1992=ADVANCED_FACE('',(#1819),#1935,.T.);
#1993=ADVANCED_FACE('',(#1820),#21,.F.);
#1994=ADVANCED_FACE('',(#1821),#22,.T.);
#1995=ADVANCED_FACE('',(#1822),#23,.F.);
#1996=ADVANCED_FACE('',(#1823),#1936,.T.);
#1997=ADVANCED_FACE('',(#1824),#24,.F.);
#1998=ADVANCED_FACE('',(#1825),#25,.T.);
#1999=ADVANCED_FACE('',(#1826),#26,.F.);
#2000=ADVANCED_FACE('',(#1827),#1937,.T.);
#2001=ADVANCED_FACE('',(#1828),#27,.F.);
#2002=ADVANCED_FACE('',(#1829),#1938,.T.);
#2003=ADVANCED_FACE('',(#1830),#28,.F.);
#2004=ADVANCED_FACE('',(#1831),#1939,.T.);
#2005=ADVANCED_FACE('',(#1832),#29,.F.);
#2006=ADVANCED_FACE('',(#1833),#1940,.F.);
#2007=ADVANCED_FACE('',(#1834),#30,.F.);
#2008=ADVANCED_FACE('',(#1835),#1941,.F.);
#2009=ADVANCED_FACE('',(#1836),#1942,.F.);
#2010=ADVANCED_FACE('',(#1837),#31,.F.);
#2011=ADVANCED_FACE('',(#1838),#1943,.F.);
#2012=ADVANCED_FACE('',(#1839),#32,.F.);
#2013=ADVANCED_FACE('',(#1840),#33,.T.);
#2014=ADVANCED_FACE('',(#1841),#34,.F.);
#2015=ADVANCED_FACE('',(#1842),#1944,.T.);
#2016=ADVANCED_FACE('',(#1843),#35,.F.);
#2017=ADVANCED_FACE('',(#1844),#36,.T.);
#2018=ADVANCED_FACE('',(#1845),#37,.F.);
#2019=ADVANCED_FACE('',(#1846),#1945,.F.);
#2020=ADVANCED_FACE('',(#1847),#38,.F.);
#2021=ADVANCED_FACE('',(#1848),#1946,.F.);
#2022=ADVANCED_FACE('',(#1849),#39,.F.);
#2023=ADVANCED_FACE('',(#1850),#40,.F.);
#2024=ADVANCED_FACE('',(#1851),#1947,.T.);
#2025=ADVANCED_FACE('',(#1852),#41,.F.);
#2026=ADVANCED_FACE('',(#1853),#1948,.T.);
#2027=ADVANCED_FACE('',(#1854,#1855),#42,.F.);
#2028=ADVANCED_FACE('',(#1856,#1857),#43,.F.);
#2029=ADVANCED_FACE('',(#1858),#44,.F.);
#2030=ADVANCED_FACE('',(#1859),#1949,.F.);
#2031=ADVANCED_FACE('',(#1860),#45,.F.);
#2032=ADVANCED_FACE('',(#1861),#1950,.F.);
#2033=ADVANCED_FACE('',(#1862),#46,.F.);
#2034=ADVANCED_FACE('',(#1863),#1951,.T.);
#2035=ADVANCED_FACE('',(#1864),#47,.F.);
#2036=ADVANCED_FACE('',(#1865),#1952,.T.);
#2037=ADVANCED_FACE('',(#1866,#1867),#48,.F.);
#2038=ADVANCED_FACE('',(#1868,#1869),#49,.F.);
#2039=ADVANCED_FACE('',(#1870),#1953,.F.);
#2040=ADVANCED_FACE('',(#1871),#50,.T.);
#2041=ADVANCED_FACE('',(#1872),#51,.F.);
#2042=ADVANCED_FACE('',(#1873),#1954,.T.);
#2043=ADVANCED_FACE('',(#1874),#52,.F.);
#2044=ADVANCED_FACE('',(#1875),#1955,.F.);
#2045=ADVANCED_FACE('',(#1876),#53,.F.);
#2046=ADVANCED_FACE('',(#1877),#54,.T.);
#2047=ADVANCED_FACE('',(#1878),#1956,.F.);
#2048=ADVANCED_FACE('',(#1879),#55,.F.);
#2049=ADVANCED_FACE('',(#1880),#1957,.T.);
#2050=ADVANCED_FACE('',(#1881),#56,.F.);
#2051=ADVANCED_FACE('',(#1882),#1958,.F.);
#2052=ADVANCED_FACE('',(#1883,#1884),#57,.F.);
#2053=ADVANCED_FACE('',(#1885,#1886,#1887,#1888,#1889,#1890,#1891,#1892,
#1893,#1894,#1895,#1896,#1897,#1898,#1899),#1959,.T.);
#2054=ADVANCED_FACE('',(#1900),#1960,.T.);
#2055=ADVANCED_FACE('',(#1901),#1961,.F.);
#2056=ADVANCED_FACE('',(#1902),#1962,.F.);
#2057=ADVANCED_FACE('',(#1903),#58,.T.);
#2058=ADVANCED_FACE('',(#1904),#59,.F.);
#2059=ADVANCED_FACE('',(#1905,#1906),#60,.F.);
#2060=ADVANCED_FACE('',(#1907),#1963,.F.);
#2061=ADVANCED_FACE('',(#1908),#1964,.F.);
#2062=ADVANCED_FACE('',(#1909),#1965,.T.);
#2063=ADVANCED_FACE('',(#1910),#61,.T.);
#2064=ADVANCED_FACE('',(#1911),#1966,.F.);
#2065=ADVANCED_FACE('',(#1912),#62,.F.);
#2066=ADVANCED_FACE('',(#1913),#1967,.F.);
#2067=ADVANCED_FACE('',(#1914),#1968,.F.);
#2068=ADVANCED_FACE('',(#1915),#1969,.F.);
#2069=ADVANCED_FACE('',(#1916),#1970,.F.);
#2070=ADVANCED_FACE('',(#1917),#1971,.F.);
#2071=ADVANCED_FACE('',(#1918),#63,.T.);
#2072=ADVANCED_FACE('',(#1919),#64,.T.);
#2073=ADVANCED_FACE('',(#1920,#1921),#65,.F.);
#2074=ADVANCED_FACE('',(#1922,#1923),#66,.F.);
#2075=CLOSED_SHELL('',(#1972,#1973,#1974,#1975,#1976,#1977,#1978,#1979,
#1980,#1981,#1982,#1983,#1984,#1985,#1986,#1987,#1988,#1989,#1990,#1991,
#1992,#1993,#1994,#1995,#1996,#1997,#1998,#1999,#2000,#2001,#2002,#2003,
#2004,#2005,#2006,#2007,#2008,#2009,#2010,#2011,#2012,#2013,#2014,#2015,
#2016,#2017,#2018,#2019,#2020,#2021,#2022,#2023,#2024,#2025,#2026,#2027,
#2028,#2029,#2030,#2031,#2032,#2033,#2034,#2035,#2036,#2037,#2038,#2039,
#2040,#2041,#2042,#2043,#2044,#2045,#2046,#2047,#2048,#2049,#2050,#2051,
#2052,#2053,#2054,#2055,#2056,#2057,#2058,#2059,#2060,#2061,#2062,#2063,
#2064,#2065,#2066,#2067,#2068,#2069,#2070,#2071,#2072,#2073,#2074));
#2076=STYLED_ITEM('',(#2077),#2084);
#2077=PRESENTATION_STYLE_ASSIGNMENT((#2078));
#2078=SURFACE_STYLE_USAGE(.BOTH.,#2079);
#2079=SURFACE_SIDE_STYLE('',(#2080));
#2080=SURFACE_STYLE_FILL_AREA(#2081);
#2081=FILL_AREA_STYLE('',(#2082));
#2082=FILL_AREA_STYLE_COLOUR('',#2083);
#2083=COLOUR_RGB('',0.6,0.580392156862745,0.529411764705882);
#2084=MANIFOLD_SOLID_BREP('btrshftr C1-C2 Shifter Plate Male',#2075);
#2085=SHAPE_DEFINITION_REPRESENTATION(#3521,#2086);
#2086=SHAPE_REPRESENTATION('btrshftr C1-C2 Shifter Plate Male',(#2087),
#3516);
#2087=AXIS2_PLACEMENT_3D('',#2914,#2301,#2302);
#2088=AXIS2_PLACEMENT_3D('',#2915,#2303,#2304);
#2089=AXIS2_PLACEMENT_3D('',#2919,#2306,#2307);
#2090=AXIS2_PLACEMENT_3D('',#2923,#2309,#2310);
#2091=AXIS2_PLACEMENT_3D('',#2927,#2312,#2313);
#2092=AXIS2_PLACEMENT_3D('',#2931,#2315,#2316);
#2093=AXIS2_PLACEMENT_3D('',#2948,#2325,#2326);
#2094=AXIS2_PLACEMENT_3D('',#2950,#2327,#2328);
#2095=AXIS2_PLACEMENT_3D('',#2952,#2329,#2330);
#2096=AXIS2_PLACEMENT_3D('',#2953,#2331,#2332);
#2097=AXIS2_PLACEMENT_3D('',#2970,#2340,#2341);
#2098=AXIS2_PLACEMENT_3D('',#2978,#2345,#2346);
#2099=AXIS2_PLACEMENT_3D('',#2982,#2348,#2349);
#2100=AXIS2_PLACEMENT_3D('',#2986,#2351,#2352);
#2101=AXIS2_PLACEMENT_3D('',#2987,#2353,#2354);
#2102=AXIS2_PLACEMENT_3D('',#2989,#2355,#2356);
#2103=AXIS2_PLACEMENT_3D('',#2996,#2361,#2362);
#2104=AXIS2_PLACEMENT_3D('',#2997,#2363,#2364);
#2105=AXIS2_PLACEMENT_3D('',#2999,#2365,#2366);
#2106=AXIS2_PLACEMENT_3D('',#3004,#2368,#2369);
#2107=AXIS2_PLACEMENT_3D('',#3008,#2371,#2372);
#2108=AXIS2_PLACEMENT_3D('',#3010,#2373,#2374);
#2109=AXIS2_PLACEMENT_3D('',#3014,#2376,#2377);
#2110=AXIS2_PLACEMENT_3D('',#3018,#2379,#2380);
#2111=AXIS2_PLACEMENT_3D('',#3020,#2381,#2382);
#2112=AXIS2_PLACEMENT_3D('',#3023,#2384,#2385);
#2113=AXIS2_PLACEMENT_3D('',#3025,#2386,#2387);
#2114=AXIS2_PLACEMENT_3D('',#3030,#2389,#2390);
#2115=AXIS2_PLACEMENT_3D('',#3034,#2392,#2393);
#2116=AXIS2_PLACEMENT_3D('',#3038,#2395,#2396);
#2117=AXIS2_PLACEMENT_3D('',#3042,#2398,#2399);
#2118=AXIS2_PLACEMENT_3D('',#3043,#2400,#2401);
#2119=AXIS2_PLACEMENT_3D('',#3045,#2402,#2403);
#2120=AXIS2_PLACEMENT_3D('',#3050,#2405,#2406);
#2121=AXIS2_PLACEMENT_3D('',#3054,#2408,#2409);
#2122=AXIS2_PLACEMENT_3D('',#3055,#2410,#2411);
#2123=AXIS2_PLACEMENT_3D('',#3060,#2413,#2414);
#2124=AXIS2_PLACEMENT_3D('',#3063,#2416,#2417);
#2125=AXIS2_PLACEMENT_3D('',#3066,#2418,#2419);
#2126=AXIS2_PLACEMENT_3D('',#3068,#2420,#2421);
#2127=AXIS2_PLACEMENT_3D('',#3072,#2423,#2424);
#2128=AXIS2_PLACEMENT_3D('',#3074,#2425,#2426);
#2129=AXIS2_PLACEMENT_3D('',#3076,#2427,#2428);
#2130=AXIS2_PLACEMENT_3D('',#3080,#2430,#2431);
#2131=AXIS2_PLACEMENT_3D('',#3086,#2434,#2435);
#2132=AXIS2_PLACEMENT_3D('',#3090,#2437,#2438);
#2133=AXIS2_PLACEMENT_3D('',#3094,#2440,#2441);
#2134=AXIS2_PLACEMENT_3D('',#3098,#2443,#2444);
#2135=AXIS2_PLACEMENT_3D('',#3102,#2446,#2447);
#2136=AXIS2_PLACEMENT_3D('',#3104,#2448,#2449);
#2137=AXIS2_PLACEMENT_3D('',#3106,#2450,#2451);
#2138=AXIS2_PLACEMENT_3D('',#3110,#2453,#2454);
#2139=AXIS2_PLACEMENT_3D('',#3112,#2455,#2456);
#2140=AXIS2_PLACEMENT_3D('',#3114,#2457,#2458);
#2141=AXIS2_PLACEMENT_3D('',#3115,#2459,#2460);
#2142=AXIS2_PLACEMENT_3D('',#3120,#2462,#2463);
#2143=AXIS2_PLACEMENT_3D('',#3125,#2466,#2467);
#2144=AXIS2_PLACEMENT_3D('',#3129,#2469,#2470);
#2145=AXIS2_PLACEMENT_3D('',#3133,#2472,#2473);
#2146=AXIS2_PLACEMENT_3D('',#3137,#2475,#2476);
#2147=AXIS2_PLACEMENT_3D('',#3141,#2478,#2479);
#2148=AXIS2_PLACEMENT_3D('',#3145,#2481,#2482);
#2149=AXIS2_PLACEMENT_3D('',#3149,#2484,#2485);
#2150=AXIS2_PLACEMENT_3D('',#3153,#2487,#2488);
#2151=AXIS2_PLACEMENT_3D('',#3157,#2490,#2491);
#2152=AXIS2_PLACEMENT_3D('',#3161,#2493,#2494);
#2153=AXIS2_PLACEMENT_3D('',#3162,#2495,#2496);
#2154=AXIS2_PLACEMENT_3D('',#3163,#2497,#2498);
#2155=AXIS2_PLACEMENT_3D('',#3168,#2501,#2502);
#2156=AXIS2_PLACEMENT_3D('',#3172,#2505,#2506);
#2157=AXIS2_PLACEMENT_3D('',#3173,#2507,#2508);
#2158=AXIS2_PLACEMENT_3D('',#3176,#2510,#2511);
#2159=AXIS2_PLACEMENT_3D('',#3180,#2514,#2515);
#2160=AXIS2_PLACEMENT_3D('',#3181,#2516,#2517);
#2161=AXIS2_PLACEMENT_3D('',#3184,#2519,#2520);
#2162=AXIS2_PLACEMENT_3D('',#3188,#2523,#2524);
#2163=AXIS2_PLACEMENT_3D('',#3189,#2525,#2526);
#2164=AXIS2_PLACEMENT_3D('',#3192,#2528,#2529);
#2165=AXIS2_PLACEMENT_3D('',#3196,#2532,#2533);
#2166=AXIS2_PLACEMENT_3D('',#3197,#2534,#2535);
#2167=AXIS2_PLACEMENT_3D('',#3200,#2537,#2538);
#2168=AXIS2_PLACEMENT_3D('',#3204,#2541,#2542);
#2169=AXIS2_PLACEMENT_3D('',#3205,#2543,#2544);
#2170=AXIS2_PLACEMENT_3D('',#3208,#2546,#2547);
#2171=AXIS2_PLACEMENT_3D('',#3212,#2550,#2551);
#2172=AXIS2_PLACEMENT_3D('',#3213,#2552,#2553);
#2173=AXIS2_PLACEMENT_3D('',#3216,#2555,#2556);
#2174=AXIS2_PLACEMENT_3D('',#3220,#2559,#2560);
#2175=AXIS2_PLACEMENT_3D('',#3221,#2561,#2562);
#2176=AXIS2_PLACEMENT_3D('',#3222,#2563,#2564);
#2177=AXIS2_PLACEMENT_3D('',#3223,#2565,#2566);
#2178=AXIS2_PLACEMENT_3D('',#3228,#2569,#2570);
#2179=AXIS2_PLACEMENT_3D('',#3230,#2572,#2573);
#2180=AXIS2_PLACEMENT_3D('',#3235,#2576,#2577);
#2181=AXIS2_PLACEMENT_3D('',#3236,#2578,#2579);
#2182=AXIS2_PLACEMENT_3D('',#3239,#2581,#2582);
#2183=AXIS2_PLACEMENT_3D('',#3240,#2583,#2584);
#2184=AXIS2_PLACEMENT_3D('',#3243,#2586,#2587);
#2185=AXIS2_PLACEMENT_3D('',#3244,#2588,#2589);
#2186=AXIS2_PLACEMENT_3D('',#3248,#2592,#2593);
#2187=AXIS2_PLACEMENT_3D('',#3251,#2595,#2596);
#2188=AXIS2_PLACEMENT_3D('',#3252,#2597,#2598);
#2189=AXIS2_PLACEMENT_3D('',#3255,#2600,#2601);
#2190=AXIS2_PLACEMENT_3D('',#3256,#2602,#2603);
#2191=AXIS2_PLACEMENT_3D('',#3259,#2605,#2606);
#2192=AXIS2_PLACEMENT_3D('',#3260,#2607,#2608);
#2193=AXIS2_PLACEMENT_3D('',#3264,#2611,#2612);
#2194=AXIS2_PLACEMENT_3D('',#3267,#2614,#2615);
#2195=AXIS2_PLACEMENT_3D('',#3268,#2616,#2617);
#2196=AXIS2_PLACEMENT_3D('',#3270,#2619,#2620);
#2197=AXIS2_PLACEMENT_3D('',#3275,#2623,#2624);
#2198=AXIS2_PLACEMENT_3D('',#3276,#2625,#2626);
#2199=AXIS2_PLACEMENT_3D('',#3280,#2629,#2630);
#2200=AXIS2_PLACEMENT_3D('',#3281,#2631,#2632);
#2201=AXIS2_PLACEMENT_3D('',#3284,#2634,#2635);
#2202=AXIS2_PLACEMENT_3D('',#3288,#2638,#2639);
#2203=AXIS2_PLACEMENT_3D('',#3289,#2640,#2641);
#2204=AXIS2_PLACEMENT_3D('',#3292,#2643,#2644);
#2205=AXIS2_PLACEMENT_3D('',#3294,#2646,#2647);
#2206=AXIS2_PLACEMENT_3D('',#3300,#2651,#2652);
#2207=AXIS2_PLACEMENT_3D('',#3303,#2654,#2655);
#2208=AXIS2_PLACEMENT_3D('',#3304,#2656,#2657);
#2209=AXIS2_PLACEMENT_3D('',#3308,#2660,#2661);
#2210=AXIS2_PLACEMENT_3D('',#3311,#2663,#2664);
#2211=AXIS2_PLACEMENT_3D('',#3312,#2665,#2666);
#2212=AXIS2_PLACEMENT_3D('',#3315,#2668,#2669);
#2213=AXIS2_PLACEMENT_3D('',#3316,#2670,#2671);
#2214=AXIS2_PLACEMENT_3D('',#3319,#2673,#2674);
#2215=AXIS2_PLACEMENT_3D('',#3320,#2675,#2676);
#2216=AXIS2_PLACEMENT_3D('',#3324,#2679,#2680);
#2217=AXIS2_PLACEMENT_3D('',#3327,#2682,#2683);
#2218=AXIS2_PLACEMENT_3D('',#3328,#2684,#2685);
#2219=AXIS2_PLACEMENT_3D('',#3331,#2687,#2688);
#2220=AXIS2_PLACEMENT_3D('',#3332,#2689,#2690);
#2221=AXIS2_PLACEMENT_3D('',#3333,#2691,#2692);
#2222=AXIS2_PLACEMENT_3D('',#3334,#2693,#2694);
#2223=AXIS2_PLACEMENT_3D('',#3340,#2698,#2699);
#2224=AXIS2_PLACEMENT_3D('',#3343,#2701,#2702);
#2225=AXIS2_PLACEMENT_3D('',#3344,#2703,#2704);
#2226=AXIS2_PLACEMENT_3D('',#3348,#2707,#2708);
#2227=AXIS2_PLACEMENT_3D('',#3349,#2709,#2710);
#2228=AXIS2_PLACEMENT_3D('',#3350,#2711,#2712);
#2229=AXIS2_PLACEMENT_3D('',#3353,#2714,#2715);
#2230=AXIS2_PLACEMENT_3D('',#3356,#2717,#2718);
#2231=AXIS2_PLACEMENT_3D('',#3360,#2721,#2722);
#2232=AXIS2_PLACEMENT_3D('',#3363,#2724,#2725);
#2233=AXIS2_PLACEMENT_3D('',#3364,#2726,#2727);
#2234=AXIS2_PLACEMENT_3D('',#3366,#2729,#2730);
#2235=AXIS2_PLACEMENT_3D('',#3367,#2731,#2732);
#2236=AXIS2_PLACEMENT_3D('',#3369,#2733,#2734);
#2237=AXIS2_PLACEMENT_3D('',#3370,#2735,#2736);
#2238=AXIS2_PLACEMENT_3D('',#3372,#2737,#2738);
#2239=AXIS2_PLACEMENT_3D('',#3375,#2740,#2741);
#2240=AXIS2_PLACEMENT_3D('',#3378,#2743,#2744);
#2241=AXIS2_PLACEMENT_3D('',#3382,#2747,#2748);
#2242=AXIS2_PLACEMENT_3D('',#3385,#2750,#2751);
#2243=AXIS2_PLACEMENT_3D('',#3386,#2752,#2753);
#2244=AXIS2_PLACEMENT_3D('',#3388,#2755,#2756);
#2245=AXIS2_PLACEMENT_3D('',#3391,#2758,#2759);
#2246=AXIS2_PLACEMENT_3D('',#3394,#2761,#2762);
#2247=AXIS2_PLACEMENT_3D('',#3398,#2765,#2766);
#2248=AXIS2_PLACEMENT_3D('',#3401,#2768,#2769);
#2249=AXIS2_PLACEMENT_3D('',#3402,#2770,#2771);
#2250=AXIS2_PLACEMENT_3D('',#3404,#2773,#2774);
#2251=AXIS2_PLACEMENT_3D('',#3405,#2775,#2776);
#2252=AXIS2_PLACEMENT_3D('',#3407,#2777,#2778);
#2253=AXIS2_PLACEMENT_3D('',#3408,#2779,#2780);
#2254=AXIS2_PLACEMENT_3D('',#3410,#2781,#2782);
#2255=AXIS2_PLACEMENT_3D('',#3416,#2786,#2787);
#2256=AXIS2_PLACEMENT_3D('',#3419,#2789,#2790);
#2257=AXIS2_PLACEMENT_3D('',#3420,#2791,#2792);
#2258=AXIS2_PLACEMENT_3D('',#3423,#2794,#2795);
#2259=AXIS2_PLACEMENT_3D('',#3424,#2796,#2797);
#2260=AXIS2_PLACEMENT_3D('',#3428,#2800,#2801);
#2261=AXIS2_PLACEMENT_3D('',#3431,#2803,#2804);
#2262=AXIS2_PLACEMENT_3D('',#3432,#2805,#2806);
#2263=AXIS2_PLACEMENT_3D('',#3436,#2809,#2810);
#2264=AXIS2_PLACEMENT_3D('',#3439,#2812,#2813);
#2265=AXIS2_PLACEMENT_3D('',#3440,#2814,#2815);
#2266=AXIS2_PLACEMENT_3D('',#3443,#2817,#2818);
#2267=AXIS2_PLACEMENT_3D('',#3444,#2819,#2820);
#2268=AXIS2_PLACEMENT_3D('',#3448,#2823,#2824);
#2269=AXIS2_PLACEMENT_3D('',#3451,#2826,#2827);
#2270=AXIS2_PLACEMENT_3D('',#3452,#2828,#2829);
#2271=AXIS2_PLACEMENT_3D('',#3456,#2832,#2833);
#2272=AXIS2_PLACEMENT_3D('',#3457,#2834,#2835);
#2273=AXIS2_PLACEMENT_3D('',#3458,#2836,#2837);
#2274=AXIS2_PLACEMENT_3D('',#3462,#2840,#2841);
#2275=AXIS2_PLACEMENT_3D('',#3463,#2842,#2843);
#2276=AXIS2_PLACEMENT_3D('',#3465,#2844,#2845);
#2277=AXIS2_PLACEMENT_3D('',#3466,#2846,#2847);
#2278=AXIS2_PLACEMENT_3D('',#3471,#2849,#2850);
#2279=AXIS2_PLACEMENT_3D('',#3475,#2852,#2853);
#2280=AXIS2_PLACEMENT_3D('',#3477,#2855,#2856);
#2281=AXIS2_PLACEMENT_3D('',#3480,#2859,#2860);
#2282=AXIS2_PLACEMENT_3D('',#3483,#2863,#2864);
#2283=AXIS2_PLACEMENT_3D('',#3485,#2866,#2867);
#2284=AXIS2_PLACEMENT_3D('',#3486,#2868,#2869);
#2285=AXIS2_PLACEMENT_3D('',#3487,#2870,#2871);
#2286=AXIS2_PLACEMENT_3D('',#3488,#2872,#2873);
#2287=AXIS2_PLACEMENT_3D('',#3491,#2876,#2877);
#2288=AXIS2_PLACEMENT_3D('',#3494,#2880,#2881);
#2289=AXIS2_PLACEMENT_3D('',#3497,#2884,#2885);
#2290=AXIS2_PLACEMENT_3D('',#3499,#2887,#2888);
#2291=AXIS2_PLACEMENT_3D('',#3501,#2890,#2891);
#2292=AXIS2_PLACEMENT_3D('',#3502,#2892,#2893);
#2293=AXIS2_PLACEMENT_3D('',#3505,#2896,#2897);
#2294=AXIS2_PLACEMENT_3D('',#3507,#2899,#2900);
#2295=AXIS2_PLACEMENT_3D('',#3508,#2901,#2902);
#2296=AXIS2_PLACEMENT_3D('',#3510,#2904,#2905);
#2297=AXIS2_PLACEMENT_3D('',#3511,#2906,#2907);
#2298=AXIS2_PLACEMENT_3D('',#3512,#2908,#2909);
#2299=AXIS2_PLACEMENT_3D('',#3513,#2910,#2911);
#2300=AXIS2_PLACEMENT_3D('',#3514,#2912,#2913);
#2301=DIRECTION('',(0.,0.,1.));
#2302=DIRECTION('',(1.,0.,0.));
#2303=DIRECTION('',(0.,1.,0.));
#2304=DIRECTION('',(0.,0.,1.));
#2305=DIRECTION('',(-1.,0.,0.));
#2306=DIRECTION('',(0.,1.,0.));
#2307=DIRECTION('',(0.,0.,1.));
#2308=DIRECTION('',(0.,0.,1.));
#2309=DIRECTION('',(0.,1.,0.));
#2310=DIRECTION('',(0.,0.,1.));
#2311=DIRECTION('',(0.947647526011232,0.,0.319318283918714));
#2312=DIRECTION('',(0.,1.,0.));
#2313=DIRECTION('',(0.,0.,1.));
#2314=DIRECTION('',(-0.821521142294101,0.,0.570178053562039));
#2315=DIRECTION('',(0.,1.,0.));
#2316=DIRECTION('',(0.,0.,1.));
#2317=DIRECTION('',(-0.970243441337636,0.,0.242131502579285));
#2318=DIRECTION('',(0.,0.,-1.));
#2319=DIRECTION('',(2.00308613164952E-14,0.,1.));
#2320=DIRECTION('',(-0.866025403784426,0.,0.500000000000021));
#2321=DIRECTION('',(-0.866025403784451,0.,-0.499999999999979));
#2322=DIRECTION('',(-2.00308613164952E-14,0.,-1.));
#2323=DIRECTION('',(0.866025403784428,0.,-0.500000000000018));
#2324=DIRECTION('',(0.866025403784449,0.,0.499999999999983));
#2325=DIRECTION('',(0.,1.,0.));
#2326=DIRECTION('',(0.,0.,1.));
#2327=DIRECTION('',(0.,-1.,0.));
#2328=DIRECTION('',(0.,0.,1.));
#2329=DIRECTION('',(0.,1.,0.));
#2330=DIRECTION('',(-1.,0.,0.));
#2331=DIRECTION('',(0.,1.,0.));
#2332=DIRECTION('',(0.,0.,1.));
#2333=DIRECTION('',(-0.866025403784426,0.,0.500000000000021));
#2334=DIRECTION('',(2.00308613164952E-14,0.,1.));
#2335=DIRECTION('',(0.866025403784449,0.,0.499999999999983));
#2336=DIRECTION('',(0.866025403784428,0.,-0.500000000000018));
#2337=DIRECTION('',(-2.00308613164952E-14,0.,-1.));
#2338=DIRECTION('',(-0.866025403784451,0.,-0.499999999999979));
#2339=DIRECTION('',(0.,0.,-1.));
#2340=DIRECTION('',(0.,1.,0.));
#2341=DIRECTION('',(0.,0.,1.));
#2342=DIRECTION('',(-1.,0.,0.));
#2343=DIRECTION('',(0.,0.,-1.));
#2344=DIRECTION('',(-0.970243441337636,0.,0.242131502579285));
#2345=DIRECTION('',(0.,1.,0.));
#2346=DIRECTION('',(0.,0.,1.));
#2347=DIRECTION('',(-0.821521142294101,0.,0.570178053562039));
#2348=DIRECTION('',(0.,1.,0.));
#2349=DIRECTION('',(0.,0.,1.));
#2350=DIRECTION('',(0.947647526011232,0.,0.319318283918714));
#2351=DIRECTION('',(0.,1.,0.));
#2352=DIRECTION('',(0.,0.,1.));
#2353=DIRECTION('',(0.,1.,0.));
#2354=DIRECTION('',(0.,0.,1.));
#2355=DIRECTION('',(0.,0.,1.));
#2356=DIRECTION('',(1.,0.,0.));
#2357=DIRECTION('',(0.,-1.,0.));
#2358=DIRECTION('',(0.,1.,0.));
#2359=DIRECTION('',(-1.,0.,0.));
#2360=DIRECTION('',(0.,1.,0.));
#2361=DIRECTION('',(1.,0.,0.));
#2362=DIRECTION('',(0.,1.,0.));
#2363=DIRECTION('',(1.,0.,0.));
#2364=DIRECTION('',(0.,0.,-1.));
#2365=DIRECTION('',(1.,0.,0.));
#2366=DIRECTION('',(0.,0.,-1.));
#2367=DIRECTION('',(0.,0.,1.));
#2368=DIRECTION('',(1.,0.,0.));
#2369=DIRECTION('',(0.,0.,-1.));
#2370=DIRECTION('',(0.,1.,0.));
#2371=DIRECTION('',(1.,0.,0.));
#2372=DIRECTION('',(0.,0.,-1.));
#2373=DIRECTION('',(1.,0.,0.));
#2374=DIRECTION('',(0.,0.,-1.));
#2375=DIRECTION('',(0.,0.847998304005087,0.529998940003182));
#2376=DIRECTION('',(1.,0.,0.));
#2377=DIRECTION('',(0.,0.,-1.));
#2378=DIRECTION('',(0.,0.847998304005088,-0.52999894000318));
#2379=DIRECTION('',(1.,0.,0.));
#2380=DIRECTION('',(0.,0.,-1.));
#2381=DIRECTION('',(1.,0.,0.));
#2382=DIRECTION('',(0.,0.,-1.));
#2383=DIRECTION('',(0.,-1.,0.));
#2384=DIRECTION('',(1.,0.,0.));
#2385=DIRECTION('',(0.,0.,-1.));
#2386=DIRECTION('',(1.,0.,0.));
#2387=DIRECTION('',(0.,0.,-1.));
#2388=DIRECTION('',(0.,-1.,0.));
#2389=DIRECTION('',(1.,0.,0.));
#2390=DIRECTION('',(0.,0.,-1.));
#2391=DIRECTION('',(0.,1.,0.));
#2392=DIRECTION('',(1.,0.,0.));
#2393=DIRECTION('',(0.,0.,-1.));
#2394=DIRECTION('',(0.,1.,0.));
#2395=DIRECTION('',(1.,0.,0.));
#2396=DIRECTION('',(0.,0.,-1.));
#2397=DIRECTION('',(0.,-1.,0.));
#2398=DIRECTION('',(1.,0.,0.));
#2399=DIRECTION('',(0.,0.,-1.));
#2400=DIRECTION('',(1.,0.,0.));
#2401=DIRECTION('',(0.,0.,-1.));
#2402=DIRECTION('',(1.,0.,0.));
#2403=DIRECTION('',(0.,0.,-1.));
#2404=DIRECTION('',(0.,1.,0.));
#2405=DIRECTION('',(1.,0.,0.));
#2406=DIRECTION('',(0.,0.,-1.));
#2407=DIRECTION('',(0.,-1.,0.));
#2408=DIRECTION('',(1.,0.,0.));
#2409=DIRECTION('',(0.,0.,-1.));
#2410=DIRECTION('',(1.,0.,0.));
#2411=DIRECTION('',(0.,0.,-1.));
#2412=DIRECTION('',(0.,1.,0.));
#2413=DIRECTION('',(1.,0.,0.));
#2414=DIRECTION('',(0.,0.,-1.));
#2415=DIRECTION('',(0.,-1.,0.));
#2416=DIRECTION('',(1.,0.,0.));
#2417=DIRECTION('',(0.,0.,-1.));
#2418=DIRECTION('',(1.,0.,0.));
#2419=DIRECTION('',(0.,0.,-1.));
#2420=DIRECTION('',(1.,0.,0.));
#2421=DIRECTION('',(0.,0.,-1.));
#2422=DIRECTION('',(0.,1.,0.));
#2423=DIRECTION('',(1.,0.,0.));
#2424=DIRECTION('',(0.,0.,-1.));
#2425=DIRECTION('',(1.,0.,0.));
#2426=DIRECTION('',(0.,0.,-1.));
#2427=DIRECTION('',(1.,0.,0.));
#2428=DIRECTION('',(0.,0.,-1.));
#2429=DIRECTION('',(0.,0.847998304005088,-0.52999894000318));
#2430=DIRECTION('',(1.,0.,0.));
#2431=DIRECTION('',(0.,0.,-1.));
#2432=DIRECTION('',(0.,0.847998304005086,0.529998940003183));
#2433=DIRECTION('',(0.,0.847998304005088,-0.52999894000318));
#2434=DIRECTION('',(1.,0.,0.));
#2435=DIRECTION('',(0.,0.,-1.));
#2436=DIRECTION('',(0.,0.,1.));
#2437=DIRECTION('',(1.,0.,0.));
#2438=DIRECTION('',(0.,0.,-1.));
#2439=DIRECTION('',(0.,0.847998304005086,0.529998940003183));
#2440=DIRECTION('',(1.,0.,0.));
#2441=DIRECTION('',(0.,0.,-1.));
#2442=DIRECTION('',(0.,0.847998304005088,-0.52999894000318));
#2443=DIRECTION('',(1.,0.,0.));
#2444=DIRECTION('',(0.,0.,-1.));
#2445=DIRECTION('',(0.,0.847998304005087,0.529998940003182));
#2446=DIRECTION('',(1.,0.,0.));
#2447=DIRECTION('',(0.,0.,-1.));
#2448=DIRECTION('',(1.,0.,0.));
#2449=DIRECTION('',(0.,0.,-1.));
#2450=DIRECTION('',(1.,0.,0.));
#2451=DIRECTION('',(0.,0.,-1.));
#2452=DIRECTION('',(0.,-1.,0.));
#2453=DIRECTION('',(1.,0.,0.));
#2454=DIRECTION('',(0.,0.,-1.));
#2455=DIRECTION('',(1.,0.,0.));
#2456=DIRECTION('',(0.,0.,-1.));
#2457=DIRECTION('',(1.,0.,0.));
#2458=DIRECTION('',(0.,0.,-1.));
#2459=DIRECTION('',(1.,0.,0.));
#2460=DIRECTION('',(0.,0.,-1.));
#2461=DIRECTION('',(0.,-1.,0.));
#2462=DIRECTION('',(1.,0.,0.));
#2463=DIRECTION('',(0.,0.,-1.));
#2464=DIRECTION('',(0.,0.,-1.));
#2465=DIRECTION('',(0.,-1.,0.));
#2466=DIRECTION('',(1.,0.,0.));
#2467=DIRECTION('',(0.,0.,-1.));
#2468=DIRECTION('',(0.,0.,1.));
#2469=DIRECTION('',(1.,0.,0.));
#2470=DIRECTION('',(0.,0.,-1.));
#2471=DIRECTION('',(0.,-1.,0.));
#2472=DIRECTION('',(1.,0.,0.));
#2473=DIRECTION('',(0.,0.,-1.));
#2474=DIRECTION('',(0.,0.,-1.));
#2475=DIRECTION('',(1.,0.,0.));
#2476=DIRECTION('',(0.,0.,-1.));
#2477=DIRECTION('',(0.,-1.,0.));
#2478=DIRECTION('',(1.,0.,0.));
#2479=DIRECTION('',(0.,0.,-1.));
#2480=DIRECTION('',(0.,0.,1.));
#2481=DIRECTION('',(1.,0.,0.));
#2482=DIRECTION('',(0.,0.,-1.));
#2483=DIRECTION('',(0.,-1.,0.));
#2484=DIRECTION('',(1.,0.,0.));
#2485=DIRECTION('',(0.,0.,-1.));
#2486=DIRECTION('',(0.,0.,-1.));
#2487=DIRECTION('',(1.,0.,0.));
#2488=DIRECTION('',(0.,0.,-1.));
#2489=DIRECTION('',(0.,-1.,0.));
#2490=DIRECTION('',(1.,0.,0.));
#2491=DIRECTION('',(0.,0.,-1.));
#2492=DIRECTION('',(0.,0.,-1.));
#2493=DIRECTION('',(1.,0.,0.));
#2494=DIRECTION('',(0.,0.,-1.));
#2495=DIRECTION('',(-1.,0.,0.));
#2496=DIRECTION('',(0.,0.,1.));
#2497=DIRECTION('',(1.,0.,0.));
#2498=DIRECTION('',(0.,0.,-1.));
#2499=DIRECTION('',(-1.,0.,0.));
#2500=DIRECTION('',(-1.,0.,0.));
#2501=DIRECTION('',(0.,1.,0.));
#2502=DIRECTION('',(0.,0.,1.));
#2503=DIRECTION('',(0.,0.,-1.));
#2504=DIRECTION('',(-1.,0.,0.));
#2505=DIRECTION('',(1.,0.,0.));
#2506=DIRECTION('',(0.,0.,-1.));
#2507=DIRECTION('',(1.,0.,0.));
#2508=DIRECTION('',(0.,0.,-1.));
#2509=DIRECTION('',(-1.,0.,0.));
#2510=DIRECTION('',(0.,0.,-1.));
#2511=DIRECTION('',(-1.,0.,0.));
#2512=DIRECTION('',(-1.,0.,0.));
#2513=DIRECTION('',(0.,-1.,0.));
#2514=DIRECTION('',(1.,0.,0.));
#2515=DIRECTION('',(0.,0.,-1.));
#2516=DIRECTION('',(1.,0.,0.));
#2517=DIRECTION('',(0.,0.,-1.));
#2518=DIRECTION('',(-1.,0.,0.));
#2519=DIRECTION('',(0.,-1.,0.));
#2520=DIRECTION('',(0.,0.,-1.));
#2521=DIRECTION('',(-1.,0.,0.));
#2522=DIRECTION('',(0.,0.,1.));
#2523=DIRECTION('',(-1.,0.,0.));
#2524=DIRECTION('',(0.,0.,1.));
#2525=DIRECTION('',(1.,0.,0.));
#2526=DIRECTION('',(0.,0.,-1.));
#2527=DIRECTION('',(-1.,0.,0.));
#2528=DIRECTION('',(0.,0.,-1.));
#2529=DIRECTION('',(-1.,0.,0.));
#2530=DIRECTION('',(0.,-1.,0.));
#2531=DIRECTION('',(-1.,0.,0.));
#2532=DIRECTION('',(-1.,0.,0.));
#2533=DIRECTION('',(0.,0.,1.));
#2534=DIRECTION('',(1.,0.,0.));
#2535=DIRECTION('',(0.,0.,-1.));
#2536=DIRECTION('',(-1.,0.,0.));
#2537=DIRECTION('',(0.,1.,0.));
#2538=DIRECTION('',(0.,0.,1.));
#2539=DIRECTION('',(0.,0.,-1.));
#2540=DIRECTION('',(-1.,0.,0.));
#2541=DIRECTION('',(1.,0.,0.));
#2542=DIRECTION('',(0.,0.,-1.));
#2543=DIRECTION('',(1.,0.,0.));
#2544=DIRECTION('',(0.,0.,-1.));
#2545=DIRECTION('',(-1.,0.,0.));
#2546=DIRECTION('',(0.,0.,-1.));
#2547=DIRECTION('',(-1.,0.,0.));
#2548=DIRECTION('',(-1.,0.,0.));
#2549=DIRECTION('',(0.,-1.,0.));
#2550=DIRECTION('',(1.,0.,0.));
#2551=DIRECTION('',(0.,0.,-1.));
#2552=DIRECTION('',(1.,0.,0.));
#2553=DIRECTION('',(0.,0.,-1.));
#2554=DIRECTION('',(-1.,0.,0.));
#2555=DIRECTION('',(0.,-1.,0.));
#2556=DIRECTION('',(0.,0.,-1.));
#2557=DIRECTION('',(-1.,0.,0.));
#2558=DIRECTION('',(0.,0.,1.));
#2559=DIRECTION('',(1.,0.,0.));
#2560=DIRECTION('',(0.,0.,-1.));
#2561=DIRECTION('',(1.,0.,0.));
#2562=DIRECTION('',(0.,0.,-1.));
#2563=DIRECTION('',(1.,0.,6.12323399573677E-17));
#2564=DIRECTION('',(6.12323399573677E-17,0.,-1.));
#2565=DIRECTION('',(1.,0.,0.));
#2566=DIRECTION('',(0.,0.,-1.));
#2567=DIRECTION('',(-1.,0.,-6.12323399573677E-17));
#2568=DIRECTION('',(-1.,0.,-6.12323399573677E-17));
#2569=DIRECTION('',(6.12323399573677E-17,0.,-1.));
#2570=DIRECTION('',(-1.,0.,-6.12323399573677E-17));
#2571=DIRECTION('',(0.,-1.,0.));
#2572=DIRECTION('',(-1.,0.,0.));
#2573=DIRECTION('',(0.,0.,1.));
#2574=DIRECTION('',(-1.,0.,0.));
#2575=DIRECTION('',(-1.,0.,0.));
#2576=DIRECTION('',(1.,0.,0.));
#2577=DIRECTION('',(0.,0.,-1.));
#2578=DIRECTION('',(-1.,0.,0.));
#2579=DIRECTION('',(0.,0.,1.));
#2580=DIRECTION('',(-1.,0.,0.));
#2581=DIRECTION('',(1.,0.,0.));
#2582=DIRECTION('',(0.,0.,-1.));
#2583=DIRECTION('',(-1.,0.,0.));
#2584=DIRECTION('',(0.,0.,1.));
#2585=DIRECTION('',(-1.,0.,0.));
#2586=DIRECTION('',(1.,0.,0.));
#2587=DIRECTION('',(0.,0.,-1.));
#2588=DIRECTION('',(0.,0.,1.));
#2589=DIRECTION('',(1.,0.,0.));
#2590=DIRECTION('',(-1.,0.,0.));
#2591=DIRECTION('',(0.,-1.,0.));
#2592=DIRECTION('',(-1.,0.,0.));
#2593=DIRECTION('',(0.,0.,1.));
#2594=DIRECTION('',(-1.,0.,0.));
#2595=DIRECTION('',(1.,0.,0.));
#2596=DIRECTION('',(0.,0.,-1.));
#2597=DIRECTION('',(-1.,0.,0.));
#2598=DIRECTION('',(0.,0.,1.));
#2599=DIRECTION('',(-1.,0.,0.));
#2600=DIRECTION('',(1.,0.,0.));
#2601=DIRECTION('',(0.,0.,-1.));
#2602=DIRECTION('',(-1.,0.,0.));
#2603=DIRECTION('',(0.,0.,1.));
#2604=DIRECTION('',(-1.,0.,0.));
#2605=DIRECTION('',(1.,0.,0.));
#2606=DIRECTION('',(0.,0.,-1.));
#2607=DIRECTION('',(0.,0.529998940003182,-0.847998304005087));
#2608=DIRECTION('',(0.,0.847998304005087,0.529998940003182));
#2609=DIRECTION('',(-1.,0.,0.));
#2610=DIRECTION('',(0.,0.847998304005087,0.529998940003182));
#2611=DIRECTION('',(-1.,0.,0.));
#2612=DIRECTION('',(0.,0.,1.));
#2613=DIRECTION('',(-1.,0.,0.));
#2614=DIRECTION('',(1.,0.,0.));
#2615=DIRECTION('',(0.,0.,-1.));
#2616=DIRECTION('',(0.,-0.52999894000318,-0.847998304005088));
#2617=DIRECTION('',(0.,0.847998304005088,-0.52999894000318));
#2618=DIRECTION('',(0.,0.847998304005088,-0.52999894000318));
#2619=DIRECTION('',(-1.,0.,0.));
#2620=DIRECTION('',(0.,0.,1.));
#2621=DIRECTION('',(-1.,0.,0.));
#2622=DIRECTION('',(-1.,0.,0.));
#2623=DIRECTION('',(1.,0.,0.));
#2624=DIRECTION('',(0.,0.,-1.));
#2625=DIRECTION('',(0.,0.529998940003183,-0.847998304005086));
#2626=DIRECTION('',(0.,0.847998304005086,0.529998940003183));
#2627=DIRECTION('',(-1.,0.,0.));
#2628=DIRECTION('',(0.,0.847998304005086,0.529998940003183));
#2629=DIRECTION('',(-1.,0.,0.));
#2630=DIRECTION('',(0.,0.,1.));
#2631=DIRECTION('',(1.,0.,0.));
#2632=DIRECTION('',(0.,0.,-1.));
#2633=DIRECTION('',(-1.,0.,0.));
#2634=DIRECTION('',(0.,1.,0.));
#2635=DIRECTION('',(0.,0.,1.));
#2636=DIRECTION('',(0.,0.,1.));
#2637=DIRECTION('',(-1.,0.,0.));
#2638=DIRECTION('',(-1.,0.,0.));
#2639=DIRECTION('',(0.,0.,1.));
#2640=DIRECTION('',(1.,0.,0.));
#2641=DIRECTION('',(0.,0.,-1.));
#2642=DIRECTION('',(-1.,0.,0.));
#2643=DIRECTION('',(0.,-0.52999894000318,-0.847998304005088));
#2644=DIRECTION('',(0.,0.847998304005088,-0.52999894000318));
#2645=DIRECTION('',(0.,0.847998304005088,-0.52999894000318));
#2646=DIRECTION('',(0.,0.529998940003183,-0.847998304005086));
#2647=DIRECTION('',(0.,0.847998304005086,0.529998940003183));
#2648=DIRECTION('',(0.,0.847998304005086,0.529998940003183));
#2649=DIRECTION('',(-1.,0.,0.));
#2650=DIRECTION('',(-1.,0.,0.));
#2651=DIRECTION('',(-1.,0.,0.));
#2652=DIRECTION('',(0.,0.,1.));
#2653=DIRECTION('',(-1.,0.,0.));
#2654=DIRECTION('',(1.,0.,0.));
#2655=DIRECTION('',(0.,0.,-1.));
#2656=DIRECTION('',(0.,-0.52999894000318,-0.847998304005088));
#2657=DIRECTION('',(0.,0.847998304005088,-0.52999894000318));
#2658=DIRECTION('',(0.,0.847998304005088,-0.52999894000318));
#2659=DIRECTION('',(-1.,0.,0.));
#2660=DIRECTION('',(-1.,0.,0.));
#2661=DIRECTION('',(0.,0.,1.));
#2662=DIRECTION('',(-1.,0.,0.));
#2663=DIRECTION('',(1.,0.,0.));
#2664=DIRECTION('',(0.,0.,-1.));
#2665=DIRECTION('',(-1.,0.,0.));
#2666=DIRECTION('',(0.,0.,1.));
#2667=DIRECTION('',(-1.,0.,0.));
#2668=DIRECTION('',(1.,0.,0.));
#2669=DIRECTION('',(0.,0.,-1.));
#2670=DIRECTION('',(-1.,0.,0.));
#2671=DIRECTION('',(0.,0.,1.));
#2672=DIRECTION('',(-1.,0.,0.));
#2673=DIRECTION('',(1.,0.,0.));
#2674=DIRECTION('',(0.,0.,-1.));
#2675=DIRECTION('',(0.,0.,-1.));
#2676=DIRECTION('',(-1.,0.,0.));
#2677=DIRECTION('',(-1.,0.,0.));
#2678=DIRECTION('',(0.,1.,0.));
#2679=DIRECTION('',(-1.,0.,0.));
#2680=DIRECTION('',(0.,0.,1.));
#2681=DIRECTION('',(-1.,0.,0.));
#2682=DIRECTION('',(1.,0.,0.));
#2683=DIRECTION('',(0.,0.,-1.));
#2684=DIRECTION('',(-1.,0.,0.));
#2685=DIRECTION('',(0.,0.,1.));
#2686=DIRECTION('',(-1.,0.,0.));
#2687=DIRECTION('',(1.,0.,0.));
#2688=DIRECTION('',(0.,0.,-1.));
#2689=DIRECTION('',(-1.,0.,0.));
#2690=DIRECTION('',(0.,0.,1.));
#2691=DIRECTION('',(1.,0.,0.));
#2692=DIRECTION('',(0.,0.,-1.));
#2693=DIRECTION('',(0.,0.,-1.));
#2694=DIRECTION('',(-1.,0.,0.));
#2695=DIRECTION('',(-1.,0.,0.));
#2696=DIRECTION('',(0.,-1.,0.));
#2697=DIRECTION('',(-1.,0.,0.));
#2698=DIRECTION('',(-1.,0.,0.));
#2699=DIRECTION('',(0.,0.,1.));
#2700=DIRECTION('',(-1.,0.,0.));
#2701=DIRECTION('',(1.,0.,0.));
#2702=DIRECTION('',(0.,0.,-1.));
#2703=DIRECTION('',(0.,0.,1.));
#2704=DIRECTION('',(1.,0.,0.));
#2705=DIRECTION('',(-1.,0.,0.));
#2706=DIRECTION('',(0.,1.,0.));
#2707=DIRECTION('',(-1.,0.,0.));
#2708=DIRECTION('',(0.,0.,1.));
#2709=DIRECTION('',(1.,0.,0.));
#2710=DIRECTION('',(0.,0.,-1.));
#2711=DIRECTION('',(-1.,0.,0.));
#2712=DIRECTION('',(0.,0.,1.));
#2713=DIRECTION('',(-1.,0.,0.));
#2714=DIRECTION('',(1.,0.,0.));
#2715=DIRECTION('',(0.,0.,-1.));
#2716=DIRECTION('',(-1.,0.,0.));
#2717=DIRECTION('',(0.,0.,-1.));
#2718=DIRECTION('',(-1.,0.,0.));
#2719=DIRECTION('',(-1.,0.,0.));
#2720=DIRECTION('',(0.,-1.,0.));
#2721=DIRECTION('',(-1.,0.,0.));
#2722=DIRECTION('',(0.,0.,1.));
#2723=DIRECTION('',(-1.,0.,0.));
#2724=DIRECTION('',(1.,0.,0.));
#2725=DIRECTION('',(0.,0.,-1.));
#2726=DIRECTION('',(0.,0.,1.));
#2727=DIRECTION('',(1.,0.,0.));
#2728=DIRECTION('',(0.,1.,0.));
#2729=DIRECTION('',(-1.,0.,0.));
#2730=DIRECTION('',(0.,0.,1.));
#2731=DIRECTION('',(1.,0.,0.));
#2732=DIRECTION('',(0.,0.,-1.));
#2733=DIRECTION('',(-1.,0.,0.));
#2734=DIRECTION('',(0.,0.,1.));
#2735=DIRECTION('',(1.,0.,0.));
#2736=DIRECTION('',(0.,0.,-1.));
#2737=DIRECTION('',(-1.,0.,0.));
#2738=DIRECTION('',(0.,0.,1.));
#2739=DIRECTION('',(-1.,0.,0.));
#2740=DIRECTION('',(1.,0.,0.));
#2741=DIRECTION('',(0.,0.,-1.));
#2742=DIRECTION('',(-1.,0.,0.));
#2743=DIRECTION('',(0.,0.,-1.));
#2744=DIRECTION('',(-1.,0.,0.));
#2745=DIRECTION('',(-1.,0.,0.));
#2746=DIRECTION('',(0.,-1.,0.));
#2747=DIRECTION('',(-1.,0.,0.));
#2748=DIRECTION('',(0.,0.,1.));
#2749=DIRECTION('',(-1.,0.,0.));
#2750=DIRECTION('',(1.,0.,0.));
#2751=DIRECTION('',(0.,0.,-1.));
#2752=DIRECTION('',(0.,0.,1.));
#2753=DIRECTION('',(1.,0.,0.));
#2754=DIRECTION('',(0.,1.,0.));
#2755=DIRECTION('',(-1.,0.,0.));
#2756=DIRECTION('',(0.,0.,1.));
#2757=DIRECTION('',(-1.,0.,0.));
#2758=DIRECTION('',(1.,0.,0.));
#2759=DIRECTION('',(0.,0.,-1.));
#2760=DIRECTION('',(-1.,0.,0.));
#2761=DIRECTION('',(0.,0.,1.));
#2762=DIRECTION('',(1.,0.,0.));
#2763=DIRECTION('',(-1.,0.,0.));
#2764=DIRECTION('',(0.,1.,0.));
#2765=DIRECTION('',(-1.,0.,0.));
#2766=DIRECTION('',(0.,0.,1.));
#2767=DIRECTION('',(-1.,0.,0.));
#2768=DIRECTION('',(1.,0.,0.));
#2769=DIRECTION('',(0.,0.,-1.));
#2770=DIRECTION('',(0.,0.,-1.));
#2771=DIRECTION('',(-1.,0.,0.));
#2772=DIRECTION('',(0.,-1.,0.));
#2773=DIRECTION('',(-1.,0.,0.));
#2774=DIRECTION('',(0.,0.,1.));
#2775=DIRECTION('',(1.,0.,0.));
#2776=DIRECTION('',(0.,0.,-1.));
#2777=DIRECTION('',(-1.,0.,0.));
#2778=DIRECTION('',(0.,0.,1.));
#2779=DIRECTION('',(1.,0.,0.));
#2780=DIRECTION('',(0.,0.,-1.));
#2781=DIRECTION('',(0.,0.,1.));
#2782=DIRECTION('',(1.,0.,0.));
#2783=DIRECTION('',(0.,-1.,0.));
#2784=DIRECTION('',(-1.,0.,0.));
#2785=DIRECTION('',(-1.,0.,0.));
#2786=DIRECTION('',(-1.,0.,0.));
#2787=DIRECTION('',(0.,0.,1.));
#2788=DIRECTION('',(-1.,0.,0.));
#2789=DIRECTION('',(1.,0.,0.));
#2790=DIRECTION('',(0.,0.,-1.));
#2791=DIRECTION('',(-1.,0.,0.));
#2792=DIRECTION('',(0.,0.,1.));
#2793=DIRECTION('',(-1.,0.,0.));
#2794=DIRECTION('',(1.,0.,0.));
#2795=DIRECTION('',(0.,0.,-1.));
#2796=DIRECTION('',(0.,-0.52999894000318,-0.847998304005088));
#2797=DIRECTION('',(0.,0.847998304005088,-0.52999894000318));
#2798=DIRECTION('',(-1.,0.,0.));
#2799=DIRECTION('',(0.,0.847998304005088,-0.52999894000318));
#2800=DIRECTION('',(-1.,0.,0.));
#2801=DIRECTION('',(0.,0.,1.));
#2802=DIRECTION('',(-1.,0.,0.));
#2803=DIRECTION('',(1.,0.,0.));
#2804=DIRECTION('',(0.,0.,-1.));
#2805=DIRECTION('',(0.,0.529998940003182,-0.847998304005087));
#2806=DIRECTION('',(0.,0.847998304005087,0.529998940003182));
#2807=DIRECTION('',(0.,0.847998304005087,0.529998940003182));
#2808=DIRECTION('',(-1.,0.,0.));
#2809=DIRECTION('',(-1.,0.,0.));
#2810=DIRECTION('',(0.,0.,1.));
#2811=DIRECTION('',(-1.,0.,0.));
#2812=DIRECTION('',(1.,0.,0.));
#2813=DIRECTION('',(0.,0.,-1.));
#2814=DIRECTION('',(-1.,0.,0.));
#2815=DIRECTION('',(0.,0.,1.));
#2816=DIRECTION('',(-1.,0.,0.));
#2817=DIRECTION('',(1.,0.,0.));
#2818=DIRECTION('',(0.,0.,-1.));
#2819=DIRECTION('',(0.,0.,-1.));
#2820=DIRECTION('',(-1.,0.,0.));
#2821=DIRECTION('',(0.,1.,0.));
#2822=DIRECTION('',(-1.,0.,0.));
#2823=DIRECTION('',(-1.,0.,0.));
#2824=DIRECTION('',(0.,0.,1.));
#2825=DIRECTION('',(-1.,0.,0.));
#2826=DIRECTION('',(1.,0.,0.));
#2827=DIRECTION('',(0.,0.,-1.));
#2828=DIRECTION('',(0.,1.,0.));
#2829=DIRECTION('',(0.,0.,1.));
#2830=DIRECTION('',(-1.,0.,0.));
#2831=DIRECTION('',(0.,0.,1.));
#2832=DIRECTION('',(-1.,0.,0.));
#2833=DIRECTION('',(0.,0.,1.));
#2834=DIRECTION('',(1.,0.,0.));
#2835=DIRECTION('',(0.,0.,-1.));
#2836=DIRECTION('',(0.,1.,0.));
#2837=DIRECTION('',(0.,0.,1.));
#2838=DIRECTION('',(0.,0.,1.));
#2839=DIRECTION('',(-1.,0.,1.04083408558595E-14));
#2840=DIRECTION('',(1.,0.,0.));
#2841=DIRECTION('',(0.,0.,-1.));
#2842=DIRECTION('',(1.,0.,0.));
#2843=DIRECTION('',(0.,0.,-1.));
#2844=DIRECTION('',(1.,0.,0.));
#2845=DIRECTION('',(0.,1.,0.));
#2846=DIRECTION('',(1.,0.,0.));
#2847=DIRECTION('',(0.,0.,-1.));
#2848=DIRECTION('',(0.,0.,1.));
#2849=DIRECTION('',(1.,0.,0.));
#2850=DIRECTION('',(0.,0.,-1.));
#2851=DIRECTION('',(0.,-1.,0.));
#2852=DIRECTION('',(1.,0.,0.));
#2853=DIRECTION('',(0.,0.,-1.));
#2854=DIRECTION('',(0.,-1.,0.));
#2855=DIRECTION('',(-1.04083408558595E-14,0.,-1.));
#2856=DIRECTION('',(-1.,0.,1.04083408558595E-14));
#2857=DIRECTION('',(-1.,0.,1.04083408558595E-14));
#2858=DIRECTION('',(-1.,0.,1.04083408558595E-14));
#2859=DIRECTION('',(-0.242131502579285,0.,-0.970243441337636));
#2860=DIRECTION('',(-0.970243441337636,0.,0.242131502579285));
#2861=DIRECTION('',(0.,1.,0.));
#2862=DIRECTION('',(-0.970243441337636,0.,0.242131502579285));
#2863=DIRECTION('',(0.,1.,0.));
#2864=DIRECTION('',(0.,0.,1.));
#2865=DIRECTION('',(-1.,0.,1.04083408558595E-14));
#2866=DIRECTION('',(1.,0.,-1.04083408558595E-14));
#2867=DIRECTION('',(-1.04083408558595E-14,0.,-1.));
#2868=DIRECTION('',(-1.,0.,1.04083408558595E-14));
#2869=DIRECTION('',(1.04083408558595E-14,0.,1.));
#2870=DIRECTION('',(1.,0.,0.));
#2871=DIRECTION('',(0.,0.,-1.));
#2872=DIRECTION('',(1.,0.,0.));
#2873=DIRECTION('',(0.,0.,-1.));
#2874=DIRECTION('',(0.,-1.,0.));
#2875=DIRECTION('',(0.,1.,0.));
#2876=DIRECTION('',(-1.,0.,2.00308613164952E-14));
#2877=DIRECTION('',(2.00308613164952E-14,0.,1.));
#2878=DIRECTION('',(0.,1.,0.));
#2879=DIRECTION('',(0.,1.,0.));
#2880=DIRECTION('',(-0.319318283918714,0.,0.947647526011231));
#2881=DIRECTION('',(0.947647526011231,0.,0.319318283918714));
#2882=DIRECTION('',(0.,1.,0.));
#2883=DIRECTION('',(0.,1.,0.));
#2884=DIRECTION('',(0.,1.,0.));
#2885=DIRECTION('',(0.,0.,1.));
#2886=DIRECTION('',(0.,1.,0.));
#2887=DIRECTION('',(-0.570178053562039,0.,-0.821521142294101));
#2888=DIRECTION('',(-0.821521142294101,0.,0.570178053562039));
#2889=DIRECTION('',(0.,1.,0.));
#2890=DIRECTION('',(0.,1.,0.));
#2891=DIRECTION('',(0.,0.,1.));
#2892=DIRECTION('',(1.,0.,-2.00308613164952E-14));
#2893=DIRECTION('',(-2.00308613164952E-14,0.,-1.));
#2894=DIRECTION('',(0.,1.,0.));
#2895=DIRECTION('',(0.,1.,0.));
#2896=DIRECTION('',(0.500000000000018,0.,0.866025403784428));
#2897=DIRECTION('',(0.866025403784428,0.,-0.500000000000018));
#2898=DIRECTION('',(0.,1.,0.));
#2899=DIRECTION('',(-0.499999999999983,0.,0.866025403784449));
#2900=DIRECTION('',(0.866025403784449,0.,0.499999999999983));
#2901=DIRECTION('',(0.499999999999979,0.,-0.866025403784451));
#2902=DIRECTION('',(-0.866025403784451,0.,-0.499999999999979));
#2903=DIRECTION('',(0.,1.,0.));
#2904=DIRECTION('',(-0.500000000000021,0.,-0.866025403784426));
#2905=DIRECTION('',(-0.866025403784426,0.,0.500000000000021));
#2906=DIRECTION('',(0.,-1.,0.));
#2907=DIRECTION('',(0.,0.,-1.));
#2908=DIRECTION('',(0.,-1.,0.));
#2909=DIRECTION('',(0.,0.,-1.));
#2910=DIRECTION('',(0.,1.,0.));
#2911=DIRECTION('',(0.,0.,1.));
#2912=DIRECTION('',(0.,1.,0.));
#2913=DIRECTION('',(0.,0.,1.));
#2914=CARTESIAN_POINT('',(0.,0.,0.));
#2915=CARTESIAN_POINT('',(0.0208486,0.211299999763565,0.077500147074461));
#2916=CARTESIAN_POINT('',(0.0208486,0.211299999763565,0.065000147074461));
#2917=CARTESIAN_POINT('',(0.0208486,0.211299999763565,0.065000147074461));
#2918=CARTESIAN_POINT('',(-0.0158486,0.211299999763565,0.065000147074461));
#2919=CARTESIAN_POINT('',(-0.0158486,0.211299999763565,0.070000147074461));
#2920=CARTESIAN_POINT('',(-0.0208486,0.211299999763565,0.070000147074461));
#2921=CARTESIAN_POINT('',(-0.0208486,0.211299999763565,0.0874482632150357));
#2922=CARTESIAN_POINT('',(-0.0208486,0.211299999763565,0.0967255553428951));
#2923=CARTESIAN_POINT('',(-0.0158486,0.211299999763565,0.0967255553428951));
#2924=CARTESIAN_POINT('',(-0.0174451914195936,0.211299999763565,0.101463792972951));
#2925=CARTESIAN_POINT('',(-0.0220323297956017,0.211299999763565,0.0999181157943382));
#2926=CARTESIAN_POINT('',(-0.0130646595912018,0.211299999763565,0.102939852233066));
#2927=CARTESIAN_POINT('',(-0.0115,0.211299999763565,0.0982963793556106));
#2928=CARTESIAN_POINT('',(-0.00870612753754608,0.211299999763565,0.102321832952852));
#2929=CARTESIAN_POINT('',(-0.00509424799151992,0.211299999763565,0.0998150022174882));
#2930=CARTESIAN_POINT('',(0.00166927098007688,0.211299999763565,0.0951207711333241));
#2931=CARTESIAN_POINT('',(0.00452016124788709,0.211299999763565,0.0992283768447946));
#2932=CARTESIAN_POINT('',(0.00330950373499066,0.211299999763565,0.0943771596381064));
#2933=CARTESIAN_POINT('',(0.0116349575128964,0.211299999763565,0.0922994804217239));
#2934=CARTESIAN_POINT('',(0.0208486,0.211299999763565,0.090000147074461));
#2935=CARTESIAN_POINT('',(0.0208486,0.211299999763565,0.077500147074461));
#2936=CARTESIAN_POINT('',(-0.0151,0.211299999763565,0.0904963793556106));
#2937=CARTESIAN_POINT('',(-0.0151000000000003,0.211299999763565,0.088417918386528));
#2938=CARTESIAN_POINT('',(-0.0151,0.211299999763565,0.0925748403246933));
#2939=CARTESIAN_POINT('',(-0.0124000000000003,0.211299999763565,0.0868590726597159));
#2940=CARTESIAN_POINT('',(-0.0115000000000003,0.211299999763565,0.0863394574174452));
#2941=CARTESIAN_POINT('',(-0.00970000000000028,0.211299999763565,0.0873786879019865));
#2942=CARTESIAN_POINT('',(-0.00790000000000026,0.211299999763565,0.0884179183865278));
#2943=CARTESIAN_POINT('',(-0.00790000000000018,0.211299999763565,0.0904963793556105));
#2944=CARTESIAN_POINT('',(-0.00790000000000014,0.211299999763565,0.0925748403246932));
#2945=CARTESIAN_POINT('',(-0.00970000000000013,0.211299999763565,0.0936140708092345));
#2946=CARTESIAN_POINT('',(-0.0115000000000001,0.211299999763565,0.0946533012937758));
#2947=CARTESIAN_POINT('',(-0.0133000000000001,0.211299999763565,0.0936140708092346));
#2948=CARTESIAN_POINT('',(-0.0115000000000003,0.2113,0.0781122939587056));
#2949=CARTESIAN_POINT('',(-0.0115000000000003,0.2113,0.0800122939587056));
#2950=CARTESIAN_POINT('',(0.0115000000000003,0.2113,0.0781122939587056));
#2951=CARTESIAN_POINT('',(0.0115000000000003,0.2113,0.0800122939587056));
#2952=CARTESIAN_POINT('',(0.0025,0.206571419763565,0.077500147074461));
#2953=CARTESIAN_POINT('',(-0.0115000000000003,0.206571419763565,0.0781122939587056));
#2954=CARTESIAN_POINT('',(-0.0115000000000003,0.206571419763565,0.0800122939587056));
#2955=CARTESIAN_POINT('',(0.00282753365447915,0.206571419763565,0.0780674520052076));
#2956=CARTESIAN_POINT('',(-0.0115000000000003,0.206571419763565,0.0863394574174452));
#2957=CARTESIAN_POINT('',(-0.0151000000000003,0.206571419763565,0.088417918386528));
#2958=CARTESIAN_POINT('',(-0.0151,0.206571419763565,0.0904963793556106));
#2959=CARTESIAN_POINT('',(-0.0151,0.206571419763565,0.0925748403246933));
#2960=CARTESIAN_POINT('',(-0.0133000000000001,0.206571419763565,0.0936140708092346));
#2961=CARTESIAN_POINT('',(-0.0115000000000001,0.206571419763565,0.0946533012937758));
#2962=CARTESIAN_POINT('',(-0.00970000000000013,0.206571419763565,0.0936140708092345));
#2963=CARTESIAN_POINT('',(-0.00790000000000014,0.206571419763565,0.0925748403246932));
#2964=CARTESIAN_POINT('',(-0.00790000000000018,0.206571419763565,0.0904963793556105));
#2965=CARTESIAN_POINT('',(-0.00790000000000026,0.206571419763565,0.0884179183865278));
#2966=CARTESIAN_POINT('',(-0.00482753365447914,0.206571419763565,0.0901918076581904));
#2967=CARTESIAN_POINT('',(-0.0208486,0.206571419763565,0.0874482632150357));
#2968=CARTESIAN_POINT('',(-0.0208486,0.206571419763565,0.0967255553428951));
#2969=CARTESIAN_POINT('',(-0.0208486,0.206571419763565,0.070000147074461));
#2970=CARTESIAN_POINT('',(-0.0158486,0.206571419763565,0.070000147074461));
#2971=CARTESIAN_POINT('',(-0.0158486,0.206571419763565,0.065000147074461));
#2972=CARTESIAN_POINT('',(-2.08166817117217E-17,0.206571419763565,0.065000147074461));
#2973=CARTESIAN_POINT('',(0.0158486,0.206571419763565,0.065000147074461));
#2974=CARTESIAN_POINT('',(0.0158486,0.206571419763565,0.077500147074461));
#2975=CARTESIAN_POINT('',(0.0158486,0.206571419763565,0.0912479344454607));
#2976=CARTESIAN_POINT('',(0.0116349575128964,0.206571419763565,0.0922994804217239));
#2977=CARTESIAN_POINT('',(0.00330950373499066,0.206571419763565,0.0943771596381064));
#2978=CARTESIAN_POINT('',(0.00452016124788709,0.206571419763565,0.0992283768447946));
#2979=CARTESIAN_POINT('',(0.00166927098007688,0.206571419763565,0.0951207711333241));
#2980=CARTESIAN_POINT('',(-0.00509424799151992,0.206571419763565,0.0998150022174882));
#2981=CARTESIAN_POINT('',(-0.00870612753754608,0.206571419763565,0.102321832952852));
#2982=CARTESIAN_POINT('',(-0.0115,0.206571419763565,0.0982963793556106));
#2983=CARTESIAN_POINT('',(-0.0130646595912018,0.206571419763565,0.102939852233066));
#2984=CARTESIAN_POINT('',(-0.0220323297956017,0.206571419763565,0.0999181157943382));
#2985=CARTESIAN_POINT('',(-0.0174451914195936,0.206571419763565,0.101463792972951));
#2986=CARTESIAN_POINT('',(-0.0158486,0.206571419763565,0.0967255553428951));
#2987=CARTESIAN_POINT('',(0.0115000000000003,0.206571419763565,0.0781122939587056));
#2988=CARTESIAN_POINT('',(0.0115000000000003,0.206571419763565,0.0800122939587056));
#2989=CARTESIAN_POINT('',(0.0208486,0.206071419763565,0.065000147074461));
#2990=CARTESIAN_POINT('',(-0.0158486,0.206071419763565,0.065000147074461));
#2991=CARTESIAN_POINT('',(0.0208486,0.206071419763565,0.065000147074461));
#2992=CARTESIAN_POINT('',(0.0208486,0.197571419763565,0.065000147074461));
#2993=CARTESIAN_POINT('',(0.0158486,0.197571419763565,0.065000147074461));
#2994=CARTESIAN_POINT('',(0.0158486,0.197571419763565,0.065000147074461));
#2995=CARTESIAN_POINT('',(0.0158486,0.206071419763565,0.065000147074461));
#2996=CARTESIAN_POINT('',(0.0158486,0.104271419763565,0.067500147074461));
#2997=CARTESIAN_POINT('',(0.0158486,0.0745714197635651,0.087000147074461));
#2998=CARTESIAN_POINT('',(0.0158486,0.0745714197635651,0.085100147074461));
#2999=CARTESIAN_POINT('',(0.0158486,0.131571419763565,0.0760001470744611));
#3000=CARTESIAN_POINT('',(0.0158486,0.130571419763565,0.0760001470744611));
#3001=CARTESIAN_POINT('',(0.0158486,0.131571419763565,0.0770001470744611));
#3002=CARTESIAN_POINT('',(0.0158486,0.130571419763565,0.067500147074461));
#3003=CARTESIAN_POINT('',(0.0158486,0.130571419763565,0.074000147074461));
#3004=CARTESIAN_POINT('',(0.0158486,0.131571419763565,0.074000147074461));
#3005=CARTESIAN_POINT('',(0.0158486,0.131571419763565,0.073000147074461));
#3006=CARTESIAN_POINT('',(0.0158486,0.104271419763565,0.073000147074461));
#3007=CARTESIAN_POINT('',(0.0158486,0.134571419763565,0.073000147074461));
#3008=CARTESIAN_POINT('',(0.0158486,0.134571419763565,0.070000147074461));
#3009=CARTESIAN_POINT('',(0.0158486,0.135979585574464,0.0726491221685333));
#3010=CARTESIAN_POINT('',(0.0158486,0.136448974178097,0.0735321138665575));
#3011=CARTESIAN_POINT('',(0.0158486,0.1369789731181,0.0726841155625524));
#3012=CARTESIAN_POINT('',(0.0158486,0.111129061273,0.0565279206593649));
#3013=CARTESIAN_POINT('',(0.0158486,0.139327826250746,0.0741521487704559));
#3014=CARTESIAN_POINT('',(0.0158486,0.138797827310742,0.075000147074461));
#3015=CARTESIAN_POINT('',(0.0158486,0.139327826250746,0.0758481453784661));
#3016=CARTESIAN_POINT('',(0.0158486,0.117870634306708,0.0892588903434896));
#3017=CARTESIAN_POINT('',(0.0158486,0.1369789731181,0.0773161785863696));
#3018=CARTESIAN_POINT('',(0.0158486,0.136448974178097,0.0764681802823645));
#3019=CARTESIAN_POINT('',(0.0158486,0.135979585574464,0.0773511719803886));
#3020=CARTESIAN_POINT('',(0.0158486,0.134571419763565,0.080000147074461));
#3021=CARTESIAN_POINT('',(0.0158486,0.134571419763565,0.077000147074461));
#3022=CARTESIAN_POINT('',(0.0158486,0.104271419763565,0.0770001470744611));
#3023=CARTESIAN_POINT('',(0.0158486,0.150571419763565,0.070000147074461));
#3024=CARTESIAN_POINT('',(0.0158486,0.150571419763565,0.068100147074461));
#3025=CARTESIAN_POINT('',(0.0158486,0.150571419763565,0.080000147074461));
#3026=CARTESIAN_POINT('',(0.0158486,0.150571419763565,0.078100147074461));
#3027=CARTESIAN_POINT('',(0.0158486,0.201071419763565,0.081900147074461));
#3028=CARTESIAN_POINT('',(0.0158486,0.203571419763565,0.081900147074461));
#3029=CARTESIAN_POINT('',(0.0158486,0.198571419763565,0.081900147074461));
#3030=CARTESIAN_POINT('',(0.0158486,0.198571419763565,0.080000147074461));
#3031=CARTESIAN_POINT('',(0.0158486,0.198571419763565,0.078100147074461));
#3032=CARTESIAN_POINT('',(0.0158486,0.201071419763565,0.078100147074461));
#3033=CARTESIAN_POINT('',(0.0158486,0.203571419763565,0.078100147074461));
#3034=CARTESIAN_POINT('',(0.0158486,0.203571419763565,0.080000147074461));
#3035=CARTESIAN_POINT('',(0.0158486,0.201071419763565,0.071900147074461));
#3036=CARTESIAN_POINT('',(0.0158486,0.198571419763565,0.071900147074461));
#3037=CARTESIAN_POINT('',(0.0158486,0.203571419763565,0.071900147074461));
#3038=CARTESIAN_POINT('',(0.0158486,0.198571419763565,0.070000147074461));
#3039=CARTESIAN_POINT('',(0.0158486,0.198571419763565,0.068100147074461));
#3040=CARTESIAN_POINT('',(0.0158486,0.201071419763565,0.068100147074461));
#3041=CARTESIAN_POINT('',(0.0158486,0.203571419763565,0.068100147074461));
#3042=CARTESIAN_POINT('',(0.0158486,0.203571419763565,0.070000147074461));
#3043=CARTESIAN_POINT('',(0.0158486,0.0815714197635651,0.080000147074461));
#3044=CARTESIAN_POINT('',(0.0158486,0.0815714197635651,0.078100147074461));
#3045=CARTESIAN_POINT('',(0.0158486,0.0815714197635651,0.070000147074461));
#3046=CARTESIAN_POINT('',(0.0158486,0.0815714197635651,0.068100147074461));
#3047=CARTESIAN_POINT('',(0.0158486,0.132071419763565,0.078100147074461));
#3048=CARTESIAN_POINT('',(0.0158486,0.129571419763565,0.078100147074461));
#3049=CARTESIAN_POINT('',(0.0158486,0.134571419763565,0.078100147074461));
#3050=CARTESIAN_POINT('',(0.0158486,0.134571419763565,0.080000147074461));
#3051=CARTESIAN_POINT('',(0.0158486,0.134571419763565,0.081900147074461));
#3052=CARTESIAN_POINT('',(0.0158486,0.132071419763565,0.081900147074461));
#3053=CARTESIAN_POINT('',(0.0158486,0.129571419763565,0.081900147074461));
#3054=CARTESIAN_POINT('',(0.0158486,0.129571419763565,0.080000147074461));
#3055=CARTESIAN_POINT('',(0.0158486,0.134571419763565,0.070000147074461));
#3056=CARTESIAN_POINT('',(0.0158486,0.134571419763565,0.068100147074461));
#3057=CARTESIAN_POINT('',(0.0158486,0.134571419763565,0.071900147074461));
#3058=CARTESIAN_POINT('',(0.0158486,0.132071419763565,0.071900147074461));
#3059=CARTESIAN_POINT('',(0.0158486,0.129571419763565,0.071900147074461));
#3060=CARTESIAN_POINT('',(0.0158486,0.129571419763565,0.070000147074461));
#3061=CARTESIAN_POINT('',(0.0158486,0.129571419763565,0.068100147074461));
#3062=CARTESIAN_POINT('',(0.0158486,0.132071419763565,0.068100147074461));
#3063=CARTESIAN_POINT('',(0.0158486,0.146573869589021,0.0798601734983849));
#3064=CARTESIAN_POINT('',(0.0158486,0.147573257132657,0.0798951668924039));
#3065=CARTESIAN_POINT('',(0.0158486,0.147103868529024,0.0790121751943798));
#3066=CARTESIAN_POINT('',(0.0158486,0.150571419763564,0.0800001470744611));
#3067=CARTESIAN_POINT('',(0.0158486,0.147648343473079,0.080675147074461));
#3068=CARTESIAN_POINT('',(0.0158486,0.146673984709584,0.080900147074461));
#3069=CARTESIAN_POINT('',(0.0158486,0.146673984709584,0.081900147074461));
#3070=CARTESIAN_POINT('',(0.0158486,0.104271419763565,0.081900147074461));
#3071=CARTESIAN_POINT('',(0.0158486,0.138468854817546,0.081900147074461));
#3072=CARTESIAN_POINT('',(0.0158486,0.138468854817546,0.080900147074461));
#3073=CARTESIAN_POINT('',(0.0158486,0.137494496054051,0.080675147074461));
#3074=CARTESIAN_POINT('',(0.0158486,0.134571419763565,0.080000147074461));
#3075=CARTESIAN_POINT('',(0.0158486,0.137569582394473,0.0798951668924039));
#3076=CARTESIAN_POINT('',(0.0158486,0.13856896993811,0.0798601734983848));
#3077=CARTESIAN_POINT('',(0.0158486,0.138038970998106,0.0790121751943797));
#3078=CARTESIAN_POINT('',(0.0158486,0.118930632186714,0.0909548869514998));
#3079=CARTESIAN_POINT('',(0.0158486,0.142041420823562,0.07651064405347));
#3080=CARTESIAN_POINT('',(0.0158486,0.142571419763565,0.0773586423574751));
#3081=CARTESIAN_POINT('',(0.0158486,0.143101418703568,0.07651064405347));
#3082=CARTESIAN_POINT('',(0.0158486,0.111129061273,0.0565279206593649));
#3083=CARTESIAN_POINT('',(0.0158486,0.118930632186714,0.0909548869514998));
#3084=CARTESIAN_POINT('',(0.0158486,0.145815013276384,0.0741521487704559));
#3085=CARTESIAN_POINT('',(0.0158486,0.14816386640903,0.0726841155625524));
#3086=CARTESIAN_POINT('',(0.0158486,0.148651449613434,0.0734642486895988));
#3087=CARTESIAN_POINT('',(0.0158486,0.149571419763565,0.0734642486895988));
#3088=CARTESIAN_POINT('',(0.0158486,0.149571419763565,0.067500147074461));
#3089=CARTESIAN_POINT('',(0.0158486,0.149571419763565,0.0765360454593235));
#3090=CARTESIAN_POINT('',(0.0158486,0.148651449613434,0.0765360454593234));
#3091=CARTESIAN_POINT('',(0.0158486,0.14816386640903,0.0773161785863697));
#3092=CARTESIAN_POINT('',(0.0158486,0.112189059153007,0.0548319240513547));
#3093=CARTESIAN_POINT('',(0.0158486,0.145815013276384,0.0758481453784661));
#3094=CARTESIAN_POINT('',(0.0158486,0.146345012216388,0.075000147074461));
#3095=CARTESIAN_POINT('',(0.0158486,0.117870634306708,0.0892588903434896));
#3096=CARTESIAN_POINT('',(0.0158486,0.143101418703568,0.0734896500954519));
#3097=CARTESIAN_POINT('',(0.0158486,0.147103868529024,0.0709881189545422));
#3098=CARTESIAN_POINT('',(0.0158486,0.142571419763565,0.0726416517914468));
#3099=CARTESIAN_POINT('',(0.0158486,0.142041420823562,0.0734896500954519));
#3100=CARTESIAN_POINT('',(0.0158486,0.112189059153006,0.0548319240513547));
#3101=CARTESIAN_POINT('',(0.0158486,0.138038970998106,0.0709881189545422));
#3102=CARTESIAN_POINT('',(0.0158486,0.13856896993811,0.0701401206505371));
#3103=CARTESIAN_POINT('',(0.0158486,0.137569582394473,0.0701051272565181));
#3104=CARTESIAN_POINT('',(0.0158486,0.134571419763565,0.070000147074461));
#3105=CARTESIAN_POINT('',(0.0158486,0.137494496054051,0.069325147074461));
#3106=CARTESIAN_POINT('',(0.0158486,0.138468854817546,0.069100147074461));
#3107=CARTESIAN_POINT('',(0.0158486,0.138468854817546,0.068100147074461));
#3108=CARTESIAN_POINT('',(0.0158486,0.104271419763565,0.068100147074461));
#3109=CARTESIAN_POINT('',(0.0158486,0.146673984709584,0.068100147074461));
#3110=CARTESIAN_POINT('',(0.0158486,0.146673984709584,0.069100147074461));
#3111=CARTESIAN_POINT('',(0.0158486,0.147648343473079,0.069325147074461));
#3112=CARTESIAN_POINT('',(0.0158486,0.150571419763565,0.070000147074461));
#3113=CARTESIAN_POINT('',(0.0158486,0.147573257132657,0.0701051272565181));
#3114=CARTESIAN_POINT('',(0.0158486,0.146573869589021,0.0701401206505371));
#3115=CARTESIAN_POINT('',(0.0158486,0.0745714197635651,0.080000147074461));
#3116=CARTESIAN_POINT('',(0.0158486,0.0745714197635651,0.078100147074461));
#3117=CARTESIAN_POINT('',(0.0158486,0.0535714197635651,0.0748963793556104));
#3118=CARTESIAN_POINT('',(0.0158486,0.0765714197635651,0.0748963793556104));
#3119=CARTESIAN_POINT('',(0.0158486,0.0730714197635651,0.0748963793556104));
#3120=CARTESIAN_POINT('',(0.0158486,0.0730714197635651,0.0768963793556104));
#3121=CARTESIAN_POINT('',(0.0158486,0.0710714197635651,0.0768963793556104));
#3122=CARTESIAN_POINT('',(0.0158486,0.0710714197635651,0.085000147074461));
#3123=CARTESIAN_POINT('',(0.0158486,0.0710714197635651,0.0912479344454607));
#3124=CARTESIAN_POINT('',(0.0158486,0.211299999763565,0.0912479344454607));
#3125=CARTESIAN_POINT('',(0.0158486,0.197571419763565,0.067000147074461));
#3126=CARTESIAN_POINT('',(0.0158486,0.195571419763565,0.067000147074461));
#3127=CARTESIAN_POINT('',(0.0158486,0.195571419763565,0.083450147074461));
#3128=CARTESIAN_POINT('',(0.0158486,0.195571419763565,0.084000147074461));
#3129=CARTESIAN_POINT('',(0.0158486,0.194571419763565,0.084000147074461));
#3130=CARTESIAN_POINT('',(0.0158486,0.194571419763565,0.085000147074461));
#3131=CARTESIAN_POINT('',(0.0158486,0.157570638704207,0.085000147074461));
#3132=CARTESIAN_POINT('',(0.0158486,0.154571419763565,0.085000147074461));
#3133=CARTESIAN_POINT('',(0.0158486,0.154571419763565,0.084000147074461));
#3134=CARTESIAN_POINT('',(0.0158486,0.153571419763565,0.084000147074461));
#3135=CARTESIAN_POINT('',(0.0158486,0.153571419763565,0.083450147074461));
#3136=CARTESIAN_POINT('',(0.0158486,0.153571419763565,0.067000147074461));
#3137=CARTESIAN_POINT('',(0.0158486,0.151571419763565,0.067000147074461));
#3138=CARTESIAN_POINT('',(0.0158486,0.151571419763565,0.065000147074461));
#3139=CARTESIAN_POINT('',(0.0158486,0.130571419763565,0.065000147074461));
#3140=CARTESIAN_POINT('',(0.0158486,0.128571419763565,0.065000147074461));
#3141=CARTESIAN_POINT('',(0.0158486,0.128571419763565,0.067000147074461));
#3142=CARTESIAN_POINT('',(0.0158486,0.126571419763565,0.067000147074461));
#3143=CARTESIAN_POINT('',(0.0158486,0.126571419763565,0.067500147074461));
#3144=CARTESIAN_POINT('',(0.0158486,0.126571419763565,0.084000147074461));
#3145=CARTESIAN_POINT('',(0.0158486,0.125571419763565,0.084000147074461));
#3146=CARTESIAN_POINT('',(0.0158486,0.125571419763565,0.085000147074461));
#3147=CARTESIAN_POINT('',(0.0158486,0.0885706387042069,0.085000147074461));
#3148=CARTESIAN_POINT('',(0.0158486,0.0855714197635651,0.085000147074461));
#3149=CARTESIAN_POINT('',(0.0158486,0.0855714197635651,0.084000147074461));
#3150=CARTESIAN_POINT('',(0.0158486,0.0845714197635651,0.084000147074461));
#3151=CARTESIAN_POINT('',(0.0158486,0.0845714197635651,0.082500147074461));
#3152=CARTESIAN_POINT('',(0.0158486,0.0845714197635651,0.067000147074461));
#3153=CARTESIAN_POINT('',(0.0158486,0.0825714197635651,0.067000147074461));
#3154=CARTESIAN_POINT('',(0.0158486,0.0825714197635651,0.065000147074461));
#3155=CARTESIAN_POINT('',(0.0158486,0.0805714197635651,0.065000147074461));
#3156=CARTESIAN_POINT('',(0.0158486,0.0805714197635651,0.065000147074461));
#3157=CARTESIAN_POINT('',(0.0158486,0.0805714197635651,0.0670001493556092));
#3158=CARTESIAN_POINT('',(0.0158486,0.0785714197635651,0.0670001493556092));
#3159=CARTESIAN_POINT('',(0.0158486,0.0785714197635651,0.0699482632150359));
#3160=CARTESIAN_POINT('',(0.0158486,0.0785714197635651,0.0728963793556104));
#3161=CARTESIAN_POINT('',(0.0158486,0.0765714197635651,0.0728963793556104));
#3162=CARTESIAN_POINT('',(0.0208486,0.0825714197635651,0.067000147074461));
#3163=CARTESIAN_POINT('',(0.0208486,0.0825714197635651,0.067000147074461));
#3164=CARTESIAN_POINT('',(0.0208486,0.0825714197635651,0.065000147074461));
#3165=CARTESIAN_POINT('',(0.0208486,0.0845714197635651,0.067000147074461));
#3166=CARTESIAN_POINT('',(0.0208486,0.0825714197635651,0.065000147074461));
#3167=CARTESIAN_POINT('',(0.0208486,0.0845714197635651,0.067000147074461));
#3168=CARTESIAN_POINT('',(0.0208486,0.0845714197635651,0.082500147074461));
#3169=CARTESIAN_POINT('',(0.0208486,0.0845714197635651,0.082500147074461));
#3170=CARTESIAN_POINT('',(0.0208486,0.0845714197635651,0.084000147074461));
#3171=CARTESIAN_POINT('',(0.0208486,0.0845714197635651,0.084000147074461));
#3172=CARTESIAN_POINT('',(0.0208486,0.0855714197635651,0.084000147074461));
#3173=CARTESIAN_POINT('',(0.0208486,0.0855714197635651,0.084000147074461));
#3174=CARTESIAN_POINT('',(0.0208486,0.0855714197635651,0.085000147074461));
#3175=CARTESIAN_POINT('',(0.0158486,0.0855714197635651,0.085000147074461));
#3176=CARTESIAN_POINT('',(0.0208486,0.0885706387042069,0.085000147074461));
#3177=CARTESIAN_POINT('',(0.0208486,0.125571419763565,0.085000147074461));
#3178=CARTESIAN_POINT('',(0.0208486,0.125571419763565,0.085000147074461));
#3179=CARTESIAN_POINT('',(0.0208486,0.0885706387042069,0.085000147074461));
#3180=CARTESIAN_POINT('',(0.0208486,0.125571419763565,0.084000147074461));
#3181=CARTESIAN_POINT('',(0.0208486,0.125571419763565,0.084000147074461));
#3182=CARTESIAN_POINT('',(0.0208486,0.126571419763565,0.084000147074461));
#3183=CARTESIAN_POINT('',(0.0158486,0.126571419763565,0.084000147074461));
#3184=CARTESIAN_POINT('',(0.0208486,0.126571419763565,0.067500147074461));
#3185=CARTESIAN_POINT('',(0.0208486,0.126571419763565,0.067000147074461));
#3186=CARTESIAN_POINT('',(0.0208486,0.126571419763565,0.067000147074461));
#3187=CARTESIAN_POINT('',(0.0208486,0.126571419763565,0.067500147074461));
#3188=CARTESIAN_POINT('',(0.0208486,0.128571419763565,0.067000147074461));
#3189=CARTESIAN_POINT('',(0.0208486,0.128571419763565,0.067000147074461));
#3190=CARTESIAN_POINT('',(0.0208486,0.128571419763565,0.065000147074461));
#3191=CARTESIAN_POINT('',(0.0208486,0.128571419763565,0.065000147074461));
#3192=CARTESIAN_POINT('',(0.0208486,0.130571419763565,0.065000147074461));
#3193=CARTESIAN_POINT('',(0.0208486,0.130571419763565,0.065000147074461));
#3194=CARTESIAN_POINT('',(0.0208486,0.151571419763565,0.065000147074461));
#3195=CARTESIAN_POINT('',(0.0208486,0.151571419763565,0.065000147074461));
#3196=CARTESIAN_POINT('',(0.0208486,0.151571419763565,0.067000147074461));
#3197=CARTESIAN_POINT('',(0.0208486,0.151571419763565,0.067000147074461));
#3198=CARTESIAN_POINT('',(0.0208486,0.153571419763565,0.067000147074461));
#3199=CARTESIAN_POINT('',(0.0208486,0.153571419763565,0.067000147074461));
#3200=CARTESIAN_POINT('',(0.0208486,0.153571419763565,0.083450147074461));
#3201=CARTESIAN_POINT('',(0.0208486,0.153571419763565,0.083450147074461));
#3202=CARTESIAN_POINT('',(0.0208486,0.153571419763565,0.084000147074461));
#3203=CARTESIAN_POINT('',(0.0208486,0.153571419763565,0.084000147074461));
#3204=CARTESIAN_POINT('',(0.0208486,0.154571419763565,0.084000147074461));
#3205=CARTESIAN_POINT('',(0.0208486,0.154571419763565,0.084000147074461));
#3206=CARTESIAN_POINT('',(0.0208486,0.154571419763565,0.085000147074461));
#3207=CARTESIAN_POINT('',(0.0158486,0.154571419763565,0.085000147074461));
#3208=CARTESIAN_POINT('',(0.0208486,0.157570638704207,0.085000147074461));
#3209=CARTESIAN_POINT('',(0.0208486,0.194571419763565,0.085000147074461));
#3210=CARTESIAN_POINT('',(0.0208486,0.194571419763565,0.085000147074461));
#3211=CARTESIAN_POINT('',(0.0208486,0.157570638704207,0.085000147074461));
#3212=CARTESIAN_POINT('',(0.0208486,0.194571419763565,0.084000147074461));
#3213=CARTESIAN_POINT('',(0.0208486,0.194571419763565,0.084000147074461));
#3214=CARTESIAN_POINT('',(0.0208486,0.195571419763565,0.084000147074461));
#3215=CARTESIAN_POINT('',(0.0158486,0.195571419763565,0.084000147074461));
#3216=CARTESIAN_POINT('',(0.0208486,0.195571419763565,0.083450147074461));
#3217=CARTESIAN_POINT('',(0.0208486,0.195571419763565,0.067000147074461));
#3218=CARTESIAN_POINT('',(0.0208486,0.195571419763565,0.067000147074461));
#3219=CARTESIAN_POINT('',(0.0208486,0.195571419763565,0.083450147074461));
#3220=CARTESIAN_POINT('',(0.0208486,0.197571419763565,0.067000147074461));
#3221=CARTESIAN_POINT('',(0.0208486,0.197571419763565,0.067000147074461));
#3222=CARTESIAN_POINT('',(-0.0460000000000017,0.0805714197635651,0.0670001493556092));
#3223=CARTESIAN_POINT('',(0.0208486,0.0805714197635651,0.0670001493556092));
#3224=CARTESIAN_POINT('',(0.0208486,0.0785714197635651,0.0670001493556092));
#3225=CARTESIAN_POINT('',(0.0208486,0.0805714197635651,0.065000147074461));
#3226=CARTESIAN_POINT('',(0.0208486,0.0785714197635651,0.0670001493556092));
#3227=CARTESIAN_POINT('',(0.0158486,0.0805714197635651,0.0650001493556092));
#3228=CARTESIAN_POINT('',(-0.0460000000000017,0.0729999997635651,0.0650001493556092));
#3229=CARTESIAN_POINT('',(0.0208486,0.0805714197635651,0.065000147074461));
#3230=CARTESIAN_POINT('',(0.0288,0.146573869589021,0.0701401206505371));
#3231=CARTESIAN_POINT('',(0.0288,0.147103868529024,0.0709881189545422));
#3232=CARTESIAN_POINT('',(0.0208486,0.147103868529024,0.0709881189545422));
#3233=CARTESIAN_POINT('',(0.0288,0.147573257132657,0.0701051272565181));
#3234=CARTESIAN_POINT('',(0.0208486,0.147573257132657,0.0701051272565181));
#3235=CARTESIAN_POINT('',(0.0208486,0.146573869589021,0.0701401206505371));
#3236=CARTESIAN_POINT('',(0.0288,0.150571419763565,0.070000147074461));
#3237=CARTESIAN_POINT('',(0.0288,0.147648343473079,0.069325147074461));
#3238=CARTESIAN_POINT('',(0.0208486,0.147648343473079,0.069325147074461));
#3239=CARTESIAN_POINT('',(0.0208486,0.150571419763565,0.070000147074461));
#3240=CARTESIAN_POINT('',(0.0288,0.146673984709584,0.069100147074461));
#3241=CARTESIAN_POINT('',(0.0288,0.146673984709584,0.068100147074461));
#3242=CARTESIAN_POINT('',(0.0208486,0.146673984709584,0.068100147074461));
#3243=CARTESIAN_POINT('',(0.0208486,0.146673984709584,0.069100147074461));
#3244=CARTESIAN_POINT('',(0.0288,0.142571419763565,0.068100147074461));
#3245=CARTESIAN_POINT('',(0.0288,0.138468854817546,0.068100147074461));
#3246=CARTESIAN_POINT('',(0.0208486,0.138468854817546,0.068100147074461));
#3247=CARTESIAN_POINT('',(0.0208486,0.104271419763565,0.068100147074461));
#3248=CARTESIAN_POINT('',(0.0288,0.138468854817546,0.069100147074461));
#3249=CARTESIAN_POINT('',(0.0288,0.137494496054051,0.069325147074461));
#3250=CARTESIAN_POINT('',(0.0208486,0.137494496054051,0.069325147074461));
#3251=CARTESIAN_POINT('',(0.0208486,0.138468854817546,0.069100147074461));
#3252=CARTESIAN_POINT('',(0.0288,0.134571419763565,0.070000147074461));
#3253=CARTESIAN_POINT('',(0.0288,0.137569582394473,0.0701051272565181));
#3254=CARTESIAN_POINT('',(0.0208486,0.137569582394473,0.0701051272565181));
#3255=CARTESIAN_POINT('',(0.0208486,0.134571419763565,0.070000147074461));
#3256=CARTESIAN_POINT('',(0.0288,0.13856896993811,0.0701401206505371));
#3257=CARTESIAN_POINT('',(0.0288,0.138038970998106,0.0709881189545422));
#3258=CARTESIAN_POINT('',(0.0208486,0.138038970998106,0.0709881189545422));
#3259=CARTESIAN_POINT('',(0.0208486,0.13856896993811,0.0701401206505371));
#3260=CARTESIAN_POINT('',(0.0288,0.138836419233567,0.0714865241017049));
#3261=CARTESIAN_POINT('',(0.0288,0.142041420823562,0.0734896500954519));
#3262=CARTESIAN_POINT('',(0.0208486,0.142041420823562,0.0734896500954519));
#3263=CARTESIAN_POINT('',(0.0208486,0.112189059153006,0.0548319240513547));
#3264=CARTESIAN_POINT('',(0.0288,0.142571419763565,0.0726416517914468));
#3265=CARTESIAN_POINT('',(0.0288,0.143101418703568,0.0734896500954519));
#3266=CARTESIAN_POINT('',(0.0208486,0.143101418703568,0.0734896500954519));
#3267=CARTESIAN_POINT('',(0.0208486,0.142571419763565,0.0726416517914468));
#3268=CARTESIAN_POINT('',(0.0288,0.146306420293563,0.0714865241017049));
#3269=CARTESIAN_POINT('',(0.0208486,0.117870634306708,0.0892588903434896));
#3270=CARTESIAN_POINT('',(0.0288,0.146345012216388,0.075000147074461));
#3271=CARTESIAN_POINT('',(0.0288,0.145815013276384,0.0741521487704559));
#3272=CARTESIAN_POINT('',(0.0208486,0.145815013276384,0.0741521487704559));
#3273=CARTESIAN_POINT('',(0.0288,0.145815013276384,0.0758481453784661));
#3274=CARTESIAN_POINT('',(0.0208486,0.145815013276384,0.0758481453784661));
#3275=CARTESIAN_POINT('',(0.0208486,0.146345012216388,0.075000147074461));
#3276=CARTESIAN_POINT('',(0.0288,0.147779817346772,0.0770761479224585));
#3277=CARTESIAN_POINT('',(0.0288,0.14816386640903,0.0773161785863697));
#3278=CARTESIAN_POINT('',(0.0208486,0.14816386640903,0.0773161785863697));
#3279=CARTESIAN_POINT('',(0.0208486,0.112189059153007,0.0548319240513547));
#3280=CARTESIAN_POINT('',(0.0288,0.148651449613434,0.0765360454593234));
#3281=CARTESIAN_POINT('',(0.0208486,0.148651449613434,0.0765360454593234));
#3282=CARTESIAN_POINT('',(0.0208486,0.149571419763565,0.0765360454593235));
#3283=CARTESIAN_POINT('',(0.0288,0.149571419763565,0.0765360454593235));
#3284=CARTESIAN_POINT('',(0.0288,0.149571419763565,0.075000147074461));
#3285=CARTESIAN_POINT('',(0.0208486,0.149571419763565,0.067500147074461));
#3286=CARTESIAN_POINT('',(0.0208486,0.149571419763565,0.0734642486895988));
#3287=CARTESIAN_POINT('',(0.0288,0.149571419763565,0.0734642486895988));
#3288=CARTESIAN_POINT('',(0.0288,0.148651449613434,0.0734642486895988));
#3289=CARTESIAN_POINT('',(0.0208486,0.148651449613434,0.0734642486895988));
#3290=CARTESIAN_POINT('',(0.0208486,0.14816386640903,0.0726841155625524));
#3291=CARTESIAN_POINT('',(0.0288,0.14816386640903,0.0726841155625524));
#3292=CARTESIAN_POINT('',(0.0288,0.147779817346772,0.0729241462264635));
#3293=CARTESIAN_POINT('',(0.0208486,0.118930632186714,0.0909548869514998));
#3294=CARTESIAN_POINT('',(0.0288,0.146306420293563,0.0785137700472171));
#3295=CARTESIAN_POINT('',(0.0208486,0.111129061273,0.0565279206593649));
#3296=CARTESIAN_POINT('',(0.0208486,0.143101418703568,0.07651064405347));
#3297=CARTESIAN_POINT('',(0.0208486,0.147103868529024,0.0790121751943798));
#3298=CARTESIAN_POINT('',(0.0288,0.147103868529024,0.0790121751943798));
#3299=CARTESIAN_POINT('',(0.0288,0.143101418703568,0.07651064405347));
#3300=CARTESIAN_POINT('',(0.0288,0.142571419763565,0.0773586423574751));
#3301=CARTESIAN_POINT('',(0.0288,0.142041420823562,0.07651064405347));
#3302=CARTESIAN_POINT('',(0.0208486,0.142041420823562,0.07651064405347));
#3303=CARTESIAN_POINT('',(0.0208486,0.142571419763565,0.0773586423574751));
#3304=CARTESIAN_POINT('',(0.0288,0.138836419233567,0.0785137700472171));
#3305=CARTESIAN_POINT('',(0.0208486,0.118930632186714,0.0909548869514998));
#3306=CARTESIAN_POINT('',(0.0208486,0.138038970998106,0.0790121751943797));
#3307=CARTESIAN_POINT('',(0.0288,0.138038970998106,0.0790121751943797));
#3308=CARTESIAN_POINT('',(0.0288,0.13856896993811,0.0798601734983848));
#3309=CARTESIAN_POINT('',(0.0288,0.137569582394473,0.0798951668924039));
#3310=CARTESIAN_POINT('',(0.0208486,0.137569582394473,0.0798951668924039));
#3311=CARTESIAN_POINT('',(0.0208486,0.13856896993811,0.0798601734983848));
#3312=CARTESIAN_POINT('',(0.0288,0.134571419763565,0.080000147074461));
#3313=CARTESIAN_POINT('',(0.0288,0.137494496054051,0.080675147074461));
#3314=CARTESIAN_POINT('',(0.0208486,0.137494496054051,0.080675147074461));
#3315=CARTESIAN_POINT('',(0.0208486,0.134571419763565,0.080000147074461));
#3316=CARTESIAN_POINT('',(0.0288,0.138468854817546,0.080900147074461));
#3317=CARTESIAN_POINT('',(0.0288,0.138468854817546,0.081900147074461));
#3318=CARTESIAN_POINT('',(0.0208486,0.138468854817546,0.081900147074461));
#3319=CARTESIAN_POINT('',(0.0208486,0.138468854817546,0.080900147074461));
#3320=CARTESIAN_POINT('',(0.0288,0.142571419763565,0.081900147074461));
#3321=CARTESIAN_POINT('',(0.0288,0.146673984709584,0.081900147074461));
#3322=CARTESIAN_POINT('',(0.0208486,0.146673984709584,0.081900147074461));
#3323=CARTESIAN_POINT('',(0.0208486,0.104271419763565,0.081900147074461));
#3324=CARTESIAN_POINT('',(0.0288,0.146673984709584,0.080900147074461));
#3325=CARTESIAN_POINT('',(0.0288,0.147648343473079,0.080675147074461));
#3326=CARTESIAN_POINT('',(0.0208486,0.147648343473079,0.080675147074461));
#3327=CARTESIAN_POINT('',(0.0208486,0.146673984709584,0.080900147074461));
#3328=CARTESIAN_POINT('',(0.0288,0.150571419763564,0.0800001470744611));
#3329=CARTESIAN_POINT('',(0.0288,0.147573257132657,0.0798951668924039));
#3330=CARTESIAN_POINT('',(0.0208486,0.147573257132657,0.0798951668924039));
#3331=CARTESIAN_POINT('',(0.0208486,0.150571419763564,0.0800001470744611));
#3332=CARTESIAN_POINT('',(0.0288,0.146573869589021,0.0798601734983849));
#3333=CARTESIAN_POINT('',(0.0208486,0.146573869589021,0.0798601734983849));
#3334=CARTESIAN_POINT('',(0.0208486,0.132071419763565,0.068100147074461));
#3335=CARTESIAN_POINT('',(0.0208486,0.129571419763565,0.068100147074461));
#3336=CARTESIAN_POINT('',(0.0208486,0.129571419763565,0.068100147074461));
#3337=CARTESIAN_POINT('',(0.0208486,0.132071419763565,0.068100147074461));
#3338=CARTESIAN_POINT('',(0.0208486,0.134571419763565,0.068100147074461));
#3339=CARTESIAN_POINT('',(0.0208486,0.134571419763565,0.068100147074461));
#3340=CARTESIAN_POINT('',(0.0208486,0.129571419763565,0.070000147074461));
#3341=CARTESIAN_POINT('',(0.0208486,0.129571419763565,0.071900147074461));
#3342=CARTESIAN_POINT('',(0.0208486,0.129571419763565,0.071900147074461));
#3343=CARTESIAN_POINT('',(0.0208486,0.129571419763565,0.070000147074461));
#3344=CARTESIAN_POINT('',(0.0208486,0.132071419763565,0.071900147074461));
#3345=CARTESIAN_POINT('',(0.0208486,0.134571419763565,0.071900147074461));
#3346=CARTESIAN_POINT('',(0.0208486,0.134571419763565,0.071900147074461));
#3347=CARTESIAN_POINT('',(0.0208486,0.132071419763565,0.071900147074461));
#3348=CARTESIAN_POINT('',(0.0208486,0.134571419763565,0.070000147074461));
#3349=CARTESIAN_POINT('',(0.0208486,0.134571419763565,0.070000147074461));
#3350=CARTESIAN_POINT('',(0.0208486,0.129571419763565,0.080000147074461));
#3351=CARTESIAN_POINT('',(0.0208486,0.129571419763565,0.081900147074461));
#3352=CARTESIAN_POINT('',(0.0208486,0.129571419763565,0.081900147074461));
#3353=CARTESIAN_POINT('',(0.0208486,0.129571419763565,0.080000147074461));
#3354=CARTESIAN_POINT('',(0.0208486,0.129571419763565,0.078100147074461));
#3355=CARTESIAN_POINT('',(0.0208486,0.129571419763565,0.078100147074461));
#3356=CARTESIAN_POINT('',(0.0208486,0.132071419763565,0.081900147074461));
#3357=CARTESIAN_POINT('',(0.0208486,0.134571419763565,0.081900147074461));
#3358=CARTESIAN_POINT('',(0.0208486,0.134571419763565,0.081900147074461));
#3359=CARTESIAN_POINT('',(0.0208486,0.132071419763565,0.081900147074461));
#3360=CARTESIAN_POINT('',(0.0208486,0.134571419763565,0.080000147074461));
#3361=CARTESIAN_POINT('',(0.0208486,0.134571419763565,0.078100147074461));
#3362=CARTESIAN_POINT('',(0.0208486,0.134571419763565,0.078100147074461));
#3363=CARTESIAN_POINT('',(0.0208486,0.134571419763565,0.080000147074461));
#3364=CARTESIAN_POINT('',(0.0208486,0.132071419763565,0.078100147074461));
#3365=CARTESIAN_POINT('',(0.0208486,0.132071419763565,0.078100147074461));
#3366=CARTESIAN_POINT('',(0.0208486,0.0815714197635651,0.070000147074461));
#3367=CARTESIAN_POINT('',(0.0208486,0.0815714197635651,0.070000147074461));
#3368=CARTESIAN_POINT('',(0.0208486,0.0815714197635651,0.068100147074461));
#3369=CARTESIAN_POINT('',(0.0208486,0.0815714197635651,0.080000147074461));
#3370=CARTESIAN_POINT('',(0.0208486,0.0815714197635651,0.080000147074461));
#3371=CARTESIAN_POINT('',(0.0208486,0.0815714197635651,0.078100147074461));
#3372=CARTESIAN_POINT('',(0.0208486,0.203571419763565,0.070000147074461));
#3373=CARTESIAN_POINT('',(0.0208486,0.203571419763565,0.068100147074461));
#3374=CARTESIAN_POINT('',(0.0208486,0.203571419763565,0.068100147074461));
#3375=CARTESIAN_POINT('',(0.0208486,0.203571419763565,0.070000147074461));
#3376=CARTESIAN_POINT('',(0.0208486,0.203571419763565,0.071900147074461));
#3377=CARTESIAN_POINT('',(0.0208486,0.203571419763565,0.071900147074461));
#3378=CARTESIAN_POINT('',(0.0208486,0.201071419763565,0.068100147074461));
#3379=CARTESIAN_POINT('',(0.0208486,0.198571419763565,0.068100147074461));
#3380=CARTESIAN_POINT('',(0.0208486,0.198571419763565,0.068100147074461));
#3381=CARTESIAN_POINT('',(0.0208486,0.201071419763565,0.068100147074461));
#3382=CARTESIAN_POINT('',(0.0208486,0.198571419763565,0.070000147074461));
#3383=CARTESIAN_POINT('',(0.0208486,0.198571419763565,0.071900147074461));
#3384=CARTESIAN_POINT('',(0.0208486,0.198571419763565,0.071900147074461));
#3385=CARTESIAN_POINT('',(0.0208486,0.198571419763565,0.070000147074461));
#3386=CARTESIAN_POINT('',(0.0208486,0.201071419763565,0.071900147074461));
#3387=CARTESIAN_POINT('',(0.0208486,0.201071419763565,0.071900147074461));
#3388=CARTESIAN_POINT('',(0.0208486,0.203571419763565,0.080000147074461));
#3389=CARTESIAN_POINT('',(0.0208486,0.203571419763565,0.078100147074461));
#3390=CARTESIAN_POINT('',(0.0208486,0.203571419763565,0.078100147074461));
#3391=CARTESIAN_POINT('',(0.0208486,0.203571419763565,0.080000147074461));
#3392=CARTESIAN_POINT('',(0.0208486,0.203571419763565,0.081900147074461));
#3393=CARTESIAN_POINT('',(0.0208486,0.203571419763565,0.081900147074461));
#3394=CARTESIAN_POINT('',(0.0208486,0.201071419763565,0.078100147074461));
#3395=CARTESIAN_POINT('',(0.0208486,0.198571419763565,0.078100147074461));
#3396=CARTESIAN_POINT('',(0.0208486,0.198571419763565,0.078100147074461));
#3397=CARTESIAN_POINT('',(0.0208486,0.201071419763565,0.078100147074461));
#3398=CARTESIAN_POINT('',(0.0208486,0.198571419763565,0.080000147074461));
#3399=CARTESIAN_POINT('',(0.0208486,0.198571419763565,0.081900147074461));
#3400=CARTESIAN_POINT('',(0.0208486,0.198571419763565,0.081900147074461));
#3401=CARTESIAN_POINT('',(0.0208486,0.198571419763565,0.080000147074461));
#3402=CARTESIAN_POINT('',(0.0208486,0.201071419763565,0.081900147074461));
#3403=CARTESIAN_POINT('',(0.0208486,0.201071419763565,0.081900147074461));
#3404=CARTESIAN_POINT('',(0.0208486,0.150571419763565,0.080000147074461));
#3405=CARTESIAN_POINT('',(0.0208486,0.150571419763565,0.080000147074461));
#3406=CARTESIAN_POINT('',(0.0208486,0.150571419763565,0.078100147074461));
#3407=CARTESIAN_POINT('',(0.0208486,0.150571419763565,0.070000147074461));
#3408=CARTESIAN_POINT('',(0.0208486,0.150571419763565,0.070000147074461));
#3409=CARTESIAN_POINT('',(0.0208486,0.150571419763565,0.068100147074461));
#3410=CARTESIAN_POINT('',(0.0288,0.132571419763565,0.0770001470744611));
#3411=CARTESIAN_POINT('',(0.0208486,0.104271419763565,0.0770001470744611));
#3412=CARTESIAN_POINT('',(0.0208486,0.134571419763565,0.077000147074461));
#3413=CARTESIAN_POINT('',(0.0208486,0.131571419763565,0.0770001470744611));
#3414=CARTESIAN_POINT('',(0.0288,0.131571419763565,0.0770001470744611));
#3415=CARTESIAN_POINT('',(0.0288,0.134571419763565,0.077000147074461));
#3416=CARTESIAN_POINT('',(0.0288,0.134571419763565,0.080000147074461));
#3417=CARTESIAN_POINT('',(0.0288,0.135979585574464,0.0773511719803886));
#3418=CARTESIAN_POINT('',(0.0208486,0.135979585574464,0.0773511719803886));
#3419=CARTESIAN_POINT('',(0.0208486,0.134571419763565,0.080000147074461));
#3420=CARTESIAN_POINT('',(0.0288,0.136448974178097,0.0764681802823645));
#3421=CARTESIAN_POINT('',(0.0288,0.1369789731181,0.0773161785863696));
#3422=CARTESIAN_POINT('',(0.0208486,0.1369789731181,0.0773161785863696));
#3423=CARTESIAN_POINT('',(0.0208486,0.136448974178097,0.0764681802823645));
#3424=CARTESIAN_POINT('',(0.0288,0.137363022180358,0.0770761479224584));
#3425=CARTESIAN_POINT('',(0.0288,0.139327826250746,0.0758481453784661));
#3426=CARTESIAN_POINT('',(0.0208486,0.139327826250746,0.0758481453784661));
#3427=CARTESIAN_POINT('',(0.0208486,0.117870634306708,0.0892588903434896));
#3428=CARTESIAN_POINT('',(0.0288,0.138797827310742,0.075000147074461));
#3429=CARTESIAN_POINT('',(0.0288,0.139327826250746,0.0741521487704559));
#3430=CARTESIAN_POINT('',(0.0208486,0.139327826250746,0.0741521487704559));
#3431=CARTESIAN_POINT('',(0.0208486,0.138797827310742,0.075000147074461));
#3432=CARTESIAN_POINT('',(0.0288,0.137363022180358,0.0729241462264635));
#3433=CARTESIAN_POINT('',(0.0208486,0.111129061273,0.0565279206593649));
#3434=CARTESIAN_POINT('',(0.0208486,0.1369789731181,0.0726841155625524));
#3435=CARTESIAN_POINT('',(0.0288,0.1369789731181,0.0726841155625524));
#3436=CARTESIAN_POINT('',(0.0288,0.136448974178097,0.0735321138665575));
#3437=CARTESIAN_POINT('',(0.0288,0.135979585574464,0.0726491221685333));
#3438=CARTESIAN_POINT('',(0.0208486,0.135979585574464,0.0726491221685333));
#3439=CARTESIAN_POINT('',(0.0208486,0.136448974178097,0.0735321138665575));
#3440=CARTESIAN_POINT('',(0.0288,0.134571419763565,0.070000147074461));
#3441=CARTESIAN_POINT('',(0.0288,0.134571419763565,0.073000147074461));
#3442=CARTESIAN_POINT('',(0.0208486,0.134571419763565,0.073000147074461));
#3443=CARTESIAN_POINT('',(0.0208486,0.134571419763565,0.070000147074461));
#3444=CARTESIAN_POINT('',(0.0288,0.132571419763565,0.073000147074461));
#3445=CARTESIAN_POINT('',(0.0208486,0.104271419763565,0.073000147074461));
#3446=CARTESIAN_POINT('',(0.0208486,0.131571419763565,0.073000147074461));
#3447=CARTESIAN_POINT('',(0.0288,0.131571419763565,0.073000147074461));
#3448=CARTESIAN_POINT('',(0.0288,0.131571419763565,0.074000147074461));
#3449=CARTESIAN_POINT('',(0.0288,0.130571419763565,0.074000147074461));
#3450=CARTESIAN_POINT('',(0.0208486,0.130571419763565,0.074000147074461));
#3451=CARTESIAN_POINT('',(0.0208486,0.131571419763565,0.074000147074461));
#3452=CARTESIAN_POINT('',(0.0288,0.130571419763565,0.075000147074461));
#3453=CARTESIAN_POINT('',(0.0288,0.130571419763565,0.0760001470744611));
#3454=CARTESIAN_POINT('',(0.0208486,0.130571419763565,0.0760001470744611));
#3455=CARTESIAN_POINT('',(0.0208486,0.130571419763565,0.067500147074461));
#3456=CARTESIAN_POINT('',(0.0288,0.131571419763565,0.0760001470744611));
#3457=CARTESIAN_POINT('',(0.0208486,0.131571419763565,0.0760001470744611));
#3458=CARTESIAN_POINT('',(0.0408486,0.0785714197635651,0.0699482632150359));
#3459=CARTESIAN_POINT('',(0.0208486,0.0785714197635651,0.067500147074461));
#3460=CARTESIAN_POINT('',(0.0208486,0.0785714197635651,0.0728963793556103));
#3461=CARTESIAN_POINT('',(0.0408486,0.0785714197635651,0.0728963793556101));
#3462=CARTESIAN_POINT('',(0.0158486,0.0745714197635651,0.080000147074461));
#3463=CARTESIAN_POINT('',(0.0208486,0.0745714197635651,0.080000147074461));
#3464=CARTESIAN_POINT('',(0.0208486,0.0745714197635651,0.078100147074461));
#3465=CARTESIAN_POINT('',(0.0208486,0.104271419763565,0.067500147074461));
#3466=CARTESIAN_POINT('',(0.0208486,0.0745714197635651,0.087000147074461));
#3467=CARTESIAN_POINT('',(0.0208486,0.0745714197635651,0.085100147074461));
#3468=CARTESIAN_POINT('',(0.0208486,0.0710714197635651,0.085000147074461));
#3469=CARTESIAN_POINT('',(0.0208486,0.0710714197635651,0.0768963793556103));
#3470=CARTESIAN_POINT('',(0.0208486,0.0710714197635651,0.090000147074461));
#3471=CARTESIAN_POINT('',(0.0208486,0.0730714197635651,0.0768963793556103));
#3472=CARTESIAN_POINT('',(0.0208486,0.0730714197635651,0.0748963793556108));
#3473=CARTESIAN_POINT('',(0.0208486,0.104271419763565,0.0748963793556108));
#3474=CARTESIAN_POINT('',(0.0208486,0.0765714197635651,0.0748963793556108));
#3475=CARTESIAN_POINT('',(0.0208486,0.0765714197635651,0.0728963793556103));
#3476=CARTESIAN_POINT('',(0.0208486,0.111071419763565,0.090000147074461));
#3477=CARTESIAN_POINT('',(-0.0270000000000012,0.0535714197635651,0.0748963793556108));
#3478=CARTESIAN_POINT('',(0.0158486,0.0730714197635651,0.0748963793556104));
#3479=CARTESIAN_POINT('',(-0.0270000000000012,0.0765714197635651,0.0748963793556108));
#3480=CARTESIAN_POINT('',(0.0116349575128964,0.0535714197635651,0.0922994804217239));
#3481=CARTESIAN_POINT('',(0.00330950373499066,0.206571419763565,0.0943771596381064));
#3482=CARTESIAN_POINT('',(0.0173163708343004,0.0710714197635651,0.0908816412633484));
#3483=CARTESIAN_POINT('',(0.0158486,0.0710714197635651,0.085000147074461));
#3484=CARTESIAN_POINT('',(0.0208486,0.0710714197635651,0.0768963793556103));
#3485=CARTESIAN_POINT('',(-0.0270000000000012,0.0730714197635651,0.0768963793556108));
#3486=CARTESIAN_POINT('',(0.0408486,0.0765714197635651,0.0728963793556101));
#3487=CARTESIAN_POINT('',(0.0088486,0.0745714197635651,0.087000147074461));
#3488=CARTESIAN_POINT('',(-0.0208486,0.211299999763565,0.0874482632150357));
#3489=CARTESIAN_POINT('',(-0.0208486,0.211299999763565,0.070000147074461));
#3490=CARTESIAN_POINT('',(-0.0208486,0.211299999763565,0.0967255553428951));
#3491=CARTESIAN_POINT('',(-0.0151,0.206571419763565,0.0904963793556106));
#3492=CARTESIAN_POINT('',(-0.0151,0.206571419763565,0.0925748403246933));
#3493=CARTESIAN_POINT('',(-0.0151000000000003,0.186299999763565,0.088417918386528));
#3494=CARTESIAN_POINT('',(-0.0220323297956017,0.206571419763565,0.0999181157943382));
#3495=CARTESIAN_POINT('',(-0.0174451914195936,0.206571419763565,0.101463792972951));
#3496=CARTESIAN_POINT('',(-0.0130646595912018,0.206571419763565,0.102939852233066));
#3497=CARTESIAN_POINT('',(-0.0115,0.206571419763565,0.0982963793556106));
#3498=CARTESIAN_POINT('',(-0.00870612753754608,0.206571419763565,0.102321832952852));
#3499=CARTESIAN_POINT('',(-0.00509424799151992,0.206571419763565,0.0998150022174882));
#3500=CARTESIAN_POINT('',(0.00166927098007688,0.206571419763565,0.0951207711333241));
#3501=CARTESIAN_POINT('',(0.00452016124788709,0.206571419763565,0.0992283768447946));
#3502=CARTESIAN_POINT('',(-0.00790000000000018,0.206571419763565,0.0904963793556105));
#3503=CARTESIAN_POINT('',(-0.00790000000000026,0.186299999763565,0.0884179183865278));
#3504=CARTESIAN_POINT('',(-0.00790000000000014,0.206571419763565,0.0925748403246932));
#3505=CARTESIAN_POINT('',(-0.00970000000000013,0.206571419763565,0.0936140708092345));
#3506=CARTESIAN_POINT('',(-0.0115000000000001,0.206571419763565,0.0946533012937758));
#3507=CARTESIAN_POINT('',(-0.0133000000000001,0.206571419763565,0.0936140708092346));
#3508=CARTESIAN_POINT('',(-0.00970000000000028,0.186299999763565,0.0873786879019865));
#3509=CARTESIAN_POINT('',(-0.0115000000000003,0.186299999763565,0.0863394574174452));
#3510=CARTESIAN_POINT('',(-0.0124000000000003,0.186299999763565,0.0868590726597159));
#3511=CARTESIAN_POINT('',(-0.0158486,0.211299999763565,0.070000147074461));
#3512=CARTESIAN_POINT('',(-0.0158486,0.211299999763565,0.0967255553428951));
#3513=CARTESIAN_POINT('',(-0.0115000000000003,0.1863,0.0781122939587056));
#3514=CARTESIAN_POINT('',(0.0115000000000003,0.1863,0.0781122939587056));
#3515=MECHANICAL_DESIGN_GEOMETRIC_PRESENTATION_REPRESENTATION('',(#2076),
#3516);
#3516=(
GEOMETRIC_REPRESENTATION_CONTEXT(3)
GLOBAL_UNCERTAINTY_ASSIGNED_CONTEXT((#3517))
GLOBAL_UNIT_ASSIGNED_CONTEXT((#3520,#3519,#3518))
REPRESENTATION_CONTEXT('btrshftr C1-C2 Shifter Plate Male',
'TOP_LEVEL_ASSEMBLY_PART')
);
#3517=UNCERTAINTY_MEASURE_WITH_UNIT(LENGTH_MEASURE(1.E-8),#3520,
'DISTANCE_ACCURACY_VALUE','Maximum Tolerance applied to model');
#3518=(
NAMED_UNIT(*)
SI_UNIT($,.STERADIAN.)
SOLID_ANGLE_UNIT()
);
#3519=(
NAMED_UNIT(*)
PLANE_ANGLE_UNIT()
SI_UNIT($,.RADIAN.)
);
#3520=(
LENGTH_UNIT()
NAMED_UNIT(*)
SI_UNIT($,.METRE.)
);
#3521=PRODUCT_DEFINITION_SHAPE('','',#3522);
#3522=PRODUCT_DEFINITION('','',#3524,#3523);
#3523=PRODUCT_DEFINITION_CONTEXT('',#3530,'design');
#3524=PRODUCT_DEFINITION_FORMATION_WITH_SPECIFIED_SOURCE('','',#3526,
 .NOT_KNOWN.);
#3525=PRODUCT_RELATED_PRODUCT_CATEGORY('','',(#3526));
#3526=PRODUCT('btrshftr C1-C2 Shifter Plate Male',
'btrshftr C1-C2 Shifter Plate Male','btrshftr C1-C2 Shifter Plate Male',
(#3528));
#3527=PRODUCT_CATEGORY('','');
#3528=PRODUCT_CONTEXT('',#3530,'mechanical');
#3529=APPLICATION_PROTOCOL_DEFINITION('international standard',
'ap242_managed_model_based_3d_engineering',2020,#3530);
#3530=APPLICATION_CONTEXT('managed model based 3d engineering');
ENDSEC;
END-ISO-10303-21;
