ISO-10303-21;
HEADER;
/* Generated by software containing ST-Developer
 * from STEP Tools, Inc. (www.steptools.com) 
 */
/* OPTION: using custom renumber hook */

FILE_DESCRIPTION(
/* description */ ('STEP AP242 Edition 2',
'CAx-IF Rec.Pracs.---Representation and Presentation of Product Manufa
cturing Information (PMI)---4.0---2014-10-13',
'CAx-IF Rec.Pracs.---3D Tessellated Geometry---0.4---2014-09-14','2;1',
'CAx-IF Rec.Pracs.---User Defined Attributes---1.5---2016-08-15'),
/* implementation_level */ '2;1');

FILE_NAME(
/* name */ 'Assembly 1 - btrshftr C1-C2 Shifter Plate Female',
/* time_stamp */ '2026-06-22T21:39:40Z',
/* author */ (''),
/* organization */ (''),
/* preprocessor_version */ 'ST-DEVELOPER v20',
/* originating_system */ 'ONSHAPE BY PTC INC, 1.216',
/* authorisation */ '  ');

FILE_SCHEMA (('AP242_MANAGED_MODEL_BASED_3D_ENGINEERING_MIM_LF { 1 0 10303 442 3 1 4 }'));
ENDSEC;

DATA;
#10=SHAPE_REPRESENTATION_RELATIONSHIP('','',#4322,#11);
#11=ADVANCED_BREP_SHAPE_REPRESENTATION('',(#4320),#7413);
#12=PLANE('',#4339);
#13=PLANE('',#4396);
#14=PLANE('',#4401);
#15=PLANE('',#4406);
#16=PLANE('',#4446);
#17=PLANE('',#4453);
#18=PLANE('',#4463);
#19=PLANE('',#4467);
#20=PLANE('',#4471);
#21=PLANE('',#4476);
#22=PLANE('',#4477);
#23=PLANE('',#4478);
#24=PLANE('',#4479);
#25=PLANE('',#4480);
#26=PLANE('',#4481);
#27=PLANE('',#4484);
#28=PLANE('',#4487);
#29=PLANE('',#4488);
#30=PLANE('',#4493);
#31=PLANE('',#4496);
#32=PLANE('',#4501);
#33=PLANE('',#4505);
#34=PLANE('',#4506);
#35=PLANE('',#4507);
#36=PLANE('',#4508);
#37=PLANE('',#4511);
#38=PLANE('',#4514);
#39=PLANE('',#4515);
#40=PLANE('',#4516);
#41=PLANE('',#4517);
#42=PLANE('',#4518);
#43=PLANE('',#4523);
#44=PLANE('',#4524);
#45=PLANE('',#4525);
#46=PLANE('',#4530);
#47=PLANE('',#4531);
#48=PLANE('',#4536);
#49=PLANE('',#4537);
#50=PLANE('',#4541);
#51=PLANE('',#4545);
#52=PLANE('',#4546);
#53=PLANE('',#4547);
#54=PLANE('',#4550);
#55=PLANE('',#4551);
#56=PLANE('',#4556);
#57=PLANE('',#4561);
#58=PLANE('',#4562);
#59=PLANE('',#4563);
#60=PLANE('',#4568);
#61=PLANE('',#4569);
#62=PLANE('',#4572);
#63=PLANE('',#4573);
#64=PLANE('',#4574);
#65=PLANE('',#4580);
#66=PLANE('',#4581);
#67=PLANE('',#4582);
#68=PLANE('',#4592);
#69=PLANE('',#4593);
#70=PLANE('',#4594);
#71=PLANE('',#4599);
#72=PLANE('',#4600);
#73=PLANE('',#4601);
#74=PLANE('',#4602);
#75=PLANE('',#4603);
#76=PLANE('',#4604);
#77=PLANE('',#4689);
#78=PLANE('',#4690);
#79=PLANE('',#4691);
#80=PLANE('',#4692);
#81=PLANE('',#4693);
#82=PLANE('',#4694);
#83=PLANE('',#4695);
#84=PLANE('',#4696);
#85=PLANE('',#4697);
#86=PLANE('',#4698);
#87=PLANE('',#4699);
#88=PLANE('',#4700);
#89=PLANE('',#4769);
#90=PLANE('',#4770);
#91=PLANE('',#4771);
#92=PLANE('',#4772);
#93=PLANE('',#4773);
#94=PLANE('',#4774);
#95=PLANE('',#4775);
#96=PLANE('',#4778);
#97=PLANE('',#4781);
#98=PLANE('',#4782);
#99=PLANE('',#4783);
#100=PLANE('',#4784);
#101=PLANE('',#4785);
#102=PLANE('',#4798);
#103=PLANE('',#4799);
#104=LINE('',#6137,#476);
#105=LINE('',#6141,#477);
#106=LINE('',#6146,#478);
#107=LINE('',#6150,#479);
#108=LINE('',#6152,#480);
#109=LINE('',#6157,#481);
#110=LINE('',#6164,#482);
#111=LINE('',#6168,#483);
#112=LINE('',#6173,#484);
#113=LINE('',#6177,#485);
#114=LINE('',#6179,#486);
#115=LINE('',#6184,#487);
#116=LINE('',#6188,#488);
#117=LINE('',#6200,#489);
#118=LINE('',#6204,#490);
#119=LINE('',#6208,#491);
#120=LINE('',#6212,#492);
#121=LINE('',#6217,#493);
#122=LINE('',#6221,#494);
#123=LINE('',#6229,#495);
#124=LINE('',#6233,#496);
#125=LINE('',#6241,#497);
#126=LINE('',#6245,#498);
#127=LINE('',#6249,#499);
#128=LINE('',#6255,#500);
#129=LINE('',#6259,#501);
#130=LINE('',#6265,#502);
#131=LINE('',#6273,#503);
#132=LINE('',#6281,#504);
#133=LINE('',#6285,#505);
#134=LINE('',#6293,#506);
#135=LINE('',#6297,#507);
#136=LINE('',#6305,#508);
#137=LINE('',#6309,#509);
#138=LINE('',#6317,#510);
#139=LINE('',#6325,#511);
#140=LINE('',#6331,#512);
#141=LINE('',#6335,#513);
#142=LINE('',#6341,#514);
#143=LINE('',#6345,#515);
#144=LINE('',#6349,#516);
#145=LINE('',#6358,#517);
#146=LINE('',#6364,#518);
#147=LINE('',#6370,#519);
#148=LINE('',#6376,#520);
#149=LINE('',#6378,#521);
#150=LINE('',#6383,#522);
#151=LINE('',#6387,#523);
#152=LINE('',#6399,#524);
#153=LINE('',#6403,#525);
#154=LINE('',#6407,#526);
#155=LINE('',#6416,#527);
#156=LINE('',#6422,#528);
#157=LINE('',#6427,#529);
#158=LINE('',#6433,#530);
#159=LINE('',#6437,#531);
#160=LINE('',#6443,#532);
#161=LINE('',#6447,#533);
#162=LINE('',#6451,#534);
#163=LINE('',#6459,#535);
#164=LINE('',#6463,#536);
#165=LINE('',#6471,#537);
#166=LINE('',#6475,#538);
#167=LINE('',#6479,#539);
#168=LINE('',#6485,#540);
#169=LINE('',#6486,#541);
#170=LINE('',#6492,#542);
#171=LINE('',#6497,#543);
#172=LINE('',#6502,#544);
#173=LINE('',#6506,#545);
#174=LINE('',#6510,#546);
#175=LINE('',#6516,#547);
#176=LINE('',#6520,#548);
#177=LINE('',#6527,#549);
#178=LINE('',#6536,#550);
#179=LINE('',#6537,#551);
#180=LINE('',#6539,#552);
#181=LINE('',#6544,#553);
#182=LINE('',#6548,#554);
#183=LINE('',#6550,#555);
#184=LINE('',#6552,#556);
#185=LINE('',#6556,#557);
#186=LINE('',#6560,#558);
#187=LINE('',#6563,#559);
#188=LINE('',#6565,#560);
#189=LINE('',#6567,#561);
#190=LINE('',#6571,#562);
#191=LINE('',#6575,#563);
#192=LINE('',#6577,#564);
#193=LINE('',#6579,#565);
#194=LINE('',#6584,#566);
#195=LINE('',#6585,#567);
#196=LINE('',#6589,#568);
#197=LINE('',#6593,#569);
#198=LINE('',#6594,#570);
#199=LINE('',#6596,#571);
#200=LINE('',#6598,#572);
#201=LINE('',#6600,#573);
#202=LINE('',#6602,#574);
#203=LINE('',#6605,#575);
#204=LINE('',#6606,#576);
#205=LINE('',#6608,#577);
#206=LINE('',#6610,#578);
#207=LINE('',#6612,#579);
#208=LINE('',#6614,#580);
#209=LINE('',#6616,#581);
#210=LINE('',#6618,#582);
#211=LINE('',#6620,#583);
#212=LINE('',#6623,#584);
#213=LINE('',#6624,#585);
#214=LINE('',#6626,#586);
#215=LINE('',#6628,#587);
#216=LINE('',#6630,#588);
#217=LINE('',#6635,#589);
#218=LINE('',#6636,#590);
#219=LINE('',#6638,#591);
#220=LINE('',#6641,#592);
#221=LINE('',#6642,#593);
#222=LINE('',#6647,#594);
#223=LINE('',#6648,#595);
#224=LINE('',#6650,#596);
#225=LINE('',#6653,#597);
#226=LINE('',#6654,#598);
#227=LINE('',#6656,#599);
#228=LINE('',#6658,#600);
#229=LINE('',#6660,#601);
#230=LINE('',#6662,#602);
#231=LINE('',#6666,#603);
#232=LINE('',#6667,#604);
#233=LINE('',#6671,#605);
#234=LINE('',#6675,#606);
#235=LINE('',#6678,#607);
#236=LINE('',#6679,#608);
#237=LINE('',#6684,#609);
#238=LINE('',#6685,#610);
#239=LINE('',#6687,#611);
#240=LINE('',#6689,#612);
#241=LINE('',#6691,#613);
#242=LINE('',#6696,#614);
#243=LINE('',#6697,#615);
#244=LINE('',#6701,#616);
#245=LINE('',#6702,#617);
#246=LINE('',#6706,#618);
#247=LINE('',#6707,#619);
#248=LINE('',#6709,#620);
#249=LINE('',#6712,#621);
#250=LINE('',#6714,#622);
#251=LINE('',#6716,#623);
#252=LINE('',#6720,#624);
#253=LINE('',#6724,#625);
#254=LINE('',#6726,#626);
#255=LINE('',#6728,#627);
#256=LINE('',#6730,#628);
#257=LINE('',#6732,#629);
#258=LINE('',#6734,#630);
#259=LINE('',#6736,#631);
#260=LINE('',#6738,#632);
#261=LINE('',#6740,#633);
#262=LINE('',#6742,#634);
#263=LINE('',#6744,#635);
#264=LINE('',#6746,#636);
#265=LINE('',#6751,#637);
#266=LINE('',#6752,#638);
#267=LINE('',#6754,#639);
#268=LINE('',#6756,#640);
#269=LINE('',#6758,#641);
#270=LINE('',#6763,#642);
#271=LINE('',#6764,#643);
#272=LINE('',#6766,#644);
#273=LINE('',#6769,#645);
#274=LINE('',#6770,#646);
#275=LINE('',#6772,#647);
#276=LINE('',#6774,#648);
#277=LINE('',#6776,#649);
#278=LINE('',#6778,#650);
#279=LINE('',#6780,#651);
#280=LINE('',#6782,#652);
#281=LINE('',#6784,#653);
#282=LINE('',#6786,#654);
#283=LINE('',#6788,#655);
#284=LINE('',#6790,#656);
#285=LINE('',#6792,#657);
#286=LINE('',#6794,#658);
#287=LINE('',#6796,#659);
#288=LINE('',#6798,#660);
#289=LINE('',#6800,#661);
#290=LINE('',#6802,#662);
#291=LINE('',#6806,#663);
#292=LINE('',#6807,#664);
#293=LINE('',#6811,#665);
#294=LINE('',#6812,#666);
#295=LINE('',#6816,#667);
#296=LINE('',#6819,#668);
#297=LINE('',#6820,#669);
#298=LINE('',#6822,#670);
#299=LINE('',#6825,#671);
#300=LINE('',#6826,#672);
#301=LINE('',#6828,#673);
#302=LINE('',#6830,#674);
#303=LINE('',#6832,#675);
#304=LINE('',#6837,#676);
#305=LINE('',#6840,#677);
#306=LINE('',#6841,#678);
#307=LINE('',#6845,#679);
#308=LINE('',#6846,#680);
#309=LINE('',#6848,#681);
#310=LINE('',#6850,#682);
#311=LINE('',#6852,#683);
#312=LINE('',#6854,#684);
#313=LINE('',#6857,#685);
#314=LINE('',#6858,#686);
#315=LINE('',#6863,#687);
#316=LINE('',#6864,#688);
#317=LINE('',#6868,#689);
#318=LINE('',#6869,#690);
#319=LINE('',#6872,#691);
#320=LINE('',#6874,#692);
#321=LINE('',#6876,#693);
#322=LINE('',#6878,#694);
#323=LINE('',#6880,#695);
#324=LINE('',#6883,#696);
#325=LINE('',#6884,#697);
#326=LINE('',#6886,#698);
#327=LINE('',#6891,#699);
#328=LINE('',#6895,#700);
#329=LINE('',#6897,#701);
#330=LINE('',#6899,#702);
#331=LINE('',#6903,#703);
#332=LINE('',#6907,#704);
#333=LINE('',#6909,#705);
#334=LINE('',#6911,#706);
#335=LINE('',#6913,#707);
#336=LINE('',#6915,#708);
#337=LINE('',#6917,#709);
#338=LINE('',#6918,#710);
#339=LINE('',#6920,#711);
#340=LINE('',#6922,#712);
#341=LINE('',#6923,#713);
#342=LINE('',#6925,#714);
#343=LINE('',#6927,#715);
#344=LINE('',#6931,#716);
#345=LINE('',#6933,#717);
#346=LINE('',#6935,#718);
#347=LINE('',#6937,#719);
#348=LINE('',#6939,#720);
#349=LINE('',#6941,#721);
#350=LINE('',#6945,#722);
#351=LINE('',#6949,#723);
#352=LINE('',#6950,#724);
#353=LINE('',#6954,#725);
#354=LINE('',#6956,#726);
#355=LINE('',#6958,#727);
#356=LINE('',#6961,#728);
#357=LINE('',#6965,#729);
#358=LINE('',#6966,#730);
#359=LINE('',#6970,#731);
#360=LINE('',#6972,#732);
#361=LINE('',#6974,#733);
#362=LINE('',#6976,#734);
#363=LINE('',#6979,#735);
#364=LINE('',#6980,#736);
#365=LINE('',#6982,#737);
#366=LINE('',#6984,#738);
#367=LINE('',#6986,#739);
#368=LINE('',#6990,#740);
#369=LINE('',#6994,#741);
#370=LINE('',#6995,#742);
#371=LINE('',#6999,#743);
#372=LINE('',#7000,#744);
#373=LINE('',#7002,#745);
#374=LINE('',#7004,#746);
#375=LINE('',#7006,#747);
#376=LINE('',#7008,#748);
#377=LINE('',#7012,#749);
#378=LINE('',#7014,#750);
#379=LINE('',#7016,#751);
#380=LINE('',#7017,#752);
#381=LINE('',#7019,#753);
#382=LINE('',#7021,#754);
#383=LINE('',#7023,#755);
#384=LINE('',#7025,#756);
#385=LINE('',#7032,#757);
#386=LINE('',#7035,#758);
#387=LINE('',#7036,#759);
#388=LINE('',#7038,#760);
#389=LINE('',#7041,#761);
#390=LINE('',#7042,#762);
#391=LINE('',#7044,#763);
#392=LINE('',#7046,#764);
#393=LINE('',#7048,#765);
#394=LINE('',#7063,#766);
#395=LINE('',#7066,#767);
#396=LINE('',#7067,#768);
#397=LINE('',#7069,#769);
#398=LINE('',#7072,#770);
#399=LINE('',#7073,#771);
#400=LINE('',#7075,#772);
#401=LINE('',#7077,#773);
#402=LINE('',#7079,#774);
#403=LINE('',#7084,#775);
#404=LINE('',#7085,#776);
#405=LINE('',#7089,#777);
#406=LINE('',#7091,#778);
#407=LINE('',#7094,#779);
#408=LINE('',#7095,#780);
#409=LINE('',#7097,#781);
#410=LINE('',#7100,#782);
#411=LINE('',#7101,#783);
#412=LINE('',#7103,#784);
#413=LINE('',#7104,#785);
#414=LINE('',#7106,#786);
#415=LINE('',#7108,#787);
#416=LINE('',#7109,#788);
#417=LINE('',#7113,#789);
#418=LINE('',#7115,#790);
#419=LINE('',#7116,#791);
#420=LINE('',#7120,#792);
#421=LINE('',#7128,#793);
#422=LINE('',#7133,#794);
#423=LINE('',#7136,#795);
#424=LINE('',#7144,#796);
#425=LINE('',#7151,#797);
#426=LINE('',#7156,#798);
#427=LINE('',#7162,#799);
#428=LINE('',#7168,#800);
#429=LINE('',#7171,#801);
#430=LINE('',#7179,#802);
#431=LINE('',#7182,#803);
#432=LINE('',#7188,#804);
#433=LINE('',#7208,#805);
#434=LINE('',#7212,#806);
#435=LINE('',#7227,#807);
#436=LINE('',#7255,#808);
#437=LINE('',#7256,#809);
#438=LINE('',#7258,#810);
#439=LINE('',#7259,#811);
#440=LINE('',#7261,#812);
#441=LINE('',#7262,#813);
#442=LINE('',#7264,#814);
#443=LINE('',#7265,#815);
#444=LINE('',#7267,#816);
#445=LINE('',#7268,#817);
#446=LINE('',#7270,#818);
#447=LINE('',#7271,#819);
#448=LINE('',#7273,#820);
#449=LINE('',#7274,#821);
#450=LINE('',#7276,#822);
#451=LINE('',#7277,#823);
#452=LINE('',#7279,#824);
#453=LINE('',#7280,#825);
#454=LINE('',#7282,#826);
#455=LINE('',#7283,#827);
#456=LINE('',#7285,#828);
#457=LINE('',#7286,#829);
#458=LINE('',#7363,#830);
#459=LINE('',#7365,#831);
#460=LINE('',#7366,#832);
#461=LINE('',#7367,#833);
#462=LINE('',#7371,#834);
#463=LINE('',#7373,#835);
#464=LINE('',#7374,#836);
#465=LINE('',#7375,#837);
#466=LINE('',#7379,#838);
#467=LINE('',#7381,#839);
#468=LINE('',#7383,#840);
#469=LINE('',#7384,#841);
#470=LINE('',#7386,#842);
#471=LINE('',#7387,#843);
#472=LINE('',#7389,#844);
#473=LINE('',#7390,#845);
#474=LINE('',#7392,#846);
#475=LINE('',#7393,#847);
#476=VECTOR('',#4808,1.);
#477=VECTOR('',#4811,1.);
#478=VECTOR('',#4816,1.);
#479=VECTOR('',#4819,1.);
#480=VECTOR('',#4822,1.);
#481=VECTOR('',#4825,1.);
#482=VECTOR('',#4832,1.);
#483=VECTOR('',#4835,1.);
#484=VECTOR('',#4840,1.);
#485=VECTOR('',#4843,1.);
#486=VECTOR('',#4846,1.);
#487=VECTOR('',#4849,1.);
#488=VECTOR('',#4852,1.);
#489=VECTOR('',#4863,1.);
#490=VECTOR('',#4866,1.);
#491=VECTOR('',#4869,1.);
#492=VECTOR('',#4874,1.);
#493=VECTOR('',#4877,1.);
#494=VECTOR('',#4880,1.);
#495=VECTOR('',#4887,1.);
#496=VECTOR('',#4890,1.);
#497=VECTOR('',#4897,1.);
#498=VECTOR('',#4900,1.);
#499=VECTOR('',#4903,1.);
#500=VECTOR('',#4908,1.);
#501=VECTOR('',#4911,1.);
#502=VECTOR('',#4916,1.);
#503=VECTOR('',#4923,1.);
#504=VECTOR('',#4930,1.);
#505=VECTOR('',#4933,1.);
#506=VECTOR('',#4940,1.);
#507=VECTOR('',#4943,1.);
#508=VECTOR('',#4950,1.);
#509=VECTOR('',#4953,1.);
#510=VECTOR('',#4960,1.);
#511=VECTOR('',#4967,1.);
#512=VECTOR('',#4972,1.);
#513=VECTOR('',#4975,1.);
#514=VECTOR('',#4980,1.);
#515=VECTOR('',#4983,1.);
#516=VECTOR('',#4986,1.);
#517=VECTOR('',#4995,1.);
#518=VECTOR('',#5000,1.);
#519=VECTOR('',#5007,1.);
#520=VECTOR('',#5012,1.);
#521=VECTOR('',#5015,1.);
#522=VECTOR('',#5018,1.);
#523=VECTOR('',#5021,1.);
#524=VECTOR('',#5032,1.);
#525=VECTOR('',#5035,1.);
#526=VECTOR('',#5038,1.);
#527=VECTOR('',#5047,1.);
#528=VECTOR('',#5052,1.);
#529=VECTOR('',#5057,1.);
#530=VECTOR('',#5062,1.);
#531=VECTOR('',#5065,1.);
#532=VECTOR('',#5070,1.);
#533=VECTOR('',#5073,1.);
#534=VECTOR('',#5076,1.);
#535=VECTOR('',#5083,1.);
#536=VECTOR('',#5086,1.);
#537=VECTOR('',#5093,1.);
#538=VECTOR('',#5096,1.);
#539=VECTOR('',#5099,1.);
#540=VECTOR('',#5104,1.);
#541=VECTOR('',#5105,1.);
#542=VECTOR('',#5110,1.);
#543=VECTOR('',#5115,1.);
#544=VECTOR('',#5120,1.);
#545=VECTOR('',#5123,1.);
#546=VECTOR('',#5126,1.);
#547=VECTOR('',#5131,1.);
#548=VECTOR('',#5136,1.);
#549=VECTOR('',#5141,1.);
#550=VECTOR('',#5150,1.);
#551=VECTOR('',#5151,1.);
#552=VECTOR('',#5154,1.);
#553=VECTOR('',#5157,1.);
#554=VECTOR('',#5162,1.);
#555=VECTOR('',#5163,1.);
#556=VECTOR('',#5164,1.);
#557=VECTOR('',#5169,1.);
#558=VECTOR('',#5174,1.);
#559=VECTOR('',#5175,1.);
#560=VECTOR('',#5176,1.);
#561=VECTOR('',#5177,1.);
#562=VECTOR('',#5182,1.);
#563=VECTOR('',#5187,1.);
#564=VECTOR('',#5188,1.);
#565=VECTOR('',#5189,1.);
#566=VECTOR('',#5194,1.);
#567=VECTOR('',#5195,1.);
#568=VECTOR('',#5198,1.);
#569=VECTOR('',#5201,1.);
#570=VECTOR('',#5202,1.);
#571=VECTOR('',#5205,1.);
#572=VECTOR('',#5206,1.);
#573=VECTOR('',#5207,1.);
#574=VECTOR('',#5210,1.);
#575=VECTOR('',#5211,1.);
#576=VECTOR('',#5212,1.);
#577=VECTOR('',#5215,1.);
#578=VECTOR('',#5216,1.);
#579=VECTOR('',#5217,1.);
#580=VECTOR('',#5220,1.);
#581=VECTOR('',#5221,1.);
#582=VECTOR('',#5222,1.);
#583=VECTOR('',#5225,1.);
#584=VECTOR('',#5226,1.);
#585=VECTOR('',#5227,1.);
#586=VECTOR('',#5230,1.);
#587=VECTOR('',#5231,1.);
#588=VECTOR('',#5232,1.);
#589=VECTOR('',#5237,1.);
#590=VECTOR('',#5238,1.);
#591=VECTOR('',#5241,1.);
#592=VECTOR('',#5242,1.);
#593=VECTOR('',#5243,1.);
#594=VECTOR('',#5248,1.);
#595=VECTOR('',#5249,1.);
#596=VECTOR('',#5252,1.);
#597=VECTOR('',#5253,1.);
#598=VECTOR('',#5254,1.);
#599=VECTOR('',#5257,1.);
#600=VECTOR('',#5258,1.);
#601=VECTOR('',#5259,1.);
#602=VECTOR('',#5262,1.);
#603=VECTOR('',#5265,1.);
#604=VECTOR('',#5266,1.);
#605=VECTOR('',#5269,1.);
#606=VECTOR('',#5274,1.);
#607=VECTOR('',#5275,1.);
#608=VECTOR('',#5276,1.);
#609=VECTOR('',#5281,1.);
#610=VECTOR('',#5282,1.);
#611=VECTOR('',#5285,1.);
#612=VECTOR('',#5286,1.);
#613=VECTOR('',#5287,1.);
#614=VECTOR('',#5292,1.);
#615=VECTOR('',#5293,1.);
#616=VECTOR('',#5296,1.);
#617=VECTOR('',#5297,1.);
#618=VECTOR('',#5300,1.);
#619=VECTOR('',#5301,1.);
#620=VECTOR('',#5304,1.);
#621=VECTOR('',#5305,1.);
#622=VECTOR('',#5306,1.);
#623=VECTOR('',#5307,1.);
#624=VECTOR('',#5312,1.);
#625=VECTOR('',#5317,1.);
#626=VECTOR('',#5318,1.);
#627=VECTOR('',#5319,1.);
#628=VECTOR('',#5322,1.);
#629=VECTOR('',#5323,1.);
#630=VECTOR('',#5324,1.);
#631=VECTOR('',#5327,1.);
#632=VECTOR('',#5328,1.);
#633=VECTOR('',#5329,1.);
#634=VECTOR('',#5332,1.);
#635=VECTOR('',#5333,1.);
#636=VECTOR('',#5334,1.);
#637=VECTOR('',#5339,1.);
#638=VECTOR('',#5340,1.);
#639=VECTOR('',#5343,1.);
#640=VECTOR('',#5344,1.);
#641=VECTOR('',#5345,1.);
#642=VECTOR('',#5350,1.);
#643=VECTOR('',#5351,1.);
#644=VECTOR('',#5354,1.);
#645=VECTOR('',#5355,1.);
#646=VECTOR('',#5356,1.);
#647=VECTOR('',#5359,1.);
#648=VECTOR('',#5360,1.);
#649=VECTOR('',#5361,1.);
#650=VECTOR('',#5364,1.);
#651=VECTOR('',#5365,1.);
#652=VECTOR('',#5366,1.);
#653=VECTOR('',#5367,1.);
#654=VECTOR('',#5368,1.);
#655=VECTOR('',#5371,1.);
#656=VECTOR('',#5372,1.);
#657=VECTOR('',#5373,1.);
#658=VECTOR('',#5376,1.);
#659=VECTOR('',#5377,1.);
#660=VECTOR('',#5378,1.);
#661=VECTOR('',#5379,1.);
#662=VECTOR('',#5380,1.);
#663=VECTOR('',#5385,1.);
#664=VECTOR('',#5386,1.);
#665=VECTOR('',#5389,1.);
#666=VECTOR('',#5390,1.);
#667=VECTOR('',#5395,1.);
#668=VECTOR('',#5396,1.);
#669=VECTOR('',#5397,1.);
#670=VECTOR('',#5400,1.);
#671=VECTOR('',#5401,1.);
#672=VECTOR('',#5402,1.);
#673=VECTOR('',#5405,1.);
#674=VECTOR('',#5406,1.);
#675=VECTOR('',#5407,1.);
#676=VECTOR('',#5412,1.);
#677=VECTOR('',#5415,1.);
#678=VECTOR('',#5416,1.);
#679=VECTOR('',#5419,1.);
#680=VECTOR('',#5420,1.);
#681=VECTOR('',#5423,1.);
#682=VECTOR('',#5424,1.);
#683=VECTOR('',#5425,1.);
#684=VECTOR('',#5428,1.);
#685=VECTOR('',#5429,1.);
#686=VECTOR('',#5430,1.);
#687=VECTOR('',#5435,1.);
#688=VECTOR('',#5436,1.);
#689=VECTOR('',#5439,1.);
#690=VECTOR('',#5440,1.);
#691=VECTOR('',#5443,1.);
#692=VECTOR('',#5446,1.);
#693=VECTOR('',#5447,1.);
#694=VECTOR('',#5448,1.);
#695=VECTOR('',#5451,1.);
#696=VECTOR('',#5452,1.);
#697=VECTOR('',#5453,1.);
#698=VECTOR('',#5456,1.);
#699=VECTOR('',#5459,1.);
#700=VECTOR('',#5464,1.);
#701=VECTOR('',#5465,1.);
#702=VECTOR('',#5466,1.);
#703=VECTOR('',#5471,1.);
#704=VECTOR('',#5476,1.);
#705=VECTOR('',#5477,1.);
#706=VECTOR('',#5478,1.);
#707=VECTOR('',#5479,1.);
#708=VECTOR('',#5482,1.);
#709=VECTOR('',#5483,1.);
#710=VECTOR('',#5484,1.);
#711=VECTOR('',#5485,1.);
#712=VECTOR('',#5488,1.);
#713=VECTOR('',#5489,1.);
#714=VECTOR('',#5490,1.);
#715=VECTOR('',#5493,1.);
#716=VECTOR('',#5498,1.);
#717=VECTOR('',#5499,1.);
#718=VECTOR('',#5502,1.);
#719=VECTOR('',#5503,1.);
#720=VECTOR('',#5504,1.);
#721=VECTOR('',#5505,1.);
#722=VECTOR('',#5510,1.);
#723=VECTOR('',#5513,1.);
#724=VECTOR('',#5514,1.);
#725=VECTOR('',#5519,1.);
#726=VECTOR('',#5520,1.);
#727=VECTOR('',#5521,1.);
#728=VECTOR('',#5526,1.);
#729=VECTOR('',#5529,1.);
#730=VECTOR('',#5530,1.);
#731=VECTOR('',#5535,1.);
#732=VECTOR('',#5536,1.);
#733=VECTOR('',#5537,1.);
#734=VECTOR('',#5540,1.);
#735=VECTOR('',#5541,1.);
#736=VECTOR('',#5542,1.);
#737=VECTOR('',#5545,1.);
#738=VECTOR('',#5546,1.);
#739=VECTOR('',#5547,1.);
#740=VECTOR('',#5552,1.);
#741=VECTOR('',#5555,1.);
#742=VECTOR('',#5556,1.);
#743=VECTOR('',#5561,1.);
#744=VECTOR('',#5562,1.);
#745=VECTOR('',#5563,1.);
#746=VECTOR('',#5566,1.);
#747=VECTOR('',#5567,1.);
#748=VECTOR('',#5570,1.);
#749=VECTOR('',#5575,1.);
#750=VECTOR('',#5576,1.);
#751=VECTOR('',#5579,1.);
#752=VECTOR('',#5580,1.);
#753=VECTOR('',#5581,1.);
#754=VECTOR('',#5584,1.);
#755=VECTOR('',#5585,1.);
#756=VECTOR('',#5588,1.);
#757=VECTOR('',#5599,1.);
#758=VECTOR('',#5600,1.);
#759=VECTOR('',#5601,1.);
#760=VECTOR('',#5604,1.);
#761=VECTOR('',#5605,1.);
#762=VECTOR('',#5606,1.);
#763=VECTOR('',#5609,1.);
#764=VECTOR('',#5610,1.);
#765=VECTOR('',#5611,1.);
#766=VECTOR('',#5632,1.);
#767=VECTOR('',#5633,1.);
#768=VECTOR('',#5634,1.);
#769=VECTOR('',#5637,1.);
#770=VECTOR('',#5638,1.);
#771=VECTOR('',#5639,1.);
#772=VECTOR('',#5642,1.);
#773=VECTOR('',#5643,1.);
#774=VECTOR('',#5644,1.);
#775=VECTOR('',#5651,1.);
#776=VECTOR('',#5652,1.);
#777=VECTOR('',#5655,1.);
#778=VECTOR('',#5658,1.);
#779=VECTOR('',#5659,1.);
#780=VECTOR('',#5660,1.);
#781=VECTOR('',#5663,1.);
#782=VECTOR('',#5664,1.);
#783=VECTOR('',#5665,1.);
#784=VECTOR('',#5668,1.);
#785=VECTOR('',#5669,1.);
#786=VECTOR('',#5672,1.);
#787=VECTOR('',#5675,1.);
#788=VECTOR('',#5676,1.);
#789=VECTOR('',#5683,1.);
#790=VECTOR('',#5684,1.);
#791=VECTOR('',#5685,1.);
#792=VECTOR('',#5688,1.);
#793=VECTOR('',#5695,1.);
#794=VECTOR('',#5700,1.);
#795=VECTOR('',#5703,1.);
#796=VECTOR('',#5714,1.);
#797=VECTOR('',#5723,1.);
#798=VECTOR('',#5726,1.);
#799=VECTOR('',#5735,1.);
#800=VECTOR('',#5740,1.);
#801=VECTOR('',#5743,1.);
#802=VECTOR('',#5752,1.);
#803=VECTOR('',#5755,1.);
#804=VECTOR('',#5760,1.);
#805=VECTOR('',#5791,1.);
#806=VECTOR('',#5794,1.);
#807=VECTOR('',#5821,1.);
#808=VECTOR('',#5868,1.);
#809=VECTOR('',#5869,1.);
#810=VECTOR('',#5872,1.);
#811=VECTOR('',#5873,1.);
#812=VECTOR('',#5876,1.);
#813=VECTOR('',#5877,1.);
#814=VECTOR('',#5880,1.);
#815=VECTOR('',#5881,1.);
#816=VECTOR('',#5884,1.);
#817=VECTOR('',#5885,1.);
#818=VECTOR('',#5888,1.);
#819=VECTOR('',#5889,1.);
#820=VECTOR('',#5892,1.);
#821=VECTOR('',#5893,1.);
#822=VECTOR('',#5896,1.);
#823=VECTOR('',#5897,1.);
#824=VECTOR('',#5900,1.);
#825=VECTOR('',#5901,1.);
#826=VECTOR('',#5904,1.);
#827=VECTOR('',#5905,1.);
#828=VECTOR('',#5908,1.);
#829=VECTOR('',#5909,1.);
#830=VECTOR('',#6062,1.);
#831=VECTOR('',#6065,1.);
#832=VECTOR('',#6066,1.);
#833=VECTOR('',#6067,1.);
#834=VECTOR('',#6072,1.);
#835=VECTOR('',#6075,1.);
#836=VECTOR('',#6076,1.);
#837=VECTOR('',#6077,1.);
#838=VECTOR('',#6080,1.);
#839=VECTOR('',#6083,1.);
#840=VECTOR('',#6086,1.);
#841=VECTOR('',#6087,1.);
#842=VECTOR('',#6090,1.);
#843=VECTOR('',#6091,1.);
#844=VECTOR('',#6094,1.);
#845=VECTOR('',#6095,1.);
#846=VECTOR('',#6098,1.);
#847=VECTOR('',#6099,1.);
#848=ORIENTED_EDGE('',*,*,#2132,.F.);
#849=ORIENTED_EDGE('',*,*,#2133,.T.);
#850=ORIENTED_EDGE('',*,*,#2134,.T.);
#851=ORIENTED_EDGE('',*,*,#2135,.F.);
#852=ORIENTED_EDGE('',*,*,#2136,.F.);
#853=ORIENTED_EDGE('',*,*,#2137,.T.);
#854=ORIENTED_EDGE('',*,*,#2138,.T.);
#855=ORIENTED_EDGE('',*,*,#2139,.F.);
#856=ORIENTED_EDGE('',*,*,#2140,.F.);
#857=ORIENTED_EDGE('',*,*,#2141,.T.);
#858=ORIENTED_EDGE('',*,*,#2142,.F.);
#859=ORIENTED_EDGE('',*,*,#2143,.F.);
#860=ORIENTED_EDGE('',*,*,#2144,.F.);
#861=ORIENTED_EDGE('',*,*,#2145,.T.);
#862=ORIENTED_EDGE('',*,*,#2146,.T.);
#863=ORIENTED_EDGE('',*,*,#2147,.T.);
#864=ORIENTED_EDGE('',*,*,#2148,.F.);
#865=ORIENTED_EDGE('',*,*,#2149,.T.);
#866=ORIENTED_EDGE('',*,*,#2150,.T.);
#867=ORIENTED_EDGE('',*,*,#2151,.T.);
#868=ORIENTED_EDGE('',*,*,#2152,.F.);
#869=ORIENTED_EDGE('',*,*,#2153,.T.);
#870=ORIENTED_EDGE('',*,*,#2154,.T.);
#871=ORIENTED_EDGE('',*,*,#2155,.T.);
#872=ORIENTED_EDGE('',*,*,#2156,.T.);
#873=ORIENTED_EDGE('',*,*,#2157,.T.);
#874=ORIENTED_EDGE('',*,*,#2158,.F.);
#875=ORIENTED_EDGE('',*,*,#2159,.T.);
#876=ORIENTED_EDGE('',*,*,#2160,.F.);
#877=ORIENTED_EDGE('',*,*,#2161,.T.);
#878=ORIENTED_EDGE('',*,*,#2162,.F.);
#879=ORIENTED_EDGE('',*,*,#2163,.T.);
#880=ORIENTED_EDGE('',*,*,#2164,.F.);
#881=ORIENTED_EDGE('',*,*,#2165,.T.);
#882=ORIENTED_EDGE('',*,*,#2166,.T.);
#883=ORIENTED_EDGE('',*,*,#2167,.T.);
#884=ORIENTED_EDGE('',*,*,#2132,.T.);
#885=ORIENTED_EDGE('',*,*,#2168,.T.);
#886=ORIENTED_EDGE('',*,*,#2169,.T.);
#887=ORIENTED_EDGE('',*,*,#2170,.T.);
#888=ORIENTED_EDGE('',*,*,#2171,.T.);
#889=ORIENTED_EDGE('',*,*,#2172,.T.);
#890=ORIENTED_EDGE('',*,*,#2173,.F.);
#891=ORIENTED_EDGE('',*,*,#2174,.T.);
#892=ORIENTED_EDGE('',*,*,#2175,.F.);
#893=ORIENTED_EDGE('',*,*,#2176,.T.);
#894=ORIENTED_EDGE('',*,*,#2177,.T.);
#895=ORIENTED_EDGE('',*,*,#2178,.T.);
#896=ORIENTED_EDGE('',*,*,#2179,.F.);
#897=ORIENTED_EDGE('',*,*,#2180,.T.);
#898=ORIENTED_EDGE('',*,*,#2181,.T.);
#899=ORIENTED_EDGE('',*,*,#2182,.T.);
#900=ORIENTED_EDGE('',*,*,#2183,.T.);
#901=ORIENTED_EDGE('',*,*,#2184,.T.);
#902=ORIENTED_EDGE('',*,*,#2185,.T.);
#903=ORIENTED_EDGE('',*,*,#2186,.T.);
#904=ORIENTED_EDGE('',*,*,#2187,.F.);
#905=ORIENTED_EDGE('',*,*,#2188,.T.);
#906=ORIENTED_EDGE('',*,*,#2189,.T.);
#907=ORIENTED_EDGE('',*,*,#2190,.T.);
#908=ORIENTED_EDGE('',*,*,#2191,.F.);
#909=ORIENTED_EDGE('',*,*,#2192,.F.);
#910=ORIENTED_EDGE('',*,*,#2193,.T.);
#911=ORIENTED_EDGE('',*,*,#2194,.T.);
#912=ORIENTED_EDGE('',*,*,#2195,.T.);
#913=ORIENTED_EDGE('',*,*,#2196,.T.);
#914=ORIENTED_EDGE('',*,*,#2197,.F.);
#915=ORIENTED_EDGE('',*,*,#2198,.T.);
#916=ORIENTED_EDGE('',*,*,#2199,.T.);
#917=ORIENTED_EDGE('',*,*,#2200,.T.);
#918=ORIENTED_EDGE('',*,*,#2201,.T.);
#919=ORIENTED_EDGE('',*,*,#2202,.T.);
#920=ORIENTED_EDGE('',*,*,#2203,.T.);
#921=ORIENTED_EDGE('',*,*,#2204,.T.);
#922=ORIENTED_EDGE('',*,*,#2205,.T.);
#923=ORIENTED_EDGE('',*,*,#2206,.T.);
#924=ORIENTED_EDGE('',*,*,#2207,.T.);
#925=ORIENTED_EDGE('',*,*,#2208,.T.);
#926=ORIENTED_EDGE('',*,*,#2209,.F.);
#927=ORIENTED_EDGE('',*,*,#2210,.T.);
#928=ORIENTED_EDGE('',*,*,#2211,.T.);
#929=ORIENTED_EDGE('',*,*,#2212,.T.);
#930=ORIENTED_EDGE('',*,*,#2213,.F.);
#931=ORIENTED_EDGE('',*,*,#2214,.T.);
#932=ORIENTED_EDGE('',*,*,#2215,.F.);
#933=ORIENTED_EDGE('',*,*,#2216,.T.);
#934=ORIENTED_EDGE('',*,*,#2217,.F.);
#935=ORIENTED_EDGE('',*,*,#2218,.T.);
#936=ORIENTED_EDGE('',*,*,#2219,.F.);
#937=ORIENTED_EDGE('',*,*,#2220,.T.);
#938=ORIENTED_EDGE('',*,*,#2221,.T.);
#939=ORIENTED_EDGE('',*,*,#2222,.T.);
#940=ORIENTED_EDGE('',*,*,#2223,.F.);
#941=ORIENTED_EDGE('',*,*,#2224,.T.);
#942=ORIENTED_EDGE('',*,*,#2225,.F.);
#943=ORIENTED_EDGE('',*,*,#2226,.T.);
#944=ORIENTED_EDGE('',*,*,#2227,.F.);
#945=ORIENTED_EDGE('',*,*,#2228,.T.);
#946=ORIENTED_EDGE('',*,*,#2229,.F.);
#947=ORIENTED_EDGE('',*,*,#2230,.F.);
#948=ORIENTED_EDGE('',*,*,#2231,.F.);
#949=ORIENTED_EDGE('',*,*,#2232,.T.);
#950=ORIENTED_EDGE('',*,*,#2233,.T.);
#951=ORIENTED_EDGE('',*,*,#2234,.T.);
#952=ORIENTED_EDGE('',*,*,#2235,.F.);
#953=ORIENTED_EDGE('',*,*,#2236,.T.);
#954=ORIENTED_EDGE('',*,*,#2237,.F.);
#955=ORIENTED_EDGE('',*,*,#2238,.T.);
#956=ORIENTED_EDGE('',*,*,#2239,.T.);
#957=ORIENTED_EDGE('',*,*,#2240,.T.);
#958=ORIENTED_EDGE('',*,*,#2241,.F.);
#959=ORIENTED_EDGE('',*,*,#2242,.T.);
#960=ORIENTED_EDGE('',*,*,#2243,.T.);
#961=ORIENTED_EDGE('',*,*,#2244,.T.);
#962=ORIENTED_EDGE('',*,*,#2245,.F.);
#963=ORIENTED_EDGE('',*,*,#2246,.T.);
#964=ORIENTED_EDGE('',*,*,#2247,.F.);
#965=ORIENTED_EDGE('',*,*,#2248,.T.);
#966=ORIENTED_EDGE('',*,*,#2249,.F.);
#967=ORIENTED_EDGE('',*,*,#2250,.F.);
#968=ORIENTED_EDGE('',*,*,#2251,.F.);
#969=ORIENTED_EDGE('',*,*,#2252,.T.);
#970=ORIENTED_EDGE('',*,*,#2253,.T.);
#971=ORIENTED_EDGE('',*,*,#2254,.T.);
#972=ORIENTED_EDGE('',*,*,#2255,.T.);
#973=ORIENTED_EDGE('',*,*,#2256,.T.);
#974=ORIENTED_EDGE('',*,*,#2257,.F.);
#975=ORIENTED_EDGE('',*,*,#2258,.T.);
#976=ORIENTED_EDGE('',*,*,#2259,.F.);
#977=ORIENTED_EDGE('',*,*,#2260,.T.);
#978=ORIENTED_EDGE('',*,*,#2261,.F.);
#979=ORIENTED_EDGE('',*,*,#2262,.T.);
#980=ORIENTED_EDGE('',*,*,#2263,.F.);
#981=ORIENTED_EDGE('',*,*,#2264,.T.);
#982=ORIENTED_EDGE('',*,*,#2265,.T.);
#983=ORIENTED_EDGE('',*,*,#2266,.T.);
#984=ORIENTED_EDGE('',*,*,#2136,.T.);
#985=ORIENTED_EDGE('',*,*,#2267,.T.);
#986=ORIENTED_EDGE('',*,*,#2268,.T.);
#987=ORIENTED_EDGE('',*,*,#2269,.T.);
#988=ORIENTED_EDGE('',*,*,#2270,.T.);
#989=ORIENTED_EDGE('',*,*,#2271,.T.);
#990=ORIENTED_EDGE('',*,*,#2272,.T.);
#991=ORIENTED_EDGE('',*,*,#2273,.T.);
#992=ORIENTED_EDGE('',*,*,#2274,.T.);
#993=ORIENTED_EDGE('',*,*,#2150,.F.);
#994=ORIENTED_EDGE('',*,*,#2275,.T.);
#995=ORIENTED_EDGE('',*,*,#2276,.F.);
#996=ORIENTED_EDGE('',*,*,#2277,.T.);
#997=ORIENTED_EDGE('',*,*,#2278,.T.);
#998=ORIENTED_EDGE('',*,*,#2279,.T.);
#999=ORIENTED_EDGE('',*,*,#2280,.F.);
#1000=ORIENTED_EDGE('',*,*,#2281,.F.);
#1001=ORIENTED_EDGE('',*,*,#2282,.F.);
#1002=ORIENTED_EDGE('',*,*,#2283,.T.);
#1003=ORIENTED_EDGE('',*,*,#2284,.T.);
#1004=ORIENTED_EDGE('',*,*,#2285,.T.);
#1005=ORIENTED_EDGE('',*,*,#2286,.F.);
#1006=ORIENTED_EDGE('',*,*,#2287,.T.);
#1007=ORIENTED_EDGE('',*,*,#2288,.F.);
#1008=ORIENTED_EDGE('',*,*,#2289,.T.);
#1009=ORIENTED_EDGE('',*,*,#2290,.F.);
#1010=ORIENTED_EDGE('',*,*,#2291,.T.);
#1011=ORIENTED_EDGE('',*,*,#2292,.T.);
#1012=ORIENTED_EDGE('',*,*,#2293,.T.);
#1013=ORIENTED_EDGE('',*,*,#2294,.F.);
#1014=ORIENTED_EDGE('',*,*,#2295,.T.);
#1015=ORIENTED_EDGE('',*,*,#2296,.F.);
#1016=ORIENTED_EDGE('',*,*,#2297,.T.);
#1017=ORIENTED_EDGE('',*,*,#2298,.T.);
#1018=ORIENTED_EDGE('',*,*,#2299,.T.);
#1019=ORIENTED_EDGE('',*,*,#2300,.T.);
#1020=ORIENTED_EDGE('',*,*,#2301,.T.);
#1021=ORIENTED_EDGE('',*,*,#2302,.F.);
#1022=ORIENTED_EDGE('',*,*,#2303,.T.);
#1023=ORIENTED_EDGE('',*,*,#2304,.F.);
#1024=ORIENTED_EDGE('',*,*,#2305,.T.);
#1025=ORIENTED_EDGE('',*,*,#2141,.F.);
#1026=ORIENTED_EDGE('',*,*,#2306,.F.);
#1027=ORIENTED_EDGE('',*,*,#2307,.T.);
#1028=ORIENTED_EDGE('',*,*,#2308,.T.);
#1029=ORIENTED_EDGE('',*,*,#2309,.T.);
#1030=ORIENTED_EDGE('',*,*,#2310,.T.);
#1031=ORIENTED_EDGE('',*,*,#2146,.F.);
#1032=ORIENTED_EDGE('',*,*,#2311,.T.);
#1033=ORIENTED_EDGE('',*,*,#2312,.F.);
#1034=ORIENTED_EDGE('',*,*,#2313,.F.);
#1035=ORIENTED_EDGE('',*,*,#2314,.F.);
#1036=ORIENTED_EDGE('',*,*,#2315,.T.);
#1037=ORIENTED_EDGE('',*,*,#2316,.F.);
#1038=ORIENTED_EDGE('',*,*,#2317,.T.);
#1039=ORIENTED_EDGE('',*,*,#2318,.F.);
#1040=ORIENTED_EDGE('',*,*,#2319,.F.);
#1041=ORIENTED_EDGE('',*,*,#2320,.T.);
#1042=ORIENTED_EDGE('',*,*,#2321,.T.);
#1043=ORIENTED_EDGE('',*,*,#2322,.T.);
#1044=ORIENTED_EDGE('',*,*,#2323,.T.);
#1045=ORIENTED_EDGE('',*,*,#2324,.T.);
#1046=ORIENTED_EDGE('',*,*,#2325,.T.);
#1047=ORIENTED_EDGE('',*,*,#2326,.F.);
#1048=ORIENTED_EDGE('',*,*,#2327,.T.);
#1049=ORIENTED_EDGE('',*,*,#2328,.T.);
#1050=ORIENTED_EDGE('',*,*,#2329,.F.);
#1051=ORIENTED_EDGE('',*,*,#2330,.T.);
#1052=ORIENTED_EDGE('',*,*,#2197,.T.);
#1053=ORIENTED_EDGE('',*,*,#2331,.T.);
#1054=ORIENTED_EDGE('',*,*,#2332,.T.);
#1055=ORIENTED_EDGE('',*,*,#2333,.T.);
#1056=ORIENTED_EDGE('',*,*,#2334,.F.);
#1057=ORIENTED_EDGE('',*,*,#2335,.F.);
#1058=ORIENTED_EDGE('',*,*,#2334,.T.);
#1059=ORIENTED_EDGE('',*,*,#2336,.T.);
#1060=ORIENTED_EDGE('',*,*,#2337,.F.);
#1061=ORIENTED_EDGE('',*,*,#2338,.F.);
#1062=ORIENTED_EDGE('',*,*,#2337,.T.);
#1063=ORIENTED_EDGE('',*,*,#2339,.T.);
#1064=ORIENTED_EDGE('',*,*,#2340,.F.);
#1065=ORIENTED_EDGE('',*,*,#2341,.F.);
#1066=ORIENTED_EDGE('',*,*,#2342,.T.);
#1067=ORIENTED_EDGE('',*,*,#2343,.F.);
#1068=ORIENTED_EDGE('',*,*,#2344,.F.);
#1069=ORIENTED_EDGE('',*,*,#2345,.T.);
#1070=ORIENTED_EDGE('',*,*,#2344,.T.);
#1071=ORIENTED_EDGE('',*,*,#2346,.T.);
#1072=ORIENTED_EDGE('',*,*,#2347,.F.);
#1073=ORIENTED_EDGE('',*,*,#2348,.F.);
#1074=ORIENTED_EDGE('',*,*,#2347,.T.);
#1075=ORIENTED_EDGE('',*,*,#2349,.F.);
#1076=ORIENTED_EDGE('',*,*,#2350,.F.);
#1077=ORIENTED_EDGE('',*,*,#2351,.T.);
#1078=ORIENTED_EDGE('',*,*,#2352,.F.);
#1079=ORIENTED_EDGE('',*,*,#2353,.T.);
#1080=ORIENTED_EDGE('',*,*,#2231,.T.);
#1081=ORIENTED_EDGE('',*,*,#2354,.F.);
#1082=ORIENTED_EDGE('',*,*,#2355,.F.);
#1083=ORIENTED_EDGE('',*,*,#2356,.F.);
#1084=ORIENTED_EDGE('',*,*,#2357,.F.);
#1085=ORIENTED_EDGE('',*,*,#2358,.T.);
#1086=ORIENTED_EDGE('',*,*,#2175,.T.);
#1087=ORIENTED_EDGE('',*,*,#2359,.T.);
#1088=ORIENTED_EDGE('',*,*,#2237,.T.);
#1089=ORIENTED_EDGE('',*,*,#2360,.T.);
#1090=ORIENTED_EDGE('',*,*,#2361,.F.);
#1091=ORIENTED_EDGE('',*,*,#2362,.T.);
#1092=ORIENTED_EDGE('',*,*,#2363,.F.);
#1093=ORIENTED_EDGE('',*,*,#2364,.T.);
#1094=ORIENTED_EDGE('',*,*,#2235,.T.);
#1095=ORIENTED_EDGE('',*,*,#2365,.T.);
#1096=ORIENTED_EDGE('',*,*,#2187,.T.);
#1097=ORIENTED_EDGE('',*,*,#2366,.T.);
#1098=ORIENTED_EDGE('',*,*,#2367,.F.);
#1099=ORIENTED_EDGE('',*,*,#2368,.T.);
#1100=ORIENTED_EDGE('',*,*,#2185,.F.);
#1101=ORIENTED_EDGE('',*,*,#2369,.T.);
#1102=ORIENTED_EDGE('',*,*,#2370,.T.);
#1103=ORIENTED_EDGE('',*,*,#2371,.T.);
#1104=ORIENTED_EDGE('',*,*,#2372,.T.);
#1105=ORIENTED_EDGE('',*,*,#2373,.T.);
#1106=ORIENTED_EDGE('',*,*,#2183,.F.);
#1107=ORIENTED_EDGE('',*,*,#2374,.T.);
#1108=ORIENTED_EDGE('',*,*,#2152,.T.);
#1109=ORIENTED_EDGE('',*,*,#2375,.T.);
#1110=ORIENTED_EDGE('',*,*,#2376,.F.);
#1111=ORIENTED_EDGE('',*,*,#2377,.T.);
#1112=ORIENTED_EDGE('',*,*,#2378,.F.);
#1113=ORIENTED_EDGE('',*,*,#2379,.T.);
#1114=ORIENTED_EDGE('',*,*,#2158,.T.);
#1115=ORIENTED_EDGE('',*,*,#2380,.T.);
#1116=ORIENTED_EDGE('',*,*,#2381,.T.);
#1117=ORIENTED_EDGE('',*,*,#2382,.T.);
#1118=ORIENTED_EDGE('',*,*,#2156,.F.);
#1119=ORIENTED_EDGE('',*,*,#2383,.T.);
#1120=ORIENTED_EDGE('',*,*,#2384,.F.);
#1121=ORIENTED_EDGE('',*,*,#2385,.T.);
#1122=ORIENTED_EDGE('',*,*,#2160,.T.);
#1123=ORIENTED_EDGE('',*,*,#2386,.T.);
#1124=ORIENTED_EDGE('',*,*,#2387,.T.);
#1125=ORIENTED_EDGE('',*,*,#2388,.T.);
#1126=ORIENTED_EDGE('',*,*,#2166,.F.);
#1127=ORIENTED_EDGE('',*,*,#2389,.T.);
#1128=ORIENTED_EDGE('',*,*,#2164,.T.);
#1129=ORIENTED_EDGE('',*,*,#2390,.T.);
#1130=ORIENTED_EDGE('',*,*,#2391,.F.);
#1131=ORIENTED_EDGE('',*,*,#2392,.T.);
#1132=ORIENTED_EDGE('',*,*,#2219,.T.);
#1133=ORIENTED_EDGE('',*,*,#2393,.T.);
#1134=ORIENTED_EDGE('',*,*,#2394,.F.);
#1135=ORIENTED_EDGE('',*,*,#2395,.T.);
#1136=ORIENTED_EDGE('',*,*,#2245,.T.);
#1137=ORIENTED_EDGE('',*,*,#2227,.T.);
#1138=ORIENTED_EDGE('',*,*,#2396,.T.);
#1139=ORIENTED_EDGE('',*,*,#2397,.F.);
#1140=ORIENTED_EDGE('',*,*,#2398,.T.);
#1141=ORIENTED_EDGE('',*,*,#2399,.F.);
#1142=ORIENTED_EDGE('',*,*,#2400,.F.);
#1143=ORIENTED_EDGE('',*,*,#2401,.T.);
#1144=ORIENTED_EDGE('',*,*,#2225,.T.);
#1145=ORIENTED_EDGE('',*,*,#2402,.T.);
#1146=ORIENTED_EDGE('',*,*,#2403,.F.);
#1147=ORIENTED_EDGE('',*,*,#2404,.T.);
#1148=ORIENTED_EDGE('',*,*,#2223,.T.);
#1149=ORIENTED_EDGE('',*,*,#2405,.T.);
#1150=ORIENTED_EDGE('',*,*,#2195,.F.);
#1151=ORIENTED_EDGE('',*,*,#2406,.T.);
#1152=ORIENTED_EDGE('',*,*,#2407,.T.);
#1153=ORIENTED_EDGE('',*,*,#2408,.T.);
#1154=ORIENTED_EDGE('',*,*,#2409,.T.);
#1155=ORIENTED_EDGE('',*,*,#2410,.T.);
#1156=ORIENTED_EDGE('',*,*,#2328,.F.);
#1157=ORIENTED_EDGE('',*,*,#2411,.T.);
#1158=ORIENTED_EDGE('',*,*,#2412,.F.);
#1159=ORIENTED_EDGE('',*,*,#2413,.T.);
#1160=ORIENTED_EDGE('',*,*,#2201,.F.);
#1161=ORIENTED_EDGE('',*,*,#2414,.T.);
#1162=ORIENTED_EDGE('',*,*,#2415,.F.);
#1163=ORIENTED_EDGE('',*,*,#2416,.T.);
#1164=ORIENTED_EDGE('',*,*,#2193,.F.);
#1165=ORIENTED_EDGE('',*,*,#2417,.F.);
#1166=ORIENTED_EDGE('',*,*,#2418,.T.);
#1167=ORIENTED_EDGE('',*,*,#2419,.F.);
#1168=ORIENTED_EDGE('',*,*,#2420,.F.);
#1169=ORIENTED_EDGE('',*,*,#2421,.T.);
#1170=ORIENTED_EDGE('',*,*,#2420,.T.);
#1171=ORIENTED_EDGE('',*,*,#2422,.T.);
#1172=ORIENTED_EDGE('',*,*,#2423,.F.);
#1173=ORIENTED_EDGE('',*,*,#2424,.F.);
#1174=ORIENTED_EDGE('',*,*,#2423,.T.);
#1175=ORIENTED_EDGE('',*,*,#2425,.F.);
#1176=ORIENTED_EDGE('',*,*,#2426,.F.);
#1177=ORIENTED_EDGE('',*,*,#2427,.T.);
#1178=ORIENTED_EDGE('',*,*,#2288,.T.);
#1179=ORIENTED_EDGE('',*,*,#2428,.T.);
#1180=ORIENTED_EDGE('',*,*,#2429,.F.);
#1181=ORIENTED_EDGE('',*,*,#2430,.T.);
#1182=ORIENTED_EDGE('',*,*,#2286,.T.);
#1183=ORIENTED_EDGE('',*,*,#2431,.T.);
#1184=ORIENTED_EDGE('',*,*,#2432,.F.);
#1185=ORIENTED_EDGE('',*,*,#2433,.T.);
#1186=ORIENTED_EDGE('',*,*,#2251,.T.);
#1187=ORIENTED_EDGE('',*,*,#2434,.T.);
#1188=ORIENTED_EDGE('',*,*,#2435,.F.);
#1189=ORIENTED_EDGE('',*,*,#2436,.T.);
#1190=ORIENTED_EDGE('',*,*,#2437,.F.);
#1191=ORIENTED_EDGE('',*,*,#2438,.T.);
#1192=ORIENTED_EDGE('',*,*,#2257,.T.);
#1193=ORIENTED_EDGE('',*,*,#2439,.T.);
#1194=ORIENTED_EDGE('',*,*,#2255,.F.);
#1195=ORIENTED_EDGE('',*,*,#2440,.T.);
#1196=ORIENTED_EDGE('',*,*,#2441,.T.);
#1197=ORIENTED_EDGE('',*,*,#2442,.T.);
#1198=ORIENTED_EDGE('',*,*,#2443,.F.);
#1199=ORIENTED_EDGE('',*,*,#2444,.T.);
#1200=ORIENTED_EDGE('',*,*,#2259,.T.);
#1201=ORIENTED_EDGE('',*,*,#2445,.T.);
#1202=ORIENTED_EDGE('',*,*,#2446,.T.);
#1203=ORIENTED_EDGE('',*,*,#2447,.T.);
#1204=ORIENTED_EDGE('',*,*,#2265,.F.);
#1205=ORIENTED_EDGE('',*,*,#2448,.T.);
#1206=ORIENTED_EDGE('',*,*,#2263,.T.);
#1207=ORIENTED_EDGE('',*,*,#2449,.T.);
#1208=ORIENTED_EDGE('',*,*,#2450,.F.);
#1209=ORIENTED_EDGE('',*,*,#2451,.T.);
#1210=ORIENTED_EDGE('',*,*,#2318,.T.);
#1211=ORIENTED_EDGE('',*,*,#2452,.T.);
#1212=ORIENTED_EDGE('',*,*,#2453,.T.);
#1213=ORIENTED_EDGE('',*,*,#2454,.T.);
#1214=ORIENTED_EDGE('',*,*,#2455,.F.);
#1215=ORIENTED_EDGE('',*,*,#2456,.T.);
#1216=ORIENTED_EDGE('',*,*,#2316,.T.);
#1217=ORIENTED_EDGE('',*,*,#2457,.T.);
#1218=ORIENTED_EDGE('',*,*,#2458,.F.);
#1219=ORIENTED_EDGE('',*,*,#2459,.T.);
#1220=ORIENTED_EDGE('',*,*,#2460,.T.);
#1221=ORIENTED_EDGE('',*,*,#2314,.T.);
#1222=ORIENTED_EDGE('',*,*,#2461,.F.);
#1223=ORIENTED_EDGE('',*,*,#2462,.F.);
#1224=ORIENTED_EDGE('',*,*,#2463,.F.);
#1225=ORIENTED_EDGE('',*,*,#2464,.T.);
#1226=ORIENTED_EDGE('',*,*,#2463,.T.);
#1227=ORIENTED_EDGE('',*,*,#2465,.F.);
#1228=ORIENTED_EDGE('',*,*,#2466,.T.);
#1229=ORIENTED_EDGE('',*,*,#2249,.T.);
#1230=ORIENTED_EDGE('',*,*,#2467,.T.);
#1231=ORIENTED_EDGE('',*,*,#2468,.F.);
#1232=ORIENTED_EDGE('',*,*,#2469,.T.);
#1233=ORIENTED_EDGE('',*,*,#2213,.T.);
#1234=ORIENTED_EDGE('',*,*,#2470,.T.);
#1235=ORIENTED_EDGE('',*,*,#2471,.F.);
#1236=ORIENTED_EDGE('',*,*,#2472,.F.);
#1237=ORIENTED_EDGE('',*,*,#2473,.T.);
#1238=ORIENTED_EDGE('',*,*,#2247,.T.);
#1239=ORIENTED_EDGE('',*,*,#2474,.T.);
#1240=ORIENTED_EDGE('',*,*,#2475,.T.);
#1241=ORIENTED_EDGE('',*,*,#2476,.T.);
#1242=ORIENTED_EDGE('',*,*,#2169,.F.);
#1243=ORIENTED_EDGE('',*,*,#2477,.T.);
#1244=ORIENTED_EDGE('',*,*,#2326,.T.);
#1245=ORIENTED_EDGE('',*,*,#2478,.T.);
#1246=ORIENTED_EDGE('',*,*,#2479,.F.);
#1247=ORIENTED_EDGE('',*,*,#2480,.T.);
#1248=ORIENTED_EDGE('',*,*,#2481,.F.);
#1249=ORIENTED_EDGE('',*,*,#2482,.T.);
#1250=ORIENTED_EDGE('',*,*,#2319,.T.);
#1251=ORIENTED_EDGE('',*,*,#2456,.F.);
#1252=ORIENTED_EDGE('',*,*,#2483,.F.);
#1253=ORIENTED_EDGE('',*,*,#2484,.T.);
#1254=ORIENTED_EDGE('',*,*,#2304,.T.);
#1255=ORIENTED_EDGE('',*,*,#2485,.T.);
#1256=ORIENTED_EDGE('',*,*,#2486,.F.);
#1257=ORIENTED_EDGE('',*,*,#2487,.T.);
#1258=ORIENTED_EDGE('',*,*,#2296,.T.);
#1259=ORIENTED_EDGE('',*,*,#2488,.T.);
#1260=ORIENTED_EDGE('',*,*,#2294,.T.);
#1261=ORIENTED_EDGE('',*,*,#2489,.T.);
#1262=ORIENTED_EDGE('',*,*,#2490,.F.);
#1263=ORIENTED_EDGE('',*,*,#2491,.T.);
#1264=ORIENTED_EDGE('',*,*,#2492,.T.);
#1265=ORIENTED_EDGE('',*,*,#2493,.T.);
#1266=ORIENTED_EDGE('',*,*,#2292,.F.);
#1267=ORIENTED_EDGE('',*,*,#2494,.T.);
#1268=ORIENTED_EDGE('',*,*,#2495,.F.);
#1269=ORIENTED_EDGE('',*,*,#2496,.T.);
#1270=ORIENTED_EDGE('',*,*,#2290,.T.);
#1271=ORIENTED_EDGE('',*,*,#2497,.T.);
#1272=ORIENTED_EDGE('',*,*,#2498,.F.);
#1273=ORIENTED_EDGE('',*,*,#2499,.T.);
#1274=ORIENTED_EDGE('',*,*,#2282,.T.);
#1275=ORIENTED_EDGE('',*,*,#2500,.F.);
#1276=ORIENTED_EDGE('',*,*,#2501,.F.);
#1277=ORIENTED_EDGE('',*,*,#2461,.T.);
#1278=ORIENTED_EDGE('',*,*,#2313,.T.);
#1279=ORIENTED_EDGE('',*,*,#2502,.T.);
#1280=ORIENTED_EDGE('',*,*,#2302,.T.);
#1281=ORIENTED_EDGE('',*,*,#2503,.T.);
#1282=ORIENTED_EDGE('',*,*,#2504,.F.);
#1283=ORIENTED_EDGE('',*,*,#2505,.T.);
#1284=ORIENTED_EDGE('',*,*,#2506,.T.);
#1285=ORIENTED_EDGE('',*,*,#2507,.T.);
#1286=ORIENTED_EDGE('',*,*,#2300,.F.);
#1287=ORIENTED_EDGE('',*,*,#2508,.T.);
#1288=ORIENTED_EDGE('',*,*,#2509,.T.);
#1289=ORIENTED_EDGE('',*,*,#2510,.T.);
#1290=ORIENTED_EDGE('',*,*,#2511,.F.);
#1291=ORIENTED_EDGE('',*,*,#2512,.F.);
#1292=ORIENTED_EDGE('',*,*,#2511,.T.);
#1293=ORIENTED_EDGE('',*,*,#2513,.T.);
#1294=ORIENTED_EDGE('',*,*,#2514,.F.);
#1295=ORIENTED_EDGE('',*,*,#2515,.F.);
#1296=ORIENTED_EDGE('',*,*,#2514,.T.);
#1297=ORIENTED_EDGE('',*,*,#2516,.T.);
#1298=ORIENTED_EDGE('',*,*,#2517,.F.);
#1299=ORIENTED_EDGE('',*,*,#2518,.F.);
#1300=ORIENTED_EDGE('',*,*,#2519,.T.);
#1301=ORIENTED_EDGE('',*,*,#2484,.F.);
#1302=ORIENTED_EDGE('',*,*,#2520,.F.);
#1303=ORIENTED_EDGE('',*,*,#2521,.F.);
#1304=ORIENTED_EDGE('',*,*,#2522,.T.);
#1305=ORIENTED_EDGE('',*,*,#2323,.F.);
#1306=ORIENTED_EDGE('',*,*,#2523,.F.);
#1307=ORIENTED_EDGE('',*,*,#2524,.T.);
#1308=ORIENTED_EDGE('',*,*,#2521,.T.);
#1309=ORIENTED_EDGE('',*,*,#2525,.F.);
#1310=ORIENTED_EDGE('',*,*,#2526,.T.);
#1311=ORIENTED_EDGE('',*,*,#2523,.T.);
#1312=ORIENTED_EDGE('',*,*,#2410,.F.);
#1313=ORIENTED_EDGE('',*,*,#2527,.T.);
#1314=ORIENTED_EDGE('',*,*,#2417,.T.);
#1315=ORIENTED_EDGE('',*,*,#2192,.T.);
#1316=ORIENTED_EDGE('',*,*,#2528,.F.);
#1317=ORIENTED_EDGE('',*,*,#2529,.F.);
#1318=ORIENTED_EDGE('',*,*,#2191,.T.);
#1319=ORIENTED_EDGE('',*,*,#2530,.F.);
#1320=ORIENTED_EDGE('',*,*,#2531,.F.);
#1321=ORIENTED_EDGE('',*,*,#2528,.T.);
#1322=ORIENTED_EDGE('',*,*,#2190,.F.);
#1323=ORIENTED_EDGE('',*,*,#2532,.F.);
#1324=ORIENTED_EDGE('',*,*,#2533,.T.);
#1325=ORIENTED_EDGE('',*,*,#2530,.T.);
#1326=ORIENTED_EDGE('',*,*,#2532,.T.);
#1327=ORIENTED_EDGE('',*,*,#2534,.F.);
#1328=ORIENTED_EDGE('',*,*,#2535,.F.);
#1329=ORIENTED_EDGE('',*,*,#2536,.F.);
#1330=ORIENTED_EDGE('',*,*,#2537,.T.);
#1331=ORIENTED_EDGE('',*,*,#2536,.T.);
#1332=ORIENTED_EDGE('',*,*,#2538,.T.);
#1333=ORIENTED_EDGE('',*,*,#2539,.F.);
#1334=ORIENTED_EDGE('',*,*,#2540,.F.);
#1335=ORIENTED_EDGE('',*,*,#2541,.T.);
#1336=ORIENTED_EDGE('',*,*,#2242,.F.);
#1337=ORIENTED_EDGE('',*,*,#2542,.T.);
#1338=ORIENTED_EDGE('',*,*,#2543,.F.);
#1339=ORIENTED_EDGE('',*,*,#2539,.T.);
#1340=ORIENTED_EDGE('',*,*,#2544,.T.);
#1341=ORIENTED_EDGE('',*,*,#2545,.F.);
#1342=ORIENTED_EDGE('',*,*,#2546,.F.);
#1343=ORIENTED_EDGE('',*,*,#2545,.T.);
#1344=ORIENTED_EDGE('',*,*,#2547,.T.);
#1345=ORIENTED_EDGE('',*,*,#2534,.T.);
#1346=ORIENTED_EDGE('',*,*,#2189,.F.);
#1347=ORIENTED_EDGE('',*,*,#2548,.T.);
#1348=ORIENTED_EDGE('',*,*,#2549,.F.);
#1349=ORIENTED_EDGE('',*,*,#2550,.T.);
#1350=ORIENTED_EDGE('',*,*,#2181,.F.);
#1351=ORIENTED_EDGE('',*,*,#2551,.T.);
#1352=ORIENTED_EDGE('',*,*,#2552,.F.);
#1353=ORIENTED_EDGE('',*,*,#2179,.T.);
#1354=ORIENTED_EDGE('',*,*,#2553,.T.);
#1355=ORIENTED_EDGE('',*,*,#2554,.F.);
#1356=ORIENTED_EDGE('',*,*,#2555,.T.);
#1357=ORIENTED_EDGE('',*,*,#2556,.T.);
#1358=ORIENTED_EDGE('',*,*,#2557,.T.);
#1359=ORIENTED_EDGE('',*,*,#2177,.F.);
#1360=ORIENTED_EDGE('',*,*,#2558,.T.);
#1361=ORIENTED_EDGE('',*,*,#2356,.T.);
#1362=ORIENTED_EDGE('',*,*,#2559,.F.);
#1363=ORIENTED_EDGE('',*,*,#2560,.F.);
#1364=ORIENTED_EDGE('',*,*,#2561,.T.);
#1365=ORIENTED_EDGE('',*,*,#2560,.T.);
#1366=ORIENTED_EDGE('',*,*,#2562,.T.);
#1367=ORIENTED_EDGE('',*,*,#2563,.F.);
#1368=ORIENTED_EDGE('',*,*,#2564,.F.);
#1369=ORIENTED_EDGE('',*,*,#2565,.F.);
#1370=ORIENTED_EDGE('',*,*,#2240,.F.);
#1371=ORIENTED_EDGE('',*,*,#2566,.T.);
#1372=ORIENTED_EDGE('',*,*,#2567,.F.);
#1373=ORIENTED_EDGE('',*,*,#2563,.T.);
#1374=ORIENTED_EDGE('',*,*,#2568,.T.);
#1375=ORIENTED_EDGE('',*,*,#2354,.T.);
#1376=ORIENTED_EDGE('',*,*,#2569,.F.);
#1377=ORIENTED_EDGE('',*,*,#2570,.F.);
#1378=ORIENTED_EDGE('',*,*,#2230,.T.);
#1379=ORIENTED_EDGE('',*,*,#2571,.F.);
#1380=ORIENTED_EDGE('',*,*,#2572,.F.);
#1381=ORIENTED_EDGE('',*,*,#2569,.T.);
#1382=ORIENTED_EDGE('',*,*,#2229,.T.);
#1383=ORIENTED_EDGE('',*,*,#2573,.F.);
#1384=ORIENTED_EDGE('',*,*,#2574,.F.);
#1385=ORIENTED_EDGE('',*,*,#2571,.T.);
#1386=ORIENTED_EDGE('',*,*,#2228,.F.);
#1387=ORIENTED_EDGE('',*,*,#2575,.F.);
#1388=ORIENTED_EDGE('',*,*,#2576,.T.);
#1389=ORIENTED_EDGE('',*,*,#2573,.T.);
#1390=ORIENTED_EDGE('',*,*,#2250,.T.);
#1391=ORIENTED_EDGE('',*,*,#2466,.F.);
#1392=ORIENTED_EDGE('',*,*,#2577,.T.);
#1393=ORIENTED_EDGE('',*,*,#2500,.T.);
#1394=ORIENTED_EDGE('',*,*,#2578,.F.);
#1395=ORIENTED_EDGE('',*,*,#2579,.F.);
#1396=ORIENTED_EDGE('',*,*,#2575,.T.);
#1397=ORIENTED_EDGE('',*,*,#2281,.T.);
#1398=ORIENTED_EDGE('',*,*,#2580,.F.);
#1399=ORIENTED_EDGE('',*,*,#2581,.F.);
#1400=ORIENTED_EDGE('',*,*,#2578,.T.);
#1401=ORIENTED_EDGE('',*,*,#2280,.T.);
#1402=ORIENTED_EDGE('',*,*,#2582,.T.);
#1403=ORIENTED_EDGE('',*,*,#2583,.F.);
#1404=ORIENTED_EDGE('',*,*,#2580,.T.);
#1405=ORIENTED_EDGE('',*,*,#2350,.T.);
#1406=ORIENTED_EDGE('',*,*,#2584,.T.);
#1407=ORIENTED_EDGE('',*,*,#2342,.F.);
#1408=ORIENTED_EDGE('',*,*,#2585,.F.);
#1409=ORIENTED_EDGE('',*,*,#2586,.T.);
#1410=ORIENTED_EDGE('',*,*,#2587,.T.);
#1411=ORIENTED_EDGE('',*,*,#2233,.F.);
#1412=ORIENTED_EDGE('',*,*,#2588,.T.);
#1413=ORIENTED_EDGE('',*,*,#2589,.T.);
#1414=ORIENTED_EDGE('',*,*,#2590,.T.);
#1415=ORIENTED_EDGE('',*,*,#2154,.F.);
#1416=ORIENTED_EDGE('',*,*,#2591,.T.);
#1417=ORIENTED_EDGE('',*,*,#2162,.T.);
#1418=ORIENTED_EDGE('',*,*,#2592,.T.);
#1419=ORIENTED_EDGE('',*,*,#2593,.F.);
#1420=ORIENTED_EDGE('',*,*,#2594,.T.);
#1421=ORIENTED_EDGE('',*,*,#2595,.F.);
#1422=ORIENTED_EDGE('',*,*,#2596,.T.);
#1423=ORIENTED_EDGE('',*,*,#2597,.F.);
#1424=ORIENTED_EDGE('',*,*,#2598,.T.);
#1425=ORIENTED_EDGE('',*,*,#2426,.T.);
#1426=ORIENTED_EDGE('',*,*,#2599,.T.);
#1427=ORIENTED_EDGE('',*,*,#2418,.F.);
#1428=ORIENTED_EDGE('',*,*,#2600,.F.);
#1429=ORIENTED_EDGE('',*,*,#2601,.T.);
#1430=ORIENTED_EDGE('',*,*,#2602,.T.);
#1431=ORIENTED_EDGE('',*,*,#2284,.F.);
#1432=ORIENTED_EDGE('',*,*,#2603,.T.);
#1433=ORIENTED_EDGE('',*,*,#2604,.T.);
#1434=ORIENTED_EDGE('',*,*,#2605,.T.);
#1435=ORIENTED_EDGE('',*,*,#2253,.F.);
#1436=ORIENTED_EDGE('',*,*,#2606,.T.);
#1437=ORIENTED_EDGE('',*,*,#2261,.T.);
#1438=ORIENTED_EDGE('',*,*,#2607,.T.);
#1439=ORIENTED_EDGE('',*,*,#2608,.F.);
#1440=ORIENTED_EDGE('',*,*,#2609,.T.);
#1441=ORIENTED_EDGE('',*,*,#2610,.T.);
#1442=ORIENTED_EDGE('',*,*,#2454,.F.);
#1443=ORIENTED_EDGE('',*,*,#2611,.F.);
#1444=ORIENTED_EDGE('',*,*,#2612,.T.);
#1445=ORIENTED_EDGE('',*,*,#2207,.F.);
#1446=ORIENTED_EDGE('',*,*,#2613,.T.);
#1447=ORIENTED_EDGE('',*,*,#2614,.F.);
#1448=ORIENTED_EDGE('',*,*,#2615,.T.);
#1449=ORIENTED_EDGE('',*,*,#2324,.F.);
#1450=ORIENTED_EDGE('',*,*,#2526,.F.);
#1451=ORIENTED_EDGE('',*,*,#2616,.T.);
#1452=ORIENTED_EDGE('',*,*,#2617,.T.);
#1453=ORIENTED_EDGE('',*,*,#2321,.F.);
#1454=ORIENTED_EDGE('',*,*,#2618,.T.);
#1455=ORIENTED_EDGE('',*,*,#2619,.T.);
#1456=ORIENTED_EDGE('',*,*,#2620,.T.);
#1457=ORIENTED_EDGE('',*,*,#2298,.F.);
#1458=ORIENTED_EDGE('',*,*,#2621,.T.);
#1459=ORIENTED_EDGE('',*,*,#2517,.T.);
#1460=ORIENTED_EDGE('',*,*,#2622,.T.);
#1461=ORIENTED_EDGE('',*,*,#2509,.F.);
#1462=ORIENTED_EDGE('',*,*,#2623,.F.);
#1463=ORIENTED_EDGE('',*,*,#2305,.F.);
#1464=ORIENTED_EDGE('',*,*,#2519,.F.);
#1465=ORIENTED_EDGE('',*,*,#2624,.T.);
#1466=ORIENTED_EDGE('',*,*,#2142,.T.);
#1467=ORIENTED_EDGE('',*,*,#2340,.T.);
#1468=ORIENTED_EDGE('',*,*,#2625,.T.);
#1469=ORIENTED_EDGE('',*,*,#2332,.F.);
#1470=ORIENTED_EDGE('',*,*,#2626,.F.);
#1471=ORIENTED_EDGE('',*,*,#2627,.F.);
#1472=ORIENTED_EDGE('',*,*,#2138,.F.);
#1473=ORIENTED_EDGE('',*,*,#2628,.F.);
#1474=ORIENTED_EDGE('',*,*,#2134,.F.);
#1475=ORIENTED_EDGE('',*,*,#2629,.T.);
#1476=ORIENTED_EDGE('',*,*,#2143,.T.);
#1477=ORIENTED_EDGE('',*,*,#2624,.F.);
#1478=ORIENTED_EDGE('',*,*,#2522,.F.);
#1479=ORIENTED_EDGE('',*,*,#2524,.F.);
#1480=ORIENTED_EDGE('',*,*,#2529,.T.);
#1481=ORIENTED_EDGE('',*,*,#2531,.T.);
#1482=ORIENTED_EDGE('',*,*,#2533,.F.);
#1483=ORIENTED_EDGE('',*,*,#2537,.F.);
#1484=ORIENTED_EDGE('',*,*,#2543,.T.);
#1485=ORIENTED_EDGE('',*,*,#2630,.T.);
#1486=ORIENTED_EDGE('',*,*,#2564,.T.);
#1487=ORIENTED_EDGE('',*,*,#2570,.T.);
#1488=ORIENTED_EDGE('',*,*,#2572,.T.);
#1489=ORIENTED_EDGE('',*,*,#2574,.T.);
#1490=ORIENTED_EDGE('',*,*,#2576,.F.);
#1491=ORIENTED_EDGE('',*,*,#2579,.T.);
#1492=ORIENTED_EDGE('',*,*,#2581,.T.);
#1493=ORIENTED_EDGE('',*,*,#2583,.T.);
#1494=ORIENTED_EDGE('',*,*,#2631,.F.);
#1495=ORIENTED_EDGE('',*,*,#2632,.T.);
#1496=ORIENTED_EDGE('',*,*,#2633,.F.);
#1497=ORIENTED_EDGE('',*,*,#2634,.T.);
#1498=ORIENTED_EDGE('',*,*,#2635,.T.);
#1499=ORIENTED_EDGE('',*,*,#2636,.F.);
#1500=ORIENTED_EDGE('',*,*,#2637,.T.);
#1501=ORIENTED_EDGE('',*,*,#2638,.T.);
#1502=ORIENTED_EDGE('',*,*,#2144,.T.);
#1503=ORIENTED_EDGE('',*,*,#2639,.T.);
#1504=ORIENTED_EDGE('',*,*,#2640,.F.);
#1505=ORIENTED_EDGE('',*,*,#2641,.T.);
#1506=ORIENTED_EDGE('',*,*,#2642,.F.);
#1507=ORIENTED_EDGE('',*,*,#2643,.T.);
#1508=ORIENTED_EDGE('',*,*,#2540,.T.);
#1509=ORIENTED_EDGE('',*,*,#2546,.T.);
#1510=ORIENTED_EDGE('',*,*,#2552,.T.);
#1511=ORIENTED_EDGE('',*,*,#2644,.T.);
#1512=ORIENTED_EDGE('',*,*,#2554,.T.);
#1513=ORIENTED_EDGE('',*,*,#2645,.T.);
#1514=ORIENTED_EDGE('',*,*,#2556,.F.);
#1515=ORIENTED_EDGE('',*,*,#2646,.T.);
#1516=ORIENTED_EDGE('',*,*,#2357,.T.);
#1517=ORIENTED_EDGE('',*,*,#2561,.F.);
#1518=ORIENTED_EDGE('',*,*,#2567,.T.);
#1519=ORIENTED_EDGE('',*,*,#2647,.T.);
#1520=ORIENTED_EDGE('',*,*,#2648,.F.);
#1521=ORIENTED_EDGE('',*,*,#2649,.T.);
#1522=ORIENTED_EDGE('',*,*,#2329,.T.);
#1523=ORIENTED_EDGE('',*,*,#2650,.T.);
#1524=ORIENTED_EDGE('',*,*,#2407,.F.);
#1525=ORIENTED_EDGE('',*,*,#2651,.T.);
#1526=ORIENTED_EDGE('',*,*,#2415,.T.);
#1527=ORIENTED_EDGE('',*,*,#2652,.F.);
#1528=ORIENTED_EDGE('',*,*,#2653,.T.);
#1529=ORIENTED_EDGE('',*,*,#2654,.T.);
#1530=ORIENTED_EDGE('',*,*,#2655,.T.);
#1531=ORIENTED_EDGE('',*,*,#2656,.T.);
#1532=ORIENTED_EDGE('',*,*,#2468,.T.);
#1533=ORIENTED_EDGE('',*,*,#2657,.T.);
#1534=ORIENTED_EDGE('',*,*,#2472,.T.);
#1535=ORIENTED_EDGE('',*,*,#2658,.T.);
#1536=ORIENTED_EDGE('',*,*,#2394,.T.);
#1537=ORIENTED_EDGE('',*,*,#2659,.T.);
#1538=ORIENTED_EDGE('',*,*,#2660,.F.);
#1539=ORIENTED_EDGE('',*,*,#2661,.F.);
#1540=ORIENTED_EDGE('',*,*,#2475,.F.);
#1541=ORIENTED_EDGE('',*,*,#2662,.F.);
#1542=ORIENTED_EDGE('',*,*,#2663,.T.);
#1543=ORIENTED_EDGE('',*,*,#2664,.T.);
#1544=ORIENTED_EDGE('',*,*,#2665,.F.);
#1545=ORIENTED_EDGE('',*,*,#2666,.T.);
#1546=ORIENTED_EDGE('',*,*,#2412,.T.);
#1547=ORIENTED_EDGE('',*,*,#2667,.T.);
#1548=ORIENTED_EDGE('',*,*,#2479,.T.);
#1549=ORIENTED_EDGE('',*,*,#2668,.T.);
#1550=ORIENTED_EDGE('',*,*,#2614,.T.);
#1551=ORIENTED_EDGE('',*,*,#2669,.T.);
#1552=ORIENTED_EDGE('',*,*,#2670,.F.);
#1553=ORIENTED_EDGE('',*,*,#2671,.T.);
#1554=ORIENTED_EDGE('',*,*,#2672,.T.);
#1555=ORIENTED_EDGE('',*,*,#2673,.T.);
#1556=ORIENTED_EDGE('',*,*,#2148,.T.);
#1557=ORIENTED_EDGE('',*,*,#2674,.T.);
#1558=ORIENTED_EDGE('',*,*,#2675,.F.);
#1559=ORIENTED_EDGE('',*,*,#2676,.F.);
#1560=ORIENTED_EDGE('',*,*,#2677,.T.);
#1561=ORIENTED_EDGE('',*,*,#2678,.T.);
#1562=ORIENTED_EDGE('',*,*,#2512,.T.);
#1563=ORIENTED_EDGE('',*,*,#2515,.T.);
#1564=ORIENTED_EDGE('',*,*,#2518,.T.);
#1565=ORIENTED_EDGE('',*,*,#2623,.T.);
#1566=ORIENTED_EDGE('',*,*,#2619,.F.);
#1567=ORIENTED_EDGE('',*,*,#2679,.T.);
#1568=ORIENTED_EDGE('',*,*,#2486,.T.);
#1569=ORIENTED_EDGE('',*,*,#2680,.T.);
#1570=ORIENTED_EDGE('',*,*,#2504,.T.);
#1571=ORIENTED_EDGE('',*,*,#2681,.T.);
#1572=ORIENTED_EDGE('',*,*,#2506,.F.);
#1573=ORIENTED_EDGE('',*,*,#2682,.T.);
#1574=ORIENTED_EDGE('',*,*,#2616,.F.);
#1575=ORIENTED_EDGE('',*,*,#2683,.T.);
#1576=ORIENTED_EDGE('',*,*,#2481,.T.);
#1577=ORIENTED_EDGE('',*,*,#2684,.T.);
#1578=ORIENTED_EDGE('',*,*,#2490,.T.);
#1579=ORIENTED_EDGE('',*,*,#2685,.T.);
#1580=ORIENTED_EDGE('',*,*,#2492,.F.);
#1581=ORIENTED_EDGE('',*,*,#2686,.T.);
#1582=ORIENTED_EDGE('',*,*,#2495,.T.);
#1583=ORIENTED_EDGE('',*,*,#2687,.T.);
#1584=ORIENTED_EDGE('',*,*,#2453,.F.);
#1585=ORIENTED_EDGE('',*,*,#2688,.T.);
#1586=ORIENTED_EDGE('',*,*,#2458,.T.);
#1587=ORIENTED_EDGE('',*,*,#2689,.T.);
#1588=ORIENTED_EDGE('',*,*,#2464,.F.);
#1589=ORIENTED_EDGE('',*,*,#2471,.T.);
#1590=ORIENTED_EDGE('',*,*,#2690,.T.);
#1591=ORIENTED_EDGE('',*,*,#2691,.F.);
#1592=ORIENTED_EDGE('',*,*,#2692,.T.);
#1593=ORIENTED_EDGE('',*,*,#2693,.T.);
#1594=ORIENTED_EDGE('',*,*,#2694,.T.);
#1595=ORIENTED_EDGE('',*,*,#2611,.T.);
#1596=ORIENTED_EDGE('',*,*,#2608,.T.);
#1597=ORIENTED_EDGE('',*,*,#2695,.T.);
#1598=ORIENTED_EDGE('',*,*,#2443,.T.);
#1599=ORIENTED_EDGE('',*,*,#2696,.T.);
#1600=ORIENTED_EDGE('',*,*,#2446,.F.);
#1601=ORIENTED_EDGE('',*,*,#2697,.T.);
#1602=ORIENTED_EDGE('',*,*,#2450,.T.);
#1603=ORIENTED_EDGE('',*,*,#2698,.T.);
#1604=ORIENTED_EDGE('',*,*,#2604,.F.);
#1605=ORIENTED_EDGE('',*,*,#2699,.T.);
#1606=ORIENTED_EDGE('',*,*,#2435,.T.);
#1607=ORIENTED_EDGE('',*,*,#2700,.T.);
#1608=ORIENTED_EDGE('',*,*,#2437,.T.);
#1609=ORIENTED_EDGE('',*,*,#2701,.T.);
#1610=ORIENTED_EDGE('',*,*,#2441,.F.);
#1611=ORIENTED_EDGE('',*,*,#2702,.T.);
#1612=ORIENTED_EDGE('',*,*,#2601,.F.);
#1613=ORIENTED_EDGE('',*,*,#2703,.T.);
#1614=ORIENTED_EDGE('',*,*,#2498,.T.);
#1615=ORIENTED_EDGE('',*,*,#2704,.T.);
#1616=ORIENTED_EDGE('',*,*,#2429,.T.);
#1617=ORIENTED_EDGE('',*,*,#2705,.T.);
#1618=ORIENTED_EDGE('',*,*,#2432,.T.);
#1619=ORIENTED_EDGE('',*,*,#2706,.T.);
#1620=ORIENTED_EDGE('',*,*,#2421,.F.);
#1621=ORIENTED_EDGE('',*,*,#2424,.T.);
#1622=ORIENTED_EDGE('',*,*,#2427,.F.);
#1623=ORIENTED_EDGE('',*,*,#2600,.T.);
#1624=ORIENTED_EDGE('',*,*,#2597,.T.);
#1625=ORIENTED_EDGE('',*,*,#2707,.F.);
#1626=ORIENTED_EDGE('',*,*,#2708,.F.);
#1627=ORIENTED_EDGE('',*,*,#2397,.T.);
#1628=ORIENTED_EDGE('',*,*,#2709,.T.);
#1629=ORIENTED_EDGE('',*,*,#2400,.T.);
#1630=ORIENTED_EDGE('',*,*,#2710,.T.);
#1631=ORIENTED_EDGE('',*,*,#2403,.T.);
#1632=ORIENTED_EDGE('',*,*,#2711,.T.);
#1633=ORIENTED_EDGE('',*,*,#2595,.T.);
#1634=ORIENTED_EDGE('',*,*,#2593,.T.);
#1635=ORIENTED_EDGE('',*,*,#2712,.T.);
#1636=ORIENTED_EDGE('',*,*,#2384,.T.);
#1637=ORIENTED_EDGE('',*,*,#2713,.T.);
#1638=ORIENTED_EDGE('',*,*,#2387,.F.);
#1639=ORIENTED_EDGE('',*,*,#2714,.T.);
#1640=ORIENTED_EDGE('',*,*,#2391,.T.);
#1641=ORIENTED_EDGE('',*,*,#2715,.T.);
#1642=ORIENTED_EDGE('',*,*,#2589,.F.);
#1643=ORIENTED_EDGE('',*,*,#2716,.T.);
#1644=ORIENTED_EDGE('',*,*,#2376,.T.);
#1645=ORIENTED_EDGE('',*,*,#2717,.T.);
#1646=ORIENTED_EDGE('',*,*,#2378,.T.);
#1647=ORIENTED_EDGE('',*,*,#2718,.T.);
#1648=ORIENTED_EDGE('',*,*,#2381,.F.);
#1649=ORIENTED_EDGE('',*,*,#2719,.T.);
#1650=ORIENTED_EDGE('',*,*,#2549,.T.);
#1651=ORIENTED_EDGE('',*,*,#2720,.T.);
#1652=ORIENTED_EDGE('',*,*,#2367,.T.);
#1653=ORIENTED_EDGE('',*,*,#2721,.T.);
#1654=ORIENTED_EDGE('',*,*,#2370,.F.);
#1655=ORIENTED_EDGE('',*,*,#2722,.T.);
#1656=ORIENTED_EDGE('',*,*,#2372,.F.);
#1657=ORIENTED_EDGE('',*,*,#2723,.T.);
#1658=ORIENTED_EDGE('',*,*,#2586,.F.);
#1659=ORIENTED_EDGE('',*,*,#2724,.T.);
#1660=ORIENTED_EDGE('',*,*,#2352,.T.);
#1661=ORIENTED_EDGE('',*,*,#2725,.T.);
#1662=ORIENTED_EDGE('',*,*,#2361,.T.);
#1663=ORIENTED_EDGE('',*,*,#2726,.T.);
#1664=ORIENTED_EDGE('',*,*,#2363,.T.);
#1665=ORIENTED_EDGE('',*,*,#2727,.T.);
#1666=ORIENTED_EDGE('',*,*,#2345,.F.);
#1667=ORIENTED_EDGE('',*,*,#2348,.T.);
#1668=ORIENTED_EDGE('',*,*,#2351,.F.);
#1669=ORIENTED_EDGE('',*,*,#2585,.T.);
#1670=ORIENTED_EDGE('',*,*,#2335,.T.);
#1671=ORIENTED_EDGE('',*,*,#2338,.T.);
#1672=ORIENTED_EDGE('',*,*,#2341,.T.);
#1673=ORIENTED_EDGE('',*,*,#2626,.T.);
#1674=ORIENTED_EDGE('',*,*,#2728,.F.);
#1675=ORIENTED_EDGE('',*,*,#2729,.F.);
#1676=ORIENTED_EDGE('',*,*,#2173,.T.);
#1677=ORIENTED_EDGE('',*,*,#2730,.T.);
#1678=ORIENTED_EDGE('',*,*,#2663,.F.);
#1679=ORIENTED_EDGE('',*,*,#2731,.T.);
#1680=ORIENTED_EDGE('',*,*,#2171,.F.);
#1681=ORIENTED_EDGE('',*,*,#2732,.T.);
#1682=ORIENTED_EDGE('',*,*,#2660,.T.);
#1683=ORIENTED_EDGE('',*,*,#2733,.T.);
#1684=ORIENTED_EDGE('',*,*,#2217,.T.);
#1685=ORIENTED_EDGE('',*,*,#2734,.T.);
#1686=ORIENTED_EDGE('',*,*,#2653,.F.);
#1687=ORIENTED_EDGE('',*,*,#2735,.T.);
#1688=ORIENTED_EDGE('',*,*,#2215,.T.);
#1689=ORIENTED_EDGE('',*,*,#2736,.T.);
#1690=ORIENTED_EDGE('',*,*,#2655,.F.);
#1691=ORIENTED_EDGE('',*,*,#2737,.T.);
#1692=ORIENTED_EDGE('',*,*,#2691,.T.);
#1693=ORIENTED_EDGE('',*,*,#2738,.T.);
#1694=ORIENTED_EDGE('',*,*,#2211,.F.);
#1695=ORIENTED_EDGE('',*,*,#2739,.T.);
#1696=ORIENTED_EDGE('',*,*,#2209,.T.);
#1697=ORIENTED_EDGE('',*,*,#2740,.T.);
#1698=ORIENTED_EDGE('',*,*,#2693,.F.);
#1699=ORIENTED_EDGE('',*,*,#2741,.T.);
#1700=ORIENTED_EDGE('',*,*,#2670,.T.);
#1701=ORIENTED_EDGE('',*,*,#2742,.T.);
#1702=ORIENTED_EDGE('',*,*,#2205,.F.);
#1703=ORIENTED_EDGE('',*,*,#2743,.T.);
#1704=ORIENTED_EDGE('',*,*,#2665,.T.);
#1705=ORIENTED_EDGE('',*,*,#2744,.T.);
#1706=ORIENTED_EDGE('',*,*,#2203,.F.);
#1707=ORIENTED_EDGE('',*,*,#2745,.T.);
#1708=ORIENTED_EDGE('',*,*,#2221,.F.);
#1709=ORIENTED_EDGE('',*,*,#2746,.T.);
#1710=ORIENTED_EDGE('',*,*,#2707,.T.);
#1711=ORIENTED_EDGE('',*,*,#2747,.T.);
#1712=ORIENTED_EDGE('',*,*,#2199,.F.);
#1713=ORIENTED_EDGE('',*,*,#2748,.T.);
#1714=ORIENTED_EDGE('',*,*,#2648,.T.);
#1715=ORIENTED_EDGE('',*,*,#2749,.T.);
#1716=ORIENTED_EDGE('',*,*,#2642,.T.);
#1717=ORIENTED_EDGE('',*,*,#2750,.T.);
#1718=ORIENTED_EDGE('',*,*,#2244,.F.);
#1719=ORIENTED_EDGE('',*,*,#2751,.T.);
#1720=ORIENTED_EDGE('',*,*,#2630,.F.);
#1721=ORIENTED_EDGE('',*,*,#2542,.F.);
#1722=ORIENTED_EDGE('',*,*,#2241,.T.);
#1723=ORIENTED_EDGE('',*,*,#2565,.T.);
#1724=ORIENTED_EDGE('',*,*,#2700,.F.);
#1725=ORIENTED_EDGE('',*,*,#2434,.F.);
#1726=ORIENTED_EDGE('',*,*,#2258,.F.);
#1727=ORIENTED_EDGE('',*,*,#2438,.F.);
#1728=ORIENTED_EDGE('',*,*,#2702,.F.);
#1729=ORIENTED_EDGE('',*,*,#2440,.F.);
#1730=ORIENTED_EDGE('',*,*,#2254,.F.);
#1731=ORIENTED_EDGE('',*,*,#2605,.F.);
#1732=ORIENTED_EDGE('',*,*,#2699,.F.);
#1733=ORIENTED_EDGE('',*,*,#2606,.F.);
#1734=ORIENTED_EDGE('',*,*,#2252,.F.);
#1735=ORIENTED_EDGE('',*,*,#2436,.F.);
#1736=ORIENTED_EDGE('',*,*,#2701,.F.);
#1737=ORIENTED_EDGE('',*,*,#2439,.F.);
#1738=ORIENTED_EDGE('',*,*,#2256,.F.);
#1739=ORIENTED_EDGE('',*,*,#2442,.F.);
#1740=ORIENTED_EDGE('',*,*,#2695,.F.);
#1741=ORIENTED_EDGE('',*,*,#2607,.F.);
#1742=ORIENTED_EDGE('',*,*,#2260,.F.);
#1743=ORIENTED_EDGE('',*,*,#2444,.F.);
#1744=ORIENTED_EDGE('',*,*,#2698,.F.);
#1745=ORIENTED_EDGE('',*,*,#2449,.F.);
#1746=ORIENTED_EDGE('',*,*,#2262,.F.);
#1747=ORIENTED_EDGE('',*,*,#2609,.F.);
#1748=ORIENTED_EDGE('',*,*,#2696,.F.);
#1749=ORIENTED_EDGE('',*,*,#2445,.F.);
#1750=ORIENTED_EDGE('',*,*,#2266,.F.);
#1751=ORIENTED_EDGE('',*,*,#2447,.F.);
#1752=ORIENTED_EDGE('',*,*,#2697,.F.);
#1753=ORIENTED_EDGE('',*,*,#2448,.F.);
#1754=ORIENTED_EDGE('',*,*,#2264,.F.);
#1755=ORIENTED_EDGE('',*,*,#2451,.F.);
#1756=ORIENTED_EDGE('',*,*,#2681,.F.);
#1757=ORIENTED_EDGE('',*,*,#2503,.F.);
#1758=ORIENTED_EDGE('',*,*,#2301,.F.);
#1759=ORIENTED_EDGE('',*,*,#2507,.F.);
#1760=ORIENTED_EDGE('',*,*,#2682,.F.);
#1761=ORIENTED_EDGE('',*,*,#2508,.F.);
#1762=ORIENTED_EDGE('',*,*,#2299,.F.);
#1763=ORIENTED_EDGE('',*,*,#2620,.F.);
#1764=ORIENTED_EDGE('',*,*,#2679,.F.);
#1765=ORIENTED_EDGE('',*,*,#2621,.F.);
#1766=ORIENTED_EDGE('',*,*,#2297,.F.);
#1767=ORIENTED_EDGE('',*,*,#2487,.F.);
#1768=ORIENTED_EDGE('',*,*,#2680,.F.);
#1769=ORIENTED_EDGE('',*,*,#2485,.F.);
#1770=ORIENTED_EDGE('',*,*,#2303,.F.);
#1771=ORIENTED_EDGE('',*,*,#2505,.F.);
#1772=ORIENTED_EDGE('',*,*,#2706,.F.);
#1773=ORIENTED_EDGE('',*,*,#2431,.F.);
#1774=ORIENTED_EDGE('',*,*,#2285,.F.);
#1775=ORIENTED_EDGE('',*,*,#2602,.F.);
#1776=ORIENTED_EDGE('',*,*,#2705,.F.);
#1777=ORIENTED_EDGE('',*,*,#2428,.F.);
#1778=ORIENTED_EDGE('',*,*,#2287,.F.);
#1779=ORIENTED_EDGE('',*,*,#2433,.F.);
#1780=ORIENTED_EDGE('',*,*,#2703,.F.);
#1781=ORIENTED_EDGE('',*,*,#2603,.F.);
#1782=ORIENTED_EDGE('',*,*,#2283,.F.);
#1783=ORIENTED_EDGE('',*,*,#2499,.F.);
#1784=ORIENTED_EDGE('',*,*,#2704,.F.);
#1785=ORIENTED_EDGE('',*,*,#2497,.F.);
#1786=ORIENTED_EDGE('',*,*,#2289,.F.);
#1787=ORIENTED_EDGE('',*,*,#2430,.F.);
#1788=ORIENTED_EDGE('',*,*,#2685,.F.);
#1789=ORIENTED_EDGE('',*,*,#2489,.F.);
#1790=ORIENTED_EDGE('',*,*,#2293,.F.);
#1791=ORIENTED_EDGE('',*,*,#2493,.F.);
#1792=ORIENTED_EDGE('',*,*,#2686,.F.);
#1793=ORIENTED_EDGE('',*,*,#2494,.F.);
#1794=ORIENTED_EDGE('',*,*,#2291,.F.);
#1795=ORIENTED_EDGE('',*,*,#2496,.F.);
#1796=ORIENTED_EDGE('',*,*,#2687,.F.);
#1797=ORIENTED_EDGE('',*,*,#2502,.F.);
#1798=ORIENTED_EDGE('',*,*,#2322,.F.);
#1799=ORIENTED_EDGE('',*,*,#2617,.F.);
#1800=ORIENTED_EDGE('',*,*,#2683,.F.);
#1801=ORIENTED_EDGE('',*,*,#2618,.F.);
#1802=ORIENTED_EDGE('',*,*,#2320,.F.);
#1803=ORIENTED_EDGE('',*,*,#2482,.F.);
#1804=ORIENTED_EDGE('',*,*,#2684,.F.);
#1805=ORIENTED_EDGE('',*,*,#2488,.F.);
#1806=ORIENTED_EDGE('',*,*,#2295,.F.);
#1807=ORIENTED_EDGE('',*,*,#2491,.F.);
#1808=ORIENTED_EDGE('',*,*,#2689,.F.);
#1809=ORIENTED_EDGE('',*,*,#2457,.F.);
#1810=ORIENTED_EDGE('',*,*,#2315,.F.);
#1811=ORIENTED_EDGE('',*,*,#2460,.F.);
#1812=ORIENTED_EDGE('',*,*,#2688,.F.);
#1813=ORIENTED_EDGE('',*,*,#2452,.F.);
#1814=ORIENTED_EDGE('',*,*,#2317,.F.);
#1815=ORIENTED_EDGE('',*,*,#2459,.F.);
#1816=ORIENTED_EDGE('',*,*,#2212,.F.);
#1817=ORIENTED_EDGE('',*,*,#2738,.F.);
#1818=ORIENTED_EDGE('',*,*,#2690,.F.);
#1819=ORIENTED_EDGE('',*,*,#2470,.F.);
#1820=ORIENTED_EDGE('',*,*,#2208,.F.);
#1821=ORIENTED_EDGE('',*,*,#2612,.F.);
#1822=ORIENTED_EDGE('',*,*,#2694,.F.);
#1823=ORIENTED_EDGE('',*,*,#2740,.F.);
#1824=ORIENTED_EDGE('',*,*,#2210,.F.);
#1825=ORIENTED_EDGE('',*,*,#2741,.F.);
#1826=ORIENTED_EDGE('',*,*,#2692,.F.);
#1827=ORIENTED_EDGE('',*,*,#2739,.F.);
#1828=ORIENTED_EDGE('',*,*,#2206,.F.);
#1829=ORIENTED_EDGE('',*,*,#2742,.F.);
#1830=ORIENTED_EDGE('',*,*,#2669,.F.);
#1831=ORIENTED_EDGE('',*,*,#2613,.F.);
#1832=ORIENTED_EDGE('',*,*,#2668,.F.);
#1833=ORIENTED_EDGE('',*,*,#2478,.F.);
#1834=ORIENTED_EDGE('',*,*,#2325,.F.);
#1835=ORIENTED_EDGE('',*,*,#2615,.F.);
#1836=ORIENTED_EDGE('',*,*,#2204,.F.);
#1837=ORIENTED_EDGE('',*,*,#2744,.F.);
#1838=ORIENTED_EDGE('',*,*,#2671,.F.);
#1839=ORIENTED_EDGE('',*,*,#2743,.F.);
#1840=ORIENTED_EDGE('',*,*,#2202,.F.);
#1841=ORIENTED_EDGE('',*,*,#2413,.F.);
#1842=ORIENTED_EDGE('',*,*,#2666,.F.);
#1843=ORIENTED_EDGE('',*,*,#2745,.F.);
#1844=ORIENTED_EDGE('',*,*,#2667,.F.);
#1845=ORIENTED_EDGE('',*,*,#2411,.F.);
#1846=ORIENTED_EDGE('',*,*,#2327,.F.);
#1847=ORIENTED_EDGE('',*,*,#2480,.F.);
#1848=ORIENTED_EDGE('',*,*,#2214,.F.);
#1849=ORIENTED_EDGE('',*,*,#2469,.F.);
#1850=ORIENTED_EDGE('',*,*,#2656,.F.);
#1851=ORIENTED_EDGE('',*,*,#2736,.F.);
#1852=ORIENTED_EDGE('',*,*,#2657,.F.);
#1853=ORIENTED_EDGE('',*,*,#2467,.F.);
#1854=ORIENTED_EDGE('',*,*,#2248,.F.);
#1855=ORIENTED_EDGE('',*,*,#2473,.F.);
#1856=ORIENTED_EDGE('',*,*,#2216,.F.);
#1857=ORIENTED_EDGE('',*,*,#2737,.F.);
#1858=ORIENTED_EDGE('',*,*,#2654,.F.);
#1859=ORIENTED_EDGE('',*,*,#2734,.F.);
#1860=ORIENTED_EDGE('',*,*,#2658,.F.);
#1861=ORIENTED_EDGE('',*,*,#2474,.F.);
#1862=ORIENTED_EDGE('',*,*,#2246,.F.);
#1863=ORIENTED_EDGE('',*,*,#2395,.F.);
#1864=ORIENTED_EDGE('',*,*,#2218,.F.);
#1865=ORIENTED_EDGE('',*,*,#2735,.F.);
#1866=ORIENTED_EDGE('',*,*,#2659,.F.);
#1867=ORIENTED_EDGE('',*,*,#2393,.F.);
#1868=ORIENTED_EDGE('',*,*,#2172,.F.);
#1869=ORIENTED_EDGE('',*,*,#2733,.F.);
#1870=ORIENTED_EDGE('',*,*,#2664,.F.);
#1871=ORIENTED_EDGE('',*,*,#2730,.F.);
#1872=ORIENTED_EDGE('',*,*,#2709,.F.);
#1873=ORIENTED_EDGE('',*,*,#2396,.F.);
#1874=ORIENTED_EDGE('',*,*,#2226,.F.);
#1875=ORIENTED_EDGE('',*,*,#2401,.F.);
#1876=ORIENTED_EDGE('',*,*,#2710,.F.);
#1877=ORIENTED_EDGE('',*,*,#2402,.F.);
#1878=ORIENTED_EDGE('',*,*,#2224,.F.);
#1879=ORIENTED_EDGE('',*,*,#2404,.F.);
#1880=ORIENTED_EDGE('',*,*,#2222,.F.);
#1881=ORIENTED_EDGE('',*,*,#2747,.F.);
#1882=ORIENTED_EDGE('',*,*,#2711,.F.);
#1883=ORIENTED_EDGE('',*,*,#2405,.F.);
#1884=ORIENTED_EDGE('',*,*,#2198,.F.);
#1885=ORIENTED_EDGE('',*,*,#2330,.F.);
#1886=ORIENTED_EDGE('',*,*,#2649,.F.);
#1887=ORIENTED_EDGE('',*,*,#2748,.F.);
#1888=ORIENTED_EDGE('',*,*,#2651,.F.);
#1889=ORIENTED_EDGE('',*,*,#2406,.F.);
#1890=ORIENTED_EDGE('',*,*,#2194,.F.);
#1891=ORIENTED_EDGE('',*,*,#2416,.F.);
#1892=ORIENTED_EDGE('',*,*,#2650,.F.);
#1893=ORIENTED_EDGE('',*,*,#2331,.F.);
#1894=ORIENTED_EDGE('',*,*,#2196,.F.);
#1895=ORIENTED_EDGE('',*,*,#2408,.F.);
#1896=ORIENTED_EDGE('',*,*,#2722,.F.);
#1897=ORIENTED_EDGE('',*,*,#2369,.F.);
#1898=ORIENTED_EDGE('',*,*,#2184,.F.);
#1899=ORIENTED_EDGE('',*,*,#2373,.F.);
#1900=ORIENTED_EDGE('',*,*,#2721,.F.);
#1901=ORIENTED_EDGE('',*,*,#2366,.F.);
#1902=ORIENTED_EDGE('',*,*,#2186,.F.);
#1903=ORIENTED_EDGE('',*,*,#2371,.F.);
#1904=ORIENTED_EDGE('',*,*,#2723,.F.);
#1905=ORIENTED_EDGE('',*,*,#2374,.F.);
#1906=ORIENTED_EDGE('',*,*,#2182,.F.);
#1907=ORIENTED_EDGE('',*,*,#2550,.F.);
#1908=ORIENTED_EDGE('',*,*,#2720,.F.);
#1909=ORIENTED_EDGE('',*,*,#2548,.F.);
#1910=ORIENTED_EDGE('',*,*,#2188,.F.);
#1911=ORIENTED_EDGE('',*,*,#2368,.F.);
#1912=ORIENTED_EDGE('',*,*,#2712,.F.);
#1913=ORIENTED_EDGE('',*,*,#2592,.F.);
#1914=ORIENTED_EDGE('',*,*,#2161,.F.);
#1915=ORIENTED_EDGE('',*,*,#2385,.F.);
#1916=ORIENTED_EDGE('',*,*,#2713,.F.);
#1917=ORIENTED_EDGE('',*,*,#2386,.F.);
#1918=ORIENTED_EDGE('',*,*,#2167,.F.);
#1919=ORIENTED_EDGE('',*,*,#2388,.F.);
#1920=ORIENTED_EDGE('',*,*,#2715,.F.);
#1921=ORIENTED_EDGE('',*,*,#2390,.F.);
#1922=ORIENTED_EDGE('',*,*,#2163,.F.);
#1923=ORIENTED_EDGE('',*,*,#2594,.F.);
#1924=ORIENTED_EDGE('',*,*,#2714,.F.);
#1925=ORIENTED_EDGE('',*,*,#2389,.F.);
#1926=ORIENTED_EDGE('',*,*,#2165,.F.);
#1927=ORIENTED_EDGE('',*,*,#2392,.F.);
#1928=ORIENTED_EDGE('',*,*,#2717,.F.);
#1929=ORIENTED_EDGE('',*,*,#2375,.F.);
#1930=ORIENTED_EDGE('',*,*,#2159,.F.);
#1931=ORIENTED_EDGE('',*,*,#2379,.F.);
#1932=ORIENTED_EDGE('',*,*,#2718,.F.);
#1933=ORIENTED_EDGE('',*,*,#2380,.F.);
#1934=ORIENTED_EDGE('',*,*,#2157,.F.);
#1935=ORIENTED_EDGE('',*,*,#2382,.F.);
#1936=ORIENTED_EDGE('',*,*,#2719,.F.);
#1937=ORIENTED_EDGE('',*,*,#2383,.F.);
#1938=ORIENTED_EDGE('',*,*,#2155,.F.);
#1939=ORIENTED_EDGE('',*,*,#2590,.F.);
#1940=ORIENTED_EDGE('',*,*,#2716,.F.);
#1941=ORIENTED_EDGE('',*,*,#2591,.F.);
#1942=ORIENTED_EDGE('',*,*,#2153,.F.);
#1943=ORIENTED_EDGE('',*,*,#2377,.F.);
#1944=ORIENTED_EDGE('',*,*,#2726,.F.);
#1945=ORIENTED_EDGE('',*,*,#2360,.F.);
#1946=ORIENTED_EDGE('',*,*,#2236,.F.);
#1947=ORIENTED_EDGE('',*,*,#2364,.F.);
#1948=ORIENTED_EDGE('',*,*,#2727,.F.);
#1949=ORIENTED_EDGE('',*,*,#2365,.F.);
#1950=ORIENTED_EDGE('',*,*,#2234,.F.);
#1951=ORIENTED_EDGE('',*,*,#2587,.F.);
#1952=ORIENTED_EDGE('',*,*,#2724,.F.);
#1953=ORIENTED_EDGE('',*,*,#2588,.F.);
#1954=ORIENTED_EDGE('',*,*,#2232,.F.);
#1955=ORIENTED_EDGE('',*,*,#2353,.F.);
#1956=ORIENTED_EDGE('',*,*,#2725,.F.);
#1957=ORIENTED_EDGE('',*,*,#2359,.F.);
#1958=ORIENTED_EDGE('',*,*,#2238,.F.);
#1959=ORIENTED_EDGE('',*,*,#2362,.F.);
#1960=ORIENTED_EDGE('',*,*,#2645,.F.);
#1961=ORIENTED_EDGE('',*,*,#2553,.F.);
#1962=ORIENTED_EDGE('',*,*,#2178,.F.);
#1963=ORIENTED_EDGE('',*,*,#2557,.F.);
#1964=ORIENTED_EDGE('',*,*,#2646,.F.);
#1965=ORIENTED_EDGE('',*,*,#2558,.F.);
#1966=ORIENTED_EDGE('',*,*,#2176,.F.);
#1967=ORIENTED_EDGE('',*,*,#2358,.F.);
#1968=ORIENTED_EDGE('',*,*,#2644,.F.);
#1969=ORIENTED_EDGE('',*,*,#2551,.F.);
#1970=ORIENTED_EDGE('',*,*,#2180,.F.);
#1971=ORIENTED_EDGE('',*,*,#2555,.F.);
#1972=ORIENTED_EDGE('',*,*,#2239,.F.);
#1973=ORIENTED_EDGE('',*,*,#2750,.F.);
#1974=ORIENTED_EDGE('',*,*,#2647,.F.);
#1975=ORIENTED_EDGE('',*,*,#2566,.F.);
#1976=ORIENTED_EDGE('',*,*,#2243,.F.);
#1977=ORIENTED_EDGE('',*,*,#2541,.F.);
#1978=ORIENTED_EDGE('',*,*,#2643,.F.);
#1979=ORIENTED_EDGE('',*,*,#2751,.F.);
#1980=ORIENTED_EDGE('',*,*,#2652,.T.);
#1981=ORIENTED_EDGE('',*,*,#2414,.F.);
#1982=ORIENTED_EDGE('',*,*,#2200,.F.);
#1983=ORIENTED_EDGE('',*,*,#2749,.F.);
#1984=ORIENTED_EDGE('',*,*,#2708,.T.);
#1985=ORIENTED_EDGE('',*,*,#2746,.F.);
#1986=ORIENTED_EDGE('',*,*,#2220,.F.);
#1987=ORIENTED_EDGE('',*,*,#2398,.F.);
#1988=ORIENTED_EDGE('',*,*,#2662,.T.);
#1989=ORIENTED_EDGE('',*,*,#2477,.F.);
#1990=ORIENTED_EDGE('',*,*,#2174,.F.);
#1991=ORIENTED_EDGE('',*,*,#2731,.F.);
#1992=ORIENTED_EDGE('',*,*,#2661,.T.);
#1993=ORIENTED_EDGE('',*,*,#2732,.F.);
#1994=ORIENTED_EDGE('',*,*,#2170,.F.);
#1995=ORIENTED_EDGE('',*,*,#2476,.F.);
#1996=ORIENTED_EDGE('',*,*,#2596,.F.);
#1997=ORIENTED_EDGE('',*,*,#2409,.F.);
#1998=ORIENTED_EDGE('',*,*,#2527,.F.);
#1999=ORIENTED_EDGE('',*,*,#2598,.F.);
#2000=ORIENTED_EDGE('',*,*,#2399,.T.);
#2001=ORIENTED_EDGE('',*,*,#2520,.T.);
#2002=ORIENTED_EDGE('',*,*,#2483,.T.);
#2003=ORIENTED_EDGE('',*,*,#2455,.T.);
#2004=ORIENTED_EDGE('',*,*,#2610,.F.);
#2005=ORIENTED_EDGE('',*,*,#2525,.T.);
#2006=ORIENTED_EDGE('',*,*,#2516,.F.);
#2007=ORIENTED_EDGE('',*,*,#2513,.F.);
#2008=ORIENTED_EDGE('',*,*,#2510,.F.);
#2009=ORIENTED_EDGE('',*,*,#2622,.F.);
#2010=ORIENTED_EDGE('',*,*,#2535,.T.);
#2011=ORIENTED_EDGE('',*,*,#2547,.F.);
#2012=ORIENTED_EDGE('',*,*,#2544,.F.);
#2013=ORIENTED_EDGE('',*,*,#2538,.F.);
#2014=ORIENTED_EDGE('',*,*,#2339,.F.);
#2015=ORIENTED_EDGE('',*,*,#2336,.F.);
#2016=ORIENTED_EDGE('',*,*,#2333,.F.);
#2017=ORIENTED_EDGE('',*,*,#2625,.F.);
#2018=ORIENTED_EDGE('',*,*,#2577,.F.);
#2019=ORIENTED_EDGE('',*,*,#2465,.T.);
#2020=ORIENTED_EDGE('',*,*,#2462,.T.);
#2021=ORIENTED_EDGE('',*,*,#2501,.T.);
#2022=ORIENTED_EDGE('',*,*,#2599,.F.);
#2023=ORIENTED_EDGE('',*,*,#2425,.T.);
#2024=ORIENTED_EDGE('',*,*,#2422,.F.);
#2025=ORIENTED_EDGE('',*,*,#2419,.T.);
#2026=ORIENTED_EDGE('',*,*,#2559,.T.);
#2027=ORIENTED_EDGE('',*,*,#2355,.T.);
#2028=ORIENTED_EDGE('',*,*,#2568,.F.);
#2029=ORIENTED_EDGE('',*,*,#2562,.F.);
#2030=ORIENTED_EDGE('',*,*,#2346,.F.);
#2031=ORIENTED_EDGE('',*,*,#2343,.T.);
#2032=ORIENTED_EDGE('',*,*,#2584,.F.);
#2033=ORIENTED_EDGE('',*,*,#2349,.T.);
#2034=ORIENTED_EDGE('',*,*,#2631,.T.);
#2035=ORIENTED_EDGE('',*,*,#2582,.F.);
#2036=ORIENTED_EDGE('',*,*,#2279,.F.);
#2037=ORIENTED_EDGE('',*,*,#2752,.T.);
#2038=ORIENTED_EDGE('',*,*,#2632,.F.);
#2039=ORIENTED_EDGE('',*,*,#2752,.F.);
#2040=ORIENTED_EDGE('',*,*,#2278,.F.);
#2041=ORIENTED_EDGE('',*,*,#2753,.T.);
#2042=ORIENTED_EDGE('',*,*,#2677,.F.);
#2043=ORIENTED_EDGE('',*,*,#2754,.T.);
#2044=ORIENTED_EDGE('',*,*,#2271,.F.);
#2045=ORIENTED_EDGE('',*,*,#2755,.T.);
#2046=ORIENTED_EDGE('',*,*,#2756,.T.);
#2047=ORIENTED_EDGE('',*,*,#2633,.T.);
#2048=ORIENTED_EDGE('',*,*,#2755,.F.);
#2049=ORIENTED_EDGE('',*,*,#2270,.F.);
#2050=ORIENTED_EDGE('',*,*,#2757,.T.);
#2051=ORIENTED_EDGE('',*,*,#2634,.F.);
#2052=ORIENTED_EDGE('',*,*,#2757,.F.);
#2053=ORIENTED_EDGE('',*,*,#2269,.F.);
#2054=ORIENTED_EDGE('',*,*,#2758,.T.);
#2055=ORIENTED_EDGE('',*,*,#2635,.F.);
#2056=ORIENTED_EDGE('',*,*,#2759,.T.);
#2057=ORIENTED_EDGE('',*,*,#2307,.F.);
#2058=ORIENTED_EDGE('',*,*,#2760,.F.);
#2059=ORIENTED_EDGE('',*,*,#2761,.T.);
#2060=ORIENTED_EDGE('',*,*,#2762,.T.);
#2061=ORIENTED_EDGE('',*,*,#2629,.F.);
#2062=ORIENTED_EDGE('',*,*,#2762,.F.);
#2063=ORIENTED_EDGE('',*,*,#2763,.T.);
#2064=ORIENTED_EDGE('',*,*,#2760,.T.);
#2065=ORIENTED_EDGE('',*,*,#2306,.T.);
#2066=ORIENTED_EDGE('',*,*,#2140,.T.);
#2067=ORIENTED_EDGE('',*,*,#2640,.T.);
#2068=ORIENTED_EDGE('',*,*,#2764,.T.);
#2069=ORIENTED_EDGE('',*,*,#2309,.F.);
#2070=ORIENTED_EDGE('',*,*,#2765,.T.);
#2071=ORIENTED_EDGE('',*,*,#2312,.T.);
#2072=ORIENTED_EDGE('',*,*,#2766,.T.);
#2073=ORIENTED_EDGE('',*,*,#2637,.F.);
#2074=ORIENTED_EDGE('',*,*,#2767,.T.);
#2075=ORIENTED_EDGE('',*,*,#2273,.F.);
#2076=ORIENTED_EDGE('',*,*,#2768,.T.);
#2077=ORIENTED_EDGE('',*,*,#2675,.T.);
#2078=ORIENTED_EDGE('',*,*,#2769,.T.);
#2079=ORIENTED_EDGE('',*,*,#2276,.T.);
#2080=ORIENTED_EDGE('',*,*,#2770,.T.);
#2081=ORIENTED_EDGE('',*,*,#2672,.F.);
#2082=ORIENTED_EDGE('',*,*,#2771,.T.);
#2083=ORIENTED_EDGE('',*,*,#2728,.T.);
#2084=ORIENTED_EDGE('',*,*,#2772,.F.);
#2085=ORIENTED_EDGE('',*,*,#2729,.T.);
#2086=ORIENTED_EDGE('',*,*,#2773,.F.);
#2087=ORIENTED_EDGE('',*,*,#2275,.F.);
#2088=ORIENTED_EDGE('',*,*,#2149,.F.);
#2089=ORIENTED_EDGE('',*,*,#2673,.F.);
#2090=ORIENTED_EDGE('',*,*,#2770,.F.);
#2091=ORIENTED_EDGE('',*,*,#2277,.F.);
#2092=ORIENTED_EDGE('',*,*,#2771,.F.);
#2093=ORIENTED_EDGE('',*,*,#2678,.F.);
#2094=ORIENTED_EDGE('',*,*,#2753,.F.);
#2095=ORIENTED_EDGE('',*,*,#2274,.F.);
#2096=ORIENTED_EDGE('',*,*,#2769,.F.);
#2097=ORIENTED_EDGE('',*,*,#2674,.F.);
#2098=ORIENTED_EDGE('',*,*,#2151,.F.);
#2099=ORIENTED_EDGE('',*,*,#2311,.F.);
#2100=ORIENTED_EDGE('',*,*,#2145,.F.);
#2101=ORIENTED_EDGE('',*,*,#2638,.F.);
#2102=ORIENTED_EDGE('',*,*,#2766,.F.);
#2103=ORIENTED_EDGE('',*,*,#2310,.F.);
#2104=ORIENTED_EDGE('',*,*,#2764,.F.);
#2105=ORIENTED_EDGE('',*,*,#2639,.F.);
#2106=ORIENTED_EDGE('',*,*,#2147,.F.);
#2107=ORIENTED_EDGE('',*,*,#2308,.F.);
#2108=ORIENTED_EDGE('',*,*,#2759,.F.);
#2109=ORIENTED_EDGE('',*,*,#2641,.F.);
#2110=ORIENTED_EDGE('',*,*,#2765,.F.);
#2111=ORIENTED_EDGE('',*,*,#2636,.T.);
#2112=ORIENTED_EDGE('',*,*,#2758,.F.);
#2113=ORIENTED_EDGE('',*,*,#2268,.F.);
#2114=ORIENTED_EDGE('',*,*,#2767,.F.);
#2115=ORIENTED_EDGE('',*,*,#2676,.T.);
#2116=ORIENTED_EDGE('',*,*,#2768,.F.);
#2117=ORIENTED_EDGE('',*,*,#2272,.F.);
#2118=ORIENTED_EDGE('',*,*,#2754,.F.);
#2119=ORIENTED_EDGE('',*,*,#2773,.T.);
#2120=ORIENTED_EDGE('',*,*,#2761,.F.);
#2121=ORIENTED_EDGE('',*,*,#2763,.F.);
#2122=ORIENTED_EDGE('',*,*,#2772,.T.);
#2123=ORIENTED_EDGE('',*,*,#2756,.F.);
#2124=ORIENTED_EDGE('',*,*,#2139,.T.);
#2125=ORIENTED_EDGE('',*,*,#2627,.T.);
#2126=ORIENTED_EDGE('',*,*,#2137,.F.);
#2127=ORIENTED_EDGE('',*,*,#2267,.F.);
#2128=ORIENTED_EDGE('',*,*,#2135,.T.);
#2129=ORIENTED_EDGE('',*,*,#2628,.T.);
#2130=ORIENTED_EDGE('',*,*,#2133,.F.);
#2131=ORIENTED_EDGE('',*,*,#2168,.F.);
#2132=EDGE_CURVE('',#2774,#2775,#3203,.T.);
#2133=EDGE_CURVE('',#2774,#2776,#104,.T.);
#2134=EDGE_CURVE('',#2776,#2777,#3204,.T.);
#2135=EDGE_CURVE('',#2775,#2777,#105,.T.);
#2136=EDGE_CURVE('',#2778,#2779,#3205,.T.);
#2137=EDGE_CURVE('',#2778,#2780,#106,.T.);
#2138=EDGE_CURVE('',#2780,#2781,#3206,.T.);
#2139=EDGE_CURVE('',#2779,#2781,#107,.T.);
#2140=EDGE_CURVE('',#2782,#2783,#108,.T.);
#2141=EDGE_CURVE('',#2782,#2784,#3207,.T.);
#2142=EDGE_CURVE('',#2785,#2784,#109,.T.);
#2143=EDGE_CURVE('',#2783,#2785,#3208,.T.);
#2144=EDGE_CURVE('',#2786,#2787,#3209,.T.);
#2145=EDGE_CURVE('',#2786,#2788,#110,.T.);
#2146=EDGE_CURVE('',#2788,#2789,#3210,.T.);
#2147=EDGE_CURVE('',#2789,#2787,#111,.F.);
#2148=EDGE_CURVE('',#2790,#2791,#3211,.T.);
#2149=EDGE_CURVE('',#2790,#2792,#112,.T.);
#2150=EDGE_CURVE('',#2792,#2793,#3212,.T.);
#2151=EDGE_CURVE('',#2793,#2791,#113,.F.);
#2152=EDGE_CURVE('',#2794,#2795,#114,.T.);
#2153=EDGE_CURVE('',#2794,#2796,#3213,.T.);
#2154=EDGE_CURVE('',#2796,#2797,#115,.T.);
#2155=EDGE_CURVE('',#2797,#2798,#3214,.T.);
#2156=EDGE_CURVE('',#2798,#2799,#116,.T.);
#2157=EDGE_CURVE('',#2799,#2800,#3215,.T.);
#2158=EDGE_CURVE('',#2801,#2800,#3216,.T.);
#2159=EDGE_CURVE('',#2801,#2795,#3217,.T.);
#2160=EDGE_CURVE('',#2802,#2803,#3218,.T.);
#2161=EDGE_CURVE('',#2802,#2804,#3219,.T.);
#2162=EDGE_CURVE('',#2805,#2804,#117,.T.);
#2163=EDGE_CURVE('',#2805,#2806,#3220,.T.);
#2164=EDGE_CURVE('',#2807,#2806,#118,.T.);
#2165=EDGE_CURVE('',#2807,#2808,#3221,.T.);
#2166=EDGE_CURVE('',#2808,#2809,#119,.T.);
#2167=EDGE_CURVE('',#2809,#2803,#3222,.T.);
#2168=EDGE_CURVE('',#2775,#2774,#3223,.T.);
#2169=EDGE_CURVE('',#2810,#2811,#120,.T.);
#2170=EDGE_CURVE('',#2811,#2812,#3224,.T.);
#2171=EDGE_CURVE('',#2812,#2813,#121,.T.);
#2172=EDGE_CURVE('',#2813,#2814,#3225,.T.);
#2173=EDGE_CURVE('',#2815,#2814,#122,.T.);
#2174=EDGE_CURVE('',#2815,#2810,#3226,.T.);
#2175=EDGE_CURVE('',#2816,#2817,#3227,.T.);
#2176=EDGE_CURVE('',#2816,#2818,#3228,.T.);
#2177=EDGE_CURVE('',#2818,#2819,#123,.T.);
#2178=EDGE_CURVE('',#2819,#2820,#3229,.T.);
#2179=EDGE_CURVE('',#2821,#2820,#124,.T.);
#2180=EDGE_CURVE('',#2821,#2822,#3230,.T.);
#2181=EDGE_CURVE('',#2822,#2823,#3231,.T.);
#2182=EDGE_CURVE('',#2823,#2824,#3232,.T.);
#2183=EDGE_CURVE('',#2824,#2825,#125,.T.);
#2184=EDGE_CURVE('',#2825,#2826,#3233,.T.);
#2185=EDGE_CURVE('',#2826,#2827,#126,.T.);
#2186=EDGE_CURVE('',#2827,#2828,#3234,.T.);
#2187=EDGE_CURVE('',#2829,#2828,#127,.T.);
#2188=EDGE_CURVE('',#2829,#2830,#3235,.T.);
#2189=EDGE_CURVE('',#2830,#2831,#3236,.T.);
#2190=EDGE_CURVE('',#2831,#2832,#128,.T.);
#2191=EDGE_CURVE('',#2833,#2832,#3237,.T.);
#2192=EDGE_CURVE('',#2834,#2833,#129,.T.);
#2193=EDGE_CURVE('',#2834,#2835,#3238,.T.);
#2194=EDGE_CURVE('',#2835,#2836,#3239,.T.);
#2195=EDGE_CURVE('',#2836,#2837,#130,.T.);
#2196=EDGE_CURVE('',#2837,#2838,#3240,.T.);
#2197=EDGE_CURVE('',#2839,#2838,#3241,.T.);
#2198=EDGE_CURVE('',#2839,#2840,#3242,.T.);
#2199=EDGE_CURVE('',#2840,#2841,#131,.T.);
#2200=EDGE_CURVE('',#2841,#2842,#3243,.T.);
#2201=EDGE_CURVE('',#2842,#2843,#3244,.T.);
#2202=EDGE_CURVE('',#2843,#2844,#3245,.T.);
#2203=EDGE_CURVE('',#2844,#2845,#132,.T.);
#2204=EDGE_CURVE('',#2845,#2846,#3246,.T.);
#2205=EDGE_CURVE('',#2846,#2847,#133,.T.);
#2206=EDGE_CURVE('',#2847,#2848,#3247,.T.);
#2207=EDGE_CURVE('',#2848,#2849,#3248,.T.);
#2208=EDGE_CURVE('',#2849,#2850,#3249,.T.);
#2209=EDGE_CURVE('',#2851,#2850,#134,.T.);
#2210=EDGE_CURVE('',#2851,#2852,#3250,.T.);
#2211=EDGE_CURVE('',#2852,#2853,#135,.T.);
#2212=EDGE_CURVE('',#2853,#2854,#3251,.T.);
#2213=EDGE_CURVE('',#2855,#2854,#3252,.T.);
#2214=EDGE_CURVE('',#2855,#2856,#3253,.T.);
#2215=EDGE_CURVE('',#2857,#2856,#136,.T.);
#2216=EDGE_CURVE('',#2857,#2858,#3254,.T.);
#2217=EDGE_CURVE('',#2859,#2858,#137,.T.);
#2218=EDGE_CURVE('',#2859,#2860,#3255,.T.);
#2219=EDGE_CURVE('',#2861,#2860,#3256,.T.);
#2220=EDGE_CURVE('',#2861,#2862,#3257,.T.);
#2221=EDGE_CURVE('',#2862,#2863,#138,.T.);
#2222=EDGE_CURVE('',#2863,#2864,#3258,.T.);
#2223=EDGE_CURVE('',#2865,#2864,#3259,.T.);
#2224=EDGE_CURVE('',#2865,#2866,#3260,.T.);
#2225=EDGE_CURVE('',#2867,#2866,#139,.T.);
#2226=EDGE_CURVE('',#2867,#2868,#3261,.T.);
#2227=EDGE_CURVE('',#2869,#2868,#3262,.T.);
#2228=EDGE_CURVE('',#2869,#2870,#140,.T.);
#2229=EDGE_CURVE('',#2871,#2870,#3263,.T.);
#2230=EDGE_CURVE('',#2872,#2871,#141,.T.);
#2231=EDGE_CURVE('',#2873,#2872,#3264,.T.);
#2232=EDGE_CURVE('',#2873,#2874,#3265,.T.);
#2233=EDGE_CURVE('',#2874,#2875,#142,.T.);
#2234=EDGE_CURVE('',#2875,#2876,#3266,.T.);
#2235=EDGE_CURVE('',#2877,#2876,#143,.T.);
#2236=EDGE_CURVE('',#2877,#2878,#3267,.T.);
#2237=EDGE_CURVE('',#2879,#2878,#144,.T.);
#2238=EDGE_CURVE('',#2879,#2817,#3268,.T.);
#2239=EDGE_CURVE('',#2880,#2881,#3269,.T.);
#2240=EDGE_CURVE('',#2881,#2882,#3270,.T.);
#2241=EDGE_CURVE('',#2883,#2882,#145,.T.);
#2242=EDGE_CURVE('',#2883,#2884,#3271,.T.);
#2243=EDGE_CURVE('',#2884,#2885,#3272,.T.);
#2244=EDGE_CURVE('',#2885,#2880,#146,.T.);
#2245=EDGE_CURVE('',#2886,#2869,#3273,.T.);
#2246=EDGE_CURVE('',#2886,#2887,#3274,.T.);
#2247=EDGE_CURVE('',#2888,#2887,#147,.T.);
#2248=EDGE_CURVE('',#2888,#2889,#3275,.T.);
#2249=EDGE_CURVE('',#2890,#2889,#3276,.T.);
#2250=EDGE_CURVE('',#2869,#2890,#148,.T.);
#2251=EDGE_CURVE('',#2891,#2892,#149,.T.);
#2252=EDGE_CURVE('',#2891,#2893,#3277,.T.);
#2253=EDGE_CURVE('',#2893,#2894,#150,.T.);
#2254=EDGE_CURVE('',#2894,#2895,#3278,.T.);
#2255=EDGE_CURVE('',#2895,#2896,#151,.T.);
#2256=EDGE_CURVE('',#2896,#2897,#3279,.T.);
#2257=EDGE_CURVE('',#2898,#2897,#3280,.T.);
#2258=EDGE_CURVE('',#2898,#2892,#3281,.T.);
#2259=EDGE_CURVE('',#2899,#2900,#3282,.T.);
#2260=EDGE_CURVE('',#2899,#2901,#3283,.T.);
#2261=EDGE_CURVE('',#2902,#2901,#152,.T.);
#2262=EDGE_CURVE('',#2902,#2903,#3284,.T.);
#2263=EDGE_CURVE('',#2904,#2903,#153,.T.);
#2264=EDGE_CURVE('',#2904,#2905,#3285,.T.);
#2265=EDGE_CURVE('',#2905,#2906,#154,.T.);
#2266=EDGE_CURVE('',#2906,#2900,#3286,.T.);
#2267=EDGE_CURVE('',#2779,#2778,#3287,.T.);
#2268=EDGE_CURVE('',#2907,#2908,#3288,.T.);
#2269=EDGE_CURVE('',#2908,#2909,#3289,.T.);
#2270=EDGE_CURVE('',#2909,#2910,#155,.T.);
#2271=EDGE_CURVE('',#2910,#2911,#3290,.T.);
#2272=EDGE_CURVE('',#2911,#2912,#3291,.T.);
#2273=EDGE_CURVE('',#2912,#2913,#156,.T.);
#2274=EDGE_CURVE('',#2913,#2793,#3292,.T.);
#2275=EDGE_CURVE('',#2792,#2914,#3293,.T.);
#2276=EDGE_CURVE('',#2915,#2914,#157,.T.);
#2277=EDGE_CURVE('',#2915,#2916,#3294,.T.);
#2278=EDGE_CURVE('',#2916,#2917,#3295,.T.);
#2279=EDGE_CURVE('',#2917,#2918,#158,.T.);
#2280=EDGE_CURVE('',#2919,#2918,#3296,.T.);
#2281=EDGE_CURVE('',#2920,#2919,#159,.T.);
#2282=EDGE_CURVE('',#2921,#2920,#3297,.T.);
#2283=EDGE_CURVE('',#2921,#2922,#3298,.T.);
#2284=EDGE_CURVE('',#2922,#2923,#160,.T.);
#2285=EDGE_CURVE('',#2923,#2924,#3299,.T.);
#2286=EDGE_CURVE('',#2925,#2924,#161,.T.);
#2287=EDGE_CURVE('',#2925,#2926,#3300,.T.);
#2288=EDGE_CURVE('',#2927,#2926,#162,.T.);
#2289=EDGE_CURVE('',#2927,#2928,#3301,.T.);
#2290=EDGE_CURVE('',#2929,#2928,#3302,.T.);
#2291=EDGE_CURVE('',#2929,#2930,#3303,.T.);
#2292=EDGE_CURVE('',#2930,#2931,#163,.T.);
#2293=EDGE_CURVE('',#2931,#2932,#3304,.T.);
#2294=EDGE_CURVE('',#2933,#2932,#164,.T.);
#2295=EDGE_CURVE('',#2933,#2934,#3305,.T.);
#2296=EDGE_CURVE('',#2935,#2934,#3306,.T.);
#2297=EDGE_CURVE('',#2935,#2936,#3307,.T.);
#2298=EDGE_CURVE('',#2936,#2937,#165,.T.);
#2299=EDGE_CURVE('',#2937,#2938,#3308,.T.);
#2300=EDGE_CURVE('',#2938,#2939,#166,.T.);
#2301=EDGE_CURVE('',#2939,#2940,#3309,.T.);
#2302=EDGE_CURVE('',#2941,#2940,#167,.T.);
#2303=EDGE_CURVE('',#2941,#2942,#3310,.T.);
#2304=EDGE_CURVE('',#2943,#2942,#3311,.T.);
#2305=EDGE_CURVE('',#2943,#2784,#168,.T.);
#2306=EDGE_CURVE('',#2944,#2782,#169,.T.);
#2307=EDGE_CURVE('',#2944,#2945,#3312,.T.);
#2308=EDGE_CURVE('',#2945,#2946,#3313,.T.);
#2309=EDGE_CURVE('',#2946,#2947,#170,.T.);
#2310=EDGE_CURVE('',#2947,#2789,#3314,.T.);
#2311=EDGE_CURVE('',#2788,#2948,#3315,.T.);
#2312=EDGE_CURVE('',#2907,#2948,#171,.T.);
#2313=EDGE_CURVE('',#2949,#2950,#3316,.T.);
#2314=EDGE_CURVE('',#2951,#2949,#172,.T.);
#2315=EDGE_CURVE('',#2951,#2952,#3317,.T.);
#2316=EDGE_CURVE('',#2953,#2952,#173,.T.);
#2317=EDGE_CURVE('',#2953,#2954,#3318,.T.);
#2318=EDGE_CURVE('',#2955,#2954,#174,.T.);
#2319=EDGE_CURVE('',#2956,#2955,#3319,.T.);
#2320=EDGE_CURVE('',#2956,#2957,#3320,.T.);
#2321=EDGE_CURVE('',#2957,#2958,#175,.T.);
#2322=EDGE_CURVE('',#2958,#2950,#3321,.T.);
#2323=EDGE_CURVE('',#2959,#2960,#176,.T.);
#2324=EDGE_CURVE('',#2960,#2961,#3322,.T.);
#2325=EDGE_CURVE('',#2961,#2962,#3323,.T.);
#2326=EDGE_CURVE('',#2963,#2962,#177,.T.);
#2327=EDGE_CURVE('',#2963,#2964,#3324,.T.);
#2328=EDGE_CURVE('',#2964,#2959,#3325,.T.);
#2329=EDGE_CURVE('',#2965,#2966,#3326,.T.);
#2330=EDGE_CURVE('',#2965,#2839,#178,.T.);
#2331=EDGE_CURVE('',#2838,#2966,#179,.F.);
#2332=EDGE_CURVE('',#2967,#2968,#180,.T.);
#2333=EDGE_CURVE('',#2968,#2969,#3327,.T.);
#2334=EDGE_CURVE('',#2970,#2969,#181,.T.);
#2335=EDGE_CURVE('',#2967,#2970,#3328,.T.);
#2336=EDGE_CURVE('',#2969,#2971,#182,.T.);
#2337=EDGE_CURVE('',#2972,#2971,#183,.T.);
#2338=EDGE_CURVE('',#2970,#2972,#184,.T.);
#2339=EDGE_CURVE('',#2971,#2973,#3329,.T.);
#2340=EDGE_CURVE('',#2974,#2973,#185,.T.);
#2341=EDGE_CURVE('',#2972,#2974,#3330,.T.);
#2342=EDGE_CURVE('',#2975,#2976,#186,.T.);
#2343=EDGE_CURVE('',#2977,#2976,#187,.T.);
#2344=EDGE_CURVE('',#2978,#2977,#188,.T.);
#2345=EDGE_CURVE('',#2978,#2975,#189,.T.);
#2346=EDGE_CURVE('',#2977,#2979,#3331,.T.);
#2347=EDGE_CURVE('',#2980,#2979,#190,.T.);
#2348=EDGE_CURVE('',#2978,#2980,#3332,.T.);
#2349=EDGE_CURVE('',#2981,#2979,#191,.T.);
#2350=EDGE_CURVE('',#2982,#2981,#192,.T.);
#2351=EDGE_CURVE('',#2982,#2980,#193,.T.);
#2352=EDGE_CURVE('',#2983,#2984,#3333,.T.);
#2353=EDGE_CURVE('',#2983,#2873,#194,.T.);
#2354=EDGE_CURVE('',#2985,#2872,#195,.T.);
#2355=EDGE_CURVE('',#2986,#2985,#3334,.T.);
#2356=EDGE_CURVE('',#2987,#2986,#196,.T.);
#2357=EDGE_CURVE('',#2988,#2987,#3335,.T.);
#2358=EDGE_CURVE('',#2988,#2816,#197,.T.);
#2359=EDGE_CURVE('',#2817,#2984,#198,.F.);
#2360=EDGE_CURVE('',#2878,#2989,#199,.F.);
#2361=EDGE_CURVE('',#2990,#2989,#200,.T.);
#2362=EDGE_CURVE('',#2990,#2879,#201,.F.);
#2363=EDGE_CURVE('',#2991,#2992,#202,.T.);
#2364=EDGE_CURVE('',#2991,#2877,#203,.T.);
#2365=EDGE_CURVE('',#2876,#2992,#204,.F.);
#2366=EDGE_CURVE('',#2828,#2993,#205,.F.);
#2367=EDGE_CURVE('',#2994,#2993,#206,.T.);
#2368=EDGE_CURVE('',#2994,#2829,#207,.F.);
#2369=EDGE_CURVE('',#2826,#2995,#208,.F.);
#2370=EDGE_CURVE('',#2995,#2996,#209,.T.);
#2371=EDGE_CURVE('',#2996,#2827,#210,.T.);
#2372=EDGE_CURVE('',#2997,#2998,#211,.T.);
#2373=EDGE_CURVE('',#2998,#2825,#212,.T.);
#2374=EDGE_CURVE('',#2824,#2997,#213,.F.);
#2375=EDGE_CURVE('',#2795,#2999,#214,.T.);
#2376=EDGE_CURVE('',#3000,#2999,#215,.T.);
#2377=EDGE_CURVE('',#3000,#2794,#216,.T.);
#2378=EDGE_CURVE('',#3001,#3002,#3336,.T.);
#2379=EDGE_CURVE('',#3001,#2801,#217,.T.);
#2380=EDGE_CURVE('',#2800,#3002,#218,.F.);
#2381=EDGE_CURVE('',#3003,#3004,#219,.T.);
#2382=EDGE_CURVE('',#3004,#2799,#220,.T.);
#2383=EDGE_CURVE('',#2798,#3003,#221,.F.);
#2384=EDGE_CURVE('',#3005,#3006,#3337,.T.);
#2385=EDGE_CURVE('',#3005,#2802,#222,.T.);
#2386=EDGE_CURVE('',#2803,#3006,#223,.F.);
#2387=EDGE_CURVE('',#3007,#3008,#224,.T.);
#2388=EDGE_CURVE('',#3008,#2809,#225,.T.);
#2389=EDGE_CURVE('',#2808,#3007,#226,.F.);
#2390=EDGE_CURVE('',#2806,#3009,#227,.F.);
#2391=EDGE_CURVE('',#3010,#3009,#228,.T.);
#2392=EDGE_CURVE('',#3010,#2807,#229,.T.);
#2393=EDGE_CURVE('',#2860,#3011,#230,.F.);
#2394=EDGE_CURVE('',#3012,#3011,#3338,.T.);
#2395=EDGE_CURVE('',#3012,#2886,#231,.T.);
#2396=EDGE_CURVE('',#2868,#3013,#232,.F.);
#2397=EDGE_CURVE('',#3014,#3013,#3339,.T.);
#2398=EDGE_CURVE('',#3014,#2861,#233,.T.);
#2399=EDGE_CURVE('',#3015,#3015,#3340,.T.);
#2400=EDGE_CURVE('',#3016,#3017,#234,.T.);
#2401=EDGE_CURVE('',#3016,#2867,#235,.F.);
#2402=EDGE_CURVE('',#2866,#3017,#236,.T.);
#2403=EDGE_CURVE('',#3018,#3019,#3341,.T.);
#2404=EDGE_CURVE('',#3018,#2865,#237,.T.);
#2405=EDGE_CURVE('',#2864,#3019,#238,.F.);
#2406=EDGE_CURVE('',#2836,#3020,#239,.F.);
#2407=EDGE_CURVE('',#3020,#3021,#240,.T.);
#2408=EDGE_CURVE('',#3021,#2837,#241,.T.);
#2409=EDGE_CURVE('',#3022,#3023,#3342,.T.);
#2410=EDGE_CURVE('',#3023,#2959,#242,.T.);
#2411=EDGE_CURVE('',#2964,#3024,#243,.F.);
#2412=EDGE_CURVE('',#3025,#3024,#3343,.T.);
#2413=EDGE_CURVE('',#3025,#2843,#244,.T.);
#2414=EDGE_CURVE('',#2842,#3026,#245,.F.);
#2415=EDGE_CURVE('',#3027,#3026,#3344,.T.);
#2416=EDGE_CURVE('',#3027,#2835,#246,.T.);
#2417=EDGE_CURVE('',#3022,#2834,#247,.T.);
#2418=EDGE_CURVE('',#3028,#3029,#248,.T.);
#2419=EDGE_CURVE('',#3030,#3029,#249,.T.);
#2420=EDGE_CURVE('',#3031,#3030,#250,.T.);
#2421=EDGE_CURVE('',#3031,#3028,#251,.T.);
#2422=EDGE_CURVE('',#3030,#3032,#3345,.T.);
#2423=EDGE_CURVE('',#3033,#3032,#252,.T.);
#2424=EDGE_CURVE('',#3031,#3033,#3346,.T.);
#2425=EDGE_CURVE('',#3034,#3032,#253,.T.);
#2426=EDGE_CURVE('',#3035,#3034,#254,.T.);
#2427=EDGE_CURVE('',#3035,#3033,#255,.T.);
#2428=EDGE_CURVE('',#2926,#3036,#256,.F.);
#2429=EDGE_CURVE('',#3037,#3036,#257,.T.);
#2430=EDGE_CURVE('',#3037,#2927,#258,.F.);
#2431=EDGE_CURVE('',#2924,#3038,#259,.F.);
#2432=EDGE_CURVE('',#3039,#3038,#260,.T.);
#2433=EDGE_CURVE('',#3039,#2925,#261,.T.);
#2434=EDGE_CURVE('',#2892,#3040,#262,.T.);
#2435=EDGE_CURVE('',#3041,#3040,#263,.T.);
#2436=EDGE_CURVE('',#3041,#2891,#264,.T.);
#2437=EDGE_CURVE('',#3042,#3043,#3347,.T.);
#2438=EDGE_CURVE('',#3042,#2898,#265,.T.);
#2439=EDGE_CURVE('',#2897,#3043,#266,.F.);
#2440=EDGE_CURVE('',#2895,#3044,#267,.F.);
#2441=EDGE_CURVE('',#3044,#3045,#268,.T.);
#2442=EDGE_CURVE('',#3045,#2896,#269,.T.);
#2443=EDGE_CURVE('',#3046,#3047,#3348,.T.);
#2444=EDGE_CURVE('',#3046,#2899,#270,.T.);
#2445=EDGE_CURVE('',#2900,#3047,#271,.F.);
#2446=EDGE_CURVE('',#3048,#3049,#272,.T.);
#2447=EDGE_CURVE('',#3049,#2906,#273,.T.);
#2448=EDGE_CURVE('',#2905,#3048,#274,.F.);
#2449=EDGE_CURVE('',#2903,#3050,#275,.F.);
#2450=EDGE_CURVE('',#3051,#3050,#276,.T.);
#2451=EDGE_CURVE('',#3051,#2904,#277,.T.);
#2452=EDGE_CURVE('',#2954,#3052,#278,.F.);
#2453=EDGE_CURVE('',#3052,#3053,#279,.T.);
#2454=EDGE_CURVE('',#3053,#3054,#280,.T.);
#2455=EDGE_CURVE('',#3055,#3054,#281,.T.);
#2456=EDGE_CURVE('',#3055,#2955,#282,.T.);
#2457=EDGE_CURVE('',#2952,#3056,#283,.F.);
#2458=EDGE_CURVE('',#3057,#3056,#284,.T.);
#2459=EDGE_CURVE('',#3057,#2953,#285,.T.);
#2460=EDGE_CURVE('',#3058,#2951,#286,.T.);
#2461=EDGE_CURVE('',#3059,#2949,#287,.T.);
#2462=EDGE_CURVE('',#3060,#3059,#288,.T.);
#2463=EDGE_CURVE('',#3061,#3060,#289,.T.);
#2464=EDGE_CURVE('',#3061,#3058,#290,.T.);
#2465=EDGE_CURVE('',#3062,#3060,#3349,.T.);
#2466=EDGE_CURVE('',#3062,#2890,#291,.T.);
#2467=EDGE_CURVE('',#2889,#3063,#292,.F.);
#2468=EDGE_CURVE('',#3064,#3063,#3350,.T.);
#2469=EDGE_CURVE('',#3064,#2855,#293,.T.);
#2470=EDGE_CURVE('',#2854,#3065,#294,.F.);
#2471=EDGE_CURVE('',#3061,#3065,#3351,.T.);
#2472=EDGE_CURVE('',#3066,#3067,#295,.T.);
#2473=EDGE_CURVE('',#3066,#2888,#296,.F.);
#2474=EDGE_CURVE('',#2887,#3067,#297,.T.);
#2475=EDGE_CURVE('',#3068,#3069,#298,.T.);
#2476=EDGE_CURVE('',#3069,#2811,#299,.T.);
#2477=EDGE_CURVE('',#2810,#3068,#300,.F.);
#2478=EDGE_CURVE('',#2962,#3070,#301,.T.);
#2479=EDGE_CURVE('',#3071,#3070,#302,.T.);
#2480=EDGE_CURVE('',#3071,#2963,#303,.F.);
#2481=EDGE_CURVE('',#3072,#3073,#3352,.T.);
#2482=EDGE_CURVE('',#3072,#2956,#304,.T.);
#2483=EDGE_CURVE('',#3074,#3055,#3353,.T.);
#2484=EDGE_CURVE('',#3074,#2943,#305,.T.);
#2485=EDGE_CURVE('',#2942,#3075,#306,.F.);
#2486=EDGE_CURVE('',#3076,#3075,#3354,.T.);
#2487=EDGE_CURVE('',#3076,#2935,#307,.T.);
#2488=EDGE_CURVE('',#2934,#3073,#308,.F.);
#2489=EDGE_CURVE('',#2932,#3077,#309,.F.);
#2490=EDGE_CURVE('',#3078,#3077,#310,.T.);
#2491=EDGE_CURVE('',#3078,#2933,#311,.F.);
#2492=EDGE_CURVE('',#3079,#3080,#312,.T.);
#2493=EDGE_CURVE('',#3080,#2931,#313,.T.);
#2494=EDGE_CURVE('',#2930,#3079,#314,.F.);
#2495=EDGE_CURVE('',#3081,#3082,#3355,.T.);
#2496=EDGE_CURVE('',#3081,#2929,#315,.T.);
#2497=EDGE_CURVE('',#2928,#3083,#316,.F.);
#2498=EDGE_CURVE('',#3084,#3083,#3356,.T.);
#2499=EDGE_CURVE('',#3084,#2921,#317,.T.);
#2500=EDGE_CURVE('',#3085,#2920,#318,.T.);
#2501=EDGE_CURVE('',#3059,#3085,#3357,.T.);
#2502=EDGE_CURVE('',#2950,#3082,#319,.F.);
#2503=EDGE_CURVE('',#2940,#3086,#320,.F.);
#2504=EDGE_CURVE('',#3087,#3086,#321,.T.);
#2505=EDGE_CURVE('',#3087,#2941,#322,.F.);
#2506=EDGE_CURVE('',#3088,#3089,#323,.T.);
#2507=EDGE_CURVE('',#3089,#2939,#324,.T.);
#2508=EDGE_CURVE('',#2938,#3088,#325,.F.);
#2509=EDGE_CURVE('',#3090,#3091,#326,.T.);
#2510=EDGE_CURVE('',#3091,#3092,#3358,.T.);
#2511=EDGE_CURVE('',#3093,#3092,#327,.T.);
#2512=EDGE_CURVE('',#3090,#3093,#3359,.T.);
#2513=EDGE_CURVE('',#3092,#3094,#328,.T.);
#2514=EDGE_CURVE('',#3095,#3094,#329,.T.);
#2515=EDGE_CURVE('',#3093,#3095,#330,.T.);
#2516=EDGE_CURVE('',#3094,#3096,#3360,.T.);
#2517=EDGE_CURVE('',#3097,#3096,#331,.T.);
#2518=EDGE_CURVE('',#3095,#3097,#3361,.T.);
#2519=EDGE_CURVE('',#3098,#2943,#332,.T.);
#2520=EDGE_CURVE('',#3099,#3074,#333,.T.);
#2521=EDGE_CURVE('',#3100,#3099,#334,.T.);
#2522=EDGE_CURVE('',#3100,#3098,#335,.T.);
#2523=EDGE_CURVE('',#3101,#2959,#336,.T.);
#2524=EDGE_CURVE('',#3101,#3100,#337,.T.);
#2525=EDGE_CURVE('',#3102,#3099,#338,.T.);
#2526=EDGE_CURVE('',#3102,#2960,#339,.T.);
#2527=EDGE_CURVE('',#3023,#3022,#340,.T.);
#2528=EDGE_CURVE('',#3103,#2833,#341,.T.);
#2529=EDGE_CURVE('',#3101,#3103,#342,.T.);
#2530=EDGE_CURVE('',#3104,#2832,#343,.T.);
#2531=EDGE_CURVE('',#3103,#3104,#3362,.T.);
#2532=EDGE_CURVE('',#3105,#2831,#344,.T.);
#2533=EDGE_CURVE('',#3105,#3104,#345,.T.);
#2534=EDGE_CURVE('',#3106,#2831,#346,.T.);
#2535=EDGE_CURVE('',#3107,#3106,#347,.T.);
#2536=EDGE_CURVE('',#3108,#3107,#348,.T.);
#2537=EDGE_CURVE('',#3108,#3105,#349,.T.);
#2538=EDGE_CURVE('',#3107,#3109,#3363,.T.);
#2539=EDGE_CURVE('',#3110,#3109,#350,.T.);
#2540=EDGE_CURVE('',#3111,#3110,#3364,.T.);
#2541=EDGE_CURVE('',#3111,#2884,#351,.T.);
#2542=EDGE_CURVE('',#2883,#3112,#352,.T.);
#2543=EDGE_CURVE('',#3108,#3112,#3365,.T.);
#2544=EDGE_CURVE('',#3109,#3113,#353,.T.);
#2545=EDGE_CURVE('',#3114,#3113,#354,.T.);
#2546=EDGE_CURVE('',#3110,#3114,#355,.T.);
#2547=EDGE_CURVE('',#3113,#3106,#3366,.T.);
#2548=EDGE_CURVE('',#2830,#3115,#356,.F.);
#2549=EDGE_CURVE('',#3116,#3115,#3367,.T.);
#2550=EDGE_CURVE('',#3116,#2823,#357,.T.);
#2551=EDGE_CURVE('',#2822,#3117,#358,.F.);
#2552=EDGE_CURVE('',#3114,#3117,#3368,.T.);
#2553=EDGE_CURVE('',#2820,#3118,#359,.F.);
#2554=EDGE_CURVE('',#3119,#3118,#360,.T.);
#2555=EDGE_CURVE('',#3119,#2821,#361,.F.);
#2556=EDGE_CURVE('',#3120,#3121,#362,.T.);
#2557=EDGE_CURVE('',#3121,#2819,#363,.T.);
#2558=EDGE_CURVE('',#2818,#3120,#364,.F.);
#2559=EDGE_CURVE('',#3122,#2986,#365,.T.);
#2560=EDGE_CURVE('',#3123,#3122,#366,.T.);
#2561=EDGE_CURVE('',#3123,#2987,#367,.T.);
#2562=EDGE_CURVE('',#3122,#3124,#3369,.T.);
#2563=EDGE_CURVE('',#3125,#3124,#368,.T.);
#2564=EDGE_CURVE('',#3126,#3125,#3370,.T.);
#2565=EDGE_CURVE('',#2882,#3126,#369,.T.);
#2566=EDGE_CURVE('',#2881,#3127,#370,.F.);
#2567=EDGE_CURVE('',#3123,#3127,#3371,.T.);
#2568=EDGE_CURVE('',#3124,#2985,#371,.T.);
#2569=EDGE_CURVE('',#3128,#2872,#372,.T.);
#2570=EDGE_CURVE('',#3125,#3128,#373,.T.);
#2571=EDGE_CURVE('',#3129,#2871,#374,.T.);
#2572=EDGE_CURVE('',#3128,#3129,#375,.T.);
#2573=EDGE_CURVE('',#3130,#2870,#376,.T.);
#2574=EDGE_CURVE('',#3129,#3130,#3372,.T.);
#2575=EDGE_CURVE('',#3131,#2869,#377,.T.);
#2576=EDGE_CURVE('',#3131,#3130,#378,.T.);
#2577=EDGE_CURVE('',#3062,#3085,#379,.T.);
#2578=EDGE_CURVE('',#3132,#2920,#380,.T.);
#2579=EDGE_CURVE('',#3131,#3132,#381,.T.);
#2580=EDGE_CURVE('',#3133,#2919,#382,.T.);
#2581=EDGE_CURVE('',#3132,#3133,#383,.T.);
#2582=EDGE_CURVE('',#2918,#3134,#384,.T.);
#2583=EDGE_CURVE('',#3133,#3134,#3373,.T.);
#2584=EDGE_CURVE('',#2981,#2976,#3374,.T.);
#2585=EDGE_CURVE('',#2982,#2975,#3375,.T.);
#2586=EDGE_CURVE('',#3135,#3136,#385,.T.);
#2587=EDGE_CURVE('',#3136,#2875,#386,.T.);
#2588=EDGE_CURVE('',#2874,#3135,#387,.F.);
#2589=EDGE_CURVE('',#3137,#3138,#388,.T.);
#2590=EDGE_CURVE('',#3138,#2797,#389,.T.);
#2591=EDGE_CURVE('',#2796,#3137,#390,.F.);
#2592=EDGE_CURVE('',#2804,#3139,#391,.T.);
#2593=EDGE_CURVE('',#3140,#3139,#392,.T.);
#2594=EDGE_CURVE('',#3140,#2805,#393,.T.);
#2595=EDGE_CURVE('',#3141,#3141,#3376,.T.);
#2596=EDGE_CURVE('',#3142,#3142,#3377,.T.);
#2597=EDGE_CURVE('',#3143,#3143,#3378,.T.);
#2598=EDGE_CURVE('',#3144,#3144,#3379,.T.);
#2599=EDGE_CURVE('',#3034,#3029,#3380,.T.);
#2600=EDGE_CURVE('',#3035,#3028,#3381,.T.);
#2601=EDGE_CURVE('',#3145,#3146,#394,.T.);
#2602=EDGE_CURVE('',#3146,#2923,#395,.T.);
#2603=EDGE_CURVE('',#2922,#3145,#396,.F.);
#2604=EDGE_CURVE('',#3147,#3148,#397,.T.);
#2605=EDGE_CURVE('',#3148,#2894,#398,.T.);
#2606=EDGE_CURVE('',#2893,#3147,#399,.F.);
#2607=EDGE_CURVE('',#2901,#3149,#400,.T.);
#2608=EDGE_CURVE('',#3150,#3149,#401,.T.);
#2609=EDGE_CURVE('',#3150,#2902,#402,.T.);
#2610=EDGE_CURVE('',#3102,#3054,#3382,.T.);
#2611=EDGE_CURVE('',#3151,#3053,#3383,.T.);
#2612=EDGE_CURVE('',#3151,#2849,#403,.T.);
#2613=EDGE_CURVE('',#2848,#3152,#404,.F.);
#2614=EDGE_CURVE('',#3153,#3152,#3384,.T.);
#2615=EDGE_CURVE('',#3153,#2961,#405,.T.);
#2616=EDGE_CURVE('',#3154,#3155,#406,.T.);
#2617=EDGE_CURVE('',#3155,#2958,#407,.T.);
#2618=EDGE_CURVE('',#2957,#3154,#408,.F.);
#2619=EDGE_CURVE('',#3156,#3157,#409,.T.);
#2620=EDGE_CURVE('',#3157,#2937,#410,.T.);
#2621=EDGE_CURVE('',#2936,#3156,#411,.F.);
#2622=EDGE_CURVE('',#3096,#3091,#412,.T.);
#2623=EDGE_CURVE('',#3097,#3090,#413,.T.);
#2624=EDGE_CURVE('',#3098,#2785,#414,.T.);
#2625=EDGE_CURVE('',#2973,#2968,#415,.T.);
#2626=EDGE_CURVE('',#2974,#2967,#416,.T.);
#2627=EDGE_CURVE('',#2781,#2780,#3385,.T.);
#2628=EDGE_CURVE('',#2777,#2776,#3386,.T.);
#2629=EDGE_CURVE('',#3158,#2783,#417,.T.);
#2630=EDGE_CURVE('',#3112,#3126,#418,.T.);
#2631=EDGE_CURVE('',#3159,#3134,#419,.T.);
#2632=EDGE_CURVE('',#3159,#3160,#3387,.T.);
#2633=EDGE_CURVE('',#3161,#3160,#420,.T.);
#2634=EDGE_CURVE('',#3161,#3158,#3388,.T.);
#2635=EDGE_CURVE('',#3162,#3163,#3389,.T.);
#2636=EDGE_CURVE('',#3164,#3163,#3390,.T.);
#2637=EDGE_CURVE('',#3164,#3165,#421,.T.);
#2638=EDGE_CURVE('',#3165,#2786,#3391,.F.);
#2639=EDGE_CURVE('',#2787,#3166,#3392,.F.);
#2640=EDGE_CURVE('',#3167,#3166,#422,.T.);
#2641=EDGE_CURVE('',#3167,#3162,#3393,.F.);
#2642=EDGE_CURVE('',#3168,#3169,#423,.T.);
#2643=EDGE_CURVE('',#3168,#3111,#3394,.F.);
#2644=EDGE_CURVE('',#3117,#3119,#3395,.F.);
#2645=EDGE_CURVE('',#3118,#3121,#3396,.F.);
#2646=EDGE_CURVE('',#3120,#2988,#3397,.F.);
#2647=EDGE_CURVE('',#3127,#3169,#3398,.F.);
#2648=EDGE_CURVE('',#3170,#3171,#424,.T.);
#2649=EDGE_CURVE('',#3170,#2965,#3399,.F.);
#2650=EDGE_CURVE('',#2966,#3021,#3400,.F.);
#2651=EDGE_CURVE('',#3020,#3027,#3401,.F.);
#2652=EDGE_CURVE('',#3171,#3026,#3402,.T.);
#2653=EDGE_CURVE('',#3172,#3173,#425,.T.);
#2654=EDGE_CURVE('',#3173,#3174,#3403,.F.);
#2655=EDGE_CURVE('',#3174,#3175,#426,.T.);
#2656=EDGE_CURVE('',#3175,#3064,#3404,.F.);
#2657=EDGE_CURVE('',#3063,#3066,#3405,.F.);
#2658=EDGE_CURVE('',#3067,#3012,#3406,.F.);
#2659=EDGE_CURVE('',#3011,#3172,#3407,.F.);
#2660=EDGE_CURVE('',#3176,#3177,#427,.T.);
#2661=EDGE_CURVE('',#3069,#3176,#3408,.T.);
#2662=EDGE_CURVE('',#3178,#3068,#3409,.T.);
#2663=EDGE_CURVE('',#3178,#3179,#428,.T.);
#2664=EDGE_CURVE('',#3179,#3177,#3410,.F.);
#2665=EDGE_CURVE('',#3180,#3181,#429,.T.);
#2666=EDGE_CURVE('',#3180,#3025,#3411,.F.);
#2667=EDGE_CURVE('',#3024,#3071,#3412,.F.);
#2668=EDGE_CURVE('',#3070,#3153,#3413,.F.);
#2669=EDGE_CURVE('',#3152,#3182,#3414,.F.);
#2670=EDGE_CURVE('',#3183,#3182,#430,.T.);
#2671=EDGE_CURVE('',#3183,#3181,#3415,.F.);
#2672=EDGE_CURVE('',#3184,#3185,#431,.T.);
#2673=EDGE_CURVE('',#3185,#2790,#3416,.F.);
#2674=EDGE_CURVE('',#2791,#3186,#3417,.F.);
#2675=EDGE_CURVE('',#3187,#3186,#432,.T.);
#2676=EDGE_CURVE('',#3188,#3187,#3418,.T.);
#2677=EDGE_CURVE('',#3188,#3189,#3419,.T.);
#2678=EDGE_CURVE('',#3189,#3184,#3420,.F.);
#2679=EDGE_CURVE('',#3156,#3076,#3421,.F.);
#2680=EDGE_CURVE('',#3075,#3087,#3422,.F.);
#2681=EDGE_CURVE('',#3086,#3089,#3423,.F.);
#2682=EDGE_CURVE('',#3088,#3157,#3424,.F.);
#2683=EDGE_CURVE('',#3154,#3072,#3425,.F.);
#2684=EDGE_CURVE('',#3073,#3078,#3426,.F.);
#2685=EDGE_CURVE('',#3077,#3080,#3427,.F.);
#2686=EDGE_CURVE('',#3079,#3081,#3428,.F.);
#2687=EDGE_CURVE('',#3082,#3155,#3429,.F.);
#2688=EDGE_CURVE('',#3052,#3057,#3430,.F.);
#2689=EDGE_CURVE('',#3056,#3058,#3431,.F.);
#2690=EDGE_CURVE('',#3065,#3190,#3432,.F.);
#2691=EDGE_CURVE('',#3191,#3190,#433,.T.);
#2692=EDGE_CURVE('',#3191,#3192,#3433,.F.);
#2693=EDGE_CURVE('',#3192,#3193,#434,.T.);
#2694=EDGE_CURVE('',#3193,#3151,#3434,.F.);
#2695=EDGE_CURVE('',#3149,#3046,#3435,.F.);
#2696=EDGE_CURVE('',#3047,#3049,#3436,.F.);
#2697=EDGE_CURVE('',#3048,#3051,#3437,.F.);
#2698=EDGE_CURVE('',#3050,#3150,#3438,.F.);
#2699=EDGE_CURVE('',#3147,#3041,#3439,.F.);
#2700=EDGE_CURVE('',#3040,#3042,#3440,.F.);
#2701=EDGE_CURVE('',#3043,#3045,#3441,.F.);
#2702=EDGE_CURVE('',#3044,#3148,#3442,.F.);
#2703=EDGE_CURVE('',#3145,#3084,#3443,.F.);
#2704=EDGE_CURVE('',#3083,#3037,#3444,.F.);
#2705=EDGE_CURVE('',#3036,#3039,#3445,.F.);
#2706=EDGE_CURVE('',#3038,#3146,#3446,.F.);
#2707=EDGE_CURVE('',#3194,#3195,#435,.T.);
#2708=EDGE_CURVE('',#3014,#3194,#3447,.T.);
#2709=EDGE_CURVE('',#3013,#3016,#3448,.F.);
#2710=EDGE_CURVE('',#3017,#3018,#3449,.F.);
#2711=EDGE_CURVE('',#3019,#3195,#3450,.F.);
#2712=EDGE_CURVE('',#3139,#3005,#3451,.F.);
#2713=EDGE_CURVE('',#3006,#3008,#3452,.F.);
#2714=EDGE_CURVE('',#3007,#3010,#3453,.F.);
#2715=EDGE_CURVE('',#3009,#3140,#3454,.F.);
#2716=EDGE_CURVE('',#3137,#3000,#3455,.F.);
#2717=EDGE_CURVE('',#2999,#3001,#3456,.F.);
#2718=EDGE_CURVE('',#3002,#3004,#3457,.F.);
#2719=EDGE_CURVE('',#3003,#3138,#3458,.F.);
#2720=EDGE_CURVE('',#3115,#2994,#3459,.F.);
#2721=EDGE_CURVE('',#2993,#2996,#3460,.F.);
#2722=EDGE_CURVE('',#2995,#2998,#3461,.F.);
#2723=EDGE_CURVE('',#2997,#3116,#3462,.F.);
#2724=EDGE_CURVE('',#3135,#2983,#3463,.F.);
#2725=EDGE_CURVE('',#2984,#2990,#3464,.F.);
#2726=EDGE_CURVE('',#2989,#2991,#3465,.F.);
#2727=EDGE_CURVE('',#2992,#3136,#3466,.F.);
#2728=EDGE_CURVE('',#3196,#3196,#3467,.T.);
#2729=EDGE_CURVE('',#3197,#3197,#3468,.T.);
#2730=EDGE_CURVE('',#2814,#3179,#436,.T.);
#2731=EDGE_CURVE('',#3178,#2815,#437,.T.);
#2732=EDGE_CURVE('',#2812,#3176,#438,.T.);
#2733=EDGE_CURVE('',#3177,#2813,#439,.F.);
#2734=EDGE_CURVE('',#2858,#3173,#440,.T.);
#2735=EDGE_CURVE('',#3172,#2859,#441,.T.);
#2736=EDGE_CURVE('',#2856,#3175,#442,.F.);
#2737=EDGE_CURVE('',#3174,#2857,#443,.F.);
#2738=EDGE_CURVE('',#3190,#2853,#444,.F.);
#2739=EDGE_CURVE('',#2852,#3191,#445,.T.);
#2740=EDGE_CURVE('',#2850,#3193,#446,.F.);
#2741=EDGE_CURVE('',#3192,#2851,#447,.F.);
#2742=EDGE_CURVE('',#3182,#2847,#448,.F.);
#2743=EDGE_CURVE('',#2846,#3183,#449,.T.);
#2744=EDGE_CURVE('',#3181,#2845,#450,.F.);
#2745=EDGE_CURVE('',#2844,#3180,#451,.T.);
#2746=EDGE_CURVE('',#2862,#3194,#452,.T.);
#2747=EDGE_CURVE('',#3195,#2863,#453,.F.);
#2748=EDGE_CURVE('',#2840,#3170,#454,.T.);
#2749=EDGE_CURVE('',#3171,#2841,#455,.F.);
#2750=EDGE_CURVE('',#3169,#2880,#456,.F.);
#2751=EDGE_CURVE('',#2885,#3168,#457,.T.);
#2752=EDGE_CURVE('',#2917,#3159,#458,.T.);
#2753=EDGE_CURVE('',#2916,#3189,#459,.T.);
#2754=EDGE_CURVE('',#3188,#2911,#460,.F.);
#2755=EDGE_CURVE('',#2910,#3160,#461,.T.);
#2756=EDGE_CURVE('',#3198,#3198,#3469,.T.);
#2757=EDGE_CURVE('',#2909,#3161,#462,.T.);
#2758=EDGE_CURVE('',#2908,#3163,#463,.T.);
#2759=EDGE_CURVE('',#3162,#2945,#464,.F.);
#2760=EDGE_CURVE('',#3199,#2944,#465,.T.);
#2761=EDGE_CURVE('',#3199,#3200,#3470,.T.);
#2762=EDGE_CURVE('',#3200,#3158,#466,.T.);
#2763=EDGE_CURVE('',#3200,#3199,#467,.T.);
#2764=EDGE_CURVE('',#3166,#2947,#468,.F.);
#2765=EDGE_CURVE('',#2946,#3167,#469,.T.);
#2766=EDGE_CURVE('',#2948,#3165,#470,.F.);
#2767=EDGE_CURVE('',#3164,#2907,#471,.F.);
#2768=EDGE_CURVE('',#2912,#3187,#472,.T.);
#2769=EDGE_CURVE('',#3186,#2913,#473,.F.);
#2770=EDGE_CURVE('',#2914,#3185,#474,.F.);
#2771=EDGE_CURVE('',#3184,#2915,#475,.T.);
#2772=EDGE_CURVE('',#3201,#3201,#3471,.T.);
#2773=EDGE_CURVE('',#3202,#3202,#3472,.T.);
#2774=VERTEX_POINT('',#6135);
#2775=VERTEX_POINT('',#6136);
#2776=VERTEX_POINT('',#6138);
#2777=VERTEX_POINT('',#6140);
#2778=VERTEX_POINT('',#6144);
#2779=VERTEX_POINT('',#6145);
#2780=VERTEX_POINT('',#6147);
#2781=VERTEX_POINT('',#6149);
#2782=VERTEX_POINT('',#6153);
#2783=VERTEX_POINT('',#6154);
#2784=VERTEX_POINT('',#6156);
#2785=VERTEX_POINT('',#6158);
#2786=VERTEX_POINT('',#6162);
#2787=VERTEX_POINT('',#6163);
#2788=VERTEX_POINT('',#6165);
#2789=VERTEX_POINT('',#6167);
#2790=VERTEX_POINT('',#6171);
#2791=VERTEX_POINT('',#6172);
#2792=VERTEX_POINT('',#6174);
#2793=VERTEX_POINT('',#6176);
#2794=VERTEX_POINT('',#6180);
#2795=VERTEX_POINT('',#6181);
#2796=VERTEX_POINT('',#6183);
#2797=VERTEX_POINT('',#6185);
#2798=VERTEX_POINT('',#6187);
#2799=VERTEX_POINT('',#6189);
#2800=VERTEX_POINT('',#6191);
#2801=VERTEX_POINT('',#6193);
#2802=VERTEX_POINT('',#6196);
#2803=VERTEX_POINT('',#6197);
#2804=VERTEX_POINT('',#6199);
#2805=VERTEX_POINT('',#6201);
#2806=VERTEX_POINT('',#6203);
#2807=VERTEX_POINT('',#6205);
#2808=VERTEX_POINT('',#6207);
#2809=VERTEX_POINT('',#6209);
#2810=VERTEX_POINT('',#6213);
#2811=VERTEX_POINT('',#6214);
#2812=VERTEX_POINT('',#6216);
#2813=VERTEX_POINT('',#6218);
#2814=VERTEX_POINT('',#6220);
#2815=VERTEX_POINT('',#6222);
#2816=VERTEX_POINT('',#6225);
#2817=VERTEX_POINT('',#6226);
#2818=VERTEX_POINT('',#6228);
#2819=VERTEX_POINT('',#6230);
#2820=VERTEX_POINT('',#6232);
#2821=VERTEX_POINT('',#6234);
#2822=VERTEX_POINT('',#6236);
#2823=VERTEX_POINT('',#6238);
#2824=VERTEX_POINT('',#6240);
#2825=VERTEX_POINT('',#6242);
#2826=VERTEX_POINT('',#6244);
#2827=VERTEX_POINT('',#6246);
#2828=VERTEX_POINT('',#6248);
#2829=VERTEX_POINT('',#6250);
#2830=VERTEX_POINT('',#6252);
#2831=VERTEX_POINT('',#6254);
#2832=VERTEX_POINT('',#6256);
#2833=VERTEX_POINT('',#6258);
#2834=VERTEX_POINT('',#6260);
#2835=VERTEX_POINT('',#6262);
#2836=VERTEX_POINT('',#6264);
#2837=VERTEX_POINT('',#6266);
#2838=VERTEX_POINT('',#6268);
#2839=VERTEX_POINT('',#6270);
#2840=VERTEX_POINT('',#6272);
#2841=VERTEX_POINT('',#6274);
#2842=VERTEX_POINT('',#6276);
#2843=VERTEX_POINT('',#6278);
#2844=VERTEX_POINT('',#6280);
#2845=VERTEX_POINT('',#6282);
#2846=VERTEX_POINT('',#6284);
#2847=VERTEX_POINT('',#6286);
#2848=VERTEX_POINT('',#6288);
#2849=VERTEX_POINT('',#6290);
#2850=VERTEX_POINT('',#6292);
#2851=VERTEX_POINT('',#6294);
#2852=VERTEX_POINT('',#6296);
#2853=VERTEX_POINT('',#6298);
#2854=VERTEX_POINT('',#6300);
#2855=VERTEX_POINT('',#6302);
#2856=VERTEX_POINT('',#6304);
#2857=VERTEX_POINT('',#6306);
#2858=VERTEX_POINT('',#6308);
#2859=VERTEX_POINT('',#6310);
#2860=VERTEX_POINT('',#6312);
#2861=VERTEX_POINT('',#6314);
#2862=VERTEX_POINT('',#6316);
#2863=VERTEX_POINT('',#6318);
#2864=VERTEX_POINT('',#6320);
#2865=VERTEX_POINT('',#6322);
#2866=VERTEX_POINT('',#6324);
#2867=VERTEX_POINT('',#6326);
#2868=VERTEX_POINT('',#6328);
#2869=VERTEX_POINT('',#6330);
#2870=VERTEX_POINT('',#6332);
#2871=VERTEX_POINT('',#6334);
#2872=VERTEX_POINT('',#6336);
#2873=VERTEX_POINT('',#6338);
#2874=VERTEX_POINT('',#6340);
#2875=VERTEX_POINT('',#6342);
#2876=VERTEX_POINT('',#6344);
#2877=VERTEX_POINT('',#6346);
#2878=VERTEX_POINT('',#6348);
#2879=VERTEX_POINT('',#6350);
#2880=VERTEX_POINT('',#6354);
#2881=VERTEX_POINT('',#6355);
#2882=VERTEX_POINT('',#6357);
#2883=VERTEX_POINT('',#6359);
#2884=VERTEX_POINT('',#6361);
#2885=VERTEX_POINT('',#6363);
#2886=VERTEX_POINT('',#6367);
#2887=VERTEX_POINT('',#6369);
#2888=VERTEX_POINT('',#6371);
#2889=VERTEX_POINT('',#6373);
#2890=VERTEX_POINT('',#6375);
#2891=VERTEX_POINT('',#6379);
#2892=VERTEX_POINT('',#6380);
#2893=VERTEX_POINT('',#6382);
#2894=VERTEX_POINT('',#6384);
#2895=VERTEX_POINT('',#6386);
#2896=VERTEX_POINT('',#6388);
#2897=VERTEX_POINT('',#6390);
#2898=VERTEX_POINT('',#6392);
#2899=VERTEX_POINT('',#6395);
#2900=VERTEX_POINT('',#6396);
#2901=VERTEX_POINT('',#6398);
#2902=VERTEX_POINT('',#6400);
#2903=VERTEX_POINT('',#6402);
#2904=VERTEX_POINT('',#6404);
#2905=VERTEX_POINT('',#6406);
#2906=VERTEX_POINT('',#6408);
#2907=VERTEX_POINT('',#6412);
#2908=VERTEX_POINT('',#6413);
#2909=VERTEX_POINT('',#6415);
#2910=VERTEX_POINT('',#6417);
#2911=VERTEX_POINT('',#6419);
#2912=VERTEX_POINT('',#6421);
#2913=VERTEX_POINT('',#6423);
#2914=VERTEX_POINT('',#6426);
#2915=VERTEX_POINT('',#6428);
#2916=VERTEX_POINT('',#6430);
#2917=VERTEX_POINT('',#6432);
#2918=VERTEX_POINT('',#6434);
#2919=VERTEX_POINT('',#6436);
#2920=VERTEX_POINT('',#6438);
#2921=VERTEX_POINT('',#6440);
#2922=VERTEX_POINT('',#6442);
#2923=VERTEX_POINT('',#6444);
#2924=VERTEX_POINT('',#6446);
#2925=VERTEX_POINT('',#6448);
#2926=VERTEX_POINT('',#6450);
#2927=VERTEX_POINT('',#6452);
#2928=VERTEX_POINT('',#6454);
#2929=VERTEX_POINT('',#6456);
#2930=VERTEX_POINT('',#6458);
#2931=VERTEX_POINT('',#6460);
#2932=VERTEX_POINT('',#6462);
#2933=VERTEX_POINT('',#6464);
#2934=VERTEX_POINT('',#6466);
#2935=VERTEX_POINT('',#6468);
#2936=VERTEX_POINT('',#6470);
#2937=VERTEX_POINT('',#6472);
#2938=VERTEX_POINT('',#6474);
#2939=VERTEX_POINT('',#6476);
#2940=VERTEX_POINT('',#6478);
#2941=VERTEX_POINT('',#6480);
#2942=VERTEX_POINT('',#6482);
#2943=VERTEX_POINT('',#6484);
#2944=VERTEX_POINT('',#6487);
#2945=VERTEX_POINT('',#6489);
#2946=VERTEX_POINT('',#6491);
#2947=VERTEX_POINT('',#6493);
#2948=VERTEX_POINT('',#6496);
#2949=VERTEX_POINT('',#6500);
#2950=VERTEX_POINT('',#6501);
#2951=VERTEX_POINT('',#6503);
#2952=VERTEX_POINT('',#6505);
#2953=VERTEX_POINT('',#6507);
#2954=VERTEX_POINT('',#6509);
#2955=VERTEX_POINT('',#6511);
#2956=VERTEX_POINT('',#6513);
#2957=VERTEX_POINT('',#6515);
#2958=VERTEX_POINT('',#6517);
#2959=VERTEX_POINT('',#6521);
#2960=VERTEX_POINT('',#6522);
#2961=VERTEX_POINT('',#6524);
#2962=VERTEX_POINT('',#6526);
#2963=VERTEX_POINT('',#6528);
#2964=VERTEX_POINT('',#6530);
#2965=VERTEX_POINT('',#6534);
#2966=VERTEX_POINT('',#6535);
#2967=VERTEX_POINT('',#6540);
#2968=VERTEX_POINT('',#6541);
#2969=VERTEX_POINT('',#6543);
#2970=VERTEX_POINT('',#6545);
#2971=VERTEX_POINT('',#6549);
#2972=VERTEX_POINT('',#6551);
#2973=VERTEX_POINT('',#6555);
#2974=VERTEX_POINT('',#6557);
#2975=VERTEX_POINT('',#6561);
#2976=VERTEX_POINT('',#6562);
#2977=VERTEX_POINT('',#6564);
#2978=VERTEX_POINT('',#6566);
#2979=VERTEX_POINT('',#6570);
#2980=VERTEX_POINT('',#6572);
#2981=VERTEX_POINT('',#6576);
#2982=VERTEX_POINT('',#6578);
#2983=VERTEX_POINT('',#6582);
#2984=VERTEX_POINT('',#6583);
#2985=VERTEX_POINT('',#6586);
#2986=VERTEX_POINT('',#6588);
#2987=VERTEX_POINT('',#6590);
#2988=VERTEX_POINT('',#6592);
#2989=VERTEX_POINT('',#6597);
#2990=VERTEX_POINT('',#6599);
#2991=VERTEX_POINT('',#6603);
#2992=VERTEX_POINT('',#6604);
#2993=VERTEX_POINT('',#6609);
#2994=VERTEX_POINT('',#6611);
#2995=VERTEX_POINT('',#6615);
#2996=VERTEX_POINT('',#6617);
#2997=VERTEX_POINT('',#6621);
#2998=VERTEX_POINT('',#6622);
#2999=VERTEX_POINT('',#6627);
#3000=VERTEX_POINT('',#6629);
#3001=VERTEX_POINT('',#6633);
#3002=VERTEX_POINT('',#6634);
#3003=VERTEX_POINT('',#6639);
#3004=VERTEX_POINT('',#6640);
#3005=VERTEX_POINT('',#6645);
#3006=VERTEX_POINT('',#6646);
#3007=VERTEX_POINT('',#6651);
#3008=VERTEX_POINT('',#6652);
#3009=VERTEX_POINT('',#6657);
#3010=VERTEX_POINT('',#6659);
#3011=VERTEX_POINT('',#6663);
#3012=VERTEX_POINT('',#6665);
#3013=VERTEX_POINT('',#6668);
#3014=VERTEX_POINT('',#6670);
#3015=VERTEX_POINT('',#6673);
#3016=VERTEX_POINT('',#6676);
#3017=VERTEX_POINT('',#6677);
#3018=VERTEX_POINT('',#6682);
#3019=VERTEX_POINT('',#6683);
#3020=VERTEX_POINT('',#6688);
#3021=VERTEX_POINT('',#6690);
#3022=VERTEX_POINT('',#6694);
#3023=VERTEX_POINT('',#6695);
#3024=VERTEX_POINT('',#6698);
#3025=VERTEX_POINT('',#6700);
#3026=VERTEX_POINT('',#6703);
#3027=VERTEX_POINT('',#6705);
#3028=VERTEX_POINT('',#6710);
#3029=VERTEX_POINT('',#6711);
#3030=VERTEX_POINT('',#6713);
#3031=VERTEX_POINT('',#6715);
#3032=VERTEX_POINT('',#6719);
#3033=VERTEX_POINT('',#6721);
#3034=VERTEX_POINT('',#6725);
#3035=VERTEX_POINT('',#6727);
#3036=VERTEX_POINT('',#6731);
#3037=VERTEX_POINT('',#6733);
#3038=VERTEX_POINT('',#6737);
#3039=VERTEX_POINT('',#6739);
#3040=VERTEX_POINT('',#6743);
#3041=VERTEX_POINT('',#6745);
#3042=VERTEX_POINT('',#6749);
#3043=VERTEX_POINT('',#6750);
#3044=VERTEX_POINT('',#6755);
#3045=VERTEX_POINT('',#6757);
#3046=VERTEX_POINT('',#6761);
#3047=VERTEX_POINT('',#6762);
#3048=VERTEX_POINT('',#6767);
#3049=VERTEX_POINT('',#6768);
#3050=VERTEX_POINT('',#6773);
#3051=VERTEX_POINT('',#6775);
#3052=VERTEX_POINT('',#6779);
#3053=VERTEX_POINT('',#6781);
#3054=VERTEX_POINT('',#6783);
#3055=VERTEX_POINT('',#6785);
#3056=VERTEX_POINT('',#6789);
#3057=VERTEX_POINT('',#6791);
#3058=VERTEX_POINT('',#6795);
#3059=VERTEX_POINT('',#6797);
#3060=VERTEX_POINT('',#6799);
#3061=VERTEX_POINT('',#6801);
#3062=VERTEX_POINT('',#6805);
#3063=VERTEX_POINT('',#6808);
#3064=VERTEX_POINT('',#6810);
#3065=VERTEX_POINT('',#6813);
#3066=VERTEX_POINT('',#6817);
#3067=VERTEX_POINT('',#6818);
#3068=VERTEX_POINT('',#6823);
#3069=VERTEX_POINT('',#6824);
#3070=VERTEX_POINT('',#6829);
#3071=VERTEX_POINT('',#6831);
#3072=VERTEX_POINT('',#6835);
#3073=VERTEX_POINT('',#6836);
#3074=VERTEX_POINT('',#6839);
#3075=VERTEX_POINT('',#6842);
#3076=VERTEX_POINT('',#6844);
#3077=VERTEX_POINT('',#6849);
#3078=VERTEX_POINT('',#6851);
#3079=VERTEX_POINT('',#6855);
#3080=VERTEX_POINT('',#6856);
#3081=VERTEX_POINT('',#6861);
#3082=VERTEX_POINT('',#6862);
#3083=VERTEX_POINT('',#6865);
#3084=VERTEX_POINT('',#6867);
#3085=VERTEX_POINT('',#6870);
#3086=VERTEX_POINT('',#6875);
#3087=VERTEX_POINT('',#6877);
#3088=VERTEX_POINT('',#6881);
#3089=VERTEX_POINT('',#6882);
#3090=VERTEX_POINT('',#6887);
#3091=VERTEX_POINT('',#6888);
#3092=VERTEX_POINT('',#6890);
#3093=VERTEX_POINT('',#6892);
#3094=VERTEX_POINT('',#6896);
#3095=VERTEX_POINT('',#6898);
#3096=VERTEX_POINT('',#6902);
#3097=VERTEX_POINT('',#6904);
#3098=VERTEX_POINT('',#6908);
#3099=VERTEX_POINT('',#6910);
#3100=VERTEX_POINT('',#6912);
#3101=VERTEX_POINT('',#6916);
#3102=VERTEX_POINT('',#6919);
#3103=VERTEX_POINT('',#6924);
#3104=VERTEX_POINT('',#6928);
#3105=VERTEX_POINT('',#6932);
#3106=VERTEX_POINT('',#6936);
#3107=VERTEX_POINT('',#6938);
#3108=VERTEX_POINT('',#6940);
#3109=VERTEX_POINT('',#6944);
#3110=VERTEX_POINT('',#6946);
#3111=VERTEX_POINT('',#6948);
#3112=VERTEX_POINT('',#6951);
#3113=VERTEX_POINT('',#6955);
#3114=VERTEX_POINT('',#6957);
#3115=VERTEX_POINT('',#6962);
#3116=VERTEX_POINT('',#6964);
#3117=VERTEX_POINT('',#6967);
#3118=VERTEX_POINT('',#6971);
#3119=VERTEX_POINT('',#6973);
#3120=VERTEX_POINT('',#6977);
#3121=VERTEX_POINT('',#6978);
#3122=VERTEX_POINT('',#6983);
#3123=VERTEX_POINT('',#6985);
#3124=VERTEX_POINT('',#6989);
#3125=VERTEX_POINT('',#6991);
#3126=VERTEX_POINT('',#6993);
#3127=VERTEX_POINT('',#6996);
#3128=VERTEX_POINT('',#7001);
#3129=VERTEX_POINT('',#7005);
#3130=VERTEX_POINT('',#7009);
#3131=VERTEX_POINT('',#7013);
#3132=VERTEX_POINT('',#7018);
#3133=VERTEX_POINT('',#7022);
#3134=VERTEX_POINT('',#7026);
#3135=VERTEX_POINT('',#7033);
#3136=VERTEX_POINT('',#7034);
#3137=VERTEX_POINT('',#7039);
#3138=VERTEX_POINT('',#7040);
#3139=VERTEX_POINT('',#7045);
#3140=VERTEX_POINT('',#7047);
#3141=VERTEX_POINT('',#7051);
#3142=VERTEX_POINT('',#7053);
#3143=VERTEX_POINT('',#7056);
#3144=VERTEX_POINT('',#7058);
#3145=VERTEX_POINT('',#7064);
#3146=VERTEX_POINT('',#7065);
#3147=VERTEX_POINT('',#7070);
#3148=VERTEX_POINT('',#7071);
#3149=VERTEX_POINT('',#7076);
#3150=VERTEX_POINT('',#7078);
#3151=VERTEX_POINT('',#7083);
#3152=VERTEX_POINT('',#7086);
#3153=VERTEX_POINT('',#7088);
#3154=VERTEX_POINT('',#7092);
#3155=VERTEX_POINT('',#7093);
#3156=VERTEX_POINT('',#7098);
#3157=VERTEX_POINT('',#7099);
#3158=VERTEX_POINT('',#7114);
#3159=VERTEX_POINT('',#7117);
#3160=VERTEX_POINT('',#7119);
#3161=VERTEX_POINT('',#7121);
#3162=VERTEX_POINT('',#7124);
#3163=VERTEX_POINT('',#7125);
#3164=VERTEX_POINT('',#7127);
#3165=VERTEX_POINT('',#7129);
#3166=VERTEX_POINT('',#7132);
#3167=VERTEX_POINT('',#7134);
#3168=VERTEX_POINT('',#7137);
#3169=VERTEX_POINT('',#7138);
#3170=VERTEX_POINT('',#7145);
#3171=VERTEX_POINT('',#7146);
#3172=VERTEX_POINT('',#7152);
#3173=VERTEX_POINT('',#7153);
#3174=VERTEX_POINT('',#7155);
#3175=VERTEX_POINT('',#7157);
#3176=VERTEX_POINT('',#7163);
#3177=VERTEX_POINT('',#7164);
#3178=VERTEX_POINT('',#7167);
#3179=VERTEX_POINT('',#7169);
#3180=VERTEX_POINT('',#7172);
#3181=VERTEX_POINT('',#7173);
#3182=VERTEX_POINT('',#7178);
#3183=VERTEX_POINT('',#7180);
#3184=VERTEX_POINT('',#7183);
#3185=VERTEX_POINT('',#7184);
#3186=VERTEX_POINT('',#7187);
#3187=VERTEX_POINT('',#7189);
#3188=VERTEX_POINT('',#7191);
#3189=VERTEX_POINT('',#7193);
#3190=VERTEX_POINT('',#7207);
#3191=VERTEX_POINT('',#7209);
#3192=VERTEX_POINT('',#7211);
#3193=VERTEX_POINT('',#7213);
#3194=VERTEX_POINT('',#7228);
#3195=VERTEX_POINT('',#7229);
#3196=VERTEX_POINT('',#7251);
#3197=VERTEX_POINT('',#7253);
#3198=VERTEX_POINT('',#7369);
#3199=VERTEX_POINT('',#7376);
#3200=VERTEX_POINT('',#7378);
#3201=VERTEX_POINT('',#7396);
#3202=VERTEX_POINT('',#7399);
#3203=CIRCLE('',#4325,0.007);
#3204=CIRCLE('',#4326,0.007);
#3205=CIRCLE('',#4328,0.007);
#3206=CIRCLE('',#4329,0.007);
#3207=CIRCLE('',#4331,0.00999999999999974);
#3208=CIRCLE('',#4332,0.00999999999999974);
#3209=CIRCLE('',#4334,0.00999999999999974);
#3210=CIRCLE('',#4335,0.00999999999999974);
#3211=CIRCLE('',#4337,0.00999999999999974);
#3212=CIRCLE('',#4338,0.00999999999999974);
#3213=CIRCLE('',#4340,0.001);
#3214=CIRCLE('',#4341,0.001);
#3215=CIRCLE('',#4342,0.001);
#3216=CIRCLE('',#4343,0.0100000000000002);
#3217=CIRCLE('',#4344,0.001);
#3218=CIRCLE('',#4345,0.0100000000000004);
#3219=CIRCLE('',#4346,0.001);
#3220=CIRCLE('',#4347,0.001);
#3221=CIRCLE('',#4348,0.001);
#3222=CIRCLE('',#4349,0.001);
#3223=CIRCLE('',#4350,0.007);
#3224=CIRCLE('',#4351,0.00091997015013099);
#3225=CIRCLE('',#4352,0.001);
#3226=CIRCLE('',#4353,0.000919970150130845);
#3227=CIRCLE('',#4354,0.003);
#3228=CIRCLE('',#4355,0.001);
#3229=CIRCLE('',#4356,0.001);
#3230=CIRCLE('',#4357,0.001);
#3231=CIRCLE('',#4358,0.00300000000000014);
#3232=CIRCLE('',#4359,0.001);
#3233=CIRCLE('',#4360,0.001);
#3234=CIRCLE('',#4361,0.001);
#3235=CIRCLE('',#4362,0.001);
#3236=CIRCLE('',#4363,0.00300000000000014);
#3237=CIRCLE('',#4364,0.0100000000000007);
#3238=CIRCLE('',#4365,0.0029999999999997);
#3239=CIRCLE('',#4366,0.001);
#3240=CIRCLE('',#4367,0.001);
#3241=CIRCLE('',#4368,0.0100000000000003);
#3242=CIRCLE('',#4369,0.001);
#3243=CIRCLE('',#4370,0.000786287627969955);
#3244=CIRCLE('',#4371,0.0029999999999997);
#3245=CIRCLE('',#4372,0.001);
#3246=CIRCLE('',#4373,0.001);
#3247=CIRCLE('',#4374,0.001);
#3248=CIRCLE('',#4375,0.003);
#3249=CIRCLE('',#4376,0.001);
#3250=CIRCLE('',#4377,0.001);
#3251=CIRCLE('',#4378,0.001);
#3252=CIRCLE('',#4379,0.00299999999999995);
#3253=CIRCLE('',#4380,0.001);
#3254=CIRCLE('',#4381,0.001);
#3255=CIRCLE('',#4382,0.001);
#3256=CIRCLE('',#4383,0.003);
#3257=CIRCLE('',#4384,0.000793942481391158);
#3258=CIRCLE('',#4385,0.001);
#3259=CIRCLE('',#4386,0.0100000000000003);
#3260=CIRCLE('',#4387,0.001);
#3261=CIRCLE('',#4388,0.001);
#3262=CIRCLE('',#4389,0.003);
#3263=CIRCLE('',#4390,0.00999999999999942);
#3264=CIRCLE('',#4391,0.003);
#3265=CIRCLE('',#4392,0.001);
#3266=CIRCLE('',#4393,0.001);
#3267=CIRCLE('',#4394,0.001);
#3268=CIRCLE('',#4395,0.001);
#3269=CIRCLE('',#4397,0.001);
#3270=CIRCLE('',#4398,0.003);
#3271=CIRCLE('',#4399,0.003);
#3272=CIRCLE('',#4400,0.001);
#3273=CIRCLE('',#4402,0.003);
#3274=CIRCLE('',#4403,0.001);
#3275=CIRCLE('',#4404,0.001);
#3276=CIRCLE('',#4405,0.00299999999999995);
#3277=CIRCLE('',#4407,0.001);
#3278=CIRCLE('',#4408,0.001);
#3279=CIRCLE('',#4409,0.001);
#3280=CIRCLE('',#4410,0.0100000000000003);
#3281=CIRCLE('',#4411,0.001);
#3282=CIRCLE('',#4412,0.0100000000000004);
#3283=CIRCLE('',#4413,0.001);
#3284=CIRCLE('',#4414,0.001);
#3285=CIRCLE('',#4415,0.001);
#3286=CIRCLE('',#4416,0.001);
#3287=CIRCLE('',#4417,0.007);
#3288=CIRCLE('',#4418,0.000500000000000014);
#3289=CIRCLE('',#4419,0.00299999999999992);
#3290=CIRCLE('',#4420,0.00299999999999995);
#3291=CIRCLE('',#4421,0.0005);
#3292=CIRCLE('',#4422,0.001);
#3293=CIRCLE('',#4423,0.001);
#3294=CIRCLE('',#4424,0.001);
#3295=CIRCLE('',#4425,0.00299999999999995);
#3296=CIRCLE('',#4426,0.00999999999999974);
#3297=CIRCLE('',#4427,0.00300000000000004);
#3298=CIRCLE('',#4428,0.001);
#3299=CIRCLE('',#4429,0.001);
#3300=CIRCLE('',#4430,0.001);
#3301=CIRCLE('',#4431,0.001);
#3302=CIRCLE('',#4432,0.00300000000000004);
#3303=CIRCLE('',#4433,0.001);
#3304=CIRCLE('',#4434,0.001);
#3305=CIRCLE('',#4435,0.001);
#3306=CIRCLE('',#4436,0.003);
#3307=CIRCLE('',#4437,0.001);
#3308=CIRCLE('',#4438,0.001);
#3309=CIRCLE('',#4439,0.001);
#3310=CIRCLE('',#4440,0.001);
#3311=CIRCLE('',#4441,0.003);
#3312=CIRCLE('',#4442,0.00299999999999992);
#3313=CIRCLE('',#4443,0.001);
#3314=CIRCLE('',#4444,0.001);
#3315=CIRCLE('',#4445,0.001);
#3316=CIRCLE('',#4447,0.00300000000000004);
#3317=CIRCLE('',#4448,0.001);
#3318=CIRCLE('',#4449,0.001);
#3319=CIRCLE('',#4450,0.003);
#3320=CIRCLE('',#4451,0.001);
#3321=CIRCLE('',#4452,0.001);
#3322=CIRCLE('',#4454,0.003);
#3323=CIRCLE('',#4455,0.001);
#3324=CIRCLE('',#4456,0.001);
#3325=CIRCLE('',#4457,0.0029999999999997);
#3326=CIRCLE('',#4459,0.0100000000000003);
#3327=CIRCLE('',#4461,0.0019);
#3328=CIRCLE('',#4462,0.0019);
#3329=CIRCLE('',#4465,0.0019);
#3330=CIRCLE('',#4466,0.0019);
#3331=CIRCLE('',#4469,0.0019);
#3332=CIRCLE('',#4470,0.0019);
#3333=CIRCLE('',#4473,0.00300000000000024);
#3334=CIRCLE('',#4474,0.003);
#3335=CIRCLE('',#4475,0.003);
#3336=CIRCLE('',#4483,0.0100000000000002);
#3337=CIRCLE('',#4486,0.0100000000000004);
#3338=CIRCLE('',#4490,0.00300000000000005);
#3339=CIRCLE('',#4491,0.003);
#3340=CIRCLE('',#4492,0.003);
#3341=CIRCLE('',#4495,0.0100000000000003);
#3342=CIRCLE('',#4498,0.0029999999999997);
#3343=CIRCLE('',#4499,0.0029999999999997);
#3344=CIRCLE('',#4500,0.003);
#3345=CIRCLE('',#4503,0.0019);
#3346=CIRCLE('',#4504,0.0019);
#3347=CIRCLE('',#4510,0.0100000000000003);
#3348=CIRCLE('',#4513,0.0100000000000004);
#3349=CIRCLE('',#4520,0.00299999999999995);
#3350=CIRCLE('',#4521,0.00299999999999993);
#3351=CIRCLE('',#4522,0.00299999999999993);
#3352=CIRCLE('',#4527,0.00300000000000004);
#3353=CIRCLE('',#4528,0.003);
#3354=CIRCLE('',#4529,0.003);
#3355=CIRCLE('',#4533,0.00300000000000016);
#3356=CIRCLE('',#4534,0.00300000000000009);
#3357=CIRCLE('',#4535,0.00300000000000004);
#3358=CIRCLE('',#4539,0.0019);
#3359=CIRCLE('',#4540,0.0019);
#3360=CIRCLE('',#4543,0.0019);
#3361=CIRCLE('',#4544,0.0019);
#3362=CIRCLE('',#4549,0.0100000000000007);
#3363=CIRCLE('',#4553,0.003);
#3364=CIRCLE('',#4554,0.003);
#3365=CIRCLE('',#4555,0.003);
#3366=CIRCLE('',#4558,0.00300000000000014);
#3367=CIRCLE('',#4559,0.003);
#3368=CIRCLE('',#4560,0.00300000000000014);
#3369=CIRCLE('',#4565,0.003);
#3370=CIRCLE('',#4566,0.003);
#3371=CIRCLE('',#4567,0.003);
#3372=CIRCLE('',#4571,0.00999999999999942);
#3373=CIRCLE('',#4576,0.00999999999999974);
#3374=CIRCLE('',#4578,0.0019);
#3375=CIRCLE('',#4579,0.0019);
#3376=CIRCLE('',#4584,0.0019);
#3377=CIRCLE('',#4585,0.0019);
#3378=CIRCLE('',#4587,0.0019);
#3379=CIRCLE('',#4588,0.0019);
#3380=CIRCLE('',#4590,0.0019);
#3381=CIRCLE('',#4591,0.0019);
#3382=CIRCLE('',#4596,0.003);
#3383=CIRCLE('',#4597,0.003);
#3384=CIRCLE('',#4598,0.003);
#3385=CIRCLE('',#4605,0.007);
#3386=CIRCLE('',#4606,0.007);
#3387=CIRCLE('',#4607,0.00299999999999995);
#3388=CIRCLE('',#4608,0.00299999999999992);
#3389=CIRCLE('',#4609,0.003);
#3390=CIRCLE('',#4610,0.000500000000000014);
#3391=CIRCLE('',#4611,0.001);
#3392=CIRCLE('',#4612,0.001);
#3393=CIRCLE('',#4613,0.001);
#3394=CIRCLE('',#4614,0.001);
#3395=CIRCLE('',#4615,0.001);
#3396=CIRCLE('',#4616,0.001);
#3397=CIRCLE('',#4617,0.001);
#3398=CIRCLE('',#4618,0.001);
#3399=CIRCLE('',#4619,0.001);
#3400=CIRCLE('',#4620,0.001);
#3401=CIRCLE('',#4621,0.001);
#3402=CIRCLE('',#4622,0.000786287627969955);
#3403=CIRCLE('',#4623,0.001);
#3404=CIRCLE('',#4624,0.001);
#3405=CIRCLE('',#4625,0.001);
#3406=CIRCLE('',#4626,0.001);
#3407=CIRCLE('',#4627,0.001);
#3408=CIRCLE('',#4628,0.00091997015013099);
#3409=CIRCLE('',#4629,0.000919970150130845);
#3410=CIRCLE('',#4630,0.001);
#3411=CIRCLE('',#4631,0.001);
#3412=CIRCLE('',#4632,0.001);
#3413=CIRCLE('',#4633,0.001);
#3414=CIRCLE('',#4634,0.001);
#3415=CIRCLE('',#4635,0.001);
#3416=CIRCLE('',#4636,0.001);
#3417=CIRCLE('',#4637,0.001);
#3418=CIRCLE('',#4638,0.0005);
#3419=CIRCLE('',#4639,0.003);
#3420=CIRCLE('',#4640,0.001);
#3421=CIRCLE('',#4641,0.001);
#3422=CIRCLE('',#4642,0.001);
#3423=CIRCLE('',#4643,0.001);
#3424=CIRCLE('',#4644,0.001);
#3425=CIRCLE('',#4645,0.001);
#3426=CIRCLE('',#4646,0.001);
#3427=CIRCLE('',#4647,0.001);
#3428=CIRCLE('',#4648,0.001);
#3429=CIRCLE('',#4649,0.001);
#3430=CIRCLE('',#4650,0.001);
#3431=CIRCLE('',#4651,0.001);
#3432=CIRCLE('',#4652,0.001);
#3433=CIRCLE('',#4653,0.001);
#3434=CIRCLE('',#4654,0.001);
#3435=CIRCLE('',#4655,0.001);
#3436=CIRCLE('',#4656,0.001);
#3437=CIRCLE('',#4657,0.001);
#3438=CIRCLE('',#4658,0.001);
#3439=CIRCLE('',#4659,0.001);
#3440=CIRCLE('',#4660,0.001);
#3441=CIRCLE('',#4661,0.001);
#3442=CIRCLE('',#4662,0.001);
#3443=CIRCLE('',#4663,0.001);
#3444=CIRCLE('',#4664,0.001);
#3445=CIRCLE('',#4665,0.001);
#3446=CIRCLE('',#4666,0.001);
#3447=CIRCLE('',#4667,0.000793942481391158);
#3448=CIRCLE('',#4668,0.001);
#3449=CIRCLE('',#4669,0.001);
#3450=CIRCLE('',#4670,0.001);
#3451=CIRCLE('',#4671,0.001);
#3452=CIRCLE('',#4672,0.001);
#3453=CIRCLE('',#4673,0.001);
#3454=CIRCLE('',#4674,0.001);
#3455=CIRCLE('',#4675,0.001);
#3456=CIRCLE('',#4676,0.001);
#3457=CIRCLE('',#4677,0.001);
#3458=CIRCLE('',#4678,0.001);
#3459=CIRCLE('',#4679,0.001);
#3460=CIRCLE('',#4680,0.001);
#3461=CIRCLE('',#4681,0.001);
#3462=CIRCLE('',#4682,0.001);
#3463=CIRCLE('',#4683,0.001);
#3464=CIRCLE('',#4684,0.001);
#3465=CIRCLE('',#4685,0.001);
#3466=CIRCLE('',#4686,0.001);
#3467=CIRCLE('',#4687,0.00189999999999997);
#3468=CIRCLE('',#4688,0.00190000000000002);
#3469=CIRCLE('',#4777,0.00299999999999995);
#3470=CIRCLE('',#4780,0.00299999999999992);
#3471=CIRCLE('',#4787,0.00189999999999997);
#3472=CIRCLE('',#4789,0.00190000000000002);
#3473=EDGE_LOOP('',(#848,#849,#850,#851));
#3474=EDGE_LOOP('',(#852,#853,#854,#855));
#3475=EDGE_LOOP('',(#856,#857,#858,#859));
#3476=EDGE_LOOP('',(#860,#861,#862,#863));
#3477=EDGE_LOOP('',(#864,#865,#866,#867));
#3478=EDGE_LOOP('',(#868,#869,#870,#871,#872,#873,#874,#875));
#3479=EDGE_LOOP('',(#876,#877,#878,#879,#880,#881,#882,#883));
#3480=EDGE_LOOP('',(#884,#885));
#3481=EDGE_LOOP('',(#886,#887,#888,#889,#890,#891));
#3482=EDGE_LOOP('',(#892,#893,#894,#895,#896,#897,#898,#899,#900,#901,#902,
#903,#904,#905,#906,#907,#908,#909,#910,#911,#912,#913,#914,#915,#916,#917,
#918,#919,#920,#921,#922,#923,#924,#925,#926,#927,#928,#929,#930,#931,#932,
#933,#934,#935,#936,#937,#938,#939,#940,#941,#942,#943,#944,#945,#946,#947,
#948,#949,#950,#951,#952,#953,#954,#955));
#3483=EDGE_LOOP('',(#956,#957,#958,#959,#960,#961));
#3484=EDGE_LOOP('',(#962,#963,#964,#965,#966,#967));
#3485=EDGE_LOOP('',(#968,#969,#970,#971,#972,#973,#974,#975));
#3486=EDGE_LOOP('',(#976,#977,#978,#979,#980,#981,#982,#983));
#3487=EDGE_LOOP('',(#984,#985));
#3488=EDGE_LOOP('',(#986,#987,#988,#989,#990,#991,#992,#993,#994,#995,#996,
#997,#998,#999,#1000,#1001,#1002,#1003,#1004,#1005,#1006,#1007,#1008,#1009,
#1010,#1011,#1012,#1013,#1014,#1015,#1016,#1017,#1018,#1019,#1020,#1021,
#1022,#1023,#1024,#1025,#1026,#1027,#1028,#1029,#1030,#1031,#1032,#1033));
#3489=EDGE_LOOP('',(#1034,#1035,#1036,#1037,#1038,#1039,#1040,#1041,#1042,
#1043));
#3490=EDGE_LOOP('',(#1044,#1045,#1046,#1047,#1048,#1049));
#3491=EDGE_LOOP('',(#1050,#1051,#1052,#1053));
#3492=EDGE_LOOP('',(#1054,#1055,#1056,#1057));
#3493=EDGE_LOOP('',(#1058,#1059,#1060,#1061));
#3494=EDGE_LOOP('',(#1062,#1063,#1064,#1065));
#3495=EDGE_LOOP('',(#1066,#1067,#1068,#1069));
#3496=EDGE_LOOP('',(#1070,#1071,#1072,#1073));
#3497=EDGE_LOOP('',(#1074,#1075,#1076,#1077));
#3498=EDGE_LOOP('',(#1078,#1079,#1080,#1081,#1082,#1083,#1084,#1085,#1086,
#1087));
#3499=EDGE_LOOP('',(#1088,#1089,#1090,#1091));
#3500=EDGE_LOOP('',(#1092,#1093,#1094,#1095));
#3501=EDGE_LOOP('',(#1096,#1097,#1098,#1099));
#3502=EDGE_LOOP('',(#1100,#1101,#1102,#1103));
#3503=EDGE_LOOP('',(#1104,#1105,#1106,#1107));
#3504=EDGE_LOOP('',(#1108,#1109,#1110,#1111));
#3505=EDGE_LOOP('',(#1112,#1113,#1114,#1115));
#3506=EDGE_LOOP('',(#1116,#1117,#1118,#1119));
#3507=EDGE_LOOP('',(#1120,#1121,#1122,#1123));
#3508=EDGE_LOOP('',(#1124,#1125,#1126,#1127));
#3509=EDGE_LOOP('',(#1128,#1129,#1130,#1131));
#3510=EDGE_LOOP('',(#1132,#1133,#1134,#1135,#1136,#1137,#1138,#1139,#1140));
#3511=EDGE_LOOP('',(#1141));
#3512=EDGE_LOOP('',(#1142,#1143,#1144,#1145));
#3513=EDGE_LOOP('',(#1146,#1147,#1148,#1149));
#3514=EDGE_LOOP('',(#1150,#1151,#1152,#1153));
#3515=EDGE_LOOP('',(#1154,#1155,#1156,#1157,#1158,#1159,#1160,#1161,#1162,
#1163,#1164,#1165));
#3516=EDGE_LOOP('',(#1166,#1167,#1168,#1169));
#3517=EDGE_LOOP('',(#1170,#1171,#1172,#1173));
#3518=EDGE_LOOP('',(#1174,#1175,#1176,#1177));
#3519=EDGE_LOOP('',(#1178,#1179,#1180,#1181));
#3520=EDGE_LOOP('',(#1182,#1183,#1184,#1185));
#3521=EDGE_LOOP('',(#1186,#1187,#1188,#1189));
#3522=EDGE_LOOP('',(#1190,#1191,#1192,#1193));
#3523=EDGE_LOOP('',(#1194,#1195,#1196,#1197));
#3524=EDGE_LOOP('',(#1198,#1199,#1200,#1201));
#3525=EDGE_LOOP('',(#1202,#1203,#1204,#1205));
#3526=EDGE_LOOP('',(#1206,#1207,#1208,#1209));
#3527=EDGE_LOOP('',(#1210,#1211,#1212,#1213,#1214,#1215));
#3528=EDGE_LOOP('',(#1216,#1217,#1218,#1219));
#3529=EDGE_LOOP('',(#1220,#1221,#1222,#1223,#1224,#1225));
#3530=EDGE_LOOP('',(#1226,#1227,#1228,#1229,#1230,#1231,#1232,#1233,#1234,
#1235));
#3531=EDGE_LOOP('',(#1236,#1237,#1238,#1239));
#3532=EDGE_LOOP('',(#1240,#1241,#1242,#1243));
#3533=EDGE_LOOP('',(#1244,#1245,#1246,#1247));
#3534=EDGE_LOOP('',(#1248,#1249,#1250,#1251,#1252,#1253,#1254,#1255,#1256,
#1257,#1258,#1259));
#3535=EDGE_LOOP('',(#1260,#1261,#1262,#1263));
#3536=EDGE_LOOP('',(#1264,#1265,#1266,#1267));
#3537=EDGE_LOOP('',(#1268,#1269,#1270,#1271,#1272,#1273,#1274,#1275,#1276,
#1277,#1278,#1279));
#3538=EDGE_LOOP('',(#1280,#1281,#1282,#1283));
#3539=EDGE_LOOP('',(#1284,#1285,#1286,#1287));
#3540=EDGE_LOOP('',(#1288,#1289,#1290,#1291));
#3541=EDGE_LOOP('',(#1292,#1293,#1294,#1295));
#3542=EDGE_LOOP('',(#1296,#1297,#1298,#1299));
#3543=EDGE_LOOP('',(#1300,#1301,#1302,#1303,#1304));
#3544=EDGE_LOOP('',(#1305,#1306,#1307,#1308,#1309,#1310));
#3545=EDGE_LOOP('',(#1311,#1312,#1313,#1314,#1315,#1316,#1317));
#3546=EDGE_LOOP('',(#1318,#1319,#1320,#1321));
#3547=EDGE_LOOP('',(#1322,#1323,#1324,#1325));
#3548=EDGE_LOOP('',(#1326,#1327,#1328,#1329,#1330));
#3549=EDGE_LOOP('',(#1331,#1332,#1333,#1334,#1335,#1336,#1337,#1338));
#3550=EDGE_LOOP('',(#1339,#1340,#1341,#1342));
#3551=EDGE_LOOP('',(#1343,#1344,#1345,#1346,#1347,#1348,#1349,#1350,#1351,
#1352));
#3552=EDGE_LOOP('',(#1353,#1354,#1355,#1356));
#3553=EDGE_LOOP('',(#1357,#1358,#1359,#1360));
#3554=EDGE_LOOP('',(#1361,#1362,#1363,#1364));
#3555=EDGE_LOOP('',(#1365,#1366,#1367,#1368,#1369,#1370,#1371,#1372));
#3556=EDGE_LOOP('',(#1373,#1374,#1375,#1376,#1377));
#3557=EDGE_LOOP('',(#1378,#1379,#1380,#1381));
#3558=EDGE_LOOP('',(#1382,#1383,#1384,#1385));
#3559=EDGE_LOOP('',(#1386,#1387,#1388,#1389));
#3560=EDGE_LOOP('',(#1390,#1391,#1392,#1393,#1394,#1395,#1396));
#3561=EDGE_LOOP('',(#1397,#1398,#1399,#1400));
#3562=EDGE_LOOP('',(#1401,#1402,#1403,#1404));
#3563=EDGE_LOOP('',(#1405,#1406,#1407,#1408));
#3564=EDGE_LOOP('',(#1409,#1410,#1411,#1412));
#3565=EDGE_LOOP('',(#1413,#1414,#1415,#1416));
#3566=EDGE_LOOP('',(#1417,#1418,#1419,#1420));
#3567=EDGE_LOOP('',(#1421));
#3568=EDGE_LOOP('',(#1422));
#3569=EDGE_LOOP('',(#1423));
#3570=EDGE_LOOP('',(#1424));
#3571=EDGE_LOOP('',(#1425,#1426,#1427,#1428));
#3572=EDGE_LOOP('',(#1429,#1430,#1431,#1432));
#3573=EDGE_LOOP('',(#1433,#1434,#1435,#1436));
#3574=EDGE_LOOP('',(#1437,#1438,#1439,#1440));
#3575=EDGE_LOOP('',(#1441,#1442,#1443,#1444,#1445,#1446,#1447,#1448,#1449,
#1450));
#3576=EDGE_LOOP('',(#1451,#1452,#1453,#1454));
#3577=EDGE_LOOP('',(#1455,#1456,#1457,#1458));
#3578=EDGE_LOOP('',(#1459,#1460,#1461,#1462));
#3579=EDGE_LOOP('',(#1463,#1464,#1465,#1466));
#3580=EDGE_LOOP('',(#1467,#1468,#1469,#1470));
#3581=EDGE_LOOP('',(#1471,#1472));
#3582=EDGE_LOOP('',(#1473,#1474));
#3583=EDGE_LOOP('',(#1475,#1476,#1477,#1478,#1479,#1480,#1481,#1482,#1483,
#1484,#1485,#1486,#1487,#1488,#1489,#1490,#1491,#1492,#1493,#1494,#1495,
#1496,#1497));
#3584=EDGE_LOOP('',(#1498,#1499,#1500,#1501,#1502,#1503,#1504,#1505));
#3585=EDGE_LOOP('',(#1506,#1507,#1508,#1509,#1510,#1511,#1512,#1513,#1514,
#1515,#1516,#1517,#1518,#1519));
#3586=EDGE_LOOP('',(#1520,#1521,#1522,#1523,#1524,#1525,#1526,#1527));
#3587=EDGE_LOOP('',(#1528,#1529,#1530,#1531,#1532,#1533,#1534,#1535,#1536,
#1537));
#3588=EDGE_LOOP('',(#1538,#1539,#1540,#1541,#1542,#1543));
#3589=EDGE_LOOP('',(#1544,#1545,#1546,#1547,#1548,#1549,#1550,#1551,#1552,
#1553));
#3590=EDGE_LOOP('',(#1554,#1555,#1556,#1557,#1558,#1559,#1560,#1561));
#3591=EDGE_LOOP('',(#1562,#1563,#1564,#1565));
#3592=EDGE_LOOP('',(#1566,#1567,#1568,#1569,#1570,#1571,#1572,#1573));
#3593=EDGE_LOOP('',(#1574,#1575,#1576,#1577,#1578,#1579,#1580,#1581,#1582,
#1583));
#3594=EDGE_LOOP('',(#1584,#1585,#1586,#1587,#1588,#1589,#1590,#1591,#1592,
#1593,#1594,#1595));
#3595=EDGE_LOOP('',(#1596,#1597,#1598,#1599,#1600,#1601,#1602,#1603));
#3596=EDGE_LOOP('',(#1604,#1605,#1606,#1607,#1608,#1609,#1610,#1611));
#3597=EDGE_LOOP('',(#1612,#1613,#1614,#1615,#1616,#1617,#1618,#1619));
#3598=EDGE_LOOP('',(#1620,#1621,#1622,#1623));
#3599=EDGE_LOOP('',(#1624));
#3600=EDGE_LOOP('',(#1625,#1626,#1627,#1628,#1629,#1630,#1631,#1632));
#3601=EDGE_LOOP('',(#1633));
#3602=EDGE_LOOP('',(#1634,#1635,#1636,#1637,#1638,#1639,#1640,#1641));
#3603=EDGE_LOOP('',(#1642,#1643,#1644,#1645,#1646,#1647,#1648,#1649));
#3604=EDGE_LOOP('',(#1650,#1651,#1652,#1653,#1654,#1655,#1656,#1657));
#3605=EDGE_LOOP('',(#1658,#1659,#1660,#1661,#1662,#1663,#1664,#1665));
#3606=EDGE_LOOP('',(#1666,#1667,#1668,#1669));
#3607=EDGE_LOOP('',(#1670,#1671,#1672,#1673));
#3608=EDGE_LOOP('',(#1674));
#3609=EDGE_LOOP('',(#1675));
#3610=EDGE_LOOP('',(#1676,#1677,#1678,#1679));
#3611=EDGE_LOOP('',(#1680,#1681,#1682,#1683));
#3612=EDGE_LOOP('',(#1684,#1685,#1686,#1687));
#3613=EDGE_LOOP('',(#1688,#1689,#1690,#1691));
#3614=EDGE_LOOP('',(#1692,#1693,#1694,#1695));
#3615=EDGE_LOOP('',(#1696,#1697,#1698,#1699));
#3616=EDGE_LOOP('',(#1700,#1701,#1702,#1703));
#3617=EDGE_LOOP('',(#1704,#1705,#1706,#1707));
#3618=EDGE_LOOP('',(#1708,#1709,#1710,#1711));
#3619=EDGE_LOOP('',(#1712,#1713,#1714,#1715));
#3620=EDGE_LOOP('',(#1716,#1717,#1718,#1719));
#3621=EDGE_LOOP('',(#1720,#1721,#1722,#1723));
#3622=EDGE_LOOP('',(#1724,#1725,#1726,#1727));
#3623=EDGE_LOOP('',(#1728,#1729,#1730,#1731));
#3624=EDGE_LOOP('',(#1732,#1733,#1734,#1735));
#3625=EDGE_LOOP('',(#1736,#1737,#1738,#1739));
#3626=EDGE_LOOP('',(#1740,#1741,#1742,#1743));
#3627=EDGE_LOOP('',(#1744,#1745,#1746,#1747));
#3628=EDGE_LOOP('',(#1748,#1749,#1750,#1751));
#3629=EDGE_LOOP('',(#1752,#1753,#1754,#1755));
#3630=EDGE_LOOP('',(#1756,#1757,#1758,#1759));
#3631=EDGE_LOOP('',(#1760,#1761,#1762,#1763));
#3632=EDGE_LOOP('',(#1764,#1765,#1766,#1767));
#3633=EDGE_LOOP('',(#1768,#1769,#1770,#1771));
#3634=EDGE_LOOP('',(#1772,#1773,#1774,#1775));
#3635=EDGE_LOOP('',(#1776,#1777,#1778,#1779));
#3636=EDGE_LOOP('',(#1780,#1781,#1782,#1783));
#3637=EDGE_LOOP('',(#1784,#1785,#1786,#1787));
#3638=EDGE_LOOP('',(#1788,#1789,#1790,#1791));
#3639=EDGE_LOOP('',(#1792,#1793,#1794,#1795));
#3640=EDGE_LOOP('',(#1796,#1797,#1798,#1799));
#3641=EDGE_LOOP('',(#1800,#1801,#1802,#1803));
#3642=EDGE_LOOP('',(#1804,#1805,#1806,#1807));
#3643=EDGE_LOOP('',(#1808,#1809,#1810,#1811));
#3644=EDGE_LOOP('',(#1812,#1813,#1814,#1815));
#3645=EDGE_LOOP('',(#1816,#1817,#1818,#1819));
#3646=EDGE_LOOP('',(#1820,#1821,#1822,#1823));
#3647=EDGE_LOOP('',(#1824,#1825,#1826,#1827));
#3648=EDGE_LOOP('',(#1828,#1829,#1830,#1831));
#3649=EDGE_LOOP('',(#1832,#1833,#1834,#1835));
#3650=EDGE_LOOP('',(#1836,#1837,#1838,#1839));
#3651=EDGE_LOOP('',(#1840,#1841,#1842,#1843));
#3652=EDGE_LOOP('',(#1844,#1845,#1846,#1847));
#3653=EDGE_LOOP('',(#1848,#1849,#1850,#1851));
#3654=EDGE_LOOP('',(#1852,#1853,#1854,#1855));
#3655=EDGE_LOOP('',(#1856,#1857,#1858,#1859));
#3656=EDGE_LOOP('',(#1860,#1861,#1862,#1863));
#3657=EDGE_LOOP('',(#1864,#1865,#1866,#1867));
#3658=EDGE_LOOP('',(#1868,#1869,#1870,#1871));
#3659=EDGE_LOOP('',(#1872,#1873,#1874,#1875));
#3660=EDGE_LOOP('',(#1876,#1877,#1878,#1879));
#3661=EDGE_LOOP('',(#1880,#1881,#1882,#1883));
#3662=EDGE_LOOP('',(#1884,#1885,#1886,#1887));
#3663=EDGE_LOOP('',(#1888,#1889,#1890,#1891));
#3664=EDGE_LOOP('',(#1892,#1893,#1894,#1895));
#3665=EDGE_LOOP('',(#1896,#1897,#1898,#1899));
#3666=EDGE_LOOP('',(#1900,#1901,#1902,#1903));
#3667=EDGE_LOOP('',(#1904,#1905,#1906,#1907));
#3668=EDGE_LOOP('',(#1908,#1909,#1910,#1911));
#3669=EDGE_LOOP('',(#1912,#1913,#1914,#1915));
#3670=EDGE_LOOP('',(#1916,#1917,#1918,#1919));
#3671=EDGE_LOOP('',(#1920,#1921,#1922,#1923));
#3672=EDGE_LOOP('',(#1924,#1925,#1926,#1927));
#3673=EDGE_LOOP('',(#1928,#1929,#1930,#1931));
#3674=EDGE_LOOP('',(#1932,#1933,#1934,#1935));
#3675=EDGE_LOOP('',(#1936,#1937,#1938,#1939));
#3676=EDGE_LOOP('',(#1940,#1941,#1942,#1943));
#3677=EDGE_LOOP('',(#1944,#1945,#1946,#1947));
#3678=EDGE_LOOP('',(#1948,#1949,#1950,#1951));
#3679=EDGE_LOOP('',(#1952,#1953,#1954,#1955));
#3680=EDGE_LOOP('',(#1956,#1957,#1958,#1959));
#3681=EDGE_LOOP('',(#1960,#1961,#1962,#1963));
#3682=EDGE_LOOP('',(#1964,#1965,#1966,#1967));
#3683=EDGE_LOOP('',(#1968,#1969,#1970,#1971));
#3684=EDGE_LOOP('',(#1972,#1973,#1974,#1975));
#3685=EDGE_LOOP('',(#1976,#1977,#1978,#1979));
#3686=EDGE_LOOP('',(#1980,#1981,#1982,#1983));
#3687=EDGE_LOOP('',(#1984,#1985,#1986,#1987));
#3688=EDGE_LOOP('',(#1988,#1989,#1990,#1991));
#3689=EDGE_LOOP('',(#1992,#1993,#1994,#1995));
#3690=EDGE_LOOP('',(#1996));
#3691=EDGE_LOOP('',(#1997,#1998));
#3692=EDGE_LOOP('',(#1999));
#3693=EDGE_LOOP('',(#2000));
#3694=EDGE_LOOP('',(#2001,#2002,#2003,#2004,#2005));
#3695=EDGE_LOOP('',(#2006,#2007,#2008,#2009));
#3696=EDGE_LOOP('',(#2010,#2011,#2012,#2013));
#3697=EDGE_LOOP('',(#2014,#2015,#2016,#2017));
#3698=EDGE_LOOP('',(#2018,#2019,#2020,#2021));
#3699=EDGE_LOOP('',(#2022,#2023,#2024,#2025));
#3700=EDGE_LOOP('',(#2026,#2027,#2028,#2029));
#3701=EDGE_LOOP('',(#2030,#2031,#2032,#2033));
#3702=EDGE_LOOP('',(#2034,#2035,#2036,#2037));
#3703=EDGE_LOOP('',(#2038,#2039,#2040,#2041,#2042,#2043,#2044,#2045));
#3704=EDGE_LOOP('',(#2046));
#3705=EDGE_LOOP('',(#2047,#2048,#2049,#2050));
#3706=EDGE_LOOP('',(#2051,#2052,#2053,#2054,#2055,#2056,#2057,#2058,#2059,
#2060));
#3707=EDGE_LOOP('',(#2061,#2062,#2063,#2064,#2065,#2066));
#3708=EDGE_LOOP('',(#2067,#2068,#2069,#2070));
#3709=EDGE_LOOP('',(#2071,#2072,#2073,#2074));
#3710=EDGE_LOOP('',(#2075,#2076,#2077,#2078));
#3711=EDGE_LOOP('',(#2079,#2080,#2081,#2082));
#3712=EDGE_LOOP('',(#2083));
#3713=EDGE_LOOP('',(#2084));
#3714=EDGE_LOOP('',(#2085));
#3715=EDGE_LOOP('',(#2086));
#3716=EDGE_LOOP('',(#2087,#2088,#2089,#2090));
#3717=EDGE_LOOP('',(#2091,#2092,#2093,#2094));
#3718=EDGE_LOOP('',(#2095,#2096,#2097,#2098));
#3719=EDGE_LOOP('',(#2099,#2100,#2101,#2102));
#3720=EDGE_LOOP('',(#2103,#2104,#2105,#2106));
#3721=EDGE_LOOP('',(#2107,#2108,#2109,#2110));
#3722=EDGE_LOOP('',(#2111,#2112,#2113,#2114));
#3723=EDGE_LOOP('',(#2115,#2116,#2117,#2118));
#3724=EDGE_LOOP('',(#2119));
#3725=EDGE_LOOP('',(#2120,#2121));
#3726=EDGE_LOOP('',(#2122));
#3727=EDGE_LOOP('',(#2123));
#3728=EDGE_LOOP('',(#2124,#2125,#2126,#2127));
#3729=EDGE_LOOP('',(#2128,#2129,#2130,#2131));
#3730=FACE_BOUND('',#3473,.T.);
#3731=FACE_BOUND('',#3474,.T.);
#3732=FACE_BOUND('',#3475,.T.);
#3733=FACE_BOUND('',#3476,.T.);
#3734=FACE_BOUND('',#3477,.T.);
#3735=FACE_BOUND('',#3478,.T.);
#3736=FACE_BOUND('',#3479,.T.);
#3737=FACE_BOUND('',#3480,.T.);
#3738=FACE_BOUND('',#3481,.T.);
#3739=FACE_BOUND('',#3482,.T.);
#3740=FACE_BOUND('',#3483,.T.);
#3741=FACE_BOUND('',#3484,.T.);
#3742=FACE_BOUND('',#3485,.T.);
#3743=FACE_BOUND('',#3486,.T.);
#3744=FACE_BOUND('',#3487,.T.);
#3745=FACE_BOUND('',#3488,.T.);
#3746=FACE_BOUND('',#3489,.T.);
#3747=FACE_BOUND('',#3490,.T.);
#3748=FACE_BOUND('',#3491,.T.);
#3749=FACE_BOUND('',#3492,.T.);
#3750=FACE_BOUND('',#3493,.T.);
#3751=FACE_BOUND('',#3494,.T.);
#3752=FACE_BOUND('',#3495,.T.);
#3753=FACE_BOUND('',#3496,.T.);
#3754=FACE_BOUND('',#3497,.T.);
#3755=FACE_BOUND('',#3498,.T.);
#3756=FACE_BOUND('',#3499,.T.);
#3757=FACE_BOUND('',#3500,.T.);
#3758=FACE_BOUND('',#3501,.T.);
#3759=FACE_BOUND('',#3502,.T.);
#3760=FACE_BOUND('',#3503,.T.);
#3761=FACE_BOUND('',#3504,.T.);
#3762=FACE_BOUND('',#3505,.T.);
#3763=FACE_BOUND('',#3506,.T.);
#3764=FACE_BOUND('',#3507,.T.);
#3765=FACE_BOUND('',#3508,.T.);
#3766=FACE_BOUND('',#3509,.T.);
#3767=FACE_BOUND('',#3510,.T.);
#3768=FACE_BOUND('',#3511,.T.);
#3769=FACE_BOUND('',#3512,.T.);
#3770=FACE_BOUND('',#3513,.T.);
#3771=FACE_BOUND('',#3514,.T.);
#3772=FACE_BOUND('',#3515,.T.);
#3773=FACE_BOUND('',#3516,.T.);
#3774=FACE_BOUND('',#3517,.T.);
#3775=FACE_BOUND('',#3518,.T.);
#3776=FACE_BOUND('',#3519,.T.);
#3777=FACE_BOUND('',#3520,.T.);
#3778=FACE_BOUND('',#3521,.T.);
#3779=FACE_BOUND('',#3522,.T.);
#3780=FACE_BOUND('',#3523,.T.);
#3781=FACE_BOUND('',#3524,.T.);
#3782=FACE_BOUND('',#3525,.T.);
#3783=FACE_BOUND('',#3526,.T.);
#3784=FACE_BOUND('',#3527,.T.);
#3785=FACE_BOUND('',#3528,.T.);
#3786=FACE_BOUND('',#3529,.T.);
#3787=FACE_BOUND('',#3530,.T.);
#3788=FACE_BOUND('',#3531,.T.);
#3789=FACE_BOUND('',#3532,.T.);
#3790=FACE_BOUND('',#3533,.T.);
#3791=FACE_BOUND('',#3534,.T.);
#3792=FACE_BOUND('',#3535,.T.);
#3793=FACE_BOUND('',#3536,.T.);
#3794=FACE_BOUND('',#3537,.T.);
#3795=FACE_BOUND('',#3538,.T.);
#3796=FACE_BOUND('',#3539,.T.);
#3797=FACE_BOUND('',#3540,.T.);
#3798=FACE_BOUND('',#3541,.T.);
#3799=FACE_BOUND('',#3542,.T.);
#3800=FACE_BOUND('',#3543,.T.);
#3801=FACE_BOUND('',#3544,.T.);
#3802=FACE_BOUND('',#3545,.T.);
#3803=FACE_BOUND('',#3546,.T.);
#3804=FACE_BOUND('',#3547,.T.);
#3805=FACE_BOUND('',#3548,.T.);
#3806=FACE_BOUND('',#3549,.T.);
#3807=FACE_BOUND('',#3550,.T.);
#3808=FACE_BOUND('',#3551,.T.);
#3809=FACE_BOUND('',#3552,.T.);
#3810=FACE_BOUND('',#3553,.T.);
#3811=FACE_BOUND('',#3554,.T.);
#3812=FACE_BOUND('',#3555,.T.);
#3813=FACE_BOUND('',#3556,.T.);
#3814=FACE_BOUND('',#3557,.T.);
#3815=FACE_BOUND('',#3558,.T.);
#3816=FACE_BOUND('',#3559,.T.);
#3817=FACE_BOUND('',#3560,.T.);
#3818=FACE_BOUND('',#3561,.T.);
#3819=FACE_BOUND('',#3562,.T.);
#3820=FACE_BOUND('',#3563,.T.);
#3821=FACE_BOUND('',#3564,.T.);
#3822=FACE_BOUND('',#3565,.T.);
#3823=FACE_BOUND('',#3566,.T.);
#3824=FACE_BOUND('',#3567,.T.);
#3825=FACE_BOUND('',#3568,.T.);
#3826=FACE_BOUND('',#3569,.T.);
#3827=FACE_BOUND('',#3570,.T.);
#3828=FACE_BOUND('',#3571,.T.);
#3829=FACE_BOUND('',#3572,.T.);
#3830=FACE_BOUND('',#3573,.T.);
#3831=FACE_BOUND('',#3574,.T.);
#3832=FACE_BOUND('',#3575,.T.);
#3833=FACE_BOUND('',#3576,.T.);
#3834=FACE_BOUND('',#3577,.T.);
#3835=FACE_BOUND('',#3578,.T.);
#3836=FACE_BOUND('',#3579,.T.);
#3837=FACE_BOUND('',#3580,.T.);
#3838=FACE_BOUND('',#3581,.T.);
#3839=FACE_BOUND('',#3582,.T.);
#3840=FACE_BOUND('',#3583,.T.);
#3841=FACE_BOUND('',#3584,.T.);
#3842=FACE_BOUND('',#3585,.T.);
#3843=FACE_BOUND('',#3586,.T.);
#3844=FACE_BOUND('',#3587,.T.);
#3845=FACE_BOUND('',#3588,.T.);
#3846=FACE_BOUND('',#3589,.T.);
#3847=FACE_BOUND('',#3590,.T.);
#3848=FACE_BOUND('',#3591,.T.);
#3849=FACE_BOUND('',#3592,.T.);
#3850=FACE_BOUND('',#3593,.T.);
#3851=FACE_BOUND('',#3594,.T.);
#3852=FACE_BOUND('',#3595,.T.);
#3853=FACE_BOUND('',#3596,.T.);
#3854=FACE_BOUND('',#3597,.T.);
#3855=FACE_BOUND('',#3598,.T.);
#3856=FACE_BOUND('',#3599,.T.);
#3857=FACE_BOUND('',#3600,.T.);
#3858=FACE_BOUND('',#3601,.T.);
#3859=FACE_BOUND('',#3602,.T.);
#3860=FACE_BOUND('',#3603,.T.);
#3861=FACE_BOUND('',#3604,.T.);
#3862=FACE_BOUND('',#3605,.T.);
#3863=FACE_BOUND('',#3606,.T.);
#3864=FACE_BOUND('',#3607,.T.);
#3865=FACE_BOUND('',#3608,.T.);
#3866=FACE_BOUND('',#3609,.T.);
#3867=FACE_BOUND('',#3610,.T.);
#3868=FACE_BOUND('',#3611,.T.);
#3869=FACE_BOUND('',#3612,.T.);
#3870=FACE_BOUND('',#3613,.T.);
#3871=FACE_BOUND('',#3614,.T.);
#3872=FACE_BOUND('',#3615,.T.);
#3873=FACE_BOUND('',#3616,.T.);
#3874=FACE_BOUND('',#3617,.T.);
#3875=FACE_BOUND('',#3618,.T.);
#3876=FACE_BOUND('',#3619,.T.);
#3877=FACE_BOUND('',#3620,.T.);
#3878=FACE_BOUND('',#3621,.T.);
#3879=FACE_BOUND('',#3622,.T.);
#3880=FACE_BOUND('',#3623,.T.);
#3881=FACE_BOUND('',#3624,.T.);
#3882=FACE_BOUND('',#3625,.T.);
#3883=FACE_BOUND('',#3626,.T.);
#3884=FACE_BOUND('',#3627,.T.);
#3885=FACE_BOUND('',#3628,.T.);
#3886=FACE_BOUND('',#3629,.T.);
#3887=FACE_BOUND('',#3630,.T.);
#3888=FACE_BOUND('',#3631,.T.);
#3889=FACE_BOUND('',#3632,.T.);
#3890=FACE_BOUND('',#3633,.T.);
#3891=FACE_BOUND('',#3634,.T.);
#3892=FACE_BOUND('',#3635,.T.);
#3893=FACE_BOUND('',#3636,.T.);
#3894=FACE_BOUND('',#3637,.T.);
#3895=FACE_BOUND('',#3638,.T.);
#3896=FACE_BOUND('',#3639,.T.);
#3897=FACE_BOUND('',#3640,.T.);
#3898=FACE_BOUND('',#3641,.T.);
#3899=FACE_BOUND('',#3642,.T.);
#3900=FACE_BOUND('',#3643,.T.);
#3901=FACE_BOUND('',#3644,.T.);
#3902=FACE_BOUND('',#3645,.T.);
#3903=FACE_BOUND('',#3646,.T.);
#3904=FACE_BOUND('',#3647,.T.);
#3905=FACE_BOUND('',#3648,.T.);
#3906=FACE_BOUND('',#3649,.T.);
#3907=FACE_BOUND('',#3650,.T.);
#3908=FACE_BOUND('',#3651,.T.);
#3909=FACE_BOUND('',#3652,.T.);
#3910=FACE_BOUND('',#3653,.T.);
#3911=FACE_BOUND('',#3654,.T.);
#3912=FACE_BOUND('',#3655,.T.);
#3913=FACE_BOUND('',#3656,.T.);
#3914=FACE_BOUND('',#3657,.T.);
#3915=FACE_BOUND('',#3658,.T.);
#3916=FACE_BOUND('',#3659,.T.);
#3917=FACE_BOUND('',#3660,.T.);
#3918=FACE_BOUND('',#3661,.T.);
#3919=FACE_BOUND('',#3662,.T.);
#3920=FACE_BOUND('',#3663,.T.);
#3921=FACE_BOUND('',#3664,.T.);
#3922=FACE_BOUND('',#3665,.T.);
#3923=FACE_BOUND('',#3666,.T.);
#3924=FACE_BOUND('',#3667,.T.);
#3925=FACE_BOUND('',#3668,.T.);
#3926=FACE_BOUND('',#3669,.T.);
#3927=FACE_BOUND('',#3670,.T.);
#3928=FACE_BOUND('',#3671,.T.);
#3929=FACE_BOUND('',#3672,.T.);
#3930=FACE_BOUND('',#3673,.T.);
#3931=FACE_BOUND('',#3674,.T.);
#3932=FACE_BOUND('',#3675,.T.);
#3933=FACE_BOUND('',#3676,.T.);
#3934=FACE_BOUND('',#3677,.T.);
#3935=FACE_BOUND('',#3678,.T.);
#3936=FACE_BOUND('',#3679,.T.);
#3937=FACE_BOUND('',#3680,.T.);
#3938=FACE_BOUND('',#3681,.T.);
#3939=FACE_BOUND('',#3682,.T.);
#3940=FACE_BOUND('',#3683,.T.);
#3941=FACE_BOUND('',#3684,.T.);
#3942=FACE_BOUND('',#3685,.T.);
#3943=FACE_BOUND('',#3686,.T.);
#3944=FACE_BOUND('',#3687,.T.);
#3945=FACE_BOUND('',#3688,.T.);
#3946=FACE_BOUND('',#3689,.T.);
#3947=FACE_BOUND('',#3690,.T.);
#3948=FACE_BOUND('',#3691,.T.);
#3949=FACE_BOUND('',#3692,.T.);
#3950=FACE_BOUND('',#3693,.T.);
#3951=FACE_BOUND('',#3694,.T.);
#3952=FACE_BOUND('',#3695,.T.);
#3953=FACE_BOUND('',#3696,.T.);
#3954=FACE_BOUND('',#3697,.T.);
#3955=FACE_BOUND('',#3698,.T.);
#3956=FACE_BOUND('',#3699,.T.);
#3957=FACE_BOUND('',#3700,.T.);
#3958=FACE_BOUND('',#3701,.T.);
#3959=FACE_BOUND('',#3702,.T.);
#3960=FACE_BOUND('',#3703,.T.);
#3961=FACE_BOUND('',#3704,.T.);
#3962=FACE_BOUND('',#3705,.T.);
#3963=FACE_BOUND('',#3706,.T.);
#3964=FACE_BOUND('',#3707,.T.);
#3965=FACE_BOUND('',#3708,.T.);
#3966=FACE_BOUND('',#3709,.T.);
#3967=FACE_BOUND('',#3710,.T.);
#3968=FACE_BOUND('',#3711,.T.);
#3969=FACE_BOUND('',#3712,.T.);
#3970=FACE_BOUND('',#3713,.T.);
#3971=FACE_BOUND('',#3714,.T.);
#3972=FACE_BOUND('',#3715,.T.);
#3973=FACE_BOUND('',#3716,.T.);
#3974=FACE_BOUND('',#3717,.T.);
#3975=FACE_BOUND('',#3718,.T.);
#3976=FACE_BOUND('',#3719,.T.);
#3977=FACE_BOUND('',#3720,.T.);
#3978=FACE_BOUND('',#3721,.T.);
#3979=FACE_BOUND('',#3722,.T.);
#3980=FACE_BOUND('',#3723,.T.);
#3981=FACE_BOUND('',#3724,.T.);
#3982=FACE_BOUND('',#3725,.T.);
#3983=FACE_BOUND('',#3726,.T.);
#3984=FACE_BOUND('',#3727,.T.);
#3985=FACE_BOUND('',#3728,.T.);
#3986=FACE_BOUND('',#3729,.T.);
#3987=CYLINDRICAL_SURFACE('',#4324,0.007);
#3988=CYLINDRICAL_SURFACE('',#4327,0.007);
#3989=CYLINDRICAL_SURFACE('',#4330,0.00999999999999974);
#3990=CYLINDRICAL_SURFACE('',#4333,0.00999999999999974);
#3991=CYLINDRICAL_SURFACE('',#4336,0.00999999999999974);
#3992=CYLINDRICAL_SURFACE('',#4458,0.0100000000000003);
#3993=CYLINDRICAL_SURFACE('',#4460,0.0019);
#3994=CYLINDRICAL_SURFACE('',#4464,0.0019);
#3995=CYLINDRICAL_SURFACE('',#4468,0.0019);
#3996=CYLINDRICAL_SURFACE('',#4472,0.00300000000000024);
#3997=CYLINDRICAL_SURFACE('',#4482,0.0100000000000002);
#3998=CYLINDRICAL_SURFACE('',#4485,0.0100000000000004);
#3999=CYLINDRICAL_SURFACE('',#4489,0.003);
#4000=CYLINDRICAL_SURFACE('',#4494,0.0100000000000003);
#4001=CYLINDRICAL_SURFACE('',#4497,0.003);
#4002=CYLINDRICAL_SURFACE('',#4502,0.0019);
#4003=CYLINDRICAL_SURFACE('',#4509,0.0100000000000003);
#4004=CYLINDRICAL_SURFACE('',#4512,0.0100000000000004);
#4005=CYLINDRICAL_SURFACE('',#4519,0.00299999999999993);
#4006=CYLINDRICAL_SURFACE('',#4526,0.00300000000000004);
#4007=CYLINDRICAL_SURFACE('',#4532,0.00300000000000016);
#4008=CYLINDRICAL_SURFACE('',#4538,0.0019);
#4009=CYLINDRICAL_SURFACE('',#4542,0.0019);
#4010=CYLINDRICAL_SURFACE('',#4548,0.0100000000000007);
#4011=CYLINDRICAL_SURFACE('',#4552,0.003);
#4012=CYLINDRICAL_SURFACE('',#4557,0.00300000000000014);
#4013=CYLINDRICAL_SURFACE('',#4564,0.003);
#4014=CYLINDRICAL_SURFACE('',#4570,0.00999999999999942);
#4015=CYLINDRICAL_SURFACE('',#4575,0.00999999999999974);
#4016=CYLINDRICAL_SURFACE('',#4577,0.0019);
#4017=CYLINDRICAL_SURFACE('',#4583,0.0019);
#4018=CYLINDRICAL_SURFACE('',#4586,0.0019);
#4019=CYLINDRICAL_SURFACE('',#4589,0.0019);
#4020=CYLINDRICAL_SURFACE('',#4595,0.003);
#4021=CYLINDRICAL_SURFACE('',#4701,0.001);
#4022=CYLINDRICAL_SURFACE('',#4702,0.001);
#4023=CYLINDRICAL_SURFACE('',#4703,0.001);
#4024=CYLINDRICAL_SURFACE('',#4704,0.001);
#4025=CYLINDRICAL_SURFACE('',#4705,0.001);
#4026=CYLINDRICAL_SURFACE('',#4706,0.001);
#4027=CYLINDRICAL_SURFACE('',#4707,0.001);
#4028=CYLINDRICAL_SURFACE('',#4708,0.001);
#4029=CYLINDRICAL_SURFACE('',#4709,0.001);
#4030=CYLINDRICAL_SURFACE('',#4710,0.001);
#4031=CYLINDRICAL_SURFACE('',#4711,0.001);
#4032=CYLINDRICAL_SURFACE('',#4712,0.001);
#4033=CYLINDRICAL_SURFACE('',#4713,0.001);
#4034=CYLINDRICAL_SURFACE('',#4714,0.001);
#4035=CYLINDRICAL_SURFACE('',#4715,0.001);
#4036=CYLINDRICAL_SURFACE('',#4716,0.001);
#4037=CYLINDRICAL_SURFACE('',#4717,0.001);
#4038=CYLINDRICAL_SURFACE('',#4718,0.001);
#4039=CYLINDRICAL_SURFACE('',#4719,0.001);
#4040=CYLINDRICAL_SURFACE('',#4720,0.001);
#4041=CYLINDRICAL_SURFACE('',#4721,0.001);
#4042=CYLINDRICAL_SURFACE('',#4722,0.001);
#4043=CYLINDRICAL_SURFACE('',#4723,0.001);
#4044=CYLINDRICAL_SURFACE('',#4724,0.001);
#4045=CYLINDRICAL_SURFACE('',#4725,0.001);
#4046=CYLINDRICAL_SURFACE('',#4726,0.001);
#4047=CYLINDRICAL_SURFACE('',#4727,0.001);
#4048=CYLINDRICAL_SURFACE('',#4728,0.001);
#4049=CYLINDRICAL_SURFACE('',#4729,0.001);
#4050=CYLINDRICAL_SURFACE('',#4730,0.001);
#4051=CYLINDRICAL_SURFACE('',#4731,0.001);
#4052=CYLINDRICAL_SURFACE('',#4732,0.001);
#4053=CYLINDRICAL_SURFACE('',#4733,0.001);
#4054=CYLINDRICAL_SURFACE('',#4734,0.001);
#4055=CYLINDRICAL_SURFACE('',#4735,0.001);
#4056=CYLINDRICAL_SURFACE('',#4736,0.001);
#4057=CYLINDRICAL_SURFACE('',#4737,0.001);
#4058=CYLINDRICAL_SURFACE('',#4738,0.001);
#4059=CYLINDRICAL_SURFACE('',#4739,0.001);
#4060=CYLINDRICAL_SURFACE('',#4740,0.001);
#4061=CYLINDRICAL_SURFACE('',#4741,0.001);
#4062=CYLINDRICAL_SURFACE('',#4742,0.001);
#4063=CYLINDRICAL_SURFACE('',#4743,0.001);
#4064=CYLINDRICAL_SURFACE('',#4744,0.001);
#4065=CYLINDRICAL_SURFACE('',#4745,0.001);
#4066=CYLINDRICAL_SURFACE('',#4746,0.001);
#4067=CYLINDRICAL_SURFACE('',#4747,0.001);
#4068=CYLINDRICAL_SURFACE('',#4748,0.001);
#4069=CYLINDRICAL_SURFACE('',#4749,0.001);
#4070=CYLINDRICAL_SURFACE('',#4750,0.001);
#4071=CYLINDRICAL_SURFACE('',#4751,0.001);
#4072=CYLINDRICAL_SURFACE('',#4752,0.001);
#4073=CYLINDRICAL_SURFACE('',#4753,0.001);
#4074=CYLINDRICAL_SURFACE('',#4754,0.001);
#4075=CYLINDRICAL_SURFACE('',#4755,0.001);
#4076=CYLINDRICAL_SURFACE('',#4756,0.001);
#4077=CYLINDRICAL_SURFACE('',#4757,0.001);
#4078=CYLINDRICAL_SURFACE('',#4758,0.001);
#4079=CYLINDRICAL_SURFACE('',#4759,0.001);
#4080=CYLINDRICAL_SURFACE('',#4760,0.001);
#4081=CYLINDRICAL_SURFACE('',#4761,0.001);
#4082=CYLINDRICAL_SURFACE('',#4762,0.001);
#4083=CYLINDRICAL_SURFACE('',#4763,0.001);
#4084=CYLINDRICAL_SURFACE('',#4764,0.001);
#4085=CYLINDRICAL_SURFACE('',#4765,0.000786287627969955);
#4086=CYLINDRICAL_SURFACE('',#4766,0.000793942481391158);
#4087=CYLINDRICAL_SURFACE('',#4767,0.000919970150130845);
#4088=CYLINDRICAL_SURFACE('',#4768,0.00091997015013099);
#4089=CYLINDRICAL_SURFACE('',#4776,0.00299999999999995);
#4090=CYLINDRICAL_SURFACE('',#4779,0.00299999999999992);
#4091=CYLINDRICAL_SURFACE('',#4786,0.00189999999999997);
#4092=CYLINDRICAL_SURFACE('',#4788,0.00190000000000002);
#4093=CYLINDRICAL_SURFACE('',#4790,0.001);
#4094=CYLINDRICAL_SURFACE('',#4791,0.001);
#4095=CYLINDRICAL_SURFACE('',#4792,0.001);
#4096=CYLINDRICAL_SURFACE('',#4793,0.001);
#4097=CYLINDRICAL_SURFACE('',#4794,0.001);
#4098=CYLINDRICAL_SURFACE('',#4795,0.001);
#4099=CYLINDRICAL_SURFACE('',#4796,0.000500000000000014);
#4100=CYLINDRICAL_SURFACE('',#4797,0.0005);
#4101=CYLINDRICAL_SURFACE('',#4800,0.007);
#4102=CYLINDRICAL_SURFACE('',#4801,0.007);
#4103=ADVANCED_FACE('',(#3730),#3987,.F.);
#4104=ADVANCED_FACE('',(#3731),#3988,.F.);
#4105=ADVANCED_FACE('',(#3732),#3989,.T.);
#4106=ADVANCED_FACE('',(#3733),#3990,.T.);
#4107=ADVANCED_FACE('',(#3734),#3991,.T.);
#4108=ADVANCED_FACE('',(#3735,#3736,#3737,#3738,#3739),#12,.F.);
#4109=ADVANCED_FACE('',(#3740),#13,.F.);
#4110=ADVANCED_FACE('',(#3741),#14,.F.);
#4111=ADVANCED_FACE('',(#3742,#3743,#3744,#3745),#15,.F.);
#4112=ADVANCED_FACE('',(#3746),#16,.F.);
#4113=ADVANCED_FACE('',(#3747),#17,.F.);
#4114=ADVANCED_FACE('',(#3748),#3992,.T.);
#4115=ADVANCED_FACE('',(#3749),#3993,.F.);
#4116=ADVANCED_FACE('',(#3750),#18,.F.);
#4117=ADVANCED_FACE('',(#3751),#3994,.F.);
#4118=ADVANCED_FACE('',(#3752),#19,.T.);
#4119=ADVANCED_FACE('',(#3753),#3995,.F.);
#4120=ADVANCED_FACE('',(#3754),#20,.T.);
#4121=ADVANCED_FACE('',(#3755),#3996,.T.);
#4122=ADVANCED_FACE('',(#3756),#21,.F.);
#4123=ADVANCED_FACE('',(#3757),#22,.F.);
#4124=ADVANCED_FACE('',(#3758),#23,.F.);
#4125=ADVANCED_FACE('',(#3759),#24,.T.);
#4126=ADVANCED_FACE('',(#3760),#25,.T.);
#4127=ADVANCED_FACE('',(#3761),#26,.F.);
#4128=ADVANCED_FACE('',(#3762),#3997,.T.);
#4129=ADVANCED_FACE('',(#3763),#27,.T.);
#4130=ADVANCED_FACE('',(#3764),#3998,.T.);
#4131=ADVANCED_FACE('',(#3765),#28,.T.);
#4132=ADVANCED_FACE('',(#3766),#29,.F.);
#4133=ADVANCED_FACE('',(#3767,#3768),#3999,.T.);
#4134=ADVANCED_FACE('',(#3769),#30,.F.);
#4135=ADVANCED_FACE('',(#3770),#4000,.T.);
#4136=ADVANCED_FACE('',(#3771),#31,.T.);
#4137=ADVANCED_FACE('',(#3772),#4001,.T.);
#4138=ADVANCED_FACE('',(#3773),#32,.T.);
#4139=ADVANCED_FACE('',(#3774),#4002,.F.);
#4140=ADVANCED_FACE('',(#3775),#33,.T.);
#4141=ADVANCED_FACE('',(#3776),#34,.F.);
#4142=ADVANCED_FACE('',(#3777),#35,.F.);
#4143=ADVANCED_FACE('',(#3778),#36,.F.);
#4144=ADVANCED_FACE('',(#3779),#4003,.T.);
#4145=ADVANCED_FACE('',(#3780),#37,.T.);
#4146=ADVANCED_FACE('',(#3781),#4004,.T.);
#4147=ADVANCED_FACE('',(#3782),#38,.T.);
#4148=ADVANCED_FACE('',(#3783),#39,.F.);
#4149=ADVANCED_FACE('',(#3784),#40,.T.);
#4150=ADVANCED_FACE('',(#3785),#41,.F.);
#4151=ADVANCED_FACE('',(#3786),#42,.T.);
#4152=ADVANCED_FACE('',(#3787),#4005,.T.);
#4153=ADVANCED_FACE('',(#3788),#43,.F.);
#4154=ADVANCED_FACE('',(#3789),#44,.T.);
#4155=ADVANCED_FACE('',(#3790),#45,.F.);
#4156=ADVANCED_FACE('',(#3791),#4006,.T.);
#4157=ADVANCED_FACE('',(#3792),#46,.F.);
#4158=ADVANCED_FACE('',(#3793),#47,.T.);
#4159=ADVANCED_FACE('',(#3794),#4007,.T.);
#4160=ADVANCED_FACE('',(#3795),#48,.F.);
#4161=ADVANCED_FACE('',(#3796),#49,.T.);
#4162=ADVANCED_FACE('',(#3797),#4008,.F.);
#4163=ADVANCED_FACE('',(#3798),#50,.F.);
#4164=ADVANCED_FACE('',(#3799),#4009,.F.);
#4165=ADVANCED_FACE('',(#3800),#51,.T.);
#4166=ADVANCED_FACE('',(#3801),#52,.T.);
#4167=ADVANCED_FACE('',(#3802),#53,.F.);
#4168=ADVANCED_FACE('',(#3803),#4010,.T.);
#4169=ADVANCED_FACE('',(#3804),#54,.T.);
#4170=ADVANCED_FACE('',(#3805),#55,.T.);
#4171=ADVANCED_FACE('',(#3806),#4011,.T.);
#4172=ADVANCED_FACE('',(#3807),#56,.F.);
#4173=ADVANCED_FACE('',(#3808),#4012,.T.);
#4174=ADVANCED_FACE('',(#3809),#57,.F.);
#4175=ADVANCED_FACE('',(#3810),#58,.T.);
#4176=ADVANCED_FACE('',(#3811),#59,.T.);
#4177=ADVANCED_FACE('',(#3812),#4013,.T.);
#4178=ADVANCED_FACE('',(#3813),#60,.F.);
#4179=ADVANCED_FACE('',(#3814),#61,.F.);
#4180=ADVANCED_FACE('',(#3815),#4014,.T.);
#4181=ADVANCED_FACE('',(#3816),#62,.T.);
#4182=ADVANCED_FACE('',(#3817),#63,.F.);
#4183=ADVANCED_FACE('',(#3818),#64,.F.);
#4184=ADVANCED_FACE('',(#3819),#4015,.T.);
#4185=ADVANCED_FACE('',(#3820),#4016,.F.);
#4186=ADVANCED_FACE('',(#3821),#65,.T.);
#4187=ADVANCED_FACE('',(#3822),#66,.T.);
#4188=ADVANCED_FACE('',(#3823),#67,.F.);
#4189=ADVANCED_FACE('',(#3824,#3825),#4017,.F.);
#4190=ADVANCED_FACE('',(#3826,#3827),#4018,.F.);
#4191=ADVANCED_FACE('',(#3828),#4019,.F.);
#4192=ADVANCED_FACE('',(#3829),#68,.T.);
#4193=ADVANCED_FACE('',(#3830),#69,.T.);
#4194=ADVANCED_FACE('',(#3831),#70,.F.);
#4195=ADVANCED_FACE('',(#3832),#4020,.T.);
#4196=ADVANCED_FACE('',(#3833),#71,.T.);
#4197=ADVANCED_FACE('',(#3834),#72,.T.);
#4198=ADVANCED_FACE('',(#3835),#73,.F.);
#4199=ADVANCED_FACE('',(#3836),#74,.T.);
#4200=ADVANCED_FACE('',(#3837),#75,.F.);
#4201=ADVANCED_FACE('',(#3838,#3839,#3840,#3841,#3842,#3843,#3844,#3845,
#3846,#3847,#3848,#3849,#3850,#3851,#3852,#3853,#3854,#3855,#3856,#3857,
#3858,#3859,#3860,#3861,#3862,#3863,#3864,#3865,#3866),#76,.T.);
#4202=ADVANCED_FACE('',(#3867),#77,.T.);
#4203=ADVANCED_FACE('',(#3868),#78,.F.);
#4204=ADVANCED_FACE('',(#3869),#79,.T.);
#4205=ADVANCED_FACE('',(#3870),#80,.T.);
#4206=ADVANCED_FACE('',(#3871),#81,.F.);
#4207=ADVANCED_FACE('',(#3872),#82,.T.);
#4208=ADVANCED_FACE('',(#3873),#83,.F.);
#4209=ADVANCED_FACE('',(#3874),#84,.F.);
#4210=ADVANCED_FACE('',(#3875),#85,.F.);
#4211=ADVANCED_FACE('',(#3876),#86,.F.);
#4212=ADVANCED_FACE('',(#3877),#87,.F.);
#4213=ADVANCED_FACE('',(#3878),#88,.T.);
#4214=ADVANCED_FACE('',(#3879),#4021,.F.);
#4215=ADVANCED_FACE('',(#3880),#4022,.F.);
#4216=ADVANCED_FACE('',(#3881),#4023,.F.);
#4217=ADVANCED_FACE('',(#3882),#4024,.F.);
#4218=ADVANCED_FACE('',(#3883),#4025,.F.);
#4219=ADVANCED_FACE('',(#3884),#4026,.F.);
#4220=ADVANCED_FACE('',(#3885),#4027,.F.);
#4221=ADVANCED_FACE('',(#3886),#4028,.F.);
#4222=ADVANCED_FACE('',(#3887),#4029,.F.);
#4223=ADVANCED_FACE('',(#3888),#4030,.F.);
#4224=ADVANCED_FACE('',(#3889),#4031,.F.);
#4225=ADVANCED_FACE('',(#3890),#4032,.F.);
#4226=ADVANCED_FACE('',(#3891),#4033,.F.);
#4227=ADVANCED_FACE('',(#3892),#4034,.F.);
#4228=ADVANCED_FACE('',(#3893),#4035,.F.);
#4229=ADVANCED_FACE('',(#3894),#4036,.F.);
#4230=ADVANCED_FACE('',(#3895),#4037,.F.);
#4231=ADVANCED_FACE('',(#3896),#4038,.F.);
#4232=ADVANCED_FACE('',(#3897),#4039,.F.);
#4233=ADVANCED_FACE('',(#3898),#4040,.F.);
#4234=ADVANCED_FACE('',(#3899),#4041,.F.);
#4235=ADVANCED_FACE('',(#3900),#4042,.F.);
#4236=ADVANCED_FACE('',(#3901),#4043,.F.);
#4237=ADVANCED_FACE('',(#3902),#4044,.F.);
#4238=ADVANCED_FACE('',(#3903),#4045,.F.);
#4239=ADVANCED_FACE('',(#3904),#4046,.F.);
#4240=ADVANCED_FACE('',(#3905),#4047,.F.);
#4241=ADVANCED_FACE('',(#3906),#4048,.F.);
#4242=ADVANCED_FACE('',(#3907),#4049,.F.);
#4243=ADVANCED_FACE('',(#3908),#4050,.F.);
#4244=ADVANCED_FACE('',(#3909),#4051,.F.);
#4245=ADVANCED_FACE('',(#3910),#4052,.F.);
#4246=ADVANCED_FACE('',(#3911),#4053,.F.);
#4247=ADVANCED_FACE('',(#3912),#4054,.F.);
#4248=ADVANCED_FACE('',(#3913),#4055,.F.);
#4249=ADVANCED_FACE('',(#3914),#4056,.F.);
#4250=ADVANCED_FACE('',(#3915),#4057,.F.);
#4251=ADVANCED_FACE('',(#3916),#4058,.F.);
#4252=ADVANCED_FACE('',(#3917),#4059,.F.);
#4253=ADVANCED_FACE('',(#3918),#4060,.F.);
#4254=ADVANCED_FACE('',(#3919),#4061,.F.);
#4255=ADVANCED_FACE('',(#3920),#4062,.F.);
#4256=ADVANCED_FACE('',(#3921),#4063,.F.);
#4257=ADVANCED_FACE('',(#3922),#4064,.F.);
#4258=ADVANCED_FACE('',(#3923),#4065,.F.);
#4259=ADVANCED_FACE('',(#3924),#4066,.F.);
#4260=ADVANCED_FACE('',(#3925),#4067,.F.);
#4261=ADVANCED_FACE('',(#3926),#4068,.F.);
#4262=ADVANCED_FACE('',(#3927),#4069,.F.);
#4263=ADVANCED_FACE('',(#3928),#4070,.F.);
#4264=ADVANCED_FACE('',(#3929),#4071,.F.);
#4265=ADVANCED_FACE('',(#3930),#4072,.F.);
#4266=ADVANCED_FACE('',(#3931),#4073,.F.);
#4267=ADVANCED_FACE('',(#3932),#4074,.F.);
#4268=ADVANCED_FACE('',(#3933),#4075,.F.);
#4269=ADVANCED_FACE('',(#3934),#4076,.F.);
#4270=ADVANCED_FACE('',(#3935),#4077,.F.);
#4271=ADVANCED_FACE('',(#3936),#4078,.F.);
#4272=ADVANCED_FACE('',(#3937),#4079,.F.);
#4273=ADVANCED_FACE('',(#3938),#4080,.F.);
#4274=ADVANCED_FACE('',(#3939),#4081,.F.);
#4275=ADVANCED_FACE('',(#3940),#4082,.F.);
#4276=ADVANCED_FACE('',(#3941),#4083,.F.);
#4277=ADVANCED_FACE('',(#3942),#4084,.F.);
#4278=ADVANCED_FACE('',(#3943),#4085,.F.);
#4279=ADVANCED_FACE('',(#3944),#4086,.F.);
#4280=ADVANCED_FACE('',(#3945),#4087,.F.);
#4281=ADVANCED_FACE('',(#3946),#4088,.F.);
#4282=ADVANCED_FACE('',(#3947,#3948),#89,.T.);
#4283=ADVANCED_FACE('',(#3949,#3950),#90,.T.);
#4284=ADVANCED_FACE('',(#3951,#3952),#91,.T.);
#4285=ADVANCED_FACE('',(#3953,#3954),#92,.T.);
#4286=ADVANCED_FACE('',(#3955,#3956),#93,.T.);
#4287=ADVANCED_FACE('',(#3957,#3958),#94,.T.);
#4288=ADVANCED_FACE('',(#3959),#95,.F.);
#4289=ADVANCED_FACE('',(#3960,#3961),#4089,.T.);
#4290=ADVANCED_FACE('',(#3962),#96,.F.);
#4291=ADVANCED_FACE('',(#3963),#4090,.T.);
#4292=ADVANCED_FACE('',(#3964),#97,.T.);
#4293=ADVANCED_FACE('',(#3965),#98,.F.);
#4294=ADVANCED_FACE('',(#3966),#99,.T.);
#4295=ADVANCED_FACE('',(#3967),#100,.F.);
#4296=ADVANCED_FACE('',(#3968),#101,.T.);
#4297=ADVANCED_FACE('',(#3969,#3970),#4091,.F.);
#4298=ADVANCED_FACE('',(#3971,#3972),#4092,.F.);
#4299=ADVANCED_FACE('',(#3973),#4093,.F.);
#4300=ADVANCED_FACE('',(#3974),#4094,.F.);
#4301=ADVANCED_FACE('',(#3975),#4095,.F.);
#4302=ADVANCED_FACE('',(#3976),#4096,.F.);
#4303=ADVANCED_FACE('',(#3977),#4097,.F.);
#4304=ADVANCED_FACE('',(#3978),#4098,.F.);
#4305=ADVANCED_FACE('',(#3979),#4099,.F.);
#4306=ADVANCED_FACE('',(#3980),#4100,.F.);
#4307=ADVANCED_FACE('',(#3981,#3982),#102,.T.);
#4308=ADVANCED_FACE('',(#3983,#3984),#103,.T.);
#4309=ADVANCED_FACE('',(#3985),#4101,.F.);
#4310=ADVANCED_FACE('',(#3986),#4102,.F.);
#4311=CLOSED_SHELL('',(#4103,#4104,#4105,#4106,#4107,#4108,#4109,#4110,
#4111,#4112,#4113,#4114,#4115,#4116,#4117,#4118,#4119,#4120,#4121,#4122,
#4123,#4124,#4125,#4126,#4127,#4128,#4129,#4130,#4131,#4132,#4133,#4134,
#4135,#4136,#4137,#4138,#4139,#4140,#4141,#4142,#4143,#4144,#4145,#4146,
#4147,#4148,#4149,#4150,#4151,#4152,#4153,#4154,#4155,#4156,#4157,#4158,
#4159,#4160,#4161,#4162,#4163,#4164,#4165,#4166,#4167,#4168,#4169,#4170,
#4171,#4172,#4173,#4174,#4175,#4176,#4177,#4178,#4179,#4180,#4181,#4182,
#4183,#4184,#4185,#4186,#4187,#4188,#4189,#4190,#4191,#4192,#4193,#4194,
#4195,#4196,#4197,#4198,#4199,#4200,#4201,#4202,#4203,#4204,#4205,#4206,
#4207,#4208,#4209,#4210,#4211,#4212,#4213,#4214,#4215,#4216,#4217,#4218,
#4219,#4220,#4221,#4222,#4223,#4224,#4225,#4226,#4227,#4228,#4229,#4230,
#4231,#4232,#4233,#4234,#4235,#4236,#4237,#4238,#4239,#4240,#4241,#4242,
#4243,#4244,#4245,#4246,#4247,#4248,#4249,#4250,#4251,#4252,#4253,#4254,
#4255,#4256,#4257,#4258,#4259,#4260,#4261,#4262,#4263,#4264,#4265,#4266,
#4267,#4268,#4269,#4270,#4271,#4272,#4273,#4274,#4275,#4276,#4277,#4278,
#4279,#4280,#4281,#4282,#4283,#4284,#4285,#4286,#4287,#4288,#4289,#4290,
#4291,#4292,#4293,#4294,#4295,#4296,#4297,#4298,#4299,#4300,#4301,#4302,
#4303,#4304,#4305,#4306,#4307,#4308,#4309,#4310));
#4312=STYLED_ITEM('',(#4313),#4320);
#4313=PRESENTATION_STYLE_ASSIGNMENT((#4314));
#4314=SURFACE_STYLE_USAGE(.BOTH.,#4315);
#4315=SURFACE_SIDE_STYLE('',(#4316));
#4316=SURFACE_STYLE_FILL_AREA(#4317);
#4317=FILL_AREA_STYLE('',(#4318));
#4318=FILL_AREA_STYLE_COLOUR('',#4319);
#4319=COLOUR_RGB('',0.6,0.580392156862745,0.529411764705882);
#4320=MANIFOLD_SOLID_BREP('btrshftr C1-C2 Shifter Plate Female',#4311);
#4321=SHAPE_DEFINITION_REPRESENTATION(#7418,#4322);
#4322=SHAPE_REPRESENTATION('btrshftr C1-C2 Shifter Plate Female',(#4323),
#7413);
#4323=AXIS2_PLACEMENT_3D('',#6132,#4802,#4803);
#4324=AXIS2_PLACEMENT_3D('',#6133,#4804,#4805);
#4325=AXIS2_PLACEMENT_3D('',#6134,#4806,#4807);
#4326=AXIS2_PLACEMENT_3D('',#6139,#4809,#4810);
#4327=AXIS2_PLACEMENT_3D('',#6142,#4812,#4813);
#4328=AXIS2_PLACEMENT_3D('',#6143,#4814,#4815);
#4329=AXIS2_PLACEMENT_3D('',#6148,#4817,#4818);
#4330=AXIS2_PLACEMENT_3D('',#6151,#4820,#4821);
#4331=AXIS2_PLACEMENT_3D('',#6155,#4823,#4824);
#4332=AXIS2_PLACEMENT_3D('',#6159,#4826,#4827);
#4333=AXIS2_PLACEMENT_3D('',#6160,#4828,#4829);
#4334=AXIS2_PLACEMENT_3D('',#6161,#4830,#4831);
#4335=AXIS2_PLACEMENT_3D('',#6166,#4833,#4834);
#4336=AXIS2_PLACEMENT_3D('',#6169,#4836,#4837);
#4337=AXIS2_PLACEMENT_3D('',#6170,#4838,#4839);
#4338=AXIS2_PLACEMENT_3D('',#6175,#4841,#4842);
#4339=AXIS2_PLACEMENT_3D('',#6178,#4844,#4845);
#4340=AXIS2_PLACEMENT_3D('',#6182,#4847,#4848);
#4341=AXIS2_PLACEMENT_3D('',#6186,#4850,#4851);
#4342=AXIS2_PLACEMENT_3D('',#6190,#4853,#4854);
#4343=AXIS2_PLACEMENT_3D('',#6192,#4855,#4856);
#4344=AXIS2_PLACEMENT_3D('',#6194,#4857,#4858);
#4345=AXIS2_PLACEMENT_3D('',#6195,#4859,#4860);
#4346=AXIS2_PLACEMENT_3D('',#6198,#4861,#4862);
#4347=AXIS2_PLACEMENT_3D('',#6202,#4864,#4865);
#4348=AXIS2_PLACEMENT_3D('',#6206,#4867,#4868);
#4349=AXIS2_PLACEMENT_3D('',#6210,#4870,#4871);
#4350=AXIS2_PLACEMENT_3D('',#6211,#4872,#4873);
#4351=AXIS2_PLACEMENT_3D('',#6215,#4875,#4876);
#4352=AXIS2_PLACEMENT_3D('',#6219,#4878,#4879);
#4353=AXIS2_PLACEMENT_3D('',#6223,#4881,#4882);
#4354=AXIS2_PLACEMENT_3D('',#6224,#4883,#4884);
#4355=AXIS2_PLACEMENT_3D('',#6227,#4885,#4886);
#4356=AXIS2_PLACEMENT_3D('',#6231,#4888,#4889);
#4357=AXIS2_PLACEMENT_3D('',#6235,#4891,#4892);
#4358=AXIS2_PLACEMENT_3D('',#6237,#4893,#4894);
#4359=AXIS2_PLACEMENT_3D('',#6239,#4895,#4896);
#4360=AXIS2_PLACEMENT_3D('',#6243,#4898,#4899);
#4361=AXIS2_PLACEMENT_3D('',#6247,#4901,#4902);
#4362=AXIS2_PLACEMENT_3D('',#6251,#4904,#4905);
#4363=AXIS2_PLACEMENT_3D('',#6253,#4906,#4907);
#4364=AXIS2_PLACEMENT_3D('',#6257,#4909,#4910);
#4365=AXIS2_PLACEMENT_3D('',#6261,#4912,#4913);
#4366=AXIS2_PLACEMENT_3D('',#6263,#4914,#4915);
#4367=AXIS2_PLACEMENT_3D('',#6267,#4917,#4918);
#4368=AXIS2_PLACEMENT_3D('',#6269,#4919,#4920);
#4369=AXIS2_PLACEMENT_3D('',#6271,#4921,#4922);
#4370=AXIS2_PLACEMENT_3D('',#6275,#4924,#4925);
#4371=AXIS2_PLACEMENT_3D('',#6277,#4926,#4927);
#4372=AXIS2_PLACEMENT_3D('',#6279,#4928,#4929);
#4373=AXIS2_PLACEMENT_3D('',#6283,#4931,#4932);
#4374=AXIS2_PLACEMENT_3D('',#6287,#4934,#4935);
#4375=AXIS2_PLACEMENT_3D('',#6289,#4936,#4937);
#4376=AXIS2_PLACEMENT_3D('',#6291,#4938,#4939);
#4377=AXIS2_PLACEMENT_3D('',#6295,#4941,#4942);
#4378=AXIS2_PLACEMENT_3D('',#6299,#4944,#4945);
#4379=AXIS2_PLACEMENT_3D('',#6301,#4946,#4947);
#4380=AXIS2_PLACEMENT_3D('',#6303,#4948,#4949);
#4381=AXIS2_PLACEMENT_3D('',#6307,#4951,#4952);
#4382=AXIS2_PLACEMENT_3D('',#6311,#4954,#4955);
#4383=AXIS2_PLACEMENT_3D('',#6313,#4956,#4957);
#4384=AXIS2_PLACEMENT_3D('',#6315,#4958,#4959);
#4385=AXIS2_PLACEMENT_3D('',#6319,#4961,#4962);
#4386=AXIS2_PLACEMENT_3D('',#6321,#4963,#4964);
#4387=AXIS2_PLACEMENT_3D('',#6323,#4965,#4966);
#4388=AXIS2_PLACEMENT_3D('',#6327,#4968,#4969);
#4389=AXIS2_PLACEMENT_3D('',#6329,#4970,#4971);
#4390=AXIS2_PLACEMENT_3D('',#6333,#4973,#4974);
#4391=AXIS2_PLACEMENT_3D('',#6337,#4976,#4977);
#4392=AXIS2_PLACEMENT_3D('',#6339,#4978,#4979);
#4393=AXIS2_PLACEMENT_3D('',#6343,#4981,#4982);
#4394=AXIS2_PLACEMENT_3D('',#6347,#4984,#4985);
#4395=AXIS2_PLACEMENT_3D('',#6351,#4987,#4988);
#4396=AXIS2_PLACEMENT_3D('',#6352,#4989,#4990);
#4397=AXIS2_PLACEMENT_3D('',#6353,#4991,#4992);
#4398=AXIS2_PLACEMENT_3D('',#6356,#4993,#4994);
#4399=AXIS2_PLACEMENT_3D('',#6360,#4996,#4997);
#4400=AXIS2_PLACEMENT_3D('',#6362,#4998,#4999);
#4401=AXIS2_PLACEMENT_3D('',#6365,#5001,#5002);
#4402=AXIS2_PLACEMENT_3D('',#6366,#5003,#5004);
#4403=AXIS2_PLACEMENT_3D('',#6368,#5005,#5006);
#4404=AXIS2_PLACEMENT_3D('',#6372,#5008,#5009);
#4405=AXIS2_PLACEMENT_3D('',#6374,#5010,#5011);
#4406=AXIS2_PLACEMENT_3D('',#6377,#5013,#5014);
#4407=AXIS2_PLACEMENT_3D('',#6381,#5016,#5017);
#4408=AXIS2_PLACEMENT_3D('',#6385,#5019,#5020);
#4409=AXIS2_PLACEMENT_3D('',#6389,#5022,#5023);
#4410=AXIS2_PLACEMENT_3D('',#6391,#5024,#5025);
#4411=AXIS2_PLACEMENT_3D('',#6393,#5026,#5027);
#4412=AXIS2_PLACEMENT_3D('',#6394,#5028,#5029);
#4413=AXIS2_PLACEMENT_3D('',#6397,#5030,#5031);
#4414=AXIS2_PLACEMENT_3D('',#6401,#5033,#5034);
#4415=AXIS2_PLACEMENT_3D('',#6405,#5036,#5037);
#4416=AXIS2_PLACEMENT_3D('',#6409,#5039,#5040);
#4417=AXIS2_PLACEMENT_3D('',#6410,#5041,#5042);
#4418=AXIS2_PLACEMENT_3D('',#6411,#5043,#5044);
#4419=AXIS2_PLACEMENT_3D('',#6414,#5045,#5046);
#4420=AXIS2_PLACEMENT_3D('',#6418,#5048,#5049);
#4421=AXIS2_PLACEMENT_3D('',#6420,#5050,#5051);
#4422=AXIS2_PLACEMENT_3D('',#6424,#5053,#5054);
#4423=AXIS2_PLACEMENT_3D('',#6425,#5055,#5056);
#4424=AXIS2_PLACEMENT_3D('',#6429,#5058,#5059);
#4425=AXIS2_PLACEMENT_3D('',#6431,#5060,#5061);
#4426=AXIS2_PLACEMENT_3D('',#6435,#5063,#5064);
#4427=AXIS2_PLACEMENT_3D('',#6439,#5066,#5067);
#4428=AXIS2_PLACEMENT_3D('',#6441,#5068,#5069);
#4429=AXIS2_PLACEMENT_3D('',#6445,#5071,#5072);
#4430=AXIS2_PLACEMENT_3D('',#6449,#5074,#5075);
#4431=AXIS2_PLACEMENT_3D('',#6453,#5077,#5078);
#4432=AXIS2_PLACEMENT_3D('',#6455,#5079,#5080);
#4433=AXIS2_PLACEMENT_3D('',#6457,#5081,#5082);
#4434=AXIS2_PLACEMENT_3D('',#6461,#5084,#5085);
#4435=AXIS2_PLACEMENT_3D('',#6465,#5087,#5088);
#4436=AXIS2_PLACEMENT_3D('',#6467,#5089,#5090);
#4437=AXIS2_PLACEMENT_3D('',#6469,#5091,#5092);
#4438=AXIS2_PLACEMENT_3D('',#6473,#5094,#5095);
#4439=AXIS2_PLACEMENT_3D('',#6477,#5097,#5098);
#4440=AXIS2_PLACEMENT_3D('',#6481,#5100,#5101);
#4441=AXIS2_PLACEMENT_3D('',#6483,#5102,#5103);
#4442=AXIS2_PLACEMENT_3D('',#6488,#5106,#5107);
#4443=AXIS2_PLACEMENT_3D('',#6490,#5108,#5109);
#4444=AXIS2_PLACEMENT_3D('',#6494,#5111,#5112);
#4445=AXIS2_PLACEMENT_3D('',#6495,#5113,#5114);
#4446=AXIS2_PLACEMENT_3D('',#6498,#5116,#5117);
#4447=AXIS2_PLACEMENT_3D('',#6499,#5118,#5119);
#4448=AXIS2_PLACEMENT_3D('',#6504,#5121,#5122);
#4449=AXIS2_PLACEMENT_3D('',#6508,#5124,#5125);
#4450=AXIS2_PLACEMENT_3D('',#6512,#5127,#5128);
#4451=AXIS2_PLACEMENT_3D('',#6514,#5129,#5130);
#4452=AXIS2_PLACEMENT_3D('',#6518,#5132,#5133);
#4453=AXIS2_PLACEMENT_3D('',#6519,#5134,#5135);
#4454=AXIS2_PLACEMENT_3D('',#6523,#5137,#5138);
#4455=AXIS2_PLACEMENT_3D('',#6525,#5139,#5140);
#4456=AXIS2_PLACEMENT_3D('',#6529,#5142,#5143);
#4457=AXIS2_PLACEMENT_3D('',#6531,#5144,#5145);
#4458=AXIS2_PLACEMENT_3D('',#6532,#5146,#5147);
#4459=AXIS2_PLACEMENT_3D('',#6533,#5148,#5149);
#4460=AXIS2_PLACEMENT_3D('',#6538,#5152,#5153);
#4461=AXIS2_PLACEMENT_3D('',#6542,#5155,#5156);
#4462=AXIS2_PLACEMENT_3D('',#6546,#5158,#5159);
#4463=AXIS2_PLACEMENT_3D('',#6547,#5160,#5161);
#4464=AXIS2_PLACEMENT_3D('',#6553,#5165,#5166);
#4465=AXIS2_PLACEMENT_3D('',#6554,#5167,#5168);
#4466=AXIS2_PLACEMENT_3D('',#6558,#5170,#5171);
#4467=AXIS2_PLACEMENT_3D('',#6559,#5172,#5173);
#4468=AXIS2_PLACEMENT_3D('',#6568,#5178,#5179);
#4469=AXIS2_PLACEMENT_3D('',#6569,#5180,#5181);
#4470=AXIS2_PLACEMENT_3D('',#6573,#5183,#5184);
#4471=AXIS2_PLACEMENT_3D('',#6574,#5185,#5186);
#4472=AXIS2_PLACEMENT_3D('',#6580,#5190,#5191);
#4473=AXIS2_PLACEMENT_3D('',#6581,#5192,#5193);
#4474=AXIS2_PLACEMENT_3D('',#6587,#5196,#5197);
#4475=AXIS2_PLACEMENT_3D('',#6591,#5199,#5200);
#4476=AXIS2_PLACEMENT_3D('',#6595,#5203,#5204);
#4477=AXIS2_PLACEMENT_3D('',#6601,#5208,#5209);
#4478=AXIS2_PLACEMENT_3D('',#6607,#5213,#5214);
#4479=AXIS2_PLACEMENT_3D('',#6613,#5218,#5219);
#4480=AXIS2_PLACEMENT_3D('',#6619,#5223,#5224);
#4481=AXIS2_PLACEMENT_3D('',#6625,#5228,#5229);
#4482=AXIS2_PLACEMENT_3D('',#6631,#5233,#5234);
#4483=AXIS2_PLACEMENT_3D('',#6632,#5235,#5236);
#4484=AXIS2_PLACEMENT_3D('',#6637,#5239,#5240);
#4485=AXIS2_PLACEMENT_3D('',#6643,#5244,#5245);
#4486=AXIS2_PLACEMENT_3D('',#6644,#5246,#5247);
#4487=AXIS2_PLACEMENT_3D('',#6649,#5250,#5251);
#4488=AXIS2_PLACEMENT_3D('',#6655,#5255,#5256);
#4489=AXIS2_PLACEMENT_3D('',#6661,#5260,#5261);
#4490=AXIS2_PLACEMENT_3D('',#6664,#5263,#5264);
#4491=AXIS2_PLACEMENT_3D('',#6669,#5267,#5268);
#4492=AXIS2_PLACEMENT_3D('',#6672,#5270,#5271);
#4493=AXIS2_PLACEMENT_3D('',#6674,#5272,#5273);
#4494=AXIS2_PLACEMENT_3D('',#6680,#5277,#5278);
#4495=AXIS2_PLACEMENT_3D('',#6681,#5279,#5280);
#4496=AXIS2_PLACEMENT_3D('',#6686,#5283,#5284);
#4497=AXIS2_PLACEMENT_3D('',#6692,#5288,#5289);
#4498=AXIS2_PLACEMENT_3D('',#6693,#5290,#5291);
#4499=AXIS2_PLACEMENT_3D('',#6699,#5294,#5295);
#4500=AXIS2_PLACEMENT_3D('',#6704,#5298,#5299);
#4501=AXIS2_PLACEMENT_3D('',#6708,#5302,#5303);
#4502=AXIS2_PLACEMENT_3D('',#6717,#5308,#5309);
#4503=AXIS2_PLACEMENT_3D('',#6718,#5310,#5311);
#4504=AXIS2_PLACEMENT_3D('',#6722,#5313,#5314);
#4505=AXIS2_PLACEMENT_3D('',#6723,#5315,#5316);
#4506=AXIS2_PLACEMENT_3D('',#6729,#5320,#5321);
#4507=AXIS2_PLACEMENT_3D('',#6735,#5325,#5326);
#4508=AXIS2_PLACEMENT_3D('',#6741,#5330,#5331);
#4509=AXIS2_PLACEMENT_3D('',#6747,#5335,#5336);
#4510=AXIS2_PLACEMENT_3D('',#6748,#5337,#5338);
#4511=AXIS2_PLACEMENT_3D('',#6753,#5341,#5342);
#4512=AXIS2_PLACEMENT_3D('',#6759,#5346,#5347);
#4513=AXIS2_PLACEMENT_3D('',#6760,#5348,#5349);
#4514=AXIS2_PLACEMENT_3D('',#6765,#5352,#5353);
#4515=AXIS2_PLACEMENT_3D('',#6771,#5357,#5358);
#4516=AXIS2_PLACEMENT_3D('',#6777,#5362,#5363);
#4517=AXIS2_PLACEMENT_3D('',#6787,#5369,#5370);
#4518=AXIS2_PLACEMENT_3D('',#6793,#5374,#5375);
#4519=AXIS2_PLACEMENT_3D('',#6803,#5381,#5382);
#4520=AXIS2_PLACEMENT_3D('',#6804,#5383,#5384);
#4521=AXIS2_PLACEMENT_3D('',#6809,#5387,#5388);
#4522=AXIS2_PLACEMENT_3D('',#6814,#5391,#5392);
#4523=AXIS2_PLACEMENT_3D('',#6815,#5393,#5394);
#4524=AXIS2_PLACEMENT_3D('',#6821,#5398,#5399);
#4525=AXIS2_PLACEMENT_3D('',#6827,#5403,#5404);
#4526=AXIS2_PLACEMENT_3D('',#6833,#5408,#5409);
#4527=AXIS2_PLACEMENT_3D('',#6834,#5410,#5411);
#4528=AXIS2_PLACEMENT_3D('',#6838,#5413,#5414);
#4529=AXIS2_PLACEMENT_3D('',#6843,#5417,#5418);
#4530=AXIS2_PLACEMENT_3D('',#6847,#5421,#5422);
#4531=AXIS2_PLACEMENT_3D('',#6853,#5426,#5427);
#4532=AXIS2_PLACEMENT_3D('',#6859,#5431,#5432);
#4533=AXIS2_PLACEMENT_3D('',#6860,#5433,#5434);
#4534=AXIS2_PLACEMENT_3D('',#6866,#5437,#5438);
#4535=AXIS2_PLACEMENT_3D('',#6871,#5441,#5442);
#4536=AXIS2_PLACEMENT_3D('',#6873,#5444,#5445);
#4537=AXIS2_PLACEMENT_3D('',#6879,#5449,#5450);
#4538=AXIS2_PLACEMENT_3D('',#6885,#5454,#5455);
#4539=AXIS2_PLACEMENT_3D('',#6889,#5457,#5458);
#4540=AXIS2_PLACEMENT_3D('',#6893,#5460,#5461);
#4541=AXIS2_PLACEMENT_3D('',#6894,#5462,#5463);
#4542=AXIS2_PLACEMENT_3D('',#6900,#5467,#5468);
#4543=AXIS2_PLACEMENT_3D('',#6901,#5469,#5470);
#4544=AXIS2_PLACEMENT_3D('',#6905,#5472,#5473);
#4545=AXIS2_PLACEMENT_3D('',#6906,#5474,#5475);
#4546=AXIS2_PLACEMENT_3D('',#6914,#5480,#5481);
#4547=AXIS2_PLACEMENT_3D('',#6921,#5486,#5487);
#4548=AXIS2_PLACEMENT_3D('',#6926,#5491,#5492);
#4549=AXIS2_PLACEMENT_3D('',#6929,#5494,#5495);
#4550=AXIS2_PLACEMENT_3D('',#6930,#5496,#5497);
#4551=AXIS2_PLACEMENT_3D('',#6934,#5500,#5501);
#4552=AXIS2_PLACEMENT_3D('',#6942,#5506,#5507);
#4553=AXIS2_PLACEMENT_3D('',#6943,#5508,#5509);
#4554=AXIS2_PLACEMENT_3D('',#6947,#5511,#5512);
#4555=AXIS2_PLACEMENT_3D('',#6952,#5515,#5516);
#4556=AXIS2_PLACEMENT_3D('',#6953,#5517,#5518);
#4557=AXIS2_PLACEMENT_3D('',#6959,#5522,#5523);
#4558=AXIS2_PLACEMENT_3D('',#6960,#5524,#5525);
#4559=AXIS2_PLACEMENT_3D('',#6963,#5527,#5528);
#4560=AXIS2_PLACEMENT_3D('',#6968,#5531,#5532);
#4561=AXIS2_PLACEMENT_3D('',#6969,#5533,#5534);
#4562=AXIS2_PLACEMENT_3D('',#6975,#5538,#5539);
#4563=AXIS2_PLACEMENT_3D('',#6981,#5543,#5544);
#4564=AXIS2_PLACEMENT_3D('',#6987,#5548,#5549);
#4565=AXIS2_PLACEMENT_3D('',#6988,#5550,#5551);
#4566=AXIS2_PLACEMENT_3D('',#6992,#5553,#5554);
#4567=AXIS2_PLACEMENT_3D('',#6997,#5557,#5558);
#4568=AXIS2_PLACEMENT_3D('',#6998,#5559,#5560);
#4569=AXIS2_PLACEMENT_3D('',#7003,#5564,#5565);
#4570=AXIS2_PLACEMENT_3D('',#7007,#5568,#5569);
#4571=AXIS2_PLACEMENT_3D('',#7010,#5571,#5572);
#4572=AXIS2_PLACEMENT_3D('',#7011,#5573,#5574);
#4573=AXIS2_PLACEMENT_3D('',#7015,#5577,#5578);
#4574=AXIS2_PLACEMENT_3D('',#7020,#5582,#5583);
#4575=AXIS2_PLACEMENT_3D('',#7024,#5586,#5587);
#4576=AXIS2_PLACEMENT_3D('',#7027,#5589,#5590);
#4577=AXIS2_PLACEMENT_3D('',#7028,#5591,#5592);
#4578=AXIS2_PLACEMENT_3D('',#7029,#5593,#5594);
#4579=AXIS2_PLACEMENT_3D('',#7030,#5595,#5596);
#4580=AXIS2_PLACEMENT_3D('',#7031,#5597,#5598);
#4581=AXIS2_PLACEMENT_3D('',#7037,#5602,#5603);
#4582=AXIS2_PLACEMENT_3D('',#7043,#5607,#5608);
#4583=AXIS2_PLACEMENT_3D('',#7049,#5612,#5613);
#4584=AXIS2_PLACEMENT_3D('',#7050,#5614,#5615);
#4585=AXIS2_PLACEMENT_3D('',#7052,#5616,#5617);
#4586=AXIS2_PLACEMENT_3D('',#7054,#5618,#5619);
#4587=AXIS2_PLACEMENT_3D('',#7055,#5620,#5621);
#4588=AXIS2_PLACEMENT_3D('',#7057,#5622,#5623);
#4589=AXIS2_PLACEMENT_3D('',#7059,#5624,#5625);
#4590=AXIS2_PLACEMENT_3D('',#7060,#5626,#5627);
#4591=AXIS2_PLACEMENT_3D('',#7061,#5628,#5629);
#4592=AXIS2_PLACEMENT_3D('',#7062,#5630,#5631);
#4593=AXIS2_PLACEMENT_3D('',#7068,#5635,#5636);
#4594=AXIS2_PLACEMENT_3D('',#7074,#5640,#5641);
#4595=AXIS2_PLACEMENT_3D('',#7080,#5645,#5646);
#4596=AXIS2_PLACEMENT_3D('',#7081,#5647,#5648);
#4597=AXIS2_PLACEMENT_3D('',#7082,#5649,#5650);
#4598=AXIS2_PLACEMENT_3D('',#7087,#5653,#5654);
#4599=AXIS2_PLACEMENT_3D('',#7090,#5656,#5657);
#4600=AXIS2_PLACEMENT_3D('',#7096,#5661,#5662);
#4601=AXIS2_PLACEMENT_3D('',#7102,#5666,#5667);
#4602=AXIS2_PLACEMENT_3D('',#7105,#5670,#5671);
#4603=AXIS2_PLACEMENT_3D('',#7107,#5673,#5674);
#4604=AXIS2_PLACEMENT_3D('',#7110,#5677,#5678);
#4605=AXIS2_PLACEMENT_3D('',#7111,#5679,#5680);
#4606=AXIS2_PLACEMENT_3D('',#7112,#5681,#5682);
#4607=AXIS2_PLACEMENT_3D('',#7118,#5686,#5687);
#4608=AXIS2_PLACEMENT_3D('',#7122,#5689,#5690);
#4609=AXIS2_PLACEMENT_3D('',#7123,#5691,#5692);
#4610=AXIS2_PLACEMENT_3D('',#7126,#5693,#5694);
#4611=AXIS2_PLACEMENT_3D('',#7130,#5696,#5697);
#4612=AXIS2_PLACEMENT_3D('',#7131,#5698,#5699);
#4613=AXIS2_PLACEMENT_3D('',#7135,#5701,#5702);
#4614=AXIS2_PLACEMENT_3D('',#7139,#5704,#5705);
#4615=AXIS2_PLACEMENT_3D('',#7140,#5706,#5707);
#4616=AXIS2_PLACEMENT_3D('',#7141,#5708,#5709);
#4617=AXIS2_PLACEMENT_3D('',#7142,#5710,#5711);
#4618=AXIS2_PLACEMENT_3D('',#7143,#5712,#5713);
#4619=AXIS2_PLACEMENT_3D('',#7147,#5715,#5716);
#4620=AXIS2_PLACEMENT_3D('',#7148,#5717,#5718);
#4621=AXIS2_PLACEMENT_3D('',#7149,#5719,#5720);
#4622=AXIS2_PLACEMENT_3D('',#7150,#5721,#5722);
#4623=AXIS2_PLACEMENT_3D('',#7154,#5724,#5725);
#4624=AXIS2_PLACEMENT_3D('',#7158,#5727,#5728);
#4625=AXIS2_PLACEMENT_3D('',#7159,#5729,#5730);
#4626=AXIS2_PLACEMENT_3D('',#7160,#5731,#5732);
#4627=AXIS2_PLACEMENT_3D('',#7161,#5733,#5734);
#4628=AXIS2_PLACEMENT_3D('',#7165,#5736,#5737);
#4629=AXIS2_PLACEMENT_3D('',#7166,#5738,#5739);
#4630=AXIS2_PLACEMENT_3D('',#7170,#5741,#5742);
#4631=AXIS2_PLACEMENT_3D('',#7174,#5744,#5745);
#4632=AXIS2_PLACEMENT_3D('',#7175,#5746,#5747);
#4633=AXIS2_PLACEMENT_3D('',#7176,#5748,#5749);
#4634=AXIS2_PLACEMENT_3D('',#7177,#5750,#5751);
#4635=AXIS2_PLACEMENT_3D('',#7181,#5753,#5754);
#4636=AXIS2_PLACEMENT_3D('',#7185,#5756,#5757);
#4637=AXIS2_PLACEMENT_3D('',#7186,#5758,#5759);
#4638=AXIS2_PLACEMENT_3D('',#7190,#5761,#5762);
#4639=AXIS2_PLACEMENT_3D('',#7192,#5763,#5764);
#4640=AXIS2_PLACEMENT_3D('',#7194,#5765,#5766);
#4641=AXIS2_PLACEMENT_3D('',#7195,#5767,#5768);
#4642=AXIS2_PLACEMENT_3D('',#7196,#5769,#5770);
#4643=AXIS2_PLACEMENT_3D('',#7197,#5771,#5772);
#4644=AXIS2_PLACEMENT_3D('',#7198,#5773,#5774);
#4645=AXIS2_PLACEMENT_3D('',#7199,#5775,#5776);
#4646=AXIS2_PLACEMENT_3D('',#7200,#5777,#5778);
#4647=AXIS2_PLACEMENT_3D('',#7201,#5779,#5780);
#4648=AXIS2_PLACEMENT_3D('',#7202,#5781,#5782);
#4649=AXIS2_PLACEMENT_3D('',#7203,#5783,#5784);
#4650=AXIS2_PLACEMENT_3D('',#7204,#5785,#5786);
#4651=AXIS2_PLACEMENT_3D('',#7205,#5787,#5788);
#4652=AXIS2_PLACEMENT_3D('',#7206,#5789,#5790);
#4653=AXIS2_PLACEMENT_3D('',#7210,#5792,#5793);
#4654=AXIS2_PLACEMENT_3D('',#7214,#5795,#5796);
#4655=AXIS2_PLACEMENT_3D('',#7215,#5797,#5798);
#4656=AXIS2_PLACEMENT_3D('',#7216,#5799,#5800);
#4657=AXIS2_PLACEMENT_3D('',#7217,#5801,#5802);
#4658=AXIS2_PLACEMENT_3D('',#7218,#5803,#5804);
#4659=AXIS2_PLACEMENT_3D('',#7219,#5805,#5806);
#4660=AXIS2_PLACEMENT_3D('',#7220,#5807,#5808);
#4661=AXIS2_PLACEMENT_3D('',#7221,#5809,#5810);
#4662=AXIS2_PLACEMENT_3D('',#7222,#5811,#5812);
#4663=AXIS2_PLACEMENT_3D('',#7223,#5813,#5814);
#4664=AXIS2_PLACEMENT_3D('',#7224,#5815,#5816);
#4665=AXIS2_PLACEMENT_3D('',#7225,#5817,#5818);
#4666=AXIS2_PLACEMENT_3D('',#7226,#5819,#5820);
#4667=AXIS2_PLACEMENT_3D('',#7230,#5822,#5823);
#4668=AXIS2_PLACEMENT_3D('',#7231,#5824,#5825);
#4669=AXIS2_PLACEMENT_3D('',#7232,#5826,#5827);
#4670=AXIS2_PLACEMENT_3D('',#7233,#5828,#5829);
#4671=AXIS2_PLACEMENT_3D('',#7234,#5830,#5831);
#4672=AXIS2_PLACEMENT_3D('',#7235,#5832,#5833);
#4673=AXIS2_PLACEMENT_3D('',#7236,#5834,#5835);
#4674=AXIS2_PLACEMENT_3D('',#7237,#5836,#5837);
#4675=AXIS2_PLACEMENT_3D('',#7238,#5838,#5839);
#4676=AXIS2_PLACEMENT_3D('',#7239,#5840,#5841);
#4677=AXIS2_PLACEMENT_3D('',#7240,#5842,#5843);
#4678=AXIS2_PLACEMENT_3D('',#7241,#5844,#5845);
#4679=AXIS2_PLACEMENT_3D('',#7242,#5846,#5847);
#4680=AXIS2_PLACEMENT_3D('',#7243,#5848,#5849);
#4681=AXIS2_PLACEMENT_3D('',#7244,#5850,#5851);
#4682=AXIS2_PLACEMENT_3D('',#7245,#5852,#5853);
#4683=AXIS2_PLACEMENT_3D('',#7246,#5854,#5855);
#4684=AXIS2_PLACEMENT_3D('',#7247,#5856,#5857);
#4685=AXIS2_PLACEMENT_3D('',#7248,#5858,#5859);
#4686=AXIS2_PLACEMENT_3D('',#7249,#5860,#5861);
#4687=AXIS2_PLACEMENT_3D('',#7250,#5862,#5863);
#4688=AXIS2_PLACEMENT_3D('',#7252,#5864,#5865);
#4689=AXIS2_PLACEMENT_3D('',#7254,#5866,#5867);
#4690=AXIS2_PLACEMENT_3D('',#7257,#5870,#5871);
#4691=AXIS2_PLACEMENT_3D('',#7260,#5874,#5875);
#4692=AXIS2_PLACEMENT_3D('',#7263,#5878,#5879);
#4693=AXIS2_PLACEMENT_3D('',#7266,#5882,#5883);
#4694=AXIS2_PLACEMENT_3D('',#7269,#5886,#5887);
#4695=AXIS2_PLACEMENT_3D('',#7272,#5890,#5891);
#4696=AXIS2_PLACEMENT_3D('',#7275,#5894,#5895);
#4697=AXIS2_PLACEMENT_3D('',#7278,#5898,#5899);
#4698=AXIS2_PLACEMENT_3D('',#7281,#5902,#5903);
#4699=AXIS2_PLACEMENT_3D('',#7284,#5906,#5907);
#4700=AXIS2_PLACEMENT_3D('',#7287,#5910,#5911);
#4701=AXIS2_PLACEMENT_3D('',#7288,#5912,#5913);
#4702=AXIS2_PLACEMENT_3D('',#7289,#5914,#5915);
#4703=AXIS2_PLACEMENT_3D('',#7290,#5916,#5917);
#4704=AXIS2_PLACEMENT_3D('',#7291,#5918,#5919);
#4705=AXIS2_PLACEMENT_3D('',#7292,#5920,#5921);
#4706=AXIS2_PLACEMENT_3D('',#7293,#5922,#5923);
#4707=AXIS2_PLACEMENT_3D('',#7294,#5924,#5925);
#4708=AXIS2_PLACEMENT_3D('',#7295,#5926,#5927);
#4709=AXIS2_PLACEMENT_3D('',#7296,#5928,#5929);
#4710=AXIS2_PLACEMENT_3D('',#7297,#5930,#5931);
#4711=AXIS2_PLACEMENT_3D('',#7298,#5932,#5933);
#4712=AXIS2_PLACEMENT_3D('',#7299,#5934,#5935);
#4713=AXIS2_PLACEMENT_3D('',#7300,#5936,#5937);
#4714=AXIS2_PLACEMENT_3D('',#7301,#5938,#5939);
#4715=AXIS2_PLACEMENT_3D('',#7302,#5940,#5941);
#4716=AXIS2_PLACEMENT_3D('',#7303,#5942,#5943);
#4717=AXIS2_PLACEMENT_3D('',#7304,#5944,#5945);
#4718=AXIS2_PLACEMENT_3D('',#7305,#5946,#5947);
#4719=AXIS2_PLACEMENT_3D('',#7306,#5948,#5949);
#4720=AXIS2_PLACEMENT_3D('',#7307,#5950,#5951);
#4721=AXIS2_PLACEMENT_3D('',#7308,#5952,#5953);
#4722=AXIS2_PLACEMENT_3D('',#7309,#5954,#5955);
#4723=AXIS2_PLACEMENT_3D('',#7310,#5956,#5957);
#4724=AXIS2_PLACEMENT_3D('',#7311,#5958,#5959);
#4725=AXIS2_PLACEMENT_3D('',#7312,#5960,#5961);
#4726=AXIS2_PLACEMENT_3D('',#7313,#5962,#5963);
#4727=AXIS2_PLACEMENT_3D('',#7314,#5964,#5965);
#4728=AXIS2_PLACEMENT_3D('',#7315,#5966,#5967);
#4729=AXIS2_PLACEMENT_3D('',#7316,#5968,#5969);
#4730=AXIS2_PLACEMENT_3D('',#7317,#5970,#5971);
#4731=AXIS2_PLACEMENT_3D('',#7318,#5972,#5973);
#4732=AXIS2_PLACEMENT_3D('',#7319,#5974,#5975);
#4733=AXIS2_PLACEMENT_3D('',#7320,#5976,#5977);
#4734=AXIS2_PLACEMENT_3D('',#7321,#5978,#5979);
#4735=AXIS2_PLACEMENT_3D('',#7322,#5980,#5981);
#4736=AXIS2_PLACEMENT_3D('',#7323,#5982,#5983);
#4737=AXIS2_PLACEMENT_3D('',#7324,#5984,#5985);
#4738=AXIS2_PLACEMENT_3D('',#7325,#5986,#5987);
#4739=AXIS2_PLACEMENT_3D('',#7326,#5988,#5989);
#4740=AXIS2_PLACEMENT_3D('',#7327,#5990,#5991);
#4741=AXIS2_PLACEMENT_3D('',#7328,#5992,#5993);
#4742=AXIS2_PLACEMENT_3D('',#7329,#5994,#5995);
#4743=AXIS2_PLACEMENT_3D('',#7330,#5996,#5997);
#4744=AXIS2_PLACEMENT_3D('',#7331,#5998,#5999);
#4745=AXIS2_PLACEMENT_3D('',#7332,#6000,#6001);
#4746=AXIS2_PLACEMENT_3D('',#7333,#6002,#6003);
#4747=AXIS2_PLACEMENT_3D('',#7334,#6004,#6005);
#4748=AXIS2_PLACEMENT_3D('',#7335,#6006,#6007);
#4749=AXIS2_PLACEMENT_3D('',#7336,#6008,#6009);
#4750=AXIS2_PLACEMENT_3D('',#7337,#6010,#6011);
#4751=AXIS2_PLACEMENT_3D('',#7338,#6012,#6013);
#4752=AXIS2_PLACEMENT_3D('',#7339,#6014,#6015);
#4753=AXIS2_PLACEMENT_3D('',#7340,#6016,#6017);
#4754=AXIS2_PLACEMENT_3D('',#7341,#6018,#6019);
#4755=AXIS2_PLACEMENT_3D('',#7342,#6020,#6021);
#4756=AXIS2_PLACEMENT_3D('',#7343,#6022,#6023);
#4757=AXIS2_PLACEMENT_3D('',#7344,#6024,#6025);
#4758=AXIS2_PLACEMENT_3D('',#7345,#6026,#6027);
#4759=AXIS2_PLACEMENT_3D('',#7346,#6028,#6029);
#4760=AXIS2_PLACEMENT_3D('',#7347,#6030,#6031);
#4761=AXIS2_PLACEMENT_3D('',#7348,#6032,#6033);
#4762=AXIS2_PLACEMENT_3D('',#7349,#6034,#6035);
#4763=AXIS2_PLACEMENT_3D('',#7350,#6036,#6037);
#4764=AXIS2_PLACEMENT_3D('',#7351,#6038,#6039);
#4765=AXIS2_PLACEMENT_3D('',#7352,#6040,#6041);
#4766=AXIS2_PLACEMENT_3D('',#7353,#6042,#6043);
#4767=AXIS2_PLACEMENT_3D('',#7354,#6044,#6045);
#4768=AXIS2_PLACEMENT_3D('',#7355,#6046,#6047);
#4769=AXIS2_PLACEMENT_3D('',#7356,#6048,#6049);
#4770=AXIS2_PLACEMENT_3D('',#7357,#6050,#6051);
#4771=AXIS2_PLACEMENT_3D('',#7358,#6052,#6053);
#4772=AXIS2_PLACEMENT_3D('',#7359,#6054,#6055);
#4773=AXIS2_PLACEMENT_3D('',#7360,#6056,#6057);
#4774=AXIS2_PLACEMENT_3D('',#7361,#6058,#6059);
#4775=AXIS2_PLACEMENT_3D('',#7362,#6060,#6061);
#4776=AXIS2_PLACEMENT_3D('',#7364,#6063,#6064);
#4777=AXIS2_PLACEMENT_3D('',#7368,#6068,#6069);
#4778=AXIS2_PLACEMENT_3D('',#7370,#6070,#6071);
#4779=AXIS2_PLACEMENT_3D('',#7372,#6073,#6074);
#4780=AXIS2_PLACEMENT_3D('',#7377,#6078,#6079);
#4781=AXIS2_PLACEMENT_3D('',#7380,#6081,#6082);
#4782=AXIS2_PLACEMENT_3D('',#7382,#6084,#6085);
#4783=AXIS2_PLACEMENT_3D('',#7385,#6088,#6089);
#4784=AXIS2_PLACEMENT_3D('',#7388,#6092,#6093);
#4785=AXIS2_PLACEMENT_3D('',#7391,#6096,#6097);
#4786=AXIS2_PLACEMENT_3D('',#7394,#6100,#6101);
#4787=AXIS2_PLACEMENT_3D('',#7395,#6102,#6103);
#4788=AXIS2_PLACEMENT_3D('',#7397,#6104,#6105);
#4789=AXIS2_PLACEMENT_3D('',#7398,#6106,#6107);
#4790=AXIS2_PLACEMENT_3D('',#7400,#6108,#6109);
#4791=AXIS2_PLACEMENT_3D('',#7401,#6110,#6111);
#4792=AXIS2_PLACEMENT_3D('',#7402,#6112,#6113);
#4793=AXIS2_PLACEMENT_3D('',#7403,#6114,#6115);
#4794=AXIS2_PLACEMENT_3D('',#7404,#6116,#6117);
#4795=AXIS2_PLACEMENT_3D('',#7405,#6118,#6119);
#4796=AXIS2_PLACEMENT_3D('',#7406,#6120,#6121);
#4797=AXIS2_PLACEMENT_3D('',#7407,#6122,#6123);
#4798=AXIS2_PLACEMENT_3D('',#7408,#6124,#6125);
#4799=AXIS2_PLACEMENT_3D('',#7409,#6126,#6127);
#4800=AXIS2_PLACEMENT_3D('',#7410,#6128,#6129);
#4801=AXIS2_PLACEMENT_3D('',#7411,#6130,#6131);
#4802=DIRECTION('',(0.,0.,1.));
#4803=DIRECTION('',(1.,0.,0.));
#4804=DIRECTION('',(1.,0.,0.));
#4805=DIRECTION('',(0.,0.,-1.));
#4806=DIRECTION('',(-1.,0.,0.));
#4807=DIRECTION('',(0.,0.,1.));
#4808=DIRECTION('',(-1.,0.,0.));
#4809=DIRECTION('',(-1.,0.,0.));
#4810=DIRECTION('',(0.,0.,1.));
#4811=DIRECTION('',(-1.,0.,0.));
#4812=DIRECTION('',(1.,0.,0.));
#4813=DIRECTION('',(0.,0.,-1.));
#4814=DIRECTION('',(-1.,0.,0.));
#4815=DIRECTION('',(0.,0.,1.));
#4816=DIRECTION('',(-1.,0.,0.));
#4817=DIRECTION('',(-1.,0.,0.));
#4818=DIRECTION('',(0.,0.,1.));
#4819=DIRECTION('',(-1.,0.,0.));
#4820=DIRECTION('',(1.,0.,0.));
#4821=DIRECTION('',(0.,0.,-1.));
#4822=DIRECTION('',(-1.,0.,0.));
#4823=DIRECTION('',(-1.,0.,0.));
#4824=DIRECTION('',(0.,0.,1.));
#4825=DIRECTION('',(1.,0.,0.));
#4826=DIRECTION('',(-1.,0.,0.));
#4827=DIRECTION('',(0.,0.,1.));
#4828=DIRECTION('',(1.,0.,0.));
#4829=DIRECTION('',(0.,0.,-1.));
#4830=DIRECTION('',(-1.,0.,0.));
#4831=DIRECTION('',(0.,0.,1.));
#4832=DIRECTION('',(1.,0.,0.));
#4833=DIRECTION('',(-1.,0.,0.));
#4834=DIRECTION('',(0.,0.,1.));
#4835=DIRECTION('',(1.,0.,0.));
#4836=DIRECTION('',(1.,0.,0.));
#4837=DIRECTION('',(0.,0.,-1.));
#4838=DIRECTION('',(-1.,0.,0.));
#4839=DIRECTION('',(0.,0.,1.));
#4840=DIRECTION('',(1.,0.,0.));
#4841=DIRECTION('',(-1.,0.,0.));
#4842=DIRECTION('',(0.,0.,1.));
#4843=DIRECTION('',(1.,0.,0.));
#4844=DIRECTION('',(-1.,0.,0.));
#4845=DIRECTION('',(0.,-1.,0.));
#4846=DIRECTION('',(0.,-0.999568864935465,0.02936127128763));
#4847=DIRECTION('',(-1.,0.,0.));
#4848=DIRECTION('',(0.,0.,1.));
#4849=DIRECTION('',(0.,-0.27069030763738,-0.962666482927073));
#4850=DIRECTION('',(-1.,0.,0.));
#4851=DIRECTION('',(0.,0.,1.));
#4852=DIRECTION('',(0.,-0.998222803499006,-0.0595922358582413));
#4853=DIRECTION('',(-1.,0.,0.));
#4854=DIRECTION('',(0.,0.,1.));
#4855=DIRECTION('',(-1.,0.,0.));
#4856=DIRECTION('',(0.,0.,1.));
#4857=DIRECTION('',(-1.,0.,0.));
#4858=DIRECTION('',(0.,0.,1.));
#4859=DIRECTION('',(-1.,0.,0.));
#4860=DIRECTION('',(0.,0.,1.));
#4861=DIRECTION('',(-1.,0.,0.));
#4862=DIRECTION('',(0.,0.,1.));
#4863=DIRECTION('',(0.,-0.998222803499007,0.0595922358582229));
#4864=DIRECTION('',(-1.,0.,0.));
#4865=DIRECTION('',(0.,0.,1.));
#4866=DIRECTION('',(0.,-0.328011688970428,0.944673664234781));
#4867=DIRECTION('',(-1.,0.,0.));
#4868=DIRECTION('',(0.,0.,1.));
#4869=DIRECTION('',(0.,-0.999568864935465,0.0293612712876307));
#4870=DIRECTION('',(-1.,0.,0.));
#4871=DIRECTION('',(0.,0.,1.));
#4872=DIRECTION('',(-1.,0.,0.));
#4873=DIRECTION('',(0.,0.,1.));
#4874=DIRECTION('',(0.,0.,-1.));
#4875=DIRECTION('',(-1.,0.,0.));
#4876=DIRECTION('',(0.,0.,1.));
#4877=DIRECTION('',(0.,-0.847998304005088,0.52999894000318));
#4878=DIRECTION('',(-1.,0.,0.));
#4879=DIRECTION('',(0.,0.,1.));
#4880=DIRECTION('',(0.,-0.847998304005086,-0.529998940003183));
#4881=DIRECTION('',(-1.,0.,0.));
#4882=DIRECTION('',(0.,0.,1.));
#4883=DIRECTION('',(1.,0.,0.));
#4884=DIRECTION('',(0.,0.,-1.));
#4885=DIRECTION('',(-1.,0.,0.));
#4886=DIRECTION('',(0.,0.,1.));
#4887=DIRECTION('',(0.,-0.962666482927073,0.270690307637379));
#4888=DIRECTION('',(-1.,0.,0.));
#4889=DIRECTION('',(0.,0.,1.));
#4890=DIRECTION('',(0.,-0.944673664234782,-0.328011688970425));
#4891=DIRECTION('',(-1.,0.,0.));
#4892=DIRECTION('',(0.,0.,1.));
#4893=DIRECTION('',(-1.,0.,0.));
#4894=DIRECTION('',(0.,0.,1.));
#4895=DIRECTION('',(-1.,0.,0.));
#4896=DIRECTION('',(0.,0.,1.));
#4897=DIRECTION('',(0.,-0.944673664234782,-0.328011688970426));
#4898=DIRECTION('',(-1.,0.,0.));
#4899=DIRECTION('',(0.,0.,1.));
#4900=DIRECTION('',(0.,-0.328011688970425,0.944673664234782));
#4901=DIRECTION('',(-1.,0.,0.));
#4902=DIRECTION('',(0.,0.,1.));
#4903=DIRECTION('',(0.,-0.998222803499007,0.0595922358582213));
#4904=DIRECTION('',(-1.,0.,0.));
#4905=DIRECTION('',(0.,0.,1.));
#4906=DIRECTION('',(-1.,0.,0.));
#4907=DIRECTION('',(0.,0.,1.));
#4908=DIRECTION('',(0.,-0.998222803499007,0.0595922358582214));
#4909=DIRECTION('',(-1.,0.,0.));
#4910=DIRECTION('',(0.,0.,1.));
#4911=DIRECTION('',(0.,0.989487177932634,0.14462062338032));
#4912=DIRECTION('',(-1.,0.,0.));
#4913=DIRECTION('',(0.,0.,1.));
#4914=DIRECTION('',(-1.,0.,0.));
#4915=DIRECTION('',(0.,0.,1.));
#4916=DIRECTION('',(0.,0.989487177932635,0.144620623380313));
#4917=DIRECTION('',(-1.,0.,0.));
#4918=DIRECTION('',(0.,0.,1.));
#4919=DIRECTION('',(-1.,0.,0.));
#4920=DIRECTION('',(0.,0.,1.));
#4921=DIRECTION('',(-1.,0.,0.));
#4922=DIRECTION('',(0.,0.,1.));
#4923=DIRECTION('',(0.,-0.999993161705923,0.00369818082199382));
#4924=DIRECTION('',(-1.,0.,0.));
#4925=DIRECTION('',(0.,0.,1.));
#4926=DIRECTION('',(-1.,0.,0.));
#4927=DIRECTION('',(0.,0.,1.));
#4928=DIRECTION('',(-1.,0.,0.));
#4929=DIRECTION('',(0.,0.,1.));
#4930=DIRECTION('',(0.,-0.847998304005086,-0.529998940003183));
#4931=DIRECTION('',(-1.,0.,0.));
#4932=DIRECTION('',(0.,0.,1.));
#4933=DIRECTION('',(0.,-0.847998304005088,0.52999894000318));
#4934=DIRECTION('',(-1.,0.,0.));
#4935=DIRECTION('',(0.,0.,1.));
#4936=DIRECTION('',(-1.,0.,0.));
#4937=DIRECTION('',(0.,0.,1.));
#4938=DIRECTION('',(-1.,0.,0.));
#4939=DIRECTION('',(0.,0.,1.));
#4940=DIRECTION('',(0.,-0.847998304005088,0.52999894000318));
#4941=DIRECTION('',(-1.,0.,0.));
#4942=DIRECTION('',(0.,0.,1.));
#4943=DIRECTION('',(0.,-0.847998304005087,-0.529998940003182));
#4944=DIRECTION('',(-1.,0.,0.));
#4945=DIRECTION('',(0.,0.,1.));
#4946=DIRECTION('',(1.,0.,0.));
#4947=DIRECTION('',(0.,0.,-1.));
#4948=DIRECTION('',(-1.,0.,0.));
#4949=DIRECTION('',(0.,0.,1.));
#4950=DIRECTION('',(0.,-0.847998304005087,-0.529998940003182));
#4951=DIRECTION('',(-1.,0.,0.));
#4952=DIRECTION('',(0.,0.,1.));
#4953=DIRECTION('',(0.,-0.847998304005088,0.52999894000318));
#4954=DIRECTION('',(-1.,0.,0.));
#4955=DIRECTION('',(0.,0.,1.));
#4956=DIRECTION('',(1.,0.,0.));
#4957=DIRECTION('',(0.,0.,-1.));
#4958=DIRECTION('',(-1.,0.,0.));
#4959=DIRECTION('',(0.,0.,1.));
#4960=DIRECTION('',(0.,0.999993161705923,-0.00369818082193797));
#4961=DIRECTION('',(-1.,0.,0.));
#4962=DIRECTION('',(0.,0.,1.));
#4963=DIRECTION('',(-1.,0.,0.));
#4964=DIRECTION('',(0.,0.,1.));
#4965=DIRECTION('',(-1.,0.,0.));
#4966=DIRECTION('',(0.,0.,1.));
#4967=DIRECTION('',(0.,0.989142110264669,-0.146962191400231));
#4968=DIRECTION('',(-1.,0.,0.));
#4969=DIRECTION('',(0.,0.,1.));
#4970=DIRECTION('',(1.,0.,0.));
#4971=DIRECTION('',(0.,0.,-1.));
#4972=DIRECTION('',(0.,0.989142110264669,-0.14696219140023));
#4973=DIRECTION('',(-1.,0.,0.));
#4974=DIRECTION('',(0.,0.,1.));
#4975=DIRECTION('',(0.,-0.998222803499006,-0.0595922358582412));
#4976=DIRECTION('',(1.,0.,0.));
#4977=DIRECTION('',(0.,0.,-1.));
#4978=DIRECTION('',(-1.,0.,0.));
#4979=DIRECTION('',(0.,0.,1.));
#4980=DIRECTION('',(0.,-0.998222803499006,-0.059592235858241));
#4981=DIRECTION('',(-1.,0.,0.));
#4982=DIRECTION('',(0.,0.,1.));
#4983=DIRECTION('',(0.,-0.270690307637379,-0.962666482927074));
#4984=DIRECTION('',(-1.,0.,0.));
#4985=DIRECTION('',(0.,0.,1.));
#4986=DIRECTION('',(0.,-0.962666482927073,0.270690307637379));
#4987=DIRECTION('',(-1.,0.,0.));
#4988=DIRECTION('',(0.,0.,1.));
#4989=DIRECTION('',(-1.,0.,0.));
#4990=DIRECTION('',(0.,-1.,0.));
#4991=DIRECTION('',(-1.,0.,0.));
#4992=DIRECTION('',(0.,0.,1.));
#4993=DIRECTION('',(-1.,0.,0.));
#4994=DIRECTION('',(0.,0.,1.));
#4995=DIRECTION('',(0.,0.,-1.));
#4996=DIRECTION('',(-1.,0.,0.));
#4997=DIRECTION('',(0.,0.,1.));
#4998=DIRECTION('',(-1.,0.,0.));
#4999=DIRECTION('',(0.,0.,1.));
#5000=DIRECTION('',(0.,0.,-1.));
#5001=DIRECTION('',(-1.,0.,0.));
#5002=DIRECTION('',(0.,-1.,0.));
#5003=DIRECTION('',(1.,0.,0.));
#5004=DIRECTION('',(0.,0.,-1.));
#5005=DIRECTION('',(-1.,0.,0.));
#5006=DIRECTION('',(0.,0.,1.));
#5007=DIRECTION('',(0.,1.,0.));
#5008=DIRECTION('',(-1.,0.,0.));
#5009=DIRECTION('',(0.,0.,1.));
#5010=DIRECTION('',(1.,0.,0.));
#5011=DIRECTION('',(0.,0.,-1.));
#5012=DIRECTION('',(0.,-1.,0.));
#5013=DIRECTION('',(-1.,0.,0.));
#5014=DIRECTION('',(0.,-1.,0.));
#5015=DIRECTION('',(0.,-0.999568864935465,0.0293612712876302));
#5016=DIRECTION('',(-1.,0.,0.));
#5017=DIRECTION('',(0.,0.,1.));
#5018=DIRECTION('',(0.,-0.270690307637376,-0.962666482927074));
#5019=DIRECTION('',(-1.,0.,0.));
#5020=DIRECTION('',(0.,0.,1.));
#5021=DIRECTION('',(0.,-0.998222803499006,-0.0595922358582413));
#5022=DIRECTION('',(-1.,0.,0.));
#5023=DIRECTION('',(0.,0.,1.));
#5024=DIRECTION('',(-1.,0.,0.));
#5025=DIRECTION('',(0.,0.,1.));
#5026=DIRECTION('',(-1.,0.,0.));
#5027=DIRECTION('',(0.,0.,1.));
#5028=DIRECTION('',(-1.,0.,0.));
#5029=DIRECTION('',(0.,0.,1.));
#5030=DIRECTION('',(-1.,0.,0.));
#5031=DIRECTION('',(0.,0.,1.));
#5032=DIRECTION('',(0.,-0.998222803499007,0.0595922358582228));
#5033=DIRECTION('',(-1.,0.,0.));
#5034=DIRECTION('',(0.,0.,1.));
#5035=DIRECTION('',(0.,-0.328011688970425,0.944673664234782));
#5036=DIRECTION('',(-1.,0.,0.));
#5037=DIRECTION('',(0.,0.,1.));
#5038=DIRECTION('',(0.,-0.999568864935465,0.0293612712876307));
#5039=DIRECTION('',(-1.,0.,0.));
#5040=DIRECTION('',(0.,0.,1.));
#5041=DIRECTION('',(-1.,0.,0.));
#5042=DIRECTION('',(0.,0.,1.));
#5043=DIRECTION('',(-1.,0.,0.));
#5044=DIRECTION('',(0.,0.,1.));
#5045=DIRECTION('',(-1.,0.,0.));
#5046=DIRECTION('',(0.,0.,1.));
#5047=DIRECTION('',(0.,0.,-1.));
#5048=DIRECTION('',(-1.,0.,0.));
#5049=DIRECTION('',(0.,0.,1.));
#5050=DIRECTION('',(-1.,0.,0.));
#5051=DIRECTION('',(0.,0.,1.));
#5052=DIRECTION('',(0.,1.,0.));
#5053=DIRECTION('',(-1.,0.,0.));
#5054=DIRECTION('',(0.,0.,1.));
#5055=DIRECTION('',(-1.,0.,0.));
#5056=DIRECTION('',(0.,0.,1.));
#5057=DIRECTION('',(0.,0.989142110264669,-0.146962191400232));
#5058=DIRECTION('',(-1.,0.,0.));
#5059=DIRECTION('',(0.,0.,1.));
#5060=DIRECTION('',(-1.,0.,0.));
#5061=DIRECTION('',(0.,0.,1.));
#5062=DIRECTION('',(0.,0.989142110264669,-0.14696219140023));
#5063=DIRECTION('',(-1.,0.,0.));
#5064=DIRECTION('',(0.,0.,1.));
#5065=DIRECTION('',(0.,-0.998222803499006,-0.0595922358582411));
#5066=DIRECTION('',(1.,0.,0.));
#5067=DIRECTION('',(0.,0.,-1.));
#5068=DIRECTION('',(-1.,0.,0.));
#5069=DIRECTION('',(0.,0.,1.));
#5070=DIRECTION('',(0.,-0.998222803499006,-0.0595922358582412));
#5071=DIRECTION('',(-1.,0.,0.));
#5072=DIRECTION('',(0.,0.,1.));
#5073=DIRECTION('',(0.,-0.270690307637376,-0.962666482927074));
#5074=DIRECTION('',(-1.,0.,0.));
#5075=DIRECTION('',(0.,0.,1.));
#5076=DIRECTION('',(0.,-0.962666482927074,0.270690307637377));
#5077=DIRECTION('',(-1.,0.,0.));
#5078=DIRECTION('',(0.,0.,1.));
#5079=DIRECTION('',(1.,0.,0.));
#5080=DIRECTION('',(0.,0.,-1.));
#5081=DIRECTION('',(-1.,0.,0.));
#5082=DIRECTION('',(0.,0.,1.));
#5083=DIRECTION('',(0.,-0.962666482927074,0.270690307637377));
#5084=DIRECTION('',(-1.,0.,0.));
#5085=DIRECTION('',(0.,0.,1.));
#5086=DIRECTION('',(0.,-0.944673664234782,-0.328011688970425));
#5087=DIRECTION('',(-1.,0.,0.));
#5088=DIRECTION('',(0.,0.,1.));
#5089=DIRECTION('',(1.,0.,0.));
#5090=DIRECTION('',(0.,0.,-1.));
#5091=DIRECTION('',(-1.,0.,0.));
#5092=DIRECTION('',(0.,0.,1.));
#5093=DIRECTION('',(0.,-0.944673664234782,-0.328011688970426));
#5094=DIRECTION('',(-1.,0.,0.));
#5095=DIRECTION('',(0.,0.,1.));
#5096=DIRECTION('',(0.,-0.328011688970425,0.944673664234782));
#5097=DIRECTION('',(-1.,0.,0.));
#5098=DIRECTION('',(0.,0.,1.));
#5099=DIRECTION('',(0.,-0.998222803499007,0.0595922358582213));
#5100=DIRECTION('',(-1.,0.,0.));
#5101=DIRECTION('',(0.,0.,1.));
#5102=DIRECTION('',(1.,0.,0.));
#5103=DIRECTION('',(0.,0.,-1.));
#5104=DIRECTION('',(0.,-0.998222803499007,0.0595922358582215));
#5105=DIRECTION('',(0.,0.989487177932634,0.14462062338032));
#5106=DIRECTION('',(-1.,0.,0.));
#5107=DIRECTION('',(0.,0.,1.));
#5108=DIRECTION('',(-1.,0.,0.));
#5109=DIRECTION('',(0.,0.,1.));
#5110=DIRECTION('',(0.,0.989487177932635,0.144620623380313));
#5111=DIRECTION('',(-1.,0.,0.));
#5112=DIRECTION('',(0.,0.,1.));
#5113=DIRECTION('',(-1.,0.,0.));
#5114=DIRECTION('',(0.,0.,1.));
#5115=DIRECTION('',(0.,1.,0.));
#5116=DIRECTION('',(-1.,0.,0.));
#5117=DIRECTION('',(0.,-1.,0.));
#5118=DIRECTION('',(1.,0.,0.));
#5119=DIRECTION('',(0.,0.,-1.));
#5120=DIRECTION('',(0.,-1.,0.));
#5121=DIRECTION('',(-1.,0.,0.));
#5122=DIRECTION('',(0.,0.,1.));
#5123=DIRECTION('',(0.,0.,-1.));
#5124=DIRECTION('',(-1.,0.,0.));
#5125=DIRECTION('',(0.,0.,1.));
#5126=DIRECTION('',(0.,1.,-1.11022302462516E-14));
#5127=DIRECTION('',(1.,0.,0.));
#5128=DIRECTION('',(0.,0.,-1.));
#5129=DIRECTION('',(-1.,0.,0.));
#5130=DIRECTION('',(0.,0.,1.));
#5131=DIRECTION('',(0.,0.,-1.));
#5132=DIRECTION('',(-1.,0.,0.));
#5133=DIRECTION('',(0.,0.,1.));
#5134=DIRECTION('',(-1.,0.,0.));
#5135=DIRECTION('',(0.,-1.,0.));
#5136=DIRECTION('',(0.,-0.999995955877356,0.00284398117676058));
#5137=DIRECTION('',(-1.,0.,0.));
#5138=DIRECTION('',(0.,0.,1.));
#5139=DIRECTION('',(-1.,0.,0.));
#5140=DIRECTION('',(0.,0.,1.));
#5141=DIRECTION('',(0.,-1.,0.));
#5142=DIRECTION('',(-1.,0.,0.));
#5143=DIRECTION('',(0.,0.,1.));
#5144=DIRECTION('',(-1.,0.,0.));
#5145=DIRECTION('',(0.,0.,1.));
#5146=DIRECTION('',(1.,0.,0.));
#5147=DIRECTION('',(0.,0.,-1.));
#5148=DIRECTION('',(-1.,0.,0.));
#5149=DIRECTION('',(0.,0.,1.));
#5150=DIRECTION('',(1.,0.,0.));
#5151=DIRECTION('',(1.,0.,0.));
#5152=DIRECTION('',(1.,0.,0.));
#5153=DIRECTION('',(0.,0.,-1.));
#5154=DIRECTION('',(1.,0.,0.));
#5155=DIRECTION('',(1.,0.,0.));
#5156=DIRECTION('',(0.,0.,-1.));
#5157=DIRECTION('',(1.,0.,0.));
#5158=DIRECTION('',(1.,0.,0.));
#5159=DIRECTION('',(0.,0.,-1.));
#5160=DIRECTION('',(0.,0.,1.));
#5161=DIRECTION('',(1.,0.,0.));
#5162=DIRECTION('',(0.,-1.,0.));
#5163=DIRECTION('',(1.,0.,0.));
#5164=DIRECTION('',(0.,-1.,0.));
#5165=DIRECTION('',(1.,0.,0.));
#5166=DIRECTION('',(0.,0.,-1.));
#5167=DIRECTION('',(1.,0.,0.));
#5168=DIRECTION('',(0.,0.,-1.));
#5169=DIRECTION('',(1.,0.,0.));
#5170=DIRECTION('',(1.,0.,0.));
#5171=DIRECTION('',(0.,0.,-1.));
#5172=DIRECTION('',(0.,0.,-1.));
#5173=DIRECTION('',(-1.,0.,0.));
#5174=DIRECTION('',(1.,0.,0.));
#5175=DIRECTION('',(0.,1.,0.));
#5176=DIRECTION('',(1.,0.,0.));
#5177=DIRECTION('',(0.,1.,0.));
#5178=DIRECTION('',(1.,0.,0.));
#5179=DIRECTION('',(0.,0.,-1.));
#5180=DIRECTION('',(1.,0.,0.));
#5181=DIRECTION('',(0.,0.,-1.));
#5182=DIRECTION('',(1.,0.,0.));
#5183=DIRECTION('',(1.,0.,0.));
#5184=DIRECTION('',(0.,0.,-1.));
#5185=DIRECTION('',(0.,0.,1.));
#5186=DIRECTION('',(1.,0.,0.));
#5187=DIRECTION('',(0.,-1.,0.));
#5188=DIRECTION('',(1.,0.,0.));
#5189=DIRECTION('',(0.,-1.,0.));
#5190=DIRECTION('',(1.,0.,0.));
#5191=DIRECTION('',(0.,0.,-1.));
#5192=DIRECTION('',(-1.,0.,0.));
#5193=DIRECTION('',(0.,0.,1.));
#5194=DIRECTION('',(1.,0.,0.));
#5195=DIRECTION('',(-1.,0.,0.));
#5196=DIRECTION('',(1.,0.,0.));
#5197=DIRECTION('',(0.,0.,-1.));
#5198=DIRECTION('',(1.,0.,0.));
#5199=DIRECTION('',(-1.,0.,0.));
#5200=DIRECTION('',(0.,0.,1.));
#5201=DIRECTION('',(1.,0.,0.));
#5202=DIRECTION('',(1.,0.,0.));
#5203=DIRECTION('',(0.,0.270690307637379,0.962666482927073));
#5204=DIRECTION('',(0.,-0.962666482927073,0.270690307637379));
#5205=DIRECTION('',(1.,0.,0.));
#5206=DIRECTION('',(0.,-0.962666482927073,0.270690307637379));
#5207=DIRECTION('',(-1.,0.,0.));
#5208=DIRECTION('',(0.,-0.962666482927074,0.270690307637379));
#5209=DIRECTION('',(0.,-0.270690307637379,-0.962666482927074));
#5210=DIRECTION('',(0.,-0.270690307637379,-0.962666482927074));
#5211=DIRECTION('',(1.,0.,0.));
#5212=DIRECTION('',(1.,0.,0.));
#5213=DIRECTION('',(0.,0.0595922358582213,0.998222803499008));
#5214=DIRECTION('',(0.,-0.998222803499008,0.0595922358582213));
#5215=DIRECTION('',(1.,0.,0.));
#5216=DIRECTION('',(0.,-0.998222803499007,0.0595922358582213));
#5217=DIRECTION('',(-1.,0.,0.));
#5218=DIRECTION('',(0.,0.944673664234782,0.328011688970425));
#5219=DIRECTION('',(0.,-0.328011688970425,0.944673664234782));
#5220=DIRECTION('',(1.,0.,0.));
#5221=DIRECTION('',(0.,-0.328011688970425,0.944673664234782));
#5222=DIRECTION('',(1.,0.,0.));
#5223=DIRECTION('',(0.,-0.328011688970426,0.944673664234782));
#5224=DIRECTION('',(0.,-0.944673664234782,-0.328011688970426));
#5225=DIRECTION('',(0.,-0.944673664234782,-0.328011688970426));
#5226=DIRECTION('',(1.,0.,0.));
#5227=DIRECTION('',(1.,0.,0.));
#5228=DIRECTION('',(0.,0.02936127128763,0.999568864935465));
#5229=DIRECTION('',(0.,-0.999568864935465,0.02936127128763));
#5230=DIRECTION('',(-1.,0.,0.));
#5231=DIRECTION('',(0.,-0.999568864935465,0.02936127128763));
#5232=DIRECTION('',(1.,0.,0.));
#5233=DIRECTION('',(1.,0.,0.));
#5234=DIRECTION('',(0.,0.,-1.));
#5235=DIRECTION('',(-1.,0.,0.));
#5236=DIRECTION('',(0.,0.,1.));
#5237=DIRECTION('',(1.,0.,0.));
#5238=DIRECTION('',(1.,0.,0.));
#5239=DIRECTION('',(0.,-0.0595922358582413,0.998222803499006));
#5240=DIRECTION('',(0.,-0.998222803499006,-0.0595922358582413));
#5241=DIRECTION('',(0.,-0.998222803499006,-0.0595922358582413));
#5242=DIRECTION('',(1.,0.,0.));
#5243=DIRECTION('',(1.,0.,0.));
#5244=DIRECTION('',(1.,0.,0.));
#5245=DIRECTION('',(0.,0.,-1.));
#5246=DIRECTION('',(-1.,0.,0.));
#5247=DIRECTION('',(0.,0.,1.));
#5248=DIRECTION('',(1.,0.,0.));
#5249=DIRECTION('',(1.,0.,0.));
#5250=DIRECTION('',(0.,0.0293612712876307,0.999568864935465));
#5251=DIRECTION('',(0.,-0.999568864935465,0.0293612712876307));
#5252=DIRECTION('',(0.,-0.999568864935465,0.0293612712876307));
#5253=DIRECTION('',(1.,0.,0.));
#5254=DIRECTION('',(1.,0.,0.));
#5255=DIRECTION('',(0.,0.944673664234781,0.328011688970428));
#5256=DIRECTION('',(0.,-0.328011688970428,0.944673664234781));
#5257=DIRECTION('',(1.,0.,0.));
#5258=DIRECTION('',(0.,-0.328011688970428,0.944673664234781));
#5259=DIRECTION('',(1.,0.,0.));
#5260=DIRECTION('',(1.,0.,0.));
#5261=DIRECTION('',(0.,0.,-1.));
#5262=DIRECTION('',(1.,0.,0.));
#5263=DIRECTION('',(-1.,0.,0.));
#5264=DIRECTION('',(0.,0.,1.));
#5265=DIRECTION('',(1.,0.,0.));
#5266=DIRECTION('',(1.,0.,0.));
#5267=DIRECTION('',(-1.,0.,0.));
#5268=DIRECTION('',(0.,0.,1.));
#5269=DIRECTION('',(1.,0.,0.));
#5270=DIRECTION('',(1.,0.,0.));
#5271=DIRECTION('',(0.,0.,-1.));
#5272=DIRECTION('',(0.,-0.146962191400231,-0.989142110264669));
#5273=DIRECTION('',(0.,0.989142110264669,-0.146962191400231));
#5274=DIRECTION('',(0.,0.989142110264669,-0.146962191400231));
#5275=DIRECTION('',(-1.,0.,0.));
#5276=DIRECTION('',(-1.,0.,0.));
#5277=DIRECTION('',(1.,0.,0.));
#5278=DIRECTION('',(0.,0.,-1.));
#5279=DIRECTION('',(-1.,0.,0.));
#5280=DIRECTION('',(0.,0.,1.));
#5281=DIRECTION('',(1.,0.,0.));
#5282=DIRECTION('',(1.,0.,0.));
#5283=DIRECTION('',(0.,0.144620623380313,-0.989487177932635));
#5284=DIRECTION('',(0.,0.989487177932635,0.144620623380313));
#5285=DIRECTION('',(1.,0.,0.));
#5286=DIRECTION('',(0.,0.989487177932635,0.144620623380313));
#5287=DIRECTION('',(1.,0.,0.));
#5288=DIRECTION('',(1.,0.,0.));
#5289=DIRECTION('',(0.,0.,-1.));
#5290=DIRECTION('',(-1.,0.,0.));
#5291=DIRECTION('',(0.,0.,1.));
#5292=DIRECTION('',(-1.,0.,0.));
#5293=DIRECTION('',(1.,0.,0.));
#5294=DIRECTION('',(-1.,0.,0.));
#5295=DIRECTION('',(0.,0.,1.));
#5296=DIRECTION('',(1.,0.,0.));
#5297=DIRECTION('',(1.,0.,0.));
#5298=DIRECTION('',(-1.,0.,0.));
#5299=DIRECTION('',(0.,0.,1.));
#5300=DIRECTION('',(1.,0.,0.));
#5301=DIRECTION('',(-1.,0.,0.));
#5302=DIRECTION('',(0.,0.,-1.));
#5303=DIRECTION('',(-1.,0.,0.));
#5304=DIRECTION('',(1.,0.,0.));
#5305=DIRECTION('',(0.,1.,0.));
#5306=DIRECTION('',(1.,0.,0.));
#5307=DIRECTION('',(0.,1.,0.));
#5308=DIRECTION('',(1.,0.,0.));
#5309=DIRECTION('',(0.,0.,-1.));
#5310=DIRECTION('',(1.,0.,0.));
#5311=DIRECTION('',(0.,0.,-1.));
#5312=DIRECTION('',(1.,0.,0.));
#5313=DIRECTION('',(1.,0.,0.));
#5314=DIRECTION('',(0.,0.,-1.));
#5315=DIRECTION('',(0.,0.,1.));
#5316=DIRECTION('',(1.,0.,0.));
#5317=DIRECTION('',(0.,-1.,0.));
#5318=DIRECTION('',(1.,0.,0.));
#5319=DIRECTION('',(0.,-1.,0.));
#5320=DIRECTION('',(0.,0.270690307637377,0.962666482927074));
#5321=DIRECTION('',(0.,-0.962666482927074,0.270690307637377));
#5322=DIRECTION('',(1.,0.,0.));
#5323=DIRECTION('',(0.,-0.962666482927074,0.270690307637377));
#5324=DIRECTION('',(-1.,0.,0.));
#5325=DIRECTION('',(0.,-0.962666482927074,0.270690307637376));
#5326=DIRECTION('',(0.,-0.270690307637376,-0.962666482927074));
#5327=DIRECTION('',(1.,0.,0.));
#5328=DIRECTION('',(0.,-0.270690307637376,-0.962666482927074));
#5329=DIRECTION('',(1.,0.,0.));
#5330=DIRECTION('',(0.,0.0293612712876302,0.999568864935465));
#5331=DIRECTION('',(0.,-0.999568864935465,0.0293612712876302));
#5332=DIRECTION('',(-1.,0.,0.));
#5333=DIRECTION('',(0.,-0.999568864935465,0.0293612712876302));
#5334=DIRECTION('',(1.,0.,0.));
#5335=DIRECTION('',(1.,0.,0.));
#5336=DIRECTION('',(0.,0.,-1.));
#5337=DIRECTION('',(-1.,0.,0.));
#5338=DIRECTION('',(0.,0.,1.));
#5339=DIRECTION('',(1.,0.,0.));
#5340=DIRECTION('',(1.,0.,0.));
#5341=DIRECTION('',(0.,-0.0595922358582413,0.998222803499006));
#5342=DIRECTION('',(0.,-0.998222803499006,-0.0595922358582413));
#5343=DIRECTION('',(1.,0.,0.));
#5344=DIRECTION('',(0.,-0.998222803499006,-0.0595922358582413));
#5345=DIRECTION('',(1.,0.,0.));
#5346=DIRECTION('',(1.,0.,0.));
#5347=DIRECTION('',(0.,0.,-1.));
#5348=DIRECTION('',(-1.,0.,0.));
#5349=DIRECTION('',(0.,0.,1.));
#5350=DIRECTION('',(1.,0.,0.));
#5351=DIRECTION('',(1.,0.,0.));
#5352=DIRECTION('',(0.,0.0293612712876307,0.999568864935465));
#5353=DIRECTION('',(0.,-0.999568864935465,0.0293612712876307));
#5354=DIRECTION('',(0.,-0.999568864935465,0.0293612712876307));
#5355=DIRECTION('',(1.,0.,0.));
#5356=DIRECTION('',(1.,0.,0.));
#5357=DIRECTION('',(0.,0.944673664234782,0.328011688970425));
#5358=DIRECTION('',(0.,-0.328011688970425,0.944673664234782));
#5359=DIRECTION('',(1.,0.,0.));
#5360=DIRECTION('',(0.,-0.328011688970425,0.944673664234782));
#5361=DIRECTION('',(1.,0.,0.));
#5362=DIRECTION('',(0.,0.,-1.));
#5363=DIRECTION('',(-1.,0.,0.));
#5364=DIRECTION('',(1.,0.,0.));
#5365=DIRECTION('',(0.,1.,0.));
#5366=DIRECTION('',(1.,0.,0.));
#5367=DIRECTION('',(0.,1.,-1.11022302462516E-14));
#5368=DIRECTION('',(-1.,0.,0.));
#5369=DIRECTION('',(0.,-1.,0.));
#5370=DIRECTION('',(0.,0.,-1.));
#5371=DIRECTION('',(1.,0.,0.));
#5372=DIRECTION('',(0.,0.,-1.));
#5373=DIRECTION('',(1.,0.,0.));
#5374=DIRECTION('',(0.,0.,1.));
#5375=DIRECTION('',(1.,0.,0.));
#5376=DIRECTION('',(1.,0.,0.));
#5377=DIRECTION('',(-1.,0.,0.));
#5378=DIRECTION('',(0.,-1.,0.));
#5379=DIRECTION('',(1.,0.,0.));
#5380=DIRECTION('',(0.,-1.,0.));
#5381=DIRECTION('',(1.,0.,0.));
#5382=DIRECTION('',(0.,0.,-1.));
#5383=DIRECTION('',(1.,0.,0.));
#5384=DIRECTION('',(0.,0.,-1.));
#5385=DIRECTION('',(-1.,0.,0.));
#5386=DIRECTION('',(1.,0.,0.));
#5387=DIRECTION('',(-1.,0.,0.));
#5388=DIRECTION('',(0.,0.,1.));
#5389=DIRECTION('',(1.,0.,0.));
#5390=DIRECTION('',(1.,0.,0.));
#5391=DIRECTION('',(-1.,0.,0.));
#5392=DIRECTION('',(0.,0.,1.));
#5393=DIRECTION('',(0.,0.,-1.));
#5394=DIRECTION('',(-1.,0.,0.));
#5395=DIRECTION('',(0.,1.,0.));
#5396=DIRECTION('',(-1.,0.,0.));
#5397=DIRECTION('',(-1.,0.,0.));
#5398=DIRECTION('',(0.,-1.,0.));
#5399=DIRECTION('',(0.,0.,-1.));
#5400=DIRECTION('',(0.,0.,-1.));
#5401=DIRECTION('',(1.,0.,0.));
#5402=DIRECTION('',(1.,0.,0.));
#5403=DIRECTION('',(0.,0.,1.));
#5404=DIRECTION('',(1.,0.,0.));
#5405=DIRECTION('',(-1.,0.,0.));
#5406=DIRECTION('',(0.,-1.,0.));
#5407=DIRECTION('',(-1.,0.,0.));
#5408=DIRECTION('',(1.,0.,0.));
#5409=DIRECTION('',(0.,0.,-1.));
#5410=DIRECTION('',(-1.,0.,0.));
#5411=DIRECTION('',(0.,0.,1.));
#5412=DIRECTION('',(1.,0.,0.));
#5413=DIRECTION('',(1.,0.,0.));
#5414=DIRECTION('',(0.,0.,-1.));
#5415=DIRECTION('',(-1.,0.,0.));
#5416=DIRECTION('',(1.,0.,0.));
#5417=DIRECTION('',(-1.,0.,0.));
#5418=DIRECTION('',(0.,0.,1.));
#5419=DIRECTION('',(1.,0.,0.));
#5420=DIRECTION('',(1.,0.,0.));
#5421=DIRECTION('',(0.,-0.328011688970425,0.944673664234782));
#5422=DIRECTION('',(0.,-0.944673664234782,-0.328011688970425));
#5423=DIRECTION('',(1.,0.,0.));
#5424=DIRECTION('',(0.,-0.944673664234782,-0.328011688970425));
#5425=DIRECTION('',(-1.,0.,0.));
#5426=DIRECTION('',(0.,0.270690307637377,0.962666482927074));
#5427=DIRECTION('',(0.,-0.962666482927074,0.270690307637377));
#5428=DIRECTION('',(0.,-0.962666482927074,0.270690307637377));
#5429=DIRECTION('',(1.,0.,0.));
#5430=DIRECTION('',(1.,0.,0.));
#5431=DIRECTION('',(1.,0.,0.));
#5432=DIRECTION('',(0.,0.,-1.));
#5433=DIRECTION('',(-1.,0.,0.));
#5434=DIRECTION('',(0.,0.,1.));
#5435=DIRECTION('',(1.,0.,0.));
#5436=DIRECTION('',(1.,0.,0.));
#5437=DIRECTION('',(-1.,0.,0.));
#5438=DIRECTION('',(0.,0.,1.));
#5439=DIRECTION('',(1.,0.,0.));
#5440=DIRECTION('',(-1.,0.,0.));
#5441=DIRECTION('',(1.,0.,0.));
#5442=DIRECTION('',(0.,0.,-1.));
#5443=DIRECTION('',(1.,0.,0.));
#5444=DIRECTION('',(0.,0.0595922358582213,0.998222803499008));
#5445=DIRECTION('',(0.,-0.998222803499008,0.0595922358582213));
#5446=DIRECTION('',(1.,0.,0.));
#5447=DIRECTION('',(0.,-0.998222803499007,0.0595922358582213));
#5448=DIRECTION('',(-1.,0.,0.));
#5449=DIRECTION('',(0.,0.944673664234782,0.328011688970425));
#5450=DIRECTION('',(0.,-0.328011688970425,0.944673664234782));
#5451=DIRECTION('',(0.,-0.328011688970425,0.944673664234782));
#5452=DIRECTION('',(1.,0.,0.));
#5453=DIRECTION('',(1.,0.,0.));
#5454=DIRECTION('',(1.,0.,0.));
#5455=DIRECTION('',(0.,0.,-1.));
#5456=DIRECTION('',(1.,0.,0.));
#5457=DIRECTION('',(1.,0.,0.));
#5458=DIRECTION('',(0.,0.,-1.));
#5459=DIRECTION('',(1.,0.,0.));
#5460=DIRECTION('',(1.,0.,0.));
#5461=DIRECTION('',(0.,0.,-1.));
#5462=DIRECTION('',(0.,0.,1.));
#5463=DIRECTION('',(1.,0.,0.));
#5464=DIRECTION('',(0.,-1.,0.));
#5465=DIRECTION('',(1.,0.,0.));
#5466=DIRECTION('',(0.,-1.,0.));
#5467=DIRECTION('',(1.,0.,0.));
#5468=DIRECTION('',(0.,0.,-1.));
#5469=DIRECTION('',(1.,0.,0.));
#5470=DIRECTION('',(0.,0.,-1.));
#5471=DIRECTION('',(1.,0.,0.));
#5472=DIRECTION('',(1.,0.,0.));
#5473=DIRECTION('',(0.,0.,-1.));
#5474=DIRECTION('',(0.,0.,1.));
#5475=DIRECTION('',(1.,0.,0.));
#5476=DIRECTION('',(1.,0.,0.));
#5477=DIRECTION('',(0.,-1.,0.));
#5478=DIRECTION('',(1.,0.,0.));
#5479=DIRECTION('',(0.,-1.,0.));
#5480=DIRECTION('',(0.,0.00284398117676058,0.999995955877356));
#5481=DIRECTION('',(0.,-0.999995955877356,0.00284398117676058));
#5482=DIRECTION('',(1.,0.,0.));
#5483=DIRECTION('',(0.,-0.999995955877356,0.00284398117676058));
#5484=DIRECTION('',(0.,-0.999995955877356,0.00284398117676058));
#5485=DIRECTION('',(-1.,0.,0.));
#5486=DIRECTION('',(0.,0.14462062338032,-0.989487177932634));
#5487=DIRECTION('',(0.,0.989487177932634,0.14462062338032));
#5488=DIRECTION('',(0.,0.989487177932634,0.14462062338032));
#5489=DIRECTION('',(1.,0.,0.));
#5490=DIRECTION('',(0.,0.989487177932634,0.14462062338032));
#5491=DIRECTION('',(1.,0.,0.));
#5492=DIRECTION('',(0.,0.,-1.));
#5493=DIRECTION('',(1.,0.,0.));
#5494=DIRECTION('',(-1.,0.,0.));
#5495=DIRECTION('',(0.,0.,1.));
#5496=DIRECTION('',(0.,0.0595922358582214,0.998222803499008));
#5497=DIRECTION('',(0.,-0.998222803499008,0.0595922358582214));
#5498=DIRECTION('',(1.,0.,0.));
#5499=DIRECTION('',(0.,-0.998222803499007,0.0595922358582214));
#5500=DIRECTION('',(0.,1.11022302462516E-14,1.));
#5501=DIRECTION('',(0.,-1.,1.11022302462516E-14));
#5502=DIRECTION('',(-1.,0.,0.));
#5503=DIRECTION('',(0.,-1.,1.11022302462516E-14));
#5504=DIRECTION('',(1.,0.,0.));
#5505=DIRECTION('',(0.,-1.,1.11022302462516E-14));
#5506=DIRECTION('',(1.,0.,0.));
#5507=DIRECTION('',(0.,0.,-1.));
#5508=DIRECTION('',(-1.,0.,0.));
#5509=DIRECTION('',(0.,0.,1.));
#5510=DIRECTION('',(1.,0.,0.));
#5511=DIRECTION('',(-1.,0.,0.));
#5512=DIRECTION('',(0.,0.,1.));
#5513=DIRECTION('',(1.,0.,0.));
#5514=DIRECTION('',(-1.,0.,0.));
#5515=DIRECTION('',(-1.,0.,0.));
#5516=DIRECTION('',(0.,0.,1.));
#5517=DIRECTION('',(0.,0.,1.));
#5518=DIRECTION('',(1.,0.,0.));
#5519=DIRECTION('',(0.,-1.,0.));
#5520=DIRECTION('',(1.,0.,0.));
#5521=DIRECTION('',(0.,-1.,0.));
#5522=DIRECTION('',(1.,0.,0.));
#5523=DIRECTION('',(0.,0.,-1.));
#5524=DIRECTION('',(-1.,0.,0.));
#5525=DIRECTION('',(0.,0.,1.));
#5526=DIRECTION('',(1.,0.,0.));
#5527=DIRECTION('',(-1.,0.,0.));
#5528=DIRECTION('',(0.,0.,1.));
#5529=DIRECTION('',(1.,0.,0.));
#5530=DIRECTION('',(1.,0.,0.));
#5531=DIRECTION('',(-1.,0.,0.));
#5532=DIRECTION('',(0.,0.,1.));
#5533=DIRECTION('',(0.,-0.328011688970425,0.944673664234782));
#5534=DIRECTION('',(0.,-0.944673664234782,-0.328011688970425));
#5535=DIRECTION('',(1.,0.,0.));
#5536=DIRECTION('',(0.,-0.944673664234782,-0.328011688970425));
#5537=DIRECTION('',(-1.,0.,0.));
#5538=DIRECTION('',(0.,0.270690307637379,0.962666482927073));
#5539=DIRECTION('',(0.,-0.962666482927073,0.270690307637379));
#5540=DIRECTION('',(0.,-0.962666482927073,0.270690307637379));
#5541=DIRECTION('',(1.,0.,0.));
#5542=DIRECTION('',(1.,0.,0.));
#5543=DIRECTION('',(0.,2.77555756156291E-15,1.));
#5544=DIRECTION('',(0.,-1.,2.77555756156291E-15));
#5545=DIRECTION('',(0.,-1.,2.77555756156291E-15));
#5546=DIRECTION('',(1.,0.,0.));
#5547=DIRECTION('',(0.,-1.,2.77555756156291E-15));
#5548=DIRECTION('',(1.,0.,0.));
#5549=DIRECTION('',(0.,0.,-1.));
#5550=DIRECTION('',(-1.,0.,0.));
#5551=DIRECTION('',(0.,0.,1.));
#5552=DIRECTION('',(1.,0.,0.));
#5553=DIRECTION('',(-1.,0.,0.));
#5554=DIRECTION('',(0.,0.,1.));
#5555=DIRECTION('',(-1.,0.,0.));
#5556=DIRECTION('',(1.,0.,0.));
#5557=DIRECTION('',(-1.,0.,0.));
#5558=DIRECTION('',(0.,0.,1.));
#5559=DIRECTION('',(0.,-1.11022302462517E-14,1.));
#5560=DIRECTION('',(0.,-1.,-1.11022302462517E-14));
#5561=DIRECTION('',(0.,-1.,-1.11022302462517E-14));
#5562=DIRECTION('',(1.,0.,0.));
#5563=DIRECTION('',(0.,-1.,-1.11022302462517E-14));
#5564=DIRECTION('',(0.,-0.0595922358582412,0.998222803499006));
#5565=DIRECTION('',(0.,-0.998222803499006,-0.0595922358582412));
#5566=DIRECTION('',(1.,0.,0.));
#5567=DIRECTION('',(0.,-0.998222803499006,-0.0595922358582412));
#5568=DIRECTION('',(1.,0.,0.));
#5569=DIRECTION('',(0.,0.,-1.));
#5570=DIRECTION('',(1.,0.,0.));
#5571=DIRECTION('',(-1.,0.,0.));
#5572=DIRECTION('',(0.,0.,1.));
#5573=DIRECTION('',(0.,-0.14696219140023,-0.989142110264669));
#5574=DIRECTION('',(0.,0.989142110264669,-0.14696219140023));
#5575=DIRECTION('',(1.,0.,0.));
#5576=DIRECTION('',(0.,0.989142110264669,-0.14696219140023));
#5577=DIRECTION('',(0.,0.,1.));
#5578=DIRECTION('',(1.,0.,0.));
#5579=DIRECTION('',(0.,-1.,0.));
#5580=DIRECTION('',(1.,0.,0.));
#5581=DIRECTION('',(0.,-1.,0.));
#5582=DIRECTION('',(0.,-0.0595922358582411,0.998222803499006));
#5583=DIRECTION('',(0.,-0.998222803499006,-0.0595922358582411));
#5584=DIRECTION('',(1.,0.,0.));
#5585=DIRECTION('',(0.,-0.998222803499006,-0.0595922358582411));
#5586=DIRECTION('',(1.,0.,0.));
#5587=DIRECTION('',(0.,0.,-1.));
#5588=DIRECTION('',(-1.,0.,0.));
#5589=DIRECTION('',(-1.,0.,0.));
#5590=DIRECTION('',(0.,0.,1.));
#5591=DIRECTION('',(1.,0.,0.));
#5592=DIRECTION('',(0.,0.,-1.));
#5593=DIRECTION('',(1.,0.,0.));
#5594=DIRECTION('',(0.,0.,-1.));
#5595=DIRECTION('',(1.,0.,0.));
#5596=DIRECTION('',(0.,0.,-1.));
#5597=DIRECTION('',(0.,-0.059592235858241,0.998222803499006));
#5598=DIRECTION('',(0.,-0.998222803499006,-0.059592235858241));
#5599=DIRECTION('',(0.,-0.998222803499006,-0.059592235858241));
#5600=DIRECTION('',(1.,0.,0.));
#5601=DIRECTION('',(1.,0.,0.));
#5602=DIRECTION('',(0.,-0.962666482927073,0.27069030763738));
#5603=DIRECTION('',(0.,-0.27069030763738,-0.962666482927073));
#5604=DIRECTION('',(0.,-0.27069030763738,-0.962666482927073));
#5605=DIRECTION('',(1.,0.,0.));
#5606=DIRECTION('',(1.,0.,0.));
#5607=DIRECTION('',(0.,0.0595922358582229,0.998222803499007));
#5608=DIRECTION('',(0.,-0.998222803499007,0.0595922358582229));
#5609=DIRECTION('',(-1.,0.,0.));
#5610=DIRECTION('',(0.,-0.998222803499007,0.0595922358582229));
#5611=DIRECTION('',(1.,0.,0.));
#5612=DIRECTION('',(1.,0.,0.));
#5613=DIRECTION('',(0.,0.,-1.));
#5614=DIRECTION('',(1.,0.,0.));
#5615=DIRECTION('',(0.,0.,-1.));
#5616=DIRECTION('',(1.,0.,0.));
#5617=DIRECTION('',(0.,0.,-1.));
#5618=DIRECTION('',(1.,0.,0.));
#5619=DIRECTION('',(0.,0.,-1.));
#5620=DIRECTION('',(1.,0.,0.));
#5621=DIRECTION('',(0.,0.,-1.));
#5622=DIRECTION('',(1.,0.,0.));
#5623=DIRECTION('',(0.,0.,-1.));
#5624=DIRECTION('',(1.,0.,0.));
#5625=DIRECTION('',(0.,0.,-1.));
#5626=DIRECTION('',(1.,0.,0.));
#5627=DIRECTION('',(0.,0.,-1.));
#5628=DIRECTION('',(1.,0.,0.));
#5629=DIRECTION('',(0.,0.,-1.));
#5630=DIRECTION('',(0.,-0.0595922358582412,0.998222803499006));
#5631=DIRECTION('',(0.,-0.998222803499006,-0.0595922358582412));
#5632=DIRECTION('',(0.,-0.998222803499006,-0.0595922358582412));
#5633=DIRECTION('',(1.,0.,0.));
#5634=DIRECTION('',(1.,0.,0.));
#5635=DIRECTION('',(0.,-0.962666482927074,0.270690307637376));
#5636=DIRECTION('',(0.,-0.270690307637376,-0.962666482927074));
#5637=DIRECTION('',(0.,-0.270690307637376,-0.962666482927074));
#5638=DIRECTION('',(1.,0.,0.));
#5639=DIRECTION('',(1.,0.,0.));
#5640=DIRECTION('',(0.,0.0595922358582228,0.998222803499007));
#5641=DIRECTION('',(0.,-0.998222803499007,0.0595922358582228));
#5642=DIRECTION('',(-1.,0.,0.));
#5643=DIRECTION('',(0.,-0.998222803499007,0.0595922358582228));
#5644=DIRECTION('',(1.,0.,0.));
#5645=DIRECTION('',(1.,0.,0.));
#5646=DIRECTION('',(0.,0.,-1.));
#5647=DIRECTION('',(-1.,0.,0.));
#5648=DIRECTION('',(0.,0.,1.));
#5649=DIRECTION('',(-1.,0.,0.));
#5650=DIRECTION('',(0.,0.,1.));
#5651=DIRECTION('',(1.,0.,0.));
#5652=DIRECTION('',(1.,0.,0.));
#5653=DIRECTION('',(-1.,0.,0.));
#5654=DIRECTION('',(0.,0.,1.));
#5655=DIRECTION('',(1.,0.,0.));
#5656=DIRECTION('',(0.,-1.,0.));
#5657=DIRECTION('',(0.,0.,-1.));
#5658=DIRECTION('',(0.,0.,-1.));
#5659=DIRECTION('',(1.,0.,0.));
#5660=DIRECTION('',(1.,0.,0.));
#5661=DIRECTION('',(0.,-0.328011688970426,0.944673664234782));
#5662=DIRECTION('',(0.,-0.944673664234782,-0.328011688970426));
#5663=DIRECTION('',(0.,-0.944673664234782,-0.328011688970426));
#5664=DIRECTION('',(1.,0.,0.));
#5665=DIRECTION('',(1.,0.,0.));
#5666=DIRECTION('',(0.,0.,-1.));
#5667=DIRECTION('',(-1.,0.,0.));
#5668=DIRECTION('',(0.,1.,0.));
#5669=DIRECTION('',(0.,1.,0.));
#5670=DIRECTION('',(0.,0.0595922358582215,0.998222803499008));
#5671=DIRECTION('',(0.,-0.998222803499008,0.0595922358582215));
#5672=DIRECTION('',(0.,-0.998222803499007,0.0595922358582215));
#5673=DIRECTION('',(0.,0.,-1.));
#5674=DIRECTION('',(-1.,0.,0.));
#5675=DIRECTION('',(0.,1.,0.));
#5676=DIRECTION('',(0.,1.,0.));
#5677=DIRECTION('',(-1.,0.,0.));
#5678=DIRECTION('',(0.,-1.,0.));
#5679=DIRECTION('',(-1.,0.,0.));
#5680=DIRECTION('',(0.,0.,1.));
#5681=DIRECTION('',(-1.,0.,0.));
#5682=DIRECTION('',(0.,0.,1.));
#5683=DIRECTION('',(0.,0.989487177932634,0.14462062338032));
#5684=DIRECTION('',(0.,0.,-1.));
#5685=DIRECTION('',(0.,0.989142110264669,-0.14696219140023));
#5686=DIRECTION('',(-1.,0.,0.));
#5687=DIRECTION('',(0.,0.,1.));
#5688=DIRECTION('',(0.,0.,-1.));
#5689=DIRECTION('',(-1.,0.,0.));
#5690=DIRECTION('',(0.,0.,1.));
#5691=DIRECTION('',(-1.,0.,0.));
#5692=DIRECTION('',(0.,0.,1.));
#5693=DIRECTION('',(-1.,0.,0.));
#5694=DIRECTION('',(0.,0.,1.));
#5695=DIRECTION('',(0.,1.,0.));
#5696=DIRECTION('',(-1.,0.,0.));
#5697=DIRECTION('',(0.,0.,1.));
#5698=DIRECTION('',(-1.,0.,0.));
#5699=DIRECTION('',(0.,0.,1.));
#5700=DIRECTION('',(0.,0.989487177932635,0.144620623380313));
#5701=DIRECTION('',(-1.,0.,0.));
#5702=DIRECTION('',(0.,0.,1.));
#5703=DIRECTION('',(0.,0.,-1.));
#5704=DIRECTION('',(-1.,0.,0.));
#5705=DIRECTION('',(0.,0.,1.));
#5706=DIRECTION('',(-1.,0.,0.));
#5707=DIRECTION('',(0.,0.,1.));
#5708=DIRECTION('',(-1.,0.,0.));
#5709=DIRECTION('',(0.,0.,1.));
#5710=DIRECTION('',(-1.,0.,0.));
#5711=DIRECTION('',(0.,0.,1.));
#5712=DIRECTION('',(-1.,0.,0.));
#5713=DIRECTION('',(0.,0.,1.));
#5714=DIRECTION('',(0.,-0.999993161705923,0.00369818082199382));
#5715=DIRECTION('',(-1.,0.,0.));
#5716=DIRECTION('',(0.,0.,1.));
#5717=DIRECTION('',(-1.,0.,0.));
#5718=DIRECTION('',(0.,0.,1.));
#5719=DIRECTION('',(-1.,0.,0.));
#5720=DIRECTION('',(0.,0.,1.));
#5721=DIRECTION('',(-1.,0.,0.));
#5722=DIRECTION('',(0.,0.,1.));
#5723=DIRECTION('',(0.,-0.847998304005088,0.52999894000318));
#5724=DIRECTION('',(-1.,0.,0.));
#5725=DIRECTION('',(0.,0.,1.));
#5726=DIRECTION('',(0.,-0.847998304005087,-0.529998940003182));
#5727=DIRECTION('',(-1.,0.,0.));
#5728=DIRECTION('',(0.,0.,1.));
#5729=DIRECTION('',(-1.,0.,0.));
#5730=DIRECTION('',(0.,0.,1.));
#5731=DIRECTION('',(-1.,0.,0.));
#5732=DIRECTION('',(0.,0.,1.));
#5733=DIRECTION('',(-1.,0.,0.));
#5734=DIRECTION('',(0.,0.,1.));
#5735=DIRECTION('',(0.,-0.847998304005088,0.52999894000318));
#5736=DIRECTION('',(-1.,0.,0.));
#5737=DIRECTION('',(0.,0.,1.));
#5738=DIRECTION('',(-1.,0.,0.));
#5739=DIRECTION('',(0.,0.,1.));
#5740=DIRECTION('',(0.,-0.847998304005086,-0.529998940003183));
#5741=DIRECTION('',(-1.,0.,0.));
#5742=DIRECTION('',(0.,0.,1.));
#5743=DIRECTION('',(0.,-0.847998304005086,-0.529998940003183));
#5744=DIRECTION('',(-1.,0.,0.));
#5745=DIRECTION('',(0.,0.,1.));
#5746=DIRECTION('',(-1.,0.,0.));
#5747=DIRECTION('',(0.,0.,1.));
#5748=DIRECTION('',(-1.,0.,0.));
#5749=DIRECTION('',(0.,0.,1.));
#5750=DIRECTION('',(-1.,0.,0.));
#5751=DIRECTION('',(0.,0.,1.));
#5752=DIRECTION('',(0.,-0.847998304005088,0.52999894000318));
#5753=DIRECTION('',(-1.,0.,0.));
#5754=DIRECTION('',(0.,0.,1.));
#5755=DIRECTION('',(0.,0.989142110264669,-0.146962191400232));
#5756=DIRECTION('',(-1.,0.,0.));
#5757=DIRECTION('',(0.,0.,1.));
#5758=DIRECTION('',(-1.,0.,0.));
#5759=DIRECTION('',(0.,0.,1.));
#5760=DIRECTION('',(0.,1.,0.));
#5761=DIRECTION('',(-1.,0.,0.));
#5762=DIRECTION('',(0.,0.,1.));
#5763=DIRECTION('',(-1.,0.,0.));
#5764=DIRECTION('',(0.,0.,1.));
#5765=DIRECTION('',(-1.,0.,0.));
#5766=DIRECTION('',(0.,0.,1.));
#5767=DIRECTION('',(-1.,0.,0.));
#5768=DIRECTION('',(0.,0.,1.));
#5769=DIRECTION('',(-1.,0.,0.));
#5770=DIRECTION('',(0.,0.,1.));
#5771=DIRECTION('',(-1.,0.,0.));
#5772=DIRECTION('',(0.,0.,1.));
#5773=DIRECTION('',(-1.,0.,0.));
#5774=DIRECTION('',(0.,0.,1.));
#5775=DIRECTION('',(-1.,0.,0.));
#5776=DIRECTION('',(0.,0.,1.));
#5777=DIRECTION('',(-1.,0.,0.));
#5778=DIRECTION('',(0.,0.,1.));
#5779=DIRECTION('',(-1.,0.,0.));
#5780=DIRECTION('',(0.,0.,1.));
#5781=DIRECTION('',(-1.,0.,0.));
#5782=DIRECTION('',(0.,0.,1.));
#5783=DIRECTION('',(-1.,0.,0.));
#5784=DIRECTION('',(0.,0.,1.));
#5785=DIRECTION('',(-1.,0.,0.));
#5786=DIRECTION('',(0.,0.,1.));
#5787=DIRECTION('',(-1.,0.,0.));
#5788=DIRECTION('',(0.,0.,1.));
#5789=DIRECTION('',(-1.,0.,0.));
#5790=DIRECTION('',(0.,0.,1.));
#5791=DIRECTION('',(0.,-0.847998304005087,-0.529998940003182));
#5792=DIRECTION('',(-1.,0.,0.));
#5793=DIRECTION('',(0.,0.,1.));
#5794=DIRECTION('',(0.,-0.847998304005088,0.52999894000318));
#5795=DIRECTION('',(-1.,0.,0.));
#5796=DIRECTION('',(0.,0.,1.));
#5797=DIRECTION('',(-1.,0.,0.));
#5798=DIRECTION('',(0.,0.,1.));
#5799=DIRECTION('',(-1.,0.,0.));
#5800=DIRECTION('',(0.,0.,1.));
#5801=DIRECTION('',(-1.,0.,0.));
#5802=DIRECTION('',(0.,0.,1.));
#5803=DIRECTION('',(-1.,0.,0.));
#5804=DIRECTION('',(0.,0.,1.));
#5805=DIRECTION('',(-1.,0.,0.));
#5806=DIRECTION('',(0.,0.,1.));
#5807=DIRECTION('',(-1.,0.,0.));
#5808=DIRECTION('',(0.,0.,1.));
#5809=DIRECTION('',(-1.,0.,0.));
#5810=DIRECTION('',(0.,0.,1.));
#5811=DIRECTION('',(-1.,0.,0.));
#5812=DIRECTION('',(0.,0.,1.));
#5813=DIRECTION('',(-1.,0.,0.));
#5814=DIRECTION('',(0.,0.,1.));
#5815=DIRECTION('',(-1.,0.,0.));
#5816=DIRECTION('',(0.,0.,1.));
#5817=DIRECTION('',(-1.,0.,0.));
#5818=DIRECTION('',(0.,0.,1.));
#5819=DIRECTION('',(-1.,0.,0.));
#5820=DIRECTION('',(0.,0.,1.));
#5821=DIRECTION('',(0.,0.999993161705923,-0.00369818082193797));
#5822=DIRECTION('',(-1.,0.,0.));
#5823=DIRECTION('',(0.,0.,1.));
#5824=DIRECTION('',(-1.,0.,0.));
#5825=DIRECTION('',(0.,0.,1.));
#5826=DIRECTION('',(-1.,0.,0.));
#5827=DIRECTION('',(0.,0.,1.));
#5828=DIRECTION('',(-1.,0.,0.));
#5829=DIRECTION('',(0.,0.,1.));
#5830=DIRECTION('',(-1.,0.,0.));
#5831=DIRECTION('',(0.,0.,1.));
#5832=DIRECTION('',(-1.,0.,0.));
#5833=DIRECTION('',(0.,0.,1.));
#5834=DIRECTION('',(-1.,0.,0.));
#5835=DIRECTION('',(0.,0.,1.));
#5836=DIRECTION('',(-1.,0.,0.));
#5837=DIRECTION('',(0.,0.,1.));
#5838=DIRECTION('',(-1.,0.,0.));
#5839=DIRECTION('',(0.,0.,1.));
#5840=DIRECTION('',(-1.,0.,0.));
#5841=DIRECTION('',(0.,0.,1.));
#5842=DIRECTION('',(-1.,0.,0.));
#5843=DIRECTION('',(0.,0.,1.));
#5844=DIRECTION('',(-1.,0.,0.));
#5845=DIRECTION('',(0.,0.,1.));
#5846=DIRECTION('',(-1.,0.,0.));
#5847=DIRECTION('',(0.,0.,1.));
#5848=DIRECTION('',(-1.,0.,0.));
#5849=DIRECTION('',(0.,0.,1.));
#5850=DIRECTION('',(-1.,0.,0.));
#5851=DIRECTION('',(0.,0.,1.));
#5852=DIRECTION('',(-1.,0.,0.));
#5853=DIRECTION('',(0.,0.,1.));
#5854=DIRECTION('',(-1.,0.,0.));
#5855=DIRECTION('',(0.,0.,1.));
#5856=DIRECTION('',(-1.,0.,0.));
#5857=DIRECTION('',(0.,0.,1.));
#5858=DIRECTION('',(-1.,0.,0.));
#5859=DIRECTION('',(0.,0.,1.));
#5860=DIRECTION('',(-1.,0.,0.));
#5861=DIRECTION('',(0.,0.,1.));
#5862=DIRECTION('',(-1.,0.,0.));
#5863=DIRECTION('',(0.,0.,1.));
#5864=DIRECTION('',(-1.,0.,0.));
#5865=DIRECTION('',(0.,0.,1.));
#5866=DIRECTION('',(0.,0.529998940003183,-0.847998304005086));
#5867=DIRECTION('',(0.,0.847998304005086,0.529998940003183));
#5868=DIRECTION('',(-1.,0.,0.));
#5869=DIRECTION('',(1.,0.,0.));
#5870=DIRECTION('',(0.,-0.52999894000318,-0.847998304005088));
#5871=DIRECTION('',(0.,0.847998304005088,-0.52999894000318));
#5872=DIRECTION('',(-1.,0.,0.));
#5873=DIRECTION('',(-1.,0.,0.));
#5874=DIRECTION('',(0.,-0.52999894000318,-0.847998304005088));
#5875=DIRECTION('',(0.,0.847998304005088,-0.52999894000318));
#5876=DIRECTION('',(-1.,0.,0.));
#5877=DIRECTION('',(1.,0.,0.));
#5878=DIRECTION('',(0.,0.529998940003182,-0.847998304005087));
#5879=DIRECTION('',(0.,0.847998304005087,0.529998940003182));
#5880=DIRECTION('',(1.,0.,0.));
#5881=DIRECTION('',(-1.,0.,0.));
#5882=DIRECTION('',(0.,0.529998940003182,-0.847998304005087));
#5883=DIRECTION('',(0.,0.847998304005087,0.529998940003182));
#5884=DIRECTION('',(-1.,0.,0.));
#5885=DIRECTION('',(-1.,0.,0.));
#5886=DIRECTION('',(0.,-0.52999894000318,-0.847998304005088));
#5887=DIRECTION('',(0.,0.847998304005088,-0.52999894000318));
#5888=DIRECTION('',(1.,0.,0.));
#5889=DIRECTION('',(-1.,0.,0.));
#5890=DIRECTION('',(0.,-0.52999894000318,-0.847998304005088));
#5891=DIRECTION('',(0.,0.847998304005088,-0.52999894000318));
#5892=DIRECTION('',(-1.,0.,0.));
#5893=DIRECTION('',(-1.,0.,0.));
#5894=DIRECTION('',(0.,0.529998940003183,-0.847998304005086));
#5895=DIRECTION('',(0.,0.847998304005086,0.529998940003183));
#5896=DIRECTION('',(-1.,0.,0.));
#5897=DIRECTION('',(-1.,0.,0.));
#5898=DIRECTION('',(0.,0.00369818082193797,0.999993161705923));
#5899=DIRECTION('',(0.,-0.999993161705923,0.00369818082193797));
#5900=DIRECTION('',(-1.,0.,0.));
#5901=DIRECTION('',(-1.,0.,0.));
#5902=DIRECTION('',(0.,-0.00369818082199382,-0.999993161705923));
#5903=DIRECTION('',(0.,0.999993161705923,-0.00369818082199382));
#5904=DIRECTION('',(-1.,0.,0.));
#5905=DIRECTION('',(-1.,0.,0.));
#5906=DIRECTION('',(0.,1.,0.));
#5907=DIRECTION('',(0.,0.,1.));
#5908=DIRECTION('',(-1.,0.,0.));
#5909=DIRECTION('',(-1.,0.,0.));
#5910=DIRECTION('',(0.,1.,0.));
#5911=DIRECTION('',(0.,0.,1.));
#5912=DIRECTION('',(1.,0.,0.));
#5913=DIRECTION('',(0.,0.,-1.));
#5914=DIRECTION('',(-1.,0.,0.));
#5915=DIRECTION('',(0.,0.,1.));
#5916=DIRECTION('',(1.,0.,0.));
#5917=DIRECTION('',(0.,0.,-1.));
#5918=DIRECTION('',(1.,0.,0.));
#5919=DIRECTION('',(0.,0.,-1.));
#5920=DIRECTION('',(1.,0.,0.));
#5921=DIRECTION('',(0.,0.,-1.));
#5922=DIRECTION('',(-1.,0.,0.));
#5923=DIRECTION('',(0.,0.,1.));
#5924=DIRECTION('',(1.,0.,0.));
#5925=DIRECTION('',(0.,0.,-1.));
#5926=DIRECTION('',(1.,0.,0.));
#5927=DIRECTION('',(0.,0.,-1.));
#5928=DIRECTION('',(1.,0.,0.));
#5929=DIRECTION('',(0.,0.,-1.));
#5930=DIRECTION('',(-1.,0.,0.));
#5931=DIRECTION('',(0.,0.,1.));
#5932=DIRECTION('',(1.,0.,0.));
#5933=DIRECTION('',(0.,0.,-1.));
#5934=DIRECTION('',(1.,0.,0.));
#5935=DIRECTION('',(0.,0.,-1.));
#5936=DIRECTION('',(1.,0.,0.));
#5937=DIRECTION('',(0.,0.,-1.));
#5938=DIRECTION('',(-1.,0.,0.));
#5939=DIRECTION('',(0.,0.,1.));
#5940=DIRECTION('',(1.,0.,0.));
#5941=DIRECTION('',(0.,0.,-1.));
#5942=DIRECTION('',(1.,0.,0.));
#5943=DIRECTION('',(0.,0.,-1.));
#5944=DIRECTION('',(1.,0.,0.));
#5945=DIRECTION('',(0.,0.,-1.));
#5946=DIRECTION('',(1.,0.,0.));
#5947=DIRECTION('',(0.,0.,-1.));
#5948=DIRECTION('',(1.,0.,0.));
#5949=DIRECTION('',(0.,0.,-1.));
#5950=DIRECTION('',(1.,0.,0.));
#5951=DIRECTION('',(0.,0.,-1.));
#5952=DIRECTION('',(1.,0.,0.));
#5953=DIRECTION('',(0.,0.,-1.));
#5954=DIRECTION('',(1.,0.,0.));
#5955=DIRECTION('',(0.,0.,-1.));
#5956=DIRECTION('',(1.,0.,0.));
#5957=DIRECTION('',(0.,0.,-1.));
#5958=DIRECTION('',(1.,0.,0.));
#5959=DIRECTION('',(0.,0.,-1.));
#5960=DIRECTION('',(1.,0.,0.));
#5961=DIRECTION('',(0.,0.,-1.));
#5962=DIRECTION('',(-1.,0.,0.));
#5963=DIRECTION('',(0.,0.,1.));
#5964=DIRECTION('',(1.,0.,0.));
#5965=DIRECTION('',(0.,0.,-1.));
#5966=DIRECTION('',(1.,0.,0.));
#5967=DIRECTION('',(0.,0.,-1.));
#5968=DIRECTION('',(1.,0.,0.));
#5969=DIRECTION('',(0.,0.,-1.));
#5970=DIRECTION('',(1.,0.,0.));
#5971=DIRECTION('',(0.,0.,-1.));
#5972=DIRECTION('',(1.,0.,0.));
#5973=DIRECTION('',(0.,0.,-1.));
#5974=DIRECTION('',(1.,0.,0.));
#5975=DIRECTION('',(0.,0.,-1.));
#5976=DIRECTION('',(1.,0.,0.));
#5977=DIRECTION('',(0.,0.,-1.));
#5978=DIRECTION('',(1.,0.,0.));
#5979=DIRECTION('',(0.,0.,-1.));
#5980=DIRECTION('',(1.,0.,0.));
#5981=DIRECTION('',(0.,0.,-1.));
#5982=DIRECTION('',(1.,0.,0.));
#5983=DIRECTION('',(0.,0.,-1.));
#5984=DIRECTION('',(-1.,0.,0.));
#5985=DIRECTION('',(0.,0.,1.));
#5986=DIRECTION('',(1.,0.,0.));
#5987=DIRECTION('',(0.,0.,-1.));
#5988=DIRECTION('',(1.,0.,0.));
#5989=DIRECTION('',(0.,0.,-1.));
#5990=DIRECTION('',(1.,0.,0.));
#5991=DIRECTION('',(0.,0.,-1.));
#5992=DIRECTION('',(1.,0.,0.));
#5993=DIRECTION('',(0.,0.,-1.));
#5994=DIRECTION('',(1.,0.,0.));
#5995=DIRECTION('',(0.,0.,-1.));
#5996=DIRECTION('',(1.,0.,0.));
#5997=DIRECTION('',(0.,0.,-1.));
#5998=DIRECTION('',(-1.,0.,0.));
#5999=DIRECTION('',(0.,0.,1.));
#6000=DIRECTION('',(1.,0.,0.));
#6001=DIRECTION('',(0.,0.,-1.));
#6002=DIRECTION('',(1.,0.,0.));
#6003=DIRECTION('',(0.,0.,-1.));
#6004=DIRECTION('',(1.,0.,0.));
#6005=DIRECTION('',(0.,0.,-1.));
#6006=DIRECTION('',(1.,0.,0.));
#6007=DIRECTION('',(0.,0.,-1.));
#6008=DIRECTION('',(1.,0.,0.));
#6009=DIRECTION('',(0.,0.,-1.));
#6010=DIRECTION('',(-1.,0.,0.));
#6011=DIRECTION('',(0.,0.,1.));
#6012=DIRECTION('',(1.,0.,0.));
#6013=DIRECTION('',(0.,0.,-1.));
#6014=DIRECTION('',(1.,0.,0.));
#6015=DIRECTION('',(0.,0.,-1.));
#6016=DIRECTION('',(1.,0.,0.));
#6017=DIRECTION('',(0.,0.,-1.));
#6018=DIRECTION('',(-1.,0.,0.));
#6019=DIRECTION('',(0.,0.,1.));
#6020=DIRECTION('',(1.,0.,0.));
#6021=DIRECTION('',(0.,0.,-1.));
#6022=DIRECTION('',(-1.,0.,0.));
#6023=DIRECTION('',(0.,0.,1.));
#6024=DIRECTION('',(1.,0.,0.));
#6025=DIRECTION('',(0.,0.,-1.));
#6026=DIRECTION('',(1.,0.,0.));
#6027=DIRECTION('',(0.,0.,-1.));
#6028=DIRECTION('',(1.,0.,0.));
#6029=DIRECTION('',(0.,0.,-1.));
#6030=DIRECTION('',(1.,0.,0.));
#6031=DIRECTION('',(0.,0.,-1.));
#6032=DIRECTION('',(1.,0.,0.));
#6033=DIRECTION('',(0.,0.,-1.));
#6034=DIRECTION('',(1.,0.,0.));
#6035=DIRECTION('',(0.,0.,-1.));
#6036=DIRECTION('',(1.,0.,0.));
#6037=DIRECTION('',(0.,0.,-1.));
#6038=DIRECTION('',(1.,0.,0.));
#6039=DIRECTION('',(0.,0.,-1.));
#6040=DIRECTION('',(-1.,0.,0.));
#6041=DIRECTION('',(0.,0.,1.));
#6042=DIRECTION('',(-1.,0.,0.));
#6043=DIRECTION('',(0.,0.,1.));
#6044=DIRECTION('',(-1.,0.,0.));
#6045=DIRECTION('',(0.,0.,1.));
#6046=DIRECTION('',(-1.,0.,0.));
#6047=DIRECTION('',(0.,0.,1.));
#6048=DIRECTION('',(1.,0.,0.));
#6049=DIRECTION('',(0.,1.,0.));
#6050=DIRECTION('',(1.,0.,0.));
#6051=DIRECTION('',(0.,1.,0.));
#6052=DIRECTION('',(1.,0.,0.));
#6053=DIRECTION('',(0.,1.,0.));
#6054=DIRECTION('',(1.,0.,0.));
#6055=DIRECTION('',(0.,1.,0.));
#6056=DIRECTION('',(1.,0.,0.));
#6057=DIRECTION('',(0.,1.,0.));
#6058=DIRECTION('',(1.,0.,0.));
#6059=DIRECTION('',(0.,1.,0.));
#6060=DIRECTION('',(0.,0.14696219140023,0.989142110264669));
#6061=DIRECTION('',(0.,-0.989142110264669,0.14696219140023));
#6062=DIRECTION('',(-1.,0.,0.));
#6063=DIRECTION('',(-1.,0.,0.));
#6064=DIRECTION('',(0.,0.,1.));
#6065=DIRECTION('',(-1.,0.,0.));
#6066=DIRECTION('',(-1.,0.,0.));
#6067=DIRECTION('',(-1.,0.,0.));
#6068=DIRECTION('',(-1.,0.,0.));
#6069=DIRECTION('',(0.,0.,1.));
#6070=DIRECTION('',(0.,1.,0.));
#6071=DIRECTION('',(0.,0.,1.));
#6072=DIRECTION('',(-1.,0.,0.));
#6073=DIRECTION('',(-1.,0.,0.));
#6074=DIRECTION('',(0.,0.,1.));
#6075=DIRECTION('',(-1.,0.,0.));
#6076=DIRECTION('',(-1.,0.,0.));
#6077=DIRECTION('',(-1.,0.,0.));
#6078=DIRECTION('',(-1.,0.,0.));
#6079=DIRECTION('',(0.,0.,1.));
#6080=DIRECTION('',(-1.,0.,0.));
#6081=DIRECTION('',(0.,-0.14462062338032,0.989487177932634));
#6082=DIRECTION('',(0.,-0.989487177932634,-0.14462062338032));
#6083=DIRECTION('',(0.,0.989487177932634,0.14462062338032));
#6084=DIRECTION('',(0.,-0.144620623380313,0.989487177932635));
#6085=DIRECTION('',(0.,-0.989487177932635,-0.144620623380313));
#6086=DIRECTION('',(-1.,0.,0.));
#6087=DIRECTION('',(-1.,0.,0.));
#6088=DIRECTION('',(0.,0.,1.));
#6089=DIRECTION('',(1.,0.,0.));
#6090=DIRECTION('',(1.,0.,0.));
#6091=DIRECTION('',(-1.,0.,0.));
#6092=DIRECTION('',(0.,0.,1.));
#6093=DIRECTION('',(1.,0.,0.));
#6094=DIRECTION('',(-1.,0.,0.));
#6095=DIRECTION('',(-1.,0.,0.));
#6096=DIRECTION('',(0.,0.146962191400232,0.989142110264668));
#6097=DIRECTION('',(0.,-0.989142110264669,0.146962191400232));
#6098=DIRECTION('',(1.,0.,0.));
#6099=DIRECTION('',(1.,0.,0.));
#6100=DIRECTION('',(-1.,0.,0.));
#6101=DIRECTION('',(0.,0.,1.));
#6102=DIRECTION('',(-1.,0.,0.));
#6103=DIRECTION('',(0.,0.,1.));
#6104=DIRECTION('',(-1.,0.,0.));
#6105=DIRECTION('',(0.,0.,1.));
#6106=DIRECTION('',(-1.,0.,0.));
#6107=DIRECTION('',(0.,0.,1.));
#6108=DIRECTION('',(1.,0.,0.));
#6109=DIRECTION('',(0.,0.,-1.));
#6110=DIRECTION('',(-1.,0.,0.));
#6111=DIRECTION('',(0.,0.,1.));
#6112=DIRECTION('',(1.,0.,0.));
#6113=DIRECTION('',(0.,0.,-1.));
#6114=DIRECTION('',(1.,0.,0.));
#6115=DIRECTION('',(0.,0.,-1.));
#6116=DIRECTION('',(1.,0.,0.));
#6117=DIRECTION('',(0.,0.,-1.));
#6118=DIRECTION('',(-1.,0.,0.));
#6119=DIRECTION('',(0.,0.,1.));
#6120=DIRECTION('',(-1.,0.,0.));
#6121=DIRECTION('',(0.,0.,1.));
#6122=DIRECTION('',(-1.,0.,0.));
#6123=DIRECTION('',(0.,0.,1.));
#6124=DIRECTION('',(1.,0.,0.));
#6125=DIRECTION('',(0.,1.,0.));
#6126=DIRECTION('',(1.,0.,0.));
#6127=DIRECTION('',(0.,1.,0.));
#6128=DIRECTION('',(-1.,0.,0.));
#6129=DIRECTION('',(0.,0.,1.));
#6130=DIRECTION('',(-1.,0.,0.));
#6131=DIRECTION('',(0.,0.,1.));
#6132=CARTESIAN_POINT('',(0.,0.,0.));
#6133=CARTESIAN_POINT('',(-0.01,0.164771419763565,0.0750001470744607));
#6134=CARTESIAN_POINT('',(-0.006,0.164771419763565,0.0750001470744607));
#6135=CARTESIAN_POINT('',(-0.006,0.164521419763565,0.0819956813642773));
#6136=CARTESIAN_POINT('',(-0.006,0.164521419763565,0.0680046127846441));
#6137=CARTESIAN_POINT('',(0.015,0.164521419763565,0.0819956813642773));
#6138=CARTESIAN_POINT('',(-0.01,0.164521419763565,0.0819956813642773));
#6139=CARTESIAN_POINT('',(-0.01,0.164771419763565,0.0750001470744607));
#6140=CARTESIAN_POINT('',(-0.01,0.164521419763565,0.0680046127846441));
#6141=CARTESIAN_POINT('',(0.015,0.164521419763565,0.0680046127846441));
#6142=CARTESIAN_POINT('',(-0.01,0.0957714197635648,0.0750001470744607));
#6143=CARTESIAN_POINT('',(-0.006,0.0957714197635648,0.0750001470744607));
#6144=CARTESIAN_POINT('',(-0.006,0.095521419763565,0.0819956813642773));
#6145=CARTESIAN_POINT('',(-0.006,0.095521419763565,0.0680046127846441));
#6146=CARTESIAN_POINT('',(0.015,0.095521419763565,0.0819956813642773));
#6147=CARTESIAN_POINT('',(-0.01,0.095521419763565,0.0819956813642773));
#6148=CARTESIAN_POINT('',(-0.01,0.0957714197635648,0.0750001470744607));
#6149=CARTESIAN_POINT('',(-0.01,0.095521419763565,0.0680046127846441));
#6150=CARTESIAN_POINT('',(0.015,0.095521419763565,0.0680046127846441));
#6151=CARTESIAN_POINT('',(-0.01,0.0957714197635651,0.0750001470744601));
#6152=CARTESIAN_POINT('',(-0.006,0.0943252135297621,0.0848950188537862));
#6153=CARTESIAN_POINT('',(-0.006,0.0943252135297621,0.0848950188537862));
#6154=CARTESIAN_POINT('',(-0.01,0.0943252135297621,0.0848950188537862));
#6155=CARTESIAN_POINT('',(-0.006,0.0957714197635651,0.0750001470744601));
#6156=CARTESIAN_POINT('',(-0.006,0.0963673421221474,0.0849823751094511));
#6157=CARTESIAN_POINT('',(-0.01,0.0963673421221474,0.0849823751094511));
#6158=CARTESIAN_POINT('',(-0.01,0.0963673421221474,0.0849823751094511));
#6159=CARTESIAN_POINT('',(-0.01,0.0957714197635651,0.0750001470744601));
#6160=CARTESIAN_POINT('',(-0.01,0.0957714197635651,0.0750001470744601));
#6161=CARTESIAN_POINT('',(-0.01,0.0957714197635651,0.0750001470744601));
#6162=CARTESIAN_POINT('',(-0.01,0.0859380981032092,0.0768183288926427));
#6163=CARTESIAN_POINT('',(-0.01,0.0878323409130015,0.0810805275727947));
#6164=CARTESIAN_POINT('',(-0.01,0.0859380981032092,0.0768183288926427));
#6165=CARTESIAN_POINT('',(-0.006,0.0859380981032092,0.0768183288926427));
#6166=CARTESIAN_POINT('',(-0.006,0.0957714197635651,0.0750001470744601));
#6167=CARTESIAN_POINT('',(-0.006,0.0878323409130015,0.0810805275727947));
#6168=CARTESIAN_POINT('',(-0.01,0.0878323409130015,0.0810805275727947));
#6169=CARTESIAN_POINT('',(-0.01,0.0957714197635651,0.0750001470744601));
#6170=CARTESIAN_POINT('',(-0.01,0.0957714197635651,0.0750001470744601));
#6171=CARTESIAN_POINT('',(-0.01,0.0879232634711833,0.0688028538903076));
#6172=CARTESIAN_POINT('',(-0.01,0.0859380981032089,0.073181965256279));
#6173=CARTESIAN_POINT('',(-0.01,0.0879232634711833,0.0688028538903076));
#6174=CARTESIAN_POINT('',(-0.006,0.0879232634711833,0.0688028538903076));
#6175=CARTESIAN_POINT('',(-0.006,0.0957714197635651,0.0750001470744601));
#6176=CARTESIAN_POINT('',(-0.006,0.0859380981032089,0.073181965256279));
#6177=CARTESIAN_POINT('',(-0.01,0.0859380981032089,0.073181965256279));
#6178=CARTESIAN_POINT('',(-0.006,0.133571419763565,0.0774923437974392));
#6179=CARTESIAN_POINT('',(-0.006,0.178018307698046,0.0736106025227196));
#6180=CARTESIAN_POINT('',(-0.006,0.18006905695367,0.0735503639465199));
#6181=CARTESIAN_POINT('',(-0.006,0.175554048879925,0.0736829875021041));
#6182=CARTESIAN_POINT('',(-0.006,0.180039695682382,0.0725507950815844));
#6183=CARTESIAN_POINT('',(-0.006,0.18100236216531,0.072280104773947));
#6184=CARTESIAN_POINT('',(-0.006,0.180428258018664,0.0702383958390809));
#6185=CARTESIAN_POINT('',(-0.006,0.179700191664547,0.067649145109814));
#6186=CARTESIAN_POINT('',(-0.006,0.17873752518162,0.0679198354174513));
#6187=CARTESIAN_POINT('',(-0.006,0.178797117417478,0.0669216126139523));
#6188=CARTESIAN_POINT('',(-0.006,0.174680418179568,0.0666758525380624));
#6189=CARTESIAN_POINT('',(-0.006,0.172942597764461,0.066572107558792));
#6190=CARTESIAN_POINT('',(-0.006,0.172883005528604,0.067570330362291));
#6191=CARTESIAN_POINT('',(-0.006,0.172145588640873,0.0682457682452155));
#6192=CARTESIAN_POINT('',(-0.006,0.164771419763565,0.0750001470744606));
#6193=CARTESIAN_POINT('',(-0.006,0.17454711780454,0.0728940303132861));
#6194=CARTESIAN_POINT('',(-0.006,0.175524687608637,0.0726834186371687));
#6195=CARTESIAN_POINT('',(-0.006,0.164771419763565,0.0750001470744606));
#6196=CARTESIAN_POINT('',(-0.006,0.172145588640873,0.081754525903706));
#6197=CARTESIAN_POINT('',(-0.006,0.174653886063767,0.0765288261857787));
#6198=CARTESIAN_POINT('',(-0.006,0.172883005528603,0.0824299637866305));
#6199=CARTESIAN_POINT('',(-0.006,0.172942597764461,0.0834281865901295));
#6200=CARTESIAN_POINT('',(-0.006,0.174230790583944,0.0833512836281251));
#6201=CARTESIAN_POINT('',(-0.006,0.17794211040543,0.08312972402703));
#6202=CARTESIAN_POINT('',(-0.006,0.177882518169571,0.0821315012235309));
#6203=CARTESIAN_POINT('',(-0.006,0.178827191833807,0.0824595129125014));
#6204=CARTESIAN_POINT('',(-0.006,0.179923055755872,0.079303424816953));
#6205=CARTESIAN_POINT('',(-0.006,0.180762070677946,0.0768870618413812));
#6206=CARTESIAN_POINT('',(-0.006,0.179817397013711,0.0765590501524108));
#6207=CARTESIAN_POINT('',(-0.006,0.179788035742423,0.0755594812874753));
#6208=CARTESIAN_POINT('',(-0.006,0.177992094302166,0.0756122351553616));
#6209=CARTESIAN_POINT('',(-0.006,0.1756127714225,0.0756821252319751));
#6210=CARTESIAN_POINT('',(-0.006,0.175642132693787,0.0766816940969105));
#6211=CARTESIAN_POINT('',(-0.006,0.164271419763565,0.0750001470744607));
#6212=CARTESIAN_POINT('',(-0.006,0.149571419763565,0.075000147074461));
#6213=CARTESIAN_POINT('',(-0.006,0.149571419763565,0.0765360454593235));
#6214=CARTESIAN_POINT('',(-0.006,0.149571419763565,0.0734642486895988));
#6215=CARTESIAN_POINT('',(-0.006,0.148651449613434,0.0734642486895988));
#6216=CARTESIAN_POINT('',(-0.006,0.14816386640903,0.0726841155625524));
#6217=CARTESIAN_POINT('',(-0.006,0.147779817346772,0.0729241462264635));
#6218=CARTESIAN_POINT('',(-0.006,0.145815013276384,0.0741521487704559));
#6219=CARTESIAN_POINT('',(-0.006,0.146345012216388,0.075000147074461));
#6220=CARTESIAN_POINT('',(-0.006,0.145815013276384,0.0758481453784661));
#6221=CARTESIAN_POINT('',(-0.006,0.147779817346772,0.0770761479224585));
#6222=CARTESIAN_POINT('',(-0.006,0.14816386640903,0.0773161785863697));
#6223=CARTESIAN_POINT('',(-0.006,0.148651449613434,0.0765360454593234));
#6224=CARTESIAN_POINT('',(-0.006,0.198571419763565,0.070000147074461));
#6225=CARTESIAN_POINT('',(-0.006,0.196476374336261,0.0721474208477682));
#6226=CARTESIAN_POINT('',(-0.006,0.195664303413349,0.069259421398987));
#6227=CARTESIAN_POINT('',(-0.006,0.195778025860493,0.0728631787722039));
#6228=CARTESIAN_POINT('',(-0.006,0.195507335552856,0.0719005122892769));
#6229=CARTESIAN_POINT('',(-0.006,0.191057536307745,0.0731517426457354));
#6230=CARTESIAN_POINT('',(-0.006,0.189062649903155,0.0737126808565665));
#6231=CARTESIAN_POINT('',(-0.006,0.189333340210793,0.0746753473394936));
#6232=CARTESIAN_POINT('',(-0.006,0.189005328521822,0.0756200210037283));
#6233=CARTESIAN_POINT('',(-0.006,0.191111642686632,0.0763513800887318));
#6234=CARTESIAN_POINT('',(-0.006,0.195626985886481,0.0779192075886797));
#6235=CARTESIAN_POINT('',(-0.006,0.195954997575452,0.076974533924445));
#6236=CARTESIAN_POINT('',(-0.006,0.19660910312248,0.077730937211949));
#6237=CARTESIAN_POINT('',(-0.006,0.198571419763565,0.0800001470744612));
#6238=CARTESIAN_POINT('',(-0.006,0.195625068055569,0.0805649582046534));
#6239=CARTESIAN_POINT('',(-0.006,0.194642950819571,0.0807532285813841));
#6240=CARTESIAN_POINT('',(-0.006,0.194970962508541,0.0798085549171493));
#6241=CARTESIAN_POINT('',(-0.006,0.189423189148239,0.0778822447226));
#6242=CARTESIAN_POINT('',(-0.006,0.184219584502074,0.0760754375537925));
#6243=CARTESIAN_POINT('',(-0.006,0.183891572813103,0.0770201112180272));
#6244=CARTESIAN_POINT('',(-0.006,0.182946899148868,0.0766920995290568));
#6245=CARTESIAN_POINT('',(-0.006,0.182022573374616,0.0793541577589026));
#6246=CARTESIAN_POINT('',(-0.006,0.181261739180922,0.081545360236742));
#6247=CARTESIAN_POINT('',(-0.006,0.182206412845157,0.0818733719257125));
#6248=CARTESIAN_POINT('',(-0.006,0.182266005081015,0.0828715947292115));
#6249=CARTESIAN_POINT('',(-0.006,0.188566353242545,0.0824954744559471));
#6250=CARTESIAN_POINT('',(-0.006,0.194792593588995,0.0821237782955959));
#6251=CARTESIAN_POINT('',(-0.006,0.194733001353137,0.0811255554920968));
#6252=CARTESIAN_POINT('',(-0.006,0.195692605955744,0.0808442033876879));
#6253=CARTESIAN_POINT('',(-0.006,0.198571419763565,0.0800001470744612));
#6254=CARTESIAN_POINT('',(-0.006,0.198571419763565,0.083000147074461));
#6255=CARTESIAN_POINT('',(-0.006,0.188934979207354,0.0835754264974982));
#6256=CARTESIAN_POINT('',(-0.006,0.165367342122148,0.0849823751094511));
#6257=CARTESIAN_POINT('',(-0.006,0.164771419763565,0.0750001470744603));
#6258=CARTESIAN_POINT('',(-0.006,0.163325213529762,0.0848950188537873));
#6259=CARTESIAN_POINT('',(-0.006,0.150137709563097,0.0829675708918297));
#6260=CARTESIAN_POINT('',(-0.006,0.150216193738256,0.0829790419149921));
#6261=CARTESIAN_POINT('',(-0.006,0.150571419763564,0.0800001470744611));
#6262=CARTESIAN_POINT('',(-0.006,0.15333746940988,0.0811615984742704));
#6263=CARTESIAN_POINT('',(-0.006,0.154259485958652,0.0815487489408735));
#6264=CARTESIAN_POINT('',(-0.006,0.154114865335272,0.0825382361188062));
#6265=CARTESIAN_POINT('',(-0.006,0.155826289020874,0.0827883729227986));
#6266=CARTESIAN_POINT('',(-0.006,0.155999369783928,0.0828136699134077));
#6267=CARTESIAN_POINT('',(-0.006,0.156143990407308,0.0818241827354751));
#6268=CARTESIAN_POINT('',(-0.006,0.156928302166967,0.0812038158572011));
#6269=CARTESIAN_POINT('',(-0.006,0.164771419763565,0.0750001470744607));
#6270=CARTESIAN_POINT('',(-0.006,0.154938608117868,0.076821085058094));
#6271=CARTESIAN_POINT('',(-0.006,0.153955326953297,0.0770031788564573));
#6272=CARTESIAN_POINT('',(-0.006,0.153951628772476,0.0760031856947514));
#6273=CARTESIAN_POINT('',(-0.006,0.151476998771301,0.0760123373865452));
#6274=CARTESIAN_POINT('',(-0.006,0.152567721582743,0.0760083036687781));
#6275=CARTESIAN_POINT('',(-0.006,0.152570629416569,0.076794585919882));
#6276=CARTESIAN_POINT('',(-0.006,0.152071419763568,0.0774020708631099));
#6277=CARTESIAN_POINT('',(-0.006,0.150571419763564,0.0800001470744611));
#6278=CARTESIAN_POINT('',(-0.006,0.147573257132657,0.0798951668924039));
#6279=CARTESIAN_POINT('',(-0.006,0.146573869589021,0.0798601734983849));
#6280=CARTESIAN_POINT('',(-0.006,0.147103868529024,0.0790121751943798));
#6281=CARTESIAN_POINT('',(-0.006,0.146306420293563,0.0785137700472171));
#6282=CARTESIAN_POINT('',(-0.006,0.143101418703568,0.07651064405347));
#6283=CARTESIAN_POINT('',(-0.006,0.142571419763565,0.0773586423574751));
#6284=CARTESIAN_POINT('',(-0.006,0.142041420823562,0.07651064405347));
#6285=CARTESIAN_POINT('',(-0.006,0.138836419233567,0.0785137700472171));
#6286=CARTESIAN_POINT('',(-0.006,0.138038970998106,0.0790121751943797));
#6287=CARTESIAN_POINT('',(-0.006,0.13856896993811,0.0798601734983848));
#6288=CARTESIAN_POINT('',(-0.006,0.137569582394473,0.0798951668924039));
#6289=CARTESIAN_POINT('',(-0.006,0.134571419763565,0.080000147074461));
#6290=CARTESIAN_POINT('',(-0.006,0.135979585574464,0.0773511719803886));
#6291=CARTESIAN_POINT('',(-0.006,0.136448974178097,0.0764681802823645));
#6292=CARTESIAN_POINT('',(-0.006,0.1369789731181,0.0773161785863696));
#6293=CARTESIAN_POINT('',(-0.006,0.137363022180358,0.0770761479224584));
#6294=CARTESIAN_POINT('',(-0.006,0.139327826250746,0.0758481453784661));
#6295=CARTESIAN_POINT('',(-0.006,0.138797827310742,0.075000147074461));
#6296=CARTESIAN_POINT('',(-0.006,0.139327826250746,0.0741521487704559));
#6297=CARTESIAN_POINT('',(-0.006,0.137363022180358,0.0729241462264635));
#6298=CARTESIAN_POINT('',(-0.006,0.1369789731181,0.0726841155625524));
#6299=CARTESIAN_POINT('',(-0.006,0.136448974178097,0.0735321138665575));
#6300=CARTESIAN_POINT('',(-0.006,0.135979585574464,0.0726491221685333));
#6301=CARTESIAN_POINT('',(-0.006,0.134571419763565,0.070000147074461));
#6302=CARTESIAN_POINT('',(-0.006,0.137569582394473,0.0701051272565181));
#6303=CARTESIAN_POINT('',(-0.006,0.13856896993811,0.0701401206505371));
#6304=CARTESIAN_POINT('',(-0.006,0.138038970998106,0.0709881189545422));
#6305=CARTESIAN_POINT('',(-0.006,0.138836419233567,0.0714865241017049));
#6306=CARTESIAN_POINT('',(-0.006,0.142041420823562,0.0734896500954519));
#6307=CARTESIAN_POINT('',(-0.006,0.142571419763565,0.0726416517914468));
#6308=CARTESIAN_POINT('',(-0.006,0.143101418703568,0.0734896500954519));
#6309=CARTESIAN_POINT('',(-0.006,0.146306420293563,0.0714865241017049));
#6310=CARTESIAN_POINT('',(-0.006,0.147103868529024,0.0709881189545422));
#6311=CARTESIAN_POINT('',(-0.006,0.146573869589021,0.0701401206505371));
#6312=CARTESIAN_POINT('',(-0.006,0.147573257132657,0.0701051272565181));
#6313=CARTESIAN_POINT('',(-0.006,0.150571419763565,0.070000147074461));
#6314=CARTESIAN_POINT('',(-0.006,0.152071419763565,0.0725982232858143));
#6315=CARTESIAN_POINT('',(-0.006,0.152572181801529,0.0732143255866477));
#6316=CARTESIAN_POINT('',(-0.006,0.152575117944387,0.0740082626388267));
#6317=CARTESIAN_POINT('',(-0.006,0.155827728014272,0.0739962338163884));
#6318=CARTESIAN_POINT('',(-0.006,0.153957908267917,0.0740031487952015));
#6319=CARTESIAN_POINT('',(-0.006,0.153954210087095,0.0730031556334956));
#6320=CARTESIAN_POINT('',(-0.006,0.154937592784956,0.0731847003099469));
#6321=CARTESIAN_POINT('',(-0.006,0.164771419763565,0.0750001470744607));
#6322=CARTESIAN_POINT('',(-0.006,0.156913640948424,0.0688150591937322));
#6323=CARTESIAN_POINT('',(-0.006,0.156127863066911,0.0681965504056594));
#6324=CARTESIAN_POINT('',(-0.006,0.15598090087551,0.0672074082953947));
#6325=CARTESIAN_POINT('',(-0.006,0.155829831210371,0.0672298535323456));
#6326=CARTESIAN_POINT('',(-0.006,0.1541213883485,0.0674836861255161));
#6327=CARTESIAN_POINT('',(-0.006,0.1542683505399,0.0684728282357808));
#6328=CARTESIAN_POINT('',(-0.006,0.153344117845817,0.0688546579454508));
#6329=CARTESIAN_POINT('',(-0.006,0.150571419763565,0.070000147074461));
#6330=CARTESIAN_POINT('',(-0.006,0.150571419763565,0.067000147074461));
#6331=CARTESIAN_POINT('',(-0.006,0.156936608806564,0.0660544365231373));
#6332=CARTESIAN_POINT('',(-0.006,0.163301797849563,0.0651087259718137));
#6333=CARTESIAN_POINT('',(-0.006,0.164771419763565,0.0750001470744598));
#6334=CARTESIAN_POINT('',(-0.006,0.165367342122148,0.0650179190394703));
#6335=CARTESIAN_POINT('',(-0.006,0.172279869072089,0.0654305853649974));
#6336=CARTESIAN_POINT('',(-0.006,0.198571419763565,0.067000147074461));
#6337=CARTESIAN_POINT('',(-0.006,0.198571419763565,0.070000147074461));
#6338=CARTESIAN_POINT('',(-0.006,0.195692605955744,0.0691560907612341));
#6339=CARTESIAN_POINT('',(-0.006,0.194733001353137,0.0688747386568251));
#6340=CARTESIAN_POINT('',(-0.006,0.194792593588995,0.0678765158533261));
#6341=CARTESIAN_POINT('',(-0.006,0.188991523700521,0.0675302016599293));
#6342=CARTESIAN_POINT('',(-0.006,0.183023183542471,0.0671739017105252));
#6343=CARTESIAN_POINT('',(-0.006,0.182963591306613,0.0681721245140242));
#6344=CARTESIAN_POINT('',(-0.006,0.182000924823686,0.0684428148216615));
#6345=CARTESIAN_POINT('',(-0.006,0.182485400932606,0.07016577607545));
#6346=CARTESIAN_POINT('',(-0.006,0.183079534730226,0.0722787172381253));
#6347=CARTESIAN_POINT('',(-0.006,0.184042201213154,0.0720080269304879));
#6348=CARTESIAN_POINT('',(-0.006,0.184312891520791,0.072970693413415));
#6349=CARTESIAN_POINT('',(-0.006,0.189464061250699,0.0715222460605569));
#6350=CARTESIAN_POINT('',(-0.006,0.194965954937581,0.0699751793234227));
#6351=CARTESIAN_POINT('',(-0.006,0.194695264629943,0.0690125128404956));
#6352=CARTESIAN_POINT('',(-0.006,0.133571419763565,0.0774923437974392));
#6353=CARTESIAN_POINT('',(-0.006,0.204471419763565,0.073897582128442));
#6354=CARTESIAN_POINT('',(-0.006,0.205471419763565,0.073897582128442));
#6355=CARTESIAN_POINT('',(-0.006,0.204246419763565,0.0729232233649468));
#6356=CARTESIAN_POINT('',(-0.006,0.203571419763565,0.070000147074461));
#6357=CARTESIAN_POINT('',(-0.006,0.206571419763565,0.070000147074461));
#6358=CARTESIAN_POINT('',(-0.006,0.206571419763565,0.075000147074461));
#6359=CARTESIAN_POINT('',(-0.006,0.206571419763565,0.080000147074461));
#6360=CARTESIAN_POINT('',(-0.006,0.203571419763565,0.080000147074461));
#6361=CARTESIAN_POINT('',(-0.006,0.204246419763565,0.0770770707839752));
#6362=CARTESIAN_POINT('',(-0.006,0.204471419763565,0.07610271202048));
#6363=CARTESIAN_POINT('',(-0.006,0.205471419763565,0.07610271202048));
#6364=CARTESIAN_POINT('',(-0.006,0.205471419763565,0.075000147074461));
#6365=CARTESIAN_POINT('',(-0.006,0.133571419763565,0.0774923437974392));
#6366=CARTESIAN_POINT('',(-0.006,0.150571419763565,0.070000147074461));
#6367=CARTESIAN_POINT('',(-0.006,0.147648343473079,0.069325147074461));
#6368=CARTESIAN_POINT('',(-0.006,0.146673984709584,0.069100147074461));
#6369=CARTESIAN_POINT('',(-0.006,0.146673984709584,0.068100147074461));
#6370=CARTESIAN_POINT('',(-0.006,0.142571419763565,0.068100147074461));
#6371=CARTESIAN_POINT('',(-0.006,0.138468854817546,0.068100147074461));
#6372=CARTESIAN_POINT('',(-0.006,0.138468854817546,0.069100147074461));
#6373=CARTESIAN_POINT('',(-0.006,0.137494496054051,0.069325147074461));
#6374=CARTESIAN_POINT('',(-0.006,0.134571419763565,0.070000147074461));
#6375=CARTESIAN_POINT('',(-0.006,0.134571419763565,0.067000147074461));
#6376=CARTESIAN_POINT('',(-0.006,0.132071419763565,0.067000147074461));
#6377=CARTESIAN_POINT('',(-0.006,0.133571419763565,0.0774923437974392));
#6378=CARTESIAN_POINT('',(-0.006,0.109018307698047,0.0736106025227196));
#6379=CARTESIAN_POINT('',(-0.006,0.11106905695367,0.0735503639465199));
#6380=CARTESIAN_POINT('',(-0.006,0.106554048879924,0.0736829875021041));
#6381=CARTESIAN_POINT('',(-0.006,0.111039695682382,0.0725507950815844));
#6382=CARTESIAN_POINT('',(-0.006,0.112002362165309,0.072280104773947));
#6383=CARTESIAN_POINT('',(-0.006,0.111428258018664,0.0702383958390809));
#6384=CARTESIAN_POINT('',(-0.006,0.110700191664547,0.067649145109814));
#6385=CARTESIAN_POINT('',(-0.006,0.10973752518162,0.0679198354174514));
#6386=CARTESIAN_POINT('',(-0.006,0.109797117417478,0.0669216126139523));
#6387=CARTESIAN_POINT('',(-0.006,0.105680418179568,0.0666758525380624));
#6388=CARTESIAN_POINT('',(-0.006,0.103942597764462,0.066572107558792));
#6389=CARTESIAN_POINT('',(-0.006,0.103883005528603,0.067570330362291));
#6390=CARTESIAN_POINT('',(-0.006,0.103145588640873,0.0682457682452155));
#6391=CARTESIAN_POINT('',(-0.006,0.0957714197635651,0.0750001470744607));
#6392=CARTESIAN_POINT('',(-0.006,0.105547117804539,0.0728940303132861));
#6393=CARTESIAN_POINT('',(-0.006,0.106524687608637,0.0726834186371687));
#6394=CARTESIAN_POINT('',(-0.006,0.0957714197635651,0.0750001470744606));
#6395=CARTESIAN_POINT('',(-0.006,0.103145588640872,0.081754525903706));
#6396=CARTESIAN_POINT('',(-0.006,0.105653886063767,0.0765288261857787));
#6397=CARTESIAN_POINT('',(-0.006,0.103883005528603,0.0824299637866305));
#6398=CARTESIAN_POINT('',(-0.006,0.103942597764461,0.0834281865901295));
#6399=CARTESIAN_POINT('',(-0.006,0.105230790583943,0.0833512836281251));
#6400=CARTESIAN_POINT('',(-0.006,0.10894211040543,0.08312972402703));
#6401=CARTESIAN_POINT('',(-0.006,0.108882518169572,0.0821315012235309));
#6402=CARTESIAN_POINT('',(-0.006,0.109827191833806,0.0824595129125014));
#6403=CARTESIAN_POINT('',(-0.006,0.110923055755872,0.079303424816953));
#6404=CARTESIAN_POINT('',(-0.006,0.111762070677945,0.0768870618413812));
#6405=CARTESIAN_POINT('',(-0.006,0.110817397013711,0.0765590501524108));
#6406=CARTESIAN_POINT('',(-0.006,0.110788035742423,0.0755594812874753));
#6407=CARTESIAN_POINT('',(-0.006,0.108992094302166,0.0756122351553616));
#6408=CARTESIAN_POINT('',(-0.006,0.1066127714225,0.0756821252319751));
#6409=CARTESIAN_POINT('',(-0.006,0.106642132693787,0.0766816940969105));
#6410=CARTESIAN_POINT('',(-0.006,0.0952714197635648,0.0750001470744607));
#6411=CARTESIAN_POINT('',(-0.006,0.0815714197635651,0.076500147074461));
#6412=CARTESIAN_POINT('',(-0.006,0.0815714197635651,0.0760001470744609));
#6413=CARTESIAN_POINT('',(-0.006,0.081571419763565,0.077000147074461));
#6414=CARTESIAN_POINT('',(-0.006,0.0815714197635649,0.080000147074461));
#6415=CARTESIAN_POINT('',(-0.006,0.078571419763565,0.0800001470744609));
#6416=CARTESIAN_POINT('',(-0.006,0.078571419763565,0.0725001470744609));
#6417=CARTESIAN_POINT('',(-0.006,0.078571419763565,0.0700001470744609));
#6418=CARTESIAN_POINT('',(-0.006,0.081571419763565,0.0700001470744609));
#6419=CARTESIAN_POINT('',(-0.006,0.0815714197635651,0.0730001470744609));
#6420=CARTESIAN_POINT('',(-0.006,0.0815714197635651,0.0735001470744609));
#6421=CARTESIAN_POINT('',(-0.006,0.0815714197635651,0.0740001470744609));
#6422=CARTESIAN_POINT('',(-0.006,0.0831964825780318,0.0740001470744609));
#6423=CARTESIAN_POINT('',(-0.006,0.0849547659371733,0.0740001470744609));
#6424=CARTESIAN_POINT('',(-0.006,0.0849547659371733,0.0730001470744609));
#6425=CARTESIAN_POINT('',(-0.006,0.0871384478419451,0.0681831245718924));
#6426=CARTESIAN_POINT('',(-0.006,0.0869914856505449,0.0671939824616277));
#6427=CARTESIAN_POINT('',(-0.006,0.0868350583060473,0.0672172237179687));
#6428=CARTESIAN_POINT('',(-0.006,0.0851167559964211,0.0674725211826001));
#6429=CARTESIAN_POINT('',(-0.006,0.0852637181878214,0.0684616632928647));
#6430=CARTESIAN_POINT('',(-0.006,0.0843406435817573,0.0688462842382638));
#6431=CARTESIAN_POINT('',(-0.006,0.081571419763565,0.0700001470744609));
#6432=CARTESIAN_POINT('',(-0.006,0.081571419763565,0.067000147074461));
#6433=CARTESIAN_POINT('',(-0.006,0.0879366088065639,0.0660544365231373));
#6434=CARTESIAN_POINT('',(-0.006,0.0943017978495628,0.0651087259718137));
#6435=CARTESIAN_POINT('',(-0.006,0.0957714197635651,0.0750001470744601));
#6436=CARTESIAN_POINT('',(-0.006,0.0963673421221476,0.0650179190394703));
#6437=CARTESIAN_POINT('',(-0.006,0.103279869072089,0.0654305853649974));
#6438=CARTESIAN_POINT('',(-0.006,0.129571419763565,0.067000147074461));
#6439=CARTESIAN_POINT('',(-0.006,0.129571419763565,0.070000147074461));
#6440=CARTESIAN_POINT('',(-0.006,0.126692605955744,0.0691560907612341));
#6441=CARTESIAN_POINT('',(-0.006,0.125733001353137,0.0688747386568251));
#6442=CARTESIAN_POINT('',(-0.006,0.125792593588995,0.0678765158533261));
#6443=CARTESIAN_POINT('',(-0.006,0.119991523700522,0.0675302016599293));
#6444=CARTESIAN_POINT('',(-0.006,0.114023183542472,0.0671739017105251));
#6445=CARTESIAN_POINT('',(-0.006,0.113963591306613,0.0681721245140242));
#6446=CARTESIAN_POINT('',(-0.006,0.113000924823686,0.0684428148216615));
#6447=CARTESIAN_POINT('',(-0.006,0.113485400932605,0.07016577607545));
#6448=CARTESIAN_POINT('',(-0.006,0.114079534730227,0.0722787172381253));
#6449=CARTESIAN_POINT('',(-0.006,0.115042201213154,0.0720080269304879));
#6450=CARTESIAN_POINT('',(-0.006,0.115312891520791,0.072970693413415));
#6451=CARTESIAN_POINT('',(-0.006,0.120464061250698,0.0715222460605569));
#6452=CARTESIAN_POINT('',(-0.006,0.125965954937581,0.0699751793234228));
#6453=CARTESIAN_POINT('',(-0.006,0.125695264629944,0.0690125128404957));
#6454=CARTESIAN_POINT('',(-0.006,0.126664303413349,0.069259421398987));
#6455=CARTESIAN_POINT('',(-0.006,0.129571419763565,0.070000147074461));
#6456=CARTESIAN_POINT('',(-0.006,0.127476374336261,0.0721474208477682));
#6457=CARTESIAN_POINT('',(-0.006,0.126778025860493,0.072863178772204));
#6458=CARTESIAN_POINT('',(-0.006,0.126507335552856,0.0719005122892769));
#6459=CARTESIAN_POINT('',(-0.006,0.122057536307745,0.0731517426457354));
#6460=CARTESIAN_POINT('',(-0.006,0.120062649903155,0.0737126808565665));
#6461=CARTESIAN_POINT('',(-0.006,0.120333340210792,0.0746753473394936));
#6462=CARTESIAN_POINT('',(-0.006,0.120005328521822,0.0756200210037284));
#6463=CARTESIAN_POINT('',(-0.006,0.122111642686632,0.0763513800887318));
#6464=CARTESIAN_POINT('',(-0.006,0.126626985886482,0.0779192075886797));
#6465=CARTESIAN_POINT('',(-0.006,0.126954997575452,0.0769745339244449));
#6466=CARTESIAN_POINT('',(-0.006,0.12760910312248,0.077730937211949));
#6467=CARTESIAN_POINT('',(-0.006,0.129571419763565,0.080000147074461));
#6468=CARTESIAN_POINT('',(-0.006,0.126625068055569,0.0805649582046533));
#6469=CARTESIAN_POINT('',(-0.006,0.12564295081957,0.0807532285813841));
#6470=CARTESIAN_POINT('',(-0.006,0.125970962508541,0.0798085549171493));
#6471=CARTESIAN_POINT('',(-0.006,0.120423189148239,0.0778822447226));
#6472=CARTESIAN_POINT('',(-0.006,0.115219584502073,0.0760754375537924));
#6473=CARTESIAN_POINT('',(-0.006,0.114891572813103,0.0770201112180272));
#6474=CARTESIAN_POINT('',(-0.006,0.113946899148868,0.0766920995290568));
#6475=CARTESIAN_POINT('',(-0.006,0.113022573374616,0.0793541577589026));
#6476=CARTESIAN_POINT('',(-0.006,0.112261739180922,0.0815453602367421));
#6477=CARTESIAN_POINT('',(-0.006,0.113206412845157,0.0818733719257125));
#6478=CARTESIAN_POINT('',(-0.006,0.113266005081015,0.0828715947292115));
#6479=CARTESIAN_POINT('',(-0.006,0.119566353242545,0.0824954744559471));
#6480=CARTESIAN_POINT('',(-0.006,0.125792593588995,0.0821237782955959));
#6481=CARTESIAN_POINT('',(-0.006,0.125733001353137,0.0811255554920968));
#6482=CARTESIAN_POINT('',(-0.006,0.126692605955744,0.0808442033876879));
#6483=CARTESIAN_POINT('',(-0.006,0.129571419763565,0.080000147074461));
#6484=CARTESIAN_POINT('',(-0.006,0.129571419763565,0.083000147074461));
#6485=CARTESIAN_POINT('',(-0.006,0.119934979207355,0.0835754264974982));
#6486=CARTESIAN_POINT('',(-0.006,0.0811377095630967,0.0829675708918297));
#6487=CARTESIAN_POINT('',(-0.006,0.0812161937382533,0.0829790419149918));
#6488=CARTESIAN_POINT('',(-0.006,0.0815714197635649,0.080000147074461));
#6489=CARTESIAN_POINT('',(-0.006,0.0843716969261276,0.0810764592098709));
#6490=CARTESIAN_POINT('',(-0.006,0.0853051226469818,0.0814352299216743));
#6491=CARTESIAN_POINT('',(-0.006,0.0851605020236015,0.0824247170996069));
#6492=CARTESIAN_POINT('',(-0.006,0.0867758941926245,0.0826608182110694));
#6493=CARTESIAN_POINT('',(-0.006,0.0868938124045648,0.0826780528005608));
#6494=CARTESIAN_POINT('',(-0.006,0.0870384330279451,0.0816885656226282));
#6495=CARTESIAN_POINT('',(-0.006,0.0849547659371736,0.0770001470744609));
#6496=CARTESIAN_POINT('',(-0.006,0.0849547659371736,0.0760001470744609));
#6497=CARTESIAN_POINT('',(-0.006,0.0831964825780319,0.0760001470744609));
#6498=CARTESIAN_POINT('',(-0.006,0.133571419763565,0.0774923437974392));
#6499=CARTESIAN_POINT('',(-0.006,0.129571419763565,0.070000147074461));
#6500=CARTESIAN_POINT('',(-0.006,0.129571419763565,0.073000147074461));
#6501=CARTESIAN_POINT('',(-0.006,0.128071419763565,0.0725982232858143));
#6502=CARTESIAN_POINT('',(-0.006,0.132571419763565,0.073000147074461));
#6503=CARTESIAN_POINT('',(-0.006,0.131571419763565,0.073000147074461));
#6504=CARTESIAN_POINT('',(-0.006,0.131571419763565,0.074000147074461));
#6505=CARTESIAN_POINT('',(-0.006,0.130571419763565,0.074000147074461));
#6506=CARTESIAN_POINT('',(-0.006,0.130571419763565,0.075000147074461));
#6507=CARTESIAN_POINT('',(-0.006,0.130571419763565,0.0760001470744611));
#6508=CARTESIAN_POINT('',(-0.006,0.131571419763565,0.0760001470744611));
#6509=CARTESIAN_POINT('',(-0.006,0.131571419763565,0.0770001470744611));
#6510=CARTESIAN_POINT('',(-0.006,0.132071419763565,0.077000147074461));
#6511=CARTESIAN_POINT('',(-0.006,0.129571419763565,0.077000147074461));
#6512=CARTESIAN_POINT('',(-0.006,0.129571419763565,0.080000147074461));
#6513=CARTESIAN_POINT('',(-0.006,0.128071419763565,0.0774020708631077));
#6514=CARTESIAN_POINT('',(-0.006,0.127571419763565,0.0765360454593233));
#6515=CARTESIAN_POINT('',(-0.006,0.128571419763565,0.0765360454593233));
#6516=CARTESIAN_POINT('',(-0.006,0.128571419763565,0.075000147074461));
#6517=CARTESIAN_POINT('',(-0.006,0.128571419763565,0.0734642486895988));
#6518=CARTESIAN_POINT('',(-0.006,0.127571419763565,0.0734642486895988));
#6519=CARTESIAN_POINT('',(-0.006,0.133571419763565,0.0774923437974392));
#6520=CARTESIAN_POINT('',(-0.006,0.134579951672591,0.0830001228097742));
#6521=CARTESIAN_POINT('',(-0.006,0.150059225387938,0.0829560998686674));
#6522=CARTESIAN_POINT('',(-0.006,0.134588483581623,0.0830000985450874));
#6523=CARTESIAN_POINT('',(-0.006,0.134571419763565,0.080000147074461));
#6524=CARTESIAN_POINT('',(-0.006,0.137494496054051,0.080675147074461));
#6525=CARTESIAN_POINT('',(-0.006,0.138468854817546,0.080900147074461));
#6526=CARTESIAN_POINT('',(-0.006,0.138468854817546,0.081900147074461));
#6527=CARTESIAN_POINT('',(-0.006,0.142571419763565,0.081900147074461));
#6528=CARTESIAN_POINT('',(-0.006,0.146673984709584,0.081900147074461));
#6529=CARTESIAN_POINT('',(-0.006,0.146673984709584,0.080900147074461));
#6530=CARTESIAN_POINT('',(-0.006,0.147648343473079,0.080675147074461));
#6531=CARTESIAN_POINT('',(-0.006,0.150571419763564,0.0800001470744611));
#6532=CARTESIAN_POINT('',(-0.01,0.164771419763565,0.0750001470744607));
#6533=CARTESIAN_POINT('',(-0.01,0.164771419763565,0.0750001470744607));
#6534=CARTESIAN_POINT('',(-0.01,0.154938608117868,0.076821085058094));
#6535=CARTESIAN_POINT('',(-0.01,0.156928302166967,0.0812038158572011));
#6536=CARTESIAN_POINT('',(-0.01,0.154938608117868,0.076821085058094));
#6537=CARTESIAN_POINT('',(-0.01,0.156928302166967,0.0812038158572011));
#6538=CARTESIAN_POINT('',(-0.01,0.203571419763565,0.080000147074461));
#6539=CARTESIAN_POINT('',(-0.01,0.203571419763565,0.078100147074461));
#6540=CARTESIAN_POINT('',(-0.01,0.203571419763565,0.078100147074461));
#6541=CARTESIAN_POINT('',(0.0158486,0.203571419763565,0.078100147074461));
#6542=CARTESIAN_POINT('',(0.0158486,0.203571419763565,0.080000147074461));
#6543=CARTESIAN_POINT('',(0.0158486,0.203571419763565,0.081900147074461));
#6544=CARTESIAN_POINT('',(-0.01,0.203571419763565,0.081900147074461));
#6545=CARTESIAN_POINT('',(-0.01,0.203571419763565,0.081900147074461));
#6546=CARTESIAN_POINT('',(-0.01,0.203571419763565,0.080000147074461));
#6547=CARTESIAN_POINT('',(-0.01,0.201071419763565,0.081900147074461));
#6548=CARTESIAN_POINT('',(0.0158486,0.201071419763565,0.081900147074461));
#6549=CARTESIAN_POINT('',(0.0158486,0.198571419763565,0.081900147074461));
#6550=CARTESIAN_POINT('',(-0.01,0.198571419763565,0.081900147074461));
#6551=CARTESIAN_POINT('',(-0.01,0.198571419763565,0.081900147074461));
#6552=CARTESIAN_POINT('',(-0.01,0.201071419763565,0.081900147074461));
#6553=CARTESIAN_POINT('',(-0.01,0.198571419763565,0.080000147074461));
#6554=CARTESIAN_POINT('',(0.0158486,0.198571419763565,0.080000147074461));
#6555=CARTESIAN_POINT('',(0.0158486,0.198571419763565,0.078100147074461));
#6556=CARTESIAN_POINT('',(-0.01,0.198571419763565,0.078100147074461));
#6557=CARTESIAN_POINT('',(-0.01,0.198571419763565,0.078100147074461));
#6558=CARTESIAN_POINT('',(-0.01,0.198571419763565,0.080000147074461));
#6559=CARTESIAN_POINT('',(-0.01,0.201071419763565,0.071900147074461));
#6560=CARTESIAN_POINT('',(-0.01,0.203571419763565,0.071900147074461));
#6561=CARTESIAN_POINT('',(-0.01,0.203571419763565,0.071900147074461));
#6562=CARTESIAN_POINT('',(0.0158486,0.203571419763565,0.071900147074461));
#6563=CARTESIAN_POINT('',(0.0158486,0.201071419763565,0.071900147074461));
#6564=CARTESIAN_POINT('',(0.0158486,0.198571419763565,0.071900147074461));
#6565=CARTESIAN_POINT('',(-0.01,0.198571419763565,0.071900147074461));
#6566=CARTESIAN_POINT('',(-0.01,0.198571419763565,0.071900147074461));
#6567=CARTESIAN_POINT('',(-0.01,0.201071419763565,0.071900147074461));
#6568=CARTESIAN_POINT('',(-0.01,0.198571419763565,0.070000147074461));
#6569=CARTESIAN_POINT('',(0.0158486,0.198571419763565,0.070000147074461));
#6570=CARTESIAN_POINT('',(0.0158486,0.198571419763565,0.068100147074461));
#6571=CARTESIAN_POINT('',(-0.01,0.198571419763565,0.068100147074461));
#6572=CARTESIAN_POINT('',(-0.01,0.198571419763565,0.068100147074461));
#6573=CARTESIAN_POINT('',(-0.01,0.198571419763565,0.070000147074461));
#6574=CARTESIAN_POINT('',(-0.01,0.201071419763565,0.068100147074461));
#6575=CARTESIAN_POINT('',(0.0158486,0.201071419763565,0.068100147074461));
#6576=CARTESIAN_POINT('',(0.0158486,0.203571419763565,0.068100147074461));
#6577=CARTESIAN_POINT('',(-0.01,0.203571419763565,0.068100147074461));
#6578=CARTESIAN_POINT('',(-0.01,0.203571419763565,0.068100147074461));
#6579=CARTESIAN_POINT('',(-0.01,0.201071419763565,0.068100147074461));
#6580=CARTESIAN_POINT('',(-0.01,0.198571419763565,0.0700001470744611));
#6581=CARTESIAN_POINT('',(-0.01,0.198571419763565,0.0700001470744611));
#6582=CARTESIAN_POINT('',(-0.01,0.195692605955744,0.0691560907612341));
#6583=CARTESIAN_POINT('',(-0.01,0.195664303413349,0.069259421398987));
#6584=CARTESIAN_POINT('',(-0.01,0.195692605955744,0.0691560907612341));
#6585=CARTESIAN_POINT('',(0.0158486,0.198571419763565,0.067000147074461));
#6586=CARTESIAN_POINT('',(0.0158486,0.198571419763565,0.067000147074461));
#6587=CARTESIAN_POINT('',(0.0158486,0.198571419763565,0.070000147074461));
#6588=CARTESIAN_POINT('',(0.0158486,0.198571419763565,0.073000147074461));
#6589=CARTESIAN_POINT('',(-0.01,0.198571419763565,0.073000147074461));
#6590=CARTESIAN_POINT('',(-0.01,0.198571419763565,0.073000147074461));
#6591=CARTESIAN_POINT('',(-0.01,0.198571419763565,0.070000147074461));
#6592=CARTESIAN_POINT('',(-0.01,0.196476374336261,0.0721474208477682));
#6593=CARTESIAN_POINT('',(-0.01,0.196476374336261,0.0721474208477682));
#6594=CARTESIAN_POINT('',(-0.01,0.195664303413349,0.069259421398987));
#6595=CARTESIAN_POINT('',(-0.01,0.189464061250699,0.0715222460605569));
#6596=CARTESIAN_POINT('',(-0.01,0.184312891520791,0.072970693413415));
#6597=CARTESIAN_POINT('',(-0.01,0.184312891520791,0.072970693413415));
#6598=CARTESIAN_POINT('',(-0.01,0.189464061250699,0.0715222460605569));
#6599=CARTESIAN_POINT('',(-0.01,0.194965954937581,0.0699751793234227));
#6600=CARTESIAN_POINT('',(-0.006,0.194965954937581,0.0699751793234227));
#6601=CARTESIAN_POINT('',(-0.01,0.182485400932606,0.07016577607545));
#6602=CARTESIAN_POINT('',(-0.01,0.182485400932606,0.07016577607545));
#6603=CARTESIAN_POINT('',(-0.01,0.183079534730226,0.0722787172381253));
#6604=CARTESIAN_POINT('',(-0.01,0.182000924823686,0.0684428148216615));
#6605=CARTESIAN_POINT('',(-0.006,0.183079534730226,0.0722787172381253));
#6606=CARTESIAN_POINT('',(-0.01,0.182000924823686,0.0684428148216615));
#6607=CARTESIAN_POINT('',(-0.01,0.188566353242545,0.0824954744559471));
#6608=CARTESIAN_POINT('',(-0.01,0.182266005081015,0.0828715947292115));
#6609=CARTESIAN_POINT('',(-0.01,0.182266005081015,0.0828715947292115));
#6610=CARTESIAN_POINT('',(-0.01,0.188566353242545,0.0824954744559471));
#6611=CARTESIAN_POINT('',(-0.01,0.194792593588995,0.0821237782955959));
#6612=CARTESIAN_POINT('',(-0.006,0.194792593588995,0.0821237782955959));
#6613=CARTESIAN_POINT('',(-0.01,0.182022573374616,0.0793541577589026));
#6614=CARTESIAN_POINT('',(-0.01,0.182946899148868,0.0766920995290568));
#6615=CARTESIAN_POINT('',(-0.01,0.182946899148868,0.0766920995290568));
#6616=CARTESIAN_POINT('',(-0.01,0.182022573374616,0.0793541577589026));
#6617=CARTESIAN_POINT('',(-0.01,0.181261739180922,0.081545360236742));
#6618=CARTESIAN_POINT('',(-0.01,0.181261739180922,0.081545360236742));
#6619=CARTESIAN_POINT('',(-0.01,0.189423189148239,0.0778822447226));
#6620=CARTESIAN_POINT('',(-0.01,0.189423189148239,0.0778822447226));
#6621=CARTESIAN_POINT('',(-0.01,0.194970962508541,0.0798085549171493));
#6622=CARTESIAN_POINT('',(-0.01,0.184219584502074,0.0760754375537925));
#6623=CARTESIAN_POINT('',(-0.006,0.184219584502074,0.0760754375537925));
#6624=CARTESIAN_POINT('',(-0.01,0.194970962508541,0.0798085549171493));
#6625=CARTESIAN_POINT('',(-0.01,0.178018307698046,0.0736106025227196));
#6626=CARTESIAN_POINT('',(-0.01,0.175554048879925,0.0736829875021041));
#6627=CARTESIAN_POINT('',(-0.01,0.175554048879925,0.0736829875021041));
#6628=CARTESIAN_POINT('',(-0.01,0.178018307698046,0.0736106025227196));
#6629=CARTESIAN_POINT('',(-0.01,0.18006905695367,0.0735503639465199));
#6630=CARTESIAN_POINT('',(-0.01,0.18006905695367,0.0735503639465199));
#6631=CARTESIAN_POINT('',(-0.01,0.164771419763565,0.0750001470744606));
#6632=CARTESIAN_POINT('',(-0.01,0.164771419763565,0.0750001470744606));
#6633=CARTESIAN_POINT('',(-0.01,0.17454711780454,0.0728940303132861));
#6634=CARTESIAN_POINT('',(-0.01,0.172145588640873,0.0682457682452155));
#6635=CARTESIAN_POINT('',(-0.01,0.17454711780454,0.0728940303132861));
#6636=CARTESIAN_POINT('',(-0.01,0.172145588640873,0.0682457682452155));
#6637=CARTESIAN_POINT('',(-0.01,0.174680418179568,0.0666758525380624));
#6638=CARTESIAN_POINT('',(-0.01,0.174680418179568,0.0666758525380624));
#6639=CARTESIAN_POINT('',(-0.01,0.178797117417478,0.0669216126139523));
#6640=CARTESIAN_POINT('',(-0.01,0.172942597764461,0.066572107558792));
#6641=CARTESIAN_POINT('',(-0.01,0.172942597764461,0.066572107558792));
#6642=CARTESIAN_POINT('',(-0.01,0.178797117417478,0.0669216126139523));
#6643=CARTESIAN_POINT('',(-0.01,0.164771419763565,0.0750001470744606));
#6644=CARTESIAN_POINT('',(-0.01,0.164771419763565,0.0750001470744606));
#6645=CARTESIAN_POINT('',(-0.01,0.172145588640873,0.081754525903706));
#6646=CARTESIAN_POINT('',(-0.01,0.174653886063767,0.0765288261857787));
#6647=CARTESIAN_POINT('',(-0.01,0.172145588640873,0.081754525903706));
#6648=CARTESIAN_POINT('',(-0.01,0.174653886063767,0.0765288261857787));
#6649=CARTESIAN_POINT('',(-0.01,0.177992094302166,0.0756122351553616));
#6650=CARTESIAN_POINT('',(-0.01,0.177992094302166,0.0756122351553616));
#6651=CARTESIAN_POINT('',(-0.01,0.179788035742423,0.0755594812874753));
#6652=CARTESIAN_POINT('',(-0.01,0.1756127714225,0.0756821252319751));
#6653=CARTESIAN_POINT('',(-0.01,0.1756127714225,0.0756821252319751));
#6654=CARTESIAN_POINT('',(-0.01,0.179788035742423,0.0755594812874753));
#6655=CARTESIAN_POINT('',(-0.01,0.179923055755872,0.079303424816953));
#6656=CARTESIAN_POINT('',(-0.01,0.178827191833807,0.0824595129125014));
#6657=CARTESIAN_POINT('',(-0.01,0.178827191833807,0.0824595129125014));
#6658=CARTESIAN_POINT('',(-0.01,0.179923055755872,0.079303424816953));
#6659=CARTESIAN_POINT('',(-0.01,0.180762070677946,0.0768870618413812));
#6660=CARTESIAN_POINT('',(-0.01,0.180762070677946,0.0768870618413812));
#6661=CARTESIAN_POINT('',(-0.01,0.150571419763565,0.070000147074461));
#6662=CARTESIAN_POINT('',(-0.01,0.147573257132657,0.0701051272565181));
#6663=CARTESIAN_POINT('',(-0.01,0.147573257132657,0.0701051272565181));
#6664=CARTESIAN_POINT('',(-0.01,0.150571419763565,0.070000147074461));
#6665=CARTESIAN_POINT('',(-0.01,0.147648343473079,0.069325147074461));
#6666=CARTESIAN_POINT('',(-0.01,0.147648343473079,0.069325147074461));
#6667=CARTESIAN_POINT('',(-0.01,0.153344117845817,0.0688546579454508));
#6668=CARTESIAN_POINT('',(-0.01,0.153344117845817,0.0688546579454508));
#6669=CARTESIAN_POINT('',(-0.01,0.150571419763565,0.070000147074461));
#6670=CARTESIAN_POINT('',(-0.01,0.152071419763565,0.0725982232858143));
#6671=CARTESIAN_POINT('',(-0.01,0.152071419763565,0.0725982232858143));
#6672=CARTESIAN_POINT('',(0.0158486,0.150571419763565,0.070000147074461));
#6673=CARTESIAN_POINT('',(0.0158486,0.150571419763565,0.067000147074461));
#6674=CARTESIAN_POINT('',(-0.01,0.155829831210371,0.0672298535323456));
#6675=CARTESIAN_POINT('',(-0.01,0.155829831210371,0.0672298535323456));
#6676=CARTESIAN_POINT('',(-0.01,0.1541213883485,0.0674836861255161));
#6677=CARTESIAN_POINT('',(-0.01,0.15598090087551,0.0672074082953947));
#6678=CARTESIAN_POINT('',(-0.006,0.1541213883485,0.0674836861255161));
#6679=CARTESIAN_POINT('',(-0.01,0.15598090087551,0.0672074082953947));
#6680=CARTESIAN_POINT('',(-0.01,0.164771419763565,0.0750001470744607));
#6681=CARTESIAN_POINT('',(-0.01,0.164771419763565,0.0750001470744607));
#6682=CARTESIAN_POINT('',(-0.01,0.156913640948424,0.0688150591937322));
#6683=CARTESIAN_POINT('',(-0.01,0.154937592784956,0.0731847003099469));
#6684=CARTESIAN_POINT('',(-0.01,0.156913640948424,0.0688150591937322));
#6685=CARTESIAN_POINT('',(-0.01,0.154937592784956,0.0731847003099469));
#6686=CARTESIAN_POINT('',(-0.01,0.155826289020874,0.0827883729227986));
#6687=CARTESIAN_POINT('',(-0.01,0.154114865335272,0.0825382361188062));
#6688=CARTESIAN_POINT('',(-0.01,0.154114865335272,0.0825382361188062));
#6689=CARTESIAN_POINT('',(-0.01,0.155826289020874,0.0827883729227986));
#6690=CARTESIAN_POINT('',(-0.01,0.155999369783928,0.0828136699134077));
#6691=CARTESIAN_POINT('',(-0.01,0.155999369783928,0.0828136699134077));
#6692=CARTESIAN_POINT('',(-0.01,0.150571419763565,0.080000147074461));
#6693=CARTESIAN_POINT('',(0.0158486,0.150571419763564,0.0800001470744611));
#6694=CARTESIAN_POINT('',(0.0158486,0.150216193738256,0.0829790419149921));
#6695=CARTESIAN_POINT('',(0.0158486,0.150059225387938,0.0829560998686674));
#6696=CARTESIAN_POINT('',(0.0158486,0.150059225387938,0.0829560998686674));
#6697=CARTESIAN_POINT('',(-0.01,0.147648343473079,0.080675147074461));
#6698=CARTESIAN_POINT('',(-0.01,0.147648343473079,0.080675147074461));
#6699=CARTESIAN_POINT('',(-0.01,0.150571419763564,0.0800001470744611));
#6700=CARTESIAN_POINT('',(-0.01,0.147573257132657,0.0798951668924039));
#6701=CARTESIAN_POINT('',(-0.01,0.147573257132657,0.0798951668924039));
#6702=CARTESIAN_POINT('',(-0.01,0.152071419763565,0.0774020708631077));
#6703=CARTESIAN_POINT('',(-0.01,0.152071419763565,0.0774020708631077));
#6704=CARTESIAN_POINT('',(-0.01,0.150571419763565,0.080000147074461));
#6705=CARTESIAN_POINT('',(-0.01,0.153337469409881,0.0811615984742704));
#6706=CARTESIAN_POINT('',(-0.01,0.153337469409881,0.0811615984742704));
#6707=CARTESIAN_POINT('',(0.0158486,0.150216193738256,0.0829790419149921));
#6708=CARTESIAN_POINT('',(-0.01,0.132071419763565,0.071900147074461));
#6709=CARTESIAN_POINT('',(-0.01,0.134571419763565,0.071900147074461));
#6710=CARTESIAN_POINT('',(-0.01,0.134571419763565,0.071900147074461));
#6711=CARTESIAN_POINT('',(0.0158486,0.134571419763565,0.071900147074461));
#6712=CARTESIAN_POINT('',(0.0158486,0.132071419763565,0.071900147074461));
#6713=CARTESIAN_POINT('',(0.0158486,0.129571419763565,0.071900147074461));
#6714=CARTESIAN_POINT('',(-0.01,0.129571419763565,0.071900147074461));
#6715=CARTESIAN_POINT('',(-0.01,0.129571419763565,0.071900147074461));
#6716=CARTESIAN_POINT('',(-0.01,0.132071419763565,0.071900147074461));
#6717=CARTESIAN_POINT('',(-0.01,0.129571419763565,0.070000147074461));
#6718=CARTESIAN_POINT('',(0.0158486,0.129571419763565,0.070000147074461));
#6719=CARTESIAN_POINT('',(0.0158486,0.129571419763565,0.068100147074461));
#6720=CARTESIAN_POINT('',(-0.01,0.129571419763565,0.068100147074461));
#6721=CARTESIAN_POINT('',(-0.01,0.129571419763565,0.068100147074461));
#6722=CARTESIAN_POINT('',(-0.01,0.129571419763565,0.070000147074461));
#6723=CARTESIAN_POINT('',(-0.01,0.132071419763565,0.068100147074461));
#6724=CARTESIAN_POINT('',(0.0158486,0.132071419763565,0.068100147074461));
#6725=CARTESIAN_POINT('',(0.0158486,0.134571419763565,0.068100147074461));
#6726=CARTESIAN_POINT('',(-0.01,0.134571419763565,0.068100147074461));
#6727=CARTESIAN_POINT('',(-0.01,0.134571419763565,0.068100147074461));
#6728=CARTESIAN_POINT('',(-0.01,0.132071419763565,0.068100147074461));
#6729=CARTESIAN_POINT('',(-0.01,0.120464061250698,0.0715222460605569));
#6730=CARTESIAN_POINT('',(-0.01,0.115312891520791,0.072970693413415));
#6731=CARTESIAN_POINT('',(-0.01,0.115312891520791,0.072970693413415));
#6732=CARTESIAN_POINT('',(-0.01,0.120464061250698,0.0715222460605569));
#6733=CARTESIAN_POINT('',(-0.01,0.125965954937581,0.0699751793234228));
#6734=CARTESIAN_POINT('',(-0.006,0.125965954937581,0.0699751793234228));
#6735=CARTESIAN_POINT('',(-0.01,0.113485400932605,0.07016577607545));
#6736=CARTESIAN_POINT('',(-0.01,0.113000924823686,0.0684428148216615));
#6737=CARTESIAN_POINT('',(-0.01,0.113000924823686,0.0684428148216615));
#6738=CARTESIAN_POINT('',(-0.01,0.113485400932605,0.07016577607545));
#6739=CARTESIAN_POINT('',(-0.01,0.114079534730227,0.0722787172381253));
#6740=CARTESIAN_POINT('',(-0.006,0.114079534730227,0.0722787172381253));
#6741=CARTESIAN_POINT('',(-0.01,0.109018307698047,0.0736106025227196));
#6742=CARTESIAN_POINT('',(-0.01,0.106554048879924,0.0736829875021041));
#6743=CARTESIAN_POINT('',(-0.01,0.106554048879924,0.0736829875021041));
#6744=CARTESIAN_POINT('',(-0.01,0.109018307698047,0.0736106025227196));
#6745=CARTESIAN_POINT('',(-0.01,0.11106905695367,0.0735503639465199));
#6746=CARTESIAN_POINT('',(-0.01,0.11106905695367,0.0735503639465199));
#6747=CARTESIAN_POINT('',(-0.01,0.0957714197635651,0.0750001470744607));
#6748=CARTESIAN_POINT('',(-0.01,0.0957714197635651,0.0750001470744607));
#6749=CARTESIAN_POINT('',(-0.01,0.105547117804539,0.0728940303132861));
#6750=CARTESIAN_POINT('',(-0.01,0.103145588640873,0.0682457682452155));
#6751=CARTESIAN_POINT('',(-0.01,0.105547117804539,0.0728940303132861));
#6752=CARTESIAN_POINT('',(-0.01,0.103145588640873,0.0682457682452155));
#6753=CARTESIAN_POINT('',(-0.01,0.105680418179568,0.0666758525380624));
#6754=CARTESIAN_POINT('',(-0.01,0.109797117417478,0.0669216126139523));
#6755=CARTESIAN_POINT('',(-0.01,0.109797117417478,0.0669216126139523));
#6756=CARTESIAN_POINT('',(-0.01,0.105680418179568,0.0666758525380624));
#6757=CARTESIAN_POINT('',(-0.01,0.103942597764462,0.066572107558792));
#6758=CARTESIAN_POINT('',(-0.01,0.103942597764462,0.066572107558792));
#6759=CARTESIAN_POINT('',(-0.01,0.0957714197635651,0.0750001470744606));
#6760=CARTESIAN_POINT('',(-0.01,0.0957714197635651,0.0750001470744606));
#6761=CARTESIAN_POINT('',(-0.01,0.103145588640872,0.081754525903706));
#6762=CARTESIAN_POINT('',(-0.01,0.105653886063767,0.0765288261857787));
#6763=CARTESIAN_POINT('',(-0.01,0.103145588640872,0.081754525903706));
#6764=CARTESIAN_POINT('',(-0.01,0.105653886063767,0.0765288261857787));
#6765=CARTESIAN_POINT('',(-0.01,0.108992094302166,0.0756122351553616));
#6766=CARTESIAN_POINT('',(-0.01,0.108992094302166,0.0756122351553616));
#6767=CARTESIAN_POINT('',(-0.01,0.110788035742423,0.0755594812874753));
#6768=CARTESIAN_POINT('',(-0.01,0.1066127714225,0.0756821252319751));
#6769=CARTESIAN_POINT('',(-0.01,0.1066127714225,0.0756821252319751));
#6770=CARTESIAN_POINT('',(-0.01,0.110788035742423,0.0755594812874753));
#6771=CARTESIAN_POINT('',(-0.01,0.110923055755872,0.079303424816953));
#6772=CARTESIAN_POINT('',(-0.01,0.109827191833806,0.0824595129125014));
#6773=CARTESIAN_POINT('',(-0.01,0.109827191833806,0.0824595129125014));
#6774=CARTESIAN_POINT('',(-0.01,0.110923055755872,0.079303424816953));
#6775=CARTESIAN_POINT('',(-0.01,0.111762070677945,0.0768870618413812));
#6776=CARTESIAN_POINT('',(-0.01,0.111762070677945,0.0768870618413812));
#6777=CARTESIAN_POINT('',(-0.01,0.132571419763565,0.0770001470744611));
#6778=CARTESIAN_POINT('',(-0.01,0.131571419763565,0.0770001470744611));
#6779=CARTESIAN_POINT('',(-0.01,0.131571419763565,0.0770001470744611));
#6780=CARTESIAN_POINT('',(-0.01,0.132571419763565,0.0770001470744611));
#6781=CARTESIAN_POINT('',(-0.01,0.134571419763565,0.077000147074461));
#6782=CARTESIAN_POINT('',(-0.01,0.134571419763565,0.077000147074461));
#6783=CARTESIAN_POINT('',(0.0158486,0.134571419763565,0.077000147074461));
#6784=CARTESIAN_POINT('',(0.0158486,0.132071419763565,0.077000147074461));
#6785=CARTESIAN_POINT('',(0.0158486,0.129571419763565,0.077000147074461));
#6786=CARTESIAN_POINT('',(0.0158486,0.129571419763565,0.077000147074461));
#6787=CARTESIAN_POINT('',(-0.01,0.130571419763565,0.075000147074461));
#6788=CARTESIAN_POINT('',(-0.01,0.130571419763565,0.074000147074461));
#6789=CARTESIAN_POINT('',(-0.01,0.130571419763565,0.074000147074461));
#6790=CARTESIAN_POINT('',(-0.01,0.130571419763565,0.075000147074461));
#6791=CARTESIAN_POINT('',(-0.01,0.130571419763565,0.0760001470744611));
#6792=CARTESIAN_POINT('',(-0.01,0.130571419763565,0.0760001470744611));
#6793=CARTESIAN_POINT('',(-0.01,0.132571419763565,0.073000147074461));
#6794=CARTESIAN_POINT('',(-0.01,0.131571419763565,0.073000147074461));
#6795=CARTESIAN_POINT('',(-0.01,0.131571419763565,0.073000147074461));
#6796=CARTESIAN_POINT('',(0.0158486,0.129571419763565,0.073000147074461));
#6797=CARTESIAN_POINT('',(0.0158486,0.129571419763565,0.073000147074461));
#6798=CARTESIAN_POINT('',(0.0158486,0.132571419763565,0.073000147074461));
#6799=CARTESIAN_POINT('',(0.0158486,0.134571419763565,0.073000147074461));
#6800=CARTESIAN_POINT('',(-0.01,0.134571419763565,0.073000147074461));
#6801=CARTESIAN_POINT('',(-0.01,0.134571419763565,0.073000147074461));
#6802=CARTESIAN_POINT('',(-0.01,0.132571419763565,0.073000147074461));
#6803=CARTESIAN_POINT('',(-0.01,0.134571419763565,0.070000147074461));
#6804=CARTESIAN_POINT('',(0.0158486,0.134571419763565,0.070000147074461));
#6805=CARTESIAN_POINT('',(0.0158486,0.134571419763565,0.067000147074461));
#6806=CARTESIAN_POINT('',(0.0158486,0.134571419763565,0.067000147074461));
#6807=CARTESIAN_POINT('',(-0.01,0.137494496054051,0.069325147074461));
#6808=CARTESIAN_POINT('',(-0.01,0.137494496054051,0.069325147074461));
#6809=CARTESIAN_POINT('',(-0.01,0.134571419763565,0.070000147074461));
#6810=CARTESIAN_POINT('',(-0.01,0.137569582394473,0.0701051272565181));
#6811=CARTESIAN_POINT('',(-0.01,0.137569582394473,0.0701051272565181));
#6812=CARTESIAN_POINT('',(-0.01,0.135979585574464,0.0726491221685333));
#6813=CARTESIAN_POINT('',(-0.01,0.135979585574464,0.0726491221685333));
#6814=CARTESIAN_POINT('',(-0.01,0.134571419763565,0.070000147074461));
#6815=CARTESIAN_POINT('',(-0.01,0.142571419763565,0.068100147074461));
#6816=CARTESIAN_POINT('',(-0.01,0.142571419763565,0.068100147074461));
#6817=CARTESIAN_POINT('',(-0.01,0.138468854817546,0.068100147074461));
#6818=CARTESIAN_POINT('',(-0.01,0.146673984709584,0.068100147074461));
#6819=CARTESIAN_POINT('',(-0.006,0.138468854817546,0.068100147074461));
#6820=CARTESIAN_POINT('',(-0.01,0.146673984709584,0.068100147074461));
#6821=CARTESIAN_POINT('',(-0.01,0.149571419763565,0.075000147074461));
#6822=CARTESIAN_POINT('',(-0.01,0.149571419763565,0.075000147074461));
#6823=CARTESIAN_POINT('',(-0.01,0.149571419763565,0.0765360454593235));
#6824=CARTESIAN_POINT('',(-0.01,0.149571419763565,0.0734642486895988));
#6825=CARTESIAN_POINT('',(-0.01,0.149571419763565,0.0734642486895988));
#6826=CARTESIAN_POINT('',(-0.01,0.149571419763565,0.0765360454593235));
#6827=CARTESIAN_POINT('',(-0.01,0.142571419763565,0.081900147074461));
#6828=CARTESIAN_POINT('',(-0.01,0.138468854817546,0.081900147074461));
#6829=CARTESIAN_POINT('',(-0.01,0.138468854817546,0.081900147074461));
#6830=CARTESIAN_POINT('',(-0.01,0.142571419763565,0.081900147074461));
#6831=CARTESIAN_POINT('',(-0.01,0.146673984709584,0.081900147074461));
#6832=CARTESIAN_POINT('',(-0.006,0.146673984709584,0.081900147074461));
#6833=CARTESIAN_POINT('',(-0.01,0.129571419763565,0.0800001470744611));
#6834=CARTESIAN_POINT('',(-0.01,0.129571419763565,0.0800001470744611));
#6835=CARTESIAN_POINT('',(-0.01,0.128071419763565,0.0774020708631077));
#6836=CARTESIAN_POINT('',(-0.01,0.12760910312248,0.077730937211949));
#6837=CARTESIAN_POINT('',(-0.01,0.128071419763565,0.0774020708631077));
#6838=CARTESIAN_POINT('',(0.0158486,0.129571419763565,0.080000147074461));
#6839=CARTESIAN_POINT('',(0.0158486,0.129571419763565,0.083000147074461));
#6840=CARTESIAN_POINT('',(0.0158486,0.129571419763565,0.083000147074461));
#6841=CARTESIAN_POINT('',(-0.01,0.126692605955744,0.0808442033876879));
#6842=CARTESIAN_POINT('',(-0.01,0.126692605955744,0.0808442033876879));
#6843=CARTESIAN_POINT('',(-0.01,0.129571419763565,0.080000147074461));
#6844=CARTESIAN_POINT('',(-0.01,0.126625068055569,0.0805649582046533));
#6845=CARTESIAN_POINT('',(-0.01,0.126625068055569,0.0805649582046533));
#6846=CARTESIAN_POINT('',(-0.01,0.12760910312248,0.077730937211949));
#6847=CARTESIAN_POINT('',(-0.01,0.122111642686632,0.0763513800887318));
#6848=CARTESIAN_POINT('',(-0.01,0.120005328521822,0.0756200210037284));
#6849=CARTESIAN_POINT('',(-0.01,0.120005328521822,0.0756200210037284));
#6850=CARTESIAN_POINT('',(-0.01,0.122111642686632,0.0763513800887318));
#6851=CARTESIAN_POINT('',(-0.01,0.126626985886482,0.0779192075886797));
#6852=CARTESIAN_POINT('',(-0.006,0.126626985886482,0.0779192075886797));
#6853=CARTESIAN_POINT('',(-0.01,0.122057536307745,0.0731517426457354));
#6854=CARTESIAN_POINT('',(-0.01,0.122057536307745,0.0731517426457354));
#6855=CARTESIAN_POINT('',(-0.01,0.126507335552856,0.0719005122892769));
#6856=CARTESIAN_POINT('',(-0.01,0.120062649903155,0.0737126808565665));
#6857=CARTESIAN_POINT('',(-0.01,0.120062649903155,0.0737126808565665));
#6858=CARTESIAN_POINT('',(-0.01,0.126507335552856,0.0719005122892769));
#6859=CARTESIAN_POINT('',(-0.01,0.129571419763565,0.0700001470744609));
#6860=CARTESIAN_POINT('',(-0.01,0.129571419763565,0.0700001470744609));
#6861=CARTESIAN_POINT('',(-0.01,0.127476374336261,0.0721474208477682));
#6862=CARTESIAN_POINT('',(-0.01,0.128071419763565,0.0725982232858143));
#6863=CARTESIAN_POINT('',(-0.01,0.127476374336261,0.0721474208477682));
#6864=CARTESIAN_POINT('',(-0.01,0.126664303413349,0.069259421398987));
#6865=CARTESIAN_POINT('',(-0.01,0.126664303413349,0.069259421398987));
#6866=CARTESIAN_POINT('',(-0.01,0.129571419763565,0.070000147074461));
#6867=CARTESIAN_POINT('',(-0.01,0.126692605955744,0.0691560907612341));
#6868=CARTESIAN_POINT('',(-0.01,0.126692605955744,0.0691560907612341));
#6869=CARTESIAN_POINT('',(0.0158486,0.129571419763565,0.067000147074461));
#6870=CARTESIAN_POINT('',(0.0158486,0.129571419763565,0.067000147074461));
#6871=CARTESIAN_POINT('',(0.0158486,0.129571419763565,0.070000147074461));
#6872=CARTESIAN_POINT('',(-0.01,0.128071419763565,0.0725982232858143));
#6873=CARTESIAN_POINT('',(-0.01,0.119566353242545,0.0824954744559471));
#6874=CARTESIAN_POINT('',(-0.01,0.113266005081015,0.0828715947292115));
#6875=CARTESIAN_POINT('',(-0.01,0.113266005081015,0.0828715947292115));
#6876=CARTESIAN_POINT('',(-0.01,0.119566353242545,0.0824954744559471));
#6877=CARTESIAN_POINT('',(-0.01,0.125792593588995,0.0821237782955959));
#6878=CARTESIAN_POINT('',(-0.006,0.125792593588995,0.0821237782955959));
#6879=CARTESIAN_POINT('',(-0.01,0.113022573374616,0.0793541577589026));
#6880=CARTESIAN_POINT('',(-0.01,0.113022573374616,0.0793541577589026));
#6881=CARTESIAN_POINT('',(-0.01,0.113946899148868,0.0766920995290568));
#6882=CARTESIAN_POINT('',(-0.01,0.112261739180922,0.0815453602367421));
#6883=CARTESIAN_POINT('',(-0.01,0.112261739180922,0.0815453602367421));
#6884=CARTESIAN_POINT('',(-0.01,0.113946899148868,0.0766920995290568));
#6885=CARTESIAN_POINT('',(-0.01,0.134571419763565,0.080000147074461));
#6886=CARTESIAN_POINT('',(-0.01,0.134571419763565,0.078100147074461));
#6887=CARTESIAN_POINT('',(-0.01,0.134571419763565,0.078100147074461));
#6888=CARTESIAN_POINT('',(0.0158486,0.134571419763565,0.078100147074461));
#6889=CARTESIAN_POINT('',(0.0158486,0.134571419763565,0.080000147074461));
#6890=CARTESIAN_POINT('',(0.0158486,0.134571419763565,0.081900147074461));
#6891=CARTESIAN_POINT('',(-0.01,0.134571419763565,0.081900147074461));
#6892=CARTESIAN_POINT('',(-0.01,0.134571419763565,0.081900147074461));
#6893=CARTESIAN_POINT('',(-0.01,0.134571419763565,0.080000147074461));
#6894=CARTESIAN_POINT('',(-0.01,0.132071419763565,0.081900147074461));
#6895=CARTESIAN_POINT('',(0.0158486,0.132071419763565,0.081900147074461));
#6896=CARTESIAN_POINT('',(0.0158486,0.129571419763565,0.081900147074461));
#6897=CARTESIAN_POINT('',(-0.01,0.129571419763565,0.081900147074461));
#6898=CARTESIAN_POINT('',(-0.01,0.129571419763565,0.081900147074461));
#6899=CARTESIAN_POINT('',(-0.01,0.132071419763565,0.081900147074461));
#6900=CARTESIAN_POINT('',(-0.01,0.129571419763565,0.080000147074461));
#6901=CARTESIAN_POINT('',(0.0158486,0.129571419763565,0.080000147074461));
#6902=CARTESIAN_POINT('',(0.0158486,0.129571419763565,0.078100147074461));
#6903=CARTESIAN_POINT('',(-0.01,0.129571419763565,0.078100147074461));
#6904=CARTESIAN_POINT('',(-0.01,0.129571419763565,0.078100147074461));
#6905=CARTESIAN_POINT('',(-0.01,0.129571419763565,0.080000147074461));
#6906=CARTESIAN_POINT('',(-0.01,0.132071419763565,0.083000147074461));
#6907=CARTESIAN_POINT('',(-0.01,0.129571419763565,0.083000147074461));
#6908=CARTESIAN_POINT('',(-0.01,0.129571419763565,0.083000147074461));
#6909=CARTESIAN_POINT('',(0.0158486,0.132071419763565,0.083000147074461));
#6910=CARTESIAN_POINT('',(0.0158486,0.134571419763565,0.083000147074461));
#6911=CARTESIAN_POINT('',(-0.01,0.134571419763565,0.083000147074461));
#6912=CARTESIAN_POINT('',(-0.01,0.134571419763565,0.083000147074461));
#6913=CARTESIAN_POINT('',(-0.01,0.132071419763565,0.083000147074461));
#6914=CARTESIAN_POINT('',(-0.01,0.134579951672591,0.0830001228097742));
#6915=CARTESIAN_POINT('',(-0.01,0.150059225387938,0.0829560998686674));
#6916=CARTESIAN_POINT('',(-0.01,0.150059225387938,0.0829560998686674));
#6917=CARTESIAN_POINT('',(-0.01,0.134579951672591,0.0830001228097742));
#6918=CARTESIAN_POINT('',(0.0158486,0.134579951672591,0.0830001228097742));
#6919=CARTESIAN_POINT('',(0.0158486,0.134588483581623,0.0830000985450874));
#6920=CARTESIAN_POINT('',(0.0158486,0.134588483581623,0.0830000985450874));
#6921=CARTESIAN_POINT('',(-0.01,0.150137709563097,0.0829675708918297));
#6922=CARTESIAN_POINT('',(0.0158486,0.150137709563097,0.0829675708918297));
#6923=CARTESIAN_POINT('',(-0.01,0.163325213529762,0.0848950188537873));
#6924=CARTESIAN_POINT('',(-0.01,0.163325213529762,0.0848950188537873));
#6925=CARTESIAN_POINT('',(-0.01,0.150137709563097,0.0829675708918297));
#6926=CARTESIAN_POINT('',(-0.01,0.164771419763565,0.0750001470744603));
#6927=CARTESIAN_POINT('',(-0.01,0.165367342122148,0.0849823751094511));
#6928=CARTESIAN_POINT('',(-0.01,0.165367342122148,0.0849823751094511));
#6929=CARTESIAN_POINT('',(-0.01,0.164771419763565,0.0750001470744603));
#6930=CARTESIAN_POINT('',(-0.01,0.188934979207354,0.0835754264974982));
#6931=CARTESIAN_POINT('',(-0.01,0.198571419763565,0.083000147074461));
#6932=CARTESIAN_POINT('',(-0.01,0.198571419763565,0.083000147074461));
#6933=CARTESIAN_POINT('',(-0.01,0.188934979207354,0.0835754264974982));
#6934=CARTESIAN_POINT('',(-0.01,0.201071419763565,0.083000147074461));
#6935=CARTESIAN_POINT('',(0.0158486,0.198571419763565,0.083000147074461));
#6936=CARTESIAN_POINT('',(0.0158486,0.198571419763565,0.083000147074461));
#6937=CARTESIAN_POINT('',(0.0158486,0.201071419763565,0.083000147074461));
#6938=CARTESIAN_POINT('',(0.0158486,0.203571419763565,0.083000147074461));
#6939=CARTESIAN_POINT('',(-0.01,0.203571419763565,0.083000147074461));
#6940=CARTESIAN_POINT('',(-0.01,0.203571419763565,0.083000147074461));
#6941=CARTESIAN_POINT('',(-0.01,0.201071419763565,0.083000147074461));
#6942=CARTESIAN_POINT('',(-0.01,0.203571419763565,0.080000147074461));
#6943=CARTESIAN_POINT('',(0.0158486,0.203571419763565,0.080000147074461));
#6944=CARTESIAN_POINT('',(0.0158486,0.203571419763565,0.077000147074461));
#6945=CARTESIAN_POINT('',(-0.01,0.203571419763565,0.077000147074461));
#6946=CARTESIAN_POINT('',(-0.01,0.203571419763565,0.077000147074461));
#6947=CARTESIAN_POINT('',(-0.01,0.203571419763565,0.080000147074461));
#6948=CARTESIAN_POINT('',(-0.01,0.204246419763565,0.0770770707839752));
#6949=CARTESIAN_POINT('',(-0.01,0.204246419763565,0.0770770707839752));
#6950=CARTESIAN_POINT('',(-0.006,0.206571419763565,0.080000147074461));
#6951=CARTESIAN_POINT('',(-0.01,0.206571419763565,0.080000147074461));
#6952=CARTESIAN_POINT('',(-0.01,0.203571419763565,0.080000147074461));
#6953=CARTESIAN_POINT('',(-0.01,0.201071419763565,0.077000147074461));
#6954=CARTESIAN_POINT('',(0.0158486,0.201071419763565,0.077000147074461));
#6955=CARTESIAN_POINT('',(0.0158486,0.198571419763565,0.077000147074461));
#6956=CARTESIAN_POINT('',(-0.01,0.198571419763565,0.077000147074461));
#6957=CARTESIAN_POINT('',(-0.01,0.198571419763565,0.077000147074461));
#6958=CARTESIAN_POINT('',(-0.01,0.201071419763565,0.077000147074461));
#6959=CARTESIAN_POINT('',(-0.01,0.198571419763565,0.0800001470744612));
#6960=CARTESIAN_POINT('',(0.0158486,0.198571419763565,0.0800001470744612));
#6961=CARTESIAN_POINT('',(-0.01,0.195692605955744,0.0808442033876879));
#6962=CARTESIAN_POINT('',(-0.01,0.195692605955744,0.0808442033876879));
#6963=CARTESIAN_POINT('',(-0.01,0.198571419763565,0.080000147074461));
#6964=CARTESIAN_POINT('',(-0.01,0.195625068055569,0.0805649582046533));
#6965=CARTESIAN_POINT('',(-0.01,0.195625068055569,0.0805649582046533));
#6966=CARTESIAN_POINT('',(-0.01,0.19660910312248,0.077730937211949));
#6967=CARTESIAN_POINT('',(-0.01,0.19660910312248,0.077730937211949));
#6968=CARTESIAN_POINT('',(-0.01,0.198571419763565,0.0800001470744612));
#6969=CARTESIAN_POINT('',(-0.01,0.191111642686632,0.0763513800887318));
#6970=CARTESIAN_POINT('',(-0.01,0.189005328521822,0.0756200210037283));
#6971=CARTESIAN_POINT('',(-0.01,0.189005328521822,0.0756200210037283));
#6972=CARTESIAN_POINT('',(-0.01,0.191111642686632,0.0763513800887318));
#6973=CARTESIAN_POINT('',(-0.01,0.195626985886481,0.0779192075886797));
#6974=CARTESIAN_POINT('',(-0.006,0.195626985886481,0.0779192075886797));
#6975=CARTESIAN_POINT('',(-0.01,0.191057536307745,0.0731517426457354));
#6976=CARTESIAN_POINT('',(-0.01,0.191057536307745,0.0731517426457354));
#6977=CARTESIAN_POINT('',(-0.01,0.195507335552856,0.0719005122892769));
#6978=CARTESIAN_POINT('',(-0.01,0.189062649903155,0.0737126808565665));
#6979=CARTESIAN_POINT('',(-0.01,0.189062649903155,0.0737126808565665));
#6980=CARTESIAN_POINT('',(-0.01,0.195507335552856,0.0719005122892769));
#6981=CARTESIAN_POINT('',(-0.01,0.201071419763565,0.073000147074461));
#6982=CARTESIAN_POINT('',(0.0158486,0.201071419763565,0.073000147074461));
#6983=CARTESIAN_POINT('',(0.0158486,0.203571419763565,0.073000147074461));
#6984=CARTESIAN_POINT('',(-0.01,0.203571419763565,0.073000147074461));
#6985=CARTESIAN_POINT('',(-0.01,0.203571419763565,0.073000147074461));
#6986=CARTESIAN_POINT('',(-0.01,0.201071419763565,0.073000147074461));
#6987=CARTESIAN_POINT('',(-0.01,0.203571419763565,0.070000147074461));
#6988=CARTESIAN_POINT('',(0.0158486,0.203571419763565,0.070000147074461));
#6989=CARTESIAN_POINT('',(0.0158486,0.203571419763565,0.067000147074461));
#6990=CARTESIAN_POINT('',(-0.01,0.203571419763565,0.067000147074461));
#6991=CARTESIAN_POINT('',(-0.01,0.203571419763565,0.067000147074461));
#6992=CARTESIAN_POINT('',(-0.01,0.203571419763565,0.070000147074461));
#6993=CARTESIAN_POINT('',(-0.01,0.206571419763565,0.070000147074461));
#6994=CARTESIAN_POINT('',(-0.006,0.206571419763565,0.070000147074461));
#6995=CARTESIAN_POINT('',(-0.01,0.204246419763565,0.0729232233649468));
#6996=CARTESIAN_POINT('',(-0.01,0.204246419763565,0.0729232233649468));
#6997=CARTESIAN_POINT('',(-0.01,0.203571419763565,0.070000147074461));
#6998=CARTESIAN_POINT('',(-0.01,0.201071419763565,0.067000147074461));
#6999=CARTESIAN_POINT('',(0.0158486,0.201071419763565,0.067000147074461));
#7000=CARTESIAN_POINT('',(-0.01,0.198571419763565,0.067000147074461));
#7001=CARTESIAN_POINT('',(-0.01,0.198571419763565,0.067000147074461));
#7002=CARTESIAN_POINT('',(-0.01,0.201071419763565,0.067000147074461));
#7003=CARTESIAN_POINT('',(-0.01,0.172279869072089,0.0654305853649974));
#7004=CARTESIAN_POINT('',(-0.01,0.165367342122148,0.0650179190394703));
#7005=CARTESIAN_POINT('',(-0.01,0.165367342122148,0.0650179190394703));
#7006=CARTESIAN_POINT('',(-0.01,0.172279869072089,0.0654305853649974));
#7007=CARTESIAN_POINT('',(-0.01,0.164771419763565,0.0750001470744598));
#7008=CARTESIAN_POINT('',(-0.01,0.163301797849563,0.0651087259718137));
#7009=CARTESIAN_POINT('',(-0.01,0.163301797849563,0.0651087259718137));
#7010=CARTESIAN_POINT('',(-0.01,0.164771419763565,0.0750001470744598));
#7011=CARTESIAN_POINT('',(-0.01,0.156936608806564,0.0660544365231373));
#7012=CARTESIAN_POINT('',(-0.01,0.150571419763565,0.067000147074461));
#7013=CARTESIAN_POINT('',(-0.01,0.150571419763565,0.067000147074461));
#7014=CARTESIAN_POINT('',(-0.01,0.156936608806564,0.0660544365231373));
#7015=CARTESIAN_POINT('',(-0.01,0.132071419763565,0.067000147074461));
#7016=CARTESIAN_POINT('',(0.0158486,0.132071419763565,0.067000147074461));
#7017=CARTESIAN_POINT('',(-0.01,0.129571419763565,0.067000147074461));
#7018=CARTESIAN_POINT('',(-0.01,0.129571419763565,0.067000147074461));
#7019=CARTESIAN_POINT('',(-0.01,0.132071419763565,0.067000147074461));
#7020=CARTESIAN_POINT('',(-0.01,0.103279869072089,0.0654305853649974));
#7021=CARTESIAN_POINT('',(-0.01,0.0963673421221476,0.0650179190394703));
#7022=CARTESIAN_POINT('',(-0.01,0.0963673421221476,0.0650179190394703));
#7023=CARTESIAN_POINT('',(-0.01,0.103279869072089,0.0654305853649974));
#7024=CARTESIAN_POINT('',(-0.01,0.0957714197635651,0.0750001470744601));
#7025=CARTESIAN_POINT('',(-0.006,0.0943017978495628,0.0651087259718137));
#7026=CARTESIAN_POINT('',(-0.01,0.0943017978495628,0.0651087259718136));
#7027=CARTESIAN_POINT('',(-0.01,0.0957714197635651,0.0750001470744601));
#7028=CARTESIAN_POINT('',(-0.01,0.203571419763565,0.070000147074461));
#7029=CARTESIAN_POINT('',(0.0158486,0.203571419763565,0.070000147074461));
#7030=CARTESIAN_POINT('',(-0.01,0.203571419763565,0.070000147074461));
#7031=CARTESIAN_POINT('',(-0.01,0.188991523700521,0.0675302016599293));
#7032=CARTESIAN_POINT('',(-0.01,0.188991523700521,0.0675302016599293));
#7033=CARTESIAN_POINT('',(-0.01,0.194792593588995,0.0678765158533261));
#7034=CARTESIAN_POINT('',(-0.01,0.183023183542471,0.0671739017105252));
#7035=CARTESIAN_POINT('',(-0.01,0.183023183542471,0.0671739017105252));
#7036=CARTESIAN_POINT('',(-0.01,0.194792593588995,0.0678765158533261));
#7037=CARTESIAN_POINT('',(-0.01,0.180428258018664,0.0702383958390809));
#7038=CARTESIAN_POINT('',(-0.01,0.180428258018664,0.0702383958390809));
#7039=CARTESIAN_POINT('',(-0.01,0.18100236216531,0.072280104773947));
#7040=CARTESIAN_POINT('',(-0.01,0.179700191664547,0.067649145109814));
#7041=CARTESIAN_POINT('',(-0.006,0.179700191664547,0.067649145109814));
#7042=CARTESIAN_POINT('',(-0.01,0.18100236216531,0.072280104773947));
#7043=CARTESIAN_POINT('',(-0.01,0.174230790583944,0.0833512836281251));
#7044=CARTESIAN_POINT('',(-0.01,0.172942597764461,0.0834281865901295));
#7045=CARTESIAN_POINT('',(-0.01,0.172942597764461,0.0834281865901295));
#7046=CARTESIAN_POINT('',(-0.01,0.174230790583944,0.0833512836281251));
#7047=CARTESIAN_POINT('',(-0.01,0.17794211040543,0.08312972402703));
#7048=CARTESIAN_POINT('',(-0.006,0.17794211040543,0.08312972402703));
#7049=CARTESIAN_POINT('',(-0.01,0.150571419763565,0.080000147074461));
#7050=CARTESIAN_POINT('',(-0.01,0.150571419763565,0.080000147074461));
#7051=CARTESIAN_POINT('',(-0.01,0.150571419763565,0.078100147074461));
#7052=CARTESIAN_POINT('',(0.0158486,0.150571419763565,0.080000147074461));
#7053=CARTESIAN_POINT('',(0.0158486,0.150571419763565,0.078100147074461));
#7054=CARTESIAN_POINT('',(-0.01,0.150571419763565,0.070000147074461));
#7055=CARTESIAN_POINT('',(-0.01,0.150571419763565,0.070000147074461));
#7056=CARTESIAN_POINT('',(-0.01,0.150571419763565,0.068100147074461));
#7057=CARTESIAN_POINT('',(0.0158486,0.150571419763565,0.070000147074461));
#7058=CARTESIAN_POINT('',(0.0158486,0.150571419763565,0.068100147074461));
#7059=CARTESIAN_POINT('',(-0.01,0.134571419763565,0.070000147074461));
#7060=CARTESIAN_POINT('',(0.0158486,0.134571419763565,0.070000147074461));
#7061=CARTESIAN_POINT('',(-0.01,0.134571419763565,0.070000147074461));
#7062=CARTESIAN_POINT('',(-0.01,0.119991523700522,0.0675302016599293));
#7063=CARTESIAN_POINT('',(-0.01,0.119991523700522,0.0675302016599293));
#7064=CARTESIAN_POINT('',(-0.01,0.125792593588995,0.0678765158533261));
#7065=CARTESIAN_POINT('',(-0.01,0.114023183542472,0.0671739017105251));
#7066=CARTESIAN_POINT('',(-0.01,0.114023183542472,0.0671739017105251));
#7067=CARTESIAN_POINT('',(-0.01,0.125792593588995,0.0678765158533261));
#7068=CARTESIAN_POINT('',(-0.01,0.111428258018664,0.0702383958390809));
#7069=CARTESIAN_POINT('',(-0.01,0.111428258018664,0.0702383958390809));
#7070=CARTESIAN_POINT('',(-0.01,0.112002362165309,0.072280104773947));
#7071=CARTESIAN_POINT('',(-0.01,0.110700191664547,0.067649145109814));
#7072=CARTESIAN_POINT('',(-0.006,0.110700191664547,0.067649145109814));
#7073=CARTESIAN_POINT('',(-0.01,0.112002362165309,0.072280104773947));
#7074=CARTESIAN_POINT('',(-0.01,0.105230790583943,0.0833512836281251));
#7075=CARTESIAN_POINT('',(-0.01,0.103942597764461,0.0834281865901295));
#7076=CARTESIAN_POINT('',(-0.01,0.103942597764461,0.0834281865901295));
#7077=CARTESIAN_POINT('',(-0.01,0.105230790583943,0.0833512836281251));
#7078=CARTESIAN_POINT('',(-0.01,0.10894211040543,0.08312972402703));
#7079=CARTESIAN_POINT('',(-0.006,0.10894211040543,0.08312972402703));
#7080=CARTESIAN_POINT('',(-0.01,0.134571419763565,0.080000147074461));
#7081=CARTESIAN_POINT('',(0.0158486,0.134571419763565,0.080000147074461));
#7082=CARTESIAN_POINT('',(-0.01,0.134571419763565,0.080000147074461));
#7083=CARTESIAN_POINT('',(-0.01,0.135979585574464,0.0773511719803886));
#7084=CARTESIAN_POINT('',(-0.01,0.135979585574464,0.0773511719803886));
#7085=CARTESIAN_POINT('',(-0.01,0.137569582394473,0.0798951668924039));
#7086=CARTESIAN_POINT('',(-0.01,0.137569582394473,0.0798951668924039));
#7087=CARTESIAN_POINT('',(-0.01,0.134571419763565,0.080000147074461));
#7088=CARTESIAN_POINT('',(-0.01,0.137494496054051,0.080675147074461));
#7089=CARTESIAN_POINT('',(-0.01,0.137494496054051,0.080675147074461));
#7090=CARTESIAN_POINT('',(-0.01,0.128571419763565,0.075000147074461));
#7091=CARTESIAN_POINT('',(-0.01,0.128571419763565,0.075000147074461));
#7092=CARTESIAN_POINT('',(-0.01,0.128571419763565,0.0765360454593233));
#7093=CARTESIAN_POINT('',(-0.01,0.128571419763565,0.0734642486895988));
#7094=CARTESIAN_POINT('',(-0.01,0.128571419763565,0.0734642486895988));
#7095=CARTESIAN_POINT('',(-0.01,0.128571419763565,0.0765360454593233));
#7096=CARTESIAN_POINT('',(-0.01,0.120423189148239,0.0778822447226));
#7097=CARTESIAN_POINT('',(-0.01,0.120423189148239,0.0778822447226));
#7098=CARTESIAN_POINT('',(-0.01,0.125970962508541,0.0798085549171493));
#7099=CARTESIAN_POINT('',(-0.01,0.115219584502073,0.0760754375537924));
#7100=CARTESIAN_POINT('',(-0.006,0.115219584502073,0.0760754375537924));
#7101=CARTESIAN_POINT('',(-0.01,0.125970962508541,0.0798085549171493));
#7102=CARTESIAN_POINT('',(-0.01,0.132071419763565,0.078100147074461));
#7103=CARTESIAN_POINT('',(0.0158486,0.132071419763565,0.078100147074461));
#7104=CARTESIAN_POINT('',(-0.01,0.132071419763565,0.078100147074461));
#7105=CARTESIAN_POINT('',(-0.01,0.119934979207355,0.0835754264974982));
#7106=CARTESIAN_POINT('',(-0.01,0.119934979207355,0.0835754264974982));
#7107=CARTESIAN_POINT('',(-0.01,0.201071419763565,0.078100147074461));
#7108=CARTESIAN_POINT('',(0.0158486,0.201071419763565,0.078100147074461));
#7109=CARTESIAN_POINT('',(-0.01,0.201071419763565,0.078100147074461));
#7110=CARTESIAN_POINT('',(-0.01,0.133571419763565,0.0774923437974392));
#7111=CARTESIAN_POINT('',(-0.01,0.0952714197635648,0.0750001470744607));
#7112=CARTESIAN_POINT('',(-0.01,0.164271419763565,0.0750001470744607));
#7113=CARTESIAN_POINT('',(-0.01,0.0811377095630967,0.0829675708918297));
#7114=CARTESIAN_POINT('',(-0.01,0.0810592253879383,0.0829560998686673));
#7115=CARTESIAN_POINT('',(-0.01,0.206571419763565,0.075000147074461));
#7116=CARTESIAN_POINT('',(-0.01,0.0879366088065639,0.0660544365231373));
#7117=CARTESIAN_POINT('',(-0.01,0.0815714197635653,0.0670001470744609));
#7118=CARTESIAN_POINT('',(-0.01,0.081571419763565,0.0700001470744609));
#7119=CARTESIAN_POINT('',(-0.01,0.0785714197635651,0.0700001470744609));
#7120=CARTESIAN_POINT('',(-0.01,0.078571419763565,0.0725001470744609));
#7121=CARTESIAN_POINT('',(-0.01,0.078571419763565,0.0800001470744609));
#7122=CARTESIAN_POINT('',(-0.01,0.0815714197635649,0.080000147074461));
#7123=CARTESIAN_POINT('',(-0.01,0.0815714197635651,0.080000147074461));
#7124=CARTESIAN_POINT('',(-0.01,0.0843716969261276,0.0810764592098709));
#7125=CARTESIAN_POINT('',(-0.01,0.0815714197635651,0.077000147074461));
#7126=CARTESIAN_POINT('',(-0.01,0.0815714197635651,0.076500147074461));
#7127=CARTESIAN_POINT('',(-0.01,0.0815714197635651,0.0760001470744609));
#7128=CARTESIAN_POINT('',(-0.01,0.0831964825780319,0.0760001470744609));
#7129=CARTESIAN_POINT('',(-0.01,0.0849547659371736,0.0760001470744609));
#7130=CARTESIAN_POINT('',(-0.01,0.0849547659371736,0.0770001470744609));
#7131=CARTESIAN_POINT('',(-0.01,0.0870384330279451,0.0816885656226282));
#7132=CARTESIAN_POINT('',(-0.01,0.0868938124045648,0.0826780528005608));
#7133=CARTESIAN_POINT('',(-0.01,0.0867758941926245,0.0826608182110694));
#7134=CARTESIAN_POINT('',(-0.01,0.0851605020236015,0.0824247170996069));
#7135=CARTESIAN_POINT('',(-0.01,0.0853051226469818,0.0814352299216743));
#7136=CARTESIAN_POINT('',(-0.01,0.205471419763565,0.075000147074461));
#7137=CARTESIAN_POINT('',(-0.01,0.205471419763565,0.07610271202048));
#7138=CARTESIAN_POINT('',(-0.01,0.205471419763565,0.073897582128442));
#7139=CARTESIAN_POINT('',(-0.01,0.204471419763565,0.07610271202048));
#7140=CARTESIAN_POINT('',(-0.01,0.195954997575452,0.076974533924445));
#7141=CARTESIAN_POINT('',(-0.01,0.189333340210793,0.0746753473394936));
#7142=CARTESIAN_POINT('',(-0.01,0.195778025860493,0.0728631787722039));
#7143=CARTESIAN_POINT('',(-0.01,0.204471419763565,0.073897582128442));
#7144=CARTESIAN_POINT('',(-0.01,0.151476998771301,0.0760123373865452));
#7145=CARTESIAN_POINT('',(-0.01,0.153951628772476,0.0760031856947514));
#7146=CARTESIAN_POINT('',(-0.01,0.152567721582743,0.0760083036687781));
#7147=CARTESIAN_POINT('',(-0.01,0.153955326953297,0.0770031788564573));
#7148=CARTESIAN_POINT('',(-0.01,0.156143990407308,0.0818241827354751));
#7149=CARTESIAN_POINT('',(-0.01,0.154259485958652,0.0815487489408735));
#7150=CARTESIAN_POINT('',(-0.01,0.152570629416569,0.076794585919882));
#7151=CARTESIAN_POINT('',(-0.01,0.146306420293563,0.0714865241017049));
#7152=CARTESIAN_POINT('',(-0.01,0.147103868529024,0.0709881189545422));
#7153=CARTESIAN_POINT('',(-0.01,0.143101418703568,0.0734896500954519));
#7154=CARTESIAN_POINT('',(-0.01,0.142571419763565,0.0726416517914468));
#7155=CARTESIAN_POINT('',(-0.01,0.142041420823562,0.0734896500954519));
#7156=CARTESIAN_POINT('',(-0.01,0.138836419233567,0.0714865241017049));
#7157=CARTESIAN_POINT('',(-0.01,0.138038970998106,0.0709881189545422));
#7158=CARTESIAN_POINT('',(-0.01,0.13856896993811,0.0701401206505371));
#7159=CARTESIAN_POINT('',(-0.01,0.138468854817546,0.069100147074461));
#7160=CARTESIAN_POINT('',(-0.01,0.146673984709584,0.069100147074461));
#7161=CARTESIAN_POINT('',(-0.01,0.146573869589021,0.0701401206505371));
#7162=CARTESIAN_POINT('',(-0.01,0.147779817346772,0.0729241462264635));
#7163=CARTESIAN_POINT('',(-0.01,0.14816386640903,0.0726841155625524));
#7164=CARTESIAN_POINT('',(-0.01,0.145815013276384,0.0741521487704559));
#7165=CARTESIAN_POINT('',(-0.01,0.148651449613434,0.0734642486895988));
#7166=CARTESIAN_POINT('',(-0.01,0.148651449613434,0.0765360454593234));
#7167=CARTESIAN_POINT('',(-0.01,0.14816386640903,0.0773161785863697));
#7168=CARTESIAN_POINT('',(-0.01,0.147779817346772,0.0770761479224585));
#7169=CARTESIAN_POINT('',(-0.01,0.145815013276384,0.0758481453784661));
#7170=CARTESIAN_POINT('',(-0.01,0.146345012216388,0.075000147074461));
#7171=CARTESIAN_POINT('',(-0.01,0.146306420293563,0.0785137700472171));
#7172=CARTESIAN_POINT('',(-0.01,0.147103868529024,0.0790121751943798));
#7173=CARTESIAN_POINT('',(-0.01,0.143101418703568,0.07651064405347));
#7174=CARTESIAN_POINT('',(-0.01,0.146573869589021,0.0798601734983849));
#7175=CARTESIAN_POINT('',(-0.01,0.146673984709584,0.080900147074461));
#7176=CARTESIAN_POINT('',(-0.01,0.138468854817546,0.080900147074461));
#7177=CARTESIAN_POINT('',(-0.01,0.13856896993811,0.0798601734983848));
#7178=CARTESIAN_POINT('',(-0.01,0.138038970998106,0.0790121751943797));
#7179=CARTESIAN_POINT('',(-0.01,0.138836419233567,0.0785137700472171));
#7180=CARTESIAN_POINT('',(-0.01,0.142041420823562,0.07651064405347));
#7181=CARTESIAN_POINT('',(-0.01,0.142571419763565,0.0773586423574751));
#7182=CARTESIAN_POINT('',(-0.01,0.0868350583060473,0.0672172237179687));
#7183=CARTESIAN_POINT('',(-0.01,0.0851167559964211,0.0674725211826001));
#7184=CARTESIAN_POINT('',(-0.01,0.0869914856505449,0.0671939824616277));
#7185=CARTESIAN_POINT('',(-0.01,0.0871384478419451,0.0681831245718924));
#7186=CARTESIAN_POINT('',(-0.01,0.0849547659371733,0.0730001470744609));
#7187=CARTESIAN_POINT('',(-0.01,0.0849547659371733,0.0740001470744609));
#7188=CARTESIAN_POINT('',(-0.01,0.0831964825780318,0.0740001470744609));
#7189=CARTESIAN_POINT('',(-0.01,0.0815714197635651,0.0740001470744609));
#7190=CARTESIAN_POINT('',(-0.01,0.0815714197635651,0.0735001470744609));
#7191=CARTESIAN_POINT('',(-0.01,0.0815714197635651,0.0730001470744609));
#7192=CARTESIAN_POINT('',(-0.01,0.0815714197635651,0.0700001470744609));
#7193=CARTESIAN_POINT('',(-0.01,0.0843406435817573,0.0688462842382638));
#7194=CARTESIAN_POINT('',(-0.01,0.0852637181878214,0.0684616632928647));
#7195=CARTESIAN_POINT('',(-0.01,0.12564295081957,0.0807532285813841));
#7196=CARTESIAN_POINT('',(-0.01,0.125733001353137,0.0811255554920968));
#7197=CARTESIAN_POINT('',(-0.01,0.113206412845157,0.0818733719257125));
#7198=CARTESIAN_POINT('',(-0.01,0.114891572813103,0.0770201112180272));
#7199=CARTESIAN_POINT('',(-0.01,0.127571419763565,0.0765360454593233));
#7200=CARTESIAN_POINT('',(-0.01,0.126954997575452,0.0769745339244449));
#7201=CARTESIAN_POINT('',(-0.01,0.120333340210792,0.0746753473394936));
#7202=CARTESIAN_POINT('',(-0.01,0.126778025860493,0.072863178772204));
#7203=CARTESIAN_POINT('',(-0.01,0.127571419763565,0.0734642486895988));
#7204=CARTESIAN_POINT('',(-0.01,0.131571419763565,0.0760001470744611));
#7205=CARTESIAN_POINT('',(-0.01,0.131571419763565,0.074000147074461));
#7206=CARTESIAN_POINT('',(-0.01,0.136448974178097,0.0735321138665575));
#7207=CARTESIAN_POINT('',(-0.01,0.1369789731181,0.0726841155625524));
#7208=CARTESIAN_POINT('',(-0.01,0.137363022180358,0.0729241462264635));
#7209=CARTESIAN_POINT('',(-0.01,0.139327826250746,0.0741521487704559));
#7210=CARTESIAN_POINT('',(-0.01,0.138797827310742,0.075000147074461));
#7211=CARTESIAN_POINT('',(-0.01,0.139327826250746,0.0758481453784661));
#7212=CARTESIAN_POINT('',(-0.01,0.137363022180358,0.0770761479224584));
#7213=CARTESIAN_POINT('',(-0.01,0.1369789731181,0.0773161785863696));
#7214=CARTESIAN_POINT('',(-0.01,0.136448974178097,0.0764681802823645));
#7215=CARTESIAN_POINT('',(-0.01,0.103883005528603,0.0824299637866305));
#7216=CARTESIAN_POINT('',(-0.01,0.106642132693787,0.0766816940969105));
#7217=CARTESIAN_POINT('',(-0.01,0.110817397013711,0.0765590501524108));
#7218=CARTESIAN_POINT('',(-0.01,0.108882518169572,0.0821315012235309));
#7219=CARTESIAN_POINT('',(-0.01,0.111039695682382,0.0725507950815844));
#7220=CARTESIAN_POINT('',(-0.01,0.106524687608637,0.0726834186371687));
#7221=CARTESIAN_POINT('',(-0.01,0.103883005528603,0.067570330362291));
#7222=CARTESIAN_POINT('',(-0.01,0.10973752518162,0.0679198354174514));
#7223=CARTESIAN_POINT('',(-0.01,0.125733001353137,0.0688747386568251));
#7224=CARTESIAN_POINT('',(-0.01,0.125695264629944,0.0690125128404957));
#7225=CARTESIAN_POINT('',(-0.01,0.115042201213154,0.0720080269304879));
#7226=CARTESIAN_POINT('',(-0.01,0.113963591306613,0.0681721245140242));
#7227=CARTESIAN_POINT('',(-0.01,0.155827728014272,0.0739962338163884));
#7228=CARTESIAN_POINT('',(-0.01,0.152575117944387,0.0740082626388267));
#7229=CARTESIAN_POINT('',(-0.01,0.153957908267917,0.0740031487952015));
#7230=CARTESIAN_POINT('',(-0.01,0.152572181801529,0.0732143255866477));
#7231=CARTESIAN_POINT('',(-0.01,0.1542683505399,0.0684728282357808));
#7232=CARTESIAN_POINT('',(-0.01,0.156127863066911,0.0681965504056594));
#7233=CARTESIAN_POINT('',(-0.01,0.153954210087095,0.0730031556334956));
#7234=CARTESIAN_POINT('',(-0.01,0.172883005528603,0.0824299637866305));
#7235=CARTESIAN_POINT('',(-0.01,0.175642132693787,0.0766816940969105));
#7236=CARTESIAN_POINT('',(-0.01,0.179817397013711,0.0765590501524108));
#7237=CARTESIAN_POINT('',(-0.01,0.177882518169571,0.0821315012235309));
#7238=CARTESIAN_POINT('',(-0.01,0.180039695682382,0.0725507950815844));
#7239=CARTESIAN_POINT('',(-0.01,0.175524687608637,0.0726834186371687));
#7240=CARTESIAN_POINT('',(-0.01,0.172883005528604,0.067570330362291));
#7241=CARTESIAN_POINT('',(-0.01,0.17873752518162,0.0679198354174513));
#7242=CARTESIAN_POINT('',(-0.01,0.194733001353137,0.0811255554920968));
#7243=CARTESIAN_POINT('',(-0.01,0.182206412845157,0.0818733719257125));
#7244=CARTESIAN_POINT('',(-0.01,0.183891572813103,0.0770201112180272));
#7245=CARTESIAN_POINT('',(-0.01,0.194642950819571,0.0807532285813841));
#7246=CARTESIAN_POINT('',(-0.01,0.194733001353137,0.0688747386568251));
#7247=CARTESIAN_POINT('',(-0.01,0.194695264629943,0.0690125128404956));
#7248=CARTESIAN_POINT('',(-0.01,0.184042201213154,0.0720080269304879));
#7249=CARTESIAN_POINT('',(-0.01,0.182963591306613,0.0681721245140242));
#7250=CARTESIAN_POINT('',(-0.01,0.0815714197635651,0.0700001470744609));
#7251=CARTESIAN_POINT('',(-0.01,0.0815714197635651,0.0719001470744609));
#7252=CARTESIAN_POINT('',(-0.01,0.0815714197635651,0.0800001470744609));
#7253=CARTESIAN_POINT('',(-0.01,0.0815714197635651,0.0819001470744609));
#7254=CARTESIAN_POINT('',(-0.006,0.147779817346772,0.0770761479224585));
#7255=CARTESIAN_POINT('',(-0.006,0.145815013276384,0.0758481453784661));
#7256=CARTESIAN_POINT('',(-0.006,0.14816386640903,0.0773161785863697));
#7257=CARTESIAN_POINT('',(-0.006,0.147779817346772,0.0729241462264635));
#7258=CARTESIAN_POINT('',(-0.01,0.14816386640903,0.0726841155625524));
#7259=CARTESIAN_POINT('',(-0.006,0.145815013276384,0.0741521487704559));
#7260=CARTESIAN_POINT('',(-0.006,0.146306420293563,0.0714865241017049));
#7261=CARTESIAN_POINT('',(-0.01,0.143101418703568,0.0734896500954519));
#7262=CARTESIAN_POINT('',(-0.006,0.147103868529024,0.0709881189545422));
#7263=CARTESIAN_POINT('',(-0.006,0.138836419233567,0.0714865241017049));
#7264=CARTESIAN_POINT('',(-0.006,0.138038970998106,0.0709881189545422));
#7265=CARTESIAN_POINT('',(-0.006,0.142041420823562,0.0734896500954519));
#7266=CARTESIAN_POINT('',(-0.006,0.137363022180358,0.0729241462264635));
#7267=CARTESIAN_POINT('',(-0.006,0.1369789731181,0.0726841155625524));
#7268=CARTESIAN_POINT('',(-0.006,0.139327826250746,0.0741521487704559));
#7269=CARTESIAN_POINT('',(-0.006,0.137363022180358,0.0770761479224584));
#7270=CARTESIAN_POINT('',(-0.006,0.1369789731181,0.0773161785863696));
#7271=CARTESIAN_POINT('',(-0.006,0.139327826250746,0.0758481453784661));
#7272=CARTESIAN_POINT('',(-0.006,0.138836419233567,0.0785137700472171));
#7273=CARTESIAN_POINT('',(-0.006,0.138038970998106,0.0790121751943797));
#7274=CARTESIAN_POINT('',(-0.01,0.142041420823562,0.07651064405347));
#7275=CARTESIAN_POINT('',(-0.006,0.146306420293563,0.0785137700472171));
#7276=CARTESIAN_POINT('',(-0.006,0.143101418703568,0.07651064405347));
#7277=CARTESIAN_POINT('',(-0.01,0.147103868529024,0.0790121751943798));
#7278=CARTESIAN_POINT('',(-0.006,0.155827728014272,0.0739962338163884));
#7279=CARTESIAN_POINT('',(-0.01,0.152575117944387,0.0740082626388267));
#7280=CARTESIAN_POINT('',(-0.006,0.153957908267917,0.0740031487952015));
#7281=CARTESIAN_POINT('',(-0.006,0.151476998771301,0.0760123373865452));
#7282=CARTESIAN_POINT('',(-0.01,0.153951628772476,0.0760031856947514));
#7283=CARTESIAN_POINT('',(-0.006,0.152567721582743,0.0760083036687781));
#7284=CARTESIAN_POINT('',(-0.006,0.205471419763565,0.075000147074461));
#7285=CARTESIAN_POINT('',(-0.006,0.205471419763565,0.073897582128442));
#7286=CARTESIAN_POINT('',(-0.01,0.205471419763565,0.07610271202048));
#7287=CARTESIAN_POINT('',(-0.006,0.206571419763565,0.075000147074461));
#7288=CARTESIAN_POINT('',(-0.01,0.106524687608637,0.0726834186371687));
#7289=CARTESIAN_POINT('',(-0.01,0.10973752518162,0.0679198354174514));
#7290=CARTESIAN_POINT('',(-0.01,0.111039695682382,0.0725507950815844));
#7291=CARTESIAN_POINT('',(-0.01,0.103883005528603,0.067570330362291));
#7292=CARTESIAN_POINT('',(-0.01,0.103883005528603,0.0824299637866305));
#7293=CARTESIAN_POINT('',(-0.01,0.108882518169572,0.0821315012235309));
#7294=CARTESIAN_POINT('',(-0.01,0.106642132693787,0.0766816940969105));
#7295=CARTESIAN_POINT('',(-0.01,0.110817397013711,0.0765590501524108));
#7296=CARTESIAN_POINT('',(-0.01,0.113206412845157,0.0818733719257125));
#7297=CARTESIAN_POINT('',(-0.01,0.114891572813103,0.0770201112180272));
#7298=CARTESIAN_POINT('',(-0.01,0.12564295081957,0.0807532285813841));
#7299=CARTESIAN_POINT('',(-0.01,0.125733001353137,0.0811255554920968));
#7300=CARTESIAN_POINT('',(-0.01,0.113963591306613,0.0681721245140242));
#7301=CARTESIAN_POINT('',(-0.01,0.115042201213154,0.0720080269304879));
#7302=CARTESIAN_POINT('',(-0.01,0.125733001353137,0.0688747386568251));
#7303=CARTESIAN_POINT('',(-0.01,0.125695264629944,0.0690125128404957));
#7304=CARTESIAN_POINT('',(-0.01,0.120333340210792,0.0746753473394936));
#7305=CARTESIAN_POINT('',(-0.01,0.126778025860493,0.072863178772204));
#7306=CARTESIAN_POINT('',(-0.01,0.127571419763565,0.0734642486895988));
#7307=CARTESIAN_POINT('',(-0.01,0.127571419763565,0.0765360454593233));
#7308=CARTESIAN_POINT('',(-0.01,0.126954997575452,0.0769745339244449));
#7309=CARTESIAN_POINT('',(-0.01,0.131571419763565,0.074000147074461));
#7310=CARTESIAN_POINT('',(-0.01,0.131571419763565,0.0760001470744611));
#7311=CARTESIAN_POINT('',(-0.01,0.136448974178097,0.0735321138665575));
#7312=CARTESIAN_POINT('',(-0.01,0.136448974178097,0.0764681802823645));
#7313=CARTESIAN_POINT('',(-0.006,0.138797827310742,0.075000147074461));
#7314=CARTESIAN_POINT('',(-0.01,0.13856896993811,0.0798601734983848));
#7315=CARTESIAN_POINT('',(-0.01,0.138468854817546,0.080900147074461));
#7316=CARTESIAN_POINT('',(-0.006,0.142571419763565,0.0773586423574751));
#7317=CARTESIAN_POINT('',(-0.01,0.146573869589021,0.0798601734983849));
#7318=CARTESIAN_POINT('',(-0.01,0.146673984709584,0.080900147074461));
#7319=CARTESIAN_POINT('',(-0.01,0.13856896993811,0.0701401206505371));
#7320=CARTESIAN_POINT('',(-0.01,0.138468854817546,0.069100147074461));
#7321=CARTESIAN_POINT('',(-0.006,0.142571419763565,0.0726416517914468));
#7322=CARTESIAN_POINT('',(-0.01,0.146673984709584,0.069100147074461));
#7323=CARTESIAN_POINT('',(-0.01,0.146573869589021,0.0701401206505371));
#7324=CARTESIAN_POINT('',(-0.006,0.146345012216388,0.075000147074461));
#7325=CARTESIAN_POINT('',(-0.01,0.1542683505399,0.0684728282357808));
#7326=CARTESIAN_POINT('',(-0.01,0.156127863066911,0.0681965504056594));
#7327=CARTESIAN_POINT('',(-0.01,0.153954210087095,0.0730031556334956));
#7328=CARTESIAN_POINT('',(-0.01,0.153955326953297,0.0770031788564573));
#7329=CARTESIAN_POINT('',(-0.01,0.154259485958652,0.0815487489408735));
#7330=CARTESIAN_POINT('',(-0.01,0.156143990407308,0.0818241827354751));
#7331=CARTESIAN_POINT('',(-0.01,0.183891572813103,0.0770201112180272));
#7332=CARTESIAN_POINT('',(-0.01,0.182206412845157,0.0818733719257125));
#7333=CARTESIAN_POINT('',(-0.01,0.194642950819571,0.0807532285813841));
#7334=CARTESIAN_POINT('',(-0.01,0.194733001353137,0.0811255554920968));
#7335=CARTESIAN_POINT('',(-0.01,0.172883005528603,0.0824299637866305));
#7336=CARTESIAN_POINT('',(-0.01,0.175642132693787,0.0766816940969105));
#7337=CARTESIAN_POINT('',(-0.01,0.177882518169571,0.0821315012235309));
#7338=CARTESIAN_POINT('',(-0.01,0.179817397013711,0.0765590501524108));
#7339=CARTESIAN_POINT('',(-0.01,0.175524687608637,0.0726834186371687));
#7340=CARTESIAN_POINT('',(-0.01,0.172883005528604,0.067570330362291));
#7341=CARTESIAN_POINT('',(-0.01,0.17873752518162,0.0679198354174513));
#7342=CARTESIAN_POINT('',(-0.01,0.180039695682382,0.0725507950815844));
#7343=CARTESIAN_POINT('',(-0.01,0.184042201213154,0.0720080269304879));
#7344=CARTESIAN_POINT('',(-0.01,0.182963591306613,0.0681721245140242));
#7345=CARTESIAN_POINT('',(-0.01,0.194733001353137,0.0688747386568251));
#7346=CARTESIAN_POINT('',(-0.01,0.194695264629943,0.0690125128404956));
#7347=CARTESIAN_POINT('',(-0.01,0.189333340210793,0.0746753473394936));
#7348=CARTESIAN_POINT('',(-0.01,0.195778025860493,0.0728631787722039));
#7349=CARTESIAN_POINT('',(-0.01,0.195954997575452,0.076974533924445));
#7350=CARTESIAN_POINT('',(-0.01,0.204471419763565,0.073897582128442));
#7351=CARTESIAN_POINT('',(-0.01,0.204471419763565,0.07610271202048));
#7352=CARTESIAN_POINT('',(-0.006,0.152570629416569,0.076794585919882));
#7353=CARTESIAN_POINT('',(-0.006,0.152572181801529,0.0732143255866477));
#7354=CARTESIAN_POINT('',(-0.006,0.148651449613434,0.0765360454593234));
#7355=CARTESIAN_POINT('',(-0.006,0.148651449613434,0.0734642486895988));
#7356=CARTESIAN_POINT('',(0.0158486,0.146171419763565,0.0750001470744607));
#7357=CARTESIAN_POINT('',(0.0158486,0.146171419763565,0.0750001470744607));
#7358=CARTESIAN_POINT('',(0.0158486,0.146171419763565,0.0750001470744607));
#7359=CARTESIAN_POINT('',(0.0158486,0.146171419763565,0.0750001470744607));
#7360=CARTESIAN_POINT('',(0.0158486,0.146171419763565,0.0750001470744607));
#7361=CARTESIAN_POINT('',(0.0158486,0.146171419763565,0.0750001470744607));
#7362=CARTESIAN_POINT('',(-0.006,0.0879366088065639,0.0660544365231373));
#7363=CARTESIAN_POINT('',(-0.006,0.0815714197635653,0.0670001470744609));
#7364=CARTESIAN_POINT('',(-0.006,0.081571419763565,0.0700001470744609));
#7365=CARTESIAN_POINT('',(-0.006,0.0843406435817573,0.0688462842382638));
#7366=CARTESIAN_POINT('',(-0.006,0.0815714197635651,0.0730001470744609));
#7367=CARTESIAN_POINT('',(-0.006,0.0785714197635651,0.0700001470744609));
#7368=CARTESIAN_POINT('',(0.0158486,0.081571419763565,0.0700001470744609));
#7369=CARTESIAN_POINT('',(0.0158486,0.081571419763565,0.0730001470744609));
#7370=CARTESIAN_POINT('',(-0.006,0.078571419763565,0.0725001470744609));
#7371=CARTESIAN_POINT('',(-0.006,0.078571419763565,0.0800001470744609));
#7372=CARTESIAN_POINT('',(-0.006,0.0815714197635649,0.080000147074461));
#7373=CARTESIAN_POINT('',(-0.006,0.0815714197635651,0.077000147074461));
#7374=CARTESIAN_POINT('',(-0.006,0.0843716969261276,0.0810764592098709));
#7375=CARTESIAN_POINT('',(0.0158486,0.0812161937382533,0.0829790419149918));
#7376=CARTESIAN_POINT('',(0.0158486,0.0812161937382533,0.0829790419149918));
#7377=CARTESIAN_POINT('',(0.0158486,0.0815714197635649,0.080000147074461));
#7378=CARTESIAN_POINT('',(0.0158486,0.0810592253879383,0.0829560998686673));
#7379=CARTESIAN_POINT('',(-0.006,0.0810592253879383,0.0829560998686673));
#7380=CARTESIAN_POINT('',(-0.006,0.0811377095630967,0.0829675708918297));
#7381=CARTESIAN_POINT('',(0.0158486,0.0811377095630967,0.0829675708918297));
#7382=CARTESIAN_POINT('',(-0.006,0.0867758941926245,0.0826608182110694));
#7383=CARTESIAN_POINT('',(-0.006,0.0868938124045648,0.0826780528005608));
#7384=CARTESIAN_POINT('',(-0.006,0.0851605020236015,0.0824247170996069));
#7385=CARTESIAN_POINT('',(-0.006,0.0831964825780319,0.0760001470744609));
#7386=CARTESIAN_POINT('',(-0.006,0.0849547659371736,0.0760001470744609));
#7387=CARTESIAN_POINT('',(-0.006,0.0815714197635651,0.0760001470744609));
#7388=CARTESIAN_POINT('',(-0.006,0.0831964825780318,0.0740001470744609));
#7389=CARTESIAN_POINT('',(-0.006,0.0815714197635651,0.0740001470744609));
#7390=CARTESIAN_POINT('',(-0.006,0.0849547659371733,0.0740001470744609));
#7391=CARTESIAN_POINT('',(-0.006,0.0868350583060473,0.0672172237179687));
#7392=CARTESIAN_POINT('',(-0.006,0.0869914856505449,0.0671939824616277));
#7393=CARTESIAN_POINT('',(-0.006,0.0851167559964211,0.0674725211826001));
#7394=CARTESIAN_POINT('',(-0.006,0.0815714197635651,0.0700001470744609));
#7395=CARTESIAN_POINT('',(0.0158486,0.0815714197635651,0.0700001470744609));
#7396=CARTESIAN_POINT('',(0.0158486,0.0815714197635651,0.0719001470744609));
#7397=CARTESIAN_POINT('',(-0.006,0.0815714197635651,0.0800001470744609));
#7398=CARTESIAN_POINT('',(0.0158486,0.0815714197635651,0.0800001470744609));
#7399=CARTESIAN_POINT('',(0.0158486,0.0815714197635651,0.0819001470744609));
#7400=CARTESIAN_POINT('',(-0.01,0.0871384478419451,0.0681831245718924));
#7401=CARTESIAN_POINT('',(-0.006,0.0852637181878214,0.0684616632928647));
#7402=CARTESIAN_POINT('',(-0.01,0.0849547659371733,0.0730001470744609));
#7403=CARTESIAN_POINT('',(-0.01,0.0849547659371736,0.0770001470744609));
#7404=CARTESIAN_POINT('',(-0.01,0.0870384330279451,0.0816885656226282));
#7405=CARTESIAN_POINT('',(-0.006,0.0853051226469818,0.0814352299216743));
#7406=CARTESIAN_POINT('',(-0.006,0.0815714197635651,0.076500147074461));
#7407=CARTESIAN_POINT('',(-0.006,0.0815714197635651,0.0735001470744609));
#7408=CARTESIAN_POINT('',(0.0158486,0.104071419763565,0.0750001470744601));
#7409=CARTESIAN_POINT('',(0.0158486,0.104071419763565,0.0750001470744601));
#7410=CARTESIAN_POINT('',(0.015,0.0952714197635648,0.0750001470744607));
#7411=CARTESIAN_POINT('',(0.015,0.164271419763565,0.0750001470744607));
#7412=MECHANICAL_DESIGN_GEOMETRIC_PRESENTATION_REPRESENTATION('',(#4312),
#7413);
#7413=(
GEOMETRIC_REPRESENTATION_CONTEXT(3)
GLOBAL_UNCERTAINTY_ASSIGNED_CONTEXT((#7414))
GLOBAL_UNIT_ASSIGNED_CONTEXT((#7417,#7416,#7415))
REPRESENTATION_CONTEXT('btrshftr C1-C2 Shifter Plate Female',
'TOP_LEVEL_ASSEMBLY_PART')
);
#7414=UNCERTAINTY_MEASURE_WITH_UNIT(LENGTH_MEASURE(2.E-7),#7417,
'DISTANCE_ACCURACY_VALUE','Maximum Tolerance applied to model');
#7415=(
NAMED_UNIT(*)
SI_UNIT($,.STERADIAN.)
SOLID_ANGLE_UNIT()
);
#7416=(
NAMED_UNIT(*)
PLANE_ANGLE_UNIT()
SI_UNIT($,.RADIAN.)
);
#7417=(
LENGTH_UNIT()
NAMED_UNIT(*)
SI_UNIT($,.METRE.)
);
#7418=PRODUCT_DEFINITION_SHAPE('','',#7419);
#7419=PRODUCT_DEFINITION('','',#7421,#7420);
#7420=PRODUCT_DEFINITION_CONTEXT('',#7427,'design');
#7421=PRODUCT_DEFINITION_FORMATION_WITH_SPECIFIED_SOURCE('','',#7423,
 .NOT_KNOWN.);
#7422=PRODUCT_RELATED_PRODUCT_CATEGORY('','',(#7423));
#7423=PRODUCT('btrshftr C1-C2 Shifter Plate Female',
'btrshftr C1-C2 Shifter Plate Female',
'btrshftr C1-C2 Shifter Plate Female',(#7425));
#7424=PRODUCT_CATEGORY('','');
#7425=PRODUCT_CONTEXT('',#7427,'mechanical');
#7426=APPLICATION_PROTOCOL_DEFINITION('international standard',
'ap242_managed_model_based_3d_engineering',2020,#7427);
#7427=APPLICATION_CONTEXT('managed model based 3d engineering');
ENDSEC;
END-ISO-10303-21;
