ISO-10303-21;
HEADER;
/* Generated by software containing ST-Developer
 * from STEP Tools, Inc. (www.steptools.com) 
 */
/* OPTION: using custom renumber hook */

FILE_DESCRIPTION(
/* description */ ('STEP AP242 Edition 2',
'CAx-IF Rec.Pracs.---Representation and Presentation of Product Manufa
cturing Information (PMI)---4.0---2014-10-13',
'CAx-IF Rec.Pracs.---3D Tessellated Geometry---0.4---2014-09-14','2;1',
'CAx-IF Rec.Pracs.---User Defined Attributes---1.5---2016-08-15'),
/* implementation_level */ '2;1');

FILE_NAME(
/* name */ 'Assembly 1 - btrshftr Mount Plate 1',
/* time_stamp */ '2026-06-22T21:39:46Z',
/* author */ (''),
/* organization */ (''),
/* preprocessor_version */ 'ST-DEVELOPER v20',
/* originating_system */ 'ONSHAPE BY PTC INC, 1.216',
/* authorisation */ '  ');

FILE_SCHEMA (('AP242_MANAGED_MODEL_BASED_3D_ENGINEERING_MIM_LF { 1 0 10303 442 3 1 4 }'));
ENDSEC;

DATA;
#10=SHAPE_REPRESENTATION_RELATIONSHIP('','',#3697,#11);
#11=ADVANCED_BREP_SHAPE_REPRESENTATION('',(#3695),#6290);
#12=CYLINDRICAL_SURFACE('',#3802,0.007);
#13=CYLINDRICAL_SURFACE('',#3805,0.0015);
#14=CYLINDRICAL_SURFACE('',#3808,0.0015);
#15=CYLINDRICAL_SURFACE('',#3811,0.0015);
#16=CYLINDRICAL_SURFACE('',#3814,0.0015);
#17=CYLINDRICAL_SURFACE('',#3816,0.0015);
#18=CYLINDRICAL_SURFACE('',#3818,0.0125);
#19=CYLINDRICAL_SURFACE('',#3820,0.0015);
#20=CYLINDRICAL_SURFACE('',#3823,0.0015);
#21=CYLINDRICAL_SURFACE('',#3826,0.0015);
#22=CYLINDRICAL_SURFACE('',#3828,1.00000000000608E-6);
#23=CYLINDRICAL_SURFACE('',#3830,0.0554979026157084);
#24=CYLINDRICAL_SURFACE('',#3832,0.0015);
#25=CYLINDRICAL_SURFACE('',#3834,0.0125);
#26=CYLINDRICAL_SURFACE('',#3836,0.0015);
#27=CYLINDRICAL_SURFACE('',#3839,0.0554979026157084);
#28=CYLINDRICAL_SURFACE('',#3841,1.00000000000608E-6);
#29=CYLINDRICAL_SURFACE('',#3843,0.0015);
#30=CYLINDRICAL_SURFACE('',#3846,0.0015);
#31=CYLINDRICAL_SURFACE('',#3849,0.005);
#32=CYLINDRICAL_SURFACE('',#3854,0.00499999999999845);
#33=CYLINDRICAL_SURFACE('',#3858,0.005);
#34=CYLINDRICAL_SURFACE('',#3862,0.005);
#35=CYLINDRICAL_SURFACE('',#3865,0.00499999999999934);
#36=CYLINDRICAL_SURFACE('',#3869,0.005);
#37=CYLINDRICAL_SURFACE('',#3871,0.00215);
#38=CYLINDRICAL_SURFACE('',#3873,0.00215);
#39=CYLINDRICAL_SURFACE('',#3877,0.00215);
#40=CYLINDRICAL_SURFACE('',#3880,0.00215);
#41=CYLINDRICAL_SURFACE('',#3883,0.00215000000000006);
#42=CYLINDRICAL_SURFACE('',#3885,0.00215);
#43=CYLINDRICAL_SURFACE('',#3888,0.00215000000000008);
#44=CYLINDRICAL_SURFACE('',#3891,0.00215);
#45=CYLINDRICAL_SURFACE('',#3895,0.0125);
#46=CYLINDRICAL_SURFACE('',#3912,0.0604979026157079);
#47=CYLINDRICAL_SURFACE('',#3914,0.00500100000000751);
#48=CYLINDRICAL_SURFACE('',#3919,0.005);
#49=CYLINDRICAL_SURFACE('',#3932,0.0125);
#50=CYLINDRICAL_SURFACE('',#3938,0.0125);
#51=CYLINDRICAL_SURFACE('',#3958,0.00500099999999705);
#52=CYLINDRICAL_SURFACE('',#3960,0.0604979026157081);
#53=CYLINDRICAL_SURFACE('',#3965,0.002);
#54=CYLINDRICAL_SURFACE('',#3967,0.002);
#55=CYLINDRICAL_SURFACE('',#3969,0.002);
#56=CYLINDRICAL_SURFACE('',#3971,0.002);
#57=CYLINDRICAL_SURFACE('',#3973,0.002);
#58=CYLINDRICAL_SURFACE('',#3975,0.002);
#59=CYLINDRICAL_SURFACE('',#3977,0.002);
#60=CYLINDRICAL_SURFACE('',#3979,0.002);
#61=CYLINDRICAL_SURFACE('',#3981,0.002);
#62=CYLINDRICAL_SURFACE('',#3983,0.002);
#63=CYLINDRICAL_SURFACE('',#3985,0.002);
#64=CYLINDRICAL_SURFACE('',#3987,0.002);
#65=CYLINDRICAL_SURFACE('',#3989,0.002);
#66=CYLINDRICAL_SURFACE('',#3991,0.002);
#67=CYLINDRICAL_SURFACE('',#3993,0.002);
#68=CYLINDRICAL_SURFACE('',#3995,0.002);
#69=CYLINDRICAL_SURFACE('',#3997,0.002);
#70=CYLINDRICAL_SURFACE('',#3999,0.002);
#71=CYLINDRICAL_SURFACE('',#4001,0.002);
#72=CYLINDRICAL_SURFACE('',#4003,0.002);
#73=CYLINDRICAL_SURFACE('',#4005,0.002);
#74=CYLINDRICAL_SURFACE('',#4007,0.002);
#75=CYLINDRICAL_SURFACE('',#4009,0.002);
#76=CYLINDRICAL_SURFACE('',#4011,0.002);
#77=CYLINDRICAL_SURFACE('',#4013,0.002);
#78=CYLINDRICAL_SURFACE('',#4015,0.002);
#79=CYLINDRICAL_SURFACE('',#4017,0.002);
#80=CYLINDRICAL_SURFACE('',#4019,0.002);
#81=CYLINDRICAL_SURFACE('',#4021,0.002);
#82=CYLINDRICAL_SURFACE('',#4023,0.002);
#83=CYLINDRICAL_SURFACE('',#4025,0.002);
#84=CYLINDRICAL_SURFACE('',#4027,0.002);
#85=CYLINDRICAL_SURFACE('',#4029,0.002);
#86=CYLINDRICAL_SURFACE('',#4031,0.002);
#87=CYLINDRICAL_SURFACE('',#4033,0.002);
#88=CYLINDRICAL_SURFACE('',#4035,0.002);
#89=CYLINDRICAL_SURFACE('',#4037,0.002);
#90=CYLINDRICAL_SURFACE('',#4039,0.002);
#91=CYLINDRICAL_SURFACE('',#4041,0.002);
#92=CYLINDRICAL_SURFACE('',#4043,0.002);
#93=CYLINDRICAL_SURFACE('',#4045,0.002);
#94=CYLINDRICAL_SURFACE('',#4047,0.002);
#95=CYLINDRICAL_SURFACE('',#4049,0.002);
#96=CYLINDRICAL_SURFACE('',#4051,0.002);
#97=CYLINDRICAL_SURFACE('',#4053,0.002);
#98=CYLINDRICAL_SURFACE('',#4055,0.002);
#99=CYLINDRICAL_SURFACE('',#4057,0.002);
#100=CYLINDRICAL_SURFACE('',#4059,0.002);
#101=CYLINDRICAL_SURFACE('',#4061,0.002);
#102=CYLINDRICAL_SURFACE('',#4063,0.002);
#103=CYLINDRICAL_SURFACE('',#4065,0.002);
#104=CYLINDRICAL_SURFACE('',#4067,0.002);
#105=CYLINDRICAL_SURFACE('',#4069,0.002);
#106=CYLINDRICAL_SURFACE('',#4071,0.002);
#107=CYLINDRICAL_SURFACE('',#4073,0.002);
#108=CYLINDRICAL_SURFACE('',#4075,0.002);
#109=CYLINDRICAL_SURFACE('',#4077,0.002);
#110=CYLINDRICAL_SURFACE('',#4079,0.002);
#111=CYLINDRICAL_SURFACE('',#4081,0.002);
#112=CYLINDRICAL_SURFACE('',#4083,0.002);
#113=CYLINDRICAL_SURFACE('',#4085,0.00200918075255159);
#114=CYLINDRICAL_SURFACE('',#4087,0.00200918075255159);
#115=CYLINDRICAL_SURFACE('',#4089,0.0075);
#116=CYLINDRICAL_SURFACE('',#4095,0.01);
#117=CIRCLE('',#3700,0.002);
#118=CIRCLE('',#3701,0.002);
#119=CIRCLE('',#3702,0.002);
#120=CIRCLE('',#3703,0.002);
#121=CIRCLE('',#3704,0.002);
#122=CIRCLE('',#3705,0.002);
#123=CIRCLE('',#3706,0.002);
#124=CIRCLE('',#3707,0.002);
#125=CIRCLE('',#3708,0.002);
#126=CIRCLE('',#3709,0.002);
#127=CIRCLE('',#3710,0.002);
#128=CIRCLE('',#3711,0.002);
#129=CIRCLE('',#3712,0.0125);
#130=CIRCLE('',#3713,0.002);
#131=CIRCLE('',#3714,0.002);
#132=CIRCLE('',#3715,0.002);
#133=CIRCLE('',#3716,0.002);
#134=CIRCLE('',#3717,0.002);
#135=CIRCLE('',#3718,0.002);
#136=CIRCLE('',#3719,0.002);
#137=CIRCLE('',#3720,0.002);
#138=CIRCLE('',#3721,0.002);
#139=CIRCLE('',#3722,0.002);
#140=CIRCLE('',#3723,0.002);
#141=CIRCLE('',#3724,0.00500100000000751);
#142=CIRCLE('',#3725,0.00200918075255159);
#143=CIRCLE('',#3726,0.002);
#144=CIRCLE('',#3727,0.002);
#145=CIRCLE('',#3728,0.0604979026157079);
#146=CIRCLE('',#3729,0.002);
#147=CIRCLE('',#3730,0.002);
#148=CIRCLE('',#3731,0.002);
#149=CIRCLE('',#3732,0.002);
#150=CIRCLE('',#3733,0.0125);
#151=CIRCLE('',#3734,0.002);
#152=CIRCLE('',#3735,0.002);
#153=CIRCLE('',#3736,0.002);
#154=CIRCLE('',#3737,0.00215);
#155=CIRCLE('',#3738,0.00215000000000006);
#156=CIRCLE('',#3739,0.0015);
#157=CIRCLE('',#3740,0.0015);
#158=CIRCLE('',#3741,0.0015);
#159=CIRCLE('',#3742,1.00000000000608E-6);
#160=CIRCLE('',#3743,0.0554979026157084);
#161=CIRCLE('',#3744,0.0015);
#162=CIRCLE('',#3745,0.0125);
#163=CIRCLE('',#3746,0.00215);
#164=CIRCLE('',#3747,0.0015);
#165=CIRCLE('',#3748,0.0554979026157084);
#166=CIRCLE('',#3749,1.00000000000608E-6);
#167=CIRCLE('',#3750,0.0015);
#168=CIRCLE('',#3751,0.0015);
#169=CIRCLE('',#3752,0.0015);
#170=CIRCLE('',#3753,0.0125);
#171=CIRCLE('',#3754,0.0015);
#172=CIRCLE('',#3755,0.0015);
#173=CIRCLE('',#3756,0.0015);
#174=CIRCLE('',#3757,0.0015);
#175=CIRCLE('',#3758,0.00215);
#176=CIRCLE('',#3759,0.00215);
#177=CIRCLE('',#3760,0.002);
#178=CIRCLE('',#3761,0.002);
#179=CIRCLE('',#3762,0.002);
#180=CIRCLE('',#3763,0.002);
#181=CIRCLE('',#3764,0.002);
#182=CIRCLE('',#3765,0.002);
#183=CIRCLE('',#3766,0.002);
#184=CIRCLE('',#3767,0.005);
#185=CIRCLE('',#3768,0.002);
#186=CIRCLE('',#3769,0.002);
#187=CIRCLE('',#3770,0.002);
#188=CIRCLE('',#3771,0.002);
#189=CIRCLE('',#3772,0.002);
#190=CIRCLE('',#3773,0.002);
#191=CIRCLE('',#3774,0.0125);
#192=CIRCLE('',#3775,0.002);
#193=CIRCLE('',#3776,0.002);
#194=CIRCLE('',#3777,0.002);
#195=CIRCLE('',#3778,0.002);
#196=CIRCLE('',#3779,0.002);
#197=CIRCLE('',#3780,0.002);
#198=CIRCLE('',#3781,0.002);
#199=CIRCLE('',#3782,0.002);
#200=CIRCLE('',#3783,0.002);
#201=CIRCLE('',#3784,0.00200918075255159);
#202=CIRCLE('',#3785,0.00500099999999705);
#203=CIRCLE('',#3786,0.0604979026157081);
#204=CIRCLE('',#3787,0.002);
#205=CIRCLE('',#3788,0.002);
#206=CIRCLE('',#3789,0.0075);
#207=CIRCLE('',#3790,0.00499999999999845);
#208=CIRCLE('',#3791,0.005);
#209=CIRCLE('',#3792,0.002);
#210=CIRCLE('',#3793,0.002);
#211=CIRCLE('',#3794,0.002);
#212=CIRCLE('',#3795,0.002);
#213=CIRCLE('',#3796,0.005);
#214=CIRCLE('',#3797,0.01);
#215=CIRCLE('',#3798,0.005);
#216=CIRCLE('',#3799,0.00499999999999934);
#217=CIRCLE('',#3800,0.005);
#218=CIRCLE('',#3801,0.005);
#219=CIRCLE('',#3803,0.007);
#220=CIRCLE('',#3804,0.007);
#221=CIRCLE('',#3806,0.0015);
#222=CIRCLE('',#3809,0.0015);
#223=CIRCLE('',#3812,0.0015);
#224=CIRCLE('',#3815,0.0015);
#225=CIRCLE('',#3817,0.0015);
#226=CIRCLE('',#3819,0.0125);
#227=CIRCLE('',#3821,0.0015);
#228=CIRCLE('',#3824,0.0015);
#229=CIRCLE('',#3827,0.0015);
#230=CIRCLE('',#3829,1.00000000000608E-6);
#231=CIRCLE('',#3831,0.0554979026157084);
#232=CIRCLE('',#3833,0.0015);
#233=CIRCLE('',#3835,0.0125);
#234=CIRCLE('',#3837,0.0015);
#235=CIRCLE('',#3840,0.0554979026157084);
#236=CIRCLE('',#3842,1.00000000000608E-6);
#237=CIRCLE('',#3844,0.0015);
#238=CIRCLE('',#3847,0.0015);
#239=CIRCLE('',#3850,0.005);
#240=CIRCLE('',#3851,0.005);
#241=CIRCLE('',#3852,0.005);
#242=CIRCLE('',#3855,0.00499999999999845);
#243=CIRCLE('',#3856,0.00499999999999845);
#244=CIRCLE('',#3859,0.005);
#245=CIRCLE('',#3863,0.005);
#246=CIRCLE('',#3866,0.00499999999999934);
#247=CIRCLE('',#3867,0.00499999999999934);
#248=CIRCLE('',#3870,0.005);
#249=CIRCLE('',#3872,0.00215);
#250=CIRCLE('',#3874,0.00215);
#251=CIRCLE('',#3878,0.00215);
#252=CIRCLE('',#3881,0.00215);
#253=CIRCLE('',#3882,0.00215);
#254=CIRCLE('',#3884,0.00215000000000006);
#255=CIRCLE('',#3886,0.00215);
#256=CIRCLE('',#3889,0.00215000000000008);
#257=CIRCLE('',#3890,0.00215000000000008);
#258=CIRCLE('',#3892,0.00215);
#259=CIRCLE('',#3893,0.00215);
#260=CIRCLE('',#3896,0.0125);
#261=CIRCLE('',#3913,0.0604979026157079);
#262=CIRCLE('',#3915,0.00500100000000751);
#263=CIRCLE('',#3920,0.005);
#264=CIRCLE('',#3933,0.0125);
#265=CIRCLE('',#3939,0.0125);
#266=CIRCLE('',#3959,0.00500099999999705);
#267=CIRCLE('',#3961,0.0604979026157081);
#268=CIRCLE('',#3966,0.002);
#269=CIRCLE('',#3968,0.002);
#270=CIRCLE('',#3970,0.002);
#271=CIRCLE('',#3972,0.002);
#272=CIRCLE('',#3974,0.002);
#273=CIRCLE('',#3976,0.002);
#274=CIRCLE('',#3978,0.002);
#275=CIRCLE('',#3980,0.002);
#276=CIRCLE('',#3982,0.002);
#277=CIRCLE('',#3984,0.002);
#278=CIRCLE('',#3986,0.002);
#279=CIRCLE('',#3988,0.002);
#280=CIRCLE('',#3990,0.002);
#281=CIRCLE('',#3992,0.002);
#282=CIRCLE('',#3994,0.002);
#283=CIRCLE('',#3996,0.002);
#284=CIRCLE('',#3998,0.002);
#285=CIRCLE('',#4000,0.002);
#286=CIRCLE('',#4002,0.002);
#287=CIRCLE('',#4004,0.002);
#288=CIRCLE('',#4006,0.002);
#289=CIRCLE('',#4008,0.002);
#290=CIRCLE('',#4010,0.002);
#291=CIRCLE('',#4012,0.002);
#292=CIRCLE('',#4014,0.002);
#293=CIRCLE('',#4016,0.002);
#294=CIRCLE('',#4018,0.002);
#295=CIRCLE('',#4020,0.002);
#296=CIRCLE('',#4022,0.002);
#297=CIRCLE('',#4024,0.002);
#298=CIRCLE('',#4026,0.002);
#299=CIRCLE('',#4028,0.002);
#300=CIRCLE('',#4030,0.002);
#301=CIRCLE('',#4032,0.002);
#302=CIRCLE('',#4034,0.002);
#303=CIRCLE('',#4036,0.002);
#304=CIRCLE('',#4038,0.002);
#305=CIRCLE('',#4040,0.002);
#306=CIRCLE('',#4042,0.002);
#307=CIRCLE('',#4044,0.002);
#308=CIRCLE('',#4046,0.002);
#309=CIRCLE('',#4048,0.002);
#310=CIRCLE('',#4050,0.002);
#311=CIRCLE('',#4052,0.002);
#312=CIRCLE('',#4054,0.002);
#313=CIRCLE('',#4056,0.002);
#314=CIRCLE('',#4058,0.002);
#315=CIRCLE('',#4060,0.002);
#316=CIRCLE('',#4062,0.002);
#317=CIRCLE('',#4064,0.002);
#318=CIRCLE('',#4066,0.002);
#319=CIRCLE('',#4068,0.002);
#320=CIRCLE('',#4070,0.002);
#321=CIRCLE('',#4072,0.002);
#322=CIRCLE('',#4074,0.002);
#323=CIRCLE('',#4076,0.002);
#324=CIRCLE('',#4078,0.002);
#325=CIRCLE('',#4080,0.002);
#326=CIRCLE('',#4082,0.002);
#327=CIRCLE('',#4084,0.002);
#328=CIRCLE('',#4086,0.00200918075255159);
#329=CIRCLE('',#4088,0.00200918075255159);
#330=CIRCLE('',#4090,0.0075);
#331=CIRCLE('',#4093,0.01);
#332=ORIENTED_EDGE('',*,*,#1392,.F.);
#333=ORIENTED_EDGE('',*,*,#1393,.T.);
#334=ORIENTED_EDGE('',*,*,#1394,.F.);
#335=ORIENTED_EDGE('',*,*,#1395,.T.);
#336=ORIENTED_EDGE('',*,*,#1396,.F.);
#337=ORIENTED_EDGE('',*,*,#1397,.T.);
#338=ORIENTED_EDGE('',*,*,#1398,.F.);
#339=ORIENTED_EDGE('',*,*,#1399,.T.);
#340=ORIENTED_EDGE('',*,*,#1400,.T.);
#341=ORIENTED_EDGE('',*,*,#1401,.T.);
#342=ORIENTED_EDGE('',*,*,#1402,.T.);
#343=ORIENTED_EDGE('',*,*,#1403,.T.);
#344=ORIENTED_EDGE('',*,*,#1404,.T.);
#345=ORIENTED_EDGE('',*,*,#1405,.T.);
#346=ORIENTED_EDGE('',*,*,#1406,.T.);
#347=ORIENTED_EDGE('',*,*,#1407,.T.);
#348=ORIENTED_EDGE('',*,*,#1408,.T.);
#349=ORIENTED_EDGE('',*,*,#1409,.T.);
#350=ORIENTED_EDGE('',*,*,#1410,.T.);
#351=ORIENTED_EDGE('',*,*,#1411,.T.);
#352=ORIENTED_EDGE('',*,*,#1412,.T.);
#353=ORIENTED_EDGE('',*,*,#1413,.T.);
#354=ORIENTED_EDGE('',*,*,#1414,.T.);
#355=ORIENTED_EDGE('',*,*,#1415,.F.);
#356=ORIENTED_EDGE('',*,*,#1416,.T.);
#357=ORIENTED_EDGE('',*,*,#1417,.T.);
#358=ORIENTED_EDGE('',*,*,#1418,.T.);
#359=ORIENTED_EDGE('',*,*,#1419,.T.);
#360=ORIENTED_EDGE('',*,*,#1420,.T.);
#361=ORIENTED_EDGE('',*,*,#1421,.F.);
#362=ORIENTED_EDGE('',*,*,#1422,.T.);
#363=ORIENTED_EDGE('',*,*,#1423,.T.);
#364=ORIENTED_EDGE('',*,*,#1424,.T.);
#365=ORIENTED_EDGE('',*,*,#1425,.T.);
#366=ORIENTED_EDGE('',*,*,#1426,.T.);
#367=ORIENTED_EDGE('',*,*,#1427,.F.);
#368=ORIENTED_EDGE('',*,*,#1428,.T.);
#369=ORIENTED_EDGE('',*,*,#1429,.T.);
#370=ORIENTED_EDGE('',*,*,#1430,.T.);
#371=ORIENTED_EDGE('',*,*,#1431,.T.);
#372=ORIENTED_EDGE('',*,*,#1432,.T.);
#373=ORIENTED_EDGE('',*,*,#1433,.T.);
#374=ORIENTED_EDGE('',*,*,#1434,.T.);
#375=ORIENTED_EDGE('',*,*,#1435,.T.);
#376=ORIENTED_EDGE('',*,*,#1436,.T.);
#377=ORIENTED_EDGE('',*,*,#1437,.T.);
#378=ORIENTED_EDGE('',*,*,#1438,.T.);
#379=ORIENTED_EDGE('',*,*,#1439,.T.);
#380=ORIENTED_EDGE('',*,*,#1440,.F.);
#381=ORIENTED_EDGE('',*,*,#1441,.T.);
#382=ORIENTED_EDGE('',*,*,#1442,.F.);
#383=ORIENTED_EDGE('',*,*,#1443,.T.);
#384=ORIENTED_EDGE('',*,*,#1444,.T.);
#385=ORIENTED_EDGE('',*,*,#1445,.F.);
#386=ORIENTED_EDGE('',*,*,#1446,.T.);
#387=ORIENTED_EDGE('',*,*,#1447,.T.);
#388=ORIENTED_EDGE('',*,*,#1448,.T.);
#389=ORIENTED_EDGE('',*,*,#1449,.T.);
#390=ORIENTED_EDGE('',*,*,#1450,.T.);
#391=ORIENTED_EDGE('',*,*,#1451,.F.);
#392=ORIENTED_EDGE('',*,*,#1452,.T.);
#393=ORIENTED_EDGE('',*,*,#1453,.F.);
#394=ORIENTED_EDGE('',*,*,#1454,.T.);
#395=ORIENTED_EDGE('',*,*,#1455,.T.);
#396=ORIENTED_EDGE('',*,*,#1456,.T.);
#397=ORIENTED_EDGE('',*,*,#1457,.F.);
#398=ORIENTED_EDGE('',*,*,#1458,.T.);
#399=ORIENTED_EDGE('',*,*,#1459,.T.);
#400=ORIENTED_EDGE('',*,*,#1460,.T.);
#401=ORIENTED_EDGE('',*,*,#1461,.F.);
#402=ORIENTED_EDGE('',*,*,#1462,.F.);
#403=ORIENTED_EDGE('',*,*,#1463,.F.);
#404=ORIENTED_EDGE('',*,*,#1464,.F.);
#405=ORIENTED_EDGE('',*,*,#1465,.F.);
#406=ORIENTED_EDGE('',*,*,#1466,.F.);
#407=ORIENTED_EDGE('',*,*,#1467,.F.);
#408=ORIENTED_EDGE('',*,*,#1468,.F.);
#409=ORIENTED_EDGE('',*,*,#1469,.F.);
#410=ORIENTED_EDGE('',*,*,#1470,.T.);
#411=ORIENTED_EDGE('',*,*,#1471,.T.);
#412=ORIENTED_EDGE('',*,*,#1472,.T.);
#413=ORIENTED_EDGE('',*,*,#1473,.T.);
#414=ORIENTED_EDGE('',*,*,#1474,.T.);
#415=ORIENTED_EDGE('',*,*,#1475,.T.);
#416=ORIENTED_EDGE('',*,*,#1476,.T.);
#417=ORIENTED_EDGE('',*,*,#1477,.T.);
#418=ORIENTED_EDGE('',*,*,#1478,.T.);
#419=ORIENTED_EDGE('',*,*,#1479,.T.);
#420=ORIENTED_EDGE('',*,*,#1480,.T.);
#421=ORIENTED_EDGE('',*,*,#1481,.F.);
#422=ORIENTED_EDGE('',*,*,#1482,.F.);
#423=ORIENTED_EDGE('',*,*,#1483,.F.);
#424=ORIENTED_EDGE('',*,*,#1484,.T.);
#425=ORIENTED_EDGE('',*,*,#1485,.T.);
#426=ORIENTED_EDGE('',*,*,#1486,.F.);
#427=ORIENTED_EDGE('',*,*,#1487,.F.);
#428=ORIENTED_EDGE('',*,*,#1488,.F.);
#429=ORIENTED_EDGE('',*,*,#1489,.T.);
#430=ORIENTED_EDGE('',*,*,#1490,.F.);
#431=ORIENTED_EDGE('',*,*,#1491,.T.);
#432=ORIENTED_EDGE('',*,*,#1492,.F.);
#433=ORIENTED_EDGE('',*,*,#1493,.T.);
#434=ORIENTED_EDGE('',*,*,#1494,.F.);
#435=ORIENTED_EDGE('',*,*,#1495,.T.);
#436=ORIENTED_EDGE('',*,*,#1496,.F.);
#437=ORIENTED_EDGE('',*,*,#1497,.T.);
#438=ORIENTED_EDGE('',*,*,#1498,.T.);
#439=ORIENTED_EDGE('',*,*,#1499,.T.);
#440=ORIENTED_EDGE('',*,*,#1500,.F.);
#441=ORIENTED_EDGE('',*,*,#1501,.T.);
#442=ORIENTED_EDGE('',*,*,#1502,.T.);
#443=ORIENTED_EDGE('',*,*,#1503,.T.);
#444=ORIENTED_EDGE('',*,*,#1504,.F.);
#445=ORIENTED_EDGE('',*,*,#1505,.F.);
#446=ORIENTED_EDGE('',*,*,#1506,.T.);
#447=ORIENTED_EDGE('',*,*,#1507,.T.);
#448=ORIENTED_EDGE('',*,*,#1508,.T.);
#449=ORIENTED_EDGE('',*,*,#1509,.F.);
#450=ORIENTED_EDGE('',*,*,#1510,.T.);
#451=ORIENTED_EDGE('',*,*,#1511,.T.);
#452=ORIENTED_EDGE('',*,*,#1512,.T.);
#453=ORIENTED_EDGE('',*,*,#1513,.F.);
#454=ORIENTED_EDGE('',*,*,#1514,.T.);
#455=ORIENTED_EDGE('',*,*,#1515,.F.);
#456=ORIENTED_EDGE('',*,*,#1516,.T.);
#457=ORIENTED_EDGE('',*,*,#1517,.F.);
#458=ORIENTED_EDGE('',*,*,#1518,.T.);
#459=ORIENTED_EDGE('',*,*,#1519,.T.);
#460=ORIENTED_EDGE('',*,*,#1520,.T.);
#461=ORIENTED_EDGE('',*,*,#1521,.F.);
#462=ORIENTED_EDGE('',*,*,#1522,.T.);
#463=ORIENTED_EDGE('',*,*,#1523,.F.);
#464=ORIENTED_EDGE('',*,*,#1524,.T.);
#465=ORIENTED_EDGE('',*,*,#1525,.T.);
#466=ORIENTED_EDGE('',*,*,#1526,.T.);
#467=ORIENTED_EDGE('',*,*,#1527,.F.);
#468=ORIENTED_EDGE('',*,*,#1528,.T.);
#469=ORIENTED_EDGE('',*,*,#1529,.F.);
#470=ORIENTED_EDGE('',*,*,#1530,.T.);
#471=ORIENTED_EDGE('',*,*,#1531,.T.);
#472=ORIENTED_EDGE('',*,*,#1532,.F.);
#473=ORIENTED_EDGE('',*,*,#1533,.T.);
#474=ORIENTED_EDGE('',*,*,#1534,.F.);
#475=ORIENTED_EDGE('',*,*,#1535,.F.);
#476=ORIENTED_EDGE('',*,*,#1536,.F.);
#477=ORIENTED_EDGE('',*,*,#1537,.F.);
#478=ORIENTED_EDGE('',*,*,#1538,.F.);
#479=ORIENTED_EDGE('',*,*,#1539,.F.);
#480=ORIENTED_EDGE('',*,*,#1540,.T.);
#481=ORIENTED_EDGE('',*,*,#1541,.T.);
#482=ORIENTED_EDGE('',*,*,#1542,.T.);
#483=ORIENTED_EDGE('',*,*,#1543,.F.);
#484=ORIENTED_EDGE('',*,*,#1544,.T.);
#485=ORIENTED_EDGE('',*,*,#1545,.T.);
#486=ORIENTED_EDGE('',*,*,#1546,.T.);
#487=ORIENTED_EDGE('',*,*,#1547,.T.);
#488=ORIENTED_EDGE('',*,*,#1548,.T.);
#489=ORIENTED_EDGE('',*,*,#1549,.F.);
#490=ORIENTED_EDGE('',*,*,#1550,.T.);
#491=ORIENTED_EDGE('',*,*,#1551,.T.);
#492=ORIENTED_EDGE('',*,*,#1552,.T.);
#493=ORIENTED_EDGE('',*,*,#1553,.F.);
#494=ORIENTED_EDGE('',*,*,#1554,.T.);
#495=ORIENTED_EDGE('',*,*,#1555,.T.);
#496=ORIENTED_EDGE('',*,*,#1556,.T.);
#497=ORIENTED_EDGE('',*,*,#1557,.T.);
#498=ORIENTED_EDGE('',*,*,#1558,.F.);
#499=ORIENTED_EDGE('',*,*,#1559,.T.);
#500=ORIENTED_EDGE('',*,*,#1560,.F.);
#501=ORIENTED_EDGE('',*,*,#1561,.F.);
#502=ORIENTED_EDGE('',*,*,#1562,.F.);
#503=ORIENTED_EDGE('',*,*,#1563,.F.);
#504=ORIENTED_EDGE('',*,*,#1564,.T.);
#505=ORIENTED_EDGE('',*,*,#1565,.T.);
#506=ORIENTED_EDGE('',*,*,#1566,.F.);
#507=ORIENTED_EDGE('',*,*,#1567,.T.);
#508=ORIENTED_EDGE('',*,*,#1568,.F.);
#509=ORIENTED_EDGE('',*,*,#1482,.T.);
#510=ORIENTED_EDGE('',*,*,#1569,.F.);
#511=ORIENTED_EDGE('',*,*,#1570,.F.);
#512=ORIENTED_EDGE('',*,*,#1571,.T.);
#513=ORIENTED_EDGE('',*,*,#1489,.F.);
#514=ORIENTED_EDGE('',*,*,#1572,.F.);
#515=ORIENTED_EDGE('',*,*,#1573,.T.);
#516=ORIENTED_EDGE('',*,*,#1569,.T.);
#517=ORIENTED_EDGE('',*,*,#1488,.T.);
#518=ORIENTED_EDGE('',*,*,#1574,.F.);
#519=ORIENTED_EDGE('',*,*,#1575,.F.);
#520=ORIENTED_EDGE('',*,*,#1572,.T.);
#521=ORIENTED_EDGE('',*,*,#1487,.T.);
#522=ORIENTED_EDGE('',*,*,#1576,.F.);
#523=ORIENTED_EDGE('',*,*,#1577,.F.);
#524=ORIENTED_EDGE('',*,*,#1574,.T.);
#525=ORIENTED_EDGE('',*,*,#1486,.T.);
#526=ORIENTED_EDGE('',*,*,#1578,.F.);
#527=ORIENTED_EDGE('',*,*,#1579,.F.);
#528=ORIENTED_EDGE('',*,*,#1576,.T.);
#529=ORIENTED_EDGE('',*,*,#1485,.F.);
#530=ORIENTED_EDGE('',*,*,#1580,.F.);
#531=ORIENTED_EDGE('',*,*,#1581,.T.);
#532=ORIENTED_EDGE('',*,*,#1578,.T.);
#533=ORIENTED_EDGE('',*,*,#1484,.F.);
#534=ORIENTED_EDGE('',*,*,#1582,.F.);
#535=ORIENTED_EDGE('',*,*,#1583,.T.);
#536=ORIENTED_EDGE('',*,*,#1580,.T.);
#537=ORIENTED_EDGE('',*,*,#1472,.F.);
#538=ORIENTED_EDGE('',*,*,#1584,.F.);
#539=ORIENTED_EDGE('',*,*,#1585,.T.);
#540=ORIENTED_EDGE('',*,*,#1586,.T.);
#541=ORIENTED_EDGE('',*,*,#1481,.T.);
#542=ORIENTED_EDGE('',*,*,#1587,.F.);
#543=ORIENTED_EDGE('',*,*,#1588,.F.);
#544=ORIENTED_EDGE('',*,*,#1584,.T.);
#545=ORIENTED_EDGE('',*,*,#1480,.F.);
#546=ORIENTED_EDGE('',*,*,#1589,.F.);
#547=ORIENTED_EDGE('',*,*,#1590,.T.);
#548=ORIENTED_EDGE('',*,*,#1587,.T.);
#549=ORIENTED_EDGE('',*,*,#1479,.F.);
#550=ORIENTED_EDGE('',*,*,#1591,.F.);
#551=ORIENTED_EDGE('',*,*,#1592,.T.);
#552=ORIENTED_EDGE('',*,*,#1589,.T.);
#553=ORIENTED_EDGE('',*,*,#1478,.F.);
#554=ORIENTED_EDGE('',*,*,#1593,.F.);
#555=ORIENTED_EDGE('',*,*,#1594,.T.);
#556=ORIENTED_EDGE('',*,*,#1591,.T.);
#557=ORIENTED_EDGE('',*,*,#1477,.F.);
#558=ORIENTED_EDGE('',*,*,#1595,.F.);
#559=ORIENTED_EDGE('',*,*,#1596,.T.);
#560=ORIENTED_EDGE('',*,*,#1593,.T.);
#561=ORIENTED_EDGE('',*,*,#1476,.F.);
#562=ORIENTED_EDGE('',*,*,#1597,.F.);
#563=ORIENTED_EDGE('',*,*,#1598,.T.);
#564=ORIENTED_EDGE('',*,*,#1595,.T.);
#565=ORIENTED_EDGE('',*,*,#1475,.F.);
#566=ORIENTED_EDGE('',*,*,#1599,.F.);
#567=ORIENTED_EDGE('',*,*,#1600,.T.);
#568=ORIENTED_EDGE('',*,*,#1597,.T.);
#569=ORIENTED_EDGE('',*,*,#1474,.F.);
#570=ORIENTED_EDGE('',*,*,#1601,.F.);
#571=ORIENTED_EDGE('',*,*,#1602,.T.);
#572=ORIENTED_EDGE('',*,*,#1599,.T.);
#573=ORIENTED_EDGE('',*,*,#1461,.T.);
#574=ORIENTED_EDGE('',*,*,#1603,.F.);
#575=ORIENTED_EDGE('',*,*,#1604,.F.);
#576=ORIENTED_EDGE('',*,*,#1605,.T.);
#577=ORIENTED_EDGE('',*,*,#1470,.F.);
#578=ORIENTED_EDGE('',*,*,#1606,.F.);
#579=ORIENTED_EDGE('',*,*,#1607,.T.);
#580=ORIENTED_EDGE('',*,*,#1603,.T.);
#581=ORIENTED_EDGE('',*,*,#1469,.T.);
#582=ORIENTED_EDGE('',*,*,#1608,.F.);
#583=ORIENTED_EDGE('',*,*,#1609,.F.);
#584=ORIENTED_EDGE('',*,*,#1606,.T.);
#585=ORIENTED_EDGE('',*,*,#1468,.T.);
#586=ORIENTED_EDGE('',*,*,#1610,.F.);
#587=ORIENTED_EDGE('',*,*,#1611,.F.);
#588=ORIENTED_EDGE('',*,*,#1608,.T.);
#589=ORIENTED_EDGE('',*,*,#1467,.T.);
#590=ORIENTED_EDGE('',*,*,#1612,.F.);
#591=ORIENTED_EDGE('',*,*,#1613,.F.);
#592=ORIENTED_EDGE('',*,*,#1610,.T.);
#593=ORIENTED_EDGE('',*,*,#1466,.T.);
#594=ORIENTED_EDGE('',*,*,#1614,.F.);
#595=ORIENTED_EDGE('',*,*,#1615,.F.);
#596=ORIENTED_EDGE('',*,*,#1612,.T.);
#597=ORIENTED_EDGE('',*,*,#1465,.T.);
#598=ORIENTED_EDGE('',*,*,#1616,.F.);
#599=ORIENTED_EDGE('',*,*,#1617,.F.);
#600=ORIENTED_EDGE('',*,*,#1614,.T.);
#601=ORIENTED_EDGE('',*,*,#1464,.T.);
#602=ORIENTED_EDGE('',*,*,#1618,.F.);
#603=ORIENTED_EDGE('',*,*,#1619,.F.);
#604=ORIENTED_EDGE('',*,*,#1616,.T.);
#605=ORIENTED_EDGE('',*,*,#1463,.T.);
#606=ORIENTED_EDGE('',*,*,#1620,.F.);
#607=ORIENTED_EDGE('',*,*,#1621,.F.);
#608=ORIENTED_EDGE('',*,*,#1618,.T.);
#609=ORIENTED_EDGE('',*,*,#1622,.T.);
#610=ORIENTED_EDGE('',*,*,#1623,.T.);
#611=ORIENTED_EDGE('',*,*,#1556,.F.);
#612=ORIENTED_EDGE('',*,*,#1624,.F.);
#613=ORIENTED_EDGE('',*,*,#1624,.T.);
#614=ORIENTED_EDGE('',*,*,#1555,.F.);
#615=ORIENTED_EDGE('',*,*,#1625,.T.);
#616=ORIENTED_EDGE('',*,*,#1626,.F.);
#617=ORIENTED_EDGE('',*,*,#1627,.T.);
#618=ORIENTED_EDGE('',*,*,#1547,.F.);
#619=ORIENTED_EDGE('',*,*,#1628,.F.);
#620=ORIENTED_EDGE('',*,*,#1629,.F.);
#621=ORIENTED_EDGE('',*,*,#1630,.T.);
#622=ORIENTED_EDGE('',*,*,#1546,.F.);
#623=ORIENTED_EDGE('',*,*,#1631,.F.);
#624=ORIENTED_EDGE('',*,*,#1632,.T.);
#625=ORIENTED_EDGE('',*,*,#1628,.T.);
#626=ORIENTED_EDGE('',*,*,#1631,.T.);
#627=ORIENTED_EDGE('',*,*,#1545,.F.);
#628=ORIENTED_EDGE('',*,*,#1633,.F.);
#629=ORIENTED_EDGE('',*,*,#1634,.F.);
#630=ORIENTED_EDGE('',*,*,#1635,.T.);
#631=ORIENTED_EDGE('',*,*,#1544,.F.);
#632=ORIENTED_EDGE('',*,*,#1636,.F.);
#633=ORIENTED_EDGE('',*,*,#1637,.T.);
#634=ORIENTED_EDGE('',*,*,#1633,.T.);
#635=ORIENTED_EDGE('',*,*,#1566,.T.);
#636=ORIENTED_EDGE('',*,*,#1638,.F.);
#637=ORIENTED_EDGE('',*,*,#1639,.F.);
#638=ORIENTED_EDGE('',*,*,#1636,.T.);
#639=ORIENTED_EDGE('',*,*,#1565,.F.);
#640=ORIENTED_EDGE('',*,*,#1640,.F.);
#641=ORIENTED_EDGE('',*,*,#1641,.T.);
#642=ORIENTED_EDGE('',*,*,#1638,.T.);
#643=ORIENTED_EDGE('',*,*,#1564,.F.);
#644=ORIENTED_EDGE('',*,*,#1642,.F.);
#645=ORIENTED_EDGE('',*,*,#1643,.T.);
#646=ORIENTED_EDGE('',*,*,#1640,.T.);
#647=ORIENTED_EDGE('',*,*,#1563,.T.);
#648=ORIENTED_EDGE('',*,*,#1644,.F.);
#649=ORIENTED_EDGE('',*,*,#1645,.F.);
#650=ORIENTED_EDGE('',*,*,#1642,.T.);
#651=ORIENTED_EDGE('',*,*,#1562,.T.);
#652=ORIENTED_EDGE('',*,*,#1646,.F.);
#653=ORIENTED_EDGE('',*,*,#1647,.F.);
#654=ORIENTED_EDGE('',*,*,#1644,.T.);
#655=ORIENTED_EDGE('',*,*,#1646,.T.);
#656=ORIENTED_EDGE('',*,*,#1561,.T.);
#657=ORIENTED_EDGE('',*,*,#1648,.F.);
#658=ORIENTED_EDGE('',*,*,#1649,.T.);
#659=ORIENTED_EDGE('',*,*,#1650,.F.);
#660=ORIENTED_EDGE('',*,*,#1560,.T.);
#661=ORIENTED_EDGE('',*,*,#1651,.F.);
#662=ORIENTED_EDGE('',*,*,#1652,.F.);
#663=ORIENTED_EDGE('',*,*,#1648,.T.);
#664=ORIENTED_EDGE('',*,*,#1559,.F.);
#665=ORIENTED_EDGE('',*,*,#1653,.F.);
#666=ORIENTED_EDGE('',*,*,#1654,.T.);
#667=ORIENTED_EDGE('',*,*,#1651,.T.);
#668=ORIENTED_EDGE('',*,*,#1491,.F.);
#669=ORIENTED_EDGE('',*,*,#1655,.T.);
#670=ORIENTED_EDGE('',*,*,#1490,.T.);
#671=ORIENTED_EDGE('',*,*,#1656,.F.);
#672=ORIENTED_EDGE('',*,*,#1483,.T.);
#673=ORIENTED_EDGE('',*,*,#1571,.F.);
#674=ORIENTED_EDGE('',*,*,#1657,.F.);
#675=ORIENTED_EDGE('',*,*,#1582,.T.);
#676=ORIENTED_EDGE('',*,*,#1473,.F.);
#677=ORIENTED_EDGE('',*,*,#1586,.F.);
#678=ORIENTED_EDGE('',*,*,#1658,.T.);
#679=ORIENTED_EDGE('',*,*,#1601,.T.);
#680=ORIENTED_EDGE('',*,*,#1471,.F.);
#681=ORIENTED_EDGE('',*,*,#1659,.T.);
#682=ORIENTED_EDGE('',*,*,#1462,.T.);
#683=ORIENTED_EDGE('',*,*,#1605,.F.);
#684=ORIENTED_EDGE('',*,*,#1660,.F.);
#685=ORIENTED_EDGE('',*,*,#1620,.T.);
#686=ORIENTED_EDGE('',*,*,#1661,.T.);
#687=ORIENTED_EDGE('',*,*,#1662,.F.);
#688=ORIENTED_EDGE('',*,*,#1460,.F.);
#689=ORIENTED_EDGE('',*,*,#1663,.T.);
#690=ORIENTED_EDGE('',*,*,#1459,.F.);
#691=ORIENTED_EDGE('',*,*,#1664,.T.);
#692=ORIENTED_EDGE('',*,*,#1558,.T.);
#693=ORIENTED_EDGE('',*,*,#1665,.T.);
#694=ORIENTED_EDGE('',*,*,#1666,.F.);
#695=ORIENTED_EDGE('',*,*,#1653,.T.);
#696=ORIENTED_EDGE('',*,*,#1667,.T.);
#697=ORIENTED_EDGE('',*,*,#1668,.F.);
#698=ORIENTED_EDGE('',*,*,#1669,.F.);
#699=ORIENTED_EDGE('',*,*,#1670,.T.);
#700=ORIENTED_EDGE('',*,*,#1451,.T.);
#701=ORIENTED_EDGE('',*,*,#1671,.T.);
#702=ORIENTED_EDGE('',*,*,#1672,.F.);
#703=ORIENTED_EDGE('',*,*,#1673,.T.);
#704=ORIENTED_EDGE('',*,*,#1674,.T.);
#705=ORIENTED_EDGE('',*,*,#1675,.F.);
#706=ORIENTED_EDGE('',*,*,#1676,.T.);
#707=ORIENTED_EDGE('',*,*,#1453,.T.);
#708=ORIENTED_EDGE('',*,*,#1677,.T.);
#709=ORIENTED_EDGE('',*,*,#1678,.T.);
#710=ORIENTED_EDGE('',*,*,#1679,.T.);
#711=ORIENTED_EDGE('',*,*,#1455,.F.);
#712=ORIENTED_EDGE('',*,*,#1457,.T.);
#713=ORIENTED_EDGE('',*,*,#1680,.T.);
#714=ORIENTED_EDGE('',*,*,#1681,.F.);
#715=ORIENTED_EDGE('',*,*,#1682,.T.);
#716=ORIENTED_EDGE('',*,*,#1492,.T.);
#717=ORIENTED_EDGE('',*,*,#1683,.T.);
#718=ORIENTED_EDGE('',*,*,#1684,.F.);
#719=ORIENTED_EDGE('',*,*,#1685,.T.);
#720=ORIENTED_EDGE('',*,*,#1686,.T.);
#721=ORIENTED_EDGE('',*,*,#1687,.F.);
#722=ORIENTED_EDGE('',*,*,#1688,.T.);
#723=ORIENTED_EDGE('',*,*,#1494,.T.);
#724=ORIENTED_EDGE('',*,*,#1689,.T.);
#725=ORIENTED_EDGE('',*,*,#1690,.F.);
#726=ORIENTED_EDGE('',*,*,#1691,.T.);
#727=ORIENTED_EDGE('',*,*,#1496,.T.);
#728=ORIENTED_EDGE('',*,*,#1692,.T.);
#729=ORIENTED_EDGE('',*,*,#1693,.F.);
#730=ORIENTED_EDGE('',*,*,#1694,.T.);
#731=ORIENTED_EDGE('',*,*,#1445,.T.);
#732=ORIENTED_EDGE('',*,*,#1447,.F.);
#733=ORIENTED_EDGE('',*,*,#1695,.T.);
#734=ORIENTED_EDGE('',*,*,#1696,.T.);
#735=ORIENTED_EDGE('',*,*,#1697,.T.);
#736=ORIENTED_EDGE('',*,*,#1698,.T.);
#737=ORIENTED_EDGE('',*,*,#1699,.T.);
#738=ORIENTED_EDGE('',*,*,#1700,.T.);
#739=ORIENTED_EDGE('',*,*,#1449,.F.);
#740=ORIENTED_EDGE('',*,*,#1701,.T.);
#741=ORIENTED_EDGE('',*,*,#1702,.F.);
#742=ORIENTED_EDGE('',*,*,#1703,.T.);
#743=ORIENTED_EDGE('',*,*,#1504,.T.);
#744=ORIENTED_EDGE('',*,*,#1500,.T.);
#745=ORIENTED_EDGE('',*,*,#1704,.T.);
#746=ORIENTED_EDGE('',*,*,#1705,.F.);
#747=ORIENTED_EDGE('',*,*,#1706,.T.);
#748=ORIENTED_EDGE('',*,*,#1502,.F.);
#749=ORIENTED_EDGE('',*,*,#1707,.T.);
#750=ORIENTED_EDGE('',*,*,#1708,.T.);
#751=ORIENTED_EDGE('',*,*,#1709,.T.);
#752=ORIENTED_EDGE('',*,*,#1438,.F.);
#753=ORIENTED_EDGE('',*,*,#1710,.T.);
#754=ORIENTED_EDGE('',*,*,#1711,.T.);
#755=ORIENTED_EDGE('',*,*,#1712,.T.);
#756=ORIENTED_EDGE('',*,*,#1440,.T.);
#757=ORIENTED_EDGE('',*,*,#1713,.T.);
#758=ORIENTED_EDGE('',*,*,#1714,.F.);
#759=ORIENTED_EDGE('',*,*,#1715,.T.);
#760=ORIENTED_EDGE('',*,*,#1442,.T.);
#761=ORIENTED_EDGE('',*,*,#1716,.T.);
#762=ORIENTED_EDGE('',*,*,#1717,.F.);
#763=ORIENTED_EDGE('',*,*,#1718,.F.);
#764=ORIENTED_EDGE('',*,*,#1718,.T.);
#765=ORIENTED_EDGE('',*,*,#1719,.T.);
#766=ORIENTED_EDGE('',*,*,#1720,.F.);
#767=ORIENTED_EDGE('',*,*,#1443,.F.);
#768=ORIENTED_EDGE('',*,*,#1720,.T.);
#769=ORIENTED_EDGE('',*,*,#1721,.T.);
#770=ORIENTED_EDGE('',*,*,#1722,.F.);
#771=ORIENTED_EDGE('',*,*,#1444,.F.);
#772=ORIENTED_EDGE('',*,*,#1722,.T.);
#773=ORIENTED_EDGE('',*,*,#1723,.T.);
#774=ORIENTED_EDGE('',*,*,#1724,.F.);
#775=ORIENTED_EDGE('',*,*,#1436,.F.);
#776=ORIENTED_EDGE('',*,*,#1553,.T.);
#777=ORIENTED_EDGE('',*,*,#1725,.T.);
#778=ORIENTED_EDGE('',*,*,#1726,.F.);
#779=ORIENTED_EDGE('',*,*,#1727,.T.);
#780=ORIENTED_EDGE('',*,*,#1728,.T.);
#781=ORIENTED_EDGE('',*,*,#1729,.F.);
#782=ORIENTED_EDGE('',*,*,#1730,.T.);
#783=ORIENTED_EDGE('',*,*,#1549,.T.);
#784=ORIENTED_EDGE('',*,*,#1731,.T.);
#785=ORIENTED_EDGE('',*,*,#1732,.T.);
#786=ORIENTED_EDGE('',*,*,#1733,.T.);
#787=ORIENTED_EDGE('',*,*,#1551,.F.);
#788=ORIENTED_EDGE('',*,*,#1505,.T.);
#789=ORIENTED_EDGE('',*,*,#1734,.T.);
#790=ORIENTED_EDGE('',*,*,#1735,.F.);
#791=ORIENTED_EDGE('',*,*,#1736,.T.);
#792=ORIENTED_EDGE('',*,*,#1737,.T.);
#793=ORIENTED_EDGE('',*,*,#1738,.T.);
#794=ORIENTED_EDGE('',*,*,#1739,.T.);
#795=ORIENTED_EDGE('',*,*,#1507,.F.);
#796=ORIENTED_EDGE('',*,*,#1509,.T.);
#797=ORIENTED_EDGE('',*,*,#1740,.T.);
#798=ORIENTED_EDGE('',*,*,#1741,.F.);
#799=ORIENTED_EDGE('',*,*,#1742,.T.);
#800=ORIENTED_EDGE('',*,*,#1511,.F.);
#801=ORIENTED_EDGE('',*,*,#1743,.T.);
#802=ORIENTED_EDGE('',*,*,#1744,.T.);
#803=ORIENTED_EDGE('',*,*,#1745,.T.);
#804=ORIENTED_EDGE('',*,*,#1746,.T.);
#805=ORIENTED_EDGE('',*,*,#1747,.T.);
#806=ORIENTED_EDGE('',*,*,#1748,.T.);
#807=ORIENTED_EDGE('',*,*,#1434,.F.);
#808=ORIENTED_EDGE('',*,*,#1430,.F.);
#809=ORIENTED_EDGE('',*,*,#1749,.T.);
#810=ORIENTED_EDGE('',*,*,#1750,.T.);
#811=ORIENTED_EDGE('',*,*,#1751,.T.);
#812=ORIENTED_EDGE('',*,*,#1752,.T.);
#813=ORIENTED_EDGE('',*,*,#1753,.T.);
#814=ORIENTED_EDGE('',*,*,#1754,.T.);
#815=ORIENTED_EDGE('',*,*,#1432,.F.);
#816=ORIENTED_EDGE('',*,*,#1425,.F.);
#817=ORIENTED_EDGE('',*,*,#1755,.T.);
#818=ORIENTED_EDGE('',*,*,#1756,.T.);
#819=ORIENTED_EDGE('',*,*,#1757,.T.);
#820=ORIENTED_EDGE('',*,*,#1427,.T.);
#821=ORIENTED_EDGE('',*,*,#1758,.T.);
#822=ORIENTED_EDGE('',*,*,#1759,.F.);
#823=ORIENTED_EDGE('',*,*,#1760,.T.);
#824=ORIENTED_EDGE('',*,*,#1761,.T.);
#825=ORIENTED_EDGE('',*,*,#1762,.T.);
#826=ORIENTED_EDGE('',*,*,#1763,.T.);
#827=ORIENTED_EDGE('',*,*,#1429,.F.);
#828=ORIENTED_EDGE('',*,*,#1513,.T.);
#829=ORIENTED_EDGE('',*,*,#1764,.T.);
#830=ORIENTED_EDGE('',*,*,#1765,.F.);
#831=ORIENTED_EDGE('',*,*,#1766,.T.);
#832=ORIENTED_EDGE('',*,*,#1515,.T.);
#833=ORIENTED_EDGE('',*,*,#1767,.T.);
#834=ORIENTED_EDGE('',*,*,#1768,.F.);
#835=ORIENTED_EDGE('',*,*,#1769,.T.);
#836=ORIENTED_EDGE('',*,*,#1770,.T.);
#837=ORIENTED_EDGE('',*,*,#1771,.F.);
#838=ORIENTED_EDGE('',*,*,#1772,.T.);
#839=ORIENTED_EDGE('',*,*,#1517,.T.);
#840=ORIENTED_EDGE('',*,*,#1773,.T.);
#841=ORIENTED_EDGE('',*,*,#1774,.T.);
#842=ORIENTED_EDGE('',*,*,#1775,.T.);
#843=ORIENTED_EDGE('',*,*,#1519,.F.);
#844=ORIENTED_EDGE('',*,*,#1417,.F.);
#845=ORIENTED_EDGE('',*,*,#1776,.T.);
#846=ORIENTED_EDGE('',*,*,#1777,.T.);
#847=ORIENTED_EDGE('',*,*,#1778,.T.);
#848=ORIENTED_EDGE('',*,*,#1779,.T.);
#849=ORIENTED_EDGE('',*,*,#1780,.T.);
#850=ORIENTED_EDGE('',*,*,#1781,.T.);
#851=ORIENTED_EDGE('',*,*,#1419,.F.);
#852=ORIENTED_EDGE('',*,*,#1782,.T.);
#853=ORIENTED_EDGE('',*,*,#1783,.F.);
#854=ORIENTED_EDGE('',*,*,#1784,.T.);
#855=ORIENTED_EDGE('',*,*,#1421,.T.);
#856=ORIENTED_EDGE('',*,*,#1415,.T.);
#857=ORIENTED_EDGE('',*,*,#1785,.T.);
#858=ORIENTED_EDGE('',*,*,#1786,.F.);
#859=ORIENTED_EDGE('',*,*,#1787,.T.);
#860=ORIENTED_EDGE('',*,*,#1409,.F.);
#861=ORIENTED_EDGE('',*,*,#1788,.T.);
#862=ORIENTED_EDGE('',*,*,#1789,.T.);
#863=ORIENTED_EDGE('',*,*,#1790,.T.);
#864=ORIENTED_EDGE('',*,*,#1411,.F.);
#865=ORIENTED_EDGE('',*,*,#1791,.T.);
#866=ORIENTED_EDGE('',*,*,#1792,.T.);
#867=ORIENTED_EDGE('',*,*,#1793,.T.);
#868=ORIENTED_EDGE('',*,*,#1413,.F.);
#869=ORIENTED_EDGE('',*,*,#1794,.T.);
#870=ORIENTED_EDGE('',*,*,#1795,.T.);
#871=ORIENTED_EDGE('',*,*,#1796,.T.);
#872=ORIENTED_EDGE('',*,*,#1797,.T.);
#873=ORIENTED_EDGE('',*,*,#1798,.T.);
#874=ORIENTED_EDGE('',*,*,#1799,.T.);
#875=ORIENTED_EDGE('',*,*,#1407,.F.);
#876=ORIENTED_EDGE('',*,*,#1521,.T.);
#877=ORIENTED_EDGE('',*,*,#1800,.T.);
#878=ORIENTED_EDGE('',*,*,#1801,.F.);
#879=ORIENTED_EDGE('',*,*,#1802,.T.);
#880=ORIENTED_EDGE('',*,*,#1803,.T.);
#881=ORIENTED_EDGE('',*,*,#1804,.F.);
#882=ORIENTED_EDGE('',*,*,#1805,.T.);
#883=ORIENTED_EDGE('',*,*,#1523,.T.);
#884=ORIENTED_EDGE('',*,*,#1525,.F.);
#885=ORIENTED_EDGE('',*,*,#1806,.T.);
#886=ORIENTED_EDGE('',*,*,#1807,.T.);
#887=ORIENTED_EDGE('',*,*,#1808,.T.);
#888=ORIENTED_EDGE('',*,*,#1809,.T.);
#889=ORIENTED_EDGE('',*,*,#1810,.T.);
#890=ORIENTED_EDGE('',*,*,#1811,.T.);
#891=ORIENTED_EDGE('',*,*,#1404,.F.);
#892=ORIENTED_EDGE('',*,*,#1812,.T.);
#893=ORIENTED_EDGE('',*,*,#1813,.T.);
#894=ORIENTED_EDGE('',*,*,#1814,.T.);
#895=ORIENTED_EDGE('',*,*,#1406,.F.);
#896=ORIENTED_EDGE('',*,*,#1402,.F.);
#897=ORIENTED_EDGE('',*,*,#1815,.T.);
#898=ORIENTED_EDGE('',*,*,#1816,.T.);
#899=ORIENTED_EDGE('',*,*,#1817,.T.);
#900=ORIENTED_EDGE('',*,*,#1392,.T.);
#901=ORIENTED_EDGE('',*,*,#1818,.T.);
#902=ORIENTED_EDGE('',*,*,#1819,.F.);
#903=ORIENTED_EDGE('',*,*,#1820,.T.);
#904=ORIENTED_EDGE('',*,*,#1821,.T.);
#905=ORIENTED_EDGE('',*,*,#1822,.F.);
#906=ORIENTED_EDGE('',*,*,#1823,.T.);
#907=ORIENTED_EDGE('',*,*,#1394,.T.);
#908=ORIENTED_EDGE('',*,*,#1824,.T.);
#909=ORIENTED_EDGE('',*,*,#1825,.F.);
#910=ORIENTED_EDGE('',*,*,#1826,.T.);
#911=ORIENTED_EDGE('',*,*,#1396,.T.);
#912=ORIENTED_EDGE('',*,*,#1398,.T.);
#913=ORIENTED_EDGE('',*,*,#1827,.T.);
#914=ORIENTED_EDGE('',*,*,#1828,.F.);
#915=ORIENTED_EDGE('',*,*,#1829,.T.);
#916=ORIENTED_EDGE('',*,*,#1527,.T.);
#917=ORIENTED_EDGE('',*,*,#1830,.T.);
#918=ORIENTED_EDGE('',*,*,#1831,.F.);
#919=ORIENTED_EDGE('',*,*,#1832,.T.);
#920=ORIENTED_EDGE('',*,*,#1529,.T.);
#921=ORIENTED_EDGE('',*,*,#1833,.T.);
#922=ORIENTED_EDGE('',*,*,#1834,.F.);
#923=ORIENTED_EDGE('',*,*,#1835,.T.);
#924=ORIENTED_EDGE('',*,*,#1836,.T.);
#925=ORIENTED_EDGE('',*,*,#1837,.F.);
#926=ORIENTED_EDGE('',*,*,#1838,.T.);
#927=ORIENTED_EDGE('',*,*,#1532,.T.);
#928=ORIENTED_EDGE('',*,*,#1839,.F.);
#929=ORIENTED_EDGE('',*,*,#1534,.T.);
#930=ORIENTED_EDGE('',*,*,#1840,.T.);
#931=ORIENTED_EDGE('',*,*,#1841,.F.);
#932=ORIENTED_EDGE('',*,*,#1536,.T.);
#933=ORIENTED_EDGE('',*,*,#1842,.T.);
#934=ORIENTED_EDGE('',*,*,#1843,.F.);
#935=ORIENTED_EDGE('',*,*,#1844,.F.);
#936=ORIENTED_EDGE('',*,*,#1537,.T.);
#937=ORIENTED_EDGE('',*,*,#1844,.T.);
#938=ORIENTED_EDGE('',*,*,#1845,.F.);
#939=ORIENTED_EDGE('',*,*,#1846,.F.);
#940=ORIENTED_EDGE('',*,*,#1538,.T.);
#941=ORIENTED_EDGE('',*,*,#1846,.T.);
#942=ORIENTED_EDGE('',*,*,#1847,.F.);
#943=ORIENTED_EDGE('',*,*,#1848,.F.);
#944=ORIENTED_EDGE('',*,*,#1848,.T.);
#945=ORIENTED_EDGE('',*,*,#1849,.F.);
#946=ORIENTED_EDGE('',*,*,#1850,.T.);
#947=ORIENTED_EDGE('',*,*,#1539,.T.);
#948=ORIENTED_EDGE('',*,*,#1541,.F.);
#949=ORIENTED_EDGE('',*,*,#1851,.T.);
#950=ORIENTED_EDGE('',*,*,#1852,.T.);
#951=ORIENTED_EDGE('',*,*,#1853,.T.);
#952=ORIENTED_EDGE('',*,*,#1815,.F.);
#953=ORIENTED_EDGE('',*,*,#1401,.F.);
#954=ORIENTED_EDGE('',*,*,#1854,.F.);
#955=ORIENTED_EDGE('',*,*,#1855,.F.);
#956=ORIENTED_EDGE('',*,*,#1400,.F.);
#957=ORIENTED_EDGE('',*,*,#1814,.F.);
#958=ORIENTED_EDGE('',*,*,#1856,.F.);
#959=ORIENTED_EDGE('',*,*,#1854,.T.);
#960=ORIENTED_EDGE('',*,*,#1405,.F.);
#961=ORIENTED_EDGE('',*,*,#1811,.F.);
#962=ORIENTED_EDGE('',*,*,#1857,.F.);
#963=ORIENTED_EDGE('',*,*,#1812,.F.);
#964=ORIENTED_EDGE('',*,*,#1403,.F.);
#965=ORIENTED_EDGE('',*,*,#1817,.F.);
#966=ORIENTED_EDGE('',*,*,#1858,.F.);
#967=ORIENTED_EDGE('',*,*,#1809,.F.);
#968=ORIENTED_EDGE('',*,*,#1520,.F.);
#969=ORIENTED_EDGE('',*,*,#1775,.F.);
#970=ORIENTED_EDGE('',*,*,#1859,.F.);
#971=ORIENTED_EDGE('',*,*,#1764,.F.);
#972=ORIENTED_EDGE('',*,*,#1514,.F.);
#973=ORIENTED_EDGE('',*,*,#1766,.F.);
#974=ORIENTED_EDGE('',*,*,#1860,.F.);
#975=ORIENTED_EDGE('',*,*,#1767,.F.);
#976=ORIENTED_EDGE('',*,*,#1518,.F.);
#977=ORIENTED_EDGE('',*,*,#1772,.F.);
#978=ORIENTED_EDGE('',*,*,#1861,.F.);
#979=ORIENTED_EDGE('',*,*,#1773,.F.);
#980=ORIENTED_EDGE('',*,*,#1516,.F.);
#981=ORIENTED_EDGE('',*,*,#1769,.F.);
#982=ORIENTED_EDGE('',*,*,#1862,.F.);
#983=ORIENTED_EDGE('',*,*,#1770,.F.);
#984=ORIENTED_EDGE('',*,*,#1439,.F.);
#985=ORIENTED_EDGE('',*,*,#1712,.F.);
#986=ORIENTED_EDGE('',*,*,#1863,.F.);
#987=ORIENTED_EDGE('',*,*,#1713,.F.);
#988=ORIENTED_EDGE('',*,*,#1441,.F.);
#989=ORIENTED_EDGE('',*,*,#1715,.F.);
#990=ORIENTED_EDGE('',*,*,#1864,.F.);
#991=ORIENTED_EDGE('',*,*,#1716,.F.);
#992=ORIENTED_EDGE('',*,*,#1540,.F.);
#993=ORIENTED_EDGE('',*,*,#1850,.F.);
#994=ORIENTED_EDGE('',*,*,#1865,.F.);
#995=ORIENTED_EDGE('',*,*,#1851,.F.);
#996=ORIENTED_EDGE('',*,*,#1542,.F.);
#997=ORIENTED_EDGE('',*,*,#1853,.F.);
#998=ORIENTED_EDGE('',*,*,#1866,.F.);
#999=ORIENTED_EDGE('',*,*,#1840,.F.);
#1000=ORIENTED_EDGE('',*,*,#1456,.F.);
#1001=ORIENTED_EDGE('',*,*,#1679,.F.);
#1002=ORIENTED_EDGE('',*,*,#1867,.F.);
#1003=ORIENTED_EDGE('',*,*,#1680,.F.);
#1004=ORIENTED_EDGE('',*,*,#1458,.F.);
#1005=ORIENTED_EDGE('',*,*,#1682,.F.);
#1006=ORIENTED_EDGE('',*,*,#1868,.F.);
#1007=ORIENTED_EDGE('',*,*,#1671,.F.);
#1008=ORIENTED_EDGE('',*,*,#1454,.F.);
#1009=ORIENTED_EDGE('',*,*,#1676,.F.);
#1010=ORIENTED_EDGE('',*,*,#1869,.F.);
#1011=ORIENTED_EDGE('',*,*,#1677,.F.);
#1012=ORIENTED_EDGE('',*,*,#1452,.F.);
#1013=ORIENTED_EDGE('',*,*,#1673,.F.);
#1014=ORIENTED_EDGE('',*,*,#1870,.F.);
#1015=ORIENTED_EDGE('',*,*,#1674,.F.);
#1016=ORIENTED_EDGE('',*,*,#1422,.F.);
#1017=ORIENTED_EDGE('',*,*,#1784,.F.);
#1018=ORIENTED_EDGE('',*,*,#1871,.F.);
#1019=ORIENTED_EDGE('',*,*,#1785,.F.);
#1020=ORIENTED_EDGE('',*,*,#1416,.F.);
#1021=ORIENTED_EDGE('',*,*,#1787,.F.);
#1022=ORIENTED_EDGE('',*,*,#1872,.F.);
#1023=ORIENTED_EDGE('',*,*,#1776,.F.);
#1024=ORIENTED_EDGE('',*,*,#1420,.F.);
#1025=ORIENTED_EDGE('',*,*,#1781,.F.);
#1026=ORIENTED_EDGE('',*,*,#1873,.F.);
#1027=ORIENTED_EDGE('',*,*,#1782,.F.);
#1028=ORIENTED_EDGE('',*,*,#1418,.F.);
#1029=ORIENTED_EDGE('',*,*,#1778,.F.);
#1030=ORIENTED_EDGE('',*,*,#1874,.F.);
#1031=ORIENTED_EDGE('',*,*,#1779,.F.);
#1032=ORIENTED_EDGE('',*,*,#1533,.F.);
#1033=ORIENTED_EDGE('',*,*,#1838,.F.);
#1034=ORIENTED_EDGE('',*,*,#1875,.F.);
#1035=ORIENTED_EDGE('',*,*,#1830,.F.);
#1036=ORIENTED_EDGE('',*,*,#1528,.F.);
#1037=ORIENTED_EDGE('',*,*,#1832,.F.);
#1038=ORIENTED_EDGE('',*,*,#1876,.F.);
#1039=ORIENTED_EDGE('',*,*,#1833,.F.);
#1040=ORIENTED_EDGE('',*,*,#1877,.F.);
#1041=ORIENTED_EDGE('',*,*,#1530,.F.);
#1042=ORIENTED_EDGE('',*,*,#1835,.F.);
#1043=ORIENTED_EDGE('',*,*,#1878,.F.);
#1044=ORIENTED_EDGE('',*,*,#1531,.F.);
#1045=ORIENTED_EDGE('',*,*,#1877,.T.);
#1046=ORIENTED_EDGE('',*,*,#1879,.F.);
#1047=ORIENTED_EDGE('',*,*,#1836,.F.);
#1048=ORIENTED_EDGE('',*,*,#1704,.F.);
#1049=ORIENTED_EDGE('',*,*,#1499,.F.);
#1050=ORIENTED_EDGE('',*,*,#1880,.F.);
#1051=ORIENTED_EDGE('',*,*,#1881,.F.);
#1052=ORIENTED_EDGE('',*,*,#1498,.F.);
#1053=ORIENTED_EDGE('',*,*,#1703,.F.);
#1054=ORIENTED_EDGE('',*,*,#1882,.F.);
#1055=ORIENTED_EDGE('',*,*,#1880,.T.);
#1056=ORIENTED_EDGE('',*,*,#1501,.F.);
#1057=ORIENTED_EDGE('',*,*,#1706,.F.);
#1058=ORIENTED_EDGE('',*,*,#1883,.F.);
#1059=ORIENTED_EDGE('',*,*,#1707,.F.);
#1060=ORIENTED_EDGE('',*,*,#1503,.F.);
#1061=ORIENTED_EDGE('',*,*,#1709,.F.);
#1062=ORIENTED_EDGE('',*,*,#1884,.F.);
#1063=ORIENTED_EDGE('',*,*,#1701,.F.);
#1064=ORIENTED_EDGE('',*,*,#1755,.F.);
#1065=ORIENTED_EDGE('',*,*,#1424,.F.);
#1066=ORIENTED_EDGE('',*,*,#1885,.F.);
#1067=ORIENTED_EDGE('',*,*,#1886,.F.);
#1068=ORIENTED_EDGE('',*,*,#1423,.F.);
#1069=ORIENTED_EDGE('',*,*,#1763,.F.);
#1070=ORIENTED_EDGE('',*,*,#1887,.F.);
#1071=ORIENTED_EDGE('',*,*,#1885,.T.);
#1072=ORIENTED_EDGE('',*,*,#1426,.F.);
#1073=ORIENTED_EDGE('',*,*,#1757,.F.);
#1074=ORIENTED_EDGE('',*,*,#1888,.F.);
#1075=ORIENTED_EDGE('',*,*,#1758,.F.);
#1076=ORIENTED_EDGE('',*,*,#1428,.F.);
#1077=ORIENTED_EDGE('',*,*,#1760,.F.);
#1078=ORIENTED_EDGE('',*,*,#1889,.F.);
#1079=ORIENTED_EDGE('',*,*,#1761,.F.);
#1080=ORIENTED_EDGE('',*,*,#1410,.F.);
#1081=ORIENTED_EDGE('',*,*,#1790,.F.);
#1082=ORIENTED_EDGE('',*,*,#1890,.F.);
#1083=ORIENTED_EDGE('',*,*,#1791,.F.);
#1084=ORIENTED_EDGE('',*,*,#1412,.F.);
#1085=ORIENTED_EDGE('',*,*,#1793,.F.);
#1086=ORIENTED_EDGE('',*,*,#1891,.F.);
#1087=ORIENTED_EDGE('',*,*,#1794,.F.);
#1088=ORIENTED_EDGE('',*,*,#1414,.F.);
#1089=ORIENTED_EDGE('',*,*,#1796,.F.);
#1090=ORIENTED_EDGE('',*,*,#1892,.F.);
#1091=ORIENTED_EDGE('',*,*,#1797,.F.);
#1092=ORIENTED_EDGE('',*,*,#1399,.F.);
#1093=ORIENTED_EDGE('',*,*,#1829,.F.);
#1094=ORIENTED_EDGE('',*,*,#1893,.F.);
#1095=ORIENTED_EDGE('',*,*,#1818,.F.);
#1096=ORIENTED_EDGE('',*,*,#1395,.F.);
#1097=ORIENTED_EDGE('',*,*,#1823,.F.);
#1098=ORIENTED_EDGE('',*,*,#1894,.F.);
#1099=ORIENTED_EDGE('',*,*,#1824,.F.);
#1100=ORIENTED_EDGE('',*,*,#1393,.F.);
#1101=ORIENTED_EDGE('',*,*,#1820,.F.);
#1102=ORIENTED_EDGE('',*,*,#1895,.F.);
#1103=ORIENTED_EDGE('',*,*,#1821,.F.);
#1104=ORIENTED_EDGE('',*,*,#1524,.F.);
#1105=ORIENTED_EDGE('',*,*,#1805,.F.);
#1106=ORIENTED_EDGE('',*,*,#1896,.F.);
#1107=ORIENTED_EDGE('',*,*,#1806,.F.);
#1108=ORIENTED_EDGE('',*,*,#1526,.F.);
#1109=ORIENTED_EDGE('',*,*,#1808,.F.);
#1110=ORIENTED_EDGE('',*,*,#1897,.F.);
#1111=ORIENTED_EDGE('',*,*,#1800,.F.);
#1112=ORIENTED_EDGE('',*,*,#1522,.F.);
#1113=ORIENTED_EDGE('',*,*,#1802,.F.);
#1114=ORIENTED_EDGE('',*,*,#1898,.F.);
#1115=ORIENTED_EDGE('',*,*,#1803,.F.);
#1116=ORIENTED_EDGE('',*,*,#1510,.F.);
#1117=ORIENTED_EDGE('',*,*,#1742,.F.);
#1118=ORIENTED_EDGE('',*,*,#1899,.F.);
#1119=ORIENTED_EDGE('',*,*,#1743,.F.);
#1120=ORIENTED_EDGE('',*,*,#1512,.F.);
#1121=ORIENTED_EDGE('',*,*,#1745,.F.);
#1122=ORIENTED_EDGE('',*,*,#1900,.F.);
#1123=ORIENTED_EDGE('',*,*,#1734,.F.);
#1124=ORIENTED_EDGE('',*,*,#1506,.F.);
#1125=ORIENTED_EDGE('',*,*,#1736,.F.);
#1126=ORIENTED_EDGE('',*,*,#1901,.F.);
#1127=ORIENTED_EDGE('',*,*,#1737,.F.);
#1128=ORIENTED_EDGE('',*,*,#1435,.F.);
#1129=ORIENTED_EDGE('',*,*,#1748,.F.);
#1130=ORIENTED_EDGE('',*,*,#1902,.F.);
#1131=ORIENTED_EDGE('',*,*,#1749,.F.);
#1132=ORIENTED_EDGE('',*,*,#1433,.F.);
#1133=ORIENTED_EDGE('',*,*,#1754,.F.);
#1134=ORIENTED_EDGE('',*,*,#1903,.F.);
#1135=ORIENTED_EDGE('',*,*,#1746,.F.);
#1136=ORIENTED_EDGE('',*,*,#1431,.F.);
#1137=ORIENTED_EDGE('',*,*,#1751,.F.);
#1138=ORIENTED_EDGE('',*,*,#1904,.F.);
#1139=ORIENTED_EDGE('',*,*,#1752,.F.);
#1140=ORIENTED_EDGE('',*,*,#1450,.F.);
#1141=ORIENTED_EDGE('',*,*,#1700,.F.);
#1142=ORIENTED_EDGE('',*,*,#1905,.F.);
#1143=ORIENTED_EDGE('',*,*,#1692,.F.);
#1144=ORIENTED_EDGE('',*,*,#1448,.F.);
#1145=ORIENTED_EDGE('',*,*,#1697,.F.);
#1146=ORIENTED_EDGE('',*,*,#1906,.F.);
#1147=ORIENTED_EDGE('',*,*,#1698,.F.);
#1148=ORIENTED_EDGE('',*,*,#1497,.F.);
#1149=ORIENTED_EDGE('',*,*,#1691,.F.);
#1150=ORIENTED_EDGE('',*,*,#1907,.F.);
#1151=ORIENTED_EDGE('',*,*,#1683,.F.);
#1152=ORIENTED_EDGE('',*,*,#1495,.F.);
#1153=ORIENTED_EDGE('',*,*,#1688,.F.);
#1154=ORIENTED_EDGE('',*,*,#1908,.F.);
#1155=ORIENTED_EDGE('',*,*,#1689,.F.);
#1156=ORIENTED_EDGE('',*,*,#1493,.F.);
#1157=ORIENTED_EDGE('',*,*,#1685,.F.);
#1158=ORIENTED_EDGE('',*,*,#1909,.F.);
#1159=ORIENTED_EDGE('',*,*,#1686,.F.);
#1160=ORIENTED_EDGE('',*,*,#1550,.F.);
#1161=ORIENTED_EDGE('',*,*,#1730,.F.);
#1162=ORIENTED_EDGE('',*,*,#1910,.F.);
#1163=ORIENTED_EDGE('',*,*,#1731,.F.);
#1164=ORIENTED_EDGE('',*,*,#1554,.F.);
#1165=ORIENTED_EDGE('',*,*,#1727,.F.);
#1166=ORIENTED_EDGE('',*,*,#1911,.F.);
#1167=ORIENTED_EDGE('',*,*,#1625,.F.);
#1168=ORIENTED_EDGE('',*,*,#1548,.F.);
#1169=ORIENTED_EDGE('',*,*,#1627,.F.);
#1170=ORIENTED_EDGE('',*,*,#1912,.F.);
#1171=ORIENTED_EDGE('',*,*,#1728,.F.);
#1172=ORIENTED_EDGE('',*,*,#1408,.F.);
#1173=ORIENTED_EDGE('',*,*,#1799,.F.);
#1174=ORIENTED_EDGE('',*,*,#1913,.F.);
#1175=ORIENTED_EDGE('',*,*,#1788,.F.);
#1176=ORIENTED_EDGE('',*,*,#1826,.F.);
#1177=ORIENTED_EDGE('',*,*,#1914,.F.);
#1178=ORIENTED_EDGE('',*,*,#1827,.F.);
#1179=ORIENTED_EDGE('',*,*,#1397,.F.);
#1180=ORIENTED_EDGE('',*,*,#1694,.F.);
#1181=ORIENTED_EDGE('',*,*,#1915,.F.);
#1182=ORIENTED_EDGE('',*,*,#1695,.F.);
#1183=ORIENTED_EDGE('',*,*,#1446,.F.);
#1184=ORIENTED_EDGE('',*,*,#1508,.F.);
#1185=ORIENTED_EDGE('',*,*,#1739,.F.);
#1186=ORIENTED_EDGE('',*,*,#1916,.F.);
#1187=ORIENTED_EDGE('',*,*,#1740,.F.);
#1188=ORIENTED_EDGE('',*,*,#1733,.F.);
#1189=ORIENTED_EDGE('',*,*,#1917,.F.);
#1190=ORIENTED_EDGE('',*,*,#1725,.F.);
#1191=ORIENTED_EDGE('',*,*,#1552,.F.);
#1192=ORIENTED_EDGE('',*,*,#1839,.T.);
#1193=ORIENTED_EDGE('',*,*,#1918,.F.);
#1194=ORIENTED_EDGE('',*,*,#1842,.F.);
#1195=ORIENTED_EDGE('',*,*,#1535,.T.);
#1196=ORIENTED_EDGE('',*,*,#1724,.T.);
#1197=ORIENTED_EDGE('',*,*,#1919,.T.);
#1198=ORIENTED_EDGE('',*,*,#1710,.F.);
#1199=ORIENTED_EDGE('',*,*,#1437,.F.);
#1200=ORIENTED_EDGE('',*,*,#1920,.F.);
#1201=ORIENTED_EDGE('',*,*,#1543,.T.);
#1202=ORIENTED_EDGE('',*,*,#1567,.F.);
#1203=ORIENTED_EDGE('',*,*,#1920,.T.);
#1204=ORIENTED_EDGE('',*,*,#1711,.F.);
#1205=ORIENTED_EDGE('',*,*,#1919,.F.);
#1206=ORIENTED_EDGE('',*,*,#1723,.F.);
#1207=ORIENTED_EDGE('',*,*,#1721,.F.);
#1208=ORIENTED_EDGE('',*,*,#1719,.F.);
#1209=ORIENTED_EDGE('',*,*,#1717,.T.);
#1210=ORIENTED_EDGE('',*,*,#1864,.T.);
#1211=ORIENTED_EDGE('',*,*,#1714,.T.);
#1212=ORIENTED_EDGE('',*,*,#1863,.T.);
#1213=ORIENTED_EDGE('',*,*,#1810,.F.);
#1214=ORIENTED_EDGE('',*,*,#1858,.T.);
#1215=ORIENTED_EDGE('',*,*,#1816,.F.);
#1216=ORIENTED_EDGE('',*,*,#1855,.T.);
#1217=ORIENTED_EDGE('',*,*,#1856,.T.);
#1218=ORIENTED_EDGE('',*,*,#1813,.F.);
#1219=ORIENTED_EDGE('',*,*,#1857,.T.);
#1220=ORIENTED_EDGE('',*,*,#1777,.F.);
#1221=ORIENTED_EDGE('',*,*,#1872,.T.);
#1222=ORIENTED_EDGE('',*,*,#1786,.T.);
#1223=ORIENTED_EDGE('',*,*,#1871,.T.);
#1224=ORIENTED_EDGE('',*,*,#1783,.T.);
#1225=ORIENTED_EDGE('',*,*,#1873,.T.);
#1226=ORIENTED_EDGE('',*,*,#1780,.F.);
#1227=ORIENTED_EDGE('',*,*,#1874,.T.);
#1228=ORIENTED_EDGE('',*,*,#1747,.F.);
#1229=ORIENTED_EDGE('',*,*,#1903,.T.);
#1230=ORIENTED_EDGE('',*,*,#1753,.F.);
#1231=ORIENTED_EDGE('',*,*,#1904,.T.);
#1232=ORIENTED_EDGE('',*,*,#1750,.F.);
#1233=ORIENTED_EDGE('',*,*,#1902,.T.);
#1234=ORIENTED_EDGE('',*,*,#1667,.F.);
#1235=ORIENTED_EDGE('',*,*,#1622,.F.);
#1236=ORIENTED_EDGE('',*,*,#1629,.T.);
#1237=ORIENTED_EDGE('',*,*,#1632,.F.);
#1238=ORIENTED_EDGE('',*,*,#1634,.T.);
#1239=ORIENTED_EDGE('',*,*,#1637,.F.);
#1240=ORIENTED_EDGE('',*,*,#1639,.T.);
#1241=ORIENTED_EDGE('',*,*,#1641,.F.);
#1242=ORIENTED_EDGE('',*,*,#1643,.F.);
#1243=ORIENTED_EDGE('',*,*,#1645,.T.);
#1244=ORIENTED_EDGE('',*,*,#1647,.T.);
#1245=ORIENTED_EDGE('',*,*,#1649,.F.);
#1246=ORIENTED_EDGE('',*,*,#1652,.T.);
#1247=ORIENTED_EDGE('',*,*,#1654,.F.);
#1248=ORIENTED_EDGE('',*,*,#1666,.T.);
#1249=ORIENTED_EDGE('',*,*,#1921,.T.);
#1250=ORIENTED_EDGE('',*,*,#1664,.F.);
#1251=ORIENTED_EDGE('',*,*,#1663,.F.);
#1252=ORIENTED_EDGE('',*,*,#1661,.F.);
#1253=ORIENTED_EDGE('',*,*,#1604,.T.);
#1254=ORIENTED_EDGE('',*,*,#1607,.F.);
#1255=ORIENTED_EDGE('',*,*,#1609,.T.);
#1256=ORIENTED_EDGE('',*,*,#1611,.T.);
#1257=ORIENTED_EDGE('',*,*,#1613,.T.);
#1258=ORIENTED_EDGE('',*,*,#1615,.T.);
#1259=ORIENTED_EDGE('',*,*,#1617,.T.);
#1260=ORIENTED_EDGE('',*,*,#1619,.T.);
#1261=ORIENTED_EDGE('',*,*,#1621,.T.);
#1262=ORIENTED_EDGE('',*,*,#1660,.T.);
#1263=ORIENTED_EDGE('',*,*,#1659,.F.);
#1264=ORIENTED_EDGE('',*,*,#1585,.F.);
#1265=ORIENTED_EDGE('',*,*,#1588,.T.);
#1266=ORIENTED_EDGE('',*,*,#1590,.F.);
#1267=ORIENTED_EDGE('',*,*,#1592,.F.);
#1268=ORIENTED_EDGE('',*,*,#1594,.F.);
#1269=ORIENTED_EDGE('',*,*,#1596,.F.);
#1270=ORIENTED_EDGE('',*,*,#1598,.F.);
#1271=ORIENTED_EDGE('',*,*,#1600,.F.);
#1272=ORIENTED_EDGE('',*,*,#1602,.F.);
#1273=ORIENTED_EDGE('',*,*,#1658,.F.);
#1274=ORIENTED_EDGE('',*,*,#1570,.T.);
#1275=ORIENTED_EDGE('',*,*,#1573,.F.);
#1276=ORIENTED_EDGE('',*,*,#1575,.T.);
#1277=ORIENTED_EDGE('',*,*,#1577,.T.);
#1278=ORIENTED_EDGE('',*,*,#1579,.T.);
#1279=ORIENTED_EDGE('',*,*,#1581,.F.);
#1280=ORIENTED_EDGE('',*,*,#1583,.F.);
#1281=ORIENTED_EDGE('',*,*,#1657,.T.);
#1282=ORIENTED_EDGE('',*,*,#1656,.T.);
#1283=ORIENTED_EDGE('',*,*,#1655,.F.);
#1284=ORIENTED_EDGE('',*,*,#1568,.T.);
#1285=ORIENTED_EDGE('',*,*,#1669,.T.);
#1286=ORIENTED_EDGE('',*,*,#1678,.F.);
#1287=ORIENTED_EDGE('',*,*,#1869,.T.);
#1288=ORIENTED_EDGE('',*,*,#1675,.T.);
#1289=ORIENTED_EDGE('',*,*,#1870,.T.);
#1290=ORIENTED_EDGE('',*,*,#1672,.T.);
#1291=ORIENTED_EDGE('',*,*,#1868,.T.);
#1292=ORIENTED_EDGE('',*,*,#1681,.T.);
#1293=ORIENTED_EDGE('',*,*,#1867,.T.);
#1294=ORIENTED_EDGE('',*,*,#1690,.T.);
#1295=ORIENTED_EDGE('',*,*,#1908,.T.);
#1296=ORIENTED_EDGE('',*,*,#1687,.T.);
#1297=ORIENTED_EDGE('',*,*,#1909,.T.);
#1298=ORIENTED_EDGE('',*,*,#1684,.T.);
#1299=ORIENTED_EDGE('',*,*,#1907,.T.);
#1300=ORIENTED_EDGE('',*,*,#1696,.F.);
#1301=ORIENTED_EDGE('',*,*,#1915,.T.);
#1302=ORIENTED_EDGE('',*,*,#1693,.T.);
#1303=ORIENTED_EDGE('',*,*,#1905,.T.);
#1304=ORIENTED_EDGE('',*,*,#1699,.F.);
#1305=ORIENTED_EDGE('',*,*,#1906,.T.);
#1306=ORIENTED_EDGE('',*,*,#1705,.T.);
#1307=ORIENTED_EDGE('',*,*,#1881,.T.);
#1308=ORIENTED_EDGE('',*,*,#1882,.T.);
#1309=ORIENTED_EDGE('',*,*,#1702,.T.);
#1310=ORIENTED_EDGE('',*,*,#1884,.T.);
#1311=ORIENTED_EDGE('',*,*,#1708,.F.);
#1312=ORIENTED_EDGE('',*,*,#1883,.T.);
#1313=ORIENTED_EDGE('',*,*,#1729,.T.);
#1314=ORIENTED_EDGE('',*,*,#1912,.T.);
#1315=ORIENTED_EDGE('',*,*,#1626,.T.);
#1316=ORIENTED_EDGE('',*,*,#1911,.T.);
#1317=ORIENTED_EDGE('',*,*,#1726,.T.);
#1318=ORIENTED_EDGE('',*,*,#1917,.T.);
#1319=ORIENTED_EDGE('',*,*,#1732,.F.);
#1320=ORIENTED_EDGE('',*,*,#1910,.T.);
#1321=ORIENTED_EDGE('',*,*,#1738,.F.);
#1322=ORIENTED_EDGE('',*,*,#1901,.T.);
#1323=ORIENTED_EDGE('',*,*,#1735,.T.);
#1324=ORIENTED_EDGE('',*,*,#1900,.T.);
#1325=ORIENTED_EDGE('',*,*,#1744,.F.);
#1326=ORIENTED_EDGE('',*,*,#1899,.T.);
#1327=ORIENTED_EDGE('',*,*,#1741,.T.);
#1328=ORIENTED_EDGE('',*,*,#1916,.T.);
#1329=ORIENTED_EDGE('',*,*,#1756,.F.);
#1330=ORIENTED_EDGE('',*,*,#1886,.T.);
#1331=ORIENTED_EDGE('',*,*,#1887,.T.);
#1332=ORIENTED_EDGE('',*,*,#1762,.F.);
#1333=ORIENTED_EDGE('',*,*,#1889,.T.);
#1334=ORIENTED_EDGE('',*,*,#1759,.T.);
#1335=ORIENTED_EDGE('',*,*,#1888,.T.);
#1336=ORIENTED_EDGE('',*,*,#1771,.T.);
#1337=ORIENTED_EDGE('',*,*,#1862,.T.);
#1338=ORIENTED_EDGE('',*,*,#1768,.T.);
#1339=ORIENTED_EDGE('',*,*,#1860,.T.);
#1340=ORIENTED_EDGE('',*,*,#1765,.T.);
#1341=ORIENTED_EDGE('',*,*,#1859,.T.);
#1342=ORIENTED_EDGE('',*,*,#1774,.F.);
#1343=ORIENTED_EDGE('',*,*,#1861,.T.);
#1344=ORIENTED_EDGE('',*,*,#1789,.F.);
#1345=ORIENTED_EDGE('',*,*,#1913,.T.);
#1346=ORIENTED_EDGE('',*,*,#1798,.F.);
#1347=ORIENTED_EDGE('',*,*,#1892,.T.);
#1348=ORIENTED_EDGE('',*,*,#1795,.F.);
#1349=ORIENTED_EDGE('',*,*,#1891,.T.);
#1350=ORIENTED_EDGE('',*,*,#1792,.F.);
#1351=ORIENTED_EDGE('',*,*,#1890,.T.);
#1352=ORIENTED_EDGE('',*,*,#1807,.F.);
#1353=ORIENTED_EDGE('',*,*,#1896,.T.);
#1354=ORIENTED_EDGE('',*,*,#1804,.T.);
#1355=ORIENTED_EDGE('',*,*,#1898,.T.);
#1356=ORIENTED_EDGE('',*,*,#1801,.T.);
#1357=ORIENTED_EDGE('',*,*,#1897,.T.);
#1358=ORIENTED_EDGE('',*,*,#1828,.T.);
#1359=ORIENTED_EDGE('',*,*,#1914,.T.);
#1360=ORIENTED_EDGE('',*,*,#1825,.T.);
#1361=ORIENTED_EDGE('',*,*,#1894,.T.);
#1362=ORIENTED_EDGE('',*,*,#1822,.T.);
#1363=ORIENTED_EDGE('',*,*,#1895,.T.);
#1364=ORIENTED_EDGE('',*,*,#1819,.T.);
#1365=ORIENTED_EDGE('',*,*,#1893,.T.);
#1366=ORIENTED_EDGE('',*,*,#1879,.T.);
#1367=ORIENTED_EDGE('',*,*,#1878,.T.);
#1368=ORIENTED_EDGE('',*,*,#1834,.T.);
#1369=ORIENTED_EDGE('',*,*,#1876,.T.);
#1370=ORIENTED_EDGE('',*,*,#1831,.T.);
#1371=ORIENTED_EDGE('',*,*,#1875,.T.);
#1372=ORIENTED_EDGE('',*,*,#1837,.T.);
#1373=ORIENTED_EDGE('',*,*,#1843,.T.);
#1374=ORIENTED_EDGE('',*,*,#1918,.T.);
#1375=ORIENTED_EDGE('',*,*,#1841,.T.);
#1376=ORIENTED_EDGE('',*,*,#1866,.T.);
#1377=ORIENTED_EDGE('',*,*,#1852,.F.);
#1378=ORIENTED_EDGE('',*,*,#1865,.T.);
#1379=ORIENTED_EDGE('',*,*,#1849,.T.);
#1380=ORIENTED_EDGE('',*,*,#1847,.T.);
#1381=ORIENTED_EDGE('',*,*,#1845,.T.);
#1382=ORIENTED_EDGE('',*,*,#1662,.T.);
#1383=ORIENTED_EDGE('',*,*,#1650,.T.);
#1384=ORIENTED_EDGE('',*,*,#1921,.F.);
#1385=ORIENTED_EDGE('',*,*,#1665,.F.);
#1386=ORIENTED_EDGE('',*,*,#1557,.F.);
#1387=ORIENTED_EDGE('',*,*,#1623,.F.);
#1388=ORIENTED_EDGE('',*,*,#1670,.F.);
#1389=ORIENTED_EDGE('',*,*,#1635,.F.);
#1390=ORIENTED_EDGE('',*,*,#1668,.T.);
#1391=ORIENTED_EDGE('',*,*,#1630,.F.);
#1392=EDGE_CURVE('',#1922,#1923,#2283,.T.);
#1393=EDGE_CURVE('',#1922,#1924,#117,.T.);
#1394=EDGE_CURVE('',#1925,#1924,#2284,.T.);
#1395=EDGE_CURVE('',#1925,#1926,#118,.T.);
#1396=EDGE_CURVE('',#1927,#1926,#2285,.T.);
#1397=EDGE_CURVE('',#1927,#1928,#119,.T.);
#1398=EDGE_CURVE('',#1929,#1928,#2286,.T.);
#1399=EDGE_CURVE('',#1929,#1923,#120,.T.);
#1400=EDGE_CURVE('',#1930,#1931,#121,.T.);
#1401=EDGE_CURVE('',#1931,#1932,#122,.T.);
#1402=EDGE_CURVE('',#1932,#1933,#2287,.T.);
#1403=EDGE_CURVE('',#1933,#1934,#123,.T.);
#1404=EDGE_CURVE('',#1934,#1935,#2288,.T.);
#1405=EDGE_CURVE('',#1935,#1936,#124,.T.);
#1406=EDGE_CURVE('',#1936,#1930,#2289,.T.);
#1407=EDGE_CURVE('',#1937,#1938,#2290,.T.);
#1408=EDGE_CURVE('',#1938,#1939,#125,.T.);
#1409=EDGE_CURVE('',#1939,#1940,#2291,.T.);
#1410=EDGE_CURVE('',#1940,#1941,#126,.T.);
#1411=EDGE_CURVE('',#1941,#1942,#2292,.T.);
#1412=EDGE_CURVE('',#1942,#1943,#127,.T.);
#1413=EDGE_CURVE('',#1943,#1944,#2293,.T.);
#1414=EDGE_CURVE('',#1944,#1937,#128,.T.);
#1415=EDGE_CURVE('',#1945,#1946,#129,.T.);
#1416=EDGE_CURVE('',#1945,#1947,#130,.T.);
#1417=EDGE_CURVE('',#1947,#1948,#2294,.T.);
#1418=EDGE_CURVE('',#1948,#1949,#131,.T.);
#1419=EDGE_CURVE('',#1949,#1950,#2295,.T.);
#1420=EDGE_CURVE('',#1950,#1951,#132,.T.);
#1421=EDGE_CURVE('',#1952,#1951,#2296,.T.);
#1422=EDGE_CURVE('',#1952,#1946,#133,.T.);
#1423=EDGE_CURVE('',#1953,#1954,#134,.T.);
#1424=EDGE_CURVE('',#1954,#1955,#135,.T.);
#1425=EDGE_CURVE('',#1955,#1956,#2297,.T.);
#1426=EDGE_CURVE('',#1956,#1957,#136,.T.);
#1427=EDGE_CURVE('',#1958,#1957,#2298,.T.);
#1428=EDGE_CURVE('',#1958,#1959,#137,.T.);
#1429=EDGE_CURVE('',#1959,#1953,#2299,.T.);
#1430=EDGE_CURVE('',#1960,#1961,#2300,.T.);
#1431=EDGE_CURVE('',#1961,#1962,#138,.T.);
#1432=EDGE_CURVE('',#1962,#1963,#2301,.T.);
#1433=EDGE_CURVE('',#1963,#1964,#139,.T.);
#1434=EDGE_CURVE('',#1964,#1965,#2302,.T.);
#1435=EDGE_CURVE('',#1965,#1960,#140,.T.);
#1436=EDGE_CURVE('',#1966,#1967,#141,.F.);
#1437=EDGE_CURVE('',#1967,#1968,#142,.T.);
#1438=EDGE_CURVE('',#1968,#1969,#2303,.T.);
#1439=EDGE_CURVE('',#1969,#1970,#143,.T.);
#1440=EDGE_CURVE('',#1971,#1970,#2304,.T.);
#1441=EDGE_CURVE('',#1971,#1972,#144,.T.);
#1442=EDGE_CURVE('',#1973,#1972,#2305,.T.);
#1443=EDGE_CURVE('',#1973,#1974,#2306,.T.);
#1444=EDGE_CURVE('',#1974,#1966,#145,.F.);
#1445=EDGE_CURVE('',#1975,#1976,#2307,.T.);
#1446=EDGE_CURVE('',#1975,#1977,#146,.T.);
#1447=EDGE_CURVE('',#1977,#1978,#2308,.T.);
#1448=EDGE_CURVE('',#1978,#1979,#147,.T.);
#1449=EDGE_CURVE('',#1979,#1980,#2309,.T.);
#1450=EDGE_CURVE('',#1980,#1976,#148,.T.);
#1451=EDGE_CURVE('',#1981,#1982,#2310,.T.);
#1452=EDGE_CURVE('',#1981,#1983,#149,.T.);
#1453=EDGE_CURVE('',#1984,#1983,#150,.T.);
#1454=EDGE_CURVE('',#1984,#1985,#151,.T.);
#1455=EDGE_CURVE('',#1985,#1986,#2311,.T.);
#1456=EDGE_CURVE('',#1986,#1987,#152,.T.);
#1457=EDGE_CURVE('',#1988,#1987,#2312,.T.);
#1458=EDGE_CURVE('',#1988,#1982,#153,.T.);
#1459=EDGE_CURVE('',#1989,#1989,#154,.T.);
#1460=EDGE_CURVE('',#1990,#1990,#155,.T.);
#1461=EDGE_CURVE('',#1991,#1992,#156,.T.);
#1462=EDGE_CURVE('',#1993,#1991,#2313,.T.);
#1463=EDGE_CURVE('',#1994,#1993,#157,.T.);
#1464=EDGE_CURVE('',#1995,#1994,#2314,.T.);
#1465=EDGE_CURVE('',#1996,#1995,#158,.F.);
#1466=EDGE_CURVE('',#1997,#1996,#159,.T.);
#1467=EDGE_CURVE('',#1998,#1997,#160,.T.);
#1468=EDGE_CURVE('',#1999,#1998,#2315,.T.);
#1469=EDGE_CURVE('',#2000,#1999,#161,.T.);
#1470=EDGE_CURVE('',#2000,#1992,#162,.T.);
#1471=EDGE_CURVE('',#2001,#2001,#163,.T.);
#1472=EDGE_CURVE('',#2002,#2003,#164,.T.);
#1473=EDGE_CURVE('',#2003,#2004,#2316,.T.);
#1474=EDGE_CURVE('',#2004,#2005,#165,.T.);
#1475=EDGE_CURVE('',#2005,#2006,#166,.T.);
#1476=EDGE_CURVE('',#2006,#2007,#167,.F.);
#1477=EDGE_CURVE('',#2007,#2008,#2317,.T.);
#1478=EDGE_CURVE('',#2008,#2009,#168,.T.);
#1479=EDGE_CURVE('',#2009,#2010,#2318,.T.);
#1480=EDGE_CURVE('',#2010,#2011,#169,.T.);
#1481=EDGE_CURVE('',#2002,#2011,#170,.T.);
#1482=EDGE_CURVE('',#2012,#2013,#171,.T.);
#1483=EDGE_CURVE('',#2014,#2012,#2319,.T.);
#1484=EDGE_CURVE('',#2014,#2015,#172,.T.);
#1485=EDGE_CURVE('',#2015,#2016,#2320,.T.);
#1486=EDGE_CURVE('',#2017,#2016,#173,.T.);
#1487=EDGE_CURVE('',#2018,#2017,#2321,.T.);
#1488=EDGE_CURVE('',#2019,#2018,#174,.T.);
#1489=EDGE_CURVE('',#2019,#2013,#2322,.T.);
#1490=EDGE_CURVE('',#2020,#2020,#175,.T.);
#1491=EDGE_CURVE('',#2021,#2021,#176,.T.);
#1492=EDGE_CURVE('',#2022,#2023,#2323,.T.);
#1493=EDGE_CURVE('',#2022,#2024,#177,.T.);
#1494=EDGE_CURVE('',#2025,#2024,#2324,.T.);
#1495=EDGE_CURVE('',#2025,#2026,#178,.T.);
#1496=EDGE_CURVE('',#2027,#2026,#2325,.T.);
#1497=EDGE_CURVE('',#2027,#2023,#179,.T.);
#1498=EDGE_CURVE('',#2028,#2029,#180,.T.);
#1499=EDGE_CURVE('',#2029,#2030,#181,.T.);
#1500=EDGE_CURVE('',#2031,#2030,#2326,.T.);
#1501=EDGE_CURVE('',#2031,#2032,#182,.T.);
#1502=EDGE_CURVE('',#2032,#2033,#2327,.T.);
#1503=EDGE_CURVE('',#2033,#2034,#183,.T.);
#1504=EDGE_CURVE('',#2028,#2034,#2328,.T.);
#1505=EDGE_CURVE('',#2035,#2036,#184,.T.);
#1506=EDGE_CURVE('',#2035,#2037,#185,.T.);
#1507=EDGE_CURVE('',#2037,#2038,#2329,.T.);
#1508=EDGE_CURVE('',#2038,#2039,#186,.T.);
#1509=EDGE_CURVE('',#2040,#2039,#2330,.T.);
#1510=EDGE_CURVE('',#2040,#2041,#187,.T.);
#1511=EDGE_CURVE('',#2041,#2042,#2331,.T.);
#1512=EDGE_CURVE('',#2042,#2036,#188,.T.);
#1513=EDGE_CURVE('',#2043,#2044,#2332,.T.);
#1514=EDGE_CURVE('',#2043,#2045,#189,.T.);
#1515=EDGE_CURVE('',#2046,#2045,#2333,.T.);
#1516=EDGE_CURVE('',#2046,#2047,#190,.T.);
#1517=EDGE_CURVE('',#2048,#2047,#191,.T.);
#1518=EDGE_CURVE('',#2048,#2049,#192,.T.);
#1519=EDGE_CURVE('',#2049,#2050,#2334,.T.);
#1520=EDGE_CURVE('',#2050,#2044,#193,.T.);
#1521=EDGE_CURVE('',#2051,#2052,#2335,.T.);
#1522=EDGE_CURVE('',#2051,#2053,#194,.T.);
#1523=EDGE_CURVE('',#2054,#2053,#2336,.T.);
#1524=EDGE_CURVE('',#2054,#2055,#195,.T.);
#1525=EDGE_CURVE('',#2055,#2056,#2337,.T.);
#1526=EDGE_CURVE('',#2056,#2052,#196,.T.);
#1527=EDGE_CURVE('',#2057,#2058,#2338,.T.);
#1528=EDGE_CURVE('',#2057,#2059,#197,.T.);
#1529=EDGE_CURVE('',#2060,#2059,#2339,.T.);
#1530=EDGE_CURVE('',#2060,#2061,#198,.T.);
#1531=EDGE_CURVE('',#2061,#2062,#199,.T.);
#1532=EDGE_CURVE('',#2063,#2062,#2340,.T.);
#1533=EDGE_CURVE('',#2063,#2058,#200,.T.);
#1534=EDGE_CURVE('',#2064,#2065,#2341,.T.);
#1535=EDGE_CURVE('',#2066,#2064,#201,.T.);
#1536=EDGE_CURVE('',#2067,#2066,#202,.T.);
#1537=EDGE_CURVE('',#2068,#2067,#203,.T.);
#1538=EDGE_CURVE('',#2069,#2068,#2342,.T.);
#1539=EDGE_CURVE('',#2070,#2069,#2343,.T.);
#1540=EDGE_CURVE('',#2070,#2071,#204,.T.);
#1541=EDGE_CURVE('',#2071,#2072,#2344,.T.);
#1542=EDGE_CURVE('',#2072,#2065,#205,.T.);
#1543=EDGE_CURVE('',#2073,#2073,#206,.T.);
#1544=EDGE_CURVE('',#2074,#2075,#2345,.T.);
#1545=EDGE_CURVE('',#2075,#2076,#207,.T.);
#1546=EDGE_CURVE('',#2076,#2077,#2346,.T.);
#1547=EDGE_CURVE('',#2077,#2078,#208,.T.);
#1548=EDGE_CURVE('',#2078,#2079,#209,.T.);
#1549=EDGE_CURVE('',#2080,#2079,#2347,.T.);
#1550=EDGE_CURVE('',#2080,#2081,#210,.T.);
#1551=EDGE_CURVE('',#2081,#2082,#2348,.T.);
#1552=EDGE_CURVE('',#2082,#2083,#211,.T.);
#1553=EDGE_CURVE('',#2084,#2083,#2349,.T.);
#1554=EDGE_CURVE('',#2084,#2085,#212,.T.);
#1555=EDGE_CURVE('',#2085,#2086,#213,.T.);
#1556=EDGE_CURVE('',#2086,#2087,#2350,.T.);
#1557=EDGE_CURVE('',#2087,#2088,#214,.T.);
#1558=EDGE_CURVE('',#2089,#2088,#2351,.T.);
#1559=EDGE_CURVE('',#2089,#2090,#215,.T.);
#1560=EDGE_CURVE('',#2091,#2090,#2352,.T.);
#1561=EDGE_CURVE('',#2092,#2091,#216,.T.);
#1562=EDGE_CURVE('',#2093,#2092,#2353,.T.);
#1563=EDGE_CURVE('',#2094,#2093,#217,.T.);
#1564=EDGE_CURVE('',#2094,#2095,#2354,.T.);
#1565=EDGE_CURVE('',#2095,#2096,#2355,.T.);
#1566=EDGE_CURVE('',#2074,#2096,#218,.T.);
#1567=EDGE_CURVE('',#2097,#2097,#219,.T.);
#1568=EDGE_CURVE('',#2098,#2098,#220,.T.);
#1569=EDGE_CURVE('',#2099,#2013,#2356,.T.);
#1570=EDGE_CURVE('',#2100,#2099,#221,.T.);
#1571=EDGE_CURVE('',#2100,#2012,#2357,.T.);
#1572=EDGE_CURVE('',#2101,#2019,#2358,.T.);
#1573=EDGE_CURVE('',#2101,#2099,#2359,.T.);
#1574=EDGE_CURVE('',#2102,#2018,#2360,.T.);
#1575=EDGE_CURVE('',#2101,#2102,#222,.T.);
#1576=EDGE_CURVE('',#2103,#2017,#2361,.T.);
#1577=EDGE_CURVE('',#2102,#2103,#2362,.T.);
#1578=EDGE_CURVE('',#2104,#2016,#2363,.T.);
#1579=EDGE_CURVE('',#2103,#2104,#223,.T.);
#1580=EDGE_CURVE('',#2105,#2015,#2364,.T.);
#1581=EDGE_CURVE('',#2105,#2104,#2365,.T.);
#1582=EDGE_CURVE('',#2106,#2014,#2366,.T.);
#1583=EDGE_CURVE('',#2106,#2105,#224,.T.);
#1584=EDGE_CURVE('',#2107,#2002,#2367,.T.);
#1585=EDGE_CURVE('',#2107,#2108,#225,.T.);
#1586=EDGE_CURVE('',#2108,#2003,#2368,.T.);
#1587=EDGE_CURVE('',#2109,#2011,#2369,.T.);
#1588=EDGE_CURVE('',#2107,#2109,#226,.T.);
#1589=EDGE_CURVE('',#2110,#2010,#2370,.T.);
#1590=EDGE_CURVE('',#2110,#2109,#227,.T.);
#1591=EDGE_CURVE('',#2111,#2009,#2371,.T.);
#1592=EDGE_CURVE('',#2111,#2110,#2372,.T.);
#1593=EDGE_CURVE('',#2112,#2008,#2373,.T.);
#1594=EDGE_CURVE('',#2112,#2111,#228,.T.);
#1595=EDGE_CURVE('',#2113,#2007,#2374,.T.);
#1596=EDGE_CURVE('',#2113,#2112,#2375,.T.);
#1597=EDGE_CURVE('',#2114,#2006,#2376,.T.);
#1598=EDGE_CURVE('',#2114,#2113,#229,.F.);
#1599=EDGE_CURVE('',#2115,#2005,#2377,.T.);
#1600=EDGE_CURVE('',#2115,#2114,#230,.T.);
#1601=EDGE_CURVE('',#2116,#2004,#2378,.T.);
#1602=EDGE_CURVE('',#2116,#2115,#231,.T.);
#1603=EDGE_CURVE('',#2117,#1992,#2379,.T.);
#1604=EDGE_CURVE('',#2118,#2117,#232,.T.);
#1605=EDGE_CURVE('',#2118,#1991,#2380,.T.);
#1606=EDGE_CURVE('',#2119,#2000,#2381,.T.);
#1607=EDGE_CURVE('',#2119,#2117,#233,.T.);
#1608=EDGE_CURVE('',#2120,#1999,#2382,.T.);
#1609=EDGE_CURVE('',#2119,#2120,#234,.T.);
#1610=EDGE_CURVE('',#2121,#1998,#2383,.T.);
#1611=EDGE_CURVE('',#2120,#2121,#2384,.T.);
#1612=EDGE_CURVE('',#2122,#1997,#2385,.T.);
#1613=EDGE_CURVE('',#2121,#2122,#235,.T.);
#1614=EDGE_CURVE('',#2123,#1996,#2386,.T.);
#1615=EDGE_CURVE('',#2122,#2123,#236,.T.);
#1616=EDGE_CURVE('',#2124,#1995,#2387,.T.);
#1617=EDGE_CURVE('',#2123,#2124,#237,.F.);
#1618=EDGE_CURVE('',#2125,#1994,#2388,.T.);
#1619=EDGE_CURVE('',#2124,#2125,#2389,.T.);
#1620=EDGE_CURVE('',#2126,#1993,#2390,.T.);
#1621=EDGE_CURVE('',#2125,#2126,#238,.T.);
#1622=EDGE_CURVE('',#2127,#2128,#2391,.T.);
#1623=EDGE_CURVE('',#2128,#2087,#2392,.T.);
#1624=EDGE_CURVE('',#2127,#2086,#2393,.T.);
#1625=EDGE_CURVE('',#2085,#2129,#2394,.T.);
#1626=EDGE_CURVE('',#2130,#2129,#239,.T.);
#1627=EDGE_CURVE('',#2130,#2078,#2395,.F.);
#1628=EDGE_CURVE('',#2131,#2077,#2396,.T.);
#1629=EDGE_CURVE('',#2127,#2131,#240,.T.);
#1630=EDGE_CURVE('',#2132,#2132,#241,.T.);
#1631=EDGE_CURVE('',#2133,#2076,#2397,.T.);
#1632=EDGE_CURVE('',#2133,#2131,#2398,.T.);
#1633=EDGE_CURVE('',#2134,#2075,#2399,.T.);
#1634=EDGE_CURVE('',#2133,#2134,#242,.T.);
#1635=EDGE_CURVE('',#2135,#2135,#243,.T.);
#1636=EDGE_CURVE('',#2136,#2074,#2400,.T.);
#1637=EDGE_CURVE('',#2136,#2134,#2401,.T.);
#1638=EDGE_CURVE('',#2137,#2096,#2402,.T.);
#1639=EDGE_CURVE('',#2136,#2137,#244,.T.);
#1640=EDGE_CURVE('',#2138,#2095,#2403,.T.);
#1641=EDGE_CURVE('',#2138,#2137,#2404,.T.);
#1642=EDGE_CURVE('',#2139,#2094,#2405,.T.);
#1643=EDGE_CURVE('',#2139,#2138,#2406,.T.);
#1644=EDGE_CURVE('',#2140,#2093,#2407,.T.);
#1645=EDGE_CURVE('',#2139,#2140,#245,.T.);
#1646=EDGE_CURVE('',#2141,#2092,#2408,.T.);
#1647=EDGE_CURVE('',#2140,#2141,#2409,.T.);
#1648=EDGE_CURVE('',#2142,#2091,#2410,.T.);
#1649=EDGE_CURVE('',#2142,#2141,#246,.T.);
#1650=EDGE_CURVE('',#2143,#2143,#247,.T.);
#1651=EDGE_CURVE('',#2144,#2090,#2411,.T.);
#1652=EDGE_CURVE('',#2142,#2144,#2412,.T.);
#1653=EDGE_CURVE('',#2145,#2089,#2413,.T.);
#1654=EDGE_CURVE('',#2145,#2144,#248,.T.);
#1655=EDGE_CURVE('',#2146,#2146,#249,.T.);
#1656=EDGE_CURVE('',#2147,#2147,#250,.T.);
#1657=EDGE_CURVE('',#2106,#2100,#2414,.T.);
#1658=EDGE_CURVE('',#2108,#2116,#2415,.T.);
#1659=EDGE_CURVE('',#2148,#2148,#251,.T.);
#1660=EDGE_CURVE('',#2126,#2118,#2416,.T.);
#1661=EDGE_CURVE('',#2149,#2149,#252,.T.);
#1662=EDGE_CURVE('',#2150,#2150,#253,.T.);
#1663=EDGE_CURVE('',#2151,#2151,#254,.T.);
#1664=EDGE_CURVE('',#2152,#2152,#255,.T.);
#1665=EDGE_CURVE('',#2088,#2153,#2417,.F.);
#1666=EDGE_CURVE('',#2145,#2153,#2418,.T.);
#1667=EDGE_CURVE('',#2154,#2154,#256,.T.);
#1668=EDGE_CURVE('',#2155,#2155,#257,.T.);
#1669=EDGE_CURVE('',#2156,#2156,#258,.T.);
#1670=EDGE_CURVE('',#2157,#2157,#259,.T.);
#1671=EDGE_CURVE('',#1982,#2158,#2419,.T.);
#1672=EDGE_CURVE('',#2159,#2158,#2420,.T.);
#1673=EDGE_CURVE('',#2159,#1981,#2421,.T.);
#1674=EDGE_CURVE('',#1983,#2160,#2422,.T.);
#1675=EDGE_CURVE('',#2161,#2160,#260,.T.);
#1676=EDGE_CURVE('',#2161,#1984,#2423,.F.);
#1677=EDGE_CURVE('',#1985,#2162,#2424,.T.);
#1678=EDGE_CURVE('',#2162,#2163,#2425,.T.);
#1679=EDGE_CURVE('',#2163,#1986,#2426,.F.);
#1680=EDGE_CURVE('',#1987,#2164,#2427,.T.);
#1681=EDGE_CURVE('',#2165,#2164,#2428,.T.);
#1682=EDGE_CURVE('',#2165,#1988,#2429,.F.);
#1683=EDGE_CURVE('',#2023,#2166,#2430,.T.);
#1684=EDGE_CURVE('',#2167,#2166,#2431,.T.);
#1685=EDGE_CURVE('',#2167,#2022,#2432,.F.);
#1686=EDGE_CURVE('',#2024,#2168,#2433,.T.);
#1687=EDGE_CURVE('',#2169,#2168,#2434,.T.);
#1688=EDGE_CURVE('',#2169,#2025,#2435,.F.);
#1689=EDGE_CURVE('',#2026,#2170,#2436,.T.);
#1690=EDGE_CURVE('',#2171,#2170,#2437,.T.);
#1691=EDGE_CURVE('',#2171,#2027,#2438,.F.);
#1692=EDGE_CURVE('',#1976,#2172,#2439,.T.);
#1693=EDGE_CURVE('',#2173,#2172,#2440,.T.);
#1694=EDGE_CURVE('',#2173,#1975,#2441,.T.);
#1695=EDGE_CURVE('',#1977,#2174,#2442,.F.);
#1696=EDGE_CURVE('',#2174,#2175,#2443,.T.);
#1697=EDGE_CURVE('',#2175,#1978,#2444,.F.);
#1698=EDGE_CURVE('',#1979,#2176,#2445,.T.);
#1699=EDGE_CURVE('',#2176,#2177,#2446,.T.);
#1700=EDGE_CURVE('',#2177,#1980,#2447,.F.);
#1701=EDGE_CURVE('',#2034,#2178,#2448,.T.);
#1702=EDGE_CURVE('',#2179,#2178,#2449,.T.);
#1703=EDGE_CURVE('',#2179,#2028,#2450,.T.);
#1704=EDGE_CURVE('',#2030,#2180,#2451,.F.);
#1705=EDGE_CURVE('',#2181,#2180,#2452,.T.);
#1706=EDGE_CURVE('',#2181,#2031,#2453,.F.);
#1707=EDGE_CURVE('',#2032,#2182,#2454,.T.);
#1708=EDGE_CURVE('',#2182,#2183,#2455,.T.);
#1709=EDGE_CURVE('',#2183,#2033,#2456,.F.);
#1710=EDGE_CURVE('',#1968,#2184,#2457,.T.);
#1711=EDGE_CURVE('',#2184,#2185,#2458,.T.);
#1712=EDGE_CURVE('',#2185,#1969,#2459,.F.);
#1713=EDGE_CURVE('',#1970,#2186,#2460,.T.);
#1714=EDGE_CURVE('',#2187,#2186,#2461,.T.);
#1715=EDGE_CURVE('',#2187,#1971,#2462,.F.);
#1716=EDGE_CURVE('',#1972,#2188,#2463,.T.);
#1717=EDGE_CURVE('',#2189,#2188,#2464,.T.);
#1718=EDGE_CURVE('',#1973,#2189,#2465,.T.);
#1719=EDGE_CURVE('',#2189,#2190,#2466,.T.);
#1720=EDGE_CURVE('',#1974,#2190,#2467,.T.);
#1721=EDGE_CURVE('',#2190,#2191,#261,.T.);
#1722=EDGE_CURVE('',#1966,#2191,#2468,.T.);
#1723=EDGE_CURVE('',#2191,#2192,#262,.T.);
#1724=EDGE_CURVE('',#1967,#2192,#2469,.T.);
#1725=EDGE_CURVE('',#2083,#2193,#2470,.F.);
#1726=EDGE_CURVE('',#2194,#2193,#2471,.T.);
#1727=EDGE_CURVE('',#2194,#2084,#2472,.T.);
#1728=EDGE_CURVE('',#2079,#2195,#2473,.F.);
#1729=EDGE_CURVE('',#2196,#2195,#2474,.T.);
#1730=EDGE_CURVE('',#2196,#2080,#2475,.F.);
#1731=EDGE_CURVE('',#2081,#2197,#2476,.T.);
#1732=EDGE_CURVE('',#2197,#2198,#2477,.T.);
#1733=EDGE_CURVE('',#2198,#2082,#2478,.T.);
#1734=EDGE_CURVE('',#2036,#2199,#2479,.T.);
#1735=EDGE_CURVE('',#2200,#2199,#263,.T.);
#1736=EDGE_CURVE('',#2200,#2035,#2480,.F.);
#1737=EDGE_CURVE('',#2037,#2201,#2481,.T.);
#1738=EDGE_CURVE('',#2201,#2202,#2482,.T.);
#1739=EDGE_CURVE('',#2202,#2038,#2483,.F.);
#1740=EDGE_CURVE('',#2039,#2203,#2484,.T.);
#1741=EDGE_CURVE('',#2204,#2203,#2485,.T.);
#1742=EDGE_CURVE('',#2204,#2040,#2486,.F.);
#1743=EDGE_CURVE('',#2041,#2205,#2487,.T.);
#1744=EDGE_CURVE('',#2205,#2206,#2488,.T.);
#1745=EDGE_CURVE('',#2206,#2042,#2489,.F.);
#1746=EDGE_CURVE('',#1964,#2207,#2490,.T.);
#1747=EDGE_CURVE('',#2207,#2208,#2491,.T.);
#1748=EDGE_CURVE('',#2208,#1965,#2492,.F.);
#1749=EDGE_CURVE('',#1960,#2209,#2493,.T.);
#1750=EDGE_CURVE('',#2209,#2210,#2494,.T.);
#1751=EDGE_CURVE('',#2210,#1961,#2495,.F.);
#1752=EDGE_CURVE('',#1962,#2211,#2496,.T.);
#1753=EDGE_CURVE('',#2211,#2212,#2497,.T.);
#1754=EDGE_CURVE('',#2212,#1963,#2498,.F.);
#1755=EDGE_CURVE('',#1955,#2213,#2499,.T.);
#1756=EDGE_CURVE('',#2213,#2214,#2500,.T.);
#1757=EDGE_CURVE('',#2214,#1956,#2501,.F.);
#1758=EDGE_CURVE('',#1957,#2215,#2502,.T.);
#1759=EDGE_CURVE('',#2216,#2215,#2503,.T.);
#1760=EDGE_CURVE('',#2216,#1958,#2504,.F.);
#1761=EDGE_CURVE('',#1959,#2217,#2505,.T.);
#1762=EDGE_CURVE('',#2217,#2218,#2506,.T.);
#1763=EDGE_CURVE('',#2218,#1953,#2507,.F.);
#1764=EDGE_CURVE('',#2044,#2219,#2508,.T.);
#1765=EDGE_CURVE('',#2220,#2219,#2509,.T.);
#1766=EDGE_CURVE('',#2220,#2043,#2510,.F.);
#1767=EDGE_CURVE('',#2045,#2221,#2511,.T.);
#1768=EDGE_CURVE('',#2222,#2221,#2512,.T.);
#1769=EDGE_CURVE('',#2222,#2046,#2513,.T.);
#1770=EDGE_CURVE('',#2047,#2223,#2514,.T.);
#1771=EDGE_CURVE('',#2224,#2223,#264,.T.);
#1772=EDGE_CURVE('',#2224,#2048,#2515,.F.);
#1773=EDGE_CURVE('',#2049,#2225,#2516,.T.);
#1774=EDGE_CURVE('',#2225,#2226,#2517,.T.);
#1775=EDGE_CURVE('',#2226,#2050,#2518,.F.);
#1776=EDGE_CURVE('',#1947,#2227,#2519,.T.);
#1777=EDGE_CURVE('',#2227,#2228,#2520,.T.);
#1778=EDGE_CURVE('',#2228,#1948,#2521,.F.);
#1779=EDGE_CURVE('',#1949,#2229,#2522,.T.);
#1780=EDGE_CURVE('',#2229,#2230,#2523,.T.);
#1781=EDGE_CURVE('',#2230,#1950,#2524,.F.);
#1782=EDGE_CURVE('',#1951,#2231,#2525,.T.);
#1783=EDGE_CURVE('',#2232,#2231,#2526,.T.);
#1784=EDGE_CURVE('',#2232,#1952,#2527,.T.);
#1785=EDGE_CURVE('',#1946,#2233,#2528,.T.);
#1786=EDGE_CURVE('',#2234,#2233,#265,.T.);
#1787=EDGE_CURVE('',#2234,#1945,#2529,.F.);
#1788=EDGE_CURVE('',#1939,#2235,#2530,.T.);
#1789=EDGE_CURVE('',#2235,#2236,#2531,.T.);
#1790=EDGE_CURVE('',#2236,#1940,#2532,.F.);
#1791=EDGE_CURVE('',#1941,#2237,#2533,.T.);
#1792=EDGE_CURVE('',#2237,#2238,#2534,.T.);
#1793=EDGE_CURVE('',#2238,#1942,#2535,.F.);
#1794=EDGE_CURVE('',#1943,#2239,#2536,.T.);
#1795=EDGE_CURVE('',#2239,#2240,#2537,.T.);
#1796=EDGE_CURVE('',#2240,#1944,#2538,.F.);
#1797=EDGE_CURVE('',#1937,#2241,#2539,.T.);
#1798=EDGE_CURVE('',#2241,#2242,#2540,.T.);
#1799=EDGE_CURVE('',#2242,#1938,#2541,.F.);
#1800=EDGE_CURVE('',#2052,#2243,#2542,.T.);
#1801=EDGE_CURVE('',#2244,#2243,#2543,.T.);
#1802=EDGE_CURVE('',#2244,#2051,#2544,.F.);
#1803=EDGE_CURVE('',#2053,#2245,#2545,.T.);
#1804=EDGE_CURVE('',#2246,#2245,#2546,.T.);
#1805=EDGE_CURVE('',#2246,#2054,#2547,.F.);
#1806=EDGE_CURVE('',#2055,#2247,#2548,.T.);
#1807=EDGE_CURVE('',#2247,#2248,#2549,.T.);
#1808=EDGE_CURVE('',#2248,#2056,#2550,.F.);
#1809=EDGE_CURVE('',#1934,#2249,#2551,.T.);
#1810=EDGE_CURVE('',#2249,#2250,#2552,.T.);
#1811=EDGE_CURVE('',#2250,#1935,#2553,.F.);
#1812=EDGE_CURVE('',#1936,#2251,#2554,.T.);
#1813=EDGE_CURVE('',#2251,#2252,#2555,.T.);
#1814=EDGE_CURVE('',#2252,#1930,#2556,.F.);
#1815=EDGE_CURVE('',#1932,#2253,#2557,.T.);
#1816=EDGE_CURVE('',#2253,#2254,#2558,.T.);
#1817=EDGE_CURVE('',#2254,#1933,#2559,.F.);
#1818=EDGE_CURVE('',#1923,#2255,#2560,.T.);
#1819=EDGE_CURVE('',#2256,#2255,#2561,.T.);
#1820=EDGE_CURVE('',#2256,#1922,#2562,.F.);
#1821=EDGE_CURVE('',#1924,#2257,#2563,.T.);
#1822=EDGE_CURVE('',#2258,#2257,#2564,.T.);
#1823=EDGE_CURVE('',#2258,#1925,#2565,.F.);
#1824=EDGE_CURVE('',#1926,#2259,#2566,.T.);
#1825=EDGE_CURVE('',#2260,#2259,#2567,.T.);
#1826=EDGE_CURVE('',#2260,#1927,#2568,.T.);
#1827=EDGE_CURVE('',#1928,#2261,#2569,.F.);
#1828=EDGE_CURVE('',#2262,#2261,#2570,.T.);
#1829=EDGE_CURVE('',#2262,#1929,#2571,.F.);
#1830=EDGE_CURVE('',#2058,#2263,#2572,.T.);
#1831=EDGE_CURVE('',#2264,#2263,#2573,.T.);
#1832=EDGE_CURVE('',#2264,#2057,#2574,.F.);
#1833=EDGE_CURVE('',#2059,#2265,#2575,.T.);
#1834=EDGE_CURVE('',#2266,#2265,#2576,.T.);
#1835=EDGE_CURVE('',#2266,#2060,#2577,.T.);
#1836=EDGE_CURVE('',#2062,#2267,#2578,.F.);
#1837=EDGE_CURVE('',#2268,#2267,#2579,.T.);
#1838=EDGE_CURVE('',#2268,#2063,#2580,.F.);
#1839=EDGE_CURVE('',#2064,#2269,#2581,.T.);
#1840=EDGE_CURVE('',#2065,#2270,#2582,.T.);
#1841=EDGE_CURVE('',#2269,#2270,#2583,.T.);
#1842=EDGE_CURVE('',#2066,#2271,#2584,.T.);
#1843=EDGE_CURVE('',#2272,#2271,#266,.T.);
#1844=EDGE_CURVE('',#2067,#2272,#2585,.T.);
#1845=EDGE_CURVE('',#2273,#2272,#267,.T.);
#1846=EDGE_CURVE('',#2068,#2273,#2586,.T.);
#1847=EDGE_CURVE('',#2274,#2273,#2587,.T.);
#1848=EDGE_CURVE('',#2069,#2274,#2588,.T.);
#1849=EDGE_CURVE('',#2275,#2274,#2589,.T.);
#1850=EDGE_CURVE('',#2275,#2070,#2590,.F.);
#1851=EDGE_CURVE('',#2071,#2276,#2591,.T.);
#1852=EDGE_CURVE('',#2276,#2277,#2592,.T.);
#1853=EDGE_CURVE('',#2277,#2072,#2593,.F.);
#1854=EDGE_CURVE('',#2278,#1931,#2594,.F.);
#1855=EDGE_CURVE('',#2253,#2278,#268,.F.);
#1856=EDGE_CURVE('',#2278,#2252,#269,.F.);
#1857=EDGE_CURVE('',#2251,#2250,#270,.F.);
#1858=EDGE_CURVE('',#2249,#2254,#271,.F.);
#1859=EDGE_CURVE('',#2219,#2226,#272,.F.);
#1860=EDGE_CURVE('',#2221,#2220,#273,.F.);
#1861=EDGE_CURVE('',#2225,#2224,#274,.F.);
#1862=EDGE_CURVE('',#2223,#2222,#275,.F.);
#1863=EDGE_CURVE('',#2186,#2185,#276,.F.);
#1864=EDGE_CURVE('',#2188,#2187,#277,.F.);
#1865=EDGE_CURVE('',#2276,#2275,#278,.F.);
#1866=EDGE_CURVE('',#2270,#2277,#279,.F.);
#1867=EDGE_CURVE('',#2164,#2163,#280,.F.);
#1868=EDGE_CURVE('',#2158,#2165,#281,.F.);
#1869=EDGE_CURVE('',#2162,#2161,#282,.F.);
#1870=EDGE_CURVE('',#2160,#2159,#283,.F.);
#1871=EDGE_CURVE('',#2233,#2232,#284,.F.);
#1872=EDGE_CURVE('',#2227,#2234,#285,.F.);
#1873=EDGE_CURVE('',#2231,#2230,#286,.F.);
#1874=EDGE_CURVE('',#2229,#2228,#287,.F.);
#1875=EDGE_CURVE('',#2263,#2268,#288,.F.);
#1876=EDGE_CURVE('',#2265,#2264,#289,.F.);
#1877=EDGE_CURVE('',#2061,#2279,#2595,.T.);
#1878=EDGE_CURVE('',#2279,#2266,#290,.F.);
#1879=EDGE_CURVE('',#2267,#2279,#291,.F.);
#1880=EDGE_CURVE('',#2280,#2029,#2596,.F.);
#1881=EDGE_CURVE('',#2180,#2280,#292,.F.);
#1882=EDGE_CURVE('',#2280,#2179,#293,.F.);
#1883=EDGE_CURVE('',#2182,#2181,#294,.F.);
#1884=EDGE_CURVE('',#2178,#2183,#295,.F.);
#1885=EDGE_CURVE('',#2281,#1954,#2597,.F.);
#1886=EDGE_CURVE('',#2213,#2281,#296,.F.);
#1887=EDGE_CURVE('',#2281,#2218,#297,.F.);
#1888=EDGE_CURVE('',#2215,#2214,#298,.F.);
#1889=EDGE_CURVE('',#2217,#2216,#299,.F.);
#1890=EDGE_CURVE('',#2237,#2236,#300,.F.);
#1891=EDGE_CURVE('',#2239,#2238,#301,.F.);
#1892=EDGE_CURVE('',#2241,#2240,#302,.F.);
#1893=EDGE_CURVE('',#2255,#2262,#303,.F.);
#1894=EDGE_CURVE('',#2259,#2258,#304,.F.);
#1895=EDGE_CURVE('',#2257,#2256,#305,.F.);
#1896=EDGE_CURVE('',#2247,#2246,#306,.F.);
#1897=EDGE_CURVE('',#2243,#2248,#307,.F.);
#1898=EDGE_CURVE('',#2245,#2244,#308,.F.);
#1899=EDGE_CURVE('',#2205,#2204,#309,.F.);
#1900=EDGE_CURVE('',#2199,#2206,#310,.F.);
#1901=EDGE_CURVE('',#2201,#2200,#311,.F.);
#1902=EDGE_CURVE('',#2209,#2208,#312,.F.);
#1903=EDGE_CURVE('',#2207,#2212,#313,.F.);
#1904=EDGE_CURVE('',#2211,#2210,#314,.F.);
#1905=EDGE_CURVE('',#2172,#2177,#315,.F.);
#1906=EDGE_CURVE('',#2176,#2175,#316,.F.);
#1907=EDGE_CURVE('',#2166,#2171,#317,.F.);
#1908=EDGE_CURVE('',#2170,#2169,#318,.F.);
#1909=EDGE_CURVE('',#2168,#2167,#319,.F.);
#1910=EDGE_CURVE('',#2197,#2196,#320,.F.);
#1911=EDGE_CURVE('',#2129,#2194,#321,.F.);
#1912=EDGE_CURVE('',#2195,#2130,#322,.F.);
#1913=EDGE_CURVE('',#2235,#2242,#323,.F.);
#1914=EDGE_CURVE('',#2261,#2260,#324,.F.);
#1915=EDGE_CURVE('',#2174,#2173,#325,.F.);
#1916=EDGE_CURVE('',#2203,#2202,#326,.F.);
#1917=EDGE_CURVE('',#2193,#2198,#327,.F.);
#1918=EDGE_CURVE('',#2271,#2269,#328,.T.);
#1919=EDGE_CURVE('',#2192,#2184,#329,.T.);
#1920=EDGE_CURVE('',#2282,#2282,#330,.T.);
#1921=EDGE_CURVE('',#2153,#2128,#331,.F.);
#1922=VERTEX_POINT('',#5216);
#1923=VERTEX_POINT('',#5217);
#1924=VERTEX_POINT('',#5219);
#1925=VERTEX_POINT('',#5221);
#1926=VERTEX_POINT('',#5223);
#1927=VERTEX_POINT('',#5225);
#1928=VERTEX_POINT('',#5227);
#1929=VERTEX_POINT('',#5229);
#1930=VERTEX_POINT('',#5232);
#1931=VERTEX_POINT('',#5233);
#1932=VERTEX_POINT('',#5235);
#1933=VERTEX_POINT('',#5237);
#1934=VERTEX_POINT('',#5239);
#1935=VERTEX_POINT('',#5241);
#1936=VERTEX_POINT('',#5243);
#1937=VERTEX_POINT('',#5246);
#1938=VERTEX_POINT('',#5247);
#1939=VERTEX_POINT('',#5249);
#1940=VERTEX_POINT('',#5251);
#1941=VERTEX_POINT('',#5253);
#1942=VERTEX_POINT('',#5255);
#1943=VERTEX_POINT('',#5257);
#1944=VERTEX_POINT('',#5259);
#1945=VERTEX_POINT('',#5262);
#1946=VERTEX_POINT('',#5263);
#1947=VERTEX_POINT('',#5265);
#1948=VERTEX_POINT('',#5267);
#1949=VERTEX_POINT('',#5269);
#1950=VERTEX_POINT('',#5271);
#1951=VERTEX_POINT('',#5273);
#1952=VERTEX_POINT('',#5275);
#1953=VERTEX_POINT('',#5278);
#1954=VERTEX_POINT('',#5279);
#1955=VERTEX_POINT('',#5281);
#1956=VERTEX_POINT('',#5283);
#1957=VERTEX_POINT('',#5285);
#1958=VERTEX_POINT('',#5287);
#1959=VERTEX_POINT('',#5289);
#1960=VERTEX_POINT('',#5292);
#1961=VERTEX_POINT('',#5293);
#1962=VERTEX_POINT('',#5295);
#1963=VERTEX_POINT('',#5297);
#1964=VERTEX_POINT('',#5299);
#1965=VERTEX_POINT('',#5301);
#1966=VERTEX_POINT('',#5304);
#1967=VERTEX_POINT('',#5305);
#1968=VERTEX_POINT('',#5307);
#1969=VERTEX_POINT('',#5309);
#1970=VERTEX_POINT('',#5311);
#1971=VERTEX_POINT('',#5313);
#1972=VERTEX_POINT('',#5315);
#1973=VERTEX_POINT('',#5317);
#1974=VERTEX_POINT('',#5319);
#1975=VERTEX_POINT('',#5322);
#1976=VERTEX_POINT('',#5323);
#1977=VERTEX_POINT('',#5325);
#1978=VERTEX_POINT('',#5327);
#1979=VERTEX_POINT('',#5329);
#1980=VERTEX_POINT('',#5331);
#1981=VERTEX_POINT('',#5334);
#1982=VERTEX_POINT('',#5335);
#1983=VERTEX_POINT('',#5337);
#1984=VERTEX_POINT('',#5339);
#1985=VERTEX_POINT('',#5341);
#1986=VERTEX_POINT('',#5343);
#1987=VERTEX_POINT('',#5345);
#1988=VERTEX_POINT('',#5347);
#1989=VERTEX_POINT('',#5350);
#1990=VERTEX_POINT('',#5352);
#1991=VERTEX_POINT('',#5354);
#1992=VERTEX_POINT('',#5355);
#1993=VERTEX_POINT('',#5357);
#1994=VERTEX_POINT('',#5359);
#1995=VERTEX_POINT('',#5361);
#1996=VERTEX_POINT('',#5363);
#1997=VERTEX_POINT('',#5365);
#1998=VERTEX_POINT('',#5367);
#1999=VERTEX_POINT('',#5369);
#2000=VERTEX_POINT('',#5371);
#2001=VERTEX_POINT('',#5374);
#2002=VERTEX_POINT('',#5376);
#2003=VERTEX_POINT('',#5377);
#2004=VERTEX_POINT('',#5379);
#2005=VERTEX_POINT('',#5381);
#2006=VERTEX_POINT('',#5383);
#2007=VERTEX_POINT('',#5385);
#2008=VERTEX_POINT('',#5387);
#2009=VERTEX_POINT('',#5389);
#2010=VERTEX_POINT('',#5391);
#2011=VERTEX_POINT('',#5393);
#2012=VERTEX_POINT('',#5396);
#2013=VERTEX_POINT('',#5397);
#2014=VERTEX_POINT('',#5399);
#2015=VERTEX_POINT('',#5401);
#2016=VERTEX_POINT('',#5403);
#2017=VERTEX_POINT('',#5405);
#2018=VERTEX_POINT('',#5407);
#2019=VERTEX_POINT('',#5409);
#2020=VERTEX_POINT('',#5412);
#2021=VERTEX_POINT('',#5414);
#2022=VERTEX_POINT('',#5416);
#2023=VERTEX_POINT('',#5417);
#2024=VERTEX_POINT('',#5419);
#2025=VERTEX_POINT('',#5421);
#2026=VERTEX_POINT('',#5423);
#2027=VERTEX_POINT('',#5425);
#2028=VERTEX_POINT('',#5428);
#2029=VERTEX_POINT('',#5429);
#2030=VERTEX_POINT('',#5431);
#2031=VERTEX_POINT('',#5433);
#2032=VERTEX_POINT('',#5435);
#2033=VERTEX_POINT('',#5437);
#2034=VERTEX_POINT('',#5439);
#2035=VERTEX_POINT('',#5442);
#2036=VERTEX_POINT('',#5443);
#2037=VERTEX_POINT('',#5445);
#2038=VERTEX_POINT('',#5447);
#2039=VERTEX_POINT('',#5449);
#2040=VERTEX_POINT('',#5451);
#2041=VERTEX_POINT('',#5453);
#2042=VERTEX_POINT('',#5455);
#2043=VERTEX_POINT('',#5458);
#2044=VERTEX_POINT('',#5459);
#2045=VERTEX_POINT('',#5461);
#2046=VERTEX_POINT('',#5463);
#2047=VERTEX_POINT('',#5465);
#2048=VERTEX_POINT('',#5467);
#2049=VERTEX_POINT('',#5469);
#2050=VERTEX_POINT('',#5471);
#2051=VERTEX_POINT('',#5474);
#2052=VERTEX_POINT('',#5475);
#2053=VERTEX_POINT('',#5477);
#2054=VERTEX_POINT('',#5479);
#2055=VERTEX_POINT('',#5481);
#2056=VERTEX_POINT('',#5483);
#2057=VERTEX_POINT('',#5486);
#2058=VERTEX_POINT('',#5487);
#2059=VERTEX_POINT('',#5489);
#2060=VERTEX_POINT('',#5491);
#2061=VERTEX_POINT('',#5493);
#2062=VERTEX_POINT('',#5495);
#2063=VERTEX_POINT('',#5497);
#2064=VERTEX_POINT('',#5500);
#2065=VERTEX_POINT('',#5501);
#2066=VERTEX_POINT('',#5503);
#2067=VERTEX_POINT('',#5505);
#2068=VERTEX_POINT('',#5507);
#2069=VERTEX_POINT('',#5509);
#2070=VERTEX_POINT('',#5511);
#2071=VERTEX_POINT('',#5513);
#2072=VERTEX_POINT('',#5515);
#2073=VERTEX_POINT('',#5518);
#2074=VERTEX_POINT('',#5520);
#2075=VERTEX_POINT('',#5521);
#2076=VERTEX_POINT('',#5523);
#2077=VERTEX_POINT('',#5525);
#2078=VERTEX_POINT('',#5527);
#2079=VERTEX_POINT('',#5529);
#2080=VERTEX_POINT('',#5531);
#2081=VERTEX_POINT('',#5533);
#2082=VERTEX_POINT('',#5535);
#2083=VERTEX_POINT('',#5537);
#2084=VERTEX_POINT('',#5539);
#2085=VERTEX_POINT('',#5541);
#2086=VERTEX_POINT('',#5543);
#2087=VERTEX_POINT('',#5545);
#2088=VERTEX_POINT('',#5547);
#2089=VERTEX_POINT('',#5549);
#2090=VERTEX_POINT('',#5551);
#2091=VERTEX_POINT('',#5553);
#2092=VERTEX_POINT('',#5555);
#2093=VERTEX_POINT('',#5557);
#2094=VERTEX_POINT('',#5559);
#2095=VERTEX_POINT('',#5561);
#2096=VERTEX_POINT('',#5563);
#2097=VERTEX_POINT('',#5567);
#2098=VERTEX_POINT('',#5569);
#2099=VERTEX_POINT('',#5572);
#2100=VERTEX_POINT('',#5574);
#2101=VERTEX_POINT('',#5578);
#2102=VERTEX_POINT('',#5582);
#2103=VERTEX_POINT('',#5586);
#2104=VERTEX_POINT('',#5590);
#2105=VERTEX_POINT('',#5594);
#2106=VERTEX_POINT('',#5598);
#2107=VERTEX_POINT('',#5602);
#2108=VERTEX_POINT('',#5604);
#2109=VERTEX_POINT('',#5608);
#2110=VERTEX_POINT('',#5612);
#2111=VERTEX_POINT('',#5616);
#2112=VERTEX_POINT('',#5620);
#2113=VERTEX_POINT('',#5624);
#2114=VERTEX_POINT('',#5628);
#2115=VERTEX_POINT('',#5632);
#2116=VERTEX_POINT('',#5636);
#2117=VERTEX_POINT('',#5640);
#2118=VERTEX_POINT('',#5642);
#2119=VERTEX_POINT('',#5646);
#2120=VERTEX_POINT('',#5650);
#2121=VERTEX_POINT('',#5654);
#2122=VERTEX_POINT('',#5658);
#2123=VERTEX_POINT('',#5662);
#2124=VERTEX_POINT('',#5666);
#2125=VERTEX_POINT('',#5670);
#2126=VERTEX_POINT('',#5674);
#2127=VERTEX_POINT('',#5678);
#2128=VERTEX_POINT('',#5679);
#2129=VERTEX_POINT('',#5684);
#2130=VERTEX_POINT('',#5686);
#2131=VERTEX_POINT('',#5689);
#2132=VERTEX_POINT('',#5692);
#2133=VERTEX_POINT('',#5695);
#2134=VERTEX_POINT('',#5699);
#2135=VERTEX_POINT('',#5702);
#2136=VERTEX_POINT('',#5705);
#2137=VERTEX_POINT('',#5709);
#2138=VERTEX_POINT('',#5713);
#2139=VERTEX_POINT('',#5717);
#2140=VERTEX_POINT('',#5721);
#2141=VERTEX_POINT('',#5725);
#2142=VERTEX_POINT('',#5729);
#2143=VERTEX_POINT('',#5732);
#2144=VERTEX_POINT('',#5735);
#2145=VERTEX_POINT('',#5739);
#2146=VERTEX_POINT('',#5743);
#2147=VERTEX_POINT('',#5746);
#2148=VERTEX_POINT('',#5753);
#2149=VERTEX_POINT('',#5758);
#2150=VERTEX_POINT('',#5760);
#2151=VERTEX_POINT('',#5763);
#2152=VERTEX_POINT('',#5766);
#2153=VERTEX_POINT('',#5769);
#2154=VERTEX_POINT('',#5773);
#2155=VERTEX_POINT('',#5775);
#2156=VERTEX_POINT('',#5778);
#2157=VERTEX_POINT('',#5780);
#2158=VERTEX_POINT('',#5783);
#2159=VERTEX_POINT('',#5785);
#2160=VERTEX_POINT('',#5789);
#2161=VERTEX_POINT('',#5791);
#2162=VERTEX_POINT('',#5795);
#2163=VERTEX_POINT('',#5797);
#2164=VERTEX_POINT('',#5801);
#2165=VERTEX_POINT('',#5803);
#2166=VERTEX_POINT('',#5807);
#2167=VERTEX_POINT('',#5809);
#2168=VERTEX_POINT('',#5813);
#2169=VERTEX_POINT('',#5815);
#2170=VERTEX_POINT('',#5819);
#2171=VERTEX_POINT('',#5821);
#2172=VERTEX_POINT('',#5825);
#2173=VERTEX_POINT('',#5827);
#2174=VERTEX_POINT('',#5831);
#2175=VERTEX_POINT('',#5833);
#2176=VERTEX_POINT('',#5837);
#2177=VERTEX_POINT('',#5839);
#2178=VERTEX_POINT('',#5843);
#2179=VERTEX_POINT('',#5845);
#2180=VERTEX_POINT('',#5849);
#2181=VERTEX_POINT('',#5851);
#2182=VERTEX_POINT('',#5855);
#2183=VERTEX_POINT('',#5857);
#2184=VERTEX_POINT('',#5861);
#2185=VERTEX_POINT('',#5863);
#2186=VERTEX_POINT('',#5867);
#2187=VERTEX_POINT('',#5869);
#2188=VERTEX_POINT('',#5873);
#2189=VERTEX_POINT('',#5875);
#2190=VERTEX_POINT('',#5879);
#2191=VERTEX_POINT('',#5883);
#2192=VERTEX_POINT('',#5887);
#2193=VERTEX_POINT('',#5891);
#2194=VERTEX_POINT('',#5893);
#2195=VERTEX_POINT('',#5897);
#2196=VERTEX_POINT('',#5899);
#2197=VERTEX_POINT('',#5903);
#2198=VERTEX_POINT('',#5905);
#2199=VERTEX_POINT('',#5909);
#2200=VERTEX_POINT('',#5911);
#2201=VERTEX_POINT('',#5915);
#2202=VERTEX_POINT('',#5917);
#2203=VERTEX_POINT('',#5921);
#2204=VERTEX_POINT('',#5923);
#2205=VERTEX_POINT('',#5927);
#2206=VERTEX_POINT('',#5929);
#2207=VERTEX_POINT('',#5933);
#2208=VERTEX_POINT('',#5935);
#2209=VERTEX_POINT('',#5939);
#2210=VERTEX_POINT('',#5941);
#2211=VERTEX_POINT('',#5945);
#2212=VERTEX_POINT('',#5947);
#2213=VERTEX_POINT('',#5951);
#2214=VERTEX_POINT('',#5953);
#2215=VERTEX_POINT('',#5957);
#2216=VERTEX_POINT('',#5959);
#2217=VERTEX_POINT('',#5963);
#2218=VERTEX_POINT('',#5965);
#2219=VERTEX_POINT('',#5969);
#2220=VERTEX_POINT('',#5971);
#2221=VERTEX_POINT('',#5975);
#2222=VERTEX_POINT('',#5977);
#2223=VERTEX_POINT('',#5981);
#2224=VERTEX_POINT('',#5983);
#2225=VERTEX_POINT('',#5987);
#2226=VERTEX_POINT('',#5989);
#2227=VERTEX_POINT('',#5993);
#2228=VERTEX_POINT('',#5995);
#2229=VERTEX_POINT('',#5999);
#2230=VERTEX_POINT('',#6001);
#2231=VERTEX_POINT('',#6005);
#2232=VERTEX_POINT('',#6007);
#2233=VERTEX_POINT('',#6011);
#2234=VERTEX_POINT('',#6013);
#2235=VERTEX_POINT('',#6017);
#2236=VERTEX_POINT('',#6019);
#2237=VERTEX_POINT('',#6023);
#2238=VERTEX_POINT('',#6025);
#2239=VERTEX_POINT('',#6029);
#2240=VERTEX_POINT('',#6031);
#2241=VERTEX_POINT('',#6035);
#2242=VERTEX_POINT('',#6037);
#2243=VERTEX_POINT('',#6041);
#2244=VERTEX_POINT('',#6043);
#2245=VERTEX_POINT('',#6047);
#2246=VERTEX_POINT('',#6049);
#2247=VERTEX_POINT('',#6053);
#2248=VERTEX_POINT('',#6055);
#2249=VERTEX_POINT('',#6059);
#2250=VERTEX_POINT('',#6061);
#2251=VERTEX_POINT('',#6065);
#2252=VERTEX_POINT('',#6067);
#2253=VERTEX_POINT('',#6071);
#2254=VERTEX_POINT('',#6073);
#2255=VERTEX_POINT('',#6077);
#2256=VERTEX_POINT('',#6079);
#2257=VERTEX_POINT('',#6083);
#2258=VERTEX_POINT('',#6085);
#2259=VERTEX_POINT('',#6089);
#2260=VERTEX_POINT('',#6091);
#2261=VERTEX_POINT('',#6095);
#2262=VERTEX_POINT('',#6097);
#2263=VERTEX_POINT('',#6101);
#2264=VERTEX_POINT('',#6103);
#2265=VERTEX_POINT('',#6107);
#2266=VERTEX_POINT('',#6109);
#2267=VERTEX_POINT('',#6113);
#2268=VERTEX_POINT('',#6115);
#2269=VERTEX_POINT('',#6119);
#2270=VERTEX_POINT('',#6121);
#2271=VERTEX_POINT('',#6125);
#2272=VERTEX_POINT('',#6127);
#2273=VERTEX_POINT('',#6131);
#2274=VERTEX_POINT('',#6135);
#2275=VERTEX_POINT('',#6139);
#2276=VERTEX_POINT('',#6143);
#2277=VERTEX_POINT('',#6145);
#2278=VERTEX_POINT('',#6149);
#2279=VERTEX_POINT('',#6195);
#2280=VERTEX_POINT('',#6201);
#2281=VERTEX_POINT('',#6211);
#2282=VERTEX_POINT('',#6281);
#2283=LINE('',#5215,#2598);
#2284=LINE('',#5220,#2599);
#2285=LINE('',#5224,#2600);
#2286=LINE('',#5228,#2601);
#2287=LINE('',#5236,#2602);
#2288=LINE('',#5240,#2603);
#2289=LINE('',#5244,#2604);
#2290=LINE('',#5245,#2605);
#2291=LINE('',#5250,#2606);
#2292=LINE('',#5254,#2607);
#2293=LINE('',#5258,#2608);
#2294=LINE('',#5266,#2609);
#2295=LINE('',#5270,#2610);
#2296=LINE('',#5274,#2611);
#2297=LINE('',#5282,#2612);
#2298=LINE('',#5286,#2613);
#2299=LINE('',#5290,#2614);
#2300=LINE('',#5291,#2615);
#2301=LINE('',#5296,#2616);
#2302=LINE('',#5300,#2617);
#2303=LINE('',#5308,#2618);
#2304=LINE('',#5312,#2619);
#2305=LINE('',#5316,#2620);
#2306=LINE('',#5318,#2621);
#2307=LINE('',#5321,#2622);
#2308=LINE('',#5326,#2623);
#2309=LINE('',#5330,#2624);
#2310=LINE('',#5333,#2625);
#2311=LINE('',#5342,#2626);
#2312=LINE('',#5346,#2627);
#2313=LINE('',#5356,#2628);
#2314=LINE('',#5360,#2629);
#2315=LINE('',#5368,#2630);
#2316=LINE('',#5378,#2631);
#2317=LINE('',#5386,#2632);
#2318=LINE('',#5390,#2633);
#2319=LINE('',#5398,#2634);
#2320=LINE('',#5402,#2635);
#2321=LINE('',#5406,#2636);
#2322=LINE('',#5410,#2637);
#2323=LINE('',#5415,#2638);
#2324=LINE('',#5420,#2639);
#2325=LINE('',#5424,#2640);
#2326=LINE('',#5432,#2641);
#2327=LINE('',#5436,#2642);
#2328=LINE('',#5440,#2643);
#2329=LINE('',#5446,#2644);
#2330=LINE('',#5450,#2645);
#2331=LINE('',#5454,#2646);
#2332=LINE('',#5457,#2647);
#2333=LINE('',#5462,#2648);
#2334=LINE('',#5470,#2649);
#2335=LINE('',#5473,#2650);
#2336=LINE('',#5478,#2651);
#2337=LINE('',#5482,#2652);
#2338=LINE('',#5485,#2653);
#2339=LINE('',#5490,#2654);
#2340=LINE('',#5496,#2655);
#2341=LINE('',#5499,#2656);
#2342=LINE('',#5508,#2657);
#2343=LINE('',#5510,#2658);
#2344=LINE('',#5514,#2659);
#2345=LINE('',#5519,#2660);
#2346=LINE('',#5524,#2661);
#2347=LINE('',#5530,#2662);
#2348=LINE('',#5534,#2663);
#2349=LINE('',#5538,#2664);
#2350=LINE('',#5544,#2665);
#2351=LINE('',#5548,#2666);
#2352=LINE('',#5552,#2667);
#2353=LINE('',#5556,#2668);
#2354=LINE('',#5560,#2669);
#2355=LINE('',#5562,#2670);
#2356=LINE('',#5571,#2671);
#2357=LINE('',#5575,#2672);
#2358=LINE('',#5577,#2673);
#2359=LINE('',#5579,#2674);
#2360=LINE('',#5581,#2675);
#2361=LINE('',#5585,#2676);
#2362=LINE('',#5587,#2677);
#2363=LINE('',#5589,#2678);
#2364=LINE('',#5593,#2679);
#2365=LINE('',#5595,#2680);
#2366=LINE('',#5597,#2681);
#2367=LINE('',#5601,#2682);
#2368=LINE('',#5605,#2683);
#2369=LINE('',#5607,#2684);
#2370=LINE('',#5611,#2685);
#2371=LINE('',#5615,#2686);
#2372=LINE('',#5617,#2687);
#2373=LINE('',#5619,#2688);
#2374=LINE('',#5623,#2689);
#2375=LINE('',#5625,#2690);
#2376=LINE('',#5627,#2691);
#2377=LINE('',#5631,#2692);
#2378=LINE('',#5635,#2693);
#2379=LINE('',#5639,#2694);
#2380=LINE('',#5643,#2695);
#2381=LINE('',#5645,#2696);
#2382=LINE('',#5649,#2697);
#2383=LINE('',#5653,#2698);
#2384=LINE('',#5655,#2699);
#2385=LINE('',#5657,#2700);
#2386=LINE('',#5661,#2701);
#2387=LINE('',#5665,#2702);
#2388=LINE('',#5669,#2703);
#2389=LINE('',#5671,#2704);
#2390=LINE('',#5673,#2705);
#2391=LINE('',#5677,#2706);
#2392=LINE('',#5680,#2707);
#2393=LINE('',#5681,#2708);
#2394=LINE('',#5683,#2709);
#2395=LINE('',#5687,#2710);
#2396=LINE('',#5688,#2711);
#2397=LINE('',#5694,#2712);
#2398=LINE('',#5696,#2713);
#2399=LINE('',#5698,#2714);
#2400=LINE('',#5704,#2715);
#2401=LINE('',#5706,#2716);
#2402=LINE('',#5708,#2717);
#2403=LINE('',#5712,#2718);
#2404=LINE('',#5714,#2719);
#2405=LINE('',#5716,#2720);
#2406=LINE('',#5718,#2721);
#2407=LINE('',#5720,#2722);
#2408=LINE('',#5724,#2723);
#2409=LINE('',#5726,#2724);
#2410=LINE('',#5728,#2725);
#2411=LINE('',#5734,#2726);
#2412=LINE('',#5736,#2727);
#2413=LINE('',#5738,#2728);
#2414=LINE('',#5748,#2729);
#2415=LINE('',#5750,#2730);
#2416=LINE('',#5755,#2731);
#2417=LINE('',#5768,#2732);
#2418=LINE('',#5770,#2733);
#2419=LINE('',#5782,#2734);
#2420=LINE('',#5784,#2735);
#2421=LINE('',#5786,#2736);
#2422=LINE('',#5788,#2737);
#2423=LINE('',#5792,#2738);
#2424=LINE('',#5794,#2739);
#2425=LINE('',#5796,#2740);
#2426=LINE('',#5798,#2741);
#2427=LINE('',#5800,#2742);
#2428=LINE('',#5802,#2743);
#2429=LINE('',#5804,#2744);
#2430=LINE('',#5806,#2745);
#2431=LINE('',#5808,#2746);
#2432=LINE('',#5810,#2747);
#2433=LINE('',#5812,#2748);
#2434=LINE('',#5814,#2749);
#2435=LINE('',#5816,#2750);
#2436=LINE('',#5818,#2751);
#2437=LINE('',#5820,#2752);
#2438=LINE('',#5822,#2753);
#2439=LINE('',#5824,#2754);
#2440=LINE('',#5826,#2755);
#2441=LINE('',#5828,#2756);
#2442=LINE('',#5830,#2757);
#2443=LINE('',#5832,#2758);
#2444=LINE('',#5834,#2759);
#2445=LINE('',#5836,#2760);
#2446=LINE('',#5838,#2761);
#2447=LINE('',#5840,#2762);
#2448=LINE('',#5842,#2763);
#2449=LINE('',#5844,#2764);
#2450=LINE('',#5846,#2765);
#2451=LINE('',#5848,#2766);
#2452=LINE('',#5850,#2767);
#2453=LINE('',#5852,#2768);
#2454=LINE('',#5854,#2769);
#2455=LINE('',#5856,#2770);
#2456=LINE('',#5858,#2771);
#2457=LINE('',#5860,#2772);
#2458=LINE('',#5862,#2773);
#2459=LINE('',#5864,#2774);
#2460=LINE('',#5866,#2775);
#2461=LINE('',#5868,#2776);
#2462=LINE('',#5870,#2777);
#2463=LINE('',#5872,#2778);
#2464=LINE('',#5874,#2779);
#2465=LINE('',#5876,#2780);
#2466=LINE('',#5878,#2781);
#2467=LINE('',#5880,#2782);
#2468=LINE('',#5884,#2783);
#2469=LINE('',#5888,#2784);
#2470=LINE('',#5890,#2785);
#2471=LINE('',#5892,#2786);
#2472=LINE('',#5894,#2787);
#2473=LINE('',#5896,#2788);
#2474=LINE('',#5898,#2789);
#2475=LINE('',#5900,#2790);
#2476=LINE('',#5902,#2791);
#2477=LINE('',#5904,#2792);
#2478=LINE('',#5906,#2793);
#2479=LINE('',#5908,#2794);
#2480=LINE('',#5912,#2795);
#2481=LINE('',#5914,#2796);
#2482=LINE('',#5916,#2797);
#2483=LINE('',#5918,#2798);
#2484=LINE('',#5920,#2799);
#2485=LINE('',#5922,#2800);
#2486=LINE('',#5924,#2801);
#2487=LINE('',#5926,#2802);
#2488=LINE('',#5928,#2803);
#2489=LINE('',#5930,#2804);
#2490=LINE('',#5932,#2805);
#2491=LINE('',#5934,#2806);
#2492=LINE('',#5936,#2807);
#2493=LINE('',#5938,#2808);
#2494=LINE('',#5940,#2809);
#2495=LINE('',#5942,#2810);
#2496=LINE('',#5944,#2811);
#2497=LINE('',#5946,#2812);
#2498=LINE('',#5948,#2813);
#2499=LINE('',#5950,#2814);
#2500=LINE('',#5952,#2815);
#2501=LINE('',#5954,#2816);
#2502=LINE('',#5956,#2817);
#2503=LINE('',#5958,#2818);
#2504=LINE('',#5960,#2819);
#2505=LINE('',#5962,#2820);
#2506=LINE('',#5964,#2821);
#2507=LINE('',#5966,#2822);
#2508=LINE('',#5968,#2823);
#2509=LINE('',#5970,#2824);
#2510=LINE('',#5972,#2825);
#2511=LINE('',#5974,#2826);
#2512=LINE('',#5976,#2827);
#2513=LINE('',#5978,#2828);
#2514=LINE('',#5980,#2829);
#2515=LINE('',#5984,#2830);
#2516=LINE('',#5986,#2831);
#2517=LINE('',#5988,#2832);
#2518=LINE('',#5990,#2833);
#2519=LINE('',#5992,#2834);
#2520=LINE('',#5994,#2835);
#2521=LINE('',#5996,#2836);
#2522=LINE('',#5998,#2837);
#2523=LINE('',#6000,#2838);
#2524=LINE('',#6002,#2839);
#2525=LINE('',#6004,#2840);
#2526=LINE('',#6006,#2841);
#2527=LINE('',#6008,#2842);
#2528=LINE('',#6010,#2843);
#2529=LINE('',#6014,#2844);
#2530=LINE('',#6016,#2845);
#2531=LINE('',#6018,#2846);
#2532=LINE('',#6020,#2847);
#2533=LINE('',#6022,#2848);
#2534=LINE('',#6024,#2849);
#2535=LINE('',#6026,#2850);
#2536=LINE('',#6028,#2851);
#2537=LINE('',#6030,#2852);
#2538=LINE('',#6032,#2853);
#2539=LINE('',#6034,#2854);
#2540=LINE('',#6036,#2855);
#2541=LINE('',#6038,#2856);
#2542=LINE('',#6040,#2857);
#2543=LINE('',#6042,#2858);
#2544=LINE('',#6044,#2859);
#2545=LINE('',#6046,#2860);
#2546=LINE('',#6048,#2861);
#2547=LINE('',#6050,#2862);
#2548=LINE('',#6052,#2863);
#2549=LINE('',#6054,#2864);
#2550=LINE('',#6056,#2865);
#2551=LINE('',#6058,#2866);
#2552=LINE('',#6060,#2867);
#2553=LINE('',#6062,#2868);
#2554=LINE('',#6064,#2869);
#2555=LINE('',#6066,#2870);
#2556=LINE('',#6068,#2871);
#2557=LINE('',#6070,#2872);
#2558=LINE('',#6072,#2873);
#2559=LINE('',#6074,#2874);
#2560=LINE('',#6076,#2875);
#2561=LINE('',#6078,#2876);
#2562=LINE('',#6080,#2877);
#2563=LINE('',#6082,#2878);
#2564=LINE('',#6084,#2879);
#2565=LINE('',#6086,#2880);
#2566=LINE('',#6088,#2881);
#2567=LINE('',#6090,#2882);
#2568=LINE('',#6092,#2883);
#2569=LINE('',#6094,#2884);
#2570=LINE('',#6096,#2885);
#2571=LINE('',#6098,#2886);
#2572=LINE('',#6100,#2887);
#2573=LINE('',#6102,#2888);
#2574=LINE('',#6104,#2889);
#2575=LINE('',#6106,#2890);
#2576=LINE('',#6108,#2891);
#2577=LINE('',#6110,#2892);
#2578=LINE('',#6112,#2893);
#2579=LINE('',#6114,#2894);
#2580=LINE('',#6116,#2895);
#2581=LINE('',#6118,#2896);
#2582=LINE('',#6120,#2897);
#2583=LINE('',#6122,#2898);
#2584=LINE('',#6124,#2899);
#2585=LINE('',#6128,#2900);
#2586=LINE('',#6132,#2901);
#2587=LINE('',#6134,#2902);
#2588=LINE('',#6136,#2903);
#2589=LINE('',#6138,#2904);
#2590=LINE('',#6140,#2905);
#2591=LINE('',#6142,#2906);
#2592=LINE('',#6144,#2907);
#2593=LINE('',#6146,#2908);
#2594=LINE('',#6148,#2909);
#2595=LINE('',#6194,#2910);
#2596=LINE('',#6200,#2911);
#2597=LINE('',#6210,#2912);
#2598=VECTOR('',#4102,1.);
#2599=VECTOR('',#4105,1.);
#2600=VECTOR('',#4108,1.);
#2601=VECTOR('',#4111,1.);
#2602=VECTOR('',#4118,1.);
#2603=VECTOR('',#4121,1.);
#2604=VECTOR('',#4124,1.);
#2605=VECTOR('',#4125,1.);
#2606=VECTOR('',#4128,1.);
#2607=VECTOR('',#4131,1.);
#2608=VECTOR('',#4134,1.);
#2609=VECTOR('',#4141,1.);
#2610=VECTOR('',#4144,1.);
#2611=VECTOR('',#4147,1.);
#2612=VECTOR('',#4154,1.);
#2613=VECTOR('',#4157,1.);
#2614=VECTOR('',#4160,1.);
#2615=VECTOR('',#4161,1.);
#2616=VECTOR('',#4164,1.);
#2617=VECTOR('',#4167,1.);
#2618=VECTOR('',#4174,1.);
#2619=VECTOR('',#4177,1.);
#2620=VECTOR('',#4180,1.);
#2621=VECTOR('',#4181,1.);
#2622=VECTOR('',#4184,1.);
#2623=VECTOR('',#4187,1.);
#2624=VECTOR('',#4190,1.);
#2625=VECTOR('',#4193,1.);
#2626=VECTOR('',#4200,1.);
#2627=VECTOR('',#4203,1.);
#2628=VECTOR('',#4212,1.);
#2629=VECTOR('',#4215,1.);
#2630=VECTOR('',#4222,1.);
#2631=VECTOR('',#4231,1.);
#2632=VECTOR('',#4238,1.);
#2633=VECTOR('',#4241,1.);
#2634=VECTOR('',#4248,1.);
#2635=VECTOR('',#4251,1.);
#2636=VECTOR('',#4254,1.);
#2637=VECTOR('',#4257,1.);
#2638=VECTOR('',#4262,1.);
#2639=VECTOR('',#4265,1.);
#2640=VECTOR('',#4268,1.);
#2641=VECTOR('',#4275,1.);
#2642=VECTOR('',#4278,1.);
#2643=VECTOR('',#4281,1.);
#2644=VECTOR('',#4286,1.);
#2645=VECTOR('',#4289,1.);
#2646=VECTOR('',#4292,1.);
#2647=VECTOR('',#4295,1.);
#2648=VECTOR('',#4298,1.);
#2649=VECTOR('',#4305,1.);
#2650=VECTOR('',#4308,1.);
#2651=VECTOR('',#4311,1.);
#2652=VECTOR('',#4314,1.);
#2653=VECTOR('',#4317,1.);
#2654=VECTOR('',#4320,1.);
#2655=VECTOR('',#4325,1.);
#2656=VECTOR('',#4328,1.);
#2657=VECTOR('',#4335,1.);
#2658=VECTOR('',#4336,1.);
#2659=VECTOR('',#4339,1.);
#2660=VECTOR('',#4344,1.);
#2661=VECTOR('',#4347,1.);
#2662=VECTOR('',#4352,1.);
#2663=VECTOR('',#4355,1.);
#2664=VECTOR('',#4358,1.);
#2665=VECTOR('',#4363,1.);
#2666=VECTOR('',#4366,1.);
#2667=VECTOR('',#4369,1.);
#2668=VECTOR('',#4372,1.);
#2669=VECTOR('',#4375,1.);
#2670=VECTOR('',#4376,1.);
#2671=VECTOR('',#4387,1.);
#2672=VECTOR('',#4390,1.);
#2673=VECTOR('',#4393,1.);
#2674=VECTOR('',#4394,1.);
#2675=VECTOR('',#4397,1.);
#2676=VECTOR('',#4402,1.);
#2677=VECTOR('',#4403,1.);
#2678=VECTOR('',#4406,1.);
#2679=VECTOR('',#4411,1.);
#2680=VECTOR('',#4412,1.);
#2681=VECTOR('',#4415,1.);
#2682=VECTOR('',#4420,1.);
#2683=VECTOR('',#4423,1.);
#2684=VECTOR('',#4426,1.);
#2685=VECTOR('',#4431,1.);
#2686=VECTOR('',#4436,1.);
#2687=VECTOR('',#4437,1.);
#2688=VECTOR('',#4440,1.);
#2689=VECTOR('',#4445,1.);
#2690=VECTOR('',#4446,1.);
#2691=VECTOR('',#4449,1.);
#2692=VECTOR('',#4454,1.);
#2693=VECTOR('',#4459,1.);
#2694=VECTOR('',#4464,1.);
#2695=VECTOR('',#4467,1.);
#2696=VECTOR('',#4470,1.);
#2697=VECTOR('',#4475,1.);
#2698=VECTOR('',#4480,1.);
#2699=VECTOR('',#4481,1.);
#2700=VECTOR('',#4484,1.);
#2701=VECTOR('',#4489,1.);
#2702=VECTOR('',#4494,1.);
#2703=VECTOR('',#4499,1.);
#2704=VECTOR('',#4500,1.);
#2705=VECTOR('',#4503,1.);
#2706=VECTOR('',#4508,1.);
#2707=VECTOR('',#4509,1.);
#2708=VECTOR('',#4510,1.);
#2709=VECTOR('',#4513,1.);
#2710=VECTOR('',#4516,1.);
#2711=VECTOR('',#4517,1.);
#2712=VECTOR('',#4524,1.);
#2713=VECTOR('',#4525,1.);
#2714=VECTOR('',#4528,1.);
#2715=VECTOR('',#4535,1.);
#2716=VECTOR('',#4536,1.);
#2717=VECTOR('',#4539,1.);
#2718=VECTOR('',#4544,1.);
#2719=VECTOR('',#4545,1.);
#2720=VECTOR('',#4548,1.);
#2721=VECTOR('',#4549,1.);
#2722=VECTOR('',#4552,1.);
#2723=VECTOR('',#4557,1.);
#2724=VECTOR('',#4558,1.);
#2725=VECTOR('',#4561,1.);
#2726=VECTOR('',#4568,1.);
#2727=VECTOR('',#4569,1.);
#2728=VECTOR('',#4572,1.);
#2729=VECTOR('',#4585,1.);
#2730=VECTOR('',#4588,1.);
#2731=VECTOR('',#4595,1.);
#2732=VECTOR('',#4612,1.);
#2733=VECTOR('',#4613,1.);
#2734=VECTOR('',#4628,1.);
#2735=VECTOR('',#4629,1.);
#2736=VECTOR('',#4630,1.);
#2737=VECTOR('',#4633,1.);
#2738=VECTOR('',#4636,1.);
#2739=VECTOR('',#4639,1.);
#2740=VECTOR('',#4640,1.);
#2741=VECTOR('',#4641,1.);
#2742=VECTOR('',#4644,1.);
#2743=VECTOR('',#4645,1.);
#2744=VECTOR('',#4646,1.);
#2745=VECTOR('',#4649,1.);
#2746=VECTOR('',#4650,1.);
#2747=VECTOR('',#4651,1.);
#2748=VECTOR('',#4654,1.);
#2749=VECTOR('',#4655,1.);
#2750=VECTOR('',#4656,1.);
#2751=VECTOR('',#4659,1.);
#2752=VECTOR('',#4660,1.);
#2753=VECTOR('',#4661,1.);
#2754=VECTOR('',#4664,1.);
#2755=VECTOR('',#4665,1.);
#2756=VECTOR('',#4666,1.);
#2757=VECTOR('',#4669,1.);
#2758=VECTOR('',#4670,1.);
#2759=VECTOR('',#4671,1.);
#2760=VECTOR('',#4674,1.);
#2761=VECTOR('',#4675,1.);
#2762=VECTOR('',#4676,1.);
#2763=VECTOR('',#4679,1.);
#2764=VECTOR('',#4680,1.);
#2765=VECTOR('',#4681,1.);
#2766=VECTOR('',#4684,1.);
#2767=VECTOR('',#4685,1.);
#2768=VECTOR('',#4686,1.);
#2769=VECTOR('',#4689,1.);
#2770=VECTOR('',#4690,1.);
#2771=VECTOR('',#4691,1.);
#2772=VECTOR('',#4694,1.);
#2773=VECTOR('',#4695,1.);
#2774=VECTOR('',#4696,1.);
#2775=VECTOR('',#4699,1.);
#2776=VECTOR('',#4700,1.);
#2777=VECTOR('',#4701,1.);
#2778=VECTOR('',#4704,1.);
#2779=VECTOR('',#4705,1.);
#2780=VECTOR('',#4706,1.);
#2781=VECTOR('',#4709,1.);
#2782=VECTOR('',#4710,1.);
#2783=VECTOR('',#4715,1.);
#2784=VECTOR('',#4720,1.);
#2785=VECTOR('',#4723,1.);
#2786=VECTOR('',#4724,1.);
#2787=VECTOR('',#4725,1.);
#2788=VECTOR('',#4728,1.);
#2789=VECTOR('',#4729,1.);
#2790=VECTOR('',#4730,1.);
#2791=VECTOR('',#4733,1.);
#2792=VECTOR('',#4734,1.);
#2793=VECTOR('',#4735,1.);
#2794=VECTOR('',#4738,1.);
#2795=VECTOR('',#4741,1.);
#2796=VECTOR('',#4744,1.);
#2797=VECTOR('',#4745,1.);
#2798=VECTOR('',#4746,1.);
#2799=VECTOR('',#4749,1.);
#2800=VECTOR('',#4750,1.);
#2801=VECTOR('',#4751,1.);
#2802=VECTOR('',#4754,1.);
#2803=VECTOR('',#4755,1.);
#2804=VECTOR('',#4756,1.);
#2805=VECTOR('',#4759,1.);
#2806=VECTOR('',#4760,1.);
#2807=VECTOR('',#4761,1.);
#2808=VECTOR('',#4764,1.);
#2809=VECTOR('',#4765,1.);
#2810=VECTOR('',#4766,1.);
#2811=VECTOR('',#4769,1.);
#2812=VECTOR('',#4770,1.);
#2813=VECTOR('',#4771,1.);
#2814=VECTOR('',#4774,1.);
#2815=VECTOR('',#4775,1.);
#2816=VECTOR('',#4776,1.);
#2817=VECTOR('',#4779,1.);
#2818=VECTOR('',#4780,1.);
#2819=VECTOR('',#4781,1.);
#2820=VECTOR('',#4784,1.);
#2821=VECTOR('',#4785,1.);
#2822=VECTOR('',#4786,1.);
#2823=VECTOR('',#4789,1.);
#2824=VECTOR('',#4790,1.);
#2825=VECTOR('',#4791,1.);
#2826=VECTOR('',#4794,1.);
#2827=VECTOR('',#4795,1.);
#2828=VECTOR('',#4796,1.);
#2829=VECTOR('',#4799,1.);
#2830=VECTOR('',#4802,1.);
#2831=VECTOR('',#4805,1.);
#2832=VECTOR('',#4806,1.);
#2833=VECTOR('',#4807,1.);
#2834=VECTOR('',#4810,1.);
#2835=VECTOR('',#4811,1.);
#2836=VECTOR('',#4812,1.);
#2837=VECTOR('',#4815,1.);
#2838=VECTOR('',#4816,1.);
#2839=VECTOR('',#4817,1.);
#2840=VECTOR('',#4820,1.);
#2841=VECTOR('',#4821,1.);
#2842=VECTOR('',#4822,1.);
#2843=VECTOR('',#4825,1.);
#2844=VECTOR('',#4828,1.);
#2845=VECTOR('',#4831,1.);
#2846=VECTOR('',#4832,1.);
#2847=VECTOR('',#4833,1.);
#2848=VECTOR('',#4836,1.);
#2849=VECTOR('',#4837,1.);
#2850=VECTOR('',#4838,1.);
#2851=VECTOR('',#4841,1.);
#2852=VECTOR('',#4842,1.);
#2853=VECTOR('',#4843,1.);
#2854=VECTOR('',#4846,1.);
#2855=VECTOR('',#4847,1.);
#2856=VECTOR('',#4848,1.);
#2857=VECTOR('',#4851,1.);
#2858=VECTOR('',#4852,1.);
#2859=VECTOR('',#4853,1.);
#2860=VECTOR('',#4856,1.);
#2861=VECTOR('',#4857,1.);
#2862=VECTOR('',#4858,1.);
#2863=VECTOR('',#4861,1.);
#2864=VECTOR('',#4862,1.);
#2865=VECTOR('',#4863,1.);
#2866=VECTOR('',#4866,1.);
#2867=VECTOR('',#4867,1.);
#2868=VECTOR('',#4868,1.);
#2869=VECTOR('',#4871,1.);
#2870=VECTOR('',#4872,1.);
#2871=VECTOR('',#4873,1.);
#2872=VECTOR('',#4876,1.);
#2873=VECTOR('',#4877,1.);
#2874=VECTOR('',#4878,1.);
#2875=VECTOR('',#4881,1.);
#2876=VECTOR('',#4882,1.);
#2877=VECTOR('',#4883,1.);
#2878=VECTOR('',#4886,1.);
#2879=VECTOR('',#4887,1.);
#2880=VECTOR('',#4888,1.);
#2881=VECTOR('',#4891,1.);
#2882=VECTOR('',#4892,1.);
#2883=VECTOR('',#4893,1.);
#2884=VECTOR('',#4896,1.);
#2885=VECTOR('',#4897,1.);
#2886=VECTOR('',#4898,1.);
#2887=VECTOR('',#4901,1.);
#2888=VECTOR('',#4902,1.);
#2889=VECTOR('',#4903,1.);
#2890=VECTOR('',#4906,1.);
#2891=VECTOR('',#4907,1.);
#2892=VECTOR('',#4908,1.);
#2893=VECTOR('',#4911,1.);
#2894=VECTOR('',#4912,1.);
#2895=VECTOR('',#4913,1.);
#2896=VECTOR('',#4916,1.);
#2897=VECTOR('',#4917,1.);
#2898=VECTOR('',#4918,1.);
#2899=VECTOR('',#4921,1.);
#2900=VECTOR('',#4924,1.);
#2901=VECTOR('',#4929,1.);
#2902=VECTOR('',#4932,1.);
#2903=VECTOR('',#4933,1.);
#2904=VECTOR('',#4936,1.);
#2905=VECTOR('',#4937,1.);
#2906=VECTOR('',#4940,1.);
#2907=VECTOR('',#4941,1.);
#2908=VECTOR('',#4942,1.);
#2909=VECTOR('',#4945,1.);
#2910=VECTOR('',#5034,1.);
#2911=VECTOR('',#5043,1.);
#2912=VECTOR('',#5060,1.);
#2913=EDGE_LOOP('',(#332,#333,#334,#335,#336,#337,#338,#339));
#2914=EDGE_LOOP('',(#340,#341,#342,#343,#344,#345,#346));
#2915=EDGE_LOOP('',(#347,#348,#349,#350,#351,#352,#353,#354));
#2916=EDGE_LOOP('',(#355,#356,#357,#358,#359,#360,#361,#362));
#2917=EDGE_LOOP('',(#363,#364,#365,#366,#367,#368,#369));
#2918=EDGE_LOOP('',(#370,#371,#372,#373,#374,#375));
#2919=EDGE_LOOP('',(#376,#377,#378,#379,#380,#381,#382,#383,#384));
#2920=EDGE_LOOP('',(#385,#386,#387,#388,#389,#390));
#2921=EDGE_LOOP('',(#391,#392,#393,#394,#395,#396,#397,#398));
#2922=EDGE_LOOP('',(#399));
#2923=EDGE_LOOP('',(#400));
#2924=EDGE_LOOP('',(#401,#402,#403,#404,#405,#406,#407,#408,#409,#410));
#2925=EDGE_LOOP('',(#411));
#2926=EDGE_LOOP('',(#412,#413,#414,#415,#416,#417,#418,#419,#420,#421));
#2927=EDGE_LOOP('',(#422,#423,#424,#425,#426,#427,#428,#429));
#2928=EDGE_LOOP('',(#430));
#2929=EDGE_LOOP('',(#431));
#2930=EDGE_LOOP('',(#432,#433,#434,#435,#436,#437));
#2931=EDGE_LOOP('',(#438,#439,#440,#441,#442,#443,#444));
#2932=EDGE_LOOP('',(#445,#446,#447,#448,#449,#450,#451,#452));
#2933=EDGE_LOOP('',(#453,#454,#455,#456,#457,#458,#459,#460));
#2934=EDGE_LOOP('',(#461,#462,#463,#464,#465,#466));
#2935=EDGE_LOOP('',(#467,#468,#469,#470,#471,#472,#473));
#2936=EDGE_LOOP('',(#474,#475,#476,#477,#478,#479,#480,#481,#482));
#2937=EDGE_LOOP('',(#483));
#2938=EDGE_LOOP('',(#484,#485,#486,#487,#488,#489,#490,#491,#492,#493,#494,
#495,#496,#497,#498,#499,#500,#501,#502,#503,#504,#505,#506));
#2939=EDGE_LOOP('',(#507));
#2940=EDGE_LOOP('',(#508));
#2941=EDGE_LOOP('',(#509,#510,#511,#512));
#2942=EDGE_LOOP('',(#513,#514,#515,#516));
#2943=EDGE_LOOP('',(#517,#518,#519,#520));
#2944=EDGE_LOOP('',(#521,#522,#523,#524));
#2945=EDGE_LOOP('',(#525,#526,#527,#528));
#2946=EDGE_LOOP('',(#529,#530,#531,#532));
#2947=EDGE_LOOP('',(#533,#534,#535,#536));
#2948=EDGE_LOOP('',(#537,#538,#539,#540));
#2949=EDGE_LOOP('',(#541,#542,#543,#544));
#2950=EDGE_LOOP('',(#545,#546,#547,#548));
#2951=EDGE_LOOP('',(#549,#550,#551,#552));
#2952=EDGE_LOOP('',(#553,#554,#555,#556));
#2953=EDGE_LOOP('',(#557,#558,#559,#560));
#2954=EDGE_LOOP('',(#561,#562,#563,#564));
#2955=EDGE_LOOP('',(#565,#566,#567,#568));
#2956=EDGE_LOOP('',(#569,#570,#571,#572));
#2957=EDGE_LOOP('',(#573,#574,#575,#576));
#2958=EDGE_LOOP('',(#577,#578,#579,#580));
#2959=EDGE_LOOP('',(#581,#582,#583,#584));
#2960=EDGE_LOOP('',(#585,#586,#587,#588));
#2961=EDGE_LOOP('',(#589,#590,#591,#592));
#2962=EDGE_LOOP('',(#593,#594,#595,#596));
#2963=EDGE_LOOP('',(#597,#598,#599,#600));
#2964=EDGE_LOOP('',(#601,#602,#603,#604));
#2965=EDGE_LOOP('',(#605,#606,#607,#608));
#2966=EDGE_LOOP('',(#609,#610,#611,#612));
#2967=EDGE_LOOP('',(#613,#614,#615,#616,#617,#618,#619,#620));
#2968=EDGE_LOOP('',(#621));
#2969=EDGE_LOOP('',(#622,#623,#624,#625));
#2970=EDGE_LOOP('',(#626,#627,#628,#629));
#2971=EDGE_LOOP('',(#630));
#2972=EDGE_LOOP('',(#631,#632,#633,#634));
#2973=EDGE_LOOP('',(#635,#636,#637,#638));
#2974=EDGE_LOOP('',(#639,#640,#641,#642));
#2975=EDGE_LOOP('',(#643,#644,#645,#646));
#2976=EDGE_LOOP('',(#647,#648,#649,#650));
#2977=EDGE_LOOP('',(#651,#652,#653,#654));
#2978=EDGE_LOOP('',(#655,#656,#657,#658));
#2979=EDGE_LOOP('',(#659));
#2980=EDGE_LOOP('',(#660,#661,#662,#663));
#2981=EDGE_LOOP('',(#664,#665,#666,#667));
#2982=EDGE_LOOP('',(#668));
#2983=EDGE_LOOP('',(#669));
#2984=EDGE_LOOP('',(#670));
#2985=EDGE_LOOP('',(#671));
#2986=EDGE_LOOP('',(#672,#673,#674,#675));
#2987=EDGE_LOOP('',(#676,#677,#678,#679));
#2988=EDGE_LOOP('',(#680));
#2989=EDGE_LOOP('',(#681));
#2990=EDGE_LOOP('',(#682,#683,#684,#685));
#2991=EDGE_LOOP('',(#686));
#2992=EDGE_LOOP('',(#687));
#2993=EDGE_LOOP('',(#688));
#2994=EDGE_LOOP('',(#689));
#2995=EDGE_LOOP('',(#690));
#2996=EDGE_LOOP('',(#691));
#2997=EDGE_LOOP('',(#692,#693,#694,#695));
#2998=EDGE_LOOP('',(#696));
#2999=EDGE_LOOP('',(#697));
#3000=EDGE_LOOP('',(#698));
#3001=EDGE_LOOP('',(#699));
#3002=EDGE_LOOP('',(#700,#701,#702,#703));
#3003=EDGE_LOOP('',(#704,#705,#706,#707));
#3004=EDGE_LOOP('',(#708,#709,#710,#711));
#3005=EDGE_LOOP('',(#712,#713,#714,#715));
#3006=EDGE_LOOP('',(#716,#717,#718,#719));
#3007=EDGE_LOOP('',(#720,#721,#722,#723));
#3008=EDGE_LOOP('',(#724,#725,#726,#727));
#3009=EDGE_LOOP('',(#728,#729,#730,#731));
#3010=EDGE_LOOP('',(#732,#733,#734,#735));
#3011=EDGE_LOOP('',(#736,#737,#738,#739));
#3012=EDGE_LOOP('',(#740,#741,#742,#743));
#3013=EDGE_LOOP('',(#744,#745,#746,#747));
#3014=EDGE_LOOP('',(#748,#749,#750,#751));
#3015=EDGE_LOOP('',(#752,#753,#754,#755));
#3016=EDGE_LOOP('',(#756,#757,#758,#759));
#3017=EDGE_LOOP('',(#760,#761,#762,#763));
#3018=EDGE_LOOP('',(#764,#765,#766,#767));
#3019=EDGE_LOOP('',(#768,#769,#770,#771));
#3020=EDGE_LOOP('',(#772,#773,#774,#775));
#3021=EDGE_LOOP('',(#776,#777,#778,#779));
#3022=EDGE_LOOP('',(#780,#781,#782,#783));
#3023=EDGE_LOOP('',(#784,#785,#786,#787));
#3024=EDGE_LOOP('',(#788,#789,#790,#791));
#3025=EDGE_LOOP('',(#792,#793,#794,#795));
#3026=EDGE_LOOP('',(#796,#797,#798,#799));
#3027=EDGE_LOOP('',(#800,#801,#802,#803));
#3028=EDGE_LOOP('',(#804,#805,#806,#807));
#3029=EDGE_LOOP('',(#808,#809,#810,#811));
#3030=EDGE_LOOP('',(#812,#813,#814,#815));
#3031=EDGE_LOOP('',(#816,#817,#818,#819));
#3032=EDGE_LOOP('',(#820,#821,#822,#823));
#3033=EDGE_LOOP('',(#824,#825,#826,#827));
#3034=EDGE_LOOP('',(#828,#829,#830,#831));
#3035=EDGE_LOOP('',(#832,#833,#834,#835));
#3036=EDGE_LOOP('',(#836,#837,#838,#839));
#3037=EDGE_LOOP('',(#840,#841,#842,#843));
#3038=EDGE_LOOP('',(#844,#845,#846,#847));
#3039=EDGE_LOOP('',(#848,#849,#850,#851));
#3040=EDGE_LOOP('',(#852,#853,#854,#855));
#3041=EDGE_LOOP('',(#856,#857,#858,#859));
#3042=EDGE_LOOP('',(#860,#861,#862,#863));
#3043=EDGE_LOOP('',(#864,#865,#866,#867));
#3044=EDGE_LOOP('',(#868,#869,#870,#871));
#3045=EDGE_LOOP('',(#872,#873,#874,#875));
#3046=EDGE_LOOP('',(#876,#877,#878,#879));
#3047=EDGE_LOOP('',(#880,#881,#882,#883));
#3048=EDGE_LOOP('',(#884,#885,#886,#887));
#3049=EDGE_LOOP('',(#888,#889,#890,#891));
#3050=EDGE_LOOP('',(#892,#893,#894,#895));
#3051=EDGE_LOOP('',(#896,#897,#898,#899));
#3052=EDGE_LOOP('',(#900,#901,#902,#903));
#3053=EDGE_LOOP('',(#904,#905,#906,#907));
#3054=EDGE_LOOP('',(#908,#909,#910,#911));
#3055=EDGE_LOOP('',(#912,#913,#914,#915));
#3056=EDGE_LOOP('',(#916,#917,#918,#919));
#3057=EDGE_LOOP('',(#920,#921,#922,#923));
#3058=EDGE_LOOP('',(#924,#925,#926,#927));
#3059=EDGE_LOOP('',(#928,#929,#930,#931));
#3060=EDGE_LOOP('',(#932,#933,#934,#935));
#3061=EDGE_LOOP('',(#936,#937,#938,#939));
#3062=EDGE_LOOP('',(#940,#941,#942,#943));
#3063=EDGE_LOOP('',(#944,#945,#946,#947));
#3064=EDGE_LOOP('',(#948,#949,#950,#951));
#3065=EDGE_LOOP('',(#952,#953,#954,#955));
#3066=EDGE_LOOP('',(#956,#957,#958,#959));
#3067=EDGE_LOOP('',(#960,#961,#962,#963));
#3068=EDGE_LOOP('',(#964,#965,#966,#967));
#3069=EDGE_LOOP('',(#968,#969,#970,#971));
#3070=EDGE_LOOP('',(#972,#973,#974,#975));
#3071=EDGE_LOOP('',(#976,#977,#978,#979));
#3072=EDGE_LOOP('',(#980,#981,#982,#983));
#3073=EDGE_LOOP('',(#984,#985,#986,#987));
#3074=EDGE_LOOP('',(#988,#989,#990,#991));
#3075=EDGE_LOOP('',(#992,#993,#994,#995));
#3076=EDGE_LOOP('',(#996,#997,#998,#999));
#3077=EDGE_LOOP('',(#1000,#1001,#1002,#1003));
#3078=EDGE_LOOP('',(#1004,#1005,#1006,#1007));
#3079=EDGE_LOOP('',(#1008,#1009,#1010,#1011));
#3080=EDGE_LOOP('',(#1012,#1013,#1014,#1015));
#3081=EDGE_LOOP('',(#1016,#1017,#1018,#1019));
#3082=EDGE_LOOP('',(#1020,#1021,#1022,#1023));
#3083=EDGE_LOOP('',(#1024,#1025,#1026,#1027));
#3084=EDGE_LOOP('',(#1028,#1029,#1030,#1031));
#3085=EDGE_LOOP('',(#1032,#1033,#1034,#1035));
#3086=EDGE_LOOP('',(#1036,#1037,#1038,#1039));
#3087=EDGE_LOOP('',(#1040,#1041,#1042,#1043));
#3088=EDGE_LOOP('',(#1044,#1045,#1046,#1047));
#3089=EDGE_LOOP('',(#1048,#1049,#1050,#1051));
#3090=EDGE_LOOP('',(#1052,#1053,#1054,#1055));
#3091=EDGE_LOOP('',(#1056,#1057,#1058,#1059));
#3092=EDGE_LOOP('',(#1060,#1061,#1062,#1063));
#3093=EDGE_LOOP('',(#1064,#1065,#1066,#1067));
#3094=EDGE_LOOP('',(#1068,#1069,#1070,#1071));
#3095=EDGE_LOOP('',(#1072,#1073,#1074,#1075));
#3096=EDGE_LOOP('',(#1076,#1077,#1078,#1079));
#3097=EDGE_LOOP('',(#1080,#1081,#1082,#1083));
#3098=EDGE_LOOP('',(#1084,#1085,#1086,#1087));
#3099=EDGE_LOOP('',(#1088,#1089,#1090,#1091));
#3100=EDGE_LOOP('',(#1092,#1093,#1094,#1095));
#3101=EDGE_LOOP('',(#1096,#1097,#1098,#1099));
#3102=EDGE_LOOP('',(#1100,#1101,#1102,#1103));
#3103=EDGE_LOOP('',(#1104,#1105,#1106,#1107));
#3104=EDGE_LOOP('',(#1108,#1109,#1110,#1111));
#3105=EDGE_LOOP('',(#1112,#1113,#1114,#1115));
#3106=EDGE_LOOP('',(#1116,#1117,#1118,#1119));
#3107=EDGE_LOOP('',(#1120,#1121,#1122,#1123));
#3108=EDGE_LOOP('',(#1124,#1125,#1126,#1127));
#3109=EDGE_LOOP('',(#1128,#1129,#1130,#1131));
#3110=EDGE_LOOP('',(#1132,#1133,#1134,#1135));
#3111=EDGE_LOOP('',(#1136,#1137,#1138,#1139));
#3112=EDGE_LOOP('',(#1140,#1141,#1142,#1143));
#3113=EDGE_LOOP('',(#1144,#1145,#1146,#1147));
#3114=EDGE_LOOP('',(#1148,#1149,#1150,#1151));
#3115=EDGE_LOOP('',(#1152,#1153,#1154,#1155));
#3116=EDGE_LOOP('',(#1156,#1157,#1158,#1159));
#3117=EDGE_LOOP('',(#1160,#1161,#1162,#1163));
#3118=EDGE_LOOP('',(#1164,#1165,#1166,#1167));
#3119=EDGE_LOOP('',(#1168,#1169,#1170,#1171));
#3120=EDGE_LOOP('',(#1172,#1173,#1174,#1175));
#3121=EDGE_LOOP('',(#1176,#1177,#1178,#1179));
#3122=EDGE_LOOP('',(#1180,#1181,#1182,#1183));
#3123=EDGE_LOOP('',(#1184,#1185,#1186,#1187));
#3124=EDGE_LOOP('',(#1188,#1189,#1190,#1191));
#3125=EDGE_LOOP('',(#1192,#1193,#1194,#1195));
#3126=EDGE_LOOP('',(#1196,#1197,#1198,#1199));
#3127=EDGE_LOOP('',(#1200));
#3128=EDGE_LOOP('',(#1201));
#3129=EDGE_LOOP('',(#1202));
#3130=EDGE_LOOP('',(#1203));
#3131=EDGE_LOOP('',(#1204,#1205,#1206,#1207,#1208,#1209,#1210,#1211,#1212));
#3132=EDGE_LOOP('',(#1213,#1214,#1215,#1216,#1217,#1218,#1219));
#3133=EDGE_LOOP('',(#1220,#1221,#1222,#1223,#1224,#1225,#1226,#1227));
#3134=EDGE_LOOP('',(#1228,#1229,#1230,#1231,#1232,#1233));
#3135=EDGE_LOOP('',(#1234));
#3136=EDGE_LOOP('',(#1235,#1236,#1237,#1238,#1239,#1240,#1241,#1242,#1243,
#1244,#1245,#1246,#1247,#1248,#1249));
#3137=EDGE_LOOP('',(#1250));
#3138=EDGE_LOOP('',(#1251));
#3139=EDGE_LOOP('',(#1252));
#3140=EDGE_LOOP('',(#1253,#1254,#1255,#1256,#1257,#1258,#1259,#1260,#1261,
#1262));
#3141=EDGE_LOOP('',(#1263));
#3142=EDGE_LOOP('',(#1264,#1265,#1266,#1267,#1268,#1269,#1270,#1271,#1272,
#1273));
#3143=EDGE_LOOP('',(#1274,#1275,#1276,#1277,#1278,#1279,#1280,#1281));
#3144=EDGE_LOOP('',(#1282));
#3145=EDGE_LOOP('',(#1283));
#3146=EDGE_LOOP('',(#1284));
#3147=EDGE_LOOP('',(#1285));
#3148=EDGE_LOOP('',(#1286,#1287,#1288,#1289,#1290,#1291,#1292,#1293));
#3149=EDGE_LOOP('',(#1294,#1295,#1296,#1297,#1298,#1299));
#3150=EDGE_LOOP('',(#1300,#1301,#1302,#1303,#1304,#1305));
#3151=EDGE_LOOP('',(#1306,#1307,#1308,#1309,#1310,#1311,#1312));
#3152=EDGE_LOOP('',(#1313,#1314,#1315,#1316,#1317,#1318,#1319,#1320));
#3153=EDGE_LOOP('',(#1321,#1322,#1323,#1324,#1325,#1326,#1327,#1328));
#3154=EDGE_LOOP('',(#1329,#1330,#1331,#1332,#1333,#1334,#1335));
#3155=EDGE_LOOP('',(#1336,#1337,#1338,#1339,#1340,#1341,#1342,#1343));
#3156=EDGE_LOOP('',(#1344,#1345,#1346,#1347,#1348,#1349,#1350,#1351));
#3157=EDGE_LOOP('',(#1352,#1353,#1354,#1355,#1356,#1357));
#3158=EDGE_LOOP('',(#1358,#1359,#1360,#1361,#1362,#1363,#1364,#1365));
#3159=EDGE_LOOP('',(#1366,#1367,#1368,#1369,#1370,#1371,#1372));
#3160=EDGE_LOOP('',(#1373,#1374,#1375,#1376,#1377,#1378,#1379,#1380,#1381));
#3161=EDGE_LOOP('',(#1382));
#3162=EDGE_LOOP('',(#1383));
#3163=EDGE_LOOP('',(#1384,#1385,#1386,#1387));
#3164=EDGE_LOOP('',(#1388));
#3165=EDGE_LOOP('',(#1389));
#3166=EDGE_LOOP('',(#1390));
#3167=EDGE_LOOP('',(#1391));
#3168=FACE_BOUND('',#2913,.T.);
#3169=FACE_BOUND('',#2914,.T.);
#3170=FACE_BOUND('',#2915,.T.);
#3171=FACE_BOUND('',#2916,.T.);
#3172=FACE_BOUND('',#2917,.T.);
#3173=FACE_BOUND('',#2918,.T.);
#3174=FACE_BOUND('',#2919,.T.);
#3175=FACE_BOUND('',#2920,.T.);
#3176=FACE_BOUND('',#2921,.T.);
#3177=FACE_BOUND('',#2922,.T.);
#3178=FACE_BOUND('',#2923,.T.);
#3179=FACE_BOUND('',#2924,.T.);
#3180=FACE_BOUND('',#2925,.T.);
#3181=FACE_BOUND('',#2926,.T.);
#3182=FACE_BOUND('',#2927,.T.);
#3183=FACE_BOUND('',#2928,.T.);
#3184=FACE_BOUND('',#2929,.T.);
#3185=FACE_BOUND('',#2930,.T.);
#3186=FACE_BOUND('',#2931,.T.);
#3187=FACE_BOUND('',#2932,.T.);
#3188=FACE_BOUND('',#2933,.T.);
#3189=FACE_BOUND('',#2934,.T.);
#3190=FACE_BOUND('',#2935,.T.);
#3191=FACE_BOUND('',#2936,.T.);
#3192=FACE_BOUND('',#2937,.T.);
#3193=FACE_BOUND('',#2938,.T.);
#3194=FACE_BOUND('',#2939,.T.);
#3195=FACE_BOUND('',#2940,.T.);
#3196=FACE_BOUND('',#2941,.T.);
#3197=FACE_BOUND('',#2942,.T.);
#3198=FACE_BOUND('',#2943,.T.);
#3199=FACE_BOUND('',#2944,.T.);
#3200=FACE_BOUND('',#2945,.T.);
#3201=FACE_BOUND('',#2946,.T.);
#3202=FACE_BOUND('',#2947,.T.);
#3203=FACE_BOUND('',#2948,.T.);
#3204=FACE_BOUND('',#2949,.T.);
#3205=FACE_BOUND('',#2950,.T.);
#3206=FACE_BOUND('',#2951,.T.);
#3207=FACE_BOUND('',#2952,.T.);
#3208=FACE_BOUND('',#2953,.T.);
#3209=FACE_BOUND('',#2954,.T.);
#3210=FACE_BOUND('',#2955,.T.);
#3211=FACE_BOUND('',#2956,.T.);
#3212=FACE_BOUND('',#2957,.T.);
#3213=FACE_BOUND('',#2958,.T.);
#3214=FACE_BOUND('',#2959,.T.);
#3215=FACE_BOUND('',#2960,.T.);
#3216=FACE_BOUND('',#2961,.T.);
#3217=FACE_BOUND('',#2962,.T.);
#3218=FACE_BOUND('',#2963,.T.);
#3219=FACE_BOUND('',#2964,.T.);
#3220=FACE_BOUND('',#2965,.T.);
#3221=FACE_BOUND('',#2966,.T.);
#3222=FACE_BOUND('',#2967,.T.);
#3223=FACE_BOUND('',#2968,.T.);
#3224=FACE_BOUND('',#2969,.T.);
#3225=FACE_BOUND('',#2970,.T.);
#3226=FACE_BOUND('',#2971,.T.);
#3227=FACE_BOUND('',#2972,.T.);
#3228=FACE_BOUND('',#2973,.T.);
#3229=FACE_BOUND('',#2974,.T.);
#3230=FACE_BOUND('',#2975,.T.);
#3231=FACE_BOUND('',#2976,.T.);
#3232=FACE_BOUND('',#2977,.T.);
#3233=FACE_BOUND('',#2978,.T.);
#3234=FACE_BOUND('',#2979,.T.);
#3235=FACE_BOUND('',#2980,.T.);
#3236=FACE_BOUND('',#2981,.T.);
#3237=FACE_BOUND('',#2982,.T.);
#3238=FACE_BOUND('',#2983,.T.);
#3239=FACE_BOUND('',#2984,.T.);
#3240=FACE_BOUND('',#2985,.T.);
#3241=FACE_BOUND('',#2986,.T.);
#3242=FACE_BOUND('',#2987,.T.);
#3243=FACE_BOUND('',#2988,.T.);
#3244=FACE_BOUND('',#2989,.T.);
#3245=FACE_BOUND('',#2990,.T.);
#3246=FACE_BOUND('',#2991,.T.);
#3247=FACE_BOUND('',#2992,.T.);
#3248=FACE_BOUND('',#2993,.T.);
#3249=FACE_BOUND('',#2994,.T.);
#3250=FACE_BOUND('',#2995,.T.);
#3251=FACE_BOUND('',#2996,.T.);
#3252=FACE_BOUND('',#2997,.T.);
#3253=FACE_BOUND('',#2998,.T.);
#3254=FACE_BOUND('',#2999,.T.);
#3255=FACE_BOUND('',#3000,.T.);
#3256=FACE_BOUND('',#3001,.T.);
#3257=FACE_BOUND('',#3002,.T.);
#3258=FACE_BOUND('',#3003,.T.);
#3259=FACE_BOUND('',#3004,.T.);
#3260=FACE_BOUND('',#3005,.T.);
#3261=FACE_BOUND('',#3006,.T.);
#3262=FACE_BOUND('',#3007,.T.);
#3263=FACE_BOUND('',#3008,.T.);
#3264=FACE_BOUND('',#3009,.T.);
#3265=FACE_BOUND('',#3010,.T.);
#3266=FACE_BOUND('',#3011,.T.);
#3267=FACE_BOUND('',#3012,.T.);
#3268=FACE_BOUND('',#3013,.T.);
#3269=FACE_BOUND('',#3014,.T.);
#3270=FACE_BOUND('',#3015,.T.);
#3271=FACE_BOUND('',#3016,.T.);
#3272=FACE_BOUND('',#3017,.T.);
#3273=FACE_BOUND('',#3018,.T.);
#3274=FACE_BOUND('',#3019,.T.);
#3275=FACE_BOUND('',#3020,.T.);
#3276=FACE_BOUND('',#3021,.T.);
#3277=FACE_BOUND('',#3022,.T.);
#3278=FACE_BOUND('',#3023,.T.);
#3279=FACE_BOUND('',#3024,.T.);
#3280=FACE_BOUND('',#3025,.T.);
#3281=FACE_BOUND('',#3026,.T.);
#3282=FACE_BOUND('',#3027,.T.);
#3283=FACE_BOUND('',#3028,.T.);
#3284=FACE_BOUND('',#3029,.T.);
#3285=FACE_BOUND('',#3030,.T.);
#3286=FACE_BOUND('',#3031,.T.);
#3287=FACE_BOUND('',#3032,.T.);
#3288=FACE_BOUND('',#3033,.T.);
#3289=FACE_BOUND('',#3034,.T.);
#3290=FACE_BOUND('',#3035,.T.);
#3291=FACE_BOUND('',#3036,.T.);
#3292=FACE_BOUND('',#3037,.T.);
#3293=FACE_BOUND('',#3038,.T.);
#3294=FACE_BOUND('',#3039,.T.);
#3295=FACE_BOUND('',#3040,.T.);
#3296=FACE_BOUND('',#3041,.T.);
#3297=FACE_BOUND('',#3042,.T.);
#3298=FACE_BOUND('',#3043,.T.);
#3299=FACE_BOUND('',#3044,.T.);
#3300=FACE_BOUND('',#3045,.T.);
#3301=FACE_BOUND('',#3046,.T.);
#3302=FACE_BOUND('',#3047,.T.);
#3303=FACE_BOUND('',#3048,.T.);
#3304=FACE_BOUND('',#3049,.T.);
#3305=FACE_BOUND('',#3050,.T.);
#3306=FACE_BOUND('',#3051,.T.);
#3307=FACE_BOUND('',#3052,.T.);
#3308=FACE_BOUND('',#3053,.T.);
#3309=FACE_BOUND('',#3054,.T.);
#3310=FACE_BOUND('',#3055,.T.);
#3311=FACE_BOUND('',#3056,.T.);
#3312=FACE_BOUND('',#3057,.T.);
#3313=FACE_BOUND('',#3058,.T.);
#3314=FACE_BOUND('',#3059,.T.);
#3315=FACE_BOUND('',#3060,.T.);
#3316=FACE_BOUND('',#3061,.T.);
#3317=FACE_BOUND('',#3062,.T.);
#3318=FACE_BOUND('',#3063,.T.);
#3319=FACE_BOUND('',#3064,.T.);
#3320=FACE_BOUND('',#3065,.T.);
#3321=FACE_BOUND('',#3066,.T.);
#3322=FACE_BOUND('',#3067,.T.);
#3323=FACE_BOUND('',#3068,.T.);
#3324=FACE_BOUND('',#3069,.T.);
#3325=FACE_BOUND('',#3070,.T.);
#3326=FACE_BOUND('',#3071,.T.);
#3327=FACE_BOUND('',#3072,.T.);
#3328=FACE_BOUND('',#3073,.T.);
#3329=FACE_BOUND('',#3074,.T.);
#3330=FACE_BOUND('',#3075,.T.);
#3331=FACE_BOUND('',#3076,.T.);
#3332=FACE_BOUND('',#3077,.T.);
#3333=FACE_BOUND('',#3078,.T.);
#3334=FACE_BOUND('',#3079,.T.);
#3335=FACE_BOUND('',#3080,.T.);
#3336=FACE_BOUND('',#3081,.T.);
#3337=FACE_BOUND('',#3082,.T.);
#3338=FACE_BOUND('',#3083,.T.);
#3339=FACE_BOUND('',#3084,.T.);
#3340=FACE_BOUND('',#3085,.T.);
#3341=FACE_BOUND('',#3086,.T.);
#3342=FACE_BOUND('',#3087,.T.);
#3343=FACE_BOUND('',#3088,.T.);
#3344=FACE_BOUND('',#3089,.T.);
#3345=FACE_BOUND('',#3090,.T.);
#3346=FACE_BOUND('',#3091,.T.);
#3347=FACE_BOUND('',#3092,.T.);
#3348=FACE_BOUND('',#3093,.T.);
#3349=FACE_BOUND('',#3094,.T.);
#3350=FACE_BOUND('',#3095,.T.);
#3351=FACE_BOUND('',#3096,.T.);
#3352=FACE_BOUND('',#3097,.T.);
#3353=FACE_BOUND('',#3098,.T.);
#3354=FACE_BOUND('',#3099,.T.);
#3355=FACE_BOUND('',#3100,.T.);
#3356=FACE_BOUND('',#3101,.T.);
#3357=FACE_BOUND('',#3102,.T.);
#3358=FACE_BOUND('',#3103,.T.);
#3359=FACE_BOUND('',#3104,.T.);
#3360=FACE_BOUND('',#3105,.T.);
#3361=FACE_BOUND('',#3106,.T.);
#3362=FACE_BOUND('',#3107,.T.);
#3363=FACE_BOUND('',#3108,.T.);
#3364=FACE_BOUND('',#3109,.T.);
#3365=FACE_BOUND('',#3110,.T.);
#3366=FACE_BOUND('',#3111,.T.);
#3367=FACE_BOUND('',#3112,.T.);
#3368=FACE_BOUND('',#3113,.T.);
#3369=FACE_BOUND('',#3114,.T.);
#3370=FACE_BOUND('',#3115,.T.);
#3371=FACE_BOUND('',#3116,.T.);
#3372=FACE_BOUND('',#3117,.T.);
#3373=FACE_BOUND('',#3118,.T.);
#3374=FACE_BOUND('',#3119,.T.);
#3375=FACE_BOUND('',#3120,.T.);
#3376=FACE_BOUND('',#3121,.T.);
#3377=FACE_BOUND('',#3122,.T.);
#3378=FACE_BOUND('',#3123,.T.);
#3379=FACE_BOUND('',#3124,.T.);
#3380=FACE_BOUND('',#3125,.T.);
#3381=FACE_BOUND('',#3126,.T.);
#3382=FACE_BOUND('',#3127,.T.);
#3383=FACE_BOUND('',#3128,.T.);
#3384=FACE_BOUND('',#3129,.T.);
#3385=FACE_BOUND('',#3130,.T.);
#3386=FACE_BOUND('',#3131,.T.);
#3387=FACE_BOUND('',#3132,.T.);
#3388=FACE_BOUND('',#3133,.T.);
#3389=FACE_BOUND('',#3134,.T.);
#3390=FACE_BOUND('',#3135,.T.);
#3391=FACE_BOUND('',#3136,.T.);
#3392=FACE_BOUND('',#3137,.T.);
#3393=FACE_BOUND('',#3138,.T.);
#3394=FACE_BOUND('',#3139,.T.);
#3395=FACE_BOUND('',#3140,.T.);
#3396=FACE_BOUND('',#3141,.T.);
#3397=FACE_BOUND('',#3142,.T.);
#3398=FACE_BOUND('',#3143,.T.);
#3399=FACE_BOUND('',#3144,.T.);
#3400=FACE_BOUND('',#3145,.T.);
#3401=FACE_BOUND('',#3146,.T.);
#3402=FACE_BOUND('',#3147,.T.);
#3403=FACE_BOUND('',#3148,.T.);
#3404=FACE_BOUND('',#3149,.T.);
#3405=FACE_BOUND('',#3150,.T.);
#3406=FACE_BOUND('',#3151,.T.);
#3407=FACE_BOUND('',#3152,.T.);
#3408=FACE_BOUND('',#3153,.T.);
#3409=FACE_BOUND('',#3154,.T.);
#3410=FACE_BOUND('',#3155,.T.);
#3411=FACE_BOUND('',#3156,.T.);
#3412=FACE_BOUND('',#3157,.T.);
#3413=FACE_BOUND('',#3158,.T.);
#3414=FACE_BOUND('',#3159,.T.);
#3415=FACE_BOUND('',#3160,.T.);
#3416=FACE_BOUND('',#3161,.T.);
#3417=FACE_BOUND('',#3162,.T.);
#3418=FACE_BOUND('',#3163,.T.);
#3419=FACE_BOUND('',#3164,.T.);
#3420=FACE_BOUND('',#3165,.T.);
#3421=FACE_BOUND('',#3166,.T.);
#3422=FACE_BOUND('',#3167,.T.);
#3423=PLANE('',#3699);
#3424=PLANE('',#3807);
#3425=PLANE('',#3810);
#3426=PLANE('',#3813);
#3427=PLANE('',#3822);
#3428=PLANE('',#3825);
#3429=PLANE('',#3838);
#3430=PLANE('',#3845);
#3431=PLANE('',#3848);
#3432=PLANE('',#3853);
#3433=PLANE('',#3857);
#3434=PLANE('',#3860);
#3435=PLANE('',#3861);
#3436=PLANE('',#3864);
#3437=PLANE('',#3868);
#3438=PLANE('',#3875);
#3439=PLANE('',#3876);
#3440=PLANE('',#3879);
#3441=PLANE('',#3887);
#3442=PLANE('',#3894);
#3443=PLANE('',#3897);
#3444=PLANE('',#3898);
#3445=PLANE('',#3899);
#3446=PLANE('',#3900);
#3447=PLANE('',#3901);
#3448=PLANE('',#3902);
#3449=PLANE('',#3903);
#3450=PLANE('',#3904);
#3451=PLANE('',#3905);
#3452=PLANE('',#3906);
#3453=PLANE('',#3907);
#3454=PLANE('',#3908);
#3455=PLANE('',#3909);
#3456=PLANE('',#3910);
#3457=PLANE('',#3911);
#3458=PLANE('',#3916);
#3459=PLANE('',#3917);
#3460=PLANE('',#3918);
#3461=PLANE('',#3921);
#3462=PLANE('',#3922);
#3463=PLANE('',#3923);
#3464=PLANE('',#3924);
#3465=PLANE('',#3925);
#3466=PLANE('',#3926);
#3467=PLANE('',#3927);
#3468=PLANE('',#3928);
#3469=PLANE('',#3929);
#3470=PLANE('',#3930);
#3471=PLANE('',#3931);
#3472=PLANE('',#3934);
#3473=PLANE('',#3935);
#3474=PLANE('',#3936);
#3475=PLANE('',#3937);
#3476=PLANE('',#3940);
#3477=PLANE('',#3941);
#3478=PLANE('',#3942);
#3479=PLANE('',#3943);
#3480=PLANE('',#3944);
#3481=PLANE('',#3945);
#3482=PLANE('',#3946);
#3483=PLANE('',#3947);
#3484=PLANE('',#3948);
#3485=PLANE('',#3949);
#3486=PLANE('',#3950);
#3487=PLANE('',#3951);
#3488=PLANE('',#3952);
#3489=PLANE('',#3953);
#3490=PLANE('',#3954);
#3491=PLANE('',#3955);
#3492=PLANE('',#3956);
#3493=PLANE('',#3957);
#3494=PLANE('',#3962);
#3495=PLANE('',#3963);
#3496=PLANE('',#3964);
#3497=PLANE('',#4091);
#3498=PLANE('',#4092);
#3499=PLANE('',#4094);
#3500=PLANE('',#4096);
#3501=PLANE('',#4097);
#3502=ADVANCED_FACE('',(#3168,#3169,#3170,#3171,#3172,#3173,#3174,#3175,
#3176,#3177,#3178,#3179,#3180,#3181,#3182,#3183,#3184,#3185,#3186,#3187,
#3188,#3189,#3190,#3191,#3192,#3193),#3423,.F.);
#3503=ADVANCED_FACE('',(#3194,#3195),#12,.F.);
#3504=ADVANCED_FACE('',(#3196),#13,.F.);
#3505=ADVANCED_FACE('',(#3197),#3424,.T.);
#3506=ADVANCED_FACE('',(#3198),#14,.F.);
#3507=ADVANCED_FACE('',(#3199),#3425,.F.);
#3508=ADVANCED_FACE('',(#3200),#15,.F.);
#3509=ADVANCED_FACE('',(#3201),#3426,.T.);
#3510=ADVANCED_FACE('',(#3202),#16,.F.);
#3511=ADVANCED_FACE('',(#3203),#17,.F.);
#3512=ADVANCED_FACE('',(#3204),#18,.T.);
#3513=ADVANCED_FACE('',(#3205),#19,.F.);
#3514=ADVANCED_FACE('',(#3206),#3427,.T.);
#3515=ADVANCED_FACE('',(#3207),#20,.F.);
#3516=ADVANCED_FACE('',(#3208),#3428,.T.);
#3517=ADVANCED_FACE('',(#3209),#21,.T.);
#3518=ADVANCED_FACE('',(#3210),#22,.F.);
#3519=ADVANCED_FACE('',(#3211),#23,.F.);
#3520=ADVANCED_FACE('',(#3212),#24,.F.);
#3521=ADVANCED_FACE('',(#3213),#25,.T.);
#3522=ADVANCED_FACE('',(#3214),#26,.F.);
#3523=ADVANCED_FACE('',(#3215),#3429,.F.);
#3524=ADVANCED_FACE('',(#3216),#27,.F.);
#3525=ADVANCED_FACE('',(#3217),#28,.F.);
#3526=ADVANCED_FACE('',(#3218),#29,.T.);
#3527=ADVANCED_FACE('',(#3219),#3430,.F.);
#3528=ADVANCED_FACE('',(#3220),#30,.F.);
#3529=ADVANCED_FACE('',(#3221),#3431,.T.);
#3530=ADVANCED_FACE('',(#3222,#3223),#31,.T.);
#3531=ADVANCED_FACE('',(#3224),#3432,.T.);
#3532=ADVANCED_FACE('',(#3225,#3226),#32,.T.);
#3533=ADVANCED_FACE('',(#3227),#3433,.T.);
#3534=ADVANCED_FACE('',(#3228),#33,.T.);
#3535=ADVANCED_FACE('',(#3229),#3434,.T.);
#3536=ADVANCED_FACE('',(#3230),#3435,.T.);
#3537=ADVANCED_FACE('',(#3231),#34,.T.);
#3538=ADVANCED_FACE('',(#3232),#3436,.F.);
#3539=ADVANCED_FACE('',(#3233,#3234),#35,.T.);
#3540=ADVANCED_FACE('',(#3235),#3437,.F.);
#3541=ADVANCED_FACE('',(#3236),#36,.T.);
#3542=ADVANCED_FACE('',(#3237,#3238),#37,.F.);
#3543=ADVANCED_FACE('',(#3239,#3240),#38,.F.);
#3544=ADVANCED_FACE('',(#3241),#3438,.F.);
#3545=ADVANCED_FACE('',(#3242),#3439,.T.);
#3546=ADVANCED_FACE('',(#3243,#3244),#39,.F.);
#3547=ADVANCED_FACE('',(#3245),#3440,.F.);
#3548=ADVANCED_FACE('',(#3246,#3247),#40,.F.);
#3549=ADVANCED_FACE('',(#3248,#3249),#41,.F.);
#3550=ADVANCED_FACE('',(#3250,#3251),#42,.F.);
#3551=ADVANCED_FACE('',(#3252),#3441,.F.);
#3552=ADVANCED_FACE('',(#3253,#3254),#43,.F.);
#3553=ADVANCED_FACE('',(#3255,#3256),#44,.F.);
#3554=ADVANCED_FACE('',(#3257),#3442,.T.);
#3555=ADVANCED_FACE('',(#3258),#45,.T.);
#3556=ADVANCED_FACE('',(#3259),#3443,.F.);
#3557=ADVANCED_FACE('',(#3260),#3444,.T.);
#3558=ADVANCED_FACE('',(#3261),#3445,.T.);
#3559=ADVANCED_FACE('',(#3262),#3446,.T.);
#3560=ADVANCED_FACE('',(#3263),#3447,.T.);
#3561=ADVANCED_FACE('',(#3264),#3448,.T.);
#3562=ADVANCED_FACE('',(#3265),#3449,.F.);
#3563=ADVANCED_FACE('',(#3266),#3450,.F.);
#3564=ADVANCED_FACE('',(#3267),#3451,.T.);
#3565=ADVANCED_FACE('',(#3268),#3452,.T.);
#3566=ADVANCED_FACE('',(#3269),#3453,.F.);
#3567=ADVANCED_FACE('',(#3270),#3454,.F.);
#3568=ADVANCED_FACE('',(#3271),#3455,.T.);
#3569=ADVANCED_FACE('',(#3272),#3456,.T.);
#3570=ADVANCED_FACE('',(#3273),#3457,.F.);
#3571=ADVANCED_FACE('',(#3274),#46,.T.);
#3572=ADVANCED_FACE('',(#3275),#47,.T.);
#3573=ADVANCED_FACE('',(#3276),#3458,.T.);
#3574=ADVANCED_FACE('',(#3277),#3459,.T.);
#3575=ADVANCED_FACE('',(#3278),#3460,.F.);
#3576=ADVANCED_FACE('',(#3279),#48,.T.);
#3577=ADVANCED_FACE('',(#3280),#3461,.F.);
#3578=ADVANCED_FACE('',(#3281),#3462,.T.);
#3579=ADVANCED_FACE('',(#3282),#3463,.F.);
#3580=ADVANCED_FACE('',(#3283),#3464,.F.);
#3581=ADVANCED_FACE('',(#3284),#3465,.F.);
#3582=ADVANCED_FACE('',(#3285),#3466,.F.);
#3583=ADVANCED_FACE('',(#3286),#3467,.F.);
#3584=ADVANCED_FACE('',(#3287),#3468,.T.);
#3585=ADVANCED_FACE('',(#3288),#3469,.F.);
#3586=ADVANCED_FACE('',(#3289),#3470,.T.);
#3587=ADVANCED_FACE('',(#3290),#3471,.T.);
#3588=ADVANCED_FACE('',(#3291),#49,.T.);
#3589=ADVANCED_FACE('',(#3292),#3472,.F.);
#3590=ADVANCED_FACE('',(#3293),#3473,.F.);
#3591=ADVANCED_FACE('',(#3294),#3474,.F.);
#3592=ADVANCED_FACE('',(#3295),#3475,.T.);
#3593=ADVANCED_FACE('',(#3296),#50,.T.);
#3594=ADVANCED_FACE('',(#3297),#3476,.F.);
#3595=ADVANCED_FACE('',(#3298),#3477,.F.);
#3596=ADVANCED_FACE('',(#3299),#3478,.F.);
#3597=ADVANCED_FACE('',(#3300),#3479,.F.);
#3598=ADVANCED_FACE('',(#3301),#3480,.T.);
#3599=ADVANCED_FACE('',(#3302),#3481,.T.);
#3600=ADVANCED_FACE('',(#3303),#3482,.F.);
#3601=ADVANCED_FACE('',(#3304),#3483,.F.);
#3602=ADVANCED_FACE('',(#3305),#3484,.F.);
#3603=ADVANCED_FACE('',(#3306),#3485,.F.);
#3604=ADVANCED_FACE('',(#3307),#3486,.T.);
#3605=ADVANCED_FACE('',(#3308),#3487,.T.);
#3606=ADVANCED_FACE('',(#3309),#3488,.T.);
#3607=ADVANCED_FACE('',(#3310),#3489,.T.);
#3608=ADVANCED_FACE('',(#3311),#3490,.T.);
#3609=ADVANCED_FACE('',(#3312),#3491,.T.);
#3610=ADVANCED_FACE('',(#3313),#3492,.T.);
#3611=ADVANCED_FACE('',(#3314),#3493,.T.);
#3612=ADVANCED_FACE('',(#3315),#51,.T.);
#3613=ADVANCED_FACE('',(#3316),#52,.T.);
#3614=ADVANCED_FACE('',(#3317),#3494,.T.);
#3615=ADVANCED_FACE('',(#3318),#3495,.T.);
#3616=ADVANCED_FACE('',(#3319),#3496,.F.);
#3617=ADVANCED_FACE('',(#3320),#53,.F.);
#3618=ADVANCED_FACE('',(#3321),#54,.F.);
#3619=ADVANCED_FACE('',(#3322),#55,.F.);
#3620=ADVANCED_FACE('',(#3323),#56,.F.);
#3621=ADVANCED_FACE('',(#3324),#57,.F.);
#3622=ADVANCED_FACE('',(#3325),#58,.F.);
#3623=ADVANCED_FACE('',(#3326),#59,.F.);
#3624=ADVANCED_FACE('',(#3327),#60,.F.);
#3625=ADVANCED_FACE('',(#3328),#61,.F.);
#3626=ADVANCED_FACE('',(#3329),#62,.F.);
#3627=ADVANCED_FACE('',(#3330),#63,.F.);
#3628=ADVANCED_FACE('',(#3331),#64,.F.);
#3629=ADVANCED_FACE('',(#3332),#65,.F.);
#3630=ADVANCED_FACE('',(#3333),#66,.F.);
#3631=ADVANCED_FACE('',(#3334),#67,.F.);
#3632=ADVANCED_FACE('',(#3335),#68,.F.);
#3633=ADVANCED_FACE('',(#3336),#69,.F.);
#3634=ADVANCED_FACE('',(#3337),#70,.F.);
#3635=ADVANCED_FACE('',(#3338),#71,.F.);
#3636=ADVANCED_FACE('',(#3339),#72,.F.);
#3637=ADVANCED_FACE('',(#3340),#73,.F.);
#3638=ADVANCED_FACE('',(#3341),#74,.F.);
#3639=ADVANCED_FACE('',(#3342),#75,.F.);
#3640=ADVANCED_FACE('',(#3343),#76,.F.);
#3641=ADVANCED_FACE('',(#3344),#77,.F.);
#3642=ADVANCED_FACE('',(#3345),#78,.F.);
#3643=ADVANCED_FACE('',(#3346),#79,.F.);
#3644=ADVANCED_FACE('',(#3347),#80,.F.);
#3645=ADVANCED_FACE('',(#3348),#81,.F.);
#3646=ADVANCED_FACE('',(#3349),#82,.F.);
#3647=ADVANCED_FACE('',(#3350),#83,.F.);
#3648=ADVANCED_FACE('',(#3351),#84,.F.);
#3649=ADVANCED_FACE('',(#3352),#85,.F.);
#3650=ADVANCED_FACE('',(#3353),#86,.F.);
#3651=ADVANCED_FACE('',(#3354),#87,.F.);
#3652=ADVANCED_FACE('',(#3355),#88,.F.);
#3653=ADVANCED_FACE('',(#3356),#89,.F.);
#3654=ADVANCED_FACE('',(#3357),#90,.F.);
#3655=ADVANCED_FACE('',(#3358),#91,.F.);
#3656=ADVANCED_FACE('',(#3359),#92,.F.);
#3657=ADVANCED_FACE('',(#3360),#93,.F.);
#3658=ADVANCED_FACE('',(#3361),#94,.F.);
#3659=ADVANCED_FACE('',(#3362),#95,.F.);
#3660=ADVANCED_FACE('',(#3363),#96,.F.);
#3661=ADVANCED_FACE('',(#3364),#97,.F.);
#3662=ADVANCED_FACE('',(#3365),#98,.F.);
#3663=ADVANCED_FACE('',(#3366),#99,.F.);
#3664=ADVANCED_FACE('',(#3367),#100,.F.);
#3665=ADVANCED_FACE('',(#3368),#101,.F.);
#3666=ADVANCED_FACE('',(#3369),#102,.F.);
#3667=ADVANCED_FACE('',(#3370),#103,.F.);
#3668=ADVANCED_FACE('',(#3371),#104,.F.);
#3669=ADVANCED_FACE('',(#3372),#105,.F.);
#3670=ADVANCED_FACE('',(#3373),#106,.F.);
#3671=ADVANCED_FACE('',(#3374),#107,.F.);
#3672=ADVANCED_FACE('',(#3375),#108,.F.);
#3673=ADVANCED_FACE('',(#3376),#109,.F.);
#3674=ADVANCED_FACE('',(#3377),#110,.F.);
#3675=ADVANCED_FACE('',(#3378),#111,.F.);
#3676=ADVANCED_FACE('',(#3379),#112,.F.);
#3677=ADVANCED_FACE('',(#3380),#113,.F.);
#3678=ADVANCED_FACE('',(#3381),#114,.F.);
#3679=ADVANCED_FACE('',(#3382,#3383),#115,.F.);
#3680=ADVANCED_FACE('',(#3384,#3385),#3497,.T.);
#3681=ADVANCED_FACE('',(#3386,#3387,#3388,#3389,#3390,#3391,#3392,#3393,
#3394,#3395,#3396,#3397,#3398,#3399,#3400,#3401,#3402,#3403,#3404,#3405,
#3406,#3407,#3408,#3409,#3410,#3411,#3412,#3413,#3414,#3415),#3498,.T.);
#3682=ADVANCED_FACE('',(#3416,#3417),#3499,.T.);
#3683=ADVANCED_FACE('',(#3418),#116,.F.);
#3684=ADVANCED_FACE('',(#3419,#3420),#3500,.T.);
#3685=ADVANCED_FACE('',(#3421,#3422),#3501,.T.);
#3686=CLOSED_SHELL('',(#3502,#3503,#3504,#3505,#3506,#3507,#3508,#3509,
#3510,#3511,#3512,#3513,#3514,#3515,#3516,#3517,#3518,#3519,#3520,#3521,
#3522,#3523,#3524,#3525,#3526,#3527,#3528,#3529,#3530,#3531,#3532,#3533,
#3534,#3535,#3536,#3537,#3538,#3539,#3540,#3541,#3542,#3543,#3544,#3545,
#3546,#3547,#3548,#3549,#3550,#3551,#3552,#3553,#3554,#3555,#3556,#3557,
#3558,#3559,#3560,#3561,#3562,#3563,#3564,#3565,#3566,#3567,#3568,#3569,
#3570,#3571,#3572,#3573,#3574,#3575,#3576,#3577,#3578,#3579,#3580,#3581,
#3582,#3583,#3584,#3585,#3586,#3587,#3588,#3589,#3590,#3591,#3592,#3593,
#3594,#3595,#3596,#3597,#3598,#3599,#3600,#3601,#3602,#3603,#3604,#3605,
#3606,#3607,#3608,#3609,#3610,#3611,#3612,#3613,#3614,#3615,#3616,#3617,
#3618,#3619,#3620,#3621,#3622,#3623,#3624,#3625,#3626,#3627,#3628,#3629,
#3630,#3631,#3632,#3633,#3634,#3635,#3636,#3637,#3638,#3639,#3640,#3641,
#3642,#3643,#3644,#3645,#3646,#3647,#3648,#3649,#3650,#3651,#3652,#3653,
#3654,#3655,#3656,#3657,#3658,#3659,#3660,#3661,#3662,#3663,#3664,#3665,
#3666,#3667,#3668,#3669,#3670,#3671,#3672,#3673,#3674,#3675,#3676,#3677,
#3678,#3679,#3680,#3681,#3682,#3683,#3684,#3685));
#3687=STYLED_ITEM('',(#3688),#3695);
#3688=PRESENTATION_STYLE_ASSIGNMENT((#3689));
#3689=SURFACE_STYLE_USAGE(.BOTH.,#3690);
#3690=SURFACE_SIDE_STYLE('',(#3691));
#3691=SURFACE_STYLE_FILL_AREA(#3692);
#3692=FILL_AREA_STYLE('',(#3693));
#3693=FILL_AREA_STYLE_COLOUR('',#3694);
#3694=COLOUR_RGB('',0.6,0.580392156862745,0.529411764705882);
#3695=MANIFOLD_SOLID_BREP('btrshftr Mount Plate 1',#3686);
#3696=SHAPE_DEFINITION_REPRESENTATION(#6295,#3697);
#3697=SHAPE_REPRESENTATION('btrshftr Mount Plate 1',(#3698),#6290);
#3698=AXIS2_PLACEMENT_3D('',#5213,#4098,#4099);
#3699=AXIS2_PLACEMENT_3D('',#5214,#4100,#4101);
#3700=AXIS2_PLACEMENT_3D('',#5218,#4103,#4104);
#3701=AXIS2_PLACEMENT_3D('',#5222,#4106,#4107);
#3702=AXIS2_PLACEMENT_3D('',#5226,#4109,#4110);
#3703=AXIS2_PLACEMENT_3D('',#5230,#4112,#4113);
#3704=AXIS2_PLACEMENT_3D('',#5231,#4114,#4115);
#3705=AXIS2_PLACEMENT_3D('',#5234,#4116,#4117);
#3706=AXIS2_PLACEMENT_3D('',#5238,#4119,#4120);
#3707=AXIS2_PLACEMENT_3D('',#5242,#4122,#4123);
#3708=AXIS2_PLACEMENT_3D('',#5248,#4126,#4127);
#3709=AXIS2_PLACEMENT_3D('',#5252,#4129,#4130);
#3710=AXIS2_PLACEMENT_3D('',#5256,#4132,#4133);
#3711=AXIS2_PLACEMENT_3D('',#5260,#4135,#4136);
#3712=AXIS2_PLACEMENT_3D('',#5261,#4137,#4138);
#3713=AXIS2_PLACEMENT_3D('',#5264,#4139,#4140);
#3714=AXIS2_PLACEMENT_3D('',#5268,#4142,#4143);
#3715=AXIS2_PLACEMENT_3D('',#5272,#4145,#4146);
#3716=AXIS2_PLACEMENT_3D('',#5276,#4148,#4149);
#3717=AXIS2_PLACEMENT_3D('',#5277,#4150,#4151);
#3718=AXIS2_PLACEMENT_3D('',#5280,#4152,#4153);
#3719=AXIS2_PLACEMENT_3D('',#5284,#4155,#4156);
#3720=AXIS2_PLACEMENT_3D('',#5288,#4158,#4159);
#3721=AXIS2_PLACEMENT_3D('',#5294,#4162,#4163);
#3722=AXIS2_PLACEMENT_3D('',#5298,#4165,#4166);
#3723=AXIS2_PLACEMENT_3D('',#5302,#4168,#4169);
#3724=AXIS2_PLACEMENT_3D('',#5303,#4170,#4171);
#3725=AXIS2_PLACEMENT_3D('',#5306,#4172,#4173);
#3726=AXIS2_PLACEMENT_3D('',#5310,#4175,#4176);
#3727=AXIS2_PLACEMENT_3D('',#5314,#4178,#4179);
#3728=AXIS2_PLACEMENT_3D('',#5320,#4182,#4183);
#3729=AXIS2_PLACEMENT_3D('',#5324,#4185,#4186);
#3730=AXIS2_PLACEMENT_3D('',#5328,#4188,#4189);
#3731=AXIS2_PLACEMENT_3D('',#5332,#4191,#4192);
#3732=AXIS2_PLACEMENT_3D('',#5336,#4194,#4195);
#3733=AXIS2_PLACEMENT_3D('',#5338,#4196,#4197);
#3734=AXIS2_PLACEMENT_3D('',#5340,#4198,#4199);
#3735=AXIS2_PLACEMENT_3D('',#5344,#4201,#4202);
#3736=AXIS2_PLACEMENT_3D('',#5348,#4204,#4205);
#3737=AXIS2_PLACEMENT_3D('',#5349,#4206,#4207);
#3738=AXIS2_PLACEMENT_3D('',#5351,#4208,#4209);
#3739=AXIS2_PLACEMENT_3D('',#5353,#4210,#4211);
#3740=AXIS2_PLACEMENT_3D('',#5358,#4213,#4214);
#3741=AXIS2_PLACEMENT_3D('',#5362,#4216,#4217);
#3742=AXIS2_PLACEMENT_3D('',#5364,#4218,#4219);
#3743=AXIS2_PLACEMENT_3D('',#5366,#4220,#4221);
#3744=AXIS2_PLACEMENT_3D('',#5370,#4223,#4224);
#3745=AXIS2_PLACEMENT_3D('',#5372,#4225,#4226);
#3746=AXIS2_PLACEMENT_3D('',#5373,#4227,#4228);
#3747=AXIS2_PLACEMENT_3D('',#5375,#4229,#4230);
#3748=AXIS2_PLACEMENT_3D('',#5380,#4232,#4233);
#3749=AXIS2_PLACEMENT_3D('',#5382,#4234,#4235);
#3750=AXIS2_PLACEMENT_3D('',#5384,#4236,#4237);
#3751=AXIS2_PLACEMENT_3D('',#5388,#4239,#4240);
#3752=AXIS2_PLACEMENT_3D('',#5392,#4242,#4243);
#3753=AXIS2_PLACEMENT_3D('',#5394,#4244,#4245);
#3754=AXIS2_PLACEMENT_3D('',#5395,#4246,#4247);
#3755=AXIS2_PLACEMENT_3D('',#5400,#4249,#4250);
#3756=AXIS2_PLACEMENT_3D('',#5404,#4252,#4253);
#3757=AXIS2_PLACEMENT_3D('',#5408,#4255,#4256);
#3758=AXIS2_PLACEMENT_3D('',#5411,#4258,#4259);
#3759=AXIS2_PLACEMENT_3D('',#5413,#4260,#4261);
#3760=AXIS2_PLACEMENT_3D('',#5418,#4263,#4264);
#3761=AXIS2_PLACEMENT_3D('',#5422,#4266,#4267);
#3762=AXIS2_PLACEMENT_3D('',#5426,#4269,#4270);
#3763=AXIS2_PLACEMENT_3D('',#5427,#4271,#4272);
#3764=AXIS2_PLACEMENT_3D('',#5430,#4273,#4274);
#3765=AXIS2_PLACEMENT_3D('',#5434,#4276,#4277);
#3766=AXIS2_PLACEMENT_3D('',#5438,#4279,#4280);
#3767=AXIS2_PLACEMENT_3D('',#5441,#4282,#4283);
#3768=AXIS2_PLACEMENT_3D('',#5444,#4284,#4285);
#3769=AXIS2_PLACEMENT_3D('',#5448,#4287,#4288);
#3770=AXIS2_PLACEMENT_3D('',#5452,#4290,#4291);
#3771=AXIS2_PLACEMENT_3D('',#5456,#4293,#4294);
#3772=AXIS2_PLACEMENT_3D('',#5460,#4296,#4297);
#3773=AXIS2_PLACEMENT_3D('',#5464,#4299,#4300);
#3774=AXIS2_PLACEMENT_3D('',#5466,#4301,#4302);
#3775=AXIS2_PLACEMENT_3D('',#5468,#4303,#4304);
#3776=AXIS2_PLACEMENT_3D('',#5472,#4306,#4307);
#3777=AXIS2_PLACEMENT_3D('',#5476,#4309,#4310);
#3778=AXIS2_PLACEMENT_3D('',#5480,#4312,#4313);
#3779=AXIS2_PLACEMENT_3D('',#5484,#4315,#4316);
#3780=AXIS2_PLACEMENT_3D('',#5488,#4318,#4319);
#3781=AXIS2_PLACEMENT_3D('',#5492,#4321,#4322);
#3782=AXIS2_PLACEMENT_3D('',#5494,#4323,#4324);
#3783=AXIS2_PLACEMENT_3D('',#5498,#4326,#4327);
#3784=AXIS2_PLACEMENT_3D('',#5502,#4329,#4330);
#3785=AXIS2_PLACEMENT_3D('',#5504,#4331,#4332);
#3786=AXIS2_PLACEMENT_3D('',#5506,#4333,#4334);
#3787=AXIS2_PLACEMENT_3D('',#5512,#4337,#4338);
#3788=AXIS2_PLACEMENT_3D('',#5516,#4340,#4341);
#3789=AXIS2_PLACEMENT_3D('',#5517,#4342,#4343);
#3790=AXIS2_PLACEMENT_3D('',#5522,#4345,#4346);
#3791=AXIS2_PLACEMENT_3D('',#5526,#4348,#4349);
#3792=AXIS2_PLACEMENT_3D('',#5528,#4350,#4351);
#3793=AXIS2_PLACEMENT_3D('',#5532,#4353,#4354);
#3794=AXIS2_PLACEMENT_3D('',#5536,#4356,#4357);
#3795=AXIS2_PLACEMENT_3D('',#5540,#4359,#4360);
#3796=AXIS2_PLACEMENT_3D('',#5542,#4361,#4362);
#3797=AXIS2_PLACEMENT_3D('',#5546,#4364,#4365);
#3798=AXIS2_PLACEMENT_3D('',#5550,#4367,#4368);
#3799=AXIS2_PLACEMENT_3D('',#5554,#4370,#4371);
#3800=AXIS2_PLACEMENT_3D('',#5558,#4373,#4374);
#3801=AXIS2_PLACEMENT_3D('',#5564,#4377,#4378);
#3802=AXIS2_PLACEMENT_3D('',#5565,#4379,#4380);
#3803=AXIS2_PLACEMENT_3D('',#5566,#4381,#4382);
#3804=AXIS2_PLACEMENT_3D('',#5568,#4383,#4384);
#3805=AXIS2_PLACEMENT_3D('',#5570,#4385,#4386);
#3806=AXIS2_PLACEMENT_3D('',#5573,#4388,#4389);
#3807=AXIS2_PLACEMENT_3D('',#5576,#4391,#4392);
#3808=AXIS2_PLACEMENT_3D('',#5580,#4395,#4396);
#3809=AXIS2_PLACEMENT_3D('',#5583,#4398,#4399);
#3810=AXIS2_PLACEMENT_3D('',#5584,#4400,#4401);
#3811=AXIS2_PLACEMENT_3D('',#5588,#4404,#4405);
#3812=AXIS2_PLACEMENT_3D('',#5591,#4407,#4408);
#3813=AXIS2_PLACEMENT_3D('',#5592,#4409,#4410);
#3814=AXIS2_PLACEMENT_3D('',#5596,#4413,#4414);
#3815=AXIS2_PLACEMENT_3D('',#5599,#4416,#4417);
#3816=AXIS2_PLACEMENT_3D('',#5600,#4418,#4419);
#3817=AXIS2_PLACEMENT_3D('',#5603,#4421,#4422);
#3818=AXIS2_PLACEMENT_3D('',#5606,#4424,#4425);
#3819=AXIS2_PLACEMENT_3D('',#5609,#4427,#4428);
#3820=AXIS2_PLACEMENT_3D('',#5610,#4429,#4430);
#3821=AXIS2_PLACEMENT_3D('',#5613,#4432,#4433);
#3822=AXIS2_PLACEMENT_3D('',#5614,#4434,#4435);
#3823=AXIS2_PLACEMENT_3D('',#5618,#4438,#4439);
#3824=AXIS2_PLACEMENT_3D('',#5621,#4441,#4442);
#3825=AXIS2_PLACEMENT_3D('',#5622,#4443,#4444);
#3826=AXIS2_PLACEMENT_3D('',#5626,#4447,#4448);
#3827=AXIS2_PLACEMENT_3D('',#5629,#4450,#4451);
#3828=AXIS2_PLACEMENT_3D('',#5630,#4452,#4453);
#3829=AXIS2_PLACEMENT_3D('',#5633,#4455,#4456);
#3830=AXIS2_PLACEMENT_3D('',#5634,#4457,#4458);
#3831=AXIS2_PLACEMENT_3D('',#5637,#4460,#4461);
#3832=AXIS2_PLACEMENT_3D('',#5638,#4462,#4463);
#3833=AXIS2_PLACEMENT_3D('',#5641,#4465,#4466);
#3834=AXIS2_PLACEMENT_3D('',#5644,#4468,#4469);
#3835=AXIS2_PLACEMENT_3D('',#5647,#4471,#4472);
#3836=AXIS2_PLACEMENT_3D('',#5648,#4473,#4474);
#3837=AXIS2_PLACEMENT_3D('',#5651,#4476,#4477);
#3838=AXIS2_PLACEMENT_3D('',#5652,#4478,#4479);
#3839=AXIS2_PLACEMENT_3D('',#5656,#4482,#4483);
#3840=AXIS2_PLACEMENT_3D('',#5659,#4485,#4486);
#3841=AXIS2_PLACEMENT_3D('',#5660,#4487,#4488);
#3842=AXIS2_PLACEMENT_3D('',#5663,#4490,#4491);
#3843=AXIS2_PLACEMENT_3D('',#5664,#4492,#4493);
#3844=AXIS2_PLACEMENT_3D('',#5667,#4495,#4496);
#3845=AXIS2_PLACEMENT_3D('',#5668,#4497,#4498);
#3846=AXIS2_PLACEMENT_3D('',#5672,#4501,#4502);
#3847=AXIS2_PLACEMENT_3D('',#5675,#4504,#4505);
#3848=AXIS2_PLACEMENT_3D('',#5676,#4506,#4507);
#3849=AXIS2_PLACEMENT_3D('',#5682,#4511,#4512);
#3850=AXIS2_PLACEMENT_3D('',#5685,#4514,#4515);
#3851=AXIS2_PLACEMENT_3D('',#5690,#4518,#4519);
#3852=AXIS2_PLACEMENT_3D('',#5691,#4520,#4521);
#3853=AXIS2_PLACEMENT_3D('',#5693,#4522,#4523);
#3854=AXIS2_PLACEMENT_3D('',#5697,#4526,#4527);
#3855=AXIS2_PLACEMENT_3D('',#5700,#4529,#4530);
#3856=AXIS2_PLACEMENT_3D('',#5701,#4531,#4532);
#3857=AXIS2_PLACEMENT_3D('',#5703,#4533,#4534);
#3858=AXIS2_PLACEMENT_3D('',#5707,#4537,#4538);
#3859=AXIS2_PLACEMENT_3D('',#5710,#4540,#4541);
#3860=AXIS2_PLACEMENT_3D('',#5711,#4542,#4543);
#3861=AXIS2_PLACEMENT_3D('',#5715,#4546,#4547);
#3862=AXIS2_PLACEMENT_3D('',#5719,#4550,#4551);
#3863=AXIS2_PLACEMENT_3D('',#5722,#4553,#4554);
#3864=AXIS2_PLACEMENT_3D('',#5723,#4555,#4556);
#3865=AXIS2_PLACEMENT_3D('',#5727,#4559,#4560);
#3866=AXIS2_PLACEMENT_3D('',#5730,#4562,#4563);
#3867=AXIS2_PLACEMENT_3D('',#5731,#4564,#4565);
#3868=AXIS2_PLACEMENT_3D('',#5733,#4566,#4567);
#3869=AXIS2_PLACEMENT_3D('',#5737,#4570,#4571);
#3870=AXIS2_PLACEMENT_3D('',#5740,#4573,#4574);
#3871=AXIS2_PLACEMENT_3D('',#5741,#4575,#4576);
#3872=AXIS2_PLACEMENT_3D('',#5742,#4577,#4578);
#3873=AXIS2_PLACEMENT_3D('',#5744,#4579,#4580);
#3874=AXIS2_PLACEMENT_3D('',#5745,#4581,#4582);
#3875=AXIS2_PLACEMENT_3D('',#5747,#4583,#4584);
#3876=AXIS2_PLACEMENT_3D('',#5749,#4586,#4587);
#3877=AXIS2_PLACEMENT_3D('',#5751,#4589,#4590);
#3878=AXIS2_PLACEMENT_3D('',#5752,#4591,#4592);
#3879=AXIS2_PLACEMENT_3D('',#5754,#4593,#4594);
#3880=AXIS2_PLACEMENT_3D('',#5756,#4596,#4597);
#3881=AXIS2_PLACEMENT_3D('',#5757,#4598,#4599);
#3882=AXIS2_PLACEMENT_3D('',#5759,#4600,#4601);
#3883=AXIS2_PLACEMENT_3D('',#5761,#4602,#4603);
#3884=AXIS2_PLACEMENT_3D('',#5762,#4604,#4605);
#3885=AXIS2_PLACEMENT_3D('',#5764,#4606,#4607);
#3886=AXIS2_PLACEMENT_3D('',#5765,#4608,#4609);
#3887=AXIS2_PLACEMENT_3D('',#5767,#4610,#4611);
#3888=AXIS2_PLACEMENT_3D('',#5771,#4614,#4615);
#3889=AXIS2_PLACEMENT_3D('',#5772,#4616,#4617);
#3890=AXIS2_PLACEMENT_3D('',#5774,#4618,#4619);
#3891=AXIS2_PLACEMENT_3D('',#5776,#4620,#4621);
#3892=AXIS2_PLACEMENT_3D('',#5777,#4622,#4623);
#3893=AXIS2_PLACEMENT_3D('',#5779,#4624,#4625);
#3894=AXIS2_PLACEMENT_3D('',#5781,#4626,#4627);
#3895=AXIS2_PLACEMENT_3D('',#5787,#4631,#4632);
#3896=AXIS2_PLACEMENT_3D('',#5790,#4634,#4635);
#3897=AXIS2_PLACEMENT_3D('',#5793,#4637,#4638);
#3898=AXIS2_PLACEMENT_3D('',#5799,#4642,#4643);
#3899=AXIS2_PLACEMENT_3D('',#5805,#4647,#4648);
#3900=AXIS2_PLACEMENT_3D('',#5811,#4652,#4653);
#3901=AXIS2_PLACEMENT_3D('',#5817,#4657,#4658);
#3902=AXIS2_PLACEMENT_3D('',#5823,#4662,#4663);
#3903=AXIS2_PLACEMENT_3D('',#5829,#4667,#4668);
#3904=AXIS2_PLACEMENT_3D('',#5835,#4672,#4673);
#3905=AXIS2_PLACEMENT_3D('',#5841,#4677,#4678);
#3906=AXIS2_PLACEMENT_3D('',#5847,#4682,#4683);
#3907=AXIS2_PLACEMENT_3D('',#5853,#4687,#4688);
#3908=AXIS2_PLACEMENT_3D('',#5859,#4692,#4693);
#3909=AXIS2_PLACEMENT_3D('',#5865,#4697,#4698);
#3910=AXIS2_PLACEMENT_3D('',#5871,#4702,#4703);
#3911=AXIS2_PLACEMENT_3D('',#5877,#4707,#4708);
#3912=AXIS2_PLACEMENT_3D('',#5881,#4711,#4712);
#3913=AXIS2_PLACEMENT_3D('',#5882,#4713,#4714);
#3914=AXIS2_PLACEMENT_3D('',#5885,#4716,#4717);
#3915=AXIS2_PLACEMENT_3D('',#5886,#4718,#4719);
#3916=AXIS2_PLACEMENT_3D('',#5889,#4721,#4722);
#3917=AXIS2_PLACEMENT_3D('',#5895,#4726,#4727);
#3918=AXIS2_PLACEMENT_3D('',#5901,#4731,#4732);
#3919=AXIS2_PLACEMENT_3D('',#5907,#4736,#4737);
#3920=AXIS2_PLACEMENT_3D('',#5910,#4739,#4740);
#3921=AXIS2_PLACEMENT_3D('',#5913,#4742,#4743);
#3922=AXIS2_PLACEMENT_3D('',#5919,#4747,#4748);
#3923=AXIS2_PLACEMENT_3D('',#5925,#4752,#4753);
#3924=AXIS2_PLACEMENT_3D('',#5931,#4757,#4758);
#3925=AXIS2_PLACEMENT_3D('',#5937,#4762,#4763);
#3926=AXIS2_PLACEMENT_3D('',#5943,#4767,#4768);
#3927=AXIS2_PLACEMENT_3D('',#5949,#4772,#4773);
#3928=AXIS2_PLACEMENT_3D('',#5955,#4777,#4778);
#3929=AXIS2_PLACEMENT_3D('',#5961,#4782,#4783);
#3930=AXIS2_PLACEMENT_3D('',#5967,#4787,#4788);
#3931=AXIS2_PLACEMENT_3D('',#5973,#4792,#4793);
#3932=AXIS2_PLACEMENT_3D('',#5979,#4797,#4798);
#3933=AXIS2_PLACEMENT_3D('',#5982,#4800,#4801);
#3934=AXIS2_PLACEMENT_3D('',#5985,#4803,#4804);
#3935=AXIS2_PLACEMENT_3D('',#5991,#4808,#4809);
#3936=AXIS2_PLACEMENT_3D('',#5997,#4813,#4814);
#3937=AXIS2_PLACEMENT_3D('',#6003,#4818,#4819);
#3938=AXIS2_PLACEMENT_3D('',#6009,#4823,#4824);
#3939=AXIS2_PLACEMENT_3D('',#6012,#4826,#4827);
#3940=AXIS2_PLACEMENT_3D('',#6015,#4829,#4830);
#3941=AXIS2_PLACEMENT_3D('',#6021,#4834,#4835);
#3942=AXIS2_PLACEMENT_3D('',#6027,#4839,#4840);
#3943=AXIS2_PLACEMENT_3D('',#6033,#4844,#4845);
#3944=AXIS2_PLACEMENT_3D('',#6039,#4849,#4850);
#3945=AXIS2_PLACEMENT_3D('',#6045,#4854,#4855);
#3946=AXIS2_PLACEMENT_3D('',#6051,#4859,#4860);
#3947=AXIS2_PLACEMENT_3D('',#6057,#4864,#4865);
#3948=AXIS2_PLACEMENT_3D('',#6063,#4869,#4870);
#3949=AXIS2_PLACEMENT_3D('',#6069,#4874,#4875);
#3950=AXIS2_PLACEMENT_3D('',#6075,#4879,#4880);
#3951=AXIS2_PLACEMENT_3D('',#6081,#4884,#4885);
#3952=AXIS2_PLACEMENT_3D('',#6087,#4889,#4890);
#3953=AXIS2_PLACEMENT_3D('',#6093,#4894,#4895);
#3954=AXIS2_PLACEMENT_3D('',#6099,#4899,#4900);
#3955=AXIS2_PLACEMENT_3D('',#6105,#4904,#4905);
#3956=AXIS2_PLACEMENT_3D('',#6111,#4909,#4910);
#3957=AXIS2_PLACEMENT_3D('',#6117,#4914,#4915);
#3958=AXIS2_PLACEMENT_3D('',#6123,#4919,#4920);
#3959=AXIS2_PLACEMENT_3D('',#6126,#4922,#4923);
#3960=AXIS2_PLACEMENT_3D('',#6129,#4925,#4926);
#3961=AXIS2_PLACEMENT_3D('',#6130,#4927,#4928);
#3962=AXIS2_PLACEMENT_3D('',#6133,#4930,#4931);
#3963=AXIS2_PLACEMENT_3D('',#6137,#4934,#4935);
#3964=AXIS2_PLACEMENT_3D('',#6141,#4938,#4939);
#3965=AXIS2_PLACEMENT_3D('',#6147,#4943,#4944);
#3966=AXIS2_PLACEMENT_3D('',#6150,#4946,#4947);
#3967=AXIS2_PLACEMENT_3D('',#6151,#4948,#4949);
#3968=AXIS2_PLACEMENT_3D('',#6152,#4950,#4951);
#3969=AXIS2_PLACEMENT_3D('',#6153,#4952,#4953);
#3970=AXIS2_PLACEMENT_3D('',#6154,#4954,#4955);
#3971=AXIS2_PLACEMENT_3D('',#6155,#4956,#4957);
#3972=AXIS2_PLACEMENT_3D('',#6156,#4958,#4959);
#3973=AXIS2_PLACEMENT_3D('',#6157,#4960,#4961);
#3974=AXIS2_PLACEMENT_3D('',#6158,#4962,#4963);
#3975=AXIS2_PLACEMENT_3D('',#6159,#4964,#4965);
#3976=AXIS2_PLACEMENT_3D('',#6160,#4966,#4967);
#3977=AXIS2_PLACEMENT_3D('',#6161,#4968,#4969);
#3978=AXIS2_PLACEMENT_3D('',#6162,#4970,#4971);
#3979=AXIS2_PLACEMENT_3D('',#6163,#4972,#4973);
#3980=AXIS2_PLACEMENT_3D('',#6164,#4974,#4975);
#3981=AXIS2_PLACEMENT_3D('',#6165,#4976,#4977);
#3982=AXIS2_PLACEMENT_3D('',#6166,#4978,#4979);
#3983=AXIS2_PLACEMENT_3D('',#6167,#4980,#4981);
#3984=AXIS2_PLACEMENT_3D('',#6168,#4982,#4983);
#3985=AXIS2_PLACEMENT_3D('',#6169,#4984,#4985);
#3986=AXIS2_PLACEMENT_3D('',#6170,#4986,#4987);
#3987=AXIS2_PLACEMENT_3D('',#6171,#4988,#4989);
#3988=AXIS2_PLACEMENT_3D('',#6172,#4990,#4991);
#3989=AXIS2_PLACEMENT_3D('',#6173,#4992,#4993);
#3990=AXIS2_PLACEMENT_3D('',#6174,#4994,#4995);
#3991=AXIS2_PLACEMENT_3D('',#6175,#4996,#4997);
#3992=AXIS2_PLACEMENT_3D('',#6176,#4998,#4999);
#3993=AXIS2_PLACEMENT_3D('',#6177,#5000,#5001);
#3994=AXIS2_PLACEMENT_3D('',#6178,#5002,#5003);
#3995=AXIS2_PLACEMENT_3D('',#6179,#5004,#5005);
#3996=AXIS2_PLACEMENT_3D('',#6180,#5006,#5007);
#3997=AXIS2_PLACEMENT_3D('',#6181,#5008,#5009);
#3998=AXIS2_PLACEMENT_3D('',#6182,#5010,#5011);
#3999=AXIS2_PLACEMENT_3D('',#6183,#5012,#5013);
#4000=AXIS2_PLACEMENT_3D('',#6184,#5014,#5015);
#4001=AXIS2_PLACEMENT_3D('',#6185,#5016,#5017);
#4002=AXIS2_PLACEMENT_3D('',#6186,#5018,#5019);
#4003=AXIS2_PLACEMENT_3D('',#6187,#5020,#5021);
#4004=AXIS2_PLACEMENT_3D('',#6188,#5022,#5023);
#4005=AXIS2_PLACEMENT_3D('',#6189,#5024,#5025);
#4006=AXIS2_PLACEMENT_3D('',#6190,#5026,#5027);
#4007=AXIS2_PLACEMENT_3D('',#6191,#5028,#5029);
#4008=AXIS2_PLACEMENT_3D('',#6192,#5030,#5031);
#4009=AXIS2_PLACEMENT_3D('',#6193,#5032,#5033);
#4010=AXIS2_PLACEMENT_3D('',#6196,#5035,#5036);
#4011=AXIS2_PLACEMENT_3D('',#6197,#5037,#5038);
#4012=AXIS2_PLACEMENT_3D('',#6198,#5039,#5040);
#4013=AXIS2_PLACEMENT_3D('',#6199,#5041,#5042);
#4014=AXIS2_PLACEMENT_3D('',#6202,#5044,#5045);
#4015=AXIS2_PLACEMENT_3D('',#6203,#5046,#5047);
#4016=AXIS2_PLACEMENT_3D('',#6204,#5048,#5049);
#4017=AXIS2_PLACEMENT_3D('',#6205,#5050,#5051);
#4018=AXIS2_PLACEMENT_3D('',#6206,#5052,#5053);
#4019=AXIS2_PLACEMENT_3D('',#6207,#5054,#5055);
#4020=AXIS2_PLACEMENT_3D('',#6208,#5056,#5057);
#4021=AXIS2_PLACEMENT_3D('',#6209,#5058,#5059);
#4022=AXIS2_PLACEMENT_3D('',#6212,#5061,#5062);
#4023=AXIS2_PLACEMENT_3D('',#6213,#5063,#5064);
#4024=AXIS2_PLACEMENT_3D('',#6214,#5065,#5066);
#4025=AXIS2_PLACEMENT_3D('',#6215,#5067,#5068);
#4026=AXIS2_PLACEMENT_3D('',#6216,#5069,#5070);
#4027=AXIS2_PLACEMENT_3D('',#6217,#5071,#5072);
#4028=AXIS2_PLACEMENT_3D('',#6218,#5073,#5074);
#4029=AXIS2_PLACEMENT_3D('',#6219,#5075,#5076);
#4030=AXIS2_PLACEMENT_3D('',#6220,#5077,#5078);
#4031=AXIS2_PLACEMENT_3D('',#6221,#5079,#5080);
#4032=AXIS2_PLACEMENT_3D('',#6222,#5081,#5082);
#4033=AXIS2_PLACEMENT_3D('',#6223,#5083,#5084);
#4034=AXIS2_PLACEMENT_3D('',#6224,#5085,#5086);
#4035=AXIS2_PLACEMENT_3D('',#6225,#5087,#5088);
#4036=AXIS2_PLACEMENT_3D('',#6226,#5089,#5090);
#4037=AXIS2_PLACEMENT_3D('',#6227,#5091,#5092);
#4038=AXIS2_PLACEMENT_3D('',#6228,#5093,#5094);
#4039=AXIS2_PLACEMENT_3D('',#6229,#5095,#5096);
#4040=AXIS2_PLACEMENT_3D('',#6230,#5097,#5098);
#4041=AXIS2_PLACEMENT_3D('',#6231,#5099,#5100);
#4042=AXIS2_PLACEMENT_3D('',#6232,#5101,#5102);
#4043=AXIS2_PLACEMENT_3D('',#6233,#5103,#5104);
#4044=AXIS2_PLACEMENT_3D('',#6234,#5105,#5106);
#4045=AXIS2_PLACEMENT_3D('',#6235,#5107,#5108);
#4046=AXIS2_PLACEMENT_3D('',#6236,#5109,#5110);
#4047=AXIS2_PLACEMENT_3D('',#6237,#5111,#5112);
#4048=AXIS2_PLACEMENT_3D('',#6238,#5113,#5114);
#4049=AXIS2_PLACEMENT_3D('',#6239,#5115,#5116);
#4050=AXIS2_PLACEMENT_3D('',#6240,#5117,#5118);
#4051=AXIS2_PLACEMENT_3D('',#6241,#5119,#5120);
#4052=AXIS2_PLACEMENT_3D('',#6242,#5121,#5122);
#4053=AXIS2_PLACEMENT_3D('',#6243,#5123,#5124);
#4054=AXIS2_PLACEMENT_3D('',#6244,#5125,#5126);
#4055=AXIS2_PLACEMENT_3D('',#6245,#5127,#5128);
#4056=AXIS2_PLACEMENT_3D('',#6246,#5129,#5130);
#4057=AXIS2_PLACEMENT_3D('',#6247,#5131,#5132);
#4058=AXIS2_PLACEMENT_3D('',#6248,#5133,#5134);
#4059=AXIS2_PLACEMENT_3D('',#6249,#5135,#5136);
#4060=AXIS2_PLACEMENT_3D('',#6250,#5137,#5138);
#4061=AXIS2_PLACEMENT_3D('',#6251,#5139,#5140);
#4062=AXIS2_PLACEMENT_3D('',#6252,#5141,#5142);
#4063=AXIS2_PLACEMENT_3D('',#6253,#5143,#5144);
#4064=AXIS2_PLACEMENT_3D('',#6254,#5145,#5146);
#4065=AXIS2_PLACEMENT_3D('',#6255,#5147,#5148);
#4066=AXIS2_PLACEMENT_3D('',#6256,#5149,#5150);
#4067=AXIS2_PLACEMENT_3D('',#6257,#5151,#5152);
#4068=AXIS2_PLACEMENT_3D('',#6258,#5153,#5154);
#4069=AXIS2_PLACEMENT_3D('',#6259,#5155,#5156);
#4070=AXIS2_PLACEMENT_3D('',#6260,#5157,#5158);
#4071=AXIS2_PLACEMENT_3D('',#6261,#5159,#5160);
#4072=AXIS2_PLACEMENT_3D('',#6262,#5161,#5162);
#4073=AXIS2_PLACEMENT_3D('',#6263,#5163,#5164);
#4074=AXIS2_PLACEMENT_3D('',#6264,#5165,#5166);
#4075=AXIS2_PLACEMENT_3D('',#6265,#5167,#5168);
#4076=AXIS2_PLACEMENT_3D('',#6266,#5169,#5170);
#4077=AXIS2_PLACEMENT_3D('',#6267,#5171,#5172);
#4078=AXIS2_PLACEMENT_3D('',#6268,#5173,#5174);
#4079=AXIS2_PLACEMENT_3D('',#6269,#5175,#5176);
#4080=AXIS2_PLACEMENT_3D('',#6270,#5177,#5178);
#4081=AXIS2_PLACEMENT_3D('',#6271,#5179,#5180);
#4082=AXIS2_PLACEMENT_3D('',#6272,#5181,#5182);
#4083=AXIS2_PLACEMENT_3D('',#6273,#5183,#5184);
#4084=AXIS2_PLACEMENT_3D('',#6274,#5185,#5186);
#4085=AXIS2_PLACEMENT_3D('',#6275,#5187,#5188);
#4086=AXIS2_PLACEMENT_3D('',#6276,#5189,#5190);
#4087=AXIS2_PLACEMENT_3D('',#6277,#5191,#5192);
#4088=AXIS2_PLACEMENT_3D('',#6278,#5193,#5194);
#4089=AXIS2_PLACEMENT_3D('',#6279,#5195,#5196);
#4090=AXIS2_PLACEMENT_3D('',#6280,#5197,#5198);
#4091=AXIS2_PLACEMENT_3D('',#6282,#5199,#5200);
#4092=AXIS2_PLACEMENT_3D('',#6283,#5201,#5202);
#4093=AXIS2_PLACEMENT_3D('',#6284,#5203,#5204);
#4094=AXIS2_PLACEMENT_3D('',#6285,#5205,#5206);
#4095=AXIS2_PLACEMENT_3D('',#6286,#5207,#5208);
#4096=AXIS2_PLACEMENT_3D('',#6287,#5209,#5210);
#4097=AXIS2_PLACEMENT_3D('',#6288,#5211,#5212);
#4098=DIRECTION('',(0.,0.,1.));
#4099=DIRECTION('',(1.,0.,0.));
#4100=DIRECTION('',(0.,-1.,0.));
#4101=DIRECTION('',(1.,0.,0.));
#4102=DIRECTION('',(0.531267337861738,0.,0.847204234952412));
#4103=DIRECTION('',(0.,-1.,0.));
#4104=DIRECTION('',(0.,0.,-1.));
#4105=DIRECTION('',(-0.999840899204237,0.,-0.0178374964180361));
#4106=DIRECTION('',(0.,-1.,0.));
#4107=DIRECTION('',(0.,0.,-1.));
#4108=DIRECTION('',(-0.885319323165091,0.,-0.464983543827634));
#4109=DIRECTION('',(0.,-1.,0.));
#4110=DIRECTION('',(0.,0.,-1.));
#4111=DIRECTION('',(0.796389075448398,0.,-0.604784623239088));
#4112=DIRECTION('',(0.,-1.,0.));
#4113=DIRECTION('',(0.,0.,-1.));
#4114=DIRECTION('',(0.,-1.,0.));
#4115=DIRECTION('',(0.,0.,-1.));
#4116=DIRECTION('',(0.,-1.,0.));
#4117=DIRECTION('',(0.,0.,-1.));
#4118=DIRECTION('',(-0.885319323165091,0.,-0.464983543827634));
#4119=DIRECTION('',(0.,-1.,0.));
#4120=DIRECTION('',(0.,0.,-1.));
#4121=DIRECTION('',(0.89527203601116,0.,-0.445519900269824));
#4122=DIRECTION('',(0.,-1.,0.));
#4123=DIRECTION('',(0.,0.,-1.));
#4124=DIRECTION('',(0.136099322505644,0.,0.990695197532271));
#4125=DIRECTION('',(-0.796389075448398,0.,-0.604784623239088));
#4126=DIRECTION('',(0.,-1.,0.));
#4127=DIRECTION('',(0.,0.,-1.));
#4128=DIRECTION('',(0.885319323165091,0.,-0.464983543827634));
#4129=DIRECTION('',(0.,-1.,0.));
#4130=DIRECTION('',(0.,0.,-1.));
#4131=DIRECTION('',(0.999840899204237,0.,-0.0178374964180361));
#4132=DIRECTION('',(0.,-1.,0.));
#4133=DIRECTION('',(0.,0.,-1.));
#4134=DIRECTION('',(-0.531267337861738,0.,0.847204234952412));
#4135=DIRECTION('',(0.,-1.,0.));
#4136=DIRECTION('',(0.,0.,-1.));
#4137=DIRECTION('',(0.,-1.,0.));
#4138=DIRECTION('',(0.,0.,-1.));
#4139=DIRECTION('',(0.,-1.,0.));
#4140=DIRECTION('',(0.,0.,-1.));
#4141=DIRECTION('',(-0.326313145789706,0.,0.945261726129238));
#4142=DIRECTION('',(0.,-1.,0.));
#4143=DIRECTION('',(0.,0.,-1.));
#4144=DIRECTION('',(-0.89527203601116,0.,-0.445519900269823));
#4145=DIRECTION('',(0.,-1.,0.));
#4146=DIRECTION('',(0.,0.,-1.));
#4147=DIRECTION('',(-0.842136633942662,0.,0.539264211469408));
#4148=DIRECTION('',(0.,-1.,0.));
#4149=DIRECTION('',(0.,0.,-1.));
#4150=DIRECTION('',(0.,-1.,0.));
#4151=DIRECTION('',(0.,0.,-1.));
#4152=DIRECTION('',(0.,-1.,0.));
#4153=DIRECTION('',(0.,0.,-1.));
#4154=DIRECTION('',(-0.0178374964180365,0.,0.999840899204237));
#4155=DIRECTION('',(0.,-1.,0.));
#4156=DIRECTION('',(0.,0.,-1.));
#4157=DIRECTION('',(0.771147933205089,0.,0.636656002181335));
#4158=DIRECTION('',(0.,-1.,0.));
#4159=DIRECTION('',(0.,0.,-1.));
#4160=DIRECTION('',(0.796389075448399,0.,-0.604784623239087));
#4161=DIRECTION('',(-0.935529983490489,0.,0.353247292969508));
#4162=DIRECTION('',(0.,-1.,0.));
#4163=DIRECTION('',(0.,0.,-1.));
#4164=DIRECTION('',(0.519576205253107,0.,-0.854424114204873));
#4165=DIRECTION('',(0.,-1.,0.));
#4166=DIRECTION('',(0.,0.,-1.));
#4167=DIRECTION('',(0.771147933205089,0.,0.636656002181335));
#4168=DIRECTION('',(0.,-1.,0.));
#4169=DIRECTION('',(0.,0.,-1.));
#4170=DIRECTION('',(0.,-1.,0.));
#4171=DIRECTION('',(0.,0.,-1.));
#4172=DIRECTION('',(0.,-1.,0.));
#4173=DIRECTION('',(0.,0.,-1.));
#4174=DIRECTION('',(0.136099322505644,0.,0.990695197532271));
#4175=DIRECTION('',(0.,-1.,0.));
#4176=DIRECTION('',(0.,0.,-1.));
#4177=DIRECTION('',(0.842136633942662,0.,0.539264211469408));
#4178=DIRECTION('',(0.,-1.,0.));
#4179=DIRECTION('',(0.,0.,-1.));
#4180=DIRECTION('',(-0.539264211469408,0.,0.842136633942662));
#4181=DIRECTION('',(0.539197633141579,0.,-0.842179263823635));
#4182=DIRECTION('',(0.,-1.,0.));
#4183=DIRECTION('',(0.,0.,-1.));
#4184=DIRECTION('',(0.519576205253107,0.,-0.854424114204873));
#4185=DIRECTION('',(0.,-1.,0.));
#4186=DIRECTION('',(0.,0.,-1.));
#4187=DIRECTION('',(-0.519576205253107,0.,-0.854424114204873));
#4188=DIRECTION('',(0.,-1.,0.));
#4189=DIRECTION('',(0.,0.,-1.));
#4190=DIRECTION('',(1.,0.,0.));
#4191=DIRECTION('',(0.,-1.,0.));
#4192=DIRECTION('',(0.,0.,-1.));
#4193=DIRECTION('',(-0.326313145789707,0.,0.945261726129238));
#4194=DIRECTION('',(0.,-1.,0.));
#4195=DIRECTION('',(0.,0.,-1.));
#4196=DIRECTION('',(0.,-1.,0.));
#4197=DIRECTION('',(0.,0.,-1.));
#4198=DIRECTION('',(0.,-1.,0.));
#4199=DIRECTION('',(0.,0.,-1.));
#4200=DIRECTION('',(0.326313145789706,0.,0.945261726129238));
#4201=DIRECTION('',(0.,-1.,0.));
#4202=DIRECTION('',(0.,0.,-1.));
#4203=DIRECTION('',(1.,0.,0.));
#4204=DIRECTION('',(0.,-1.,0.));
#4205=DIRECTION('',(0.,0.,-1.));
#4206=DIRECTION('',(0.,-1.,0.));
#4207=DIRECTION('',(0.,0.,-1.));
#4208=DIRECTION('',(0.,-1.,0.));
#4209=DIRECTION('',(0.,0.,-1.));
#4210=DIRECTION('',(0.,1.,0.));
#4211=DIRECTION('',(0.,0.,1.));
#4212=DIRECTION('',(-0.69405479887332,0.,0.71992217368332));
#4213=DIRECTION('',(0.,1.,0.));
#4214=DIRECTION('',(0.,0.,1.));
#4215=DIRECTION('',(0.264748064295757,0.,-0.964317614923449));
#4216=DIRECTION('',(0.,1.,0.));
#4217=DIRECTION('',(0.,0.,1.));
#4218=DIRECTION('',(0.,1.,0.));
#4219=DIRECTION('',(0.,0.,1.));
#4220=DIRECTION('',(0.,1.,0.));
#4221=DIRECTION('',(0.,0.,1.));
#4222=DIRECTION('',(0.539197633141579,0.,-0.842179263823634));
#4223=DIRECTION('',(0.,1.,0.));
#4224=DIRECTION('',(0.,0.,1.));
#4225=DIRECTION('',(0.,1.,0.));
#4226=DIRECTION('',(0.,0.,1.));
#4227=DIRECTION('',(0.,-1.,0.));
#4228=DIRECTION('',(0.,0.,-1.));
#4229=DIRECTION('',(0.,-1.,0.));
#4230=DIRECTION('',(0.,0.,1.));
#4231=DIRECTION('',(-0.539197633141579,0.,-0.842179263823634));
#4232=DIRECTION('',(0.,-1.,0.));
#4233=DIRECTION('',(0.,0.,1.));
#4234=DIRECTION('',(0.,-1.,0.));
#4235=DIRECTION('',(0.,0.,1.));
#4236=DIRECTION('',(0.,-1.,0.));
#4237=DIRECTION('',(0.,0.,1.));
#4238=DIRECTION('',(-0.264748064295757,0.,-0.964317614923449));
#4239=DIRECTION('',(0.,-1.,0.));
#4240=DIRECTION('',(0.,0.,1.));
#4241=DIRECTION('',(0.69405479887332,0.,0.71992217368332));
#4242=DIRECTION('',(0.,-1.,0.));
#4243=DIRECTION('',(0.,0.,1.));
#4244=DIRECTION('',(0.,-1.,0.));
#4245=DIRECTION('',(0.,0.,1.));
#4246=DIRECTION('',(0.,1.,0.));
#4247=DIRECTION('',(0.,0.,1.));
#4248=DIRECTION('',(0.69405479887332,0.,0.71992217368332));
#4249=DIRECTION('',(0.,-1.,0.));
#4250=DIRECTION('',(0.,0.,1.));
#4251=DIRECTION('',(0.982508330324044,0.,-0.186218637208685));
#4252=DIRECTION('',(0.,1.,0.));
#4253=DIRECTION('',(0.,0.,1.));
#4254=DIRECTION('',(-0.982508330324044,0.,-0.186218637208685));
#4255=DIRECTION('',(0.,1.,0.));
#4256=DIRECTION('',(0.,0.,1.));
#4257=DIRECTION('',(-0.69405479887332,0.,0.71992217368332));
#4258=DIRECTION('',(0.,1.,0.));
#4259=DIRECTION('',(0.,0.,-1.));
#4260=DIRECTION('',(0.,-1.,0.));
#4261=DIRECTION('',(0.,0.,-1.));
#4262=DIRECTION('',(-0.519576205253107,0.,-0.854424114204873));
#4263=DIRECTION('',(0.,-1.,0.));
#4264=DIRECTION('',(0.,0.,-1.));
#4265=DIRECTION('',(0.935529983490489,0.,0.353247292969508));
#4266=DIRECTION('',(0.,-1.,0.));
#4267=DIRECTION('',(0.,0.,-1.));
#4268=DIRECTION('',(-0.771147933205089,0.,0.636656002181335));
#4269=DIRECTION('',(0.,-1.,0.));
#4270=DIRECTION('',(0.,0.,-1.));
#4271=DIRECTION('',(0.,-1.,0.));
#4272=DIRECTION('',(0.,0.,-1.));
#4273=DIRECTION('',(0.,-1.,0.));
#4274=DIRECTION('',(0.,0.,-1.));
#4275=DIRECTION('',(-0.796389075448399,0.,-0.604784623239087));
#4276=DIRECTION('',(0.,-1.,0.));
#4277=DIRECTION('',(0.,0.,-1.));
#4278=DIRECTION('',(-0.771147933205089,0.,0.636656002181335));
#4279=DIRECTION('',(0.,-1.,0.));
#4280=DIRECTION('',(0.,0.,-1.));
#4281=DIRECTION('',(0.0178374964180366,0.,0.999840899204237));
#4282=DIRECTION('',(0.,-1.,0.));
#4283=DIRECTION('',(0.,0.,-1.));
#4284=DIRECTION('',(0.,-1.,0.));
#4285=DIRECTION('',(0.,0.,-1.));
#4286=DIRECTION('',(-0.910836971459722,0.,-0.412766291528369));
#4287=DIRECTION('',(0.,-1.,0.));
#4288=DIRECTION('',(0.,0.,-1.));
#4289=DIRECTION('',(-0.935529983490489,0.,0.353247292969508));
#4290=DIRECTION('',(0.,-1.,0.));
#4291=DIRECTION('',(0.,0.,-1.));
#4292=DIRECTION('',(-0.0178374964180367,0.,0.999840899204237));
#4293=DIRECTION('',(0.,-1.,0.));
#4294=DIRECTION('',(0.,0.,-1.));
#4295=DIRECTION('',(0.89527203601116,0.,-0.445519900269823));
#4296=DIRECTION('',(0.,-1.,0.));
#4297=DIRECTION('',(0.,0.,-1.));
#4298=DIRECTION('',(0.326313145789706,0.,0.945261726129238));
#4299=DIRECTION('',(0.,-1.,0.));
#4300=DIRECTION('',(0.,0.,-1.));
#4301=DIRECTION('',(0.,-1.,0.));
#4302=DIRECTION('',(0.,0.,-1.));
#4303=DIRECTION('',(0.,-1.,0.));
#4304=DIRECTION('',(0.,0.,-1.));
#4305=DIRECTION('',(0.842136633942662,0.,0.539264211469408));
#4306=DIRECTION('',(0.,-1.,0.));
#4307=DIRECTION('',(0.,0.,-1.));
#4308=DIRECTION('',(1.,0.,0.));
#4309=DIRECTION('',(0.,-1.,0.));
#4310=DIRECTION('',(0.,0.,-1.));
#4311=DIRECTION('',(-0.531267337861738,0.,0.847204234952413));
#4312=DIRECTION('',(0.,-1.,0.));
#4313=DIRECTION('',(0.,0.,-1.));
#4314=DIRECTION('',(0.531267337861738,0.,0.847204234952413));
#4315=DIRECTION('',(0.,-1.,0.));
#4316=DIRECTION('',(0.,0.,-1.));
#4317=DIRECTION('',(-0.89527203601116,0.,-0.445519900269823));
#4318=DIRECTION('',(0.,-1.,0.));
#4319=DIRECTION('',(0.,0.,-1.));
#4320=DIRECTION('',(0.885319323165091,0.,-0.464983543827634));
#4321=DIRECTION('',(0.,-1.,0.));
#4322=DIRECTION('',(0.,0.,-1.));
#4323=DIRECTION('',(0.,-1.,0.));
#4324=DIRECTION('',(0.,0.,-1.));
#4325=DIRECTION('',(-0.136099322505644,0.,0.990695197532271));
#4326=DIRECTION('',(0.,-1.,0.));
#4327=DIRECTION('',(0.,0.,-1.));
#4328=DIRECTION('',(-0.136099322505644,0.,0.990695197532271));
#4329=DIRECTION('',(0.,1.,0.));
#4330=DIRECTION('',(0.,0.,-1.));
#4331=DIRECTION('',(0.,-1.,0.));
#4332=DIRECTION('',(0.,0.,-1.));
#4333=DIRECTION('',(0.,-1.,0.));
#4334=DIRECTION('',(0.,0.,-1.));
#4335=DIRECTION('',(-0.539197633141578,0.,-0.842179263823635));
#4336=DIRECTION('',(-0.539264211468183,0.,-0.842136633943447));
#4337=DIRECTION('',(0.,-1.,0.));
#4338=DIRECTION('',(0.,0.,-1.));
#4339=DIRECTION('',(-0.842136633942662,0.,0.539264211469408));
#4340=DIRECTION('',(0.,-1.,0.));
#4341=DIRECTION('',(0.,0.,-1.));
#4342=DIRECTION('',(0.,1.,0.));
#4343=DIRECTION('',(0.,0.,1.));
#4344=DIRECTION('',(-0.136099322505644,0.,0.990695197532271));
#4345=DIRECTION('',(0.,-1.,0.));
#4346=DIRECTION('',(0.,0.,-1.));
#4347=DIRECTION('',(0.0178374964180367,0.,0.999840899204237));
#4348=DIRECTION('',(0.,-1.,0.));
#4349=DIRECTION('',(0.,0.,-1.));
#4350=DIRECTION('',(0.,-1.,0.));
#4351=DIRECTION('',(0.,0.,-1.));
#4352=DIRECTION('',(0.0178374964180367,0.,0.999840899204237));
#4353=DIRECTION('',(0.,-1.,0.));
#4354=DIRECTION('',(0.,0.,-1.));
#4355=DIRECTION('',(0.935529983490489,0.,0.353247292969508));
#4356=DIRECTION('',(0.,-1.,0.));
#4357=DIRECTION('',(0.,0.,-1.));
#4358=DIRECTION('',(0.910836971459721,0.,-0.41276629152837));
#4359=DIRECTION('',(0.,-1.,0.));
#4360=DIRECTION('',(0.,0.,-1.));
#4361=DIRECTION('',(0.,-1.,0.));
#4362=DIRECTION('',(0.,0.,-1.));
#4363=DIRECTION('',(0.910836971459721,0.,-0.41276629152837));
#4364=DIRECTION('',(0.,-1.,0.));
#4365=DIRECTION('',(0.,0.,-1.));
#4366=DIRECTION('',(-0.910836971459722,0.,-0.412766291528369));
#4367=DIRECTION('',(0.,1.,0.));
#4368=DIRECTION('',(0.,0.,-1.));
#4369=DIRECTION('',(-0.0178374964180367,0.,0.999840899204237));
#4370=DIRECTION('',(0.,1.,0.));
#4371=DIRECTION('',(0.,0.,-1.));
#4372=DIRECTION('',(0.136099322505644,0.,0.990695197532271));
#4373=DIRECTION('',(0.,-1.,0.));
#4374=DIRECTION('',(0.,0.,-1.));
#4375=DIRECTION('',(-0.982508330324045,0.,-0.18621863720868));
#4376=DIRECTION('',(-0.982508330324045,0.,0.18621863720868));
#4377=DIRECTION('',(0.,-1.,0.));
#4378=DIRECTION('',(0.,0.,-1.));
#4379=DIRECTION('',(0.,1.,0.));
#4380=DIRECTION('',(0.,0.,1.));
#4381=DIRECTION('',(0.,1.,0.));
#4382=DIRECTION('',(0.,0.,1.));
#4383=DIRECTION('',(0.,1.,0.));
#4384=DIRECTION('',(0.,0.,1.));
#4385=DIRECTION('',(0.,1.,0.));
#4386=DIRECTION('',(0.,0.,1.));
#4387=DIRECTION('',(0.,1.,0.));
#4388=DIRECTION('',(0.,1.,0.));
#4389=DIRECTION('',(0.,0.,1.));
#4390=DIRECTION('',(0.,1.,0.));
#4391=DIRECTION('',(-0.71992217368332,0.,-0.69405479887332));
#4392=DIRECTION('',(-0.69405479887332,0.,0.71992217368332));
#4393=DIRECTION('',(0.,1.,0.));
#4394=DIRECTION('',(-0.69405479887332,0.,0.71992217368332));
#4395=DIRECTION('',(0.,1.,0.));
#4396=DIRECTION('',(0.,0.,1.));
#4397=DIRECTION('',(0.,1.,0.));
#4398=DIRECTION('',(0.,1.,0.));
#4399=DIRECTION('',(0.,0.,1.));
#4400=DIRECTION('',(0.186218637208685,0.,-0.982508330324044));
#4401=DIRECTION('',(-0.982508330324044,0.,-0.186218637208685));
#4402=DIRECTION('',(0.,1.,0.));
#4403=DIRECTION('',(-0.982508330324044,0.,-0.186218637208685));
#4404=DIRECTION('',(0.,1.,0.));
#4405=DIRECTION('',(0.,0.,1.));
#4406=DIRECTION('',(0.,1.,0.));
#4407=DIRECTION('',(0.,1.,0.));
#4408=DIRECTION('',(0.,0.,1.));
#4409=DIRECTION('',(0.186218637208685,0.,0.982508330324044));
#4410=DIRECTION('',(0.982508330324044,0.,-0.186218637208685));
#4411=DIRECTION('',(0.,1.,0.));
#4412=DIRECTION('',(0.982508330324044,0.,-0.186218637208685));
#4413=DIRECTION('',(0.,1.,0.));
#4414=DIRECTION('',(0.,0.,1.));
#4415=DIRECTION('',(0.,1.,0.));
#4416=DIRECTION('',(0.,-1.,0.));
#4417=DIRECTION('',(0.,0.,1.));
#4418=DIRECTION('',(0.,1.,0.));
#4419=DIRECTION('',(0.,0.,1.));
#4420=DIRECTION('',(0.,1.,0.));
#4421=DIRECTION('',(0.,-1.,0.));
#4422=DIRECTION('',(0.,0.,1.));
#4423=DIRECTION('',(0.,1.,0.));
#4424=DIRECTION('',(0.,1.,0.));
#4425=DIRECTION('',(0.,0.,1.));
#4426=DIRECTION('',(0.,1.,0.));
#4427=DIRECTION('',(0.,-1.,0.));
#4428=DIRECTION('',(0.,0.,1.));
#4429=DIRECTION('',(0.,1.,0.));
#4430=DIRECTION('',(0.,0.,1.));
#4431=DIRECTION('',(0.,1.,0.));
#4432=DIRECTION('',(0.,-1.,0.));
#4433=DIRECTION('',(0.,0.,1.));
#4434=DIRECTION('',(-0.71992217368332,0.,0.69405479887332));
#4435=DIRECTION('',(0.69405479887332,0.,0.71992217368332));
#4436=DIRECTION('',(0.,1.,0.));
#4437=DIRECTION('',(0.69405479887332,0.,0.71992217368332));
#4438=DIRECTION('',(0.,1.,0.));
#4439=DIRECTION('',(0.,0.,1.));
#4440=DIRECTION('',(0.,1.,0.));
#4441=DIRECTION('',(0.,-1.,0.));
#4442=DIRECTION('',(0.,0.,1.));
#4443=DIRECTION('',(0.964317614923449,0.,-0.264748064295756));
#4444=DIRECTION('',(-0.264748064295757,0.,-0.964317614923449));
#4445=DIRECTION('',(0.,1.,0.));
#4446=DIRECTION('',(-0.264748064295757,0.,-0.964317614923449));
#4447=DIRECTION('',(0.,1.,0.));
#4448=DIRECTION('',(0.,0.,1.));
#4449=DIRECTION('',(0.,1.,0.));
#4450=DIRECTION('',(0.,-1.,0.));
#4451=DIRECTION('',(0.,0.,1.));
#4452=DIRECTION('',(0.,1.,0.));
#4453=DIRECTION('',(0.,0.,1.));
#4454=DIRECTION('',(0.,1.,0.));
#4455=DIRECTION('',(0.,-1.,0.));
#4456=DIRECTION('',(0.,0.,1.));
#4457=DIRECTION('',(0.,1.,0.));
#4458=DIRECTION('',(0.,0.,1.));
#4459=DIRECTION('',(0.,1.,0.));
#4460=DIRECTION('',(0.,-1.,0.));
#4461=DIRECTION('',(0.,0.,1.));
#4462=DIRECTION('',(0.,1.,0.));
#4463=DIRECTION('',(0.,0.,1.));
#4464=DIRECTION('',(0.,1.,0.));
#4465=DIRECTION('',(0.,1.,0.));
#4466=DIRECTION('',(0.,0.,1.));
#4467=DIRECTION('',(0.,1.,0.));
#4468=DIRECTION('',(0.,1.,0.));
#4469=DIRECTION('',(0.,0.,1.));
#4470=DIRECTION('',(0.,1.,0.));
#4471=DIRECTION('',(0.,1.,0.));
#4472=DIRECTION('',(0.,0.,1.));
#4473=DIRECTION('',(0.,1.,0.));
#4474=DIRECTION('',(0.,0.,1.));
#4475=DIRECTION('',(0.,1.,0.));
#4476=DIRECTION('',(0.,1.,0.));
#4477=DIRECTION('',(0.,0.,1.));
#4478=DIRECTION('',(0.842179263823635,0.,0.539197633141579));
#4479=DIRECTION('',(0.539197633141579,0.,-0.842179263823635));
#4480=DIRECTION('',(0.,1.,0.));
#4481=DIRECTION('',(0.539197633141579,0.,-0.842179263823634));
#4482=DIRECTION('',(0.,1.,0.));
#4483=DIRECTION('',(0.,0.,1.));
#4484=DIRECTION('',(0.,1.,0.));
#4485=DIRECTION('',(0.,1.,0.));
#4486=DIRECTION('',(0.,0.,1.));
#4487=DIRECTION('',(0.,1.,0.));
#4488=DIRECTION('',(0.,0.,1.));
#4489=DIRECTION('',(0.,1.,0.));
#4490=DIRECTION('',(0.,1.,0.));
#4491=DIRECTION('',(0.,0.,1.));
#4492=DIRECTION('',(0.,1.,0.));
#4493=DIRECTION('',(0.,0.,1.));
#4494=DIRECTION('',(0.,1.,0.));
#4495=DIRECTION('',(0.,1.,0.));
#4496=DIRECTION('',(0.,0.,1.));
#4497=DIRECTION('',(0.964317614923449,0.,0.264748064295756));
#4498=DIRECTION('',(0.264748064295757,0.,-0.964317614923449));
#4499=DIRECTION('',(0.,1.,0.));
#4500=DIRECTION('',(0.264748064295757,0.,-0.964317614923449));
#4501=DIRECTION('',(0.,1.,0.));
#4502=DIRECTION('',(0.,0.,1.));
#4503=DIRECTION('',(0.,1.,0.));
#4504=DIRECTION('',(0.,1.,0.));
#4505=DIRECTION('',(0.,0.,1.));
#4506=DIRECTION('',(0.41276629152837,0.,0.910836971459721));
#4507=DIRECTION('',(0.910836971459721,0.,-0.41276629152837));
#4508=DIRECTION('',(0.910836971459721,0.,-0.41276629152837));
#4509=DIRECTION('',(0.,1.,0.));
#4510=DIRECTION('',(0.,1.,0.));
#4511=DIRECTION('',(0.,1.,0.));
#4512=DIRECTION('',(0.,0.,1.));
#4513=DIRECTION('',(0.,-1.,0.));
#4514=DIRECTION('',(0.,-1.,0.));
#4515=DIRECTION('',(0.,0.,-1.));
#4516=DIRECTION('',(0.,-1.,0.));
#4517=DIRECTION('',(0.,1.,0.));
#4518=DIRECTION('',(0.,-1.,0.));
#4519=DIRECTION('',(0.,0.,-1.));
#4520=DIRECTION('',(0.,-1.,0.));
#4521=DIRECTION('',(0.,0.,-1.));
#4522=DIRECTION('',(-0.999840899204237,0.,0.0178374964180367));
#4523=DIRECTION('',(0.0178374964180367,0.,0.999840899204237));
#4524=DIRECTION('',(0.,1.,0.));
#4525=DIRECTION('',(0.0178374964180367,0.,0.999840899204237));
#4526=DIRECTION('',(0.,1.,0.));
#4527=DIRECTION('',(0.,0.,1.));
#4528=DIRECTION('',(0.,1.,0.));
#4529=DIRECTION('',(0.,-1.,0.));
#4530=DIRECTION('',(0.,0.,-1.));
#4531=DIRECTION('',(0.,-1.,0.));
#4532=DIRECTION('',(0.,0.,-1.));
#4533=DIRECTION('',(-0.990695197532271,0.,-0.136099322505644));
#4534=DIRECTION('',(-0.136099322505644,0.,0.990695197532271));
#4535=DIRECTION('',(0.,1.,0.));
#4536=DIRECTION('',(-0.136099322505644,0.,0.990695197532271));
#4537=DIRECTION('',(0.,1.,0.));
#4538=DIRECTION('',(0.,0.,1.));
#4539=DIRECTION('',(0.,1.,0.));
#4540=DIRECTION('',(0.,-1.,0.));
#4541=DIRECTION('',(0.,0.,-1.));
#4542=DIRECTION('',(-0.18621863720868,0.,-0.982508330324045));
#4543=DIRECTION('',(-0.982508330324045,0.,0.18621863720868));
#4544=DIRECTION('',(0.,1.,0.));
#4545=DIRECTION('',(-0.982508330324045,0.,0.18621863720868));
#4546=DIRECTION('',(0.18621863720868,0.,-0.982508330324045));
#4547=DIRECTION('',(-0.982508330324045,0.,-0.18621863720868));
#4548=DIRECTION('',(0.,1.,0.));
#4549=DIRECTION('',(-0.982508330324045,0.,-0.18621863720868));
#4550=DIRECTION('',(0.,1.,0.));
#4551=DIRECTION('',(0.,0.,1.));
#4552=DIRECTION('',(0.,1.,0.));
#4553=DIRECTION('',(0.,-1.,0.));
#4554=DIRECTION('',(0.,0.,-1.));
#4555=DIRECTION('',(-0.99069519753227,0.,0.136099322505644));
#4556=DIRECTION('',(0.136099322505644,0.,0.990695197532271));
#4557=DIRECTION('',(0.,1.,0.));
#4558=DIRECTION('',(0.136099322505644,0.,0.990695197532271));
#4559=DIRECTION('',(0.,1.,0.));
#4560=DIRECTION('',(0.,0.,1.));
#4561=DIRECTION('',(0.,1.,0.));
#4562=DIRECTION('',(0.,1.,0.));
#4563=DIRECTION('',(0.,0.,-1.));
#4564=DIRECTION('',(0.,1.,0.));
#4565=DIRECTION('',(0.,0.,-1.));
#4566=DIRECTION('',(-0.999840899204237,0.,-0.0178374964180367));
#4567=DIRECTION('',(-0.0178374964180367,0.,0.999840899204237));
#4568=DIRECTION('',(0.,1.,0.));
#4569=DIRECTION('',(-0.0178374964180367,0.,0.999840899204237));
#4570=DIRECTION('',(0.,1.,0.));
#4571=DIRECTION('',(0.,0.,1.));
#4572=DIRECTION('',(0.,1.,0.));
#4573=DIRECTION('',(0.,1.,0.));
#4574=DIRECTION('',(0.,0.,-1.));
#4575=DIRECTION('',(0.,1.,0.));
#4576=DIRECTION('',(0.,0.,1.));
#4577=DIRECTION('',(0.,-1.,0.));
#4578=DIRECTION('',(0.,0.,-1.));
#4579=DIRECTION('',(0.,1.,0.));
#4580=DIRECTION('',(0.,0.,1.));
#4581=DIRECTION('',(0.,1.,0.));
#4582=DIRECTION('',(0.,0.,-1.));
#4583=DIRECTION('',(-0.71992217368332,0.,0.69405479887332));
#4584=DIRECTION('',(0.69405479887332,0.,0.71992217368332));
#4585=DIRECTION('',(0.69405479887332,0.,0.71992217368332));
#4586=DIRECTION('',(0.842179263823635,0.,-0.539197633141579));
#4587=DIRECTION('',(-0.539197633141579,0.,-0.842179263823635));
#4588=DIRECTION('',(-0.539197633141579,0.,-0.842179263823634));
#4589=DIRECTION('',(0.,1.,0.));
#4590=DIRECTION('',(0.,0.,1.));
#4591=DIRECTION('',(0.,-1.,0.));
#4592=DIRECTION('',(0.,0.,-1.));
#4593=DIRECTION('',(-0.71992217368332,0.,-0.69405479887332));
#4594=DIRECTION('',(-0.69405479887332,0.,0.71992217368332));
#4595=DIRECTION('',(-0.69405479887332,0.,0.71992217368332));
#4596=DIRECTION('',(0.,1.,0.));
#4597=DIRECTION('',(0.,0.,1.));
#4598=DIRECTION('',(0.,-1.,0.));
#4599=DIRECTION('',(0.,0.,-1.));
#4600=DIRECTION('',(0.,-1.,0.));
#4601=DIRECTION('',(0.,0.,-1.));
#4602=DIRECTION('',(0.,1.,0.));
#4603=DIRECTION('',(0.,0.,1.));
#4604=DIRECTION('',(0.,-1.,0.));
#4605=DIRECTION('',(0.,0.,-1.));
#4606=DIRECTION('',(0.,1.,0.));
#4607=DIRECTION('',(0.,0.,1.));
#4608=DIRECTION('',(0.,-1.,0.));
#4609=DIRECTION('',(0.,0.,-1.));
#4610=DIRECTION('',(0.412766291528369,0.,-0.910836971459722));
#4611=DIRECTION('',(-0.910836971459722,0.,-0.412766291528369));
#4612=DIRECTION('',(0.,1.,0.));
#4613=DIRECTION('',(-0.910836971459722,0.,-0.412766291528369));
#4614=DIRECTION('',(0.,1.,0.));
#4615=DIRECTION('',(0.,0.,1.));
#4616=DIRECTION('',(0.,-1.,0.));
#4617=DIRECTION('',(0.,0.,-1.));
#4618=DIRECTION('',(0.,-1.,0.));
#4619=DIRECTION('',(0.,0.,-1.));
#4620=DIRECTION('',(0.,1.,0.));
#4621=DIRECTION('',(0.,0.,1.));
#4622=DIRECTION('',(0.,1.,0.));
#4623=DIRECTION('',(0.,0.,-1.));
#4624=DIRECTION('',(0.,1.,0.));
#4625=DIRECTION('',(0.,0.,-1.));
#4626=DIRECTION('',(0.945261726129238,0.,0.326313145789707));
#4627=DIRECTION('',(0.326313145789707,0.,-0.945261726129238));
#4628=DIRECTION('',(0.,-1.,0.));
#4629=DIRECTION('',(-0.326313145789707,0.,0.945261726129238));
#4630=DIRECTION('',(0.,1.,0.));
#4631=DIRECTION('',(0.,-1.,0.));
#4632=DIRECTION('',(0.,0.,-1.));
#4633=DIRECTION('',(0.,-1.,0.));
#4634=DIRECTION('',(0.,-1.,0.));
#4635=DIRECTION('',(0.,0.,-1.));
#4636=DIRECTION('',(0.,-1.,0.));
#4637=DIRECTION('',(0.945261726129238,0.,-0.326313145789706));
#4638=DIRECTION('',(-0.326313145789706,0.,-0.945261726129238));
#4639=DIRECTION('',(0.,-1.,0.));
#4640=DIRECTION('',(0.326313145789707,0.,0.945261726129238));
#4641=DIRECTION('',(0.,-1.,0.));
#4642=DIRECTION('',(0.,0.,-1.));
#4643=DIRECTION('',(-1.,0.,0.));
#4644=DIRECTION('',(0.,-1.,0.));
#4645=DIRECTION('',(1.,0.,0.));
#4646=DIRECTION('',(0.,-1.,0.));
#4647=DIRECTION('',(-0.854424114204873,0.,0.519576205253107));
#4648=DIRECTION('',(0.519576205253107,0.,0.854424114204873));
#4649=DIRECTION('',(0.,-1.,0.));
#4650=DIRECTION('',(-0.519576205253107,0.,-0.854424114204873));
#4651=DIRECTION('',(0.,-1.,0.));
#4652=DIRECTION('',(0.353247292969508,0.,-0.935529983490489));
#4653=DIRECTION('',(-0.935529983490489,0.,-0.353247292969508));
#4654=DIRECTION('',(0.,-1.,0.));
#4655=DIRECTION('',(0.935529983490489,0.,0.353247292969508));
#4656=DIRECTION('',(0.,-1.,0.));
#4657=DIRECTION('',(0.636656002181335,0.,0.771147933205089));
#4658=DIRECTION('',(0.771147933205089,0.,-0.636656002181335));
#4659=DIRECTION('',(0.,-1.,0.));
#4660=DIRECTION('',(-0.771147933205089,0.,0.636656002181335));
#4661=DIRECTION('',(0.,-1.,0.));
#4662=DIRECTION('',(-0.854424114204873,0.,-0.519576205253107));
#4663=DIRECTION('',(-0.519576205253107,0.,0.854424114204873));
#4664=DIRECTION('',(0.,-1.,0.));
#4665=DIRECTION('',(0.519576205253107,0.,-0.854424114204873));
#4666=DIRECTION('',(0.,1.,0.));
#4667=DIRECTION('',(-0.854424114204873,0.,0.519576205253107));
#4668=DIRECTION('',(0.519576205253107,0.,0.854424114204873));
#4669=DIRECTION('',(0.,1.,0.));
#4670=DIRECTION('',(-0.519576205253107,0.,-0.854424114204873));
#4671=DIRECTION('',(0.,-1.,0.));
#4672=DIRECTION('',(0.,0.,-1.));
#4673=DIRECTION('',(-1.,0.,0.));
#4674=DIRECTION('',(0.,-1.,0.));
#4675=DIRECTION('',(1.,0.,0.));
#4676=DIRECTION('',(0.,-1.,0.));
#4677=DIRECTION('',(0.999840899204237,0.,-0.0178374964180366));
#4678=DIRECTION('',(-0.0178374964180366,0.,-0.999840899204237));
#4679=DIRECTION('',(0.,-1.,0.));
#4680=DIRECTION('',(0.0178374964180366,0.,0.999840899204237));
#4681=DIRECTION('',(0.,1.,0.));
#4682=DIRECTION('',(-0.604784623239087,0.,0.796389075448399));
#4683=DIRECTION('',(0.796389075448399,0.,0.604784623239087));
#4684=DIRECTION('',(0.,1.,0.));
#4685=DIRECTION('',(-0.796389075448399,0.,-0.604784623239087));
#4686=DIRECTION('',(0.,-1.,0.));
#4687=DIRECTION('',(0.636656002181335,0.,0.771147933205089));
#4688=DIRECTION('',(0.771147933205089,0.,-0.636656002181335));
#4689=DIRECTION('',(0.,-1.,0.));
#4690=DIRECTION('',(-0.771147933205089,0.,0.636656002181335));
#4691=DIRECTION('',(0.,-1.,0.));
#4692=DIRECTION('',(0.990695197532271,0.,-0.136099322505644));
#4693=DIRECTION('',(-0.136099322505644,0.,-0.990695197532271));
#4694=DIRECTION('',(0.,-1.,0.));
#4695=DIRECTION('',(0.136099322505644,0.,0.990695197532271));
#4696=DIRECTION('',(0.,-1.,0.));
#4697=DIRECTION('',(0.539264211469408,0.,-0.842136633942662));
#4698=DIRECTION('',(-0.842136633942662,0.,-0.539264211469408));
#4699=DIRECTION('',(0.,-1.,0.));
#4700=DIRECTION('',(0.842136633942662,0.,0.539264211469408));
#4701=DIRECTION('',(0.,-1.,0.));
#4702=DIRECTION('',(0.842136633942662,0.,0.539264211469408));
#4703=DIRECTION('',(0.539264211469408,0.,-0.842136633942662));
#4704=DIRECTION('',(0.,-1.,0.));
#4705=DIRECTION('',(-0.539264211469408,0.,0.842136633942662));
#4706=DIRECTION('',(0.,-1.,0.));
#4707=DIRECTION('',(-0.842179263823635,0.,-0.539197633141579));
#4708=DIRECTION('',(-0.539197633141579,0.,0.842179263823635));
#4709=DIRECTION('',(0.539197633141579,0.,-0.842179263823635));
#4710=DIRECTION('',(0.,-1.,0.));
#4711=DIRECTION('',(0.,-1.,0.));
#4712=DIRECTION('',(0.,0.,-1.));
#4713=DIRECTION('',(0.,1.,0.));
#4714=DIRECTION('',(0.,0.,-1.));
#4715=DIRECTION('',(0.,-1.,0.));
#4716=DIRECTION('',(0.,-1.,0.));
#4717=DIRECTION('',(0.,0.,-1.));
#4718=DIRECTION('',(0.,1.,0.));
#4719=DIRECTION('',(0.,0.,-1.));
#4720=DIRECTION('',(0.,-1.,0.));
#4721=DIRECTION('',(-0.41276629152837,0.,-0.910836971459721));
#4722=DIRECTION('',(-0.910836971459721,0.,0.41276629152837));
#4723=DIRECTION('',(0.,1.,0.));
#4724=DIRECTION('',(0.910836971459721,0.,-0.41276629152837));
#4725=DIRECTION('',(0.,1.,0.));
#4726=DIRECTION('',(0.999840899204237,0.,-0.0178374964180367));
#4727=DIRECTION('',(-0.0178374964180367,0.,-0.999840899204237));
#4728=DIRECTION('',(0.,1.,0.));
#4729=DIRECTION('',(0.0178374964180367,0.,0.999840899204237));
#4730=DIRECTION('',(0.,-1.,0.));
#4731=DIRECTION('',(0.353247292969509,0.,-0.935529983490489));
#4732=DIRECTION('',(-0.935529983490489,0.,-0.353247292969508));
#4733=DIRECTION('',(0.,-1.,0.));
#4734=DIRECTION('',(0.935529983490489,0.,0.353247292969508));
#4735=DIRECTION('',(0.,1.,0.));
#4736=DIRECTION('',(0.,-1.,0.));
#4737=DIRECTION('',(0.,0.,-1.));
#4738=DIRECTION('',(0.,-1.,0.));
#4739=DIRECTION('',(0.,-1.,0.));
#4740=DIRECTION('',(0.,0.,-1.));
#4741=DIRECTION('',(0.,-1.,0.));
#4742=DIRECTION('',(-0.412766291528369,0.,0.910836971459722));
#4743=DIRECTION('',(0.910836971459722,0.,0.412766291528369));
#4744=DIRECTION('',(0.,-1.,0.));
#4745=DIRECTION('',(-0.910836971459722,0.,-0.412766291528369));
#4746=DIRECTION('',(0.,-1.,0.));
#4747=DIRECTION('',(0.353247292969509,0.,0.935529983490489));
#4748=DIRECTION('',(0.935529983490489,0.,-0.353247292969508));
#4749=DIRECTION('',(0.,-1.,0.));
#4750=DIRECTION('',(-0.935529983490489,0.,0.353247292969508));
#4751=DIRECTION('',(0.,-1.,0.));
#4752=DIRECTION('',(0.999840899204237,0.,0.0178374964180367));
#4753=DIRECTION('',(0.0178374964180367,0.,-0.999840899204237));
#4754=DIRECTION('',(0.,-1.,0.));
#4755=DIRECTION('',(-0.0178374964180367,0.,0.999840899204237));
#4756=DIRECTION('',(0.,-1.,0.));
#4757=DIRECTION('',(0.636656002181335,0.,-0.771147933205089));
#4758=DIRECTION('',(-0.771147933205089,0.,-0.636656002181335));
#4759=DIRECTION('',(0.,-1.,0.));
#4760=DIRECTION('',(0.771147933205089,0.,0.636656002181335));
#4761=DIRECTION('',(0.,-1.,0.));
#4762=DIRECTION('',(0.353247292969508,0.,0.935529983490489));
#4763=DIRECTION('',(0.935529983490489,0.,-0.353247292969508));
#4764=DIRECTION('',(0.,-1.,0.));
#4765=DIRECTION('',(-0.935529983490489,0.,0.353247292969508));
#4766=DIRECTION('',(0.,-1.,0.));
#4767=DIRECTION('',(-0.854424114204873,0.,-0.519576205253107));
#4768=DIRECTION('',(-0.519576205253107,0.,0.854424114204873));
#4769=DIRECTION('',(0.,-1.,0.));
#4770=DIRECTION('',(0.519576205253107,0.,-0.854424114204873));
#4771=DIRECTION('',(0.,-1.,0.));
#4772=DIRECTION('',(0.999840899204237,0.,0.0178374964180365));
#4773=DIRECTION('',(0.0178374964180365,0.,-0.999840899204237));
#4774=DIRECTION('',(0.,-1.,0.));
#4775=DIRECTION('',(-0.0178374964180365,0.,0.999840899204237));
#4776=DIRECTION('',(0.,-1.,0.));
#4777=DIRECTION('',(0.636656002181335,0.,-0.771147933205089));
#4778=DIRECTION('',(-0.771147933205089,0.,-0.636656002181335));
#4779=DIRECTION('',(0.,-1.,0.));
#4780=DIRECTION('',(0.771147933205089,0.,0.636656002181335));
#4781=DIRECTION('',(0.,-1.,0.));
#4782=DIRECTION('',(-0.604784623239087,0.,-0.796389075448399));
#4783=DIRECTION('',(-0.796389075448399,0.,0.604784623239087));
#4784=DIRECTION('',(0.,-1.,0.));
#4785=DIRECTION('',(0.796389075448399,0.,-0.604784623239087));
#4786=DIRECTION('',(0.,-1.,0.));
#4787=DIRECTION('',(-0.445519900269824,0.,-0.89527203601116));
#4788=DIRECTION('',(-0.89527203601116,0.,0.445519900269823));
#4789=DIRECTION('',(0.,-1.,0.));
#4790=DIRECTION('',(0.89527203601116,0.,-0.445519900269824));
#4791=DIRECTION('',(0.,-1.,0.));
#4792=DIRECTION('',(0.945261726129238,0.,-0.326313145789706));
#4793=DIRECTION('',(-0.326313145789706,0.,-0.945261726129238));
#4794=DIRECTION('',(0.,-1.,0.));
#4795=DIRECTION('',(0.326313145789706,0.,0.945261726129238));
#4796=DIRECTION('',(0.,1.,0.));
#4797=DIRECTION('',(0.,-1.,0.));
#4798=DIRECTION('',(0.,0.,-1.));
#4799=DIRECTION('',(0.,-1.,0.));
#4800=DIRECTION('',(0.,-1.,0.));
#4801=DIRECTION('',(0.,0.,-1.));
#4802=DIRECTION('',(0.,-1.,0.));
#4803=DIRECTION('',(0.539264211469408,0.,-0.842136633942662));
#4804=DIRECTION('',(-0.842136633942662,0.,-0.539264211469408));
#4805=DIRECTION('',(0.,-1.,0.));
#4806=DIRECTION('',(0.842136633942662,0.,0.539264211469408));
#4807=DIRECTION('',(0.,-1.,0.));
#4808=DIRECTION('',(0.945261726129238,0.,0.326313145789706));
#4809=DIRECTION('',(0.326313145789706,0.,-0.945261726129238));
#4810=DIRECTION('',(0.,-1.,0.));
#4811=DIRECTION('',(-0.326313145789706,0.,0.945261726129238));
#4812=DIRECTION('',(0.,-1.,0.));
#4813=DIRECTION('',(-0.445519900269824,0.,0.89527203601116));
#4814=DIRECTION('',(0.89527203601116,0.,0.445519900269823));
#4815=DIRECTION('',(0.,-1.,0.));
#4816=DIRECTION('',(-0.89527203601116,0.,-0.445519900269824));
#4817=DIRECTION('',(0.,-1.,0.));
#4818=DIRECTION('',(0.539264211469408,0.,0.842136633942662));
#4819=DIRECTION('',(0.842136633942662,0.,-0.539264211469408));
#4820=DIRECTION('',(0.,-1.,0.));
#4821=DIRECTION('',(-0.842136633942662,0.,0.539264211469408));
#4822=DIRECTION('',(0.,1.,0.));
#4823=DIRECTION('',(0.,-1.,0.));
#4824=DIRECTION('',(0.,0.,-1.));
#4825=DIRECTION('',(0.,-1.,0.));
#4826=DIRECTION('',(0.,-1.,0.));
#4827=DIRECTION('',(0.,0.,-1.));
#4828=DIRECTION('',(0.,-1.,0.));
#4829=DIRECTION('',(-0.464983543827634,0.,-0.885319323165091));
#4830=DIRECTION('',(-0.885319323165091,0.,0.464983543827634));
#4831=DIRECTION('',(0.,-1.,0.));
#4832=DIRECTION('',(0.885319323165091,0.,-0.464983543827634));
#4833=DIRECTION('',(0.,-1.,0.));
#4834=DIRECTION('',(-0.0178374964180361,0.,-0.999840899204237));
#4835=DIRECTION('',(-0.999840899204237,0.,0.0178374964180361));
#4836=DIRECTION('',(0.,-1.,0.));
#4837=DIRECTION('',(0.999840899204237,0.,-0.0178374964180361));
#4838=DIRECTION('',(0.,-1.,0.));
#4839=DIRECTION('',(0.847204234952412,0.,0.531267337861738));
#4840=DIRECTION('',(0.531267337861738,0.,-0.847204234952412));
#4841=DIRECTION('',(0.,-1.,0.));
#4842=DIRECTION('',(-0.531267337861738,0.,0.847204234952413));
#4843=DIRECTION('',(0.,-1.,0.));
#4844=DIRECTION('',(-0.604784623239088,0.,0.796389075448398));
#4845=DIRECTION('',(0.796389075448398,0.,0.604784623239088));
#4846=DIRECTION('',(0.,-1.,0.));
#4847=DIRECTION('',(-0.796389075448398,0.,-0.604784623239088));
#4848=DIRECTION('',(0.,-1.,0.));
#4849=DIRECTION('',(0.,0.,-1.));
#4850=DIRECTION('',(-1.,0.,0.));
#4851=DIRECTION('',(0.,-1.,0.));
#4852=DIRECTION('',(1.,0.,0.));
#4853=DIRECTION('',(0.,-1.,0.));
#4854=DIRECTION('',(0.847204234952413,0.,0.531267337861738));
#4855=DIRECTION('',(0.531267337861738,0.,-0.847204234952413));
#4856=DIRECTION('',(0.,-1.,0.));
#4857=DIRECTION('',(-0.531267337861738,0.,0.847204234952413));
#4858=DIRECTION('',(0.,-1.,0.));
#4859=DIRECTION('',(0.847204234952413,0.,-0.531267337861738));
#4860=DIRECTION('',(-0.531267337861738,0.,-0.847204234952413));
#4861=DIRECTION('',(0.,-1.,0.));
#4862=DIRECTION('',(0.531267337861738,0.,0.847204234952413));
#4863=DIRECTION('',(0.,-1.,0.));
#4864=DIRECTION('',(-0.445519900269824,0.,-0.89527203601116));
#4865=DIRECTION('',(-0.89527203601116,0.,0.445519900269824));
#4866=DIRECTION('',(0.,-1.,0.));
#4867=DIRECTION('',(0.89527203601116,0.,-0.445519900269824));
#4868=DIRECTION('',(0.,-1.,0.));
#4869=DIRECTION('',(0.990695197532271,0.,-0.136099322505644));
#4870=DIRECTION('',(-0.136099322505644,0.,-0.990695197532271));
#4871=DIRECTION('',(0.,-1.,0.));
#4872=DIRECTION('',(0.136099322505644,0.,0.990695197532271));
#4873=DIRECTION('',(0.,-1.,0.));
#4874=DIRECTION('',(-0.464983543827634,0.,0.885319323165091));
#4875=DIRECTION('',(0.885319323165091,0.,0.464983543827634));
#4876=DIRECTION('',(0.,-1.,0.));
#4877=DIRECTION('',(-0.885319323165091,0.,-0.464983543827634));
#4878=DIRECTION('',(0.,-1.,0.));
#4879=DIRECTION('',(0.847204234952412,0.,-0.531267337861738));
#4880=DIRECTION('',(-0.531267337861738,0.,-0.847204234952412));
#4881=DIRECTION('',(0.,-1.,0.));
#4882=DIRECTION('',(0.531267337861738,0.,0.847204234952413));
#4883=DIRECTION('',(0.,-1.,0.));
#4884=DIRECTION('',(-0.0178374964180361,0.,0.999840899204237));
#4885=DIRECTION('',(0.999840899204237,0.,0.0178374964180361));
#4886=DIRECTION('',(0.,-1.,0.));
#4887=DIRECTION('',(-0.999840899204237,0.,-0.0178374964180361));
#4888=DIRECTION('',(0.,-1.,0.));
#4889=DIRECTION('',(-0.464983543827634,0.,0.885319323165091));
#4890=DIRECTION('',(0.885319323165091,0.,0.464983543827634));
#4891=DIRECTION('',(0.,-1.,0.));
#4892=DIRECTION('',(-0.885319323165091,0.,-0.464983543827634));
#4893=DIRECTION('',(0.,1.,0.));
#4894=DIRECTION('',(-0.604784623239088,0.,-0.796389075448398));
#4895=DIRECTION('',(-0.796389075448398,0.,0.604784623239088));
#4896=DIRECTION('',(0.,1.,0.));
#4897=DIRECTION('',(0.796389075448398,0.,-0.604784623239088));
#4898=DIRECTION('',(0.,-1.,0.));
#4899=DIRECTION('',(-0.445519900269824,0.,0.89527203601116));
#4900=DIRECTION('',(0.89527203601116,0.,0.445519900269823));
#4901=DIRECTION('',(0.,-1.,0.));
#4902=DIRECTION('',(-0.89527203601116,0.,-0.445519900269824));
#4903=DIRECTION('',(0.,-1.,0.));
#4904=DIRECTION('',(-0.464983543827634,0.,-0.885319323165091));
#4905=DIRECTION('',(-0.885319323165091,0.,0.464983543827634));
#4906=DIRECTION('',(0.,-1.,0.));
#4907=DIRECTION('',(0.885319323165091,0.,-0.464983543827634));
#4908=DIRECTION('',(0.,1.,0.));
#4909=DIRECTION('',(0.990695197532271,0.,0.136099322505644));
#4910=DIRECTION('',(0.136099322505644,0.,-0.990695197532271));
#4911=DIRECTION('',(0.,1.,0.));
#4912=DIRECTION('',(-0.136099322505644,0.,0.990695197532271));
#4913=DIRECTION('',(0.,-1.,0.));
#4914=DIRECTION('',(0.990695197532271,0.,0.136099322505644));
#4915=DIRECTION('',(0.136099322505644,0.,-0.990695197532271));
#4916=DIRECTION('',(0.,-1.,0.));
#4917=DIRECTION('',(0.,-1.,0.));
#4918=DIRECTION('',(-0.136099322505644,0.,0.990695197532271));
#4919=DIRECTION('',(0.,-1.,0.));
#4920=DIRECTION('',(0.,0.,-1.));
#4921=DIRECTION('',(0.,-1.,0.));
#4922=DIRECTION('',(0.,-1.,0.));
#4923=DIRECTION('',(0.,0.,-1.));
#4924=DIRECTION('',(0.,-1.,0.));
#4925=DIRECTION('',(0.,-1.,0.));
#4926=DIRECTION('',(0.,0.,-1.));
#4927=DIRECTION('',(0.,-1.,0.));
#4928=DIRECTION('',(0.,0.,-1.));
#4929=DIRECTION('',(0.,-1.,0.));
#4930=DIRECTION('',(-0.842179263823635,0.,0.539197633141578));
#4931=DIRECTION('',(0.539197633141578,0.,0.842179263823635));
#4932=DIRECTION('',(-0.539197633141578,0.,-0.842179263823635));
#4933=DIRECTION('',(0.,-1.,0.));
#4934=DIRECTION('',(-0.842136633943447,0.,0.539264211468183));
#4935=DIRECTION('',(0.539264211468183,0.,0.842136633943447));
#4936=DIRECTION('',(-0.539264211468183,0.,-0.842136633943447));
#4937=DIRECTION('',(0.,-1.,0.));
#4938=DIRECTION('',(0.539264211469408,0.,0.842136633942662));
#4939=DIRECTION('',(0.842136633942662,0.,-0.539264211469408));
#4940=DIRECTION('',(0.,-1.,0.));
#4941=DIRECTION('',(-0.842136633942662,0.,0.539264211469408));
#4942=DIRECTION('',(0.,-1.,0.));
#4943=DIRECTION('',(0.,-1.,0.));
#4944=DIRECTION('',(0.,0.,-1.));
#4945=DIRECTION('',(0.,-1.,0.));
#4946=DIRECTION('',(0.,-1.,0.));
#4947=DIRECTION('',(0.,0.,-1.));
#4948=DIRECTION('',(0.,-1.,0.));
#4949=DIRECTION('',(0.,0.,-1.));
#4950=DIRECTION('',(0.,-1.,0.));
#4951=DIRECTION('',(0.,0.,-1.));
#4952=DIRECTION('',(0.,1.,0.));
#4953=DIRECTION('',(0.,0.,1.));
#4954=DIRECTION('',(0.,-1.,0.));
#4955=DIRECTION('',(0.,0.,-1.));
#4956=DIRECTION('',(0.,1.,0.));
#4957=DIRECTION('',(0.,0.,1.));
#4958=DIRECTION('',(0.,-1.,0.));
#4959=DIRECTION('',(0.,0.,-1.));
#4960=DIRECTION('',(0.,-1.,0.));
#4961=DIRECTION('',(0.,0.,-1.));
#4962=DIRECTION('',(0.,-1.,0.));
#4963=DIRECTION('',(0.,0.,-1.));
#4964=DIRECTION('',(0.,1.,0.));
#4965=DIRECTION('',(0.,0.,1.));
#4966=DIRECTION('',(0.,-1.,0.));
#4967=DIRECTION('',(0.,0.,-1.));
#4968=DIRECTION('',(0.,-1.,0.));
#4969=DIRECTION('',(0.,0.,-1.));
#4970=DIRECTION('',(0.,-1.,0.));
#4971=DIRECTION('',(0.,0.,-1.));
#4972=DIRECTION('',(0.,-1.,0.));
#4973=DIRECTION('',(0.,0.,-1.));
#4974=DIRECTION('',(0.,-1.,0.));
#4975=DIRECTION('',(0.,0.,-1.));
#4976=DIRECTION('',(0.,-1.,0.));
#4977=DIRECTION('',(0.,0.,-1.));
#4978=DIRECTION('',(0.,-1.,0.));
#4979=DIRECTION('',(0.,0.,-1.));
#4980=DIRECTION('',(0.,1.,0.));
#4981=DIRECTION('',(0.,0.,1.));
#4982=DIRECTION('',(0.,-1.,0.));
#4983=DIRECTION('',(0.,0.,-1.));
#4984=DIRECTION('',(0.,-1.,0.));
#4985=DIRECTION('',(0.,0.,-1.));
#4986=DIRECTION('',(0.,-1.,0.));
#4987=DIRECTION('',(0.,0.,-1.));
#4988=DIRECTION('',(0.,-1.,0.));
#4989=DIRECTION('',(0.,0.,-1.));
#4990=DIRECTION('',(0.,-1.,0.));
#4991=DIRECTION('',(0.,0.,-1.));
#4992=DIRECTION('',(0.,-1.,0.));
#4993=DIRECTION('',(0.,0.,-1.));
#4994=DIRECTION('',(0.,-1.,0.));
#4995=DIRECTION('',(0.,0.,-1.));
#4996=DIRECTION('',(0.,1.,0.));
#4997=DIRECTION('',(0.,0.,1.));
#4998=DIRECTION('',(0.,-1.,0.));
#4999=DIRECTION('',(0.,0.,-1.));
#5000=DIRECTION('',(0.,-1.,0.));
#5001=DIRECTION('',(0.,0.,-1.));
#5002=DIRECTION('',(0.,-1.,0.));
#5003=DIRECTION('',(0.,0.,-1.));
#5004=DIRECTION('',(0.,-1.,0.));
#5005=DIRECTION('',(0.,0.,-1.));
#5006=DIRECTION('',(0.,-1.,0.));
#5007=DIRECTION('',(0.,0.,-1.));
#5008=DIRECTION('',(0.,-1.,0.));
#5009=DIRECTION('',(0.,0.,-1.));
#5010=DIRECTION('',(0.,-1.,0.));
#5011=DIRECTION('',(0.,0.,-1.));
#5012=DIRECTION('',(0.,-1.,0.));
#5013=DIRECTION('',(0.,0.,-1.));
#5014=DIRECTION('',(0.,-1.,0.));
#5015=DIRECTION('',(0.,0.,-1.));
#5016=DIRECTION('',(0.,-1.,0.));
#5017=DIRECTION('',(0.,0.,-1.));
#5018=DIRECTION('',(0.,-1.,0.));
#5019=DIRECTION('',(0.,0.,-1.));
#5020=DIRECTION('',(0.,1.,0.));
#5021=DIRECTION('',(0.,0.,1.));
#5022=DIRECTION('',(0.,-1.,0.));
#5023=DIRECTION('',(0.,0.,-1.));
#5024=DIRECTION('',(0.,1.,0.));
#5025=DIRECTION('',(0.,0.,1.));
#5026=DIRECTION('',(0.,-1.,0.));
#5027=DIRECTION('',(0.,0.,-1.));
#5028=DIRECTION('',(0.,1.,0.));
#5029=DIRECTION('',(0.,0.,1.));
#5030=DIRECTION('',(0.,-1.,0.));
#5031=DIRECTION('',(0.,0.,-1.));
#5032=DIRECTION('',(0.,-1.,0.));
#5033=DIRECTION('',(0.,0.,-1.));
#5034=DIRECTION('',(0.,-1.,0.));
#5035=DIRECTION('',(0.,-1.,0.));
#5036=DIRECTION('',(0.,0.,-1.));
#5037=DIRECTION('',(0.,-1.,0.));
#5038=DIRECTION('',(0.,0.,-1.));
#5039=DIRECTION('',(0.,-1.,0.));
#5040=DIRECTION('',(0.,0.,-1.));
#5041=DIRECTION('',(0.,-1.,0.));
#5042=DIRECTION('',(0.,0.,-1.));
#5043=DIRECTION('',(0.,-1.,0.));
#5044=DIRECTION('',(0.,-1.,0.));
#5045=DIRECTION('',(0.,0.,-1.));
#5046=DIRECTION('',(0.,-1.,0.));
#5047=DIRECTION('',(0.,0.,-1.));
#5048=DIRECTION('',(0.,-1.,0.));
#5049=DIRECTION('',(0.,0.,-1.));
#5050=DIRECTION('',(0.,-1.,0.));
#5051=DIRECTION('',(0.,0.,-1.));
#5052=DIRECTION('',(0.,-1.,0.));
#5053=DIRECTION('',(0.,0.,-1.));
#5054=DIRECTION('',(0.,-1.,0.));
#5055=DIRECTION('',(0.,0.,-1.));
#5056=DIRECTION('',(0.,-1.,0.));
#5057=DIRECTION('',(0.,0.,-1.));
#5058=DIRECTION('',(0.,-1.,0.));
#5059=DIRECTION('',(0.,0.,-1.));
#5060=DIRECTION('',(0.,-1.,0.));
#5061=DIRECTION('',(0.,-1.,0.));
#5062=DIRECTION('',(0.,0.,-1.));
#5063=DIRECTION('',(0.,-1.,0.));
#5064=DIRECTION('',(0.,0.,-1.));
#5065=DIRECTION('',(0.,-1.,0.));
#5066=DIRECTION('',(0.,0.,-1.));
#5067=DIRECTION('',(0.,-1.,0.));
#5068=DIRECTION('',(0.,0.,-1.));
#5069=DIRECTION('',(0.,-1.,0.));
#5070=DIRECTION('',(0.,0.,-1.));
#5071=DIRECTION('',(0.,-1.,0.));
#5072=DIRECTION('',(0.,0.,-1.));
#5073=DIRECTION('',(0.,-1.,0.));
#5074=DIRECTION('',(0.,0.,-1.));
#5075=DIRECTION('',(0.,1.,0.));
#5076=DIRECTION('',(0.,0.,1.));
#5077=DIRECTION('',(0.,-1.,0.));
#5078=DIRECTION('',(0.,0.,-1.));
#5079=DIRECTION('',(0.,1.,0.));
#5080=DIRECTION('',(0.,0.,1.));
#5081=DIRECTION('',(0.,-1.,0.));
#5082=DIRECTION('',(0.,0.,-1.));
#5083=DIRECTION('',(0.,1.,0.));
#5084=DIRECTION('',(0.,0.,1.));
#5085=DIRECTION('',(0.,-1.,0.));
#5086=DIRECTION('',(0.,0.,-1.));
#5087=DIRECTION('',(0.,1.,0.));
#5088=DIRECTION('',(0.,0.,1.));
#5089=DIRECTION('',(0.,-1.,0.));
#5090=DIRECTION('',(0.,0.,-1.));
#5091=DIRECTION('',(0.,1.,0.));
#5092=DIRECTION('',(0.,0.,1.));
#5093=DIRECTION('',(0.,-1.,0.));
#5094=DIRECTION('',(0.,0.,-1.));
#5095=DIRECTION('',(0.,1.,0.));
#5096=DIRECTION('',(0.,0.,1.));
#5097=DIRECTION('',(0.,-1.,0.));
#5098=DIRECTION('',(0.,0.,-1.));
#5099=DIRECTION('',(0.,-1.,0.));
#5100=DIRECTION('',(0.,0.,-1.));
#5101=DIRECTION('',(0.,-1.,0.));
#5102=DIRECTION('',(0.,0.,-1.));
#5103=DIRECTION('',(0.,-1.,0.));
#5104=DIRECTION('',(0.,0.,-1.));
#5105=DIRECTION('',(0.,-1.,0.));
#5106=DIRECTION('',(0.,0.,-1.));
#5107=DIRECTION('',(0.,1.,0.));
#5108=DIRECTION('',(0.,0.,1.));
#5109=DIRECTION('',(0.,-1.,0.));
#5110=DIRECTION('',(0.,0.,-1.));
#5111=DIRECTION('',(0.,-1.,0.));
#5112=DIRECTION('',(0.,0.,-1.));
#5113=DIRECTION('',(0.,-1.,0.));
#5114=DIRECTION('',(0.,0.,-1.));
#5115=DIRECTION('',(0.,-1.,0.));
#5116=DIRECTION('',(0.,0.,-1.));
#5117=DIRECTION('',(0.,-1.,0.));
#5118=DIRECTION('',(0.,0.,-1.));
#5119=DIRECTION('',(0.,-1.,0.));
#5120=DIRECTION('',(0.,0.,-1.));
#5121=DIRECTION('',(0.,-1.,0.));
#5122=DIRECTION('',(0.,0.,-1.));
#5123=DIRECTION('',(0.,1.,0.));
#5124=DIRECTION('',(0.,0.,1.));
#5125=DIRECTION('',(0.,-1.,0.));
#5126=DIRECTION('',(0.,0.,-1.));
#5127=DIRECTION('',(0.,1.,0.));
#5128=DIRECTION('',(0.,0.,1.));
#5129=DIRECTION('',(0.,-1.,0.));
#5130=DIRECTION('',(0.,0.,-1.));
#5131=DIRECTION('',(0.,1.,0.));
#5132=DIRECTION('',(0.,0.,1.));
#5133=DIRECTION('',(0.,-1.,0.));
#5134=DIRECTION('',(0.,0.,-1.));
#5135=DIRECTION('',(0.,-1.,0.));
#5136=DIRECTION('',(0.,0.,-1.));
#5137=DIRECTION('',(0.,-1.,0.));
#5138=DIRECTION('',(0.,0.,-1.));
#5139=DIRECTION('',(0.,1.,0.));
#5140=DIRECTION('',(0.,0.,1.));
#5141=DIRECTION('',(0.,-1.,0.));
#5142=DIRECTION('',(0.,0.,-1.));
#5143=DIRECTION('',(0.,1.,0.));
#5144=DIRECTION('',(0.,0.,1.));
#5145=DIRECTION('',(0.,-1.,0.));
#5146=DIRECTION('',(0.,0.,-1.));
#5147=DIRECTION('',(0.,1.,0.));
#5148=DIRECTION('',(0.,0.,1.));
#5149=DIRECTION('',(0.,-1.,0.));
#5150=DIRECTION('',(0.,0.,-1.));
#5151=DIRECTION('',(0.,1.,0.));
#5152=DIRECTION('',(0.,0.,1.));
#5153=DIRECTION('',(0.,-1.,0.));
#5154=DIRECTION('',(0.,0.,-1.));
#5155=DIRECTION('',(0.,-1.,0.));
#5156=DIRECTION('',(0.,0.,-1.));
#5157=DIRECTION('',(0.,-1.,0.));
#5158=DIRECTION('',(0.,0.,-1.));
#5159=DIRECTION('',(0.,-1.,0.));
#5160=DIRECTION('',(0.,0.,-1.));
#5161=DIRECTION('',(0.,-1.,0.));
#5162=DIRECTION('',(0.,0.,-1.));
#5163=DIRECTION('',(0.,-1.,0.));
#5164=DIRECTION('',(0.,0.,-1.));
#5165=DIRECTION('',(0.,-1.,0.));
#5166=DIRECTION('',(0.,0.,-1.));
#5167=DIRECTION('',(0.,1.,0.));
#5168=DIRECTION('',(0.,0.,1.));
#5169=DIRECTION('',(0.,-1.,0.));
#5170=DIRECTION('',(0.,0.,-1.));
#5171=DIRECTION('',(0.,-1.,0.));
#5172=DIRECTION('',(0.,0.,-1.));
#5173=DIRECTION('',(0.,-1.,0.));
#5174=DIRECTION('',(0.,0.,-1.));
#5175=DIRECTION('',(0.,1.,0.));
#5176=DIRECTION('',(0.,0.,1.));
#5177=DIRECTION('',(0.,-1.,0.));
#5178=DIRECTION('',(0.,0.,-1.));
#5179=DIRECTION('',(0.,-1.,0.));
#5180=DIRECTION('',(0.,0.,-1.));
#5181=DIRECTION('',(0.,-1.,0.));
#5182=DIRECTION('',(0.,0.,-1.));
#5183=DIRECTION('',(0.,1.,0.));
#5184=DIRECTION('',(0.,0.,1.));
#5185=DIRECTION('',(0.,-1.,0.));
#5186=DIRECTION('',(0.,0.,-1.));
#5187=DIRECTION('',(0.,-1.,0.));
#5188=DIRECTION('',(0.,0.,-1.));
#5189=DIRECTION('',(0.,1.,0.));
#5190=DIRECTION('',(0.,0.,-1.));
#5191=DIRECTION('',(0.,-1.,0.));
#5192=DIRECTION('',(0.,0.,-1.));
#5193=DIRECTION('',(0.,-1.,0.));
#5194=DIRECTION('',(0.,0.,-1.));
#5195=DIRECTION('',(0.,1.,0.));
#5196=DIRECTION('',(0.,0.,1.));
#5197=DIRECTION('',(0.,1.,0.));
#5198=DIRECTION('',(0.,0.,1.));
#5199=DIRECTION('',(0.,1.,0.));
#5200=DIRECTION('',(-1.,0.,0.));
#5201=DIRECTION('',(0.,-1.,0.));
#5202=DIRECTION('',(1.,0.,0.));
#5203=DIRECTION('',(0.,-1.,0.));
#5204=DIRECTION('',(0.,0.,-1.));
#5205=DIRECTION('',(0.,1.,0.));
#5206=DIRECTION('',(-1.,0.,0.));
#5207=DIRECTION('',(0.,1.,0.));
#5208=DIRECTION('',(0.,0.,1.));
#5209=DIRECTION('',(0.,1.,0.));
#5210=DIRECTION('',(-1.,0.,0.));
#5211=DIRECTION('',(0.,1.,0.));
#5212=DIRECTION('',(-1.,0.,0.));
#5213=CARTESIAN_POINT('',(0.,0.,0.));
#5214=CARTESIAN_POINT('',(0.,-0.025,-0.00252934495637869));
#5215=CARTESIAN_POINT('',(-0.0124743140667979,-0.025,0.00529308481026572));
#5216=CARTESIAN_POINT('',(0.00653152865701991,-0.025,0.035601423563529));
#5217=CARTESIAN_POINT('',(0.0158672764604399,-0.025,0.050489003717315));
#5218=CARTESIAN_POINT('',(0.00822593712692474,-0.025,0.0345388888878055));
#5219=CARTESIAN_POINT('',(0.00826161211976081,-0.025,0.0325392070893971));
#5220=CARTESIAN_POINT('',(-0.0006228069993603,-0.025,0.0323807060775464));
#5221=CARTESIAN_POINT('',(0.00927094922194966,-0.025,0.032557214001256));
#5222=CARTESIAN_POINT('',(0.00923527422911359,-0.025,0.0345568957996644));
#5223=CARTESIAN_POINT('',(0.0101652413167689,-0.025,0.0327862571533343));
#5224=CARTESIAN_POINT('',(-0.012340158757946,-0.025,0.0209660693316253));
#5225=CARTESIAN_POINT('',(0.0266624563012735,-0.025,0.0414508522729315));
#5226=CARTESIAN_POINT('',(0.0257324892136182,-0.025,0.0432214909192616));
#5227=CARTESIAN_POINT('',(0.0269420584600964,-0.025,0.0448142690701584));
#5228=CARTESIAN_POINT('',(0.0326572082737265,-0.025,0.0404741357944161));
#5229=CARTESIAN_POINT('',(0.0187712541768229,-0.025,0.0510192471924883));
#5230=CARTESIAN_POINT('',(0.0175616849303448,-0.025,0.0494264690415915));
#5231=CARTESIAN_POINT('',(0.0311934139472008,-0.025,0.0361533250128364));
#5232=CARTESIAN_POINT('',(0.0331748043422654,-0.025,0.0358811263678251));
#5233=CARTESIAN_POINT('',(0.0321044669608164,-0.025,0.0379337694535258));
#5234=CARTESIAN_POINT('',(0.0314332162772754,-0.025,0.036049778338938));
#5235=CARTESIAN_POINT('',(0.0305032491896201,-0.025,0.0378204169852683));
#5236=CARTESIAN_POINT('',(-0.0100152410388078,-0.025,0.0165394727157999));
#5237=CARTESIAN_POINT('',(0.0193362331546409,-0.025,0.0319553256514871));
#5238=CARTESIAN_POINT('',(0.0202662002422961,-0.025,0.0301846870051569));
#5239=CARTESIAN_POINT('',(0.0193751604417565,-0.025,0.0283941429331345));
#5240=CARTESIAN_POINT('',(0.0161799255063843,-0.025,0.0299842079552569));
#5241=CARTESIAN_POINT('',(0.0288356587268814,-0.025,0.0236862551817527));
#5242=CARTESIAN_POINT('',(0.0297266985274211,-0.025,0.025476799253775));
#5243=CARTESIAN_POINT('',(0.0317080889224856,-0.025,0.0252046006087637));
#5244=CARTESIAN_POINT('',(0.0273813096176846,-0.025,-0.00629092338894474));
#5245=CARTESIAN_POINT('',(-0.0326572082737265,-0.025,0.0404741357944162));
#5246=CARTESIAN_POINT('',(-0.018771254176823,-0.025,0.0510192471924883));
#5247=CARTESIAN_POINT('',(-0.0269420584600964,-0.025,0.0448142690701584));
#5248=CARTESIAN_POINT('',(-0.0257324892136183,-0.025,0.0432214909192616));
#5249=CARTESIAN_POINT('',(-0.0266624563012736,-0.025,0.0414508522729315));
#5250=CARTESIAN_POINT('',(0.012340158757946,-0.025,0.0209660693316253));
#5251=CARTESIAN_POINT('',(-0.0101652413167689,-0.025,0.0327862571533343));
#5252=CARTESIAN_POINT('',(-0.00923527422911366,-0.025,0.0345568957996644));
#5253=CARTESIAN_POINT('',(-0.00927094922194973,-0.025,0.032557214001256));
#5254=CARTESIAN_POINT('',(0.0006228069993603,-0.025,0.0323807060775464));
#5255=CARTESIAN_POINT('',(-0.00826161211976088,-0.025,0.0325392070893971));
#5256=CARTESIAN_POINT('',(-0.00822593712692481,-0.025,0.0345388888878055));
#5257=CARTESIAN_POINT('',(-0.00653152865701998,-0.025,0.035601423563529));
#5258=CARTESIAN_POINT('',(0.0124743140667979,-0.025,0.00529308481026568));
#5259=CARTESIAN_POINT('',(-0.01586727646044,-0.025,0.050489003717315));
#5260=CARTESIAN_POINT('',(-0.0175616849303448,-0.025,0.0494264690415915));
#5261=CARTESIAN_POINT('',(6.07153216591882E-18,-0.025,-1.30104260698261E-17));
#5262=CARTESIAN_POINT('',(-0.00754447765309897,-0.025,0.00996648668999715));
#5263=CARTESIAN_POINT('',(-0.00791496850566766,-0.025,0.00967487847749465));
#5264=CARTESIAN_POINT('',(-0.00875159407759481,-0.025,0.0115611245603967));
#5265=CARTESIAN_POINT('',(-0.00686107062533633,-0.025,0.0122137508519761));
#5266=CARTESIAN_POINT('',(-0.00158297450595459,-0.025,-0.00307580248921265));
#5267=CARTESIAN_POINT('',(-0.0110741020277364,-0.025,0.0244180318840247));
#5268=CARTESIAN_POINT('',(-0.0129646254799949,-0.025,0.0237654055924453));
#5269=CARTESIAN_POINT('',(-0.0138556652805346,-0.025,0.0255559496644676));
#5270=CARTESIAN_POINT('',(-0.0139523260050352,-0.025,0.0255078477752012));
#5271=CARTESIAN_POINT('',(-0.0227484823457259,-0.025,0.021130560718272));
#5272=CARTESIAN_POINT('',(-0.0218574425451863,-0.025,0.0193400166462497));
#5273=CARTESIAN_POINT('',(-0.0229359709681251,-0.025,0.0176557433783644));
#5274=CARTESIAN_POINT('',(0.0024968224450638,-0.025,0.00136979317427733));
#5275=CARTESIAN_POINT('',(-0.0102598918895133,-0.025,0.00953858576600848));
#5276=CARTESIAN_POINT('',(-0.00918136346657448,-0.025,0.0112228590338938));
#5277=CARTESIAN_POINT('',(0.0325391564652913,-0.025,0.0493534588997786));
#5278=CARTESIAN_POINT('',(0.0313295872188131,-0.025,0.0477606807488818));
#5279=CARTESIAN_POINT('',(0.0327725014182601,-0.025,0.0473671180093662));
#5280=CARTESIAN_POINT('',(0.0319684469906823,-0.025,0.0491983734468988));
#5281=CARTESIAN_POINT('',(0.0339681287890908,-0.025,0.0492340484397349));
#5282=CARTESIAN_POINT('',(0.0348805033781414,-0.025,-0.00190706509709098));
#5283=CARTESIAN_POINT('',(0.0337248752007628,-0.025,0.0628690833565495));
#5284=CARTESIAN_POINT('',(0.0317251934023543,-0.025,0.0628334083637134));
#5285=CARTESIAN_POINT('',(0.0304518813979917,-0.025,0.0643757042301236));
#5286=CARTESIAN_POINT('',(-0.0205043452371993,-0.025,0.0223064900898858));
#5287=CARTESIAN_POINT('',(0.0223371877715641,-0.025,0.0576762524379682));
#5288=CARTESIAN_POINT('',(0.0236104997759268,-0.025,0.0561339565715581));
#5289=CARTESIAN_POINT('',(0.0224009305294486,-0.025,0.0545411784206613));
#5290=CARTESIAN_POINT('',(0.0356811313899219,-0.025,0.0444560811716582));
#5291=CARTESIAN_POINT('',(0.0273478134668041,-0.025,0.0698978186491145));
#5292=CARTESIAN_POINT('',(0.0254525616676069,-0.025,0.0706134478425949));
#5293=CARTESIAN_POINT('',(0.0113397726710206,-0.025,0.0759423037822983));
#5294=CARTESIAN_POINT('',(0.0106332780850816,-0.025,0.0740712438153173));
#5295=CARTESIAN_POINT('',(0.00892442985667184,-0.025,0.0730320914048111));
#5296=CARTESIAN_POINT('',(0.0400598219340312,-0.025,0.0218310750242403));
#5297=CARTESIAN_POINT('',(0.0157988844560553,-0.025,0.0617273016120252));
#5298=CARTESIAN_POINT('',(0.0175077326844649,-0.025,0.0627664540225314));
#5299=CARTESIAN_POINT('',(0.0187810446888277,-0.025,0.0612241581561212));
#5300=CARTESIAN_POINT('',(-0.0236876252481059,-0.025,0.0261622297559112));
#5301=CARTESIAN_POINT('',(0.0260193790860305,-0.025,0.0672000920092037));
#5302=CARTESIAN_POINT('',(0.0247460670816679,-0.025,0.0687423878756139));
#5303=CARTESIAN_POINT('',(0.0175563823431658,-0.025,-0.0176663268357535));
#5304=CARTESIAN_POINT('',(0.0223604368952027,-0.025,-0.0162767006769866));
#5305=CARTESIAN_POINT('',(0.0223965362678356,-0.025,-0.016408188931715));
#5306=CARTESIAN_POINT('',(0.0241939801443037,-0.025,-0.0155104123407018));
#5307=CARTESIAN_POINT('',(0.0259914240207718,-0.025,-0.016408188931715));
#5308=CARTESIAN_POINT('',(0.0273813096176845,-0.025,-0.00629092338894474));
#5309=CARTESIAN_POINT('',(0.0299329654222047,-0.025,0.0122831084633346));
#5310=CARTESIAN_POINT('',(0.0279515750271402,-0.025,0.0125553071083459));
#5311=CARTESIAN_POINT('',(0.0268730466042014,-0.025,0.0142395803762312));
#5312=CARTESIAN_POINT('',(0.000199498612283219,-0.025,-0.00284088999543596));
#5313=CARTESIAN_POINT('',(0.0135591417208421,-0.025,0.00571398948144979));
#5314=CARTESIAN_POINT('',(0.0146376701437809,-0.025,0.00402971621356447));
#5315=CARTESIAN_POINT('',(0.0129533968758956,-0.025,0.00295118779062565));
#5316=CARTESIAN_POINT('',(0.0116753698406736,-0.025,0.00494700609756824));
#5317=CARTESIAN_POINT('',(0.0173481977058518,-0.025,-0.0039119095540006));
#5318=CARTESIAN_POINT('',(0.0116766612173613,-0.025,0.0049465314536059));
#5319=CARTESIAN_POINT('',(0.0178883131492939,-0.025,-0.00475552235676381));
#5320=CARTESIAN_POINT('',(-0.0359787544582518,-0.025,-0.0322934098622313));
#5321=CARTESIAN_POINT('',(0.0357877013630068,-0.025,0.0192331939979748));
#5322=CARTESIAN_POINT('',(0.00170884822840973,-0.025,0.0752746247029502));
#5323=CARTESIAN_POINT('',(0.0100695417822339,-0.025,0.0615257691709986));
#5324=CARTESIAN_POINT('',(-2.25514051876985E-17,-0.025,0.0742354722924439));
#5325=CARTESIAN_POINT('',(-0.00170884822840976,-0.025,0.0752746247029502));
#5326=CARTESIAN_POINT('',(-0.0357877013630068,-0.025,0.0192331939979748));
#5327=CARTESIAN_POINT('',(-0.0100695417822339,-0.025,0.0615257691709986));
#5328=CARTESIAN_POINT('',(-0.00836069355382419,-0.025,0.0604866167604923));
#5329=CARTESIAN_POINT('',(-0.00836069355382419,-0.025,0.0584866167604923));
#5330=CARTESIAN_POINT('',(0.,-0.025,0.0584866167604923));
#5331=CARTESIAN_POINT('',(0.00836069355382414,-0.025,0.0584866167604923));
#5332=CARTESIAN_POINT('',(0.00836069355382414,-0.025,0.0604866167604923));
#5333=CARTESIAN_POINT('',(0.0031433341246916,-0.025,-0.00144423676026411));
#5334=CARTESIAN_POINT('',(-0.00213476199469014,-0.025,0.0138453165809246));
#5335=CARTESIAN_POINT('',(-0.00593735979802299,-0.025,0.0248606563235353));
#5336=CARTESIAN_POINT('',(-0.000244238542431667,-0.025,0.014497942872504));
#5337=CARTESIAN_POINT('',(-0.000210550467613506,-0.025,0.0124982266142276));
#5338=CARTESIAN_POINT('',(4.55364912443912E-18,-0.025,2.60208521396521E-17));
#5339=CARTESIAN_POINT('',(0.000210550467613447,-0.025,0.0124982266142276));
#5340=CARTESIAN_POINT('',(0.000244238542431598,-0.025,0.014497942872504));
#5341=CARTESIAN_POINT('',(0.00213476199469008,-0.025,0.0138453165809246));
#5342=CARTESIAN_POINT('',(-0.00314333412469166,-0.025,-0.00144423676026409));
#5343=CARTESIAN_POINT('',(0.00593735979802292,-0.025,0.0248606563235353));
#5344=CARTESIAN_POINT('',(0.00404683634576445,-0.025,0.0255132826151147));
#5345=CARTESIAN_POINT('',(0.00404683634576445,-0.025,0.0275132826151147));
#5346=CARTESIAN_POINT('',(0.,-0.025,0.0275132826151147));
#5347=CARTESIAN_POINT('',(-0.00404683634576451,-0.025,0.0275132826151147));
#5348=CARTESIAN_POINT('',(-0.00404683634576451,-0.025,0.0255132826151147));
#5349=CARTESIAN_POINT('',(1.39436125732686E-17,-0.025,0.0828963769961301));
#5350=CARTESIAN_POINT('',(1.39436125732686E-17,-0.025,0.0807463769961301));
#5351=CARTESIAN_POINT('',(0.0330999765540614,-0.025,0.0978963769961301));
#5352=CARTESIAN_POINT('',(0.0330999765540614,-0.025,0.09574637699613));
#5353=CARTESIAN_POINT('',(0.00579271128745466,-0.025,-0.0127453715497115));
#5354=CARTESIAN_POINT('',(0.00471282802692968,-0.025,-0.0137864537480215));
#5355=CARTESIAN_POINT('',(0.00517206364951309,-0.025,-0.0113797960265281));
#5356=CARTESIAN_POINT('',(0.0131023045111437,-0.025,-0.0224886054461079));
#5357=CARTESIAN_POINT('',(0.0170973535669524,-0.025,-0.0266325497065585));
#5358=CARTESIAN_POINT('',(0.0181772368274775,-0.025,-0.0255914675082486));
#5359=CARTESIAN_POINT('',(0.0196237132498626,-0.025,-0.0251943454118049));
#5360=CARTESIAN_POINT('',(0.0207823229101184,-0.025,-0.029414462024091));
#5361=CARTESIAN_POINT('',(0.0175667864975871,-0.025,-0.0177022011156689));
#5362=CARTESIAN_POINT('',(0.0190132629199723,-0.025,-0.0173050790192252));
#5363=CARTESIAN_POINT('',(0.0175573529498198,-0.025,-0.0176660861643214));
#5364=CARTESIAN_POINT('',(0.017556382343173,-0.025,-0.0176663268357515));
#5365=CARTESIAN_POINT('',(0.0175566290363467,-0.025,-0.0176653577421141));
#5366=CARTESIAN_POINT('',(-0.0359787544582523,-0.025,-0.0322934098622314));
#5367=CARTESIAN_POINT('',(0.0135438664193889,-0.025,-0.00724291653072066));
#5368=CARTESIAN_POINT('',(0.0222652768280957,-0.025,-0.0208649922707672));
#5369=CARTESIAN_POINT('',(0.0131373013867336,-0.025,-0.0066078977197085));
#5370=CARTESIAN_POINT('',(0.0118740324909981,-0.025,-0.00741669416942087));
#5371=CARTESIAN_POINT('',(0.0106018147241054,-0.025,-0.00662204836555435));
#5372=CARTESIAN_POINT('',(4.33680868994202E-19,-0.025,-4.33680868994202E-19));
#5373=CARTESIAN_POINT('',(-4.96127367876721E-18,-0.025,-0.0118816168453077));
#5374=CARTESIAN_POINT('',(-4.96127367876721E-18,-0.025,-0.0140316168453077));
#5375=CARTESIAN_POINT('',(-0.0118740324909981,-0.025,-0.00741669416942087));
#5376=CARTESIAN_POINT('',(-0.0106018147241054,-0.025,-0.00662204836555435));
#5377=CARTESIAN_POINT('',(-0.0131373013867336,-0.025,-0.0066078977197085));
#5378=CARTESIAN_POINT('',(-0.0222652768280957,-0.025,-0.0208649922707672));
#5379=CARTESIAN_POINT('',(-0.0135438664193889,-0.025,-0.00724291653072066));
#5380=CARTESIAN_POINT('',(0.0359787544582523,-0.025,-0.0322934098622314));
#5381=CARTESIAN_POINT('',(-0.0175566290363467,-0.025,-0.0176653577421141));
#5382=CARTESIAN_POINT('',(-0.017556382343173,-0.025,-0.0176663268357515));
#5383=CARTESIAN_POINT('',(-0.0175573529498198,-0.025,-0.0176660861643214));
#5384=CARTESIAN_POINT('',(-0.0190132629199723,-0.025,-0.0173050790192252));
#5385=CARTESIAN_POINT('',(-0.0175667864975871,-0.025,-0.0177022011156689));
#5386=CARTESIAN_POINT('',(-0.0207823229101184,-0.025,-0.029414462024091));
#5387=CARTESIAN_POINT('',(-0.0196237132498626,-0.025,-0.0251943454118049));
#5388=CARTESIAN_POINT('',(-0.0181772368274775,-0.025,-0.0255914675082486));
#5389=CARTESIAN_POINT('',(-0.0170973535669524,-0.025,-0.0266325497065585));
#5390=CARTESIAN_POINT('',(-0.0131023045111437,-0.025,-0.0224886054461079));
#5391=CARTESIAN_POINT('',(-0.00471282802692968,-0.025,-0.0137864537480215));
#5392=CARTESIAN_POINT('',(-0.00579271128745466,-0.025,-0.0127453715497115));
#5393=CARTESIAN_POINT('',(-0.00517206364951309,-0.025,-0.0113797960265281));
#5394=CARTESIAN_POINT('',(-4.33680868994202E-19,-0.025,-4.33680868994202E-19));
#5395=CARTESIAN_POINT('',(0.,-0.025,-0.0182632336906154));
#5396=CARTESIAN_POINT('',(-0.00107988326052498,-0.025,-0.0172221514923054));
#5397=CARTESIAN_POINT('',(0.00107988326052498,-0.025,-0.0172221514923054));
#5398=CARTESIAN_POINT('',(-0.00950269364272709,-0.025,-0.0259588794404744));
#5399=CARTESIAN_POINT('',(-0.015627921784186,-0.025,-0.0323123944151763));
#5400=CARTESIAN_POINT('',(-0.014548038523661,-0.025,-0.0333534766134863));
#5401=CARTESIAN_POINT('',(-0.014827366479474,-0.025,-0.0348272391089723));
#5402=CARTESIAN_POINT('',(-0.000460585829550859,-0.025,-0.0375502310990987));
#5403=CARTESIAN_POINT('',(-0.000279327955813025,-0.025,-0.0375845856111054));
#5404=CARTESIAN_POINT('',(0.,-0.025,-0.0361108231156194));
#5405=CARTESIAN_POINT('',(0.000279327955813025,-0.025,-0.0375845856111054));
#5406=CARTESIAN_POINT('',(0.000460585829550859,-0.025,-0.0375502310990987));
#5407=CARTESIAN_POINT('',(0.014827366479474,-0.025,-0.0348272391089723));
#5408=CARTESIAN_POINT('',(0.014548038523661,-0.025,-0.0333534766134863));
#5409=CARTESIAN_POINT('',(0.015627921784186,-0.025,-0.0323123944151763));
#5410=CARTESIAN_POINT('',(0.00950269364272709,-0.025,-0.0259588794404744));
#5411=CARTESIAN_POINT('',(-0.0218197902545666,-0.025,-0.0331933302013541));
#5412=CARTESIAN_POINT('',(-0.0218197902545666,-0.025,-0.0353433302013541));
#5413=CARTESIAN_POINT('',(0.0218197902545666,-0.025,-0.0331933302013541));
#5414=CARTESIAN_POINT('',(0.0218197902545666,-0.025,-0.0353433302013541));
#5415=CARTESIAN_POINT('',(-0.0400598219340312,-0.025,0.0218310750242403));
#5416=CARTESIAN_POINT('',(-0.0089244298566719,-0.025,0.0730320914048111));
#5417=CARTESIAN_POINT('',(-0.0157988844560553,-0.025,0.0617273016120252));
#5418=CARTESIAN_POINT('',(-0.0106332780850816,-0.025,0.0740712438153173));
#5419=CARTESIAN_POINT('',(-0.0113397726710207,-0.025,0.0759423037822983));
#5420=CARTESIAN_POINT('',(-0.0273478134668041,-0.025,0.0698978186491145));
#5421=CARTESIAN_POINT('',(-0.025452561667607,-0.025,0.0706134478425949));
#5422=CARTESIAN_POINT('',(-0.024746067081668,-0.025,0.0687423878756139));
#5423=CARTESIAN_POINT('',(-0.0260193790860307,-0.025,0.0672000920092037));
#5424=CARTESIAN_POINT('',(0.0236876252481059,-0.025,0.0261622297559112));
#5425=CARTESIAN_POINT('',(-0.0187810446888277,-0.025,0.0612241581561212));
#5426=CARTESIAN_POINT('',(-0.017507732684465,-0.025,0.0627664540225314));
#5427=CARTESIAN_POINT('',(-0.0319684469906823,-0.025,0.0491983734468988));
#5428=CARTESIAN_POINT('',(-0.0339681287890908,-0.025,0.0492340484397349));
#5429=CARTESIAN_POINT('',(-0.0327725014182601,-0.025,0.0473671180093663));
#5430=CARTESIAN_POINT('',(-0.0325391564652913,-0.025,0.0493534588997786));
#5431=CARTESIAN_POINT('',(-0.0313295872188132,-0.025,0.0477606807488818));
#5432=CARTESIAN_POINT('',(-0.0356811313899219,-0.025,0.0444560811716582));
#5433=CARTESIAN_POINT('',(-0.0224009305294486,-0.025,0.0545411784206613));
#5434=CARTESIAN_POINT('',(-0.0236104997759268,-0.025,0.0561339565715581));
#5435=CARTESIAN_POINT('',(-0.0223371877715642,-0.025,0.0576762524379682));
#5436=CARTESIAN_POINT('',(0.0205043452371993,-0.025,0.0223064900898857));
#5437=CARTESIAN_POINT('',(-0.0304518813979917,-0.025,0.0643757042301236));
#5438=CARTESIAN_POINT('',(-0.0317251934023543,-0.025,0.0628334083637134));
#5439=CARTESIAN_POINT('',(-0.0337248752007628,-0.025,0.0628690833565495));
#5440=CARTESIAN_POINT('',(-0.0348805033781414,-0.025,-0.00190706509709098));
#5441=CARTESIAN_POINT('',(0.0330999765540613,-0.025,0.0978963769961301));
#5442=CARTESIAN_POINT('',(0.0293252997178076,-0.025,0.0946173809940206));
#5443=CARTESIAN_POINT('',(0.0317571021006391,-0.025,0.0930800829641646));
#5444=CARTESIAN_POINT('',(0.0278154289833062,-0.025,0.0933057825931768));
#5445=CARTESIAN_POINT('',(0.0269898964002494,-0.025,0.0951274565360963));
#5446=CARTESIAN_POINT('',(-0.0321168935230074,-0.025,0.0683418832170099));
#5447=CARTESIAN_POINT('',(0.00760754592576033,-0.025,0.0863439078032902));
#5448=CARTESIAN_POINT('',(0.00843307850881708,-0.025,0.0845222338603708));
#5449=CARTESIAN_POINT('',(0.00772658392287807,-0.025,0.0826511738933898));
#5450=CARTESIAN_POINT('',(0.0291140499316517,-0.025,0.0745754685665669));
#5451=CARTESIAN_POINT('',(0.0307871064756919,-0.025,0.0739437382045297));
#5452=CARTESIAN_POINT('',(0.0314936010616309,-0.025,0.0758147981715107));
#5453=CARTESIAN_POINT('',(0.0334932828600394,-0.025,0.0758504731643468));
#5454=CARTESIAN_POINT('',(0.0348805033781414,-0.025,-0.00190706509709097));
#5455=CARTESIAN_POINT('',(0.0332196341176787,-0.025,0.0911892403442145));
#5456=CARTESIAN_POINT('',(0.0312199523192702,-0.025,0.0911535653513784));
#5457=CARTESIAN_POINT('',(0.0139523260050352,-0.025,0.0255078477752012));
#5458=CARTESIAN_POINT('',(0.0138556652805345,-0.025,0.0255559496644676));
#5459=CARTESIAN_POINT('',(0.0227484823457259,-0.025,0.021130560718272));
#5460=CARTESIAN_POINT('',(0.0129646254799949,-0.025,0.0237654055924453));
#5461=CARTESIAN_POINT('',(0.0110741020277364,-0.025,0.0244180318840247));
#5462=CARTESIAN_POINT('',(0.00158297450595453,-0.025,-0.00307580248921262));
#5463=CARTESIAN_POINT('',(0.00686107062533628,-0.025,0.0122137508519762));
#5464=CARTESIAN_POINT('',(0.00875159407759475,-0.025,0.0115611245603967));
#5465=CARTESIAN_POINT('',(0.00754447765309892,-0.025,0.00996648668999719));
#5466=CARTESIAN_POINT('',(5.03069808033274E-17,-0.025,6.59194920871187E-17));
#5467=CARTESIAN_POINT('',(0.00791496850566763,-0.025,0.00967487847749468));
#5468=CARTESIAN_POINT('',(0.00918136346657445,-0.025,0.0112228590338938));
#5469=CARTESIAN_POINT('',(0.0102598918895133,-0.025,0.0095385857660085));
#5470=CARTESIAN_POINT('',(-0.00249682244506383,-0.025,0.00136979317427737));
#5471=CARTESIAN_POINT('',(0.022935970968125,-0.025,0.0176557433783644));
#5472=CARTESIAN_POINT('',(0.0218574425451862,-0.025,0.0193400166462497));
#5473=CARTESIAN_POINT('',(0.,-0.025,0.0534866167604923));
#5474=CARTESIAN_POINT('',(-0.00823039209725161,-0.025,0.0534866167604923));
#5475=CARTESIAN_POINT('',(0.00823039209725156,-0.025,0.0534866167604923));
#5476=CARTESIAN_POINT('',(-0.00823039209725161,-0.025,0.0514866167604923));
#5477=CARTESIAN_POINT('',(-0.00992480056715644,-0.025,0.0504240820847689));
#5478=CARTESIAN_POINT('',(0.0167103352415599,-0.025,0.00794942149957437));
#5479=CARTESIAN_POINT('',(-0.00169440846990485,-0.025,0.0372991964703532));
#5480=CARTESIAN_POINT('',(-2.42861286636753E-17,-0.025,0.0383617311460767));
#5481=CARTESIAN_POINT('',(0.0016944084699048,-0.025,0.0372991964703532));
#5482=CARTESIAN_POINT('',(-0.0167103352415599,-0.025,0.00794942149957439));
#5483=CARTESIAN_POINT('',(0.00992480056715639,-0.025,0.0504240820847689));
#5484=CARTESIAN_POINT('',(0.00823039209725156,-0.025,0.0514866167604923));
#5485=CARTESIAN_POINT('',(-0.0161799255063843,-0.025,0.029984207955257));
#5486=CARTESIAN_POINT('',(-0.0193751604417566,-0.025,0.0283941429331345));
#5487=CARTESIAN_POINT('',(-0.0288356587268814,-0.025,0.0236862551817527));
#5488=CARTESIAN_POINT('',(-0.0202662002422963,-0.025,0.0301846870051569));
#5489=CARTESIAN_POINT('',(-0.019336233154641,-0.025,0.0319553256514871));
#5490=CARTESIAN_POINT('',(0.0100152410388078,-0.025,0.0165394727157998));
#5491=CARTESIAN_POINT('',(-0.0305032491896201,-0.025,0.0378204169852683));
#5492=CARTESIAN_POINT('',(-0.0314332162772754,-0.025,0.036049778338938));
#5493=CARTESIAN_POINT('',(-0.0321044669608164,-0.025,0.0379337694535258));
#5494=CARTESIAN_POINT('',(-0.0311934139472008,-0.025,0.0361533250128364));
#5495=CARTESIAN_POINT('',(-0.0331748043422653,-0.025,0.0358811263678251));
#5496=CARTESIAN_POINT('',(-0.0273813096176845,-0.025,-0.00629092338894473));
#5497=CARTESIAN_POINT('',(-0.0317080889224855,-0.025,0.0252046006087637));
#5498=CARTESIAN_POINT('',(-0.0297266985274211,-0.025,0.025476799253775));
#5499=CARTESIAN_POINT('',(-0.0273813096176845,-0.025,-0.00629092338894473));
#5500=CARTESIAN_POINT('',(-0.0259914240207718,-0.025,-0.0164081889317147));
#5501=CARTESIAN_POINT('',(-0.0299329654222047,-0.025,0.0122831084633346));
#5502=CARTESIAN_POINT('',(-0.0241939801443036,-0.025,-0.0155104123407018));
#5503=CARTESIAN_POINT('',(-0.0223965362678357,-0.025,-0.0164081889317151));
#5504=CARTESIAN_POINT('',(-0.0175563823431758,-0.025,-0.0176663268357507));
#5505=CARTESIAN_POINT('',(-0.0223604368952027,-0.025,-0.0162767006769871));
#5506=CARTESIAN_POINT('',(0.035978754458252,-0.025,-0.0322934098622314));
#5507=CARTESIAN_POINT('',(-0.0178883131492939,-0.025,-0.00475552235676382));
#5508=CARTESIAN_POINT('',(-0.0116766612173613,-0.025,0.00494653145360589));
#5509=CARTESIAN_POINT('',(-0.0173481977058518,-0.025,-0.00391190955400065));
#5510=CARTESIAN_POINT('',(-0.0116753698535267,-0.025,0.00494700610577484));
#5511=CARTESIAN_POINT('',(-0.0129533968887334,-0.025,0.00295118779884979));
#5512=CARTESIAN_POINT('',(-0.0146376701566203,-0.025,0.00402971622178616));
#5513=CARTESIAN_POINT('',(-0.0135591417336815,-0.025,0.00571398948967149));
#5514=CARTESIAN_POINT('',(-0.000199498612283238,-0.025,-0.00284088999543598));
#5515=CARTESIAN_POINT('',(-0.0268730466042013,-0.025,0.0142395803762312));
#5516=CARTESIAN_POINT('',(-0.0279515750271402,-0.025,0.0125553071083458));
#5517=CARTESIAN_POINT('',(0.,-0.025,8.87868929381831E-19));
#5518=CARTESIAN_POINT('',(0.,-0.025,0.0075));
#5519=CARTESIAN_POINT('',(-0.0338433044771145,-0.025,0.00400940175526972));
#5520=CARTESIAN_POINT('',(-0.0286453466138594,-0.025,-0.0338276116647517));
#5521=CARTESIAN_POINT('',(-0.0390412623403695,-0.025,0.0418464151752911));
#5522=CARTESIAN_POINT('',(-0.0340877863527097,-0.025,0.0425269117878192));
#5523=CARTESIAN_POINT('',(-0.0390869908487293,-0.025,0.0426160992699095));
#5524=CARTESIAN_POINT('',(-0.0385930859494059,-0.025,0.0703008318740649));
#5525=CARTESIAN_POINT('',(-0.0380991810500825,-0.025,0.0979855644782203));
#5526=CARTESIAN_POINT('',(-0.0330999765540613,-0.025,0.0978963769961301));
#5527=CARTESIAN_POINT('',(-0.0317571021006391,-0.025,0.0930800829641646));
#5528=CARTESIAN_POINT('',(-0.0312199523192702,-0.025,0.0911535653513784));
#5529=CARTESIAN_POINT('',(-0.0332196341176787,-0.025,0.0911892403442145));
#5530=CARTESIAN_POINT('',(-0.0348805033781414,-0.025,-0.00190706509709097));
#5531=CARTESIAN_POINT('',(-0.0334932828600394,-0.025,0.0758504731643468));
#5532=CARTESIAN_POINT('',(-0.0314936010616309,-0.025,0.0758147981715107));
#5533=CARTESIAN_POINT('',(-0.0307871064756918,-0.025,0.0739437382045297));
#5534=CARTESIAN_POINT('',(-0.0291140499316517,-0.025,0.074575468566567));
#5535=CARTESIAN_POINT('',(-0.0077265839228781,-0.025,0.0826511738933898));
#5536=CARTESIAN_POINT('',(-0.00843307850881713,-0.025,0.0845222338603708));
#5537=CARTESIAN_POINT('',(-0.00760754592576038,-0.025,0.0863439078032902));
#5538=CARTESIAN_POINT('',(0.0321168935230075,-0.025,0.0683418832170098));
#5539=CARTESIAN_POINT('',(-0.0269898964002494,-0.025,0.0951274565360963));
#5540=CARTESIAN_POINT('',(-0.0278154289833061,-0.025,0.0933057825931768));
#5541=CARTESIAN_POINT('',(-0.0293252997178076,-0.025,0.0946173809940206));
#5542=CARTESIAN_POINT('',(-0.0330999765540613,-0.025,0.0978963769961301));
#5543=CARTESIAN_POINT('',(-0.0310361450964194,-0.025,0.102450561853429));
#5544=CARTESIAN_POINT('',(-0.0286234996287428,-0.025,0.101357217211446));
#5545=CARTESIAN_POINT('',(-0.00412766291528372,-0.025,0.090256377000826));
#5546=CARTESIAN_POINT('',(-2.77555756156289E-17,-0.025,0.0993647467154233));
#5547=CARTESIAN_POINT('',(0.00412766291528366,-0.025,0.090256377000826));
#5548=CARTESIAN_POINT('',(0.0131054270805331,-0.025,0.0943248530693451));
#5549=CARTESIAN_POINT('',(0.0310361450964195,-0.025,0.102450561853429));
#5550=CARTESIAN_POINT('',(0.0330999765540613,-0.025,0.0978963769961301));
#5551=CARTESIAN_POINT('',(0.0380991810500825,-0.025,0.0979855644782203));
#5552=CARTESIAN_POINT('',(0.0385930859494059,-0.025,0.0703008318740649));
#5553=CARTESIAN_POINT('',(0.0390869908487294,-0.025,0.0426160992699095));
#5554=CARTESIAN_POINT('',(0.0340877863527089,-0.025,0.0425269117878193));
#5555=CARTESIAN_POINT('',(0.0390412623403695,-0.025,0.0418464151752911));
#5556=CARTESIAN_POINT('',(0.0338433044771145,-0.025,0.00400940175526971));
#5557=CARTESIAN_POINT('',(0.0286453466138594,-0.025,-0.0338276116647516));
#5558=CARTESIAN_POINT('',(0.0236918706261981,-0.025,-0.0331471150522234));
#5559=CARTESIAN_POINT('',(0.0246229638122415,-0.025,-0.0380596567038436));
#5560=CARTESIAN_POINT('',(0.00794481854832902,-0.025,-0.0412207306472979));
#5561=CARTESIAN_POINT('',(5.89805981832114E-17,-0.025,-0.0427265431043303));
#5562=CARTESIAN_POINT('',(-0.00139167901559422,-0.025,-0.0424627727507188));
#5563=CARTESIAN_POINT('',(-0.0246229638122415,-0.025,-0.0380596567038436));
#5564=CARTESIAN_POINT('',(-0.0236918706261981,-0.025,-0.0331471150522234));
#5565=CARTESIAN_POINT('',(0.,-0.029,4.28626379701574E-19));
#5566=CARTESIAN_POINT('',(0.,-0.026,4.28626379701574E-19));
#5567=CARTESIAN_POINT('',(0.,-0.026,0.007));
#5568=CARTESIAN_POINT('',(0.,-0.03,4.28626379701574E-19));
#5569=CARTESIAN_POINT('',(0.,-0.03,0.007));
#5570=CARTESIAN_POINT('',(0.,-0.029,-0.0182632336906154));
#5571=CARTESIAN_POINT('',(0.00107988326052498,-0.029,-0.0172221514923054));
#5572=CARTESIAN_POINT('',(0.00107988326052498,-0.03,-0.0172221514923054));
#5573=CARTESIAN_POINT('',(0.,-0.03,-0.0182632336906154));
#5574=CARTESIAN_POINT('',(-0.00107988326052498,-0.03,-0.0172221514923054));
#5575=CARTESIAN_POINT('',(-0.00107988326052498,-0.029,-0.0172221514923054));
#5576=CARTESIAN_POINT('',(0.00950269364272709,-0.029,-0.0259588794404744));
#5577=CARTESIAN_POINT('',(0.015627921784186,-0.029,-0.0323123944151763));
#5578=CARTESIAN_POINT('',(0.015627921784186,-0.03,-0.0323123944151763));
#5579=CARTESIAN_POINT('',(0.00950269364272709,-0.03,-0.0259588794404744));
#5580=CARTESIAN_POINT('',(0.014548038523661,-0.029,-0.0333534766134863));
#5581=CARTESIAN_POINT('',(0.014827366479474,-0.029,-0.0348272391089723));
#5582=CARTESIAN_POINT('',(0.014827366479474,-0.03,-0.0348272391089723));
#5583=CARTESIAN_POINT('',(0.014548038523661,-0.03,-0.0333534766134863));
#5584=CARTESIAN_POINT('',(0.000460585829550859,-0.029,-0.0375502310990987));
#5585=CARTESIAN_POINT('',(0.000279327955813025,-0.029,-0.0375845856111054));
#5586=CARTESIAN_POINT('',(0.000279327955813025,-0.03,-0.0375845856111054));
#5587=CARTESIAN_POINT('',(0.000460585829550859,-0.03,-0.0375502310990987));
#5588=CARTESIAN_POINT('',(0.,-0.029,-0.0361108231156194));
#5589=CARTESIAN_POINT('',(-0.000279327955813025,-0.029,-0.0375845856111054));
#5590=CARTESIAN_POINT('',(-0.000279327955813025,-0.03,-0.0375845856111054));
#5591=CARTESIAN_POINT('',(0.,-0.03,-0.0361108231156194));
#5592=CARTESIAN_POINT('',(-0.000460585829550859,-0.029,-0.0375502310990987));
#5593=CARTESIAN_POINT('',(-0.014827366479474,-0.029,-0.0348272391089723));
#5594=CARTESIAN_POINT('',(-0.014827366479474,-0.03,-0.0348272391089723));
#5595=CARTESIAN_POINT('',(-0.000460585829550859,-0.03,-0.0375502310990987));
#5596=CARTESIAN_POINT('',(-0.014548038523661,-0.029,-0.0333534766134863));
#5597=CARTESIAN_POINT('',(-0.015627921784186,-0.029,-0.0323123944151763));
#5598=CARTESIAN_POINT('',(-0.015627921784186,-0.03,-0.0323123944151763));
#5599=CARTESIAN_POINT('',(-0.014548038523661,-0.03,-0.0333534766134863));
#5600=CARTESIAN_POINT('',(-0.0118740324909981,-0.029,-0.00741669416942087));
#5601=CARTESIAN_POINT('',(-0.0106018147241054,-0.029,-0.00662204836555435));
#5602=CARTESIAN_POINT('',(-0.0106018147241054,-0.03,-0.00662204836555435));
#5603=CARTESIAN_POINT('',(-0.0118740324909981,-0.03,-0.00741669416942087));
#5604=CARTESIAN_POINT('',(-0.0131373013867336,-0.03,-0.0066078977197085));
#5605=CARTESIAN_POINT('',(-0.0131373013867336,-0.029,-0.0066078977197085));
#5606=CARTESIAN_POINT('',(-4.33680868994202E-19,-0.029,-4.33680868994202E-19));
#5607=CARTESIAN_POINT('',(-0.00517206364951309,-0.029,-0.0113797960265281));
#5608=CARTESIAN_POINT('',(-0.00517206364951309,-0.03,-0.0113797960265281));
#5609=CARTESIAN_POINT('',(-4.33680868994202E-19,-0.03,-4.33680868994202E-19));
#5610=CARTESIAN_POINT('',(-0.00579271128745466,-0.029,-0.0127453715497115));
#5611=CARTESIAN_POINT('',(-0.00471282802692968,-0.029,-0.0137864537480215));
#5612=CARTESIAN_POINT('',(-0.00471282802692968,-0.03,-0.0137864537480215));
#5613=CARTESIAN_POINT('',(-0.00579271128745466,-0.03,-0.0127453715497115));
#5614=CARTESIAN_POINT('',(-0.0131023045111437,-0.029,-0.0224886054461079));
#5615=CARTESIAN_POINT('',(-0.0170973535669524,-0.029,-0.0266325497065585));
#5616=CARTESIAN_POINT('',(-0.0170973535669524,-0.03,-0.0266325497065585));
#5617=CARTESIAN_POINT('',(-0.0131023045111437,-0.03,-0.0224886054461079));
#5618=CARTESIAN_POINT('',(-0.0181772368274775,-0.029,-0.0255914675082486));
#5619=CARTESIAN_POINT('',(-0.0196237132498626,-0.029,-0.0251943454118049));
#5620=CARTESIAN_POINT('',(-0.0196237132498626,-0.03,-0.0251943454118049));
#5621=CARTESIAN_POINT('',(-0.0181772368274775,-0.03,-0.0255914675082486));
#5622=CARTESIAN_POINT('',(-0.0207823229101184,-0.029,-0.029414462024091));
#5623=CARTESIAN_POINT('',(-0.0175667864975871,-0.029,-0.0177022011156689));
#5624=CARTESIAN_POINT('',(-0.0175667864975871,-0.03,-0.0177022011156689));
#5625=CARTESIAN_POINT('',(-0.0207823229101184,-0.03,-0.029414462024091));
#5626=CARTESIAN_POINT('',(-0.0190132629199723,-0.029,-0.0173050790192252));
#5627=CARTESIAN_POINT('',(-0.0175573529498198,-0.029,-0.0176660861643214));
#5628=CARTESIAN_POINT('',(-0.0175573529498198,-0.03,-0.0176660861643214));
#5629=CARTESIAN_POINT('',(-0.0190132629199723,-0.03,-0.0173050790192252));
#5630=CARTESIAN_POINT('',(-0.017556382343173,-0.029,-0.0176663268357515));
#5631=CARTESIAN_POINT('',(-0.0175566290363467,-0.029,-0.0176653577421141));
#5632=CARTESIAN_POINT('',(-0.0175566290363467,-0.03,-0.0176653577421141));
#5633=CARTESIAN_POINT('',(-0.017556382343173,-0.03,-0.0176663268357515));
#5634=CARTESIAN_POINT('',(0.0359787544582523,-0.029,-0.0322934098622314));
#5635=CARTESIAN_POINT('',(-0.0135438664193889,-0.029,-0.00724291653072066));
#5636=CARTESIAN_POINT('',(-0.0135438664193889,-0.03,-0.00724291653072066));
#5637=CARTESIAN_POINT('',(0.0359787544582523,-0.03,-0.0322934098622314));
#5638=CARTESIAN_POINT('',(0.00579271128745466,-0.029,-0.0127453715497115));
#5639=CARTESIAN_POINT('',(0.00517206364951309,-0.029,-0.0113797960265281));
#5640=CARTESIAN_POINT('',(0.00517206364951309,-0.03,-0.0113797960265281));
#5641=CARTESIAN_POINT('',(0.00579271128745466,-0.03,-0.0127453715497115));
#5642=CARTESIAN_POINT('',(0.00471282802692968,-0.03,-0.0137864537480215));
#5643=CARTESIAN_POINT('',(0.00471282802692968,-0.029,-0.0137864537480215));
#5644=CARTESIAN_POINT('',(4.33680868994202E-19,-0.029,-4.33680868994202E-19));
#5645=CARTESIAN_POINT('',(0.0106018147241054,-0.029,-0.00662204836555435));
#5646=CARTESIAN_POINT('',(0.0106018147241054,-0.03,-0.00662204836555435));
#5647=CARTESIAN_POINT('',(4.33680868994202E-19,-0.03,-4.33680868994202E-19));
#5648=CARTESIAN_POINT('',(0.0118740324909981,-0.029,-0.00741669416942087));
#5649=CARTESIAN_POINT('',(0.0131373013867336,-0.029,-0.0066078977197085));
#5650=CARTESIAN_POINT('',(0.0131373013867336,-0.03,-0.0066078977197085));
#5651=CARTESIAN_POINT('',(0.0118740324909981,-0.03,-0.00741669416942087));
#5652=CARTESIAN_POINT('',(0.0222652768280957,-0.029,-0.0208649922707672));
#5653=CARTESIAN_POINT('',(0.0135438664193889,-0.029,-0.00724291653072066));
#5654=CARTESIAN_POINT('',(0.0135438664193889,-0.03,-0.00724291653072066));
#5655=CARTESIAN_POINT('',(0.0222652768280957,-0.03,-0.0208649922707672));
#5656=CARTESIAN_POINT('',(-0.0359787544582523,-0.029,-0.0322934098622314));
#5657=CARTESIAN_POINT('',(0.0175566290363467,-0.029,-0.0176653577421141));
#5658=CARTESIAN_POINT('',(0.0175566290363467,-0.03,-0.0176653577421141));
#5659=CARTESIAN_POINT('',(-0.0359787544582523,-0.03,-0.0322934098622314));
#5660=CARTESIAN_POINT('',(0.017556382343173,-0.029,-0.0176663268357515));
#5661=CARTESIAN_POINT('',(0.0175573529498198,-0.029,-0.0176660861643214));
#5662=CARTESIAN_POINT('',(0.0175573529498198,-0.03,-0.0176660861643214));
#5663=CARTESIAN_POINT('',(0.017556382343173,-0.03,-0.0176663268357515));
#5664=CARTESIAN_POINT('',(0.0190132629199723,-0.029,-0.0173050790192252));
#5665=CARTESIAN_POINT('',(0.0175667864975871,-0.029,-0.0177022011156689));
#5666=CARTESIAN_POINT('',(0.0175667864975871,-0.03,-0.0177022011156689));
#5667=CARTESIAN_POINT('',(0.0190132629199723,-0.03,-0.0173050790192252));
#5668=CARTESIAN_POINT('',(0.0207823229101184,-0.029,-0.029414462024091));
#5669=CARTESIAN_POINT('',(0.0196237132498626,-0.029,-0.0251943454118049));
#5670=CARTESIAN_POINT('',(0.0196237132498626,-0.03,-0.0251943454118049));
#5671=CARTESIAN_POINT('',(0.0207823229101184,-0.03,-0.029414462024091));
#5672=CARTESIAN_POINT('',(0.0181772368274775,-0.029,-0.0255914675082486));
#5673=CARTESIAN_POINT('',(0.0170973535669524,-0.029,-0.0266325497065585));
#5674=CARTESIAN_POINT('',(0.0170973535669524,-0.03,-0.0266325497065585));
#5675=CARTESIAN_POINT('',(0.0181772368274775,-0.03,-0.0255914675082486));
#5676=CARTESIAN_POINT('',(-0.0286234996287428,-0.029,0.101357217211446));
#5677=CARTESIAN_POINT('',(-0.0286234996287428,-0.03,0.101357217211446));
#5678=CARTESIAN_POINT('',(-0.0310361450964194,-0.03,0.102450561853429));
#5679=CARTESIAN_POINT('',(-0.00412766291528372,-0.03,0.090256377000826));
#5680=CARTESIAN_POINT('',(-0.00412766291528372,-0.029,0.090256377000826));
#5681=CARTESIAN_POINT('',(-0.0310361450964194,-0.029,0.102450561853429));
#5682=CARTESIAN_POINT('',(-0.0330999765540613,-0.029,0.0978963769961301));
#5683=CARTESIAN_POINT('',(-0.0293252997178076,-0.00399999999999991,0.0946173809940206));
#5684=CARTESIAN_POINT('',(-0.0293252997178076,-0.03,0.0946173809940206));
#5685=CARTESIAN_POINT('',(-0.0330999765540613,-0.03,0.0978963769961301));
#5686=CARTESIAN_POINT('',(-0.0317571021006391,-0.03,0.0930800829641646));
#5687=CARTESIAN_POINT('',(-0.0317571021006391,-0.00399999999999991,0.0930800829641646));
#5688=CARTESIAN_POINT('',(-0.0380991810500825,-0.029,0.0979855644782203));
#5689=CARTESIAN_POINT('',(-0.0380991810500825,-0.03,0.0979855644782203));
#5690=CARTESIAN_POINT('',(-0.0330999765540613,-0.03,0.0978963769961301));
#5691=CARTESIAN_POINT('',(-0.0330999765540613,0.00700000000000009,0.0978963769961301));
#5692=CARTESIAN_POINT('',(-0.0330999765540613,0.00700000000000009,0.0928963769961301));
#5693=CARTESIAN_POINT('',(-0.0385930859494059,-0.029,0.0703008318740649));
#5694=CARTESIAN_POINT('',(-0.0390869908487293,-0.029,0.0426160992699095));
#5695=CARTESIAN_POINT('',(-0.0390869908487293,-0.03,0.0426160992699095));
#5696=CARTESIAN_POINT('',(-0.0385930859494059,-0.03,0.0703008318740649));
#5697=CARTESIAN_POINT('',(-0.0340877863527097,-0.029,0.0425269117878192));
#5698=CARTESIAN_POINT('',(-0.0390412623403695,-0.029,0.0418464151752911));
#5699=CARTESIAN_POINT('',(-0.0390412623403695,-0.03,0.0418464151752911));
#5700=CARTESIAN_POINT('',(-0.0340877863527097,-0.03,0.0425269117878192));
#5701=CARTESIAN_POINT('',(-0.0340877863527097,0.00700000000000009,0.0425269117878192));
#5702=CARTESIAN_POINT('',(-0.0340877863527097,0.00700000000000009,0.0375269117878207));
#5703=CARTESIAN_POINT('',(-0.0338433044771145,-0.029,0.00400940175526972));
#5704=CARTESIAN_POINT('',(-0.0286453466138594,-0.029,-0.0338276116647517));
#5705=CARTESIAN_POINT('',(-0.0286453466138594,-0.03,-0.0338276116647517));
#5706=CARTESIAN_POINT('',(-0.0338433044771145,-0.03,0.00400940175526972));
#5707=CARTESIAN_POINT('',(-0.0236918706261981,-0.029,-0.0331471150522234));
#5708=CARTESIAN_POINT('',(-0.0246229638122415,-0.029,-0.0380596567038436));
#5709=CARTESIAN_POINT('',(-0.0246229638122415,-0.03,-0.0380596567038436));
#5710=CARTESIAN_POINT('',(-0.0236918706261981,-0.03,-0.0331471150522234));
#5711=CARTESIAN_POINT('',(-0.00139167901559422,-0.029,-0.0424627727507188));
#5712=CARTESIAN_POINT('',(5.89805981832114E-17,-0.029,-0.0427265431043303));
#5713=CARTESIAN_POINT('',(5.89805981832114E-17,-0.03,-0.0427265431043303));
#5714=CARTESIAN_POINT('',(-0.00139167901559422,-0.03,-0.0424627727507188));
#5715=CARTESIAN_POINT('',(0.00794481854832902,-0.029,-0.0412207306472979));
#5716=CARTESIAN_POINT('',(0.0246229638122415,-0.029,-0.0380596567038436));
#5717=CARTESIAN_POINT('',(0.0246229638122415,-0.03,-0.0380596567038436));
#5718=CARTESIAN_POINT('',(0.00794481854832902,-0.03,-0.0412207306472979));
#5719=CARTESIAN_POINT('',(0.0236918706261981,-0.029,-0.0331471150522234));
#5720=CARTESIAN_POINT('',(0.0286453466138594,-0.029,-0.0338276116647516));
#5721=CARTESIAN_POINT('',(0.0286453466138594,-0.03,-0.0338276116647516));
#5722=CARTESIAN_POINT('',(0.0236918706261981,-0.03,-0.0331471150522234));
#5723=CARTESIAN_POINT('',(0.0338433044771145,-0.029,0.00400940175526971));
#5724=CARTESIAN_POINT('',(0.0390412623403695,-0.029,0.0418464151752911));
#5725=CARTESIAN_POINT('',(0.0390412623403695,-0.03,0.0418464151752911));
#5726=CARTESIAN_POINT('',(0.0338433044771145,-0.03,0.00400940175526971));
#5727=CARTESIAN_POINT('',(0.0340877863527089,-0.029,0.0425269117878193));
#5728=CARTESIAN_POINT('',(0.0390869908487294,-0.029,0.0426160992699095));
#5729=CARTESIAN_POINT('',(0.0390869908487294,-0.03,0.0426160992699095));
#5730=CARTESIAN_POINT('',(0.0340877863527089,-0.03,0.0425269117878193));
#5731=CARTESIAN_POINT('',(0.0340877863527089,0.00700000000000009,0.0425269117878193));
#5732=CARTESIAN_POINT('',(0.0340877863527089,0.00700000000000009,0.03752691178782));
#5733=CARTESIAN_POINT('',(0.0385930859494059,-0.029,0.0703008318740649));
#5734=CARTESIAN_POINT('',(0.0380991810500825,-0.029,0.0979855644782203));
#5735=CARTESIAN_POINT('',(0.0380991810500825,-0.03,0.0979855644782203));
#5736=CARTESIAN_POINT('',(0.0385930859494059,-0.03,0.0703008318740649));
#5737=CARTESIAN_POINT('',(0.0330999765540613,-0.029,0.0978963769961301));
#5738=CARTESIAN_POINT('',(0.0310361450964195,-0.029,0.102450561853429));
#5739=CARTESIAN_POINT('',(0.0310361450964195,-0.03,0.102450561853429));
#5740=CARTESIAN_POINT('',(0.0330999765540613,-0.03,0.0978963769961301));
#5741=CARTESIAN_POINT('',(0.0218197902545666,-0.029,-0.0331933302013541));
#5742=CARTESIAN_POINT('',(0.0218197902545666,-0.03,-0.0331933302013541));
#5743=CARTESIAN_POINT('',(0.0218197902545666,-0.03,-0.0353433302013541));
#5744=CARTESIAN_POINT('',(-0.0218197902545666,-0.029,-0.0331933302013541));
#5745=CARTESIAN_POINT('',(-0.0218197902545666,-0.03,-0.0331933302013541));
#5746=CARTESIAN_POINT('',(-0.0218197902545666,-0.03,-0.0353433302013541));
#5747=CARTESIAN_POINT('',(-0.00950269364272709,-0.029,-0.0259588794404744));
#5748=CARTESIAN_POINT('',(-0.00950269364272709,-0.03,-0.0259588794404744));
#5749=CARTESIAN_POINT('',(-0.0222652768280957,-0.029,-0.0208649922707672));
#5750=CARTESIAN_POINT('',(-0.0222652768280957,-0.03,-0.0208649922707672));
#5751=CARTESIAN_POINT('',(-4.96127367876721E-18,-0.029,-0.0118816168453077));
#5752=CARTESIAN_POINT('',(-4.96127367876721E-18,-0.03,-0.0118816168453077));
#5753=CARTESIAN_POINT('',(-4.96127367876721E-18,-0.03,-0.0140316168453077));
#5754=CARTESIAN_POINT('',(0.0131023045111437,-0.029,-0.0224886054461079));
#5755=CARTESIAN_POINT('',(0.0131023045111437,-0.03,-0.0224886054461079));
#5756=CARTESIAN_POINT('',(0.0340877863527082,-0.029,0.0425269117878194));
#5757=CARTESIAN_POINT('',(0.0340877863527082,-0.03,0.0425269117878194));
#5758=CARTESIAN_POINT('',(0.0340877863527082,-0.03,0.0403769117878194));
#5759=CARTESIAN_POINT('',(0.0340877863527082,0.00700000000000009,0.0425269117878194));
#5760=CARTESIAN_POINT('',(0.0340877863527082,0.00700000000000009,0.0403769117878194));
#5761=CARTESIAN_POINT('',(0.0330999765540614,-0.029,0.0978963769961301));
#5762=CARTESIAN_POINT('',(0.0330999765540614,-0.03,0.0978963769961301));
#5763=CARTESIAN_POINT('',(0.0330999765540614,-0.03,0.09574637699613));
#5764=CARTESIAN_POINT('',(1.39436125732686E-17,-0.029,0.0828963769961301));
#5765=CARTESIAN_POINT('',(1.39436125732686E-17,-0.03,0.0828963769961301));
#5766=CARTESIAN_POINT('',(1.39436125732686E-17,-0.03,0.0807463769961301));
#5767=CARTESIAN_POINT('',(0.0131054270805331,-0.029,0.0943248530693451));
#5768=CARTESIAN_POINT('',(0.00412766291528366,-0.029,0.090256377000826));
#5769=CARTESIAN_POINT('',(0.00412766291528366,-0.03,0.090256377000826));
#5770=CARTESIAN_POINT('',(0.0131054270805331,-0.03,0.0943248530693451));
#5771=CARTESIAN_POINT('',(-0.0330999765540614,-0.029,0.09789637699613));
#5772=CARTESIAN_POINT('',(-0.0330999765540614,-0.03,0.09789637699613));
#5773=CARTESIAN_POINT('',(-0.0330999765540614,-0.03,0.0957463769961299));
#5774=CARTESIAN_POINT('',(-0.0330999765540614,0.00700000000000009,0.09789637699613));
#5775=CARTESIAN_POINT('',(-0.0330999765540614,0.00700000000000009,0.0957463769961299));
#5776=CARTESIAN_POINT('',(-0.0340877863527081,-0.029,0.0425269117878193));
#5777=CARTESIAN_POINT('',(-0.0340877863527081,-0.03,0.0425269117878193));
#5778=CARTESIAN_POINT('',(-0.0340877863527081,-0.03,0.0403769117878193));
#5779=CARTESIAN_POINT('',(-0.0340877863527081,0.00700000000000009,0.0425269117878193));
#5780=CARTESIAN_POINT('',(-0.0340877863527081,0.00700000000000009,0.0403769117878193));
#5781=CARTESIAN_POINT('',(-0.00424321014267279,-0.00399999999999991,0.0199530549957922));
#5782=CARTESIAN_POINT('',(-0.00593735979802299,-0.029,0.0248606563235353));
#5783=CARTESIAN_POINT('',(-0.00593735979802299,-0.03,0.0248606563235353));
#5784=CARTESIAN_POINT('',(-0.00424321014267279,-0.03,0.0199530549957922));
#5785=CARTESIAN_POINT('',(-0.00213476199469014,-0.03,0.0138453165809246));
#5786=CARTESIAN_POINT('',(-0.00213476199469014,-0.025,0.0138453165809246));
#5787=CARTESIAN_POINT('',(4.55364912443912E-18,-0.00399999999999991,2.60208521396521E-17));
#5788=CARTESIAN_POINT('',(-0.000210550467613506,-0.00399999999999991,0.0124982266142276));
#5789=CARTESIAN_POINT('',(-0.000210550467613506,-0.03,0.0124982266142276));
#5790=CARTESIAN_POINT('',(4.55364912443912E-18,-0.03,2.60208521396521E-17));
#5791=CARTESIAN_POINT('',(0.000210550467613447,-0.03,0.0124982266142276));
#5792=CARTESIAN_POINT('',(0.000210550467613447,-0.00399999999999991,0.0124982266142276));
#5793=CARTESIAN_POINT('',(0.00424321014267273,-0.00399999999999991,0.0199530549957922));
#5794=CARTESIAN_POINT('',(0.00213476199469008,-0.00399999999999991,0.0138453165809246));
#5795=CARTESIAN_POINT('',(0.00213476199469007,-0.03,0.0138453165809246));
#5796=CARTESIAN_POINT('',(0.00424321014267273,-0.03,0.0199530549957922));
#5797=CARTESIAN_POINT('',(0.00593735979802292,-0.03,0.0248606563235353));
#5798=CARTESIAN_POINT('',(0.00593735979802292,-0.00399999999999991,0.0248606563235353));
#5799=CARTESIAN_POINT('',(-3.46944695195361E-17,-0.00399999999999991,0.0275132826151147));
#5800=CARTESIAN_POINT('',(0.00404683634576445,-0.00399999999999991,0.0275132826151147));
#5801=CARTESIAN_POINT('',(0.00404683634576445,-0.03,0.0275132826151147));
#5802=CARTESIAN_POINT('',(-3.46944695195361E-17,-0.03,0.0275132826151147));
#5803=CARTESIAN_POINT('',(-0.00404683634576451,-0.03,0.0275132826151147));
#5804=CARTESIAN_POINT('',(-0.00404683634576451,-0.025,0.0275132826151147));
#5805=CARTESIAN_POINT('',(-0.0114533593445853,-0.00399999999999991,0.0688733591230963));
#5806=CARTESIAN_POINT('',(-0.0157988844560553,-0.029,0.0617273016120252));
#5807=CARTESIAN_POINT('',(-0.0157988844560553,-0.03,0.0617273016120252));
#5808=CARTESIAN_POINT('',(-0.0114533593445853,-0.03,0.0688733591230963));
#5809=CARTESIAN_POINT('',(-0.0089244298566719,-0.03,0.0730320914048111));
#5810=CARTESIAN_POINT('',(-0.0089244298566719,-0.025,0.0730320914048111));
#5811=CARTESIAN_POINT('',(-0.0172929028692938,-0.00399999999999991,0.0736944580003931));
#5812=CARTESIAN_POINT('',(-0.0113397726710207,-0.029,0.0759423037822983));
#5813=CARTESIAN_POINT('',(-0.0113397726710207,-0.03,0.0759423037822983));
#5814=CARTESIAN_POINT('',(-0.0172929028692938,-0.03,0.0736944580003931));
#5815=CARTESIAN_POINT('',(-0.025452561667607,-0.03,0.0706134478425948));
#5816=CARTESIAN_POINT('',(-0.025452561667607,-0.025,0.0706134478425948));
#5817=CARTESIAN_POINT('',(-0.0228388854999448,-0.00399999999999991,0.0645742918944775));
#5818=CARTESIAN_POINT('',(-0.0260193790860307,-0.029,0.0672000920092037));
#5819=CARTESIAN_POINT('',(-0.0260193790860307,-0.03,0.0672000920092037));
#5820=CARTESIAN_POINT('',(-0.0228388854999448,-0.03,0.0645742918944775));
#5821=CARTESIAN_POINT('',(-0.0187810446888277,-0.03,0.0612241581561212));
#5822=CARTESIAN_POINT('',(-0.0187810446888277,-0.025,0.0612241581561212));
#5823=CARTESIAN_POINT('',(0.00601571212428402,-0.00399999999999991,0.0681921441504762));
#5824=CARTESIAN_POINT('',(0.0100695417822339,-0.00399999999999991,0.0615257691709985));
#5825=CARTESIAN_POINT('',(0.0100695417822339,-0.03,0.0615257691709985));
#5826=CARTESIAN_POINT('',(0.00601571212428402,-0.03,0.0681921441504762));
#5827=CARTESIAN_POINT('',(0.00170884822840972,-0.03,0.0752746247029502));
#5828=CARTESIAN_POINT('',(0.00170884822840972,-0.00399999999999991,0.0752746247029502));
#5829=CARTESIAN_POINT('',(-0.00601571212428406,-0.00399999999999991,0.0681921441504762));
#5830=CARTESIAN_POINT('',(-0.00170884822840978,-0.00399999999999991,0.0752746247029502));
#5831=CARTESIAN_POINT('',(-0.00170884822840977,-0.03,0.0752746247029502));
#5832=CARTESIAN_POINT('',(-0.00601571212428406,-0.03,0.0681921441504762));
#5833=CARTESIAN_POINT('',(-0.0100695417822339,-0.03,0.0615257691709985));
#5834=CARTESIAN_POINT('',(-0.0100695417822339,-0.025,0.0615257691709985));
#5835=CARTESIAN_POINT('',(-0.00595882678466237,-0.00399999999999991,0.0584866167604923));
#5836=CARTESIAN_POINT('',(-0.00836069355382419,-0.029,0.0584866167604923));
#5837=CARTESIAN_POINT('',(-0.00836069355382419,-0.03,0.0584866167604923));
#5838=CARTESIAN_POINT('',(-0.00595882678466237,-0.03,0.0584866167604923));
#5839=CARTESIAN_POINT('',(0.00836069355382414,-0.03,0.0584866167604923));
#5840=CARTESIAN_POINT('',(0.00836069355382414,-0.00399999999999991,0.0584866167604923));
#5841=CARTESIAN_POINT('',(-0.0338247388776502,-0.00399999999999991,0.057271448679746));
#5842=CARTESIAN_POINT('',(-0.0337248752007628,-0.00399999999999991,0.0628690833565494));
#5843=CARTESIAN_POINT('',(-0.0337248752007628,-0.03,0.0628690833565494));
#5844=CARTESIAN_POINT('',(-0.0338247388776502,-0.03,0.057271448679746));
#5845=CARTESIAN_POINT('',(-0.0339681287890908,-0.03,0.0492340484397349));
#5846=CARTESIAN_POINT('',(-0.0339681287890908,-0.025,0.0492340484397349));
#5847=CARTESIAN_POINT('',(-0.0262705250973959,-0.00399999999999991,0.0516025754626205));
#5848=CARTESIAN_POINT('',(-0.0313295872188132,-0.029,0.0477606807488818));
#5849=CARTESIAN_POINT('',(-0.0313295872188132,-0.03,0.0477606807488818));
#5850=CARTESIAN_POINT('',(-0.0262705250973959,-0.03,0.0516025754626205));
#5851=CARTESIAN_POINT('',(-0.0224009305294486,-0.03,0.0545411784206613));
#5852=CARTESIAN_POINT('',(-0.0224009305294486,-0.00399999999999991,0.0545411784206613));
#5853=CARTESIAN_POINT('',(-0.027020323510921,-0.00399999999999991,0.061542626643368));
#5854=CARTESIAN_POINT('',(-0.0223371877715642,-0.00399999999999991,0.0576762524379682));
#5855=CARTESIAN_POINT('',(-0.0223371877715642,-0.03,0.0576762524379682));
#5856=CARTESIAN_POINT('',(-0.027020323510921,-0.03,0.061542626643368));
#5857=CARTESIAN_POINT('',(-0.0304518813979917,-0.03,0.0643757042301235));
#5858=CARTESIAN_POINT('',(-0.0304518813979917,-0.00399999999999991,0.0643757042301235));
#5859=CARTESIAN_POINT('',(0.02758806882865,-0.00399999999999991,-0.00478588020740757));
#5860=CARTESIAN_POINT('',(0.0259914240207718,-0.025,-0.016408188931715));
#5861=CARTESIAN_POINT('',(0.0259914240207718,-0.03,-0.016408188931715));
#5862=CARTESIAN_POINT('',(0.02758806882865,-0.03,-0.00478588020740757));
#5863=CARTESIAN_POINT('',(0.0299329654222047,-0.03,0.0122831084633346));
#5864=CARTESIAN_POINT('',(0.0299329654222047,-0.00399999999999991,0.0122831084633346));
#5865=CARTESIAN_POINT('',(0.0211988396500964,-0.00399999999999991,0.0106060883566595));
#5866=CARTESIAN_POINT('',(0.0268730466042014,-0.00399999999999991,0.0142395803762312));
#5867=CARTESIAN_POINT('',(0.0268730466042014,-0.03,0.0142395803762312));
#5868=CARTESIAN_POINT('',(0.0211988396500964,-0.03,0.0106060883566595));
#5869=CARTESIAN_POINT('',(0.0135591417208421,-0.03,0.00571398948144979));
#5870=CARTESIAN_POINT('',(0.0135591417208421,-0.025,0.00571398948144979));
#5871=CARTESIAN_POINT('',(0.0146113945237382,-0.00399999999999991,0.000361992126343761));
#5872=CARTESIAN_POINT('',(0.0129533968758956,-0.029,0.00295118779062565));
#5873=CARTESIAN_POINT('',(0.0129533968758956,-0.03,0.00295118779062565));
#5874=CARTESIAN_POINT('',(0.0146113945237382,-0.03,0.000361992126343761));
#5875=CARTESIAN_POINT('',(0.0173481977058518,-0.03,-0.0039119095540006));
#5876=CARTESIAN_POINT('',(0.0173481977058518,-0.00399999999999991,-0.0039119095540006));
#5877=CARTESIAN_POINT('',(0.0176182554275728,-0.00399999999999991,-0.0043337159553822));
#5878=CARTESIAN_POINT('',(0.0176182554275728,-0.03,-0.0043337159553822));
#5879=CARTESIAN_POINT('',(0.0178883131492939,-0.03,-0.00475552235676381));
#5880=CARTESIAN_POINT('',(0.0178883131492939,-0.00399999999999991,-0.00475552235676381));
#5881=CARTESIAN_POINT('',(-0.0359787544582518,-0.00399999999999991,-0.0322934098622313));
#5882=CARTESIAN_POINT('',(-0.0359787544582518,-0.03,-0.0322934098622313));
#5883=CARTESIAN_POINT('',(0.0223604368952027,-0.03,-0.0162767006769866));
#5884=CARTESIAN_POINT('',(0.0223604368952027,-0.00399999999999991,-0.0162767006769866));
#5885=CARTESIAN_POINT('',(0.0175563823431658,-0.00399999999999991,-0.0176663268357535));
#5886=CARTESIAN_POINT('',(0.0175563823431658,-0.03,-0.0176663268357535));
#5887=CARTESIAN_POINT('',(0.0223965362678356,-0.03,-0.016408188931715));
#5888=CARTESIAN_POINT('',(0.0223965362678356,-0.00399999999999991,-0.016408188931715));
#5889=CARTESIAN_POINT('',(-0.0165499882770307,-0.00399999999999991,0.0903963769961301));
#5890=CARTESIAN_POINT('',(-0.00760754592576039,-0.00399999999999991,0.0863439078032902));
#5891=CARTESIAN_POINT('',(-0.0076075459257604,-0.03,0.0863439078032902));
#5892=CARTESIAN_POINT('',(-0.0165499882770307,-0.03,0.0903963769961301));
#5893=CARTESIAN_POINT('',(-0.0269898964002494,-0.03,0.0951274565360963));
#5894=CARTESIAN_POINT('',(-0.0269898964002494,-0.025,0.0951274565360963));
#5895=CARTESIAN_POINT('',(-0.0333675238767479,-0.00399999999999991,0.0828996112266807));
#5896=CARTESIAN_POINT('',(-0.0332196341176787,-0.029,0.0911892403442145));
#5897=CARTESIAN_POINT('',(-0.0332196341176787,-0.03,0.0911892403442145));
#5898=CARTESIAN_POINT('',(-0.0333675238767479,-0.03,0.0828996112266807));
#5899=CARTESIAN_POINT('',(-0.0334932828600394,-0.03,0.0758504731643468));
#5900=CARTESIAN_POINT('',(-0.0334932828600394,-0.00399999999999991,0.0758504731643468));
#5901=CARTESIAN_POINT('',(-0.0192399828041461,-0.00399999999999991,0.0783038231302302));
#5902=CARTESIAN_POINT('',(-0.0307871064756918,-0.00399999999999991,0.0739437382045297));
#5903=CARTESIAN_POINT('',(-0.0307871064756919,-0.03,0.0739437382045297));
#5904=CARTESIAN_POINT('',(-0.0192399828041461,-0.03,0.0783038231302302));
#5905=CARTESIAN_POINT('',(-0.0077265839228781,-0.03,0.0826511738933898));
#5906=CARTESIAN_POINT('',(-0.00772658392287811,-0.00399999999999991,0.0826511738933898));
#5907=CARTESIAN_POINT('',(0.0330999765540613,-0.00399999999999991,0.0978963769961301));
#5908=CARTESIAN_POINT('',(0.0317571021006391,-0.00399999999999991,0.0930800829641646));
#5909=CARTESIAN_POINT('',(0.0317571021006391,-0.03,0.0930800829641646));
#5910=CARTESIAN_POINT('',(0.0330999765540613,-0.03,0.0978963769961301));
#5911=CARTESIAN_POINT('',(0.0293252997178076,-0.03,0.0946173809940206));
#5912=CARTESIAN_POINT('',(0.0293252997178076,-0.00399999999999991,0.0946173809940206));
#5913=CARTESIAN_POINT('',(0.0165499882770306,-0.00399999999999991,0.09039637699613));
#5914=CARTESIAN_POINT('',(0.0269898964002494,-0.00399999999999991,0.0951274565360963));
#5915=CARTESIAN_POINT('',(0.0269898964002494,-0.03,0.0951274565360963));
#5916=CARTESIAN_POINT('',(0.0165499882770306,-0.03,0.09039637699613));
#5917=CARTESIAN_POINT('',(0.00760754592576034,-0.03,0.0863439078032902));
#5918=CARTESIAN_POINT('',(0.00760754592576035,-0.00399999999999991,0.0863439078032902));
#5919=CARTESIAN_POINT('',(0.019239982804146,-0.00399999999999991,0.0783038231302302));
#5920=CARTESIAN_POINT('',(0.00772658392287806,-0.00399999999999991,0.0826511738933898));
#5921=CARTESIAN_POINT('',(0.00772658392287806,-0.03,0.0826511738933898));
#5922=CARTESIAN_POINT('',(0.019239982804146,-0.03,0.0783038231302302));
#5923=CARTESIAN_POINT('',(0.0307871064756919,-0.03,0.0739437382045297));
#5924=CARTESIAN_POINT('',(0.0307871064756919,-0.00399999999999991,0.0739437382045297));
#5925=CARTESIAN_POINT('',(0.0333675238767479,-0.00399999999999991,0.0828996112266807));
#5926=CARTESIAN_POINT('',(0.0334932828600394,-0.00399999999999991,0.0758504731643467));
#5927=CARTESIAN_POINT('',(0.0334932828600394,-0.03,0.0758504731643467));
#5928=CARTESIAN_POINT('',(0.0333675238767479,-0.03,0.0828996112266807));
#5929=CARTESIAN_POINT('',(0.0332196341176787,-0.03,0.0911892403442145));
#5930=CARTESIAN_POINT('',(0.0332196341176787,-0.00399999999999991,0.0911892403442145));
#5931=CARTESIAN_POINT('',(0.0228388854999447,-0.00399999999999991,0.0645742918944775));
#5932=CARTESIAN_POINT('',(0.0187810446888277,-0.029,0.0612241581561212));
#5933=CARTESIAN_POINT('',(0.0187810446888277,-0.03,0.0612241581561212));
#5934=CARTESIAN_POINT('',(0.0228388854999447,-0.03,0.0645742918944775));
#5935=CARTESIAN_POINT('',(0.0260193790860305,-0.03,0.0672000920092037));
#5936=CARTESIAN_POINT('',(0.0260193790860305,-0.025,0.0672000920092037));
#5937=CARTESIAN_POINT('',(0.0172929028692936,-0.00399999999999991,0.0736944580003931));
#5938=CARTESIAN_POINT('',(0.0254525616676069,-0.029,0.0706134478425948));
#5939=CARTESIAN_POINT('',(0.0254525616676069,-0.03,0.0706134478425948));
#5940=CARTESIAN_POINT('',(0.0172929028692936,-0.03,0.0736944580003931));
#5941=CARTESIAN_POINT('',(0.0113397726710206,-0.03,0.0759423037822983));
#5942=CARTESIAN_POINT('',(0.0113397726710206,-0.025,0.0759423037822983));
#5943=CARTESIAN_POINT('',(0.0114533593445852,-0.00399999999999991,0.0688733591230963));
#5944=CARTESIAN_POINT('',(0.00892442985667183,-0.029,0.0730320914048111));
#5945=CARTESIAN_POINT('',(0.00892442985667183,-0.03,0.0730320914048111));
#5946=CARTESIAN_POINT('',(0.0114533593445852,-0.03,0.0688733591230963));
#5947=CARTESIAN_POINT('',(0.0157988844560552,-0.03,0.0617273016120252));
#5948=CARTESIAN_POINT('',(0.0157988844560552,-0.025,0.0617273016120252));
#5949=CARTESIAN_POINT('',(0.0338247388776502,-0.00399999999999991,0.057271448679746));
#5950=CARTESIAN_POINT('',(0.0339681287890908,-0.00399999999999991,0.0492340484397349));
#5951=CARTESIAN_POINT('',(0.0339681287890908,-0.03,0.0492340484397349));
#5952=CARTESIAN_POINT('',(0.0338247388776502,-0.03,0.057271448679746));
#5953=CARTESIAN_POINT('',(0.0337248752007628,-0.03,0.0628690833565495));
#5954=CARTESIAN_POINT('',(0.0337248752007628,-0.00399999999999991,0.0628690833565495));
#5955=CARTESIAN_POINT('',(0.0270203235109209,-0.00399999999999991,0.061542626643368));
#5956=CARTESIAN_POINT('',(0.0304518813979917,-0.00399999999999991,0.0643757042301236));
#5957=CARTESIAN_POINT('',(0.0304518813979917,-0.03,0.0643757042301236));
#5958=CARTESIAN_POINT('',(0.0270203235109209,-0.03,0.061542626643368));
#5959=CARTESIAN_POINT('',(0.0223371877715641,-0.03,0.0576762524379682));
#5960=CARTESIAN_POINT('',(0.0223371877715641,-0.00399999999999991,0.0576762524379682));
#5961=CARTESIAN_POINT('',(0.0262705250973958,-0.00399999999999991,0.0516025754626205));
#5962=CARTESIAN_POINT('',(0.0224009305294486,-0.00399999999999991,0.0545411784206613));
#5963=CARTESIAN_POINT('',(0.0224009305294486,-0.03,0.0545411784206613));
#5964=CARTESIAN_POINT('',(0.0262705250973958,-0.03,0.0516025754626205));
#5965=CARTESIAN_POINT('',(0.0313295872188131,-0.03,0.0477606807488818));
#5966=CARTESIAN_POINT('',(0.0313295872188131,-0.00399999999999991,0.0477606807488818));
#5967=CARTESIAN_POINT('',(0.0188622882358586,-0.00399999999999991,0.0230644721358242));
#5968=CARTESIAN_POINT('',(0.0227484823457259,-0.00399999999999991,0.021130560718272));
#5969=CARTESIAN_POINT('',(0.0227484823457259,-0.03,0.021130560718272));
#5970=CARTESIAN_POINT('',(0.0188622882358586,-0.03,0.0230644721358242));
#5971=CARTESIAN_POINT('',(0.0138556652805345,-0.03,0.0255559496644676));
#5972=CARTESIAN_POINT('',(0.0138556652805345,-0.025,0.0255559496644676));
#5973=CARTESIAN_POINT('',(0.00908838928920293,-0.00399999999999991,0.0186658325778018));
#5974=CARTESIAN_POINT('',(0.0110741020277364,-0.029,0.0244180318840247));
#5975=CARTESIAN_POINT('',(0.0110741020277364,-0.03,0.0244180318840247));
#5976=CARTESIAN_POINT('',(0.00908838928920293,-0.03,0.0186658325778018));
#5977=CARTESIAN_POINT('',(0.00686107062533628,-0.03,0.0122137508519761));
#5978=CARTESIAN_POINT('',(0.00686107062533628,-0.025,0.0122137508519761));
#5979=CARTESIAN_POINT('',(5.03069808033274E-17,-0.00399999999999991,6.59194920871187E-17));
#5980=CARTESIAN_POINT('',(0.00754447765309893,-0.00399999999999991,0.00996648668999719));
#5981=CARTESIAN_POINT('',(0.00754447765309892,-0.03,0.00996648668999719));
#5982=CARTESIAN_POINT('',(5.03069808033274E-17,-0.03,6.59194920871187E-17));
#5983=CARTESIAN_POINT('',(0.00791496850566763,-0.03,0.00967487847749468));
#5984=CARTESIAN_POINT('',(0.00791496850566763,-0.00399999999999991,0.00967487847749468));
#5985=CARTESIAN_POINT('',(0.0174366602160097,-0.00399999999999991,0.0141342465608223));
#5986=CARTESIAN_POINT('',(0.0102598918895133,-0.00399999999999991,0.0095385857660085));
#5987=CARTESIAN_POINT('',(0.0102598918895133,-0.03,0.0095385857660085));
#5988=CARTESIAN_POINT('',(0.0174366602160097,-0.03,0.0141342465608223));
#5989=CARTESIAN_POINT('',(0.022935970968125,-0.03,0.0176557433783644));
#5990=CARTESIAN_POINT('',(0.022935970968125,-0.00399999999999991,0.0176557433783644));
#5991=CARTESIAN_POINT('',(-0.00908838928920299,-0.00399999999999991,0.0186658325778018));
#5992=CARTESIAN_POINT('',(-0.00686107062533633,-0.00399999999999991,0.0122137508519761));
#5993=CARTESIAN_POINT('',(-0.00686107062533633,-0.03,0.0122137508519761));
#5994=CARTESIAN_POINT('',(-0.00908838928920299,-0.03,0.0186658325778018));
#5995=CARTESIAN_POINT('',(-0.0110741020277364,-0.03,0.0244180318840247));
#5996=CARTESIAN_POINT('',(-0.0110741020277364,-0.025,0.0244180318840247));
#5997=CARTESIAN_POINT('',(-0.0188622882358587,-0.00399999999999991,0.0230644721358242));
#5998=CARTESIAN_POINT('',(-0.0138556652805346,-0.029,0.0255559496644676));
#5999=CARTESIAN_POINT('',(-0.0138556652805346,-0.03,0.0255559496644676));
#6000=CARTESIAN_POINT('',(-0.0188622882358587,-0.03,0.0230644721358242));
#6001=CARTESIAN_POINT('',(-0.0227484823457259,-0.03,0.021130560718272));
#6002=CARTESIAN_POINT('',(-0.0227484823457259,-0.00399999999999991,0.021130560718272));
#6003=CARTESIAN_POINT('',(-0.0174366602160098,-0.00399999999999991,0.0141342465608223));
#6004=CARTESIAN_POINT('',(-0.0229359709681251,-0.00399999999999991,0.0176557433783644));
#6005=CARTESIAN_POINT('',(-0.0229359709681251,-0.03,0.0176557433783644));
#6006=CARTESIAN_POINT('',(-0.0174366602160098,-0.03,0.0141342465608223));
#6007=CARTESIAN_POINT('',(-0.0102598918895133,-0.03,0.00953858576600847));
#6008=CARTESIAN_POINT('',(-0.0102598918895133,-0.025,0.00953858576600847));
#6009=CARTESIAN_POINT('',(6.07153216591882E-18,-0.00399999999999991,-1.30104260698261E-17));
#6010=CARTESIAN_POINT('',(-0.00791496850566766,-0.00399999999999991,0.00967487847749465));
#6011=CARTESIAN_POINT('',(-0.00791496850566766,-0.03,0.00967487847749465));
#6012=CARTESIAN_POINT('',(6.07153216591882E-18,-0.03,-1.30104260698261E-17));
#6013=CARTESIAN_POINT('',(-0.00754447765309897,-0.03,0.00996648668999715));
#6014=CARTESIAN_POINT('',(-0.00754447765309897,-0.00399999999999991,0.00996648668999715));
#6015=CARTESIAN_POINT('',(-0.0194185206554148,-0.00399999999999991,0.0376462240673381));
#6016=CARTESIAN_POINT('',(-0.0266624563012736,-0.00399999999999991,0.0414508522729315));
#6017=CARTESIAN_POINT('',(-0.0266624563012736,-0.03,0.0414508522729315));
#6018=CARTESIAN_POINT('',(-0.0194185206554148,-0.03,0.0376462240673381));
#6019=CARTESIAN_POINT('',(-0.0101652413167689,-0.03,0.0327862571533343));
#6020=CARTESIAN_POINT('',(-0.0101652413167689,-0.025,0.0327862571533343));
#6021=CARTESIAN_POINT('',(-0.00715761200490776,-0.00399999999999991,0.0325195113576963));
#6022=CARTESIAN_POINT('',(-0.00927094922194973,-0.029,0.032557214001256));
#6023=CARTESIAN_POINT('',(-0.00927094922194973,-0.03,0.032557214001256));
#6024=CARTESIAN_POINT('',(-0.00715761200490776,-0.03,0.0325195113576963));
#6025=CARTESIAN_POINT('',(-0.00826161211976088,-0.03,0.0325392070893971));
#6026=CARTESIAN_POINT('',(-0.00826161211976088,-0.025,0.0325392070893971));
#6027=CARTESIAN_POINT('',(-0.0107996402578417,-0.00399999999999991,0.042407718559979));
#6028=CARTESIAN_POINT('',(-0.00653152865701998,-0.029,0.035601423563529));
#6029=CARTESIAN_POINT('',(-0.00653152865701998,-0.03,0.035601423563529));
#6030=CARTESIAN_POINT('',(-0.0107996402578417,-0.03,0.042407718559979));
#6031=CARTESIAN_POINT('',(-0.01586727646044,-0.03,0.050489003717315));
#6032=CARTESIAN_POINT('',(-0.01586727646044,-0.025,0.050489003717315));
#6033=CARTESIAN_POINT('',(-0.0230783371933032,-0.00399999999999991,0.0477484117934532));
#6034=CARTESIAN_POINT('',(-0.018771254176823,-0.029,0.0510192471924883));
#6035=CARTESIAN_POINT('',(-0.018771254176823,-0.03,0.0510192471924883));
#6036=CARTESIAN_POINT('',(-0.0230783371933032,-0.03,0.0477484117934532));
#6037=CARTESIAN_POINT('',(-0.0269420584600964,-0.03,0.0448142690701584));
#6038=CARTESIAN_POINT('',(-0.0269420584600964,-0.00399999999999991,0.0448142690701584));
#6039=CARTESIAN_POINT('',(-0.00592263193561444,-0.00399999999999991,0.0534866167604923));
#6040=CARTESIAN_POINT('',(0.00823039209725156,-0.00399999999999991,0.0534866167604923));
#6041=CARTESIAN_POINT('',(0.00823039209725156,-0.03,0.0534866167604923));
#6042=CARTESIAN_POINT('',(-0.00592263193561444,-0.03,0.0534866167604923));
#6043=CARTESIAN_POINT('',(-0.00823039209725161,-0.03,0.0534866167604923));
#6044=CARTESIAN_POINT('',(-0.00823039209725161,-0.025,0.0534866167604923));
#6045=CARTESIAN_POINT('',(-0.00592263193561445,-0.00399999999999991,0.0440418824425268));
#6046=CARTESIAN_POINT('',(-0.00992480056715644,-0.029,0.0504240820847689));
#6047=CARTESIAN_POINT('',(-0.00992480056715644,-0.03,0.0504240820847689));
#6048=CARTESIAN_POINT('',(-0.00592263193561445,-0.03,0.0440418824425268));
#6049=CARTESIAN_POINT('',(-0.00169440846990485,-0.03,0.0372991964703532));
#6050=CARTESIAN_POINT('',(-0.00169440846990485,-0.00399999999999991,0.0372991964703532));
#6051=CARTESIAN_POINT('',(0.0059226319356144,-0.00399999999999991,0.0440418824425268));
#6052=CARTESIAN_POINT('',(0.0016944084699048,-0.00399999999999991,0.0372991964703532));
#6053=CARTESIAN_POINT('',(0.0016944084699048,-0.03,0.0372991964703532));
#6054=CARTESIAN_POINT('',(0.0059226319356144,-0.03,0.0440418824425268));
#6055=CARTESIAN_POINT('',(0.00992480056715639,-0.03,0.0504240820847689));
#6056=CARTESIAN_POINT('',(0.00992480056715639,-0.00399999999999991,0.0504240820847689));
#6057=CARTESIAN_POINT('',(0.0236012977168088,-0.00399999999999991,0.0262910634426851));
#6058=CARTESIAN_POINT('',(0.0193751604417565,-0.029,0.0283941429331345));
#6059=CARTESIAN_POINT('',(0.0193751604417565,-0.03,0.0283941429331345));
#6060=CARTESIAN_POINT('',(0.0236012977168088,-0.03,0.0262910634426851));
#6061=CARTESIAN_POINT('',(0.0288356587268814,-0.03,0.0236862551817527));
#6062=CARTESIAN_POINT('',(0.0288356587268814,-0.025,0.0236862551817527));
#6063=CARTESIAN_POINT('',(0.0323681670024751,-0.00399999999999991,0.0300094458629697));
#6064=CARTESIAN_POINT('',(0.0317080889224856,-0.029,0.0252046006087637));
#6065=CARTESIAN_POINT('',(0.0317080889224856,-0.03,0.0252046006087637));
#6066=CARTESIAN_POINT('',(0.0323681670024751,-0.03,0.0300094458629697));
#6067=CARTESIAN_POINT('',(0.0331748043422654,-0.03,0.0358811263678251));
#6068=CARTESIAN_POINT('',(0.0331748043422654,-0.00399999999999991,0.0358811263678251));
#6069=CARTESIAN_POINT('',(0.0236451256297569,-0.00399999999999991,0.0342184233165066));
#6070=CARTESIAN_POINT('',(0.0305032491896201,-0.00399999999999991,0.0378204169852683));
#6071=CARTESIAN_POINT('',(0.0305032491896201,-0.03,0.0378204169852683));
#6072=CARTESIAN_POINT('',(0.0236451256297569,-0.03,0.0342184233165066));
#6073=CARTESIAN_POINT('',(0.0193362331546409,-0.03,0.0319553256514871));
#6074=CARTESIAN_POINT('',(0.0193362331546409,-0.025,0.0319553256514871));
#6075=CARTESIAN_POINT('',(0.0107996402578416,-0.00399999999999991,0.042407718559979));
#6076=CARTESIAN_POINT('',(0.0158672764604399,-0.029,0.050489003717315));
#6077=CARTESIAN_POINT('',(0.0158672764604399,-0.03,0.050489003717315));
#6078=CARTESIAN_POINT('',(0.0107996402578416,-0.03,0.042407718559979));
#6079=CARTESIAN_POINT('',(0.00653152865701991,-0.03,0.035601423563529));
#6080=CARTESIAN_POINT('',(0.00653152865701991,-0.025,0.035601423563529));
#6081=CARTESIAN_POINT('',(0.00715761200490769,-0.00399999999999991,0.0325195113576963));
#6082=CARTESIAN_POINT('',(0.00826161211976081,-0.029,0.0325392070893971));
#6083=CARTESIAN_POINT('',(0.00826161211976081,-0.03,0.0325392070893971));
#6084=CARTESIAN_POINT('',(0.00715761200490769,-0.03,0.0325195113576963));
#6085=CARTESIAN_POINT('',(0.00927094922194966,-0.03,0.032557214001256));
#6086=CARTESIAN_POINT('',(0.00927094922194966,-0.025,0.032557214001256));
#6087=CARTESIAN_POINT('',(0.0194185206554148,-0.00399999999999991,0.0376462240673381));
#6088=CARTESIAN_POINT('',(0.0101652413167689,-0.029,0.0327862571533343));
#6089=CARTESIAN_POINT('',(0.0101652413167689,-0.03,0.0327862571533343));
#6090=CARTESIAN_POINT('',(0.0194185206554148,-0.03,0.0376462240673381));
#6091=CARTESIAN_POINT('',(0.0266624563012735,-0.03,0.0414508522729315));
#6092=CARTESIAN_POINT('',(0.0266624563012735,-0.00399999999999991,0.0414508522729315));
#6093=CARTESIAN_POINT('',(0.0230783371933031,-0.00399999999999991,0.0477484117934532));
#6094=CARTESIAN_POINT('',(0.0269420584600964,-0.00399999999999991,0.0448142690701584));
#6095=CARTESIAN_POINT('',(0.0269420584600964,-0.03,0.0448142690701584));
#6096=CARTESIAN_POINT('',(0.0230783371933031,-0.03,0.0477484117934532));
#6097=CARTESIAN_POINT('',(0.0187712541768229,-0.03,0.0510192471924883));
#6098=CARTESIAN_POINT('',(0.0187712541768229,-0.025,0.0510192471924883));
#6099=CARTESIAN_POINT('',(-0.0236012977168089,-0.00399999999999991,0.0262910634426852));
#6100=CARTESIAN_POINT('',(-0.0288356587268814,-0.029,0.0236862551817527));
#6101=CARTESIAN_POINT('',(-0.0288356587268814,-0.03,0.0236862551817527));
#6102=CARTESIAN_POINT('',(-0.0236012977168089,-0.03,0.0262910634426852));
#6103=CARTESIAN_POINT('',(-0.0193751604417566,-0.03,0.0283941429331345));
#6104=CARTESIAN_POINT('',(-0.0193751604417566,-0.025,0.0283941429331345));
#6105=CARTESIAN_POINT('',(-0.0236451256297569,-0.00399999999999991,0.0342184233165066));
#6106=CARTESIAN_POINT('',(-0.019336233154641,-0.029,0.0319553256514871));
#6107=CARTESIAN_POINT('',(-0.019336233154641,-0.03,0.0319553256514871));
#6108=CARTESIAN_POINT('',(-0.0236451256297569,-0.03,0.0342184233165066));
#6109=CARTESIAN_POINT('',(-0.0305032491896201,-0.03,0.0378204169852683));
#6110=CARTESIAN_POINT('',(-0.0305032491896201,-0.025,0.0378204169852683));
#6111=CARTESIAN_POINT('',(-0.0323681670024751,-0.00399999999999991,0.0300094458629698));
#6112=CARTESIAN_POINT('',(-0.0331748043422653,-0.029,0.0358811263678251));
#6113=CARTESIAN_POINT('',(-0.0331748043422653,-0.03,0.0358811263678251));
#6114=CARTESIAN_POINT('',(-0.0323681670024751,-0.03,0.0300094458629698));
#6115=CARTESIAN_POINT('',(-0.0317080889224855,-0.03,0.0252046006087637));
#6116=CARTESIAN_POINT('',(-0.0317080889224855,-0.025,0.0252046006087637));
#6117=CARTESIAN_POINT('',(-0.0275880688286499,-0.00399999999999991,-0.00478588020740758));
#6118=CARTESIAN_POINT('',(-0.0259914240207718,-0.025,-0.0164081889317146));
#6119=CARTESIAN_POINT('',(-0.0259914240207718,-0.03,-0.0164081889317146));
#6120=CARTESIAN_POINT('',(-0.0299329654222047,-0.00399999999999991,0.0122831084633346));
#6121=CARTESIAN_POINT('',(-0.0299329654222047,-0.03,0.0122831084633346));
#6122=CARTESIAN_POINT('',(-0.0275880688286499,-0.03,-0.00478588020740758));
#6123=CARTESIAN_POINT('',(-0.0175563823431758,-0.00399999999999991,-0.0176663268357507));
#6124=CARTESIAN_POINT('',(-0.0223965362678357,-0.00399999999999991,-0.0164081889317151));
#6125=CARTESIAN_POINT('',(-0.0223965362678357,-0.03,-0.0164081889317151));
#6126=CARTESIAN_POINT('',(-0.0175563823431758,-0.03,-0.0176663268357507));
#6127=CARTESIAN_POINT('',(-0.0223604368952027,-0.03,-0.0162767006769871));
#6128=CARTESIAN_POINT('',(-0.0223604368952027,-0.00399999999999991,-0.0162767006769871));
#6129=CARTESIAN_POINT('',(0.035978754458252,-0.00399999999999991,-0.0322934098622314));
#6130=CARTESIAN_POINT('',(0.035978754458252,-0.03,-0.0322934098622314));
#6131=CARTESIAN_POINT('',(-0.0178883131492939,-0.03,-0.00475552235676382));
#6132=CARTESIAN_POINT('',(-0.0178883131492939,-0.00399999999999991,-0.00475552235676382));
#6133=CARTESIAN_POINT('',(-0.0176182554275728,-0.00399999999999991,-0.00433371595538223));
#6134=CARTESIAN_POINT('',(-0.0176182554275728,-0.03,-0.00433371595538223));
#6135=CARTESIAN_POINT('',(-0.0173481977058518,-0.03,-0.00391190955400065));
#6136=CARTESIAN_POINT('',(-0.0173481977058518,-0.00399999999999991,-0.00391190955400065));
#6137=CARTESIAN_POINT('',(-0.0173480591630151,-0.00399999999999991,-0.00391169317169691));
#6138=CARTESIAN_POINT('',(-0.0173480591630151,-0.03,-0.00391169317169691));
#6139=CARTESIAN_POINT('',(-0.0129533968887334,-0.03,0.00295118779884979));
#6140=CARTESIAN_POINT('',(-0.0129533968887334,-0.00399999999999991,0.00295118779884979));
#6141=CARTESIAN_POINT('',(-0.0211988396500964,-0.00399999999999991,0.0106060883566595));
#6142=CARTESIAN_POINT('',(-0.0135591417336815,-0.00399999999999991,0.00571398948967149));
#6143=CARTESIAN_POINT('',(-0.0135591417336815,-0.03,0.00571398948967149));
#6144=CARTESIAN_POINT('',(-0.0211988396500964,-0.03,0.0106060883566595));
#6145=CARTESIAN_POINT('',(-0.0268730466042013,-0.03,0.0142395803762312));
#6146=CARTESIAN_POINT('',(-0.0268730466042013,-0.00399999999999991,0.0142395803762312));
#6147=CARTESIAN_POINT('',(0.0314332162772754,-0.00399999999999991,0.036049778338938));
#6148=CARTESIAN_POINT('',(0.0321044669608164,-0.027,0.0379337694535258));
#6149=CARTESIAN_POINT('',(0.0321044669608164,-0.03,0.0379337694535258));
#6150=CARTESIAN_POINT('',(0.0314332162772754,-0.03,0.036049778338938));
#6151=CARTESIAN_POINT('',(0.0311934139472008,-0.00399999999999991,0.0361533250128364));
#6152=CARTESIAN_POINT('',(0.0311934139472008,-0.03,0.0361533250128364));
#6153=CARTESIAN_POINT('',(0.0297266985274211,-0.00399999999999991,0.025476799253775));
#6154=CARTESIAN_POINT('',(0.0297266985274211,-0.03,0.025476799253775));
#6155=CARTESIAN_POINT('',(0.0202662002422961,-0.00399999999999991,0.0301846870051569));
#6156=CARTESIAN_POINT('',(0.0202662002422961,-0.03,0.0301846870051569));
#6157=CARTESIAN_POINT('',(0.0218574425451862,-0.00399999999999991,0.0193400166462497));
#6158=CARTESIAN_POINT('',(0.0218574425451862,-0.03,0.0193400166462497));
#6159=CARTESIAN_POINT('',(0.0129646254799949,-0.00399999999999991,0.0237654055924453));
#6160=CARTESIAN_POINT('',(0.0129646254799949,-0.03,0.0237654055924453));
#6161=CARTESIAN_POINT('',(0.00918136346657445,-0.00399999999999991,0.0112228590338938));
#6162=CARTESIAN_POINT('',(0.00918136346657445,-0.03,0.0112228590338938));
#6163=CARTESIAN_POINT('',(0.00875159407759475,-0.00399999999999991,0.0115611245603967));
#6164=CARTESIAN_POINT('',(0.00875159407759475,-0.03,0.0115611245603967));
#6165=CARTESIAN_POINT('',(0.0279515750271402,-0.00399999999999991,0.0125553071083459));
#6166=CARTESIAN_POINT('',(0.0279515750271402,-0.03,0.0125553071083459));
#6167=CARTESIAN_POINT('',(0.0146376701437809,-0.00399999999999991,0.00402971621356447));
#6168=CARTESIAN_POINT('',(0.0146376701437809,-0.03,0.00402971621356447));
#6169=CARTESIAN_POINT('',(-0.0146376701566203,-0.00399999999999991,0.00402971622178616));
#6170=CARTESIAN_POINT('',(-0.0146376701566203,-0.03,0.00402971622178616));
#6171=CARTESIAN_POINT('',(-0.0279515750271402,-0.00399999999999991,0.0125553071083458));
#6172=CARTESIAN_POINT('',(-0.0279515750271402,-0.03,0.0125553071083458));
#6173=CARTESIAN_POINT('',(0.00404683634576445,-0.00399999999999991,0.0255132826151147));
#6174=CARTESIAN_POINT('',(0.00404683634576445,-0.03,0.0255132826151147));
#6175=CARTESIAN_POINT('',(-0.00404683634576451,-0.00399999999999991,0.0255132826151147));
#6176=CARTESIAN_POINT('',(-0.00404683634576451,-0.03,0.0255132826151147));
#6177=CARTESIAN_POINT('',(0.000244238542431598,-0.00399999999999991,0.014497942872504));
#6178=CARTESIAN_POINT('',(0.000244238542431598,-0.03,0.014497942872504));
#6179=CARTESIAN_POINT('',(-0.000244238542431667,-0.00399999999999991,0.014497942872504));
#6180=CARTESIAN_POINT('',(-0.000244238542431667,-0.03,0.014497942872504));
#6181=CARTESIAN_POINT('',(-0.00918136346657448,-0.00399999999999991,0.0112228590338938));
#6182=CARTESIAN_POINT('',(-0.00918136346657448,-0.03,0.0112228590338938));
#6183=CARTESIAN_POINT('',(-0.00875159407759481,-0.00399999999999991,0.0115611245603967));
#6184=CARTESIAN_POINT('',(-0.00875159407759481,-0.03,0.0115611245603967));
#6185=CARTESIAN_POINT('',(-0.0218574425451863,-0.00399999999999991,0.0193400166462497));
#6186=CARTESIAN_POINT('',(-0.0218574425451863,-0.03,0.0193400166462497));
#6187=CARTESIAN_POINT('',(-0.0129646254799949,-0.00399999999999991,0.0237654055924453));
#6188=CARTESIAN_POINT('',(-0.0129646254799949,-0.03,0.0237654055924453));
#6189=CARTESIAN_POINT('',(-0.0297266985274211,-0.00399999999999991,0.025476799253775));
#6190=CARTESIAN_POINT('',(-0.0297266985274211,-0.03,0.025476799253775));
#6191=CARTESIAN_POINT('',(-0.0202662002422963,-0.00399999999999991,0.0301846870051569));
#6192=CARTESIAN_POINT('',(-0.0202662002422963,-0.03,0.0301846870051569));
#6193=CARTESIAN_POINT('',(-0.0314332162772754,-0.00399999999999991,0.036049778338938));
#6194=CARTESIAN_POINT('',(-0.0321044669608164,-0.027,0.0379337694535258));
#6195=CARTESIAN_POINT('',(-0.0321044669608164,-0.03,0.0379337694535258));
#6196=CARTESIAN_POINT('',(-0.0314332162772754,-0.03,0.036049778338938));
#6197=CARTESIAN_POINT('',(-0.0311934139472008,-0.00399999999999991,0.0361533250128364));
#6198=CARTESIAN_POINT('',(-0.0311934139472008,-0.03,0.0361533250128364));
#6199=CARTESIAN_POINT('',(-0.0325391564652913,-0.00399999999999991,0.0493534588997786));
#6200=CARTESIAN_POINT('',(-0.0327725014182601,-0.027,0.0473671180093663));
#6201=CARTESIAN_POINT('',(-0.0327725014182601,-0.03,0.0473671180093663));
#6202=CARTESIAN_POINT('',(-0.0325391564652913,-0.03,0.0493534588997786));
#6203=CARTESIAN_POINT('',(-0.0319684469906823,-0.00399999999999991,0.0491983734468988));
#6204=CARTESIAN_POINT('',(-0.0319684469906823,-0.03,0.0491983734468988));
#6205=CARTESIAN_POINT('',(-0.0236104997759268,-0.00399999999999991,0.0561339565715581));
#6206=CARTESIAN_POINT('',(-0.0236104997759268,-0.03,0.0561339565715581));
#6207=CARTESIAN_POINT('',(-0.0317251934023543,-0.00399999999999991,0.0628334083637134));
#6208=CARTESIAN_POINT('',(-0.0317251934023543,-0.03,0.0628334083637134));
#6209=CARTESIAN_POINT('',(0.0319684469906823,-0.00399999999999991,0.0491983734468988));
#6210=CARTESIAN_POINT('',(0.0327725014182601,-0.027,0.0473671180093662));
#6211=CARTESIAN_POINT('',(0.0327725014182601,-0.03,0.0473671180093662));
#6212=CARTESIAN_POINT('',(0.0319684469906823,-0.03,0.0491983734468988));
#6213=CARTESIAN_POINT('',(0.0325391564652913,-0.00399999999999991,0.0493534588997786));
#6214=CARTESIAN_POINT('',(0.0325391564652913,-0.03,0.0493534588997786));
#6215=CARTESIAN_POINT('',(0.0317251934023543,-0.00399999999999991,0.0628334083637134));
#6216=CARTESIAN_POINT('',(0.0317251934023543,-0.03,0.0628334083637134));
#6217=CARTESIAN_POINT('',(0.0236104997759268,-0.00399999999999991,0.0561339565715581));
#6218=CARTESIAN_POINT('',(0.0236104997759268,-0.03,0.0561339565715581));
#6219=CARTESIAN_POINT('',(-0.00923527422911366,-0.00399999999999991,0.0345568957996644));
#6220=CARTESIAN_POINT('',(-0.00923527422911366,-0.03,0.0345568957996644));
#6221=CARTESIAN_POINT('',(-0.00822593712692481,-0.00399999999999991,0.0345388888878055));
#6222=CARTESIAN_POINT('',(-0.00822593712692481,-0.03,0.0345388888878055));
#6223=CARTESIAN_POINT('',(-0.0175616849303448,-0.00399999999999991,0.0494264690415915));
#6224=CARTESIAN_POINT('',(-0.0175616849303448,-0.03,0.0494264690415915));
#6225=CARTESIAN_POINT('',(0.0175616849303448,-0.00399999999999991,0.0494264690415915));
#6226=CARTESIAN_POINT('',(0.0175616849303448,-0.03,0.0494264690415915));
#6227=CARTESIAN_POINT('',(0.00923527422911359,-0.00399999999999991,0.0345568957996644));
#6228=CARTESIAN_POINT('',(0.00923527422911359,-0.03,0.0345568957996644));
#6229=CARTESIAN_POINT('',(0.00822593712692474,-0.00399999999999991,0.0345388888878055));
#6230=CARTESIAN_POINT('',(0.00822593712692474,-0.03,0.0345388888878055));
#6231=CARTESIAN_POINT('',(-2.42861286636753E-17,-0.00399999999999991,0.0383617311460767));
#6232=CARTESIAN_POINT('',(-2.42861286636753E-17,-0.03,0.0383617311460767));
#6233=CARTESIAN_POINT('',(0.00823039209725156,-0.00399999999999991,0.0514866167604923));
#6234=CARTESIAN_POINT('',(0.00823039209725156,-0.03,0.0514866167604923));
#6235=CARTESIAN_POINT('',(-0.00823039209725161,-0.00399999999999991,0.0514866167604923));
#6236=CARTESIAN_POINT('',(-0.00823039209725161,-0.03,0.0514866167604923));
#6237=CARTESIAN_POINT('',(0.0314936010616309,-0.00399999999999991,0.0758147981715107));
#6238=CARTESIAN_POINT('',(0.0314936010616309,-0.03,0.0758147981715107));
#6239=CARTESIAN_POINT('',(0.0312199523192702,-0.00399999999999991,0.0911535653513784));
#6240=CARTESIAN_POINT('',(0.0312199523192702,-0.03,0.0911535653513784));
#6241=CARTESIAN_POINT('',(0.0278154289833062,-0.00399999999999991,0.0933057825931768));
#6242=CARTESIAN_POINT('',(0.0278154289833062,-0.03,0.0933057825931768));
#6243=CARTESIAN_POINT('',(0.0247460670816679,-0.00399999999999991,0.0687423878756139));
#6244=CARTESIAN_POINT('',(0.0247460670816679,-0.03,0.0687423878756139));
#6245=CARTESIAN_POINT('',(0.0175077326844649,-0.00399999999999991,0.0627664540225314));
#6246=CARTESIAN_POINT('',(0.0175077326844649,-0.03,0.0627664540225314));
#6247=CARTESIAN_POINT('',(0.0106332780850816,-0.00399999999999991,0.0740712438153173));
#6248=CARTESIAN_POINT('',(0.0106332780850816,-0.03,0.0740712438153173));
#6249=CARTESIAN_POINT('',(0.00836069355382414,-0.00399999999999991,0.0604866167604923));
#6250=CARTESIAN_POINT('',(0.00836069355382414,-0.03,0.0604866167604923));
#6251=CARTESIAN_POINT('',(-0.00836069355382419,-0.00399999999999991,0.0604866167604923));
#6252=CARTESIAN_POINT('',(-0.00836069355382419,-0.03,0.0604866167604923));
#6253=CARTESIAN_POINT('',(-0.017507732684465,-0.00399999999999991,0.0627664540225314));
#6254=CARTESIAN_POINT('',(-0.017507732684465,-0.03,0.0627664540225314));
#6255=CARTESIAN_POINT('',(-0.024746067081668,-0.00399999999999991,0.0687423878756139));
#6256=CARTESIAN_POINT('',(-0.024746067081668,-0.03,0.0687423878756139));
#6257=CARTESIAN_POINT('',(-0.0106332780850816,-0.00399999999999991,0.0740712438153173));
#6258=CARTESIAN_POINT('',(-0.0106332780850816,-0.03,0.0740712438153173));
#6259=CARTESIAN_POINT('',(-0.0314936010616309,-0.00399999999999991,0.0758147981715107));
#6260=CARTESIAN_POINT('',(-0.0314936010616309,-0.03,0.0758147981715107));
#6261=CARTESIAN_POINT('',(-0.0278154289833061,-0.00399999999999991,0.0933057825931768));
#6262=CARTESIAN_POINT('',(-0.0278154289833061,-0.03,0.0933057825931768));
#6263=CARTESIAN_POINT('',(-0.0312199523192702,-0.00399999999999991,0.0911535653513784));
#6264=CARTESIAN_POINT('',(-0.0312199523192702,-0.03,0.0911535653513784));
#6265=CARTESIAN_POINT('',(-0.0257324892136183,-0.00399999999999991,0.0432214909192616));
#6266=CARTESIAN_POINT('',(-0.0257324892136183,-0.03,0.0432214909192616));
#6267=CARTESIAN_POINT('',(0.0257324892136182,-0.00399999999999991,0.0432214909192616));
#6268=CARTESIAN_POINT('',(0.0257324892136182,-0.03,0.0432214909192616));
#6269=CARTESIAN_POINT('',(-2.25514051876985E-17,-0.00399999999999991,0.0742354722924439));
#6270=CARTESIAN_POINT('',(-2.25514051876985E-17,-0.03,0.0742354722924439));
#6271=CARTESIAN_POINT('',(0.00843307850881708,-0.00399999999999991,0.0845222338603708));
#6272=CARTESIAN_POINT('',(0.00843307850881708,-0.03,0.0845222338603708));
#6273=CARTESIAN_POINT('',(-0.00843307850881713,-0.00399999999999991,0.0845222338603708));
#6274=CARTESIAN_POINT('',(-0.00843307850881713,-0.03,0.0845222338603708));
#6275=CARTESIAN_POINT('',(-0.0241939801443036,-0.025,-0.0155104123407018));
#6276=CARTESIAN_POINT('',(-0.0241939801443036,-0.03,-0.0155104123407018));
#6277=CARTESIAN_POINT('',(0.0241939801443037,-0.025,-0.0155104123407018));
#6278=CARTESIAN_POINT('',(0.0241939801443037,-0.03,-0.0155104123407018));
#6279=CARTESIAN_POINT('',(0.,-0.026,8.87868929381831E-19));
#6280=CARTESIAN_POINT('',(0.,-0.026,8.87868929381831E-19));
#6281=CARTESIAN_POINT('',(0.,-0.026,0.0075));
#6282=CARTESIAN_POINT('',(2.08166817117217E-17,-0.026,0.0300849169458999));
#6283=CARTESIAN_POINT('',(0.,-0.03,-0.00252934495637869));
#6284=CARTESIAN_POINT('',(-2.77555756156289E-17,-0.03,0.0993647467154233));
#6285=CARTESIAN_POINT('',(2.08166817117217E-17,0.00700000000000009,0.0300849169458999));
#6286=CARTESIAN_POINT('',(-2.77555756156289E-17,-0.029,0.0993647467154233));
#6287=CARTESIAN_POINT('',(2.08166817117217E-17,0.00700000000000009,0.0300849169458999));
#6288=CARTESIAN_POINT('',(-3.97751989393569E-7,0.00700000000000009,0.0300849169458999));
#6289=MECHANICAL_DESIGN_GEOMETRIC_PRESENTATION_REPRESENTATION('',(#3687),
#6290);
#6290=(
GEOMETRIC_REPRESENTATION_CONTEXT(3)
GLOBAL_UNCERTAINTY_ASSIGNED_CONTEXT((#6291))
GLOBAL_UNIT_ASSIGNED_CONTEXT((#6294,#6293,#6292))
REPRESENTATION_CONTEXT('btrshftr Mount Plate 1',
'TOP_LEVEL_ASSEMBLY_PART')
);
#6291=UNCERTAINTY_MEASURE_WITH_UNIT(LENGTH_MEASURE(1.E-8),#6294,
'DISTANCE_ACCURACY_VALUE','Maximum Tolerance applied to model');
#6292=(
NAMED_UNIT(*)
SI_UNIT($,.STERADIAN.)
SOLID_ANGLE_UNIT()
);
#6293=(
NAMED_UNIT(*)
PLANE_ANGLE_UNIT()
SI_UNIT($,.RADIAN.)
);
#6294=(
LENGTH_UNIT()
NAMED_UNIT(*)
SI_UNIT($,.METRE.)
);
#6295=PRODUCT_DEFINITION_SHAPE('','',#6296);
#6296=PRODUCT_DEFINITION('','',#6298,#6297);
#6297=PRODUCT_DEFINITION_CONTEXT('',#6304,'design');
#6298=PRODUCT_DEFINITION_FORMATION_WITH_SPECIFIED_SOURCE('','',#6300,
 .NOT_KNOWN.);
#6299=PRODUCT_RELATED_PRODUCT_CATEGORY('','',(#6300));
#6300=PRODUCT('btrshftr Mount Plate 1','btrshftr Mount Plate 1',
'btrshftr Mount Plate 1',(#6302));
#6301=PRODUCT_CATEGORY('','');
#6302=PRODUCT_CONTEXT('',#6304,'mechanical');
#6303=APPLICATION_PROTOCOL_DEFINITION('international standard',
'ap242_managed_model_based_3d_engineering',2020,#6304);
#6304=APPLICATION_CONTEXT('managed model based 3d engineering');
ENDSEC;
END-ISO-10303-21;
